 &FCI NORB=  19,NELEC=20,MS2=0,
  ORBSYM=1,1,1,1,1,1,1,1,1,1,1,1,1,1,1,1,1,1,1,
  ISYM=1,
 &END
 3.502647833816188    1    1    1    1
 -0.06158938562203915    2    1    1    1
 0.0024489938818688    2    1    2    1
 0.3515718860993491    2    2    1    1
 0.0008813234885174283    2    2    2    1
 0.371044604598316    2    2    2    2
 -0.1831173076699482    3    1    1    1
 0.005066953551894461    3    1    2    1
 -0.0003133446443617562    3    1    2    2
 0.01507653899957279    3    1    3    1
 0.06546063545140436    3    2    1    1
 0.001547444028071816    3    2    2    1
 0.03400844923133949    3    2    2    2
 -0.0006661266851553922    3    2    3    1
 0.1008432705409753    3    2    3    2
 0.4770165498726409    3    3    1    1
 -0.001036579737511476    3    3    2    1
 0.3299233942568012    3    3    2    2
 -0.001803525040282991    3    3    3    1
 -0.02878816155819828    3    3    3    2
 0.4016051714539614    3    3    3    3
 -0.2221110581080932    4    1    1    1
 0.006089661937615725    4    1    2    1
 -0.001006707483713465    4    1    2    2
 0.01792405612502814    4    1    3    1
 -0.0009046279033666577    4    1    3    2
 -0.003878817063619346    4    1    3    3
 0.02266597434447987    4    1    4    1
 0.06361916834343555    4    2    1    1
 0.0003132957247621275    4    2    2    1
 -0.01662937731999902    4    2    2    2
 -0.0009686601320106207    4    2    3    1
 -0.03681723202359177    4    2    3    2
 0.03510015724186132    4    2    3    3
 -0.0009457086803239412    4    2    4    1
 0.05057936829239272    4    2    4    2
 0.1922512372000453    4    3    1    1
 -0.0008332074583195211    4    3    2    1
 0.003079174298527972    4    3    2    2
 -0.002873134147364547    4    3    3    1
 0.03157630621567964    4    3    3    2
 0.01634315781256035    4    3    3    3
 -0.002727902986255303    4    3    4    1
 0.00782133731181154    4    3    4    2
 0.06859723531220388    4    3    4    3
 0.5233785456330972    4    4    1    1
 -0.00121107680465873    4    4    2    1
 0.3177412169702992    4    4    2    2
 -0.004149188034568116    4    4    3    1
 0.02332022280068076    4    4    3    2
 0.3418607284170244    4    4    3    3
 -0.003074875221981368    4    4    4    1
 0.0115611308194555    4    4    4    2
 0.04410176854107718    4    4    4    3
 0.3763299240318745    4    4    4    4
 -0.04785579867947039    5    1    1    1
 0.001563410342190991    5    1    2    1
 0.001000011516377932    5    1    2    2
 0.004549250368291876    5    1    3    1
 0.000232724648084459    5    1    3    2
 0.001809289593666821    5    1    3    3
 0.003584183575446933    5    1    4    1
 -0.0004410468534904249    5    1    4    2
 -0.001741039857902308    5    1    4    3
 -0.003552874116313823    5    1    4    4
 0.003852997204891133    5    1    5    1
 0.02161903644371496    5    2    1    1
 -0.0002253299002830008    5    2    2    1
 -0.01412177889964045    5    2    2    2
 1.265164901772287e-05    5    2    3    1
 -0.05025002364296054    5    2    3    2
 0.03668282234184521    5    2    3    3
 -0.0008888965738578831    5    2    4    1
 0.03536736380072541    5    2    4    2
 -0.00514663387206425    5    2    4    3
 -0.005700670936390115    5    2    4    4
 0.001204503470755223    5    2    5    1
 0.07458511641216826    5    2    5    2
 0.07859588680503857    5    3    1    1
 7.735929680628499e-06    5    3    2    1
 0.001866865524720393    5    3    2    2
 3.468573576400887e-05    5    3    3    1
 0.01609709424621981    5    3    3    2
 0.04142148050437231    5    3    3    3
 -0.002433326798046772    5    3    4    1
 0.003654153532880469    5    3    4    2
 0.00479566839127188    5    3    4    3
 0.0162957121080227    5    3    4    4
 0.003320093175598063    5    3    5    1
 0.01195558526791232    5    3    5    2
 0.05483508885617658    5    3    5    3
 -0.01755701516492665    5    4    1    1
 0.0003443344632944597    5    4    2    1
 0.02988538120720094    5    4    2    2
 0.0003141090515155883    5    4    3    1
 0.01109246052333519    5    4    3    2
 -0.001369954892594546    5    4    3    3
 -0.001703756778553276    5    4    4    1
 -0.01657207320197885    5    4    4    2
 -0.01213493595434923    5    4    4    3
 -0.02137623191902146    5    4    4    4
 0.002895262940697362    5    4    5    1
 -0.0144472914734631    5    4    5    2
 -0.003895782333975865    5    4    5    3
 0.03769915121690388    5    4    5    4
 0.4119170452310228    5    5    1    1
 9.444232937895544e-05    5    5    2    1
 0.3458968024610097    5    5    2    2
 -0.0006156363348481933    5    5    3    1
 0.02864682166718035    5    5    3    2
 0.34112246563265    5    5    3    3
 -0.001954257708740264    5    5    4    1
 -0.005948213978023838    5    5    4    2
 0.01894378926231328    5    5    4    3
 0.3286609968722675    5    5    4    4
 0.001624937148608731    5    5    5    1
 -0.02218869294992579    5    5    5    2
 0.01871416787023933    5    5    5    3
 0.02049620922157576    5    5    5    4
 0.3627309975670674    5    5    5    5
 0.002684599679538011    6    1    1    1
 -0.001102788742694117    6    1    2    1
 -0.001169958419615081    6    1    2    2
 -0.0001054889479751522    6    1    3    1
 -0.002410274327698583    6    1    3    2
 0.001090284572545412    6    1    3    3
 -0.0005804647222719134    6    1    4    1
 -0.0008818426101096913    6    1    4    2
 -0.0003757659506893036    6    1    4    3
 -0.0006888162054005933    6    1    4    4
 0.0004096109840375481    6    1    5    1
 0.0005886726124222163    6    1    5    2
 0.0006635276616772214    6    1    5    3
 0.0002015682614723012    6    1    5    4
 -6.588354302215807e-05    6    1    5    5
 0.001627222096964823    6    1    6    1
 -0.05899819281770876    6    2    1    1
 5.549277377062676e-06    6    2    2    1
 -0.00149041976095002    6    2    2    2
 0.0004720336487288227    6    2    3    1
 0.01853895887203877    6    2    3    2
 -0.01823017943685629    6    2    3    3
 6.946910648100157e-05    6    2    4    1
 -0.02620142078294528    6    2    4    2
 -0.02986113275615743    6    2    4    3
 -0.005353805324087488    6    2    4    4
 0.0007678034582580167    6    2    5    1
 0.00184563563694679    6    2    5    2
 0.02019490628676979    6    2    5    3
 -0.001741530153812608    6    2    5    4
 -0.01510111958538654    6    2    5    5
 0.0003298873841113376    6    2    6    1
 0.05586033858162479    6    2    6    2
 0.01123152741842156    6    3    1    1
 -0.001131155726741754    6    3    2    1
 0.01019636751314164    6    3    2    2
 0.0001093553540102241    6    3    3    1
 -0.002101385181882552    6    3    3    2
 -0.001631427617397865    6    3    3    3
 -0.0003089779108105277    6    3    4    1
 -0.0205871144063201    6    3    4    2
 0.01613834287094707    6    3    4    3
 -0.006488331934575053    6    3    4    4
 0.0004140724640476984    6    3    5    1
 0.01432880933258397    6    3    5    2
 -0.007793577272604857    6    3    5    3
 0.007916579636400812    6    3    5    4
 -0.000908967968982506    6    3    5    5
 0.001652051613930281    6    3    6    1
 0.001236931624462246    6    3    6    2
 0.04580343362602522    6    3    6    3
 -0.0173716323486766    6    4    1    1
 -0.001479045808150293    6    4    2    1
 -0.02965329688953834    6    4    2    2
 0.0002767209568863249    6    4    3    1
 -0.060341633475155    6    4    3    2
 0.03190836265368964    6    4    3    3
 -0.0002719634275981612    6    4    4    1
 0.03237240977129261    6    4    4    2
 -0.02318923453454128    6    4    4    3
 -0.006621370983860045    6    4    4    4
 0.0006444659557145892    6    4    5    1
 0.01654068079768101    6    4    5    2
 0.008269844899686463    6    4    5    3
 -0.009554934601017709    6    4    5    4
 -0.004879770064671804    6    4    5    5
 0.002358347347167788    6    4    6    1
 -0.01697882462255485    6    4    6    2
 -0.02650659912138841    6    4    6    3
 0.07282268846641086    6    4    6    4
 0.02599094257486372    6    5    1    1
 0.000251971543890038    6    5    2    1
 0.01908103484973139    6    5    2    2
 -0.000131699152315721    6    5    3    1
 0.04668457671776722    6    5    3    2
 -0.018739461227387    6    5    3    3
 -8.505394515852013e-05    6    5    4    1
 -0.0219835048718653    6    5    4    2
 0.0199584785290688    6    5    4    3
 0.007487516049526612    6    5    4    4
 -0.0001213562734154813    6    5    5    1
 -0.02814443023110984    6    5    5    2
 -0.002130985852472823    6    5    5    3
 0.009448780488995653    6    5    5    4
 0.0162351378697405    6    5    5    5
 -0.0004955190165176599    6    5    6    1
 0.004558418258164053    6    5    6    2
 0.01083385151161813    6    5    6    3
 -0.03651243281267865    6    5    6    4
 0.03535627807291893    6    5    6    5
 0.3458142135184177    6    6    1    1
 1.524702090848046e-06    6    6    2    1
 0.3340004315771237    6    6    2    2
 -0.0002626604852927069    6    6    3    1
 0.007003315110125803    6    6    3    2
 0.3481722866206833    6    6    3    3
 -0.001100582443092765    6    6    4    1
 -0.005908593979546448    6    6    4    2
 -0.02050858466870479    6    6    4    3
 0.3272066254315695    6    6    4    4
 0.001074115690144441    6    6    5    1
 0.01094057514614099    6    6    5    2
 0.03719879255680011    6    6    5    3
 -0.004138064801950695    6    6    5    4
 0.3181874767132186    6    6    5    5
 0.00010854002459582    6    6    6    1
 0.03161801608653619    6    6    6    2
 -0.007750582174282081    6    6    6    3
 0.004432972076908028    6    6    6    4
 -0.006854863979059744    6    6    6    5
 0.3877414461768394    6    6    6    6
 4.811840339635262e-07    7    1    1    1
 1.67517165948956e-07    7    1    2    1
 2.550813323517702e-07    7    1    2    2
 -2.17874832166896e-08    7    1    3    1
 4.188004044474032e-07    7    1    3    2
 -2.688169547108682e-08    7    1    3    3
 -5.612950671434648e-08    7    1    4    1
 1.403292867224534e-07    7    1    4    2
 2.618755085005562e-08    7    1    4    3
 5.124397427503252e-09    7    1    4    4
 5.755531778408133e-08    7    1    5    1
 -2.585432934771998e-08    7    1    5    2
 7.577344233431794e-08    7    1    5    3
 1.209393660825566e-07    7    1    5    4
 1.149906338759887e-07    7    1    5    5
 -1.870818201056279e-07    7    1    6    1
 -1.831003239206945e-08    7    1    6    2
 -1.804806769596783e-07    7    1    6    3
 -2.978507238614025e-07    7    1    6    4
 8.282583699830315e-08    7    1    6    5
 7.112623060940476e-08    7    1    6    6
 0.0008244911240117577    7    1    7    1
 1.011006070451768e-05    7    2    1    1
 3.834455239524048e-08    7    2    2    1
 8.192863237056342e-07    7    2    2    2
 -4.731049623735591e-08    7    2    3    1
 4.72407408511781e-07    7    2    3    2
 3.244849643284421e-06    7    2    3    3
 -6.369427510272086e-08    7    2    4    1
 2.422967213381541e-06    7    2    4    2
 3.693570594250579e-06    7    2    4    3
 2.162675083386524e-06    7    2    4    4
 5.118027921725582e-09    7    2    5    1
 3.735587446870466e-08    7    2    5    2
 1.053321595786493e-06    7    2    5    3
 -7.195669962022827e-07    7    2    5    4
 1.523750435995589e-06    7    2    5    5
 -6.929567579215315e-08    7    2    6    1
 -7.8817332201611e-07    7    2    6    2
 -3.517410361141206e-06    7    2    6    3
 1.868486527484165e-06    7    2    6    4
 1.762085155007772e-06    7    2    6    5
 -2.088264721934325e-06    7    2    6    6
 2.311016772323808e-05    7    2    7    1
 0.04687483362324617    7    2    7    2
 -5.852606968164861e-07    7    3    1    1
 2.033316565611261e-07    7    3    2    1
 8.19312929978757e-07    7    3    2    2
 1.740090003423722e-08    7    3    3    1
 1.566259073499209e-06    7    3    3    2
 -7.464660474309179e-08    7    3    3    3
 4.895184821790505e-09    7    3    4    1
 1.764898375765964e-06    7    3    4    2
 -7.807333988869036e-07    7    3    4    3
 2.260432017928583e-08    7    3    4    4
 5.296410106843511e-08    7    3    5    1
 2.791304418994039e-07    7    3    5    2
 -2.673816581793326e-07    7    3    5    3
 5.58205792696898e-07    7    3    5    4
 7.927327831789734e-07    7    3    5    5
 -1.919791974274698e-07    7    3    6    1
 -3.324354117255469e-06    7    3    6    2
 1.192241189635356e-06    7    3    6    3
 -1.013719484048369e-06    7    3    6    4
 -1.498638723223878e-06    7    3    6    5
 1.643074354046507e-06    7    3    6    6
 0.001104418099796666    7    3    7    1
 -0.04941344593163458    7    3    7    2
 0.06439707626600602    7    3    7    3
 -9.058254984937587e-07    7    4    1    1
 2.400503922516926e-07    7    4    2    1
 3.712022726065215e-06    7    4    2    2
 3.846649972435534e-08    7    4    3    1
 6.114389766252386e-06    7    4    3    2
 -2.169440139454909e-06    7    4    3    3
 -1.015985359891157e-08    7    4    4    1
 -2.94540959997513e-06    7    4    4    2
 3.525213524625445e-07    7    4    4    3
 -2.066937044524969e-07    7    4    4    4
 1.164289125474506e-07    7    4    5    1
 -2.595238125658345e-06    7    4    5    2
 6.104900891716592e-07    7    4    5    3
 1.912887506441986e-06    7    4    5    4
 1.264327326810257e-06    7    4    5    5
 -2.508381607909663e-07    7    4    6    1
 3.118696399974736e-06    7    4    6    2
 -4.952811717864189e-07    7    4    6    3
 -4.726649571737849e-06    7    4    6    4
 3.391273056857159e-06    7    4    6    5
 1.285426393933847e-06    7    4    6    6
 0.0007603706957824547    7    4    7    1
 0.01836440643947381    7    4    7    2
 -0.0173330608643017    7    4    7    3
 0.01286325025475057    7    4    7    4
 2.253730714876683e-06    7    5    1    1
 4.161172743895874e-08    7    5    2    1
 1.865192505473058e-07    7    5    2    2
 -2.242060708588786e-08    7    5    3    1
 1.835099139770841e-06    7    5    3    2
 -6.071132335220944e-07    7    5    3    3
 -6.483963757535046e-09    7    5    4    1
 -6.002293911560107e-07    7    5    4    2
 9.397532659614437e-07    7    5    4    3
 1.133820723010928e-06    7    5    4    4
 -2.204799321852029e-08    7    5    5    1
 -1.160094208293113e-06    7    5    5    2
 5.04077667541857e-07    7    5    5    3
 -2.000600792414589e-07    7    5    5    4
 3.182776035448462e-07    7    5    5    5
 -5.553560809020563e-08    7    5    6    1
 1.699918734957792e-06    7    5    6    2
 -1.738684792741843e-06    7    5    6    3
 1.565700064195528e-07    7    5    6    4
 1.502453643172919e-06    7    5    6    5
 -1.334447195907234e-06    7    5    6    6
 0.0001816252709776768    7    5    7    1
 0.02472123959369319    7    5    7    2
 -0.02145352584123907    7    5    7    3
 0.009404020162370333    7    5    7    4
 0.02003316180811124    7    5    7    5
 -7.066964355604068e-06    7    6    1    1
 -6.045632450607722e-08    7    6    2    1
 -2.961158446992984e-06    7    6    2    2
 5.172726786632756e-08    7    6    3    1
 -8.88179430249971e-06    7    6    3    2
 1.76887147453042e-06    7    6    3    3
 5.648750127711424e-08    7    6    4    1
 4.266669034819806e-06    7    6    4    2
 -2.252941751768718e-06    7    6    4    3
 -3.963985198864248e-06    7    6    4    4
 1.430452614240923e-08    7    6    5    1
 4.618245575831011e-06    7    6    5    2
 -2.569091466719806e-06    7    6    5    3
 2.311509162367699e-07    7    6    5    4
 -1.962244789700895e-06    7    6    5    5
 1.229999566800473e-07    7    6    6    1
 -4.23043150688444e-06    7    6    6    2
 8.771061511770226e-07    7    6    6    3
 4.833792519648443e-06    7    6    6    4
 -4.401110396324154e-06    7    6    6    5
 -3.502967844266815e-06    7    6    6    6
 0.0001347008567076326    7    6    7    1
 -0.01198421387615725    7    6    7    2
 0.01145554104664297    7    6    7    3
 -0.0001279806528747587    7    6    7    4
 -0.009302287726624085    7    6    7    5
 0.01053458594928181    7    6    7    6
 0.3142472778196701    7    7    1    1
 -0.001078959488956223    7    7    2    1
 0.3018613812901411    7    7    2    2
 -7.798327040041965e-05    7    7    3    1
 -0.1135188824497124    7    7    3    2
 0.3833600264182584    7    7    3    3
 -0.0008942521270831112    7    7    4    1
 0.05760940713142054    7    7    4    2
 -0.02678148462516235    7    7    4    3
 0.2842530798447709    7    7    4    4
 0.001023675812548196    7    7    5    1
 0.07617249180105536    7    7    5    2
 -0.003312930159115203    7    7    5    3
 0.002932761996371017    7    7    5    4
 0.2934330368705676    7    7    5    5
 0.001744859180181484    7    7    6    1
 -0.03314584624807835    7    7    6    2
 0.007681461514748371    7    7    6    3
 0.05936309526485138    7    7    6    4
 -0.05157334623415614    7    7    6    5
 0.3076922181293485    7    7    6    6
 -2.482610388420162e-07    7    7    7    1
 1.262679581456908e-06    7    7    7    2
 -5.839511299442567e-07    7    7    7    3
 -6.325842172834923e-06    7    7    7    4
 -3.116175143039154e-06    7    7    7    5
 1.21202594848364e-05    7    7    7    6
 0.4990054471879629    7    7    7    7
 -0.01491543222978463    8    1    1    1
 -0.001740260543769774    8    1    2    1
 -0.003252872402761234    8    1    2    2
 0.0008830256000491835    8    1    3    1
 -0.004975817491259555    8    1    3    2
 -0.0003928029439770445    8    1    3    3
 0.002000440375761713    8    1    4    1
 -0.001582744912926691    8    1    4    2
 -1.469102298318781e-05    8    1    4    3
 0.0007061584309078662    8    1    4    4
 -0.0013573792885696    8    1    5    1
 -7.867946413409614e-05    8    1    5    2
 -0.002029063120729424    8    1    5    3
 -0.0023560490465706    8    1    5    4
 -0.001864865064437874    8    1    5    5
 0.002608281195226298    8    1    6    1
 3.497495918239139e-05    8    1    6    2
 0.002800116189114624    8    1    6    3
 0.003766351287283693    8    1    6    4
 -0.0007794932796015125    8    1    6    5
 -0.0009794998637118382    8    1    6    6
 -4.67505770190348e-07    8    1    7    1
 -1.577739700622516e-07    8    1    7    2
 -4.77981958107756e-07    8    1    7    3
 -6.118694483334864e-07    8    1    7    4
 -1.090491457892979e-07    8    1    7    5
 2.319820196581873e-07    8    1    7    6
 0.002268998298254149    8    1    7    7
 0.006566365885459442    8    1    8    1
 -0.1163485088894239    8    2    1    1
 -0.0008539815851714036    8    2    2    1
 -0.01601025641111202    8    2    2    2
 0.000349479726337038    8    2    3    1
 -0.04157600343267787    8    2    3    2
 -0.03167736094398763    8    2    3    3
 0.001000719112045302    8    2    4    1
 -0.009112271632314652    8    2    4    2
 -0.03501877019878489    8    2    4    3
 -0.03498427433195608    8    2    4    4
 -0.0008328827945697351    8    2    5    1
 0.003653199654154356    8    2    5    2
 -0.03330823981053298    8    2    5    3
 0.008751225034169301    8    2    5    4
 -0.02276437926701153    8    2    5    5
 0.001162314775916274    8    2    6    1
 0.004746429474957961    8    2    6    2
 0.009689693683564355    8    2    6    3
 0.01040207787728191    8    2    6    4
 -0.01357743035343896    8    2    6    5
 -0.02224627608958487    8    2    6    6
 -2.440411026439146e-07    8    2    7    1
 -5.769011264380368e-07    8    2    7    2
 -3.756122613112331e-06    8    2    7    3
 -5.496355480333738e-07    8    2    7    4
 3.647277065271392e-07    8    2    7    5
 3.438812787553574e-06    8    2    7    6
 0.02613441335686277    8    2    7    7
 0.003208569094861963    8    2    8    1
 0.05176429217472905    8    2    8    2
 0.00386643021375681    8    3    1    1
 -0.002433165609940934    8    3    2    1
 -0.02955458971447114    8    3    2    2
 -0.0003477466007481256    8    3    3    1
 -0.02416629594366276    8    3    3    2
 0.00759702044754606    8    3    3    3
 0.0001879581824890318    8    3    4    1
 -0.007724862926475878    8    3    4    2
 -0.003779411706489322    8    3    4    3
 0.01029597464309871    8    3    4    4
 -0.001306462576717463    8    3    5    1
 -0.01219765317957144    8    3    5    2
 0.01161929018708305    8    3    5    3
 -0.01804336211997287    8    3    5    4
 -0.006043366978126583    8    3    5    5
 0.002979383068397263    8    3    6    1
 0.007111806997225162    8    3    6    2
 -0.00164659509318052    8    3    6    3
 0.03014054488741338    8    3    6    4
 -0.01150638508290968    8    3    6    5
 0.008729838871790747    8    3    6    6
 -4.842632218813901e-07    8    3    7    1
 -3.425554031521868e-06    8    3    7    2
 6.746917668021438e-07    8    3    7    3
 -4.049238811510013e-06    8    3    7    4
 -1.329671101134926e-06    8    3    7    5
 6.234043243360231e-07    8    3    7    6
 0.002079211400668122    8    3    7    7
 0.006714295187201211    8    3    8    1
 0.008217076659344749    8    3    8    2
 0.05416529241222713    8    3    8    3
 0.03905434914206702    8    4    1    1
 -0.002721994780128298    8    4    2    1
 -0.03079517417053524    8    4    2    2
 -0.0009731067784552049    8    4    3    1
 -0.04041933189006579    8    4    3    2
 0.002616171203070675    8    4    3    3
 0.0004698233398148711    8    4    4    1
 0.01442873064244665    8    4    4    2
 0.02233739293760022    8    4    4    3
 0.01200602889933445    8    4    4    4
 -0.002841137091533604    8    4    5    1
 0.02208044991743437    8    4    5    2
 -0.01974170827991085    8    4    5    3
 -0.02294799383691133    8    4    5    4
 -0.01670732793473757    8    4    5    5
 0.002824677059762844    8    4    6    1
 -0.0185113081632801    8    4    6    2
 0.02099376795417317    8    4    6    3
 0.0164066101478136    8    4    6    4
 -0.007371335598710116    8    4    6    5
 -0.03141657458543515    8    4    6    6
 -5.52905859827841e-07    8    4    7    1
 1.454662413973916e-06    8    4    7    2
 -3.45048848913839e-06    8    4    7    3
 -3.730233605923398e-06    8    4    7    4
 -1.018757938221961e-07    8    4    7    5
 3.673364326600163e-06    8    4    7    6
 0.03100068647871114    8    4    7    7
 0.007760242357825415    8    4    8    1
 0.01622992548509558    8    4    8    2
 0.02297611122650184    8    4    8    3
 0.06185882509920682    8    4    8    4
 -0.06409004569807968    8    5    1    1
 -0.0008620197349155909    8    5    2    1
 -0.01712332552274085    8    5    2    2
 0.0005650093912537552    8    5    3    1
 -0.06686298925057524    8    5    3    2
 0.02627187195325821    8    5    3    3
 0.0001576667395552925    8    5    4    1
 0.02536146509978728    8    5    4    2
 -0.03558964750382183    8    5    4    3
 -0.02518628681186211    8    5    4    4
 0.0006341610724068557    8    5    5    1
 0.0341446268402504    8    5    5    2
 -0.0006093862407606711    8    5    5    3
 -0.004744578724480589    8    5    5    4
 -0.01978287590469707    8    5    5    5
 0.001544075719208095    8    5    6    1
 -0.005256425788602075    8    5    6    2
 -0.00662544628643605    8    5    6    3
 0.0410054226365802    8    5    6    4
 -0.03404148779246047    8    5    6    5
 0.01415372586027288    8    5    6    6
 -2.188997024138603e-07    8    5    7    1
 4.066605060879697e-07    8    5    7    2
 -1.412271011009952e-06    8    5    7    3
 -2.869075872012287e-06    8    5    7    4
 -1.201963920297058e-06    8    5    7    5
 4.906769505274276e-06    8    5    7    6
 0.08003623592044867    8    5    7    7
 0.002519601487783959    8    5    8    1
 0.02610087540394396    8    5    8    2
 0.01666596347214926    8    5    8    3
 0.009961135561032378    8    5    8    4
 0.06420587182833798    8    5    8    5
 0.09785452044205657    8    6    1    1
 -7.930057067697e-06    8    6    2    1
 0.02193014206212326    8    6    2    2
 -0.0007554163811636229    8    6    3    1
 0.03596927246291976    8    6    3    2
 0.003397153079468124    8    6    3    3
 -0.0007968791482311985    8    6    4    1
 -0.01059631300324325    8    6    4    2
 0.03789139194233999    8    6    4    3
 0.02531934435752973    8    6    4    4
 -0.0003612161086750695    8    6    5    1
 -0.01449028153484897    8    6    5    2
 -0.001248690404442375    8    6    5    3
 0.006143804548722401    8    6    5    4
 0.01360585887698616    8    6    5    5
 -0.0004202349263701741    8    6    6    1
 -0.008397093733712783    8    6    6    2
 0.01662090253510151    8    6    6    3
 -0.03447793631682954    8    6    6    4
 0.0247284746027696    8    6    6    5
 -0.00367007428406376    8    6    6    6
 7.740218172258423e-08    8    6    7    1
 2.157244559231001e-06    8    6    7    2
 -9.501688228161355e-07    8    6    7    3
 2.70914563048849e-06    8    6    7    4
 9.963140547583976e-07    8    6    7    5
 -3.323892404154164e-06    8    6    7    6
 -0.0289232869755222    8    6    7    7
 -0.0007178135596744771    8    6    8    1
 -0.02217493526461545    8    6    8    2
 -0.01109662840085986    8    6    8    3
 0.001406607930560641    8    6    8    4
 -0.02974535538260292    8    6    8    5
 0.03907142274036512    8    6    8    6
 -1.818000435680509e-05    8    7    1    1
 -3.989701220278527e-08    8    7    2    1
 -3.607547812362287e-06    8    7    2    2
 1.370534832680746e-07    8    7    3    1
 -9.257829476087886e-06    8    7    3    2
 -2.137539260182372e-07    8    7    3    3
 1.402923604727597e-07    8    7    4    1
 2.352541712202166e-06    8    7    4    2
 -6.500868235408092e-06    8    7    4    3
 -6.044463296745575e-06    8    7    4    4
 5.932754663137589e-08    8    7    5    1
 3.887486823679988e-06    8    7    5    2
 -1.736057267675126e-06    8    7    5    3
 -1.856397515916517e-07    8    7    5    4
 -4.38908698661947e-06    8    7    5    5
 1.34697204467406e-07    8    7    6    1
 1.387091617060157e-06    8    7    6    2
 -1.736198680893809e-06    8    7    6    3
 5.828424873094857e-06    8    7    6    4
 -3.220457531819452e-06    8    7    6    5
 -2.101503137300734e-06    8    7    6    6
 0.0001048554998468015    8    7    7    1
 0.0199384496047853    8    7    7    2
 -0.01721669304879057    8    7    7    3
 0.008680924414139479    8    7    7    4
 0.01781999240024871    8    7    7    5
 -0.007352130441819455    8    7    7    6
 1.011669809317325e-05    8    7    7    7
 2.452858269266386e-07    8    7    8    1
 6.669699761216667e-06    8    7    8    2
 4.976242595966525e-07    8    7    8    3
 1.930373420769537e-06    8    7    8    4
 7.83461478316537e-06    8    7    8    5
 -4.790006202060289e-06    8    7    8    6
 0.01937535951005774    8    7    8    7
 0.5423901656640451    8    8    1    1
 -0.0003674086460144062    8    8    2    1
 0.3424893544192211    8    8    2    2
 -0.001762393552213815    8    8    3    1
 0.01421961591643948    8    8    3    2
 0.3871061037148161    8    8    3    3
 -0.00259634267597476    8    8    4    1
 0.02829764628374681    8    8    4    2
 0.05036491461556011    8    8    4    3
 0.36859702312024    8    8    4    4
 0.0003222302178729156    8    8    5    1
 0.01976107616274061    8    8    5    2
 0.03503549494092014    8    8    5    3
 -0.004639513968108964    8    8    5    4
 0.3534405662852949    8    8    5    5
 -9.788641697348453e-05    8    8    6    1
 -0.02671224645381516    8    8    6    2
 -0.0006666293730384055    8    8    6    3
 0.003743239840488507    8    8    6    4
 -0.0008517145938847559    8    8    6    5
 0.336987010608547    8    8    6    6
 9.265426844625641e-08    8    8    7    1
 6.758228999049482e-06    8    8    7    2
 -1.08899245123938e-06    8    8    7    3
 5.675930059014342e-07    8    8    7    4
 2.676136510975725e-06    8    8    7    5
 -2.668614610130239e-06    8    8    7    6
 0.3317221620134929    8    8    7    7
 -0.001244223419824558    8    8    8    1
 -0.05421208430360377    8    8    8    2
 -0.008482704010365251    8    8    8    3
 0.002173416933937953    8    8    8    4
 -0.0132918442893855    8    8    8    5
 0.02918307115845932    8    8    8    6
 -4.327663346530392e-06    8    8    8    7
 0.4181570482617853    8    8    8    8
 0.01286704221439907    9    1    1    1
 0.0001483605578769764    9    1    2    1
 -0.0002797095048578364    9    1    2    2
 -0.001791020209682858    9    1    3    1
 0.001371061509258814    9    1    3    2
 -0.003038493542043494    9    1    3    3
 0.0001934930386542399    9    1    4    1
 0.0009088424698182099    9    1    4    2
 0.001526201514935219    9    1    4    3
 0.003497768813983229    9    1    4    4
 -0.003564745122421402    9    1    5    1
 -0.001638582219535558    9    1    5    2
 -0.003952059702783621    9    1    5    3
 -0.00317692713317389    9    1    5    4
 -0.001680105675612546    9    1    5    5
 -0.001666909114319969    9    1    6    1
 -0.0009056656110150616    9    1    6    2
 -0.001624621098562315    9    1    6    3
 -0.002293402245190447    9    1    6    4
 0.0004206960454454216    9    1    6    5
 -0.001318651556816184    9    1    6    6
 1.015379218632089e-07    9    1    7    1
 3.12254939358409e-08    9    1    7    2
 1.294787217342655e-07    9    1    7    3
 8.801229846209764e-08    9    1    7    4
 7.557456649269581e-08    9    1    7    5
 -7.799290879862888e-08    9    1    7    6
 -0.002327919765376937    9    1    7    7
 -0.0002652277197567518    9    1    8    1
 0.0001475121809546884    9    1    8    2
 -0.0008675565720023081    9    1    8    3
 0.0008305417376986604    9    1    8    4
 -0.001806748069047323    9    1    8    5
 0.0004242663523166651    9    1    8    6
 -1.223007572566289e-07    9    1    8    7
 -0.0005989302243082188    9    1    8    8
 0.004749887105797389    9    1    9    1
 0.0308105532595575    9    2    1    1
 -0.0002914842292712873    9    2    2    1
 -0.004107149082763766    9    2    2    2
 -0.0001799254269603539    9    2    3    1
 -0.002396191607103302    9    2    3    2
 0.0139776699153983    9    2    3    3
 1.700167120537266e-05    9    2    4    1
 -0.002760964227087032    9    2    4    2
 0.01021406030804529    9    2    4    3
 0.01194088356616236    9    2    4    4
 -0.0004129448983622254    9    2    5    1
 0.02740857495790473    9    2    5    2
 0.01611018033914755    9    2    5    3
 -0.01682969879621189    9    2    5    4
 -0.0129394318049468    9    2    5    5
 0.0002288890825884002    9    2    6    1
 0.01746302105670942    9    2    6    2
 0.02140733515628537    9    2    6    3
 -0.01565192522731716    9    2    6    4
 -0.0020544621828018    9    2    6    5
 0.0221254416350284    9    2    6    6
 -5.794892275786222e-08    9    2    7    1
 -4.101418446738123e-07    9    2    7    2
 -1.42048224457929e-06    9    2    7    3
 2.955211787332756e-07    9    2    7    4
 -3.275467196513264e-07    9    2    7    5
 -1.218687609298259e-06    9    2    7    6
 0.007754492627110573    9    2    7    7
 0.000807240749131581    9    2    8    1
 -0.00893211370875684    9    2    8    2
 0.006656291757679931    9    2    8    3
 0.009228504869735523    9    2    8    4
 0.003357881319376269    9    2    8    5
 0.006123913645609476    9    2    8    6
 -5.567866487572425e-07    9    2    8    7
 0.01127649949861975    9    2    8    8
 0.0001915950627965899    9    2    9    1
 0.03519494378253608    9    2    9    2
 -0.05909542219960508    9    3    1    1
 0.000825807183600271    9    3    2    1
 -0.01529243340454852    9    3    2    2
 -0.0002857149966763053    9    3    3    1
 0.00504819341432333    9    3    3    2
 -0.03430480514208056    9    3    3    3
 0.00177886124927684    9    3    4    1
 0.002736367764465552    9    3    4    2
 -0.01717894573769291    9    3    4    3
 -0.0009248700657681657    9    3    4    4
 -0.002750830400640297    9    3    5    1
 0.005583306076176866    9    3    5    2
 -0.01347809219492733    9    3    5    3
 -0.01624960034794869    9    3    5    4
 -0.02811418620797207    9    3    5    5
 -0.001777464645931554    9    3    6    1
 0.02224054673452495    9    3    6    2
 -0.01501570859724254    9    3    6    3
 -0.007558542585083779    9    3    6    4
 -0.002583441827175107    9    3    6    5
 -0.0008627528628869355    9    3    6    6
 1.35960780477446e-07    9    3    7    1
 -1.709845467682058e-06    9    3    7    2
 1.30712199867109e-06    9    3    7    3
 5.176644959546332e-07    9    3    7    4
 4.683984561405584e-07    9    3    7    5
 -9.079975419842603e-07    9    3    7    6
 -0.02516882632038218    9    3    7    7
 -0.0007590913598302298    9    3    8    1
 0.009042856861818655    9    3    8    2
 -0.01034914659169944    9    3    8    3
 -0.001973951475628388    9    3    8    4
 -0.00571889881854126    9    3    8    5
 -0.01164035017296032    9    3    8    6
 8.500494596585194e-07    9    3    8    7
 -0.02732166752400731    9    3    8    8
 0.004200947959974976    9    3    9    1
 0.001529141401307818    9    3    9    2
 0.04015936318469709    9    3    9    3
 0.05923841646076777    9    4    1    1
 0.0003345759280159814    9    4    2    1
 -0.01064557551963422    9    4    2    2
 -0.001246808778086141    9    4    3    1
 0.02532152168125871    9    4    3    2
 -0.02677196332371815    9    4    3    3
 0.001669160584486965    9    4    4    1
 0.002543533691784983    9    4    4    2
 0.04531663434063732    9    4    4    3
 0.02946171697522117    9    4    4    4
 -0.004414452854516058    9    4    5    1
 -0.03053262534573267    9    4    5    2
 -0.02723587840158124    9    4    5    3
 -0.01701149670708735    9    4    5    4
 0.009299426660361971    9    4    5    5
 -0.001841680053090036    9    4    6    1
 -0.03068141501814237    9    4    6    2
 -0.001929831887902341    9    4    6    3
 -0.01790910860074493    9    4    6    4
 0.01756067535207888    9    4    6    5
 -0.04968181820600187    9    4    6    6
 6.963955079257743e-08    9    4    7    1
 1.934077911676313e-06    9    4    7    2
 3.799488871993196e-08    9    4    7    3
 -1.789245514821125e-07    9    4    7    4
 1.27731306382157e-06    9    4    7    5
 -2.87982379411756e-07    9    4    7    6
 -0.04175727028956095    9    4    7    7
 0.0005022057397600003    9    4    8    1
 -0.007083733664104914    9    4    8    2
 -0.0005254760829012464    9    4    8    3
 0.02588258662323451    9    4    8    4
 -0.0385827349206314    9    4    8    5
 0.01747187893019809    9    4    8    6
 -3.87025279889828e-06    9    4    8    7
 0.007954882747256427    9    4    8    8
 0.005850088907704558    9    4    9    1
 -0.01179759491310132    9    4    9    2
 0.006137730432821951    9    4    9    3
 0.07624658257552912    9    4    9    4
 -0.1264315341797227    9    5    1    1
 0.001099763384466547    9    5    2    1
 0.02712050037631805    9    5    2    2
 0.0009804637700047726    9    5    3    1
 0.03406032163908861    9    5    3    2
 -0.04229974172828072    9    5    3    3
 0.001239007052817411    9    5    4    1
 -0.03725143108343133    9    5    4    2
 -0.03268023184388551    9    5    4    3
 -0.0339231914293921    9    5    4    4
 0.0002983496587093742    9    5    5    1
 -0.04100438291062022    9    5    5    2
 -0.01565000838946163    9    5    5    3
 0.0291432589363695    9    5    5    4
 0.006552379634809083    9    5    5    5
 -0.001061976760133989    9    5    6    1
 0.01534469389409543    9    5    6    2
 -0.005381268728671786    9    5    6    3
 -0.0176835346332643    9    5    6    4
 0.01775340880477513    9    5    6    5
 0.008901117844223372    9    5    6    6
 1.728852695249647e-07    9    5    7    1
 -2.047051052980092e-06    9    5    7    2
 1.123782559563883e-06    9    5    7    3
 3.490565805146851e-06    9    5    7    4
 3.429492495382834e-07    9    5    7    5
 -2.900473239830673e-06    9    5    7    6
 -0.04646114469923697    9    5    7    7
 -0.002012110078820409    9    5    8    1
 0.01118029934220653    9    5    8    2
 -0.01610170309149558    9    5    8    3
 -0.04147921554851514    9    5    8    4
 -0.01625853178711622    9    5    8    5
 -0.004541398404034867    9    5    8    6
 -2.091072314278979e-07    9    5    8    7
 -0.04060371662194195    9    5    8    8
 0.0006182224541461383    9    5    9    1
 -0.02114704913277043    9    5    9    2
 0.007953662772535534    9    5    9    3
 -0.01381806485909064    9    5    9    4
 0.07172558532232499    9    5    9    5
 -0.05824939690397765    9    6    1    1
 0.001039543864827137    9    6    2    1
 0.02766205077205498    9    6    2    2
 0.0005008931466670616    9    6    3    1
 0.0624186363893712    9    6    3    2
 -0.04631742386600497    9    6    3    3
 0.0006044959366489573    9    6    4    1
 -0.04588618105515715    9    6    4    2
 -0.003025602608254654    9    6    4    3
 -0.01396520910037984    9    6    4    4
 0.0002811714070914905    9    6    5    1
 -0.02763539882787019    9    6    5    2
 -0.004760342649446872    9    6    5    3
 0.01694954995489311    9    6    5    4
 0.00473569542896458    9    6    5    5
 -0.001215609419414574    9    6    6    1
 0.03276910696400166    9    6    6    2
 0.01828274984379049    9    6    6    3
 -0.06269278117434327    9    6    6    4
 0.03756813581671798    9    6    6    5
 0.0032691597091531    9    6    6    6
 1.850662619644723e-07    9    6    7    1
 -2.160085836586487e-06    9    6    7    2
 -2.233498011072302e-07    9    6    7    3
 5.273226810844068e-06    9    6    7    4
 2.395979251964109e-07    9    6    7    5
 -5.569121054448712e-06    9    6    7    6
 -0.07214266071510524    9    6    7    7
 -0.002337451498720316    9    6    8    1
 -0.002017942697637648    9    6    8    2
 -0.02333304060160664    9    6    8    3
 -0.02687511986132148    9    6    8    4
 -0.03809848525302891    9    6    8    5
 0.01984383148220555    9    6    8    6
 -4.119223479387193e-06    9    6    8    7
 -0.02603624713135588    9    6    8    8
 0.0007185032049666181    9    6    9    1
 0.004866870424731472    9    6    9    2
 0.01248707364096982    9    6    9    3
 0.00103684744124312    9    6    9    4
 0.04438244333595744    9    6    9    5
 0.07747968898191263    9    6    9    6
 3.383102283786348e-06    9    7    1    1
 -7.943841408012171e-08    9    7    2    1
 -5.192643512301053e-07    9    7    2    2
 -8.989015783142513e-09    9    7    3    1
 -3.880095613579418e-06    9    7    3    2
 3.686324916884638e-06    9    7    3    3
 -7.907080970775355e-08    9    7    4    1
 2.260974396616679e-06    9    7    4    2
 -3.063537264488969e-07    9    7    4    3
 1.974615922484757e-07    9    7    4    4
 7.368116156251078e-08    9    7    5    1
 1.202012672462966e-06    9    7    5    2
 6.735789334116292e-07    9    7    5    3
 2.917951865863676e-07    9    7    5    4
 8.000594009958034e-07    9    7    5    5
 1.046082292612611e-07    9    7    6    1
 -2.065750350377954e-06    9    7    6    2
 -1.001219723208346e-06    9    7    6    3
 3.788965992235428e-06    9    7    6    4
 -2.124162317265295e-06    9    7    6    5
 -1.398942466060426e-07    9    7    6    6
 -0.0002418286063365065    9    7    7    1
 0.001142349671012504    9    7    7    2
 -0.004811699600522669    9    7    7    3
 -0.003137840040894348    9    7    7    4
 -0.002788989813309334    9    7    7    5
 -0.00384288961856883    9    7    7    6
 6.030919676686872e-06    9    7    7    7
 1.337096508693015e-07    9    7    8    1
 2.981864385482667e-07    9    7    8    2
 1.217793736660041e-06    9    7    8    3
 7.317211284289428e-07    9    7    8    4
 2.689125905342303e-06    9    7    8    5
 -1.499452517535624e-06    9    7    8    6
 -0.00405493034517135    9    7    8    7
 1.432581042108998e-06    9    7    8    8
 -1.74133382906083e-07    9    7    9    1
 -6.058520201592111e-07    9    7    9    2
 -1.884792973297921e-06    9    7    9    3
 -1.190495679189046e-06    9    7    9    4
 -1.816719978391562e-06    9    7    9    5
 -4.166796108966263e-06    9    7    9    6
 0.006634017254145478    9    7    9    7
 -0.005157067585147756    9    8    1    1
 0.0004203580043484164    9    8    2    1
 -0.01774118215421245    9    8    2    2
 -0.0003689052955010912    9    8    3    1
 0.01191347900551215    9    8    3    2
 -0.02423761602124891    9    8    3    3
 0.0008965293330252864    9    8    4    1
 0.002875642429373744    9    8    4    2
 0.008537388158954757    9    8    4    3
 0.01151737186065601    9    8    4    4
 -0.001736699135193364    9    8    5    1
 -0.001114061145006594    9    8    5    2
 -0.008383477687995192    9    8    5    3
 -0.02143027265893781    9    8    5    4
 -0.01653137677812339    9    8    5    5
 -0.001025525535558382    9    8    6    1
 0.004722368645129758    9    8    6    2
 -0.008811820593316149    9    8    6    3
 -0.008033389949728253    9    8    6    4
 -0.0002360337027921599    9    8    6    5
 -0.009358649682790481    9    8    6    6
 6.258826174065916e-08    9    8    7    1
 -1.116823930618672e-07    9    8    7    2
 4.392617762544583e-07    9    8    7    3
 -1.866027123147146e-07    9    8    7    4
 7.541911209310203e-07    9    8    7    5
 -1.433482535568887e-06    9    8    7    6
 -0.03071879074913956    9    8    7    7
 -0.0003604269234164931    9    8    8    1
 -0.003276824120804184    9    8    8    2
 -0.002603682335093032    9    8    8    3
 0.008365518524852735    9    8    8    4
 -0.016469096146339    9    8    8    5
 -0.001040013360539511    9    8    8    6
 -1.358439194701925e-06    9    8    8    7
 -0.009061601701106562    9    8    8    8
 0.002643794301161071    9    8    9    1
 0.002462783999655598    9    8    9    2
 0.02276858790962581    9    8    9    3
 0.02383473078169155    9    8    9    4
 -0.007457596008228772    9    8    9    5
 0.005712775565063587    9    8    9    6
 -1.523538601206926e-06    9    8    9    7
 0.02974582197833431    9    8    9    8
 0.4666025860160846    9    9    1    1
 -0.0010032494017166    9    9    2    1
 0.3238546052461488    9    9    2    2
 -0.001435653540137367    9    9    3    1
 0.02144049787079663    9    9    3    2
 0.3459812387786617    9    9    3    3
 -0.001666733417603685    9    9    4    1
 -0.002238638153927709    9    9    4    2
 0.03879537430997809    9    9    4    3
 0.3577018991856826    9    9    4    4
 -0.0004579628239130179    9    9    5    1
 -0.01159476211996185    9    9    5    2
 0.02367366510428254    9    9    5    3
 -0.01039439389023759    9    9    5    4
 0.3422778532586606    9    9    5    5
 0.0006554477429242242    9    9    6    1
 -0.005688571027484125    9    9    6    2
 0.009197482539445957    9    9    6    3
 -0.008484173555468566    9    9    6    4
 0.01839466361974805    9    9    6    5
 0.3305354991921348    9    9    6    6
 -1.015537792090992e-07    9    9    7    1
 1.944381793545611e-06    9    9    7    2
 -1.385910008087315e-06    9    9    7    3
 -1.357620390114894e-08    9    9    7    4
 3.34552651539469e-07    9    9    7    5
 -3.929900175339831e-06    9    9    7    6
 0.2858730410495733    9    9    7    7
 0.001288721512625863    9    9    8    1
 -0.03097297698500738    9    9    8    2
 0.01838596047170472    9    9    8    3
 0.01186435951066861    9    9    8    4
 -0.01998110691969308    9    9    8    5
 0.02473818751323245    9    9    8    6
 -5.428585605415119e-06    9    9    8    7
 0.3598414708199041    9    9    8    8
 -0.000257016008940195    9    9    9    1
 0.01405573661109389    9    9    9    2
 -0.02191712889234638    9    9    9    3
 0.0184691296615288    9    9    9    4
 -0.02648359987315741    9    9    9    5
 -0.005058088413294387    9    9    9    6
 4.997384993691684e-07    9    9    9    7
 -0.003814389266281059    9    9    9    8
 0.3730851885775824    9    9    9    9
 1.159018626757915e-06   10    1    1    1
 -2.350618583880267e-08   10    1    2    1
 2.468031691294416e-08   10    1    2    2
 -8.210623049205525e-08   10    1    3    1
 2.362333012834778e-08   10    1    3    2
 5.131616726489538e-08   10    1    3    3
 -1.025858404412028e-07   10    1    4    1
 1.769657052356411e-08   10    1    4    2
 4.291098491429372e-08   10    1    4    3
 6.202721097790869e-08   10    1    4    4
 -3.532635354672152e-08   10    1    5    1
 5.616658634819064e-09   10    1    5    2
 -7.573809358975848e-09   10    1    5    3
 -5.523792558351999e-09   10    1    5    4
 2.370545428318967e-08   10    1    5    5
 1.587178382540508e-07   10    1    6    1
 -4.543028548591022e-09   10    1    6    2
 2.125717217279197e-07   10    1    6    3
 1.308231747323499e-07   10    1    6    4
 3.077947088471373e-08   10    1    6    5
 6.521859807260549e-08   10    1    6    6
 0.002629120167991802   10    1    7    1
 2.043119035911949e-06   10    1    7    2
 0.003472460750934719   10    1    7    3
 0.002276674803768207   10    1    7    4
 0.0004669951860196035   10    1    7    5
 0.0003668552344447333   10    1    7    6
 -5.504464703067041e-08   10    1    7    7
 1.385191078004389e-07   10    1    8    1
 -6.683093061533843e-09   10    1    8    2
 1.87956867009366e-07   10    1    8    3
 1.285064209596088e-07   10    1    8    4
 1.649336991846173e-08   10    1    8    5
 3.985735423222841e-08   10    1    8    6
 0.0001778088858906559   10    1    8    7
 5.570832127199742e-08   10    1    8    8
 2.469475548545995e-09   10    1    9    1
 3.118121958089112e-09   10    1    9    2
 -1.19467362696118e-08   10    1    9    3
 9.931411015180506e-10   10    1    9    4
 -5.148880211360669e-09   10    1    9    5
 -4.280393940220177e-08   10    1    9    6
 -0.0006586674710991813   10    1    9    7
 -3.655805853288351e-08   10    1    9    8
 3.3832963973307e-08   10    1    9    9
 0.008398896091981627   10    1   10    1
 7.0279761228488e-08   10    2    1    1
 1.987837097241674e-09   10    2    2    1
 3.615435543389059e-08   10    2    2    2
 7.988895799435657e-09   10    2    3    1
 1.504375380253846e-07   10    2    3    2
 6.85007830589517e-08   10    2    3    3
 9.744038155216122e-09   10    2    4    1
 3.010190229479386e-08   10    2    4    2
 1.123034861461776e-07   10    2    4    3
 1.236549977342006e-07   10    2    4    4
 -5.598456557471867e-09   10    2    5    1
 2.325390527230211e-08   10    2    5    2
 -1.279049586104135e-07   10    2    5    3
 3.274571777659774e-08   10    2    5    4
 2.083703452645998e-07   10    2    5    5
 6.852005105536029e-08   10    2    6    1
 -5.102865079970058e-07   10    2    6    2
 1.476986605800298e-06   10    2    6    3
 -2.590886612388591e-07   10    2    6    4
 -4.24576406700958e-07   10    2    6    5
 4.920740012279402e-07   10    2    6    6
 0.001097514172566823   10    2    7    1
 -0.008061620608893934   10    2    7    2
 0.0241061690450189   10    2    7    3
 -0.003308160057996354   10    2    7    4
 -0.007506843086350629   10    2    7    5
 0.003675944881374841   10    2    7    6
 4.151454220838837e-07   10    2    7    7
 6.833822267482396e-08   10    2    8    1
 -4.248652382131008e-07   10    2    8    2
 1.295554756408496e-06   10    2    8    3
 -1.786772109764776e-07   10    2    8    4
 -3.877403449598597e-07   10    2    8    5
 -4.068862391565396e-07   10    2    8    6
 -0.01051177259678125   10    2    8    7
 -1.054425778823032e-06   10    2    8    8
 -1.919138894757251e-09   10    2    9    1
 3.147655520711321e-08   10    2    9    2
 -5.793098659479497e-08   10    2    9    3
 5.679786195563711e-08   10    2    9    4
 3.310105293680707e-08   10    2    9    5
 1.274117842324987e-08   10    2    9    6
 -0.0005047000383301032   10    2    9    7
 -5.047628651473794e-10   10    2    9    8
 8.903810726953668e-08   10    2    9    9
 0.003520548431689966   10    2   10    1
 0.04388205344938112   10    2   10    2
 -3.353080757168293e-07   10    3    1    1
 1.166849880255415e-08   10    3    2    1
 1.608963930748992e-07   10    3    2    2
 2.150391291552349e-08   10    3    3    1
 6.098184181726697e-08   10    3    3    2
 1.098857791165299e-07   10    3    3    3
 2.578510706933703e-08   10    3    4    1
 2.509978994787134e-08   10    3    4    2
 5.460155532712836e-08   10    3    4    3
 7.411029086915476e-08   10    3    4    4
 -8.010186815805678e-09   10    3    5    1
 -9.078310793782625e-08   10    3    5    2
 -2.180905114195679e-08   10    3    5    3
 -3.489943627414174e-08   10    3    5    4
 -3.352687107699849e-08   10    3    5    5
 1.284435334619225e-07   10    3    6    1
 8.634825023870011e-07   10    3    6    2
 1.190373960863835e-07   10    3    6    3
 6.221494786192956e-07   10    3    6    4
 5.549571803286919e-07   10    3    6    5
 -5.809200395941885e-08   10    3    6    6
 0.002174777505027647   10    3    7    1
 0.01426184268995444   10    3    7    2
 0.001718277398951421   10    3    7    3
 0.01106652683957524   10    3    7    4
 0.008240969123930075   10    3    7    5
 -0.001030818810280369   10    3    7    6
 -1.455046655398166e-07   10    3    7    7
 1.205774167419027e-07   10    3    8    1
 7.910183355973097e-07   10    3    8    2
 6.827443064967987e-08   10    3    8    3
 5.511040717118019e-07   10    3    8    4
 3.700028861811755e-07   10    3    8    5
 2.248079611586242e-07   10    3    8    6
 0.004265575464828193   10    3    8    7
 4.527756288525132e-07   10    3    8    8
 -7.29057822493996e-10   10    3    9    1
 -3.201821104124376e-08   10    3    9    2
 1.475713964182349e-08   10    3    9    3
 -2.092713814741378e-08   10    3    9    4
 7.056445496023918e-08   10    3    9    5
 -1.29101810665839e-07   10    3    9    6
 -0.003066491687553618   10    3    9    7
 -1.849766356409744e-07   10    3    9    8
 5.855204399176748e-08   10    3    9    9
 0.006692396427530333   10    3   10    1
 0.02708247816229596   10    3   10    2
 0.0348061077799374   10    3   10    3
 -5.660512225735125e-07   10    4    1    1
 1.525476008989055e-08   10    4    2    1
 1.445196432869448e-07   10    4    2    2
 2.819266575261505e-08   10    4    3    1
 1.092745696411269e-07   10    4    3    2
 7.198738643134629e-08   10    4    3    3
 2.599803222380122e-08   10    4    4    1
 -2.759350239733515e-08   10    4    4    2
 -5.758304344254298e-08   10    4    4    3
 2.714780214976068e-08   10    4    4    4
 3.022775944671394e-09   10    4    5    1
 3.346658175570225e-08   10    4    5    2
 -8.997247925060143e-08   10    4    5    3
 6.40043125264363e-08   10    4    5    4
 1.2286660350663e-07   10    4    5    5
 1.383228987411625e-07   10    4    6    1
 -4.192714105818949e-07   10    4    6    2
 1.081887362575917e-06   10    4    6    3
 2.084141660790015e-07   10    4    6    4
 -1.474110760457443e-07   10    4    6    5
 3.131282879064337e-07   10    4    6    6
 0.00233309209880132   10    4    7    1
 -0.007807507739181458   10    4    7    2
 0.01795453964080686   10    4    7    3
 0.004293457226119401   10    4    7    4
 -0.002454738029136505   10    4    7    5
 0.001481526832200436   10    4    7    6
 4.960159652986812e-08   10    4    7    7
 1.207417899398991e-07   10    4    8    1
 -4.008552184065142e-07   10    4    8    2
 8.990848328673361e-07   10    4    8    3
 1.341728796603874e-07   10    4    8    4
 -9.324292089677195e-08   10    4    8    5
 -1.228622128340539e-07   10    4    8    6
 -0.002657323130952554   10    4    8    7
 -2.766430232575221e-07   10    4    8    8
 -1.271348870965121e-08   10    4    9    1
 2.659013139463948e-09   10    4    9    2
 -3.01190694990511e-08   10    4    9    3
 -9.71932188232395e-08   10    4    9    4
 1.411500050483825e-07   10    4    9    5
 1.526270041295998e-08   10    4    9    6
 -0.001171771816312352   10    4    9    7
 -8.299538901582974e-08   10    4    9    8
 8.030924191761346e-09   10    4    9    9
 0.007293221398137041   10    4   10    1
 0.007828604829264394   10    4   10    2
 0.01563797444836902   10    4   10    3
 0.02704332673903142   10    4   10    4
 -5.985637034237823e-07   10    5    1    1
 1.521561722621501e-09   10    5    2    1
 -6.925661261517841e-08   10    5    2    2
 6.500432507808309e-09   10    5    3    1
 -2.435678108921798e-07   10    5    3    2
 -3.253191171540826e-08   10    5    3    3
 1.596032379647698e-08   10    5    4    1
 7.639499907366136e-08   10    5    4    2
 -1.49923363962347e-07   10    5    4    3
 -1.19447204202216e-07   10    5    4    4
 -1.290848533033036e-08   10    5    5    1
 2.23373782847772e-07   10    5    5    2
 -2.190134397630721e-07   10    5    5    3
 2.760955787917563e-08   10    5    5    4
 -5.558918277911547e-08   10    5    5    5
 3.298579439289324e-08   10    5    6    1
 -6.200566938664444e-07   10    5    6    2
 7.974592674823579e-07   10    5    6    3
 -6.144994472503715e-08   10    5    6    4
 -3.281278646842958e-07   10    5    6    5
 4.02137012662912e-07   10    5    6    6
 0.0005492580291625058   10    5    7    1
 -0.009842842839834089   10    5    7    2
 0.0124629813293058   10    5    7    3
 -0.002301276575562631   10    5    7    4
 -0.003138190588406386   10    5    7    5
 0.003846212664298618   10    5    7    6
 4.571416059940629e-07   10    5    7    7
 4.231464097130639e-08   10    5    8    1
 -3.378920160401383e-07   10    5    8    2
 6.288733847628687e-07   10    5    8    3
 -1.675977256143748e-08   10    5    8    4
 5.690532599111742e-08   10    5    8    5
 -2.992990655529996e-07   10    5    8    6
 -0.00627724847389933   10    5    8    7
 -7.854792564901348e-07   10    5    8    8
 1.158982199917991e-08   10    5    9    1
 1.843064637358105e-08   10    5    9    2
 3.966496547605231e-08   10    5    9    3
 -3.185707816659505e-08   10    5    9    4
 1.053852040137119e-08   10    5    9    5
 -1.548257841557527e-07   10    5    9    6
 -0.001211954245406692   10    5    9    7
 -6.716767229166937e-08   10    5    9    8
 -1.40742589722798e-07   10    5    9    9
 0.001684390991062538   10    5   10    1
 0.001881982511080116   10    5   10    2
 0.002023151220298513   10    5   10    3
 0.006589219985322971   10    5   10    4
 0.01302553910904111   10    5   10    5
 5.67212619418285e-06   10    6    1    1
 1.131623719287862e-08   10    6    2    1
 7.486086701566992e-07   10    6    2    2
 -4.257683717410882e-08   10    6    3    1
 2.977928902423838e-06   10    6    3    2
 5.217109022207041e-08   10    6    3    3
 -5.128264071299967e-08   10    6    4    1
 -8.050498101072393e-07   10    6    4    2
 1.874063699789316e-06   10    6    4    3
 1.711091953990873e-06   10    6    4    4
 -6.89020104356063e-09   10    6    5    1
 -1.413410422569857e-06   10    6    5    2
 1.032264506223065e-06   10    6    5    3
 -7.039656812985293e-08   10    6    5    4
 1.075276001035893e-06   10    6    5    5
 -4.177591490439614e-08   10    6    6    1
 3.992987387452993e-07   10    6    6    2
 -8.748169517969598e-08   10    6    6    3
 -1.38846386062738e-06   10    6    6    4
 1.508343753743137e-06   10    6    6    5
 3.527129158760085e-07   10    6    6    6
 -8.847862319078756e-05   10    6    7    1
 0.00229704817526   10    6    7    2
 -0.001509995970224817   10    6    7    3
 -0.0006554688207518222   10    6    7    4
 0.003306354690077761   10    6    7    5
 -0.0005222047269380954   10    6    7    6
 -4.021337805745645e-06   10    6    7    7
 -8.173513849208011e-08   10    6    8    1
 -1.689760996115803e-06   10    6    8    2
 -1.491236179095602e-07   10    6    8    3
 -7.029282770889095e-07   10    6    8    4
 -1.933815362167177e-06   10    6    8    5
 1.587536412308049e-06   10    6    8    6
 0.003858998109695564   10    6    8    7
 1.802346897803428e-06   10    6    8    8
 2.562802219876143e-08   10    6    9    1
 1.963511849546006e-07   10    6    9    2
 -2.65158430846795e-07   10    6    9    3
 1.004959421873883e-06   10    6    9    4
 1.212574046265841e-07   10    6    9    5
 1.091166830028094e-06   10    6    9    6
 -1.875891825760711e-05   10    6    9    7
 3.266935854671743e-07   10    6    9    8
 1.526514234340403e-06   10    6    9    9
 -0.0003975491438476951   10    6   10    1
 -0.0001514639625282599   10    6   10    2
 0.0006059855315154394   10    6   10    3
 -0.005748172919775563   10    6   10    4
 0.001471846831208034   10    6   10    5
 0.008276183520026228   10    6   10    6
 0.09446994945129569   10    7    1    1
 0.0001403885551578451   10    7    2    1
 0.01307774863578923   10    7    2    2
 -0.0006957604489554666   10    7    3    1
 0.04991553185233012   10    7    3    2
 0.0005705576793417321   10    7    3    3
 -0.000852618142237049   10    7    4    1
 -0.01373138230967533   10    7    4    2
 0.0315608388650262   10    7    4    3
 0.02864260526841491   10    7    4    4
 -0.0001107294156170082   10    7    5    1
 -0.02361417964853295   10    7    5    2
 0.01625148568879228   10    7    5    3
 -0.0008113590568344168   10    7    5    4
 0.01883014505606355   10    7    5    5
 -0.0005315996484537921   10    7    6    1
 0.004035934404190896   10    7    6    2
 0.0005729308379408012   10    7    6    3
 -0.02334125973134502   10    7    6    4
 0.02213144865575116   10    7    6    5
 0.006630329721138863   10    7    6    6
 1.059402418066181e-07   10    7    7    1
 1.481391147751205e-06   10    7    7    2
 3.051586432905071e-08   10    7    7    3
 2.308836771077221e-06   10    7    7    4
 1.241154943915285e-06   10    7    7    5
 -5.455623338297431e-06   10    7    7    6
 -0.06210867448464836   10    7    7    7
 -0.001140160068280176   10    7    8    1
 -0.02994727758105252   10    7    8    2
 -0.001557072745103888   10    7    8    3
 -0.01062572802039331   10    7    8    4
 -0.03493753375755334   10    7    8    5
 0.02344790471926576   10    7    8    6
 -6.340884866745975e-06   10    7    8    7
 0.02319107150535268   10    7    8    8
 0.000358090521833904   10    7    9    1
 0.003187245280874356   10    7    9    2
 -0.00467074809243583   10    7    9    3
 0.01690800898695902   10    7    9    4
 0.002340673668923761   10    7    9    5
 0.01888291490079263   10    7    9    6
 -1.210907183135122e-06   10    7    9    7
 0.005548969908491874   10    7    9    8
 0.02551759137791316   10    7    9    9
 6.125733619279692e-08   10    7   10    1
 8.42274140702105e-07   10    7   10    2
 6.989390999791331e-07   10    7   10    3
 5.143851944698457e-07   10    7   10    4
 -5.100900573898568e-08   10    7   10    5
 1.53696678580373e-06   10    7   10    6
 0.03681554825725668   10    7   10    7
 5.004031856106609e-06   10    8    1    1
 1.671300364712536e-08   10    8    2    1
 7.116887558157575e-07   10    8    2    2
 -3.664391477091029e-08   10    8    3    1
 2.746807635806566e-06   10    8    3    2
 -5.852812527621428e-08   10    8    3    3
 -4.912083378097485e-08   10    8    4    1
 -7.65594500824785e-07   10    8    4    2
 1.654900564637058e-06   10    8    4    3
 1.457386926108726e-06   10    8    4    4
 2.172470059226256e-09   10    8    5    1
 -1.207467083308814e-06   10    8    5    2
 8.001615610329444e-07   10    8    5    3
 3.968681115735928e-08   10    8    5    4
 1.096892740802478e-06   10    8    5    5
 -4.93509799138661e-08   10    8    6    1
 -5.387818209534985e-07   10    8    6    2
 4.144161865126213e-07   10    8    6    3
 -1.557942809543322e-06   10    8    6    4
 7.109597726285281e-07   10    8    6    5
 8.849995503942478e-07   10    8    6    6
 -0.0001574665269291244   10    8    7    1
 -0.0125268577296477   10    8    7    2
 0.006185017138225401   10    8    7    3
 -0.003813678122668973   10    8    7    4
 -0.007626670090471774   10    8    7    5
 0.004762608919477181   10    8    7    6
 -3.996789723231305e-06   10    8    7    7
 -9.829354452617093e-08   10    8    8    1
 -2.283832623027703e-06   10    8    8    2
 1.375018245585681e-07   10    8    8    3
 -8.310454455775725e-07   10    8    8    4
 -2.284003855140491e-06   10    8    8    5
 1.453633620996853e-06   10    8    8    6
 -0.001114266350932644   10    8    8    7
 1.119507326055659e-06   10    8    8    8
 1.983262904382684e-08   10    8    9    1
 1.748246745274377e-07   10    8    9    2
 -2.625212945049774e-07   10    8    9    3
 9.080667082863775e-07   10    8    9    4
 1.884148396596707e-07   10    8    9    5
 1.069872874278963e-06   10    8    9    6
 0.0001539484938020434   10    8    9    7
 3.085722350923315e-07   10    8    9    8
 1.299991936636582e-06   10    8    9    9
 -0.0006452956310740091   10    8   10    1
 -0.01420604891141634   10    8   10    2
 -0.0150818227885873   10    8   10    3
 -0.002803924625401617   10    8   10    4
 -0.002712576684005047   10    8   10    5
 0.003268846319501477   10    8   10    6
 7.168699444913296e-07   10    8   10    7
 0.02038549048774398   10    8   10    8
 -1.17114494300087e-07   10    9    1    1
 -2.647494973991755e-09   10    9    2    1
 1.03791572006175e-08   10    9    2    2
 3.249187266257873e-09   10    9    3    1
 -1.198334982083768e-07   10    9    3    2
 7.395823273331155e-08   10    9    3    3
 -7.351315267594712e-09   10    9    4    1
 2.6446226347816e-08   10    9    4    2
 -8.126977569412711e-08   10    9    4    3
 -9.070137218334057e-08   10    9    4    4
 1.608975756286258e-08   10    9    5    1
 6.680534983861072e-08   10    9    5    2
 5.356121651555719e-08   10    9    5    3
 4.515442517632496e-08   10    9    5    4
 4.888905229263818e-10   10    9    5    5
 1.117013944233972e-10   10    9    6    1
 1.361632825509822e-07   10    9    6    2
 -1.913017604845723e-07   10    9    6    3
 1.511477714046824e-07   10    9    6    4
 -5.227572535192932e-08   10    9    6    5
 1.064076708187443e-08   10    9    6    6
 -0.0001261318179683551   10    9    7    1
 0.002128494926423306   10    9    7    2
 -0.003416454920968419   10    9    7    3
 0.001276961900164558   10    9    7    4
 -1.001995989761109e-05   10    9    7    5
 1.139858874524702e-05   10    9    7    6
 1.509041423326327e-07   10    9    7    7
 -6.197761562814273e-09   10    9    8    1
 1.585583375747719e-07   10    9    8    2
 -1.84778137364924e-07   10    9    8    3
 6.376181546631619e-08   10    9    8    4
 8.644055520613415e-08   10    9    8    5
 -1.313633772135295e-08   10    9    8    6
 0.00060663811895003   10    9    8    7
 5.341884258844675e-08   10    9    8    8
 -2.149569147940832e-08   10    9    9    1
 -8.90601844438307e-09   10    9    9    2
 -3.364421447704646e-08   10    9    9    3
 -1.114078894797657e-07   10    9    9    4
 -2.14855696245974e-08   10    9    9    5
 6.683363076417584e-08   10    9    9    6
 0.001885840089063625   10    9    9    7
 4.589208335768506e-08   10    9    9    8
 -5.362165390980986e-08   10    9    9    9
 -0.0002861759624287757   10    9   10    1
 -0.001197840526328958   10    9   10    2
 -0.0007925530697210236   10    9   10    3
 0.0002386695812958376   10    9   10    4
 -0.0006462009015313744   10    9   10    5
 0.001715033350402728   10    9   10    6
 -1.693441538093855e-07   10    9   10    7
 -2.256730372257886e-05   10    9   10    8
 0.007048342547150809   10    9   10    9
 0.5593483757062043   10   10    1    1
 0.0004912882556932228   10   10    2    1
 0.3677186647449312   10   10    2    2
 -0.00214529120398881   10   10    3    1
 0.08122412895251559   10   10    3    2
 0.3525059642672591   10   10    3    3
 -0.003077329930164156   10   10    4    1
 -0.004355650083746008   10   10    4    2
 0.06244701425817805   10   10    4    3
 0.3637532963537564   10   10    4    4
 0.0004445659683878756   10   10    5    1
 -0.01629104447122781   10   10    5    2
 0.03364663781678463   10   10    5    3
 0.01360249415083303   10   10    5    4
 0.3554291898044726   10   10    5    5
 -0.001485958725550594   10   10    6    1
 -0.008624856265423805   10   10    6    2
 0.006858314844282574   10   10    6    3
 -0.04414665217390122   10   10    6    4
 0.03408538016663189   10   10    6    5
 0.3267742919852749   10   10    6    6
 2.893790492508421e-07   10   10    7    1
 4.041521020667823e-06   10   10    7    2
 1.28429726364777e-06   10   10    7    3
 4.320654520328618e-06   10   10    7    4
 1.379311437390419e-06   10   10    7    5
 -6.422311472613523e-06   10   10    7    6
 0.2617836409040007   10   10    7    7
 -0.003944235372354007   10   10    8    1
 -0.06779147015259296   10   10    8    2
 -0.03157455981406018   10   10    8    3
 -0.02617279330885427   10   10    8    4
 -0.05110033309905967   10   10    8    5
 0.05036656901828501   10   10    8    6
 -1.008075350419756e-05   10   10    8    7
 0.3908010996801946   10   10    8    8
 0.0002056618926658595   10   10    9    1
 0.008172497307184104   10   10    9    2
 -0.02304245840559329   10   10    9    3
 0.01610381405571996   10   10    9    4
 -0.006441124570939505   10   10    9    5
 0.02350902718659579   10   10    9    6
 -9.210696471178839e-07   10   10    9    7
 -0.00615846340767487   10   10    9    8
 0.3509937830744818   10   10    9    9
 -2.790423363860061e-08   10   10   10    1
 2.644985702630707e-07   10   10   10    2
 1.089622916804352e-07   10   10   10    3
 -1.042857251145915e-07   10   10   10    4
 -3.704740368901159e-07   10   10   10    5
 3.592835720421852e-06   10   10   10    6
 0.0599491172117466   10   10   10    7
 3.149374871558312e-06   10   10   10    8
 -7.225770995279271e-08   10   10   10    9
 0.4726403563215347   10   10   10   10
 1.925673314115479e-06   11    1    1    1
 -3.832975015660229e-08   11    1    2    1
 3.655985057986795e-08   11    1    2    2
 -1.425547417454013e-07   11    1    3    1
 4.00913039937825e-08   11    1    3    2
 6.615355940525237e-08   11    1    3    3
 -1.772690847035859e-07   11    1    4    1
 2.639577796422725e-08   11    1    4    2
 5.927251836293752e-08   11    1    4    3
 8.423034293629323e-08   11    1    4    4
 -5.32747469728267e-08   11    1    5    1
 6.595210327673399e-09   11    1    5    2
 -5.718275097761351e-09   11    1    5    3
 -3.767187844515949e-09   11    1    5    4
 3.382956938390599e-08   11    1    5    5
 1.91836377274888e-07   11    1    6    1
 -8.828286697202045e-09   11    1    6    2
 2.484543283511599e-07   11    1    6    3
 1.499888674657295e-07   11    1    6    4
 3.787271959929831e-08   11    1    6    5
 8.591875656050225e-08   11    1    6    6
 0.003271155261415367   11    1    7    1
 -3.067709977603676e-05   11    1    7    2
 0.004149539177608273   11    1    7    3
 0.00275657075873978   11    1    7    4
 0.000545550347595471   11    1    7    5
 0.0004847314249968542   11    1    7    6
 -8.818630402385078e-08   11    1    7    7
 1.560171877201755e-07   11    1    8    1
 -1.715822536092734e-08   11    1    8    2
 2.126234571455979e-07   11    1    8    3
 1.436254382590751e-07   11    1    8    4
 1.121553284661588e-08   11    1    8    5
 6.015066852030459e-08   11    1    8    6
 0.0003140717362350257   11    1    8    7
 8.553112302895468e-08   11    1    8    8
 9.117165209036814e-09   11    1    9    1
 2.771503426994466e-09   11    1    9    2
 -1.167578154067582e-08   11    1    9    3
 4.659533028370581e-09   11    1    9    4
 -4.908197515585545e-09   11    1    9    5
 -4.893465221015974e-08   11    1    9    6
 -0.0008065604222769788   11    1    9    7
 -4.261154140287516e-08   11    1    9    8
 4.24501035946793e-08   11    1    9    9
 0.0104473267421251   11    1   10    1
 0.004056545243372517   11    1   10    2
 0.007959093627039197   11    1   10    3
 0.008742576110322595   11    1   10    4
 0.001947265410851199   11    1   10    5
 -0.0003576982798616668   11    1   10    6
 5.162397517715407e-08   11    1   10    7
 -0.0004550385691551776   11    1   10    8
 -0.0003553845511902932   11    1   10    9
 -2.575781508333763e-08   11    1   10   10
 0.01301302538720157   11    1   11    1
 1.95721850779336e-08   11    2    1    1
 2.358073106432047e-09   11    2    2    1
 4.110335775411769e-08   11    2    2    2
 5.800537262557636e-09   11    2    3    1
 1.082231093459466e-07   11    2    3    2
 -3.361387450333163e-08   11    2    3    3
 6.072136200209861e-09   11    2    4    1
 -7.014257121996737e-11   11    2    4    2
 1.012726359598382e-08   11    2    4    3
 2.971267021139411e-08   11    2    4    4
 4.726601161535686e-10   11    2    5    1
 5.501106832145211e-08   11    2    5    2
 -6.20320829893781e-09   11    2    5    3
 2.489389105828963e-08   11    2    5    4
 8.515509357376059e-08   11    2    5    5
 1.887393813738821e-08   11    2    6    1
 -5.883176489820861e-07   11    2    6    2
 7.053892595284273e-08   11    2    6    3
 -9.266722696875036e-08   11    2    6    4
 -2.07707806929452e-07   11    2    6    5
 1.111675863878672e-07   11    2    6    6
 0.0003127340650495034   11    2    7    1
 -0.00976154028711352   11    2    7    2
 0.001798393863975641   11    2    7    3
 -0.0008588839325831907   11    2    7    4
 -0.003920560629382962   11    2    7    5
 0.0009710507685228135   11    2    7    6
 5.369315171831786e-08   11    2    7    7
 1.737588665917502e-08   11    2    8    1
 -6.312050735717919e-07   11    2    8    2
 -1.437255851446238e-08   11    2    8    3
 -4.553146048909718e-08   11    2    8    4
 -2.301501594370573e-07   11    2    8    5
 -1.35526411110903e-07   11    2    8    6
 -0.003370604896045052   11    2    8    7
 -2.532887941383723e-07   11    2    8    8
 -1.646980726702785e-09   11    2    9    1
 -2.136857235253278e-08   11    2    9    2
 3.394062379690997e-08   11    2    9    3
 2.246983033407636e-08   11    2    9    4
 2.613250616069227e-08   11    2    9    5
 1.418061149626573e-07   11    2    9    6
 0.001428599265720423   11    2    9    7
 1.127834519819001e-07   11    2    9    8
 -1.230697765836824e-08   11    2    9    9
 0.001066243497579638   11    2   10    1
 -0.02582340204954207   11    2   10    2
 -0.01678595400167433   11    2   10    3
 0.009849245836947143   11    2   10    4
 0.006758622345267672   11    2   10    5
 -0.005560921814270758   11    2   10    6
 -1.720395297975972e-08   11    2   10    7
 0.008974805656231452   11    2   10    8
 0.0009511280694337004   11    2   10    9
 -9.893632921018675e-08   11    2   10   10
 0.001257039995382391   11    2   11    1
 0.03070427386416027   11    2   11    2
 -5.829706649349758e-07   11    3    1    1
 1.534188072505119e-08   11    3    2    1
 1.15611468859931e-07   11    3    2    2
 2.915110879435797e-08   11    3    3    1
 -3.163961355932854e-08   11    3    3    2
 1.546559471564101e-07   11    3    3    3
 3.443821162997624e-08   11    3    4    1
 3.417985335935859e-09   11    3    4    2
 -9.776609573847568e-09   11    3    4    3
 5.007235532903427e-08   11    3    4    4
 -3.805670012118774e-09   11    3    5    1
 2.373441836526555e-08   11    3    5    2
 -1.735660548126124e-08   11    3    5    3
 -5.34779461316167e-08   11    3    5    4
 1.309988377226299e-08   11    3    5    5
 1.150214928493909e-07   11    3    6    1
 -4.610472289497986e-08   11    3    6    2
 3.862463078130158e-07   11    3    6    3
 4.592992677679539e-07   11    3    6    4
 2.938605712222541e-07   11    3    6    5
 1.399261926556938e-07   11    3    6    6
 0.001977114941229006   11    3    7    1
 -0.0003134377042545266   11    3    7    2
 0.005903800840369904   11    3    7    3
 0.007262267933103152   11    3    7    4
 0.005187524831331146   11    3    7    5
 0.0002556562683613884   11    3    7    6
 -4.981955828485682e-07   11    3    7    7
 1.061035448473884e-07   11    3    8    1
 -4.801137758553088e-08   11    3    8    2
 3.394711559313762e-07   11    3    8    3
 3.948440016842901e-07   11    3    8    4
 2.718913470925713e-07   11    3    8    5
 3.934488276705642e-07   11    3    8    6
 0.006699057772201911   11    3    8    7
 8.141495068924663e-07   11    3    8    8
 -1.14802020391216e-09   11    3    9    1
 2.997689831440527e-08   11    3    9    2
 -6.388998514639528e-08   11    3    9    3
 -2.161626264364228e-08   11    3    9    4
 2.872820531137348e-08   11    3    9    5
 -2.7280724910902e-07   11    3    9    6
 -0.004106420695441705   11    3    9    7
 -2.566600801892394e-07   11    3    9    8
 1.207994997525936e-07   11    3    9    9
 0.006051707795746758   11    3   10    1
 -0.009166178428619848   11    3   10    2
 0.006999529646313246   11    3   10    3
 0.01840606924005411   11    3   10    4
 0.004564925179043504   11    3   10    5
 -0.001398265677192775   11    3   10    6
 -2.351998431338758e-07   11    3   10    7
 0.004699360311804731   11    3   10    8
 -0.001039276790935352   11    3   10    9
 -2.455915913658104e-07   11    3   10   10
 0.007361948328083538   11    3   11    1
 0.01476093195281952   11    3   11    2
 0.02294130849278028   11    3   11    3
 -1.007096347972231e-06   11    4    1    1
 1.908551298380919e-08   11    4    2    1
 -7.77829959035244e-09   11    4    2    2
 3.901437495121507e-08   11    4    3    1
 -3.645531637305532e-08   11    4    3    2
 -2.863743177864316e-08   11    4    3    3
 4.251193540298454e-08   11    4    4    1
 2.77286903114684e-08   11    4    4    2
 -5.551920535164133e-08   11    4    4    3
 7.881071479308167e-09   11    4    4    4
 -6.518086088120723e-10   11    4    5    1
 4.205106263446238e-08   11    4    5    2
 -1.952120580918193e-07   11    4    5    3
 -4.471223102210107e-08   11    4    5    4
 1.935850532190403e-08   11    4    5    5
 1.531038375620556e-07   11    4    6    1
 -1.823762043161703e-07   11    4    6    2
 1.034640692320362e-06   11    4    6    3
 3.235858448310105e-07   11    4    6    4
 -1.976501592412351e-07   11    4    6    5
 4.481750980669233e-07   11    4    6    6
 0.002594908692191405   11    4    7    1
 -0.003308625312852846   11    4    7    2
 0.01704063622199364   11    4    7    3
 0.005261029548427808   11    4    7    4
 -0.00235901730177837   11    4    7    5
 0.003674318190923512   11    4    7    6
 -4.025638470669007e-07   11    4    7    7
 1.396288832597411e-07   11    4    8    1
 -3.346351214349578e-08   11    4    8    2
 9.239784985062037e-07   11    4    8    3
 3.338212194614101e-07   11    4    8    4
 -9.425146634579757e-08   11    4    8    5
 7.552373618377487e-08   11    4    8    6
 -0.0007891756813097229   11    4    8    7
 -1.658809844986186e-07   11    4    8    8
 -7.878439514020757e-09   11    4    9    1
 -3.156887635683454e-09   11    4    9    2
 3.986182427461382e-08   11    4    9    3
 3.296287811309032e-08   11    4    9    4
 3.361161473922688e-08   11    4    9    5
 -1.175870458213495e-07   11    4    9    6
 -0.001847273127600456   11    4    9    7
 -2.833804883065189e-08   11    4    9    8
 1.530865616789596e-08   11    4    9    9
 0.008042675599845025   11    4   10    1
 0.0222679767833316   11    4   10    2
 0.02445640853429693   11    4   10    3
 0.01863619336283705   11    4   10    4
 0.0009246234265733312   11    4   10    5
 0.002129941736273649   11    4   10    6
 -2.965970389126547e-07   11    4   10    7
 0.0006391925670902073   11    4   10    8
 0.001490448524791041   11    4   10    9
 -3.685042589700223e-07   11    4   10   10
 0.009778962988609682   11    4   11    1
 -0.008369285162252446   11    4   11    2
 0.01213404395477344   11    4   11    3
 0.03141942785659208   11    4   11    4
 -7.705112454709349e-07   11    5    1    1
 6.896455979574023e-09   11    5    2    1
 8.458527657833347e-08   11    5    2    2
 9.839419945446179e-09   11    5    3    1
 -4.82661183556493e-08   11    5    3    2
 -7.199509493327373e-08   11    5    3    3
 1.866044573399674e-08   11    5    4    1
 -2.559278294453482e-08   11    5    4    2
 -2.165951513406039e-07   11    5    4    3
 -1.800623932302463e-07   11    5    4    4
 -9.430451002142496e-09   11    5    5    1
 9.710963912181136e-08   11    5    5    2
 -1.564974952370659e-07   11    5    5    3
 1.220389815717453e-07   11    5    5    4
 1.460239006382373e-08   11    5    5    5
 2.589961887419621e-08   11    5    6    1
 -3.140880352550725e-07   11    5    6    2
 6.845365763509832e-07   11    5    6    3
 -1.790733725133875e-07   11    5    6    4
 -2.597835142481249e-07   11    5    6    5
 3.054952127173341e-07   11    5    6    6
 0.0005233434330428378   11    5    7    1
 -0.006240416723464092   11    5    7    2
 0.01116337156811626   11    5    7    3
 -0.002449689857962513   11    5    7    4
 -0.003311675589453268   11    5    7    5
 0.002276204715085466   11    5    7    6
 1.739553752826581e-07   11    5    7    7
 2.826262349128608e-08   11    5    8    1
 -1.859534312449304e-07   11    5    8    2
 4.874924709142059e-07   11    5    8    3
 -2.278224331757276e-07   11    5    8    4
 -3.993256950496363e-08   11    5    8    5
 -1.93842897666487e-07   11    5    8    6
 -0.003667737938813396   11    5    8    7
 -4.978437164930071e-07   11    5    8    8
 1.29230505629329e-08   11    5    9    1
 -1.949151386621045e-08   11    5    9    2
 3.964070833413119e-08   11    5    9    3
 -1.376225350647729e-07   11    5    9    4
 1.841633496936589e-07   11    5    9    5
 -7.046235218801848e-08   11    5    9    6
 -0.002560943610283585   11    5    9    7
 -2.102130274513372e-07   11    5    9    8
 -1.888344011924424e-07   11    5    9    9
 0.001578248477743883   11    5   10    1
 0.01148630180471288   11    5   10    2
 0.005829217740527855   11    5   10    3
 0.000944752082039342   11    5   10    4
 -7.168619132623366e-05   11    5   10    5
 -0.001335690707701954   11    5   10    6
 -8.18723200548551e-08   11    5   10    7
 9.74887160609666e-05   11    5   10    8
 -0.00694622386899627   11    5   10    9
 -1.556247463088252e-07   11    5   10   10
 0.00188085521287192   11    5   11    1
 -0.005989274698625042   11    5   11    2
 6.069199392849638e-05   11    5   11    3
 0.006550484238500928   11    5   11    4
 0.01155958122905875   11    5   11    5
 5.757379928198939e-06   11    6    1    1
 -3.10351244875932e-08   11    6    2    1
 -2.279913063306291e-07   11    6    2    2
 -5.179362032039783e-08   11    6    3    1
 2.000524924805864e-07   11    6    3    2
 1.322678577896468e-06   11    6    3    3
 -6.159323507964344e-08   11    6    4    1
 3.718835056532692e-07   11    6    4    2
 1.338079515151222e-06   11    6    4    3
 1.559554765704665e-06   11    6    4    4
 -1.645569793068666e-08   11    6    5    1
 -5.778446122058925e-08   11    6    5    2
 8.727474357529598e-07   11    6    5    3
 -5.249912275761836e-07   11    6    5    4
 6.003710094311395e-07   11    6    5    5
 2.329678172860328e-08   11    6    6    1
 -3.200733109433017e-07   11    6    6    2
 -8.398826039617642e-08   11    6    6    3
 4.446171146987216e-07   11    6    6    4
 1.958711391735445e-07   11    6    6    5
 3.906655159793627e-07   11    6    6    6
 7.872083723790428e-05   11    6    7    1
 0.0003908522304919701   11    6    7    2
 -0.001446388588527888   11    6    7    3
 0.00205843685649584   11    6    7    4
 0.001583602017778979   11    6    7    5
 -0.0003562684650252192   11    6    7    6
 -4.953678558812393e-07   11    6    7    7
 3.578121001242026e-08   11    6    8    1
 -9.084447111398786e-07   11    6    8    2
 7.255382853733261e-07   11    6    8    3
 5.937462999657838e-07   11    6    8    4
 -2.912975858649932e-07   11    6    8    5
 6.872683074671094e-07   11    6    8    6
 0.00299960687353736   11    6    8    7
 1.736586841122094e-06   11    6    8    8
 -6.686201587479837e-09   11    6    9    1
 3.814349669537631e-07   11    6    9    2
 -5.933996520122229e-07   11    6    9    3
 4.402601867228134e-07   11    6    9    4
 -1.070962738879949e-06   11    6    9    5
 -8.894353833352626e-07   11    6    9    6
 -0.002163373289091486   11    6    9    7
 -1.452434373572959e-07   11    6    9    8
 1.476425472370253e-06   11    6    9    9
 0.0001274029104595006   11    6   10    1
 -0.007782161903057388   11    6   10    2
 -0.002369672259092931   11    6   10    3
 0.003332271600168209   11    6   10    4
 -0.001496769506833952   11    6   10    5
 -0.003957095825409141   11    6   10    6
 1.001614096045034e-06   11    6   10    7
 0.002252754723970261   11    6   10    8
 -0.004587816657850317   11    6   10    9
 1.338313644627585e-06   11    6   10   10
 0.0002285119858683253   11    6   11    1
 0.004987547606131044   11    6   11    2
 0.005057463914568315   11    6   11    3
 -0.003795370130579603   11    6   11    4
 0.001259016478363857   11    6   11    5
 0.008081010891357689   11    6   11    6
 0.0973773191332636   11    7    1    1
 -0.0005825231949647581   11    7    2    1
 -0.003585327973950065   11    7    2    2
 -0.0008859612360196192   11    7    3    1
 0.005244623114513442   11    7    3    2
 0.02065272396242099   11    7    3    3
 -0.001074527474867654   11    7    4    1
 0.005432559096254128   11    7    4    2
 0.02286977575908192   11    7    4    3
 0.02602716002701633   11    7    4    4
 -0.000253382629561748   11    7    5    1
 -0.001994081114520826   11    7    5    2
 0.01420613257771718   11    7    5    3
 -0.008097996244045103   11    7    5    4
 0.01064427385282722   11    7    5    5
 0.0003896582004677628   11    7    6    1
 -0.005401573817725603   11    7    6    2
 6.062560353770976e-05   11    7    6    3
 0.003918437126649497   11    7    6    4
 0.002547896932420235   11    7    6    5
 0.006291177811918247   11    7    6    6
 -1.031503153533196e-07   11    7    7    1
 1.514401867777026e-06   11    7    7    2
 -1.147968542550225e-06   11    7    7    3
 -8.276252026491357e-07   11    7    7    4
 4.109915741663137e-07   11    7    7    5
 -1.458721431210446e-06   11    7    7    6
 -0.006239446225916631   11    7    7    7
 0.0006544056797550987   11    7    8    1
 -0.01558675575866743   11    7    8    2
 0.01295438830754498   11    7    8    3
 0.007754304018980029   11    7    8    4
 -0.00706226450630056   11    7    8    5
 0.009689151366658445   11    7    8    6
 -2.238437372719345e-06   11    7    8    7
 0.02364945621209311   11    7    8    8
 -0.0001907793803377017   11    7    9    1
 0.005965238618205478   11    7    9    2
 -0.009617692161028826   11    7    9    3
 0.008265476909026719   11    7    9    4
 -0.01751810163896623   11    7    9    5
 -0.01088219878490541   11    7    9    6
 7.970405401420719e-07   11    7    9    7
 0.0001150990863980363   11    7    9    8
 0.0241157506876526   11    7    9    9
 -1.147768776678248e-07   11    7   10    1
 9.767016396689606e-08   11    7   10    2
 -3.352270809102718e-07   11    7   10    3
 -7.953749859785843e-07   11    7   10    4
 -2.079039857266538e-07   11    7   10    5
 1.145162913434229e-06   11    7   10    6
 0.01570996716672951   11    7   10    7
 6.121907175622498e-07   11    7   10    8
 2.226537411220601e-07   11    7   10    9
 0.02375303497269472   11    7   10   10
 -1.518980124676987e-07   11    7   11    1
 -1.497049634026552e-07   11    7   11    2
 -5.18238849325934e-07   11    7   11    3
 -3.358246543812366e-07   11    7   11    4
 -1.792087395859017e-07   11    7   11    5
 5.626398359179455e-07   11    7   11    6
 0.01915198469810705   11    7   11    7
 4.909289333744173e-06   11    8    1    1
 -2.252656264450713e-08   11    8    2    1
 -4.293341578710497e-07   11    8    2    2
 -4.011062097268246e-08   11    8    3    1
 3.082241137945328e-08   11    8    3    2
 1.123878024990182e-06   11    8    3    3
 -5.011758929991838e-08   11    8    4    1
 4.488191305037024e-07   11    8    4    2
 1.203166600150425e-06   11    8    4    3
 1.358488732482171e-06   11    8    4    4
 -1.326793596232008e-08   11    8    5    1
 7.656573777980246e-08   11    8    5    2
 6.141538056523087e-07   11    8    5    3
 -5.150919112794308e-07   11    8    5    4
 5.341979620181962e-07   11    8    5    5
 5.268174409540424e-08   11    8    6    1
 -9.051175966869926e-07   11    8    6    2
 8.846065835094241e-07   11    8    6    3
 3.137712966393929e-07   11    8    6    4
 -2.782947745478345e-07   11    8    6    5
 7.095007426804173e-07   11    8    6    6
 0.0006460046837857046   11    8    7    1
 -0.00896511533227971   11    8    7    2
 0.01467430542981893   11    8    7    3
 -0.000385161200453745   11    8    7    4
 -0.004504986283858732   11    8    7    5
 0.004140166375719808   11    8    7    6
 -4.412718992690449e-07   11    8    7    7
 5.664286344631276e-08   11    8    8    1
 -1.15103510390848e-06   11    8    8    2
 1.574942635119155e-06   11    8    8    3
 5.623806632866356e-07   11    8    8    4
 -4.140876374350354e-07   11    8    8    5
 4.566124434607254e-07   11    8    8    6
 -0.002563725986699831   11    8    8    7
 8.740251656025278e-07   11    8    8    8
 -8.598121452832334e-09   11    8    9    1
 3.553081056996034e-07   11    8    9    2
 -5.390927066907749e-07   11    8    9    3
 5.077396069184841e-07   11    8    9    4
 -1.101425636856897e-06   11    8    9    5
 -8.743460149509404e-07   11    8    9    6
 -0.001676476878333759   11    8    9    7
 -5.484940969498897e-08   11    8    9    8
 1.283644964716506e-06   11    8    9    9
 0.001851358821363927   11    8   10    1
 0.009490797390876986   11    8   10    2
 0.007822454795180891   11    8   10    3
 0.009088809455251489   11    8   10    4
 0.003190124585040373   11    8   10    5
 0.0006445880004673303   11    8   10    6
 6.268817534674898e-07   11    8   10    7
 0.001404966842310187   11    8   10    8
 -0.0002176491923831244   11    8   10    9
 9.361053749769588e-07   11    8   10   10
 0.002385293565911819   11    8   11    1
 -0.004593086191875269   11    8   11    2
 0.002098366147726472   11    8   11    3
 0.009023869790916197   11    8   11    4
 0.0005356531593063387   11    8   11    5
 0.002046317764726788   11    8   11    6
 2.058010058753739e-07   11    8   11    7
 0.01336105844700113   11    8   11    8
 2.379506484441954e-08   11    9    1    1
 -2.778692879522218e-09   11    9    2    1
 -1.019070610215156e-07   11    9    2    2
 5.366813275822073e-10   11    9    3    1
 1.118385928048106e-07   11    9    3    2
 -1.868072932265085e-07   11    9    3    3
 -7.155543848535571e-09   11    9    4    1
 -2.813372805989993e-08   11    9    4    2
 9.02226774841472e-08   11    9    4    3
 8.329527396852362e-09   11    9    4    4
 1.124545489085367e-08   11    9    5    1
 -6.729911003516398e-08   11    9    5    2
 5.940763833887443e-09   11    9    5    3
 -6.974937272510579e-08   11    9    5    4
 -3.831238828528061e-08   11    9    5    5
 -6.164316914522583e-09   11    9    6    1
 2.597473752793428e-07   11    9    6    2
 -3.738594830192288e-07   11    9    6    3
 -1.632479450634057e-08   11    9    6    4
 -1.642950487095533e-08   11    9    6    5
 -4.767672456400711e-07   11    9    6    6
 -0.0001933644197972999   11    9    7    1
 0.003891603424112731   11    9    7    2
 -0.006131353793960266   11    9    7    3
 0.001195952601582539   11    9    7    4
 -0.001577815951010401   11    9    7    5
 -0.002518113331780521   11    9    7    6
 8.332558928282879e-08   11    9    7    7
 -9.817014085289283e-09   11    9    8    1
 1.944263088953965e-07   11    9    8    2
 -3.52559453933706e-07   11    9    8    3
 1.400021734784432e-07   11    9    8    4
 -2.463865826520774e-07   11    9    8    5
 -1.229915614710125e-07   11    9    8    6
 -0.0001829699542047254   11    9    8    7
 -9.207236146708407e-08   11    9    8    8
 -1.486224281763523e-08   11    9    9    1
 -1.672968945988378e-08   11    9    9    2
 9.492166681014476e-08   11    9    9    3
 1.6269807007367e-07   11    9    9    4
 -6.999495378745313e-08   11    9    9    5
 2.675022317865452e-07   11    9    9    6
 0.002974907592591265   11    9    9    7
 2.956460463972057e-07   11    9    9    8
 -2.414260823634812e-08   11    9    9    9
 -0.0004515972395194766   11    9   10    1
 0.0001347955870786567   11    9   10    2
 -0.001054543547527647   11    9   10    3
 0.001263248298040735   11    9   10    4
 -0.008328215730664713   11    9   10    5
 -0.005475489189611088   11    9   10    6
 3.427830262182521e-07   11    9   10    7
 -0.0002250061246648195   11    9   10    8
 0.001670577522248198   11    9   10    9
 -9.814644337332186e-09   11    9   10   10
 -0.000569373754126393   11    9   11    1
 -7.746347295101165e-05   11    9   11    2
 -0.002278134933620351   11    9   11    3
 0.0001855251844210965   11    9   11    4
 -0.001300657996293193   11    9   11    5
 0.001696707498451501   11    9   11    6
 -2.269265111567627e-08   11    9   11    7
 -0.001499875149557456   11    9   11    8
 0.01017850031318565   11    9   11    9
 0.2250540676598307   11   10    1    1
 -0.001951901625439957   11   10    2    1
 -0.0523081839440816   11   10    2    2
 -0.00296777654471896   11   10    3    1
 -0.05326496219119846   11   10    3    2
 0.04118893140344436   11   10    3    3
 -0.003040717967222092   11   10    4    1
 0.05055429899035947   11   10    4    2
 0.04421650322880941   11   10    4    3
 0.03478224186702306   11   10    4    4
 -0.001541986456874079   11   10    5    1
 0.03971187442133454   11   10    5    2
 0.01004470250721729   11   10    5    3
 -0.02793672600735317   11   10    5    4
 -0.01079873687735862   11   10    5    5
 0.001234999135679894   11   10    6    1
 -0.03437018714851462   11   10    6    2
 3.698936925224886e-05   11   10    6    3
 0.03795275673852713   11   10    6    4
 -0.02334014595925611   11   10    6    5
 -0.0224282371250246   11   10    6    6
 -2.678860601653101e-07   11   10    7    1
 2.799805559484176e-06   11   10    7    2
 -1.574903447883223e-06   11   10    7    3
 -5.276840087459464e-06   11   10    7    4
 -4.49363454980539e-07   11   10    7    5
 4.590684039545583e-06   11   10    7    6
 0.05791885910790966   11   10    7    7
 0.002786546215229925   11   10    8    1
 -0.003010761224389682   11   10    8    2
 0.02646661537424452   11   10    8    3
 0.05009306506274352   11   10    8    4
 0.02242758011000266   11   10    8    5
 0.0008135707856773499   11   10    8    6
 1.462305979573612e-06   11   10    8    7
 0.03267558811254454   11   10    8    8
 0.0001811665981880635   11   10    9    1
 0.0114315697224307   11   10    9    2
 -0.0134064365402751   11   10    9    3
 0.01820222133688854   11   10    9    4
 -0.06974675249535002   11   10    9    5
 -0.06232809662666672   11   10    9    6
 3.166581210993317e-06   11   10    9    7
 0.002435149787092515   11   10    9    8
 0.01926812562485954   11   10    9    9
 -1.059347976722381e-07   11   10   10    1
 -3.199209696426412e-07   11   10   10    2
 -4.880568849031208e-07   11   10   10    3
 -5.403416956050975e-07   11   10   10    4
 -5.606446554793046e-08   11   10   10    5
 -2.10914660461937e-07   11   10   10    6
 -0.003889982763246216   11   10   10    7
 -2.475588518324682e-07   11   10   10    8
 2.108187856976645e-08   11   10   10    9
 -0.01762540347058875   11   10   10   10
 -1.305827887660609e-07   11   10   11    1
 -2.996710641088556e-09   11   10   11    2
 -3.458341127530873e-07   11   10   11    3
 -5.580731331467016e-07   11   10   11    4
 -3.878325709269667e-07   11   10   11    5
 2.226671419776655e-06   11   10   11    6
 0.03593454351340799   11   10   11    7
 2.062573820997357e-06   11   10   11    8
 1.781757443383455e-08   11   10   11    9
 0.1569842158586418   11   10   11   10
 0.616282835448311   11   11    1    1
 -0.0007211771066776068   11   11    2    1
 0.369244003301199   11   11    2    2
 -0.003449507011819779   11   11    3    1
 0.08046069103969944   11   11    3    2
 0.3559768134403271   11   11    3    3
 -0.00430573717369501   11   11    4    1
 -0.01225224990464388   11   11    4    2
 0.06827566140499811   11   11    4    3
 0.3764730292927143   11   11    4    4
 -0.0004101580666225514   11   11    5    1
 -0.02200237780533748   11   11    5    2
 0.03269214612168966   11   11    5    3
 0.01194008103413044   11   11    5    4
 0.3605856589691149   11   11    5    5
 -0.0005326011601275884   11   11    6    1
 -0.006228760619956001   11   11    6    2
 0.01371415140512759   11   11    6    3
 -0.04380091896848354   11   11    6    4
 0.03585692679479318   11   11    6    5
 0.330643900013359   11   11    6    6
 8.133470989600221e-08   11   11    7    1
 3.587943677430106e-06   11   11    7    2
 7.349749751585154e-08   11   11    7    3
 3.666601405874212e-06   11   11    7    4
 1.37280247567305e-06   11   11    7    5
 -6.955169392800718e-06   11   11    7    6
 0.2600148710329526   11   11    7    7
 -0.001749880603208292   11   11    8    1
 -0.06394940042250732   11   11    8    2
 -0.01870455452943984   11   11    8    3
 -0.01578435418387793   11   11    8    4
 -0.0530752592377136   11   11    8    5
 0.0539741733484964   11   11    8    6
 -1.065972214749337e-05   11   11    8    7
 0.3952442432593675   11   11    8    8
 0.0001757237102040833   11   11    9    1
 0.01076428415453293   11   11    9    2
 -0.02660154625948151   11   11    9    3
 0.0198110719434827   11   11    9    4
 -0.01063944150931637   11   11    9    5
 0.02279555232181424   11   11    9    6
 -8.083817445074959e-07   11   11    9    7
 -0.00680730932000137   11   11    9    8
 0.3636634214491899   11   11    9    9
 -1.148696685712777e-07   11   11   10    1
 2.410807463872899e-08   11   11   10    2
 -2.626167120537593e-07   11   11   10    3
 -3.903156989852883e-07   11   11   10    4
 -4.497515358667457e-07   11   11   10    5
 3.868787448648596e-06   11   11   10    6
 0.06441889366944714   11   11   10    7
 3.49439594389071e-06   11   11   10    8
 -6.622925612341093e-08   11   11   10    9
 0.4797944082145981   11   11   10   10
 -1.327736856834047e-07   11   11   11    1
 -9.211928679841052e-10   11   11   11    2
 -4.011830297580178e-07   11   11   11    3
 -6.638075238081453e-07   11   11   11    4
 -2.379099009920358e-07   11   11   11    5
 1.649192719306492e-06   11   11   11    6
 0.02945639374304877   11   11   11    7
 1.074767479177593e-06   11   11   11    8
 8.478210833319843e-09   11   11   11    9
 -0.008323795820707464   11   11   11   10
 0.5008743665292934   11   11   11   11
 -0.002198470619558585   12    1    1    1
 -0.0002411682007991721   12    1    2    1
 0.0007647033605552074   12    1    2    2
 0.001189221308119216   12    1    3    1
 -0.0008630362575412546   12    1    3    2
 0.003805092429304524   12    1    3    3
 -0.001765247319467835   12    1    4    1
 -0.0008177846708767617   12    1    4    2
 -0.001709136962859747   12    1    4    3
 -0.003999059256205638   12    1    4    4
 0.004571593092275314   12    1    5    1
 0.002108413236873663   12    1    5    2
 0.005131935775618116   12    1    5    3
 0.004103457895252977   12    1    5    4
 0.00255409147244531   12    1    5    5
 0.001752955829690143   12    1    6    1
 0.00120576676863423   12    1    6    2
 0.00153233010262389   12    1    6    3
 0.002239991944350777   12    1    6    4
 -0.0004168371853478479   12    1    6    5
 0.001604178473202962   12    1    6    6
 -4.695576409380794e-08   12    1    7    1
 -2.753034661069659e-08   12    1    7    2
 -7.309052621255556e-08   12    1    7    3
 -2.336248662999293e-08   12    1    7    4
 -5.659152143243108e-08   12    1    7    5
 7.734270038830733e-08   12    1    7    6
 0.002447355242988228   12    1    7    7
 -0.0007891883971511345   12    1    8    1
 -0.0005340412284772638   12    1    8    2
 1.467374049831961e-05   12    1    8    3
 -0.001928952956885653   12    1    8    4
 0.001519373852042561   12    1    8    5
 -0.0005989780189269985   12    1    8    6
 1.218556005903225e-07   12    1    8    7
 0.0008957849512288148   12    1    8    8
 -0.006022293561629611   12    1    9    1
 -0.0004456807169087119   12    1    9    2
 -0.004844297929939949   12    1    9    3
 -0.006912244856144645   12    1    9    4
 -0.0006799614742821217   12    1    9    5
 -0.0004528234124215603   12    1    9    6
 1.638678388962753e-07   12    1    9    7
 -0.002755305082300655   12    1    9    8
 0.0002936174290276115   12    1    9    9
 2.749736912410569e-09   12    1   10    1
 5.867306808986679e-10   12    1   10    2
 -1.582776153079099e-09   12    1   10    3
 1.476231627716922e-08   12    1   10    4
 -1.746599617220152e-08   12    1   10    5
 -1.821367245467543e-08   12    1   10    6
 -0.0002335640830316008   12    1   10    7
 -8.784649782599063e-09   12    1   10    8
 2.71498249478628e-08   12    1   10    9
 0.0004362086297537266   12    1   10   10
 9.513357015800229e-10   12    1   11    1
 1.673762322061589e-09   12    1   11    2
 -1.015179877484107e-09   12    1   11    3
 8.140892725625837e-09   12    1   11    4
 -1.783995259030826e-08   12    1   11    5
 5.506338063382885e-09   12    1   11    6
 0.0001766680107446413   12    1   11    7
 9.847417282138675e-09   12    1   11    8
 2.055371185765762e-08   12    1   11    9
 -0.0004113691394997492   12    1   11   10
 0.0002398951365508359   12    1   11   11
 0.007954864547424617   12    1   12    1
 -0.0004324875448469083   12    2    1    1
 -0.0004278619532193085   12    2    2    1
 -0.0008772723032636172   12    2    2    2
 0.000330361509353275   12    2    3    1
 -0.01036974208522417   12    2    3    2
 0.01055766926470025   12    2    3    3
 -0.000469351640924389   12    2    4    1
 -0.005303879361714863   12    2    4    2
 0.0004819471511216252   12    2    4    3
 -0.003595186390976255   12    2    4    4
 0.001196517811857727   12    2    5    1
 0.005689606922942237   12    2    5    2
 0.007063299417537919   12    2    5    3
 0.004560860438762771   12    2    5    4
 0.01011257250707834   12    2    5    5
 0.0009892955187744471   12    2    6    1
 -0.001991767404755356   12    2    6    2
 0.01182040059636208   12    2    6    3
 0.01077601333897893   12    2    6    4
 -0.005009912802990197   12    2    6    5
 -0.000160617994269781   12    2    6    6
 -9.631261485859971e-08   12    2    7    1
 -1.569797976182388e-09   12    2    7    2
 -1.13142533826593e-06   12    2    7    3
 -9.18293510331864e-07   12    2    7    4
 4.380832037796668e-07   12    2    7    5
 8.784805069348743e-07   12    2    7    6
 0.008521974599493578   12    2    7    7
 0.0007817161874987381   12    2    8    1
 0.003572495741844031   12    2    8    2
 0.008607307153457778   12    2    8    3
 0.005561953950102014   12    2    8    4
 -0.001966817668872589   12    2    8    5
 -0.007406079753751716   12    2    8    6
 6.886364756178809e-07   12    2    8    7
 0.003783173675027033   12    2    8    8
 -0.001835681168010579   12    2    9    1
 0.003600669473557609   12    2    9    2
 -0.01184211752592396   12    2    9    3
 -0.002268420528834479   12    2    9    4
 -0.0007208913675687833   12    2    9    5
 -0.009377648668513178   12    2    9    6
 9.509699628375214e-07   12    2    9    7
 -0.007664007402642025   12    2    9    8
 0.006762988450826136   12    2    9    9
 2.781342836287703e-09   12    2   10    1
 -1.125756299489489e-08   12    2   10    2
 5.601375144926665e-09   12    2   10    3
 -1.339908685840543e-10   12    2   10    4
 1.289205345474695e-08   12    2   10    5
 -4.882878176928396e-08   12    2   10    6
 -0.001390402932921401   12    2   10    7
 -9.172779018492802e-08   12    2   10    8
 3.716083260846375e-08   12    2   10    9
 -0.006681107515911232   12    2   10   10
 9.059830836517477e-10   12    2   11    1
 -4.735831194907032e-08   12    2   11    2
 6.136801758906616e-08   12    2   11    3
 1.812918322463001e-08   12    2   11    4
 -4.271741158608899e-08   12    2   11    5
 2.871965487066084e-07   12    2   11    6
 0.004065212616540128   12    2   11    7
 2.473294447108957e-07   12    2   11    8
 -3.297552005658094e-08   12    2   11    9
 0.006648403112821325   12    2   11   10
 -0.004968366860173312   12    2   11   11
 0.00224756943326351   12    2   12    1
 0.02487025145064243   12    2   12    2
 0.01476916518046698   12    3    1    1
 -0.0001255547867728817   12    3    2    1
 -0.006179724345006477   12    3    2    2
 0.0002777832949704708   12    3    3    1
 0.007403310803088886   12    3    3    2
 -0.003099076439784938   12    3    3    3
 -0.001423518993498649   12    3    4    1
 0.0002404962019853837   12    3    4    2
 -0.0009469009310215668   12    3    4    3
 -0.004333806778761618   12    3    4    4
 0.002410254792624682   12    3    5    1
 0.005604012191540227   12    3    5    2
 0.01202528766348389   12    3    5    3
 0.006276841772209708   12    3    5    4
 0.004535600024303856   12    3    5    5
 0.0007622417896394855   12    3    6    1
 0.01139870339482398   12    3    6    2
 -0.0008252781330960088   12    3    6    3
 -0.001064721226409223   12    3    6    4
 0.00471043590243839   12    3    6    5
 -0.0124302559630881   12    3    6    6
 5.972229056585632e-09   12    3    7    1
 -6.166224641635811e-07   12    3    7    2
 3.823364837147979e-07   12    3    7    3
 7.480516956594187e-08   12    3    7    4
 2.781764174503781e-07   12    3    7    5
 4.800328039699785e-07   12    3    7    6
 -0.007061294511096575   12    3    7    7
 -0.0008185808144793582   12    3    8    1
 -0.000719630680913016   12    3    8    2
 -0.00535628682463562   12    3    8    3
 0.0005190045935674755   12    3    8    4
 -0.009839015771411632   12    3    8    5
 -0.002476928547958438   12    3    8    6
 -1.918520618599372e-07   12    3    8    7
 -0.002164792829156203   12    3    8    8
 -0.002974281369290449   12    3    9    1
 -0.00395567323107529   12    3    9    2
 0.002423345316047601   12    3    9    3
 -0.001432485500511456   12    3    9    4
 -0.006069651553988292   12    3    9    5
 0.006210034222108387   12    3    9    6
 -3.923122653930362e-07   12    3    9    7
 0.0005082903201996187   12    3    9    8
 -0.003032201523555229   12    3    9    9
 5.995029690306167e-10   12    3   10    1
 2.525537593222856e-09   12    3   10    2
 -2.508908271284601e-08   12    3   10    3
 -7.522766912265309e-09   12    3   10    4
 -1.896615328785961e-08   12    3   10    5
 1.310320693483943e-07   12    3   10    6
 0.002170231155495159   12    3   10    7
 1.317888405978326e-07   12    3   10    8
 5.394471062330041e-08   12    3   10    9
 0.002092162864267567   12    3   10   10
 1.154718270982401e-09   12    3   11    1
 4.785295876991265e-08   12    3   11    2
 -8.050337083246795e-08   12    3   11    3
 1.120856206168738e-09   12    3   11    4
 -3.011131766600866e-08   12    3   11    5
 -8.273445465237199e-08   12    3   11    6
 -0.0004475618674031231   12    3   11    7
 -2.194559932600549e-08   12    3   11    8
 1.225841855615579e-07   12    3   11    9
 0.003257037463718979   12    3   11   10
 0.00184087055756502   12    3   11   11
 0.00397671647680138   12    3   12    1
 0.003886490689559007   12    3   12    2
 0.0238723108465466   12    3   12    3
 -0.04090787650963023   12    4    1    1
 -0.0002065053312952907   12    4    2    1
 -0.02150784897375624   12    4    2    2
 0.0009805811810389689   12    4    3    1
 0.001134905941450512   12    4    3    2
 -0.01456811926763808   12    4    3    3
 -0.000405126227826677   12    4    4    1
 -0.005853089629673357   12    4    4    2
 -0.003704890139056587   12    4    4    3
 -0.009772138114115715   12    4    4    4
 0.002297333623793585   12    4    5    1
 0.006499344319003155   12    4    5    2
 0.01017994793105055   12    4    5    3
 -0.00952178474496089   12    4    5    4
 -0.01420607740395987   12    4    5    5
 0.001154477732153506   12    4    6    1
 0.01430574722269814   12    4    6    2
 0.002425928618610225   12    4    6    3
 0.0007263527756136585   12    4    6    4
 -0.003247411033950126   12    4    6    5
 -0.003556772433446204   12    4    6    6
 -7.208212094666239e-08   12    4    7    1
 -8.413404171969863e-07   12    4    7    2
 -5.54801091524052e-07   12    4    7    3
 -3.531947519480549e-07   12    4    7    4
 3.626267947850194e-07   12    4    7    5
 -6.644109816107899e-07   12    4    7    6
 -0.02027723579579228   12    4    7    7
 0.0002291705323118348   12    4    8    1
 0.001140298545864214   12    4    8    2
 0.008834738124913278   12    4    8    3
 0.005502361279666566   12    4    8    4
 -0.002756025201679177   12    4    8    5
 -0.007407371711645508   12    4    8    6
 2.076121763097701e-07   12    4    8    7
 -0.01488153007504286   12    4    8    8
 -0.003051659838840075   12    4    9    1
 0.00801718897032205   12    4    9    2
 0.005115665795846385   12    4    9    3
 -0.003074956963449374   12    4    9    4
 -0.008292417242029084   12    4    9    5
 0.004738473476088548   12    4    9    6
 -9.936419683060079e-07   12    4    9    7
 0.01293205534006213   12    4    9    8
 -0.003857891401388136   12    4    9    9
 3.584999418930509e-09   12    4   10    1
 3.154072864979749e-10   12    4   10    2
 7.587410771123724e-09   12    4   10    3
 4.017505851702492e-08   12    4   10    4
 -3.903012988320437e-08   12    4   10    5
 5.161670791139076e-08   12    4   10    6
 0.0008949159950949382   12    4   10    7
 3.956923504929758e-08   12    4   10    8
 2.620222482444986e-08   12    4   10    9
 -0.01998099151140345   12    4   10   10
 1.04463945890461e-09   12    4   11    1
 6.247853221655051e-09   12    4   11    2
 3.442218622523925e-08   12    4   11    3
 1.214114210155288e-07   12    4   11    4
 -8.482764669084471e-08   12    4   11    5
 -3.767336883626441e-09   12    4   11    6
 0.0001327706125590541   12    4   11    7
 6.939230859100997e-08   12    4   11    8
 1.552351799251931e-07   12    4   11    9
 -0.00196270891804806   12    4   11   10
 -0.0197297578664114   12    4   11   11
 0.003795026630497647   12    4   12    1
 0.0009613361428484225   12    4   12    2
 0.007251396889806425   12    4   12    3
 0.02735122031807715   12    4   12    4
 0.131530670219973   12    5    1    1
 -5.113571395563895e-06   12    5    2    1
 0.03587234817257749   12    5    2    2
 -0.0008060844405294846   12    5    3    1
 0.01778681703753899   12    5    3    2
 0.04955921431358402   12    5    3    3
 -0.002182455260519971   12    5    4    1
 0.007493823646475667   12    5    4    2
 0.02237557831451119   12    5    4    3
 0.03162436761819101   12    5    4    4
 0.001514014428805042   12    5    5    1
 0.01396171896086682   12    5    5    2
 0.02394138319898785   12    5    5    3
 0.003695089635646846   12    5    5    4
 0.034150293117793   12    5    5    5
 -2.98524109251976e-05   12    5    6    1
 -0.004565860472837309   12    5    6    2
 0.007186649795189909   12    5    6    3
 -0.01031568795796828   12    5    6    4
 0.006034153591916776   12    5    6    5
 0.03110690290655015   12    5    6    6
 1.004776209229956e-07   12    5    7    1
 1.964667853146312e-06   12    5    7    2
 3.29221968550967e-07   12    5    7    3
 1.146878900852517e-06   12    5    7    4
 1.413193154448107e-07   12    5    7    5
 -1.580365177825961e-06   12    5    7    6
 0.01829101596286549   12    5    7    7
 -0.001752596262764983   12    5    8    1
 -0.02792274127285361   12    5    8    2
 -0.01394514986136573   12    5    8    3
 -0.008859681036187563   12    5    8    4
 -0.006819203472872732   12    5    8    5
 0.0154410189015297   12    5    8    6
 -2.727314641307398e-06   12    5    8    7
 0.05316514224144992   12    5    8    8
 -0.001675547017233397   12    5    9    1
 0.01097985409703493   12    5    9    2
 -0.01546361772522659   12    5    9    3
 -0.009919496428747326   12    5    9    4
 -0.01466545000956391   12    5    9    5
 -0.0003902262039193728   12    5    9    6
 2.508750254688099e-07   12    5    9    7
 -0.006468944212001847   12    5    9    8
 0.03045588342120057   12    5    9    9
 5.793926108466072e-09   12    5   10    1
 1.04811941291324e-08   12    5   10    2
 1.293555936153389e-08   12    5   10    3
 -4.901152019957771e-08   12    5   10    4
 -1.496615646361867e-07   12    5   10    5
 9.804051096427781e-07   12    5   10    6
 0.01628881487700531   12    5   10    7
 8.505321197389123e-07   12    5   10    8
 1.079579500809645e-08   12    5   10    9
 0.06785797474545012   12    5   10   10
 1.221626777847517e-08   12    5   11    1
 -2.006566030850524e-08   12    5   11    2
 -3.096367856270828e-08   12    5   11    3
 -1.667158752200798e-07   12    5   11    4
 -6.716345850408763e-08   12    5   11    5
 6.090940815231102e-07   12    5   11    6
 0.009987339413100545   12    5   11    7
 3.763922201475072e-07   12    5   11    8
 -3.640495660852653e-08   12    5   11    9
 0.005372318688894962   12    5   11   10
 0.06912417816159862   12    5   11   11
 0.002505011297244352   12    5   12    1
 -0.002156548829243396   12    5   12    2
 0.002174089398193523   12    5   12    3
 -0.005740659111222416   12    5   12    4
 0.04462871754799468   12    5   12    5
 0.04888254257371014   12    6    1    1
 0.0006110840678073737   12    6    2    1
 0.008910866383553498   12    6    2    2
 -0.0004732141203529796   12    6    3    1
 0.03069244904696497   12    6    3    2
 0.001326586867505889   12    6    3    3
 -0.0004623432189788876   12    6    4    1
 0.005764932906427127   12    6    4    2
 0.01112572322586478   12    6    4    3
 0.01446514336026682   12    6    4    4
 -0.0001542180920862598   12    6    5    1
 -0.01298378056004414   12    6    5    2
 0.009596346192439046   12    6    5    3
 -0.002077308734363679   12    6    5    4
 0.01249395410767608   12    6    5    5
 -0.001084634096883198   12    6    6    1
 -0.003009404454091161   12    6    6    2
 -0.01931599649346786   12    6    6    3
 -0.004832423843184359   12    6    6    4
 0.007637846526715506   12    6    6    5
 0.002778095645578132   12    6    6    6
 1.751166374296223e-07   12    6    7    1
 8.240983304835305e-07   12    6    7    2
 2.161523671103576e-06   12    6    7    3
 9.06122140120994e-07   12    6    7    4
 2.277937035123615e-07   12    6    7    5
 -1.867985641150017e-06   12    6    7    6
 -0.0242347499462227   12    6    7    7
 -0.002028323204189931   12    6    8    1
 -0.02189602742980108   12    6    8    2
 -0.01169991863205042   12    6    8    3
 -0.01664021624988235   12    6    8    4
 -0.01395434557290807   12    6    8    5
 0.004617838437529212   12    6    8    6
 -3.012214540943381e-06   12    6    8    7
 0.01832221870962956   12    6    8    8
 0.0008110623568518321   12    6    9    1
 -0.009189103703200283   12    6    9    2
 0.005774222070639493   12    6    9    3
 0.01106043819520184   12    6    9    4
 0.003311873610470951   12    6    9    5
 0.002967386580976132   12    6    9    6
 -1.798225556001249e-07   12    6    9    7
 0.006950374173918896   12    6    9    8
 0.002010317771677711   12    6    9    9
 7.215901554483014e-09   12    6   10    1
 2.148461563000735e-07   12    6   10    2
 -9.966246385645405e-08   12    6   10    3
 6.554937974855905e-08   12    6   10    4
 1.492302016187373e-07   12    6   10    5
 9.437898119714545e-07   12    6   10    6
 0.01492017944291962   12    6   10    7
 9.233625357364086e-07   12    6   10    8
 -1.229980698805629e-07   12    6   10    9
 0.03641506523729372   12    6   10   10
 1.337452313780654e-08   12    6   11    1
 2.21260997430092e-07   12    6   11    2
 -1.908776599632872e-07   12    6   11    3
 -2.237720134811158e-08   12    6   11    4
 1.29473044792949e-07   12    6   11    5
 -1.020912774523307e-07   12    6   11    6
 0.0008596588887575981   12    6   11    7
 2.306989262997549e-08   12    6   11    8
 -4.010248777732602e-08   12    6   11    9
 -0.01060915521481612   12    6   11   10
 0.03512270369111881   12    6   11   11
 -0.0007353146934075983   12    6   12    1
 -0.01029422062803797   12    6   12    2
 0.004078374089729896   12    6   12    3
 -0.002496282883256489   12    6   12    4
 0.01279793611981292   12    6   12    5
 0.03681786421753145   12    6   12    6
 -2.327127930242026e-06   12    7    1    1
 -5.50054338726862e-08   12    7    2    1
 -4.61576513124375e-07   12    7    2    2
 2.820242755200509e-08   12    7    3    1
 -2.680396666903434e-06   12    7    3    2
 1.091376424781288e-06   12    7    3    3
 -1.808503599472559e-08   12    7    4    1
 -7.545034810682657e-08   12    7    4    2
 -1.4143104067378e-06   12    7    4    3
 -1.167465231524455e-06   12    7    4    4
 7.039212102009504e-08   12    7    5    1
 2.236066788762737e-06   12    7    5    2
 3.632210484590538e-07   12    7    5    3
 3.391876631495161e-07   12    7    5    4
 -7.168962636498594e-07   12    7    5    5
 1.068370164106075e-07   12    7    6    1
 4.993685620844105e-07   12    7    6    2
 1.741149054595532e-06   12    7    6    3
 6.511711010025916e-07   12    7    6    4
 -1.430589953274585e-06   12    7    6    5
 8.444931099503044e-07   12    7    6    6
 3.119836548221253e-05   12    7    7    1
 -0.006735062686036377   12    7    7    2
 0.005798512958681807   12    7    7    3
 -0.005115097227137271   12    7    7    4
 -0.005356183915262227   12    7    7    5
 -0.0004759345484363523   12    7    7    6
 3.801866016513386e-06   12    7    7    7
 1.352928595036771e-07   12    7    8    1
 9.776160235745015e-07   12    7    8    2
 1.012489870251621e-06   12    7    8    3
 5.56989575663265e-07   12    7    8    4
 1.405736594178402e-06   12    7    8    5
 -1.337339466309099e-06   12    7    8    6
 -0.007116119749072254   12    7    8    7
 -1.4382779420481e-06   12    7    8    8
 -1.335716321370445e-07   12    7    9    1
 1.116528245010342e-06   12    7    9    2
 -4.589018270183869e-07   12    7    9    3
 -2.336088043687146e-06   12    7    9    4
 -5.020448789314719e-07   12    7    9    5
 -3.476804504670206e-07   12    7    9    6
 0.004043207024321819   12    7    9    7
 -6.796553741268867e-07   12    7    9    8
 -4.481445666331352e-07   12    7    9    9
 8.212973072263347e-05   12    7   10    1
 0.002524433874575957   12    7   10    2
 -0.001781842560408464   12    7   10    3
 0.001184817760438724   12    7   10    4
 0.003910593880323423   12    7   10    5
 0.000656849927960319   12    7   10    6
 -1.429342880294718e-06   12    7   10    7
 0.001966217100111289   12    7   10    8
 -0.001570722780304227   12    7   10    9
 -2.217535864011211e-06   12    7   10   10
 9.189858969159223e-05   12    7   11    1
 0.002645569405462159   12    7   11    2
 -0.001730083560167238   12    7   11    3
 0.0005760138092732955   12    7   11    4
 0.002321561337487805   12    7   11    5
 -0.001384728447954451   12    7   11    6
 -1.478563546556752e-07   12    7   11    7
 0.001444073314574596   12    7   11    8
 -0.001675180782768419   12    7   11    9
 9.271686981232554e-07   12    7   11   10
 -2.140584688748411e-06   12    7   11   11
 1.593326838330374e-07   12    7   12    1
 8.488372517646103e-07   12    7   12    2
 7.294320915282129e-09   12    7   12    3
 2.347058712018946e-07   12    7   12    4
 -1.245164198319172e-07   12    7   12    5
 -1.88484872371183e-06   12    7   12    6
 0.00801736454665134   12    7   12    7
 -0.0006221692159808814   12    8    1    1
 0.0003679257632764694   12    8    2    1
 0.002064602922717419   12    8    2    2
 -6.095398710804533e-05   12    8    3    1
 0.0175422278781769   12    8    3    2
 -0.01827265799637719   12    8    3    3
 0.0007384325476160241   12    8    4    1
 -0.003766228843872902   12    8    4    2
 0.01661725018531858   12    8    4    3
 0.00909228889184939   12    8    4    4
 -0.001101249279662293   12    8    5    1
 -0.02399200609526539   12    8    5    2
 -0.01768130600368877   12    8    5    3
 -0.0035761800227394   12    8    5    4
 0.003451847281920233   12    8    5    5
 -0.0007983466270208194   12    8    6    1
 -0.01460815682891704   12    8    6    2
 -0.003040798935324823   12    8    6    3
 -0.01472140944510535   12    8    6    4
 0.01279477366470805   12    8    6    5
 -0.0180417016697736   12    8    6    6
 6.73420182525083e-08   12    8    7    1
 4.907260608695605e-07   12    8    7    2
 4.886277718979012e-07   12    8    7    3
 5.344169277856207e-07   12    8    7    4
 4.4089360493303e-08   12    8    7    5
 -1.333005975031956e-06   12    8    7    6
 -0.02969063101210548   12    8    7    7
 -0.0003860106344399288   12    8    8    1
 -0.002648252694604539   12    8    8    2
 -0.002897454372473153   12    8    8    3
 0.003824119999150865   12    8    8    4
 -0.01574628433553206   12    8    8    5
 0.01309567991513906   12    8    8    6
 -2.666272172091234e-06   12    8    8    7
 -0.002198028782524581   12    8    8    8
 0.001570565464310534   12    8    9    1
 -0.008980664318515012   12    8    9    2
 0.001628581452764419   12    8    9    3
 0.03179267775078655   12    8    9    4
 0.003154610958222274   12    8    9    5
 0.008334801148896299   12    8    9    6
 -6.533960625161984e-07   12    8    9    7
 0.009753524829947997   12    8    9    8
 0.008259591449546546   12    8    9    9
 6.463794699649207e-09   12    8   10    1
 1.487266889918491e-07   12    8   10    2
 -6.285221582911067e-08   12    8   10    3
 5.57301179863601e-08   12    8   10    4
 1.547245820602937e-07   12    8   10    5
 5.948245256878326e-07   12    8   10    6
 0.009544389019381936   12    8   10    7
 6.144246415603567e-07   12    8   10    8
 -1.254735477748031e-07   12    8   10    9
 0.006921641789575128   12    8   10   10
 8.346342343413978e-09   12    8   11    1
 1.534790287791904e-07   12    8   11    2
 -7.183992600805329e-08   12    8   11    3
 9.182684825901691e-08   12    8   11    4
 1.751903366047469e-08   12    8   11    5
 8.768621941133115e-09   12    8   11    6
 0.002075686274445862   12    8   11    7
 1.939125078410431e-07   12    8   11    8
 1.377725267102624e-08   12    8   11    9
 -0.005707180230168806   12    8   11   10
 0.007084445593769911   12    8   11   11
 -0.002097759616498036   12    8   12    1
 -0.005764033250921913   12    8   12    2
 -0.004126367941496871   12    8   12    3
 -0.001928390910108375   12    8   12    4
 -0.008813589981639504   12    8   12    5
 0.004657181758341893   12    8   12    6
 -1.371189331409862e-06   12    8   12    7
 0.02804907783235849   12    8   12    8
 -0.07494475991607973   12    9    1    1
 0.0001085072175341805   12    9    2    1
 0.003204324344467576   12    9    2    2
 0.001305540116406024   12    9    3    1
 -0.02661624337219858   12    9    3    2
 0.01187234682400338   12    9    3    3
 0.002189318968808649   12    9    4    1
 0.01152274554702963   12    9    4    2
 -0.001375180590553178   12    9    4    3
 0.003226088189351365   12    9    4    4
 -0.0005935603981072535   12    9    5    1
 0.01422754485156904   12    9    5    2
 -0.01650572741294181   12    9    5    3
 -0.01188295899565054   12    9    5    4
 -0.005035530319043774   12    9    5    5
 0.0002889855362818515   12    9    6    1
 -0.01442224075935674   12    9    6    2
 0.005429820806845963   12    9    6    3
 0.01206645489377814   12    9    6    4
 -0.01044822140069492   12    9    6    5
 -0.004102533811522606   12    9    6    6
 -9.371622202173667e-08   12    9    7    1
 6.759008536078519e-07   12    9    7    2
 -4.059098882249883e-07   12    9    7    3
 -2.043487499749296e-06   12    9    7    4
 -2.914679797325663e-07   12    9    7    5
 2.690639992394337e-06   12    9    7    6
 0.03702896675552639   12    9    7    7
 0.001489639248501393   12    9    8    1
 0.005966312895127987   12    9    8    2
 0.001904367332046638   12    9    8    3
 0.02332092758999546   12    9    8    4
 0.0107012574256064   12    9    8    5
 -0.004447474372766572   12    9    8    6
 1.78426792364494e-06   12    9    8    7
 0.01011677719307156   12    9    8    8
 0.0006382476250866762   12    9    9    1
 0.003012408332808153   12    9    9    2
 0.001026037192159453   12    9    9    3
 0.01034513987697479   12    9    9    4
 -0.01505525509795924   12    9    9    5
 -0.01870097866553678   12    9    9    6
 6.178133291529904e-07   12    9    9    7
 0.006084407497613341   12    9    9    8
 0.004724956936837172   12    9    9    9
 8.709367532068504e-09   12    9   10    1
 6.553079246346791e-08   12    9   10    2
 1.251646864171705e-07   12    9   10    3
 7.998064206118241e-08   12    9   10    4
 1.058177221917333e-07   12    9   10    5
 -8.366242549929212e-07   12    9   10    6
 -0.01386281020382807   12    9   10    7
 -7.741687328337741e-07   12    9   10    8
 1.268375911639089e-08   12    9   10    9
 -0.009701341821158994   12    9   10   10
 4.349450562658749e-09   12    9   11    1
 -4.302923874333828e-08   12    9   11    2
 1.86886179891107e-07   12    9   11    3
 2.558574842395711e-07   12    9   11    4
 2.928723344563162e-08   12    9   11    5
 -3.054796278277473e-07   12    9   11    6
 -0.005824150779268296   12    9   11    7
 -1.587520301783447e-07   12    9   11    8
 2.052919733637348e-08   12    9   11    9
 -0.007992963121785863   12    9   11   10
 -0.01149784502612729   12    9   11   11
 -0.001181960857034972   12    9   12    1
 0.001777589344585937   12    9   12    2
 -0.00758706582329437   12    9   12    3
 0.004816446258462982   12    9   12    4
 -0.004096985187849692   12    9   12    5
 -0.006513597869203934   12    9   12    6
 7.852308285868869e-08   12    9   12    7
 0.007093072591516816   12    9   12    8
 0.05000601048951151   12    9   12    9
 6.49434162445528e-08   12   10    1    1
 7.555569736894711e-10   12   10    2    1
 -3.337588738703462e-08   12   10    2    2
 -4.92698200150986e-09   12   10    3    1
 2.116322070207696e-08   12   10    3    2
 -3.88886955832677e-08   12   10    3    3
 6.650558635265762e-09   12   10    4    1
 -6.706347268404255e-09   12   10    4    2
 1.472152524346166e-08   12   10    4    3
 5.104679001219487e-08   12   10    4    4
 -1.77009844395366e-08   12   10    5    1
 -4.215062182864888e-09   12   10    5    2
 1.366456617011283e-08   12   10    5    3
 -7.102103387217838e-08   12   10    5    4
 -1.094385538642123e-07   12   10    5    5
 -4.992373752701071e-09   12   10    6    1
 1.893012548501288e-07   12   10    6    2
 -1.260666423541546e-07   12   10    6    3
 4.900154673688702e-08   12   10    6    4
 2.75052020197012e-07   12   10    6    5
 9.173882777306092e-08   12   10    6    6
 2.107782908410808e-05   12   10    7    1
 0.002237740006732462   12   10    7    2
 -0.002000616815184122   12   10    7    3
 0.001190750898249633   12   10    7    4
 0.004458643874082033   12   10    7    5
 0.0006679250883977155   12   10    7    6
 -3.793070772551107e-07   12   10    7    7
 4.634250247661773e-09   12   10    8    1
 1.000047721169436e-07   12   10    8    2
 -8.67516823242873e-08   12   10    8    3
 7.716250759911138e-08   12   10    8    4
 1.875287489943807e-07   12   10    8    5
 2.237607419054534e-07   12   10    8    6
 0.002994683258522337   12   10    8    7
 3.012706301099456e-07   12   10    8    8
 2.265522946235805e-08   12   10    9    1
 3.731222870613842e-08   12   10    9    2
 7.828262986702252e-08   12   10    9    3
 4.45026216586901e-08   12   10    9    4
 -4.187349027961733e-09   12   10    9    5
 -1.203911589820372e-07   12   10    9    6
 -0.002212112986952823   12   10    9    7
 -8.928360523727912e-08   12   10    9    8
 1.424011884014676e-08   12   10    9    9
 -3.715488220413111e-05   12   10   10    1
 -0.004668114781993765   12   10   10    2
 -3.66342389574821e-05   12   10   10    3
 -0.002627746156396308   12   10   10    4
 0.005964135437620418   12   10   10    5
 0.00489341039422158   12   10   10    6
 -2.535153784752772e-07   12   10   10    7
 6.828578408237708e-06   12   10   10    8
 -0.0006062484081883434   12   10   10    9
 -1.339523889953109e-08   12   10   10   10
 -4.076205486348718e-05   12   10   11    1
 0.001550854439480362   12   10   11    2
 0.002793119556070138   12   10   11    3
 -0.002121596257418225   12   10   11    4
 -0.0008294560604831184   12   10   11    5
 -0.001044486801918596   12   10   11    6
 1.338875058482781e-07   12   10   11    7
 -0.001508366885977752   12   10   11    8
 -0.006746396039687884   12   10   11    9
 4.450829894059194e-08   12   10   11   10
 9.246068635269272e-09   12   10   11   11
 -2.946558545085398e-08   12   10   12    1
 1.93689644172409e-10   12   10   12    2
 -2.544676295917553e-08   12   10   12    3
 -1.3644890560338e-08   12   10   12    4
 -1.301029832929845e-08   12   10   12    5
 -6.019953785203853e-10   12   10   12    6
 -1.288020902953329e-05   12   10   12    7
 1.529456440818648e-09   12   10   12    8
 -1.52042707290643e-08   12   10   12    9
 0.008893624512863194   12   10   12   10
 8.846567265416214e-08   12   11    1    1
 2.909470987843545e-09   12   11    2    1
 -1.574898613051881e-07   12   11    2    2
 -8.145648227955334e-09   12   11    3    1
 2.155269450295164e-07   12   11    3    2
 -2.978065679339032e-07   12   11    3    3
 1.481059131730712e-08   12   11    4    1
 -2.279140979082091e-08   12   11    4    2
 1.703775880290155e-07   12   11    4    3
 1.508270901850385e-07   12   11    4    4
 -3.452877903129933e-08   12   11    5    1
 -1.811190196828404e-07   12   11    5    2
 -8.869188765551696e-08   12   11    5    3
 -1.872819815544083e-07   12   11    5    4
 -1.379077277139377e-07   12   11    5    5
 -9.407692944821209e-09   12   11    6    1
 2.828143921803009e-07   12   11    6    2
 -2.389451427880638e-07   12   11    6    3
 -4.934002266466704e-08   12   11    6    4
 3.245690464018053e-07   12   11    6    5
 -3.874778337701852e-07   12   11    6    6
 7.173440841854765e-05   12   11    7    1
 0.004349512329233075   12   11    7    2
 -0.002679835954158116   12   11    7    3
 0.001350693585957376   12   11    7    4
 0.003446760915994711   12   11    7    5
 -0.0014059765819129   12   11    7    6
 -4.582110327353612e-07   12   11    7    7
 8.43054270018677e-09   12   11    8    1
 1.867017304965451e-07   12   11    8    2
 -1.249259794982532e-07   12   11    8    3
 1.727330673413015e-07   12   11    8    4
 -9.398747106157423e-08   12   11    8    5
 1.116672322569613e-07   12   11    8    6
 0.002187174090427763   12   11    8    7
 1.398131426218254e-07   12   11    8    8
 4.528888794639637e-08   12   11    9    1
 -3.058048849816269e-08   12   11    9    2
 2.064891042786401e-07   12   11    9    3
 3.707133342735208e-07   12   11    9    4
 -3.385198058952796e-08   12   11    9    5
 -8.076764300329844e-09   12   11    9    6
 -0.001827576329310189   12   11    9    7
 1.150191855780345e-07   12   11    9    8
 2.958141346004422e-08   12   11    9    9
 0.000123079778893535   12   11   10    1
 0.001925145724529483   12   11   10    2
 0.003839911143259352   12   11   10    3
 -0.001252525532122002   12   11   10    4
 -0.0006389994535075563   12   11   10    5
 -0.001033165650180585   12   11   10    6
 2.948241119044672e-07   12   11   10    7
 -0.002741396227183809   12   11   10    8
 -0.005401440983132226   12   11   10    9
 2.461680845045727e-08   12   11   10   10
 0.0001332194386156263   12   11   11    1
 -0.003781247462363448   12   11   11    2
 0.0002585683591581673   12   11   11    3
 -0.001225997940242839   12   11   11    4
 0.005284048892966254   12   11   11    5
 0.003513905635731329   12   11   11    6
 -1.254947744707958e-07   12   11   11    7
 -0.0006515091208441242   12   11   11    8
 -0.001114053059477111   12   11   11    9
 1.610619649229031e-08   12   11   11   10
 1.084082383763654e-08   12   11   11   11
 -5.651191500153871e-08   12   11   12    1
 -6.024622750164451e-08   12   11   12    2
 2.133562285728643e-08   12   11   12    3
 6.406283362129312e-08   12   11   12    4
 -1.08548727804845e-07   12   11   12    5
 8.205528339646903e-08   12   11   12    6
 -0.0002380238584732907   12   11   12    7
 1.470909272884874e-07   12   11   12    8
 3.021868574793389e-08   12   11   12    9
 0.0009487767650745749   12   11   12   10
 0.007460687685686799   12   11   12   11
 0.4837335515037192   12   12    1    1
 -0.0002129372626875807   12   12    2    1
 0.3310240821389761   12   12    2    2
 -0.002000289405660628   12   12    3    1
 0.02706722069551053   12   12    3    2
 0.3451043924505125   12   12    3    3
 -0.002830613974607238   12   12    4    1
 0.005745482364562679   12   12    4    2
 0.04139339105138366   12   12    4    3
 0.3477033781592596   12   12    4    4
 0.000249640472347958   12   12    5    1
 -0.006524106131366257   12   12    5    2
 0.02078311853571127   12   12    5    3
 -0.003246478808711074   12   12    5    4
 0.3437025474825632   12   12    5    5
 -0.0004918511569722029   12   12    6    1
 -0.01834077765729692   12   12    6    2
 0.005099406823514492   12   12    6    3
 -0.01100975389470706   12   12    6    4
 0.01649913714431004   12   12    6    5
 0.3246345395603896   12   12    6    6
 1.305573755693252e-07   12   12    7    1
 3.018161867477934e-06   12   12    7    2
 3.506427283290621e-08   12   12    7    3
 8.15399004539913e-07   12   12    7    4
 5.980050292837937e-07   12   12    7    5
 -3.484179300066564e-06   12   12    7    6
 0.2877052021320253   12   12    7    7
 -0.001769715074911587   12   12    8    1
 -0.03777957252926   12   12    8    2
 -0.003334354477782514   12   12    8    3
 -0.001156228978324577   12   12    8    4
 -0.02379060579687471   12   12    8    5
 0.02571113336235605   12   12    8    6
 -5.723460230705909e-06   12   12    8    7
 0.3646045018063612   12   12    8    8
 -0.0002586119548948035   12   12    9    1
 0.007579210063611274   12   12    9    2
 -0.02297178225900816   12   12    9    3
 0.01813434254066853   12   12    9    4
 -0.01873020741812357   12   12    9    5
 -0.005088768064362406   12   12    9    6
 4.505360206756342e-07   12   12    9    7
 -0.002047625416036029   12   12    9    8
 0.3586335337616734   12   12    9    9
 2.841851753285679e-08   12   12   10    1
 1.025061257889647e-07   12   12   10    2
 4.034334143035773e-08   12   12   10    3
 2.251789005266779e-08   12   12   10    4
 -1.387234713756212e-07   12   12   10    5
 1.487121290523577e-06   12   12   10    6
 0.02497269462740708   12   12   10    7
 1.315172768844404e-06   12   12   10    8
 -4.107357758322975e-08   12   12   10    9
 0.3599906245700908   12   12   10   10
 4.242946556294577e-08   12   12   11    1
 1.330358450933549e-08   12   12   11    2
 9.100082172162492e-08   12   12   11    3
 -9.750422766543152e-09   12   12   11    4
 -1.728402812781782e-07   12   12   11    5
 1.224620957788568e-06   12   12   11    6
 0.0199732693115524   12   12   11    7
 1.030949364131909e-06   12   12   11    8
 -1.483283263266477e-08   12   12   11    9
 0.01314605763570051   12   12   11   10
 0.3668636128441474   12   12   11   11
 0.0007980593192491035   12   12   12    1
 0.00671622486173401   12   12   12    2
 -0.00462125729662831   12   12   12    3
 -0.007951216377816525   12   12   12    4
 0.03805361263069304   12   12   12    5
 0.008624502066957151   12   12   12    6
 -8.953235746218343e-07   12   12   12    7
 0.01063095990033378   12   12   12    8
 0.005676056495532165   12   12   12    9
 -2.495918169441177e-08   12   12   12   10
 -1.20472771643028e-08   12   12   12   11
 0.3665977093647503   12   12   12   12
 -0.2024660704386898   13    1    1    1
 0.003735346738357424   13    1    2    1
 -0.002757163867407836   13    1    2    2
 0.01682082755678711   13    1    3    1
 -0.004843157247356634   13    1    3    2
 -0.001573480129718023   13    1    3    3
 0.02043261471767594   13    1    4    1
 -0.002337444471711077   13    1    4    2
 -0.003091323851283858   13    1    4    3
 -0.003935215054335859   13    1    4    4
 0.00418485350735302   13    1    5    1
 0.0002761337693856594   13    1    5    2
 -0.001023190584600686   13    1    5    3
 -0.001078815972687119   13    1    5    4
 -0.00178964208024909   13    1    5    5
 0.002477225380420031   13    1    6    1
 0.0006351861019409654   13    1    6    2
 0.002553775267045547   13    1    6    3
 0.003721364345336067   13    1    6    4
 -0.0008827634859866317   13    1    6    5
 -0.000745048437819683   13    1    6    6
 -4.496034854499661e-07   13    1    7    1
 -1.74002760548289e-07   13    1    7    2
 -3.762179132731828e-07   13    1    7    3
 -4.737356619076313e-07   13    1    7    4
 -1.109899684755492e-07   13    1    7    5
 2.460619262712624e-07   13    1    7    6
 0.002224765584100209   13    1    7    7
 0.006735877163248969   13    1    8    1
 0.002809647873984907   13    1    8    2
 0.005089975434675406   13    1    8    3
 0.005196841288764898   13    1    8    4
 0.002709968200879609   13    1    8    5
 -0.001325026810795105   13    1    8    6
 3.320547216677333e-07   13    1    8    7
 -0.002275018027296448   13    1    8    8
 -0.002939980875382486   13    1    9    1
 0.0003681879650856287   13    1    9    2
 -0.001449508394984628   13    1    9    3
 -0.001755734276539073   13    1    9    4
 -0.0006855749324611487   13    1    9    5
 -0.00145736437288763   13    1    9    6
 1.192848631557747e-07   13    1    9    7
 -0.0009602295741624394   13    1    9    8
 -0.0003829541745995722   13    1    9    9
 4.158915221882045e-08   13    1   10    1
 6.647491762640058e-08   13    1   10    2
 1.212865931930347e-07   13    1   10    3
 1.328080723535997e-07   13    1   10    4
 3.793187559672109e-08   13    1   10    5
 -1.063379625107805e-07   13    1   10    6
 -0.001532882139530117   13    1   10    7
 -1.13264643417723e-07   13    1   10    8
 3.612913180246983e-09   13    1   10    9
 -0.004759006824190052   13    1   10   10
 -5.890437485901722e-09   13    1   11    1
 2.351585760558565e-08   13    1   11    2
 1.173909895502778e-07   13    1   11    3
 1.576067046165519e-07   13    1   11    4
 2.984108853715518e-08   13    1   11    5
 -1.578206254440091e-08   13    1   11    6
 -0.0001814478060686894   13    1   11    7
 1.16075775178254e-08   13    1   11    8
 -2.068249085924385e-09   13    1   11    9
 -0.0002490994248764872   13    1   11   10
 -0.004135702399604796   13    1   11   11
 0.001616918840931145   13    1   12    1
 0.001250331684112959   13    1   12    2
 0.000116423831288388   13    1   12    3
 0.001613488353296322   13    1   12    4
 -0.001888482807417876   13    1   12    5
 -0.002232739760987833   13    1   12    6
 1.621652480027068e-07   13    1   12    7
 -0.0007001762346221707   13    1   12    8
 0.002377572219638297   13    1   12    9
 -6.559392968473475e-09   13    1   12   10
 -9.942907541901349e-09   13    1   12   11
 -0.003215339649022111   13    1   12   12
 0.02405144301380477   13    1   13    1
 -0.002929497966079653   13    2    1    1
 -3.365643635126047e-05   13    2    2    1
 -0.005538335024080261   13    2    2    2
 -0.0002364151780048671   13    2    3    1
 0.001567821243035535   13    2    3    2
 -0.001523452006381305   13    2    3    3
 -0.0005899451914685385   13    2    4    1
 -0.005527956405391041   13    2    4    2
 0.0009633203419052699   13    2    4    3
 -0.007996220589562852   13    2    4    4
 0.0003761599177528764   13    2    5    1
 -0.002933237093583589   13    2    5    2
 0.007361255932635296   13    2    5    3
 0.002167875509658683   13    2    5    4
 -0.0006786069920133128   13    2    5    5
 4.194622012585366e-05   13    2    6    1
 0.001718385346127565   13    2    6    2
 0.004052604730441294   13    2    6    3
 -0.0006614201663167898   13    2    6    4
 -0.0001805723412563873   13    2    6    5
 -0.006717288190165896   13    2    6    6
 2.881109605182708e-08   13    2    7    1
 5.079794024027595e-08   13    2    7    2
 -5.088619928707391e-07   13    2    7    3
 2.65868144116677e-07   13    2    7    4
 2.998363718443335e-07   13    2    7    5
 7.667108022390603e-07   13    2    7    6
 0.005770194249567211   13    2    7    7
 -0.0003615413747421802   13    2    8    1
 -0.001188312818960417   13    2    8    2
 0.005796097342691489   13    2    8    3
 -0.002895434754203299   13    2    8    4
 -0.00176277249407425   13    2    8    5
 -0.002287776126120326   13    2    8    6
 9.787003716745773e-07   13    2    8    7
 -0.005668575291354556   13    2    8    8
 -0.0004359393415468538   13    2    9    1
 0.003127053652859049   13    2    9    2
 -0.007455343353540532   13    2    9    3
 0.0006399120680959943   13    2    9    4
 0.0006417823299423271   13    2    9    5
 0.001283586092132745   13    2    9    6
 2.283316103822181e-08   13    2    9    7
 -0.003859851533710908   13    2    9    8
 -0.003406092170748997   13    2    9    9
 3.60647262815916e-08   13    2   10    1
 -1.711392653254748e-07   13    2   10    2
 2.332770170691899e-08   13    2   10    3
 1.266327240781672e-07   13    2   10    4
 7.064193876880466e-09   13    2   10    5
 -8.20564003042567e-08   13    2   10    6
 -0.001495949671879946   13    2   10    7
 -1.363464468965313e-07   13    2   10    8
 3.024547202799989e-08   13    2   10    9
 -0.001280884749152872   13    2   10   10
 4.37745165239795e-08   13    2   11    1
 7.196639461030287e-08   13    2   11    2
 2.55362055376675e-07   13    2   11    3
 -2.564278895316622e-08   13    2   11    4
 -6.555920074323068e-08   13    2   11    5
 3.436154220193444e-08   13    2   11    6
 -0.0005324513065410591   13    2   11    7
 -7.472679551086378e-08   13    2   11    8
 -2.170925807335485e-08   13    2   11    9
 0.001114028870995463   13    2   11   10
 -0.000626071451617953   13    2   11   11
 0.0006482901412597939   13    2   12    1
 0.005984823808957987   13    2   12    2
 0.00323668774438922   13    2   12    3
 0.000120666534125968   13    2   12    4
 -0.001463301873980022   13    2   12    5
 0.0001541557100375406   13    2   12    6
 -8.829629056402941e-09   13    2   12    7
 -0.003918431730757727   13    2   12    8
 -0.002301657832897487   13    2   12    9
 6.759541537398074e-08   13    2   12   10
 -3.067389262502576e-09   13    2   12   11
 -0.004560696220263638   13    2   12   12
 -0.00053408433753033   13    2   13    1
 0.01227102357914549   13    2   13    2
 0.09902874829979254   13    3    1    1
 -0.001674608705315584   13    3    2    1
 0.002797049365770801   13    3    2    2
 -0.002489591267025941   13    3    3    1
 0.006761822483615278   13    3    3    2
 -0.0003498546101246296   13    3    3    3
 -0.003068997578269484   13    3    4    1
 0.001786805011704141   13    3    4    2
 0.01242922753723892   13    3    4    3
 0.01692569989631647   13    3    4    4
 -0.0007022922027403847   13    3    5    1
 0.004433370355912524   13    3    5    2
 -0.00455685993684041   13    3    5    3
 0.002442453421379953   13    3    5    4
 0.002289329073465779   13    3    5    5
 0.001171711869075688   13    3    6    1
 0.0002444448559448513   13    3    6    2
 0.003367512776782362   13    3    6    3
 0.0005953150595999053   13    3    6    4
 0.004077156596546293   13    3    6    5
 0.0008055682107388723   13    3    6    6
 -1.55709194278391e-07   13    3    7    1
 2.109088057040722e-07   13    3    7    2
 -1.739528978771947e-07   13    3    7    3
 -3.206882670452709e-07   13    3    7    4
 3.625705915633555e-07   13    3    7    5
 -1.471874674098269e-06   13    3    7    6
 -0.01820629967473719   13    3    7    7
 0.001975136964731357   13    3    8    1
 -0.001141366545493499   13    3    8    2
 -0.006974258927282953   13    3    8    3
 0.009356424436627127   13    3    8    4
 -0.01215460742076294   13    3    8    5
 0.008227582932338559   13    3    8    6
 -2.276186312789008e-06   13    3    8    7
 0.009618822850349696   13    3    8    8
 -0.0005865543017913409   13    3    9    1
 -0.003322213543734593   13    3    9    2
 0.006887489872431632   13    3    9    3
 0.0008511179174516884   13    3    9    4
 -0.002310100990085227   13    3    9    5
 -0.00273054422077412   13    3    9    6
 1.02876727210132e-07   13    3    9    7
 0.004452448011975031   13    3    9    8
 0.004300974784387402   13    3    9    9
 8.587667623423707e-08   13    3   10    1
 -1.046933955749316e-09   13    3   10    2
 1.114365342138108e-07   13    3   10    3
 1.073532112403886e-07   13    3   10    4
 -2.56229701038678e-10   13    3   10    5
 6.23776027194054e-07   13    3   10    6
 0.01185186762875661   13    3   10    7
 6.562844156051162e-07   13    3   10    8
 -3.041781982992719e-09   13    3   10    9
 0.0202300440532292   13    3   10   10
 1.05778580015468e-07   13    3   11    1
 2.181544257309409e-07   13    3   11    2
 -7.106002927835054e-08   13    3   11    3
 6.679957593454444e-08   13    3   11    4
 -7.613395221887526e-08   13    3   11    5
 4.158881261483259e-07   13    3   11    6
 0.007390433398407287   13    3   11    7
 3.040398268036393e-07   13    3   11    8
 1.009753429845543e-07   13    3   11    9
 0.01864085468801759   13    3   11   10
 0.0263053159270113   13    3   11   11
 0.0006426072465775163   13    3   12    1
 0.0008623333548925632   13    3   12    2
 0.005740692910553706   13    3   12    3
 -0.001665939891043288   13    3   12    4
 0.007862054632093982   13    3   12    5
 0.005915263919176249   13    3   12    6
 -6.647154501249231e-08   13    3   12    7
 -0.001603052348968801   13    3   12    8
 -0.01250091324614596   13    3   12    9
 -3.86076128412234e-08   13    3   12   10
 1.788622981717849e-08   13    3   12   11
 0.005890849247254599   13    3   12   12
 -0.0006030732630377294   13    3   13    1
 -0.01118547654002442   13    3   13    2
 0.03478203871331383   13    3   13    3
 0.1435843366452729   13    4    1    1
 -0.002359760366088226   13    4    2    1
 0.005382847346031014   13    4    2    2
 -0.003116967297044972   13    4    3    1
 0.004163252153530056   13    4    3    2
 0.02506149915007383   13    4    3    3
 -0.003634658118344203   13    4    4    1
 -0.001797563377399578   13    4    4    2
 0.02394557718142055   13    4    4    3
 0.01899214423347025   13    4    4    4
 -0.001141773934494378   13    4    5    1
 0.004890369177059555   13    4    5    2
 0.01447058953098179   13    4    5    3
 0.0004012471332865443   13    4    5    4
 0.01220987600753528   13    4    5    5
 0.001827188345821187   13    4    6    1
 -0.004563547846432616   13    4    6    2
 0.01401305002487274   13    4    6    3
 -0.002634066568291888   13    4    6    4
 0.003004411617354799   13    4    6    5
 0.006901480159315966   13    4    6    6
 -2.61165896463749e-07   13    4    7    1
 1.02005122142773e-06   13    4    7    2
 -1.081906939996107e-06   13    4    7    3
 -3.692484601415335e-07   13    4    7    4
 3.926315970636182e-08   13    4    7    5
 -4.62435069638777e-07   13    4    7    6
 0.01303812508721272   13    4    7    7
 0.003391279576827195   13    4    8    1
 -0.01314113085788688   13    4    8    2
 0.01051585738323981   13    4    8    3
 0.01005588397590621   13    4    8    4
 -0.003080443292783471   13    4    8    5
 0.01423917368320748   13    4    8    6
 -1.632544326816294e-06   13    4    8    7
 0.02889952756459721   13    4    8    8
 -0.000681857140918605   13    4    9    1
 0.01031791686962741   13    4    9    2
 -0.01723423777279545   13    4    9    3
 -0.00263404454783937   13    4    9    4
 -0.01239085519481324   13    4    9    5
 -0.0002971210097055222   13    4    9    6
 3.888022077503015e-07   13    4    9    7
 -0.008751770766006516   13    4    9    8
 0.01572726905483104   13    4    9    9
 1.267732752879402e-07   13    4   10    1
 2.604706244500525e-07   13    4   10    2
 2.420124843132558e-07   13    4   10    3
 2.081929423616428e-07   13    4   10    4
 -5.750998889159152e-08   13    4   10    5
 6.909523230248185e-07   13    4   10    6
 0.01132839169976173   13    4   10    7
 5.153185127469068e-07   13    4   10    8
 1.309861183563869e-08   13    4   10    9
 0.03533418268938607   13    4   10   10
 1.538716512425577e-07   13    4   11    1
 -8.313093165903452e-08   13    4   11    2
 1.275870209625069e-07   13    4   11    3
 1.422538587774884e-07   13    4   11    4
 -6.673297330481658e-09   13    4   11    5
 7.555727265611793e-07   13    4   11    6
 0.01356428523032133   13    4   11    7
 7.144766415866634e-07   13    4   11    8
 -4.027458357064296e-08   13    4   11    9
 0.03230078146517373   13    4   11   10
 0.04419319244687135   13    4   11   11
 0.0005119077190139479   13    4   12    1
 0.001715670390729838   13    4   12    2
 0.000544810346048934   13    4   12    3
 -0.007281136827609814   13    4   12    4
 0.01939200950000736   13    4   12    5
 -0.001885687491344256   13    4   12    6
 6.022300089140878e-07   13    4   12    7
 -0.008371627188412945   13    4   12    8
 -0.01611906373314739   13    4   12    9
 -7.605914595053054e-09   13    4   12   10
 -7.03637488334538e-08   13    4   12   11
 0.01238148610336622   13    4   12   12
 -5.156744598929441e-05   13    4   13    1
 0.00576978129739439   13    4   13    2
 0.007671251367936219   13    4   13    3
 0.03654527333965688   13    4   13    4
 0.02335250333960397   13    5    1    1
 5.081507971718421e-05   13    5    2    1
 -0.01113485937581631   13    5    2    2
 -0.000406809283299588   13    5    3    1
 0.02209211413420268   13    5    3    2
 -0.02360929335309898   13    5    3    3
 -0.001058510743119124   13    5    4    1
 -0.002502775476286827   13    5    4    2
 0.01724299651592735   13    5    4    3
 -0.0005439327036699   13    5    4    4
 0.0006737425697646374   13    5    5    1
 -0.005442656219355814   13    5    5    2
 -0.003258439784833984   13    5    5    3
 -0.004893969829744567   13    5    5    4
 -0.01101083885336592   13    5    5    5
 -0.0001212321288718069   13    5    6    1
 -0.001600135369295626   13    5    6    2
 0.001845739609499481   13    5    6    3
 -0.01369638074686691   13    5    6    4
 0.01098700400261592   13    5    6    5
 -0.0177049641010727   13    5    6    6
 6.375911228636628e-08   13    5    7    1
 7.844123766152956e-07   13    5    7    2
 1.330307075642045e-07   13    5    7    3
 8.844679063555984e-07   13    5    7    4
 7.115323109627424e-07   13    5    7    5
 -1.306903615641787e-06   13    5    7    6
 -0.03186567502291847   13    5    7    7
 -0.001000972385037528   13    5    8    1
 -0.009269771621343835   13    5    8    2
 -0.01029936591633807   13    5    8    3
 0.001934493342207866   13    5    8    4
 -0.0213279994666515   13    5    8    5
 0.009356515307110895   13    5    8    6
 -1.74329037582128e-06   13    5    8    7
 -0.009539501027344553   13    5    8    8
 -0.000757114881087411   13    5    9    1
 0.00052974142148215   13    5    9    2
 0.006844285049879377   13    5    9    3
 0.01605271604362528   13    5    9    4
 -0.001396672384149305   13    5    9    5
 0.00809934266650298   13    5    9    6
 -1.225276737586675e-06   13    5    9    7
 0.01486170946653648   13    5    9    8
 -0.004852932682346119   13    5    9    9
 5.284032915285165e-09   13    5   10    1
 5.620856953201734e-09   13    5   10    2
 8.316687360873261e-08   13    5   10    3
 -9.341244211881456e-08   13    5   10    4
 -1.154060789169825e-07   13    5   10    5
 5.750305090868605e-07   13    5   10    6
 0.009831542320390529   13    5   10    7
 4.549461476647038e-07   13    5   10    8
 -5.222631625563768e-08   13    5   10    9
 0.008984287826036302   13    5   10   10
 8.408230752215658e-09   13    5   11    1
 -5.904313975927136e-08   13    5   11    2
 -6.984204851714484e-08   13    5   11    3
 -1.703231777155119e-08   13    5   11    4
 -7.43744392107762e-08   13    5   11    5
 -4.183503606881822e-08   13    5   11    6
 -0.0004333281835544692   13    5   11    7
 -1.614647804629753e-07   13    5   11    8
 1.739771064915219e-07   13    5   11    9
 0.0005791090969879852   13    5   11   10
 0.009265647037061311   13    5   11   11
 0.001121744973901167   13    5   12    1
 -0.005697015075077727   13    5   12    2
 0.006347796835987731   13    5   12    3
 0.01009477326678137   13    5   12    4
 0.001986807188224588   13    5   12    5
 0.01419204168412788   13    5   12    6
 -1.304384466257969e-06   13    5   12    7
 0.007722332215933016   13    5   12    8
 -0.0006038711945048635   13    5   12    9
 3.310512235761591e-08   13    5   12   10
 2.05279983390269e-07   13    5   12   11
 -3.152568569300384e-05   13    5   12   12
 -0.001124789724330215   13    5   13    1
 0.001646351011653453   13    5   13    2
 0.009279603730974377   13    5   13    3
 -0.002932814299230378   13    5   13    4
 0.02698495762919396   13    5   13    5
 0.08283793698713401   13    6    1    1
 -0.0007294844175553418   13    6    2    1
 0.01703232000644927   13    6    2    2
 -0.0006923049590705324   13    6    3    1
 0.013611402586496   13    6    3    2
 0.01953257802294863   13    6    3    3
 -0.0008691244484514405   13    6    4    1
 -0.0007535483772319262   13    6    4    2
 0.02432063301895685   13    6    4    3
 0.02358993881975875   13    6    4    4
 -0.0002023424043028998   13    6    5    1
 -0.005569645395500295   13    6    5    2
 0.003861822726259355   13    6    5    3
 -0.0003575856949848338   13    6    5    4
 0.0228102495335593   13    6    5    5
 0.0006990936031473939   13    6    6    1
 -0.01160112691994393   13    6    6    2
 0.007361195454601988   13    6    6    3
 -0.01005836366134137   13    6    6    4
 0.0084631969097697   13    6    6    5
 0.0006201322928047838   13    6    6    6
 -7.917369159948195e-08   13    6    7    1
 2.569461809569914e-06   13    6    7    2
 -1.82826458781472e-06   13    6    7    3
 7.088431556167966e-07   13    6    7    4
 7.292585791441848e-07   13    6    7    5
 -1.249380111611006e-06   13    6    7    6
 -0.0003884905406128173   13    6    7    7
 0.001238506733985274   13    6    8    1
 -0.01388984992143714   13    6    8    2
 0.0006356581666378993   13    6    8    3
 0.007217316369206162   13    6    8    4
 -0.01148003353072139   13    6    8    5
 0.01561186533537839   13    6    8    6
 -2.416603318055897e-06   13    6    8    7
 0.03333592697610886   13    6    8    8
 -0.0004779112458542012   13    6    9    1
 0.001883644665420067   13    6    9    2
 -0.01197248789853876   13    6    9    3
 0.01615532371722093   13    6    9    4
 -0.01025556928931498   13    6    9    5
 0.003220020226119827   13    6    9    6
 2.181824762176591e-07   13    6    9    7
 -0.002194629543909046   13    6    9    8
 0.02236586800066274   13    6    9    9
 9.256448458653902e-08   13    6   10    1
 -3.259638497543551e-07   13    6   10    2
 3.759887635453888e-07   13    6   10    3
 -2.372289435785939e-09   13    6   10    4
 -2.680622097751696e-07   13    6   10    5
 8.613844775166712e-07   13    6   10    6
 0.01286857392759743   13    6   10    7
 5.50782758098412e-07   13    6   10    8
 -3.870074303836679e-08   13    6   10    9
 0.03756967512958164   13    6   10   10
 1.156574707774938e-07   13    6   11    1
 -5.004772644598272e-08   13    6   11    2
 1.975865561524276e-07   13    6   11    3
 -6.076143008464183e-09   13    6   11    4
 -2.731847578725562e-07   13    6   11    5
 5.828284763344202e-07   13    6   11    6
 0.008577338328448522   13    6   11    7
 2.3016835052046e-07   13    6   11    8
 1.515604156492594e-07   13    6   11    9
 0.007277040627187681   13    6   11   10
 0.04180568533230404   13    6   11   11
 0.0003416528292338374   13    6   12    1
 0.001179875328270203   13    6   12    2
 0.002164101424566978   13    6   12    3
 -0.005437297990613215   13    6   12    4
 0.01505189148886801   13    6   12    5
 0.005056213096196759   13    6   12    6
 -7.84673872412844e-07   13    6   12    7
 0.009626088833556984   13    6   12    8
 0.00327340172740462   13    6   12    9
 6.648639373509306e-08   13    6   12   10
 1.845085017097698e-07   13    6   12   11
 0.02311253106062428   13    6   12   12
 0.0005168281333980596   13    6   13    1
 0.0001371609116028412   13    6   13    2
 0.001558630996528463   13    6   13    3
 0.01500217778211647   13    6   13    4
 -0.0003505900334038301   13    6   13    5
 0.02181384016447334   13    6   13    6
 -1.028818322800815e-05   13    7    1    1
 1.379273338265346e-07   13    7    2    1
 -1.536913773776648e-06   13    7    2    2
 1.29349812242831e-07   13    7    3    1
 -1.574380664676887e-06   13    7    3    2
 -1.848993136345156e-06   13    7    3    3
 1.196241119095387e-07   13    7    4    1
 3.594219763125882e-07   13    7    4    2
 -2.316151697957176e-06   13    7    4    3
 -2.722818094928001e-06   13    7    4    4
 9.210990768027722e-08   13    7    5    1
 8.663791301569986e-07   13    7    5    2
 -3.04032550180504e-07   13    7    5    3
 -3.620991890573348e-08   13    7    5    4
 -2.059508486889468e-06   13    7    5    5
 -9.065688695639072e-08   13    7    6    1
 2.289348974876504e-06   13    7    6    2
 -2.123378360652545e-06   13    7    6    3
 1.107665484835791e-06   13    7    6    4
 -2.153103377045462e-07   13    7    6    5
 -1.584998103338221e-06   13    7    6    6
 0.0005084182512650571   13    7    7    1
 0.02320400328183592   13    7    7    2
 -0.02658350858848916   13    7    7    3
 0.009811793395509825   13    7    7    4
 0.009456545670557519   13    7    7    5
 -0.00585621667484458   13    7    7    6
 6.202731712626331e-07   13    7    7    7
 -2.401971797101136e-07   13    7    8    1
 2.873232855390816e-06   13    7    8    2
 -1.915407500986641e-06   13    7    8    3
 1.23343938867039e-08   13    7    8    4
 1.82476715091677e-06   13    7    8    5
 -1.603647826516809e-06   13    7    8    6
 0.007314700693056713   13    7    8    7
 -2.471784696169787e-06   13    7    8    8
 1.749667826044628e-08   13    7    9    1
 -1.858960785647511e-07   13    7    9    2
 1.140749783950648e-06   13    7    9    3
 -1.05197555468429e-06   13    7    9    4
 3.277801842244771e-07   13    7    9    5
 1.567458715694858e-07   13    7    9    6
 0.0037237510340976   13    7    9    7
 4.064167423729641e-07   13    7    9    8
 -2.219513756801144e-06   13    7    9    9
 0.001487763046801038   13    7   10    1
 -0.006321286384398795   13    7   10    2
 0.007987849606923484   13    7   10    3
 -0.0003383459173914734   13    7   10    4
 -0.003874439078593478   13    7   10    5
 0.001817219851001811   13    7   10    6
 -1.555465863034792e-06   13    7   10    7
 -0.003147902024855978   13    7   10    8
 0.0005008966736702916   13    7   10    9
 -3.85683155166881e-06   13    7   10   10
 0.001861730501924998   13    7   11    1
 -0.002257312469727704   13    7   11    2
 0.0035634122012278   13    7   11    3
 0.001314720310418416   13    7   11    4
 -0.004244814682966938   13    7   11    5
 0.001557352570318116   13    7   11    6
 -1.136241374140232e-06   13    7   11    7
 -0.00387871424916814   13    7   11    8
 0.001931586689914278   13    7   11    9
 -9.16877529910953e-07   13    7   11   10
 -4.574226273001955e-06   13    7   11   11
 2.59499013157822e-08   13    7   12    1
 -1.055998577753843e-07   13    7   12    2
 2.35593967235539e-07   13    7   12    3
 7.933307476861461e-07   13    7   12    4
 -1.401326913836345e-06   13    7   12    5
 -8.442050386310738e-07   13    7   12    6
 -0.003230226439766542   13    7   12    7
 -7.41517041619531e-07   13    7   12    8
 4.977432636700123e-07   13    7   12    9
 0.001865786041938679   13    7   12   10
 0.002394635593731232   13    7   12   11
 -2.237743209470577e-06   13    7   12   12
 -8.988888136111154e-08   13    7   13    1
 2.174725619009096e-07   13    7   13    2
 -8.223329367907014e-07   13    7   13    3
 -1.933603125397386e-06   13    7   13    4
 2.882226838780231e-08   13    7   13    5
 -4.687603463142052e-07   13    7   13    6
 0.02320184470444874   13    7   13    7
 0.1003491389708646   13    8    1    1
 -0.001661558252446673   13    8    2    1
 -0.001305316223111248   13    8    2    2
 -0.001895147629357829   13    8    3    1
 0.02269829065889335   13    8    3    2
 -0.01424514924317826   13    8    3    3
 -0.001375717830327959   13    8    4    1
 -0.007269869814809806   13    8    4    2
 0.02473117740900799   13    8    4    3
 0.01162986021258085   13    8    4    4
 -0.001858745106919845   13    8    5    1
 -0.01137539535050211   13    8    5    2
 -0.00616455181846912   13    8    5    3
 0.00135608466111867   13    8    5    4
 -0.004520949383926678   13    8    5    5
 0.001181951735131607   13    8    6    1
 -0.006787165905982526   13    8    6    2
 0.00582947743524226   13    8    6    3
 -0.009749815493513938   13    8    6    4
 0.01112706712292151   13    8    6    5
 -0.008515630300976681   13    8    6    6
 -2.302208281206914e-07   13    8    7    1
 2.636752102168956e-06   13    8    7    2
 -2.237507729741643e-06   13    8    7    3
 1.129832299568502e-06   13    8    7    4
 1.352964683626391e-06   13    8    7    5
 -2.543148591158669e-06   13    8    7    6
 -0.02793646171689758   13    8    7    7
 0.003313064394711022   13    8    8    1
 -0.01158380580201264   13    8    8    2
 -0.003967641070758015   13    8    8    3
 0.004919281802350179   13    8    8    4
 -0.02169938495189125   13    8    8    5
 0.01973392498783625   13    8    8    6
 -2.626841679341705e-06   13    8    8    7
 0.007423113956890658   13    8    8    8
 0.0006899270273331547   13    8    9    1
 -0.002135201865539654   13    8    9    2
 0.0005777361712687332   13    8    9    3
 0.01032499491278066   13    8    9    4
 0.006874969077988437   13    8    9    5
 0.006883407755334532   13    8    9    6
 -3.238086960657539e-07   13    8    9    7
 0.005231719377916898   13    8    9    8
 -0.002984369911783982   13    8    9    9
 7.951656527890572e-08   13    8   10    1
 -5.060613749627815e-07   13    8   10    2
 4.616747675915269e-07   13    8   10    3
 -1.820467106958745e-07   13    8   10    4
 -3.996001322392219e-07   13    8   10    5
 9.933404933113125e-07   13    8   10    6
 0.01473506839813663   13    8   10    7
 5.732693259852455e-07   13    8   10    8
 2.98866950669102e-08   13    8   10    9
 0.02504606288406449   13    8   10   10
 1.009849672924211e-07   13    8   11    1
 -1.513556096550735e-07   13    8   11    2
 4.590401002502209e-08   13    8   11    3
 -1.487932136420536e-07   13    8   11    4
 -4.191270231718343e-07   13    8   11    5
 3.494440498386903e-07   13    8   11    6
 0.00474959920017429   13    8   11    7
 -2.082870203130363e-07   13    8   11    8
 2.128556750467194e-07   13    8   11    9
 0.01288964239107069   13    8   11   10
 0.03244185424835085   13    8   11   11
 -0.00138669961107146   13    8   12    1
 -0.006076427419864847   13    8   12    2
 -0.001307075064951013   13    8   12    3
 -0.007097949712965231   13    8   12    4
 0.006871335000512761   13    8   12    5
 0.01468110833935577   13    8   12    6
 -1.247101312031814e-06   13    8   12    7
 0.002041344637504673   13    8   12    8
 -0.01879251145799377   13    8   12    9
 1.501548376213924e-07   13    8   12   10
 2.314666315324653e-07   13    8   12   11
 -0.0001248876579080204   13    8   12   12
 0.0009674540799091996   13    8   13    1
 -0.0003823907888127258   13    8   13    2
 0.02452404038980677   13    8   13    3
 0.02099639747118219   13    8   13    4
 0.01888191033948127   13    8   13    5
 0.005439645079768422   13    8   13    6
 -2.832925855671694e-07   13    8   13    7
 0.04734109734449812   13    8   13    8
 -0.04062604265381586   13    9    1    1
 0.0003941643848078   13    9    2    1
 0.01331275574617869   13    9    2    2
 0.0004882862038559526   13    9    3    1
 -0.02806066586070733   13    9    3    2
 0.03150018520509056   13    9    3    3
 0.001041977454550252   13    9    4    1
 0.01127844915262505   13    9    4    2
 -0.02714998148913546   13    9    4    3
 -0.005453696466280483   13    9    4    4
 -0.0004308766760189987   13    9    5    1
 0.01318506598832548   13    9    5    2
 0.007538043229915364   13    9    5    3
 0.005567786089260115   13    9    5    4
 0.0063313729165636   13    9    5    5
 -0.0004088795956216416   13    9    6    1
 0.001664889250486689   13    9    6    2
 -0.01051270303044594   13    9    6    3
 0.02469421200656224   13    9    6    4
 -0.01773614127644453   13    9    6    5
 0.02756113882747731   13    9    6    6
 3.643358653073977e-08   13    9    7    1
 -4.720410750403433e-07   13    9    7    2
 7.734570116178017e-07   13    9    7    3
 -1.037082470222505e-06   13    9    7    4
 -9.069702419842253e-07   13    9    7    5
 2.208252437105342e-06   13    9    7    6
 0.04983651506652199   13    9    7    7
 -0.0001933067465059241   13    9    8    1
 0.005528332155514665   13    9    8    2
 0.004170263830076077   13    9    8    3
 -0.01099930067699791   13    9    8    4
 0.03089881202590338   13    9    8    5
 -0.01658342787840825   13    9    8    6
 3.281417378763173e-06   13    9    8    7
 0.009475298457534167   13    9    8    8
 0.0009356985557308935   13    9    9    1
 -0.002200686556200965   13    9    9    2
 -0.004880724469014487   13    9    9    3
 -0.03061685194919107   13    9    9    4
 0.004095592415439955   13    9    9    5
 -0.01849858303674823   13    9    9    6
 1.746559344764419e-06   13    9    9    7
 -0.01652060771899906   13    9    9    8
 -0.004500276496809811   13    9    9    9
 5.618849599921222e-09   13    9   10    1
 6.207277798431486e-08   13    9   10    2
 2.401117297431355e-08   13    9   10    3
 1.281442265264559e-07   13    9   10    4
 7.047290617569345e-08   13    9   10    5
 -9.755201844416201e-07   13    9   10    6
 -0.01578926029333679   13    9   10    7
 -8.164658845815197e-07   13    9   10    8
 5.284437851587217e-08   13    9   10    9
 -0.006661156990819244   13    9   10   10
 5.937983552095923e-09   13    9   11    1
 -3.034963513328878e-08   13    9   11    2
 1.205479221980482e-07   13    9   11    3
 6.943503671399945e-08   13    9   11    4
 1.901451041417648e-07   13    9   11    5
 -1.78356839760506e-07   13    9   11    6
 -0.004491635025493558   13    9   11    7
 -1.4391430220078e-07   13    9   11    8
 -2.004102741917962e-07   13    9   11    9
 -0.006889973313506898   13    9   11   10
 -0.009981112999306761   13    9   11   11
 -0.001113197473169755   13    9   12    1
 0.001932988724343157   13    9   12    2
 -0.009811043531539275   13    9   12    3
 -0.01282012527665539   13    9   12    4
 0.004550311475505673   13    9   12    5
 -0.002915789143955648   13    9   12    6
 1.090347718349108e-06   13    9   12    7
 -0.0187400601145937   13    9   12    8
 0.004933141753393122   13    9   12    9
 -4.601917648613167e-08   13    9   12   10
 -2.506099455402213e-07   13    9   12   11
 -0.00507848544870349   13    9   12   12
 0.0001555145540675231   13    9   13    1
 0.0004009866613995206   13    9   13    2
 -0.01043963539256931   13    9   13    3
 -0.002040068297242803   13    9   13    4
 -0.02366197748853585   13    9   13    5
 -0.01000035837493692   13    9   13    6
 5.531203767164286e-07   13    9   13    7
 -0.01636827403007964   13    9   13    8
 0.03944023935633917   13    9   13    9
 2.62873139800757e-06   13   10    1    1
 3.960666594111902e-09   13   10    2    1
 -2.878122911185652e-08   13   10    2    2
 -1.379875316305688e-08   13   10    3    1
 -2.604953630228714e-08   13   10    3    2
 7.578132753426514e-07   13   10    3    3
 -1.446048774226976e-08   13   10    4    1
 3.882772310914532e-07   13   10    4    2
 5.245621805294259e-07   13   10    4    3
 8.084188036020343e-07   13   10    4    4
 -1.693210972077726e-08   13   10    5    1
 1.920660264880958e-07   13   10    5    2
 2.1581352150186e-07   13   10    5    3
 -2.35698391547955e-07   13   10    5    4
 3.673356307623853e-07   13   10    5    5
 1.107237498727515e-07   13   10    6    1
 -6.9610937342283e-07   13   10    6    2
 8.966936627808973e-07   13   10    6    3
 3.125074582036775e-07   13   10    6    4
 -2.420894558226942e-07   13   10    6    5
 7.889272970188254e-07   13   10    6    6
 0.001973147822074207   13   10    7    1
 -0.008306665566645744   13   10    7    2
 0.01653525000745662   13   10    7    3
 0.002188335150345227   13   10    7    4
 -0.002625678685245498   13   10    7    5
 0.004291692726533249   13   10    7    6
 -2.244550052474705e-07   13   10    7    7
 9.58309721078698e-08   13   10    8    1
 -7.733715703680311e-07   13   10    8    2
 1.09724160182709e-06   13   10    8    3
 3.071838104185678e-07   13   10    8    4
 -1.653806752901996e-07   13   10    8    5
 2.898475866441209e-07   13   10    8    6
 -0.001303694954354688   13   10    8    7
 5.982439077209761e-07   13   10    8    8
 7.569317284838696e-09   13   10    9    1
 1.518217226443155e-07   13   10    9    2
 -1.842772164112693e-07   13   10    9    3
 1.916668263398129e-07   13   10    9    4
 -4.98689635664783e-07   13   10    9    5
 -5.927573606359066e-07   13   10    9    6
 -0.002803281208365894   13   10    9    7
 -1.24297905810717e-07   13   10    9    8
 6.472974422274445e-07   13   10    9    9
 0.006051858265213202   13   10   10    1
 0.008152567883556033   13   10   10    2
 0.0119131164759388   13   10   10    3
 0.01501149776987543   13   10   10    4
 0.005750094041561368   13   10   10    5
 0.001794423554661505   13   10   10    6
 -1.228179481437015e-08   13   10   10    7
 0.003776697182195079   13   10   10    8
 -0.0008508511667647368   13   10   10    9
 4.498743994652634e-07   13   10   10   10
 0.00744728727335603   13   10   11    1
 0.001739518203301374   13   10   11    2
 0.01239254571991671   13   10   11    3
 0.01799706630532177   13   10   11    4
 0.003940447761051305   13   10   11    5
 0.0002865036779710057   13   10   11    6
 -3.594434449423158e-10   13   10   11    7
 0.008486666378004123   13   10   11    8
 -0.003745499745193224   13   10   11    9
 8.52313652963074e-07   13   10   11   10
 3.285668786122775e-07   13   10   11   11
 -6.355740223431745e-09   13   10   12    1
 1.010333007364815e-07   13   10   12    2
 -3.608588481374562e-08   13   10   12    3
 -4.190353645053064e-08   13   10   12    4
 2.071908994201783e-07   13   10   12    5
 8.328670135536945e-08   13   10   12    6
 0.00208741775718855   13   10   12    7
 1.449638004054983e-07   13   10   12    8
 -5.386212418684899e-08   13   10   12    9
 0.001465153387904553   13   10   12   10
 -0.001016084698716469   13   10   12   11
 5.919264525945038e-07   13   10   12   12
 7.274087933830787e-08   13   10   13    1
 -5.467616020132211e-08   13   10   13    2
 2.792871194119168e-07   13   10   13    3
 4.663300804197379e-07   13   10   13    4
 -1.745263651381969e-07   13   10   13    5
 4.963506150263275e-08   13   10   13    6
 -0.002798814534833751   13   10   13    7
 -3.020561362899292e-07   13   10   13    8
 5.928470545505269e-08   13   10   13    9
 0.01607771265340202   13   10   13   10
 2.178019579907236e-06   13   11    1    1
 2.521872249833407e-08   13   11    2    1
 6.349678221660679e-07   13   11    2    2
 -6.198898219421657e-09   13   11    3    1
 1.245419914104816e-06   13   11    3    2
 6.17624565885384e-09   13   11    3    3
 -4.054614349632291e-09   13   11    4    1
 -3.312588070773653e-07   13   11    4    2
 5.971624104537749e-07   13   11    4    3
 7.010146852003035e-07   13   11    4    4
 -1.624962802716895e-08   13   11    5    1
 -4.900443757521944e-07   13   11    5    2
 8.994300227085516e-08   13   11    5    3
 1.411503438754899e-07   13   11    5    4
 5.611165280950864e-07   13   11    5    5
 1.094330125403577e-07   13   11    6    1
 -1.850650642396837e-07   13   11    6    2
 8.301675200450964e-07   13   11    6    3
 -4.335337078960241e-07   13   11    6    4
 3.258795267650658e-07   13   11    6    5
 7.190046252014611e-07   13   11    6    6
 0.002388530204182315   13   11    7    1
 -0.005479881534083969   13   11    7    2
 0.01340723525791078   13   11    7    3
 0.004484456773673223   13   11    7    4
 -0.002958874173003404   13   11    7    5
 0.003768366999379412   13   11    7    6
 -1.596326784644824e-06   13   11    7    7
 7.049401262220764e-08   13   11    8    1
 -8.198880150671363e-07   13   11    8    2
 3.879837195017187e-07   13   11    8    3
 -1.594643130768611e-07   13   11    8    4
 -9.624194860311863e-07   13   11    8    5
 6.02824295631493e-07   13   11    8    6
 -0.001689293989501204   13   11    8    7
 2.961890068843203e-07   13   11    8    8
 2.456749955710853e-08   13   11    9    1
 -1.161096302907241e-09   13   11    9    2
 1.823112478169819e-08   13   11    9    3
 3.067010680738405e-07   13   11    9    4
 3.396932623336784e-07   13   11    9    5
 4.92786655966492e-07   13   11    9    6
 -0.001931128032335894   13   11    9    7
 2.845031428486369e-08   13   11    9    8
 4.537344148832521e-07   13   11    9    9
 0.007316826746279693   13   11   10    1
 0.008451171050399123   13   11   10    2
 0.01498544416891034   13   11   10    3
 0.01863262592103494   13   11   10    4
 0.004128183248511432   13   11   10    5
 -0.0007273026252427708   13   11   10    6
 6.446863611308238e-07   13   11   10    7
 0.003391018649964817   13   11   10    8
 -0.002483105214265594   13   11   10    9
 1.476801246955549e-06   13   11   10   10
 0.009015168313762657   13   11   11    1
 0.002070678569140987   13   11   11    2
 0.01435801148948552   13   11   11    3
 0.01987220962413663   13   11   11    4
 0.004843090014177247   13   11   11    5
 0.00323576939331528   13   11   11    6
 -5.329761488577813e-07   13   11   11    7
 0.01006361811883764   13   11   11    8
 -0.001495918403804431   13   11   11    9
 -6.393548447738317e-07   13   11   11   10
 1.363340533137338e-06   13   11   11   11
 -2.001303295121742e-08   13   11   12    1
 -1.013023348977504e-07   13   11   12    2
 3.817361263608084e-08   13   11   12    3
 -9.539196730956399e-08   13   11   12    4
 3.788311488964451e-07   13   11   12    5
 5.043203357915602e-07   13   11   12    6
 0.001987367971925591   13   11   12    7
 2.941265091634231e-07   13   11   12    8
 -3.637450168626096e-07   13   11   12    9
 -0.001252546967256512   13   11   12   10
 0.001133595677714109   13   11   12   11
 5.28679192273709e-07   13   11   12   12
 5.795232186673408e-08   13   11   13    1
 -7.320363565290656e-08   13   11   13    2
 5.901033319742858e-07   13   11   13    3
 4.378613433741532e-07   13   11   13    4
 1.978643852479781e-07   13   11   13    5
 3.811065319305994e-07   13   11   13    6
 0.001693514195131538   13   11   13    7
 4.715379182807841e-07   13   11   13    8
 -2.775977860000309e-07   13   11   13    9
 0.01685706607438699   13   11   13   10
 0.02107308913320516   13   11   13   11
 0.03383134440868495   13   12    1    1
 0.0001384646717063572   13   12    2    1
 0.03277826257070802   13   12    2    2
 0.0002752607905529895   13   12    3    1
 0.01341083432624078   13   12    3    2
 0.02534571274340051   13   12    3    3
 -0.001729361116386214   13   12    4    1
 -0.009525392736558658   13   12    4    2
 -0.003813497812949953   13   12    4    3
 0.001182941478840039   13   12    4    4
 0.002834501540078483   13   12    5    1
 -0.005989491020787375   13   12    5    2
 0.01549503364729061   13   12    5    3
 0.02195100957712613   13   12    5    4
 0.02522558529442621   13   12    5    5
 0.0004403309162138075   13   12    6    1
 0.005063252741195166   13   12    6    2
 0.005949793845793108   13   12    6    3
 -0.009053859113304944   13   12    6    4
 0.01109981716209425   13   12    6    5
 0.02600234357479056   13   12    6    6
 8.342371423437101e-08   13   12    7    1
 -2.629260770228053e-07   13   12    7    2
 5.332373890821692e-07   13   12    7    3
 1.726552342297526e-06   13   12    7    4
 -7.262194096005795e-07   13   12    7    5
 -1.374133690043542e-06   13   12    7    6
 0.008633959370638825   13   12    7    7
 -0.001816737839121464   13   12    8    1
 -0.009666453501547516   13   12    8    2
 -0.007337901838325226   13   12    8    3
 -0.02246209430457784   13   12    8    4
 0.000979243879744467   13   12    8    5
 0.0107658394545768   13   12    8    6
 -1.296327209473321e-06   13   12    8    7
 0.0172812004172229   13   12    8    8
 -0.00335164971980962   13   12    9    1
 -0.0001756395292447631   13   12    9    2
 -0.01843823174298938   13   12    9    3
 -0.02570879231513083   13   12    9    4
 0.01461802500082246   13   12    9    5
 0.0126801861319334   13   12    9    6
 3.761098529157284e-07   13   12    9    7
 -0.02206546929337043   13   12    9    8
 0.01462989469736574   13   12    9    9
 1.303558408026312e-08   13   12   10    1
 1.51315587101313e-07   13   12   10    2
 -3.145630950947498e-08   13   12   10    3
 1.070601420174898e-07   13   12   10    4
 4.249265707195822e-08   13   12   10    5
 3.716410505480019e-07   13   12   10    6
 0.006846455178607385   13   12   10    7
 4.625710374566771e-07   13   12   10    8
 -2.881303405768076e-08   13   12   10    9
 0.03204675411931484   13   12   10   10
 1.781047793592878e-08   13   12   11    1
 2.163439127390261e-08   13   12   11    2
 1.572125401109458e-08   13   12   11    3
 -3.82341701139392e-08   13   12   11    4
 1.66434983386693e-07   13   12   11    5
 1.548623799004338e-07   13   12   11    6
 0.002148037459667472   13   12   11    7
 1.106240303068472e-07   13   12   11    8
 -2.03243079364167e-07   13   12   11    9
 -0.01610288140001857   13   12   11   10
 0.03148920311254019   13   12   11   11
 0.004287708268133787   13   12   12    1
 0.001419522695095586   13   12   12    2
 9.159571129251635e-05   13   12   12    3
 -0.0117606782751762   13   12   12    4
 0.01750775350828573   13   12   12    5
 -0.002020284244264241   13   12   12    6
 5.973167527660146e-07   13   12   12    7
 -0.008163460546382003   13   12   12    8
 -0.01520933532108052   13   12   12    9
 -2.838161468560804e-08   13   12   12   10
 -2.107340902326733e-07   13   12   12   11
 0.01646686096656948   13   12   12   12
 -0.000696288433085338   13   12   13    1
 0.001508693442620186   13   12   13    2
 -0.001473092314764349   13   12   13    3
 0.01015910866144813   13   12   13    4
 -0.01022155792896879   13   12   13    5
 0.002887097100551303   13   12   13    6
 -8.11159816293954e-07   13   12   13    7
 -0.001519588634288007   13   12   13    8
 0.01324580265808051   13   12   13    9
 1.460763650873945e-07   13   12   13   10
 2.967124600870918e-07   13   12   13   11
 0.0331212538801325   13   12   13   12
 0.559316187494332   13   13    1    1
 -0.004269407121757228   13   13    2    1
 0.3047615421378851   13   13    2    2
 -0.004285636750937719   13   13    3    1
 -0.05778202621510221   13   13    3    2
 0.4095560176268359   13   13    3    3
 -0.005483250136469839   13   13    4    1
 0.04443417914890525   13   13    4    2
 0.02897818510724185   13   13    4    3
 0.3619191021373912   13   13    4    4
 -0.001031332907823423   13   13    5    1
 0.03968044202669468   13   13    5    2
 0.03519304536967073   13   13    5    3
 -0.02129628358919611   13   13    5    4
 0.3351311176343814   13   13    5    5
 0.00407080920639579   13   13    6    1
 -0.02778025964818794   13   13    6    2
 0.001031251003176046   13   13    6    3
 0.05230064720322843   13   13    6    4
 -0.0281289129834136   13   13    6    5
 0.3367582744227199   13   13    6    6
 -5.58108669991563e-07   13   13    7    1
 3.671890206634716e-06   13   13    7    2
 -1.786492261220046e-06   13   13    7    3
 -5.412142245976213e-06   13   13    7    4
 -3.20850501830763e-07   13   13    7    5
 3.122759083397374e-06   13   13    7    6
 0.397936321583035   13   13    7    7
 0.007026490080512113   13   13    8    1
 -0.02215815610332091   13   13    8    2
 0.04174005790141239   13   13    8    3
 0.04284233922294708   13   13    8    4
 0.03957744577075908   13   13    8    5
 0.002117409460261927   13   13    8    6
 8.799500773582924e-07   13   13    8    7
 0.3986846407834529   13   13    8    8
 -0.002711451362428883   13   13    9    1
 0.01774854299660423   13   13    9    2
 -0.03796054829904536   13   13    9    3
 -0.008151144069411368   13   13    9    4
 -0.0745173806150967   13   13    9    5
 -0.07110717019462127   13   13    9    6
 4.469491058155204e-06   13   13    9    7
 -0.02108499981006751   13   13    9    8
 0.3654686876465514   13   13    9    9
 2.334845727959888e-07   13   13   10    1
 7.881532313355706e-08   13   13   10    2
 5.145625152268197e-07   13   13   10    3
 3.236310678301649e-07   13   13   10    4
 -6.360546918923203e-08   13   13   10    5
 -1.165053416944607e-07   13   13   10    6
 -0.003829513416964937   13   13   10    7
 -5.077298657564207e-07   13   13   10    8
 3.612396208770052e-08   13   13   10    9
 0.3311527773094289   13   13   10   10
 2.810302992876686e-07   13   13   11    1
 -2.071977233390164e-07   13   13   11    2
 7.202397772230172e-07   13   13   11    3
 3.650397622576512e-07   13   13   11    4
 -1.348676701321396e-07   13   13   11    5
 2.140078496199516e-06   13   13   11    6
 0.03213661308562891   13   13   11    7
 2.001248670461171e-06   13   13   11    8
 -2.668987045331644e-07   13   13   11    9
 0.08513845604282436   13   13   11   10
 0.3467084867679719   13   13   11   11
 0.002396614006782645   13   13   12    1
 0.01313438099248651   13   13   12    2
 -0.006208360998066509   13   13   12    3
 -0.009136200067194025   13   13   12    4
 0.0359966750991375   13   13   12    5
 -0.009626501201305671   13   13   12    6
 1.039532293607535e-06   13   13   12    7
 -0.01285333606923521   13   13   12    8
 0.02604965277373431   13   13   12    9
 1.190727965949192e-07   13   13   12   10
 -9.486689677834955e-08   13   13   12   11
 0.3522797987103144   13   13   12   12
 0.002342735665148158   13   13   13    1
 -0.00423310747514876   13   13   13    2
 0.0002500874662641353   13   13   13    3
 0.03395862556583012   13   13   13    4
 -0.03318255787624649   13   13   13    5
 0.02807874031308096   13   13   13    6
 -2.514585878764288e-06   13   13   13    7
 -0.01869055389886467   13   13   13    8
 0.02962651036358922   13   13   13    9
 1.382787062019807e-06   13   13   13   10
 -1.180160842924992e-07   13   13   13   11
 0.01002224465010286   13   13   13   12
 0.4782896203527681   13   13   13   13
 0.08805327510619664   14    1    1    1
 -0.002976226329145678   14    1    2    1
 -0.0004063010163549746   14    1    2    2
 -0.00737577860124887   14    1    3    1
 -0.0007047783247238098   14    1    3    2
 0.001115573970572045   14    1    3    3
 -0.008891050403485156   14    1    4    1
 3.992708886842161e-05   14    1    4    2
 0.001163746096778157   14    1    4    3
 0.001622575447403222   14    1    4    4
 -0.00214695431867345   14    1    5    1
 0.0001816383296441902   14    1    5    2
 0.0001044509964337572   14    1    5    3
 -0.0001478590789022297   14    1    5    4
 0.0001257456881472719   14    1    5    5
 0.0007856770535893615   14    1    6    1
 -7.516938746571827e-05   14    1    6    2
 0.0006496256827848089   14    1    6    3
 0.0008225044127798068   14    1    6    4
 -0.0001253180476118771   14    1    6    5
 7.851716963151082e-05   14    1    6    6
 -1.118110047998464e-07   14    1    7    1
 -1.217895038680989e-08   14    1    7    2
 -1.305139351161738e-07   14    1    7    3
 -1.52717227793152e-07   14    1    7    4
 -1.944531457323397e-08   14    1    7    5
 2.110073542380108e-08   14    1    7    6
 0.0006400077333132125   14    1    7    7
 0.0008655307027181814   14    1    8    1
 0.0003929135550572952   14    1    8    2
 0.001449079184200038   14    1    8    3
 0.001737274560526484   14    1    8    4
 0.0003708169944783384   14    1    8    5
 0.0001700197086168272   14    1    8    6
 -1.005829698705205e-08   14    1    8    7
 0.0006407778597935438   14    1    8    8
 0.0002486473468563623   14    1    9    1
 0.000181931779186452   14    1    9    2
 -0.0004925305942433219   14    1    9    3
 -7.575688496269042e-05   14    1    9    4
 -0.0008230206692415866   14    1    9    5
 -0.0006799284358922981   14    1    9    6
 4.995345751415571e-08   14    1    9    7
 -0.0001993367125596863   14    1    9    8
 0.0008402186649195957   14    1    9    9
 1.164589633418614e-08   14    1   10    1
 -1.331039814630264e-08   14    1   10    2
 -3.177727035730918e-08   14    1   10    3
 -3.697613005449454e-08   14    1   10    4
 -7.455860180056752e-09   14    1   10    5
 1.355292541730247e-09   14    1   10    6
 3.419622942500038e-05   14    1   10    7
 -2.360093608628156e-09   14    1   10    8
 2.347828039404346e-09   14    1   10    9
 9.76985063363532e-05   14    1   10   10
 3.136097664514617e-08   14    1   11    1
 -5.897561968686952e-09   14    1   11    2
 -3.429562840885505e-08   14    1   11    3
 -4.468981586158926e-08   14    1   11    4
 -1.094169357929609e-08   14    1   11    5
 2.537058998286281e-08   14    1   11    6
 0.0004789820581189259   14    1   11    7
 1.259530016765317e-08   14    1   11    8
 3.416803168607953e-09   14    1   11    9
 0.001636744024219437   14    1   11   10
 0.00101267720337778   14    1   11   11
 2.322558259076806e-05   14    1   12    1
 0.0002169387901456828   14    1   12    2
 9.306263089710206e-05   14    1   12    3
 -2.25476047277617e-05   14    1   12    4
 0.0002225343775751445   14    1   12    5
 -0.0002621072161486785   14    1   12    6
 2.928102224216965e-08   14    1   12    7
 -0.0002574521915632549   14    1   12    8
 -0.0003818161124379892   14    1   12    9
 1.362668519068022e-10   14    1   12   10
 -1.378743305587713e-09   14    1   12   11
 0.0005455974480905439   14    1   12   12
 -0.006987641370261289   14    1   13    1
 0.0001028338304070353   14    1   13    2
 0.001625384173240864   14    1   13    3
 0.002178649159258866   14    1   13    4
 9.799842955486731e-05   14    1   13    5
 0.0005839979380209264   14    1   13    6
 -1.154464694307947e-07   14    1   13    7
 0.001410846733547239   14    1   13    8
 -0.0003576322796275601   14    1   13    9
 -2.014075333707495e-08   14    1   13   10
 -3.862682571089468e-08   14    1   13   11
 -5.694295725258439e-05   14    1   13   12
 0.003537709018286225   14    1   13   13
 0.00395384396519675   14    1   14    1
 -0.0107105833424921   14    2    1    1
 0.0002058034465111343   14    2    2    1
 0.03085633667803913   14    2    2    2
 0.0005210313196696417   14    2    3    1
 0.02223587532009565   14    2    3    2
 0.005067872284013304   14    2    3    3
 0.0005353180198376976   14    2    4    1
 -0.01392421124780673   14    2    4    2
 -0.00123992717715198   14    2    4    3
 0.01077973875437645   14    2    4    4
 0.0002599452019042942   14    2    5    1
 -0.00850487938849712   14    2    5    2
 -0.0001324761903840687   14    2    5    3
 0.008082386475442372   14    2    5    4
 0.01329196931284209   14    2    5    5
 -2.191167710083743e-05   14    2    6    1
 0.008739046141243404   14    2    6    2
 0.003264534030351447   14    2    6    3
 -0.01497748286924801   14    2    6    4
 0.004029043434897985   14    2    6    5
 0.0108015340687243   14    2    6    6
 6.167781659197438e-09   14    2    7    1
 -3.431863356486273e-07   14    2    7    2
 3.360370875247236e-07   14    2    7    3
 1.587305570793593e-06   14    2    7    4
 4.962680377622319e-07   14    2    7    5
 -1.16110672694868e-06   14    2    7    6
 -0.003167406028102468   14    2    7    7
 -0.0001069161768781827   14    2    8    1
 -0.005803477859405892   14    2    8    2
 -0.01055635647897936   14    2    8    3
 -0.01114249411548765   14    2    8    4
 -0.01158077183429164   14    2    8    5
 0.006736458829763095   14    2    8    6
 -1.444054881168093e-06   14    2    8    7
 0.01484699372150764   14    2    8    8
 -0.0001508450105633742   14    2    9    1
 -0.0002405381098563962   14    2    9    2
 0.0016570412988995   14    2    9    3
 -0.0001321312322539841   14    2    9    4
 0.007512192134557035   14    2    9    5
 0.01201166622957085   14    2    9    6
 -7.525011653417189e-07   14    2    9    7
 0.001728490065454456   14    2    9    8
 0.001791921911246689   14    2    9    9
 -8.916213564632901e-09   14    2   10    1
 2.95545491734411e-08   14    2   10    2
 2.697468234566824e-08   14    2   10    3
 3.581994380043742e-08   14    2   10    4
 -3.263370322184559e-08   14    2   10    5
 4.764987712321065e-07   14    2   10    6
 0.008057759295785075   14    2   10    7
 4.76755675697307e-07   14    2   10    8
 -2.825822776153264e-09   14    2   10    9
 0.04523159813615982   14    2   10   10
 -1.153875964367549e-08   14    2   11    1
 2.326920947143088e-08   14    2   11    2
 -1.516919704203938e-08   14    2   11    3
 9.465104756310784e-09   14    2   11    4
 9.009406904639051e-08   14    2   11    5
 -5.81175140523823e-07   14    2   11    6
 -0.008775461815076692   14    2   11    7
 -6.084861943971822e-07   14    2   11    8
 3.039501084997867e-08   14    2   11    9
 -0.04515003984075006   14    2   11   10
 0.0487410570441937   14    2   11   11
 0.0001752130422601068   14    2   12    1
 -0.006142092044784084   14    2   12    2
 0.002146883977380857   14    2   12    3
 -0.0004897715427900748   14    2   12    4
 0.01633633966091748   14    2   12    5
 0.02043028890148768   14    2   12    6
 -1.023250504800873e-06   14    2   12    7
 -0.0009314241915443377   14    2   12    8
 0.01449439441853224   14    2   12    9
 -1.104845853173431e-08   14    2   12   10
 4.688747535086521e-09   14    2   12   11
 0.003894256596392049   14    2   12   12
 0.0004614503312183783   14    2   13    1
 0.003208485584283529   14    2   13    2
 -0.0006114913041075921   14    2   13    3
 -0.002293540747933489   14    2   13    4
 0.008516122259209042   14    2   13    5
 0.007076582178353958   14    2   13    6
 -4.630809138613472e-07   14    2   13    7
 0.005738801393290763   14    2   13    8
 0.002135372777555403   14    2   13    9
 -3.528466080171461e-07   14    2   13   10
 3.108716808562856e-07   14    2   13   11
 0.001050374947218138   14    2   13   12
 -0.007642540983031822   14    2   13   13
 -0.0002383525810922246   14    2   14    1
 0.0464638952346502   14    2   14    2
 -0.03473708801299778   14    3    1    1
 0.0001673315801423821   14    3    2    1
 0.02088010695969254   14    3    2    2
 0.001061167709062163   14    3    3    1
 0.0004849527821718543   14    3    3    2
 0.01189935060364202   14    3    3    3
 0.001343796656706483   14    3    4    1
 -0.005215156559977681   14    3    4    2
 -0.007957310368462771   14    3    4    3
 0.006570827420163128   14    3    4    4
 0.0001562445063503479   14    3    5    1
 -0.002443733305049243   14    3    5    2
 -0.002056632855170194   14    3    5    3
 0.003546243437894638   14    3    5    4
 0.0111640044407085   14    3    5    5
 0.0002324772642526867   14    3    6    1
 0.003108693780378969   14    3    6    2
 0.00118352643733795   14    3    6    3
 0.000322390300834898   14    3    6    4
 -0.001159410061290342   14    3    6    5
 0.01391819054963228   14    3    6    6
 -5.434411289381726e-08   14    3    7    1
 -2.563575773936333e-07   14    3    7    2
 -1.057879207663947e-08   14    3    7    3
 1.465602544624616e-07   14    3    7    4
 6.385001456390955e-08   14    3    7    5
 -1.593257523605861e-07   14    3    7    6
 0.01074785881672056   14    3    7    7
 0.0006509356209591931   14    3    8    1
 0.0004583567726848586   14    3    8    2
 -0.001367441452179938   14    3    8    3
 -0.003217606203241323   14    3    8    4
 0.0008104708007601707   14    3    8    5
 -0.001147346314729406   14    3    8    6
 9.711711875681898e-08   14    3    8    7
 0.01061625179917743   14    3    8    8
 -0.0001268402606051575   14    3    9    1
 -0.0006900889383797704   14    3    9    2
 -0.0006988188058541962   14    3    9    3
 -0.003898800752951797   14    3    9    4
 0.005097415404663442   14    3    9    5
 0.0006729142264255353   14    3    9    6
 1.179546592848093e-07   14    3    9    7
 -0.002592013672020065   14    3    9    8
 0.00716386090936681   14    3    9    9
 -2.495606458621443e-08   14    3   10    1
 -8.164636970046846e-09   14    3   10    2
 -5.869169859788739e-09   14    3   10    3
 -3.612133486586125e-09   14    3   10    4
 -5.971669062604397e-09   14    3   10    5
 -2.301389682223492e-08   14    3   10    6
 -0.0005631845460243129   14    3   10    7
 -2.834574725927338e-08   14    3   10    8
 8.118777349171988e-09   14    3   10    9
 0.01641397351050237   14    3   10   10
 -3.401842334751012e-08   14    3   11    1
 -1.509502085125286e-08   14    3   11    2
 2.504823746073257e-08   14    3   11    3
 -6.143727419868212e-10   14    3   11    4
 4.061692884492619e-08   14    3   11    5
 -2.671288049205326e-07   14    3   11    6
 -0.004510844359498365   14    3   11    7
 -3.012185377019339e-07   14    3   11    8
 -2.621276556175341e-08   14    3   11    9
 -0.02796175653258225   14    3   11   10
 0.01689548869727012   14    3   11   11
 -1.894177147833698e-05   14    3   12    1
 0.001680482846231438   14    3   12    2
 -0.002567732581772344   14    3   12    3
 -0.002043116860303676   14    3   12    4
 0.005086789750226623   14    3   12    5
 0.002031215067618935   14    3   12    6
 -9.75412973165228e-08   14    3   12    7
 0.0002869038776991649   14    3   12    8
 0.01510834493946367   14    3   12    9
 -4.858907950539646e-09   14    3   12   10
 -3.194839633465852e-08   14    3   12   11
 0.007391293256837265   14    3   12   12
 0.001605000853104315   14    3   13    1
 -0.001263012485450344   14    3   13    2
 -0.003576918516213265   14    3   13    3
 -0.006159267195304104   14    3   13    4
 -0.004505740068890092   14    3   13    5
 0.003022637081093851   14    3   13    6
 -1.438655999141787e-07   14    3   13    7
 -0.007883841135094209   14    3   13    8
 0.007931296545799016   14    3   13    9
 -1.602310200099458e-07   14    3   13   10
 -1.873385072896177e-08   14    3   13   11
 0.002637839352221665   14    3   13   12
 0.009516215660657586   14    3   13   13
 -0.0003671466172569556   14    3   14    1
 0.01789886096960634   14    3   14    2
 0.01331551276999422   14    3   14    3
 -0.07604948971621743   14    4    1    1
 -1.123926303360961e-05   14    4    2    1
 -0.03021948306128097   14    4    2    2
 0.001333471845082895   14    4    3    1
 -0.01046310532574867   14    4    3    2
 -0.02692725232346179   14    4    3    3
 0.001583226472910969   14    4    4    1
 -0.0007071707609402485   14    4    4    2
 -0.007212064061518256   14    4    4    3
 -0.02746060770899396   14    4    4    4
 0.0002989286648982199   14    4    5    1
 0.003481726174882289   14    4    5    2
 -0.004130099077863534   14    4    5    3
 -0.006589173832722525   14    4    5    4
 -0.02285949338392566   14    4    5    5
 0.0006149798670252206   14    4    6    1
 0.001346804807990461   14    4    6    2
 0.002166614354104949   14    4    6    3
 0.004594955996109683   14    4    6    4
 0.000526942512483437   14    4    6    5
 -0.01655033073279593   14    4    6    6
 -1.164850320862235e-07   14    4    7    1
 -5.018519154506245e-07   14    4    7    2
 -5.322252101147378e-07   14    4    7    3
 -7.851089265673519e-07   14    4    7    4
 -4.097254408484371e-07   14    4    7    5
 6.167349465219061e-07   14    4    7    6
 -0.01422862207339231   14    4    7    7
 0.001335624361755906   14    4    8    1
 0.008664344030239647   14    4    8    2
 0.006588874185951338   14    4    8    3
 0.008201202888590635   14    4    8    4
 0.005556704536635036   14    4    8    5
 -0.008461835037930006   14    4    8    6
 1.453544683463956e-06   14    4    8    7
 -0.03178177544693267   14    4    8    8
 -0.0004948743503808441   14    4    9    1
 0.001294450942598139   14    4    9    2
 0.004025354580106263   14    4    9    3
 -0.001181684373639729   14    4    9    4
 0.004786582362494913   14    4    9    5
 0.005150974673492578   14    4    9    6
 -4.874682253103151e-07   14    4    9    7
 0.003861503583627475   14    4    9    8
 -0.0151658930965511   14    4    9    9
 -3.584284168920622e-08   14    4   10    1
 -4.829444823292666e-08   14    4   10    2
 -6.872170785689334e-08   14    4   10    3
 -6.495726221743492e-08   14    4   10    4
 3.985249623768622e-08   14    4   10    5
 -5.400715536590792e-07   14    4   10    6
 -0.008887575138066907   14    4   10    7
 -4.865261473404846e-07   14    4   10    8
 3.967129256665786e-09   14    4   10    9
 -0.04783600862347786   14    4   10   10
 -4.913379996973724e-08   14    4   11    1
 2.267433213294882e-09   14    4   11    2
 -2.625524627716959e-08   14    4   11    3
 -1.636278189628303e-08   14    4   11    4
 -1.920355625067279e-08   14    4   11    5
 -1.647938076109225e-07   14    4   11    6
 -0.002967659772659168   14    4   11    7
 -9.575352563851678e-08   14    4   11    8
 3.641968486479988e-08   14    4   11    9
 0.007570866596700766   14    4   11   10
 -0.05201158712652781   14    4   11   11
 0.0003535855572394071   14    4   12    1
 0.00183137019342637   14    4   12    2
 -0.0008003678355823707   14    4   12    3
 0.009970933309815768   14    4   12    4
 -0.01982547892674748   14    4   12    5
 -0.01461773031940825   14    4   12    6
 7.127874739172744e-07   14    4   12    7
 0.0009878743473109657   14    4   12    8
 -0.005304101881983046   14    4   12    9
 1.584360872013461e-09   14    4   12   10
 2.798425572058645e-08   14    4   12   11
 -0.01707963707912387   14    4   12   12
 0.002437036741704755   14    4   13    1
 -0.0002551997561489942   14    4   13    2
 -0.005332177022103859   14    4   13    3
 -0.004631852834272467   14    4   13    4
 0.0002416228781591719   14    4   13    5
 -0.009789172034010458   14    4   13    6
 9.017963927338075e-07   14    4   13    7
 -0.003868148163382334   14    4   13    8
 -0.006705699039237337   14    4   13    9
 -1.224123916055462e-07   14    4   13   10
 -3.65825967643825e-07   14    4   13   11
 -0.005937143872913775   14    4   13   12
 -0.02190472258140739   14    4   13   13
 -0.0003092042922061704   14    4   14    1
 -0.02742217051318371   14    4   14    2
 -0.01111728098352062   14    4   14    3
 0.02790511900448917   14    4   14    4
 -0.03029181067651061   14    5    1    1
 1.724233372771438e-05   14    5    2    1
 -0.01358492797998279   14    5    2    2
 0.0001760475159394554   14    5    3    1
 -0.004541973515635197   14    5    3    2
 -0.01581675946172624   14    5    3    3
 0.0007768666882998854   14    5    4    1
 0.002442601234098655   14    5    4    2
 -0.001811997239919471   14    5    4    3
 -0.01752786111245507   14    5    4    4
 -0.0007225463474450879   14    5    5    1
 -0.009085251445166372   14    5    5    2
 -0.007700419183571685   14    5    5    3
 0.0042811600794038   14    5    5    4
 -0.003009182654512719   14    5    5    5
 -9.562383412069628e-05   14    5    6    1
 -0.01076989635078232   14    5    6    2
 -0.004420039183914692   14    5    6    3
 0.008723712691789095   14    5    6    4
 0.00345052002540501   14    5    6    5
 -0.02201474587959561   14    5    6    6
 -2.94546616245842e-08   14    5    7    1
 2.205821733382364e-07   14    5    7    2
 2.174842492914155e-07   14    5    7    3
 -6.132177696708897e-07   14    5    7    4
 -1.865907500015484e-07   14    5    7    5
 1.448482351784288e-06   14    5    7    6
 -0.004900779396587554   14    5    7    7
 0.0005955313226564017   14    5    8    1
 0.005223966297896295   14    5    8    2
 0.001122328234748412   14    5    8    3
 0.001641984118712361   14    5    8    4
 -0.0007808350230562375   14    5    8    5
 -0.006268614614259762   14    5    8    6
 9.126044235985766e-07   14    5    8    7
 -0.01677007210235414   14    5    8    8
 0.0008586290266415144   14    5    9    1
 -0.01177513821545791   14    5    9    2
 -0.00204230760584142   14    5    9    3
 0.009751042400281696   14    5    9    4
 0.01153386292190293   14    5    9    5
 -0.002551457738635407   14    5    9    6
 5.814718015835198e-07   14    5    9    7
 -0.006274706057049949   14    5    9    8
 -0.01155149008198523   14    5    9    9
 -4.658022042708894e-09   14    5   10    1
 -1.190469639159787e-08   14    5   10    2
 -4.103629621443233e-08   14    5   10    3
 9.100312091929118e-09   14    5   10    4
 7.013596185587918e-08   14    5   10    5
 -3.247797779906261e-07   14    5   10    6
 -0.005315979523021688   14    5   10    7
 -2.526053021993138e-07   14    5   10    8
 1.569884088135828e-08   14    5   10    9
 -0.02344635150882307   14    5   10   10
 -7.015679910598406e-09   14    5   11    1
 6.357652134749807e-08   14    5   11    2
 2.971332239587088e-09   14    5   11    3
 -9.751431233968012e-09   14    5   11    4
 1.822826192872577e-08   14    5   11    5
 -1.197698361686728e-07   14    5   11    6
 -0.001944032664656193   14    5   11    7
 -5.04844052669424e-08   14    5   11    8
 -2.077495231540742e-08   14    5   11    9
 0.007037331248343833   14    5   11   10
 -0.02634274702397337   14    5   11   11
 -0.001210578718940014   14    5   12    1
 0.01052842866320639   14    5   12    2
 0.003279440810312623   14    5   12    3
 -0.01096006473744821   14    5   12    4
 -0.01743861712443695   14    5   12    5
 -0.00210591234669321   14    5   12    6
 -2.2934547579928e-07   14    5   12    7
 0.004717213557733343   14    5   12    8
 -0.007942864487464184   14    5   12    9
 -1.247655867035218e-08   14    5   12   10
 -2.235242269807075e-09   14    5   12   11
 -0.01000642549531455   14    5   12   12
 0.0004948268568741393   14    5   13    1
 0.005172384809438529   14    5   13    2
 -0.002662456128729434   14    5   13    3
 -0.001983501366497371   14    5   13    4
 -0.003161065513153736   14    5   13    5
 -0.001673351893031365   14    5   13    6
 6.734120844518569e-08   14    5   13    7
 0.00189775783917698   14    5   13    8
 -0.0002908064965447507   14    5   13    9
 -1.483786243041237e-08   14    5   13   10
 -1.247661877194645e-07   14    5   13   11
 -0.000407343069517183   14    5   13   12
 -0.01449665201520942   14    5   13   13
 -7.459915498459122e-05   14    5   14    1
 -0.01791252113552758   14    5   14    2
 -0.006469728020758602   14    5   14    3
 0.01200861224777474   14    5   14    4
 0.02898330661990422   14    5   14    5
 0.02942821932054022   14    6    1    1
 0.000289008438602546   14    6    2    1
 0.01947076129930395   14    6    2    2
 -0.0002573328997620147   14    6    3    1
 0.009952868870809128   14    6    3    2
 0.009623747701354147   14    6    3    3
 -0.0001136103729915518   14    6    4    1
 -0.002542098896776581   14    6    4    2
 0.009004553715762842   14    6    4    3
 0.013364330576234   14    6    4    4
 -0.0002673617985353158   14    6    5    1
 -0.01451461230003235   14    6    5    2
 -0.004615151997795648   14    6    5    3
 0.00884292548037338   14    6    5    4
 0.02214499519066046   14    6    5    5
 -0.000559681022297242   14    6    6    1
 -0.01303587476114573   14    6    6    2
 -0.002193462344772522   14    6    6    3
 0.001977553964773509   14    6    6    4
 0.001663093149456858   14    6    6    5
 -0.004470635280246034   14    6    6    6
 6.456803210589157e-08   14    6    7    1
 1.269549078678472e-06   14    6    7    2
 9.589732042007204e-09   14    6    7    3
 3.047262682361488e-07   14    6    7    4
 1.070980809361337e-06   14    6    7    5
 -9.353465211827672e-08   14    6    7    6
 -0.0004321728998066452   14    6    7    7
 -0.0008819581913216685   14    6    8    1
 -0.004343288762442445   14    6    8    2
 -0.004293106941609843   14    6    8    3
 -0.004532043627227201   14    6    8    4
 -0.01224724616343027   14    6    8    5
 0.003485364457920875   14    6    8    6
 -9.550356674470041e-07   14    6    8    7
 0.01871401095428075   14    6    8    8
 0.0006275540178227524   14    6    9    1
 -0.010885442807641   14    6    9    2
 -0.007384132420730734   14    6    9    3
 0.01592487303816392   14    6    9    4
 0.004818027203918063   14    6    9    5
 -0.008569105091418634   14    6    9    6
 7.681885162564623e-07   14    6    9    7
 -0.004349242993770241   14    6    9    8
 0.008003233704071785   14    6    9    9
 -4.705441448940163e-08   14    6   10    1
 6.866924497068866e-08   14    6   10    2
 1.329034323355439e-07   14    6   10    3
 -2.430362012867839e-07   14    6   10    4
 -2.098820314633562e-07   14    6   10    5
 5.471220485008767e-07   14    6   10    6
 0.007001820358383054   14    6   10    7
 2.008250653483194e-07   14    6   10    8
 2.617120995096567e-08   14    6   10    9
 0.02787626017243992   14    6   10   10
 -5.423818769409731e-08   14    6   11    1
 -3.867367784813224e-07   14    6   11    2
 -1.184453255519191e-07   14    6   11    3
 -1.005248644100452e-07   14    6   11    4
 -7.811134874452488e-08   14    6   11    5
 1.967005928204645e-08   14    6   11    6
 0.0007703337592868346   14    6   11    7
 -1.055706907475488e-07   14    6   11    8
 4.404428709943334e-09   14    6   11    9
 -0.01103827175088059   14    6   11   10
 0.03035493619172111   14    6   11   11
 -0.000666829835533429   14    6   12    1
 0.01243402098906547   14    6   12    2
 0.00154688016251965   14    6   12    3
 -0.01255255542736886   14    6   12    4
 0.004051705866695464   14    6   12    5
 0.01591318820519876   14    6   12    6
 -1.563999909501767e-06   14    6   12    7
 0.006794485832595572   14    6   12    8
 0.007786391639205604   14    6   12    9
 5.374847381294902e-08   14    6   12   10
 9.690464970612424e-08   14    6   12   11
 0.01309275304449039   14    6   12   12
 -0.001065600224294898   14    6   13    1
 0.004172886303901512   14    6   13    2
 0.003871676004738109   14    6   13    3
 -0.003866026496309078   14    6   13    4
 0.001801724546351108   14    6   13    5
 0.0091173142909396   14    6   13    6
 -5.74942122024948e-07   14    6   13    7
 0.004596681191035431   14    6   13    8
 0.002131549225971919   14    6   13    9
 -2.130607728244958e-07   14    6   13   10
 -1.846722272975105e-08   14    6   13   11
 -0.0004553475892064959   14    6   13   12
 0.005945981190612616   14    6   13   13
 -0.0001334893939427718   14    6   14    1
 0.02001886222785113   14    6   14    2
 0.01002040532101166   14    6   14    3
 -0.02050310425006762   14    6   14    4
 0.008468548484005422   14    6   14    5
 0.03628414040556433   14    6   14    6
 -3.736095381367126e-06   14    7    1    1
 -3.131760206530445e-08   14    7    2    1
 -1.292880782646156e-06   14    7    2    2
 3.232283561055019e-08   14    7    3    1
 -3.599913637957505e-07   14    7    3    2
 -1.140914893278193e-06   14    7    3    3
 3.18489428568239e-08   14    7    4    1
 -1.010996073484028e-07   14    7    4    2
 -9.220293640680386e-07   14    7    4    3
 -1.515333849340899e-06   14    7    4    4
 1.215842771083898e-08   14    7    5    1
 4.876710682341215e-07   14    7    5    2
 2.933677777274768e-07   14    7    5    3
 -3.431445205133351e-07   14    7    5    4
 -1.455007665823197e-06   14    7    5    5
 4.198083353685153e-08   14    7    6    1
 1.261684353628235e-06   14    7    6    2
 -2.280468119535186e-07   14    7    6    3
 3.276112269356442e-08   14    7    6    4
 5.84670626584065e-07   14    7    6    5
 -1.583424455199712e-07   14    7    6    6
 -0.0002659914107310973   14    7    7    1
 0.005688813093853791   14    7    7    2
 -0.00422576899769527   14    7    7    3
 0.0008508040538394426   14    7    7    4
 0.005191314197313471   14    7    7    5
 -0.002797895494358541   14    7    7    6
 -8.760764784827002e-07   14    7    7    7
 9.603804648906262e-08   14    7    8    1
 5.937039975737952e-07   14    7    8    2
 -2.717858783895153e-09   14    7    8    3
 4.891358116877046e-08   14    7    8    4
 8.678601015424177e-07   14    7    8    5
 -2.420188008729342e-07   14    7    8    6
 0.005538921781488017   14    7    8    7
 -1.267456434768278e-06   14    7    8    8
 -4.546564808477909e-08   14    7    9    1
 3.726289863822788e-07   14    7    9    2
 5.045966893660821e-07   14    7    9    3
 -1.171497638242468e-06   14    7    9    4
 5.416838367953374e-07   14    7    9    5
 9.16416176907779e-07   14    7    9    6
 -0.001009501040840004   14    7    9    7
 -4.111071566189324e-09   14    7    9    8
 -7.466960980930274e-07   14    7    9    9
 -0.0008345795880650135   14    7   10    1
 0.0007622783440694312   14    7   10    2
 0.001581665160576231   14    7   10    3
 -0.003862276953180051   14    7   10    4
 -0.002924383582848043   14    7   10    5
 0.001789675643521152   14    7   10    6
 -3.664155553036875e-07   14    7   10    7
 -0.002764563862878972   14    7   10    8
 0.0003429026116112925   14    7   10    9
 -2.080895974243156e-06   14    7   10   10
 -0.001003098344306996   14    7   11    1
 -0.006046029053366301   14    7   11    2
 -0.001999541306606136   14    7   11    3
 -0.001602729490018804   14    7   11    4
 -0.001034226569984158   14    7   11    5
 -0.0001782939039829073   14    7   11    6
 -3.068887801185593e-08   14    7   11    7
 -0.001389109008818435   14    7   11    8
 0.0002243561917578603   14    7   11    9
 7.125992598783694e-08   14    7   11   10
 -2.352703510516772e-06   14    7   11   11
 4.101515175145972e-08   14    7   12    1
 -4.915923620805532e-07   14    7   12    2
 -9.093611363572423e-08   14    7   12    3
 6.204160531983858e-07   14    7   12    4
 -5.861082715535012e-07   14    7   12    5
 -1.367360900392902e-06   14    7   12    6
 -0.003890507653809972   14    7   12    7
 -5.69411025045775e-07   14    7   12    8
 -9.301366172376629e-07   14    7   12    9
 0.000995353327531521   14    7   12   10
 0.001238558209480251   14    7   12   11
 -1.011242633701191e-06   14    7   12   12
 1.152053819045091e-07   14    7   13    1
 -1.966205694590109e-07   14    7   13    2
 -3.376131707656095e-07   14    7   13    3
 1.672360276279531e-07   14    7   13    4
 -2.302852976208381e-07   14    7   13    5
 -5.546830891780521e-07   14    7   13    6
 0.003690041499562324   14    7   13    7
 3.567390876724501e-09   14    7   13    8
 -7.379947833696322e-08   14    7   13    9
 -0.003158460226650846   14    7   13   10
 -0.003695981976365639   14    7   13   11
 2.524403136757179e-07   14    7   13   12
 -8.855592121041782e-07   14    7   13   13
 1.58326644525952e-08   14    7   14    1
 -1.865611384791779e-06   14    7   14    2
 -6.884675272918952e-07   14    7   14    3
 1.85501148638566e-06   14    7   14    4
 1.504672631431087e-07   14    7   14    5
 -2.061563998523824e-06   14    7   14    6
 0.004575236388136054   14    7   14    7
 0.02984381208768532   14    8    1    1
 0.0002427822584317927   14    8    2    1
 -0.0008924119877492019   14    8    2    2
 -0.0002784015630805504   14    8    3    1
 -0.006750048907688512   14    8    3    2
 0.008807454297652301   14    8    3    3
 -0.0003754013456284527   14    8    4    1
 0.005586169251449697   14    8    4    2
 0.005796558697471598   14    8    4    3
 0.01036305809412743   14    8    4    4
 4.758134674030378e-05   14    8    5    1
 0.005060856571306981   14    8    5    2
 -0.0001381307008780197   14    8    5    3
 -0.003774553399771798   14    8    5    4
 7.066401340382132e-05   14    8    5    5
 -0.0004331477337826361   14    8    6    1
 -0.003692030189892274   14    8    6    2
 0.0002949676737573353   14    8    6    3
 0.001216077835470049   14    8    6    4
 -0.006498583113867737   14    8    6    5
 -0.001199083872550092   14    8    6    6
 6.378238598106042e-08   14    8    7    1
 5.359083734449534e-07   14    8    7    2
 -3.163911494222726e-07   14    8    7    3
 -3.564842235292857e-07   14    8    7    4
 3.66154283511373e-07   14    8    7    5
 6.703193943234639e-07   14    8    7    6
 0.01512764861653102   14    8    7    7
 -0.0009773393563859423   14    8    8    1
 0.0003764596667919844   14    8    8    2
 0.002474537743608869   14    8    8    3
 0.005233875781000277   14    8    8    4
 0.002442745374047551   14    8    8    5
 0.002459163787267474   14    8    8    6
 3.91143033257918e-07   14    8    8    7
 0.01017399006827882   14    8    8    8
 0.0001975582642846679   14    8    9    1
 0.003182617030078702   14    8    9    2
 -0.00137221774742692   14    8    9    3
 0.004920073267885972   14    8    9    4
 -0.01432954381512519   14    8    9    5
 -0.01004358920733251   14    8    9    6
 2.956401585726221e-07   14    8    9    7
 0.002733128996829122   14    8    9    8
 0.003803366491917834   14    8    9    9
 -4.400735237196914e-08   14    8   10    1
 1.079107207487533e-07   14    8   10    2
 8.89055125072408e-08   14    8   10    3
 -2.401758869777543e-07   14    8   10    4
 -1.33595711209303e-07   14    8   10    5
 -5.978118001230358e-08   14    8   10    6
 -0.002566599155872676   14    8   10    7
 -3.04945620729286e-07   14    8   10    8
 1.673121222061052e-08   14    8   10    9
 0.002563633155237284   14    8   10   10
 -5.086266009538194e-08   14    8   11    1
 -3.921438362103984e-07   14    8   11    2
 -1.531968519611733e-07   14    8   11    3
 -5.358373270091311e-08   14    8   11    4
 -4.37297244452596e-08   14    8   11    5
 6.484180296396002e-08   14    8   11    6
 0.00161922407869142   14    8   11    7
 7.519504436093773e-08   14    8   11    8
 2.652419411545827e-08   14    8   11    9
 0.01344739762567535   14    8   11   10
 0.004207122013817767   14    8   11   11
 -0.0001025482359961998   14    8   12    1
 -0.002520449989681777   14    8   12    2
 0.0002807742974890053   14    8   12    3
 0.001372685129715567   14    8   12    4
 0.003714545283284679   14    8   12    5
 0.001800047847649843   14    8   12    6
 -2.560580706644081e-07   14    8   12    7
 6.122048715053142e-05   14    8   12    8
 0.007798588975223191   14    8   12    9
 4.198037782347353e-08   14    8   12   10
 7.901145228320584e-08   14    8   12   11
 0.00266118250442766   14    8   12   12
 -0.001085687248543002   14    8   13    1
 0.002286419932215566   14    8   13    2
 -0.002853140455710722   14    8   13    3
 0.001279976762746151   14    8   13    4
 0.002435567519972412   14    8   13    5
 0.002757502867694037   14    8   13    6
 1.348281608316366e-07   14    8   13    7
 -0.0008799215991493485   14    8   13    8
 -0.0008474197570750326   14    8   13    9
 -1.061446053108324e-07   14    8   13   10
 -2.882419772897197e-07   14    8   13   11
 -0.005352967853707946   14    8   13   12
 0.01418204134654846   14    8   13   13
 -9.746351194954824e-05   14    8   14    1
 0.007927054911131841   14    8   14    2
 0.0008316696240067638   14    8   14    3
 -0.009001125824597602   14    8   14    4
 -0.008338222691615422   14    8   14    5
 0.003741382602751848   14    8   14    6
 -6.342857195857981e-07   14    8   14    7
 0.01064759950575427   14    8   14    8
 0.003051149647303271   14    9    1    1
 -8.309961886091133e-05   14    9    2    1
 0.0006972451262494365   14    9    2    2
 9.128763592132057e-05   14    9    3    1
 0.002904269506817952   14    9    3    2
 -0.004009712590745563   14    9    3    3
 -0.0002296818869715485   14    9    4    1
 0.001567871154931887   14    9    4    2
 0.005358282269410419   14    9    4    3
 0.0007841965652614837   14    9    4    4
 0.0004623870912487396   14    9    5    1
 -0.01471792827877982   14    9    5    2
 -0.00714457940835044   14    9    5    3
 0.00737286621919734   14    9    5    4
 0.01428719605764727   14    9    5    5
 0.0002501243649390771   14    9    6    1
 -0.01383848125404932   14    9    6    2
 -0.006323065838418865   14    9    6    3
 0.009696145212521138   14    9    6    4
 0.003525624079334031   14    9    6    5
 -0.02125158889659764   14    9    6    6
 -1.416734455437611e-08   14    9    7    1
 6.046665159710773e-07   14    9    7    2
 3.763294872115545e-07   14    9    7    3
 -6.994162232809313e-07   14    9    7    4
 5.596373697652821e-07   14    9    7    5
 1.066338254481254e-06   14    9    7    6
 -0.006156533765168686   14    9    7    7
 3.334436874769323e-05   14    9    8    1
 0.00172332831495039   14    9    8    2
 -0.0008212985922123398   14    9    8    3
 0.003875675573983035   14    9    8    4
 -0.01162480938770275   14    9    8    5
 -0.002085763901443057   14    9    8    6
 -4.184016868577894e-07   14    9    8    7
 0.002436371672091259   14    9    8    8
 -0.0006415612566604566   14    9    9    1
 -0.01811198141680092   14    9    9    2
 -0.004537416446924702   14    9    9    3
 0.01980797394176101   14    9    9    4
 0.004196555366411313   14    9    9    5
 -0.008207047416826117   14    9    9    6
 6.859085758571384e-07   14    9    9    7
 -0.00167649519139299   14    9    9    8
 0.001400274309587527   14    9    9    9
 3.109678234219573e-09   14    9   10    1
 1.941462353404778e-08   14    9   10    2
 1.098202016512791e-08   14    9   10    3
 -9.710735154418975e-09   14    9   10    4
 1.201571261263482e-08   14    9   10    5
 1.412124844056436e-07   14    9   10    6
 0.002100971726981666   14    9   10    7
 1.126693517454055e-07   14    9   10    8
 6.559590076699628e-09   14    9   10    9
 0.001757622166934809   14    9   10   10
 3.368817680488062e-09   14    9   11    1
 2.049920902613489e-08   14    9   11    2
 -7.025834100500256e-09   14    9   11    3
 3.171603932919292e-08   14    9   11    4
 -3.507703541572055e-08   14    9   11    5
 1.426373555450274e-08   14    9   11    6
 0.0006406027064194267   14    9   11    7
 5.291896658925327e-08   14    9   11    8
 3.748854342354045e-08   14    9   11    9
 0.0005336999104449033   14    9   11   10
 0.002123594114538275   14    9   11   11
 0.000848896853166311   14    9   12    1
 0.01390737986663199   14    9   12    2
 0.01050033718758954   14    9   12    3
 -0.007569075276524824   14    9   12    4
 -0.009641286848654363   14    9   12    5
 0.00812823135412445   14    9   12    6
 -1.119639054841983e-06   14    9   12    7
 0.01074349910166818   14    9   12    8
 0.003894707123368321   14    9   12    9
 -1.650840810006727e-08   14    9   12   10
 6.877657215095937e-08   14    9   12   11
 0.004513672088925475   14    9   12   12
 0.0002453805860358239   14    9   13    1
 0.003386974729511215   14    9   13    2
 0.004165785625592946   14    9   13    3
 -0.007068153103801765   14    9   13    4
 0.002472191566927747   14    9   13    5
 0.006311486105139521   14    9   13    6
 -3.875294251346273e-07   14    9   13    7
 0.001072411119029037   14    9   13    8
 -0.005664358082788802   14    9   13    9
 1.500341145446566e-08   14    9   13   10
 4.156254850562668e-08   14    9   13   11
 -0.004561008481732996   14    9   13   12
 -0.0008005785643484171   14    9   13   13
 4.553179209850106e-05   14    9   14    1
 0.001394652948877162   14    9   14    2
 0.00255000757367299   14    9   14    3
 -0.004757434237117463   14    9   14    4
 0.02056679479809642   14    9   14    5
 0.02652655123055898   14    9   14    6
 -1.341343260476083e-06   14    9   14    7
 -0.001652936474655469   14    9   14    8
 0.03327413667332453   14    9   14    9
 -4.676547161837971e-07   14   10    1    1
 -5.444301430802735e-10   14   10    2    1
 -3.314039525006614e-08   14   10    2    2
 -1.215797419125899e-09   14   10    3    1
 -1.639670501520314e-10   14   10    3    2
 -1.362869010985041e-07   14   10    3    3
 -1.03658352893251e-09   14   10    4    1
 -4.820634929201951e-08   14   10    4    2
 -9.839808501279751e-08   14   10    4    3
 -1.487583548316903e-07   14   10    4    4
 3.256972564791833e-09   14   10    5    1
 -2.509072211093319e-08   14   10    5    2
 -6.888468281728315e-08   14   10    5    3
 4.555795744015372e-08   14   10    5    4
 -1.81512706167556e-08   14   10    5    5
 -4.060450618801049e-08   14   10    6    1
 1.298887904317587e-07   14   10    6    2
 2.056058470995254e-07   14   10    6    3
 -2.381996929328875e-07   14   10    6    4
 -1.744269841060982e-07   14   10    6    5
 1.738450297608204e-07   14   10    6    6
 -0.0006540630113307688   14   10    7    1
 0.001334632566672497   14   10    7    2
 0.003065543290953331   14   10    7    3
 -0.00330872077323933   14   10    7    4
 -0.002945742591544062   14   10    7    5
 0.001607642639454334   14   10    7    6
 5.27880628841027e-08   14   10    7    7
 -3.891104904764412e-08   14   10    8    1
 1.84051701294749e-07   14   10    8    2
 1.551652862769871e-07   14   10    8    3
 -2.317942607003461e-07   14   10    8    4
 -1.176910205021773e-07   14   10    8    5
 -1.699451854877871e-07   14   10    8    6
 -0.003632025740400872   14   10    8    7
 -5.609175739691439e-07   14   10    8    8
 1.75275816247189e-09   14   10    9    1
 -2.463173066921532e-09   14   10    9    2
 3.350404919888658e-08   14   10    9    3
 -3.61535325924302e-08   14   10    9    4
 9.8315252138757e-08   14   10    9    5
 1.202424373222582e-07   14   10    9    6
 0.000625182304939658   14   10    9    7
 3.463140105451542e-08   14   10    9    8
 -9.778137053182921e-08   14   10    9    9
 -0.002066684966952113   14   10   10    1
 0.02406891636038697   14   10   10    2
 0.009850095483545816   14   10   10    3
 -0.01075852627576244   14   10   10    4
 -0.004234843484910516   14   10   10    5
 0.004644911260018991   14   10   10    6
 -4.890879090541218e-08   14   10   10    7
 -0.00571081003341864   14   10   10    8
 -0.0001699109637791395   14   10   10    9
 2.447417940976144e-08   14   10   10   10
 -0.002486743860661296   14   10   11    1
 -0.02535101579554475   14   10   11    2
 -0.01723673856269361   14   10   11    3
 0.005539964582486633   14   10   11    4
 0.005740007099472645   14   10   11    5
 -0.006514410076981127   14   10   11    6
 1.893783367467042e-07   14   10   11    7
 0.004223541127410582   14   10   11    8
 -4.470101144308348e-05   14   10   11    9
 -1.903141097126676e-07   14   10   11   10
 -2.961959171135696e-08   14   10   11   11
 -1.504717061355035e-09   14   10   12    1
 -1.004186674269991e-08   14   10   12    2
 -1.506817445127833e-09   14   10   12    3
 3.265078184677409e-09   14   10   12    4
 -5.092114675336713e-08   14   10   12    5
 5.75628882981199e-08   14   10   12    6
 0.001095569178363372   14   10   12    7
 4.57502387677118e-08   14   10   12    8
 2.974185521135921e-09   14   10   12    9
 -0.002181464708023087   14   10   12   10
 0.001584725460766888   14   10   12   11
 -7.945651669768313e-08   14   10   12   12
 -3.701596089893665e-08   14   10   13    1
 -2.306296306475269e-07   14   10   13    2
 -1.045502806234569e-07   14   10   13    3
 -6.610921074910512e-08   14   10   13    4
 7.428973954118623e-09   14   10   13    5
 -2.269882547342904e-07   14   10   13    6
 -0.00283154197893049   14   10   13    7
 -2.09553580571827e-07   14   10   13    8
 1.509741800090342e-08   14   10   13    9
 -0.002115094447165958   14   10   13   10
 -0.003713731794961884   14   10   13   11
 4.40092202712564e-08   14   10   13   12
 -3.830200845326012e-07   14   10   13   13
 7.236736461078767e-09   14   10   14    1
 1.036964752878323e-08   14   10   14    2
 2.074487531998899e-08   14   10   14    3
 6.126751981236579e-08   14   10   14    4
 -3.178331651339656e-09   14   10   14    5
 1.61515641745381e-07   14   10   14    6
 0.003028632256451473   14   10   14    7
 1.926806289921298e-07   14   10   14    8
 -1.536515347574081e-08   14   10   14    9
 0.02624443448108707   14   10   14   10
 -2.375361328678047e-07   14   11    1    1
 -1.71540960027773e-09   14   11    2    1
 -6.224439306223709e-08   14   11    2    2
 -5.672640810862362e-09   14   11    3    1
 -1.166781689336539e-07   14   11    3    2
 -2.988353838317453e-08   14   11    3    3
 -6.871440283664006e-09   14   11    4    1
 4.37509691582326e-08   14   11    4    2
 -7.252976684709294e-08   14   11    4    3
 -1.048960047232998e-07   14   11    4    4
 6.002967693133885e-09   14   11    5    1
 1.333348038206861e-07   14   11    5    2
 5.653896482967515e-09   14   11    5    3
 -2.191490649212809e-08   14   11    5    4
 -3.977815663936382e-08   14   11    5    5
 -7.14979263373953e-08   14   11    6    1
 -5.120286017350587e-07   14   11    6    2
 -3.178808205195308e-07   14   11    6    3
 -1.195872917229108e-07   14   11    6    4
 -1.968378149418509e-07   14   11    6    5
 -5.806395891796491e-08   14   11    6    6
 -0.001153472717193215   14   11    7    1
 -0.007634351759990164   14   11    7    2
 -0.005037682190601438   14   11    7    3
 -0.002955498606725057   14   11    7    4
 -0.002212520896929119   14   11    7    5
 -3.568832163172075e-05   14   11    7    6
 1.21230220808864e-07   14   11    7    7
 -7.014452866438646e-08   14   11    8    1
 -4.524680788589342e-07   14   11    8    2
 -3.283493479413334e-07   14   11    8    3
 -1.074873506278828e-07   14   11    8    4
 -3.213508295765531e-08   14   11    8    5
 -8.336667121669295e-08   14   11    8    6
 -0.0003057781542990858   14   11    8    7
 -1.476805538416831e-08   14   11    8    8
 2.065710171045159e-09   14   11    9    1
 1.570156931120589e-08   14   11    9    2
 1.001973707358865e-08   14   11    9    3
 2.846449968848855e-09   14   11    9    4
 -5.52345202284017e-08   14   11    9    5
 -9.083096486768674e-09   14   11    9    6
 0.001046707258963568   14   11    9    7
 7.318074485826742e-08   14   11    9    8
 -6.574247141555047e-08   14   11    9    9
 -0.003597710807743619   14   11   10    1
 -0.03276266314395454   14   11   10    2
 -0.02603067256720586   14   11   10    3
 -0.001182841718401461   14   11   10    4
 0.003155699140440594   14   11   10    5
 -0.004410191712404019   14   11   10    6
 -3.059133382514301e-07   14   11   10    7
 0.0106654518305899   14   11   10    8
 0.0001682048538257921   14   11   10    9
 -2.232740837965454e-07   14   11   10   10
 -0.004323353395781574   14   11   11    1
 0.02755819960272928   14   11   11    2
 0.006783156426048485   14   11   11    3
 -0.02068893447026698   14   11   11    4
 -0.00837902431666339   14   11   11    5
 0.007268739315817248   14   11   11    6
 -2.551096048467926e-07   14   11   11    7
 -0.005274072033661058   14   11   11    8
 0.000186976082443786   14   11   11    9
 2.21008614255864e-07   14   11   11   10
 -4.623627057640332e-08   14   11   11   11
 -9.572899167249564e-10   14   11   12    1
 -1.979209291359589e-09   14   11   12    2
 -7.201213291597694e-09   14   11   12    3
 1.520545642109604e-08   14   11   12    4
 -3.084155835461472e-08   14   11   12    5
 4.034013326462821e-08   14   11   12    6
 0.001067995437546138   14   11   12    7
 4.816544956974188e-08   14   11   12    8
 4.735733331308369e-08   14   11   12    9
 0.001862250689109281   14   11   12   10
 -0.002776744896904897   14   11   12   11
 -2.439654852829873e-08   14   11   12   12
 -6.709236694115556e-08   14   11   13    1
 9.139781432360191e-08   14   11   13    2
 -3.719541602826233e-08   14   11   13    3
 -2.759275109260994e-07   14   11   13    4
 -7.908958908969778e-08   14   11   13    5
 -1.396371077258954e-07   14   11   13    6
 -0.003221794416300199   14   11   13    7
 -2.583804207452622e-07   14   11   13    8
 1.421092235807197e-08   14   11   13    9
 -0.00629147259606107   14   11   13   10
 -0.006448387439026422   14   11   13   11
 -3.362505258202016e-08   14   11   13   12
 -2.488485304706389e-07   14   11   13   13
 1.365525904691685e-08   14   11   14    1
 -4.926069377280834e-09   14   11   14    2
 2.795508980379487e-08   14   11   14    3
 6.588786783488194e-08   14   11   14    4
 5.434886731229637e-08   14   11   14    5
 -2.81048050983942e-07   14   11   14    6
 -0.00407557256992385   14   11   14    7
 -2.672640367381062e-07   14   11   14    8
 -5.556923216036975e-09   14   11   14    9
 -0.02472477411145243   14   11   14   10
 0.03543502579846898   14   11   14   11
 0.003935003139981577   14   12    1    1
 0.0001276336803000885   14   12    2    1
 -0.009541387595842638   14   12    2    2
 -0.0002495835202585141   14   12    3    1
 0.005190020621755448   14   12    3    2
 -0.001668775882919071   14   12    3    3
 0.0004377140463744737   14   12    4    1
 -0.0008838508627728112   14   12    4    2
 -0.001794353112981903   14   12    4    3
 0.01198050660325934   14   12    4    4
 -0.001048315880916989   14   12    5    1
 0.02471604421906577   14   12    5    2
 0.01376557393264869   14   12    5    3
 -0.02167775790316197   14   12    5    4
 -0.02295948920296641   14   12    5    5
 -0.0005026603805617912   14   12    6    1
 0.03122621503181797   14   12    6    2
 0.00629902977275159   14   12    6    3
 -0.0178430838188363   14   12    6    4
 -0.001220458377456988   14   12    6    5
 0.02496945285284891   14   12    6    6
 2.596858037277316e-08   14   12    7    1
 -1.249289990834985e-06   14   12    7    2
 -3.579482706327244e-07   14   12    7    3
 7.976698949548205e-07   14   12    7    4
 -1.173518945420086e-07   14   12    7    5
 -2.326299283957955e-06   14   12    7    6
 -0.01067142643329313   14   12    7    7
 8.724926208497773e-06   14   12    8    1
 -0.0071430341281126   14   12    8    2
 0.00128748914231518   14   12    8    3
 0.002800889749134328   14   12    8    4
 0.001200497420140101   14   12    8    5
 0.001808589353223934   14   12    8    6
 -5.594769928119025e-07   14   12    8    7
 -0.0005675624733704954   14   12    8    8
 0.001400023276104494   14   12    9    1
 0.03000234564621886   14   12    9    2
 0.0210650281243244   14   12    9    3
 -0.01372267070528417   14   12    9    4
 -0.01584416415947149   14   12    9    5
 0.01399234913698752   14   12    9    6
 -1.702776447632092e-06   14   12    9    7
 0.01398747373687239   14   12    9    8
 0.004437603564516188   14   12    9    9
 -7.985006310468811e-10   14   12   10    1
 -8.756254352444519e-09   14   12   10    2
 2.370630315944544e-10   14   12   10    3
 -7.687848794766617e-09   14   12   10    4
 -2.100761148043905e-08   14   12   10    5
 2.085988042173352e-07   14   12   10    6
 0.003337516839564132   14   12   10    7
 1.556999512198044e-07   14   12   10    8
 -2.016852733993007e-08   14   12   10    9
 -0.0001817788488110393   14   12   10   10
 -1.764317432283637e-10   14   12   11    1
 -2.931294068637664e-09   14   12   11    2
 -1.15004111835649e-08   14   12   11    3
 1.724337610648737e-08   14   12   11    4
 -2.018057430886548e-08   14   12   11    5
 1.042216256027999e-07   14   12   11    6
 0.001712599380102642   14   12   11    7
 8.834016523758169e-08   14   12   11    8
 5.947616943048247e-08   14   12   11    9
 0.001210700196206739   14   12   11   10
 0.0001148713707693609   14   12   11   11
 -0.001763134848292194   14   12   12    1
 -0.01119223219078324   14   12   12    2
 -0.0001797570628752238   14   12   12    3
 0.01583812931826446   14   12   12    4
 0.006489544631931954   14   12   12    5
 -0.003227913666696713   14   12   12    6
 7.227461216108478e-07   14   12   12    7
 -0.008432008004386532   14   12   12    8
 0.0008690127392769678   14   12   12    9
 6.19152164146973e-08   14   12   12   10
 7.599195031708888e-08   14   12   12   11
 -0.003376022628145913   14   12   12   12
 -0.0004713812155406098   14   12   13    1
 -0.004287950622210215   14   12   13    2
 0.0007795131793805295   14   12   13    3
 0.00073811273693939   14   12   13    4
 0.004453288782450035   14   12   13    5
 -0.005059967965705359   14   12   13    6
 5.301323313835401e-07   14   12   13    7
 -0.003635287361121601   14   12   13    8
 -0.004528144123533672   14   12   13    9
 5.18816182820771e-08   14   12   13   10
 3.798223922087001e-08   14   12   13   11
 -0.006598525202291556   14   12   13   12
 0.0001865710370506336   14   12   13   13
 -5.599297277557982e-05   14   12   14    1
 0.001772891866526185   14   12   14    2
 -0.001453649735217027   14   12   14    3
 0.003467398880281572   14   12   14    4
 -0.02063351303760968   14   12   14    5
 -0.02311009257272565   14   12   14    6
 1.07988655145418e-06   14   12   14    7
 0.00287699449765239   14   12   14    8
 -0.02752199948599401   14   12   14    9
 1.204025034999546e-08   14   12   14   10
 -2.977439653197494e-09   14   12   14   11
 0.04732668640561467   14   12   14   12
 -0.04784741162958293   14   13    1    1
 0.0005388549465439098   14   13    2    1
 0.004902980602163302   14   13    2    2
 0.000975643553322112   14   13    3    1
 -0.003200709334102743   14   13    3    2
 -0.007088793257202261   14   13    3    3
 0.00110813006369217   14   13    4    1
 -0.004969049648103829   14   13    4    2
 -0.01457931345898155   14   13    4    3
 -0.01162395070982234   14   13    4    4
 0.0003699135956088038   14   13    5    1
 0.0114613251367796   14   13    5    2
 -0.003172007670743655   14   13    5    3
 0.00383761585431035   14   13    5    4
 -0.01051076207503713   14   13    5    5
 -0.0002955773773828872   14   13    6    1
 0.01372779726732381   14   13    6    2
 0.00620449960519314   14   13    6    3
 -0.009433304064245746   14   13    6    4
 -0.001346477290916344   14   13    6    5
 0.008924278779808986   14   13    6    6
 2.530304783835009e-08   14   13    7    1
 -8.740137324781771e-07   14   13    7    2
 -4.350801953322276e-07   14   13    7    3
 9.673490450103183e-07   14   13    7    4
 -2.139034086702479e-07   14   13    7    5
 -1.621714193196459e-07   14   13    7    6
 0.005742468261841734   14   13    7    7
 -0.0005516011203500928   14   13    8    1
 0.00868743438832102   14   13    8    2
 -0.009182722914424374   14   13    8    3
 -0.005923073190583531   14   13    8    4
 0.006712435352367915   14   13    8    5
 -0.002486103537097272   14   13    8    6
 1.255226366577651e-06   14   13    8    7
 -0.01208282083453713   14   13    8    8
 8.706297515056631e-08   14   13    9    1
 0.006806004164950542   14   13    9    2
 0.008651829962008873   14   13    9    3
 -0.01707060934944568   14   13    9    4
 0.007778407655177044   14   13    9    5
 0.01230091837353001   14   13    9    6
 -6.527029661272215e-07   14   13    9    7
 -0.001409778944353281   14   13    9    8
 -0.01250568838594012   14   13    9    9
 -7.954662396277081e-08   14   13   10    1
 -4.117584415541699e-07   14   13   10    2
 -1.661747239991849e-07   14   13   10    3
 -1.554134625100937e-07   14   13   10    4
 -3.458303293696952e-08   14   13   10    5
 -4.575108454522787e-07   14   13   10    6
 -0.007430951034342713   14   13   10    7
 -3.881820286898132e-07   14   13   10    8
 3.909162175724445e-08   14   13   10    9
 -0.009646334023219148   14   13   10   10
 -9.726811127609587e-08   14   13   11    1
 1.193212152387233e-07   14   13   11    2
 -3.716216510695854e-08   14   13   11    3
 -2.879549167278704e-07   14   13   11    4
 -5.627364827150404e-08   14   13   11    5
 -4.472837549464089e-07   14   13   11    6
 -0.008500523171877161   14   13   11    7
 -6.381187531723052e-07   14   13   11    8
 1.883402238172092e-08   14   13   11    9
 -0.01523939466105475   14   13   11   10
 -0.01182112894744589   14   13   11   11
 -4.858205767281005e-06   14   13   12    1
 -0.004672109132871589   14   13   12    2
 -0.0002653377476931466   14   13   12    3
 0.0006807934737841336   14   13   12    4
 0.000432202198276664   14   13   12    5
 -0.005384095365913941   14   13   12    6
 6.762867852965243e-07   14   13   12    7
 -0.007379123784549546   14   13   12    8
 -0.002308444168528909   14   13   12    9
 5.124061455717388e-08   14   13   12   10
 -3.713137791488125e-08   14   13   12   11
 -0.01268729906395876   14   13   12   12
 0.0005019382726315768   14   13   13    1
 -0.002488786820626336   14   13   13    2
 0.0005291053609281515   14   13   13    3
 -0.002827920848079712   14   13   13    4
 -0.002159657289191125   14   13   13    5
 -0.006392065467053351   14   13   13    6
 8.474719492741938e-07   14   13   13    7
 -0.001586468193374533   14   13   13    8
 0.004509895933800869   14   13   13    9
 -4.18548192123393e-07   14   13   13   10
 -2.619304684629335e-07   14   13   13   11
 0.003727930254792114   14   13   13   12
 -0.01675772412669357   14   13   13   13
 -0.0005530856385408705   14   13   14    1
 0.00306942292351564   14   13   14    2
 0.001154678751896266   14   13   14    3
 0.001308005353584473   14   13   14    4
 -0.005896593893506961   14   13   14    5
 -0.008884943603059262   14   13   14    6
 5.645519392474215e-07   14   13   14    7
 -0.001023417071032707   14   13   14    8
 -0.01125870115378879   14   13   14    9
 -1.21544844562221e-07   14   13   14   10
 2.535394878110914e-07   14   13   14   11
 0.01294606908976356   14   13   14   12
 0.01185452433200266   14   13   14   13
 0.3048177066764315   14   14    1    1
 0.0009386456140303885   14   14    2    1
 0.3701278168097776   14   14    2    2
 -0.0004947918657882888   14   14    3    1
 0.09689748320769319   14   14    3    2
 0.2682047162787877   14   14    3    3
 -0.001109832651902887   14   14    4    1
 -0.0757954845156934   14   14    4    2
 -0.003998579391974603   14   14    4    3
 0.3075219707250118   14   14    4    4
 0.000813257066905459   14   14    5    1
 -0.06186494217908739   14   14    5    2
 0.008872749435033951   14   14    5    3
 0.03871994160159087   14   14    5    4
 0.3381092423113865   14   14    5    5
 -0.001409676792377641   14   14    6    1
 0.04664581109079772   14   14    6    2
 0.02076767430584423   14   14    6    3
 -0.07745977452667291   14   14    6    4
 0.05270142270049877   14   14    6    5
 0.3402524790680024   14   14    6    6
 2.894413562535985e-07   14   14    7    1
 -2.796648269732047e-06   14   14    7    2
 -1.753879727620691e-07   14   14    7    3
 8.220018192894425e-06   14   14    7    4
 1.138941454178253e-06   14   14    7    5
 -1.043295106750032e-05   14   14    7    6
 0.1930116716129153   14   14    7    7
 -0.0035490815079342   14   14    8    1
 -0.01460051126746729   14   14    8    2
 -0.01933857069247827   14   14    8    3
 -0.05753602692367341   14   14    8    4
 -0.05830403037077562   14   14    8    5
 0.03578271820540296   14   14    8    6
 -7.990190975924649e-06   14   14    8    7
 0.2956953365236978   14   14    8    8
 6.599805765275437e-05   14   14    9    1
 0.0030612734750713   14   14    9    2
 -0.002650510052977871   14   14    9    3
 -0.0097414897562146   14   14    9    4
 0.07062280411289736   14   14    9    5
 0.09462280095018936   14   14    9    6
 -4.48431662000247e-06   14   14    9    7
 -0.01003466013456073   14   14    9    8
 0.3254947168486367   14   14    9    9
 3.995101322802973e-08   14   14   10    1
 1.231172277424079e-07   14   14   10    2
 1.511046614090124e-07   14   14   10    3
 2.559669446971197e-07   14   14   10    4
 -1.780772194112376e-07   14   14   10    5
 2.333695296363671e-06   14   14   10    6
 0.03983673582530024   14   14   10    7
 2.202215157826491e-06   14   14   10    8
 -7.217697183348496e-08   14   14   10    9
 0.3684692379403371   14   14   10   10
 5.641370690898986e-08   14   14   11    1
 6.824722326554694e-08   14   14   11    2
 8.814337109503064e-08   14   14   11    3
 3.970104319172165e-08   14   14   11    4
 1.082956770384096e-07   14   14   11    5
 -4.121803302766727e-07   14   14   11    6
 -0.005218979956687485   14   14   11    7
 -6.354970503359373e-07   14   14   11    8
 -2.813786588338942e-08   14   14   11    9
 -0.1059079846899534   14   14   11   10
 0.3791291544208542   14   14   11   11
 0.0004575513268879778   14   14   12    1
 -0.002679739848887476   14   14   12    2
 -0.0008559005126952579   14   14   12    3
 -0.007987906103858688   14   14   12    4
 0.01739945605617959   14   14   12    5
 0.002695967395407734   14   14   12    6
 -6.212464125260065e-07   14   14   12    7
 0.00949900366390824   14   14   12    8
 -0.03293684803421477   14   14   12    9
 3.574174142291516e-09   14   14   12   10
 -1.368525422858385e-08   14   14   12   11
 0.3235738503195648   14   14   12   12
 -0.003281940216087   14   14   13    1
 -0.0004251488759414181   14   14   13    2
 0.002648806701784747   14   14   13    3
 0.005966922225094315   14   14   13    4
 -0.003821304187649704   14   14   13    5
 0.01131954950529436   14   14   13    6
 -1.641964016271128e-06   14   14   13    7
 0.008807200107728381   14   14   13    8
 -0.0109121635982769   14   14   13    9
 -2.538206322749742e-07   14   14   13   10
 1.331918262184023e-06   14   14   13   11
 0.04307600941426188   14   14   13   12
 0.2332250389708032   14   14   13   13
 -0.0003933600031180367   14   14   14    1
 0.03056249564598251   14   14   14    2
 0.01596977746549888   14   14   14    3
 -0.01734356775371971   14   14   14    4
 -0.01335095198325742   14   14   14    5
 0.00696683036862898   14   14   14    6
 6.700322850582509e-08   14   14   14    7
 -0.01269821564801903   14   14   14    8
 -0.007849427772740577   14   14   14    9
 5.020436945265148e-08   14   14   14   10
 -1.999115718975148e-07   14   14   14   11
 0.007479792963537307   14   14   14   12
 0.01261137732330331   14   14   14   13
 0.4861573719318482   14   14   14   14
 -6.798715426030372e-05   15    1    1    1
 1.81592836597615e-06   15    1    2    1
 -4.637278994192019e-07   15    1    2    2
 5.529342131877271e-06   15    1    3    1
 -4.63107217479883e-07   15    1    3    2
 -1.268962495433959e-06   15    1    3    3
 7.150172174206214e-06   15    1    4    1
 -3.053060635595716e-07   15    1    4    2
 -7.447910316817458e-07   15    1    4    3
 -7.280240217861857e-07   15    1    4    4
 8.903323236153683e-07   15    1    5    1
 -3.339163168814687e-07   15    1    5    2
 -9.529566084699401e-07   15    1    5    3
 -7.266205973089842e-07   15    1    5    4
 -7.219273662222343e-07   15    1    5    5
 -1.947939303499368e-07   15    1    6    1
 -2.127873760979072e-08   15    1    6    2
 -9.803331706224747e-08   15    1    6    3
 -4.607006485952975e-08   15    1    6    4
 -4.724959102146846e-08   15    1    6    5
 -4.264322263632064e-07   15    1    6    6
 -0.0009901610591506545   15    1    7    1
 -1.178173586063298e-05   15    1    7    2
 -0.001205579103062552   15    1    7    3
 -0.0008085700405602282   15    1    7    4
 -0.0001600375959378129   15    1    7    5
 -0.0001092001746560401   15    1    7    6
 -2.000188137438336e-07   15    1    7    7
 8.64430800892839e-07   15    1    8    1
 4.574295138913596e-07   15    1    8    2
 2.773568159140877e-07   15    1    8    3
 4.818035638016794e-07   15    1    8    4
 1.215103889366443e-07   15    1    8    5
 -2.485819224914334e-07   15    1    8    6
 -7.872625782847803e-05   15    1    8    7
 -8.533990388032863e-07   15    1    8    8
 2.689560379513196e-07   15    1    9    1
 5.880132906771627e-08   15    1    9    2
 6.40142952683107e-07   15    1    9    3
 7.400473595106644e-07   15    1    9    4
 2.593776607674221e-07   15    1    9    5
 7.372635636132867e-08   15    1    9    6
 0.000208924554731377   15    1    9    7
 3.27214425758634e-07   15    1    9    8
 -4.070866944018956e-07   15    1    9    9
 -0.003167419834774093   15    1   10    1
 -0.001228444843536743   15    1   10    2
 -0.002352317525883039   15    1   10    3
 -0.002607701560915317   15    1   10    4
 -0.0005496290093464694   15    1   10    5
 0.0001452334407711726   15    1   10    6
 -2.573799134085859e-07   15    1   10    7
 0.0001999361690891588   15    1   10    8
 5.799665947275399e-05   15    1   10    9
 -9.110808620379219e-07   15    1   10   10
 -0.00394409738529324   15    1   11    1
 -0.0003936888469578566   15    1   11    2
 -0.002159673263891808   15    1   11    3
 -0.002895072518143676   15    1   11    4
 -0.0005232850882348431   15    1   11    5
 -3.010530797479973e-05   15    1   11    6
 -1.8390262800844e-07   15    1   11    7
 -0.0006478558112056207   15    1   11    8
 0.000104545304492851   15    1   11    9
 -5.079254394422951e-07   15    1   11   10
 -1.070421723306712e-06   15    1   11   11
 -8.721285992105198e-07   15    1   12    1
 -1.905188759323541e-07   15    1   12    2
 -5.750170566611723e-07   15    1   12    3
 -2.614436413522092e-07   15    1   12    4
 -7.587331680568223e-07   15    1   12    5
 -1.757005227485382e-07   15    1   12    6
 -2.311759896035362e-06   15    1   12    7
 2.811957108202269e-07   15    1   12    8
 6.769090231731118e-07   15    1   12    9
 4.99069169923143e-05   15    1   12   10
 -1.828943463333338e-06   15    1   12   11
 -8.619097291098405e-07   15    1   12   12
 6.489833956788036e-06   15    1   13    1
 -2.303261361040734e-07   15    1   13    2
 -8.284132165112434e-07   15    1   13    3
 -9.633837611858679e-07   15    1   13    4
 -3.831434091024557e-07   15    1   13    5
 -2.387883273261232e-07   15    1   13    6
 -0.0005437478061989169   15    1   13    7
 -2.263571546594689e-07   15    1   13    8
 3.177299650277449e-07   15    1   13    9
 -0.002172070774972424   15    1   13   10
 -0.002628543953256573   15    1   13   11
 -7.144066195993387e-07   15    1   13   12
 -1.389336768866671e-06   15    1   13   13
 -2.705401405437955e-06   15    1   14    1
 1.383414903949106e-07   15    1   14    2
 4.151345861930905e-07   15    1   14    3
 4.943262903620226e-07   15    1   14    4
 2.873562871364427e-07   15    1   14    5
 -2.30928520407657e-08   15    1   14    6
 0.0002855594924532501   15    1   14    7
 -1.241121458380825e-07   15    1   14    8
 -9.777195852597023e-08   15    1   14    9
 0.0007538843517953844   15    1   14   10
 0.001292442409046636   15    1   14   11
 1.957238020398963e-07   15    1   14   12
 3.204035958426338e-07   15    1   14   13
 -4.986221163750352e-07   15    1   14   14
 0.001197279703033811   15    1   15    1
 1.013356422183264e-05   15    2    1    1
 -7.080404491087643e-08   15    2    2    1
 6.842916186235265e-07   15    2    2    2
 -3.089575738618929e-07   15    2    3    1
 -1.672775971710906e-06   15    2    3    2
 2.152617999351358e-07   15    2    3    3
 -2.167416604897499e-07   15    2    4    1
 -2.258064841615711e-06   15    2    4    2
 3.706886130753362e-06   15    2    4    3
 1.876931680246266e-06   15    2    4    4
 -2.791310547410089e-07   15    2    5    1
 -3.695083718724507e-07   15    2    5    2
 -2.981720191429816e-06   15    2    5    3
 -9.595254095951627e-07   15    2    5    4
 -5.919079380496761e-07   15    2    5    5
 -1.005077184244751e-07   15    2    6    1
 -3.472381164348418e-06   15    2    6    2
 4.573862804983992e-06   15    2    6    3
 -2.546898740203939e-06   15    2    6    4
 -2.149041001517913e-06   15    2    6    5
 1.779646906240152e-06   15    2    6    6
 -0.0002272271929009325   15    2    7    1
 -0.003454699063379418   15    2    7    2
 -0.001767706316468077   15    2    7    3
 -0.001195112194030697   15    2    7    4
 -0.009571745555656987   15    2    7    5
 0.005091892592791571   15    2    7    6
 3.862628668979955e-07   15    2    7    7
 6.528413077777789e-09   15    2    8    1
 1.796854140529951e-06   15    2    8    2
 1.890542379716497e-06   15    2    8    3
 1.749378935485342e-06   15    2    8    4
 7.943659566590853e-07   15    2    8    5
 1.633513704534005e-06   15    2    8    6
 -0.01099598560433299   15    2    8    7
 -1.077583650489676e-06   15    2    8    8
 2.877657824476591e-07   15    2    9    1
 3.12668164719412e-06   15    2    9    2
 -2.865741272100761e-06   15    2    9    3
 1.657833249368821e-06   15    2    9    4
 -1.615720037202992e-06   15    2    9    5
 -1.143118735418866e-06   15    2    9    6
 0.003598234535421699   15    2    9    7
 9.423972603714887e-07   15    2    9    8
 1.959708504442261e-06   15    2    9    9
 -0.0007311959607643903   15    2   10    1
 0.00416046087234583   15    2   10    2
 -0.001540790650133675   15    2   10    3
 -0.002421974868217483   15    2   10    4
 0.001595562405024351   15    2   10    5
 -0.001044633426428087   15    2   10    6
 6.091686269690919e-07   15    2   10    7
 0.003218659656752795   15    2   10    8
 -0.0003213877832139987   15    2   10    9
 3.684237507646615e-07   15    2   10   10
 -0.0008580060603298744   15    2   11    1
 0.0002161821478649542   15    2   11    2
 -0.006879426294236803   15    2   11    3
 0.0006187971677244272   15    2   11    4
 0.002557247284158366   15    2   11    5
 -0.002210149392619435   15    2   11    6
 1.32500549488735e-06   15    2   11    7
 0.002433877577753383   15    2   11    8
 0.0005866165038497786   15    2   11    9
 3.746401793608131e-06   15    2   11   10
 1.894932922256434e-06   15    2   11   11
 -3.564463971576987e-07   15    2   12    1
 2.978298598002277e-07   15    2   12    2
 -5.271289026688844e-06   15    2   12    3
 5.985053831697463e-07   15    2   12    4
 1.633234603252925e-06   15    2   12    5
 -1.789241063338034e-06   15    2   12    6
 0.007647251873974449   15    2   12    7
 1.479142066490986e-06   15    2   12    8
 8.268718840303711e-07   15    2   12    9
 -0.002673476486730281   15    2   12   10
 -0.001357855857319638   15    2   12   11
 2.392609708085871e-06   15    2   12   12
 -3.77478795673689e-07   15    2   13    1
 -5.559948316409408e-07   15    2   13    2
 5.756835117409069e-07   15    2   13    3
 1.551371601486654e-06   15    2   13    4
 3.691135076828866e-07   15    2   13    5
 2.012844364857623e-07   15    2   13    6
 -0.003999697565989831   15    2   13    7
 1.12821216745399e-06   15    2   13    8
 -9.355648153117056e-07   15    2   13    9
 0.001085665530266097   15    2   13   10
 0.001970440978977106   15    2   13   11
 -7.999071190157511e-07   15    2   13   12
 5.360980733106206e-07   15    2   13   13
 1.04511687419657e-07   15    2   14    1
 6.264913751645373e-07   15    2   14    2
 -3.032500512460193e-07   15    2   14    3
 -9.989472010112921e-07   15    2   14    4
 -3.689380103306189e-06   15    2   14    5
 -6.622090029398421e-07   15    2   14    6
 -0.007109912582574816   15    2   14    7
 1.659876471069789e-06   15    2   14    8
 -3.781702573202996e-06   15    2   14    9
 0.005797924400757778   15    2   14   10
 -0.000664860053636463   15    2   14   11
 8.032696821369894e-07   15    2   14   12
 4.751801848479865e-08   15    2   14   13
 6.473057324894566e-07   15    2   14   14
 0.0002900530206572561   15    2   15    1
 0.01867751386954366   15    2   15    2
 3.296919043442764e-05   15    3    1    1
 -3.503694703485793e-07   15    3    2    1
 1.371070990529851e-06   15    3    2    2
 -8.532995998235759e-07   15    3    3    1
 -1.941953569652977e-06   15    3    3    2
 6.852041868923982e-06   15    3    3    3
 -8.960880852542357e-07   15    3    4    1
 3.896805944218591e-06   15    3    4    2
 1.19369023005267e-06   15    3    4    3
 7.861131893289435e-06   15    3    4    4
 -4.066433342668396e-07   15    3    5    1
 -8.092792681470138e-07   15    3    5    2
 1.126634164130426e-06   15    3    5    3
 1.058974032480313e-07   15    3    5    4
 2.885485881426759e-06   15    3    5    5
 3.704817921040372e-08   15    3    6    1
 3.072832311594966e-07   15    3    6    2
 -2.576592247045516e-06   15    3    6    3
 7.668995719437459e-07   15    3    6    4
 9.577208670990516e-07   15    3    6    5
 6.512616397714838e-08   15    3    6    6
 -0.0003621047343857877   15    3    7    1
 -0.00742111165435671   15    3    7    2
 0.01570888654868543   15    3    7    3
 -0.005851399934342658   15    3    7    4
 0.00708469312480433   15    3    7    5
 -0.004312759895808103   15    3    7    6
 7.854592457106284e-06   15    3    7    7
 1.840647607776285e-07   15    3    8    1
 -4.114441913914876e-07   15    3    8    2
 3.267808896304906e-06   15    3    8    3
 1.843048494156852e-06   15    3    8    4
 2.545641911529201e-06   15    3    8    5
 2.828766881872272e-06   15    3    8    6
 0.01012181641264386   15    3    8    7
 6.267655580723111e-06   15    3    8    8
 2.167177245591456e-07   15    3    9    1
 -1.805854878079717e-06   15    3    9    2
 -8.811112747519254e-08   15    3    9    3
 6.371006322024923e-07   15    3    9    4
 -5.55978201795462e-06   15    3    9    5
 -2.232025503095764e-06   15    3    9    6
 -0.005436768434656581   15    3    9    7
 -2.122377014954307e-06   15    3    9    8
 4.343585333747269e-06   15    3    9    9
 -0.001122920497723595   15    3   10    1
 0.0009846731495084182   15    3   10    2
 -0.002462509729615822   15    3   10    3
 -0.001700916265261579   15    3   10    4
 -0.00113064662450921   15    3   10    5
 0.003018112664507211   15    3   10    6
 2.432391668530684e-07   15    3   10    7
 -0.001561218609075807   15    3   10    8
 -0.0008677138861251944   15    3   10    9
 6.107369406729635e-06   15    3   10   10
 -0.001360320680410402   15    3   11    1
 -0.005196224336203896   15    3   11    2
 0.001940200769994722   15    3   11    3
 -0.002464510890110559   15    3   11    4
 0.000297163247833716   15    3   11    5
 0.001114675245018862   15    3   11    6
 2.841352778657346e-06   15    3   11    7
 0.0003960869893119557   15    3   11    8
 -0.00278795163453302   15    3   11    9
 9.450332039208007e-06   15    3   11   10
 7.710766639204407e-06   15    3   11   11
 -2.500537428446947e-07   15    3   12    1
 -4.383444250465509e-06   15    3   12    2
 3.113135690866311e-06   15    3   12    3
 -3.860802215686593e-06   15    3   12    4
 1.997487544990824e-06   15    3   12    5
 -1.101431894717167e-06   15    3   12    6
 -0.006739821608208919   15    3   12    7
 2.431400996423494e-07   15    3   12    8
 -2.736882220219065e-06   15    3   12    9
 0.002534705688001348   15    3   12   10
 0.001210945930483271   15    3   12   11
 1.340115386542956e-06   15    3   12   12
 -6.970231160524539e-07   15    3   13    1
 1.170607939900015e-08   15    3   13    2
 -1.856609715592159e-07   15    3   13    3
 5.160313855098297e-06   15    3   13    4
 -3.096385310787401e-06   15    3   13    5
 2.97502511974133e-06   15    3   13    6
 -0.006170814058672415   15    3   13    7
 -8.047816851527218e-07   15    3   13    8
 9.895295116746887e-07   15    3   13    9
 -0.001498057539557823   15    3   13   10
 -0.005159211565740039   15    3   13   11
 2.331356060006812e-06   15    3   13   12
 1.271379891054542e-05   15    3   13   13
 4.090538626839572e-07   15    3   14    1
 -1.344950919419004e-06   15    3   14    2
 -9.361835125834117e-07   15    3   14    3
 -3.045015855921827e-06   15    3   14    4
 -7.108066779009675e-07   15    3   14    5
 -1.579110059436324e-06   15    3   14    6
 0.008131611935285077   15    3   14    7
 2.292706557149081e-06   15    3   14    8
 -3.093037702524132e-07   15    3   14    9
 2.032143000930462e-05   15    3   14   10
 -0.001247428275385209   15    3   14   11
 4.008614409287947e-07   15    3   14   12
 -5.858132019992559e-07   15    3   14   13
 -3.399483047199748e-07   15    3   14   14
 0.0003825120690742552   15    3   15    1
 -0.01990436137844732   15    3   15    2
 0.02932317955122263   15    3   15    3
 4.732871422294615e-05   15    4    1    1
 -3.83324595363335e-07   15    4    2    1
 -3.669319279967555e-06   15    4    2    2
 -1.215992245643495e-06   15    4    3    1
 6.373175244080946e-06   15    4    3    2
 4.049264876824429e-07   15    4    3    3
 -1.084171311323217e-06   15    4    4    1
 1.637417039050772e-06   15    4    4    2
 8.031008629224862e-06   15    4    4    3
 4.740568116559711e-06   15    4    4    4
 -8.074960773201259e-07   15    4    5    1
 -2.297829646286205e-06   15    4    5    2
 4.27304075416925e-06   15    4    5    3
 -2.149873269584259e-06   15    4    5    4
 9.89550007880945e-07   15    4    5    5
 -1.657315254999696e-07   15    4    6    1
 -2.846715325284978e-06   15    4    6    2
 -2.891613896458436e-06   15    4    6    3
 8.601830675755187e-07   15    4    6    4
 7.269240191258282e-07   15    4    6    5
 7.448899960214343e-07   15    4    6    6
 -0.0007198512689267024   15    4    7    1
 0.001335231902690129   15    4    7    2
 -0.007921121565493018   15    4    7    3
 0.001463864601514785   15    4    7    4
 -0.003313908804068696   15    4    7    5
 0.004576889154562706   15    4    7    6
 -9.437847701369271e-06   15    4    7    7
 1.043125217099879e-07   15    4    8    1
 -6.171544478883416e-06   15    4    8    2
 8.444714767694069e-07   15    4    8    3
 -1.686904861998139e-06   15    4    8    4
 -2.936553287985356e-06   15    4    8    5
 1.611952482466909e-06   15    4    8    6
 -0.003946816194940223   15    4    8    7
 3.716942413689667e-06   15    4    8    8
 7.19448950845082e-07   15    4    9    1
 2.732963459880098e-07   15    4    9    2
 -1.038870795732615e-06   15    4    9    3
 2.619813805713169e-06   15    4    9    4
 -4.432012000318375e-07   15    4    9    5
 -2.33829604483933e-06   15    4    9    6
 -0.0004933849626092897   15    4    9    7
 4.766768313523941e-07   15    4    9    8
 8.648451887991099e-07   15    4    9    9
 -0.002284822670758539   15    4   10    1
 -0.005100363031555336   15    4   10    2
 -0.005936003000929148   15    4   10    3
 -0.006537831230686447   15    4   10    4
 0.0005323114049982172   15    4   10    5
 -0.001061531778173933   15    4   10    6
 6.307153572720247e-06   15    4   10    7
 0.001931423020296719   15    4   10    8
 -0.0004635239554756168   15    4   10    9
 8.970692652190785e-06   15    4   10   10
 -0.002755021877770083   15    4   11    1
 0.002077753315478273   15    4   11    2
 -0.005028608964025367   15    4   11    3
 -0.007154372489916977   15    4   11    4
 -0.0004534952859721913   15    4   11    5
 0.0005844631046919075   15    4   11    6
 4.567941525246205e-06   15    4   11    7
 -0.001426601169807562   15    4   11    8
 -0.0006737676254450304   15    4   11    9
 1.09851536825842e-05   15    4   11   10
 1.082375248884e-05   15    4   11   11
 -8.402841259822277e-07   15    4   12    1
 2.515215895837416e-07   15    4   12    2
 -2.067502170321311e-06   15    4   12    3
 -2.34590961337394e-06   15    4   12    4
 3.497098069876622e-06   15    4   12    5
 7.972154849781444e-06   15    4   12    6
 0.001015738978117013   15    4   12    7
 -1.789021284459425e-06   15    4   12    8
 -1.07215483633095e-05   15    4   12    9
 0.0002855167168794832   15    4   12   10
 -0.0002068498792491515   15    4   12   11
 1.756327146231954e-06   15    4   12   12
 -1.217872554678444e-06   15    4   13    1
 4.751531138046336e-07   15    4   13    2
 6.482978738301685e-06   15    4   13    3
 6.447454339089951e-06   15    4   13    4
 2.883986996412304e-06   15    4   13    5
 7.351485339564867e-08   15    4   13    6
 -0.001113939735602435   15    4   13    7
 1.066837900907114e-05   15    4   13    8
 -4.422724758172663e-07   15    4   13    9
 -0.003809950903382848   15    4   13   10
 -0.003854548206914721   15    4   13   11
 8.120639776846292e-08   15    4   13   12
 -4.230539726584086e-07   15    4   13   13
 5.127847102832658e-07   15    4   14    1
 -1.958511290659801e-06   15    4   14    2
 -4.34034735163586e-06   15    4   14    3
 -7.666929074256205e-07   15    4   14    4
 2.292372516441415e-06   15    4   14    5
 2.290754755941422e-06   15    4   14    6
 -0.002795365060485027   15    4   14    7
 -1.296347634537099e-06   15    4   14    8
 2.032955055158058e-07   15    4   14    9
 0.0008505433666726385   15    4   14   10
 0.004917114250846902   15    4   14   11
 -1.454768247184002e-06   15    4   14   12
 -2.344666590724063e-06   15    4   14   13
 -2.775765514250104e-06   15    4   14   14
 0.0008453821447475973   15    4   15    1
 0.008547651975605969   15    4   15    2
 -0.01014525959908182   15    4   15    3
 0.008505402201127605   15    4   15    4
 -1.848641490687994e-06   15    5    1    1
 -1.808414151970658e-07   15    5    2    1
 -4.855383761102419e-06   15    5    2    2
 -1.603466752747722e-08   15    5    3    1
 -7.099775511443278e-06   15    5    3    2
 -7.536230064055938e-07   15    5    3    3
 -1.946859855365534e-07   15    5    4    1
 1.069306757176008e-06   15    5    4    2
 2.896680675398006e-06   15    5    4    3
 -2.528847531623147e-06   15    5    4    4
 2.019649583260205e-07   15    5    5    1
 3.14307146676682e-09   15    5    5    2
 -4.173959681521209e-06   15    5    5    3
 -7.439003399114899e-07   15    5    5    4
 -7.319311608090203e-07   15    5    5    5
 2.868180221865831e-07   15    5    6    1
 -7.287204015012723e-06   15    5    6    2
 4.759600730038601e-06   15    5    6    3
 1.439931731450281e-06   15    5    6    4
 -1.646790186759794e-06   15    5    6    5
 -7.176808325404874e-06   15    5    6    6
 6.087242561906074e-05   15    5    7    1
 -0.01827155139650738   15    5    7    2
 0.02089040610922726   15    5    7    3
 -0.007195305822268693   15    5    7    4
 -0.009159191865445098   15    5    7    5
 0.004192670838835912   15    5    7    6
 4.603741239745374e-06   15    5    7    7
 3.347233840698772e-07   15    5    8    1
 3.225891087127206e-06   15    5    8    2
 5.107648131384247e-06   15    5    8    3
 6.624310191489134e-06   15    5    8    4
 2.259072994775102e-06   15    5    8    5
 -2.253687305876085e-07   15    5    8    6
 -0.007878981380934113   15    5    8    7
 -3.614479535849979e-06   15    5    8    8
 -4.442822498316462e-07   15    5    9    1
 -4.835873697731791e-07   15    5    9    2
 -4.547011149975604e-06   15    5    9    3
 5.203645260516729e-06   15    5    9    4
 -4.259350744173223e-06   15    5    9    5
 -3.26649406924457e-06   15    5    9    6
 -0.0002536729595661818   15    5    9    7
 -5.42049268507575e-07   15    5    9    8
 1.440731658501316e-06   15    5    9    9
 0.0002078832219487201   15    5   10    1
 0.005624204268217673   15    5   10    2
 -0.003526445073830536   15    5   10    3
 0.004698793469195449   15    5   10    4
 0.004526837570442329   15    5   10    5
 -0.0008569762331146497   15    5   10    6
 -2.529776272623154e-06   15    5   10    7
 0.004646691517534809   15    5   10    8
 -0.0001617599898632746   15    5   10    9
 -8.239276541763173e-06   15    5   10   10
 0.0002545793416889048   15    5   11    1
 0.003808913506420737   15    5   11    2
 -0.0002400936140081392   15    5   11    3
 0.00352486404068428   15    5   11    4
 0.003208334481861698   15    5   11    5
 -0.001471113874209639   15    5   11    6
 1.252166481002554e-06   15    5   11    7
 0.00608010851875491   15    5   11    8
 -0.001645121129936616   15    5   11    9
 7.862574182936389e-06   15    5   11   10
 -7.789717395912845e-06   15    5   11   11
 4.824786950036993e-07   15    5   12    1
 3.164031207711877e-06   15    5   12    2
 -8.337291979494153e-08   15    5   12    3
 3.90029698447614e-07   15    5   12    4
 -4.261579892587494e-06   15    5   12    5
 -6.822664680123833e-06   15    5   12    6
 0.005853039181077886   15    5   12    7
 5.296638316741789e-06   15    5   12    8
 3.403158584156402e-06   15    5   12    9
 -0.002224908042748231   15    5   12   10
 -0.002967963401107019   15    5   12   11
 7.716706379522873e-07   15    5   12   12
 3.040295252951981e-07   15    5   13    1
 5.590269417801153e-07   15    5   13    2
 -3.110209407281538e-06   15    5   13    3
 4.112475100170425e-07   15    5   13    4
 -2.173778757605811e-06   15    5   13    5
 2.058655373304004e-06   15    5   13    6
 -0.01508889264568753   15    5   13    7
 -5.448450953215968e-06   15    5   13    8
 -3.442771644062224e-06   15    5   13    9
 0.005584712851185524   15    5   13   10
 0.003532491899794583   15    5   13   11
 -1.788071961340889e-06   15    5   13   12
 5.442001983740203e-06   15    5   13   13
 1.133926237376628e-07   15    5   14    1
 -6.486808902884472e-06   15    5   14    2
 -1.403837364251399e-06   15    5   14    3
 3.809831684153107e-06   15    5   14    4
 3.780648470442633e-06   15    5   14    5
 -1.047560034261702e-06   15    5   14    6
 -0.005186741118920267   15    5   14    7
 1.841068271314663e-07   15    5   14    8
 3.342396459181478e-06   15    5   14    9
 0.001294672696474355   15    5   14   10
 0.002173848697433211   15    5   14   11
 -4.225871901950489e-06   15    5   14   12
 -2.54835284439155e-06   15    5   14   13
 -6.963735526376828e-06   15    5   14   14
 -5.915869094655978e-05   15    5   15    1
 0.008017532433665962   15    5   15    2
 -0.001478314871550735   15    5   15    3
 0.0008398325568375811   15    5   15    4
 0.01472418535039577   15    5   15    5
 -1.277801690002796e-05   15    6    1    1
 -7.774619378049459e-08   15    6    2    1
 -8.716773061367748e-06   15    6    2    2
 8.243590090618762e-08   15    6    3    1
 9.569788614034236e-06   15    6    3    2
 -1.313094878929229e-05   15    6    3    3
 -1.203464401471011e-08   15    6    4    1
 -6.152280177654531e-06   15    6    4    2
 -3.891630384429675e-06   15    6    4    3
 -4.061047926381843e-06   15    6    4    4
 1.473732516117415e-07   15    6    5    1
 -8.372387565119387e-06   15    6    5    2
 4.797708606459511e-06   15    6    5    3
 -1.590902147859373e-06   15    6    5    4
 -6.297305783505458e-06   15    6    5    5
 1.792805808432681e-07   15    6    6    1
 9.067280842050422e-06   15    6    6    2
 -7.117379627229173e-06   15    6    6    3
 4.327307563600261e-07   15    6    6    4
 1.201863478850916e-06   15    6    6    5
 1.320653154284725e-06   15    6    6    6
 3.99308244398306e-05   15    6    7    1
 0.01101047801143671   15    6    7    2
 -0.01228629037576174   15    6    7    3
 0.007801315234609426   15    6    7    4
 0.004761732636214292   15    6    7    5
 0.002295873164181651   15    6    7    6
 -2.30191230005969e-05   15    6    7    7
 2.018802071192087e-07   15    6    8    1
 -1.094204014463878e-06   15    6    8    2
 3.787247626042262e-06   15    6    8    3
 -6.632806439847295e-06   15    6    8    4
 -3.893697903002728e-06   15    6    8    5
 -2.097251299089152e-06   15    6    8    6
 0.004589759966458965   15    6    8    7
 -9.77005536879297e-06   15    6    8    8
 -2.654227312722639e-07   15    6    9    1
 -1.60170390942479e-06   15    6    9    2
 4.745410143538355e-06   15    6    9    3
 -2.161057901587437e-06   15    6    9    4
 6.604625143910649e-06   15    6    9    5
 4.887477872349152e-06   15    6    9    6
 -0.003286289272578461   15    6    9    7
 4.497067174505815e-06   15    6    9    8
 -5.684031024350157e-06   15    6    9    9
 9.953025101679325e-05   15    6   10    1
 -0.002419974975455506   15    6   10    2
 0.004040475829809344   15    6   10    3
 -0.00221415455891988   15    6   10    4
 -0.002049723725806541   15    6   10    5
 4.890567502477554e-05   15    6   10    6
 4.351924953055852e-06   15    6   10    7
 -0.002629495342789071   15    6   10    8
 0.001580070793773297   15    6   10    9
 -6.319301212293184e-06   15    6   10   10
 0.0001066335281885884   15    6   11    1
 -0.002613046432573259   15    6   11    2
 0.001091359470681571   15    6   11    3
 4.215735848745363e-05   15    6   11    4
 -0.002317443462961435   15    6   11    5
 0.0003810906588496963   15    6   11    6
 3.219410214624039e-07   15    6   11    7
 -0.002550803424602569   15    6   11    8
 0.0001793580299015317   15    6   11    9
 -5.607435294668957e-06   15    6   11   10
 -5.799993736012139e-06   15    6   11   11
 3.011023685078721e-07   15    6   12    1
 -1.823596952943808e-06   15    6   12    2
 7.524671136485474e-08   15    6   12    3
 7.056638264969182e-06   15    6   12    4
 -5.494580668749684e-06   15    6   12    5
 6.712092905412574e-06   15    6   12    6
 -0.006097967365173766   15    6   12    7
 -1.711772889173357e-06   15    6   12    8
 -9.532751281127961e-06   15    6   12    9
 0.001613897903381247   15    6   12   10
 0.0004427907773343083   15    6   12   11
 -7.421424504683131e-06   15    6   12   12
 2.905404362005121e-07   15    6   13    1
 -1.570953190973749e-08   15    6   13    2
 2.969568478729436e-06   15    6   13    3
 -2.666156269604017e-06   15    6   13    4
 4.663377958999209e-06   15    6   13    5
 -5.296196119889807e-06   15    6   13    6
 0.006973371975078363   15    6   13    7
 6.281659134356056e-06   15    6   13    8
 -2.436611790113899e-06   15    6   13    9
 -0.002206245564865067   15    6   13   10
 -0.001683405471930463   15    6   13   11
 -2.733060127013841e-06   15    6   13   12
 -1.456362222604373e-05   15    6   13   13
 4.511140772882761e-08   15    6   14    1
 -2.653956277672631e-08   15    6   14    2
 -2.73697094149791e-06   15    6   14    3
 3.269172961506525e-06   15    6   14    4
 -7.351236047812912e-07   15    6   14    5
 -1.524993124681122e-06   15    6   14    6
 0.002442900070521299   15    6   14    7
 -2.003350937890907e-06   15    6   14    8
 -1.537569223223269e-06   15    6   14    9
 -0.0003000248955783558   15    6   14   10
 -0.002140144479528483   15    6   14   11
 3.091944769119768e-06   15    6   14   12
 -2.57465926624053e-07   15    6   14   13
 5.584500468865682e-06   15    6   14   14
 -3.6684202536018e-05   15    6   15    1
 -0.003365233362946698   15    6   15    2
 -0.001184514526030691   15    6   15    3
 0.002986950695319511   15    6   15    4
 -0.008297114126097663   15    6   15    5
 0.009812557713671951   15    6   15    6
 0.02448274979200601   15    7    1    1
 -0.0002208047888344199   15    7    2    1
 0.02694234624173004   15    7    2    2
 0.0003958166267154333   15    7    3    1
 -0.01729610642510885   15    7    3    2
 0.06508042196161945   15    7    3    3
 -0.0001035318633517265   15    7    4    1
 0.005545292687764156   15    7    4    2
 -0.01322120612107623   15    7    4    3
 0.03508011392056597   15    7    4    4
 0.000842472529639385   15    7    5    1
 -0.003424248733844528   15    7    5    2
 0.02721707704183265   15    7    5    3
 -0.005605675913551351   15    7    5    4
 0.03347731559994158   15    7    5    5
 0.000665619324534468   15    7    6    1
 0.006996141135386435   15    7    6    2
 -0.01239568737799068   15    7    6    3
 0.02669882367716364   15    7    6    4
 -0.009451072206055247   15    7    6    5
 0.05643193059415185   15    7    6    6
 1.587002777196874e-07   15    7    7    1
 -3.013577382967815e-06   15    7    7    2
 4.620807517703856e-06   15    7    7    3
 -3.911064404270116e-06   15    7    7    4
 -8.867552201067591e-07   15    7    7    5
 -2.537999363329976e-06   15    7    7    6
 0.04438985240225741   15    7    7    7
 0.0005057567797219842   15    7    8    1
 -0.01410086742934767   15    7    8    2
 0.02827387426373566   15    7    8    3
 -0.008370792068113593   15    7    8    4
 0.01498766163142084   15    7    8    5
 -0.006998175427563006   15    7    8    6
 2.234921678416546e-07   15    7    8    7
 0.03930774202320939   15    7    8    8
 -0.001295542454934732   15    7    9    1
 0.006529283383296013   15    7    9    2
 -0.01614179767423481   15    7    9    3
 -0.01985896165121145   15    7    9    4
 -0.007833313739440989   15    7    9    5
 -0.02280574899573312   15    7    9    6
 3.434044071606984e-06   15    7    9    7
 -0.01328289423794862   15    7    9    8
 0.04674424730289874   15    7    9    9
 7.044909723498391e-07   15    7   10    1
 1.598223758728538e-06   15    7   10    2
 3.404827016503909e-07   15    7   10    3
 2.687749737159521e-06   15    7   10    4
 5.085981007183837e-07   15    7   10    5
 4.969123043362086e-07   15    7   10    6
 0.002142948506472174   15    7   10    7
 7.850811408330949e-07   15    7   10    8
 -5.493110237507702e-07   15    7   10    9
 0.02028135191657688   15    7   10   10
 8.583413139922835e-07   15    7   11    1
 6.9291154699192e-07   15    7   11    2
 1.561478067765924e-06   15    7   11    3
 2.124652332220469e-06   15    7   11    4
 8.075759806869731e-07   15    7   11    5
 1.106277083326757e-06   15    7   11    6
 0.01836913490370124   15    7   11    7
 2.063303161544461e-06   15    7   11    8
 -2.333128443305016e-07   15    7   11    9
 -0.002517217269302747   15    7   11   10
 0.02050244889625942   15    7   11   11
 0.001454719116282499   15    7   12    1
 0.01394938929013864   15    7   12    2
 -0.01139036127110898   15    7   12    3
 -0.002245327661931335   15    7   12    4
 0.01116409599213131   15    7   12    5
 -0.01436879584930357   15    7   12    6
 3.406086152879389e-06   15    7   12    7
 -0.003728412432883836   15    7   12    8
 0.01044690118108904   15    7   12    9
 -8.024662098907459e-07   15    7   12   10
 -2.897815701678014e-07   15    7   12   11
 0.0390646189916634   15    7   12   12
 0.0009953802485709489   15    7   13    1
 -0.003985644165470585   15    7   13    2
 -0.01279416607106596   15    7   13    3
 -0.0007576165655166859   15    7   13    4
 -0.02971601799700123   15    7   13    5
 0.005099664695862222   15    7   13    6
 -2.5956600240451e-06   15    7   13    7
 -0.03316770385065076   15    7   13    8
 0.02667016660976649   15    7   13    9
 2.57266130142776e-06   15    7   13   10
 1.84561536809814e-06   15    7   13   11
 0.01843696713062994   15    7   13   12
 0.07591028938086787   15    7   13   13
 4.639285038845427e-05   15    7   14    1
 -0.0109817781169708   15    7   14    2
 0.01406094878809327   15    7   14    3
 -0.006634765044526396   15    7   14    4
 -0.006978210381957014   15    7   14    5
 0.001543383132286986   15    7   14    6
 -9.171182074003652e-08   15    7   14    7
 -0.003544361598366334   15    7   14    8
 -0.002427245552171334   15    7   14    9
 -5.484676339531232e-07   15    7   14   10
 -4.104132534515968e-07   15    7   14   11
 0.001185809287501024   15    7   14   12
 -0.008071483978780577   15    7   14   13
 0.01819694740995181   15    7   14   14
 -3.227723572372171e-07   15    7   15    1
 -1.651135458389052e-06   15    7   15    2
 5.737445831758791e-06   15    7   15    3
 -7.951003252540546e-06   15    7   15    4
 4.114787879884745e-06   15    7   15    5
 -5.751207605403571e-06   15    7   15    6
 0.1092878754320093   15    7   15    7
 2.469074297281513e-05   15    8    1    1
 -3.332019625874431e-07   15    8    2    1
 1.416110418257735e-05   15    8    2    2
 -1.668529212263945e-07   15    8    3    1
 4.682349292537303e-06   15    8    3    2
 1.42137895965961e-05   15    8    3    3
 -2.941963901067458e-07   15    8    4    1
 -2.977722475893892e-06   15    8    4    2
 3.386388529254334e-06   15    8    4    3
 8.202242800051034e-06   15    8    4    4
 5.392871196816921e-08   15    8    5    1
 1.45213420569395e-06   15    8    5    2
 5.534377186947981e-06   15    8    5    3
 3.743003003393883e-06   15    8    5    4
 1.211152557655448e-05   15    8    5    5
 4.31006372897121e-07   15    8    6    1
 4.936448242353651e-08   15    8    6    2
 6.648243313883043e-06   15    8    6    3
 -5.095332056123094e-06   15    8    6    4
 1.962083657811864e-06   15    8    6    5
 1.076659578680036e-05   15    8    6    6
 0.0001444317069505455   15    8    7    1
 -0.02187602330817781   15    8    7    2
 0.02642551598879492   15    8    7    3
 -0.008776303357667459   15    8    7    4
 -0.009826453612270971   15    8    7    5
 0.004980621753615372   15    8    7    6
 7.322267751070657e-06   15    8    7    7
 6.809694737810334e-07   15    8    8    1
 -6.663368853394877e-06   15    8    8    2
 5.601616750371537e-08   15    8    8    3
 -2.77853230175582e-06   15    8    8    4
 -3.095697554802935e-06   15    8    8    5
 4.409240176683426e-06   15    8    8    6
 -0.008965837174544173   15    8    8    7
 1.4503419025996e-05   15    8    8    8
 -3.713913270040562e-07   15    8    9    1
 3.462743694257693e-06   15    8    9    2
 -5.706823990538061e-06   15    8    9    3
 -3.658249843074714e-06   15    8    9    4
 2.447280628962142e-07   15    8    9    5
 4.403220581008589e-06   15    8    9    6
 -0.00185318673435776   15    8    9    7
 -4.934362844111397e-06   15    8    9    8
 9.473391636831044e-06   15    8    9    9
 0.0005082498648971813   15    8   10    1
 0.008609543970080527   15    8   10    2
 -0.003071750791648702   15    8   10    3
 0.004927875320407684   15    8   10    4
 0.005910057065640422   15    8   10    5
 -0.00152639620632102   15    8   10    6
 3.790071159805445e-06   15    8   10    7
 0.003048126094726173   15    8   10    8
 -0.001804911513529464   15    8   10    9
 1.853818154277086e-05   15    8   10   10
 0.0005458271545674308   15    8   11    1
 0.003491434575932326   15    8   11    2
 8.766151918494317e-06   15    8   11    3
 0.003869544605665819   15    8   11    4
 0.006134036387788469   15    8   11    5
 -0.0017197974616865   15    8   11    6
 2.212676788825201e-06   15    8   11    7
 0.004809206150634169   15    8   11    8
 -0.003023657216684775   15    8   11    9
 -4.228818500030108e-06   15    8   11   10
 1.97798384955001e-05   15    8   11   11
 3.843460468148615e-07   15    8   12    1
 1.849436998986941e-06   15    8   12    2
 4.957989658507377e-07   15    8   12    3
 -3.673161268742434e-06   15    8   12    4
 9.697117787989889e-06   15    8   12    5
 -1.450514070361334e-06   15    8   12    6
 0.005619510993245159   15    8   12    7
 -1.786256645855097e-06   15    8   12    8
 -7.794208937737332e-07   15    8   12    9
 -0.001717465126546075   15    8   12   10
 -0.00201355431596917   15    8   12   11
 9.307690868669713e-06   15    8   12   12
 5.137665881898244e-07   15    8   13    1
 4.943150917080022e-07   15    8   13    2
 -7.460633525363695e-07   15    8   13    3
 7.980961122780281e-06   15    8   13    4
 -5.038746927850398e-06   15    8   13    5
 5.651397534821091e-06   15    8   13    6
 -0.01826351124133417   15    8   13    7
 -1.649271438335165e-06   15    8   13    8
 2.869242549313089e-06   15    8   13    9
 0.006039188379847641   15    8   13   10
 0.003179601477991251   15    8   13   11
 7.476357990174619e-06   15    8   13   12
 1.312632897576058e-05   15    8   13   13
 2.535162031351808e-07   15    8   14    1
 3.847316970259501e-06   15    8   14    2
 3.257711550018491e-06   15    8   14    3
 -4.61875479281965e-06   15    8   14    4
 -2.321224660040285e-06   15    8   14    5
 5.674690805232331e-07   15    8   14    6
 -0.005023408268772987   15    8   14    7
 -9.422142714969854e-07   15    8   14    8
 -1.703507616241225e-06   15    8   14    9
 0.001702765685589021   15    8   14   10
 0.001022175119095586   15    8   14   11
 5.049958629248968e-07   15    8   14   12
 3.77998035690429e-07   15    8   14   13
 1.470204406798043e-05   15    8   14   14
 -0.0001549798574975104   15    8   15    1
 0.006621662521000153   15    8   15    2
 0.001551456672780287   15    8   15    3
 0.0003096572507541188   15    8   15    4
 0.01586283444815335   15    8   15    5
 -0.008644142866320858   15    8   15    6
 1.144598091490891e-05   15    8   15    7
 0.01897392065752968   15    8   15    8
 6.827167778293697e-06   15    9    1    1
 9.515228858549456e-09   15    9    2    1
 6.914930447863229e-06   15    9    2    2
 -2.337353292285536e-07   15    9    3    1
 -6.485656758800353e-06   15    9    3    2
 5.804563802063624e-06   15    9    3    3
 1.00320986248847e-07   15    9    4    1
 9.54218437515594e-07   15    9    4    2
 -1.631213964284152e-06   15    9    4    3
 5.952076056826911e-07   15    9    4    4
 -5.47669075411253e-07   15    9    5    1
 1.476390024057083e-06   15    9    5    2
 -4.81902662265261e-06   15    9    5    3
 4.361764678004939e-06   15    9    5    4
 2.519116327618841e-06   15    9    5    5
 -2.323435592557244e-07   15    9    6    1
 -2.952222847268118e-06   15    9    6    2
 2.699951055679749e-06   15    9    6    3
 -2.27012861874327e-07   15    9    6    4
 -1.537694327261814e-07   15    9    6    5
 2.275877906462448e-06   15    9    6    6
 -0.000197134453118181   15    9    7    1
 0.007020855378888944   15    9    7    2
 -0.01038928693314337   15    9    7    3
 -0.0004283838112349985   15    9    7    4
 0.001975387668789113   15    9    7    5
 -0.004636842169108603   15    9    7    6
 1.333223950964944e-05   15    9    7    7
 4.519587480159083e-08   15    9    8    1
 4.399428906696588e-06   15    9    8    2
 -2.529334289535108e-06   15    9    8    3
 3.393941410939632e-07   15    9    8    4
 4.291919537154815e-06   15    9    8    5
 1.879409569276432e-06   15    9    8    6
 -5.261885525956027e-05   15    9    8    7
 1.546418301807523e-06   15    9    8    8
 7.062981119758419e-07   15    9    9    1
 -4.513795868185491e-07   15    9    9    2
 -2.90545022751632e-06   15    9    9    3
 -3.485143455187227e-06   15    9    9    4
 2.142738593688864e-06   15    9    9    5
 -1.002602254692257e-06   15    9    9    6
 0.004713234081250365   15    9    9    7
 -5.463570425809156e-06   15    9    9    8
 1.37863074884206e-06   15    9    9    9
 -0.0006120656345295592   15    9   10    1
 -0.002953497370389687   15    9   10    2
 -0.00110029656220774   15    9   10    3
 -0.003436751791044531   15    9   10    4
 -0.0006519086430810194   15    9   10    5
 0.001302408887113626   15    9   10    6
 -3.408415719662194e-06   15    9   10    7
 -0.001562077346157041   15    9   10    8
 -0.0002899005437565617   15    9   10    9
 4.063031365017728e-07   15    9   10   10
 -0.0007382481969209906   15    9   11    1
 -0.0001794084518288201   15    9   11    2
 -0.002757427638102205   15    9   11    3
 -0.003878716471053544   15    9   11    4
 -0.001656931939074755   15    9   11    5
 -0.0007338010660862948   15    9   11    6
 -1.238510537750327e-07   15    9   11    7
 -0.003236795324325822   15    9   11    8
 0.0004224521714978554   15    9   11    9
 2.857207991501331e-06   15    9   11   10
 3.016242570889475e-07   15    9   11   11
 -8.629523086339753e-07   15    9   12    1
 7.71755466579162e-07   15    9   12    2
 -3.339058656211022e-06   15    9   12    3
 -8.590312611745341e-06   15    9   12    4
 8.233425730411022e-07   15    9   12    5
 -7.561488790749942e-06   15    9   12    6
 0.002484891085862486   15    9   12    7
 -1.15482510038258e-06   15    9   12    8
 -1.642540517254899e-06   15    9   12    9
 0.0007267563061177243   15    9   12   10
 0.001146226342357696   15    9   12   11
 1.894858390394817e-06   15    9   12   12
 -2.975231466522041e-07   15    9   13    1
 -7.155129693674129e-07   15    9   13    2
 3.161849610866462e-08   15    9   13    3
 3.193406868378508e-06   15    9   13    4
 -6.338676702108837e-06   15    9   13    5
 4.936398165484029e-07   15    9   13    6
 0.007418367695285481   15    9   13    7
 -2.147615332584639e-07   15    9   13    8
 5.262505494077995e-06   15    9   13    9
 -0.003258942932346306   15    9   13   10
 -0.001997147994608021   15    9   13   11
 6.0332663508674e-06   15    9   13   12
 4.241367697314545e-06   15    9   13   13
 2.894924697004538e-08   15    9   14    1
 -4.76810396158e-06   15    9   14    2
 -1.230898565946178e-07   15    9   14    3
 -1.451915636339198e-07   15    9   14    4
 2.883528695394578e-06   15    9   14    5
 -9.186446729439641e-07   15    9   14    6
 0.0004537782030646091   15    9   14    7
 -9.72217714257395e-07   15    9   14    8
 -1.018581976214384e-06   15    9   14    9
 6.221743494303582e-05   15    9   14   10
 0.0004969933320722862   15    9   14   11
 -3.629319656996456e-06   15    9   14   12
 1.949982077038234e-06   15    9   14   13
 4.259518740404969e-06   15    9   14   14
 0.0002175535688502011   15    9   15    1
 0.001115855157181199   15    9   15    2
 -0.00404041424044708   15    9   15    3
 -0.0007079601337271434   15    9   15    4
 -0.004293687141167821   15    9   15    5
 -0.001747574873617537   15    9   15    6
 4.761964262603257e-06   15    9   15    7
 -0.005684788339999472   15    9   15    8
 0.006518471226148927   15    9   15    9
 -0.08111140006303308   15   10    1    1
 0.0002756937346739352   15   10    2    1
 -0.003891224138518873   15   10    2    2
 0.0008896648692867049   15   10    3    1
 -0.002272464037607717   15   10    3    2
 -0.02318226132222913   15   10    3    3
 0.0009364244100832903   15   10    4    1
 -0.007426038614277789   15   10    4    2
 -0.01379493007267956   15   10    4    3
 -0.0259834628926812   15   10    4    4
 0.0003664424128868361   15   10    5    1
 0.001127133972883781   15   10    5    2
 -0.01076657201683027   15   10    5    3
 0.006788468847321556   15   10    5    4
 -0.01257873072120876   15   10    5    5
 3.648827407774703e-05   15   10    6    1
 0.00347474847887029   15   10    6    2
 0.004522371566195856   15   10    6    3
 -0.00506051367409518   15   10    6    4
 -0.0003932669846731604   15   10    6    5
 -0.01273140936823194   15   10    6    6
 6.378235743144055e-07   15   10    7    1
 -2.203572731886001e-07   15   10    7    2
 1.004952973440249e-06   15   10    7    3
 2.880827107811034e-06   15   10    7    4
 5.214816382266968e-08   15   10    7    5
 1.547201751312711e-06   15   10    7    6
 -0.003125166413438693   15   10    7    7
 3.840620920972577e-05   15   10    8    1
 0.0128282705752184   15   10    8    2
 -0.008214140572427355   15   10    8    3
 -0.002710614520626169   15   10    8    4
 0.004241570075394527   15   10    8    5
 -0.005664101911046462   15   10    8    6
 2.358041695826857e-06   15   10    8    7
 -0.02340820626308531   15   10    8    8
 -0.0002486288132690788   15   10    9    1
 -0.003497559940410208   15   10    9    2
 0.004905068169626882   15   10    9    3
 -0.005200533066704288   15   10    9    4
 0.01234365446750001   15   10    9    5
 0.01027606813910073   15   10    9    6
 -1.364293872841283e-06   15   10    9    7
 -0.0005295012577919162   15   10    9    8
 -0.0225845305838111   15   10    9    9
 1.988238061170963e-06   15   10   10    1
 5.050715979221112e-07   15   10   10    2
 3.510117145799866e-06   15   10   10    3
 4.523609307396119e-06   15   10   10    4
 -5.156784245434598e-07   15   10   10    5
 -1.356854403868297e-06   15   10   10    6
 -0.01083837534650487   15   10   10    7
 8.072617278063181e-07   15   10   10    8
 -5.431852245928151e-08   15   10   10    9
 -0.02274537029971976   15   10   10   10
 2.430226873704718e-06   15   10   11    1
 1.512586147480097e-06   15   10   11    2
 4.873622243928618e-06   15   10   11    3
 5.569843104200005e-06   15   10   11    4
 1.260299680836432e-06   15   10   11    5
 -3.324360536490345e-07   15   10   11    6
 -0.01510995798493547   15   10   11    7
 -4.13267280822236e-07   15   10   11    8
 7.681303089219428e-07   15   10   11    9
 -0.02532314046785256   15   10   11   10
 -0.02522645396227632   15   10   11   11
 0.0002203409240661495   15   10   12    1
 -0.003198105862454651   15   10   12    2
 0.002150084957852597   15   10   12    3
 0.00183554790459581   15   10   12    4
 -0.008606627009426162   15   10   12    5
 0.0003946155808430253   15   10   12    6
 -7.647746370791779e-07   15   10   12    7
 -0.002043961802632096   15   10   12    8
 0.002823243380103962   15   10   12    9
 -8.646358940807947e-07   15   10   12   10
 7.872391384285263e-08   15   10   12   11
 -0.02078142870474815   15   10   12   12
 0.0007642419014815613   15   10   13    1
 0.002451195942675897   15   10   13    2
 -0.005067543112705827   15   10   13    3
 -0.007832768986089979   15   10   13    4
 0.004125058686230497   15   10   13    5
 -0.0063065182366463   15   10   13    6
 2.391650450757358e-06   15   10   13    7
 0.001262066657779353   15   10   13    8
 -0.0004631054670114991   15   10   13    9
 3.105802729571825e-06   15   10   13   10
 4.430683039125317e-06   15   10   13   11
 -0.003204019001243581   15   10   13   12
 -0.03175800261448339   15   10   13   13
 -0.0003108284461235986   15   10   14    1
 0.008189432855726623   15   10   14    2
 0.001282422546038581   15   10   14    3
 0.003867312456440775   15   10   14    4
 0.002249753748855703   15   10   14    5
 -0.001059177130169669   15   10   14    6
 -5.048190247407107e-07   15   10   14    7
 -0.0005932014367367791   15   10   14    8
 -0.0003893807708744263   15   10   14    9
 -2.093478128504245e-06   15   10   14   10
 -1.387627117693111e-06   15   10   14   11
 -0.00173103687597937   15   10   14   12
 0.006726821669089895   15   10   14   13
 0.0004280240990042089   15   10   14   14
 -5.159188305250019e-07   15   10   15    1
 -1.089913373239926e-06   15   10   15    2
 -4.149166621546199e-06   15   10   15    3
 -3.580227608544863e-06   15   10   15    4
 -1.260700278308734e-06   15   10   15    5
 1.388862327458631e-06   15   10   15    6
 -0.02802050308359328   15   10   15    7
 -2.926503815688237e-06   15   10   15    8
 -1.691721910642322e-06   15   10   15    9
 0.0156748429647588   15   10   15   10
 -0.08838218963371686   15   11    1    1
 6.495755721789386e-05   15   11    2    1
 -0.01331191914483377   15   11    2    2
 0.00111831083226038   15   11    3    1
 -0.03313482133413411   15   11    3    2
 -0.003365041635622612   15   11    3    3
 0.001052600654507798   15   11    4    1
 0.008009450977476764   15   11    4    2
 -0.02176534958098162   15   11    4    3
 -0.02683886084039127   15   11    4    4
 0.000594346776226313   15   11    5    1
 0.01606577423565445   15   11    5    2
 -0.007742453465363241   15   11    5    3
 0.001412123361059243   15   11    5    4
 -0.01553788674798117   15   11    5    5
 0.0004946251820977752   15   11    6    1
 -0.002706778559469023   15   11    6    2
 0.0006973369846690884   15   11    6    3
 0.01615770172726154   15   11    6    4
 -0.0148571975011338   15   11    6    5
 -0.007871175666828446   15   11    6    6
 7.5806102772323e-07   15   11    7    1
 -4.684596335473778e-07   15   11    7    2
 3.338601345402578e-06   15   11    7    3
 7.663416157997066e-07   15   11    7    4
 -9.191033102935251e-08   15   11    7    5
 3.865405150359226e-06   15   11    7    6
 0.03806955812423662   15   11    7    7
 0.0007361256869073069   15   11    8    1
 0.01902442050236956   15   11    8    2
 0.00225320738039051   15   11    8    3
 0.005838755987473541   15   11    8    4
 0.02502801635060799   15   11    8    5
 -0.01631625707202807   15   11    8    6
 4.541400261380243e-06   15   11    8    7
 -0.01926639733717895   15   11    8    8
 -0.0007780050125050739   15   11    9    1
 -0.001401881670077333   15   11    9    2
 7.573078036113607e-05   15   11    9    3
 -0.01385570926475107   15   11    9    4
 -0.001400975834864212   15   11    9    5
 -0.01219954873119258   15   11    9    6
 2.930456980592193e-07   15   11    9    7
 -0.005754764993669611   15   11    9    8
 -0.02103317562444343   15   11    9    9
 2.563124221831601e-06   15   11   10    1
 4.212665850362163e-06   15   11   10    2
 6.957744005235538e-06   15   11   10    3
 6.760419795860051e-06   15   11   10    4
 1.984386717008505e-06   15   11   10    5
 -1.537914121153502e-06   15   11   10    6
 -0.02519976676847568   15   11   10    7
 -3.007989967681589e-06   15   11   10    8
 6.243646101513441e-07   15   11   10    9
 -0.04612640065732766   15   11   10   10
 3.113696747610293e-06   15   11   11    1
 -3.917984431692825e-07   15   11   11    2
 4.504628280071109e-06   15   11   11    3
 6.969399584210497e-06   15   11   11    4
 2.289274092800902e-07   15   11   11    5
 -8.423855355484781e-07   15   11   11    6
 -0.01179383939929305   15   11   11    7
 2.670260098052396e-06   15   11   11    8
 -5.111926554914523e-07   15   11   11    9
 -0.0003904256430607935   15   11   11   10
 -0.05109170948326724   15   11   11   11
 0.0007365967346903855   15   11   12    1
 0.001435465089656484   15   11   12    2
 -0.0006727340188403657   15   11   12    3
 0.0009538738668205919   15   11   12    4
 -0.01179026052523244   15   11   12    5
 -0.01003039260925847   15   11   12    6
 8.405945657724747e-07   15   11   12    7
 -0.007584736288761471   15   11   12    8
 0.009591348489916883   15   11   12    9
 1.499082741994802e-08   15   11   12   10
 -7.366466109410526e-07   15   11   12   11
 -0.02118358283192455   15   11   12   12
 0.001610684491437703   15   11   13    1
 0.003000083223458803   15   11   13    2
 -0.01171809768264378   15   11   13    3
 -0.008014216504538339   15   11   13    4
 -0.0062394845625807   15   11   13    5
 -0.009312472600108606   15   11   13    6
 2.315209866119338e-06   15   11   13    7
 -0.01110208950997345   15   11   13    8
 0.01096880892438638   15   11   13    9
 4.817386310781689e-06   15   11   13   10
 5.206727192853266e-06   15   11   13   11
 -0.003956988610404635   15   11   13   12
 -0.001860354189226752   15   11   13   13
 -0.000231326105823219   15   11   14    1
 -0.005233669215591483   15   11   14    2
 -0.0001561128408724414   15   11   14    3
 0.008107174719708373   15   11   14    4
 0.004686529632909636   15   11   14    5
 -0.005768957757618188   15   11   14    6
 -9.396075603731742e-08   15   11   14    7
 0.001705169505041625   15   11   14    8
 -0.001763107826147777   15   11   14    9
 -7.68721833227697e-07   15   11   14   10
 -3.581216558113005e-06   15   11   14   11
 -0.002889153164326295   15   11   14   12
 0.005323618190954353   15   11   14   13
 -0.03072064200627491   15   11   14   14
 -6.791387630033518e-07   15   11   15    1
 -1.452163056972751e-06   15   11   15    2
 -1.369932487767149e-06   15   11   15    3
 -6.793247717412014e-06   15   11   15    4
 2.359090376522194e-06   15   11   15    5
 -2.536978214532188e-06   15   11   15    6
 -0.005542746904947547   15   11   15    7
 -2.489838732887329e-06   15   11   15    8
 9.074248982300943e-07   15   11   15    9
 0.01032852389907249   15   11   15   10
 0.02008082638678226   15   11   15   11
 -2.244913366332718e-05   15   12    1    1
 -2.571958827043545e-07   15   12    2    1
 -2.106285283935753e-06   15   12    2    2
 4.745420563492324e-07   15   12    3    1
 -2.717906583031575e-05   15   12    3    2
 1.788670022486154e-05   15   12    3    3
 -2.206395442374231e-07   15   12    4    1
 9.700429680168945e-06   15   12    4    2
 -1.651072819507353e-05   15   12    4    3
 -7.926402506848369e-06   15   12    4    4
 1.122136823514445e-06   15   12    5    1
 1.467368224314197e-05   15   12    5    2
 4.37617706085723e-06   15   12    5    3
 1.160480376262739e-06   15   12    5    4
 -4.018459559389797e-06   15   12    5    5
 7.854276950140115e-07   15   12    6    1
 -3.332332983528268e-07   15   12    6    2
 -5.077700792775752e-06   15   12    6    3
 2.279327792153762e-05   15   12    6    4
 -1.637273736701706e-05   15   12    6    5
 1.342064713192137e-05   15   12    6    6
 -6.961457397545041e-05   15   12    7    1
 0.01726797663837904   15   12    7    2
 -0.01899620720321572   15   12    7    3
 0.00464633224482765   15   12    7    4
 0.009574709438895726   15   12    7    5
 -0.007980328828834732   15   12    7    6
 3.489999908532583e-05   15   12    7    7
 5.239490743405069e-07   15   12    8    1
 8.287914490703666e-06   15   12    8    2
 5.16290419504537e-06   15   12    8    3
 -7.834944392502174e-07   15   12    8    4
 2.4428773781753e-05   15   12    8    5
 -1.32083219230787e-05   15   12    8    6
 0.007952034843157362   15   12    8    7
 1.138429159664315e-06   15   12    8    8
 -1.682337016936154e-06   15   12    9    1
 5.284662976701792e-07   15   12    9    2
 -4.590520803598998e-06   15   12    9    3
 -2.252798767873746e-05   15   12    9    4
 -3.28268766335314e-06   15   12    9    5
 -1.994591441562873e-05   15   12    9    6
 0.003430524294710871   15   12    9    7
 -7.700532899340607e-06   15   12    9    8
 -6.626511767034844e-06   15   12    9    9
 -0.0002309885182884686   15   12   10    1
 -0.005756773846644757   15   12   10    2
 0.002825824418670934   15   12   10    3
 -0.002608000689277807   15   12   10    4
 -0.004493345746549424   15   12   10    5
 0.001493972294199501   15   12   10    6
 -1.292298663630068e-05   15   12   10    7
 -0.003666604063303297   15   12   10    8
 0.001538650647992816   15   12   10    9
 -1.577934682271323e-05   15   12   10   10
 -0.0002736949647264364   15   12   11    1
 -0.001829986559710297   15   12   11    2
 0.0003037365847525254   15   12   11    3
 -0.00251551636961922   15   12   11    4
 -0.004390841942896064   15   12   11    5
 -7.543257087881199e-05   15   12   11    6
 -1.580335240372533e-06   15   12   11    7
 -0.004346448469060372   15   12   11    8
 0.002589757957253771   15   12   11    9
 7.084701053115773e-06   15   12   11   10
 -1.720583971049753e-05   15   12   11   11
 1.941121990741221e-06   15   12   12    1
 3.807957219759104e-06   15   12   12    2
 -4.868066392831658e-06   15   12   12    3
 -1.306944442289003e-06   15   12   12    4
 8.883386488019067e-07   15   12   12    5
 -6.277162302825817e-06   15   12   12    6
 -0.001175991715089687   15   12   12    7
 -1.140320880928274e-05   15   12   12    8
 3.58362205155458e-06   15   12   12    9
 0.0001744596118215579   15   12   12   10
 0.0006997403291625153   15   12   12   11
 -5.976099975843115e-06   15   12   12   12
 1.141104526699282e-06   15   12   13    1
 -7.324457001724074e-07   15   12   13    2
 -1.32333938733243e-06   15   12   13    3
 -1.043035043319884e-06   15   12   13    4
 -9.023461074638855e-06   15   12   13    5
 -6.536678610881019e-06   15   12   13    6
 0.01173566985583877   15   12   13    7
 -5.776978037454479e-06   15   12   13    8
 1.670335059700551e-05   15   12   13    9
 -0.004486074890701238   15   12   13   10
 -0.003157958842495781   15   12   13   11
 3.595354354965164e-06   15   12   13   12
 1.837522906393014e-05   15   12   13   13
 8.031961580028343e-08   15   12   14    1
 -3.270260657178949e-06   15   12   14    2
 1.991521286344089e-06   15   12   14    3
 -2.825185264697024e-07   15   12   14    4
 -2.090993270929317e-06   15   12   14    5
 -1.804224515833692e-06   15   12   14    6
 0.003128241745562483   15   12   14    7
 8.171268073476779e-07   15   12   14    8
 -4.351518077117191e-06   15   12   14    9
 -0.001594949413686358   15   12   14   10
 -0.0009741458438223398   15   12   14   11
 -1.924880840904408e-06   15   12   14   12
 2.741295638732996e-06   15   12   14   13
 -2.151932579387313e-05   15   12   14   14
 6.531845892982321e-05   15   12   15    1
 -0.003870668496042543   15   12   15    2
 -0.0005904053543403678   15   12   15    3
 -0.002653766521646471   15   12   15    4
 -0.008376736976214279   15   12   15    5
 0.001527803913186198   15   12   15    6
 1.350291039977516e-05   15   12   15    7
 -0.01079254469370423   15   12   15    8
 0.005936900567647842   15   12   15    9
 -1.364356944083195e-07   15   12   15   10
 9.194861455265248e-06   15   12   15   11
 0.01128714344477934   15   12   15   12
 5.422692852966086e-05   15   13    1    1
 -7.507197654738685e-07   15   13    2    1
 1.288251890451779e-07   15   13    2    2
 -1.170877735782523e-06   15   13    3    1
 5.392525328712797e-06   15   13    3    2
 -4.162558466941838e-08   15   13    3    3
 -9.520611775393391e-07   15   13    4    1
 8.516006057502834e-07   15   13    4    2
 1.800957838364135e-05   15   13    4    3
 1.384212371198362e-05   15   13    4    4
 -9.849881156233803e-07   15   13    5    1
 -1.20532478993465e-06   15   13    5    2
 -5.480030049415396e-06   15   13    5    3
 -3.391359955143237e-06   15   13    5    4
 2.541251284948194e-06   15   13    5    5
 3.199478215688498e-07   15   13    6    1
 -6.873948412193727e-06   15   13    6    2
 7.260980249213041e-06   15   13    6    3
 -7.743277047743423e-06   15   13    6    4
 6.339914956293384e-06   15   13    6    5
 -9.617837962327871e-06   15   13    6    6
 -0.0007106844101996691   15   13    7    1
 -0.00721564743535537   15   13    7    2
 -0.00240385588483777   15   13    7    3
 -0.004627428993341787   15   13    7    4
 -0.01455156785015412   15   13    7    5
 0.004785286556501431   15   13    7    6
 -6.591698577780193e-06   15   13    7    7
 1.199836154081183e-06   15   13    8    1
 -4.086846057614272e-06   15   13    8    2
 -7.372461536941043e-07   15   13    8    3
 1.373866644169604e-05   15   13    8    4
 -1.213886078851181e-05   15   13    8    5
 1.139014579936202e-05   15   13    8    6
 -0.01647772753443496   15   13    8    7
 7.885702873032636e-06   15   13    8    8
 5.568843469622164e-07   15   13    9    1
 1.758391269424591e-06   15   13    9    2
 -1.17858153222066e-06   15   13    9    3
 1.54469864100692e-05   15   13    9    4
 -1.081031920031688e-05   15   13    9    5
 5.155511190322989e-07   15   13    9    6
 0.007548579834515548   15   13    9    7
 4.798359618880722e-06   15   13    9    8
 1.172953133473409e-05   15   13    9    9
 -0.002181296123130507   15   13   10    1
 0.001232917433933571   15   13   10    2
 -0.007481474252888161   15   13   10    3
 -0.004093409462466   15   13   10    4
 0.002219103695811006   15   13   10    5
 -0.002294196605063844   15   13   10    6
 7.27781200008392e-06   15   13   10    7
 0.003661191500944053   15   13   10    8
 -6.724068423717219e-06   15   13   10    9
 1.339393730944514e-05   15   13   10   10
 -0.002676689378402422   15   13   11    1
 0.003740192454538604   15   13   11    2
 -0.009344577628781218   15   13   11    3
 -0.004478144624363969   15   13   11    4
 0.0003733808525446887   15   13   11    5
 -0.002368712141630166   15   13   11    6
 5.740023508666578e-06   15   13   11    7
 -0.0008552989929430761   15   13   11    8
 0.001917718303854278   15   13   11    9
 1.284673640305593e-05   15   13   11   10
 1.706247503217821e-05   15   13   11   11
 -7.775272085730604e-07   15   13   12    1
 -7.074416576867301e-07   15   13   12    2
 2.029145268891466e-06   15   13   12    3
 -3.129133900471922e-07   15   13   12    4
 2.224744796939421e-06   15   13   12    5
 -6.48950602240018e-07   15   13   12    6
 0.008369039297075396   15   13   12    7
 7.315921456374326e-06   15   13   12    8
 4.678505061617121e-06   15   13   12    9
 -0.003015872820793292   15   13   12   10
 -0.00207708197045218   15   13   12   11
 1.024726841696295e-05   15   13   12   12
 -2.024093199552211e-07   15   13   13    1
 -2.493944672115202e-06   15   13   13    2
 7.724106976350686e-06   15   13   13    3
 3.995172395750602e-06   15   13   13    4
 5.804441496790328e-06   15   13   13    5
 6.537387802528232e-06   15   13   13    6
 0.001611323825405255   15   13   13    7
 7.004664782929937e-06   15   13   13    8
 -1.093018918063037e-05   15   13   13    9
 -0.003667901325409804   15   13   13   10
 -0.001402716127072073   15   13   13   11
 -3.453373238657908e-06   15   13   13   12
 6.99877090387169e-06   15   13   13   13
 7.178061056144888e-07   15   13   14    1
 1.125539176569599e-07   15   13   14    2
 -1.072274164600763e-06   15   13   14    3
 -1.926584996307956e-06   15   13   14    4
 -1.405658202330565e-06   15   13   14    5
 1.328074630965709e-06   15   13   14    6
 -0.006466636082418603   15   13   14    7
 1.773679084198621e-06   15   13   14    8
 3.172066206562682e-06   15   13   14    9
 0.003457411227899037   15   13   14   10
 0.003763757531000816   15   13   14   11
 7.213992677992591e-07   15   13   14   12
 -3.301829358162126e-06   15   13   14   13
 -9.67825605519877e-07   15   13   14   14
 0.0008160540793183787   15   13   15    1
 0.01615967473212498   15   13   15    2
 -0.02003244568454526   15   13   15    3
 0.00784913360234356   15   13   15    4
 0.002889710374620918   15   13   15    5
 -0.003030991648843309   15   13   15    6
 -6.227063395530639e-06   15   13   15    7
 0.00120339008899274   15   13   15    8
 0.005450921758607932   15   13   15    9
 -4.891117778899572e-06   15   13   15   10
 -8.375303182916752e-06   15   13   15   11
 -0.002574325063797495   15   13   15   12
 0.02664809277947556   15   13   15   13
 -2.515156417885367e-05   15   14    1    1
 1.094385009667961e-07   15   14    2    1
 1.612023982628039e-06   15   14    2    2
 4.472894887723083e-07   15   14    3    1
 -8.870370860579091e-08   15   14    3    2
 -4.764212776907172e-06   15   14    3    3
 4.259385326823935e-07   15   14    4    1
 -3.633813316286688e-06   15   14    4    2
 -8.018626552813435e-06   15   14    4    3
 -5.31281522895476e-06   15   14    4    4
 2.56431068013379e-07   15   14    5    1
 -9.123778233204044e-06   15   14    5    2
 -2.95081688799452e-06   15   14    5    3
 5.863219057472798e-06   15   14    5    4
 2.860376985277178e-06   15   14    5    5
 1.107862594294898e-07   15   14    6    1
 -8.348578455136268e-07   15   14    6    2
 -3.939733501643289e-06   15   14    6    3
 4.149367245205692e-06   15   14    6    4
 -1.147766022366402e-06   15   14    6    5
 -1.064685537748189e-06   15   14    6    6
 0.0003795639432331666   15   14    7    1
 -0.0169139955215428   15   14    7    2
 0.02101937305020385   15   14    7    3
 -0.006390548945156267   15   14    7    4
 -0.00933510493527163   15   14    7    5
 0.004575951608684379   15   14    7    6
 -2.377979487508838e-06   15   14    7    7
 7.815205475764526e-08   15   14    8    1
 4.09714089677202e-06   15   14    8    2
 2.838058257008991e-06   15   14    8    3
 -5.785440849841715e-06   15   14    8    4
 4.740080420824735e-07   15   14    8    5
 -3.893484255131059e-06   15   14    8    6
 -0.008347914368212694   15   14    8    7
 -7.810016780073182e-06   15   14    8    8
 -2.460569766257812e-07   15   14    9    1
 -8.163708156819971e-06   15   14    9    2
 -5.036249211982397e-07   15   14    9    3
 -1.362674049321112e-06   15   14    9    4
 9.187415454854108e-06   15   14    9    5
 8.997062303259227e-08   15   14    9    6
 -0.0005322949734323609   15   14    9    7
 -2.698245881561131e-06   15   14    9    8
 -4.855346122142022e-06   15   14    9    9
 0.001239131505035873   15   14   10    1
 0.01072407918281421   15   14   10    2
 0.0007561161225514921   15   14   10    3
 0.004967269181638365   15   14   10    4
 0.00379243673250463   15   14   10    5
 -0.0007025399054069794   15   14   10    6
 -2.060046001169021e-06   15   14   10    7
 0.00206614807597437   15   14   10    8
 -0.0007986735397026298   15   14   10    9
 -6.629518524905297e-06   15   14   10   10
 0.001483512075317722   15   14   11    1
 -0.0007397716392390717   15   14   11    2
 -0.0005400176161162012   15   14   11    3
 0.006558356196908321   15   14   11    4
 0.004594910545009166   15   14   11    5
 -0.001896323173874092   15   14   11    6
 -2.563559884524414e-06   15   14   11    7
 0.00491594101912691   15   14   11    8
 -0.001376300883221012   15   14   11    9
 -7.99525007872874e-06   15   14   11   10
 -6.827098965141115e-06   15   14   11   11
 2.744796045692578e-07   15   14   12    1
 8.216741881473612e-07   15   14   12    2
 4.908533647054992e-07   15   14   12    3
 -2.460511685605866e-06   15   14   12    4
 -5.120607166082374e-06   15   14   12    5
 1.340677539043886e-06   15   14   12    6
 0.003475223140345475   15   14   12    7
 7.763088617204842e-07   15   14   12    8
 -2.337441513429125e-06   15   14   12    9
 -0.001806801289596   15   14   12   10
 -0.001526905331576167   15   14   12   11
 -4.954986466956314e-06   15   14   12   12
 5.457328560253411e-07   15   14   13    1
 3.881021907970871e-07   15   14   13    2
 -9.1355673691337e-07   15   14   13    3
 -3.332876649180487e-06   15   14   13    4
 -2.621864917140256e-06   15   14   13    5
 -2.466496011814994e-06   15   14   13    6
 -0.01023018722178416   15   14   13    7
 -1.517278713049763e-06   15   14   13    8
 3.301343394287596e-06   15   14   13    9
 0.005746558021734277   15   14   13   10
 0.004685352925081532   15   14   13   11
 1.914955103629576e-06   15   14   13   12
 -6.612752772619255e-06   15   14   13   13
 -1.662908794809359e-07   15   14   14    1
 1.196647197702949e-06   15   14   14    2
 1.269039508448084e-06   15   14   14    3
 -1.084407768081139e-06   15   14   14    4
 3.487411966717297e-06   15   14   14    5
 4.015841517104637e-06   15   14   14    6
 -0.002529138349708972   15   14   14    7
 -9.855165761925777e-07   15   14   14    8
 4.991863903550391e-06   15   14   14    9
 0.003931290521478393   15   14   14   10
 -0.003873897777556211   15   14   14   11
 -8.453775287509449e-06   15   14   14   12
 -1.185409428554415e-06   15   14   14   13
 5.165031248609951e-06   15   14   14   14
 -0.000441731709158959   15   14   15    1
 0.003063623943157277   15   14   15    2
 0.001744478795489346   15   14   15    3
 -0.001389874241131524   15   14   15    4
 0.008778990976810295   15   14   15    5
 -0.004983883491178512   15   14   15    6
 3.68467110459433e-06   15   14   15    7
 0.01072043322708601   15   14   15    8
 -0.003357115362532209   15   14   15    9
 1.714720419352064e-06   15   14   15   10
 2.483910746958967e-06   15   14   15   11
 -0.007747189910084694   15   14   15   12
 0.002916854296888764   15   14   15   13
 0.0088460858946   15   14   15   14
 0.3137495473532681   15   15    1    1
 -0.001111237438882532   15   15    2    1
 0.3002019598984444   15   15    2    2
 -0.0001730918990228456   15   15    3    1
 -0.1181112960644374   15   15    3    2
 0.3931250705557445   15   15    3    3
 -0.001052544387457831   15   15    4    1
 0.05955810038931563   15   15    4    2
 -0.03329311780494359   15   15    4    3
 0.286709415926733   15   15    4    4
 0.001098457856708026   15   15    5    1
 0.07375443307179393   15   15    5    2
 0.006380233340719562   15   15    5    3
 -0.0002052345661489211   15   15    5    4
 0.297198579811481   15   15    5    5
 0.001796324108193733   15   15    6    1
 -0.02974142941255346   15   15    6    2
 0.0001877547856657277   15   15    6    3
 0.06818044426585949   15   15    6    4
 -0.05637516241219723   15   15    6    5
 0.3179014652493816   15   15    6    6
 -6.621604445604894e-07   15   15    7    1
 -1.188394948266352e-06   15   15    7    2
 3.165809695095491e-06   15   15    7    3
 -1.117009192534655e-05   15   15    7    4
 -7.870292393635912e-07   15   15    7    5
 7.670125949113853e-06   15   15    7    6
 0.5044983329877684   15   15    7    7
 0.002236985826690957   15   15    8    1
 0.0232625202785593   15   15    8    2
 0.01272885207021758   15   15    8    3
 0.02670221553164876   15   15    8    4
 0.08807466672305624   15   15    8    5
 -0.03465887130735339   15   15    8    6
 1.354721137629638e-05   15   15    8    7
 0.3370862095673164   15   15    8    8
 -0.002452538164912791   15   15    9    1
 0.008758259955035499   15   15    9    2
 -0.02857121707351105   15   15    9    3
 -0.04680371579253282   15   15    9    4
 -0.04930290361650685   15   15    9    5
 -0.07835383464598211   15   15    9    6
 7.459434922465667e-06   15   15    9    7
 -0.0349110433703967   15   15    9    8
 0.2920731012374674   15   15    9    9
 -1.350247795873121e-06   15   15   10    1
 -1.202476752838792e-06   15   15   10    2
 -3.917742141644926e-06   15   15   10    3
 -2.401437361288544e-06   15   15   10    4
 -3.834635287272357e-07   15   15   10    5
 -2.445883473074797e-06   15   15   10    6
 -0.06423981238180071   15   15   10    7
 -3.66794003090076e-06   15   15   10    8
 -7.24909486408223e-07   15   15   10    9
 0.2572867115842892   15   15   10   10
 -1.65558151629568e-06   15   15   11    1
 -7.338303790940537e-07   15   15   11    2
 -1.480812310386585e-06   15   15   11    3
 -3.827642667768707e-06   15   15   11    4
 3.251732238011552e-07   15   15   11    5
 -3.46689937482605e-07   15   15   11    6
 -0.004702468019345732   15   15   11    7
 -1.123525583206324e-06   15   15   11    8
 -5.878035204917385e-07   15   15   11    9
 0.05752702405688893   15   15   11   10
 0.2558267099023929   15   15   11   11
 0.002630162991229933   15   15   12    1
 0.009759983553659523   15   15   12    2
 -0.008765597346977034   15   15   12    3
 -0.02167217547616012   15   15   12    4
 0.01744481710720221   15   15   12    5
 -0.02752381284073138   15   15   12    6
 5.519968159065679e-06   15   15   12    7
 -0.0327297440616246   15   15   12    8
 0.04051271877689088   15   15   12    9
 5.441994370927001e-08   15   15   12   10
 3.496116527986094e-07   15   15   12   11
 0.2924343565991327   15   15   12   12
 0.00219555261165647   15   15   13    1
 0.00892136182513821   15   15   13    2
 -0.02953731794059282   15   15   13    3
 0.01344906972469945   15   15   13    4
 -0.04134160167727425   15   15   13    5
 0.0002502959875496394   15   15   13    6
 -1.915898258437491e-06   15   15   13    7
 -0.04004072730483787   15   15   13    8
 0.05971400281409919   15   15   13    9
 -2.043422553114174e-06   15   15   13   10
 -5.109448148652527e-06   15   15   13   11
 0.01236351426845664   15   15   13   12
 0.4200000426338834   15   15   13   13
 0.0006779358123902102   15   15   14    1
 -0.00528507300486371   15   15   14    2
 0.01337941355233683   15   15   14    3
 -0.0149183859198735   15   15   14    4
 -0.003889859900767058   15   15   14    5
 -0.00176867583099893   15   15   14    6
 1.32340488853388e-06   15   15   14    7
 0.01681352024308161   15   15   14    8
 -0.007409663542901249   15   15   14    9
 1.251813011760066e-07   15   15   14   10
 1.568065156530643e-06   15   15   14   11
 -0.01125672928798313   15   15   14   12
 0.00399308219118774   15   15   14   13
 0.191945003707576   15   15   14   14
 2.140461443830622e-07   15   15   15    1
 -5.134503320446304e-06   15   15   15    2
 1.877503019583336e-05   15   15   15    3
 -1.602119852336713e-05   15   15   15    4
 7.053931089608953e-06   15   15   15    5
 -2.971686474836132e-05   15   15   15    6
 0.06328556660636721   15   15   15    7
 1.109986971824463e-05   15   15   15    8
 1.613316296901058e-05   15   15   15    9
 -0.006036281036573069   15   15   15   10
 0.04268612089743416   15   15   15   11
 4.173463468469043e-05   15   15   15   12
 -1.525713916283056e-05   15   15   15   13
 -8.007868520170761e-07   15   15   15   14
 0.5408461085420502   15   15   15   15
 0.1540579818126323   16    1    1    1
 -0.004177168953398142   16    1    2    1
 0.0009832925138382796   16    1    2    2
 -0.01253567871448025   16    1    3    1
 0.0009259327078589332   16    1    3    2
 0.002894397825070135   16    1    3    3
 -0.01623169347662507   16    1    4    1
 0.0006390550856972079   16    1    4    2
 0.001645566539967262   16    1    4    3
 0.00158003100130405   16    1    4    4
 -0.001983947819824305   16    1    5    1
 0.0007861745957165176   16    1    5    2
 0.002200280482547942   16    1    5    3
 0.001666057046082193   16    1    5    4
 0.001618258494958266   16    1    5    5
 0.0003938400896377559   16    1    6    1
 6.712419849237202e-05   16    1    6    2
 0.0001322420605209633   16    1    6    3
 0.0001094687857738081   16    1    6    4
 5.914728614596652e-05   16    1    6    5
 0.0009272796139514293   16    1    6    6
 -3.598569348693786e-07   16    1    7    1
 4.800411890362668e-08   16    1    7    2
 -4.928829924753439e-07   16    1    7    3
 -2.988557405664266e-07   16    1    7    4
 -5.635488368638737e-08   16    1    7    5
 -9.763672162386938e-08   16    1    7    6
 0.0005753452776958277   16    1    7    7
 -0.001944063822121378   16    1    8    1
 -0.0009853678669346315   16    1    8    2
 -0.0006448307394333936   16    1    8    3
 -0.001061906858067295   16    1    8    4
 -0.0002264190121715654   16    1    8    5
 0.0005170715522616904   16    1    8    6
 -1.377446681076539e-07   16    1    8    7
 0.001898552350099404   16    1    8    8
 -0.0006955121718442504   16    1    9    1
 -0.000128291305277698   16    1    9    2
 -0.001522749042180842   16    1    9    3
 -0.00176856073596493   16    1    9    4
 -0.0006300247404179165   16    1    9    5
 -0.0001869584038031526   16    1    9    6
 1.40195311573833e-07   16    1    9    7
 -0.0007585162363180042   16    1    9    8
 0.0009228653203169436   16    1    9    9
 -1.305337033048892e-06   16    1   10    1
 -5.405902510115014e-07   16    1   10    2
 -1.039907056644536e-06   16    1   10    3
 -1.148450133577727e-06   16    1   10    4
 -2.52083296556712e-07   16    1   10    5
 9.365695784560374e-08   16    1   10    6
 0.0005161713517864713   16    1   10    7
 1.180473426248293e-07   16    1   10    8
 3.36202457880637e-08   16    1   10    9
 0.002033009499223579   16    1   10   10
 -1.589653394553966e-06   16    1   11    1
 -1.748320005675453e-07   16    1   11    2
 -9.614842227093339e-07   16    1   11    3
 -1.285153415514492e-06   16    1   11    4
 -2.412013421967082e-07   16    1   11    5
 1.586342662289652e-08   16    1   11    6
 0.0005252608135786141   16    1   11    7
 -2.586095069154629e-07   16    1   11    8
 5.354321667436349e-08   16    1   11    9
 0.001297862148170664   16    1   11   10
 0.002510102745022843   16    1   11   11
 0.00206709884269134   16    1   12    1
 0.0004776029985459724   16    1   12    2
 0.001343598749841146   16    1   12    3
 0.0006459362905219737   16    1   12    4
 0.001717796219921297   16    1   12    5
 0.0003445662933000827   16    1   12    6
 1.926203271878726e-08   16    1   12    7
 -0.0006836491940197746   16    1   12    8
 -0.001527860866631663   16    1   12    9
 1.328751526417431e-08   16    1   12   10
 -1.699888340133987e-08   16    1   12   11
 0.001911469923457201   16    1   12   12
 -0.01468846475022753   16    1   13    1
 0.0004924723504693842   16    1   13    2
 0.001878321137616258   16    1   13    3
 0.002180926957886034   16    1   13    4
 0.0008600713901418245   16    1   13    5
 0.0005027033329347784   16    1   13    6
 -2.929228734480093e-07   16    1   13    7
 0.0005136324622764362   16    1   13    8
 -0.0007466319774080687   16    1   13    9
 -9.406714555368558e-07   16    1   13   10
 -1.143725574654276e-06   16    1   13   11
 0.001631808219330861   16    1   13   12
 0.003168205035670531   16    1   13   13
 0.006197496667162006   16    1   14    1
 -0.0003068858888737962   16    1   14    2
 -0.0009126599721870952   16    1   14    3
 -0.001066176418486419   16    1   14    4
 -0.0006548090672213288   16    1   14    5
 6.110399216830711e-05   16    1   14    6
 1.012875525077589e-07   16    1   14    7
 0.0002950246060129006   16    1   14    8
 0.0002326772215670488   16    1   14    9
 3.294229631215837e-07   16    1   14   10
 5.677924496680588e-07   16    1   14   11
 -0.0004676591793016245   16    1   14   12
 -0.000677930089186314   16    1   14   13
 0.001037858964469344   16    1   14   14
 -4.660332937650169e-06   16    1   15    1
 2.189349745349257e-07   16    1   15    2
 6.944456853184175e-07   16    1   15    3
 9.634213892467574e-07   16    1   15    4
 1.224134639060254e-07   16    1   15    5
 1.22133496043851e-08   16    1   15    6
 0.0001770231165032595   16    1   15    7
 1.23165903598237e-07   16    1   15    8
 -6.878412114666323e-08   16    1   15    9
 -0.0004708141873376629   16    1   15   10
 -0.0005438541260913264   16    1   15   11
 3.190413083586743e-07   16    1   15   12
 7.927109647052843e-07   16    1   15   13
 -4.418815533509604e-07   16    1   15   14
 0.0006935016971434679   16    1   15   15
 0.01176093342071423   16    1   16    1
 -0.02489950781785623   16    2    1    1
 0.0001676709798762957   16    2    2    1
 -0.003160908059281833   16    2    2    2
 0.0007235801796696288   16    2    3    1
 0.004370904335848346   16    2    3    2
 -0.001880175153733661   16    2    3    3
 0.000490294658371146   16    2    4    1
 0.005066662321008598   16    2    4    2
 -0.008538180249938736   16    2    4    3
 -0.005828898336343338   16    2    4    4
 0.0006812027454862104   16    2    5    1
 0.000806850410095421   16    2    5    2
 0.007588914806938594   16    2    5    3
 0.002315225866171348   16    2    5    4
 0.0009276241174130753   16    2    5    5
 0.0002052509148597096   16    2    6    1
 0.00790119186412911   16    2    6    2
 -0.01089773168559503   16    2    6    3
 0.00566097608309746   16    2    6    4
 0.003823789762973069   16    2    6    5
 -0.004291381326799882   16    2    6    6
 -1.055317207318823e-07   16    2    7    1
 -1.614745044565319e-06   16    2    7    2
 1.641428659811573e-07   16    2    7    3
 -6.161903554895551e-07   16    2    7    4
 -4.001420212659568e-06   16    2    7    5
 2.60541877300837e-06   16    2    7    6
 -0.0009238692731715467   16    2    7    7
 -6.600056259890989e-05   16    2    8    1
 -0.004815848977103227   16    2    8    2
 -0.00450563807791759   16    2    8    3
 -0.004361043818171083   16    2    8    4
 -0.003303983451326078   16    2    8    5
 -0.005098383407496481   16    2    8    6
 -4.256247951333401e-06   16    2    8    7
 -0.001373938316678051   16    2    8    8
 -0.0006985826191634152   16    2    9    1
 -0.007243135575123658   16    2    9    2
 0.006646653903557458   16    2    9    3
 -0.003546849658924634   16    2    9    4
 0.003985203380138494   16    2    9    5
 0.003634481223482515   16    2    9    6
 1.412130385376848e-06   16    2    9    7
 -0.001810739482489211   16    2    9    8
 -0.005758650687461514   16    2    9    9
 -3.224438598172153e-07   16    2   10    1
 1.777910462251874e-06   16    2   10    2
 -6.19175006678637e-07   16    2   10    3
 -1.045151256310199e-06   16    2   10    4
 6.595821793874202e-07   16    2   10    5
 -5.14643181186766e-07   16    2   10    6
 -0.001693098488254657   16    2   10    7
 1.229923840485974e-06   16    2   10    8
 -1.086729694736682e-07   16    2   10    9
 -0.001947847049640995   16    2   10   10
 -3.80544808137484e-07   16    2   11    1
 7.85152295959674e-08   16    2   11    2
 -2.935401504318462e-06   16    2   11    3
 2.522238393687088e-07   16    2   11    4
 1.107348312890259e-06   16    2   11    5
 -1.162401078151128e-06   16    2   11    6
 -0.003323713333093651   16    2   11    7
 8.170485324449074e-07   16    2   11    8
 2.762030251066116e-07   16    2   11    9
 -0.008310874193932673   16    2   11   10
 -0.005573130821853049   16    2   11   11
 0.0008693692891859398   16    2   12    1
 -0.0003447590215676813   16    2   12    2
 0.01321904307367784   16    2   12    3
 -0.001348958013284667   16    2   12    4
 -0.004705240324781809   16    2   12    5
 0.005653543751416168   16    2   12    6
 2.969862096579014e-06   16    2   12    7
 -0.002851152728673035   16    2   12    8
 -0.002784119596090028   16    2   12    9
 -1.115385298580928e-06   16    2   12   10
 -5.345482410663127e-07   16    2   12   11
 -0.006807067763000491   16    2   12   12
 0.000838989156253239   16    2   13    1
 0.001371074577124932   16    2   13    2
 -0.001048790055370864   16    2   13    3
 -0.003670946546533174   16    2   13    4
 -0.0006278378384155314   16    2   13    5
 -0.001051783829287809   16    2   13    6
 -1.446451177553186e-06   16    2   13    7
 -0.002948104628735067   16    2   13    8
 0.001660003005092688   16    2   13    9
 3.568212245925081e-07   16    2   13   10
 7.503505377806783e-07   16    2   13   11
 0.001801516533193951   16    2   13   12
 -0.004637667070576655   16    2   13   13
 -0.0002388654495934917   16    2   14    1
 -0.001733111673367611   16    2   14    2
 4.146950588811123e-05   16    2   14    3
 0.003042288434603132   16    2   14    4
 0.01000004760465526   16    2   14    5
 0.000628265334038571   16    2   14    6
 -2.634058946471118e-06   16    2   14    7
 -0.004795915548168874   16    2   14    8
 0.009544247133720991   16    2   14    9
 2.486611265695653e-06   16    2   14   10
 -3.125605152745952e-07   16    2   14   11
 -0.002249735026765229   16    2   14   12
 -0.000408122450535717   16    2   14   13
 -0.002275303027447826   16    2   14   14
 2.211642015689472e-07   16    2   15    1
 6.432767518457551e-07   16    2   15    2
 -5.628687536231861e-06   16    2   15    3
 1.707181278305744e-06   16    2   15    4
 1.823185966955794e-06   16    2   15    5
 -9.789106470928611e-07   16    2   15    6
 0.0003309070756370145   16    2   15    7
 3.161320249962748e-06   16    2   15    8
 -7.264299622107249e-07   16    2   15    9
 0.001827843738365741   16    2   15   10
 0.001811499446198017   16    2   15   11
 -3.895788684968026e-06   16    2   15   12
 5.44109400040677e-06   16    2   15   13
 3.086892139245768e-06   16    2   15   14
 0.001281354678222124   16    2   15   15
 -0.0002000283143639481   16    2   16    1
 0.01751895291480751   16    2   16    2
 -0.07484715576435781   16    3    1    1
 0.0007731582857887503   16    3    2    1
 -0.002670735080312319   16    3    2    2
 0.001932012385814508   16    3    3    1
 0.004213891697905336   16    3    3    2
 -0.0155365530197619   16    3    3    3
 0.002024076083315794   16    3    4    1
 -0.0088923166542434   16    3    4    2
 -0.002719706562892278   16    3    4    3
 -0.01768395543308532   16    3    4    4
 0.0009298332582771917   16    3    5    1
 0.002763103861934034   16    3    5    2
 -0.003303118591557074   16    3    5    3
 -2.848904426864785e-05   16    3    5    4
 -0.006714466644979275   16    3    5    5
 -0.0001052068935458092   16    3    6    1
 -0.001823254591512002   16    3    6    2
 0.008660432203957171   16    3    6    3
 -0.00229138892482365   16    3    6    4
 -0.001179124095152742   16    3    6    5
 -0.0007887896060706842   16    3    6    6
 -1.308275551869934e-07   16    3    7    1
 -3.019705225025847e-06   16    3    7    2
 6.310505837908132e-06   16    3    7    3
 -2.064708962941432e-06   16    3    7    4
 3.39227953508877e-06   16    3    7    5
 -2.58478064891755e-06   16    3    7    6
 -0.01919904611254698   16    3    7    7
 -0.0004160764591716852   16    3    8    1
 0.0002424828010753415   16    3    8    2
 -0.006229303711200566   16    3    8    3
 -0.004582843935607317   16    3    8    4
 -0.005588617638309199   16    3    8    5
 -0.00562257728588998   16    3    8    6
 4.10069411913554e-06   16    3    8    7
 -0.01163613548609264   16    3    8    8
 -0.0005122425394530088   16    3    9    1
 0.004263642211343543   16    3    9    2
 0.0004881804667091393   16    3    9    3
 -0.001757831036650876   16    3    9    4
 0.01315492568560917   16    3    9    5
 0.004059757085237882   16    3    9    6
 -2.640825216261694e-06   16    3    9    7
 0.004273983189851569   16    3    9    8
 -0.009675448372644647   16    3    9    9
 -5.150004633921441e-07   16    3   10    1
 4.069788123708445e-07   16    3   10    2
 -1.064778412114696e-06   16    3   10    3
 -7.570264029720287e-07   16    3   10    4
 -4.801396769924298e-07   16    3   10    5
 1.232085863896713e-06   16    3   10    6
 -0.0006774162623769167   16    3   10    7
 -6.825106681398711e-07   16    3   10    8
 -3.564575763848733e-07   16    3   10    9
 -0.01374254501284395   16    3   10   10
 -6.273910797895446e-07   16    3   11    1
 -2.205877008340448e-06   16    3   11    2
 7.898341596176486e-07   16    3   11    3
 -1.030666175462981e-06   16    3   11    4
 1.252107565665553e-07   16    3   11    5
 1.058828141677192e-07   16    3   11    6
 -0.00635672717129595   16    3   11    7
 -2.201314008292707e-07   16    3   11    8
 -1.139996580622001e-06   16    3   11    9
 -0.02160640056281601   16    3   11   10
 -0.01737019915013279   16    3   11   11
 0.0005917836017706275   16    3   12    1
 0.01094405138882444   16    3   12    2
 -0.00742162896881692   16    3   12    3
 0.008833759418260567   16    3   12    4
 -0.004268528684309974   16    3   12    5
 0.001135375419300457   16    3   12    6
 -2.830186811210624e-06   16    3   12    7
 -0.001540543954799645   16    3   12    8
 0.00652598700239084   16    3   12    9
 1.048068799639593e-06   16    3   12   10
 4.955782016636916e-07   16    3   12   11
 -0.002433839830098055   16    3   12   12
 0.001587721582462529   16    3   13    1
 0.0001305414169616342   16    3   13    2
 0.0004611004617586495   16    3   13    3
 -0.01177374771278651   16    3   13    4
 0.007243706240000911   16    3   13    5
 -0.007864131035817019   16    3   13    6
 -2.00839872653e-06   16    3   13    7
 0.00130412620849046   16    3   13    8
 -0.002063294199719547   16    3   13    9
 -9.151938127584284e-07   16    3   13   10
 -2.256913756516709e-06   16    3   13   11
 -0.005241110112842434   16    3   13   12
 -0.02723380266659438   16    3   13   13
 -0.000904882832901384   16    3   14    1
 0.002628942356515663   16    3   14    2
 0.002447272391877643   16    3   14    3
 0.006997542082464929   16    3   14    4
 0.001527587847478013   16    3   14    5
 0.005117637512448016   16    3   14    6
 3.345855499691238e-06   16    3   14    7
 -0.004745996012811469   16    3   14    8
 0.0009804466517045088   16    3   14    9
 9.471902947696608e-08   16    3   14   10
 -4.711984566954814e-07   16    3   14   11
 -0.0009265501668414197   16    3   14   12
 0.001342142533929031   16    3   14   13
 0.0009310254237086293   16    3   14   14
 6.974047538424096e-07   16    3   15    1
 -5.558042626854347e-06   16    3   15    2
 6.193046390506404e-07   16    3   15    3
 -2.232187001838049e-06   16    3   15    4
 -2.305244530455148e-06   16    3   15    5
 4.379350701703119e-06   16    3   15    6
 -0.00779934809703056   16    3   15    7
 -2.54871349442453e-06   16    3   15    8
 -5.373187148442896e-06   16    3   15    9
 0.006466991315506498   16    3   15   10
 0.002154271827929633   16    3   15   11
 1.717343594149945e-06   16    3   15   12
 -1.162096674488472e-05   16    3   15   13
 7.636038909714754e-08   16    3   15   14
 -0.02484706861551957   16    3   15   15
 -0.001191969726561959   16    3   16    1
 -0.006375145351700117   16    3   16    2
 0.02768806011600576   16    3   16    3
 -0.1071169507968515   16    4    1    1
 0.0008255572863431617   16    4    2    1
 0.008828511068908295   16    4    2    2
 0.002760837116913563   16    4    3    1
 -0.01450952616354561   16    4    3    2
 -0.0005489185819937291   16    4    3    3
 0.002438798038419239   16    4    4    1
 -0.004366956137645418   16    4    4    2
 -0.01800317363518569   16    4    4    3
 -0.01078879228161454   16    4    4    4
 0.001868864132212277   16    4    5    1
 0.005475048878442335   16    4    5    2
 -0.009424159266559968   16    4    5    3
 0.005045764014309349   16    4    5    4
 -0.002043807037361842   16    4    5    5
 0.0003441866949223196   16    4    6    1
 0.006918573524308473   16    4    6    2
 0.006450146961569829   16    4    6    3
 -0.002393324885165917   16    4    6    4
 -0.002199114852710423   16    4    6    5
 -0.0003179166896705076   16    4    6    6
 -3.155028665421697e-07   16    4    7    1
 -6.212317680634235e-07   16    4    7    2
 -3.591925395716116e-06   16    4    7    3
 4.717649710863219e-07   16    4    7    4
 -1.767402447951368e-06   16    4    7    5
 3.395332106125369e-06   16    4    7    6
 0.02175967223935946   16    4    7    7
 -0.0002327490575587507   16    4    8    1
 0.01419241196456993   16    4    8    2
 -0.002685959417013764   16    4    8    3
 0.004318947249047494   16    4    8    4
 0.006262458071887307   16    4    8    5
 -0.00320463982256782   16    4    8    6
 1.731116807010383e-07   16    4    8    7
 -0.008893290137565133   16    4    8    8
 -0.001705917494205272   16    4    9    1
 -3.266051771647941e-05   16    4    9    2
 0.001870510654748712   16    4    9    3
 -0.006213977506354272   16    4    9    4
 0.000736929503716014   16    4    9    5
 0.005789991716610208   16    4    9    6
 -5.304133330013623e-07   16    4    9    7
 -0.001287979227740589   16    4    9    8
 -0.001839458091439803   16    4    9    9
 -1.008865310973736e-06   16    4   10    1
 -2.201329903449975e-06   16    4   10    2
 -2.536921850550927e-06   16    4   10    3
 -2.749097082316996e-06   16    4   10    4
 3.031254186111987e-07   16    4   10    5
 -1.324695351143098e-06   16    4   10    6
 -0.01441425492615017   16    4   10    7
 4.43410404618979e-08   16    4   10    8
 -1.610073243464975e-07   16    4   10    9
 -0.0196456602672237   16    4   10   10
 -1.223500081825593e-06   16    4   11    1
 8.630558940797982e-07   16    4   11    2
 -2.0652159345553e-06   16    4   11    3
 -2.940958139822946e-06   16    4   11    4
 -1.398083130834862e-07   16    4   11    5
 -3.683582426203313e-07   16    4   11    6
 -0.01040184590119164   16    4   11    7
 -1.09653887764752e-06   16    4   11    8
 -2.508560480083594e-07   16    4   11    9
 -0.02499937814278747   16    4   11   10
 -0.02345010315859812   16    4   11   11
 0.001982949443221976   16    4   12    1
 -0.000724959540852316   16    4   12    2
 0.004820798774627113   16    4   12    3
 0.005491941647592549   16    4   12    4
 -0.007412306550800178   16    4   12    5
 -0.01848707050438143   16    4   12    6
 1.362973994849213e-06   16    4   12    7
 0.003898085528568235   16    4   12    8
 0.02470851097454618   16    4   12    9
 8.963599320539745e-08   16    4   12   10
 -1.227556191084356e-07   16    4   12   11
 -0.0039917968374509   16    4   12   12
 0.002776926220695666   16    4   13    1
 -0.001097882412930575   16    4   13    2
 -0.01481731437366557   16    4   13    3
 -0.01428804932267948   16    4   13    4
 -0.00659153368734998   16    4   13    5
 6.739912389663881e-05   16    4   13    6
 4.115564921417441e-07   16    4   13    7
 -0.02425557880345681   16    4   13    8
 0.0007974818849955089   16    4   13    9
 -1.872945837345901e-06   16    4   13   10
 -2.040597338884686e-06   16    4   13   11
 0.0001015346909668787   16    4   13   12
 0.0004939491786797414   16    4   13   13
 -0.001120117348233644   16    4   14    1
 0.005235197766589035   16    4   14    2
 0.01005301097183748   16    4   14    3
 0.001533182981941317   16    4   14    4
 -0.005799942048434468   16    4   14    5
 -0.005924768732822456   16    4   14    6
 -9.725972241395105e-07   16    4   14    7
 0.003001344231217848   16    4   14    8
 -0.001069353662122142   16    4   14    9
 3.988421797830697e-07   16    4   14   10
 2.165294898449942e-06   16    4   14   11
 0.003697808501628522   16    4   14   12
 0.005735102434245856   16    4   14   13
 0.007036072939180551   16    4   14   14
 9.667801624107257e-07   16    4   15    1
 1.669762580530183e-06   16    4   15    2
 -2.225985657646894e-06   16    4   15    3
 -1.154960905413558e-05   16    4   15    4
 4.780837891193669e-06   16    4   15    5
 -7.50379466854439e-06   16    4   15    6
 0.01156478154698068   16    4   15    7
 2.452123382163384e-06   16    4   15    8
 2.102544083777129e-06   16    4   15    9
 0.005889316209819747   16    4   15   10
 0.01061677204959338   16    4   15   11
 -1.852566933325457e-07   16    4   15   12
 4.047001503378929e-06   16    4   15   13
 9.627346264664044e-08   16    4   15   14
 0.02696419884060528   16    4   15   15
 -0.001335631202993507   16    4   16    1
 0.003999241563271902   16    4   16    2
 -0.004829612147781512   16    4   16    3
 0.03509027262448783   16    4   16    4
 0.004043130588423964   16    5    1    1
 0.00046012763410178   16    5    2    1
 0.01091292286008946   16    5    2    2
 2.594600286179671e-05   16    5    3    1
 0.01895501676003911   16    5    3    2
 -0.0008905051041574657   16    5    3    3
 0.0004443236211105972   16    5    4    1
 -0.003018745263000153   16    5    4    2
 -0.005835072977825022   16    5    4    3
 0.005175279550199891   16    5    4    4
 -0.0004745487297467962   16    5    5    1
 0.0002724721224302757   16    5    5    2
 0.008837926882070779   16    5    5    3
 0.001888092640572898   16    5    5    4
 0.0007017919022127131   16    5    5    5
 -0.00071922278625425   16    5    6    1
 0.01478875294281286   16    5    6    2
 -0.007686626508422639   16    5    6    3
 -0.006448533086867706   16    5    6    4
 0.003414831451520925   16    5    6    5
 0.01636936595344334   16    5    6    6
 1.139254688165593e-07   16    5    7    1
 -8.027307852877276e-06   16    5    7    2
 9.85342497948455e-06   16    5    7    3
 -1.757898052629349e-06   16    5    7    4
 -3.494955816362494e-06   16    5    7    5
 -8.75729430752351e-08   16    5    7    6
 -0.01293745589447609   16    5    7    7
 -0.0008838381767167003   16    5    8    1
 -0.01030953181569224   16    5    8    2
 -0.0111856196791622   16    5    8    3
 -0.01663727135694886   16    5    8    4
 -0.00791719616580884   16    5    8    5
 0.0007468161538964377   16    5    8    6
 -4.360872708571484e-06   16    5    8    7
 0.00553138503772454   16    5    8    8
 0.001078629799959411   16    5    9    1
 0.001400508761116756   16    5    9    2
 0.01158642990223845   16    5    9    3
 -0.01129199802011275   16    5    9    4
 0.01046582961540461   16    5    9    5
 0.009283226968507927   16    5    9    6
 -6.885750214922964e-07   16    5    9    7
 0.002416910078835547   16    5    9    8
 -0.004998808507700898   16    5    9    9
 8.371359511842578e-08   16    5   10    1
 2.35658158670646e-06   16    5   10    2
 -1.484675513033598e-06   16    5   10    3
 2.002936199340338e-06   16    5   10    4
 1.864964025712555e-06   16    5   10    5
 2.161182036386127e-08   16    5   10    6
 0.006138439466264272   16    5   10    7
 2.289834376656241e-06   16    5   10    8
 -7.045176332539831e-08   16    5   10    9
 0.02029857098598454   16    5   10   10
 1.048126642655069e-07   16    5   11    1
 1.65505167344353e-06   16    5   11    2
 -1.510870938089376e-07   16    5   11    3
 1.426351146322186e-06   16    5   11    4
 1.399681293871806e-06   16    5   11    5
 -8.913155939095352e-07   16    5   11    6
 -0.004212427807979926   16    5   11    7
 2.192994952024374e-06   16    5   11    8
 -6.943723236483796e-07   16    5   11    9
 -0.0197474168032941   16    5   11   10
 0.01924347133572609   16    5   11   11
 -0.001157750087866965   16    5   12    1
 -0.00866781261353684   16    5   12    2
 0.0007894361419016983   16    5   12    3
 -0.000352512790801529   16    5   12    4
 0.01032218463133146   16    5   12    5
 0.01846758079897246   16    5   12    6
 2.053569051918829e-06   16    5   12    7
 -0.01170529942818549   16    5   12    8
 -0.00787561551438094   16    5   12    9
 -9.186896466738697e-07   16    5   12   10
 -1.251381027003047e-06   16    5   12   11
 -0.002876431404339398   16    5   12   12
 -0.0008098330038587429   16    5   13    1
 -0.001372729374971104   16    5   13    2
 0.007807707232628869   16    5   13    3
 -0.0009542794316012558   16    5   13    4
 0.006935058533658168   16    5   13    5
 -0.006708369208853718   16    5   13    6
 -6.262358991290968e-06   16    5   13    7
 0.01207517810071367   16    5   13    8
 0.006828950686446972   16    5   13    9
 2.184879138407063e-06   16    5   13   10
 1.730369244614988e-06   16    5   13   11
 0.003838983711011529   16    5   13   12
 -0.01704715561022864   16    5   13   13
 -0.0002841166327982825   16    5   14    1
 0.01719977783671047   16    5   14    2
 0.003092648871000342   16    5   14    3
 -0.009350010909079656   16    5   14    4
 -0.009458519563287152   16    5   14    5
 0.001626946794433579   16    5   14    6
 -2.364657081285789e-06   16    5   14    7
 -0.0005389499560512104   16    5   14    8
 -0.008301701121730485   16    5   14    9
 5.416440954722329e-07   16    5   14   10
 9.052092224453689e-07   16    5   14   11
 0.01070563069110409   16    5   14   12
 0.005969860034455027   16    5   14   13
 0.01661143458502678   16    5   14   14
 1.085059369456176e-07   16    5   15    1
 1.828381425815702e-06   16    5   15    2
 -2.465954408447124e-06   16    5   15    3
 4.991505764955549e-06   16    5   15    4
 -3.862813999872053e-06   16    5   15    5
 3.26259886064543e-06   16    5   15    6
 -0.009477572309473437   16    5   15    7
 6.458957041842627e-06   16    5   15    8
 -4.984590658908002e-06   16    5   15    9
 0.003433809771286635   16    5   15   10
 -0.004496108623070463   16    5   15   11
 -3.501047651694519e-06   16    5   15   12
 -2.134102722116222e-06   16    5   15   13
 3.887195483538094e-06   16    5   15   14
 -0.0164583645952668   16    5   15   15
 -0.0003318579985129601   16    5   16    1
 0.003557142834754105   16    5   16    2
 0.00443234394156821   16    5   16    3
 -0.01073836216932684   16    5   16    4
 0.02499214119666436   16    5   16    5
 0.03766499690185567   16    6    1    1
 0.0001301845773855637   16    6    2    1
 0.02580765037773376   16    6    2    2
 -0.0001585702188240125   16    6    3    1
 -0.0246053568104832   16    6    3    2
 0.04222159550467727   16    6    3    3
 -1.497412873258505e-05   16    6    4    1
 0.01541267110123336   16    6    4    2
 0.00847250838690799   16    6    4    3
 0.01608122114753925   16    6    4    4
 -0.0002289415660267349   16    6    5    1
 0.01914512815999234   16    6    5    2
 -0.006681722942435069   16    6    5    3
 0.002517768117655472   16    6    5    4
 0.02101978863584239   16    6    5    5
 -0.0002997024201764343   16    6    6    1
 -0.01949210966627795   16    6    6    2
 0.0136383479427728   16    6    6    3
 0.003698513472795225   16    6    6    4
 -0.003345767877546354   16    6    6    5
 0.006726848397407996   16    6    6    6
 2.319621769491915e-08   16    6    7    1
 6.466246802515022e-06   16    6    7    2
 -6.440756119983606e-06   16    6    7    3
 2.529750359617175e-06   16    6    7    4
 1.408801409054591e-06   16    6    7    5
 4.075772199693698e-06   16    6    7    6
 0.05957940981983651   16    6    7    7
 -0.0003633219483365626   16    6    8    1
 0.0008833676279301513   16    6    8    2
 -0.006289998346138818   16    6    8    3
 0.01557833127736073   16    6    8    4
 0.0115389225274972   16    6    8    5
 0.005448632048835068   16    6    8    6
 3.227762052832876e-06   16    6    8    7
 0.03210042382562647   16    6    8    8
 0.0004202290246225264   16    6    9    1
 0.005092802737740737   16    6    9    2
 -0.01422725972474957   16    6    9    3
 0.002669174630130093   16    6    9    4
 -0.01717913737919906   16    6    9    5
 -0.01542501043225718   16    6    9    6
 -1.160952133776365e-07   16    6    9    7
 -0.0130587663536354   16    6    9    8
 0.02180746679563504   16    6    9    9
 -5.285351600913791e-08   16    6   10    1
 -1.259068235750464e-06   16    6   10    2
 1.691702386896961e-06   16    6   10    3
 -1.324548408033768e-06   16    6   10    4
 -8.964688204351195e-07   16    6   10    5
 -5.363048858463879e-07   16    6   10    6
 -0.009030941714560148   16    6   10    7
 -1.70968025356841e-06   16    6   10    8
 7.819143533740515e-07   16    6   10    9
 0.0201633414455772   16    6   10   10
 -6.961500780682812e-08   16    6   11    1
 -1.278223329404378e-06   16    6   11    2
 3.510823030974757e-07   16    6   11    3
 -2.843332721470922e-07   16    6   11    4
 -1.124624383945612e-06   16    6   11    5
 3.835756010766995e-07   16    6   11    6
 0.002645203647518485   16    6   11    7
 -1.015257874542317e-06   16    6   11    8
 3.904248177925756e-09   16    6   11    9
 0.01305778707094403   16    6   11   10
 0.01907121807827741   16    6   11   11
 -0.0004850616446077674   16    6   12    1
 0.006613849218162886   16    6   12    2
 -0.002217533001408548   16    6   12    3
 -0.01711045601094283   16    6   12    4
 0.01589694742916834   16    6   12    5
 -0.01854309507927731   16    6   12    6
 -1.833633614614781e-06   16    6   12    7
 0.003091800187836281   16    6   12    8
 0.02456994941605356   16    6   12    9
 7.821686773985343e-07   16    6   12   10
 9.291175123226947e-08   16    6   12   11
 0.02499744363454072   16    6   12   12
 -0.0005235405447371013   16    6   13    1
 -0.0004481156544547788   16    6   13    2
 -0.008833773832609569   16    6   13    3
 0.006670624477615032   16    6   13    4
 -0.01516105148900825   16    6   13    5
 0.01476994983416048   16    6   13    6
 2.714791566992017e-06   16    6   13    7
 -0.01835308787075138   16    6   13    8
 0.009547044091498511   16    6   13    9
 -1.010348329481566e-06   16    6   13   10
 -1.187412274027214e-06   16    6   13   11
 0.009251740070632357   16    6   13   12
 0.04768074823234261   16    6   13   13
 -8.335408055752613e-05   16    6   14    1
 -0.001153614516066458   16    6   14    2
 0.00882851068652488   16    6   14    3
 -0.00916646410564104   16    6   14    4
 0.0002796384774906679   16    6   14    5
 0.004671461750424402   16    6   14    6
 6.163166038032599e-07   16    6   14    7
 0.004533538979678759   16    6   14    8
 0.003252103547776282   16    6   14    9
 -8.777333405046026e-08   16    6   14   10
 -8.200193969699903e-07   16    6   14   11
 -0.007169991875031513   16    6   14   12
 -0.000646672161406565   16    6   14   13
 -0.0100380789090502   16    6   14   14
 2.214048034448175e-08   16    6   15    1
 -1.130968746970953e-06   16    6   15    2
 4.766863095031612e-06   16    6   15    3
 -7.878591223138268e-06   16    6   15    4
 3.078371353557389e-06   16    6   15    5
 -1.60870885996416e-05   16    6   15    6
 0.02261456274736211   16    6   15    7
 4.627795185767952e-06   16    6   15    8
 9.110077111482338e-06   16    6   15    9
 -0.005916257625433781   16    6   15   10
 0.00478184219171845   16    6   15   11
 4.414426516183237e-06   16    6   15   12
 4.359909245758445e-06   16    6   15   13
 -5.466337716563477e-06   16    6   15   14
 0.06665822867736294   16    6   15   15
 -2.298000727083148e-05   16    6   16    1
 -0.001319877846924159   16    6   16    2
 -0.01245331273727218   16    6   16    3
 0.02211905991747256   16    6   16    4
 -0.0175807098988984   16    6   16    5
 0.05289422789689217   16    6   16    6
 1.044452394476833e-05   16    7    1    1
 -1.350203405605122e-07   16    7    2    1
 1.143354501502473e-05   16    7    2    2
 1.571228134921936e-07   16    7    3    1
 -5.009613691274316e-06   16    7    3    2
 2.600992058012192e-05   16    7    3    3
 -7.258012262481123e-08   16    7    4    1
 9.281253765728902e-07   16    7    4    2
 -5.651677489739054e-06   16    7    4    3
 1.444714897782986e-05   16    7    4    4
 3.739186516248053e-07   16    7    5    1
 -2.418970328438847e-06   16    7    5    2
 1.245938860167986e-05   16    7    5    3
 -2.051494920858491e-06   16    7    5    4
 1.39577161865295e-05   16    7    5    5
 3.072693840622024e-07   16    7    6    1
 4.982518210126446e-06   16    7    6    2
 -6.207545853858248e-06   16    7    6    3
 1.054160262331794e-05   16    7    6    4
 -3.228498193858568e-06   16    7    6    5
 2.465057283364609e-05   16    7    6    6
 -0.0005317004773198846   16    7    7    1
 0.01008607238156112   16    7    7    2
 -0.01462944035479018   16    7    7    3
 0.006530405578903466   16    7    7    4
 0.002834825459200942   16    7    7    5
 0.003378745412233484   16    7    7    6
 1.492390887934732e-05   16    7    7    7
 2.728295400776044e-07   16    7    8    1
 -6.03482962239136e-06   16    7    8    2
 1.098897443997849e-05   16    7    8    3
 -4.45844553216238e-06   16    7    8    4
 5.250428297907532e-06   16    7    8    5
 -2.33097446859242e-06   16    7    8    6
 0.002703987748259709   16    7    8    7
 1.644882864184392e-05   16    7    8    8
 -6.027254094132898e-07   16    7    9    1
 2.82707814282191e-06   16    7    9    2
 -6.364219381666241e-06   16    7    9    3
 -8.91103755150799e-06   16    7    9    4
 -2.079627812851686e-06   16    7    9    5
 -7.990988982062409e-06   16    7    9    6
 -0.002667748101266765   16    7    9    7
 -5.391250041082802e-06   16    7    9    8
 1.908136457102708e-05   16    7    9    9
 -0.001682663537048779   16    7   10    1
 -0.00487506665556948   16    7   10    2
 -0.0006979099192454967   16    7   10    3
 -0.006568689470821168   16    7   10    4
 -0.002007052719536529   16    7   10    5
 -0.0004160106788160688   16    7   10    6
 1.989337347347352e-06   16    7   10    7
 -0.001958970264318231   16    7   10    8
 0.001390216617471361   16    7   10    9
 9.551431170934918e-06   16    7   10   10
 -0.00204296679370827   16    7   11    1
 -0.002073427712434206   16    7   11    2
 -0.003136765388637821   16    7   11    3
 -0.005553873492927698   16    7   11    4
 -0.002923780828217374   16    7   11    5
 0.0005109122399926532   16    7   11    6
 7.714187950502641e-06   16    7   11    7
 -0.002967653007111014   16    7   11    8
 0.0005257952452499681   16    7   11    9
 -2.541117604150352e-06   16    7   11   10
 9.869912939479281e-06   16    7   11   11
 6.751670223970379e-07   16    7   12    1
 5.538567229167586e-06   16    7   12    2
 -4.502545458499053e-06   16    7   12    3
 -2.625462274678807e-07   16    7   12    4
 4.962128318299281e-06   16    7   12    5
 -5.282623924679829e-06   16    7   12    6
 -0.00603565801922809   16    7   12    7
 -2.368712158666252e-06   16    7   12    8
 2.764365452983182e-06   16    7   12    9
 0.002103857230539225   16    7   12   10
 0.0006456284027931227   16    7   12   11
 1.571034988733375e-05   16    7   12   12
 4.733439798105905e-07   16    7   13    1
 -1.555987823316875e-06   16    7   13    2
 -4.766910002812973e-06   16    7   13    3
 1.281731355743591e-08   16    7   13    4
 -1.177418067066334e-05   16    7   13    5
 2.129461015481248e-06   16    7   13    6
 0.005851014533443789   16    7   13    7
 -1.213672018651245e-05   16    7   13    8
 1.079686271327464e-05   16    7   13    9
 -0.005200273346820691   16    7   13   10
 -0.004847468698400991   16    7   13   11
 7.901605147359927e-06   16    7   13   12
 2.977536310463907e-05   16    7   13   13
 5.695510164886159e-08   16    7   14    1
 -3.795789072476255e-06   16    7   14    2
 5.730449969134186e-06   16    7   14    3
 -2.790357630807942e-06   16    7   14    4
 -3.32700142515452e-06   16    7   14    5
 5.861483872415009e-07   16    7   14    6
 0.001552567070914713   16    7   14    7
 -1.742411006672422e-06   16    7   14    8
 -1.496656406149062e-06   16    7   14    9
 0.0007288362036164519   16    7   14   10
 0.00101945819829826   16    7   14   11
 1.111323618978348e-06   16    7   14   12
 -2.997115606943079e-06   16    7   14   13
 1.002682393821199e-05   16    7   14   14
 0.0006086027225796665   16    7   15    1
 0.0003762361212644137   16    7   15    2
 -0.004008792312677138   16    7   15    3
 0.0053404114974174   16    7   15    4
 -0.006606688043537091   16    7   15    5
 0.007906682335268887   16    7   15    6
 3.999084560551772e-05   16    7   15    7
 -0.007351780003461327   16    7   15    8
 -0.0004567887992601318   16    7   15    9
 -1.17203632612564e-05   16    7   15   10
 -4.274571284140467e-06   16    7   15   11
 0.0005126869023837043   16    7   15   12
 0.001328147492013338   16    7   15   13
 -0.005284989070856712   16    7   15   14
 1.711269534084825e-05   16    7   15   15
 3.602108984908404e-07   16    7   16    1
 4.34502778632735e-07   16    7   16    2
 -4.385065209214515e-06   16    7   16    3
 5.943900914042411e-06   16    7   16    4
 -5.512024568452804e-06   16    7   16    5
 1.103429055925193e-05   16    7   16    6
 0.01122834719057983   16    7   16    7
 -0.05364550515596503   16    8    1    1
 0.0007068534489678909   16    8    2    1
 -0.03128254356612648   16    8    2    2
 0.0003752913854897286   16    8    3    1
 -0.01235570643737529   16    8    3    2
 -0.0277451989240758   16    8    3    3
 0.0006602861909065093   16    8    4    1
 0.007415547331153481   16    8    4    2
 -0.008689133755815011   16    8    4    3
 -0.01579719922856821   16    8    4    4
 -0.0001273800492953078   16    8    5    1
 -0.004230232608545167   16    8    5    2
 -0.01123300132113694   16    8    5    3
 -0.009228678390364035   16    8    5    4
 -0.02534039549147832   16    8    5    5
 -0.0008883914398346332   16    8    6    1
 -0.00312037185179169   16    8    6    2
 -0.01310806011849936   16    8    6    3
 0.01347205042029597   16    8    6    4
 -0.006753662129996387   16    8    6    5
 -0.01896131815659262   16    8    6    6
 1.557280022438075e-07   16    8    7    1
 -8.995747126299017e-06   16    8    7    2
 1.060509340972013e-05   16    8    7    3
 -4.448356064451922e-06   16    8    7    4
 -4.026444115805314e-06   16    8    7    5
 3.163792537380787e-06   16    8    7    6
 -0.01294297547669543   16    8    7    7
 -0.001402129128572055   16    8    8    1
 0.01138914164383878   16    8    8    2
 0.006260726635761212   16    8    8    3
 0.00492872073463367   16    8    8    4
 0.007294843688070931   16    8    8    5
 -0.01123938393444885   16    8    8    6
 -1.812364874265075e-06   16    8    8    7
 -0.03283986267539257   16    8    8    8
 0.0007900134075105736   16    8    9    1
 -0.007710972897082041   16    8    9    2
 0.01151056531691994   16    8    9    3
 0.007194524030343317   16    8    9    4
 -0.0008564209162810632   16    8    9    5
 -0.01299384383322367   16    8    9    6
 -6.553137346233715e-07   16    8    9    7
 0.01021801535974116   16    8    9    8
 -0.01795214318737545   16    8    9    9
 1.069309876876809e-07   16    8   10    1
 3.281797773129491e-06   16    8   10    2
 -1.36354095245472e-06   16    8   10    3
 1.657939294091238e-06   16    8   10    4
 2.389939667876861e-06   16    8   10    5
 -1.161948135297004e-06   16    8   10    6
 -0.008513582641839903   16    8   10    7
 7.110409721991417e-07   16    8   10    8
 -6.85236078698677e-07   16    8   10    9
 -0.04176005046099667   16    8   10   10
 1.013239986146975e-07   16    8   11    1
 1.340300685088126e-06   16    8   11    2
 -2.04964216928652e-07   16    8   11    3
 1.366939105038668e-06   16    8   11    4
 2.360476679159368e-06   16    8   11    5
 -8.749252157083076e-07   16    8   11    6
 -0.003358686830572301   16    8   11    7
 1.761916950961493e-06   16    8   11    8
 -1.173057448145411e-06   16    8   11    9
 0.01014261232137714   16    8   11   10
 -0.0444089184587802   16    8   11   11
 -0.000837938052922804   16    8   12    1
 -0.00315395211934508   16    8   12    2
 -0.00261010217746834   16    8   12    3
 0.007949626279793813   16    8   12    4
 -0.02218361011473902   16    8   12    5
 0.003023051020195401   16    8   12    6
 1.479021183823893e-06   16    8   12    7
 0.00472848327040931   16    8   12    8
 0.002391416244447764   16    8   12    9
 -5.975699211276164e-07   16    8   12   10
 -7.197906138041913e-07   16    8   12   11
 -0.01820145841201549   16    8   12   12
 -0.001043377964114023   16    8   13    1
 -0.001705957660746392   16    8   13    2
 0.0007550967430255584   16    8   13    3
 -0.01816144095380962   16    8   13    4
 0.008951855003522495   16    8   13    5
 -0.01495073094917154   16    8   13    6
 -6.035717063314701e-06   16    8   13    7
 -0.001160369989325384   16    8   13    8
 -0.004134462512149489   16    8   13    9
 2.155635812169612e-06   16    8   13   10
 8.008928918342344e-07   16    8   13   11
 -0.01521788999963804   16    8   13   12
 -0.02419912939572918   16    8   13   13
 -0.0005506102028188009   16    8   14    1
 -0.01038829356745095   16    8   14    2
 -0.006626414902614719   16    8   14    3
 0.0103993424065311   16    8   14    4
 0.005415722285678671   16    8   14    5
 -0.001855476749592856   16    8   14    6
 -1.900001346755243e-06   16    8   14    7
 0.001252322034853023   16    8   14    8
 0.004003584496717379   16    8   14    9
 7.624319612874241e-07   16    8   14   10
 5.224833709802814e-07   16    8   14   11
 -0.001703209125423079   16    8   14   12
 -0.002542193019213387   16    8   14   13
 -0.03293294557664377   16    8   14   14
 1.419379552448475e-07   16    8   15    1
 3.291474037949463e-06   16    8   15    2
 -2.4341058954666e-06   16    8   15    3
 2.233819737677966e-06   16    8   15    4
 6.570501678721653e-06   16    8   15    5
 3.676018818730238e-06   16    8   15    6
 -0.01127945123685468   16    8   15    7
 -4.538533231995362e-06   16    8   15    8
 -6.075271860051634e-06   16    8   15    9
 0.003319167449928566   16    8   15   10
 0.005924308456935092   16    8   15   11
 -2.251182114065345e-06   16    8   15   12
 -6.422228982468283e-07   16    8   15   13
 6.049957253003341e-06   16    8   15   14
 -0.01605446500860075   16    8   15   15
 -0.000432404417634081   16    8   16    1
 -0.0009829926349270964   16    8   16    2
 0.006621477906154275   16    8   16    3
 -0.00499614517167502   16    8   16    4
 -0.0004641573784917185   16    8   16    5
 -0.0186152266125894   16    8   16    6
 -7.467896690936492e-06   16    8   16    7
 0.02754313237403633   16    8   16    8
 -0.01600154111735084   16    9    1    1
 -1.351326056089817e-05   16    9    2    1
 -0.01530093172214354   16    9    2    2
 0.000561266524148138   16    9    3    1
 0.01450539966198542   16    9    3    2
 -0.01183309389432337   16    9    3    3
 -0.0002286013352489053   16    9    4    1
 -0.001543371794376679   16    9    4    2
 0.002926689182298714   16    9    4    3
 -0.001012834566258401   16    9    4    4
 0.001303129657103623   16    9    5    1
 -0.002685631171723023   16    9    5    2
 0.01223788594267601   16    9    5    3
 -0.0101850881416348   16    9    5    4
 -0.005453745680409658   16    9    5    5
 0.0005118854047286482   16    9    6    1
 0.008341035873827441   16    9    6    2
 -0.008427005723720134   16    9    6    3
 0.001266319941336549   16    9    6    4
 0.00016853534760228   16    9    6    5
 -0.005143315281227329   16    9    6    6
 -9.811835136950621e-08   16    9    7    1
 2.931899940511331e-06   16    9    7    2
 -3.976895640626313e-06   16    9    7    3
 -1.998854660482997e-07   16    9    7    4
 1.431346101326663e-06   16    9    7    5
 -3.04941500861222e-06   16    9    7    6
 -0.02789393613193793   16    9    7    7
 -0.0001526776835092869   16    9    8    1
 -0.009728743471960621   16    9    8    2
 0.004523331094163794   16    9    8    3
 -0.001298059351396012   16    9    8    4
 -0.008695768978776355   16    9    8    5
 -0.005447786862914005   16    9    8    6
 -1.028484420226134e-06   16    9    8    7
 -0.00246984618095651   16    9    8    8
 -0.001664209511685224   16    9    9    1
 0.001084907527812095   16    9    9    2
 0.006917696111172142   16    9    9    3
 0.006782824587835478   16    9    9    4
 -0.005484065733502323   16    9    9    5
 0.002437892688732796   16    9    9    6
 1.174141075623051e-06   16    9    9    7
 0.0129104550502798   16    9    9    8
 -0.003075407724533542   16    9    9    9
 -2.495649463292637e-07   16    9   10    1
 -1.185883515582852e-06   16    9   10    2
 -4.388638408755664e-07   16    9   10    3
 -1.411952753261139e-06   16    9   10    4
 -3.040989943731647e-07   16    9   10    5
 1.026693048103223e-06   16    9   10    6
 0.007628577814988139   16    9   10    7
 -2.604505930939859e-07   16    9   10    8
 -1.347325691602027e-07   16    9   10    9
 -6.619666860056616e-05   16    9   10   10
 -3.023600310485198e-07   16    9   11    1
 -4.213840608864337e-08   16    9   11    2
 -1.151543674085602e-06   16    9   11    3
 -1.544291571551754e-06   16    9   11    4
 -7.388585652574533e-07   16    9   11    5
 -3.236935511144879e-07   16    9   11    6
 0.0005240354746295879   16    9   11    7
 -1.315511652394305e-06   16    9   11    8
 2.956948805073698e-07   16    9   11    9
 -0.00703899169505747   16    9   11   10
 0.0001185733659296016   16    9   11   11
 0.002036136440618521   16    9   12    1
 -0.002277648127212025   16    9   12    2
 0.007855527029001585   16    9   12    3
 0.01991786693014506   16    9   12    4
 -0.00105065166310389   16    9   12    5
 0.01866266438066418   16    9   12    6
 -1.602571470702522e-07   16    9   12    7
 0.002167880234434824   16    9   12    8
 0.004169648932631036   16    9   12    9
 3.180581897396342e-07   16    9   12   10
 6.160194338521736e-07   16    9   12   11
 -0.004418157995504708   16    9   12   12
 0.0006724530503561168   16    9   13    1
 0.001448309292340062   16    9   13    2
 -5.203138413774752e-05   16    9   13    3
 -0.007564031884607188   16    9   13    4
 0.01433516010075341   16    9   13    5
 -0.0002120016860023016   16    9   13    6
 3.309387003329836e-06   16    9   13    7
 0.001126316928522781   16    9   13    8
 -0.01124661838069415   16    9   13    9
 -1.414396222785143e-06   16    9   13   10
 -7.475973132097594e-07   16    9   13   11
 -0.01398248139737018   16    9   13   12
 -0.008874728740116085   16    9   13   13
 -7.186763006635161e-05   16    9   14    1
 0.01200964880398146   16    9   14    2
 0.0007861072645750249   16    9   14    3
 -0.0003749187832509632   16    9   14    4
 -0.007489636788513947   16    9   14    5
 0.002171728377117603   16    9   14    6
 -1.482074907097935e-07   16    9   14    7
 0.002479314985165646   16    9   14    8
 0.001868689763862382   16    9   14    9
 2.68208388360946e-08   16    9   14   10
 2.063094710147518e-07   16    9   14   11
 0.008983330844265671   16    9   14   12
 -0.004046947869085185   16    9   14   13
 -0.0104569692656835   16    9   14   14
 -6.792620701056386e-08   16    9   15    1
 -6.734063046473678e-07   16    9   15    2
 -5.425891479586355e-06   16    9   15    3
 2.047305709031627e-06   16    9   15    4
 -4.806605997203322e-06   16    9   15    5
 8.447569822787993e-06   16    9   15    6
 -0.008810404518615467   16    9   15    7
 -6.354412160702395e-06   16    9   15    8
 -9.315274755565857e-06   16    9   15    9
 0.002095665389079593   16    9   15   10
 -0.003553335609151706   16    9   15   11
 -2.222312201783686e-06   16    9   15   12
 1.235810510785426e-06   16    9   15   13
 -2.344829384576238e-06   16    9   15   14
 -0.03028548019416361   16    9   15   15
 0.0003807585656258197   16    9   16    1
 0.003076016724158837   16    9   16    2
 0.008271252771032626   16    9   16    3
 -0.005499516656073173   16    9   16    4
 0.008320335295057152   16    9   16    5
 -0.02287458935182487   16    9   16    6
 -2.838050942597772e-06   16    9   16    7
 0.008285292303122499   16    9   16    8
 0.02837680984892195   16    9   16    9
 -3.448306854557587e-05   16   10    1    1
 1.1332618358537e-07   16   10    2    1
 -1.509210111223565e-06   16   10    2    2
 3.675261336236716e-07   16   10    3    1
 -8.367692610788604e-07   16   10    3    2
 -9.831654721177543e-06   16   10    3    3
 3.895137038357789e-07   16   10    4    1
 -3.253864835409675e-06   16   10    4    2
 -5.90652913778424e-06   16   10    4    3
 -1.098289437213331e-05   16   10    4    4
 1.56754283716073e-07   16   10    5    1
 4.012802932900328e-07   16   10    5    2
 -4.530774507710838e-06   16   10    5    3
 2.92997062520095e-06   16   10    5    4
 -5.23584963683395e-06   16   10    5    5
 -7.42163752691172e-08   16   10    6    1
 1.416884377313433e-06   16   10    6    2
 1.830029760814097e-06   16   10    6    3
 -2.568000397322562e-06   16   10    6    4
 -1.577013084925302e-07   16   10    6    5
 -5.418437742802827e-06   16   10    6    6
 -0.001439343661174545   16   10    7    1
 -0.002184780610877006   16   10    7    2
 -0.001412654245449416   16   10    7    3
 -0.005642938799066662   16   10    7    4
 -0.001026869479980171   16   10    7    5
 -0.001207895156963274   16   10    7    6
 -1.050193179343357e-06   16   10    7    7
 -6.711749468614617e-08   16   10    8    1
 5.256723209455348e-06   16   10    8    2
 -3.583331206146211e-06   16   10    8    3
 -1.55464133065227e-06   16   10    8    4
 1.682831806368526e-06   16   10    8    5
 -2.582899436410415e-06   16   10    8    6
 -0.002560667069404709   16   10    8    7
 -1.015266862680369e-05   16   10    8    8
 -9.639356731157538e-08   16   10    9    1
 -1.460474147299008e-06   16   10    9    2
 2.095008192277459e-06   16   10    9    3
 -2.207356654752662e-06   16   10    9    4
 5.322463911595303e-06   16   10    9    5
 4.584551867277329e-06   16   10    9    6
 0.00185744359094625   16   10    9    7
 -1.31710744442547e-07   16   10    9    8
 -9.506802146854585e-06   16   10    9    9
 -0.004478903135221977   16   10   10    1
 -0.001076799855108032   16   10   10    2
 -0.007935199372337316   16   10   10    3
 -0.0098851194034474   16   10   10    4
 0.001865912773126314   16   10   10    5
 0.001692195961708641   16   10   10    6
 -4.427472261942572e-06   16   10   10    7
 -0.003040890730498945   16   10   10    8
 0.0002600541512774386   16   10   10    9
 -9.380692940933827e-06   16   10   10   10
 -0.005475963926063261   16   10   11    1
 -0.003115265735000865   16   10   11    2
 -0.01097089790106549   16   10   11    3
 -0.01239065010904679   16   10   11    4
 -0.002702504751874801   16   10   11    5
 -0.001464911372844187   16   10   11    6
 -6.275306516543616e-06   16   10   11    7
 -0.0005571459164148103   16   10   11    8
 -0.001974036855968893   16   10   11    9
 -1.0843108305783e-05   16   10   11   10
 -1.034071915201201e-05   16   10   11   11
 8.343159033642073e-08   16   10   12    1
 -1.351198353180062e-06   16   10   12    2
 8.889321621993868e-07   16   10   12    3
 7.385550902831497e-07   16   10   12    4
 -3.605947513946543e-06   16   10   12    5
 3.132903119376485e-07   16   10   12    6
 0.002229199546860233   16   10   12    7
 -7.285935053409125e-07   16   10   12    8
 1.188021566484776e-06   16   10   12    9
 0.002132130383976152   16   10   12   10
 -0.0004567365572994803   16   10   12   11
 -8.72233304934036e-06   16   10   12   12
 2.404079402431763e-07   16   10   13    1
 9.530370121345215e-07   16   10   13    2
 -2.296483435791701e-06   16   10   13    3
 -3.481859857351088e-06   16   10   13    4
 1.67851000034639e-06   16   10   13    5
 -2.819462908509637e-06   16   10   13    6
 -0.003756849239165469   16   10   13    7
 2.581771229222175e-07   16   10   13    8
 -2.093503075556873e-07   16   10   13    9
 -0.007725114764786747   16   10   13   10
 -0.01024523528947855   16   10   13   11
 -1.291134287036836e-06   16   10   13   12
 -1.377697473005521e-05   16   10   13   13
 -1.134691369937297e-07   16   10   14    1
 3.547421066604735e-06   16   10   14    2
 6.458217715950379e-07   16   10   14    3
 1.629725802097969e-06   16   10   14    4
 9.272292444178787e-07   16   10   14    5
 -3.565605436880939e-07   16   10   14    6
 0.001053669794965454   16   10   14    7
 -2.14075483917883e-07   16   10   14    8
 -1.705483263090684e-07   16   10   14    9
 0.004786026375742238   16   10   14   10
 0.003430379318866183   16   10   14   11
 -7.087310418021359e-07   16   10   14   12
 2.921319608349815e-06   16   10   14   13
 4.239334241709152e-07   16   10   14   14
 0.001631058108991631   16   10   15    1
 0.001571380663427245   16   10   15    2
 0.002414215320095989   16   10   15    3
 0.002597542397321851   16   10   15    4
 0.001199821904383369   16   10   15    5
 -0.002083767136913713   16   10   15    6
 -1.18653638375365e-05   16   10   15    7
 0.001152930507018554   16   10   15    8
 0.001768597704775848   16   10   15    9
 2.376567815334168e-06   16   10   15   10
 1.514696579820883e-06   16   10   15   11
 -0.0002121494791949039   16   10   15   12
 0.003587302330838675   16   10   15   13
 -0.0001927302903868032   16   10   15   14
 5.703484084905274e-07   16   10   15   15
 5.14953988713296e-07   16   10   16    1
 1.465920050473525e-06   16   10   16    2
 3.811294413377385e-06   16   10   16    3
 3.696728158858736e-06   16   10   16    4
 1.997591990463442e-06   16   10   16    5
 -3.306824317256691e-06   16   10   16    6
 0.0004306308570972872   16   10   16    7
 1.846038420167495e-06   16   10   16    8
 1.611555663429851e-06   16   10   16    9
 0.00981778874241696   16   10   16   10
 -3.727489580332272e-05   16   11    1    1
 1.710482910750242e-08   16   11    2    1
 -5.725619927536983e-06   16   11    2    2
 4.541141073738526e-07   16   11    3    1
 -1.407281866039265e-05   16   11    3    2
 -1.527765928038985e-06   16   11    3    3
 4.32897404435263e-07   16   11    4    1
 3.390126473614037e-06   16   11    4    2
 -9.130086065654775e-06   16   11    4    3
 -1.131525768840812e-05   16   11    4    4
 2.438241827946144e-07   16   11    5    1
 6.798818605592481e-06   16   11    5    2
 -3.334722584266821e-06   16   11    5    3
 5.210145234429726e-07   16   11    5    4
 -6.596128977828838e-06   16   11    5    5
 9.763370071382669e-08   16   11    6    1
 -1.308476018966535e-06   16   11    6    2
 -8.724150175186779e-08   16   11    6    3
 6.518626846757056e-06   16   11    6    4
 -6.412197657575014e-06   16   11    6    5
 -3.475440295908462e-06   16   11    6    6
 -0.001849868132126631   16   11    7    1
 -0.001379316660823458   16   11    7    2
 -0.006994591540957414   16   11    7    3
 -0.00515394770991389   16   11    7    4
 -0.002293741992071274   16   11    7    5
 -0.0003258742986277083   16   11    7    6
 1.61497431762494e-05   16   11    7    7
 2.180481493242573e-07   16   11    8    1
 7.959218354501274e-06   16   11    8    2
 5.940045280706072e-07   16   11    8    3
 2.33273955138687e-06   16   11    8    4
 1.038593603967959e-05   16   11    8    5
 -6.960016673267707e-06   16   11    8    6
 -0.001417259977667486   16   11    8    7
 -8.276291932902409e-06   16   11    8    8
 -3.114874828379611e-07   16   11    9    1
 -5.648888821665889e-07   16   11    9    2
 7.253301413814504e-08   16   11    9    3
 -5.67560514134486e-06   16   11    9    4
 -6.921010723009904e-07   16   11    9    5
 -5.145165376547631e-06   16   11    9    6
 0.001268697115647455   16   11    9    7
 -2.279170261184067e-06   16   11    9    8
 -8.826499424884903e-06   16   11    9    9
 -0.005759055922102523   16   11   10    1
 -0.009121096068744975   16   11   10    2
 -0.01575947417064209   16   11   10    3
 -0.01509230203667893   16   11   10    4
 -0.004245166511059507   16   11   10    5
 -7.777262755893998e-05   16   11   10    6
 -1.086092260358251e-05   16   11   10    7
 0.004129907962058982   16   11   10    8
 -0.001523537625744116   16   11   10    9
 -1.95550334673274e-05   16   11   10   10
 -0.006999232776212816   16   11   11    1
 0.0007160068552448667   16   11   11    2
 -0.01009848675746241   16   11   11    3
 -0.01516050067909226   16   11   11    4
 0.0002428186076761426   16   11   11    5
 0.0004579938549628586   16   11   11    6
 -4.55829506178374e-06   16   11   11    7
 -0.007008092201067536   16   11   11    8
 0.001156188693054792   16   11   11    9
 1.641729149914517e-07   16   11   11   10
 -2.143797495821633e-05   16   11   11   11
 2.901195404392159e-07   16   11   12    1
 6.405657506156266e-07   16   11   12    2
 -3.158469883896138e-07   16   11   12    3
 4.143992965380005e-07   16   11   12    4
 -5.024023650151796e-06   16   11   12    5
 -4.280395052465594e-06   16   11   12    6
 0.0004289187240247874   16   11   12    7
 -3.103379392747629e-06   16   11   12    8
 4.144634679554343e-06   16   11   12    9
 -0.0003656152929120927   16   11   12   10
 0.001568450115430019   16   11   12   11
 -8.863649680482053e-06   16   11   12   12
 5.783507604285788e-07   16   11   13    1
 1.151015747241302e-06   16   11   13    2
 -5.01830211016593e-06   16   11   13    3
 -3.662019303122204e-06   16   11   13    4
 -2.589004530819567e-06   16   11   13    5
 -4.084201298829966e-06   16   11   13    6
 -0.003026547941962935   16   11   13    7
 -4.886836089634793e-06   16   11   13    8
 4.524156581026712e-06   16   11   13    9
 -0.01116345377437393   16   11   13   10
 -0.01273843178828922   16   11   13   11
 -1.756067027957264e-06   16   11   13   12
 -1.150719487842364e-06   16   11   13   13
 -6.960341076589392e-08   16   11   14    1
 -2.261928124426132e-06   16   11   14    2
 -3.110622537458121e-08   16   11   14    3
 3.512878455967153e-06   16   11   14    4
 1.989941776834544e-06   16   11   14    5
 -2.385196676855448e-06   16   11   14    6
 0.0007257910514403745   16   11   14    7
 7.767449693489003e-07   16   11   14    8
 -7.129634738680682e-07   16   11   14    9
 0.002128074874424146   16   11   14   10
 0.007999730010318621   16   11   14   11
 -1.207643808775638e-06   16   11   14   12
 2.338859917689009e-06   16   11   14   13
 -1.314897578744714e-05   16   11   14   14
 0.00208420764374681   16   11   15    1
 0.002249053849439012   16   11   15    2
 0.0004766479840970355   16   11   15    3
 0.005008160866269812   16   11   15    4
 -0.0006828342235239505   16   11   15    5
 -0.0003415633038848794   16   11   15    6
 -3.566011567746457e-06   16   11   15    7
 -0.000152023396305452   16   11   15    8
 0.001399231666665127   16   11   15    9
 1.516625237609831e-06   16   11   15   10
 2.746293202241886e-06   16   11   15   11
 -0.0007211756029992698   16   11   15   12
 0.005381223807667455   16   11   15   13
 -0.001881931395811501   16   11   15   14
 1.992971165275219e-05   16   11   15   15
 6.827160250856924e-07   16   11   16    1
 1.685462009008149e-06   16   11   16    2
 1.218962655901666e-06   16   11   16    3
 6.70277074541734e-06   16   11   16    4
 -2.258607583319245e-06   16   11   16    5
 2.112567949579133e-06   16   11   16    6
 0.002872404771309749   16   11   16    7
 2.657520822562161e-06   16   11   16    8
 -9.410893352531211e-07   16   11   16    9
 0.006152476481114975   16   11   16   10
 0.01306171673540186   16   11   16   11
 0.0534636863168259   16   12    1    1
 0.0006560621256957361   16   12    2    1
 0.007224538829062083   16   12    2    2
 -0.001099939867855051   16   12    3    1
 0.06759708271979628   16   12    3    2
 -0.04272718352217305   16   12    3    3
 0.0004804365545867605   16   12    4    1
 -0.02460869386116516   16   12    4    2
 0.03888765907857065   16   12    4    3
 0.01910603838274477   16   12    4    4
 -0.00255085208667775   16   12    5    1
 -0.03758846164120904   16   12    5    2
 -0.009249499186414748   16   12    5    3
 -0.001434957996645032   16   12    5    4
 0.01108481728923886   16   12    5    5
 -0.00190767489425062   16   12    6    1
 0.004267829694332652   16   12    6    2
 0.008619868411469065   16   12    6    3
 -0.05462390834176534   16   12    6    4
 0.04212713302156137   16   12    6    5
 -0.03282580337554034   16   12    6    6
 1.533251119007888e-07   16   12    7    1
 7.569929760986063e-06   16   12    7    2
 -7.743423187852843e-06   16   12    7    3
 5.507477932406607e-06   16   12    7    4
 5.268204112280301e-06   16   12    7    5
 -7.922593248806921e-06   16   12    7    6
 -0.08529928968157693   16   12    7    7
 -0.001416764774524798   16   12    8    1
 -0.0186304571945414   16   12    8    2
 -0.01520818640697348   16   12    8    3
 5.527193031081098e-05   16   12    8    4
 -0.05861760048191009   16   12    8    5
 0.03238672021041619   16   12    8    6
 -3.417510438395845e-06   16   12    8    7
 -0.0004638874311089363   16   12    8    8
 0.003901021782453865   16   12    9    1
 -0.002272224814328485   16   12    9    2
 0.01075345812135377   16   12    9    3
 0.05290566835134639   16   12    9    4
 0.01015389133944483   16   12    9    5
 0.0500645500780567   16   12    9    6
 -2.195291085741193e-06   16   12    9    7
 0.01799824412006079   16   12    9    8
 0.01656304923406455   16   12    9    9
 -9.380063500428104e-08   16   12   10    1
 -2.334642185996732e-06   16   12   10    2
 1.193033099767173e-06   16   12   10    3
 -1.12091848504048e-06   16   12   10    4
 -2.009866750626078e-06   16   12   10    5
 2.52610352179659e-06   16   12   10    6
 0.03219681825680404   16   12   10    7
 2.23998610851516e-07   16   12   10    8
 5.538062730367206e-07   16   12   10    9
 0.03999152790532613   16   12   10   10
 -1.04809944931713e-07   16   12   11    1
 -6.809848182977438e-07   16   12   11    2
 5.682709938474795e-08   16   12   11    3
 -1.06347377763407e-06   16   12   11    4
 -1.939491890679448e-06   16   12   11    5
 8.51070037279629e-08   16   12   11    6
 0.00420471203126886   16   12   11    7
 -1.689654552450499e-06   16   12   11    8
 1.303890032765872e-06   16   12   11    9
 -0.01956345778111801   16   12   11   10
 0.0432814670415056   16   12   11   11
 -0.004473916028982974   16   12   12    1
 -0.00924764951957811   16   12   12    2
 0.0118708987321925   16   12   12    3
 0.002570944458843232   16   12   12    4
 -0.001632885661196268   16   12   12    5
 0.01558537979948949   16   12   12    6
 -2.82001496974132e-06   16   12   12    7
 0.02720554399891665   16   12   12    8
 -0.01005028264230492   16   12   12    9
 1.122394050763407e-07   16   12   12   10
 6.421595792668977e-07   16   12   12   11
 0.0150660869720435   16   12   12   12
 -0.002807177960392683   16   12   13    1
 0.001866967141214628   16   12   13    2
 0.003383529094968308   16   12   13    3
 0.002524017334422256   16   12   13    4
 0.02150887863754561   16   12   13    5
 0.01727367740063059   16   12   13    6
 3.739998578158765e-06   16   12   13    7
 0.01607243522347838   16   12   13    8
 -0.03989866140580255   16   12   13    9
 -1.916335174146976e-06   16   12   13   10
 -5.935949917314976e-07   16   12   13   11
 -0.007391070786430282   16   12   13   12
 -0.04506005554548852   16   12   13   13
 -0.0002174192763412341   16   12   14    1
 0.008103408123086442   16   12   14    2
 -0.004497084198778206   16   12   14    3
 0.0003798768304411791   16   12   14    4
 0.005237904063961171   16   12   14    5
 0.00513042619178328   16   12   14    6
 1.106590937997456e-06   16   12   14    7
 -0.002360543817372453   16   12   14    8
 0.01072611655568391   16   12   14    9
 -6.617540065797183e-07   16   12   14   10
 -4.626049468958568e-07   16   12   14   11
 0.003947361532591447   16   12   14   12
 -0.006145606856978062   16   12   14   13
 0.0558181636420351   16   12   14   14
 2.677473457822232e-07   16   12   15    1
 -3.838587931839747e-06   16   12   15    2
 1.597562170273009e-06   16   12   15    3
 7.510747715575101e-08   16   12   15    4
 -2.956577437125276e-06   16   12   15    5
 2.987642212472352e-06   16   12   15    6
 -0.02990417879847586   16   12   15    7
 -3.16061937147994e-06   16   12   15    8
 -2.76221788168544e-06   16   12   15    9
 6.161033823538766e-05   16   12   15   10
 -0.02260038940529286   16   12   15   11
 -2.952631963627287e-05   16   12   15   12
 1.358036864103398e-05   16   12   15   13
 -5.681822986514252e-06   16   12   15   14
 -0.0946922427485988   16   12   15   15
 -0.0006348119860203939   16   12   16    1
 0.006114738528336792   16   12   16    2
 -0.0048763635418496   16   12   16    3
 -0.002485919880288953   16   12   16    4
 0.0007853581195333555   16   12   16    5
 -0.009675615178266744   16   12   16    6
 -1.138545427383111e-05   16   12   16    7
 -0.005822264338161255   16   12   16    8
 0.01101914667247178   16   12   16    9
 5.4608048552623e-09   16   12   16   10
 -9.782407243971644e-06   16   12   16   11
 0.08274308493850657   16   12   16   12
 -0.1221512966171198   16   13    1    1
 0.001677517843180779   16   13    2    1
 0.0001477858091992586   16   13    2    2
 0.00264657911156036   16   13    3    1
 -0.0108904117274703   16   13    3    2
 0.0001058545044849096   16   13    3    3
 0.002132310534765283   16   13    4    1
 -0.002545217153388188   16   13    4    2
 -0.04102653940612006   16   13    4    3
 -0.03061652629141606   16   13    4    4
 0.002256063612224276   16   13    5    1
 0.001844774154828141   16   13    5    2
 0.01328636497561975   16   13    5    3
 0.00772635850371989   16   13    5    4
 -0.004093512949975015   16   13    5    5
 -0.0007938491977548555   16   13    6    1
 0.01523285812479382   16   13    6    2
 -0.01752834662808439   16   13    6    3
 0.01697747278536028   16   13    6    4
 -0.01617789577680033   16   13    6    5
 0.02454039103986473   16   13    6    6
 -1.29615316252742e-07   16   13    7    1
 -4.310420985547314e-06   16   13    7    2
 -4.6743620978138e-08   16   13    7    3
 -1.478733085589032e-06   16   13    7    4
 -6.388355939924256e-06   16   13    7    5
 2.499287165516579e-06   16   13    7    6
 0.01356465846155247   16   13    7    7
 -0.002777123109387077   16   13    8    1
 0.007827193359446292   16   13    8    2
 0.001869488068587243   16   13    8    3
 -0.03246949679385964   16   13    8    4
 0.0257363786163172   16   13    8    5
 -0.02768563575932744   16   13    8    6
 -3.139505366974302e-06   16   13    8    7
 -0.02097059863494394   16   13    8    8
 -0.001299871508947   16   13    9    1
 -0.004246648855828383   16   13    9    2
 0.002848750419548022   16   13    9    3
 -0.03522041603870415   16   13    9    4
 0.02507576207362016   16   13    9    5
 0.0004196728706067753   16   13    9    6
 3.74766386647785e-06   16   13    9    7
 -0.009895580302236131   16   13    9    8
 -0.02568074827167152   16   13    9    9
 -1.038639619544597e-06   16   13   10    1
 3.290742346748934e-07   16   13   10    2
 -3.366572705230385e-06   16   13   10    3
 -1.877617877643807e-06   16   13   10    4
 8.984934964741289e-07   16   13   10    5
 -1.796248240257328e-06   16   13   10    6
 -0.01532639840900674   16   13   10    7
 7.047775480843089e-07   16   13   10    8
 2.971246608288198e-08   16   13   10    9
 -0.02975614079753312   16   13   10   10
 -1.274701866466211e-06   16   13   11    1
 1.500364288137515e-06   16   13   11    2
 -4.021781969568082e-06   16   13   11    3
 -2.161587443650717e-06   16   13   11    4
 2.712378463548461e-07   16   13   11    5
 -1.708195546094194e-06   16   13   11    6
 -0.01231657623160557   16   13   11    7
 -1.150227386733875e-06   16   13   11    8
 6.95673689478335e-07   16   13   11    9
 -0.02991888507681448   16   13   11   10
 -0.03778298583206737   16   13   11   11
 0.001801552151414668   16   13   12    1
 0.001636780536619058   16   13   12    2
 -0.004523822206993103   16   13   12    3
 0.001001000133237365   16   13   12    4
 -0.005076948706975539   16   13   12    5
 0.003283020565525344   16   13   12    6
 4.054436716723068e-06   16   13   12    7
 -0.01543308631675513   16   13   12    8
 -0.01154548286364662   16   13   12    9
 -1.257886789920861e-06   16   13   12   10
 -1.000414707413291e-06   16   13   12   11
 -0.02244148446391356   16   13   12   12
 0.0004054299808993336   16   13   13    1
 0.00414712223268604   16   13   13    2
 -0.01600394589522513   16   13   13    3
 -0.009827552674013381   16   13   13    4
 -0.01391620045532221   16   13   13    5
 -0.01424183798490098   16   13   13    6
 1.945045141226794e-06   16   13   13    7
 -0.01604985406090299   16   13   13    8
 0.02465121707152195   16   13   13    9
 -2.025529700806186e-06   16   13   13   10
 -1.15144605987166e-06   16   13   13   11
 0.008058687623932357   16   13   13   12
 -0.01794490295683003   16   13   13   13
 -0.00159334747885623   16   13   14    1
 -0.0003695294675602349   16   13   14    2
 0.002468083363974089   16   13   14    3
 0.004524115187937531   16   13   14    4
 0.00325078935556435   16   13   14    5
 -0.003820684123952218   16   13   14    6
 -2.040945403680454e-06   16   13   14    7
 -0.005255169944535905   16   13   14    8
 -0.007026045437572324   16   13   14    9
 1.538466019425741e-06   16   13   14   10
 1.708678048165824e-06   16   13   14   11
 -0.001529018420077474   16   13   14   12
 0.007357761115637732   16   13   14   13
 0.003956848195722435   16   13   14   14
 7.938463628329878e-07   16   13   15    1
 5.461692206868341e-06   16   13   15    2
 -1.168945396005859e-05   16   13   15    3
 4.110482679133073e-06   16   13   15    4
 -2.483869475982736e-06   16   13   15    5
 5.039780943957526e-06   16   13   15    6
 0.01275549974830711   16   13   15    7
 -2.934048659159598e-07   16   13   15    8
 1.398971081823924e-06   16   13   15    9
 0.007546035288196272   16   13   15   10
 0.0130964155975915   16   13   15   11
 1.313106159439327e-05   16   13   15   12
 -9.865893256939729e-06   16   13   15   13
 6.533779891132416e-06   16   13   15   14
 0.02183773170548458   16   13   15   15
 -0.0009725848097966593   16   13   16    1
 0.003018039424776625   16   13   16    2
 0.007778801744593783   16   13   16    3
 -0.002362091502561777   16   13   16    4
 0.007816696058241779   16   13   16    5
 -0.01366056196690752   16   13   16    6
 6.531702182432641e-06   16   13   16    7
 0.002685370281051242   16   13   16    8
 0.003028534771806225   16   13   16    9
 4.897295174216977e-06   16   13   16   10
 7.818974533965072e-06   16   13   16   11
 -0.03288107090126526   16   13   16   12
 0.0481461318223713   16   13   16   13
 0.0584249166993411   16   14    1    1
 -0.0002670547611172387   16   14    2    1
 -0.004855993839087035   16   14    2    2
 -0.00102562448468771   16   14    3    1
 -0.002954617410975522   16   14    3    2
 0.01287121792215183   16   14    3    3
 -0.0009841163860717973   16   14    4    1
 0.01051988844339327   16   14    4    2
 0.01801931135583079   16   14    4    3
 0.01197596850947264   16   14    4    4
 -0.0005857041061659873   16   14    5    1
 0.02557494628436275   16   14    5    2
 0.006817462160968012   16   14    5    3
 -0.01460293784245348   16   14    5    4
 -0.008110149088977177   16   14    5    5
 -0.000175852928874566   16   14    6    1
 -0.0002775352232021247   16   14    6    2
 0.01283995883522672   16   14    6    3
 -0.009623893174868975   16   14    6    4
 -0.0004237561115937846   16   14    6    5
 0.004558018283699171   16   14    6    6
 1.833404455070332e-07   16   14    7    1
 -6.203795254334658e-06   16   14    7    2
 8.335319973375823e-06   16   14    7    3
 -2.897355713333765e-06   16   14    7    4
 -4.118831881342602e-06   16   14    7    5
 1.888598524409146e-06   16   14    7    6
 0.01058143765363373   16   14    7    7
 -8.719407841932765e-05   16   14    8    1
 -0.01102348223172623   16   14    8    2
 -0.004399192445435093   16   14    8    3
 0.0141054225568992   16   14    8    4
 0.0004200243995058678   16   14    8    5
 0.007518571093068578   16   14    8    6
 -4.236653520778419e-06   16   14    8    7
 0.01666607847941693   16   14    8    8
 0.0005365890337513184   16   14    9    1
 0.02073304991520654   16   14    9    2
 0.001586336062480416   16   14    9    3
 0.001368357007486803   16   14    9    4
 -0.02364864041298587   16   14    9    5
 -0.001921427376949989   16   14    9    6
 -6.285308339609942e-07   16   14    9    7
 0.006248346944372055   16   14    9    8
 0.0104818045068187   16   14    9    9
 5.590444741241524e-07   16   14   10    1
 4.590025579344413e-06   16   14   10    2
 4.272133615385331e-07   16   14   10    3
 2.101228224231072e-06   16   14   10    4
 1.587170335021635e-06   16   14   10    5
 -1.043599895612745e-07   16   14   10    6
 0.00309474681775304   16   14   10    7
 9.959228185842277e-07   16   14   10    8
 -3.436732851268235e-07   16   14   10    9
 0.01378801103526699   16   14   10   10
 6.725362947221659e-07   16   14   11    1
 -3.585551597787831e-07   16   14   11    2
 -1.862379599709319e-07   16   14   11    3
 2.83259107671379e-06   16   14   11    4
 1.893985745787039e-06   16   14   11    5
 -4.597700970805279e-07   16   14   11    6
 0.005498490720754276   16   14   11    7
 2.409262567679953e-06   16   14   11    8
 -5.477783855055344e-07   16   14   11    9
 0.02064986747560969   16   14   11   10
 0.01390234417469912   16   14   11   11
 -0.0006026695108787205   16   14   12    1
 -0.002162662205917243   16   14   12    2
 -0.001216506383322258   16   14   12    3
 0.006052304802479915   16   14   12    4
 0.0124769237844095   16   14   12    5
 -0.003490543172407915   16   14   12    6
 1.91499902773455e-06   16   14   12    7
 -0.002773579018566284   16   14   12    8
 0.006543384014657589   16   14   12    9
 -7.358947041287259e-07   16   14   12   10
 -6.103577661171718e-07   16   14   12   11
 0.01076439769753355   16   14   12   12
 -0.001167454212752927   16   14   13    1
 -0.001308210801122483   16   14   13    2
 0.00199559856168893   16   14   13    3
 0.008145870904836653   16   14   13    4
 0.005514593792589185   16   14   13    5
 0.004025202814650741   16   14   13    6
 -4.393184290501688e-06   16   14   13    7
 0.001021583838430305   16   14   13    8
 -0.006510597720381525   16   14   13    9
 2.627454973751899e-06   16   14   13   10
 2.046239821003513e-06   16   14   13   11
 -0.004498910170617633   16   14   13   12
 0.01741823905304202   16   14   13   13
 0.0003813019658601551   16   14   14    1
 -0.003209095365031409   16   14   14    2
 -0.003095153897822773   16   14   14    3
 0.00277119060751165   16   14   14    4
 -0.008858582987542296   16   14   14    5
 -0.01106935937928749   16   14   14    6
 -6.112697560104268e-07   16   14   14    7
 0.002469891516841243   16   14   14    8
 -0.01306014970397913   16   14   14    9
 1.660428365556644e-06   16   14   14   10
 -1.690689221580406e-06   16   14   14   11
 0.02157558686240679   16   14   14   12
 0.003145632335468184   16   14   14   13
 -0.01591684720551948   16   14   14   14
 -4.555166525026687e-07   16   14   15    1
 3.119526139232317e-06   16   14   15    2
 1.744059127051656e-07   16   14   15    3
 3.199615863983509e-08   16   14   15    4
 4.081913797725068e-06   16   14   15    5
 -5.697318607518542e-06   16   14   15    6
 -0.004754483282286961   16   14   15    7
 6.059205290817225e-06   16   14   15    8
 -2.223879945271587e-06   16   14   15    9
 -0.003316916783629523   16   14   15   10
 -0.002195366513625406   16   14   15   11
 -5.058773152411133e-06   16   14   15   12
 6.435388906380005e-06   16   14   15   13
 -5.027366888392054e-06   16   14   15   14
 0.008308658805559144   16   14   15   15
 0.0005748740260653594   16   14   16    1
 -0.004390538851797324   16   14   16    2
 0.001394183582258928   16   14   16    3
 -0.001078383644882112   16   14   16    4
 -0.0003948160645210753   16   14   16    5
 0.008341008025985541   16   14   16    6
 -4.460352135213116e-06   16   14   16    7
 -0.004424863403070134   16   14   16    8
 0.001937627094663207   16   14   16    9
 -1.551344942979074e-06   16   14   16   10
 -1.729185849101326e-06   16   14   16   11
 0.003225071879564088   16   14   16   12
 -0.01227842554887431   16   14   16   13
 0.0220063228939174   16   14   16   14
 -3.75177987026606e-05   16   15    1    1
 1.407735858622725e-08   16   15    2    1
 -1.682590837156756e-06   16   15    2    2
 8.300060617823028e-07   16   15    3    1
 -3.218538525878708e-05   16   15    3    2
 8.337386131165983e-06   16   15    3    3
 5.593420290032748e-07   16   15    4    1
 1.023825222820672e-05   16   15    4    2
 -9.067441192721599e-06   16   15    4    3
 -2.135422235622317e-05   16   15    4    4
 7.857266000749774e-07   16   15    5    1
 1.919201879161247e-05   16   15    5    2
 -1.050846878385357e-05   16   15    5    3
 8.257658960338146e-06   16   15    5    4
 -8.501309952945915e-06   16   15    5    5
 5.160622701336517e-07   16   15    6    1
 -1.030987189761766e-05   16   15    6    2
 1.113146276949192e-05   16   15    6    3
 4.634634651694831e-06   16   15    6    4
 -8.99152062672954e-06   16   15    6    5
 -1.679220815785015e-05   16   15    6    6
 0.0005041662847511408   16   15    7    1
 0.000274850490079224   16   15    7    2
 -0.001932423183217528   16   15    7    3
 0.00504849869447081   16   15    7    4
 -0.004511743798181913   16   15    7    5
 0.006946597452833387   16   15    7    6
 6.139019669750961e-05   16   15    7    7
 4.92654241120059e-07   16   15    8    1
 1.716102322529287e-05   16   15    8    2
 -4.623102901706083e-06   16   15    8    3
 1.181998719295672e-05   16   15    8    4
 2.285346516375911e-05   16   15    8    5
 -4.170526768456842e-06   16   15    8    6
 -0.004564423323764511   16   15    8    7
 -8.1056063452736e-06   16   15    8    8
 -1.034704642095758e-06   16   15    9    1
 4.451229116161672e-07   16   15    9    2
 -9.420287368565434e-06   16   15    9    3
 -8.675539809991836e-06   16   15    9    4
 -9.083579913080292e-06   16   15    9    5
 -7.3922092897563e-06   16   15    9    6
 -0.001721126077512787   16   15    9    7
 -1.242906304639336e-05   16   15    9    8
 -1.644648972367813e-05   16   15    9    9
 0.001565298107044119   16   15   10    1
 0.002172431902506327   16   15   10    2
 0.003884948362716086   16   15   10    3
 0.003215857323972154   16   15   10    4
 0.001547682966811408   16   15   10    5
 -0.001924777378540689   16   15   10    6
 -2.363085544641967e-05   16   15   10    7
 0.000857478515893927   16   15   10    8
 0.0009961192250215242   16   15   10    9
 -1.984057365223426e-05   16   15   10   10
 0.001910686780720464   16   15   11    1
 0.001270610108983042   16   15   11    2
 0.001514239325078761   16   15   11    3
 0.004766610910373041   16   15   11    4
 0.0002645003144721526   16   15   11    5
 1.956141474079039e-05   16   15   11    6
 -8.617930847989547e-06   16   15   11    7
 0.001884450035619234   16   15   11    8
 0.0002384736594989222   16   15   11    9
 1.078423988776611e-05   16   15   11   10
 -2.24011766618537e-05   16   15   11   11
 1.127612574620026e-06   16   15   12    1
 -1.169175390506704e-06   16   15   12    2
 1.879260988087758e-06   16   15   12    3
 -7.206430419535107e-06   16   15   12    4
 -2.508768021669319e-06   16   15   12    5
 -1.284696855514432e-05   16   15   12    6
 -0.00157908380866878   16   15   12    7
 -6.215324259905304e-06   16   15   12    8
 9.217495732842468e-06   16   15   12    9
 -0.0004492066935588556   16   15   12   10
 -0.001358423104332325   16   15   12   11
 -1.697016694610539e-05   16   15   12   12
 1.366082002281332e-06   16   15   13    1
 6.954060703139967e-06   16   15   13    2
 -1.37872166662886e-05   16   15   13    3
 5.298232807259784e-06   16   15   13    4
 -7.862670022946634e-06   16   15   13    5
 2.374147445053624e-07   16   15   13    6
 0.001671421848097887   16   15   13    7
 -8.643830803331303e-06   16   15   13    8
 9.518140583208268e-06   16   15   13    9
 0.003216339064004573   16   15   13   10
 0.004768114716338301   16   15   13   11
 4.174515785067402e-06   16   15   13   12
 1.051453901907344e-05   16   15   13   13
 -2.063163358878227e-07   16   15   14    1
 -1.867229044344284e-06   16   15   14    2
 -2.925006621343265e-07   16   15   14    3
 1.478308556864427e-06   16   15   14    4
 4.045192677121371e-06   16   15   14    5
 -5.07745543985342e-06   16   15   14    6
 -0.00313145035848585   16   15   14    7
 4.696711140291496e-06   16   15   14    8
 -2.068251237009035e-06   16   15   14    9
 4.049785448794949e-05   16   15   14   10
 -0.00135427547343623   16   15   14   11
 -6.75484024861873e-06   16   15   14   12
 5.119811515557029e-06   16   15   14   13
 -2.596906005966901e-05   16   15   14   14
 -0.0005578373952461452   16   15   15    1
 0.00629965120466482   16   15   15    2
 -0.01066792886908734   16   15   15    3
 0.005768807076096775   16   15   15    4
 -0.0004056846401082627   16   15   15    5
 0.00578240360391952   16   15   15    6
 -7.883431722889843e-06   16   15   15    7
 -0.0007461069251201622   16   15   15    8
 -0.00284070326689607   16   15   15    9
 8.820281885102864e-06   16   15   15   10
 1.911489289563395e-05   16   15   15   11
 -0.00501719389277499   16   15   15   12
 0.006583307644469807   16   15   15   13
 0.0004517950671190957   16   15   15   14
 5.991832678321803e-05   16   15   15   15
 -5.343748510730466e-07   16   15   16    1
 4.414224914034404e-06   16   15   16    2
 -1.445383566294216e-05   16   15   16    3
 1.569650872524327e-05   16   15   16    4
 -9.48366422216074e-06   16   15   16    5
 2.289456223740348e-05   16   15   16    6
 0.006597787480210331   16   15   16    7
 -4.775795113525489e-06   16   15   16    8
 -1.34548827006817e-05   16   15   16    9
 -0.003564913693759135   16   15   16   10
 -0.002164655075928215   16   15   16   11
 -1.523913472495366e-05   16   15   16   12
 3.674757121004873e-06   16   15   16   13
 2.606679607180925e-06   16   15   16   14
 0.01192970845581676   16   15   16   15
 0.3998416643044886   16   16    1    1
 -0.001071516757442552   16   16    2    1
 0.3056344448706619   16   16    2    2
 -0.002047093574460767   16   16    3    1
 -0.04031230635971   16   16    3    2
 0.3729713034530761   16   16    3    3
 -0.002312206780186084   16   16    4    1
 0.03389879378775742   16   16    4    2
 -0.0120852158958152   16   16    4    3
 0.3365720935786896   16   16    4    4
 -0.0006772774927342356   16   16    5    1
 0.02719013733101204   16   16    5    2
 0.03155600941086091   16   16    5    3
 -0.01886187520451888   16   16    5    4
 0.3186390806759891   16   16    5    5
 0.0006013587315622052   16   16    6    1
 -0.005057458621733052   16   16    6    2
 -0.02602144440344238   16   16    6    3
 0.0568715725476886   16   16    6    4
 -0.0352716528116351   16   16    6    5
 0.3604869926620476   16   16    6    6
 3.531388994176847e-07   16   16    7    1
 1.777530753791736e-06   16   16    7    2
 -9.071093769235131e-07   16   16    7    3
 6.857978252895867e-07   16   16    7    4
 -3.659548432170808e-06   16   16    7    5
 6.517636945419542e-06   16   16    7    6
 0.3562327897303194   16   16    7    7
 0.0009981120633326596   16   16    8    1
 -0.01755301928516956   16   16    8    2
 0.02295248181532281   16   16    8    3
 -0.002253882075675612   16   16    8    4
 0.0328007132452396   16   16    8    5
 -0.02454067635813521   16   16    8    6
 -1.988525684204588e-06   16   16    8    7
 0.3549879787134329   16   16    8    8
 -5.076081788410803e-05   16   16    9    1
 0.007617088331071368   16   16    9    2
 -0.006809442005243644   16   16    9    3
 -0.02663690460563443   16   16    9    4
 -0.02583512952253261   16   16    9    5
 -0.05963120718297676   16   16    9    6
 2.228146066332177e-06   16   16    9    7
 -0.006146678795413471   16   16    9    8
 0.3310418202345481   16   16    9    9
 1.394500389599312e-06   16   16   10    1
 1.914679815969423e-06   16   16   10    2
 3.412522240935793e-06   16   16   10    3
 2.87926781570904e-06   16   16   10    4
 1.338786548124125e-06   16   16   10    5
 -2.000709659403673e-06   16   16   10    6
 -0.007508811093208704   16   16   10    7
 1.922469471137796e-07   16   16   10    8
 8.69694121120556e-07   16   16   10    9
 0.3050699692662796   16   16   10   10
 1.703911084932006e-06   16   16   11    1
 1.0246265993982e-06   16   16   11    2
 1.515792687097845e-06   16   16   11    3
 4.169607761285749e-06   16   16   11    4
 1.694721493400826e-07   16   16   11    5
 1.062497270779905e-06   16   16   11    6
 0.01512767917203633   16   16   11    7
 2.495237391790465e-06   16   16   11    8
 1.102181224433391e-08   16   16   11    9
 0.02957645140154192   16   16   11   10
 0.3094644696689723   16   16   11   11
 3.242970463648378e-05   16   16   12    1
 0.01304544427332379   16   16   12    2
 -0.01355730803034678   16   16   12    3
 -0.004737912464246901   16   16   12    4
 0.02373606045877303   16   16   12    5
 0.002844714685213579   16   16   12    6
 -4.683560373851141e-07   16   16   12    7
 -0.01814171103617683   16   16   12    8
 0.01800433364780823   16   16   12    9
 -3.635011915827419e-07   16   16   12   10
 -1.314993619231026e-06   16   16   12   11
 0.3330864284481758   16   16   12   12
 -0.001002936622856673   16   16   13    1
 -0.007606093645700684   16   16   13    2
 0.003327838852110496   16   16   13    3
 0.0006637919705876043   16   16   13    4
 -0.02291466277761541   16   16   13    5
 -0.0002252598510937723   16   16   13    6
 7.776801321687914e-07   16   16   13    7
 -0.01936681298877148   16   16   13    8
 0.03739832458523237   16   16   13    9
 3.456391674176958e-06   16   16   13   10
 3.903154221128223e-06   16   16   13   11
 0.003446094164857651   16   16   13   12
 0.392874968039334   16   16   13   13
 0.001091854774540741   16   16   14    1
 -0.0004481852363714961   16   16   14    2
 0.01423329107733075   16   16   14    3
 -0.01842939014391344   16   16   14    4
 -0.01319567683734182   16   16   14    5
 0.01031317242954461   16   16   14    6
 -3.522958349329553e-06   16   16   14    7
 0.004867773234202631   16   16   14    8
 -0.002452988696623535   16   16   14    9
 -8.960879170204155e-08   16   16   14   10
 -1.1797459683359e-06   16   16   14   11
 0.00412131783254473   16   16   14   12
 -0.008070627044444367   16   16   14   13
 0.2564403540506389   16   16   14   14
 -1.082545475278122e-06   16   16   15    1
 5.862872959811594e-06   16   16   15    2
 -8.289194680706841e-06   16   16   15    3
 6.626452564045541e-06   16   16   15    4
 -4.079535407801286e-06   16   16   15    5
 1.95822050981128e-06   16   16   15    6
 0.07425574148679057   16   16   15    7
 4.427020253943705e-06   16   16   15    8
 -1.143199071975524e-06   16   16   15    9
 -0.02282088807732963   16   16   15   10
 -0.0004197251477425362   16   16   15   11
 2.218413376781673e-05   16   16   15   12
 -2.940940133769725e-06   16   16   15   13
 7.266740826163148e-08   16   16   15   14
 0.3740551164720953   16   16   15   15
 0.00136006893636231   16   16   16    1
 -0.003310098138413664   16   16   16    2
 -0.0002363515009638961   16   16   16    3
 -0.004910219586192761   16   16   16    4
 0.005609199099529412   16   16   16    5
 0.01872905699421118   16   16   16    6
 3.563276961530663e-05   16   16   16    7
 -0.005261023792143373   16   16   16    8
 -0.001265027786302807   16   16   16    9
 -1.268191872469935e-05   16   16   16   10
 -2.09087652107129e-06   16   16   16   11
 -0.06325172401433521   16   16   16   12
 0.02015752524973615   16   16   16   13
 0.002204976028739563   16   16   16   14
 -7.552307213244869e-06   16   16   16   15
 0.4152686434594502   16   16   16   16
 0.07811696314905474   17    1    1    1
 -0.001540579400336293   17    1    2    1
 0.001113038650172718   17    1    2    2
 -0.006386129863310214   17    1    3    1
 0.001648750989550833   17    1    3    2
 0.00105655801048099   17    1    3    3
 -0.008127727741845668   17    1    4    1
 0.000793557594074571   17    1    4    2
 0.0009607679777021531   17    1    4    3
 0.001038619765768209   17    1    4    4
 -0.00110618049072623   17    1    5    1
 0.0001760081067087304   17    1    5    2
 0.0009471666072816896   17    1    5    3
 0.0008862424220886394   17    1    5    4
 0.0009368455814749433   17    1    5    5
 -0.0006671891333924179   17    1    6    1
 -0.0001032926295933299   17    1    6    2
 -0.0007650223978855   17    1    6    3
 -0.00106377627969772   17    1    6    4
 0.0002554318512887888   17    1    6    5
 0.0004716382938174176   17    1    6    6
 1.746914371917651e-07   17    1    7    1
 6.193904102619909e-08   17    1    7    2
 1.540522545144357e-07   17    1    7    3
 1.823076244121662e-07   17    1    7    4
 3.791913421476583e-08   17    1    7    5
 -7.874125701170177e-08   17    1    7    6
 -0.0004890349349172443   17    1    7    7
 -0.002523174823105677   17    1    8    1
 -0.001093111039415108   17    1    8    2
 -0.001868440525312446   17    1    8    3
 -0.002084204397773213   17    1    8    4
 -0.000812407611218579   17    1    8    5
 0.0004382308773355962   17    1    8    6
 -1.091779023670626e-07   17    1    8    7
 0.001013352597043672   17    1    8    8
 0.0003893402270904559   17    1    9    1
 -0.0002069486955184832   17    1    9    2
 -1.00436011480442e-05   17    1    9    3
 -0.0001872432898193347   17    1    9    4
 0.00017845484099903   17    1    9    5
 0.0004618187264667815   17    1    9    6
 -2.731697763176389e-08   17    1    9    7
 2.619173329950114e-05   17    1    9    8
 0.0001508942469664159   17    1    9    9
 5.117213801208531e-08   17    1   10    1
 5.985833342715594e-10   17    1   10    2
 2.597971994871494e-09   17    1   10    3
 5.348605768770135e-09   17    1   10    4
 -4.868175936071788e-09   17    1   10    5
 3.211184524261103e-08   17    1   10    6
 0.0005101109520168917   17    1   10    7
 3.443137607517099e-08   17    1   10    8
 1.021298912029914e-09   17    1   10    9
 0.001778959479685565   17    1   10   10
 8.538749046317483e-08   17    1   11    1
 -3.091052123672825e-10   17    1   11    2
 -1.98236181193148e-10   17    1   11    3
 1.021528276543929e-09   17    1   11    4
 -2.490214251748325e-09   17    1   11    5
 5.615889793216981e-09   17    1   11    6
 7.061054522956599e-05   17    1   11    7
 8.21607097216589e-09   17    1   11    8
 1.465010302122993e-09   17    1   11    9
 5.337580574947732e-05   17    1   11   10
 0.001539491044204388   17    1   11   11
 0.0003331227212312656   17    1   12    1
 -0.000212566112200887   17    1   12    2
 0.0004212841238221093   17    1   12    3
 -0.0001657071287842018   17    1   12    4
 0.0009645781933645181   17    1   12    5
 0.00073001507380844   17    1   12    6
 -3.960966304880813e-08   17    1   12    7
 -1.118850737909275e-05   17    1   12    8
 -0.0009905728732275156   17    1   12    9
 -2.189826634285343e-09   17    1   12   10
 -3.056686814886515e-09   17    1   12   11
 0.001257225427362612   17    1   12   12
 -0.008968993680708122   17    1   13    1
 0.0002515638946265626   17    1   13    2
 0.0003762478435137897   17    1   13    3
 0.0001461529455030745   17    1   13    4
 0.0005399302340334214   17    1   13    5
 -0.0001347487859858203   17    1   13    6
 4.266950998135624e-08   17    1   13    7
 -0.0004350397869232085   17    1   13    8
 -0.0001814281500705324   17    1   13    9
 1.539680399537616e-08   17    1   13   10
 2.806180246043196e-08   17    1   13   11
 0.0007415177954602437   17    1   13   12
 -0.0004386990384005256   17    1   13   13
 0.002756782503274218   17    1   14    1
 -0.0001526966863459228   17    1   14    2
 -0.0006030586297791391   17    1   14    3
 -0.0008691189538483804   17    1   14    4
 -0.0003222978750600445   17    1   14    5
 0.0003083263469191379   17    1   14    6
 -4.299126126784964e-08   17    1   14    7
 0.0003889891361198133   17    1   14    8
 1.409796487525366e-05   17    1   14    9
 -1.838819710979305e-09   17    1   14   10
 -1.58208792077985e-09   17    1   14   11
 -3.354495807649018e-05   17    1   14   12
 -0.0001888029975901963   17    1   14   13
 0.001233157572547758   17    1   14   14
 -2.637736737223247e-06   17    1   15    1
 8.349814090664018e-08   17    1   15    2
 2.376263189975562e-07   17    1   15    3
 3.446905868640097e-07   17    1   15    4
 -5.916004075783773e-08   17    1   15    5
 -7.054768428365471e-08   17    1   15    6
 -0.0002373156567584071   17    1   15    7
 -1.364607337521699e-07   17    1   15    8
 7.721620920028168e-09   17    1   15    9
 -0.0002427244565618372   17    1   15   10
 -0.000495144907618857   17    1   15   11
 -1.876282349145201e-07   17    1   15   12
 -3.443313516912233e-09   17    1   15   13
 -1.61825115876414e-07   17    1   15   14
 -0.0004572573561228414   17    1   15   15
 0.005928517594522766   17    1   16    1
 -0.0001900259295951682   17    1   16    2
 -0.0005542047599675679   17    1   16    3
 -0.0008167899219990431   17    1   16    4
 0.0001747915892935655   17    1   16    5
 0.0001287423428952975   17    1   16    6
 -1.235166051473674e-07   17    1   16    7
 0.0002733369320301706   17    1   16    8
 -1.67069029702964e-05   17    1   16    9
 -1.062475377204756e-07   17    1   16   10
 -2.159379705127756e-07   17    1   16   11
 0.0004939217345079585   17    1   16   12
 -4.070904642796875e-06   17    1   16   13
 0.0003652651473159714   17    1   16   14
 -3.618421585322546e-07   17    1   16   15
 0.0004169406968232275   17    1   16   16
 0.003461726441877261   17    1   17    1
 -0.01778226927390964   17    2    1    1
 0.0001449582062499895   17    2    2    1
 -0.02809885187863193   17    2    2    2
 0.0001411717416744368   17    2    3    1
 0.01458582040585116   17    2    3    2
 -0.03557064674375481   17    2    3    3
 0.000285814734472475   17    2    4    1
 -0.003695208569647684   17    2    4    2
 0.009045887913014274   17    2    4    3
 -0.02273527472246636   17    2    4    4
 -0.0001024679756978248   17    2    5    1
 -0.004880914901322863   17    2    5    2
 -8.044872989072185e-05   17    2    5    3
 -0.003182390872905597   17    2    5    4
 -0.0217728021492783   17    2    5    5
 -0.0001640213526015028   17    2    6    1
 -0.0003289556109149654   17    2    6    2
 0.000612797686258631   17    2    6    3
 -0.009921796694289657   17    2    6    4
 0.007617228629258805   17    2    6    5
 -0.02961041224882835   17    2    6    6
 1.844120878455418e-08   17    2    7    1
 2.194747843460338e-07   17    2    7    2
 1.919736537055357e-07   17    2    7    3
 6.265507375841192e-07   17    2    7    4
 2.832585376910523e-07   17    2    7    5
 -8.755755693212203e-08   17    2    7    6
 -0.02910610413912502   17    2    7    7
 -0.0001605443831465707   17    2    8    1
 -0.003992523354702788   17    2    8    2
 -0.003377915860364993   17    2    8    3
 -0.0001556341630025607   17    2    8    4
 -0.01066803483461552   17    2    8    5
 0.00251856651185292   17    2    8    6
 -3.100588956872103e-07   17    2    8    7
 -0.02430427196762586   17    2    8    8
 0.0002483490706675101   17    2    9    1
 -0.0003268136756355229   17    2    9    2
 0.004090140342620408   17    2    9    3
 0.01037453505064385   17    2    9    4
 0.004598197275077051   17    2    9    5
 0.0130754025122432   17    2    9    6
 -1.166224893302581e-06   17    2    9    7
 0.006866428234157917   17    2    9    8
 -0.02285847552704291   17    2    9    9
 1.095870068669081e-10   17    2   10    1
 -9.088563659391655e-09   17    2   10    2
 5.481935839933559e-09   17    2   10    3
 -8.137621464071117e-09   17    2   10    4
 -2.256444912818203e-08   17    2   10    5
 6.689251880947322e-08   17    2   10    6
 0.0009574763418710915   17    2   10    7
 7.695956626025968e-09   17    2   10    8
 -4.074535255047329e-09   17    2   10    9
 -0.01892962302703633   17    2   10   10
 1.549792970824113e-10   17    2   11    1
 -1.834059187316104e-08   17    2   11    2
 1.725805218921795e-08   17    2   11    3
 -3.155040235683349e-08   17    2   11    4
 -1.274942621838573e-08   17    2   11    5
 -3.184676521451657e-07   17    2   11    6
 -0.004787926693911211   17    2   11    7
 -2.89683860136186e-07   17    2   11    8
 8.027253877132803e-08   17    2   11    9
 0.006369747575457116   17    2   11   10
 -0.02056010782760503   17    2   11   11
 -0.0003207953333335807   17    2   12    1
 -0.005554019598085116   17    2   12    2
 0.006476163918314377   17    2   12    3
 0.005185489822397917   17    2   12    4
 -0.01006733497864937   17    2   12    5
 0.008434783639822922   17    2   12    6
 -7.450146851273404e-07   17    2   12    7
 0.001082030792546966   17    2   12    8
 -0.01307361737027442   17    2   12    9
 4.832768456590241e-08   17    2   12   10
 1.173465189682862e-07   17    2   12   11
 -0.0218383187566055   17    2   12   12
 -5.01874108178219e-05   17    2   13    1
 0.009458189621256842   17    2   13    2
 -0.004093534137063354   17    2   13    3
 0.005499106609829223   17    2   13    4
 0.01642414872991376   17    2   13    5
 -0.003360483434120501   17    2   13    6
 3.519577414295859e-07   17    2   13    7
 0.01774988883324219   17    2   13    8
 -0.01543162723682189   17    2   13    9
 -2.698087683475863e-07   17    2   13   10
 -7.140435771605421e-08   17    2   13   11
 -0.007951569286308855   17    2   13   12
 -0.04052530800924819   17    2   13   13
 -0.0001115720475146475   17    2   14    1
 -0.004866679470212311   17    2   14    2
 -0.01278774816708877   17    2   14    3
 0.01305302021843076   17    2   14    4
 0.01077781878799506   17    2   14    5
 -0.006939920160951134   17    2   14    6
 6.506157981126979e-07   17    2   14    7
 -0.001061408101777178   17    2   14    8
 0.000474961348107004   17    2   14    9
 -2.610871876458855e-08   17    2   14   10
 -2.164549226164936e-08   17    2   14   11
 0.0005537965369324967   17    2   14   12
 -0.0005422500619398013   17    2   14   13
 -0.01335661126464163   17    2   14   14
 6.933432285986842e-08   17    2   15    1
 -1.71183731739411e-06   17    2   15    2
 -1.45061413354312e-06   17    2   15    3
 4.604236283575093e-06   17    2   15    4
 -6.203358444420318e-07   17    2   15    5
 5.494177385505337e-06   17    2   15    6
 -0.04274939210017298   17    2   15    7
 -4.760319854805528e-06   17    2   15    8
 -4.131449984781638e-06   17    2   15    9
 0.01058741245820548   17    2   15   10
 0.003086511427216661   17    2   15   11
 -8.341258815824636e-06   17    2   15   12
 -2.654982652123916e-07   17    2   15   13
 -1.136153171702211e-06   17    2   15   14
 -0.03361525900746334   17    2   15   15
 -0.0001656224863526021   17    2   16    1
 0.005050555332315085   17    2   16    2
 0.003151340613399868   17    2   16    3
 -0.0105709262298642   17    2   16    4
 0.003216238161247286   17    2   16    5
 -0.0196057748546745   17    2   16    6
 -1.701674246014622e-05   17    2   16    7
 0.007427056791420172   17    2   16    8
 0.008967352861641444   17    2   16    9
 4.388549165548821e-06   17    2   16   10
 1.236921463310886e-06   17    2   16   11
 0.01977826894965277   17    2   16   12
 -0.0005142373144126662   17    2   16   13
 0.002324662869421449   17    2   16   14
 2.962045559538115e-06   17    2   16   15
 -0.04084094409661557   17    2   16   16
 -1.503426595741619e-05   17    2   17    1
 0.03231048792115288   17    2   17    2
 -0.02304497712508106   17    3    1    1
 0.0004798098574952888   17    3    2    1
 0.01877287124480008   17    3    2    2
 0.0009847462369794234   17    3    3    1
 -0.02280495872178487   17    3    3    2
 0.03114163171331936   17    3    3    3
 0.0009693783493150555   17    3    4    1
 0.009742640682944042   17    3    4    2
 -0.01246938315551223   17    3    4    3
 0.01047379436937616   17    3    4    4
 0.0005777174921069749   17    3    5    1
 0.01063841074362726   17    3    5    2
 -0.001222869349200732   17    3    5    3
 0.00139544511133668   17    3    5    4
 0.01535892582204405   17    3    5    5
 -0.0001510387938088404   17    3    6    1
 -0.002914036275679033   17    3    6    2
 -0.001088933835262195   17    3    6    3
 0.01196268020673585   17    3    6    4
 -0.006988698653639921   17    3    6    5
 0.02207654707904939   17    3    6    6
 3.667562686421872e-08   17    3    7    1
 1.545422215145819e-07   17    3    7    2
 -3.009468665345392e-07   17    3    7    3
 -8.270458134097528e-07   17    3    7    4
 -6.108004651002387e-07   17    3    7    5
 1.153478695706036e-06   17    3    7    6
 0.0365209005540849   17    3    7    7
 -0.0005025846231026019   17    3    8    1
 0.005277529153594421   17    3    8    2
 0.00124373802128482   17    3    8    3
 0.002412449833303848   17    3    8    4
 0.01476258236981577   17    3    8    5
 -0.005595294198811155   17    3    8    6
 1.319702871155865e-06   17    3    8    7
 0.01665867928305565   17    3    8    8
 -0.0003069512762092875   17    3    9    1
 0.0004336053174848877   17    3    9    2
 -0.003880951252961222   17    3    9    3
 -0.01051953908610419   17    3    9    4
 -0.004652671225975013   17    3    9    5
 -0.01227941949109505   17    3    9    6
 1.203444035749443e-06   17    3    9    7
 -0.008300128712493656   17    3    9    8
 0.01832680583395934   17    3    9    9
 -9.212519448874053e-09   17    3   10    1
 -4.864955639281733e-08   17    3   10    2
 3.501194850753546e-08   17    3   10    3
 -1.730066278724617e-08   17    3   10    4
 3.211900360841507e-08   17    3   10    5
 -5.706290340862087e-07   17    3   10    6
 -0.009082222745004656   17    3   10    7
 -4.889126566432649e-07   17    3   10    8
 4.038914926064242e-08   17    3   10    9
 -0.003022538248528804   17    3   10   10
 -1.279449975612414e-08   17    3   11    1
 1.592656921435124e-08   17    3   11    2
 5.232944209421922e-09   17    3   11    3
 4.434999917192858e-08   17    3   11    4
 -1.943845280206647e-08   17    3   11    5
 1.818271999205843e-07   17    3   11    6
 0.002308447593971747   17    3   11    7
 1.675444488494057e-07   17    3   11    8
 -3.896309788018342e-08   17    3   11    9
 -0.001588918554568056   17    3   11   10
 -0.006554082133890889   17    3   11   11
 0.0004107276442400172   17    3   12    1
 0.006870240397154732   17    3   12    2
 -0.0050519664665055   17    3   12    3
 -0.00535973428005632   17    3   12    4
 0.001668313011879816   17    3   12    5
 -0.01833802980941989   17    3   12    6
 1.193435525174484e-06   17    3   12    7
 0.0004461278329282067   17    3   12    8
 0.01475637546341438   17    3   12    9
 -5.768554695392063e-08   17    3   12   10
 -1.189814558355471e-07   17    3   12   11
 0.01803188515018292   17    3   12   12
 0.0006287806308482052   17    3   13    1
 -0.008209070924471214   17    3   13    2
 -0.005066803846525117   17    3   13    3
 -0.00909082127413024   17    3   13    4
 -0.01985166991332724   17    3   13    5
 0.000757051391273321   17    3   13    6
 3.363133525919587e-07   17    3   13    7
 -0.02629851930680395   17    3   13    8
 0.01514714469085791   17    3   13    9
 2.066381226292725e-07   17    3   13   10
 -1.962908668414001e-07   17    3   13   11
 0.008251882489728277   17    3   13   12
 0.03699511653854121   17    3   13   13
 -0.0005292209462302702   17    3   14    1
 -0.01146455028960555   17    3   14    2
 0.008032141221229248   17    3   14    3
 0.0003143088707950662   17    3   14    4
 -0.0008403756551104647   17    3   14    5
 -0.002431381644344659   17    3   14    6
 2.297251289430962e-07   17    3   14    7
 -0.002542216508790064   17    3   14    8
 4.236302585027679e-06   17    3   14    9
 3.813447355826403e-08   17    3   14   10
 4.908854264542722e-08   17    3   14   11
 -0.001260120171139963   17    3   14   12
 0.0009969268108857335   17    3   14   13
 0.00227180259497042   17    3   14   14
 2.484414166828603e-07   17    3   15    1
 -5.15812647195172e-07   17    3   15    2
 1.673805852165265e-06   17    3   15    3
 -7.955739823867153e-06   17    3   15    4
 3.914241496835092e-06   17    3   15    5
 -8.47507279278289e-06   17    3   15    6
 0.04450316481432088   17    3   15    7
 4.155676438168742e-06   17    3   15    8
 6.429507887922683e-06   17    3   15    9
 -0.009200459517477496   17    3   15   10
 0.003815029673398728   17    3   15   11
 8.093542668925315e-06   17    3   15   12
 -5.460136016414151e-07   17    3   15   13
 3.435464702424695e-07   17    3   15   14
 0.04475041005253032   17    3   15   15
 -0.0005651657210183952   17    3   16    1
 0.0007126017204387497   17    3   16    2
 -0.004160580295542257   17    3   16    3
 0.01821741023993582   17    3   16    4
 -0.01169678343048051   17    3   16    5
 0.02685810128845199   17    3   16    6
 1.725826304138278e-05   17    3   16    7
 -0.006183537039297552   17    3   16    8
 -0.01450287558937934   17    3   16    9
 -3.823285514326846e-06   17    3   16   10
 1.713241206313712e-06   17    3   16   11
 -0.01912486419537698   17    3   16   12
 0.002185594125282119   17    3   16   13
 -0.0003302381390444883   17    3   16   14
 4.732877986912624e-06   17    3   16   15
 0.0337400664827892   17    3   16   16
 -0.0002015228080903338   17    3   17    1
 -0.02693366809096883   17    3   17    2
 0.03373843665530767   17    3   17    3
 -0.0591288097881689   17    4    1    1
 0.0009610528925974571   17    4    2    1
 -0.00739640874403964   17    4    2    2
 0.001334413811694115   17    4    3    1
 0.01405116322208233   17    4    3    2
 -0.02349040742245493   17    4    3    3
 0.001356927694129648   17    4    4    1
 -0.01048434621639212   17    4    4    2
 -0.001157592825748521   17    4    4    3
 -0.01397064291600222   17    4    4    4
 0.0007607210762147632   17    4    5    1
 -0.009249282571564729   17    4    5    2
 -0.001416051252742531   17    4    5    3
 -0.0007602592811862496   17    4    5    4
 -0.009263139389654852   17    4    5    5
 -0.0006439269889911335   17    4    6    1
 0.002603089433743923   17    4    6    2
 -0.000231954990372374   17    4    6    3
 -0.008559243050330168   17    4    6    4
 0.0008667985341435038   17    4    6    5
 -0.009764691933255283   17    4    6    6
 1.220599320858348e-07   17    4    7    1
 -2.524978104874208e-07   17    4    7    2
 2.415885100315403e-07   17    4    7    3
 1.009095671231413e-06   17    4    7    4
 5.494505598522696e-07   17    4    7    5
 -8.294837367539154e-07   17    4    7    6
 -0.02482931330318837   17    4    7    7
 -0.001467018425846071   17    4    8    1
 -0.0007205322267460319   17    4    8    2
 -0.002887843883320941   17    4    8    3
 -0.00928776004672985   17    4    8    4
 -0.008468410878211107   17    4    8    5
 -0.002386923485317392   17    4    8    6
 -3.33464258050926e-07   17    4    8    7
 -0.01587110483377837   17    4    8    8
 -9.422109862975172e-05   17    4    9    1
 0.0002907704760390054   17    4    9    2
 0.003140217489069507   17    4    9    3
 0.006564590783143102   17    4    9    4
 0.008865516184872444   17    4    9    5
 0.008270134124215242   17    4    9    6
 -8.189669042882432e-07   17    4    9    7
 0.007995323098188784   17    4    9    8
 -0.01341466816208776   17    4    9    9
 9.67915141435359e-11   17    4   10    1
 3.665827169570698e-08   17    4   10    2
 2.494016840148568e-08   17    4   10    3
 7.825288977395203e-08   17    4   10    4
 -1.404402584552588e-08   17    4   10    5
 9.448194127619646e-08   17    4   10    6
 0.001393576432614195   17    4   10    7
 7.939959483886439e-08   17    4   10    8
 -3.95466177233943e-09   17    4   10    9
 -0.008226334157538135   17    4   10   10
 -2.39367269907274e-10   17    4   11    1
 -9.489578999896089e-09   17    4   11    2
 5.190015276811244e-08   17    4   11    3
 9.576900397401785e-08   17    4   11    4
 1.748586382414768e-08   17    4   11    5
 -4.749316426423772e-07   17    4   11    6
 -0.007464529013634096   17    4   11    7
 -4.059011421049048e-07   17    4   11    8
 8.324425183389165e-08   17    4   11    9
 -0.02122318088034045   17    4   11   10
 -0.009884263615112215   17    4   11   11
 0.0002305428311547426   17    4   12    1
 -0.0003993584509590361   17    4   12    2
 -0.001574670366993998   17    4   12    3
 0.009737700378740034   17    4   12    4
 -0.005429293864238197   17    4   12    5
 0.01135229621334975   17    4   12    6
 -8.401470245258347e-07   17    4   12    7
 0.002685235169166219   17    4   12    8
 0.003704075103983786   17    4   12    9
 -1.060974384846813e-08   17    4   12   10
 6.163977147066715e-08   17    4   12   11
 -0.009945673279027255   17    4   12   12
 4.151275486448505e-05   17    4   13    1
 0.005950540447872644   17    4   13    2
 -0.007232069520565939   17    4   13    3
 -0.009558551244440241   17    4   13    4
 0.01282198464086905   17    4   13    5
 -0.004297183642860499   17    4   13    6
 5.592379375214525e-07   17    4   13    7
 0.003392319246547972   17    4   13    8
 -0.007409800338357197   17    4   13    9
 -2.757577604850724e-07   17    4   13   10
 2.874744009792466e-08   17    4   13   11
 -0.008966039129454151   17    4   13   12
 -0.03301073777470763   17    4   13   13
 -0.0008814133080251731   17    4   14    1
 0.01425628411486111   17    4   14    2
 0.00148855831069398   17    4   14    3
 -0.000858327311634329   17    4   14    4
 -0.002974052961741352   17    4   14    5
 0.006859099931630845   17    4   14    6
 -6.083180456125688e-07   17    4   14    7
 0.00320433727060384   17    4   14    8
 0.000938416016151168   17    4   14    9
 1.117555568578806e-08   17    4   14   10
 -1.452490260430606e-09   17    4   14   11
 0.0004451098266187652   17    4   14   12
 -0.000337888881250154   17    4   14   13
 0.002596165849662335   17    4   14   14
 3.044711310773609e-07   17    4   15    1
 1.891505553999834e-06   17    4   15    2
 -6.341207719951852e-06   17    4   15    3
 1.372476614257644e-06   17    4   15    4
 -2.287803054427682e-06   17    4   15    5
 6.328129636283263e-06   17    4   15    6
 -0.02011345366461405   17    4   15    7
 -4.344272860150663e-06   17    4   15    8
 -6.511452430850478e-06   17    4   15    9
 0.009141559544411792   17    4   15   10
 0.00149801091238345   17    4   15   11
 -3.138754475517323e-06   17    4   15   12
 -3.248957826512645e-06   17    4   15   13
 7.096027184092518e-07   17    4   15   14
 -0.02800795817902086   17    4   15   15
 -0.0007279019099135417   17    4   16    1
 -0.004118703027210548   17    4   16    2
 0.01447828646548362   17    4   16    3
 -0.003243709605533304   17    4   16    4
 0.006881746951757251   17    4   16    5
 -0.01808570433141676   17    4   16    6
 -7.69468008540346e-06   17    4   16    7
 0.008270073991941745   17    4   16    8
 0.01505408126545375   17    4   16    9
 3.861142181399118e-06   17    4   16   10
 5.979708363320599e-07   17    4   16   11
 0.007361951906254853   17    4   16   12
 0.007146731996191501   17    4   16   13
 -0.00214188426431257   17    4   16   14
 -5.579062186650014e-06   17    4   16   15
 -0.01440566166910255   17    4   16   16
 -3.031052347808571e-05   17    4   17    1
 0.01199005302757614   17    4   17    2
 -0.01636202120251358   17    4   17    3
 0.02040842676119397   17    4   17    4
 -0.002332338023896391   17    5    1    1
 0.000150403469051549   17    5    2    1
 0.001003696495435852   17    5    2    2
 2.948002974694553e-05   17    5    3    1
 0.008028312911369871   17    5    3    2
 -0.006436937826413244   17    5    3    3
 0.0002749977532761415   17    5    4    1
 -0.005551681272187257   17    5    4    2
 0.002294325620613318   17    5    4    3
 -0.005976387682497487   17    5    4    4
 -0.0002710998285124768   17    5    5    1
 0.000395324562456318   17    5    5    2
 0.001647700532507555   17    5    5    3
 0.00283287888994116   17    5    5    4
 -0.005819777980416909   17    5    5    5
 -0.0002389095987358717   17    5    6    1
 0.004686189337296629   17    5    6    2
 0.005478461454492719   17    5    6    3
 -0.01181452543980757   17    5    6    4
 0.0031149485263799   17    5    6    5
 -0.006052158425922769   17    5    6    6
 2.174772894467153e-08   17    5    7    1
 -4.037040951845975e-08   17    5    7    2
 -2.94312098316074e-07   17    5    7    3
 9.688008368807557e-07   17    5    7    4
 -9.48650043566211e-08   17    5    7    5
 3.95421130683327e-07   17    5    7    6
 0.004288572449887158   17    5    7    7
 -0.0001766733980539951   17    5    8    1
 -0.002396918536463016   17    5    8    2
 -0.004331276898555001   17    5    8    3
 -0.003364114115404747   17    5    8    4
 -0.003571397383957419   17    5    8    5
 0.005571443966609906   17    5    8    6
 -6.715790227652281e-08   17    5    8    7
 -0.002428208582497485   17    5    8    8
 0.0004919318943636217   17    5    9    1
 0.00441702803612973   17    5    9    2
 -0.0005453050039594142   17    5    9    3
 -0.001187732341415773   17    5    9    4
 0.001232072830171544   17    5    9    5
 0.01090910375590222   17    5    9    6
 -6.103444904825419e-07   17    5    9    7
 -0.0009478394166918713   17    5    9    8
 -0.00921178135606514   17    5    9    9
 -4.743724429732372e-09   17    5   10    1
 -2.215352041801507e-08   17    5   10    2
 1.319548006164906e-08   17    5   10    3
 -3.274878242309467e-08   17    5   10    4
 1.172116798250367e-08   17    5   10    5
 -1.267682810887527e-07   17    5   10    6
 -0.001609670140329079   17    5   10    7
 -7.972727452907902e-08   17    5   10    8
 1.494533181154112e-08   17    5   10    9
 0.007195170233461576   17    5   10   10
 -5.126237903624649e-09   17    5   11    1
 5.961754196467108e-09   17    5   11    2
 -5.533778214010829e-08   17    5   11    3
 -5.023966170497661e-08   17    5   11    4
 5.862404835827552e-08   17    5   11    5
 -3.869434959014093e-07   17    5   11    6
 -0.005750864066141824   17    5   11    7
 -3.801874572220788e-07   17    5   11    8
 3.107051011966303e-08   17    5   11    9
 -0.006909899059871639   17    5   11   10
 0.007981024586851815   17    5   11   11
 -0.0005866911238828058   17    5   12    1
 -0.008140317091333034   17    5   12    2
 0.002893071664919219   17    5   12    3
 -0.001734609290734737   17    5   12    4
 0.004948150348700326   17    5   12    5
 0.003884528645546568   17    5   12    6
 8.871211405464011e-08   17    5   12    7
 -0.004924838645170134   17    5   12    8
 -0.001298859609116853   17    5   12    9
 -1.12356254369985e-10   17    5   12   10
 -6.27724592216009e-09   17    5   12   11
 -0.01012140394162278   17    5   12   12
 -0.0001792589340034479   17    5   13    1
 0.00882509523303706   17    5   13    2
 -0.008740654360390565   17    5   13    3
 0.009362241650970172   17    5   13    4
 0.005491896280187185   17    5   13    5
 0.001573335634145034   17    5   13    6
 1.009087998289841e-07   17    5   13    7
 0.008209968850506115   17    5   13    8
 -0.00111716790902468   17    5   13    9
 -2.512276590136742e-07   17    5   13   10
 -4.479569879748778e-10   17    5   13   11
 0.001704471849057307   17    5   13   12
 -0.01286508491305124   17    5   13   13
 -0.0001012726671642097   17    5   14    1
 0.01309788010037798   17    5   14    2
 -0.0004742904835299724   17    5   14    3
 -0.004357162447789041   17    5   14    4
 -0.004520840916461609   17    5   14    5
 -0.003452365174199072   17    5   14    6
 -1.888840513952148e-07   17    5   14    7
 0.005369596472422684   17    5   14    8
 -0.007668875089327308   17    5   14    9
 1.951654543194958e-08   17    5   14   10
 -6.025121047472766e-09   17    5   14   11
 0.004962526382316532   17    5   14   12
 0.00402576698130648   17    5   14   13
 0.006052007926318796   17    5   14   14
 8.057460486876669e-08   17    5   15    1
 -3.309876389116353e-10   17    5   15    2
 1.804845577536955e-06   17    5   15    3
 -5.715126102829481e-07   17    5   15    4
 -2.084523429233159e-06   17    5   15    5
 -1.517368594251388e-06   17    5   15    6
 -0.02225222486820903   17    5   15    7
 1.976922964839316e-06   17    5   15    8
 -1.275754049558559e-07   17    5   15    9
 0.008135408599024002   17    5   15   10
 0.00341039745450452   17    5   15   11
 -3.604142583578711e-06   17    5   15   12
 -2.896551570424827e-07   17    5   15   13
 -1.099511812645665e-06   17    5   15   14
 0.006015745818525637   17    5   15   15
 -0.0001888576314056441   17    5   16    1
 0.001041569839038065   17    5   16    2
 -0.00571074367281021   17    5   16    3
 0.002383155709039947   17    5   16    4
 0.006376627639803304   17    5   16    5
 0.0002922132142678082   17    5   16    6
 -8.818802372279034e-06   17    5   16    7
 -0.006835840144798768   17    5   16    8
 0.0006200839233782789   17    5   16    9
 3.418964998248243e-06   17    5   16   10
 1.392234786111207e-06   17    5   16   11
 0.008489826142728484   17    5   16   12
 5.052452323669009e-05   17    5   16   13
 0.00272944302196905   17    5   16   14
 1.135210997403094e-05   17    5   16   15
 -0.0206818633836971   17    5   16   16
 1.582766060754402e-06   17    5   17    1
 0.01399007085776957   17    5   17    2
 -0.01442309640372361   17    5   17    3
 0.006087705857156025   17    5   17    4
 0.01937244208645143   17    5   17    5
 -0.0179330303236304   17    6    1    1
 0.0001981159663116865   17    6    2    1
 -0.007687441844540314   17    6    2    2
 0.0002022659627079116   17    6    3    1
 -0.002058462887142974   17    6    3    2
 -0.001829761787637554   17    6    3    3
 0.0002128860128730028   17    6    4    1
 -0.002483066109811072   17    6    4    2
 -0.003845792787349037   17    6    4    3
 -0.005540672760069111   17    6    4    4
 0.0001277012096217367   17    6    5    1
 0.004858221465033319   17    6    5    2
 0.006600898089869175   17    6    5    3
 -0.00676939083188749   17    6    5    4
 -0.006505077165256457   17    6    5    5
 -0.000166089373730736   17    6    6    1
 0.003524672026399897   17    6    6    2
 0.001067069059970639   17    6    6    3
 0.003780802535707554   17    6    6    4
 -0.005721114609933568   17    6    6    5
 0.01325230574216567   17    6    6    6
 5.872802974602752e-09   17    6    7    1
 9.239369793478823e-07   17    6    7    2
 -1.136439036992752e-06   17    6    7    3
 1.570646301264776e-07   17    6    7    4
 1.164817720213268e-06   17    6    7    5
 -1.819027491472968e-06   17    6    7    6
 -0.01096578884723754   17    6    7    7
 -0.000343691324196067   17    6    8    1
 -0.001549481554952154   17    6    8    2
 0.005408966525799227   17    6    8    3
 -0.005018515716105068   17    6    8    4
 0.005594315832892442   17    6    8    5
 -0.007654040192693455   17    6    8    6
 1.395020531124221e-06   17    6    8    7
 -0.006500017533324424   17    6    8    8
 4.243276392136302e-05   17    6    9    1
 0.008555523668728695   17    6    9    2
 0.0004262001852020538   17    6    9    3
 -0.009016721173923584   17    6    9    4
 0.00337373399522529   17    6    9    5
 -0.002144453268674252   17    6    9    6
 -1.272969693875637e-07   17    6    9    7
 0.003218014547939638   17    6    9    8
 -0.000734428900565959   17    6    9    9
 -7.097284305876456e-08   17    6   10    1
 -5.591649894822287e-07   17    6   10    2
 1.56125935224907e-08   17    6   10    3
 -3.069163506795707e-07   17    6   10    4
 -4.052950099952131e-07   17    6   10    5
 2.825147888741345e-07   17    6   10    6
 0.001220446858301798   17    6   10    7
 -3.454346172671741e-07   17    6   10    8
 3.555936255268906e-08   17    6   10    9
 -0.0113789629975611   17    6   10   10
 -8.644629246592291e-08   17    6   11    1
 -3.394525214531349e-07   17    6   11    2
 2.206889757590485e-07   17    6   11    3
 -4.475484150895332e-07   17    6   11    4
 -3.845923598288135e-07   17    6   11    5
 3.189132397489015e-07   17    6   11    6
 0.002163843269540065   17    6   11    7
 -3.161140040423776e-07   17    6   11    8
 2.026471103417725e-08   17    6   11    9
 6.780728206317835e-05   17    6   11   10
 -0.01259622122153949   17    6   11   11
 4.842282352074887e-06   17    6   12    1
 0.004371281173145345   17    6   12    2
 -0.01084708442580607   17    6   12    3
 0.009383237447183028   17    6   12    4
 -0.0001712715110519339   17    6   12    5
 -0.00168026426708334   17    6   12    6
 -3.170241029138725e-07   17    6   12    7
 -0.005654077448308152   17    6   12    8
 -0.004516770289328551   17    6   12    9
 2.651917995408915e-07   17    6   12   10
 1.786863305076377e-07   17    6   12   11
 0.001202302695763393   17    6   12   12
 -0.0001599616318299606   17    6   13    1
 -0.002329789034175312   17    6   13    2
 0.0008043768622860254   17    6   13    3
 -0.003073919440139291   17    6   13    4
 -0.0004866323258902765   17    6   13    5
 -0.008299937983191924   17    6   13    6
 1.29128895243522e-06   17    6   13    7
 -0.002037700999713133   17    6   13    8
 0.003604784539469839   17    6   13    9
 -4.830547619626837e-07   17    6   13   10
 -5.791542237562963e-07   17    6   13   11
 -0.00210600460054178   17    6   13   12
 -0.004961454606145177   17    6   13   13
 -0.0001648546243148797   17    6   14    1
 -0.007788312893699539   17    6   14    2
 -0.0026554152775647   17    6   14    3
 0.008414772536249376   17    6   14    4
 -0.004857810898313043   17    6   14    5
 -0.007292134243685933   17    6   14    6
 1.411317900932959e-06   17    6   14    7
 -0.003838513324530962   17    6   14    8
 -0.01141348963905188   17    6   14    9
 -2.757782587798595e-07   17    6   14   10
 -1.025162797978352e-08   17    6   14   11
 0.008281996542240004   17    6   14   12
 0.001292680596962284   17    6   14   13
 -0.002141458645775676   17    6   14   14
 6.916232199297681e-08   17    6   15    1
 2.240062974812041e-06   17    6   15    2
 -5.172067383832272e-06   17    6   15    3
 4.004712357966944e-06   17    6   15    4
 -2.907129420772871e-06   17    6   15    5
 7.074868481470572e-06   17    6   15    6
 0.008892688600042666   17    6   15    7
 -3.630690879939468e-06   17    6   15    8
 -2.304224621567543e-06   17    6   15    9
 -0.002278756326230876   17    6   15   10
 -0.0007312520188190091   17    6   15   11
 6.315858083523473e-06   17    6   15   12
 -6.547236731731577e-06   17    6   15   13
 -2.373921894578018e-06   17    6   15   14
 -0.01287178847859867   17    6   15   15
 -0.0001177631413384045   17    6   16    1
 -0.009381520049183738   17    6   16    2
 0.01621846772864112   17    6   16    3
 -0.01105881791463972   17    6   16    4
 0.003935438551172677   17    6   16    5
 -0.01434482379214009   17    6   16    6
 4.406212195368533e-06   17    6   16    7
 0.006878821825516703   17    6   16    8
 0.005769526686673835   17    6   16    9
 -9.06455006442389e-07   17    6   16   10
 -2.6751058009651e-07   17    6   16   11
 -0.01347495402579001   17    6   16   12
 0.01254765545717838   17    6   16   13
 0.004444657413891268   17    6   16   14
 -1.221463049108634e-05   17    6   16   15
 0.0149469346427222   17    6   16   16
 2.869038131169968e-05   17    6   17    1
 -0.001872766288283075   17    6   17    2
 -5.675792453712187e-05   17    6   17    3
 0.006380952572469869   17    6   17    4
 -0.00804441181929145   17    6   17    5
 0.02135931254257185   17    6   17    6
 3.275975077454087e-06   17    7    1    1
 -3.527360824948685e-08   17    7    2    1
 9.361286811666865e-07   17    7    2    2
 -5.075025144838092e-08   17    7    3    1
 8.103405557394251e-07   17    7    3    2
 -2.647218276078624e-08   17    7    3    3
 -4.643456747296547e-08   17    7    4    1
 -6.037310164460714e-09   17    7    4    2
 5.10086697175745e-07   17    7    4    3
 8.455840865768295e-07   17    7    4    4
 -3.436111363071649e-08   17    7    5    1
 -4.130250453674366e-07   17    7    5    2
 -3.341967218066993e-07   17    7    5    3
 4.968104256781999e-07   17    7    5    4
 3.028406364549851e-07   17    7    5    5
 -1.324857389722333e-09   17    7    6    1
 1.084366269872756e-06   17    7    6    2
 -1.058444229067505e-06   17    7    6    3
 -2.47920168303404e-07   17    7    6    4
 1.692352880562656e-06   17    7    6    5
 -1.772713467836023e-06   17    7    6    6
 -0.000361034255978137   17    7    7    1
 0.01836906611090069   17    7    7    2
 -0.01572639756413286   17    7    7    3
 0.004519277278924138   17    7    7    4
 0.0184052836750354   17    7    7    5
 -0.01069563577379074   17    7    7    6
 -6.771225055979405e-07   17    7    7    7
 3.357707226700918e-08   17    7    8    1
 8.356613814226974e-07   17    7    8    2
 -1.620335772494159e-06   17    7    8    3
 3.274824933463099e-07   17    7    8    4
 -1.134879033784359e-09   17    7    8    5
 1.397940162099901e-06   17    7    8    6
 0.01905032118562756   17    7    8    7
 2.887539498406682e-06   17    7    8    8
 1.370677791821526e-08   17    7    9    1
 -6.512046382702639e-07   17    7    9    2
 3.652431742348224e-07   17    7    9    3
 4.438701840547774e-07   17    7    9    4
 -8.797629889008905e-09   17    7    9    5
 2.575365186984299e-07   17    7    9    6
 -0.002721503527746558   17    7    9    7
 -1.833397526045952e-07   17    7    9    8
 2.47042084487054e-08   17    7    9    9
 -0.00110794171498986   17    7   10    1
 -0.009562164556828689   17    7   10    2
 0.001143161010595767   17    7   10    3
 -0.005560363241260949   17    7   10    4
 -0.006579042766779127   17    7   10    5
 0.002979020384601717   17    7   10    6
 4.889538621457417e-07   17    7   10    7
 -0.007003162579724807   17    7   10    8
 0.001016092609745603   17    7   10    9
 1.698117046933562e-06   17    7   10   10
 -0.001354789689337674   17    7   11    1
 -0.005574352626248663   17    7   11    2
 0.003459944870314212   17    7   11    3
 -0.007377490671291164   17    7   11    4
 -0.006199277709703294   17    7   11    5
 0.002612255913413794   17    7   11    6
 1.199638650509669e-07   17    7   11    7
 -0.007523910783463684   17    7   11    8
 0.0008165668033830965   17    7   11    9
 -7.655053423901355e-08   17    7   11   10
 1.914363395021786e-06   17    7   11   11
 -2.220053212003538e-08   17    7   12    1
 -4.488567892215661e-07   17    7   12    2
 6.516310464731265e-07   17    7   12    3
 -5.873159586280966e-07   17    7   12    4
 5.673582381239203e-07   17    7   12    5
 -1.389045484795885e-07   17    7   12    6
 -0.01274249450653774   17    7   12    7
 -4.150336615692409e-07   17    7   12    8
 -1.580462747579598e-07   17    7   12    9
 0.004510757977230785   17    7   12   10
 0.003509189580360261   17    7   12   11
 -1.456876294707921e-09   17    7   12   12
 -1.260556979262493e-08   17    7   13    1
 3.191358747914842e-07   17    7   13    2
 3.55231873162575e-07   17    7   13    3
 5.166946561465793e-07   17    7   13    4
 5.601690042900782e-07   17    7   13    5
 1.337516215162655e-06   17    7   13    6
 0.01568472336383678   17    7   13    7
 2.153212520595551e-06   17    7   13    8
 -4.438291723435674e-07   17    7   13    9
 -0.00919437473199178   17    7   13   10
 -0.009592652656123239   17    7   13   11
 -1.217595884577849e-07   17    7   13   12
 9.098056510860441e-07   17    7   13   13
 3.660783942882082e-08   17    7   14    1
 8.868348136831884e-07   17    7   14    2
 2.125656893203135e-07   17    7   14    3
 -9.070067285343537e-07   17    7   14    4
 -2.056635636260281e-07   17    7   14    5
 1.470163936316586e-06   17    7   14    6
 0.01344357768435352   17    7   14    7
 8.492750833676742e-07   17    7   14    8
 5.576948519714526e-07   17    7   14    9
 -0.004932045525120629   17    7   14   10
 -0.0006587457087326221   17    7   14   11
 -2.64326307591375e-07   17    7   14   12
 3.139335139575226e-07   17    7   14   13
 6.990596880229874e-07   17    7   14   14
 0.0003473077235737288   17    7   15    1
 -0.02694090367133556   17    7   15    2
 0.0260953680901907   17    7   15    3
 -0.01031908943674212   17    7   15    4
 -0.01879500787900232   17    7   15    5
 0.008251222917085028   17    7   15    6
 -1.75008714663481e-06   17    7   15    7
 -0.01843860555128088   17    7   15    8
 0.002386054282522278   17    7   15    9
 -3.497182087480377e-07   17    7   15   10
 -9.235965641406931e-07   17    7   15   11
 0.01204737065358264   17    7   15   12
 -0.02211164167661638   17    7   15   13
 -0.01054826456532403   17    7   15   14
 6.014996671856584e-06   17    7   15   15
 1.755436721938399e-07   17    7   16    1
 -1.078759158710016e-05   17    7   16    2
 1.01266372515218e-05   17    7   16    3
 -4.213336669881641e-06   17    7   16    4
 -7.458671731305962e-06   17    7   16    5
 3.932199673876755e-06   17    7   16    6
 0.004066772996067232   17    7   16    7
 -7.977843219674892e-06   17    7   16    8
 8.398874637391534e-07   17    7   16    9
 0.0003892808851123773   17    7   16   10
 0.0003928708810080325   17    7   16   11
 6.004863457937078e-06   17    7   16   12
 -9.900413693305087e-06   17    7   16   13
 -4.682638719967111e-06   17    7   16   14
 -0.01049515092454611   17    7   16   15
 -9.585033206997965e-06   17    7   16   16
 -3.284719568236824e-10   17    7   17    1
 5.140206863503197e-07   17    7   17    2
 -8.325408250190479e-07   17    7   17    3
 -1.816492976051834e-07   17    7   17    4
 2.924721249060045e-07   17    7   17    5
 1.712204380844458e-06   17    7   17    6
 0.04808887183868357   17    7   17    7
 -0.05383649957291255   17    8    1    1
 0.0005351328893839872   17    8    2    1
 -0.01796040355778798   17    8    2    2
 0.0006306827957880402   17    8    3    1
 -0.005314253625412391   17    8    3    2
 -0.02057564423016555   17    8    3    3
 0.0007246319731160736   17    8    4    1
 -0.0005742179905432937   17    8    4    2
 -0.001671335096898412   17    8    4    3
 -0.02233708119505389   17    8    4    4
 0.0002623574066724345   17    8    5    1
 -0.0005312974748063922   17    8    5    2
 -0.006563640093398962   17    8    5    3
 -0.000970650615331976   17    8    5    4
 -0.01623657543869743   17    8    5    5
 -0.0004429516823497926   17    8    6    1
 -0.003133556449565285   17    8    6    2
 0.003743161211803624   17    8    6    3
 -0.004034633437609017   17    8    6    4
 0.001372278560899914   17    8    6    5
 -0.02526772510697478   17    8    6    6
 4.847094210911264e-08   17    8    7    1
 1.067980377734999e-06   17    8    7    2
 -1.480711979999037e-06   17    8    7    3
 3.342395397082843e-07   17    8    7    4
 6.951426617789864e-07   17    8    7    5
 1.388683342189814e-06   17    8    7    6
 0.004599464285877776   17    8    7    7
 -0.0008297274525737188   17    8    8    1
 0.00744093238098313   17    8    8    2
 0.0001068639744718216   17    8    8    3
 0.004756611828673017   17    8    8    4
 0.002629224064389688   17    8    8    5
 -0.003079947331706104   17    8    8    6
 2.81311067875032e-06   17    8    8    7
 -0.02440177592905288   17    8    8    8
 0.0001582291521063033   17    8    9    1
 -0.000129745095999692   17    8    9    2
 -0.0007175689422509221   17    8    9    3
 0.007687120438746157   17    8    9    4
 -0.0007715332073272294   17    8    9    5
 0.004203499059564767   17    8    9    6
 -4.607642028060291e-07   17    8    9    7
 0.001014890928593435   17    8    9    8
 -0.01619678288442889   17    8    9    9
 -7.65683928172299e-08   17    8   10    1
 -6.483335894586235e-07   17    8   10    2
 8.008020225012023e-08   17    8   10    3
 -3.685662156200328e-07   17    8   10    4
 -3.554935744701113e-07   17    8   10    5
 -4.381372009591688e-07   17    8   10    6
 -0.009904753880811971   17    8   10    7
 -9.18435467317546e-07   17    8   10    8
 9.895260245501809e-08   17    8   10    9
 -0.02401311728498529   17    8   10   10
 -9.288397979748551e-08   17    8   11    1
 -3.318369745932378e-07   17    8   11    2
 1.937838482321344e-07   17    8   11    3
 -4.146370777857771e-07   17    8   11    4
 -3.734555382793947e-07   17    8   11    5
 -3.087339088064846e-07   17    8   11    6
 -0.007509691547988117   17    8   11    7
 -7.928635474593673e-07   17    8   11    8
 1.369301575443175e-07   17    8   11    9
 0.0005989070631643964   17    8   11   10
 -0.02662591108582394   17    8   11   11
 -0.0001098371682695172   17    8   12    1
 -0.002190530223400398   17    8   12    2
 0.004095176450112822   17    8   12    3
 0.00182710342476495   17    8   12    4
 -0.01136780214932716   17    8   12    5
 -0.004793566477658236   17    8   12    6
 -6.488000614504257e-07   17    8   12    7
 0.003024592948465262   17    8   12    8
 0.005064264851410789   17    8   12    9
 2.495825314001418e-07   17    8   12   10
 2.328188826032117e-07   17    8   12   11
 -0.01682944618383501   17    8   12   12
 -0.0002156922720395967   17    8   13    1
 0.01037169846219875   17    8   13    2
 -0.01623841910910949   17    8   13    3
 -0.002025320038449005   17    8   13    4
 0.005751539927063478   17    8   13    5
 -0.002519537389788957   17    8   13    6
 1.934044831300121e-06   17    8   13    7
 -0.004226906953414603   17    8   13    8
 -0.006197947361646804   17    8   13    9
 -8.008211947327385e-07   17    8   13   10
 -8.293994705870678e-07   17    8   13   11
 -0.005551849351324137   17    8   13   12
 -0.02149848295896938   17    8   13   13
 -0.0004736608420857729   17    8   14    1
 -0.00235224101199371   17    8   14    2
 -0.004315784324096331   17    8   14    3
 0.008499861029307828   17    8   14    4
 0.008144109091345586   17    8   14    5
 -0.004628684722130504   17    8   14    6
 9.594210041988893e-07   17    8   14    7
 0.002732404663350072   17    8   14    8
 0.001752695711505865   17    8   14    9
 -2.717654512661938e-07   17    8   14   10
 1.195010286276721e-08   17    8   14   11
 -0.002893780371964999   17    8   14   12
 -0.0001026610042668129   17    8   14   13
 -0.01587862160999812   17    8   14   14
 1.867063279192386e-07   17    8   15    1
 -2.304190394160943e-06   17    8   15    2
 1.972132192752424e-06   17    8   15    3
 -4.047464576149836e-06   17    8   15    4
 2.44101651417145e-06   17    8   15    5
 -2.546897625544869e-06   17    8   15    6
 -0.0212915130683354   17    8   15    7
 -4.026804039757251e-06   17    8   15    8
 9.977851930993997e-08   17    8   15    9
 0.009285631649207511   17    8   15   10
 0.009936991078970926   17    8   15   11
 -2.970225553758635e-06   17    8   15   12
 -1.582085502397152e-06   17    8   15   13
 -1.100410395390254e-06   17    8   15   14
 0.008003362332008254   17    8   15   15
 -0.0003945042640708787   17    8   16    1
 0.003126468226839954   17    8   16    2
 -0.00268165207502806   17    8   16    3
 0.008479714770789289   17    8   16    4
 -0.007592295094562992   17    8   16    5
 0.003776300020434964   17    8   16    6
 -9.06700462471343e-06   17    8   16    7
 0.00466806087601854   17    8   16    8
 -0.0001474335477556917   17    8   16    9
 3.889989785455635e-06   17    8   16   10
 4.226286178532474e-06   17    8   16   11
 0.008325747759384336   17    8   16   12
 -0.0001662836198307234   17    8   16   13
 0.00111005301176505   17    8   16   14
 1.492911315870181e-05   17    8   16   15
 -0.02878498740066767   17    8   16   16
 3.852814390479684e-05   17    8   17    1
 0.01698394692473449   17    8   17    2
 -0.008715880584570096   17    8   17    3
 0.006345674028373833   17    8   17    4
 0.01225218348203484   17    8   17    5
 -0.007541630028552813   17    8   17    6
 2.554560232349679e-06   17    8   17    7
 0.02126947740604824   17    8   17    8
 0.005258612612942038   17    9    1    1
 -9.233302048460343e-05   17    9    2    1
 0.001624444246225166   17    9    2    2
 4.32034381790333e-05   17    9    3    1
 0.002599048498817399   17    9    3    2
 -0.0009315087682852822   17    9    3    3
 -0.0002609272830663756   17    9    4    1
 0.002081430823711077   17    9    4    2
 0.0003278150758052758   17    9    4    3
 0.007983072626632689   17    9    4    4
 0.0003807531846130996   17    9    5    1
 0.004310306393458937   17    9    5    2
 -0.001599160273649948   17    9    5    3
 -0.002787597294267285   17    9    5    4
 -0.001246692086529655   17    9    5    5
 0.0001998917272575974   17    9    6    1
 0.007665176982214928   17    9    6    2
 -0.0001552805119661619   17    9    6    3
 -0.006477358929330814   17    9    6    4
 0.004562943145634636   17    9    6    5
 0.0003968228976761431   17    9    6    6
 -6.016862371059987e-09   17    9    7    1
 -6.667190962453067e-07   17    9    7    2
 4.792806627598995e-07   17    9    7    3
 6.621422430336059e-08   17    9    7    4
 -1.580302794410093e-07   17    9    7    5
 -3.471097217226575e-07   17    9    7    6
 -0.003752715415584103   17    9    7    7
 1.19148684820365e-05   17    9    8    1
 0.0008048900670248082   17    9    8    2
 -0.004022774849924437   17    9    8    3
 0.005854982347664064   17    9    8    4
 -0.003810009634603344   17    9    8    5
 0.004229247728155804   17    9    8    6
 -6.006634922646017e-07   17    9    8    7
 0.001813720597944985   17    9    8    8
 -0.0005746889262349011   17    9    9    1
 0.001312351703038535   17    9    9    2
 0.008468866161805972   17    9    9    3
 0.001710406518775355   17    9    9    4
 -0.007158006459953267   17    9    9    5
 0.006033020138781356   17    9    9    6
 -7.477780078867895e-07   17    9    9    7
 0.005293791825683548   17    9    9    8
 0.00568240959775627   17    9    9    9
 1.664148615333128e-08   17    9   10    1
 8.34250377162516e-08   17    9   10    2
 2.557741951888988e-08   17    9   10    3
 7.221633746904965e-08   17    9   10    4
 4.011686555700584e-08   17    9   10    5
 7.251539729264609e-08   17    9   10    6
 0.001685142319471568   17    9   10    7
 1.325002072465652e-07   17    9   10    8
 -8.280903150041168e-09   17    9   10    9
 0.003591137933817045   17    9   10   10
 1.977108144116962e-08   17    9   11    1
 4.274250111349871e-08   17    9   11    2
 2.430929534424362e-08   17    9   11    3
 1.248242718124091e-07   17    9   11    4
 2.654053160804134e-08   17    9   11    5
 2.883294269551717e-09   17    9   11    6
 0.0003163212266372036   17    9   11    7
 1.116848589798558e-07   17    9   11    8
 3.945675663848672e-08   17    9   11    9
 -0.0003812676850275598   17    9   11   10
 0.003710791407310631   17    9   11   11
 0.0007020362837071765   17    9   12    1
 -0.007801783114867744   17    9   12    2
 0.007395745496829667   17    9   12    3
 0.005802175509870647   17    9   12    4
 0.0009978277618812616   17    9   12    5
 -0.002779586857907402   17    9   12    6
 3.720235497690747e-11   17    9   12    7
 0.00394503334860399   17    9   12    8
 0.004487095614290828   17    9   12    9
 -3.304249141517632e-09   17    9   12   10
 4.041637194961361e-08   17    9   12   11
 0.002180767930040515   17    9   12   12
 0.0001744508988944331   17    9   13    1
 -0.006352422762849455   17    9   13    2
 0.004712122631426594   17    9   13    3
 -0.003874633730343209   17    9   13    4
 0.002775143371315801   17    9   13    5
 0.001924613710315519   17    9   13    6
 -5.050225737432557e-08   17    9   13    7
 -0.004278965971254302   17    9   13    8
 -0.008069161688867553   17    9   13    9
 1.237619540663626e-07   17    9   13   10
 1.020635194004539e-07   17    9   13   11
 -0.002227318216920964   17    9   13   12
 0.003288400712774173   17    9   13   13
 5.640433450897826e-05   17    9   14    1
 0.000459369031926894   17    9   14    2
 0.0007592472031362883   17    9   14    3
 0.0001703337147361763   17    9   14    4
 -0.007844377064011029   17    9   14    5
 -0.009041884753868575   17    9   14    6
 3.927026784319539e-07   17    9   14    7
 0.001115446023226209   17    9   14    8
 -0.00420371004480854   17    9   14    9
 8.928268269231209e-09   17    9   14   10
 -1.208319968930194e-08   17    9   14   11
 0.01138101097413739   17    9   14   12
 0.003263917287035828   17    9   14   13
 0.004837257081698253   17    9   14   14
 -9.886274021466116e-08   17    9   15    1
 -1.893819758416952e-06   17    9   15    2
 3.753097827267717e-06   17    9   15    3
 -4.813046483219037e-06   17    9   15    4
 5.240328826602634e-07   17    9   15    5
 -2.089307908578212e-06   17    9   15    6
 -0.000109004123037037   17    9   15    7
 5.254986918264797e-07   17    9   15    8
 -9.432797516183648e-07   17    9   15    9
 -0.001074632130142155   17    9   15   10
 -0.002277291281831993   17    9   15   11
 -4.352065211990952e-06   17    9   15   12
 4.753427473103928e-06   17    9   15   13
 -1.622306706203646e-06   17    9   15   14
 -0.005528649851891614   17    9   15   15
 0.0002231713175749285   17    9   16    1
 0.004050786922015749   17    9   16    2
 -0.008502106385627126   17    9   16    3
 0.01113306893037845   17    9   16    4
 -0.0006988130928056381   17    9   16    5
 0.004805466968516168   17    9   16    6
 -2.89567984036912e-07   17    9   16    7
 -0.001241893664746029   17    9   16    8
 0.002057535457773769   17    9   16    9
 -4.712947339546785e-07   17    9   16   10
 -9.628267913687022e-07   17    9   16   11
 0.01004055070763441   17    9   16   12
 -0.01081280398636767   17    9   16   13
 0.004349724016749309   17    9   16   14
 -3.835112131065456e-07   17    9   16   15
 -0.005128212770009891   17    9   16   16
 3.539096645620057e-05   17    9   17    1
 -0.003898174337944776   17    9   17    2
 0.005179526475952224   17    9   17    3
 -0.005986383582431728   17    9   17    4
 -0.0005734000819654569   17    9   17    5
 -0.006730576380216687   17    9   17    6
 3.492589368072883e-07   17    9   17    7
 -0.001117005675910855   17    9   17    8
 0.01330144769720526   17    9   17    9
 7.744005610030151e-07   17   10    1    1
 -6.170237639118454e-09   17   10    2    1
 1.682847808235113e-07   17   10    2    2
 -1.402631177227532e-08   17   10    3    1
 5.107317884750497e-08   17   10    3    2
 2.987104276492449e-07   17   10    3    3
 -1.373957011766998e-08   17   10    4    1
 2.929446392356853e-08   17   10    4    2
 6.989138422256766e-08   17   10    4    3
 3.225993494450682e-07   17   10    4    4
 -2.61428524862455e-09   17   10    5    1
 7.08571842028684e-09   17   10    5    2
 8.080349236106977e-08   17   10    5    3
 -1.890349082061796e-08   17   10    5    4
 3.266993118621451e-07   17   10    5    5
 -4.607953829356253e-08   17   10    6    1
 -5.328252166023247e-07   17   10    6    2
 1.434651420241458e-07   17   10    6    3
 -2.268206911561919e-07   17   10    6    4
 -4.489775280282645e-07   17   10    6    5
 6.350715716018693e-07   17   10    6    6
 -0.0007691753727733279   17   10    7    1
 -0.0085855994222201   17   10    7    2
 0.003233805570788453   17   10    7    3
 -0.004432991738754495   17   10    7    4
 -0.007050245595869696   17   10    7    5
 0.002998240005985426   17   10    7    6
 3.099140826627468e-07   17   10    7    7
 -4.113170542259932e-08   17   10    8    1
 -6.098985532963763e-07   17   10    8    2
 2.347979274197543e-07   17   10    8    3
 -2.495914461579844e-07   17   10    8    4
 -3.585526355729126e-07   17   10    8    5
 -2.656075584843436e-07   17   10    8    6
 -0.007685244781100931   17   10    8    7
 -4.800623394165932e-07   17   10    8    8
 5.394664914206896e-09   17   10    9    1
 5.062409546779528e-08   17   10    9    2
 -5.785123589901433e-08   17   10    9    3
 3.127923410895693e-08   17   10    9    4
 -6.130930273242642e-08   17   10    9    5
 1.115689667721187e-08   17   10    9    6
 0.001632405487741816   17   10    9    7
 9.671878659307974e-08   17   10    9    8
 3.021495688768254e-07   17   10    9    9
 -0.00234830264555129   17   10   10    1
 -0.004533033747397132   17   10   10    2
 -0.009980334628431802   17   10   10    3
 -0.002606469918091107   17   10   10    4
 0.003145924626269744   17   10   10    5
 -0.002545805383892743   17   10   10    6
 2.407213706072445e-07   17   10   10    7
 0.002290118187953489   17   10   10    8
 -4.694305009474925e-05   17   10   10    9
 3.359039914646047e-07   17   10   10   10
 -0.002897179334734781   17   10   11    1
 0.007316493179806564   17   10   11    2
 -0.004384156287385581   17   10   11    3
 -0.008143677888715313   17   10   11    4
 -0.0007895197503934966   17   10   11    5
 3.90240968920488e-05   17   10   11    6
 1.855184058584948e-07   17   10   11    7
 -0.0003571204611653221   17   10   11    8
 -0.0002240377215014965   17   10   11    9
 1.924007032524871e-07   17   10   11   10
 4.572854281241881e-07   17   10   11   11
 -5.43377824765154e-09   17   10   12    1
 4.442408455688346e-08   17   10   12    2
 -5.305107908838312e-08   17   10   12    3
 -4.68873745958041e-08   17   10   12    4
 7.876934675132846e-08   17   10   12    5
 2.659274769771823e-07   17   10   12    6
 0.004451790969561363   17   10   12    7
 2.512292334934907e-07   17   10   12    8
 -1.853644399196317e-08   17   10   12    9
 -0.0008887606040737228   17   10   12   10
 -0.001833889481191764   17   10   12   11
 3.158855916591733e-07   17   10   12   12
 -4.806997620355591e-08   17   10   13    1
 -2.469933491512253e-07   17   10   13    2
 1.874865999653585e-07   17   10   13    3
 -1.276340107415591e-07   17   10   13    4
 -2.069759974829026e-07   17   10   13    5
 -3.202625787404203e-07   17   10   13    6
 -0.007794167518523729   17   10   13    7
 -6.292622711685769e-07   17   10   13    8
 8.050417031343399e-08   17   10   13    9
 -0.002893796026367902   17   10   13   10
 -0.003797747810085921   17   10   13   11
 1.609913225434753e-07   17   10   13   12
 -9.199412456969503e-08   17   10   13   13
 1.37398427465778e-08   17   10   14    1
 -3.343800594458002e-08   17   10   14    2
 5.526304546591671e-08   17   10   14    3
 -4.916889524774014e-08   17   10   14    4
 -2.74474705572785e-09   17   10   14    5
 -2.475638435631816e-07   17   10   14    6
 -0.004644089531183949   17   10   14    7
 -2.551962257277732e-07   17   10   14    8
 1.096454243666672e-08   17   10   14    9
 -0.00254707098469269   17   10   14   10
 0.009946396606197056   17   10   14   11
 4.679454186895313e-09   17   10   14   12
 -5.468306486736378e-08   17   10   14   13
 1.567310100287422e-07   17   10   14   14
 0.0008645779823555638   17   10   15    1
 0.008532165610365013   17   10   15    2
 -0.007165925291879181   17   10   15    3
 0.005598536181066498   17   10   15    4
 0.00673865486154556   17   10   15    5
 -0.003425652808704681   17   10   15    6
 1.3776533309556e-07   17   10   15    7
 0.006844215679629407   17   10   15    8
 -0.0003956769539198969   17   10   15    9
 -2.019595545474397e-06   17   10   15   10
 -2.191540272627955e-06   17   10   15   11
 -0.004540397555436371   17   10   15   12
 0.009319183127539207   17   10   15   13
 0.002521694649013191   17   10   15   14
 -7.132618832356342e-07   17   10   15   15
 3.835648684114269e-07   17   10   16    1
 3.527336889352749e-06   17   10   16    2
 -3.005705366747627e-06   17   10   16    3
 2.344971908349885e-06   17   10   16    4
 2.80044497794551e-06   17   10   16    5
 -1.356207859043935e-06   17   10   16    6
 -0.0002602126670745555   17   10   16    7
 2.779158471105432e-06   17   10   16    8
 -2.056199691441161e-07   17   10   16    9
 0.00445168501132369   17   10   16   10
 0.004777334969771345   17   10   16   11
 -1.9226664091998e-06   17   10   16   12
 3.851923435849012e-06   17   10   16   13
 1.025519974039634e-06   17   10   16   14
 0.001902446840979926   17   10   16   15
 1.910209266039905e-06   17   10   16   16
 -5.868871072842373e-10   17   10   17    1
 -3.79119565635065e-07   17   10   17    2
 3.262346807293171e-07   17   10   17    3
 -1.678057706755268e-07   17   10   17    4
 -1.283121038466949e-07   17   10   17    5
 -7.912168861260168e-07   17   10   17    6
 -0.01450164400121176   17   10   17    7
 -1.021184210225521e-06   17   10   17    8
 5.139131365417156e-08   17   10   17    9
 0.008967075104564728   17   10   17   10
 9.924528363353499e-07   17   11    1    1
 -9.312749699839714e-09   17   11    2    1
 2.384283541321949e-08   17   11    2    2
 -2.213642844110499e-08   17   11    3    1
 2.920762560342391e-07   17   11    3    2
 -1.991412261548323e-08   17   11    3    3
 -1.793570596706885e-08   17   11    4    1
 -7.59006495031828e-08   17   11    4    2
 2.708734189044592e-07   17   11    4    3
 2.968590544566804e-07   17   11    4    4
 -1.151336780116009e-08   17   11    5    1
 -8.631462094951464e-08   17   11    5    2
 -3.436427831347243e-08   17   11    5    3
 -3.631850268295984e-08   17   11    5    4
 2.504109580957602e-07   17   11    5    5
 -5.401854929030892e-08   17   11    6    1
 -6.795797685644513e-07   17   11    6    2
 5.931595794488513e-07   17   11    6    3
 -5.957278818384074e-07   17   11    6    4
 -4.070272495297058e-07   17   11    6    5
 4.297540296905797e-07   17   11    6    6
 -0.0008816348266416985   17   11    7    1
 -0.01062262824141446   17   11    7    2
 0.009133087382354337   17   11    7    3
 -0.00726558544816247   17   11    7    4
 -0.008334745269396055   17   11    7    5
 0.003296099827746279   17   11    7    6
 -1.294840004926956e-07   17   11    7    7
 -4.294621171189657e-08   17   11    8    1
 -7.260468955122999e-07   17   11    8    2
 5.162384438093498e-07   17   11    8    3
 -3.433990969243869e-07   17   11    8    4
 -6.443533448253402e-07   17   11    8    5
 -1.6863112204848e-07   17   11    8    6
 -0.008292701584627507   17   11    8    7
 -6.656027827183452e-07   17   11    8    8
 1.491186936583372e-08   17   11    9    1
 7.432231132984698e-08   17   11    9    2
 -2.92579297832966e-08   17   11    9    3
 2.58370601970227e-07   17   11    9    4
 -4.412082299724634e-08   17   11    9    5
 1.372828914907925e-07   17   11    9    6
 0.001150954160475141   17   11    9    7
 1.855030495802221e-07   17   11    9    8
 2.520634469819357e-07   17   11    9    9
 -0.002678996282822921   17   11   10    1
 0.007539062669506972   17   11   10    2
 -0.005586813833029598   17   11   10    3
 -0.006972460819084732   17   11   10    4
 0.0001351416176116025   17   11   10    5
 6.343540474173379e-05   17   11   10    6
 2.275977326723856e-07   17   11   10    7
 0.001240335588989552   17   11   10    8
 -0.0005563588027236834   17   11   10    9
 4.149084842038302e-07   17   11   10   10
 -0.00330281554054485   17   11   11    1
 -0.004471875381773761   17   11   11    2
 -0.01004998775877935   17   11   11    3
 -0.002871899634776043   17   11   11    4
 0.003788382033350719   17   11   11    5
 -0.003508982655934968   17   11   11    6
 4.573847808496971e-07   17   11   11    7
 -0.0003163338236462925   17   11   11    8
 -0.0001501276733658966   17   11   11    9
 1.77488500626055e-07   17   11   11   10
 5.688657390210564e-07   17   11   11   11
 -1.702536516614982e-08   17   11   12    1
 1.899145576652431e-08   17   11   12    2
 -2.596942626578941e-08   17   11   12    3
 8.989188981983498e-09   17   11   12    4
 5.088534786729549e-08   17   11   12    5
 2.925320756761662e-07   17   11   12    6
 0.003733317406261403   17   11   12    7
 3.00332186339885e-07   17   11   12    8
 -4.938994711577674e-08   17   11   12    9
 -0.001840449377934221   17   11   12   10
 -0.0007755595202166469   17   11   12   11
 2.800388573904465e-07   17   11   12   12
 -5.861565614512242e-08   17   11   13    1
 -2.28601757238298e-07   17   11   13    2
 1.018009330361294e-07   17   11   13    3
 -1.841991992582558e-08   17   11   13    4
 -5.287539263056971e-09   17   11   13    5
 -3.878803905424794e-07   17   11   13    6
 -0.009429285993581411   17   11   13    7
 -5.778912186053943e-07   17   11   13    8
 -1.149441215328315e-07   17   11   13    9
 -0.002959084314355541   17   11   13   10
 -0.005191831792732476   17   11   13   11
 8.915251407452915e-08   17   11   13   12
 -3.300490264778613e-07   17   11   13   13
 1.833987325650942e-08   17   11   14    1
 1.332210833795576e-08   17   11   14    2
 2.671185307923772e-09   17   11   14    3
 -2.05906507480572e-08   17   11   14    4
 -1.289804328234698e-08   17   11   14    5
 -5.239619692583484e-08   17   11   14    6
 -0.001741834960869654   17   11   14    7
 -5.725642931409389e-08   17   11   14    8
 3.162621323771573e-08   17   11   14    9
 0.009217039913890179   17   11   14   10
 -0.00327586272975646   17   11   14   11
 2.306523648012527e-08   17   11   14   12
 -1.948772893248845e-07   17   11   14   13
 2.108911564861297e-07   17   11   14   14
 0.000977793806120848   17   11   15    1
 0.006852565989328843   17   11   15    2
 -0.001730435188391978   17   11   15    3
 0.00309071461978299   17   11   15    4
 0.006584294500614258   17   11   15    5
 -0.003676818602239275   17   11   15    6
 2.519731595796598e-07   17   11   15    7
 0.008064557475060881   17   11   15    8
 -0.00114400276079964   17   11   15    9
 -2.095726233030301e-06   17   11   15   10
 -2.662856612403059e-06   17   11   15   11
 -0.005657581724868397   17   11   15   12
 0.007602237215488741   17   11   15   13
 0.005584063569603582   17   11   15   14
 3.764157429990708e-07   17   11   15   15
 4.342411565768665e-07   17   11   16    1
 2.808029634298981e-06   17   11   16    2
 -6.625398313361373e-07   17   11   16    3
 1.217021077253561e-06   17   11   16    4
 2.743953058259577e-06   17   11   16    5
 -1.645776337111612e-06   17   11   16    6
 -0.001504020195894854   17   11   16    7
 3.257161931668563e-06   17   11   16    8
 -4.307050443955805e-07   17   11   16    9
 0.004564174466934382   17   11   16   10
 0.0059227338587513   17   11   16   11
 -2.113341759784697e-06   17   11   16   12
 3.038179802377711e-06   17   11   16   13
 2.371328106172156e-06   17   11   16   14
 4.919015834719757e-05   17   11   16   15
 2.410408427181718e-08   17   11   16   16
 -1.802316092893051e-10   17   11   17    1
 -1.331949043122435e-07   17   11   17    2
 2.974713516614627e-08   17   11   17    3
 -2.364847815112247e-08   17   11   17    4
 -8.000653789184529e-08   17   11   17    5
 -5.962093603450738e-07   17   11   17    6
 -0.0113004173709363   17   11   17    7
 -8.029488153442174e-07   17   11   17    8
 5.63537726420883e-08   17   11   17    9
 0.005136392606665173   17   11   17   10
 0.009417056516142259   17   11   17   11
 0.004810127994845116   17   12    1    1
 0.0002230278022203764   17   12    2    1
 -0.008336229864599858   17   12    2    2
 -0.0003437793798944634   17   12    3    1
 0.01962920376873154   17   12    3    2
 -0.01382850910819348   17   12    3    3
 0.0004064935796073372   17   12    4    1
 -0.0008203889388187244   17   12    4    2
 -8.237419353171026e-05   17   12    4    3
 0.01357825598400179   17   12    4    4
 -0.001149328630111999   17   12    5    1
 -0.0229690038629963   17   12    5    2
 0.003174221650468481   17   12    5    3
 -0.007109760520082812   17   12    5    4
 0.003972372065830762   17   12    5    5
 -0.0006720507034866167   17   12    6    1
 0.006459974458347535   17   12    6    2
 -0.02315953229082816   17   12    6    3
 0.006616803739967699   17   12    6    4
 0.005759207728956068   17   12    6    5
 -0.002293059236949754   17   12    6    6
 5.36575842472089e-08   17   12    7    1
 -3.844565807299134e-07   17   12    7    2
 1.330803282067151e-06   17   12    7    3
 -9.655553356111929e-08   17   12    7    4
 7.792941270681406e-07   17   12    7    5
 -2.065464762728876e-06   17   12    7    6
 -0.04077558982368248   17   12    7    7
 -0.0003126622757522907   17   12    8    1
 -0.008239950312560796   17   12    8    2
 0.006626548804559198   17   12    8    3
 -0.006017556328881931   17   12    8    4
 -0.01672540767631094   17   12    8    5
 -0.002892506864880397   17   12    8    6
 -1.951678058671588e-06   17   12    8    7
 -0.002909312795752973   17   12    8    8
 0.00168103382701711   17   12    9    1
 -0.01351592861605932   17   12    9    2
 0.01357199715989058   17   12    9    3
 0.01637306272537568   17   12    9    4
 0.006314083997674775   17   12    9    5
 0.0003801522142993332   17   12    9    6
 -5.13903568345521e-07   17   12    9    7
 0.01173624950872083   17   12    9    8
 0.005175828876509431   17   12    9    9
 1.363607379443541e-09   17   12   10    1
 9.087114780868809e-08   17   12   10    2
 -5.949120303589351e-08   17   12   10    3
 2.290209906204274e-08   17   12   10    4
 -1.98690870087229e-08   17   12   10    5
 7.375828879137259e-07   17   12   10    6
 0.01230353253036842   17   12   10    7
 6.982972522419194e-07   17   12   10    8
 -5.377598713078445e-08   17   12   10    9
 0.002454419863856928   17   12   10   10
 3.318690567806522e-09   17   12   11    1
 7.077189792252973e-08   17   12   11    2
 -4.391036060682545e-08   17   12   11    3
 5.140279418486327e-08   17   12   11    4
 -2.340030238621788e-08   17   12   11    5
 2.443855402585418e-07   17   12   11    6
 0.004546260452322048   17   12   11    7
 2.77354087015949e-07   17   12   11    8
 4.414976018710174e-08   17   12   11    9
 -0.006214661602317683   17   12   11   10
 0.003015744072239529   17   12   11   11
 -0.001926951567208317   17   12   12    1
 -0.00336789856597952   17   12   12    2
 0.005852481087708528   17   12   12    3
 0.003957483325648591   17   12   12    4
 -0.0099850833293191   17   12   12    5
 0.01483382871300039   17   12   12    6
 -1.405360488166002e-06   17   12   12    7
 0.008293114103847506   17   12   12    8
 -0.00525279017933293   17   12   12    9
 2.632548178182784e-08   17   12   12   10
 1.646216537130083e-07   17   12   12   11
 0.002240586367442602   17   12   12   12
 -0.0008034353795424731   17   12   13    1
 -0.003994366798129007   17   12   13    2
 0.006651411953587339   17   12   13    3
 -0.01064917479001767   17   12   13    4
 0.005360599463580949   17   12   13    5
 -0.001950706341495325   17   12   13    6
 -2.919275985278703e-07   17   12   13    7
 0.00241971426152641   17   12   13    8
 -0.006416847145691376   17   12   13    9
 1.580177711207038e-07   17   12   13   10
 2.686686362845725e-07   17   12   13   11
 -0.009207732500760553   17   12   13   12
 -0.009696666439039707   17   12   13   13
 -8.8987889671853e-05   17   12   14    1
 -6.593503551944875e-05   17   12   14    2
 -0.00025335958402308   17   12   14    3
 -0.0006699879025314398   17   12   14    4
 0.004539303790775012   17   12   14    5
 0.00657374670129116   17   12   14    6
 -2.156159191021616e-07   17   12   14    7
 -0.002769166486113412   17   12   14    8
 0.01201520241620088   17   12   14    9
 4.201676962255557e-09   17   12   14   10
 -9.304131782282325e-09   17   12   14   11
 -0.003088562429294362   17   12   14   12
 -0.008165591252355865   17   12   14   13
 0.005444136609693895   17   12   14   14
 1.734305312115064e-07   17   12   15    1
 -3.866591295263289e-06   17   12   15    2
 1.243600911854034e-06   17   12   15    3
 2.433174905476839e-06   17   12   15    4
 -2.468251805886022e-06   17   12   15    5
 7.840144521335692e-06   17   12   15    6
 0.006918345230818885   17   12   15    7
 -4.031985291329275e-06   17   12   15    8
 -5.447502742028094e-06   17   12   15    9
 -0.005401935768958917   17   12   15   10
 -0.01013231132545443   17   12   15   11
 -6.849813156185503e-06   17   12   15   12
 1.2954609933902e-06   17   12   15   13
 4.021306934333948e-06   17   12   15   14
 -0.04185278805843468   17   12   15   15
 -0.0004241708949057576   17   12   16    1
 0.009165661095154357   17   12   16    2
 -0.002702065431350608   17   12   16    3
 -0.006287688010308916   17   12   16    4
 0.005893568690335421   17   12   16    5
 -0.01780123638741418   17   12   16    6
 3.429781457961021e-06   17   12   16    7
 0.01062356239990316   17   12   16    8
 0.01248806286511709   17   12   16    9
 -2.258042765049328e-06   17   12   16   10
 -4.244234091189691e-06   17   12   16   11
 0.01689311746533247   17   12   16   12
 -0.00182544015218199   17   12   16   13
 -0.01070240355480855   17   12   16   14
 -2.09063859070163e-05   17   12   16   15
 0.007530734360137021   17   12   16   16
 8.251309838535119e-05   17   12   17    1
 0.0005200687297536225   17   12   17    2
 -0.003372884552292519   17   12   17    3
 0.001725285939304962   17   12   17    4
 -0.007869564004353792   17   12   17    5
 -0.001784001860633046   17   12   17    6
 2.038585944952136e-07   17   12   17    7
 -0.006363319273627802   17   12   17    8
 0.003944226502262793   17   12   17    9
 1.361652227114165e-07   17   12   17   10
 1.729413428982587e-07   17   12   17   11
 0.02810047983448724   17   12   17   12
 -0.1090711642018782   17   13    1    1
 0.001200676158295311   17   13    2    1
 0.006323047462106658   17   13    2    2
 0.001671679567053021   17   13    3    1
 -0.03581609596842986   17   13    3    2
 -0.008086514701808413   17   13    3    3
 0.001707699571046691   17   13    4    1
 0.01287305988617114   17   13    4    2
 -0.03053941678258745   17   13    4    3
 -0.03470948510770093   17   13    4    4
 0.0009261180277010211   17   13    5    1
 0.02389922797847552   17   13    5    2
 -0.02743009059954794   17   13    5    3
 0.0174828083462093   17   13    5    4
 -0.01209470067132786   17   13    5    5
 -0.0008343995614027138   17   13    6    1
 -0.006906997961517802   17   13    6    2
 0.003043111837727526   17   13    6    3
 0.006609101841562674   17   13    6    4
 -0.01188605044478865   17   13    6    5
 -0.0161902342560247   17   13    6    6
 1.361081362126734e-07   17   13    7    1
 2.942512566787996e-07   17   13    7    2
 -4.46306616094886e-07   17   13    7    3
 5.204179479489911e-08   17   13    7    4
 -1.945246604376404e-07   17   13    7    5
 4.378442554748036e-06   17   13    7    6
 0.04992512322986076   17   13    7    7
 -0.001818859408578295   17   13    8    1
 0.03269195054543863   17   13    8    2
 -0.02594952358504829   17   13    8    3
 0.001470262648817581   17   13    8    4
 0.02659413923823414   17   13    8    5
 -0.01525813128030954   17   13    8    6
 5.830493562826547e-06   17   13    8    7
 -0.02506563454774639   17   13    8    8
 -3.558611052234935e-05   17   13    9    1
 -0.01246395137732566   17   13    9    2
 0.008618821228104874   17   13    9    3
 -0.01737504339274108   17   13    9    4
 0.009686594641319501   17   13    9    5
 -0.003931650043878792   17   13    9    6
 5.21221325750094e-07   17   13    9    7
 -0.009832262724620925   17   13    9    8
 -0.03523331834529077   17   13    9    9
 -5.970076702859204e-08   17   13   10    1
 -5.597969610845061e-07   17   13   10    2
 3.207657035575891e-07   17   13   10    3
 -3.24097594902233e-07   17   13   10    4
 -1.833040739895313e-07   17   13   10    5
 -1.724799761627776e-06   17   13   10    6
 -0.03061270949356612   17   13   10    7
 -1.954893686968664e-06   17   13   10    8
 1.442039220906027e-07   17   13   10    9
 -0.0363160983460029   17   13   10   10
 -7.273177037346402e-08   17   13   11    1
 -2.959291414843478e-07   17   13   11    2
 7.156010956683306e-08   17   13   11    3
 -1.946582906747182e-07   17   13   11    4
 -6.902965142090141e-08   17   13   11    5
 -1.136077907760271e-06   17   13   11    6
 -0.02074901590134882   17   13   11    7
 -1.391961162673481e-06   17   13   11    8
 2.021970850695931e-08   17   13   11    9
 -0.01118104090762649   17   13   11   10
 -0.04449658293379809   17   13   11   11
 0.0002781250219679042   17   13   12    1
 -0.003157426184616883   17   13   12    2
 0.003243074192875798   17   13   12    3
 -0.01114412449683044   17   13   12    4
 -0.008936931576998762   17   13   12    5
 -0.01220433815873004   17   13   12    6
 6.529255584909916e-07   17   13   12    7
 -0.006415570419244795   17   13   12    8
 0.009604512471821605   17   13   12    9
 1.302779834423819e-07   17   13   12   10
 2.610370439175746e-08   17   13   12   11
 -0.02782368380534312   17   13   12   12
 7.454602329254849e-05   17   13   13    1
 -0.00624884002518955   17   13   13    2
 0.0004972102773105145   17   13   13    3
 -0.01610803966158199   17   13   13    4
 -0.009723003695196793   17   13   13    5
 -0.01149719353879363   17   13   13    6
 2.554408865388778e-06   17   13   13    7
 -0.01375109363459572   17   13   13    8
 0.01513620669201989   17   13   13    9
 -7.5696701423339e-07   17   13   13   10
 -8.210070070336734e-07   17   13   13   11
 0.001870142965480119   17   13   13   12
 -0.02002239421200751   17   13   13   13
 -0.001096056302654077   17   13   14    1
 -0.001517430492176606   17   13   14    2
 0.002969339311177384   17   13   14    3
 0.001848820945675905   17   13   14    4
 0.005719705334824202   17   13   14    5
 -0.002292416283675541   17   13   14    6
 5.78404619299991e-07   17   13   14    7
 -0.001224879942932559   17   13   14    8
 0.002298265982921187   17   13   14    9
 -1.77598069665695e-08   17   13   14   10
 -7.272833015601454e-08   17   13   14   11
 -0.009904113951663117   17   13   14   12
 0.01404990420801416   17   13   14   13
 -0.02164732671805443   17   13   14   14
 4.202528097950506e-07   17   13   15    1
 -2.518589262654375e-06   17   13   15    2
 1.141852150650445e-06   17   13   15    3
 -7.800238766279631e-06   17   13   15    4
 3.414790417670986e-07   17   13   15    5
 -8.712774845844012e-06   17   13   15    6
 -0.02160758418860362   17   13   15    7
 -3.195625095324926e-06   17   13   15    8
 7.540447923025382e-06   17   13   15    9
 0.01541796024217685   17   13   15   10
 0.02093475260638665   17   13   15   11
 9.904844206325895e-06   17   13   15   12
 -5.200988973113101e-06   17   13   15   13
 2.150410581455821e-06   17   13   15   14
 0.04712549888380445   17   13   15   15
 -0.0009513600040314391   17   13   16    1
 0.00433560375665411   17   13   16    2
 -0.001566336436101695   17   13   16    3
 0.01743408033150264   17   13   16    4
 -0.002441748137720913   17   13   16    5
 0.01769168317798015   17   13   16    6
 -9.849284612070194e-06   17   13   16    7
 0.002863834575561179   17   13   16    8
 -0.01681967004536829   17   13   16    9
 6.433674215025652e-06   17   13   16   10
 8.83657953864981e-06   17   13   16   11
 -0.02276274169931044   17   13   16   12
 0.009319998969635538   17   13   16   13
 -0.004995868765192766   17   13   16   14
 2.541153790963469e-05   17   13   16   15
 -0.01369955727801727   17   13   16   16
 8.573048354159798e-06   17   13   17    1
 -0.006104710147028555   17   13   17    2
 0.01221020683084126   17   13   17    3
 -0.007176034954466756   17   13   17    4
 -1.171818937555719e-05   17   13   17    5
 -0.009227470802058416   17   13   17    6
 1.777317386129292e-06   17   13   17    7
 0.005513256322380073   17   13   17    8
 0.00453213117724206   17   13   17    9
 -6.028239836736373e-07   17   13   17   10
 -7.548550601970717e-07   17   13   17   11
 -0.01502730764916048   17   13   17   12
 0.05619470190272368   17   13   17   13
 0.01841232266518226   17   14    1    1
 -0.0006735671247171558   17   14    2    1
 -0.02348306736620826   17   14    2    2
 -0.0004275343810234304   17   14    3    1
 -0.05701632330786652   17   14    3    2
 0.03053713630097091   17   14    3    3
 -0.0004412585361902376   17   14    4    1
 0.04122292959902277   17   14    4    2
 -0.002708018111469849   17   14    4    3
 -0.002745223349545096   17   14    4    4
 -0.0002827973490243216   17   14    5    1
 0.04173928355394954   17   14    5    2
 -0.002569926192109664   17   14    5    3
 -0.01482065636755808   17   14    5    4
 -0.01454987129514371   17   14    5    5
 0.0007409950716817095   17   14    6    1
 -0.02274035213817251   17   14    6    2
 -0.005970680968528231   17   14    6    3
 0.03939149097356776   17   14    6    4
 -0.02945947745520449   17   14    6    5
 -0.009328237083201   17   14    6    6
 -1.261477890971295e-07   17   14    7    1
 1.580862040077367e-06   17   14    7    2
 -1.02473357581853e-07   17   14    7    3
 -4.005263665075973e-06   17   14    7    4
 -8.427940102257878e-07   17   14    7    5
 5.816925348855867e-06   17   14    7    6
 0.0747217841115429   17   14    7    7
 0.001504334520571311   17   14    8    1
 0.00842308754288797   17   14    8    2
 0.004790055493476047   17   14    8    3
 0.02746539741582695   17   14    8    4
 0.03715373425992695   17   14    8    5
 -0.0183736058814714   17   14    8    6
 4.689532169678547e-06   17   14    8    7
 0.01267641745883693   17   14    8    8
 -0.0003084881527943386   17   14    9    1
 0.002239350294865497   17   14    9    2
 -0.002345174265336409   17   14    9    3
 -0.005941924606882866   17   14    9    4
 -0.03722419518921399   17   14    9    5
 -0.04934713617247509   17   14    9    6
 2.665286968017105e-06   17   14    9    7
 -0.001840918665943966   17   14    9    8
 -0.009149985906994859   17   14    9    9
 1.628920549086962e-09   17   14   10    1
 -1.098574902850307e-07   17   14   10    2
 2.854341834247357e-08   17   14   10    3
 -9.514152916830962e-08   17   14   10    4
 9.286997490700278e-08   17   14   10    5
 -1.488520613256734e-06   17   14   10    6
 -0.02532467050431702   17   14   10    7
 -1.431937270339748e-06   17   14   10    8
 6.899546780022571e-08   17   14   10    9
 -0.02910598767797998   17   14   10   10
 3.068322333226576e-11   17   14   11    1
 -5.486394203084405e-08   17   14   11    2
 3.299076026649528e-08   17   14   11    3
 2.329907531942173e-09   17   14   11    4
 -3.860976757892155e-08   17   14   11    5
 1.405150900604662e-07   17   14   11    6
 0.001020539019638808   17   14   11    7
 1.952754389192858e-07   17   14   11    8
 -2.634432059165444e-08   17   14   11    9
 0.04979775551882073   17   14   11   10
 -0.03252202959494625   17   14   11   11
 0.0001907528398656313   17   14   12    1
 0.002551837810416898   17   14   12    2
 -0.001224395822053928   17   14   12    3
 -0.001642631334527087   17   14   12    4
 0.0009774798606522596   17   14   12    5
 -0.00574861155430701   17   14   12    6
 8.73605970349245e-07   17   14   12    7
 -0.009829036461562045   17   14   12    8
 0.02129630010608696   17   14   12    9
 3.698049745566149e-09   17   14   12   10
 -6.854071373874175e-08   17   14   12   11
 -0.006830811974630591   17   14   12   12
 0.0008613808086508989   17   14   13    1
 -0.0016098518812335   17   14   13    2
 -0.00141546238941692   17   14   13    3
 -0.0003981937537951271   17   14   13    4
 -0.006059435487585215   17   14   13    5
 -0.003402364422601494   17   14   13    6
 8.397518190981505e-07   17   14   13    7
 -0.01045779739778764   17   14   13    8
 0.01495686679833663   17   14   13    9
 1.536386601728363e-07   17   14   13   10
 -6.859087680601226e-07   17   14   13   11
 -0.01329172043538156   17   14   13   12
 0.04899489984938704   17   14   13   13
 0.0004837235917980645   17   14   14    1
 -0.01101375784557012   17   14   14    2
 -0.002043550514559536   17   14   14    3
 0.001679809743547143   17   14   14    4
 0.001616960120915051   17   14   14    5
 -0.002722291795014628   17   14   14    6
 -1.588125180142038e-07   17   14   14    7
 0.007326767483140285   17   14   14    8
 0.000697037715541749   17   14   14    9
 -5.503936183711134e-08   17   14   14   10
 7.760811166591332e-08   17   14   14   11
 -0.001866621448359957   17   14   14   12
 -0.002361899245494217   17   14   14   13
 -0.08850499163031247   17   14   14   14
 -5.949171964801383e-08   17   14   15    1
 -3.069971415340812e-07   17   14   15    2
 1.787763406252922e-06   17   14   15    3
 -1.155140785445654e-06   17   14   15    4
 2.900675987272745e-06   17   14   15    5
 -7.783992576789035e-06   17   14   15    6
 0.002861057009586733   17   14   15    7
 -3.347335793068508e-06   17   14   15    8
 1.471340766937159e-06   17   14   15    9
 -0.001646774658760416   17   14   15   10
 0.01738520062742573   17   14   15   11
 1.538943026841973e-05   17   14   15   12
 -3.252272198609759e-07   17   14   15   13
 -3.477974178719929e-06   17   14   15   14
 0.0799434079575853   17   14   15   15
 0.0001683137989077181   17   14   16    1
 0.0005275374869696192   17   14   16    2
 -0.004082006293513625   17   14   16    3
 0.002468498646452289   17   14   16    4
 -0.007672496583027345   17   14   16    5
 0.01893376939816855   17   14   16    6
 -3.476769979640996e-07   17   14   16    7
 0.007639237808317064   17   14   16    8
 -0.002655352060561434   17   14   16    9
 -8.318752508743721e-07   17   14   16   10
 7.377610052645691e-06   17   14   16   11
 -0.03872092179808908   17   14   16   12
 -0.0003653708528329781   17   14   16   13
 0.01051829776051255   17   14   16   14
 1.928733931146289e-05   17   14   16   15
 0.03282556557843025   17   14   16   16
 -0.0002602056507760042   17   14   17    1
 -0.00515376867381654   17   14   17    2
 0.010193427702639   17   14   17    3
 -0.008266450318631328   17   14   17    4
 -0.003475098315064794   17   14   17    5
 -0.00100700057614536   17   14   17    6
 -1.511098415619399e-07   17   14   17    7
 0.003533561298596303   17   14   17    8
 -0.0005318138123158644   17   14   17    9
 -7.680664053302036e-08   17   14   17   10
 -2.166273366481354e-07   17   14   17   11
 -0.01039007683143476   17   14   17   12
 0.02001111190415177   17   14   17   13
 0.04889515346791682   17   14   17   14
 -3.165004611206426e-05   17   15    1    1
 2.81620056242457e-07   17   15    2    1
 -6.980899958829676e-06   17   15    2    2
 5.310694738975785e-07   17   15    3    1
 -7.946655485370169e-06   17   15    3    2
 2.020670526691698e-06   17   15    3    3
 3.470340167553076e-07   17   15    4    1
 5.84260188840004e-06   17   15    4    2
 -1.808432596755944e-05   17   15    4    3
 -4.730766636460319e-06   17   15    4    4
 5.347209609801848e-07   17   15    5    1
 3.999970079509146e-06   17   15    5    2
 7.003066952798723e-06   17   15    5    3
 -2.287608918316414e-06   17   15    5    4
 -6.037136215790135e-06   17   15    5    5
 -3.246559762873351e-08   17   15    6    1
 6.678369067177861e-06   17   15    6    2
 -1.066490926640376e-05   17   15    6    3
 1.310876668371531e-05   17   15    6    4
 -1.077681429805891e-05   17   15    6    5
 1.427902978609785e-05   17   15    6    6
 0.0005013584361356703   17   15    7    1
 -0.06123959207519417   17   15    7    2
 0.06784518347174717   17   15    7    3
 -0.02395257042073022   17   15    7    4
 -0.03394946885956211   17   15    7    5
 0.0156196259592563   17   15    7    6
 5.226855648464155e-06   17   15    7    7
 -4.615688387694492e-07   17   15    8    1
 -1.447083798404438e-06   17   15    8    2
 7.768389878230258e-06   17   15    8    3
 -9.791879317685005e-06   17   15    8    4
 1.011503088286283e-05   17   15    8    5
 -1.342218857157117e-05   17   15    8    6
 -0.02973338408200511   17   15    8    7
 -1.036406943444065e-05   17   15    8    8
 -4.212324531921132e-07   17   15    9    1
 -2.8934420219699e-06   17   15    9    2
 7.849924047558591e-06   17   15    9    3
 -1.548280223869835e-05   17   15    9    4
 3.132426117490975e-06   17   15    9    5
 -7.178345244756952e-06   17   15    9    6
 -0.0002191343526277787   17   15    9    7
 7.678107069575356e-10   17   15    9    8
 -8.171158271910894e-06   17   15    9    9
 0.001718347681956224   17   15   10    1
 0.0208184088614511   17   15   10    2
 -0.01092874144816347   17   15   10    3
 0.01445821114423609   17   15   10    4
 0.01414871884938396   17   15   10    5
 -0.003922459702779587   17   15   10    6
 -5.743526980295229e-06   17   15   10    7
 0.01284170695409861   17   15   10    8
 -0.002824151739210126   17   15   10    9
 -1.420641750609257e-05   17   15   10   10
 0.002068655746942658   17   15   11    1
 0.009373840529052676   17   15   11    2
 -0.0007945226226405922   17   15   11    3
 0.01100623621180728   17   15   11    4
 0.01130643268855982   17   15   11    5
 -0.002960262634142783   17   15   11    6
 -2.595006751773521e-06   17   15   11    7
 0.01475449280130721   17   15   11    8
 -0.004518410721065934   17   15   11    9
 -3.54845304527514e-06   17   15   11   10
 -1.664884059216719e-05   17   15   11   11
 5.626886924293986e-07   17   15   12    1
 -3.312512367214189e-06   17   15   12    2
 1.386085127522734e-06   17   15   12    3
 2.298240198942703e-06   17   15   12    4
 -4.257576395052569e-06   17   15   12    5
 4.044766439325581e-06   17   15   12    6
 0.01323535320370462   17   15   12    7
 -6.963025228606087e-06   17   15   12    8
 -3.8722021896933e-06   17   15   12    9
 -0.005304533058252688   17   15   12   10
 -0.006290381177592986   17   15   12   11
 -9.896121902950074e-06   17   15   12   12
 2.081299478390934e-07   17   15   13    1
 -2.393905711332496e-06   17   15   13    2
 -2.024997333211352e-07   17   15   13    3
 -6.396675246524465e-06   17   15   13    4
 -4.420594527428263e-06   17   15   13    5
 -1.077180080781503e-05   17   15   13    6
 -0.0350420426702534   17   15   13    7
 -7.793921793233198e-06   17   15   13    8
 1.073859766072072e-05   17   15   13    9
 0.01548152948233818   17   15   13   10
 0.01219743314608093   17   15   13   11
 1.04218758536358e-06   17   15   13   12
 -5.334657096271884e-07   17   15   13   13
 -2.864951104174144e-07   17   15   14    1
 -2.328880328466377e-06   17   15   14    2
 1.772802063402935e-07   17   15   14    3
 1.452560416464031e-06   17   15   14    4
 -7.028246446298575e-07   17   15   14    5
 -5.263700352420279e-06   17   15   14    6
 -0.01046293941548481   17   15   14    7
 -2.042859402233454e-06   17   15   14    8
 -2.924311982653686e-06   17   15   14    9
 0.003126381056920175   17   15   14   10
 0.003676731994159164   17   15   14   11
 4.683259365325786e-06   17   15   14   12
 1.836346543253116e-06   17   15   14   13
 -8.514919101085407e-06   17   15   14   14
 -0.0006004410676489092   17   15   15    1
 0.01116989433835146   17   15   15    2
 0.004167129871892712   17   15   15    3
 -0.001846730788193627   17   15   15    4
 0.03019463900990126   17   15   15    5
 -0.01831585073567241   17   15   15    6
 1.489834617487259e-05   17   15   15    7
 0.03556621384888706   17   15   15    8
 -0.009847706053171677   17   15   15    9
 -6.422641169362146e-07   17   15   15   10
 5.045678815044129e-06   17   15   15   11
 -0.0261434631868192   17   15   15   12
 0.01465656888875601   17   15   15   13
 0.02803562283507559   17   15   15   14
 1.129599378606722e-05   17   15   15   15
 -3.950885293355116e-07   17   15   16    1
 1.000106146379835e-05   17   15   16    2
 -2.896567310228444e-07   17   15   16    3
 -1.696417791710435e-06   17   15   16    4
 1.904320408769508e-05   17   15   16    5
 -1.724815932669545e-05   17   15   16    6
 -0.01737689013935822   17   15   16    7
 2.006083328074347e-05   17   15   16    8
 -8.549659002567287e-07   17   15   16    9
 0.002236932651100864   17   15   16   10
 -0.001570579233789175   17   15   16   11
 -2.659105643439499e-05   17   15   16   12
 2.018664945281278e-05   17   15   16   13
 7.058552654669612e-06   17   15   16   14
 0.0005780891821544092   17   15   16   15
 1.700827036384082e-05   17   15   16   16
 5.224762313618432e-09   17   15   17    1
 -2.732927653724164e-06   17   15   17    2
 2.470639685963306e-06   17   15   17    3
 -1.476187433956272e-06   17   15   17    4
 -2.948529589441792e-06   17   15   17    5
 6.33511464416786e-07   17   15   17    6
 -0.03661420385029644   17   15   17    7
 -5.905821501572995e-06   17   15   17    8
 1.239831864773656e-06   17   15   17    9
 0.01366989650821701   17   15   17   10
 0.01807008368727935   17   15   17   11
 7.618432357363177e-06   17   15   17   12
 2.621476783087211e-07   17   15   17   13
 4.073952817540605e-06   17   15   17   14
 0.09729502919419158   17   15   17   15
 0.06916277704869826   17   16    1    1
 -0.0006002757919240678   17   16    2    1
 0.01700278691493784   17   16    2    2
 -0.001192726759895527   17   16    3    1
 0.01859995600790696   17   16    3    2
 -0.007064358945830861   17   16    3    3
 -0.0007423906610207223   17   16    4    1
 -0.01389465833084879   17   16    4    2
 0.04148427614851329   17   16    4    3
 0.009422705321446324   17   16    4    4
 -0.001256202814103623   17   16    5    1
 -0.007954642237821597   17   16    5    2
 -0.02012985696533993   17   16    5    3
 0.007323306701492404   17   16    5    4
 0.01501318088713947   17   16    5    5
 8.383078647497656e-05   17   16    6    1
 -0.02499908243813066   17   16    6    2
 0.03554309332413296   17   16    6    3
 -0.03528363718546675   17   16    6    4
 0.0203972939669197   17   16    6    5
 -0.03072014861006902   17   16    6    6
 1.487357452670759e-07   17   16    7    1
 -2.40367798496226e-05   17   16    7    2
 2.674006146451829e-05   17   16    7    3
 -8.795492092242126e-06   17   16    7    4
 -1.372677632334743e-05   17   16    7    5
 6.240590087627525e-06   17   16    7    6
 -0.0115878967113955   17   16    7    7
 0.001048790780213026   17   16    8    1
 -0.002085081654587359   17   16    8    2
 -0.0123026471267023   17   16    8    3
 0.02020469090274584   17   16    8    4
 -0.02733701495661344   17   16    8    5
 0.02900154565799515   17   16    8    6
 -1.57020025931996e-05   17   16    8    7
 0.01532476730191122   17   16    8    8
 0.00103862946853826   17   16    9    1
 0.006004632627957562   17   16    9    2
 -0.01785940103058464   17   16    9    3
 0.03656334726124374   17   16    9    4
 -0.005695406954825243   17   16    9    5
 0.01781721237516622   17   16    9    6
 -1.109787297297575e-06   17   16    9    7
 6.685208433249561e-05   17   16    9    8
 0.01716759674663814   17   16    9    9
 7.377035878887305e-07   17   16   10    1
 8.723629872477231e-06   17   16   10    2
 -4.513542644719722e-06   17   16   10    3
 6.033427193873143e-06   17   16   10    4
 5.878569083813936e-06   17   16   10    5
 -9.164592223632616e-07   17   16   10    6
 0.01220550500834217   17   16   10    7
 6.006966084075089e-06   17   16   10    8
 -1.22920692542317e-06   17   16   10    9
 0.03180484122623072   17   16   10   10
 8.894493442465671e-07   17   16   11    1
 3.886687044055551e-06   17   16   11    2
 -2.583984699378445e-07   17   16   11    3
 4.58967362994033e-06   17   16   11    4
 4.654586277633767e-06   17   16   11    5
 -1.038652064315041e-06   17   16   11    6
 0.00376726856280851   17   16   11    7
 6.339088041652777e-06   17   16   11    8
 -1.828387095743729e-06   17   16   11    9
 0.006399604837568234   17   16   11   10
 0.03732113326083251   17   16   11   11
 -0.001363362841050699   17   16   12    1
 0.007544463677415187   17   16   12    2
 -0.003014072553565073   17   16   12    3
 -0.006042952131762024   17   16   12    4
 0.009029388130022697   17   16   12    5
 -0.007936908178304895   17   16   12    6
 5.159571711026735e-06   17   16   12    7
 0.018167466479715   17   16   12    8
 0.009311557276816139   17   16   12    9
 -2.219875131184477e-06   17   16   12   10
 -2.531255966226759e-06   17   16   12   11
 0.02215183871368822   17   16   12   12
 -0.0004677373814258061   17   16   13    1
 0.004108325553528556   17   16   13    2
 0.001575790491764834   17   16   13    3
 0.01405680571671911   17   16   13    4
 0.009604470304953512   17   16   13    5
 0.02070660858429979   17   16   13    6
 -1.59739232434163e-05   17   16   13    7
 0.01237744101556313   17   16   13    8
 -0.02478865142750456   17   16   13    9
 6.475605936967402e-06   17   16   13   10
 5.377472053183965e-06   17   16   13   11
 -0.001255878446506674   17   16   13   12
 -0.003314382519197219   17   16   13   13
 0.0006129097656473804   17   16   14    1
 0.005787013561145892   17   16   14    2
 -0.0003387559613219582   17   16   14    3
 -0.003391480662713238   17   16   14    4
 0.002275952895597473   17   16   14    5
 0.01106168179863296   17   16   14    6
 -5.218820355302432e-06   17   16   14    7
 0.003352834972658781   17   16   14    8
 0.007420586066012349   17   16   14    9
 1.255009249537412e-06   17   16   14   10
 1.513062225649892e-06   17   16   14   11
 -0.0119673565482269   17   16   14   12
 -0.004910126460860397   17   16   14   13
 0.02082151048223057   17   16   14   14
 -3.738547341072734e-07   17   16   15    1
 1.004578190537041e-05   17   16   15    2
 -3.659001282544349e-07   17   16   15    3
 -1.710003305080519e-06   17   16   15    4
 1.936143083939847e-05   17   16   15    5
 -1.753030140753442e-05   17   16   15    6
 -0.02460102687279292   17   16   15    7
 1.996651912154297e-05   17   16   15    8
 -1.049165778253027e-06   17   16   15    9
 0.001486871995992548   17   16   15   10
 -0.008262210407485803   17   16   15   11
 -2.664473003583756e-05   17   16   15   12
 2.042779871331468e-05   17   16   15   13
 6.878398456718019e-06   17   16   15   14
 -0.02058697686835788   17   16   15   15
 0.000269724145320234   17   16   16    1
 -0.01277853439693598   17   16   16    2
 0.005384529524557346   17   16   16    3
 0.00274946991714683   17   16   16    4
 -0.01487054075655692   17   16   16    5
 0.02051042472040463   17   16   16    6
 -1.821402764239787e-05   17   16   16    7
 -0.01422479745426806   17   16   16    8
 -0.008393342450374897   17   16   16    9
 1.574249049781745e-06   17   16   16   10
 -4.074989586518134e-06   17   16   16   11
 0.03697867927017557   17   16   16   12
 -0.03361391306007502   17   16   16   13
 0.0105183804587711   17   16   16   14
 8.902654277833027e-06   17   16   16   15
 -0.04086947676009051   17   16   16   16
 4.609108903248002e-06   17   16   17    1
 0.00594769179469761   17   16   17    2
 -0.006057965147846679   17   16   17    3
 0.003563111039960688   17   16   17    4
 0.006229909210394524   17   16   17    5
 -0.006595085342389577   17   16   17    6
 -1.474233489628429e-05   17   16   17    7
 0.008023856145614417   17   16   17    8
 -0.001868610237915817   17   16   17    9
 5.595874147028881e-06   17   16   17   10
 7.657981464683168e-06   17   16   17   11
 -0.01759191869750178   17   16   17   12
 -0.002962632383259974   17   16   17   13
 -0.01036728627382102   17   16   17   14
 1.484942157156086e-05   17   16   17   15
 0.06152514091920058   17   16   17   16
 0.2967270505300893   17   17    1    1
 -0.001133760022341016   17   17    2    1
 0.300547687007722   17   17    2    2
 -0.0005810032866867474   17   17    3    1
 -0.0964643532093688   17   17    3    2
 0.3577046530709508   17   17    3    3
 -0.001076756560321617   17   17    4    1
 0.04813442850201247   17   17    4    2
 -0.0358914034440992   17   17    4    3
 0.2859584420938764   17   17    4    4
 0.0003134579834487214   17   17    5    1
 0.06397063456850553   17   17    5    2
 -0.009515039789197032   17   17    5    3
 0.002953063540073785   17   17    5    4
 0.2909255605507475   17   17    5    5
 0.001462333484736558   17   17    6    1
 -0.02077767105994254   17   17    6    2
 -0.002542298592608426   17   17    6    3
 0.05640707865539105   17   17    6    4
 -0.0478069380332076   17   17    6    5
 0.3149711000824823   17   17    6    6
 -2.147751054386051e-07   17   17    7    1
 2.334634355353858e-06   17   17    7    2
 -2.08374869448248e-06   17   17    7    3
 -4.058804890458072e-06   17   17    7    4
 -9.053762685948084e-07   17   17    7    5
 8.4259483109657e-06   17   17    7    6
 0.4395763772829876   17   17    7    7
 0.00223888789707845   17   17    8    1
 0.03092683166433475   17   17    8    2
 -0.001883085929320063   17   17    8    3
 0.0225278590825382   17   17    8    4
 0.07073377463006703   17   17    8    5
 -0.03208027657669099   17   17    8    6
 9.556027388028375e-06   17   17    8    7
 0.3198551479283793   17   17    8    8
 -0.001463100526457734   17   17    9    1
 -0.00036815856578655   17   17    9    2
 -0.007488269328766665   17   17    9    3
 -0.04164688333794383   17   17    9    4
 -0.03132670812407632   17   17    9    5
 -0.06258613675562842   17   17    9    6
 4.379548905020641e-06   17   17    9    7
 -0.02186311577909508   17   17    9    8
 0.2829756070466829   17   17    9    9
 -2.676299122988395e-08   17   17   10    1
 -7.965577321779142e-07   17   17   10    2
 4.575300597715329e-07   17   17   10    3
 -4.040830798224686e-07   17   17   10    4
 -1.733769781953307e-07   17   17   10    5
 -3.007180943372853e-06   17   17   10    6
 -0.05215855355787603   17   17   10    7
 -3.281310599142724e-06   17   17   10    8
 2.454356969344893e-07   17   17   10    9
 0.2525323311468837   17   17   10   10
 -3.556499881206413e-08   17   17   11    1
 -3.346339139753557e-07   17   17   11    2
 1.773602003579262e-07   17   17   11    3
 -2.462600844200327e-07   17   17   11    4
 -2.10145658691196e-07   17   17   11    5
 -3.804781101218318e-07   17   17   11    6
 -0.01013620675156332   17   17   11    7
 -8.386810071780672e-07   17   17   11    8
 -5.145907529027453e-08   17   17   11    9
 0.03777918772755465   17   17   11   10
 0.2522421078673208   17   17   11   11
 0.001505539109336076   17   17   12    1
 0.005509467006631925   17   17   12    2
 -0.00705643557169753   17   17   12    3
 -0.01657968924506399   17   17   12    4
 0.01052562642334045   17   17   12    5
 -0.02001167277542459   17   17   12    6
 2.24529800259739e-06   17   17   12    7
 -0.02592080369949019   17   17   12    8
 0.03211069941864536   17   17   12    9
 1.275725456919158e-07   17   17   12   10
 -1.603584104091556e-07   17   17   12   11
 0.2870615533818373   17   17   12   12
 0.001651972005665456   17   17   13    1
 -0.008109637464117895   17   17   13    2
 -0.0008735131032076666   17   17   13    3
 -0.002663675628244233   17   17   13    4
 -0.03117257476365876   17   17   13    5
 -0.007270007754813119   17   17   13    6
 2.328326720030779e-06   17   17   13    7
 -0.0267052435548992   17   17   13    8
 0.04711982952351632   17   17   13    9
 -3.747837599919188e-07   17   17   13   10
 -1.374391699396694e-06   17   17   13   11
 0.003821790524024826   17   17   13   12
 0.3794579487952847   17   17   13   13
 0.0008109153191439789   17   17   14    1
 -0.002237495091795421   17   17   14    2
 0.01259634417668881   17   17   14    3
 -0.01359941041845308   17   17   14    4
 -0.007536658512833486   17   17   14    5
 0.0005111910643682806   17   17   14    6
 -2.876624828585656e-07   17   17   14    7
 0.01024640650160466   17   17   14    8
 -0.004370533883936357   17   17   14    9
 -1.751267870931491e-07   17   17   14   10
 -1.818593351012782e-08   17   17   14   11
 -0.006879009296940359   17   17   14   12
 0.009979592483848885   17   17   14   13
 0.2143046521186948   17   17   14   14
 -2.267868526246316e-07   17   17   15    1
 -4.622204808457608e-07   17   17   15    2
 5.166636726595153e-06   17   17   15    3
 -8.382664985242346e-06   17   17   15    4
 4.256675065332124e-07   17   17   15    5
 -1.653335713186351e-05   17   17   15    6
 0.02909213979655044   17   17   15    7
 1.939468730519178e-06   17   17   15    8
 1.146058220162084e-05   17   17   15    9
 0.0006289770649888235   17   17   15   10
 0.03207302515971475   17   17   15   11
 3.460781125735436e-05   17   17   15   12
 -7.914650820449532e-06   17   17   15   13
 -7.563417957389858e-07   17   17   15   14
 0.4559515555866219   17   17   15   15
 0.0006072079711248498   17   17   16    1
 -0.001274646250709943   17   17   16    2
 -0.01167912934591511   17   17   16    3
 0.0193062285844725   17   17   16    4
 -0.005649045892038196   17   17   16    5
 0.04474960230552535   17   17   16    6
 1.029496310984295e-05   17   17   16    7
 -0.005484094722464858   17   17   16    8
 -0.02406569984573862   17   17   16    9
 5.853458418975019e-08   17   17   16   10
 1.352158789025222e-05   17   17   16   11
 -0.08261413772910237   17   17   16   12
 0.01560594690474792   17   17   16   13
 0.003652194298953552   17   17   16   14
 3.824054239429547e-05   17   17   16   15
 0.363988249430326   17   17   16   16
 -0.0003431377955546802   17   17   17    1
 -0.0358745505529203   17   17   17    2
 0.03848087879066694   17   17   17    3
 -0.02371430794001658   17   17   17    4
 -0.00708373735259763   17   17   17    5
 -0.00559433265721436   17   17   17    6
 1.261639247755964e-06   17   17   17    7
 -0.008336068503188451   17   17   17    8
 0.001458330058636347   17   17   17    9
 -4.208956260260456e-07   17   17   17   10
 -9.949465762079559e-07   17   17   17   11
 -0.02698042047966766   17   17   17   12
 0.05658195824024335   17   17   17   13
 0.06444470034245146   17   17   17   14
 7.26846529317541e-06   17   17   17   15
 -0.02338874499960202   17   17   17   16
 0.4369985699301466   17   17   17   17
 0.01688689471028139   18    1    1    1
 -0.001462484797593651   18    1    2    1
 0.0004127206125384753   18    1    2    2
 -0.0001346562175754697   18    1    3    1
 -0.002212601160698573   18    1    3    2
 0.00527894874533336   18    1    3    3
 -0.004305886852308865   18    1    4    1
 -0.001345178467117198   18    1    4    2
 -0.001941380956304126   18    1    4    3
 -0.004848076212369583   18    1    4    4
 0.00535276700976056   18    1    5    1
 0.00273015107581242   18    1    5    2
 0.006408077091069825   18    1    5    3
 0.005079286739590091   18    1    5    4
 0.002967162215454372   18    1    5    5
 0.003116864787600891   18    1    6    1
 0.001452125109795527   18    1    6    2
 0.002694561965445483   18    1    6    3
 0.003851138740940445   18    1    6    4
 -0.0006883092876681201   18    1    6    5
 0.002060754132169708   18    1    6    6
 -2.051285657298885e-07   18    1    7    1
 -5.462441255076799e-08   18    1    7    2
 -2.361070122879125e-07   18    1    7    3
 -1.866046417388819e-07   18    1    7    4
 -1.133108014053933e-07   18    1    7    5
 1.324854404365108e-07   18    1    7    6
 0.00382912738976684   18    1    7    7
 0.0005056408434636275   18    1    8    1
 -0.0001426205564595204   18    1    8    2
 0.001597303108664955   18    1    8    3
 -0.0008281556932322055   18    1    8    4
 0.002716651591247976   18    1    8    5
 -0.0006830674465108757   18    1    8    6
 1.838290646286346e-07   18    1    8    7
 0.001257294213904064   18    1    8    8
 -0.008160135684127783   18    1    9    1
 -0.0003958533671037777   18    1    9    2
 -0.006795936485692481   18    1    9    3
 -0.009251599980553126   18    1    9    4
 -0.001342081545138417   18    1    9    5
 -0.001245280314825367   18    1    9    6
 2.73947337812738e-07   18    1    9    7
 -0.00399786217818201   18    1    9    8
 0.0007574185918277792   18    1    9    9
 -1.639350378245777e-08   18    1   10    1
 -9.296616568786613e-09   18    1   10    2
 -2.592139957310292e-08   18    1   10    3
 -8.603253440174621e-09   18    1   10    4
 -2.712058175632305e-08   18    1   10    5
 -3.717676148795181e-08   18    1   10    6
 -0.0005058134377982412   18    1   10    7
 -2.741946791328629e-08   18    1   10    8
 3.784144028984732e-08   18    1   10    9
 -7.418997493226726e-05   18    1   10   10
 -2.276649032661948e-08   18    1   11    1
 -1.51157324282696e-09   18    1   11    2
 -2.538056875004224e-08   18    1   11    3
 -2.088780923697961e-08   18    1   11    4
 -3.054004392677898e-08   18    1   11    5
 1.758387490764235e-08   18    1   11    6
 0.000460102040772423   18    1   11    7
 1.374619998682817e-08   18    1   11    8
 2.960323786565169e-08   18    1   11    9
 0.0002881571873500336   18    1   11   10
 0.0002575893690912904   18    1   11   11
 0.01061237096584418   18    1   12    1
 0.003074316736677352   18    1   12    2
 0.005033379932961454   18    1   12    3
 0.005008363169824544   18    1   12    4
 0.002952374873751897   18    1   12    5
 -0.001338434491083016   18    1   12    6
 2.25868968972751e-07   18    1   12    7
 -0.002688969866976269   18    1   12    8
 -0.00129663386003145   18    1   12    9
 -3.890718782501423e-08   18    1   12   10
 -7.586733362279796e-08   18    1   12   11
 0.0008127527997427869   18    1   12   12
 0.001757587036886059   18    1   13    1
 0.0007550359459302823   18    1   13    2
 0.001625494715125835   18    1   13    3
 0.001840110603960586   18    1   13    4
 0.001374703020865511   18    1   13    5
 0.0009530162359865432   18    1   13    6
 -6.391398645416458e-08   18    1   13    7
 -0.0007165092651133596   18    1   13    8
 -0.001711880670798373   18    1   13    9
 -3.195991643896703e-08   18    1   13   10
 -6.686487150590185e-08   18    1   13   11
 0.005470776791040723   18    1   13   12
 0.005498861072294365   18    1   13   13
 0.001245499862067802   18    1   14    1
 0.0001562696549243   18    1   14    2
 1.795208669619918e-05   18    1   14    3
 0.0006189848692490158   18    1   14    4
 -0.001470163324550572   18    1   14    5
 -0.001029576469121206   18    1   14    6
 7.727979980452342e-08   18    1   14    7
 -0.0003278650798887829   18    1   14    8
 0.001167534804355077   18    1   14    9
 4.384127204856856e-09   18    1   14   10
 9.79103662902436e-09   18    1   14   11
 -0.002382886076534529   18    1   14   12
 -0.0002416342092225534   18    1   14   13
 -0.0001209188207513179   18    1   14   14
 -1.692264273194508e-06   18    1   15    1
 -4.403917236899168e-07   18    1   15    2
 -1.794986564683624e-07   18    1   15    3
 -9.674421954068942e-07   18    1   15    4
 7.586755189131977e-07   18    1   15    5
 4.408430307760253e-07   18    1   15    6
 0.002046819987283289   18    1   15    7
 6.857084695335464e-07   18    1   15    8
 -1.14151435300645e-06   18    1   15    9
 0.0002348920340955895   18    1   15   10
 0.001069132001840369   18    1   15   11
 2.718722754190024e-06   18    1   15   12
 -6.160872693184235e-07   18    1   15   13
 3.370321757259461e-07   18    1   15   14
 0.004078323421229707   18    1   15   15
 0.004022775612061331   18    1   16    1
 0.001076810939945036   18    1   16    2
 0.0004574453308317766   18    1   16    3
 0.002337045013061747   18    1   16    4
 -0.001838547604029244   18    1   16    5
 -0.0007097639742621761   18    1   16    6
 9.715285784733797e-07   18    1   16    7
 -0.001474465830827316   18    1   16    8
 0.002688146818601241   18    1   16    9
 1.014364859823148e-07   18    1   16   10
 4.466183697566989e-07   18    1   16   11
 -0.006304565429379041   18    1   16   12
 0.001479403564257235   18    1   16   13
 -0.0007385438842829306   18    1   16   14
 1.553608937270109e-06   18    1   16   15
 0.0004434830641170286   18    1   16   16
 0.0006513476463443234   18    1   17    1
 -0.0004626760240086198   18    1   17    2
 0.0003188708891057282   18    1   17    3
 -0.0001752339873322234   18    1   17    4
 -0.0008613461274069333   18    1   17    5
 -0.0001586552820110443   18    1   17    6
 -3.80555261062508e-09   18    1   17    7
 -0.0004322863958230951   18    1   17    8
 0.0009833533965269488   18    1   17    9
 2.42259821600369e-09   18    1   17   10
 -1.03059282080173e-08   18    1   17   11
 -0.002694054385772393   18    1   17   12
 -0.0002799519932602136   18    1   17   13
 0.0006336229315182584   18    1   17   14
 5.74984017249999e-07   18    1   17   15
 -0.001451528037021414   18    1   17   16
 0.002603599695856784   18    1   17   17
 0.01481925341233671   18    1   18    1
 -0.01438379002195822   18    2    1    1
 -5.758730492217259e-05   18    2    2    1
 0.004386370166490767   18    2    2    2
 0.0005110606356588978   18    2    3    1
 -0.001161746146658645   18    2    3    2
 0.005191640257963812   18    2    3    3
 1.05103046644038e-05   18    2    4    1
 -0.0007478823087007274   18    2    4    2
 -0.0007503714512590257   18    2    4    3
 -0.002351607560734369   18    2    4    4
 0.0009262396410367206   18    2    5    1
 -0.005964829598925583   18    2    5    2
 -0.0003636286517186247   18    2    5    3
 0.0004706462833379489   18    2    5    4
 0.001831703766238777   18    2    5    5
 0.0004930786301647579   18    2    6    1
 -0.006446461250460822   18    2    6    2
 -0.001980910546283447   18    2    6    3
 0.001567090744956922   18    2    6    4
 -0.000827315599900125   18    2    6    5
 0.005744469743422772   18    2    6    6
 -3.693102379578933e-08   18    2    7    1
 4.859973733732168e-07   18    2    7    2
 -1.132959123363761e-07   18    2    7    3
 2.305761076442684e-08   18    2    7    4
 -3.507545852229355e-07   18    2    7    5
 -8.459280507133136e-08   18    2    7    6
 0.006852911190334417   18    2    7    7
 0.0001745573759363743   18    2    8    1
 -0.002298005510610558   18    2    8    2
 0.003170930630540445   18    2    8    3
 -0.002197301909978367   18    2    8    4
 0.00627131051635827   18    2    8    5
 0.003322893871139241   18    2    8    6
 6.394685002668774e-08   18    2    8    7
 0.001820130154729759   18    2    8    8
 -0.001215428245423529   18    2    9    1
 -0.002772967052699756   18    2    9    2
 -0.008374941985434238   18    2    9    3
 -0.004687361779727125   18    2    9    4
 0.0005666076385970467   18    2    9    5
 0.0006662728070463121   18    2    9    6
 -1.272457020721686e-07   18    2    9    7
 0.001827464877633145   18    2    9    8
 0.002664358333682908   18    2    9    9
 -5.204505130897465e-09   18    2   10    1
 3.284072382049201e-08   18    2   10    2
 1.357295555887457e-08   18    2   10    3
 1.064175374284459e-08   18    2   10    4
 -3.668051922056623e-08   18    2   10    5
 -1.062693368589114e-07   18    2   10    6
 -0.001092524524747854   18    2   10    7
 -4.338544317263113e-08   18    2   10    8
 -1.279403334736462e-08   18    2   10    9
 0.002126271040083555   18    2   10   10
 -7.867312856581687e-09   18    2   11    1
 -1.780424529311527e-08   18    2   11    2
 -3.769411756372578e-09   18    2   11    3
 2.610212928522295e-08   18    2   11    4
 1.246841337857716e-08   18    2   11    5
 -3.342369737622213e-08   18    2   11    6
 -0.0004562718366383016   18    2   11    7
 -1.282229449955083e-08   18    2   11    8
 4.72369283665871e-09   18    2   11    9
 -0.005736471232462936   18    2   11   10
 0.001595574359237147   18    2   11   11
 0.00151032909644854   18    2   12    1
 -0.01122394874333997   18    2   12    2
 -0.008427718264210602   18    2   12    3
 0.006472875669988522   18    2   12    4
 0.006270036992258855   18    2   12    5
 -0.002653822144917579   18    2   12    6
 1.961032290203312e-07   18    2   12    7
 0.001092491807313846   18    2   12    8
 0.006199062877468089   18    2   12    9
 -6.607237574458417e-08   18    2   12   10
 -5.888074396151707e-08   18    2   12   11
 0.004277675550393359   18    2   12   12
 0.0008550859587106239   18    2   13    1
 -0.001859815250755685   18    2   13    2
 -0.008143568169062464   18    2   13    3
 0.002169969503046392   18    2   13    4
 0.0004066626416854386   18    2   13    5
 9.017141953395067e-07   18    2   13    6
 -2.826975791811312e-08   18    2   13    7
 -0.002343060172136293   18    2   13    8
 0.002377178286079392   18    2   13    9
 -3.344306233859439e-08   18    2   13   10
 -4.476240868757308e-08   18    2   13   11
 0.003400863860031471   18    2   13   12
 0.005374422043838311   18    2   13   13
 -4.454791915476315e-05   18    2   14    1
 0.002522822586869484   18    2   14    2
 0.00119680619150692   18    2   14    3
 0.002066805452255017   18    2   14    4
 -0.01326536013094108   18    2   14    5
 -0.01293939813295872   18    2   14    6
 5.181944411856145e-07   18    2   14    7
 0.002176343345690474   18    2   14    8
 -0.01479443645582583   18    2   14    9
 4.12136221652462e-08   18    2   14   10
 9.641025105157751e-10   18    2   14   11
 0.001354750465042715   18    2   14   12
 0.0001402945226616197   18    2   14   13
 0.001534708782464782   18    2   14   14
 -5.990350323897259e-08   18    2   15    1
 2.982988815083823e-06   18    2   15    2
 2.512975533915642e-07   18    2   15    3
 -2.36261168842528e-06   18    2   15    4
 4.736472957471404e-07   18    2   15    5
 4.408139566490822e-07   18    2   15    6
 0.006443906767004557   18    2   15    7
 7.719343898850349e-07   18    2   15    8
 -3.045762443187491e-07   18    2   15    9
 0.0002063726175202537   18    2   15   10
 0.001588353728958316   18    2   15   11
 2.879002626319543e-06   18    2   15   12
 -9.673213859181348e-07   18    2   15   13
 -3.482719521965007e-07   18    2   15   14
 0.008898693195969433   18    2   15   15
 0.0001656787883320467   18    2   16    1
 -0.007363300153564586   18    2   16    2
 -0.001490835726651958   18    2   16    3
 0.00601441460410682   18    2   16    4
 -0.0007936588587938894   18    2   16    5
 7.059419502778421e-05   18    2   16    6
 2.765691618459195e-06   18    2   16    7
 -0.001016593013521462   18    2   16    8
 0.0009945794819279559   18    2   16    9
 8.935072113602609e-08   18    2   16   10
 6.707420003711e-07   18    2   16   11
 -0.006892379350014186   18    2   16   12
 0.002238978958132311   18    2   16   13
 0.0008987137594792446   18    2   16   14
 3.325268985660901e-06   18    2   16   15
 0.001131999389878106   18    2   16   16
 -0.0001443144017819824   18    2   17    1
 -0.001535856412497532   18    2   17    2
 0.001262802596644153   18    2   17    3
 0.001737353135681244   18    2   17    4
 0.004117522090105758   18    2   17    5
 0.003894435823107066   18    2   17    6
 -5.465173928547283e-07   18    2   17    7
 0.001377268213206429   18    2   17    8
 0.001727822601801869   18    2   17    9
 5.401655289796196e-08   18    2   17   10
 2.177403427863515e-08   18    2   17   11
 -0.004914288413334885   18    2   17   12
 -0.003519887507751356   18    2   17   13
 -0.0001673546929418005   18    2   17   14
 -7.089720830209661e-09   18    2   17   15
 -0.0004391395646634008   18    2   17   16
 0.001817282695752929   18    2   17   17
 0.002000795769250921   18    2   18    1
 0.02156057701124765   18    2   18    2
 0.01059627169392692   18    3    1    1
 -0.0004012301508277787   18    3    2    1
 -0.003334577778683899   18    3    2    2
 0.0004208825448220855   18    3    3    1
 0.006245143909097468   18    3    3    2
 -0.007468841274115354   18    3    3    3
 -0.001207761353812631   18    3    4    1
 -0.001033053370535089   18    3    4    2
 0.003417769219176763   18    3    4    3
 -0.004861128989147051   18    3    4    4
 0.002309754846888592   18    3    5    1
 -0.00361080530788449   18    3    5    2
 -0.00023685204941391   18    3    5    3
 0.005361311142442035   18    3    5    4
 -0.0004660859092057267   18    3    5    5
 0.001164570606456953   18    3    6    1
 -0.002152721498768709   18    3    6    2
 -0.0007858129778509279   18    3    6    3
 -0.001094809483416699   18    3    6    4
 0.004327464476615086   18    3    6    5
 -0.007307320939716874   18    3    6    6
 -7.157480599612391e-08   18    3    7    1
 1.900499611501741e-08   18    3    7    2
 3.238691052693298e-07   18    3    7    3
 1.744706836446225e-08   18    3    7    4
 1.576297657264904e-08   18    3    7    5
 -7.642670473463085e-07   18    3    7    6
 -0.01527855714762832   18    3    7    7
 8.925808192627889e-05   18    3    8    1
 -6.9534504353836e-06   18    3    8    2
 -0.003978301751955617   18    3    8    3
 0.0008683655762041488   18    3    8    4
 -0.003223576748713369   18    3    8    5
 0.00538820188815899   18    3    8    6
 -8.871965112972569e-07   18    3    8    7
 -0.004219504600292464   18    3    8    8
 -0.003236103019459408   18    3    9    1
 -0.007327834889922916   18    3    9    2
 -0.003129878444607686   18    3    9    3
 -0.002498126092923325   18    3    9    4
 -0.001521895384922643   18    3    9    5
 0.003210568143860179   18    3    9    6
 -3.73826867621298e-07   18    3    9    7
 0.003839338703969367   18    3    9    8
 -0.002022118312264954   18    3    9    9
 -1.247397082598884e-08   18    3   10    1
 9.328686651105005e-09   18    3   10    2
 -5.633362446691846e-08   18    3   10    3
 -1.57512903145582e-08   18    3   10    4
 -8.679780173392382e-08   18    3   10    5
 2.269782665366751e-07   18    3   10    6
 0.004146888005845219   18    3   10    7
 2.296282633555637e-07   18    3   10    8
 1.349122675422041e-08   18    3   10    9
 0.0006578428990077614   18    3   10   10
 -1.67459324909664e-08   18    3   11    1
 5.510244163843128e-09   18    3   11    2
 -6.783882598116174e-08   18    3   11    3
 -1.814784617436955e-08   18    3   11    4
 -6.434169224154713e-08   18    3   11    5
 -1.501056321394266e-08   18    3   11    6
 0.0002354122925361072   18    3   11    7
 -1.456099159006007e-08   18    3   11    8
 9.651185533058739e-08   18    3   11    9
 0.0007806261427536453   18    3   11   10
 0.001369737404303046   18    3   11   11
 0.004011116623360496   18    3   12    1
 -0.007025078921301151   18    3   12    2
 0.005940618891738447   18    3   12    3
 0.009462428927200391   18    3   12    4
 0.00344437836655746   18    3   12    5
 0.003724163345080045   18    3   12    6
 -4.184857744797373e-07   18    3   12    7
 0.00360034756881634   18    3   12    8
 -0.004740881371067026   18    3   12    9
 -5.639451539720781e-08   18    3   12   10
 -8.115628364691769e-09   18    3   12   11
 4.623462667864209e-05   18    3   12   12
 0.001013807655153464   18    3   13    1
 -0.005573180290286799   18    3   13    2
 0.01001400702598639   18    3   13    3
 -0.001067203158130139   18    3   13    4
 0.009857240684516041   18    3   13    5
 -0.0001701951173766582   18    3   13    6
 -9.269121189732945e-08   18    3   13    7
 0.007398611203238523   18    3   13    8
 -0.01078841136886517   18    3   13    9
 -8.363538038500993e-08   18    3   13   10
 3.60287508606692e-08   18    3   13   11
 0.0006810816599523536   18    3   13   12
 -0.00963538641144329   18    3   13   13
 0.0002156638617602135   18    3   14    1
 0.0005801115411094778   18    3   14    2
 -0.003197692794982194   18    3   14    3
 0.002375477022613211   18    3   14    4
 -0.007291648913332719   18    3   14    5
 -0.006690186587101899   18    3   14    6
 3.875015198039494e-07   18    3   14    7
 -9.767663648146776e-05   18    3   14    8
 -0.0022809263662134   18    3   14    9
 1.295468414064265e-09   18    3   14   10
 -7.22582210541731e-09   18    3   14   11
 -0.001173858987706593   18    3   14   12
 -3.992940509019688e-05   18    3   14   13
 -0.0004309045084446631   18    3   14   14
 -4.691216445145729e-07   18    3   15    1
 2.268343225354749e-07   18    3   15    2
 3.929954316902603e-07   18    3   15    3
 -1.543497059264762e-07   18    3   15    4
 1.549618256297956e-08   18    3   15    5
 3.394752231306062e-06   18    3   15    6
 -0.01177883551603199   18    3   15    7
 -2.238070655728571e-06   18    3   15    8
 -2.928371842758444e-06   18    3   15    9
 0.001907616059237977   18    3   15   10
 -0.002380027133533936   18    3   15   11
 -1.057028872404503e-06   18    3   15   12
 2.595934724064659e-06   18    3   15   13
 2.263470086615011e-07   18    3   15   14
 -0.0209630920065371   18    3   15   15
 0.001130360599977923   18    3   16    1
 -0.001189354757255502   18    3   16    2
 -0.0003934127151515425   18    3   16    3
 0.0001914345541258912   18    3   16    4
 0.0006323543556374175   18    3   16    5
 -0.009894581964773495   18    3   16    6
 -4.55362182490019e-06   18    3   16    7
 0.004197096913620836   18    3   16    8
 0.006725222174240556   18    3   16    9
 7.89893847424767e-07   18    3   16   10
 -9.975569746543437e-07   18    3   16   11
 0.002722192682704214   18    3   16   12
 -0.005843808316164306   18    3   16   13
 -0.0007132183979841257   18    3   16   14
 -3.899252762096231e-06   18    3   16   15
 -0.01209569701545328   18    3   16   16
 9.955965134241494e-05   18    3   17    1
 0.002929990627839797   18    3   17    2
 -0.005453228602302716   18    3   17    3
 0.001511055566314249   18    3   17    4
 -0.001586277988253189   18    3   17    5
 0.0001446913559753204   18    3   17    6
 4.762796399132357e-07   18    3   17    7
 -0.002344189670217357   18    3   17    8
 0.005971444129811015   18    3   17    9
 -7.754113536427084e-08   18    3   17   10
 9.513357226998282e-09   18    3   17   11
 0.00231756966375004   18    3   17   12
 0.0006071519782469613   18    3   17   13
 -0.002857515395735855   18    3   17   14
 3.176309794478608e-07   18    3   17   15
 -6.827995802253592e-05   18    3   17   16
 -0.008539122139956503   18    3   17   17
 0.005421432590059181   18    3   18    1
 0.00878385424823142   18    3   18    2
 0.01679863854555119   18    3   18    3
 -0.05384704621341086   18    4    1    1
 -0.0002683522000915683   18    4    2    1
 -0.003309415315431505   18    4    2    2
 0.00162513958400353   18    4    3    1
 0.0002003630830006052   18    4    3    2
 -0.004983799157201132   18    4    3    3
 -0.00028077956773756   18    4    4    1
 -0.00752887544187803   18    4    4    2
 -0.004638635849291636   18    4    4    3
 -0.01356766370993481   18    4    4    4
 0.003264670108876472   18    4    5    1
 -0.004461157843179453   18    4    5    2
 0.003912175743886115   18    4    5    3
 0.005736963163760313   18    4    5    4
 0.003370374297695758   18    4    5    5
 0.001692059755697006   18    4    6    1
 0.0009565513379391041   18    4    6    2
 0.003189948896924143   18    4    6    3
 0.004888380581602734   18    4    6    4
 0.00108972483794119   18    4    6    5
 -0.009088555639048456   18    4    6    6
 -1.207001599224863e-07   18    4    7    1
 -1.903246586461649e-07   18    4    7    2
 -4.723449288279741e-07   18    4    7    3
 -3.172792747398217e-07   18    4    7    4
 1.542867284455865e-07   18    4    7    5
 5.077857126171077e-07   18    4    7    6
 -0.004647417171024447   18    4    7    7
 0.0004900826675472213   18    4    8    1
 0.002061590949046203   18    4    8    2
 0.00452620712908757   18    4    8    3
 0.001735463110242535   18    4    8    4
 -0.003275387237292379   18    4    8    5
 -0.003758503942494111   18    4    8    6
 2.484506644276622e-07   18    4    8    7
 -0.005753122497259727   18    4    8    8
 -0.004427079599611274   18    4    9    1
 -0.005127972841563216   18    4    9    2
 -0.007876401238339634   18    4    9    3
 -0.0008529300751067316   18    4    9    4
 0.002961570010351395   18    4    9    5
 0.002499677358886539   18    4    9    6
 -5.645020498541541e-08   18    4    9    7
 -0.0009989473870280392   18    4    9    8
 -0.002203124948826421   18    4    9    9
 -1.518898452372801e-08   18    4   10    1
 -4.236493297572551e-11   18    4   10    2
 2.092461170016535e-09   18    4   10    3
 2.554095649573536e-08   18    4   10    4
 -2.09920750892054e-08   18    4   10    5
 -1.209561709870787e-07   18    4   10    6
 -0.001670775013220773   18    4   10    7
 -8.615234915633588e-08   18    4   10    8
 6.111124617995583e-08   18    4   10    9
 -0.009748129616388268   18    4   10   10
 -2.426409006950886e-08   18    4   11    1
 1.699924828936182e-08   18    4   11    2
 2.290665010965155e-08   18    4   11    3
 8.101729222759523e-08   18    4   11    4
 -5.395621886207223e-08   18    4   11    5
 -1.964933795733962e-07   18    4   11    6
 -0.002776517755585171   18    4   11    7
 -1.175220418594854e-07   18    4   11    8
 1.120953103892095e-07   18    4   11    9
 -0.01326298459015658   18    4   11   10
 -0.01047924049791638   18    4   11   11
 0.005245865071754228   18    4   12    1
 0.01071688063110006   18    4   12    2
 0.01079143778789839   18    4   12    3
 0.01021675787660115   18    4   12    4
 -0.007840710166176421   18    4   12    5
 -0.0001871797798209997   18    4   12    6
 -3.652690139453998e-07   18    4   12    7
 0.006273721995645772   18    4   12    8
 0.01140034599482129   18    4   12    9
 -7.041083749766952e-08   18    4   12   10
 -2.02692187496063e-08   18    4   12   11
 -0.001209688880624001   18    4   12   12
 0.00270358513545529   18    4   13    1
 0.004522484334093036   18    4   13    2
 -0.005554047385828758   18    4   13    3
 -0.007729519119868441   18    4   13    4
 0.004037290077674658   18    4   13    5
 0.004212117068995039   18    4   13    6
 6.617183074467312e-08   18    4   13    7
 -0.007834009243913403   18    4   13    8
 -0.00832195135875179   18    4   13    9
 -1.527612553696097e-07   18    4   13   10
 -1.556729972935729e-07   18    4   13   11
 -0.002218074637657161   18    4   13   12
 -0.002563486844839956   18    4   13   13
 -9.991063718604722e-05   18    4   14    1
 0.004552336240140137   18    4   14    2
 0.004482531442373631   18    4   14    3
 0.002475802095624873   18    4   14    4
 0.005927571071987745   18    4   14    5
 0.009196779046962516   18    4   14    6
 -4.685583135881215e-07   18    4   14    7
 -0.0005937827496489419   18    4   14    8
 0.0162287868103096   18    4   14    9
 1.606538052266894e-08   18    4   14   10
 3.813462244037314e-08   18    4   14   11
 -0.01026171776022859   18    4   14   12
 -0.004826027054278767   18    4   14   13
 -0.001193731017679733   18    4   14   14
 -2.690473750112292e-07   18    4   15    1
 -2.471789752095922e-06   18    4   15    2
 -2.453278443878738e-06   18    4   15    3
 -5.058181443657224e-06   18    4   15    4
 3.940464456193149e-06   18    4   15    5
 1.799093056911957e-07   18    4   15    6
 0.002531290381428814   18    4   15    7
 -6.132469800365816e-07   18    4   15    8
 -4.67952696590776e-06   18    4   15    9
 0.003545933654252446   18    4   15   10
 0.003328768934481191   18    4   15   11
 -1.189724816732918e-06   18    4   15   12
 1.321182743437325e-07   18    4   15   13
 2.184134145834239e-06   18    4   15   14
 -0.00369242561087711   18    4   15   15
 0.0007048165085333956   18    4   16    1
 0.006417323443234755   18    4   16    2
 0.00537677089740808   18    4   16    3
 0.01170236257547847   18    4   16    4
 -0.009342268520230682   18    4   16    5
 0.0001119358064464036   18    4   16    6
 9.713285139857021e-07   18    4   16    7
 0.001555206783331424   18    4   16    8
 0.01056913191449091   18    4   16    9
 1.507691007716662e-06   18    4   16   10
 1.437939813695652e-06   18    4   16   11
 0.00291833813292273   18    4   16   12
 -0.0001458710648985912   18    4   16   13
 -0.005729707147569579   18    4   16   14
 1.490707480564267e-06   18    4   16   15
 -0.006934095681298883   18    4   16   16
 -0.0003869559701220928   18    4   17    1
 0.001572311114580374   18    4   17    2
 0.0008574972837273517   18    4   17    3
 0.00606250179826423   18    4   17    4
 -0.002979725262523886   18    4   17    5
 -0.004866769321136406   18    4   17    6
 -1.025309136136815e-07   18    4   17    7
 0.005419360000781089   18    4   17    8
 0.0007459783983824876   18    4   17    9
 -4.547821277041897e-09   18    4   17   10
 -5.776502972646757e-09   18    4   17   11
 0.002681333446034226   18    4   17   12
 -0.002042851553754075   18    4   17   13
 -0.001897055673743105   18    4   17   14
 -1.659828161660064e-06   18    4   17   15
 0.003712499216478723   18    4   17   16
 -0.007224695659126154   18    4   17   17
 0.007158609230594043   18    4   18    1
 -0.002275132742647196   18    4   18    2
 0.0044825749966552   18    4   18    3
 0.02454260339657267   18    4   18    4
 0.08691812021201234   18    5    1    1
 -0.0007418265338188179   18    5    2    1
 -0.01751756212754738   18    5    2    2
 -0.001292547576490487   18    5    3    1
 -0.001752478907549457   18    5    3    2
 -0.002509117020794593   18    5    3    3
 -0.001961729322390106   18    5    4    1
 0.002223706846823851   18    5    4    2
 0.01376807948149289   18    5    4    3
 0.002107099254756801   18    5    4    4
 0.0002054830778443744   18    5    5    1
 -0.001480052731331744   18    5    5    2
 0.005559049344330929   18    5    5    3
 0.002569227797283151   18    5    5    4
 -0.002173683966824576   18    5    5    5
 0.0005289347820590352   18    5    6    1
 -0.005031262421988724   18    5    6    2
 0.003203850728333691   18    5    6    3
 0.003140537971721147   18    5    6    4
 0.0006557584312696151   18    5    6    5
 -0.01291256972730854   18    5    6    6
 -5.863153327349434e-08   18    5    7    1
 1.532684554550052e-07   18    5    7    2
 -4.627066683989748e-07   18    5    7    3
 -4.617451126000661e-07   18    5    7    4
 1.299310662965143e-07   18    5    7    5
 8.148212338257013e-09   18    5    7    6
 -0.00883496988819865   18    5    7    7
 0.0004293323117995352   18    5    8    1
 0.0007256661022477188   18    5    8    2
 0.007226206887559724   18    5    8    3
 0.004486121826536014   18    5    8    4
 -0.003708751877224765   18    5    8    5
 0.004822180189813285   18    5    8    6
 -5.862178187531453e-07   18    5    8    7
 -0.004608078015447771   18    5    8    8
 -0.0008174528622448222   18    5    9    1
 -0.000195160041611894   18    5    9    2
 -0.008457375910646995   18    5    9    3
 0.003713584780099087   18    5    9    4
 -0.009304966321560896   18    5    9    5
 -0.00876661130672979   18    5    9    6
 6.987781594781739e-07   18    5    9    7
 -0.003760956872630249   18    5    9    8
 0.002377461632686484   18    5    9    9
 -5.636651725928933e-09   18    5   10    1
 -5.77788418332612e-08   18    5   10    2
 -1.685219029246739e-07   18    5   10    3
 -8.705585495730611e-08   18    5   10    4
 -2.507005166315888e-08   18    5   10    5
 2.985995242585646e-07   18    5   10    6
 0.004945021943221234   18    5   10    7
 3.150547657003639e-07   18    5   10    8
 1.812488064593275e-08   18    5   10    9
 -0.006314402185726748   18    5   10   10
 -4.117535246276105e-09   18    5   11    1
 3.019676308868873e-08   18    5   11    2
 -1.179799665680349e-07   18    5   11    3
 -1.552675688531202e-07   18    5   11    4
 -1.054427821072851e-07   18    5   11    5
 6.064850932351218e-07   18    5   11    6
 0.01024828048755178   18    5   11    7
 5.735226597802501e-07   18    5   11    8
 -1.698262954854384e-08   18    5   11    9
 0.03693848073651027   18    5   11   10
 -0.002864580061988161   18    5   11   11
 0.001169851121975428   18    5   12    1
 0.008325719688410739   18    5   12    2
 0.005052434191058507   18    5   12    3
 -0.005439820700421667   18    5   12    4
 -0.002746923493630197   18    5   12    5
 -0.006150857206514082   18    5   12    6
 3.659675639992945e-07   18    5   12    7
 -0.001457356732769316   18    5   12    8
 -0.02968779236900704   18    5   12    9
 -1.439298074306786e-08   18    5   12   10
 -6.429869031864269e-08   18    5   12   11
 0.0008740076048318857   18    5   12   12
 -0.0008041873396912569   18    5   13    1
 0.003069976426393858   18    5   13    2
 0.01242783601033899   18    5   13    3
 0.01396472634610761   18    5   13    4
 0.00137202758926087   18    5   13    5
 -0.0009722013478445849   18    5   13    6
 -6.705962651944399e-07   18    5   13    7
 0.01497526760728699   18    5   13    8
 -0.008576616106072339   18    5   13    9
 2.597493163626301e-07   18    5   13   10
 6.302361755245787e-08   18    5   13   11
 0.004350589546669949   18    5   13   12
 -9.807472191935499e-05   18    5   13   13
 0.0007269111676459526   18    5   14    1
 -0.0224421201825298   18    5   14    2
 -0.01496728613898687   18    5   14    3
 0.00733831556651337   18    5   14    4
 0.01260076088665459   18    5   14    5
 -0.001540845296230576   18    5   14    6
 3.077157664684536e-07   18    5   14    7
 -0.00234252048749634   18    5   14    8
 0.005852704822654184   18    5   14    9
 -4.112995080042159e-08   18    5   14   10
 1.718514884720713e-08   18    5   14   11
 -0.008820515551661502   18    5   14   12
 -0.004471681023442311   18    5   14   13
 -0.007134303733424346   18    5   14   14
 -5.328540540437898e-07   18    5   15    1
 9.847408152961168e-07   18    5   15    2
 2.234343392324558e-06   18    5   15    3
 7.502133566366273e-06   18    5   15    4
 2.910321085227726e-06   18    5   15    5
 2.631400561493458e-06   18    5   15    6
 -0.006015525017087971   18    5   15    7
 -1.535558423608596e-06   18    5   15    8
 3.751584256008715e-06   18    5   15    9
 -0.006101350704492758   18    5   15   10
 -0.003945940227242486   18    5   15   11
 -1.410479206728391e-07   18    5   15   12
 2.660547606105717e-06   18    5   15   13
 4.755665299424948e-07   18    5   15   14
 -0.01227180665348007   18    5   15   15
 0.001235370685835231   18    5   16    1
 -0.001573648346922601   18    5   16    2
 -0.004830816288452998   18    5   16    3
 -0.01742273889307669   18    5   16    4
 -0.007330384865781417   18    5   16    5
 -0.00760788093805433   18    5   16    6
 -2.399568900829462e-06   18    5   16    7
 0.003956032765693215   18    5   16    8
 -0.009767008599462073   18    5   16    9
 -2.63235726142703e-06   18    5   16   10
 -1.650450866465686e-06   18    5   16   11
 0.0002254903991919817   18    5   16   12
 -0.006139157578218407   18    5   16   13
 -0.001418291684915754   18    5   16   14
 -1.486708006060051e-06   18    5   16   15
 -0.008930395170304009   18    5   16   16
 0.0004162797529803135   18    5   17    1
 0.008264154619297769   18    5   17    2
 -0.006350637965767257   18    5   17    3
 -0.006928255910712189   18    5   17    4
 -0.004322403170259629   18    5   17    5
 0.001341533396036746   18    5   17    6
 -1.098308746342001e-07   18    5   17    7
 -0.0006088199415907135   18    5   17    8
 -0.005129231757231094   18    5   17    9
 6.431717490330504e-08   18    5   17   10
 9.979734055346039e-08   18    5   17   11
 -6.721968056017776e-05   18    5   17   12
 -0.006369163700644614   18    5   17   13
 -0.0009477805654008426   18    5   17   14
 -1.58968488901556e-06   18    5   17   15
 0.004016602726890126   18    5   17   16
 -0.01122471245104911   18    5   17   17
 0.001705468073528566   18    5   18    1
 -0.008604761742824445   18    5   18    2
 0.00286411740689664   18    5   18    3
 -0.005023965831817416   18    5   18    4
 0.03482867864599072   18    5   18    5
 0.03918695766015484   18    6    1    1
 -0.0004409921205610777   18    6    2    1
 -0.02363412795584794   18    6    2    2
 -0.000852865370245791   18    6    3    1
 -0.009393576418743922   18    6    3    2
 -0.006715117074760857   18    6    3    3
 -0.0008486580242551957   18    6    4    1
 0.003929035138181879   18    6    4    2
 0.004759889818130973   18    6    4    3
 -0.001249914308015976   18    6    4    4
 -0.0004822382966460416   18    6    5    1
 0.003805898491362199   18    6    5    2
 0.003533933371323148   18    6    5    3
 -0.005917469676285864   18    6    5    4
 -0.0127148023652274   18    6    5    5
 0.0001592049952203309   18    6    6    1
 0.00222279946876303   18    6    6    2
 0.0007739431782111075   18    6    6    3
 0.001558472459961448   18    6    6    4
 -0.003739993587859215   18    6    6    5
 -0.0101914458983317   18    6    6    6
 -4.410791849915239e-08   18    6    7    1
 9.536871599970161e-08   18    6    7    2
 -1.291529267142675e-06   18    6    7    3
 -3.846359185778282e-07   18    6    7    4
 -8.930389699325034e-08   18    6    7    5
 2.672961950724496e-07   18    6    7    6
 -0.004131332618638542   18    6    7    7
 0.00050071454329348   18    6    8    1
 0.005279619996683972   18    6    8    2
 0.01164198127670529   18    6    8    3
 0.007557637563237772   18    6    8    4
 0.005622312463941527   18    6    8    5
 -4.362906174892605e-05   18    6    8    6
 3.570872371935098e-07   18    6    8    7
 -0.01058237781106476   18    6    8    8
 0.0001935132490295573   18    6    9    1
 0.005626839178680569   18    6    9    2
 3.841900717069451e-07   18    6    9    3
 0.002197127097306793   18    6    9    4
 -0.01292843059340173   18    6    9    5
 -0.004613091367138984   18    6    9    6
 3.062135463109565e-07   18    6    9    7
 3.571063787840175e-05   18    6    9    8
 -0.001812325726629345   18    6    9    9
 -1.813831804937302e-08   18    6   10    1
 -2.109805047591355e-07   18    6   10    2
 -2.236892113469775e-08   18    6   10    3
 -2.122164119057099e-07   18    6   10    4
 -4.106918706231928e-08   18    6   10    5
 -7.794443852224539e-08   18    6   10    6
 -0.001250829591916249   18    6   10    7
 -9.484715338705627e-08   18    6   10    8
 -1.095163325249149e-07   18    6   10    9
 -0.02144920248994249   18    6   10   10
 -2.008563593661769e-08   18    6   11    1
 -3.315322360733082e-08   18    6   11    2
 -1.181038840710005e-07   18    6   11    3
 -1.999345791893881e-07   18    6   11    4
 -3.514852902679995e-08   18    6   11    5
 5.038203599732504e-07   18    6   11    6
 0.00709338937387309   18    6   11    7
 3.399520239838595e-07   18    6   11    8
 1.634932831681641e-08   18    6   11    9
 0.03195045132788823   18    6   11   10
 -0.01997553067180174   18    6   11   11
 -0.0003287533666109934   18    6   12    1
 -0.001668535367808559   18    6   12    2
 0.001687192316566598   18    6   12    3
 0.003550134310903653   18    6   12    4
 -0.008358865462978515   18    6   12    5
 -0.01433277959717025   18    6   12    6
 8.734945658225761e-07   18    6   12    7
 -0.0003581473411466865   18    6   12    8
 -0.01893643049593673   18    6   12    9
 6.311633858707282e-08   18    6   12   10
 1.759255950355627e-07   18    6   12   11
 -0.008157957660570368   18    6   12   12
 -0.0004909815741829788   18    6   13    1
 6.910136817724046e-05   18    6   13    2
 0.0009186136455742438   18    6   13    3
 0.009700527949057628   18    6   13    4
 -0.004032241761048932   18    6   13    5
 -0.001575551150696751   18    6   13    6
 5.168757041959394e-07   18    6   13    7
 0.0001733892132432664   18    6   13    8
 -0.008278129808479914   18    6   13    9
 7.687513511645921e-08   18    6   13   10
 -1.246915221841583e-07   18    6   13   11
 -0.001924427021543951   18    6   13   12
 0.004741506827513437   18    6   13   13
 0.0004232373194392668   18    6   14    1
 -0.02424117570635109   18    6   14    2
 -0.01347630896027683   18    6   14    3
 0.01312668789401698   18    6   14    4
 0.003021506804116659   18    6   14    5
 -0.01792386100817712   18    6   14    6
 1.115880816396047e-06   18    6   14    7
 -5.648622599721927e-05   18    6   14    8
 -0.009033935566377306   18    6   14    9
 -1.501088334236231e-08   18    6   14   10
 9.051296932523792e-09   18    6   14   11
 0.007538332321365912   18    6   14   12
 0.0002477772868360672   18    6   14   13
 -0.01069176534952392   18    6   14   14
 -1.694764462118275e-07   18    6   15    1
 1.316860284070644e-06   18    6   15    2
 3.792609917425801e-06   18    6   15    3
 1.855429730288701e-06   18    6   15    4
 3.62823168189603e-06   18    6   15    5
 1.340344076724607e-06   18    6   15    6
 -0.000255574979298406   18    6   15    7
 -1.618753081097854e-06   18    6   15    8
 2.746648578440595e-06   18    6   15    9
 -0.004836510772477627   18    6   15   10
 0.0007029411663826851   18    6   15   11
 -7.103915775796572e-07   18    6   15   12
 1.410384037094999e-06   18    6   15   13
 -1.891117233634589e-06   18    6   15   14
 -0.00255445784979867   18    6   15   15
 0.0004062132255118957   18    6   16    1
 -0.002346665675402366   18    6   16    2
 -0.01002316988457325   18    6   16    3
 -0.003766969128400561   18    6   16    4
 -0.009897458718902458   18    6   16    5
 -0.003336958324162522   18    6   16    6
 -2.559869060749013e-08   18    6   16    7
 0.003160361500397504   18    6   16    8
 -0.006607774191564313   18    6   16    9
 -2.100498132219642e-06   18    6   16   10
 4.01186414122967e-07   18    6   16   11
 0.001639380876586564   18    6   16   12
 -0.0024402680711458   18    6   16   13
 0.004250630805046379   18    6   16   14
 2.93063123310471e-06   18    6   16   15
 -0.009630050901228166   18    6   16   16
 0.0001356460607565733   18    6   17    1
 0.006101159759983664   18    6   17    2
 -9.61426967195972e-06   18    6   17    3
 -0.008115091491758038   18    6   17    4
 -0.001145435610430649   18    6   17    5
 0.002252229663148103   18    6   17    6
 -3.688557855778781e-07   18    6   17    7
 0.003341911418475172   18    6   17    8
 0.003102503789269064   18    6   17    9
 7.221760293578904e-09   18    6   17   10
 -5.439706613396363e-08   18    6   17   11
 -0.001595460598869912   18    6   17   12
 -0.004224146160823657   18    6   17   13
 0.001786238039887601   18    6   17   14
 -2.40352064030303e-07   18    6   17   15
 -0.00139728776652166   18    6   17   16
 -0.006685049345216176   18    6   17   17
 -0.0002275687906607727   18    6   18    1
 -0.0003730398411232572   18    6   18    2
 0.001326890436758793   18    6   18    3
 -0.008353508593867409   18    6   18    4
 0.01994032377272282   18    6   18    5
 0.02687370702593332   18    6   18    6
 -2.865447254670304e-06   18    7    1    1
 2.202268116354925e-08   18    7    2    1
 1.848557992445394e-06   18    7    2    2
 5.430885235062556e-08   18    7    3    1
 -2.513136342893761e-07   18    7    3    2
 1.250479470682991e-06   18    7    3    3
 5.802420476870041e-08   18    7    4    1
 -2.361693527667259e-08   18    7    4    2
 -9.104763356862491e-07   18    7    4    3
 -2.076094516035217e-08   18    7    4    4
 2.792784862993599e-08   18    7    5    1
 -5.260597822300627e-07   18    7    5    2
 -1.749632521696068e-07   18    7    5    3
 7.100294072770489e-07   18    7    5    4
 1.310459310146454e-06   18    7    5    5
 -3.231979443907949e-09   18    7    6    1
 -1.037381368030772e-07   18    7    6    2
 -1.020874941576293e-06   18    7    6    3
 7.956187417016646e-07   18    7    6    4
 -1.03414064201506e-07   18    7    6    5
 8.970467686439604e-07   18    7    6    6
 -5.620595216342685e-05   18    7    7    1
 0.006274304539800961   18    7    7    2
 -0.009183437602418633   18    7    7    3
 0.001892610472105452   18    7    7    4
 0.0008094426202227152   18    7    7    5
 -0.001165529990109489   18    7    7    6
 1.806717106014962e-06   18    7    7    7
 -1.363736500591411e-08   18    7    8    1
 3.369046508860494e-07   18    7    8    2
 -8.395827367545044e-07   18    7    8    3
 -6.239134301666632e-07   18    7    8    4
 4.658892939806515e-07   18    7    8    5
 -4.447272580870406e-07   18    7    8    6
 -0.000803246487469437   18    7    8    7
 7.318484500633602e-07   18    7    8    8
 -1.01413287652293e-08   18    7    9    1
 -8.580383815534239e-07   18    7    9    2
 -4.729999759145031e-07   18    7    9    3
 -6.13919430881158e-07   18    7    9    4
 1.012785581667855e-06   18    7    9    5
 -9.774237787385952e-08   18    7    9    6
 0.002100380568270044   18    7    9    7
 -3.89155504171201e-07   18    7    9    8
 1.818058918450355e-07   18    7    9    9
 -0.000245356366358687   18    7   10    1
 -0.001949540078367789   18    7   10    2
 0.0009237708073073955   18    7   10    3
 -0.002003220314809336   18    7   10    4
 -0.0003999911285677213   18    7   10    5
 -5.862021769362387e-05   18    7   10    6
 -3.062681755272457e-07   18    7   10    7
 -0.0003669510665385784   18    7   10    8
 -0.00189047707451758   18    7   10    9
 9.765242629713624e-07   18    7   10   10
 -0.0002847201675403266   18    7   11    1
 -0.0002954407089708421   18    7   11    2
 -0.001099062758619334   18    7   11    3
 -0.001851462010375902   18    7   11    4
 0.0007721118848322758   18    7   11    5
 0.001107377180119102   18    7   11    6
 -4.028872079983579e-07   18    7   11    7
 -0.00142987543470528   18    7   11    8
 -9.01721637366825e-06   18    7   11    9
 -1.796271632245797e-06   18    7   11   10
 8.266710844028867e-07   18    7   11   11
 2.831622084648575e-08   18    7   12    1
 3.130894739331347e-07   18    7   12    2
 -3.885448327072099e-07   18    7   12    3
 -8.300398598160033e-07   18    7   12    4
 3.599290934039154e-07   18    7   12    5
 5.851447339038184e-07   18    7   12    6
 0.001793971414804428   18    7   12    7
 -6.498015015965953e-08   18    7   12    8
 9.15036765883599e-07   18    7   12    9
 0.0004518352975709515   18    7   12   10
 0.002479499944022882   18    7   12   11
 5.851951438861059e-07   18    7   12   12
 4.721529944838194e-08   18    7   13    1
 -5.146659134046893e-08   18    7   13    2
 -2.635408497611747e-07   18    7   13    3
 -5.410874895112007e-07   18    7   13    4
 -6.445934207731331e-07   18    7   13    5
 4.241688811025434e-07   18    7   13    6
 0.006548162012888216   18    7   13    7
 -7.237044124479893e-08   18    7   13    8
 1.364154686157232e-06   18    7   13    9
 -0.00192023389109978   18    7   13   10
 0.0001407602140543565   18    7   13   11
 5.964034282301614e-07   18    7   13   12
 4.747356222504747e-07   18    7   13   13
 -2.174397010520366e-08   18    7   14    1
 9.910419605379156e-07   18    7   14    2
 8.761532255105612e-07   18    7   14    3
 -7.754239158610333e-07   18    7   14    4
 2.113606338876218e-07   18    7   14    5
 1.167069462675583e-06   18    7   14    6
 -0.0006124726257960683   18    7   14    7
 -1.841478258871824e-07   18    7   14    8
 7.753338507196766e-07   18    7   14    9
 0.0002346124750902887   18    7   14   10
 9.953262924737142e-05   18    7   14   11
 -1.269567277005107e-06   18    7   14   12
 -7.417967913105767e-08   18    7   14   13
 6.229195005556797e-07   18    7   14   14
 0.0001125718668897181   18    7   15    1
 0.003402578780983362   18    7   15    2
 -0.006684107901518805   18    7   15    3
 0.002202568224998152   18    7   15    4
 -0.00322941328046504   18    7   15    5
 0.0008447961567517226   18    7   15    6
 7.776690971436296e-07   18    7   15    7
 -0.004230843728496868   18    7   15    8
 0.003402005327612979   18    7   15    9
 -1.702953151467434e-08   18    7   15   10
 -4.059001201466498e-07   18    7   15   11
 0.002760945093855516   18    7   15   12
 0.005549607539517143   18    7   15   13
 -0.002766455184079511   18    7   15   14
 7.432320011985484e-07   18    7   15   15
 2.067681196445752e-08   18    7   16    1
 1.628542061293569e-06   18    7   16    2
 -2.521870989411128e-06   18    7   16    3
 1.198677281878265e-06   18    7   16    4
 -1.121876114243839e-06   18    7   16    5
 1.066254916405218e-06   18    7   16    6
 0.001617077230296296   18    7   16    7
 -2.010966292274338e-06   18    7   16    8
 1.10198658851815e-06   18    7   16    9
 0.0001207202060373413   18    7   16   10
 0.00130161033815623   18    7   16   11
 6.849899122545515e-08   18    7   16   12
 3.023370645417992e-06   18    7   16   13
 -1.958993888398676e-06   18    7   16   14
 0.001261007575893755   18    7   16   15
 2.406732948191517e-06   18    7   16   16
 -1.616771657394288e-08   18    7   17    1
 -9.558870280659553e-07   18    7   17    2
 8.082012556450856e-07   18    7   17    3
 -2.611337693152973e-08   18    7   17    4
 -1.451305503796614e-07   18    7   17    5
 -2.902877385310363e-07   18    7   17    6
 -0.001412863548699455   18    7   17    7
 -3.514696395387875e-07   18    7   17    8
 -5.649896751491673e-07   18    7   17    9
 0.0002481536650580819   18    7   17   10
 -0.0008179731899235221   18    7   17   11
 -3.83808839466633e-08   18    7   17   12
 6.918755848818905e-07   18    7   17   13
 1.52101261755541e-07   18    7   17   14
 -0.008387821046623825   18    7   17   15
 -3.885354876767553e-06   18    7   17   16
 1.808788336824689e-06   18    7   17   17
 2.174516855295988e-08   18    7   18    1
 2.198750107586011e-07   18    7   18    2
 -3.307130155202611e-07   18    7   18    3
 4.578937344844194e-07   18    7   18    4
 -9.217728894918655e-07   18    7   18    5
 -1.320455150273524e-06   18    7   18    6
 0.003967689230153505   18    7   18    7
 0.01420092091543485   18    8    1    1
 -7.453071441351703e-06   18    8    2    1
 -0.008232572400702432   18    8    2    2
 -0.0001062013169781441   18    8    3    1
 0.0107825477729753   18    8    3    2
 -0.010810752582247   18    8    3    3
 -0.0002214978651588138   18    8    4    1
 -0.002882367746280141   18    8    4    2
 0.01045665537270329   18    8    4    3
 0.004465037190656704   18    8    4    4
 4.800626130156598e-05   18    8    5    1
 0.004520705807065399   18    8    5    2
 0.002169490468725117   18    8    5    3
 -0.00765417792351497   18    8    5    4
 -0.008777170376916839   18    8    5    5
 -6.900262470215437e-05   18    8    6    1
 0.006674659579104081   18    8    6    2
 0.00657731394569347   18    8    6    3
 -0.01026444173791059   18    8    6    4
 0.00549595804000218   18    8    6    5
 -0.004749767107226814   18    8    6    6
 1.274668435619694e-08   18    8    7    1
 1.604496087762431e-07   18    8    7    2
 -6.073867985891954e-07   18    8    7    3
 3.800691282989745e-07   18    8    7    4
 3.576322488059345e-07   18    8    7    5
 -1.193579210935715e-06   18    8    7    6
 -0.01995339899352033   18    8    7    7
 -0.0001964487245701943   18    8    8    1
 -0.005710246837699481   18    8    8    2
 -0.002302351083418582   18    8    8    3
 0.005698155912113824   18    8    8    4
 -0.0124099322165986   18    8    8    5
 0.004993178214788298   18    8    8    6
 -1.400049102218977e-06   18    8    8    7
 -0.001972162929635971   18    8    8    8
 -0.0001386354549548156   18    8    9    1
 0.009744796651628234   18    8    9    2
 0.007679388137481652   18    8    9    3
 0.007811647884738557   18    8    9    4
 -0.00633368232766034   18    8    9    5
 0.0052838408911085   18    8    9    6
 -6.263578158639753e-07   18    8    9    7
 0.008010212146183819   18    8    9    8
 0.002408512937565061   18    8    9    9
 -7.838530891601403e-09   18    8   10    1
 -3.34466195821133e-08   18    8   10    2
 4.129011260411488e-08   18    8   10    3
 -9.008664750985436e-08   18    8   10    4
 -1.271309765015551e-08   18    8   10    5
 3.864046563911395e-07   18    8   10    6
 0.006632339315872844   18    8   10    7
 3.498344740732485e-07   18    8   10    8
 -1.265511681457173e-07   18    8   10    9
 0.003612667142017323   18    8   10   10
 -8.86751599545988e-09   18    8   11    1
 1.451490498766569e-08   18    8   11    2
 -8.429048875450258e-08   18    8   11    3
 -4.138278037599616e-08   18    8   11    4
 2.243899524951359e-08   18    8   11    5
 1.396334363784975e-07   18    8   11    6
 0.001659307068815147   18    8   11    7
 3.597578355367326e-08   18    8   11    8
 1.023751740618788e-07   18    8   11    9
 0.00196274363983295   18    8   11   10
 0.004835640681845376   18    8   11   11
 -4.688024082211569e-05   18    8   12    1
 -0.001016016707962104   18    8   12    2
 0.004742038494998303   18    8   12    3
 0.01087545548874537   18    8   12    4
 0.001001833805929761   18    8   12    5
 0.003868448359062761   18    8   12    6
 -2.437501469410384e-07   18    8   12    7
 0.003469902777542777   18    8   12    8
 0.002795011248909713   18    8   12    9
 4.062400445120472e-08   18    8   12   10
 2.404340662649666e-07   18    8   12   11
 0.0009459587941697427   18    8   12   12
 -0.0003065747894144477   18    8   13    1
 -0.0007053225392932255   18    8   13    2
 0.00641175099979267   18    8   13    3
 -0.002104679822491462   18    8   13    4
 0.01397877183248826   18    8   13    5
 0.0005954416052702088   18    8   13    6
 1.949332383925627e-07   18    8   13    7
 0.006605464327409688   18    8   13    8
 -0.01625342930238122   18    8   13    9
 -6.786511918748736e-08   18    8   13   10
 1.565320671274532e-07   18    8   13   11
 -0.009052777482512318   18    8   13   12
 -0.01183149967200475   18    8   13   13
 7.461167080854737e-06   18    8   14    1
 0.003969078563167747   18    8   14    2
 -0.001549357463894389   18    8   14    3
 0.001022854003583953   18    8   14    4
 -0.005746360728872116   18    8   14    5
 -0.002263283545979575   18    8   14    6
 -9.815509449839438e-08   18    8   14    7
 0.002000178526857757   18    8   14    8
 -0.002946344577498051   18    8   14    9
 2.500197932829388e-08   18    8   14   10
 7.36334023518687e-09   18    8   14   11
 0.01414816529604366   18    8   14   12
 0.001139470102681516   18    8   14   13
 -0.0003330284045598735   18    8   14   14
 -4.75015219025697e-08   18    8   15    1
 7.101559586726089e-07   18    8   15    2
 -2.560036017991904e-06   18    8   15    3
 4.712326926925884e-07   18    8   15    4
 -1.291796041882895e-06   18    8   15    5
 2.002911917931209e-06   18    8   15    6
 -0.01166039720715859   18    8   15    7
 -2.024633871838308e-06   18    8   15    8
 -4.773680579794243e-06   18    8   15    9
 0.0006031960328480865   18    8   15   10
 -0.004535477122992722   18    8   15   11
 -6.280116972721362e-06   18    8   15   12
 4.717262102690182e-06   18    8   15   13
 -3.895409834383838e-06   18    8   15   14
 -0.02561643396923612   18    8   15   15
 0.0001106439628754847   18    8   16    1
 -0.0009784386692135872   18    8   16    2
 0.005336116622976913   18    8   16    3
 -0.0007148645185062898   18    8   16    4
 0.003997418149096165   18    8   16    5
 -0.006413758348665534   18    8   16    6
 -4.549720448825944e-06   18    8   16    7
 0.00326230308248216   18    8   16    8
 0.01121382852864653   18    8   16    9
 2.610772992676967e-07   18    8   16   10
 -1.79832546090765e-06   18    8   16   11
 0.01474676975616986   18    8   16   12
 -0.01011835291709043   18    8   16   13
 0.009131004611465243   18    8   16   14
 -7.510393816189168e-06   18    8   16   15
 -0.007862450174418797   18    8   16   16
 0.0001033490145868517   18    8   17    1
 0.005889535740699918   18    8   17    2
 -0.007875395034987827   18    8   17    3
 0.006094717299630292   18    8   17    4
 0.001330190459810464   18    8   17    5
 0.002255757887466516   18    8   17    6
 -1.383134943398392e-07   18    8   17    7
 0.0007213320792817286   18    8   17    8
 0.005520067823770125   18    8   17    9
 2.504016015301013e-08   18    8   17   10
 7.130453461792269e-08   18    8   17   11
 0.002747673416934624   18    8   17   12
 -0.008356363147792452   18    8   17   13
 -0.003218507820256363   18    8   17   14
 -2.698826666254275e-06   18    8   17   15
 0.005720987293172904   18    8   17   16
 -0.01760911875678777   18    8   17   17
 5.514384229532595e-05   18    8   18    1
 -0.004096357183943879   18    8   18    2
 0.002526326717055639   18    8   18    3
 0.001310956693637672   18    8   18    4
 -0.002696756480816583   18    8   18    5
 0.001560560333760646   18    8   18    6
 -8.751490973790423e-07   18    8   18    7
 0.01664274025719084   18    8   18    8
 -0.1810511165933724   18    9    1    1
 0.0003197954145596442   18    9    2    1
 -0.0394642797048658   18    9    2    2
 0.002046910531393169   18    9    3    1
 -0.03403011859173102   18    9    3    2
 -0.03973568104724555   18    9    3    3
 0.002695730921630098   18    9    4    1
 -0.004864796120662484   18    9    4    2
 -0.03009151710604643   18    9    4    3
 -0.04229060474344145   18    9    4    4
 8.722273255188685e-05   18    9    5    1
 0.003096123130189294   18    9    5    2
 -0.01779962387798516   18    9    5    3
 -0.005006963148516538   18    9    5    4
 -0.03940667861848599   18    9    5    5
 0.0004509953513058083   18    9    6    1
 0.007228279627821402   18    9    6    2
 0.0004051557279346777   18    9    6    3
 0.01549225341478112   18    9    6    4
 -0.01448955553336932   18    9    6    5
 -0.02427629322587134   18    9    6    6
 -9.778567484852809e-08   18    9    7    1
 -2.045896651753801e-06   18    9    7    2
 -9.04001762570824e-07   18    9    7    3
 -1.617103366532136e-06   18    9    7    4
 -3.081383951366362e-07   18    9    7    5
 2.426790382687413e-06   18    9    7    6
 -0.001010529387180587   18    9    7    7
 0.00135821881657172   18    9    8    1
 0.03093958817202695   18    9    8    2
 0.01577873402168167   18    9    8    3
 0.01139065283273107   18    9    8    4
 0.01747841602224869   18    9    8    5
 -0.02112359189935495   18    9    8    6
 4.211390073020541e-06   18    9    8    7
 -0.0548143604294333   18    9    8    8
 -3.584566040572926e-05   18    9    9    1
 -0.00189369582335019   18    9    9    2
 0.01043650959723313   18    9    9    3
 -0.004603220209104099   18    9    9    4
 0.00843117565397717   18    9    9    5
 -0.003610265885542004   18    9    9    6
 -3.381701491907654e-08   18    9    9    7
 0.004491944471576684   18    9    9    8
 -0.03264186562712584   18    9    9    9
 -6.248165635693014e-09   18    9   10    1
 -6.367979624496567e-08   18    9   10    2
 2.696873040137784e-08   18    9   10    3
 7.950040751752575e-08   18    9   10    4
 1.505127695823712e-07   18    9   10    5
 -1.432898706007854e-06   18    9   10    6
 -0.02398398061315465   18    9   10    7
 -1.291724072353423e-06   18    9   10    8
 2.800936305256272e-08   18    9   10    9
 -0.08400736824345192   18    9   10   10
 -1.541490548829681e-08   18    9   11    1
 -2.719216034439276e-08   18    9   11    2
 1.439392209226599e-07   18    9   11    3
 2.247695719154332e-07   18    9   11    4
 3.907264644619012e-08   18    9   11    5
 -5.573383623311929e-07   18    9   11    6
 -0.01015211621149503   18    9   11    7
 -3.387342604464945e-07   18    9   11    8
 1.804791722876414e-08   18    9   11    9
 -0.004175027247946101   18    9   11   10
 -0.08959718505793131   18    9   11   11
 -0.0003515144826862134   18    9   12    1
 0.008095716498873163   18    9   12    2
 -0.00436828392005847   18    9   12    3
 0.01467548746927255   18    9   12    4
 -0.04359139610442516   18    9   12    5
 -0.03056363305722323   18    9   12    6
 1.476444070092329e-06   18    9   12    7
 0.002619769849269509   18    9   12    8
 0.01368972017887218   18    9   12    9
 8.095932375791499e-09   18    9   12   10
 3.425278774082506e-08   18    9   12   11
 -0.0379153994107069   18    9   12   12
 0.003074682604652814   18    9   13    1
 0.0003866978776562093   18    9   13    2
 -0.01607124915098042   18    9   13    3
 -0.0223628790612143   18    9   13    4
 -0.01007624419275416   18    9   13    5
 -0.01882053539345284   18    9   13    6
 2.152743685365906e-06   18    9   13    7
 -0.02389973468282849   18    9   13    8
 0.001269688967348178   18    9   13    9
 -1.685779500742802e-07   18    9   13   10
 -6.463910845344013e-07   18    9   13   11
 -0.01560708527149691   18    9   13   12
 -0.02470312600460347   18    9   13   13
 -0.0006165666896582561   18    9   14    1
 -0.02547998069160274   18    9   14    2
 -0.003971946106575474   18    9   14    3
 0.02803873088130662   18    9   14    4
 0.01159602683156277   18    9   14    5
 -0.01627565907985116   18    9   14    6
 1.37690356516392e-06   18    9   14    7
 -0.004097913279333658   18    9   14    8
 -0.0001389519017537487   18    9   14    9
 3.907851944650419e-08   18    9   14   10
 5.814140964890663e-08   18    9   14   11
 0.001398960486428502   18    9   14   12
 0.003195985416749079   18    9   14   13
 -0.02546201653738456   18    9   14   14
 7.825061673292362e-07   18    9   15    1
 -3.82009404966876e-07   18    9   15    2
 -3.886381953796158e-06   18    9   15    3
 -9.102634933683741e-06   18    9   15    4
 7.135905524514234e-06   18    9   15    5
 2.285742015859201e-06   18    9   15    6
 0.005899116742506837   18    9   15    7
 -8.003220836889619e-06   18    9   15    8
 6.882201276637684e-07   18    9   15    9
 0.007132966064449753   18    9   15   10
 0.01817135714827081   18    9   15   11
 5.395454346280751e-06   18    9   15   12
 -4.413940229336422e-06   18    9   15   13
 2.781585628464623e-06   18    9   15   14
 0.003211320735033505   18    9   15   15
 -0.001748868203468907   18    9   16    1
 0.001154219939802173   18    9   16    2
 0.009014908300363556   18    9   16    3
 0.02038431347519671   18    9   16    4
 -0.01817649025747303   18    9   16    5
 -0.005637339810532362   18    9   16    6
 1.702722729929609e-06   18    9   16    7
 0.01915172625735369   18    9   16    8
 -0.002408440851952863   18    9   16    9
 2.97363782242578e-06   18    9   16   10
 7.744257196580952e-06   18    9   16   11
 -0.01373324809806484   18    9   16   12
 0.009817770310830689   18    9   16   13
 -0.006180905628177275   18    9   16   14
 7.42769957741258e-06   18    9   16   15
 -0.0147016084819474   18    9   16   16
 -0.001160461782746907   18    9   17    1
 0.002148101059264858   18    9   17    2
 0.01240475912550901   18    9   17    3
 0.001941962619320782   18    9   17    4
 -0.008618420710030933   18    9   17    5
 0.006780894172876803   18    9   17    6
 -1.169711893800397e-06   18    9   17    7
 0.01167963190954728   18    9   17    8
 0.001119942648416605   18    9   17    9
 -9.231960285545193e-08   18    9   17   10
 -1.392678127694384e-07   18    9   17   11
 0.0004462558538709895   18    9   17   12
 0.0132831592741949   18    9   17   13
 0.006024148520626556   18    9   17   14
 4.506257087445454e-06   18    9   17   15
 -0.01021355863458111   18    9   17   16
 0.003370856457609202   18    9   17   17
 -0.0003163185813872553   18    9   18    1
 0.000521381996167306   18    9   18    2
 -0.003783645684751231   18    9   18    3
 0.01087393726041658   18    9   18    4
 -0.001741859801770423   18    9   18    5
 0.01240660483872372   18    9   18    6
 -4.495866497091e-07   18    9   18    7
 -0.002112681068985356   18    9   18    8
 0.06173309115142432   18    9   18    9
 -5.077645961507775e-07   18   10    1    1
 5.42956036245719e-09   18   10    2    1
 -2.972600544973667e-08   18   10    2    2
 -1.41197718785655e-09   18   10    3    1
 5.663255620420512e-08   18   10    3    2
 -2.622285445241353e-07   18   10    3    3
 1.701076300854929e-08   18   10    4    1
 -3.358176409724644e-08   18   10    4    2
 -2.662233810231827e-08   18   10    4    3
 -9.710035447871596e-08   18   10    4    4
 -2.380434424708761e-08   18   10    5    1
 -1.141947984180395e-07   18   10    5    2
 -2.21423873896288e-07   18   10    5    3
 -2.514775256038939e-09   18   10    5    4
 -9.738853550839868e-08   18   10    5    5
 -2.056127436952137e-08   18   10    6    1
 -1.679173679115254e-07   18   10    6    2
 1.256925699266459e-07   18   10    6    3
 -1.45791456276159e-07   18   10    6    4
 6.311477982471931e-08   18   10    6    5
 -1.307180539839822e-07   18   10    6    6
 -0.0001240605415129104   18   10    7    1
 -0.00166097717068549   18   10    7    2
 0.002695603897665841   18   10    7    3
 -0.001037493342125247   18   10    7    4
 0.0004612411464203194   18   10    7    5
 0.0002940456347506461   18   10    7    6
 -2.452661057514042e-07   18   10    7    7
 -8.245850605648463e-09   18   10    8    1
 -6.028797047677528e-09   18   10    8    2
 7.500265804492727e-08   18   10    8    3
 -6.102312607880043e-08   18   10    8    4
 -9.827117524767318e-09   18   10    8    5
 5.033371157368021e-08   18   10    8    6
 0.0005209251287059879   18   10    8    7
 -1.173363799154999e-07   18   10    8    8
 3.561749039668787e-08   18   10    9    1
 -8.412011221200165e-08   18   10    9    2
 8.183349880757618e-08   18   10    9    3
 1.506370476396271e-07   18   10    9    4
 1.312480560985479e-07   18   10    9    5
 -1.023041230319013e-07   18   10    9    6
 -0.002936170761339341   18   10    9    7
 -1.090905216548778e-07   18   10    9    8
 -1.358858668883561e-07   18   10    9    9
 -0.0005126463279463328   18   10   10    1
 0.0007811167632463746   18   10   10    2
 -0.0001420516371903773   18   10   10    3
 -0.001872707326043636   18   10   10    4
 -0.001002971202391163   18   10   10    5
 -0.002351503705715351   18   10   10    6
 6.986819311546843e-08   18   10   10    7
 0.0002106598654222154   18   10   10    8
 -0.007592761726952848   18   10   10    9
 -1.060874009086462e-07   18   10   10   10
 -0.0006049457532279522   18   10   11    1
 -0.002299011472718418   18   10   11    2
 -0.0001150591643008783   18   10   11    3
 -0.003151342119095399   18   10   11    4
 0.007556271077089272   18   10   11    5
 0.005738987105994128   18   10   11    6
 -4.035136225783534e-07   18   10   11    7
 0.0002921245498637828   18   10   11    8
 -0.0009812935526271481   18   10   11    9
 -1.694893967312067e-07   18   10   11   10
 -1.197014408127108e-07   18   10   11   11
 -4.528656010405559e-08   18   10   12    1
 -9.09261630663552e-08   18   10   12    2
 -7.935293446478195e-08   18   10   12    3
 -7.557663171036602e-08   18   10   12    4
 -9.887195297734559e-08   18   10   12    5
 6.36800711766615e-08   18   10   12    6
 0.0002816934639485344   18   10   12    7
 9.057912006807058e-08   18   10   12    8
 4.166669024595517e-08   18   10   12    9
 -0.0001895556220422822   18   10   12   10
 0.008300490502865339   18   10   12   11
 -1.19712466505595e-07   18   10   12   12
 -1.822554920038648e-08   18   10   13    1
 -1.253851727885247e-08   18   10   13    2
 -1.037248387312196e-07   18   10   13    3
 -1.12966895445691e-07   18   10   13    4
 7.840389764831997e-08   18   10   13    5
 -8.240716373334235e-08   18   10   13    6
 -0.001772197840804922   18   10   13    7
 -8.516826338541493e-08   18   10   13    8
 -1.005043389291673e-08   18   10   13    9
 -0.0007887042262185648   18   10   13   10
 0.001576156007521926   18   10   13   11
 1.482200318571551e-08   18   10   13   12
 -2.021350744240976e-07   18   10   13   13
 -1.938796256624384e-09   18   10   14    1
 5.912337536323309e-08   18   10   14    2
 1.295704616568828e-08   18   10   14    3
 1.350386235893629e-08   18   10   14    4
 3.011809318154478e-08   18   10   14    5
 4.16123427973389e-08   18   10   14    6
 0.0003353830921090123   18   10   14    7
 2.286154118404161e-08   18   10   14    8
 2.074406872659893e-08   18   10   14    9
 0.0009583200105261339   18   10   14   10
 0.0002973751190078719   18   10   14   11
 -6.262346785846104e-08   18   10   14   12
 5.266032471025301e-09   18   10   14   13
 -3.269919643779664e-11   18   10   14   14
 0.0002329528640828657   18   10   15    1
 -0.0004312024369634606   18   10   15    2
 0.002331651383082034   18   10   15    3
 0.0007816056249304632   18   10   15    4
 -0.0003307615847473899   18   10   15    5
 -0.00105973825396503   18   10   15    6
 -1.548292644232396e-07   18   10   15    7
 0.001390235838985394   18   10   15    8
 -0.0003371113727808407   18   10   15    9
 4.0491727946505e-08   18   10   15   10
 -1.494037428912665e-06   18   10   15   11
 -0.002395196951235257   18   10   15   12
 -0.001495404565981282   18   10   15   13
 0.0004049142171790928   18   10   15   14
 9.915019936038433e-07   18   10   15   15
 8.579965713418565e-08   18   10   16    1
 -1.898161646071292e-07   18   10   16    2
 9.928674064462731e-07   18   10   16    3
 3.449303114435147e-07   18   10   16    4
 -1.396725887604815e-07   18   10   16    5
 -5.053424428473296e-07   18   10   16    6
 -0.0002563286757936644   18   10   16    7
 6.165900814042354e-07   18   10   16    8
 -1.512261384149948e-07   18   10   16    9
 -0.000104863348626751   18   10   16   10
 0.003819558324613498   18   10   16   11
 -9.151886389636436e-07   18   10   16   12
 -5.798222936717907e-07   18   10   16   13
 1.135009144610837e-07   18   10   16   14
 -0.001377124461073793   18   10   16   15
 -1.375566542237498e-06   18   10   16   16
 -3.516694491315879e-09   18   10   17    1
 8.871168019549724e-08   18   10   17    2
 -1.105430959759631e-07   18   10   17    3
 5.928723498783622e-08   18   10   17    4
 3.828145276618756e-08   18   10   17    5
 -1.066615465820409e-08   18   10   17    6
 0.0003378659250294951   18   10   17    7
 5.826621158868141e-08   18   10   17    8
 -3.42643636635146e-09   18   10   17    9
 5.128299926749448e-05   18   10   17   10
 0.001059952468535801   18   10   17   11
 3.918387285797955e-08   18   10   17   12
 7.263691592273833e-08   18   10   17   13
 -4.659651291344585e-08   18   10   17   14
 0.001743267136183585   18   10   17   15
 7.953877239995323e-07   18   10   17   16
 -1.552359348227824e-07   18   10   17   17
 -5.976983535897228e-08   18   10   18    1
 1.700682217875076e-08   18   10   18    2
 -7.227771099937589e-09   18   10   18    3
 -5.102533562241504e-08   18   10   18    4
 -7.542797632499064e-08   18   10   18    5
 6.872808334220916e-08   18   10   18    6
 0.001905287556576078   18   10   18    7
 9.784746343134682e-08   18   10   18    8
 2.464723745274379e-08   18   10   18    9
 0.01126296849531762   18   10   18   10
 -6.192160911960788e-07   18   11    1    1
 6.484982086854993e-09   18   11    2    1
 -2.125834315005725e-07   18   11    2    2
 -2.624212605067845e-09   18   11    3    1
 -4.730743524247286e-08   18   11    3    2
 -3.331043168121429e-07   18   11    3    3
 2.506726590942451e-08   18   11    4    1
 4.184965855099495e-08   18   11    4    2
 2.948714887947674e-09   18   11    4    3
 -6.146379785899833e-08   18   11    4    4
 -3.646755026846981e-08   18   11    5    1
 1.022923118798593e-10   18   11    5    2
 -2.28966350159359e-07   18   11    5    3
 -1.546264689031947e-07   18   11    5    4
 -2.710633920329376e-07   18   11    5    5
 -2.766928893406197e-08   18   11    6    1
 -6.196419971340141e-08   18   11    6    2
 -4.364669811961084e-08   18   11    6    3
 -1.129381812505323e-07   18   11    6    4
 1.221284095020256e-07   18   11    6    5
 -6.186316516636119e-08   18   11    6    6
 -0.0001687146071561743   18   11    7    1
 -0.0004261825426995806   18   11    7    2
 -0.0001379919699433152   18   11    7    3
 -0.0008906039968197205   18   11    7    4
 0.002362873549010716   18   11    7    5
 0.001538534398737988   18   11    7    6
 -3.3421069013194e-07   18   11    7    7
 -6.975168189565648e-09   18   11    8    1
 7.819539026577328e-08   18   11    8    2
 -4.033374531070506e-08   18   11    8    3
 8.820291270455971e-08   18   11    8    4
 9.461789972259823e-08   18   11    8    5
 8.369848892370519e-08   18   11    8    6
 0.0004198431909746629   18   11    8    7
 -1.802973084993379e-07   18   11    8    8
 5.266515827517277e-08   18   11    9    1
 -1.054289443383289e-08   18   11    9    2
 2.078342495831001e-07   18   11    9    3
 2.616756789098176e-07   18   11    9    4
 -2.881008864685304e-08   18   11    9    5
 -5.990580065382342e-08   18   11    9    6
 -0.001301914747260548   18   11    9    7
 1.152939577945165e-07   18   11    9    8
 -1.48421469245173e-07   18   11    9    9
 -0.0006924437643079266   18   11   10    1
 -0.003368749912366136   18   11   10    2
 -0.001167113259695322   18   11   10    3
 -0.004464816145301418   18   11   10    4
 0.008187827933386965   18   11   10    5
 0.006747084678183876   18   11   10    6
 -4.731043066445965e-07   18   11   10    7
 0.0005960637500306266   18   11   10    8
 -0.0007826042849890782   18   11   10    9
 -3.194893497245106e-07   18   11   10   10
 -0.0008108426581591979   18   11   11    1
 0.0004607554757383634   18   11   11    2
 0.0002291230552074081   18   11   11    3
 -0.003295647390978842   18   11   11    4
 -0.0007985181710514037   18   11   11    5
 -0.002450035035638406   18   11   11    6
 4.394670422134823e-08   18   11   11    7
 -3.425204923347491e-05   18   11   11    8
 -0.01006345685827105   18   11   11    9
 2.540760302863752e-08   18   11   11   10
 -3.272117091649927e-07   18   11   11   11
 -6.678271725029599e-08   18   11   12    1
 -7.564055482371885e-08   18   11   12    2
 -4.687390935855225e-08   18   11   12    3
 1.20337695361063e-08   18   11   12    4
 -1.98657831042497e-07   18   11   12    5
 1.589782466815618e-07   18   11   12    6
 0.002546310870875934   18   11   12    7
 2.616629250458382e-07   18   11   12    8
 1.262155008965729e-07   18   11   12    9
 0.009834904535428981   18   11   12   10
 0.0005370287798990182   18   11   12   11
 -1.538840757131659e-07   18   11   12   12
 -2.217582489922385e-08   18   11   13    1
 -2.931659400976552e-08   18   11   13    2
 -6.355830805381911e-08   18   11   13    3
 -1.949379383648283e-07   18   11   13    4
 7.783391617735747e-08   18   11   13    5
 -1.315117748973325e-08   18   11   13    6
 0.0005940127674529092   18   11   13    7
 2.883874612021214e-08   18   11   13    8
 -1.818909046910185e-07   18   11   13    9
 0.001777808603775553   18   11   13   10
 -0.001527442543000515   18   11   13   11
 -2.137752867258687e-07   18   11   13   12
 -3.016191291195163e-07   18   11   13   13
 -2.161334717556268e-09   18   11   14    1
 -1.482993468054735e-08   18   11   14    2
 -1.737681871902273e-08   18   11   14    3
 8.15985584268122e-08   18   11   14    4
 2.930173411992923e-08   18   11   14    5
 -2.425249680059089e-08   18   11   14    6
 3.61076591247059e-05   18   11   14    7
 3.074612364242885e-08   18   11   14    8
 2.666534577537798e-08   18   11   14    9
 0.0002785761601206027   18   11   14   10
 0.001464017146505287   18   11   14   11
 6.108059389472042e-08   18   11   14   12
 3.156214289586511e-08   18   11   14   13
 -2.293243520985685e-07   18   11   14   14
 0.0003109730707436436   18   11   15    1
 0.0003918177925313717   18   11   15    2
 0.000466394997154278   18   11   15    3
 0.001585490698602771   18   11   15    4
 -0.0003241956674982509   18   11   15    5
 9.167215052616766e-05   18   11   15    6
 -6.519261289016045e-07   18   11   15    7
 6.267867447936426e-05   18   11   15    8
 0.001815524442221262   18   11   15    9
 -1.741658855886928e-06   18   11   15   10
 -1.966217325615195e-07   18   11   15   11
 -0.0007455866704828224   18   11   15   12
 0.0005541231956540273   18   11   15   13
 -0.0005784705071922797   18   11   15   14
 3.92216311919417e-07   18   11   15   15
 1.118820447682207e-07   18   11   16    1
 1.633622800665314e-07   18   11   16    2
 2.237027046484922e-07   18   11   16    3
 7.267577375494149e-07   18   11   16    4
 -1.709712222729295e-07   18   11   16    5
 7.173938689142074e-08   18   11   16    6
 0.001055394111980952   18   11   16    7
 2.137866260136555e-07   18   11   16    8
 8.253828358730906e-07   18   11   16    9
 0.004488800768086036   18   11   16   10
 0.0002929607532096424   18   11   16   11
 -1.541410504701655e-07   18   11   16   12
 1.755604053954354e-07   18   11   16   13
 -2.209318121569608e-07   18   11   16   14
 -0.000606462751066742   18   11   16   15
 -7.057756340307711e-07   18   11   16   16
 -6.280132240746214e-09   18   11   17    1
 8.444374435316521e-08   18   11   17    2
 -5.519398090679636e-08   18   11   17    3
 5.164966300145363e-08   18   11   17    4
 2.566309762041178e-08   18   11   17    5
 -2.581156315363454e-08   18   11   17    6
 -5.237643189013826e-05   18   11   17    7
 9.072672894383872e-08   18   11   17    8
 2.744040037825954e-08   18   11   17    9
 0.0009503638278336652   18   11   17   10
 0.00013686703851565   18   11   17   11
 6.313698380574406e-08   18   11   17   12
 7.577628812368369e-08   18   11   17   13
 5.384423220331752e-08   18   11   17   14
 -0.0006920512857294951   18   11   17   15
 -2.306604156486804e-07   18   11   17   16
 -5.716836744191817e-08   18   11   17   17
 -8.792211909427669e-08   18   11   18    1
 -3.205231850349805e-08   18   11   18    2
 -5.519658483099502e-08   18   11   18    3
 -4.016721207933628e-08   18   11   18    4
 -7.344618092695868e-08   18   11   18    5
 8.104300636101779e-08   18   11   18    6
 0.001175032092058963   18   11   18    7
 1.106111134459967e-07   18   11   18    8
 1.590686886593155e-07   18   11   18    9
 -0.0005526377138942001   18   11   18   10
 0.01425992545087002   18   11   18   11
 0.203047678631194   18   12    1    1
 -0.001556491282830165   18   12    2    1
 -0.03500514936513224   18   12    2    2
 -0.002886717510593987   18   12    3    1
 -0.04454408037715918   18   12    3    2
 0.04721626247971794   18   12    3    3
 -0.00302264999058355   18   12    4    1
 0.04579796804127025   18   12    4    2
 0.04241925678762853   18   12    4    3
 0.04369052382483211   18   12    4    4
 -0.001382962578441192   18   12    5    1
 0.03841302718678414   18   12    5    2
 0.009757504160635925   18   12    5    3
 -0.03264424636934082   18   12    5    4
 -0.003191694463302423   18   12    5    5
 0.0007159321216825578   18   12    6    1
 -0.03026466601275956   18   12    6    2
 0.002547090963280464   18   12    6    3
 0.03015656327878773   18   12    6    4
 -0.02374263404278668   18   12    6    5
 -0.01809963853938185   18   12    6    6
 -1.485772582688174e-07   18   12    7    1
 2.851870025253724e-06   18   12    7    2
 -1.361242357047415e-06   18   12    7    3
 -4.713762376487029e-06   18   12    7    4
 3.290971306282472e-08   18   12    7    5
 4.0194185950053e-06   18   12    7    6
 0.05473659967188161   18   12    7    7
 0.001780795124841052   18   12    8    1
 -0.008740690581696726   18   12    8    2
 0.02211411008787456   18   12    8    3
 0.05032368035124941   18   12    8    4
 0.0154089835641715   18   12    8    5
 0.002508209444075477   18   12    8    6
 6.138831437094101e-07   18   12    8    7
 0.04427276599225889   18   12    8    8
 0.0004186643616516715   18   12    9    1
 0.01652919141115581   18   12    9    2
 -0.01156201151584751   18   12    9    3
 0.02818712098912129   18   12    9    4
 -0.08031885909547631   18   12    9    5
 -0.06458118313808825   18   12    9    6
 2.895498162040797e-06   18   12    9    7
 0.009244623658156198   18   12    9    8
 0.03232147040145369   18   12    9    9
 -1.559372952863916e-09   18   12   10    1
 -1.208161967470364e-07   18   12   10    2
 -1.563488729482265e-07   18   12   10    3
 -2.506584562974167e-07   18   12   10    4
 -3.374367574231914e-08   18   12   10    5
 -1.344781476436776e-07   18   12   10    6
 -0.003008661294767599   18   12   10    7
 -1.991794245379858e-07   18   12   10    8
 1.664309102621861e-08   18   12   10    9
 0.002711013171307184   18   12   10   10
 1.914586307297908e-09   18   12   11    1
 -6.268154412913208e-08   18   12   11    2
 -6.329094979687594e-08   18   12   11    3
 -1.08370636700676e-07   18   12   11    4
 -2.85431358899648e-07   18   12   11    5
 1.507825315017188e-06   18   12   11    6
 0.02402880746036055   18   12   11    7
 1.499022729103644e-06   18   12   11    8
 7.929931740343228e-08   18   12   11    9
 0.09723381245580989   18   12   11   10
 0.00912916846703469   18   12   11   11
 -0.0004578003098128645   18   12   12    1
 0.007238069288109905   18   12   12    2
 0.003781977284360294   18   12   12    3
 0.005206518639932102   18   12   12    4
 0.01215027526389396   18   12   12    5
 -0.005641456572711364   18   12   12    6
 3.767791980724286e-07   18   12   12    7
 0.000815197365395628   18   12   12    8
 0.01548648297878324   18   12   12    9
 2.232424461722434e-08   18   12   12   10
 7.698854624916976e-08   18   12   12   11
 0.02667296709126859   18   12   12   12
 -0.001422113559257813   18   12   13    1
 0.0004631736545056074   18   12   13    2
 0.007658112016843708   18   12   13    3
 0.01407794033881236   18   12   13    4
 0.004277188771477904   18   12   13    5
 0.01115672067215468   18   12   13    6
 -5.784485292465454e-07   18   12   13    7
 -0.003240508834857643   18   12   13    8
 -0.009027402925360023   18   12   13    9
 6.918322592860802e-07   18   12   13   10
 -4.215573067245347e-07   18   12   13   11
 -0.02275362682277715   18   12   13   12
 0.08892521050769606   18   12   13   13
 0.00146462731606929   18   12   14    1
 -0.01541921473591319   18   12   14    2
 -0.009360278598738224   18   12   14    3
 -0.006805122939430493   18   12   14    4
 -0.007584517151023651   18   12   14    5
 0.002438014114362536   18   12   14    6
 -1.182815183876552e-06   18   12   14    7
 0.01937823620809612   18   12   14    8
 0.003255280645248752   18   12   14    9
 -1.48407244967561e-07   18   12   14   10
 9.380316102206539e-08   18   12   14   11
 0.006758893031553245   18   12   14   12
 -0.01553821387496778   18   12   14   13
 -0.09569322314697006   18   12   14   14
 -6.740741701655792e-07   18   12   15    1
 3.993987265700078e-06   18   12   15    2
 5.877990482960486e-06   18   12   15    3
 3.118463681890168e-06   18   12   15    4
 7.026452043477555e-06   18   12   15    5
 -8.472754770309068e-06   18   12   15    6
 0.009986760584116619   18   12   15    7
 -3.302493083737371e-06   18   12   15    8
 -1.047535333226922e-06   18   12   15    9
 -0.01833364981563957   18   12   15   10
 -6.489557337746395e-05   18   12   15   11
 4.621972344218475e-06   18   12   15   12
 1.483146047769561e-05   18   12   15   13
 -9.229470971079133e-06   18   12   15   14
 0.05786088243682042   18   12   15   15
 0.00155944196851598   18   12   16    1
 -0.009659752297270334   18   12   16    2
 -0.01349075908635308   18   12   16    3
 -0.007065269792669538   18   12   16    4
 -0.01741883339385609   18   12   16    5
 0.02198962829405207   18   12   16    6
 2.250386347364494e-06   18   12   16    7
 0.008501589191465693   18   12   16    8
 0.002408099904993279   18   12   16    9
 -7.892758044372763e-06   18   12   16   10
 1.72164091161233e-07   18   12   16   11
 -0.01408516295237278   18   12   16   12
 -0.03469415220752074   18   12   16   13
 0.02356016820476524   18   12   16   14
 7.44669919208168e-06   18   12   16   15
 0.03779537761467734   18   12   16   16
 0.0004699833639400903   18   12   17    1
 -0.006587643621543594   18   12   17    2
 0.005358401475015458   18   12   17    3
 -0.01019991288225457   18   12   17    4
 -0.006290306061621869   18   12   17    5
 -0.002516458765068753   18   12   17    6
 -6.6247922774816e-08   18   12   17    7
 0.0005166924128701552   18   12   17    8
 0.00406418397100758   18   12   17    9
 1.008835022925951e-07   18   12   17   10
 9.840246681427787e-08   18   12   17   11
 -0.003802990042570595   18   12   17   12
 -0.01363522350342132   18   12   17   13
 0.04790384088759747   18   12   17   14
 -5.762077842532708e-06   18   12   17   15
 0.01149917920224399   18   12   17   16
 0.03826239803944377   18   12   17   17
 -6.601298462445734e-05   18   12   18    1
 -0.004077573895217167   18   12   18    2
 -5.077373059737865e-05   18   12   18    3
 -0.00540465222490308   18   12   18    4
 0.02024826995391471   18   12   18    5
 0.0191156618364805   18   12   18    6
 -1.39044234723901e-06   18   12   18    7
 0.008283106560464831   18   12   18    8
 -0.008365510116744192   18   12   18    9
 -1.404406008417254e-07   18   12   18   10
 6.075661139948429e-08   18   12   18   11
 0.1120677574725949   18   12   18   12
 0.04701335547010627   18   13    1    1
 -0.0009512595153904466   18   13    2    1
 0.002902685309788162   18   13    2    2
 0.0001691850987975231   18   13    3    1
 -0.04272385770715537   18   13    3    2
 0.05453250220346751   18   13    3    3
 -0.002289488829738397   18   13    4    1
 0.02088109333249305   18   13    4    2
 -0.01431512636049294   18   13    4    3
 -0.0003868880350295254   18   13    4    4
 0.003237885610962086   18   13    5    1
 0.02591071203425123   18   13    5    2
 0.02318609885740002   18   13    5    3
 0.006588833903558228   18   13    5    4
 0.0120194712336832   18   13    5    5
 0.002040625226354629   18   13    6    1
 -0.005966858434753206   18   13    6    2
 -0.00346415941992244   18   13    6    3
 0.0367465494772722   18   13    6    4
 -0.02399636060628372   18   13    6    5
 0.02479108486585109   18   13    6    6
 -1.593123347418192e-07   18   13    7    1
 3.205831309859144e-07   18   13    7    2
 -2.476377909187845e-07   18   13    7    3
 -2.485288240066074e-06   18   13    7    4
 -1.209240534614851e-06   18   13    7    5
 3.419916752172881e-06   18   13    7    6
 0.07120707905909823   18   13    7    7
 0.0006987635569505901   18   13    8    1
 0.001955634662194458   18   13    8    2
 0.01563848393194358   18   13    8    3
 -0.0001932518918977957   18   13    8    4
 0.04052952688758887   18   13    8    5
 -0.01417791348856648   18   13    8    6
 3.435448120097471e-06   18   13    8    7
 0.0252272141588926   18   13    8    8
 -0.004976021754543295   18   13    9    1
 0.003655424126513244   18   13    9    2
 -0.02313449660820571   18   13    9    3
 -0.03685694874689409   18   13    9    4
 -0.02084179736681856   18   13    9    5
 -0.0380887602095369   18   13    9    6
 3.317511179817905e-06   18   13    9    7
 -0.02580947849471081   18   13    9    8
 0.007459049455031158   18   13    9    9
 -2.554812785356641e-08   18   13   10    1
 -3.885994675136467e-08   18   13   10    2
 -1.612445482517443e-07   18   13   10    3
 -7.323599995456094e-08   18   13   10    4
 1.315720979918264e-07   18   13   10    5
 -8.677223411106244e-07   18   13   10    6
 -0.01563492970758191   18   13   10    7
 -8.141642974241502e-07   18   13   10    8
 6.972282624822021e-08   18   13   10    9
 -0.004466055585691938   18   13   10   10
 -3.397666284901476e-08   18   13   11    1
 -3.701830009442817e-08   18   13   11    2
 -1.69881305219058e-08   18   13   11    3
 -1.541559263571137e-07   18   13   11    4
 5.689459919068687e-08   18   13   11    5
 4.102251823707349e-07   18   13   11    6
 0.006060366585195007   18   13   11    7
 4.228078385326938e-07   18   13   11    8
 -2.715709532053229e-07   18   13   11    9
 0.02983747024735681   18   13   11   10
 -0.004498391516508911   18   13   11   11
 0.005859478719130199   18   13   12    1
 0.009051246050478081   18   13   12    2
 -0.0001530728236827809   18   13   12    3
 -0.006244773011563376   18   13   12    4
 0.01270607842884344   18   13   12    5
 -0.009075904831364272   18   13   12    6
 1.676814914438141e-06   18   13   12    7
 -0.0209030239212731   18   13   12    8
 -0.002698334034408534   18   13   12    9
 3.006782575540698e-08   18   13   12   10
 -3.145599905366897e-07   18   13   12   11
 0.00373945925625482   18   13   12   12
 0.001521148709484633   18   13   13    1
 0.003070585252806139   18   13   13    2
 -0.005804490248221828   18   13   13    3
 0.01196977040927668   18   13   13    4
 -0.02147779235742839   18   13   13    5
 -0.0006238450861067139   18   13   13    6
 -1.213271650068823e-07   18   13   13    7
 -0.01528147806179848   18   13   13    8
 0.02863652502500678   18   13   13    9
 2.674114333365042e-07   18   13   13   10
 -5.026746600570154e-07   18   13   13   11
 0.01853981525444194   18   13   13   12
 0.06600332717700894   18   13   13   13
 0.000600563473616115   18   13   14    1
 -0.008484187630071577   18   13   14    2
 0.001001761359103465   18   13   14    3
 -0.005651142086339239   18   13   14    4
 -0.00139352395340356   18   13   14    5
 -0.001435552762438785   18   13   14    6
 -7.976464451331813e-08   18   13   14    7
 0.003719486040060306   18   13   14    8
 -0.004186599564564642   18   13   14    9
 -1.590806606720025e-08   18   13   14   10
 7.964655949033837e-08   18   13   14   11
 -0.007339582647735894   18   13   14   12
 -0.000597497811480105   18   13   14   13
 -0.03405468362415093   18   13   14   14
 -7.949888657996254e-07   18   13   15    1
 -1.261206310235407e-07   18   13   15    2
 4.285620848357032e-06   18   13   15    3
 2.081275616954111e-07   18   13   15    4
 1.378163919130034e-06   18   13   15    5
 -4.813602837819268e-06   18   13   15    6
 0.0325691195084065   18   13   15    7
 4.268768704181004e-06   18   13   15    8
 4.649812724290477e-06   18   13   15    9
 -0.006868147358991869   18   13   15   10
 0.01187756771162868   18   13   15   11
 2.103183670380475e-05   18   13   15   12
 -8.342280802941525e-06   18   13   15   13
 1.161077249896635e-06   18   13   15   14
 0.08327742404533847   18   13   15   15
 0.001919031971335844   18   13   16    1
 3.509651852322625e-05   18   13   16    2
 -0.009802315784703827   18   13   16    3
 -0.0003399459741939359   18   13   16    4
 -0.00511749678383133   18   13   16    5
 0.01611476494841682   18   13   16    6
 1.287030521623762e-05   18   13   16    7
 -0.006891189712885144   18   13   16    8
 -0.00989494231855916   18   13   16    9
 -2.867675991231957e-06   18   13   16   10
 4.978039719824143e-06   18   13   16   11
 -0.05070055107792937   18   13   16   12
 0.01888504586824232   18   13   16   13
 -0.0009881749444557212   18   13   16   14
 1.618249049988059e-05   18   13   16   15
 0.04456985684794438   18   13   16   16
 0.0001346690568092867   18   13   17    1
 -0.01489670285314974   18   13   17    2
 0.01568685971728991   18   13   17    3
 -0.01319847971204245   18   13   17    4
 -0.003365021940266666   18   13   17    5
 0.001555894370210435   18   13   17    6
 -4.803314471976969e-07   18   13   17    7
 -0.005249057241985503   18   13   17    8
 -0.005575888790505082   18   13   17    9
 1.399942764258515e-07   18   13   17   10
 -7.126927015706396e-08   18   13   17   11
 -0.01408143546521828   18   13   17   12
 0.008428680101345782   18   13   17   13
 0.02720780800984329   18   13   17   14
 8.675395015640587e-06   18   13   17   15
 -0.02074217962601257   18   13   17   16
 0.05812641439335493   18   13   17   17
 0.008213925116142145   18   13   18    1
 0.002208484633654165   18   13   18    2
 -0.003308457211475141   18   13   18    3
 -0.0008515195144560477   18   13   18    4
 0.007567620885245203   18   13   18    5
 0.006566550000482297   18   13   18    6
 4.179068257517576e-07   18   13   18    7
 -0.01223944458894399   18   13   18    8
 -0.003442080460487907   18   13   18    9
 -1.218142021639191e-07   18   13   18   10
 -1.251857561317023e-07   18   13   18   11
 0.02501128669476577   18   13   18   12
 0.05341135638200234   18   13   18   13
 0.01532960735547815   18   14    1    1
 0.0002095261055042238   18   14    2    1
 -0.001069836093818376   18   14    2    2
 -0.0007105564226448763   18   14    3    1
 0.003352891553579443   18   14    3    2
 -0.01398968259682866   18   14    3    3
 0.0006191850740790599   18   14    4    1
 0.007559063510996175   18   14    4    2
 0.01492991826102594   18   14    4    3
 0.003511631909825592   18   14    4    4
 -0.002097202897931719   18   14    5    1
 -0.03749549917141815   18   14    5    2
 -0.02700791974178585   18   14    5    3
 0.008175851215587941   18   14    5    4
 0.01762967431056776   18   14    5    5
 -0.0009955072198608722   18   14    6    1
 -0.03988319132680151   18   14    6    2
 -0.01767375264681195   18   14    6    3
 0.01473549806385645   18   14    6    4
 0.005451861447160595   18   14    6    5
 -0.04085389011684644   18   14    6    6
 5.965459808847338e-08   18   14    7    1
 1.776861134239849e-06   18   14    7    2
 1.014918175478054e-06   18   14    7    3
 -1.101950134536066e-06   18   14    7    4
 5.546339276423431e-07   18   14    7    5
 1.690992393670584e-06   18   14    7    6
 -0.0121143989466629   18   14    7    7
 -7.386792676421889e-05   18   14    8    1
 0.004175498567736289   18   14    8    2
 -0.0004664987570002695   18   14    8    3
 0.006187997252695553   18   14    8    4
 -0.01303061347503688   18   14    8    5
 0.00286253494619464   18   14    8    6
 -9.324342941055833e-07   18   14    8    7
 -0.0004381871832234405   18   14    8    8
 0.002806239382931191   18   14    9    1
 -0.03614464208929503   18   14    9    2
 -0.007918101234469553   18   14    9    3
 0.04400775192888871   18   14    9    4
 0.009641604623800686   18   14    9    5
 -0.01742057449823537   18   14    9    6
 1.202955301990269e-06   18   14    9    7
 0.0007161684413009922   18   14    9    8
 -0.0004722726781070332   18   14    9    9
 1.061171714083744e-08   18   14   10    1
 8.029333089244771e-08   18   14   10    2
 1.031058012461118e-08   18   14   10    3
 -6.009942703925918e-09   18   14   10    4
 3.993195377848111e-09   18   14   10    5
 1.564938208893216e-07   18   14   10    6
 0.002855841190228892   18   14   10    7
 1.72921780830715e-07   18   14   10    8
 -3.585436215158218e-08   18   14   10    9
 -0.0006642155046376138   18   14   10   10
 1.503117755973008e-08   18   14   11    1
 1.004787301199415e-08   18   14   11    2
 -1.79533305895987e-08   18   14   11    3
 6.101798719656876e-08   18   14   11    4
 -3.015729486341303e-08   18   14   11    5
 6.119322181359647e-08   18   14   11    6
 0.001557629277876887   18   14   11    7
 1.457119384507057e-07   18   14   11    8
 3.60714271015915e-08   18   14   11    9
 0.007903765277605047   18   14   11   10
 -0.0004494059875971018   18   14   11   11
 -0.003463608950831344   18   14   12    1
 0.001700574270010738   18   14   12    2
 -0.003136899549104381   18   14   12    3
 -0.01542022684738971   18   14   12    4
 -0.0153458194984454   18   14   12    5
 0.01112937684148032   18   14   12    6
 -2.010773743011616e-06   18   14   12    7
 0.02390520729965956   18   14   12    8
 0.004944637595317669   18   14   12    9
 -4.948338285713997e-08   18   14   12   10
 1.245846067053995e-07   18   14   12   11
 0.006421127688179998   18   14   12   12
 -0.001207821611993113   18   14   13    1
 -0.0007837755128620111   18   14   13    2
 0.002106720861100154   18   14   13    3
 -0.008302049543874215   18   14   13    4
 0.003150221524045247   18   14   13    5
 0.007140467320529676   18   14   13    6
 -6.881949818951273e-07   18   14   13    7
 0.007449652783293949   18   14   13    8
 -0.007356835540827049   18   14   13    9
 7.760671373845388e-08   18   14   13   10
 9.803537398515896e-08   18   14   13   11
 -0.01001297248809843   18   14   13   12
 -0.005904093142091776   18   14   13   13
 -4.172536263837497e-05   18   14   14    1
 -0.00351870242556738   18   14   14    2
 -0.0008549916928901203   18   14   14    3
 -0.003135305479705482   18   14   14    4
 0.02082288517937637   18   14   14    5
 0.02444718197941847   18   14   14    6
 -1.315547854649777e-06   18   14   14    7
 -7.577648621929401e-05   18   14   14    8
 0.03096825923230955   18   14   14    9
 -4.865940057199468e-09   18   14   14   10
 -2.991416850654896e-08   18   14   14   11
 -0.04588784784543096   18   14   14   12
 -0.01902161401640936   18   14   14   13
 -0.01917020870860186   18   14   14   14
 3.042498916863954e-07   18   14   15    1
 -5.941555330851678e-07   18   14   15    2
 1.083166776866959e-06   18   14   15    3
 2.457572785812225e-06   18   14   15    4
 4.728849133545499e-06   18   14   15    5
 -1.711977288368429e-06   18   14   15    6
 -0.008087977397871289   18   14   15    7
 -4.953263017722964e-06   18   14   15    8
 1.011385325427232e-06   18   14   15    9
 -0.001490998584852134   18   14   15   10
 -0.003287462376574683   18   14   15   11
 -7.064132448125031e-06   18   14   15   12
 5.477635608095269e-06   18   14   15   13
 8.092097635557443e-06   18   14   15   14
 -0.01446422047949178   18   14   15   15
 -0.0007488365501539757   18   14   16    1
 0.001546106337245412   18   14   16    2
 -0.002584821814523709   18   14   16    3
 -0.006423614465641578   18   14   16    4
 -0.01139549376059868   18   14   16    5
 0.002815354792020571   18   14   16    6
 -4.289538644257033e-06   18   14   16    7
 0.01172233481634993   18   14   16    8
 -0.003202968045158063   18   14   16    9
 -6.73880932309131e-07   18   14   16   10
 -1.332518084864105e-06   18   14   16   11
 0.01709563137435279   18   14   16   12
 -0.0122960639105079   18   14   16   13
 -0.02127881437317108   18   14   16   14
 -2.505680587640259e-06   18   14   16   15
 -0.008506951869932576   18   14   16   16
 4.784581410920192e-05   18   14   17    1
 0.002125529241695181   18   14   17    2
 -0.002142353616307125   18   14   17    3
 0.001352437650125866   18   14   17    4
 -0.007752138414312867   18   14   17    5
 -0.01078640517996749   18   14   17    6
 4.856435975968596e-07   18   14   17    7
 0.003216830989715581   18   14   17    8
 -0.006216345641319677   18   14   17    9
 1.93347561410259e-08   18   14   17   10
 9.649493782990819e-08   18   14   17   11
 0.01770091580517474   18   14   17   12
 0.003072214863163149   18   14   17   13
 0.0017190623235542   18   14   17   14
 -5.909646640649385e-06   18   14   17   15
 0.01513036179679165   18   14   17   16
 -0.009275294666376379   18   14   17   17
 -0.004569458991107864   18   14   18    1
 -0.001953756283265017   18   14   18    2
 0.001474845263489997   18   14   18    3
 0.005007242307903437   18   14   18    4
 0.006338412862197788   18   14   18    5
 -0.004569935544114109   18   14   18    6
 7.189676928892809e-07   18   14   18    7
 -0.007874415922195266   18   14   18    8
 0.000138768982312231   18   14   18    9
 1.335774676276275e-07   18   14   18   10
 8.004327053211685e-08   18   14   18   11
 0.006594046984048149   18   14   18   12
 -0.01144522738061602   18   14   18   13
 0.06544365479215324   18   14   18   14
 -2.526435663667189e-05   18   15    1    1
 4.645442965515322e-08   18   15    2    1
 1.17149376241066e-05   18   15    2    2
 6.805253870610257e-07   18   15    3    1
 4.76297343718697e-06   18   15    3    2
 -3.040196716704636e-08   18   15    3    3
 -1.253182990766347e-07   18   15    4    1
 -9.033664255856991e-06   18   15    4    2
 -7.240544565916425e-06   18   15    4    3
 -9.256838875220974e-06   18   15    4    4
 1.403868293310207e-06   18   15    5    1
 -2.241424988785547e-06   18   15    5    2
 1.628898036730723e-06   18   15    5    3
 1.143071973304423e-05   18   15    5    4
 5.77055382985839e-06   18   15    5    5
 4.827448232514447e-07   18   15    6    1
 5.369822080181507e-06   18   15    6    2
 5.117646320984726e-06   18   15    6    3
 -4.423160353738431e-06   18   15    6    4
 4.755036914153385e-06   18   15    6    5
 5.953784249645741e-06   18   15    6    6
 4.95480519942947e-05   18   15    7    1
 0.008060243919434931   18   15    7    2
 -0.01175942463702505   18   15    7    3
 0.003396988596156995   18   15    7    4
 -0.0002218397709227546   18   15    7    5
 -0.001181450490245645   18   15    7    6
 -3.012357021457865e-07   18   15    7    7
 -2.334842685445674e-07   18   15    8    1
 2.323030561967929e-06   18   15    8    2
 -5.835079995860035e-06   18   15    8    3
 -8.325932219771206e-06   18   15    8    4
 -1.136853624455385e-06   18   15    8    5
 8.537182668883196e-07   18   15    8    6
 -0.001430495297908347   18   15    8    7
 -3.480490854370467e-06   18   15    8    8
 -1.72294028223176e-06   18   15    9    1
 -1.280969730404163e-06   18   15    9    2
 -4.478736388728203e-06   18   15    9    3
 -1.196999629220985e-05   18   15    9    4
 1.322962659367549e-05   18   15    9    5
 1.044454531959894e-05   18   15    9    6
 0.003561765427122163   18   15    9    7
 -7.733887294267047e-06   18   15    9    8
 -2.256667899026883e-06   18   15    9    9
 0.0001609549793014178   18   15   10    1
 -0.001522564371164873   18   15   10    2
 0.001735478463369238   18   15   10    3
 -0.0002437916935079386   18   15   10    4
 -0.002450125766494074   18   15   10    5
 -0.001306535910730814   18   15   10    6
 -1.832920853419705e-07   18   15   10    7
 -0.000639820151506875   18   15   10    8
 0.0009703617829373741   18   15   10    9
 3.782276829630623e-06   18   15   10   10
 0.0001962334707951667   18   15   11    1
 0.0003647528190611931   18   15   11    2
 -0.001186357790176991   18   15   11    3
 0.0002209402352136061   18   15   11    4
 -0.001746441639444926   18   15   11    5
 -0.0001006438867027058   18   15   11    6
 -3.659873464430213e-06   18   15   11    7
 -0.001734738306434697   18   15   11    8
 0.003368520569098179   18   15   11    9
 -1.5930519620012e-05   18   15   11   10
 3.10729746532209e-06   18   15   11   11
 2.098948906590353e-06   18   15   12    1
 2.853271656596738e-06   18   15   12    2
 1.4770326320041e-06   18   15   12    3
 -1.906554886634158e-06   18   15   12    4
 2.479157943523238e-06   18   15   12    5
 -2.645810342063841e-06   18   15   12    6
 0.00105533843591996   18   15   12    7
 -4.040458611789642e-06   18   15   12    8
 -3.567280954312919e-06   18   15   12    9
 -0.002252709516141591   18   15   12   10
 -0.0003655078065401934   18   15   12   11
 -8.796589426542762e-07   18   15   12   12
 7.450602031522563e-07   18   15   13    1
 6.720924598265601e-07   18   15   13    2
 5.478064510808934e-07   18   15   13    3
 4.853755149271534e-07   18   15   13    4
 -2.084486745708318e-06   18   15   13    5
 -9.391302578062773e-07   18   15   13    6
 0.007830001667499028   18   15   13    7
 7.510351140428191e-07   18   15   13    8
 3.297969374956686e-06   18   15   13    9
 -0.002127073841827946   18   15   13   10
 0.0004608015543993877   18   15   13   11
 1.042667243212223e-05   18   15   13   12
 -9.923715178437742e-06   18   15   13   13
 -1.280972667662011e-07   18   15   14    1
 2.485397557738081e-06   18   15   14    2
 2.227238478815975e-06   18   15   14    3
 2.742422818629186e-07   18   15   14    4
 1.273064647268213e-06   18   15   14    5
 8.922706532782038e-08   18   15   14    6
 -0.001193979822704498   18   15   14    7
 -3.996947946079109e-06   18   15   14    8
 -2.616588873510743e-07   18   15   14    9
 -0.0001105734095692649   18   15   14   10
 -0.0004989373909255678   18   15   14   11
 -3.514125694840304e-06   18   15   14   12
 3.769727304263994e-06   18   15   14   13
 2.003305058855079e-05   18   15   14   14
 -6.203108106140875e-05   18   15   15    1
 0.004421214930169511   18   15   15    2
 -0.009697340340364052   18   15   15    3
 0.002137890371796015   18   15   15    4
 -0.003920519885605154   18   15   15    5
 0.001724779435185276   18   15   15    6
 -2.050750792200869e-07   18   15   15    7
 -0.005972266929676557   18   15   15    8
 0.003729105224251602   18   15   15    9
 3.693782817677364e-06   18   15   15   10
 9.140207649821451e-07   18   15   15   11
 0.00431886260643448   18   15   15   12
 0.007933996352923684   18   15   15   13
 -0.003307593374750765   18   15   15   14
 -3.734550547941902e-06   18   15   15   15
 2.976761343071045e-07   18   15   16    1
 3.421549541856338e-06   18   15   16    2
 -1.061102313643503e-06   18   15   16    3
 3.665637772080469e-06   18   15   16    4
 6.674732749219057e-07   18   15   16    5
 1.858479638969578e-06   18   15   16    6
 0.00227943269548652   18   15   16    7
 -7.503675682202351e-06   18   15   16    8
 -2.230076514792674e-06   18   15   16    9
 -0.001391693184364391   18   15   16   10
 -0.000105221107102456   18   15   16   11
 -5.858529224373663e-07   18   15   16   12
 8.286714324933927e-06   18   15   16   13
 -4.723267945056772e-06   18   15   16   14
 0.002854917121754435   18   15   16   15
 -2.807607590927194e-06   18   15   16   16
 -2.85961011225977e-08   18   15   17    1
 -1.219068869766303e-06   18   15   17    2
 1.73273947227513e-06   18   15   17    3
 -5.793518528756786e-07   18   15   17    4
 1.07161668045352e-06   18   15   17    5
 -2.823072144523349e-07   18   15   17    6
 -0.003063791568575247   18   15   17    7
 -9.53245877084824e-07   18   15   17    8
 -1.075571110602417e-06   18   15   17    9
 0.0002608594744313609   18   15   17   10
 -0.001363971900540208   18   15   17   11
 -4.454932577058113e-06   18   15   17   12
 5.510142812024269e-06   18   15   17   13
 -7.352371087190908e-06   18   15   17   14
 -0.01046038755511807   18   15   17   15
 -3.440431356098111e-06   18   15   17   16
 4.628027599485622e-07   18   15   17   17
 2.757013919785982e-06   18   15   18    1
 1.393518564324097e-07   18   15   18    2
 7.491359033546587e-07   18   15   18    3
 2.486418874842167e-06   18   15   18    4
 -1.38338943115989e-06   18   15   18    5
 -3.549812893401664e-06   18   15   18    6
 0.003549567008200516   18   15   18    7
 -1.650959657671007e-06   18   15   18    8
 -8.44118963047419e-07   18   15   18    9
 -0.001812318016059221   18   15   18   10
 -0.00254054989582835   18   15   18   11
 -1.886554152849839e-05   18   15   18   12
 2.099824097898184e-06   18   15   18   13
 -4.682562325020104e-06   18   15   18   14
 0.006087135205579812   18   15   18   15
 0.06007128186189609   18   16    1    1
 -0.0001736737705780798   18   16    2    1
 -0.02893230984683859   18   16    2    2
 -0.001591928017736788   18   16    3    1
 -0.01672797009734796   18   16    3    2
 0.003789586168147482   18   16    3    3
 0.0002253039478046347   18   16    4    1
 0.02407491972700189   18   16    4    2
 0.01542047454283321   18   16    4    3
 0.02136074489231292   18   16    4    4
 -0.003202990620298823   18   16    5    1
 0.00878699371938417   18   16    5    2
 -0.002832291804538002   18   16    5    3
 -0.02762550665197482   18   16    5    4
 -0.01461455011971365   18   16    5    5
 -0.001012130732189069   18   16    6    1
 -0.0120290910276992   18   16    6    2
 -0.01413371191593362   18   16    6    3
 0.01439780011517508   18   16    6    4
 -0.01422388361830496   18   16    6    5
 -0.01339266259185404   18   16    6    6
 3.760237076624621e-08   18   16    7    1
 4.433348596073982e-06   18   16    7    2
 -4.787614372605118e-06   18   16    7    3
 -7.001827475825325e-07   18   16    7    4
 1.12086735927187e-07   18   16    7    5
 1.00123676488135e-06   18   16    7    6
 0.009089246428813161   18   16    7    7
 0.0006769220095970556   18   16    8    1
 -0.003280889854071468   18   16    8    2
 0.01359252531880037   18   16    8    3
 0.0214111853634967   18   16    8    4
 0.006946174831749662   18   16    8    5
 -0.004248257818508999   18   16    8    6
 -2.315869654660754e-07   18   16    8    7
 0.008811340334194158   18   16    8    8
 0.003861138645711771   18   16    9    1
 0.003706072332969104   18   16    9    2
 0.009923139182166014   18   16    9    3
 0.02564309456665578   18   16    9    4
 -0.03414923145535764   18   16    9    5
 -0.02806017251482193   18   16    9    6
 2.046328429774104e-06   18   16    9    7
 0.01752495478095325   18   16    9    8
 0.004654432704282904   18   16    9    9
 8.169719738389895e-08   18   16   10    1
 -6.485415913598183e-07   18   16   10    2
 6.908996086326903e-07   18   16   10    3
 -1.67397598680628e-07   18   16   10    4
 -1.028017892680593e-06   18   16   10    5
 -6.679692720539263e-07   18   16   10    6
 -0.001857192213964308   18   16   10    7
 -3.823764618084737e-07   18   16   10    8
 3.747812141823315e-07   18   16   10    9
 -0.01161658077362741   18   16   10   10
 1.027003537198633e-07   18   16   11    1
 1.512123553785318e-07   18   16   11    2
 -5.056125247037306e-07   18   16   11    3
 1.355428918390724e-07   18   16   11    4
 -8.343261853326963e-07   18   16   11    5
 5.042804798492691e-07   18   16   11    6
 0.008847814219996608   18   16   11    7
 -1.052110756059609e-07   18   16   11    8
 1.497531369781558e-06   18   16   11    9
 0.0411918365065447   18   16   11   10
 -0.01023901758676959   18   16   11   11
 -0.004724367984556185   18   16   12    1
 -0.006385662682803673   18   16   12    2
 -0.003579695787886623   18   16   12    3
 0.004365378284179751   18   16   12    4
 -0.005746330462054325   18   16   12    5
 0.005052836139227816   18   16   12    6
 -3.007839820055139e-07   18   16   12    7
 0.00797089159762469   18   16   12    8
 0.009315637458050818   18   16   12    9
 -9.275848067959819e-07   18   16   12   10
 1.335456301393523e-08   18   16   12   11
 0.0009792868583602752   18   16   12   12
 -0.00160743671550662   18   16   13    1
 -0.001665041972617263   18   16   13    2
 -0.001547949982086805   18   16   13    3
 -0.0008661108458971167   18   16   13    4
 0.00329956413681037   18   16   13    5
 0.002713666548997871   18   16   13    6
 3.255943246849251e-06   18   16   13    7
 -0.002233078531301656   18   16   13    8
 -0.005683945799883028   18   16   13    9
 -5.641459447095085e-07   18   16   13   10
 4.336626132826723e-08   18   16   13   11
 -0.02482607346737855   18   16   13   12
 0.02791217489331221   18   16   13   13
 0.0003378562850114411   18   16   14    1
 -0.00685611798959273   18   16   14    2
 -0.005310992323380592   18   16   14    3
 -0.0007036204204377337   18   16   14    4
 -0.003313389817374499   18   16   14    5
 -0.001112023800305579   18   16   14    6
 -9.891033972343227e-07   18   16   14    7
 0.009977706993863116   18   16   14    8
 -0.0001025231308320248   18   16   14    9
 -1.09361799926731e-07   18   16   14   10
 -1.752763330902442e-07   18   16   14   11
 0.008663330499582607   18   16   14   12
 -0.008413806437377182   18   16   14   13
 -0.0529040248268304   18   16   14   14
 2.597757249403886e-07   18   16   15    1
 3.443344414674854e-06   18   16   15    2
 -8.495874459249171e-07   18   16   15    3
 3.423624284305722e-06   18   16   15    4
 9.232821719321821e-07   18   16   15    5
 1.165525376518563e-06   18   16   15    6
 0.0008430415669094274   18   16   15    7
 -7.640776603225463e-06   18   16   15    8
 -1.973907409101316e-06   18   16   15    9
 -0.00768930624203145   18   16   15   10
 -0.0003904541300569868   18   16   15   11
 6.170687737396672e-07   18   16   15   12
 7.994051194624618e-06   18   16   15   13
 -4.680136235117947e-06   18   16   15   14
 0.01186958371130781   18   16   15   15
 -0.0007109953312373318   18   16   16    1
 -0.003737327795559787   18   16   16    2
 -0.008024680735369629   18   16   16    3
 -0.005919165277668815   18   16   16    4
 -0.006159303720191562   18   16   16    5
 -0.0007565228313561654   18   16   16    6
 7.003712401175923e-07   18   16   16    7
 0.01222396700793092   18   16   16    8
 0.008142637812197108   18   16   16    9
 -3.94145887711651e-06   18   16   16   10
 -1.349195149341796e-07   18   16   16   11
 0.001025857470409976   18   16   16   12
 -0.01067344273188679   18   16   16   13
 0.008410311022677256   18   16   16   14
 -8.864177181643859e-07   18   16   16   15
 0.01572755043138107   18   16   16   16
 4.379097545061139e-05   18   16   17    1
 0.001571079424550723   18   16   17    2
 -0.002209727874147761   18   16   17    3
 0.0001939668355346239   18   16   17    4
 -0.002454038121769884   18   16   17    5
 0.0001737016598835104   18   16   17    6
 -1.503075238756123e-06   18   16   17    7
 0.002213202915357753   18   16   17    8
 0.002278896611985977   18   16   17    9
 1.617685366383571e-07   18   16   17   10
 -5.010408184987599e-07   18   16   17   11
 0.008961330645430034   18   16   17   12
 -0.01110047073059021   18   16   17   13
 0.02110156462414596   18   16   17   14
 -3.048362896903143e-06   18   16   17   15
 -0.004240839624732613   18   16   17   16
 0.006210362679117432   18   16   17   17
 -0.006168066134880233   18   16   18    1
 -7.063962711733388e-05   18   16   18    2
 -0.002396861232029008   18   16   18    3
 -0.006107259556927279   18   16   18    4
 0.003381097138812173   18   16   18    5
 0.009747759103406042   18   16   18    6
 7.736084541766946e-07   18   16   18    7
 0.003449861929586185   18   16   18    8
 0.003030800029355024   18   16   18    9
 -7.398007587521631e-07   18   16   18   10
 -9.305824566411462e-07   18   16   18   11
 0.04798927826621184   18   16   18   12
 -0.001219127414642349   18   16   18   13
 0.009679390936759477   18   16   18   14
 -1.253617982096013e-05   18   16   18   15
 0.03683661831423424   18   16   18   16
 0.002923277570008714   18   17    1    1
 0.0001475704886601451   18   17    2    1
 -0.005370287985849806   18   17    2    2
 -0.0004201416669076595   18   17    3    1
 0.00243313337146674   18   17    3    2
 -0.009749479593887623   18   17    3    3
 0.0005020949183208943   18   17    4    1
 0.002034044543075186   18   17    4    2
 0.004153565706738929   18   17    4    3
 0.006708795905883322   18   17    4    4
 -0.001424376847584102   18   17    5    1
 0.008519574380329015   18   17    5    2
 -0.006159036742396382   18   17    5    3
 -0.009669695164255339   18   17    5    4
 -0.0111483488370212   18   17    5    5
 -0.0006667420945814529   18   17    6    1
 0.006831115690578874   18   17    6    2
 0.003073527230941337   18   17    6    3
 -0.01149399411584581   18   17    6    4
 0.002096770123425223   18   17    6    5
 -0.003149306820053716   18   17    6    6
 3.805735536904922e-08   18   17    7    1
 -9.83113953424559e-07   18   17    7    2
 7.217564169605747e-07   18   17    7    3
 -9.241264181125973e-09   18   17    7    4
 -1.669152908503079e-07   18   17    7    5
 -4.256212249593143e-07   18   17    7    6
 -0.00902644456431592   18   17    7    7
 1.405617896009441e-05   18   17    8    1
 0.001840437767674793   18   17    8    2
 -0.005142123346949187   18   17    8    3
 0.00871966911443226   18   17    8    4
 -0.00454417215494729   18   17    8    5
 0.003736344533917485   18   17    8    6
 -7.044155230053444e-07   18   17    8    7
 -0.003233338673625792   18   17    8    8
 0.001947185515025339   18   17    9    1
 0.007282002077827302   18   17    9    2
 0.01344583467557569   18   17    9    3
 0.007088454302320218   18   17    9    4
 -0.008673985263537881   18   17    9    5
 0.007111414263118678   18   17    9    6
 -1.124642877420355e-06   18   17    9    7
 0.01125328769578902   18   17    9    8
 -0.0001386090481762864   18   17    9    9
 1.171035978960047e-08   18   17   10    1
 1.67877834349719e-07   18   17   10    2
 -9.298292512922716e-08   18   17   10    3
 9.461764240851584e-08   18   17   10    4
 1.24018626371326e-07   18   17   10    5
 4.08837953401805e-08   18   17   10    6
 0.001106178469807905   18   17   10    7
 1.489881807860321e-07   18   17   10    8
 -5.548340415818028e-08   18   17   10    9
 -0.002013848712987585   18   17   10   10
 1.535233802600657e-08   18   17   11    1
 6.795464616097808e-08   18   17   11    2
 -1.782020312758163e-09   18   17   11    3
 1.110015700079286e-07   18   17   11    4
 8.885363858817773e-08   18   17   11    5
 -6.505988447764943e-08   18   17   11    6
 -0.0006801733932277303   18   17   11    7
 1.099612396801726e-07   18   17   11    8
 -2.831486469218245e-09   18   17   11    9
 0.003217553813582297   18   17   11   10
 -0.001906932655048829   18   17   11   11
 -0.00229189749079426   18   17   12    1
 -0.006573208975788004   18   17   12    2
 0.001410299737011523   18   17   12    3
 0.004785257039190203   18   17   12    4
 -0.001836100050493441   18   17   12    5
 -0.001506328722792523   18   17   12    6
 1.853373929970283e-08   18   17   12    7
 0.003172328201601086   18   17   12    8
 0.004182597539189164   18   17   12    9
 1.095919916867559e-08   18   17   12   10
 6.617217356089611e-08   18   17   12   11
 -0.002045883509459269   18   17   12   12
 -0.0006899810358613997   18   17   13    1
 -0.004982342556743354   18   17   13    2
 0.0044243339634493   18   17   13    3
 -0.003819232690146646   18   17   13    4
 0.004339972240011174   18   17   13    5
 -0.0008202468545873769   18   17   13    6
 -5.051959679704302e-08   18   17   13    7
 -0.0003077303429619507   18   17   13    8
 -0.007496993001213219   18   17   13    9
 1.364570520139103e-07   18   17   13   10
 1.138709516867949e-07   18   17   13   11
 -0.009189559814659087   18   17   13   12
 -0.00576238926761262   18   17   13   13
 -3.306246101281521e-05   18   17   14    1
 1.029475386418311e-05   18   17   14    2
 -0.00124487837069412   18   17   14    3
 0.00167413369802023   18   17   14    4
 -0.006201652964511622   18   17   14    5
 -0.007086941865311497   18   17   14    6
 2.359917578211354e-07   18   17   14    7
 0.001680451465883392   18   17   14    8
 -0.00595618616553088   18   17   14    9
 2.116024048015411e-08   18   17   14   10
 3.07972325639271e-08   18   17   14   11
 0.01617256180237653   18   17   14   12
 0.004569893893215655   18   17   14   13
 -0.001322766621156043   18   17   14   14
 2.264364613836223e-07   18   17   15    1
 7.772374464808563e-08   18   17   15    2
 1.030435468233289e-06   18   17   15    3
 -1.669900584046494e-06   18   17   15    4
 -9.76613823116282e-08   18   17   15    5
 -4.794762556580294e-07   18   17   15    6
 -0.009688857840041157   18   17   15    7
 -1.174022305540356e-06   18   17   15    8
 -1.101931564940767e-06   18   17   15    9
 0.0006420773070435497   18   17   15   10
 -0.001960335038175028   18   17   15   11
 -5.141776371141818e-06   18   17   15   12
 4.552672641601831e-06   18   17   15   13
 -3.22574206696596e-06   18   17   15   14
 -0.01306379954380196   18   17   15   15
 -0.0005532278981183221   18   17   16    1
 -0.0005189441927827213   18   17   16    2
 -0.001718258325521696   18   17   16    3
 0.00367114727001378   18   17   16    4
 0.001369287108292467   18   17   16    5
 -0.0007378271476848567   18   17   16    6
 -4.256399543002087e-06   18   17   16    7
 0.002309053638291008   18   17   16    8
 0.002239502184977092   18   17   16    9
 2.928689690058211e-07   18   17   16   10
 -7.941168473694523e-07   18   17   16   11
 0.01114716504167152   18   17   16   12
 -0.01042605176443646   18   17   16   13
 0.008725608502438651   18   17   16   14
 -2.160950542808073e-06   18   17   16   15
 -0.008599005727352468   18   17   16   16
 -3.060870338568699e-06   18   17   17    1
 0.0006280659820801895   18   17   17    2
 -0.0004596155493227918   18   17   17    3
 -0.0008991927499627068   18   17   17    4
 0.0001807591373035039   18   17   17    5
 -0.0009758138203543533   18   17   17    6
 9.434378654291273e-08   18   17   17    7
 -0.0002929683309331737   18   17   17    8
 0.007903854790963918   18   17   17    9
 5.491060230665163e-08   18   17   17   10
 1.646071115173831e-07   18   17   17   11
 0.001361038524427929   18   17   17   12
 0.002929077217721101   18   17   17   13
 0.0005439555457201819   18   17   17   14
 -1.061877037900951e-07   18   17   17   15
 0.002636440271131776   18   17   17   16
 -0.003127199179055106   18   17   17   17
 -0.003136540685190484   18   17   18    1
 -0.001329494429125859   18   17   18    2
 0.001468151558839716   18   17   18    3
 -0.003999671092967749   18   17   18    4
 -0.003117326900398694   18   17   18    5
 0.002608508988847176   18   17   18    6
 -6.493341562358202e-07   18   17   18    7
 0.005845631363420659   18   17   18    8
 0.002713845207065671   18   17   18    9
 6.406192805653347e-08   18   17   18   10
 1.094097916457566e-07   18   17   18   11
 0.007055242943359224   18   17   18   12
 -0.01254439077670978   18   17   18   13
 -0.009319284282698298   18   17   18   14
 -3.644490816468962e-06   18   17   18   15
 0.007924577666837539   18   17   18   16
 0.01121200263942485   18   17   18   17
 0.5800470420433543   18   18    1    1
 -0.0004742144752343477   18   18    2    1
 0.360898352153656   18   18    2    2
 -0.003877253138096058   18   18    3    1
 0.07316352973888372   18   18    3    2
 0.3458044925405781   18   18    3    3
 -0.004485739959274569   18   18    4    1
 -0.01323739199472432   18   18    4    2
 0.05601767812322429   18   18    4    3
 0.3722589576966406   18   18    4    4
 -0.0009322487527854869   18   18    5    1
 -0.03015571725697156   18   18    5    2
 0.02921591618805766   18   18    5    3
 0.003351538664334091   18   18    5    4
 0.3687291204726301   18   18    5    5
 -0.001185700887195839   18   18    6    1
 -0.005121118370282824   18   18    6    2
 0.007225699479388822   18   18    6    3
 -0.04261367783767288   18   18    6    4
 0.04240487235941121   18   18    6    5
 0.3389286909096439   18   18    6    6
 2.042620138141721e-07   18   18    7    1
 3.076737028471125e-06   18   18    7    2
 7.421316313194558e-08   18   18    7    3
 3.712289387077432e-06   18   18    7    4
 9.58313136843166e-07   18   18    7    5
 -7.449045312720572e-06   18   18    7    6
 0.251580478252277   18   18    7    7
 -0.002492544945000821   18   18    8    1
 -0.05526405506555777   18   18    8    2
 -0.01064445131659508   18   18    8    3
 -0.01595440828298991   18   18    8    4
 -0.05027806499273119   18   18    8    5
 0.04521342212895024   18   18    8    6
 -9.958677043814792e-06   18   18    8    7
 0.3837583051111927   18   18    8    8
 0.00112158137132328   18   18    9    1
 0.008506223362120745   18   18    9    2
 -0.02190244506191063   18   18    9    3
 0.02764041515406782   18   18    9    4
 -0.005679645850746331   18   18    9    5
 0.02853040477116572   18   18    9    6
 -1.241364794810782e-06   18   18    9    7
 -0.003176285549236117   18   18    9    8
 0.3822403758755165   18   18    9    9
 2.92781059220933e-08   18   18   10    1
 1.326159565571953e-07   18   18   10    2
 6.674603290999672e-08   18   18   10    3
 -3.074743416832115e-08   18   18   10    4
 -3.114228816139957e-07   18   18   10    5
 2.882500909748726e-06   18   18   10    6
 0.04864964650134517   18   18   10    7
 2.561051478416571e-06   18   18   10    8
 -7.740914983131886e-08   18   18   10    9
 0.4154735108431876   18   18   10   10
 4.961763456389327e-08   18   18   11    1
 3.416407679604332e-08   18   18   11    2
 -3.743098991586623e-08   18   18   11    3
 -1.619826325685006e-07   18   18   11    4
 -2.055280392372021e-07   18   18   11    5
 1.37571744770029e-06   18   18   11    6
 0.02396327244774107   18   18   11    7
 1.029071079436539e-06   18   18   11    8
 6.43752142486245e-08   18   18   11    9
 -0.01032635707280836   18   18   11   10
 0.4294814630603627   18   18   11   11
 -0.0007004241359895036   18   18   12    1
 -0.003312035819459977   18   18   12    2
 0.000577519817190683   18   18   12    3
 -0.01462980192335701   18   18   12    4
 0.05544004426936013   18   18   12    5
 0.02743940138254689   18   18   12    6
 -2.20989146685275e-06   18   18   12    7
 0.01600888928310513   18   18   12    8
 -0.01052855985388173   18   18   12    9
 -2.934342748931663e-08   18   18   12   10
 7.516187748607952e-08   18   18   12   11
 0.3866784081042591   18   18   12   12
 -0.005821824088694193   18   18   13    1
 -0.003508459733610937   18   18   13    2
 0.01071792868295185   18   18   13    3
 0.02484380271685308   18   18   13    4
 0.005180499808014419   18   18   13    5
 0.0363530992930349   18   18   13    6
 -3.457978874242104e-06   18   18   13    7
 0.0127585833643614   18   18   13    8
 -0.01322291026648253   18   18   13    9
 5.172973296167672e-07   18   18   13   10
 1.141187170620527e-06   18   18   13   11
 0.0298408340731533   18   18   13   12
 0.3465826513813516   18   18   13   13
 0.001060049983242392   18   18   14    1
 0.02187742285252866   18   18   14    2
 0.01076386739750655   18   18   14    3
 -0.03028901686335296   18   18   14    4
 -0.01494488554820422   18   18   14    5
 0.01855169816152131   18   18   14    6
 -1.293877081666923e-06   18   18   14    7
 2.031107518570811e-05   18   18   14    8
 0.003284605651959729   18   18   14    9
 -5.879596651335245e-08   18   18   14   10
 -1.173575780853234e-07   18   18   14   11
 0.002187901866883089   18   18   14   12
 -0.01241479435928616   18   18   14   13
 0.3852659983355612   18   18   14   14
 -1.269175239566908e-06   18   18   15    1
 7.604543103577199e-07   18   18   15    2
 5.273369286528454e-06   18   18   15    3
 5.625094355321806e-06   18   18   15    4
 -4.139883820499738e-06   18   18   15    5
 -5.374280407213998e-06   18   18   15    6
 0.03482963960618712   18   18   15    7
 1.576713338871007e-05   18   18   15    8
 3.871111257698831e-07   18   18   15    9
 -0.02338265653056402   18   18   15   10
 -0.0389113958391497   18   18   15   11
 -2.076460501893684e-05   18   18   15   12
 1.370409725076556e-05   18   18   15   13
 -5.413176680456711e-06   18   18   15   14
 0.2548707097807524   18   18   15   15
 0.002801968203872099   18   18   16    1
 -0.002706874871236502   18   18   16    2
 -0.01231867948024452   18   18   16    3
 -0.01242097722226628   18   18   16    4
 0.009489436467278983   18   18   16    5
 0.02006273437382292   18   18   16    6
 1.516028296201734e-05   18   18   16    7
 -0.03398833242308556   18   18   16    8
 -0.0004387918403790346   18   18   16    9
 -9.730695385169672e-06   18   18   16   10
 -1.64115993262929e-05   18   18   16   11
 0.05221070355675565   18   18   16   12
 -0.02933470047184754   18   18   16   13
 0.01028051987390737   18   18   16   14
 -2.618560936101707e-05   18   18   16   15
 0.3180012800636027   18   18   16   16
 0.002036543922178971   18   18   17    1
 -0.01850619272490934   18   18   17    2
 0.007159203173745072   18   18   17    3
 -0.01020350598894302   18   18   17    4
 -0.001214952886396552   18   18   17    5
 -0.00676747700516869   18   18   17    6
 8.672254147816901e-07   18   18   17    7
 -0.02106776259579968   18   18   17    8
 0.006132060596188817   18   18   17    9
 3.638151409833401e-07   18   18   17   10
 3.863239161185463e-07   18   18   17   11
 0.009588051108026597   18   18   17   12
 -0.04407384278007849   18   18   17   13
 -0.03527024970007112   18   18   17   14
 -1.431367223584303e-05   18   18   17   15
 0.03159951755657977   18   18   17   16
 0.2526109463113869   18   18   17   17
 -0.001194794605083588   18   18   18    1
 0.00252848748124327   18   18   18    2
 0.0003930374392154729   18   18   18    3
 -0.006677539943518847   18   18   18    4
 -0.002806443630251597   18   18   18    5
 -0.0137198441197612   18   18   18    6
 6.521889080068541e-07   18   18   18    7
 0.004377046505275419   18   18   18    8
 -0.07164514292171667   18   18   18    9
 -1.195785516401517e-07   18   18   18   10
 -2.500210904459067e-07   18   18   18   11
 0.004081808794513985   18   18   18   12
 -0.01081501932494004   18   18   18   13
 0.003635553533836228   18   18   18   14
 2.365307575209139e-06   18   18   18   15
 -0.008840533127744727   18   18   18   16
 -0.0005675070740985483   18   18   18   17
 0.449356009681137   18   18   18   18
 0.1302914191636606   19    1    1    1
 -0.007427911426274705   19    1    2    1
 -0.004475496053605368   19    1    2    2
 -0.01163178997826987   19    1    3    1
 -0.00680495615022873   19    1    3    2
 0.0007727044997469412   19    1    3    3
 -0.01220010344925734   19    1    4    1
 -0.001726123779402594   19    1    4    2
 0.002204991171159346   19    1    4    3
 0.004180414315618084   19    1    4    4
 -0.00630925857935928   19    1    5    1
 -9.40760269484697e-05   19    1    5    2
 -0.003127637946816916   19    1    5    3
 -0.003671293543005688   19    1    5    4
 -0.002493783123820403   19    1    5    5
 0.004613845129606033   19    1    6    1
 -0.0003154341053168044   19    1    6    2
 0.004143042107477349   19    1    6    3
 0.005553527193455465   19    1    6    4
 -0.001090205361761904   19    1    6    5
 -0.001169724962341438   19    1    6    6
 -8.801326722895669e-07   19    1    7    1
 -1.888840142390573e-07   19    1    7    2
 -8.338986832610627e-07   19    1    7    3
 -1.031286520449957e-06   19    1    7    4
 -1.520295476337691e-07   19    1    7    5
 2.660772828152972e-07   19    1    7    6
 0.003258423041416111   19    1    7    7
 0.01058093741262861   19    1    8    1
 0.004299918582111393   19    1    8    2
 0.01028003747164179   19    1    8    3
 0.01247654407408071   19    1    8    4
 0.003192448701697049   19    1    8    5
 -0.0002962679640772996   19    1    8    6
 2.030533758110148e-07   19    1    8    7
 -5.785605551798917e-05   19    1    8    8
 0.001084580899552642   19    1    9    1
 0.001268385724744128   19    1    9    2
 -0.0008501595086318711   19    1    9    3
 0.001453891908157519   19    1    9    4
 -0.003325109656879474   19    1    9    5
 -0.003667619069209897   19    1    9    6
 2.209618774694315e-07   19    1    9    7
 -0.0002928384587493251   19    1    9    8
 0.00260260060245389   19    1    9    9
 2.370134293284218e-08   19    1   10    1
 -4.697901039722921e-09   19    1   10    2
 -4.016725201717431e-08   19    1   10    3
 -6.180827720358976e-08   19    1   10    4
 9.111026347706439e-09   19    1   10    5
 -8.821958836907397e-08   19    1   10    6
 -0.001248852744838458   19    1   10    7
 -1.150197577768899e-07   19    1   10    8
 -2.369747512192584e-10   19    1   10    9
 -0.004480057485592505   19    1   10   10
 3.62395593838686e-08   19    1   11    1
 -5.863739152075217e-09   19    1   11    2
 -5.138296251102526e-08   19    1   11    3
 -6.905944747928572e-08   19    1   11    4
 -1.07446163456873e-08   19    1   11    5
 6.971314291986829e-08   19    1   11    6
 0.001442680224216326   19    1   11    7
 3.352802884416854e-08   19    1   11    8
 2.495151861701472e-09   19    1   11    9
 0.00567733726407808   19    1   11   10
 -0.0004670616660713227   19    1   11   11
 -0.002407918837075792   19    1   12    1
 0.0009124205032181629   19    1   12    2
 -0.001573634582746711   19    1   12    3
 -0.0003999957283852617   19    1   12    4
 -0.002215015318854519   19    1   12    5
 -0.002734729405752639   19    1   12    6
 1.839917349367011e-07   19    1   12    7
 -0.0005725160178416744   19    1   12    8
 0.00159962926327076   19    1   12    9
 9.717522866883498e-09   19    1   12   10
 1.367403248116101e-08   19    1   12   11
 -0.001487070945772702   19    1   12   12
 -0.002994864929745701   19    1   13    1
 -0.000504591948441988   19    1   13    2
 0.005100823230325256   19    1   13    3
 0.007805209586456332   19    1   13    4
 -0.001313881272867487   19    1   13    5
 0.002575499656648599   19    1   13    6
 -5.52604760553827e-07   19    1   13    7
 0.006991601518070983   19    1   13    8
 -0.0005902426227728665   19    1   13    9
 -4.478900451171807e-08   19    1   13   10
 -1.286368371116913e-07   19    1   13   11
 -0.003050308283326645   19    1   13   12
 0.01429493622435442   19    1   13   13
 0.007969673838194035   19    1   14    1
 -0.0004580864541771109   19    1   14    2
 0.0002742688470439092   19    1   14    3
 0.001076401534048806   19    1   14    4
 0.0008154343794077401   19    1   14    5
 -0.001182631280609001   19    1   14    6
 1.574807713989727e-07   19    1   14    7
 -0.001422983688294486   19    1   14    8
 -1.289157793292611e-05   19    1   14    9
 5.568782444835922e-09   19    1   14   10
 8.960095325212795e-09   19    1   14   11
 0.0002086489252293494   19    1   14   12
 -0.001559971825280571   19    1   14   13
 -0.004885858263495937   19    1   14   14
 -3.240993034201562e-06   19    1   15    1
 1.836537454360625e-07   19    1   15    2
 9.274981193474084e-07   19    1   15    3
 1.151221164337661e-06   19    1   15    4
 4.565190801861057e-07   19    1   15    5
 3.116046573602044e-07   19    1   15    6
 0.000488250091912188   19    1   15    7
 1.300513611288946e-06   19    1   15    8
 2.30331530723039e-07   19    1   15    9
 -0.0004597569379648388   19    1   15   10
 0.0003818597011246865   19    1   15   11
 4.368888563693341e-07   19    1   15   12
 2.879737877492366e-06   19    1   15   13
 -2.380580121475447e-07   19    1   15   14
 0.003267463726746728   19    1   15   15
 0.007624558158664554   19    1   16    1
 -0.0004587478499119646   19    1   16    2
 -0.002005266868919169   19    1   16    3
 -0.002440055676609629   19    1   16    4
 -0.001222126783085744   19    1   16    5
 -0.0005882833621908797   19    1   16    6
 3.843020445645339e-07   19    1   16    7
 -0.002755170686627373   19    1   16    8
 -0.000574380674885965   19    1   16    9
 -1.724659418784738e-07   19    1   16   10
 2.155834942551533e-07   19    1   16   11
 -0.001295183914355059   19    1   16   12
 -0.006433503938516033   19    1   16   13
 0.0005963714844177579   19    1   16   14
 -4.785293942461375e-08   19    1   16   15
 0.003081538830534736   19    1   16   16
 0.001209033457987542   19    1   17    1
 -0.0002931567404772579   19    1   17    2
 -0.001543183002840226   19    1   17    3
 -0.003325613130053711   19    1   17    4
 -0.0002589373778503799   19    1   17    5
 -0.0007475153068030166   19    1   17    6
 1.422540526385736e-07   19    1   17    7
 -0.001984697460968537   19    1   17    8
 4.406430506774873e-06   19    1   17    9
 2.333822107315791e-08   19    1   17   10
 3.821451881212104e-08   19    1   17   11
 -0.0001562165350404192   19    1   17   12
 -0.004221830110364605   19    1   17   13
 0.002523076009189506   19    1   17   14
 -1.173238343343378e-06   19    1   17   15
 0.002545593078782063   19    1   17   16
 0.003811185633339072   19    1   17   17
 0.001028339308892573   19    1   18    1
 -5.2423888145563e-05   19    1   18    2
 -0.000224586639024199   19    1   18    3
 -0.0003005726597754621   19    1   18    4
 0.001204860110916808   19    1   18    5
 0.001140627079172787   19    1   18    6
 -4.067162204782967e-08   19    1   18    7
 -0.0002390552175492652   19    1   18    8
 0.0008900956204429871   19    1   18    9
 2.083125043729502e-09   19    1   18   10
 9.396583624170789e-09   19    1   18   11
 0.004102925563968066   19    1   18   12
 0.0007194496770316126   19    1   18   13
 0.000382096378952737   19    1   18   14
 -7.701155890062421e-07   19    1   18   15
 0.001972828304946745   19    1   18   16
 0.0003293889620896558   19    1   18   17
 -0.001426104545790341   19    1   18   18
 0.02869755665939949   19    1   19    1
 -0.07199197185126938   19    2    1    1
 0.000208278387720569   19    2    2    1
 0.01137794098044953   19    2    2    2
 0.001495314089499732   19    2    3    1
 0.004765655223230026   19    2    3    2
 0.00117624298994576   19    2    3    3
 0.001782056168767266   19    2    4    1
 0.001805239468201867   19    2    4    2
 -0.005635557276839861   19    2    4    3
 -0.01395510982974146   19    2    4    4
 0.0003443229650708474   19    2    5    1
 0.004071595698721688   19    2    5    2
 -0.001276896100537944   19    2    5    3
 0.0009585015138101126   19    2    5    4
 0.003722719275615863   19    2    5    5
 0.0003861494744135748   19    2    6    1
 -0.005475009903010529   19    2    6    2
 0.0003121057131257336   19    2    6    3
 -0.0005667533690393127   19    2    6    4
 0.00540716538638026   19    2    6    5
 0.005880877268561766   19    2    6    6
 -7.191888928044417e-08   19    2    7    1
 7.641421977908442e-07   19    2    7    2
 6.505795121108416e-07   19    2    7    3
 3.147227283514404e-07   19    2    7    4
 -3.613791643977097e-07   19    2    7    5
 -1.013616651285059e-07   19    2    7    6
 -0.0001062323564743093   19    2    7    7
 0.0009489022835262837   19    2    8    1
 -0.007880013512574993   19    2    8    2
 -0.01264080653946511   19    2    8    3
 -0.005201405129493754   19    2    8    4
 0.001852606361258089   19    2    8    5
 -0.0036781823076225   19    2    8    6
 1.572725981073912e-07   19    2    8    7
 0.001565378865418432   19    2    8    8
 -0.0003446142523900474   19    2    9    1
 -0.001915152266111256   19    2    9    2
 -0.0005983365837181712   19    2    9    3
 -0.005858223780391878   19    2    9    4
 0.0138312197748234   19    2    9    5
 0.008727403429870044   19    2    9    6
 -3.927153332616449e-07   19    2    9    7
 -0.001331714567596219   19    2    9    8
 -0.002971497321258727   19    2    9    9
 -6.123210517715596e-09   19    2   10    1
 2.151796480046825e-08   19    2   10    2
 8.133660940784902e-08   19    2   10    3
 9.726826631004766e-08   19    2   10    4
 2.909042824100082e-08   19    2   10    5
 -9.356087677235197e-08   19    2   10    6
 -0.0012368436331112   19    2   10    7
 -9.568132177391757e-08   19    2   10    8
 2.382842445725938e-09   19    2   10    9
 0.005961810857313674   19    2   10   10
 -1.335832569463954e-08   19    2   11    1
 7.946902009897511e-08   19    2   11    2
 1.169789826659235e-07   19    2   11    3
 3.831516195602314e-08   19    2   11    4
 4.606891728899732e-08   19    2   11    5
 -4.097726001276042e-07   19    2   11    6
 -0.007226306491608686   19    2   11    7
 -4.497917927764666e-07   19    2   11    8
 -2.74284065684867e-08   19    2   11    9
 -0.02993781662079152   19    2   11   10
 -0.0004199358013817319   19    2   11   11
 0.0002063846123243819   19    2   12    1
 0.0001510564203670128   19    2   12    2
 -0.00519074227150255   19    2   12    3
 -0.00023041347341523   19    2   12    4
 0.003227216806793753   19    2   12    5
 0.00247171969276932   19    2   12    6
 -2.177618969825653e-07   19    2   12    7
 0.001829797530207649   19    2   12    8
 0.01006639247526814   19    2   12    9
 -1.411400473703404e-08   19    2   12   10
 -4.138742967689856e-08   19    2   12   11
 0.004389094054343628   19    2   12   12
 0.00224222578520993   19    2   13    1
 -0.003615025114691794   19    2   13    2
 -0.005185997837208404   19    2   13    3
 -0.007339316860641044   19    2   13    4
 -0.001194830456576934   19    2   13    5
 -0.0007669606839594204   19    2   13    6
 2.180931847023825e-07   19    2   13    7
 -0.005726737205431227   19    2   13    8
 0.005738574082541872   19    2   13    9
 -1.920822403980408e-07   19    2   13   10
 -2.884473494175167e-09   19    2   13   11
 0.004384957568048629   19    2   13   12
 -0.009717668259812821   19    2   13   13
 -0.0004358321758433427   19    2   14    1
 0.0005448085728758737   19    2   14    2
 0.005914782560870467   19    2   14    3
 0.00840444881362299   19    2   14    4
 0.005088928521739761   19    2   14    5
 -0.003023829979476012   19    2   14    6
 8.277560923288265e-07   19    2   14    7
 -0.01136704188005804   19    2   14    8
 -0.0003863534546670402   19    2   14    9
 4.013330254266162e-09   19    2   14   10
 8.033081929733008e-08   19    2   14   11
 -0.00243039326252213   19    2   14   12
 0.001579323834926124   19    2   14   13
 0.004102325329208196   19    2   14   14
 5.139653132746547e-07   19    2   15    1
 -2.492487580577675e-06   19    2   15    2
 -5.480608987221763e-06   19    2   15    3
 -1.789592771166723e-06   19    2   15    4
 -9.07585174770021e-07   19    2   15    5
 -1.226854165115202e-06   19    2   15    6
 0.004656868902476999   19    2   15    7
 2.429395973846881e-06   19    2   15    8
 -4.266860400792429e-07   19    2   15    9
 0.004448998292423438   19    2   15   10
 0.002201614487020401   19    2   15   11
 1.106410358875514e-06   19    2   15   12
 -3.236915729793771e-06   19    2   15   13
 -1.081498149205884e-06   19    2   15   14
 -0.0008633017947037084   19    2   15   15
 -0.001143466427690362   19    2   16    1
 0.005672758147945078   19    2   16    2
 0.01308842039748648   19    2   16    3
 0.003817647161184403   19    2   16    4
 0.002073533642721886   19    2   16    5
 0.00400250821801412   19    2   16    6
 2.039273794879115e-06   19    2   16    7
 -0.005463408366631329   19    2   16    8
 0.00123327108157758   19    2   16    9
 1.943708386359549e-06   19    2   16   10
 9.23378121095681e-07   19    2   16   11
 -0.002156162163362506   19    2   16   12
 0.007592797718536356   19    2   16   13
 0.002646989538306336   19    2   16   14
 -1.381385212283839e-06   19    2   16   15
 0.003022064437598952   19    2   16   16
 -0.0008193750876858656   19    2   17    1
 -0.0006092224665193654   19    2   17    2
 0.006852538080928756   19    2   17    3
 0.0008160382807250196   19    2   17    4
 -0.00394923474462285   19    2   17    5
 0.005464793120654188   19    2   17    6
 -3.715939999789256e-07   19    2   17    7
 -0.001164828117997565   19    2   17    8
 -0.00171234485695682   19    2   17    9
 7.21727965135073e-09   19    2   17   10
 -5.146223331383004e-08   19    2   17   11
 -0.002867378706758661   19    2   17   12
 0.00607096312474032   19    2   17   13
 0.0001752013769422129   19    2   17   14
 -1.146612097695244e-07   19    2   17   15
 0.000657030273065224   19    2   17   16
 0.001237410475482569   19    2   17   17
 0.000348813985805249   19    2   18    1
 0.004114708829094331   19    2   18    2
 -0.0002988555253413468   19    2   18    3
 0.004335941944171716   19    2   18    4
 -0.01352545698985647   19    2   18    5
 -0.01243149161597101   19    2   18    6
 8.129547747293758e-07   19    2   18    7
 -0.002248856270438215   19    2   18    8
 0.0015281325162667   19    2   18    9
 2.902964353670554e-08   19    2   18   10
 -8.965344781089543e-10   19    2   18   11
 -0.02398555132014979   19    2   18   12
 -0.005044654583392683   19    2   18   13
 -0.001576877120259545   19    2   18   14
 4.666724405935373e-06   19    2   18   15
 -0.01166100684306179   19    2   18   16
 -0.001709938521405031   19    2   18   17
 0.004198301801175653   19    2   18   18
 0.0006362535676670431   19    2   19    1
 0.02942406088577602   19    2   19    2
 -0.07089406405684549   19    3    1    1
 -0.0007028682961924997   19    3    2    1
 0.006269664802667623   19    3    2    2
 0.001472662532027438   19    3    3    1
 0.006579660794255794   19    3    3    2
 -0.008062667250673906   19    3    3    3
 0.002700030230610826   19    3    4    1
 -0.007064643241931338   19    3    4    2
 -0.007908077227121319   19    3    4    3
 -0.006584107787120636   19    3    4    4
 -0.001095566091977117   19    3    5    1
 -0.005721500925489734   19    3    5    2
 -0.00421028649846938   19    3    5    3
 -0.0006814252759808297   19    3    5    4
 -0.002566609915362785   19    3    5    5
 0.001379736502147243   19    3    6    1
 0.005326063545122967   19    3    6    2
 -0.0007564617428353788   19    3    6    3
 -0.0005951197446662728   19    3    6    4
 0.006290067736102201   19    3    6    5
 0.003182138832317534   19    3    6    6
 -3.146286130883635e-07   19    3    7    1
 -2.20185841830444e-07   19    3    7    2
 2.069792758337984e-08   19    3    7    3
 -6.550103282446712e-08   19    3    7    4
 -1.675596650697355e-07   19    3    7    5
 -5.76054801339902e-07   19    3    7    6
 -0.006396374013463901   19    3    7    7
 0.004119876966615409   19    3    8    1
 -0.003205578607224231   19    3    8    2
 -0.0001652861210236309   19    3    8    3
 0.001268696824136559   19    3    8    4
 -0.002871547448035358   19    3    8    5
 0.0004491694095868474   19    3    8    6
 -3.385860100284609e-07   19    3    8    7
 -0.001424520705992015   19    3    8    8
 0.0004243601327621573   19    3    9    1
 -0.002803636068998806   19    3    9    2
 0.005564055605459734   19    3    9    3
 -0.002664458919049798   19    3    9    4
 0.01428978747166807   19    3    9    5
 0.01220294474591291   19    3    9    6
 -5.954473516245034e-07   19    3    9    7
 -0.0004599907238293485   19    3    9    8
 -0.0049440862631428   19    3    9    9
 -3.159618064463311e-08   19    3   10    1
 4.274842088077868e-08   19    3   10    2
 1.152133335313324e-08   19    3   10    3
 1.144205800480606e-08   19    3   10    4
 4.187013122698913e-08   19    3   10    5
 -1.125403902646326e-07   19    3   10    6
 -0.001283564021397366   19    3   10    7
 -1.463599256378857e-07   19    3   10    8
 -4.823837854510154e-09   19    3   10    9
 0.0007252566169979754   19    3   10   10
 -5.060663353216044e-08   19    3   11    1
 6.541315007458766e-08   19    3   11    2
 -9.51329213083806e-09   19    3   11    3
 -3.421522821482819e-08   19    3   11    4
 8.204278211487844e-08   19    3   11    5
 -5.20324756520678e-07   19    3   11    6
 -0.00784112847198698   19    3   11    7
 -5.515806730215362e-07   19    3   11    8
 8.790025789468144e-09   19    3   11    9
 -0.03052734418453771   19    3   11   10
 -0.0001210177847412445   19    3   11   11
 -0.00134784460428013   19    3   12    1
 -0.005050101105511032   19    3   12    2
 -0.0009908485779185419   19    3   12    3
 -0.001959645569101159   19    3   12    4
 -0.004296755526692424   19    3   12    5
 0.003027429621624071   19    3   12    6
 -2.30185280982808e-07   19    3   12    7
 0.001299102030627298   19    3   12    8
 0.008756500808604253   19    3   12    9
 3.440660321093575e-09   19    3   12   10
 2.488358081912612e-08   19    3   12   11
 -0.007084673633597737   19    3   12   12
 0.004804891497316931   19    3   13    1
 -0.001268529285164855   19    3   13    2
 -0.00348966362143057   19    3   13    3
 -0.0004370907867313741   19    3   13    4
 -0.001231902367948709   19    3   13    5
 0.002315452350752508   19    3   13    6
 -3.936385761706805e-07   19    3   13    7
 0.004557864466813104   19    3   13    8
 0.00243301838091736   19    3   13    9
 -3.330322424004875e-07   19    3   13   10
 -9.322673895087832e-08   19    3   13   11
 0.0003932730919065529   19    3   13   12
 -0.007843825858493608   19    3   13   13
 5.99397438635636e-05   19    3   14    1
 0.008277457677860414   19    3   14    2
 0.007006747970221616   19    3   14    3
 0.003785668222622971   19    3   14    4
 0.00366801530488208   19    3   14    5
 -0.002237072495221016   19    3   14    6
 5.353863045235899e-07   19    3   14    7
 -0.007120438684063932   19    3   14    8
 0.0003193774834656569   19    3   14    9
 3.939506974132746e-08   19    3   14   10
 3.985764558612824e-08   19    3   14   11
 0.001207891556765963   19    3   14   12
 0.002467766657385109   19    3   14   13
 0.01183262606612873   19    3   14   14
 9.681281733217049e-07   19    3   15    1
 -4.101141934284338e-06   19    3   15    2
 -7.905558583810999e-07   19    3   15    3
 -3.107883945080648e-06   19    3   15    4
 -2.122894489413047e-06   19    3   15    5
 2.49491332002403e-08   19    3   15    6
 -0.00192751878756755   19    3   15    7
 3.209313086065541e-06   19    3   15    8
 -7.381548307895079e-07   19    3   15    9
 0.006521970555888437   19    3   15   10
 0.002087937393504211   19    3   15   11
 -2.610044140455027e-06   19    3   15   12
 -8.349237496083702e-07   19    3   15   13
 9.736203552972858e-07   19    3   15   14
 -0.005548380313439048   19    3   15   15
 -0.002103041422050831   19    3   16    1
 0.00983671303122622   19    3   16    2
 0.001690768336610877   19    3   16    3
 0.007355325425705904   19    3   16    4
 0.005437154788519603   19    3   16    5
 -0.0003160222101090891   19    3   16    6
 -3.428938843954943e-07   19    3   16    7
 -0.007525544803229627   19    3   16    8
 0.002033373947155367   19    3   16    9
 2.865502651447822e-06   19    3   16   10
 9.052442445703956e-07   19    3   16   11
 0.006770350332812536   19    3   16   12
 0.002120534214534489   19    3   16   13
 -0.002487392280780125   19    3   16   14
 1.848962598034736e-07   19    3   16   15
 -0.005927949138399077   19    3   16   16
 -0.00189328556434006   19    3   17    1
 0.003932017343918596   19    3   17    2
 -0.000849325222820489   19    3   17    3
 -4.505871146805498e-05   19    3   17    4
 0.004833450940332449   19    3   17    5
 -0.005225070167819277   19    3   17    6
 3.443055295478226e-07   19    3   17    7
 0.001453763664045864   19    3   17    8
 0.002103695635708344   19    3   17    9
 -1.249542547943363e-08   19    3   17   10
 -1.761170857519369e-08   19    3   17   11
 0.002903146998489726   19    3   17   12
 0.0009208967249445248   19    3   17   13
 -0.005678700501358169   19    3   17   14
 1.206714863302525e-06   19    3   17   15
 -0.002772762985804188   19    3   17   16
 -0.005155104092836312   19    3   17   17
 -0.0009113425262093949   19    3   18    1
 0.001674386259916328   19    3   18    2
 -0.001959183663855306   19    3   18    3
 0.004177427967865282   19    3   18    4
 -0.01427549318623433   19    3   18    5
 -0.009461102093515698   19    3   18    6
 5.072682546954263e-07   19    3   18    7
 -0.0005530727209843013   19    3   18    8
 0.001990274973212601   19    3   18    9
 5.889293607441265e-08   19    3   18   10
 3.754947019421029e-08   19    3   18   11
 -0.02615501062869372   19    3   18   12
 -0.008680949147239251   19    3   18   13
 -0.001282179100612024   19    3   18   14
 3.29192772268408e-06   19    3   18   15
 -0.008517520162926909   19    3   18   16
 6.118524840790947e-05   19    3   18   17
 0.0001390295544625859   19    3   18   18
 0.005760582281220896   19    3   19    1
 0.01689034917800093   19    3   19    2
 0.02419396251568367   19    3   19    3
 -0.06497335687826498   19    4    1    1
 -0.001350026983913944   19    4    2    1
 0.01077274537307087   19    4    2    2
 0.001483169917610871   19    4    3    1
 0.004584409336694884   19    4    3    2
 -0.01139969885907713   19    4    3    3
 0.00232103327221831   19    4    4    1
 -0.02276599955643049   19    4    4    2
 -0.01012949907250128   19    4    4    3
 -0.004224271054480258   19    4    4    4
 -0.0006479956165883123   19    4    5    1
 -0.01231496371676685   19    4    5    2
 -0.007966292992237228   19    4    5    3
 0.007156044711402249   19    4    5    4
 0.0007561311338189707   19    4    5    5
 0.002396225719909434   19    4    6    1
 0.009806333297807524   19    4    6    2
 0.009250299030198901   19    4    6    3
 -0.002974042835093054   19    4    6    4
 0.00109025888303075   19    4    6    5
 0.006488561374073802   19    4    6    6
 -4.562763996877077e-07   19    4    7    1
 -1.156623497791405e-06   19    4    7    2
 -1.15544362680396e-06   19    4    7    3
 1.49327224411411e-07   19    4    7    4
 3.459785426011718e-07   19    4    7    5
 -1.233860282217522e-06   19    4    7    6
 -0.01170260290139353   19    4    7    7
 0.005597022845806591   19    4    8    1
 0.009237816561742928   19    4    8    2
 0.0083070397184633   19    4    8    3
 0.001771994695183633   19    4    8    4
 -0.004789072917930231   19    4    8    5
 0.002394431311693257   19    4    8    6
 -5.915658901619899e-07   19    4    8    7
 -0.004509568695746281   19    4    8    8
 -0.0007239302169681166   19    4    9    1
 -0.002204504962033719   19    4    9    2
 -0.0003671367670869749   19    4    9    3
 -0.006508925229254248   19    4    9    4
 0.01689223241685326   19    4    9    5
 0.01300037877090749   19    4    9    6
 -6.188782827384913e-07   19    4    9    7
 -0.0007142314401952041   19    4    9    8
 -0.004527341701347221   19    4    9    9
 -4.06798609740511e-08   19    4   10    1
 3.236809572808965e-08   19    4   10    2
 3.70159029229038e-09   19    4   10    3
 -4.927062812041314e-08   19    4   10    4
 6.062497880770617e-09   19    4   10    5
 -5.852980638369914e-08   19    4   10    6
 -0.0004168786425209279   19    4   10    7
 -1.260250472875025e-07   19    4   10    8
 -4.919892298514502e-09   19    4   10    9
 -0.00397743404356241   19    4   10   10
 -6.436954837438405e-08   19    4   11    1
 -3.612585241029495e-08   19    4   11    2
 -6.997044217120297e-08   19    4   11    3
 -5.03724258701746e-08   19    4   11    4
 7.755920748182025e-08   19    4   11    5
 -4.628149855041026e-07   19    4   11    6
 -0.006680806213127389   19    4   11    7
 -5.378648832568257e-07   19    4   11    8
 -6.350840285965792e-09   19    4   11    9
 -0.03101640401093628   19    4   11   10
 0.001263580138048774   19    4   11   11
 -7.844266490352368e-06   19    4   12    1
 0.001551587049561054   19    4   12    2
 -0.004003783744838127   19    4   12    3
 0.002205836795539571   19    4   12    4
 -0.004990196332093444   19    4   12    5
 -0.0003056184200523763   19    4   12    6
 8.786307456689845e-08   19    4   12    7
 -0.001848975391410952   19    4   12    8
 0.004251195134525361   19    4   12    9
 -4.08242510500919e-09   19    4   12   10
 -3.324954135795596e-09   19    4   12   11
 -0.008778572033256394   19    4   12   12
 0.006250999134053232   19    4   13    1
 -0.0008704394056235373   19    4   13    2
 0.003665450519128061   19    4   13    3
 0.002097320871788975   19    4   13    4
 -0.002330794087044344   19    4   13    5
 0.0007830919502570186   19    4   13    6
 -6.056084602304549e-07   19    4   13    7
 0.01079397504224955   19    4   13    8
 0.002643820254390121   19    4   13    9
 -3.989693472244861e-07   19    4   13   10
 -8.811153170284259e-08   19    4   13   11
 0.0003269843699675094   19    4   13   12
 -0.008378672399980634   19    4   13   13
 0.0004691772424408576   19    4   14    1
 0.01667921953084381   19    4   14    2
 0.00910264125120841   19    4   14    3
 -0.003600614390257614   19    4   14    4
 -0.004865757353738156   19    4   14    5
 0.005214993600111737   19    4   14    6
 -2.452028240931407e-07   19    4   14    7
 -0.002218016713745834   19    4   14    8
 -7.492664788359231e-05   19    4   14    9
 7.779790034230923e-08   19    4   14   10
 -4.370842414201068e-08   19    4   14   11
 -0.001878464089869482   19    4   14   12
 0.003585159145635329   19    4   14   13
 0.02675643642754037   19    4   14   14
 8.863647121551899e-07   19    4   15    1
 7.490923876128099e-07   19    4   15    2
 -3.213181339207794e-06   19    4   15    3
 -1.426036410710771e-06   19    4   15    4
 -2.816434192005362e-06   19    4   15    5
 4.570971868112461e-06   19    4   15    6
 -0.002298075851661815   19    4   15    7
 2.901656947867741e-06   19    4   15    8
 -1.278555833762928e-06   19    4   15    9
 0.006994174561078067   19    4   15   10
 0.0008587998612329261   19    4   15   11
 3.631219748658142e-07   19    4   15   12
 -8.464830823827277e-07   19    4   15   13
 3.367518756530913e-06   19    4   15   14
 -0.01414565263597023   19    4   15   15
 -0.001860359414636321   19    4   16    1
 -0.002016156659659743   19    4   16    2
 0.007619404915973307   19    4   16    3
 0.003790682113859989   19    4   16    4
 0.006852708227994455   19    4   16    5
 -0.01107662075800072   19    4   16    6
 1.954995383629609e-07   19    4   16    7
 -0.006874063066923476   19    4   16    8
 0.003140153075696436   19    4   16    9
 3.061100462310597e-06   19    4   16   10
 4.053008936002391e-07   19    4   16   11
 -0.0004188687760081378   19    4   16   12
 0.002384374291612128   19    4   16   13
 -0.008586999278700574   19    4   16   14
 -3.664713546504359e-06   19    4   16   15
 -0.00500665324698034   19    4   16   16
 -0.002270112364666456   19    4   17    1
 -0.002242892741162853   19    4   17    2
 -0.005007670610469412   19    4   17    3
 0.005955456450498641   19    4   17    4
 0.003207387126802512   19    4   17    5
 0.0004280041717811956   19    4   17    6
 4.018722071117677e-07   19    4   17    7
 -0.006068502391467524   19    4   17    8
 -0.002483001443108975   19    4   17    9
 -1.207464415200918e-08   19    4   17   10
 2.689794024521292e-08   19    4   17   11
 4.320272347973138e-05   19    4   17   12
 -0.002535246698624513   19    4   17   13
 -0.01332457178154771   19    4   17   14
 -9.765261724541919e-07   19    4   17   15
 0.002463150849206329   19    4   17   16
 -0.004998623621786751   19    4   17   17
 0.001147257448659039   19    4   18    1
 0.003117137725220064   19    4   18    2
 0.001888049187307128   19    4   18    3
 0.005552765653827784   19    4   18    4
 -0.00856691125562439   19    4   18    5
 -0.01008986871480727   19    4   18    6
 6.657843800728946e-07   19    4   18    7
 -0.002068741274435624   19    4   18    8
 0.00307928743639676   19    4   18    9
 4.730733329585402e-08   19    4   18   10
 -8.321653182534452e-10   19    4   18   11
 -0.02592398885350452   19    4   18   12
 -0.007174117501087565   19    4   18   13
 -0.002956821300843314   19    4   18   14
 4.593366253912052e-06   19    4   18   15
 -0.01166718034793525   19    4   18   16
 -0.001574070384064264   19    4   18   17
 -0.004393527942862334   19    4   18   18
 0.007996883274952425   19    4   19    1
 0.004137466885956342   19    4   19    2
 0.01520352597165836   19    4   19    3
 0.02999521374265461   19    4   19    4
 -0.07753515688657382   19    5    1    1
 0.0002588804017175709   19    5    2    1
 0.01316006876653665   19    5    2    2
 0.0009798893548283157   19    5    3    1
 0.002421162444461032   19    5    3    2
 -0.007764853836944124   19    5    3    3
 0.002174406939649149   19    5    4    1
 -0.01281652456667909   19    5    4    2
 -0.01390484205501002   19    5    4    3
 -0.00345294994590513   19    5    4    4
 -0.001160303955186981   19    5    5    1
 -0.001279502296080592   19    5    5    2
 -0.007141928616142432   19    5    5    3
 0.002557767134484819   19    5    5    4
 -0.001438679706817092   19    5    5    5
 -0.0001978408196112204   19    5    6    1
 0.01304921079228285   19    5    6    2
 0.006683199513699676   19    5    6    3
 -0.01056721790344724   19    5    6    4
 0.000685957596261223   19    5    6    5
 0.009490849540839303   19    5    6    6
 -4.997594083329238e-08   19    5    7    1
 -1.241550902344491e-06   19    5    7    2
 -2.735297449736244e-07   19    5    7    3
 1.032220906003729e-06   19    5    7    4
 1.029204021613296e-07   19    5    7    5
 -5.120215277548307e-07   19    5    7    6
 -0.002508423692699777   19    5    7    7
 0.001130759776260367   19    5    8    1
 0.008558252369136   19    5    8    2
 -0.003192890473711829   19    5    8    3
 -0.006292296154254474   19    5    8    4
 -0.001454802910650911   19    5    8    5
 -0.004034439758365085   19    5    8    6
 5.128662495227254e-07   19    5    8    7
 -0.007791146954531176   19    5    8    8
 0.001488204167948033   19    5    9    1
 0.0063113231556794   19    5    9    2
 0.009277572854383392   19    5    9    3
 -0.003045340290547021   19    5    9    4
 0.01363184767680222   19    5    9    5
 0.01179767408661414   19    5    9    6
 -5.30688259191017e-07   19    5    9    7
 -0.002372636602050887   19    5    9    8
 -0.003302346604784151   19    5    9    9
 1.519361100519295e-09   19    5   10    1
 3.08349142468531e-08   19    5   10    2
 1.01637234271693e-07   19    5   10    3
 7.673347798583495e-08   19    5   10    4
 5.042388561076196e-08   19    5   10    5
 -2.25460250109275e-07   19    5   10    6
 -0.003746952782710405   19    5   10    7
 -2.382981214730566e-07   19    5   10    8
 4.221687704382227e-09   19    5   10    9
 -0.003852678385711768   19    5   10   10
 -3.367872174183456e-09   19    5   11    1
 -2.414229245678146e-08   19    5   11    2
 8.796815409629367e-08   19    5   11    3
 1.122554616899925e-07   19    5   11    4
 9.96894607169557e-08   19    5   11    5
 -4.857061116125834e-07   19    5   11    6
 -0.008094323960406135   19    5   11    7
 -4.864415809349952e-07   19    5   11    8
 -3.271800226023318e-10   19    5   11    9
 -0.0305478937186745   19    5   11   10
 -0.004513982662762128   19    5   11   11
 -0.002275167391546117   19    5   12    1
 0.002088538794298127   19    5   12    2
 -0.00393429777885743   19    5   12    3
 -0.0007209682398756001   19    5   12    4
 -0.005192534718913518   19    5   12    5
 -0.004739741865021486   19    5   12    6
 2.085740181410304e-07   19    5   12    7
 0.0008561043628785834   19    5   12    8
 0.00992137775786983   19    5   12    9
 3.955129870875687e-08   19    5   12   10
 2.748351705047591e-08   19    5   12   11
 -0.005958350285514417   19    5   12   12
 0.001543163289976481   19    5   13    1
 -0.0004803643324054756   19    5   13    2
 -0.005835970291421558   19    5   13    3
 -0.009434432031139856   19    5   13    4
 -0.004819960992825456   19    5   13    5
 -0.00145984219896597   19    5   13    6
 4.187180069969639e-07   19    5   13    7
 -0.009275427620990944   19    5   13    8
 0.002756165352534794   19    5   13    9
 -1.99483627408815e-07   19    5   13   10
 -1.062778205926906e-08   19    5   13   11
 -0.0008089869376655956   19    5   13   12
 -0.01240586872592837   19    5   13   13
 -0.0004111549126521149   19    5   14    1
 0.01162860956877623   19    5   14    2
 0.009676780742981516   19    5   14    3
 -0.003464975882525402   19    5   14    4
 -0.003579842828311499   19    5   14    5
 0.002572085510597155   19    5   14    6
 -1.009024513400536e-07   19    5   14    7
 -0.001464080188704573   19    5   14    8
 -0.003477403434260853   19    5   14    9
 3.71460296694891e-08   19    5   14   10
 -3.165617798320181e-08   19    5   14   11
 0.008092177156015833   19    5   14   12
 0.006634973344424095   19    5   14   13
 0.02389292514566172   19    5   14   14
 7.428664575830953e-07   19    5   15    1
 -2.138901898970336e-08   19    5   15    2
 -2.560846777703133e-06   19    5   15    3
 -5.103960019448457e-06   19    5   15    4
 -1.710867305107392e-06   19    5   15    5
 -1.708041598158278e-06   19    5   15    6
 0.005127206051123506   19    5   15    7
 2.866518482925439e-06   19    5   15    8
 3.431656655932935e-07   19    5   15    9
 0.004815742538738196   19    5   15   10
 0.002285660085249485   19    5   15   11
 -1.126400530045426e-06   19    5   15   12
 -2.599091013346285e-06   19    5   15   13
 5.854307895413916e-07   19    5   15   14
 -0.00145140171298693   19    5   15   15
 -0.001702498220454199   19    5   16    1
 -0.0002923634680163658   19    5   16    2
 0.006186864761009567   19    5   16    3
 0.01181802116645271   19    5   16    4
 0.003971217932837809   19    5   16    5
 0.004884267176034999   19    5   16    6
 2.291227578418404e-06   19    5   16    7
 -0.006843750892271035   19    5   16    8
 -0.0007110587965118518   19    5   16    9
 2.096568395153859e-06   19    5   16   10
 9.690818531891354e-07   19    5   16   11
 0.002812033696551722   19    5   16   12
 0.005910561964131477   19    5   16   13
 -0.001367520244571607   19    5   16   14
 -9.532699359889432e-07   19    5   16   15
 0.001368531690547755   19    5   16   16
 -0.0008522845441142467   19    5   17    1
 -0.00726569795189753   19    5   17    2
 0.00626491156841574   19    5   17    3
 0.003704709053246527   19    5   17    4
 0.001518955458284097   19    5   17    5
 0.0005030403563707046   19    5   17    6
 2.915003185171689e-08   19    5   17    7
 -0.001242945770926935   19    5   17    8
 0.002015749538993284   19    5   17    9
 -2.726699046116051e-08   19    5   17   10
 -3.923886554055213e-08   19    5   17   11
 -0.002329390266978295   19    5   17   12
 0.006088488928364794   19    5   17   13
 -0.008238918041855638   19    5   17   14
 -7.246687685579584e-07   19    5   17   15
 0.002056326112853811   19    5   17   16
 0.002472884635377187   19    5   17   17
 -0.002814607943684532   19    5   18    1
 -0.004864661990585334   19    5   18    2
 -0.008797773716411324   19    5   18    3
 1.735974963964722e-05   19    5   18    4
 -0.01396263825698624   19    5   18    5
 -0.00568247576387582   19    5   18    6
 6.892474850791505e-08   19    5   18    7
 0.004558624681006297   19    5   18    8
 0.007430924243764386   19    5   18    9
 3.012307020030121e-08   19    5   18   10
 3.36303931857282e-08   19    5   18   11
 -0.01939100767041984   19    5   18   12
 -0.00664353128384498   19    5   18   13
 -0.008040214106734223   19    5   18   14
 3.097224409749709e-06   19    5   18   15
 -0.007695374935015452   19    5   18   16
 0.002035290881062321   19    5   18   17
 -0.002587767713194891   19    5   18   18
 0.001144111445959742   19    5   19    1
 0.00577135407272452   19    5   19    2
 0.009282353049394591   19    5   19    3
 0.01021226219363631   19    5   19    4
 0.0227468530136151   19    5   19    5
 0.07748380457234755   19    6    1    1
 -0.0003205165605921337   19    6    2    1
 -0.01982334362502601   19    6    2    2
 -0.001281749964889148   19    6    3    1
 0.001773418236474304   19    6    3    2
 0.0008001929009374875   19    6    3    3
 -0.001107664480006295   19    6    4    1
 0.009390246757796249   19    6    4    2
 0.01596038728050985   19    6    4    3
 0.009476835521142082   19    6    4    4
 -0.0008867405684199117   19    6    5    1
 0.0115731773253259   19    6    5    2
 0.01076460116138818   19    6    5    3
 -0.01267551717592622   19    6    5    4
 -0.008465173220892441   19    6    5    5
 -0.0002689987531899797   19    6    6    1
 0.00121556716445889   19    6    6    2
 0.0003946260158410451   19    6    6    3
 0.003138901552123139   19    6    6    4
 0.0001119869178058117   19    6    6    5
 -0.005746716894590101   19    6    6    6
 -5.449718056741306e-09   19    6    7    1
 4.295953284550529e-07   19    6    7    2
 -7.307591579276954e-08   19    6    7    3
 -1.016158393770009e-06   19    6    7    4
 8.20725543093484e-08   19    6    7    5
 -3.381262704039347e-07   19    6    7    6
 -0.009057561198491893   19    6    7    7
 -0.0001262404131382537   19    6    8    1
 -0.01079848131488356   19    6    8    2
 0.004739663994684402   19    6    8    3
 0.01045683909031166   19    6    8    4
 -0.005379124918228965   19    6    8    5
 0.001445182969831162   19    6    8    6
 -1.072241732144414e-06   19    6    8    7
 0.007247367640732823   19    6    8    8
 0.0008599661907203693   19    6    9    1
 0.00962779672290748   19    6    9    2
 0.004851215538620603   19    6    9    3
 0.006588969464921057   19    6    9    4
 -0.01564991158288888   19    6    9    5
 -0.007884194873453834   19    6    9    6
 3.221500959124322e-07   19    6    9    7
 0.003806445044094874   19    6    9    8
 0.003441156874388934   19    6    9    9
 -7.399995830013155e-08   19    6   10    1
 3.482335151210742e-08   19    6   10    2
 -2.406464886399995e-07   19    6   10    3
 -1.961447951340148e-07   19    6   10    4
 -5.59648887323191e-08   19    6   10    5
 4.440205783134694e-07   19    6   10    6
 0.006402032459459138   19    6   10    7
 4.345244101307651e-07   19    6   10    8
 -2.36266882772808e-08   19    6   10    9
 0.00231210765311996   19    6   10   10
 -8.232545217164259e-08   19    6   11    1
 -7.553252938325405e-08   19    6   11    2
 -3.248056584213217e-07   19    6   11    3
 -2.259917738579448e-07   19    6   11    4
 -1.001900865714999e-07   19    6   11    5
 5.298078625173379e-07   19    6   11    6
 0.008485640547803751   19    6   11    7
 6.489673266426889e-07   19    6   11    8
 6.924711832305924e-08   19    6   11    9
 0.03012210090497723   19    6   11   10
 0.004224840950354334   19    6   11   11
 -0.00108140600680178   19    6   12    1
 0.001362124672930974   19    6   12    2
 0.004281102970688135   19    6   12    3
 0.004271577799479814   19    6   12    4
 0.002080876407396935   19    6   12    5
 0.005289366411307971   19    6   12    6
 1.821901002268088e-07   19    6   12    7
 -0.00585674630548202   19    6   12    8
 -0.0103637195427593   19    6   12    9
 -5.365798616560513e-08   19    6   12   10
 3.767257930072809e-08   19    6   12   11
 -0.0001098770200004094   19    6   12   12
 -0.001423162601218877   19    6   13    1
 0.0008411259311343271   19    6   13    2
 0.009609892353564135   19    6   13    3
 0.009536221573052563   19    6   13    4
 0.007102575656424225   19    6   13    5
 -0.0001444899780790636   19    6   13    6
 -5.391843610414821e-07   19    6   13    7
 0.01198127655857409   19    6   13    8
 -0.007811832532285309   19    6   13    9
 1.711398334250837e-07   19    6   13   10
 2.972703286234533e-08   19    6   13   11
 -0.007426676076596588   19    6   13   12
 0.008506500967766692   19    6   13   13
 0.0004329296060426745   19    6   14    1
 -0.009834729968574671   19    6   14    2
 -0.009741793193297458   19    6   14    3
 0.004568243685532921   19    6   14    4
 0.001534734315490795   19    6   14    5
 -0.00506508731991914   19    6   14    6
 1.950084998460747e-07   19    6   14    7
 0.0009730244800423897   19    6   14    8
 -0.003249344475442606   19    6   14    9
 1.449289239773664e-07   19    6   14   10
 5.904339468926092e-08   19    6   14   11
 0.01068820894981358   19    6   14   12
 -0.002207736408622245   19    6   14   13
 -0.02071227330073537   19    6   14   14
 -2.400647798962445e-07   19    6   15    1
 -1.966781835284606e-07   19    6   15    2
 1.4297759816574e-07   19    6   15    3
 7.151376519317749e-06   19    6   15    4
 -1.634412568980257e-06   19    6   15    5
 3.096591957687276e-06   19    6   15    6
 -0.009391914501409941   19    6   15    7
 -2.465378895793334e-06   19    6   15    8
 -3.185409925549687e-06   19    6   15    9
 -0.004650096246224969   19    6   15   10
 -0.004573579941630904   19    6   15   11
 -3.078591561066392e-06   19    6   15   12
 3.241739913864385e-06   19    6   15   13
 -3.992953841761014e-06   19    6   15   14
 -0.01208220374802877   19    6   15   15
 0.0005952401951131534   19    6   16    1
 0.001572597946583465   19    6   16    2
 -0.0003391802095299759   19    6   16    3
 -0.01642815874450081   19    6   16    4
 0.004821955302749269   19    6   16    5
 -0.009219049275021806   19    6   16    6
 -3.816746007428844e-06   19    6   16    7
 0.005521199712936497   19    6   16    8
 0.007446061603229036   19    6   16    9
 -1.831768945999932e-06   19    6   16   10
 -1.826102977964878e-06   19    6   16   11
 0.006756124790895974   19    6   16   12
 -0.00681581059114354   19    6   16   13
 0.01006827595237269   19    6   16   14
 -5.893677932016526e-06   19    6   16   15
 0.001083978479961227   19    6   16   16
 0.0004305368576294915   19    6   17    1
 0.01009842583467923   19    6   17    2
 -0.01035694300640587   19    6   17    3
 -0.001002900724910621   19    6   17    4
 0.0002667340511356588   19    6   17    5
 0.004801570618643264   19    6   17    6
 -4.212411342940932e-07   19    6   17    7
 -0.00112210227528462   19    6   17    8
 0.0004269192649350528   19    6   17    9
 1.592974450209225e-07   19    6   17   10
 2.166450247897875e-07   19    6   17   11
 0.004385396665788669   19    6   17   12
 -0.01222550242398507   19    6   17   13
 0.005986983324393046   19    6   17   14
 1.285046227992899e-06   19    6   17   15
 -0.002766205574566202   19    6   17   16
 -0.01061056055536107   19    6   17   17
 -0.001305063762739495   19    6   18    1
 -0.008027898923168747   19    6   18    2
 -0.001621768802100686   19    6   18    3
 -0.007013517241244243   19    6   18    4
 0.01027980346408288   19    6   18    5
 0.00984004250160061   19    6   18    6
 -1.138717740449376e-06   19    6   18    7
 0.01013062027571113   19    6   18    8
 -0.005828471454634335   19    6   18    9
 -3.666948580125243e-08   19    6   18   10
 4.484101607757306e-09   19    6   18   11
 0.02197164388951232   19    6   18   12
 0.0002183265108420789   19    6   18   13
 -0.005517769342903989   19    6   18   14
 -4.327329428419929e-06   19    6   18   15
 0.01033686288143485   19    6   18   16
 0.003149522126317694   19    6   18   17
 0.001325430689804875   19    6   18   18
 0.0007634918007854501   19    6   19    1
 -0.00781086224839301   19    6   19    2
 -0.00580863866724477   19    6   19    3
 -0.01034616670935195   19    6   19    4
 -0.006946952119388668   19    6   19    5
 0.02305944443188996   19    6   19    6
 -1.534510762365897e-05   19    7    1    1
 9.952735498121229e-08   19    7    2    1
 2.522497529609514e-06   19    7    2    2
 2.376126579801397e-07   19    7    3    1
 1.538580994263291e-06   19    7    3    2
 -1.762001610631008e-06   19    7    3    3
 2.450631909678208e-07   19    7    4    1
 -1.988242409043746e-06   19    7    4    2
 -2.724599821230672e-06   19    7    4    3
 -2.191560994182794e-06   19    7    4    4
 1.148923331464513e-07   19    7    5    1
 -1.718309593413134e-06   19    7    5    2
 -9.535579700613384e-07   19    7    5    3
 1.687213399373425e-06   19    7    5    4
 4.986599295813005e-07   19    7    5    5
 -4.157184907143254e-08   19    7    6    1
 9.87861426567475e-07   19    7    6    2
 -6.103213374389894e-08   19    7    6    3
 -1.640909813928528e-06   19    7    6    4
 5.268491549359156e-07   19    7    6    5
 7.455253269828625e-07   19    7    6    6
 -0.00036141760699637   19    7    7    1
 -0.003745001072530055   19    7    7    2
 0.003147661215716659   19    7    7    3
 -0.003369380037707972   19    7    7    4
 -0.002452706204032693   19    7    7    5
 -0.0005815448327130287   19    7    7    6
 -9.653725304869175e-07   19    7    7    7
 -7.684654831128493e-08   19    7    8    1
 6.995298775382464e-07   19    7    8    2
 -1.292993875656545e-06   19    7    8    3
 -2.730265697042269e-06   19    7    8    4
 -3.729844964476752e-07   19    7    8    5
 -6.096225433580099e-07   19    7    8    6
 -0.001872779921702139   19    7    8    7
 -2.2699243492584e-06   19    7    8    8
 -5.79373482622296e-08   19    7    9    1
 -9.559548207789775e-07   19    7    9    2
 4.397209639866111e-07   19    7    9    3
 -1.106112027384803e-06   19    7    9    4
 3.280294360022845e-06   19    7    9    5
 2.637636342679931e-06   19    7    9    6
 0.001735489934588185   19    7    9    7
 -1.126846190732212e-07   19    7    9    8
 -1.381929306322126e-06   19    7    9    9
 -0.001166155058814141   19    7   10    1
 0.001357543176211027   19    7   10    2
 -0.002463015877110254   19    7   10    3
 -0.001520651055780219   19    7   10    4
 -0.0003113136264712768   19    7   10    5
 0.0007519091747925163   19    7   10    6
 -5.647681124405051e-07   19    7   10    7
 0.001498020902819843   19    7   10    8
 -0.0002434549251771616   19    7   10    9
 -9.00684489241199e-08   19    7   10   10
 -0.001352990996861074   19    7   11    1
 -0.001843832618111688   19    7   11    2
 -0.003883239915438591   19    7   11    3
 -0.001695360753020417   19    7   11    4
 -0.0002514323772974328   19    7   11    5
 0.0001967762422809165   19    7   11    6
 -1.918808179663501e-06   19    7   11    7
 0.003262151996337993   19    7   11    8
 0.0001729294013671984   19    7   11    9
 -6.420526130681703e-06   19    7   11   10
 -6.308765375624697e-07   19    7   11   11
 7.425112024991088e-08   19    7   12    1
 -4.385732609886893e-07   19    7   12    2
 -2.263936399707064e-07   19    7   12    3
 -4.066778197000992e-08   19    7   12    4
 -5.274252449952185e-07   19    7   12    5
 4.826703423610898e-07   19    7   12    6
 0.003036536274133978   19    7   12    7
 6.461553290839647e-07   19    7   12    8
 1.085379896524977e-06   19    7   12    9
 -0.001632795976785375   19    7   12   10
 -0.0007490851661439704   19    7   12   11
 -8.615971803833521e-07   19    7   12   12
 1.566852686805473e-07   19    7   13    1
 -4.395412977605924e-08   19    7   13    2
 -1.395207248308601e-06   19    7   13    3
 -2.067065672308035e-06   19    7   13    4
 -2.57489740419781e-07   19    7   13    5
 -7.039472852880661e-07   19    7   13    6
 -0.003480297144078094   19    7   13    7
 -1.665555414953896e-06   19    7   13    8
 7.607507178556349e-07   19    7   13    9
 -0.0001265415208216292   19    7   13   10
 -0.000223569977283018   19    7   13   11
 8.457894714501031e-07   19    7   13   12
 -4.166634365717949e-06   19    7   13   13
 -1.020506096716217e-07   19    7   14    1
 2.160305223374172e-06   19    7   14    2
 1.469080313439664e-06   19    7   14    3
 -3.990007700288262e-07   19    7   14    4
 -2.461598885741326e-07   19    7   14    5
 4.946858129819213e-07   19    7   14    6
 -0.00100168529573184   19    7   14    7
 -5.980820548144318e-07   19    7   14    8
 1.547562660654378e-07   19    7   14    9
 0.003083344720293774   19    7   14   10
 0.0004663504329851502   19    7   14   11
 -5.027261477585753e-07   19    7   14   12
 6.634019334660733e-07   19    7   14   13
 4.132812232004332e-06   19    7   14   14
 0.0004204009562363636   19    7   15    1
 0.003392564719887312   19    7   15    2
 -0.0008278403910982203   19    7   15    3
 0.0004559925537757606   19    7   15    4
 0.003771265236256583   19    7   15    5
 -0.003672576670108527   19    7   15    6
 1.421748143309742e-06   19    7   15    7
 0.003050504394833383   19    7   15    8
 0.0005965386096015473   19    7   15    9
 -3.631613284079034e-08   19    7   15   10
 -1.887954787718604e-08   19    7   15   11
 -0.0006475812001364428   19    7   15   12
 0.002572402816994239   19    7   15   13
 0.001775931181774669   19    7   15   14
 1.027134320591689e-06   19    7   15   15
 4.122307923684135e-08   19    7   16    1
 1.821238725069012e-06   19    7   16    2
 5.774171878382417e-07   19    7   16    3
 2.152267912819852e-06   19    7   16    4
 2.263383816405974e-06   19    7   16    5
 -1.885818893637656e-06   19    7   16    6
 -0.003065846839844749   19    7   16    7
 5.31658570260337e-07   19    7   16    8
 3.286293243831495e-07   19    7   16    9
 0.002991236768837584   19    7   16   10
 0.001209164685478346   19    7   16   11
 -9.842224484876965e-08   19    7   16   12
 2.718879707265329e-06   19    7   16   13
 -5.372319753672091e-07   19    7   16   14
 -0.002083084619649068   19    7   16   15
 -2.841786593494386e-06   19    7   16   16
 -6.388385088729485e-08   19    7   17    1
 -5.897733460035917e-07   19    7   17    2
 5.309727467588331e-07   19    7   17    3
 1.040232943282952e-06   19    7   17    4
 3.438088566354478e-07   19    7   17    5
 -5.537388563817769e-07   19    7   17    6
 -0.005531238679632782   19    7   17    7
 -7.798997176429734e-08   19    7   17    8
 1.135968671172933e-08   19    7   17    9
 0.00239025411016815   19    7   17   10
 0.002480784497053582   19    7   17   11
 -4.412195355301143e-08   19    7   17   12
 1.189901912045972e-06   19    7   17   13
 -1.801322004638742e-06   19    7   17   14
 0.00701475770544559   19    7   17   15
 2.674498541307913e-06   19    7   17   16
 -7.33085667925442e-07   19    7   17   17
 6.079064572907867e-08   19    7   18    1
 6.484725293593059e-07   19    7   18    2
 5.081278100801848e-08   19    7   18    3
 9.467519608384185e-07   19    7   18    4
 -2.095469109977676e-06   19    7   18    5
 -1.900091066782265e-06   19    7   18    6
 -0.0001368751592054849   19    7   18    7
 -5.61172890522088e-07   19    7   18    8
 6.586926185151844e-07   19    7   18    9
 0.0002363977854905947   19    7   18   10
 -5.622761891460765e-05   19    7   18   11
 -4.855263089286666e-06   19    7   18   12
 -1.156330941783958e-06   19    7   18   13
 -7.425929825770559e-08   19    7   18   14
 -0.0003171485230124877   19    7   18   15
 -2.178274287571177e-06   19    7   18   16
 -1.901209459983815e-07   19    7   18   17
 -2.91300110405165e-07   19    7   18   18
 -2.54206240898064e-07   19    7   19    1
 1.825696300084136e-06   19    7   19    2
 1.596743902156593e-06   19    7   19    3
 1.725422095698483e-06   19    7   19    4
 1.846438169944537e-06   19    7   19    5
 -2.47868694713039e-06   19    7   19    6
 0.003425012407362992   19    7   19    7
 0.1870172267602407   19    8    1    1
 -0.001428826586923503   19    8    2    1
 -0.02332423324884518   19    8    2    2
 -0.002890791307797621   19    8    3    1
 -0.03170378393863352   19    8    3    2
 0.03100221795832751   19    8    3    3
 -0.003162493997445763   19    8    4    1
 0.0253383147066051   19    8    4    2
 0.02904530736327221   19    8    4    3
 0.02854402366114488   19    8    4    4
 -0.001131522863789474   19    8    5    1
 0.02050212415641716   19    8    5    2
 0.004481496356168236   19    8    5    3
 -0.01576791354203148   19    8    5    4
 0.0004073864586977972   19    8    5    5
 0.0006048542239240947   19    8    6    1
 -0.02165523582221993   19    8    6    2
 0.004657750089988011   19    8    6    3
 0.02255623256068024   19    8    6    4
 -0.01363427204801248   19    8    6    5
 -0.007343312706489297   19    8    6    6
 -1.304688475384681e-07   19    8    7    1
 1.542378766995867e-06   19    8    7    2
 -1.291878717201099e-06   19    8    7    3
 -3.523537032678982e-06   19    8    7    4
 -2.627272997709879e-07   19    8    7    5
 2.03006559778564e-06   19    8    7    6
 0.03381389969386326   19    8    7    7
 0.001129453848288398   19    8    8    1
 -0.002323107630428795   19    8    8    2
 0.02081724632552176   19    8    8    3
 0.03430748627317554   19    8    8    4
 0.0118575467836256   19    8    8    5
 0.005370553239245479   19    8    8    6
 -5.310710891470874e-08   19    8    8    7
 0.02881699993582165   19    8    8    8
 0.000210761589098988   19    8    9    1
 0.007674304381780831   19    8    9    2
 -0.0121576814359774   19    8    9    3
 0.01143850283955082   19    8    9    4
 -0.04185035135708595   19    8    9    5
 -0.03704516986179093   19    8    9    6
 2.112924412972993e-06   19    8    9    7
 -0.001001202139337362   19    8    9    8
 0.01990095180265227   19    8    9    9
 -7.733475714872582e-08   19    8   10    1
 -4.612523621168705e-08   19    8   10    2
 -3.389185025291877e-07   19    8   10    3
 -3.587050879532897e-07   19    8   10    4
 -6.604232059130974e-08   19    8   10    5
 3.832499040420802e-08   19    8   10    6
 -0.0004627789704808211   19    8   10    7
 3.356662392695736e-08   19    8   10    8
 -9.391766294577792e-09   19    8   10    9
 -0.002635837835274895   19    8   10   10
 -8.508452371622666e-08   19    8   11    1
 -1.666558117617028e-07   19    8   11    2
 -3.791573865883841e-07   19    8   11    3
 -3.553278640308533e-07   19    8   11    4
 -2.196845446329285e-07   19    8   11    5
 1.321373804776195e-06   19    8   11    6
 0.02120183074204538   19    8   11    7
 1.406212989633331e-06   19    8   11    8
 -6.7110324610628e-09   19    8   11    9
 0.08225479878446347   19    8   11   10
 0.004936665750684553   19    8   11   11
 -0.0002874697412504423   19    8   12    1
 0.006896255583174227   19    8   12    2
 -0.000339328738584127   19    8   12    3
 -0.004295670694072706   19    8   12    4
 0.006248884481198384   19    8   12    5
 -0.01254354082886781   19    8   12    6
 1.090493236171726e-06   19    8   12    7
 -0.003412997304782819   19    8   12    8
 -0.007768329981901767   19    8   12    9
 -6.465768321634774e-08   19    8   12   10
 -3.730596000354023e-08   19    8   12   11
 0.01438228045186299   19    8   12   12
 -0.001641422190178501   19    8   13    1
 -0.001847189373359973   19    8   13    2
 0.01411279858633605   19    8   13    3
 0.02575881800688316   19    8   13    4
 -0.005715393846124887   19    8   13    5
 0.01015411232965957   19    8   13    6
 -1.504823935858183e-06   19    8   13    7
 0.01098071541134091   19    8   13    8
 -0.004244304419262449   19    8   13    9
 5.508883235951659e-07   19    8   13   10
 -2.670418235170736e-07   19    8   13   11
 -0.00706625167451039   19    8   13   12
 0.0637449508918473   19    8   13   13
 0.001421079032220462   19    8   14    1
 -0.02774418046161033   19    8   14    2
 -0.0150959176605388   19    8   14    3
 0.001912570341778841   19    8   14    4
 0.002596782315370075   19    8   14    5
 -0.004803659329455791   19    8   14    6
 -1.851373444846217e-07   19    8   14    7
 0.009325453056570281   19    8   14    8
 0.0002288071962071317   19    8   14    9
 8.557515326940608e-08   19    8   14   10
 5.156552750515498e-08   19    8   14   11
 -0.001597841987622272   19    8   14   12
 -0.009003913924039715   19    8   14   13
 -0.05148078229605706   19    8   14   14
 -7.762714551439449e-07   19    8   15    1
 3.890473400961674e-06   19    8   15    2
 7.152963813220795e-06   19    8   15    3
 6.827373003206169e-06   19    8   15    4
 6.887875488563935e-06   19    8   15    5
 -5.699062500707432e-06   19    8   15    6
 0.007833819750716259   19    8   15    7
 -8.46904194238738e-07   19    8   15    8
 4.264214973863485e-06   19    8   15    9
 -0.01632409742936107   19    8   15   10
 -0.002425077331307963   19    8   15   11
 4.256283057592582e-06   19    8   15   12
 8.868067258090468e-06   19    8   15   13
 -4.513698453778393e-06   19    8   15   14
 0.03512785212423493   19    8   15   15
 0.0018627053747702   19    8   16    1
 -0.00886369092229617   19    8   16    2
 -0.01630427830259455   19    8   16    3
 -0.01545814123428887   19    8   16    4
 -0.01720932040549427   19    8   16    5
 0.01451797149819417   19    8   16    6
 1.873035062369239e-06   19    8   16    7
 0.003619003214492989   19    8   16    8
 -0.01028491520044399   19    8   16    9
 -6.832850649068424e-06   19    8   16   10
 -8.370230699482844e-07   19    8   16   11
 -0.01176781488709164   19    8   16   12
 -0.01999915303654582   19    8   16   13
 0.01176601073074374   19    8   16   14
 5.925434618690665e-06   19    8   16   15
 0.01950509592892028   19    8   16   16
 0.0006476141262126645   19    8   17    1
 -0.002613354035197324   19    8   17    2
 0.003613243101167666   19    8   17    3
 -0.01795119147188726   19    8   17    4
 -0.006578286181548272   19    8   17    5
 -0.0005675867755224449   19    8   17    6
 -2.763101974790618e-07   19    8   17    7
 -0.003580553242300659   19    8   17    8
 -0.0002812545577007566   19    8   17    9
 2.476372291047564e-07   19    8   17   10
 2.420029985363604e-07   19    8   17   11
 -0.004794093651107127   19    8   17   12
 -0.009627230791740833   19    8   17   13
 0.02608013995061139   19    8   17   14
 -3.315662783754856e-06   19    8   17   15
 0.007448237111998613   19    8   17   16
 0.02365122280937404   19    8   17   17
 0.0002190768457505275   19    8   18    1
 -0.003444199567144477   19    8   18    2
 -0.0002965594030803714   19    8   18    3
 -0.009713102747039667   19    8   18    4
 0.02628193397968496   19    8   18    5
 0.0232959109515402   19    8   18    6
 -1.167309256480591e-06   19    8   18    7
 -0.0006061184453979468   19    8   18    8
 -0.004250167611108618   19    8   18    9
 -9.263476814312975e-08   19    8   18   10
 -3.010986674946904e-08   19    8   18   11
 0.06328672890078217   19    8   18   12
 0.021963300314405   19    8   18   13
 0.006028604754443804   19    8   18   14
 -9.648789456100127e-06   19    8   18   15
 0.02500532663663773   19    8   18   16
 0.001069991346670189   19    8   18   17
 0.001887011070616238   19    8   18   18
 0.003773225849252748   19    8   19    1
 -0.02512314547826094   19    8   19    2
 -0.02242497307180788   19    8   19    3
 -0.01953772488544383   19    8   19    4
 -0.02415529294183633   19    8   19    5
 0.02296305876179222   19    8   19    6
 -5.224564539473521e-06   19    8   19    7
 0.0721829105692495   19    8   19    8
 0.01021492995556558   19    9    1    1
 -0.0002988234294741184   19    9    2    1
 0.003389360306835987   19    9    2    2
 0.0002413697401098517   19    9    3    1
 -0.009577738276179519   19    9    3    2
 0.01668491471218545   19    9    3    3
 -0.001116796248210563   19    9    4    1
 2.985423271620436e-05   19    9    4    2
 -0.006093486739064811   19    9    4    3
 -0.003117436018583033   19    9    4    4
 0.001953140892893227   19    9    5    1
 0.01729516718896151   19    9    5    2
 0.01320967222468218   19    9    5    3
 0.004859841086129582   19    9    5    4
 0.005805727349381482   19    9    5    5
 0.0009253103872950421   19    9    6    1
 0.008556273873305669   19    9    6    2
 0.008415985170412582   19    9    6    3
 0.005914998915702399   19    9    6    4
 -0.005499925440029937   19    9    6    5
 0.009476471467890947   19    9    6    6
 -4.358831325187472e-08   19    9    7    1
 -4.57382096817865e-07   19    9    7    2
 -4.001434595215645e-07   19    9    7    3
 -4.461850471887587e-07   19    9    7    4
 -3.538318225900731e-09   19    9    7    5
 9.142166183591485e-07   19    9    7    6
 0.01992637883647223   19    9    7    7
 -7.604754895162537e-05   19    9    8    1
 0.001221959833393727   19    9    8    2
 0.0001381338953786304   19    9    8    3
 0.001052722603857436   19    9    8    4
 0.004151169623491459   19    9    8    5
 -0.005904464703243769   19    9    8    6
 1.06454602751637e-06   19    9    8    7
 0.006815521221367931   19    9    8    8
 -0.002562771198001164   19    9    9    1
 0.006712047722732724   19    9    9    2
 -0.005632874445827262   19    9    9    3
 -0.01716880125344041   19    9    9    4
 -0.00533476767806428   19    9    9    5
 -0.002142987056562556   19    9    9    6
 3.205557502929598e-07   19    9    9    7
 -0.005830285324996579   19    9    9    8
 0.002309794596344834   19    9    9    9
 3.924812451252341e-09   19    9   10    1
 -1.126419991903974e-08   19    9   10    2
 -5.687688709638139e-09   19    9   10    3
 6.4197529584415e-09   19    9   10    4
 2.670440361317232e-08   19    9   10    5
 -2.232989622406697e-07   19    9   10    6
 -0.003924922618127204   19    9   10    7
 -2.11987765945954e-07   19    9   10    8
 2.710858784339261e-08   19    9   10    9
 0.001454762045458999   19    9   10   10
 4.105981576911232e-09   19    9   11    1
 -1.909634321772066e-08   19    9   11    2
 2.003327570934498e-08   19    9   11    3
 -2.072534395674998e-08   19    9   11    4
 3.485788152766293e-08   19    9   11    5
 8.234462062809972e-08   19    9   11    6
 0.0007122989414797701   19    9   11    7
 4.394714972860595e-08   19    9   11    8
 -4.627336717906774e-08   19    9   11    9
 0.004371177789386904   19    9   11   10
 0.001602192656100311   19    9   11   11
 0.00347389122419747   19    9   12    1
 0.009030505419703204   19    9   12    2
 0.007792758003722913   19    9   12    3
 0.003822597623337932   19    9   12    4
 0.008897288433875947   19    9   12    5
 -0.008871112480683327   19    9   12    6
 1.290948290820304e-06   19    9   12    7
 -0.01382652908536851   19    9   12    8
 -0.001929439582307247   19    9   12    9
 -5.210813716806378e-09   19    9   12   10
 -1.030121412095808e-07   19    9   12   11
 0.002342835659477032   19    9   12   12
 0.0006426523718061766   19    9   13    1
 0.003093871270510474   19    9   13    2
 0.0009530191165886097   19    9   13    3
 0.006333683817369085   19    9   13    4
 -0.005294465494631776   19    9   13    5
 -0.001947691967041487   19    9   13    6
 2.389912456176737e-07   19    9   13    7
 -0.005902652547860301   19    9   13    8
 0.006794668319692027   19    9   13    9
 4.22544226565375e-08   19    9   13   10
 -8.512639099830378e-08   19    9   13   11
 0.007090976716146422   19    9   13   12
 0.01272430684382537   19    9   13   13
 0.0002001980152436536   19    9   14    1
 -0.001015538120932871   19    9   14    2
 0.0007410873938456118   19    9   14    3
 9.306586299752045e-05   19    9   14    4
 -0.003966845895214806   19    9   14    5
 -0.004509816018085078   19    9   14    6
 2.602769019542213e-07   19    9   14    7
 -8.480306053304728e-05   19    9   14    8
 -0.003744610537570787   19    9   14    9
 -4.986482169539096e-09   19    9   14   10
 4.605788799221054e-09   19    9   14   11
 0.003876225535406245   19    9   14   12
 0.003520891435265817   19    9   14   13
 0.0001909353393102077   19    9   14   14
 -4.538748999948827e-07   19    9   15    1
 -7.943859910029316e-07   19    9   15    2
 -3.508550840990224e-09   19    9   15    3
 -1.783185530313403e-06   19    9   15    4
 -3.381057863376741e-07   19    9   15    5
 -2.781891864821783e-06   19    9   15    6
 0.007444912823808873   19    9   15    7
 3.575757918917198e-06   19    9   15    8
 1.132356277437052e-06   19    9   15    9
 -0.000667378601510695   19    9   15   10
 0.003207362048481931   19    9   15   11
 5.483668057536294e-06   19    9   15   12
 -1.684470728643583e-06   19    9   15   13
 -1.324344319557716e-06   19    9   15   14
 0.02183698354728153   19    9   15   15
 0.001075762386657891   19    9   16    1
 0.001945298812754165   19    9   16    2
 0.0003391271591550461   19    9   16    3
 0.004411063484729999   19    9   16    4
 0.0004398275630620084   19    9   16    5
 0.007681803584137839   19    9   16    6
 3.064682458965397e-06   19    9   16    7
 -0.008015521696406552   19    9   16    8
 -0.002340490016642445   19    9   16    9
 -2.860139382602274e-07   19    9   16   10
 1.330988037814096e-06   19    9   16   11
 -0.01322512463735918   19    9   16   12
 0.003554667880014409   19    9   16   13
 0.003892738784996947   19    9   16   14
 4.99446784563387e-06   19    9   16   15
 0.01005329718761392   19    9   16   16
 0.0001626238563706313   19    9   17    1
 -0.00427349453914344   19    9   17    2
 0.005259877061176551   19    9   17    3
 -0.004599238284630789   19    9   17    4
 0.001503056304577099   19    9   17    5
 0.001336460487945093   19    9   17    6
 -1.270007189499022e-07   19    9   17    7
 -0.001280112718578162   19    9   17    8
 0.000560095871126413   19    9   17    9
 4.490180161735921e-09   19    9   17   10
 -4.823011841732712e-08   19    9   17   11
 -0.008054128458602077   19    9   17   12
 0.004202935885778085   19    9   17   13
 0.004948214558245915   19    9   17   14
 1.069165370270728e-06   19    9   17   15
 -0.002591761484737118   19    9   17   16
 0.01576376855377816   19    9   17   17
 0.004448190976278691   19    9   18    1
 -0.001113408677549399   19    9   18    2
 -0.000312266635577941   19    9   18    3
 0.002468376853702475   19    9   18    4
 0.002519859347905414   19    9   18    5
 0.0007579573221783024   19    9   18    6
 5.366600874125483e-08   19    9   18    7
 -0.001073426812206083   19    9   18    8
 -0.0003342770261946647   19    9   18    9
 -8.235907062732493e-08   19    9   18   10
 -9.5537449533224e-08   19    9   18   11
 0.004126277706896903   19    9   18   12
 0.01251068152008221   19    9   18   13
 -0.01625304443581993   19    9   18   14
 3.964474223122205e-06   19    9   18   15
 -0.008452201411989817   19    9   18   16
 -0.001774335901095162   19    9   18   17
 -0.002206332708532326   19    9   18   18
 -0.0003692136644130622   19    9   19    1
 -0.0001512830324750668   19    9   19    2
 -0.002760237264529761   19    9   19    3
 1.06890195317789e-05   19    9   19    4
 -0.0003967571613819302   19    9   19    5
 0.001571973253826499   19    9   19    6
 -2.679272250041636e-07   19    9   19    7
 0.003889671287442307   19    9   19    8
 0.01608406692060125   19    9   19    9
 -1.861889799750856e-07   19   10    1    1
 1.452466505690708e-08   19   10    2    1
 1.047559416504331e-07   19   10    2    2
 -1.848973406352121e-09   19   10    3    1
 1.980581125367169e-07   19   10    3    2
 -4.267556140683396e-08   19   10    3    3
 -1.073481756113024e-08   19   10    4    1
 5.406615625656151e-10   19   10    4    2
 -2.721795659491194e-08   19   10    4    3
 -7.846699642812523e-08   19   10    4    4
 2.097244063837424e-08   19   10    5    1
 -6.278432030297746e-08   19   10    5    2
 9.12414498582397e-08   19   10    5    3
 6.890977456179415e-08   19   10    5    4
 5.90995368812709e-08   19   10    5    5
 -9.217618304362414e-08   19   10    6    1
 1.777760305845487e-07   19   10    6    2
 -2.818033659459932e-07   19   10    6    3
 -1.969875803810641e-07   19   10    6    4
 5.521533157607424e-08   19   10    6    5
 9.089299961301684e-08   19   10    6    6
 -0.001191298833813677   19   10    7    1
 0.002496707532724916   19   10    7    2
 -0.003302894182613069   19   10    7    3
 -0.001242369459090042   19   10    7    4
 -0.0002262394313785943   19   10    7    5
 0.0004125661206944805   19   10    7    6
 -2.637257463656558e-07   19   10    7    7
 -1.198523883515521e-07   19   10    8    1
 2.655859114888197e-08   19   10    8    2
 -3.583264182424077e-07   19   10    8    3
 -3.169711433259569e-07   19   10    8    4
 -1.155453973335942e-07   19   10    8    5
 8.659202777446763e-08   19   10    8    6
 0.0005806496751713595   19   10    8    7
 5.823641364866147e-08   19   10    8    8
 2.944897976926035e-10   19   10    9    1
 -3.41337012514113e-08   19   10    9    2
 3.008244039347831e-08   19   10    9    3
 -2.752309681047276e-08   19   10    9    4
 1.1182261415048e-07   19   10    9    5
 1.28420355465169e-07   19   10    9    6
 0.0001110923172883286   19   10    9    7
 9.230831884447533e-09   19   10    9    8
 -4.247109307787469e-08   19   10    9    9
 -0.003857650381596563   19   10   10    1
 0.006403147913852576   19   10   10    2
 0.0008399418862941229   19   10   10    3
 -0.007636418247079678   19   10   10    4
 -0.002902155340477267   19   10   10    5
 0.001387743330730488   19   10   10    6
 1.852651338263393e-07   19   10   10    7
 -0.004080765243478451   19   10   10    8
 0.0002494803354903219   19   10   10    9
 3.204522586655579e-07   19   10   10   10
 -0.004510944826403131   19   10   11    1
 -0.01451133433285797   19   10   11    2
 -0.01356984657303048   19   10   11    3
 -0.007307040532493349   19   10   11    4
 -0.003554953413043889   19   10   11    5
 0.002083826720892562   19   10   11    6
 -6.584938340826418e-07   19   10   11    7
 0.009523932477828751   19   10   11    8
 0.0009880059213837676   19   10   11    9
 -1.323872462546799e-07   19   10   11   10
 1.829227929234896e-07   19   10   11   11
 8.412100273538363e-09   19   10   12    1
 -3.872783409095179e-08   19   10   12    2
 2.292421615914114e-08   19   10   12    3
 -1.114446476057373e-08   19   10   12    4
 9.1533396839269e-08   19   10   12    5
 -4.709675103068914e-11   19   10   12    6
 -0.00178852773473229   19   10   12    7
 -7.621219613236114e-08   19   10   12    8
 -4.538148403504338e-08   19   10   12    9
 -0.002162637187925361   19   10   12   10
 0.0008416811247576555   19   10   12   11
 5.763382045422138e-08   19   10   12   12
 -1.064811357119328e-07   19   10   13    1
 -9.302306537127428e-08   19   10   13    2
 -1.880088599994268e-07   19   10   13    3
 -2.008874167968609e-07   19   10   13    4
 4.120452635600359e-08   19   10   13    5
 -3.178883216523079e-09   19   10   13    6
 0.0002232608586251177   19   10   13    7
 7.619194112231998e-08   19   10   13    8
 -3.623630579734252e-09   19   10   13    9
 -0.005132842013191334   19   10   13   10
 -0.003917501889779431   19   10   13   11
 6.129130929962571e-08   19   10   13   12
 -3.316832849324889e-07   19   10   13   13
 4.080117594363573e-09   19   10   14    1
 5.514379760690261e-08   19   10   14    2
 3.245444597804027e-08   19   10   14    3
 4.61697682041848e-09   19   10   14    4
 -2.174779332515507e-08   19   10   14    5
 2.189839256310193e-07   19   10   14    6
 0.003203310538785945   19   10   14    7
 1.642798446762958e-07   19   10   14    8
 -2.692766891858934e-09   19   10   14    9
 0.01213721954140559   19   10   14   10
 -0.004947442957983723   19   10   14   11
 8.308134164426281e-09   19   10   14   12
 5.382607392583067e-08   19   10   14   13
 1.218533755495294e-07   19   10   14   14
 0.001384737749883979   19   10   15    1
 0.001456050497159677   19   10   15    2
 0.002692374051629478   19   10   15    3
 0.002220514973067   19   10   15    4
 -0.000930609401778663   19   10   15    5
 0.0005352632931071085   19   10   15    6
 -1.324020857360299e-06   19   10   15    7
 -0.003511826628753232   19   10   15    8
 0.0003583832729696107   19   10   15    9
 -3.622157472094193e-06   19   10   15   10
 -7.504003542361283e-07   19   10   15   11
 0.000467004818060772   19   10   15   12
 0.0006849052210157387   19   10   15   13
 -0.001121997224651535   19   10   15   14
 3.052843900087815e-07   19   10   15   15
 6.144122897742246e-07   19   10   16    1
 6.879071717592237e-07   19   10   16    2
 1.226146041089456e-06   19   10   16    3
 9.774766376038134e-07   19   10   16    4
 -3.197224797570343e-07   19   10   16    5
 3.977598372538199e-07   19   10   16    6
 0.003513928930941772   19   10   16    7
 -1.301203056265661e-06   19   10   16    8
 1.750465917428281e-07   19   10   16    9
 0.008359099804155648   19   10   16   10
 0.001531304384938114   19   10   16   11
 2.750846740457645e-07   19   10   16   12
 4.353373531955444e-07   19   10   16   13
 -4.974169158247607e-07   19   10   16   14
 -0.0006576876726165123   19   10   16   15
 -6.430334122323557e-07   19   10   16   16
 1.148562870235798e-08   19   10   17    1
 3.482334203036445e-08   19   10   17    2
 -9.546828442258776e-09   19   10   17    3
 4.812037082950669e-08   19   10   17    4
 2.069420358861161e-08   19   10   17    5
 1.532073835124139e-07   19   10   17    6
 0.002559574060060822   19   10   17    7
 1.707716225169305e-07   19   10   17    8
 -1.590197692809692e-08   19   10   17    9
 0.0003749061638614297   19   10   17   10
 0.001701005178627082   19   10   17   11
 2.384991571658502e-08   19   10   17   12
 1.237575337234809e-07   19   10   17   13
 -7.454566252306913e-08   19   10   17   14
 -0.003846383896020645   19   10   17   15
 -1.651116394694332e-06   19   10   17   16
 -2.90855892459085e-08   19   10   17   17
 1.155096429267597e-08   19   10   18    1
 1.751782192250959e-08   19   10   18    2
 3.510992134462504e-08   19   10   18    3
 2.260785175412858e-08   19   10   18    4
 -5.084771856186822e-08   19   10   18    5
 -4.002195162249942e-08   19   10   18    6
 0.0003499201088289038   19   10   18    7
 6.517002536505773e-09   19   10   18    8
 -9.368238591855736e-08   19   10   18    9
 0.001428761020708634   19   10   18   10
 -0.0002091920764386211   19   10   18   11
 -1.452097293249222e-07   19   10   18   12
 -4.260588742551897e-08   19   10   18   13
 -1.963429857186635e-08   19   10   18   14
 -7.985221950236914e-05   19   10   18   15
 -1.092405466152487e-07   19   10   18   16
 -3.239651628403721e-08   19   10   18   17
 1.499356501816838e-07   19   10   18   18
 -7.050584952234446e-08   19   10   19    1
 6.349075442228449e-08   19   10   19    2
 5.536404666457077e-09   19   10   19    3
 -2.639707663500986e-08   19   10   19    4
 -6.741722920143556e-09   19   10   19    5
 2.639029666582904e-07   19   10   19    6
 0.004921047543989707   19   10   19    7
 1.283096091549398e-07   19   10   19    8
 -1.427252075187416e-08   19   10   19    9
 0.02333551363626886   19   10   19   10
 -5.253925736195567e-07   19   11    1    1
 2.249144481967823e-08   19   11    2    1
 2.637023255129552e-07   19   11    2    2
 -5.262321517719076e-10   19   11    3    1
 3.739252355270101e-07   19   11    3    2
 -1.757680689824476e-07   19   11    3    3
 -1.438680911787234e-08   19   11    4    1
 -1.793842386027551e-07   19   11    4    2
 -1.799139588448549e-07   19   11    4    3
 -1.730523477613389e-07   19   11    4    4
 3.204487515916963e-08   19   11    5    1
 -1.683221327797292e-07   19   11    5    2
 1.38473015366761e-07   19   11    5    3
 1.892728377214222e-07   19   11    5    4
 1.084946856527535e-07   19   11    5    5
 -1.249724811341179e-07   19   11    6    1
 4.181463875425718e-08   19   11    6    2
 -7.061805741179347e-07   19   11    6    3
 -4.247557171679806e-07   19   11    6    4
 6.921929268739326e-08   19   11    6    5
 1.513595381585835e-07   19   11    6    6
 -0.001576198805605406   19   11    7    1
 -0.001923992762860465   19   11    7    2
 -0.009882225154225394   19   11    7    3
 -0.002965862350802908   19   11    7    4
 -0.0009595638275052044   19   11    7    5
 0.0003837018177196858   19   11    7    6
 -9.383262567890223e-07   19   11    7    7
 -1.676125200294801e-07   19   11    8    1
 -2.558323113038784e-07   19   11    8    2
 -8.242753663889314e-07   19   11    8    3
 -5.981067140086057e-07   19   11    8    4
 -2.628315084673913e-07   19   11    8    5
 3.762205325875672e-07   19   11    8    6
 0.005179021877390112   19   11    8    7
 5.295876043587407e-07   19   11    8    8
 -1.500893259338432e-09   19   11    9    1
 -7.796659455726783e-08   19   11    9    2
 7.299491157938584e-08   19   11    9    3
 -9.957119046618339e-08   19   11    9    4
 2.984843115650154e-07   19   11    9    5
 3.713761101985391e-07   19   11    9    6
 0.0009777222439753654   19   11    9    7
 3.710883279569089e-08   19   11    9    8
 -1.147390689490957e-07   19   11    9    9
 -0.005085696341083198   19   11   10    1
 -0.02453752533717726   19   11   10    2
 -0.0228961566148731   19   11   10    3
 -0.01391474543036909   19   11   10    4
 -0.00676969568264068   19   11   10    5
 0.004753330369346197   19   11   10    6
 -1.202697825657827e-06   19   11   10    7
 0.01861370454053094   19   11   10    8
 0.001209174188758368   19   11   10    9
 2.14368742849697e-07   19   11   10   10
 -0.005877621701256894   19   11   11    1
 0.008435597877125708   19   11   11    2
 -0.001230697180976232   19   11   11    3
 -0.01230013820143674   19   11   11    4
 -0.004772575619528634   19   11   11    5
 0.002483758064386487   19   11   11    6
 -8.257133065967611e-09   19   11   11    7
 -0.004929501952539868   19   11   11    8
 0.0005964020885081163   19   11   11    9
 -3.33019057729023e-07   19   11   11   10
 3.835046077043993e-07   19   11   11   11
 1.511333212828621e-08   19   11   12    1
 -6.881595447861673e-08   19   11   12    2
 4.868985604154852e-08   19   11   12    3
 -1.540059644580106e-08   19   11   12    4
 9.407355409773979e-08   19   11   12    5
 8.448827152276283e-08   19   11   12    6
 -0.001096755409095027   19   11   12    7
 -4.037411462447309e-08   19   11   12    8
 -1.41763370868331e-07   19   11   12    9
 0.001327163829524969   19   11   12   10
 -0.003026906248520229   19   11   12   11
 -1.84054103924373e-09   19   11   12   12
 -1.44966593694797e-07   19   11   13    1
 1.566342178599887e-08   19   11   13    2
 -1.682419128018353e-07   19   11   13    3
 -3.255836150724815e-07   19   11   13    4
 1.926055042778505e-08   19   11   13    5
 2.091235201019938e-08   19   11   13    6
 0.0006247724040517165   19   11   13    7
 4.944794767925738e-08   19   11   13    8
 -8.036516550168004e-09   19   11   13    9
 -0.005559043450643526   19   11   13   10
 -0.00744801744240646   19   11   13   11
 9.81497486752891e-08   19   11   13   12
 -6.726355483611101e-07   19   11   13   13
 2.854487888217786e-09   19   11   14    1
 1.995021912761814e-07   19   11   14    2
 9.72043987802093e-08   19   11   14    3
 -4.796879127567914e-08   19   11   14    4
 -3.118654757517834e-08   19   11   14    5
 8.829801894768614e-08   19   11   14    6
 0.0006027001896027674   19   11   14    7
 -4.47537016089743e-08   19   11   14    8
 -1.09128233385446e-08   19   11   14    9
 -0.006010706006742601   19   11   14   10
 0.01677529022056898   19   11   14   11
 2.687972755541126e-09   19   11   14   12
 2.549109666262869e-07   19   11   14   13
 4.780552515528146e-07   19   11   14   14
 0.001801545773090763   19   11   15    1
 -0.0002189198778303159   19   11   15    2
 0.001643795375414967   19   11   15    3
 0.003682395491382043   19   11   15    4
 -0.00107451666222827   19   11   15    5
 -0.0002333893177828629   19   11   15    6
 -7.678930851491001e-07   19   11   15    7
 -0.003401127788737673   19   11   15    8
 0.001183421653564983   19   11   15    9
 -6.912174760381825e-07   19   11   15   10
 -5.3107646502552e-06   19   11   15   11
 0.001516227423763722   19   11   15   12
 0.00149395519217972   19   11   15   13
 -0.004258746318699038   19   11   15   14
 1.877722083233383e-06   19   11   15   15
 8.007269672347903e-07   19   11   16    1
 -3.119827989621461e-08   19   11   16    2
 7.854230467324138e-07   19   11   16    3
 1.630531916290361e-06   19   11   16    4
 -2.949617057222908e-07   19   11   16    5
 -7.7003637313462e-08   19   11   16    6
 0.002275961836991813   19   11   16    7
 -1.337911645122332e-06   19   11   16    8
 5.250883510737175e-07   19   11   16    9
 0.001552342719337961   19   11   16   10
 0.01198465202380758   19   11   16   11
 7.819342809748775e-07   19   11   16   12
 9.791155256279159e-07   19   11   16   13
 -1.937952880774303e-06   19   11   16   14
 -0.002761291081875998   19   11   16   15
 -2.564869002598272e-06   19   11   16   16
 1.764443550024417e-08   19   11   17    1
 1.010914605744947e-08   19   11   17    2
 -3.130554234442826e-08   19   11   17    3
 9.246038127153678e-08   19   11   17    4
 5.377727690212881e-08   19   11   17    5
 2.0566968277989e-07   19   11   17    6
 0.003382397258703692   19   11   17    7
 2.250164798076322e-07   19   11   17    8
 -3.329119443576754e-08   19   11   17    9
 0.002205946771338227   19   11   17   10
 0.0007773183604258833   19   11   17   11
 4.166190326048528e-08   19   11   17   12
 1.755614735591645e-07   19   11   17   13
 -2.408001373467355e-07   19   11   17   14
 -0.005151984711012728   19   11   17   15
 -2.232634274279205e-06   19   11   17   16
 -1.147505085190606e-07   19   11   17   17
 1.775944079791602e-08   19   11   18    1
 5.74749143771269e-09   19   11   18    2
 4.232506076151994e-08   19   11   18    3
 3.222354540289599e-08   19   11   18    4
 -6.08642304866187e-08   19   11   18    5
 -6.941292448129377e-08   19   11   18    6
 0.000344943945975448   19   11   18    7
 -1.453283628155764e-08   19   11   18    8
 -1.229173525380878e-07   19   11   18    9
 -0.0002779763916369048   19   11   18   10
 0.001872915595886732   19   11   18   11
 -3.590688194148451e-07   19   11   18   12
 -6.977951929314914e-08   19   11   18   13
 -6.920717551101935e-08   19   11   18   14
 -0.0001285064781891811   19   11   18   15
 -2.453206375231139e-07   19   11   18   16
 -5.891710871731347e-08   19   11   18   17
 1.773349394593714e-07   19   11   18   18
 -1.100338982997308e-07   19   11   19    1
 8.107744299310724e-08   19   11   19    2
 1.65766469162535e-08   19   11   19    3
 -1.054281078203187e-08   19   11   19    4
 5.101339105938294e-08   19   11   19    5
 1.863815929077048e-08   19   11   19    6
 0.001740174923845549   19   11   19    7
 -2.399664290716525e-07   19   11   19    8
 -1.33676158653387e-08   19   11   19    9
 -0.0007657274194406687   19   11   19   10
 0.03064700193950227   19   11   19   11
 -0.05083780584607222   19   12    1    1
 0.0002470661397288606   19   12    2    1
 -0.006295579659993011   19   12    2    2
 0.0001594431385957472   19   12    3    1
 -0.02404761850025279   19   12    3    2
 0.0004147299023250036   19   12    3    3
 0.001578256672306247   19   12    4    1
 0.005534099232580299   19   12    4    2
 -0.01617755020853864   19   12    4    3
 -0.008737429846698508   19   12    4    4
 -0.00184075088570403   19   12    5    1
 0.01207435666164495   19   12    5    2
 -0.00709136206905444   19   12    5    3
 -0.003726994632358127   19   12    5    4
 -0.01172719168998374   19   12    5    5
 -0.0006620563356033999   19   12    6    1
 0.002132335146330727   19   12    6    2
 0.0001350063943924806   19   12    6    3
 0.01252070809178616   19   12    6    4
 -0.01245986985324101   19   12    6    5
 0.004620185546861159   19   12    6    6
 -9.035332979963646e-10   19   12    7    1
 -7.529730683689373e-07   19   12    7    2
 -1.876266351366006e-07   19   12    7    3
 -9.820916993648738e-07   19   12    7    4
 -4.031273080430307e-07   19   12    7    5
 1.891803117258013e-06   19   12    7    6
 0.02375444841517538   19   12    7    7
 0.0006374139735917432   19   12    8    1
 0.01335715380928491   19   12    8    2
 0.003970989369640607   19   12    8    3
 0.002309373409502605   19   12    8    4
 0.01674286107317674   19   12    8    5
 -0.01520109059961113   19   12    8    6
 2.868974690229952e-06   19   12    8    7
 -0.01212726604125627   19   12    8    8
 0.002361553603564001   19   12    9    1
 0.005261887716488338   19   12    9    2
 0.007768770104025804   19   12    9    3
 -0.007492354671144875   19   12    9    4
 0.003322895355745169   19   12    9    5
 -0.01338450680865791   19   12    9    6
 1.074785893944345e-06   19   12    9    7
 -0.006496806864292224   19   12    9    8
 -0.01094725918721078   19   12    9    9
 -3.668410991684849e-09   19   12   10    1
 -2.666924658078272e-08   19   12   10    2
 4.212515983142434e-09   19   12   10    3
 8.153916106003296e-09   19   12   10    4
 1.201160152354871e-07   19   12   10    5
 -8.227060391891527e-07   19   12   10    6
 -0.01428831867283288   19   12   10    7
 -7.624988165995444e-07   19   12   10    8
 1.439064845256085e-08   19   12   10    9
 -0.02570332896217266   19   12   10   10
 -5.806407145890331e-09   19   12   11    1
 -3.78768693698449e-08   19   12   11    2
 4.397536764182918e-08   19   12   11    3
 3.623895612402107e-08   19   12   11    4
 8.350997127378405e-08   19   12   11    5
 -2.171070287553013e-07   19   12   11    6
 -0.004685985503649056   19   12   11    7
 -1.787862092472707e-07   19   12   11    8
 -8.725172048627462e-08   19   12   11    9
 0.002815158422537091   19   12   11   10
 -0.02749658888076665   19   12   11   11
 -0.003347643937382881   19   12   12    1
 0.006761164340492724   19   12   12    2
 -0.007054933296031345   19   12   12    3
 -0.006155862077615273   19   12   12    4
 -0.01020444353661443   19   12   12    5
 -0.008953437176813524   19   12   12    6
 8.146711292568443e-07   19   12   12    7
 -0.006347570114725243   19   12   12    8
 0.005822035008606896   19   12   12    9
 4.816850282274653e-08   19   12   12   10
 -3.788168143966088e-08   19   12   12   11
 -0.01305347028331747   19   12   12   12
 0.0001664467344617514   19   12   13    1
 0.000807150569448641   19   12   13    2
 -0.003652334799597262   19   12   13    3
 -0.00643043999079879   19   12   13    4
 -0.009251730526848443   19   12   13    5
 -0.008525383289082653   19   12   13    6
 7.467909449551432e-07   19   12   13    7
 -0.008524470080407425   19   12   13    8
 0.0123578909067056   19   12   13    9
 -1.332505282104894e-08   19   12   13   10
 -2.658699872572968e-07   19   12   13   11
 -0.003906972602358552   19   12   13   12
 0.001864687324455407   19   12   13   13
 -0.0002673545321158721   19   12   14    1
 -0.005637951339725798   19   12   14    2
 0.001954019031038405   19   12   14    3
 0.002216404636818283   19   12   14    4
 0.006696279334166042   19   12   14    5
 0.001983576682730864   19   12   14    6
 -6.713392400348027e-09   19   12   14    7
 -0.000870436809096026   19   12   14    8
 -0.0008249281939724913   19   12   14    9
 2.164803921812025e-08   19   12   14   10
 2.554151967598863e-08   19   12   14   11
 0.002050578945612779   19   12   14   12
 0.004140350766868352   19   12   14   13
 -0.01630905902301454   19   12   14   14
 6.131933394378413e-07   19   12   15    1
 4.764005217453094e-07   19   12   15    2
 -1.865431107572062e-06   19   12   15    3
 -6.713921378925026e-07   19   12   15    4
 -2.032667939553536e-07   19   12   15    5
 -2.692203667357899e-06   19   12   15    6
 0.006639877658598179   19   12   15    7
 -1.375366089215684e-06   19   12   15    8
 3.204675155417495e-06   19   12   15    9
 0.001762407681808959   19   12   15   10
 0.009183204138097744   19   12   15   11
 7.58837689025449e-06   19   12   15   12
 -5.164825237967245e-06   19   12   15   13
 5.611078784554367e-07   19   12   15   14
 0.02710640125501352   19   12   15   15
 -0.001429231687171487   19   12   16    1
 -0.001078635536999011   19   12   16    2
 0.004747308164451508   19   12   16    3
 0.001263053929191673   19   12   16    4
 -0.0002298539367773961   19   12   16    5
 0.007060126145811434   19   12   16    6
 2.153398730724824e-06   19   12   16    7
 0.00369321977517703   19   12   16    8
 -0.007408194876107005   19   12   16    9
 7.477770195690605e-07   19   12   16   10
 3.896310367373416e-06   19   12   16   11
 -0.01874236901436784   19   12   16   12
 0.01144527344467303   19   12   16   13
 -0.0004399839139095938   19   12   16   14
 4.179198901713407e-06   19   12   16   15
 0.01729734786138501   19   12   16   16
 -0.0004583323880877342   19   12   17    1
 -0.005541501868832144   19   12   17    2
 0.007925015300808249   19   12   17    3
 -0.001850925895045264   19   12   17    4
 -0.003330187263898297   19   12   17    5
 0.004640384348129909   19   12   17    6
 -4.6822909191555e-07   19   12   17    7
 0.0002819818169153241   19   12   17    8
 -0.004456535562228434   19   12   17    9
 -5.625659530527815e-10   19   12   17   10
 -7.422744039737033e-08   19   12   17   11
 -0.00441705679871455   19   12   17   12
 0.01213274974724072   19   12   17   13
 0.0113636896909106   19   12   17   14
 3.699022888603437e-06   19   12   17   15
 -0.00823665410849197   19   12   17   16
 0.02500139723825849   19   12   17   17
 -0.004256194351618631   19   12   18    1
 -0.009945336859616065   19   12   18    2
 -0.01346040367681595   19   12   18    3
 -0.006545792322147013   19   12   18    4
 -0.002495000583810457   19   12   18    5
 0.002366301643055408   19   12   18    6
 -1.862358929166102e-07   19   12   18    7
 0.002142145037332598   19   12   18    8
 0.01290048894228491   19   12   18    9
 1.162110641251235e-08   19   12   18   10
 4.019060084880573e-08   19   12   18   11
 0.001210086155401914   19   12   18   12
 0.009140886844904357   19   12   18   13
 -0.002299339888714442   19   12   18   14
 1.521863183594035e-07   19   12   18   15
 0.000850804529683693   19   12   18   16
 -0.001721053417716762   19   12   18   17
 -0.02471081159470014   19   12   18   18
 0.0008286533369928585   19   12   19    1
 0.0002265766645774938   19   12   19    2
 -0.0001614594269774864   19   12   19    3
 -0.002638824549250996   19   12   19    4
 0.01234204374811727   19   12   19    5
 0.003098423052519397   19   12   19    6
 -1.286385057041158e-07   19   12   19    7
 0.0008713956287404291   19   12   19    8
 0.0005634124533502581   19   12   19    9
 -3.653712155727808e-08   19   12   19   10
 -5.965364050154092e-08   19   12   19   11
 0.02441259084051204   19   12   19   12
 0.07794867466876224   19   13    1    1
 -0.001786592671592699   19   13    2    1
 -0.00874175884867142   19   13    2    2
 -0.00097695146061583   19   13    3    1
 -0.002107508287243743   19   13    3    2
 0.003247981590666577   19   13    3    3
 0.0003299671218181356   19   13    4    1
 0.0004459273884540647   19   13    4    2
 0.02282130190631934   19   13    4    3
 0.02068157635096591   19   13    4    4
 -0.002495908755770922   19   13    5    1
 0.0003417358839187007   19   13    5    2
 -0.003972059355764633   19   13    5    3
 -0.0113907397472018   19   13    5    4
 -0.001240721144723019   19   13    5    5
 0.001606607827098399   19   13    6    1
 -0.007067155423044864   19   13    6    2
 0.01065535180866601   19   13    6    3
 0.001464595569617795   19   13    6    4
 0.004023899609697444   19   13    6    5
 -0.008084437034808684   19   13    6    6
 -4.075670685188263e-07   19   13    7    1
 5.955396114425038e-07   19   13    7    2
 -1.428730883171315e-06   19   13    7    3
 -1.600643359850328e-06   19   13    7    4
 1.473649124550708e-07   19   13    7    5
 -3.641198212060143e-07   19   13    7    6
 -0.004736912400725816   19   13    7    7
 0.005047277449166293   19   13    8    1
 -0.00513084071722523   19   13    8    2
 0.01377251010710172   19   13    8    3
 0.02646023640441788   19   13    8    4
 -0.0101317584373616   19   13    8    5
 0.01251223724721494   19   13    8    6
 -1.977416667362489e-06   19   13    8    7
 0.0161244823302341   19   13    8    8
 0.00126221237722622   19   13    9    1
 0.006869858251453413   19   13    9    2
 -0.002121856196609605   19   13    9    3
 0.01766496096073064   19   13    9    4
 -0.01608017645633646   19   13    9    5
 -0.007987316022293299   19   13    9    6
 2.827005162079222e-07   19   13    9    7
 0.003120197757551202   19   13    9    8
 0.01631001656332903   19   13    9    9
 -9.783687089213083e-08   19   13   10    1
 -1.78008200403561e-07   19   13   10    2
 -3.532662189829787e-07   19   13   10    3
 -3.133549572470455e-07   19   13   10    4
 -5.420463122318961e-08   19   13   10    5
 4.024994448216709e-07   19   13   10    6
 0.006503294125832861   19   13   10    7
 4.831263664338022e-07   19   13   10    8
 -1.807481864467927e-08   19   13   10    9
 0.005741156188512174   19   13   10   10
 -1.230582392269847e-07   19   13   11    1
 5.700229594858535e-08   19   13   11    2
 -1.880492446196629e-07   19   13   11    3
 -2.726488476381673e-07   19   13   11    4
 -1.198237835693359e-07   19   13   11    5
 5.492460166777801e-07   19   13   11    6
 0.009219797327935505   19   13   11    7
 4.424347124316676e-07   19   13   11    8
 3.954345106444125e-08   19   13   11    9
 0.0237853435016439   19   13   11   10
 0.01307334459821724   19   13   11   11
 -0.002424981979967982   19   13   12    1
 0.003289368923198017   19   13   12    2
 -0.001004154285430432   19   13   12    3
 -0.001366771225014149   19   13   12    4
 -0.0005200782726242797   19   13   12    5
 -0.003902283745950832   19   13   12    6
 6.174425723762308e-08   19   13   12    7
 0.003487203854503376   19   13   12    8
 0.003743831517703303   19   13   12    9
 3.562976729193874e-08   19   13   12   10
 5.992887920668764e-08   19   13   12   11
 0.009156701835288007   19   13   12   12
 0.0032161389273981   19   13   13    1
 -0.001465475411354606   19   13   13    2
 0.01060715831334367   19   13   13    3
 0.01386861908329947   19   13   13    4
 0.003475333653213269   19   13   13    5
 0.009352437273108406   19   13   13    6
 -1.509281957078937e-06   19   13   13    7
 0.0175140428616228   19   13   13    8
 -0.01088864843569684   19   13   13    9
 3.984762976916003e-08   19   13   13   10
 -1.371926809977902e-07   19   13   13   11
 -0.007956311010429045   19   13   13   12
 0.02516108036237166   19   13   13   13
 0.001194908513828166   19   13   14    1
 -0.004452187833050175   19   13   14    2
 -0.002770984097860779   19   13   14    3
 0.0008251898742849627   19   13   14    4
 0.001883733627110817   19   13   14    5
 0.001461964007352193   19   13   14    6
 -2.008651579863446e-07   19   13   14    7
 0.002023728412679969   19   13   14    8
 0.002889659622515459   19   13   14    9
 -1.384450898157096e-08   19   13   14   10
 1.758054558040649e-07   19   13   14   11
 0.002456918144782531   19   13   14   12
 -0.005282019654592528   19   13   14   13
 -0.01044878670287419   19   13   14   14
 4.425266777282275e-07   19   13   15    1
 8.227446207384328e-07   19   13   15    2
 1.585863268461665e-06   19   13   15    3
 2.670085233833139e-06   19   13   15    4
 1.654640590750578e-06   19   13   15    5
 -1.479786528605059e-06   19   13   15    6
 -0.001888161883074991   19   13   15    7
 1.184184614713536e-06   19   13   15    8
 2.515583318899572e-07   19   13   15    9
 -0.005406569913399251   19   13   15   10
 -0.005593113312225327   19   13   15   11
 -5.568903326713421e-06   19   13   15   12
 1.056733286111826e-05   19   13   15   13
 -2.940328780484591e-06   19   13   15   14
 -0.007588500167224847   19   13   15   15
 -0.0008398285723272194   19   13   16    1
 -0.001681755511383954   19   13   16    2
 -0.003391850122097324   19   13   16    3
 -0.00558240060084881   19   13   16    4
 -0.003770419912196395   19   13   16    5
 0.003533662808512316   19   13   16    6
 -8.446203162923549e-07   19   13   16    7
 -0.00229574902840131   19   13   16    8
 -0.001097057352293588   19   13   16    9
 -2.208936492503129e-06   19   13   16   10
 -2.074640010115141e-06   19   13   16   11
 0.0124717014495864   19   13   16   12
 -0.02376673595804573   19   13   16   13
 0.006840711666871451   19   13   16   14
 -3.025730271534106e-06   19   13   16   15
 -0.001033083613021498   19   13   16   16
 -0.001390990415011514   19   13   17    1
 0.002543788889588727   19   13   17    2
 -0.003660589925858021   19   13   17    3
 -0.005552223408578641   19   13   17    4
 -0.0002191796010317569   19   13   17    5
 -0.003734101002338464   19   13   17    6
 2.881861530813179e-07   19   13   17    7
 -0.002597801963922245   19   13   17    8
 0.002043476283336238   19   13   17    9
 1.524700644178498e-07   19   13   17   10
 2.245294525063219e-07   19   13   17   11
 0.002311354230545991   19   13   17   12
 -0.0144939291196624   19   13   17   13
 0.002841182500480598   19   13   17   14
 -6.117674323196082e-06   19   13   17   15
 0.01414072547117942   19   13   17   16
 -0.007337278889060004   19   13   17   17
 -0.001861985434768679   19   13   18    1
 -0.004496830663269602   19   13   18    2
 -0.001743033061692252   19   13   18    3
 -0.002332740436154286   19   13   18    4
 0.006600305693262867   19   13   18    5
 0.005314135488446088   19   13   18    6
 -6.467286791192169e-07   19   13   18    7
 0.006797155921451789   19   13   18    8
 -0.002965466551120329   19   13   18    9
 -1.063913675709724e-09   19   13   18   10
 6.717245183778619e-08   19   13   18   11
 0.02313557100999478   19   13   18   12
 -0.005133566157072935   19   13   18   13
 0.004935333818737642   19   13   18   14
 -3.884347143758793e-06   19   13   18   15
 0.008879611712196525   19   13   18   16
 0.003288666495510376   19   13   18   17
 0.01097680356007246   19   13   18   18
 0.008954244174102965   19   13   19    1
 -0.007050201872318744   19   13   19    2
 0.003093140672587731   19   13   19    3
 0.004503517377411172   19   13   19    4
 -0.003244430725947586   19   13   19    5
 0.01238653144911727   19   13   19    6
 -2.076144387221226e-06   19   13   19    7
 0.02422250701956916   19   13   19    8
 -0.002077534690166563   19   13   19    9
 -3.538754012396986e-08   19   13   19   10
 6.842064290726564e-08   19   13   19   11
 -0.0001338082151355457   19   13   19   12
 0.0256817505233001   19   13   19   13
 0.1006870303054673   19   14    1    1
 0.0004787738418830657   19   14    2    1
 -0.0001844685578403624   19   14    2    2
 -0.001322982879933641   19   14    3    1
 0.005860725066639897   19   14    3    2
 0.02561932498675326   19   14    3    3
 -0.002017580984061009   19   14    4    1
 0.02441649444493425   19   14    4    2
 0.02099063847498121   19   14    4    3
 0.0156989817573373   19   14    4    4
 0.0004176442621052254   19   14    5    1
 0.01483050716584775   19   14    5    2
 0.01594187888523406   19   14    5    3
 -0.008760071280958631   19   14    5    4
 0.008253373829081099   19   14    5    5
 -0.001138500952071671   19   14    6    1
 -0.01395230998800791   19   14    6    2
 -0.009283270844229479   19   14    6    3
 0.00649695339485451   19   14    6    4
 0.0004975576798526564   19   14    6    5
 0.002634667457048084   19   14    6    6
 2.394746166412813e-07   19   14    7    1
 2.433103852698905e-06   19   14    7    2
 1.226245570325425e-06   19   14    7    3
 -4.6933278881128e-07   19   14    7    4
 8.216445235405472e-08   19   14    7    5
 8.134039905952068e-08   19   14    7    6
 0.008718878490980447   19   14    7    7
 -0.003033166237318535   19   14    8    1
 -0.02690061522126689   19   14    8    2
 -0.01059635727275184   19   14    8    3
 0.000408965171930249   19   14    8    4
 -0.002755274987034151   19   14    8    5
 0.005066785098144222   19   14    8    6
 -1.510588580572577e-06   19   14    8    7
 0.03238854492848107   19   14    8    8
 0.0001242969493149379   19   14    9    1
 0.002366030397300167   19   14    9    2
 -0.003716233941037421   19   14    9    3
 0.004790534728816073   19   14    9    4
 -0.01834406164062777   19   14    9    5
 -0.013974404292183   19   14    9    6
 6.619626819298686e-07   19   14    9    7
 0.001452514965547206   19   14    9    8
 0.01145440060767092   19   14    9    9
 3.131153655250611e-08   19   14   10    1
 -1.957395094727344e-09   19   14   10    2
 7.721523235519812e-09   19   14   10    3
 1.834765987080218e-08   19   14   10    4
 -4.362207346999227e-08   19   14   10    5
 5.70743599680575e-07   19   14   10    6
 0.009405339940189527   19   14   10    7
 5.037306529254402e-07   19   14   10    8
 -8.109475507238415e-09   19   14   10    9
 0.03308369994486639   19   14   10   10
 4.653533189150178e-08   19   14   11    1
 1.012716613505993e-07   19   14   11    2
 4.048833744370988e-08   19   14   11    3
 -6.717134082808097e-08   19   14   11    4
 -8.119151660996782e-08   19   14   11    5
 5.550562774006424e-07   19   14   11    6
 0.008838359693238937   19   14   11    7
 4.581087066581915e-07   19   14   11    8
 -1.62819671886531e-10   19   14   11    9
 0.02167982934423941   19   14   11   10
 0.02917176900687639   19   14   11   11
 0.0003648735425911032   19   14   12    1
 -0.002487097687294893   19   14   12    2
 0.002959155929789121   19   14   12    3
 -0.003177369638079504   19   14   12    4
 0.01752457716932403   19   14   12    5
 0.01249142688246721   19   14   12    6
 -5.798029731484847e-07   19   14   12    7
 -0.001433979880328869   19   14   12    8
 -0.001796422603136781   19   14   12    9
 9.476424760815109e-09   19   14   12   10
 8.644289505382923e-09   19   14   12   11
 0.01873603759879677   19   14   12   12
 -0.003720470170245505   19   14   13    1
 -0.001563144258957641   19   14   13    2
 0.004298236961159378   19   14   13    3
 0.007656113713557525   19   14   13    4
 0.004798722098743136   19   14   13    5
 0.006165345108350028   19   14   13    6
 -5.474232854188739e-07   19   14   13    7
 0.003946552074398743   19   14   13    8
 7.538022321382558e-06   19   14   13    9
 3.101790169081618e-07   19   14   13   10
 2.063463108047348e-07   19   14   13   11
 0.001824668991435252   19   14   13   12
 0.02292976520845733   19   14   13   13
 1.417410683106397e-05   19   14   14    1
 -0.006062738477481098   19   14   14    2
 -0.004114072118193675   19   14   14    3
 -0.0007217126597803722   19   14   14    4
 0.00226519068915362   19   14   14    5
 -0.0008195159666152276   19   14   14    6
 1.53868489742007e-07   19   14   14    7
 -0.001786994014785423   19   14   14    8
 0.0008966308268944981   19   14   14    9
 -1.097362632648471e-07   19   14   14   10
 6.889031439053057e-08   19   14   14   11
 0.001253152852694643   19   14   14   12
 -0.006166843681132832   19   14   14   13
 -0.0272413445371985   19   14   14   14
 -7.210667508329259e-07   19   14   15    1
 -2.34103395662086e-06   19   14   15    2
 1.302740577389204e-06   19   14   15    3
 4.983578055923006e-06   19   14   15    4
 -1.116627279625477e-06   19   14   15    5
 -2.446712113839584e-06   19   14   15    6
 0.002792913590545958   19   14   15    7
 1.045186162276239e-06   19   14   15    8
 -1.28607142598335e-06   19   14   15    9
 -0.007901756594175378   19   14   15   10
 -0.006675547733702136   19   14   15   11
 -5.789720202645732e-07   19   14   15   12
 2.360571664294648e-06   19   14   15   13
 -5.043428803281593e-06   19   14   15   14
 0.008721224853173198   19   14   15   15
 0.001561324643036589   19   14   16    1
 0.005617888186211872   19   14   16    2
 -0.002908528827474167   19   14   16    3
 -0.01174567755285486   19   14   16    4
 0.00275506360251014   19   14   16    5
 0.006705726612364155   19   14   16    6
 8.369509765481652e-07   19   14   16    7
 -0.002127279214628256   19   14   16    8
 0.003365882492565933   19   14   16    9
 -3.389262679518281e-06   19   14   16   10
 -2.860044136770048e-06   19   14   16   11
 0.00134045505757743   19   14   16   12
 -0.005364898007103701   19   14   16   13
 0.01241735421538551   19   14   16   14
 -3.031115666648017e-06   19   14   16   15
 0.01547759103873808   19   14   16   16
 0.001426722138606392   19   14   17    1
 0.003194681927042637   19   14   17    2
 -0.0002805321298224544   19   14   17    3
 -0.005756085410885159   19   14   17    4
 -0.001791206145632528   19   14   17    5
 0.0004286962209442344   19   14   17    6
 3.123804971886859e-08   19   14   17    7
 -0.002143317442363677   19   14   17    8
 0.0004517204325325714   19   14   17    9
 5.788934410678242e-08   19   14   17   10
 1.686231780002411e-08   19   14   17   11
 0.002436786015147762   19   14   17   12
 -0.007280633564548212   19   14   17   13
 0.01404675016553637   19   14   17   14
 7.813183589044119e-07   19   14   17   15
 -0.002628390602224594   19   14   17   16
 0.001816213984877763   19   14   17   17
 -5.034837546444121e-05   19   14   18    1
 -0.001054086741521754   19   14   18    2
 0.0004901631572717023   19   14   18    3
 -0.004455545985234104   19   14   18    4
 0.002797916818937399   19   14   18    5
 -0.0003011184616091663   19   14   18    6
 -1.24118574158078e-07   19   14   18    7
 0.002388595778407896   19   14   18    8
 -0.01929400206351079   19   14   18    9
 -5.707945517060337e-08   19   14   18   10
 -4.797880252177793e-08   19   14   18   11
 0.02154724188183243   19   14   18   12
 0.006660527879496668   19   14   18   13
 0.001629643268014203   19   14   18   14
 -3.463645817321805e-06   19   14   18   15
 0.008531409827961359   19   14   18   16
 -0.0001753071702049692   19   14   18   17
 0.02203473877100394   19   14   18   18
 -0.003721258080549542   19   14   19    1
 0.007438390825217732   19   14   19    2
 -0.002031316668745398   19   14   19    3
 -0.0180550654012059   19   14   19    4
 -0.01235347208713016   19   14   19    5
 0.01266486787496895   19   14   19    6
 -1.674969793153082e-06   19   14   19    7
 0.01480660475232091   19   14   19    8
 0.001091632160028157   19   14   19    9
 1.256261954010095e-08   19   14   19   10
 -2.683376602556704e-08   19   14   19   11
 -0.004377612900267217   19   14   19   12
 0.002741537044841099   19   14   19   13
 0.0299154626546582   19   14   19   14
 -2.128684285544254e-05   19   15    1    1
 -6.909074047607235e-07   19   15    2    1
 -1.375274650583764e-05   19   15    2    2
 3.299646806953567e-07   19   15    3    1
 -2.452488712004645e-05   19   15    3    2
 3.779039712586594e-06   19   15    3    3
 5.835194053135238e-07   19   15    4    1
 7.529099552796864e-06   19   15    4    2
 -8.601094306537322e-06   19   15    4    3
 -4.997592872683146e-06   19   15    4    4
 -2.784362642476783e-07   19   15    5    1
 8.307230881223631e-06   19   15    5    2
 -3.086180164869167e-06   19   15    5    3
 -6.603766838534822e-06   19   15    5    4
 -9.349170093868637e-06   19   15    5    5
 1.095745990419311e-06   19   15    6    1
 -2.891121497977646e-06   19   15    6    2
 -2.548584819003529e-06   19   15    6    3
 1.869816642530946e-05   19   15    6    4
 -1.185078931405054e-05   19   15    6    5
 -4.267144827991219e-07   19   15    6    6
 0.0004370212953330444   19   15    7    1
 0.006919400630154384   19   15    7    2
 -0.003906238425564355   19   15    7    3
 0.002134610418905579   19   15    7    4
 0.005526554214780936   19   15    7    5
 -0.004356070614199259   19   15    7    6
 2.012701939273215e-05   19   15    7    7
 2.398291709612595e-06   19   15    8    1
 1.037479685154368e-05   19   15    8    2
 1.203253599757763e-05   19   15    8    3
 1.156934805373419e-05   19   15    8    4
 1.685395353506347e-05   19   15    8    5
 -1.061509882327044e-05   19   15    8    6
 0.003847060647093733   19   15    8    7
 -6.551591709438682e-06   19   15    8    8
 -4.011125966068687e-07   19   15    9    1
 2.286670145714527e-09   19   15    9    2
 -2.869368720556079e-07   19   15    9    3
 -5.434001151494796e-06   19   15    9    4
 -7.726113446490178e-06   19   15    9    5
 -1.651026505047444e-05   19   15    9    6
 0.0005750957660657367   19   15    9    7
 1.541320622925587e-07   19   15    9    8
 -4.189577631420081e-06   19   15    9    9
 0.001402564310683656   19   15   10    1
 0.002097834784247625   19   15   10    2
 0.005903669500997885   19   15   10    3
 0.002691319165177159   19   15   10    4
 -0.0003303899117093026   19   15   10    5
 -0.0001070594536974631   19   15   10    6
 -1.070792254925105e-05   19   15   10    7
 -0.005248912415994067   19   15   10    8
 -4.205699469246252e-05   19   15   10    9
 -2.538519204988601e-05   19   15   10   10
 0.001627624276726921   19   15   11    1
 -0.001571810762046534   19   15   11    2
 0.002297873433571302   19   15   11    3
 0.002196015915963766   19   15   11    4
 -0.0001316491460933151   19   15   11    5
 -0.0004004718244841645   19   15   11    6
 1.775761685563975e-07   19   15   11    7
 -0.001484737282230309   19   15   11    8
 0.0004133311004634724   19   15   11    9
 1.38768191809734e-05   19   15   11   10
 -2.482210628004968e-05   19   15   11   11
 1.484965295752592e-07   19   15   12    1
 2.629657088179929e-06   19   15   12    2
 -3.521126197213758e-06   19   15   12    3
 2.381566526918527e-06   19   15   12    4
 -7.094854923937506e-06   19   15   12    5
 -8.317080921078408e-06   19   15   12    6
 -0.0004420948194171839   19   15   12    7
 -3.404404512588387e-06   19   15   12    8
 5.990874080428123e-06   19   15   12    9
 0.0002837156596753138   19   15   12   10
 0.001314096777278267   19   15   12   11
 -6.834876154748737e-06   19   15   12   12
 2.393250014614288e-06   19   15   13    1
 -1.182964382544429e-06   19   15   13    2
 -1.234398331624378e-06   19   15   13    3
 -1.015850501060953e-06   19   15   13    4
 -5.394078406752405e-06   19   15   13    5
 -3.891478931157988e-06   19   15   13    6
 0.003526217649187747   19   15   13    7
 -4.308257555403961e-06   19   15   13    8
 5.993118069340203e-06   19   15   13    9
 0.0001043927365966288   19   15   13   10
 0.0005041368032902737   19   15   13   11
 -5.926345231663022e-06   19   15   13   12
 1.593185945803543e-05   19   15   13   13
 3.153693989176588e-07   19   15   14    1
 -8.339306435974068e-06   19   15   14    2
 -9.938683161652709e-07   19   15   14    3
 5.39215364986132e-06   19   15   14    4
 1.067547528460173e-06   19   15   14    5
 -4.438372018364261e-06   19   15   14    6
 0.001558060854126151   19   15   14    7
 9.19098046089313e-07   19   15   14    8
 -1.377540848201007e-06   19   15   14    9
 -0.0007102417500544624   19   15   14   10
 -0.003557152025922628   19   15   14   11
 -6.630589513327785e-07   19   15   14   12
 -6.699856983455152e-07   19   15   14   13
 -2.60174134875491e-05   19   15   14   14
 -0.0005072507668578656   19   15   15    1
 -0.003404720929466623   19   15   15    2
 0.002124006890662038   19   15   15    3
 -0.003344134141311088   19   15   15    4
 -0.002573966891742856   19   15   15    5
 -0.0002777077245872236   19   15   15    6
 8.492737939901359e-06   19   15   15    7
 -0.002401974500871993   19   15   15    8
 0.001797545857730169   19   15   15    9
 -2.776106727096034e-07   19   15   15   10
 8.624133968373944e-06   19   15   15   11
 0.004470896719446439   19   15   15   12
 -0.004590786542608079   19   15   15   13
 -0.002029428630822729   19   15   15   14
 2.522475884667877e-05   19   15   15   15
 -7.630767279036051e-07   19   15   16    1
 -3.420686553958265e-06   19   15   16    2
 6.163826190839774e-07   19   15   16    3
 5.110567348201108e-07   19   15   16    4
 -6.928033228261127e-06   19   15   16    5
 1.904969649052731e-06   19   15   16    6
 -0.001705897735869403   19   15   16    7
 4.616702443257157e-06   19   15   16    8
 -1.088341263117741e-06   19   15   16    9
 -0.000997820831219095   19   15   16   10
 -0.003033640844230807   19   15   16   11
 -1.662111224858397e-05   19   15   16   12
 1.785965459618712e-06   19   15   16   13
 -1.15354399924172e-06   19   15   16   14
 -0.003446764665914181   19   15   16   15
 1.087856011116677e-05   19   15   16   16
 -8.369545527524231e-07   19   15   17    1
 -3.505858504467846e-06   19   15   17    2
 5.366242639869837e-06   19   15   17    3
 -3.149404500234593e-06   19   15   17    4
 -4.259143968885973e-06   19   15   17    5
 3.643745891005349e-06   19   15   17    6
 0.006179021685527881   19   15   17    7
 4.296802323671322e-07   19   15   17    8
 -1.187356277153051e-06   19   15   17    9
 -0.003051982023353016   19   15   17   10
 -0.002945677881410619   19   15   17   11
 -1.78723017627372e-06   19   15   17   12
 3.814563205802822e-06   19   15   17   13
 1.332902047446705e-05   19   15   17   14
 -0.00919237071810906   19   15   17   15
 -1.195415618517796e-05   19   15   17   16
 1.999269079520797e-05   19   15   17   17
 6.964658989637794e-07   19   15   18    1
 2.23476461147007e-06   19   15   18    2
 -3.65210635421601e-07   19   15   18    3
 5.857726456224287e-07   19   15   18    4
 1.387867615949532e-06   19   15   18    5
 3.563778163858426e-06   19   15   18    6
 0.0002585303582911839   19   15   18    7
 -3.321672842302095e-06   19   15   18    8
 1.191122771068275e-05   19   15   18    9
 -0.0003509560081910228   19   15   18   10
 -0.0005304960214278861   19   15   18   11
 1.150156577398452e-05   19   15   18   12
 9.527990993119444e-06   19   15   18   13
 -1.917502884258655e-07   19   15   18   14
 0.0003760254264642618   19   15   18   15
 6.845350863744665e-06   19   15   18   16
 -7.82331627385691e-07   19   15   18   17
 -2.065999758490889e-05   19   15   18   18
 3.456685005185052e-06   19   15   19    1
 -1.514911907355467e-06   19   15   19    2
 -1.40910540037613e-06   19   15   19    3
 1.333651130437893e-07   19   15   19    4
 -2.795953855681983e-06   19   15   19    5
 1.504727379697724e-07   19   15   19    6
 -0.0008367066238489738   19   15   19    7
 1.094265942029425e-05   19   15   19    8
 1.396116631263974e-06   19   15   19    9
 -0.001873736299378314   19   15   19   10
 -0.00561052309111762   19   15   19   11
 4.774016511062108e-06   19   15   19   12
 2.353897374424846e-06   19   15   19   13
 -2.332437833694068e-06   19   15   19   14
 0.003962378371185183   19   15   19   15
 0.05398821148583748   19   16    1    1
 0.001580085093193482   19   16    2    1
 0.03270654875936115   19   16    2    2
 -0.0008194484323251921   19   16    3    1
 0.05944033128830407   19   16    3    2
 -0.009108735232590096   19   16    3    3
 -0.001384573420227449   19   16    4    1
 -0.01857096089305479   19   16    4    2
 0.02127856611868324   19   16    4    3
 0.01315112850804768   19   16    4    4
 0.0005779496226053617   19   16    5    1
 -0.02052324436448643   19   16    5    2
 0.007866934219672727   19   16    5    3
 0.01536282452791051   19   16    5    4
 0.02240447695775599   19   16    5    5
 -0.002482846246553204   19   16    6    1
 0.008526583749784251   19   16    6    2
 0.005682820124746375   19   16    6    3
 -0.04450907889972549   19   16    6    4
 0.02966670168116636   19   16    6    5
 -6.463049799153092e-05   19   16    6    6
 6.436126472630179e-07   19   16    7    1
 3.447267184446109e-06   19   16    7    2
 -4.187720266922804e-07   19   16    7    3
 5.291131752846133e-06   19   16    7    4
 3.255994429176427e-06   19   16    7    5
 -5.931259399467591e-06   19   16    7    6
 -0.04901129153189552   19   16    7    7
 -0.00547058384042632   19   16    8    1
 -0.02439959417021109   19   16    8    2
 -0.02844414589868755   19   16    8    3
 -0.02686753607365176   19   16    8    4
 -0.04076435571298206   19   16    8    5
 0.02587630402172307   19   16    8    6
 -3.696761225628557e-06   19   16    8    7
 0.01717371871426045   19   16    8    8
 0.0009859111688282278   19   16    9    1
 0.0002376297102227452   19   16    9    2
 0.0009157455099272363   19   16    9    3
 0.01355526627102042   19   16    9    4
 0.01822477244724205   19   16    9    5
 0.03978102455872216   19   16    9    6
 -1.914006407338321e-06   19   16    9    7
 -9.664520451679614e-05   19   16    9    8
 0.01093019784486217   19   16    9    9
 6.437774305087438e-07   19   16   10    1
 1.040705681706804e-06   19   16   10    2
 2.655139724870323e-06   19   16   10    3
 1.274392799616984e-06   19   16   10    4
 -2.257690529909045e-07   19   16   10    5
 1.545334142666262e-06   19   16   10    6
 0.02693492895304238   19   16   10    7
 -7.54259616346847e-07   19   16   10    8
 -6.716335713390841e-08   19   16   10    9
 0.06133554531632505   19   16   10   10
 7.620013675656657e-07   19   16   11    1
 -6.095351834042565e-07   19   16   11    2
 9.858203118884508e-07   19   16   11    3
 9.763439589868881e-07   19   16   11    4
 -1.581782554285803e-08   19   16   11    5
 -2.321929827973263e-07   19   16   11    6
 0.000246596470825261   19   16   11    7
 -7.509477884867948e-07   19   16   11    8
 2.289458541461039e-07   19   16   11    9
 -0.03297519250806782   19   16   11   10
 0.06025159159669003   19   16   11   11
 -0.0004199414574096937   19   16   12    1
 -0.006036470123163446   19   16   12    2
 0.008731537243685875   19   16   12    3
 -0.005517313510091831   19   16   12    4
 0.01693603809224094   19   16   12    5
 0.01993411941797477   19   16   12    6
 -1.707705773468225e-06   19   16   12    7
 0.008089062587382524   19   16   12    8
 -0.01459294725638302   19   16   12    9
 1.310049142807346e-07   19   16   12   10
 6.530503414252183e-07   19   16   12   11
 0.01671231443928271   19   16   12   12
 -0.005525069409654425   19   16   13    1
 0.003056016330142684   19   16   13    2
 0.003457923757427944   19   16   13    3
 0.003157375489388406   19   16   13    4
 0.01321882557825757   19   16   13    5
 0.01012633414327498   19   16   13    6
 7.360779174797733e-07   19   16   13    7
 0.0116279216196   19   16   13    8
 -0.01499105077932878   19   16   13    9
 3.209488876885289e-08   19   16   13   10
 1.064796104792983e-06   19   16   13   11
 0.01374090943976788   19   16   13   12
 -0.0369948892431513   19   16   13   13
 -0.000716684758247033   19   16   14    1
 0.02003070016504246   19   16   14    2
 0.002348373295817789   19   16   14    3
 -0.01306879066584616   19   16   14    4
 -0.002602618796958715   19   16   14    5
 0.01105896033379821   19   16   14    6
 -1.756260259584337e-08   19   16   14    7
 -0.001997645176776688   19   16   14    8
 0.003536776911229532   19   16   14    9
 -2.939453160180655e-07   19   16   14   10
 -1.631498693666031e-06   19   16   14   11
 0.001948115523132433   19   16   14   12
 0.001417629095193185   19   16   14   13
 0.06305467235939372   19   16   14   14
 -8.435651004484102e-07   19   16   15    1
 -3.346665838949968e-06   19   16   15    2
 5.741293508481887e-07   19   16   15    3
 8.249747307882808e-07   19   16   15    4
 -6.379809464561792e-06   19   16   15    5
 1.247609581920995e-06   19   16   15    6
 -0.01768531973707788   19   16   15    7
 4.093392659791304e-06   19   16   15    8
 -1.337356418371119e-06   19   16   15    9
 0.001282820935399804   19   16   15   10
 -0.01820906459589213   19   16   15   11
 -1.636081467901073e-05   19   16   15   12
 2.350567614466253e-06   19   16   15   13
 -1.82139778625148e-06   19   16   15   14
 -0.05614495991137594   19   16   15   15
 0.001268564611270173   19   16   16    1
 0.00499724482607795   19   16   16    2
 0.0004307133702275929   19   16   16    3
 -0.00487546808450731   19   16   16    4
 0.01426237469967798   19   16   16    5
 -0.005496889368603012   19   16   16    6
 -6.967512627163174e-06   19   16   16    7
 -0.01382651849905965   19   16   16    8
 0.004714617059072032   19   16   16    9
 1.60802245632202e-07   19   16   16   10
 -9.101814658113419e-06   19   16   16   11
 0.04517930194762407   19   16   16   12
 -0.00952653415804388   19   16   16   13
 0.0007439560835539609   19   16   16   14
 -1.089881432210143e-05   19   16   16   15
 -0.03271595807069107   19   16   16   16
 0.001948786385749767   19   16   17    1
 0.008594396020337359   19   16   17    2
 -0.01323126686700072   19   16   17    3
 0.007505804014683042   19   16   17    4
 0.01014684774284897   19   16   17    5
 -0.007950308095969231   19   16   17    6
 3.45984970620697e-06   19   16   17    7
 -0.0005039184396657728   19   16   17    8
 0.002907175415367207   19   16   17    9
 -1.314060442455718e-06   19   16   17   10
 -1.140695501586639e-06   19   16   17   11
 0.004792341447415808   19   16   17   12
 -0.009667808095577966   19   16   17   13
 -0.03241796084393928   19   16   17   14
 -1.202214130158076e-05   19   16   17   15
 0.01964964004780291   19   16   17   16
 -0.04833095222144306   19   16   17   17
 -0.001709953644657149   19   16   18    1
 -0.005804790962656993   19   16   18    2
 0.0007889789492333928   19   16   18    3
 -0.001416700040457495   19   16   18    4
 -0.003106153588855799   19   16   18    5
 -0.008345682922902836   19   16   18    6
 -3.61878478634755e-08   19   16   18    7
 0.0084010873031511   19   16   18    8
 -0.02869806838667397   19   16   18    9
 -1.20653268033367e-07   19   16   18   10
 -2.781392361807578e-07   19   16   18   11
 -0.02711134669404924   19   16   18   12
 -0.02334879354149193   19   16   18   13
 0.0003857878099117751   19   16   18   14
 5.605454798484891e-06   19   16   18   15
 -0.0159346586478009   19   16   18   16
 0.001826915992759772   19   16   18   17
 0.05035433398560177   19   16   18   18
 -0.007915369804985847   19   16   19    1
 0.003161412082609614   19   16   19    2
 0.003624473870635004   19   16   19    3
 0.0001487061807408374   19   16   19    4
 0.006811413409058652   19   16   19    5
 9.76073283139485e-05   19   16   19    6
 1.026379451845907e-06   19   16   19    7
 -0.02581515054034386   19   16   19    8
 -0.003301733876019218   19   16   19    9
 -6.445177136432255e-07   19   16   19   10
 -2.155882674268782e-06   19   16   19   11
 -0.01151068279621469   19   16   19   12
 -0.004904778212892748   19   16   19   13
 0.005495382561755486   19   16   19   14
 -1.917656812156938e-05   19   16   19   15
 0.05018756753926648   19   16   19   16
 -0.02738360544524414   19   17    1    1
 0.0009143399639009478   19   17    2    1
 0.009988420913591239   19   17    2    2
 0.0003375865651718289   19   17    3    1
 0.02494256593166945   19   17    3    2
 -0.008136944509837457   19   17    3    3
 -6.099040330787674e-05   19   17    4    1
 -0.01235621882485494   19   17    4    2
 -0.01051906767433676   19   17    4    3
 0.001504125194760142   19   17    4    4
 0.0008082883931687189   19   17    5    1
 -0.01768079696318993   19   17    5    2
 0.01006528213540869   19   17    5    3
 0.006070729947811022   19   17    5    4
 0.006432322689528107   19   17    5    5
 -0.0009883131197108677   19   17    6    1
 0.01752607860285598   19   17    6    2
 -0.01200341262943992   19   17    6    3
 -0.008532029797055075   19   17    6    4
 0.007354746180280996   19   17    6    5
 0.0142732651486474   19   17    6    6
 2.012159492802002e-07   19   17    7    1
 -9.741932360769222e-07   19   17    7    2
 1.048489875965999e-06   19   17    7    3
 1.877709421544882e-06   19   17    7    4
 4.197576802305298e-07   19   17    7    5
 -2.541186202014086e-06   19   17    7    6
 -0.02942328126969853   19   17    7    7
 -0.002530714222859904   19   17    8    1
 -0.006946193349446345   19   17    8    2
 -0.002960908538159643   19   17    8    3
 -0.02447752223285961   19   17    8    4
 -0.01143431358739896   19   17    8    5
 -0.0002507893410397899   19   17    8    6
 -1.335753529111384e-06   19   17    8    7
 -0.005757449953852838   19   17    8    8
 -7.985031279824232e-05   19   17    9    1
 -0.004527839068242029   19   17    9    2
 0.006776223244034719   19   17    9    3
 -0.006675584880676512   19   17    9    4
 0.01801012238515545   19   17    9    5
 0.01609592603276856   19   17    9    6
 -8.840859348250521e-07   19   17    9    7
 0.001309410179303813   19   17    9    8
 -9.524262618123114e-05   19   17    9    9
 9.405676062894689e-09   19   17   10    1
 7.034792214625927e-08   19   17   10    2
 2.356754739038155e-08   19   17   10    3
 8.657578890993289e-08   19   17   10    4
 -3.770000319880489e-08   19   17   10    5
 5.721927721046578e-07   19   17   10    6
 0.009473262131133201   19   17   10    7
 5.616297809593715e-07   19   17   10    8
 -1.995440435506658e-08   19   17   10    9
 0.0119581998791482   19   17   10   10
 1.595298346904976e-08   19   17   11    1
 1.63894787798044e-08   19   17   11    2
 -3.939288450302434e-09   19   17   11    3
 5.854362715307016e-08   19   17   11    4
 4.648569436270984e-08   19   17   11    5
 -1.247524540879769e-07   19   17   11    6
 -0.001740054612710754   19   17   11    7
 -1.183863801194591e-07   19   17   11    8
 -5.079078338094749e-09   19   17   11    9
 -0.02654023867125512   19   17   11   10
 0.01064132162059485   19   17   11   11
 0.0004764618926900906   19   17   12    1
 -0.004473282868755354   19   17   12    2
 0.003649665207588978   19   17   12    3
 0.001852206657043599   19   17   12    4
 1.648744430401874e-05   19   17   12    5
 0.01060391386810936   19   17   12    6
 -6.529730138723004e-07   19   17   12    7
 -0.0002097192269272807   19   17   12    8
 -0.0101529854834706   19   17   12    9
 1.788797759214799e-09   19   17   12   10
 1.527539026247991e-08   19   17   12   11
 -0.0006887623281952807   19   17   12   12
 -0.00182141141981364   19   17   13    1
 0.001181894405510821   19   17   13    2
 -0.002046449389081238   19   17   13    3
 -0.007097537234993042   19   17   13    4
 0.002131558989152064   19   17   13    5
 -0.004322453249944419   19   17   13    6
 2.015971605429698e-07   19   17   13    7
 -0.001743690978274117   19   17   13    8
 0.001373188789139828   19   17   13    9
 -2.852075782208576e-08   19   17   13   10
 3.257333186861434e-07   19   17   13   11
 0.006837846104615775   19   17   13   12
 -0.02313709889409269   19   17   13   13
 -0.0005817242034955454   19   17   14    1
 0.009406038728433911   19   17   14    2
 0.002957475128261943   19   17   14    3
 -0.005054792830214555   19   17   14    4
 -0.002969615795581167   19   17   14    5
 0.002595774586290087   19   17   14    6
 -8.916598136923286e-08   19   17   14    7
 -0.002035387927919206   19   17   14    8
 -0.000126749287089478   19   17   14    9
 3.686568576910413e-08   19   17   14   10
 -5.717271537596391e-08   19   17   14   11
 0.003338983758624435   19   17   14   12
 0.001453249350576832   19   17   14   13
 0.03447271126070916   19   17   14   14
 -1.50511266303378e-07   19   17   15    1
 -2.121082197908329e-06   19   17   15    2
 2.21560969069257e-08   19   17   15    3
 1.37611744655645e-07   19   17   15    4
 -4.444169662445705e-06   19   17   15    5
 6.069290164382573e-06   19   17   15    6
 0.005443200795275179   19   17   15    7
 1.705818220319107e-07   19   17   15    8
 -2.605831249610235e-06   19   17   15    9
 0.0001860059969836111   19   17   15   10
 -0.006372041797988288   19   17   15   11
 -2.923870980525272e-06   19   17   15   12
 -4.572896246151001e-06   19   17   15   13
 3.487788301186173e-06   19   17   15   14
 -0.02840203649134227   19   17   15   15
 0.0002840991190056175   19   17   16    1
 0.00514121786822246   19   17   16    2
 -0.0003563876141535475   19   17   16    3
 -0.000439239354583154   19   17   16    4
 0.01081659474107846   19   17   16    5
 -0.0137992507714176   19   17   16    6
 3.17806649967161e-06   19   17   16    7
 9.572685465263708e-05   19   17   16    8
 0.006265319032993418   19   17   16    9
 1.204664794666562e-07   19   17   16   10
 -2.765721541632545e-06   19   17   16   11
 0.00815361363065812   19   17   16   12
 0.01103429291540922   19   17   16   13
 -0.009113666930502732   19   17   16   14
 -1.191622799071776e-05   19   17   16   15
 0.0004427406902670002   19   17   16   16
 0.0006938571122398112   19   17   17    1
 0.0002282533792250284   19   17   17    2
 -0.003704882806913539   19   17   17    3
 0.005400289477280142   19   17   17    4
 0.001730456917588687   19   17   17    5
 -4.53840206736636e-05   19   17   17    6
 6.712585116176564e-08   19   17   17    7
 -0.003070479072025671   19   17   17    8
 0.000980341770148442   19   17   17    9
 3.863490159412263e-08   19   17   17   10
 4.128338333434749e-08   19   17   17   11
 0.0118513607229507   19   17   17   12
 -0.008087785675616703   19   17   17   13
 -0.01902393595986375   19   17   17   14
 6.303564066077879e-06   19   17   17   15
 -0.01480480979840487   19   17   17   16
 -0.02224263374414919   19   17   17   17
 -6.125001741267051e-06   19   17   18    1
 -0.0003333826883090783   19   17   18    2
 0.0008235957699271679   19   17   18    3
 0.0009515568963592381   19   17   18    4
 -0.003915188353784268   19   17   18    5
 -0.004320384275470076   19   17   18    6
 2.189594984808673e-07   19   17   18    7
 0.0003254990328512084   19   17   18    8
 -0.004649176019462367   19   17   18    9
 7.18005039819886e-09   19   17   18   10
 -4.027857732984559e-08   19   17   18   11
 -0.02456629188918062   19   17   18   12
 -0.006556427880317279   19   17   18   13
 -0.00323881141009641   19   17   18   14
 2.706672188423858e-06   19   17   18   15
 -0.007564202655267547   19   17   18   16
 -0.001605373345759409   19   17   18   17
 0.01159636673178119   19   17   18   18
 -0.004252915836084804   19   17   19    1
 -0.0002072665036674179   19   17   19    2
 0.002844576516829543   19   17   19    3
 0.003824497694784721   19   17   19    4
 0.005094739637106467   19   17   19    5
 -0.004458616774126716   19   17   19    6
 1.479421227340948e-06   19   17   19    7
 -0.02185126603231309   19   17   19    8
 -0.001741987888737777   19   17   19    9
 1.063924400596515e-07   19   17   19   10
 1.976200674906985e-07   19   17   19   11
 -0.003401884966400696   19   17   19   12
 -0.01041520177613747   19   17   19   13
 -0.004611482741440267   19   17   19   14
 -6.441996505756454e-06   19   17   19   15
 0.01547638904149116   19   17   19   16
 0.01732578782524769   19   17   19   17
 0.009493263131749648   19   18    1    1
 0.0005947133040568186   19   18    2    1
 0.009171589773035222   19   18    2    2
 -0.0007449052195159547   19   18    3    1
 0.007676076223829341   19   18    3    2
 -0.006583173274580345   19   18    3    3
 0.00102119386296053   19   18    4    1
 0.002024567786389232   19   18    4    2
 0.007743524462917498   19   18    4    3
 0.008164135287275937   19   18    4    4
 -0.002708291039117143   19   18    5    1
 -0.01565039736510002   19   18    5    2
 -0.01725544535107504   19   18    5    3
 -0.002224756056703063   19   18    5    4
 -0.003241756841777868   19   18    5    5
 -0.001717195664432219   19   18    6    1
 -0.01379797468824204   19   18    6    2
 -0.005945378768147977   19   18    6    3
 -0.01068083797594163   19   18    6    4
 0.005747818646488033   19   18    6    5
 0.0004925521221656412   19   18    6    6
 1.421134805123652e-07   19   18    7    1
 8.862236475957727e-07   19   18    7    2
 5.060860471659465e-07   19   18    7    3
 9.207657330082196e-07   19   18    7    4
 -3.369130916016617e-07   19   18    7    5
 -1.07930657983269e-06   19   18    7    6
 -0.006424579966594217   19   18    7    7
 -0.0008230448606128417   19   18    8    1
 -0.002737422564215919   19   18    8    2
 -0.005235298432953239   19   18    8    3
 -0.004463694971313815   19   18    8    4
 0.001257375285531081   19   18    8    5
 0.0129684213221363   19   18    8    6
 -1.165140620184096e-06   19   18    8    7
 0.001331233201719153   19   18    8    8
 0.003787539894917011   19   18    9    1
 -0.004816306861591245   19   18    9    2
 0.002100937882031284   19   18    9    3
 0.01192941426837955   19   18    9    4
 0.006954972420888468   19   18    9    5
 0.002691354159107282   19   18    9    6
 -1.91943750250588e-07   19   18    9    7
 0.002010909054296111   19   18    9    8
 0.001385934153666938   19   18    9    9
 1.505160998209705e-08   19   18   10    1
 3.058809065848802e-08   19   18   10    2
 6.352165286202997e-08   19   18   10    3
 2.610839883910203e-08   19   18   10    4
 -1.309424721791311e-08   19   18   10    5
 1.596576217237284e-07   19   18   10    6
 0.003077239005822428   19   18   10    7
 1.441288218909294e-07   19   18   10    8
 -5.548939684306627e-08   19   18   10    9
 0.009666080043803045   19   18   10   10
 2.15337327787816e-08   19   18   11    1
 -5.28831983083746e-09   19   18   11    2
 2.288819606057286e-08   19   18   11    3
 1.32950973269545e-08   19   18   11    4
 8.59340836138782e-09   19   18   11    5
 -5.578949611486042e-08   19   18   11    6
 -0.0006803864732277266   19   18   11    7
 -6.708915209228711e-08   19   18   11    8
 -4.093675345930928e-08   19   18   11    9
 -0.004237861388013782   19   18   11   10
 0.00910918881039517   19   18   11   11
 -0.004988632905711689   19   18   12    1
 -0.01564297845825558   19   18   12    2
 -0.01679801362026346   19   18   12    3
 -0.01208535120797343   19   18   12    4
 -0.002142209542369501   19   18   12    5
 0.005918728854816251   19   18   12    6
 -1.152239369522914e-06   19   18   12    7
 0.01516833852566614   19   18   12    8
 0.002624455259045396   19   18   12    9
 7.189971688356656e-09   19   18   12   10
 4.350759331532928e-08   19   18   12   11
 0.004160125540462428   19   18   12   12
 -0.002101102326304319   19   18   13    1
 -0.005323210240755175   19   18   13    2
 -0.002374026982616913   19   18   13    3
 -0.002139920058344548   19   18   13    4
 0.001202699459683998   19   18   13    5
 0.002480062555014243   19   18   13    6
 -4.564596768683276e-07   19   18   13    7
 0.008182887935157061   19   18   13    8
 -0.0001734050805020167   19   18   13    9
 6.278525187158104e-09   19   18   13   10
 1.493899159005833e-07   19   18   13   11
 0.001099074545549476   19   18   13   12
 -0.007692720763981489   19   18   13   13
 -0.0002936187994592684   19   18   14    1
 0.001197964331652253   19   18   14    2
 -2.334955892788266e-05   19   18   14    3
 -0.003061717424177495   19   18   14    4
 -0.001570403209221022   19   18   14    5
 4.409422813980328e-05   19   18   14    6
 -1.031941668886587e-07   19   18   14    7
 0.00133015668852962   19   18   14    8
 -0.005798937780542805   19   18   14    9
 -7.747713445955636e-09   19   18   14   10
 -3.761409297144025e-08   19   18   14   11
 -0.002213542365548386   19   18   14   12
 -0.0001814232096414469   19   18   14   13
 0.007367858867537202   19   18   14   14
 4.485892735572136e-07   19   18   15    1
 3.015240722263198e-06   19   18   15    2
 1.466469895913307e-06   19   18   15    3
 1.544003685304975e-06   19   18   15    4
 1.419590596958894e-07   19   18   15    5
 -8.148893124884e-07   19   18   15    6
 -0.003949646141896571   19   18   15    7
 -1.837110800228868e-06   19   18   15    8
 3.365100852269816e-06   19   18   15    9
 -0.0004481200359935151   19   18   15   10
 -0.003282077234384132   19   18   15   11
 -2.567033367789844e-06   19   18   15   12
 1.876753116668677e-06   19   18   15   13
 3.114631822253804e-07   19   18   15   14
 -0.007730056713923818   19   18   15   15
 -0.001118935327334464   19   18   16    1
 -0.007759037730699457   19   18   16    2
 -0.003687654604143362   19   18   16    3
 -0.003748541281730237   19   18   16    4
 -0.0001140234938771787   19   18   16    5
 0.001480063198089931   19   18   16    6
 -1.992588218908203e-06   19   18   16    7
 0.004438376306712894   19   18   16    8
 -0.007976450164689499   19   18   16    9
 -1.926174290306758e-07   19   18   16   10
 -1.402764104294708e-06   19   18   16   11
 0.006392058914703802   19   18   16   12
 -0.004467168390299243   19   18   16   13
 -0.001186424257646917   19   18   16   14
 -2.545200563738091e-07   19   18   16   15
 -0.00721280573775711   19   18   16   16
 0.0001961123442686319   19   18   17    1
 -0.0002824501930279298   19   18   17    2
 -0.0009664578404748229   19   18   17    3
 0.0003536893537085421   19   18   17    4
 0.00111214081633327   19   18   17    5
 -0.0009901405923555789   19   18   17    6
 1.636974281360616e-07   19   18   17    7
 -4.482601612555016e-05   19   18   17    8
 -0.001006471288369374   19   18   17    9
 -8.932556594800744e-09   19   18   17   10
 1.358482811446095e-08   19   18   17   11
 -0.0003766065200980945   19   18   17   12
 0.0005096131957411148   19   18   17   13
 -0.00417404825281597   19   18   17   14
 -2.479690189220958e-06   19   18   17   15
 0.005970516825167332   19   18   17   16
 -0.005184513568584952   19   18   17   17
 -0.006575740157977355   19   18   18    1
 0.007695597469987984   19   18   18    2
 7.801220614670264e-05   19   18   18    3
 -0.01055459364527109   19   18   18    4
 -0.003467022047736985   19   18   18    5
 -0.0007879950911469301   19   18   18    6
 1.604133826989265e-07   19   18   18    7
 -0.003062828659807999   19   18   18    8
 -0.005192006765963509   19   18   18    9
 1.143343368783782e-07   19   18   18   10
 8.159890397114067e-08   19   18   18   11
 -0.006654637612691527   19   18   18   12
 -0.00890959815209481   19   18   18   13
 0.01346384779128764   19   18   18   14
 -3.043856091058543e-06   19   18   18   15
 0.006544507167616173   19   18   18   16
 0.001956454509144085   19   18   18   17
 0.01000301588260576   19   18   18   18
 -0.0006471220081190201   19   18   19    1
 0.0012043543975927   19   18   19    2
 0.001876344519575646   19   18   19    3
 -0.001211206475604052   19   18   19    4
 -0.0001269691489409923   19   18   19    5
 -0.00574500136805994   19   18   19    6
 3.847717775500459e-07   19   18   19    7
 -0.001627509071933828   19   18   19    8
 -0.01710143082645857   19   18   19    9
 1.828896829106689e-09   19   18   19   10
 -2.162299247358661e-08   19   18   19   11
 -0.0004518649581684577   19   18   19   12
 0.0003364662464589896   19   18   19   13
 -9.546417467211268e-05   19   18   19   14
 -1.588061681010762e-06   19   18   19   15
 0.003448165424292395   19   18   19   16
 -7.801243891285673e-05   19   18   19   17
 0.03024025489057976   19   18   19   18
 0.7454240161075093   19   19    1    1
 0.0004000731556623813   19   19    2    1
 0.396281538349202   19   19    2    2
 -0.006042587729380102   19   19    3    1
 0.09259746572401892   19   19    3    2
 0.3914449974629222   19   19    3    3
 -0.008558049773933204   19   19    4    1
 0.004215472530131187   19   19    4    2
 0.08178893030342424   19   19    4    3
 0.4043838176368818   19   19    4    4
 0.0007846905008595249   19   19    5    1
 -0.0106949024045208   19   19    5    2
 0.04812540188229349   19   19    5    3
 0.01396606282086185   19   19    5    4
 0.3917695948979014   19   19    5    5
 -0.002861039973641231   19   19    6    1
 -0.0180396009210335   19   19    6    2
 0.003525638241035075   19   19    6    3
 -0.04757711237494591   19   19    6    4
 0.03499384883700183   19   19    6    5
 0.3599489942071301   19   19    6    6
 6.317264128765313e-07   19   19    7    1
 5.812667237624201e-06   19   19    7    2
 2.143382223709784e-06   19   19    7    3
 5.027606555462262e-06   19   19    7    4
 2.259092577150127e-06   19   19    7    5
 -8.719422962975905e-06   19   19    7    6
 0.2712982064178274   19   19    7    7
 -0.008373688501858104   19   19    8    1
 -0.09127775974320461   19   19    8    2
 -0.04078442192394294   19   19    8    3
 -0.0351021936218484   19   19    8    4
 -0.06620562834051023   19   19    8    5
 0.06670345130535404   19   19    8    6
 -1.40536377077579e-05   19   19    8    7
 0.4549247727999338   19   19    8    8
 9.472383590055775e-05   19   19    9    1
 0.01129240193173543   19   19    9    2
 -0.03030996069796433   19   19    9    3
 0.01850752858427668   19   19    9    4
 -0.01663471585006693   19   19    9    5
 0.01798863691561144   19   19    9    6
 -5.95674952664031e-07   19   19    9    7
 -0.006087972895404188   19   19    9    8
 0.3884398684179687   19   19    9    9
 6.552418834445379e-08   19   19   10    1
 1.859984835931603e-07   19   19   10    2
 7.221067598085543e-08   19   19   10    3
 3.359909361346916e-09   19   19   10    4
 -3.514514870272047e-07   19   19   10    5
 3.852764508612047e-06   19   19   10    6
 0.06464289822135259   19   19   10    7
 3.43607857649826e-06   19   19   10    8
 -8.34169293588318e-08   19   19   10    9
 0.4914795662536121   19   19   10   10
 1.093850422955411e-07   19   19   11    1
 1.183450333195215e-07   19   19   11    2
 -3.907446578144745e-08   19   19   11    3
 -2.757544602507842e-07   19   19   11    4
 -1.710214504564068e-07   19   19   11    5
 1.762117678828536e-06   19   19   11    6
 0.03099513977610305   19   19   11    7
 1.207135122019638e-06   19   19   11    8
 -3.023980009550732e-08   19   19   11    9
 -0.002125826231258894   19   19   11   10
 0.5020013624013335   19   19   11   11
 0.001436214533622507   19   19   12    1
 -0.004716314383208366   19   19   12    2
 0.001992183779183466   19   19   12    3
 -0.02508658117154385   19   19   12    4
 0.08913493753061899   19   19   12    5
 0.04546188702795711   19   19   12    6
 -2.602072450879942e-06   19   19   12    7
 0.006461940803028175   19   19   12    8
 -0.013493693776048   19   19   12    9
 -1.151112000452657e-08   19   19   12   10
 -1.898367593878852e-08   19   19   12   11
 0.4082126729397614   19   19   12   12
 -0.01208738846728109   19   19   13    1
 -0.006396594846763376   19   19   13    2
 0.026235294244941   19   19   13    3
 0.04227507045278885   19   19   13    4
 0.008859787947628579   19   19   13    5
 0.04924987498372354   19   19   13    6
 -5.340103641240789e-06   19   19   13    7
 0.03542440880505413   19   19   13    8
 -0.007640025947951373   19   19   13    9
 7.758498800264428e-07   19   19   13   10
 1.635568850750054e-06   19   19   13   11
 0.03963284178902354   19   19   13   12
 0.3739232092466533   19   19   13   13
 0.001191424232003503   19   19   14    1
 0.04253141529329969   19   19   14    2
 0.01468789181675308   19   19   14    3
 -0.05681192437318561   19   19   14    4
 -0.02949253086923307   19   19   14    5
 0.03467790061897962   19   19   14    6
 -2.928749880499549e-06   19   19   14    7
 0.008990692747759543   19   19   14    8
 0.002252438252128295   19   19   14    9
 -1.677417401646197e-07   19   19   14   10
 -1.357136539859168e-07   19   19   14   11
 0.0009743338461132027   19   19   14   12
 -0.01221246656759535   19   19   14   13
 0.3890446952303573   19   19   14   14
 -2.818801968708462e-06   19   19   15    1
 8.462260925724605e-07   19   19   15    2
 5.888135473178065e-06   19   19   15    3
 1.09104882241105e-05   19   19   15    4
 -1.063420871684698e-05   19   19   15    5
 -7.732294293298125e-06   19   19   15    6
 0.03087580122665728   19   19   15    7
 2.386766871517381e-05   19   19   15    8
 7.82247174717018e-07   19   19   15    9
 -0.03010784611032222   19   19   15   10
 -0.05116017282655085   19   19   15   11
 -1.722929074472505e-05   19   19   15   12
 1.627746314706323e-05   19   19   15   13
 -8.324676557081416e-06   19   19   15   14
 0.2703772735481049   19   19   15   15
 0.006237827408451841   19   19   16    1
 -0.003518362261117687   19   19   16    2
 -0.01290381316167482   19   19   16    3
 -0.02406427718421525   19   19   16    4
 0.0258580398810146   19   19   16    5
 0.02575182163675834   19   19   16    6
 1.420589383010509e-05   19   19   16    7
 -0.0531303127552344   19   19   16    8
 -0.0007754581567889566   19   19   16    9
 -1.256821153925662e-05   19   19   16   10
 -2.166134496251498e-05   19   19   16   11
 0.04379220305039562   19   19   16   12
 -0.03560086304217155   19   19   16   13
 0.01774838045070871   19   19   16   14
 -3.023867491475251e-05   19   19   16   15
 0.3430926454638092   19   19   16   16
 0.004706741378639774   19   19   17    1
 -0.02334351191937372   19   19   17    2
 0.002206508989142932   19   19   17    3
 -0.010625344661091   19   19   17    4
 0.005902754718471   19   19   17    5
 -0.01151390448890351   19   19   17    6
 2.119079223958095e-06   19   19   17    7
 -0.03689446229148965   19   19   17    8
 0.003290522527939156   19   19   17    9
 4.419342389243679e-07   19   19   17   10
 4.730793330383495e-07   19   19   17   11
 0.003604242123327689   19   19   17   12
 -0.04837407540923985   19   19   17   13
 -0.02978339108807835   19   19   17   14
 -1.663255480640053e-05   19   19   17   15
 0.03736825656144172   19   19   17   16
 0.2688722051932539   19   19   17   17
 0.0007970266160190372   19   19   18    1
 0.001861905389688461   19   19   18    2
 0.002011371212020179   19   19   18    3
 -0.01310356657212377   19   19   18    4
 -0.002925425863580077   19   19   18    5
 -0.02410018434054287   19   19   18    6
 1.100096724706109e-06   19   19   18    7
 0.004701366018167315   19   19   18    8
 -0.1073670272982783   19   19   18    9
 -1.773930183671057e-07   19   19   18   10
 -3.758416640936475e-07   19   19   18   11
 0.01626777011947449   19   19   18   12
 0.0003987450709353765   19   19   18   13
 -0.001519490944728932   19   19   18   14
 3.019879479322196e-06   19   19   18   15
 -0.0101432025718012   19   19   18   16
 -0.003024927137168697   19   19   18   17
 0.4745643288294767   19   19   18   18
 -0.007987761406133002   19   19   19    1
 0.001119666449730279   19   19   19    2
 -0.003518186519898669   19   19   19    3
 -0.003348086236929795   19   19   19    4
 -0.008366829045344963   19   19   19    5
 0.006581134064339529   19   19   19    6
 -1.145641590752236e-06   19   19   19    7
 0.0112715640475123   19   19   19    8
 0.003727244139081834   19   19   19    9
 2.03574061292261e-07   19   19   19   10
 2.820633048672026e-07   19   19   19   11
 -0.03420302762075394   19   19   19   12
 0.01449656657869389   19   19   19   13
 0.04342481962774836   19   19   19   14
 -3.070021654339242e-05   19   19   19   15
 0.07454584317041438   19   19   19   16
 0.01311837626376441   19   19   19   17
 0.01090492816145886   19   19   19   18
 0.5974231894152484   19   19   19   19
 -22.44691324493551    1    1  0  0
 0.07579447796337017    2    1  0  0
 -7.060215387857656    2    2  0  0
 0.2289488783477022    3    1  0  0
 -0.2473169402646078    3    2  0  0
 -7.594004548613944    3    3  0  0
 0.2818936742547709    4    1  0  0
 -0.2904171252118872    4    2  0  0
 -0.7195045977656453    4    3  0  0
 -7.138650291420177    4    4  0  0
 0.04551867805769982    5    1  0  0
 -0.1896646788657259    5    2  0  0
 -0.5479485038631751    5    3  0  0
 0.003607727228673595    5    4  0  0
 -6.763882707808558    5    5  0  0
 -0.003297889785786539    6    1  0  0
 0.2851621009291314    6    2  0  0
 -0.05825521795989032    6    3  0  0
 0.01660259310728496    6    4  0  0
 -0.08541692249552814    6    5  0  0
 -6.530240033274068    6    6  0  0
 -1.35381652718891e-06    7    1  0  0
 -5.717240901616898e-05    7    2  0  0
 -8.490237722769313e-07    7    3  0  0
 -2.115728700838063e-06    7    4  0  0
 -5.94093173522851e-06    7    5  0  0
 3.53682781026006e-05    7    6  0  0
 -6.342916277689798    7    7  0  0
 0.03008582593038339    8    1  0  0
 0.6939888992746949    8    2  0  0
 0.03664188884565707    8    3  0  0
 0.006531134062894186    8    4  0  0
 0.1704586598555347    8    5  0  0
 -0.4523872442476111    8    6  0  0
 8.486988878735443e-05    8    7  0  0
 -7.422266478885557    8    8  0  0
 -0.002242996975074391    9    1  0  0
 -0.2000133027953125    9    2  0  0
 0.4514213969887975    9    3  0  0
 -0.02324026290597683    9    4  0  0
 0.5512269801453002    9    5  0  0
 0.3208540912830294    9    6  0  0
 -2.830362178738521e-05    9    7  0  0
 0.2154914406519672    9    8  0  0
 -6.795993305427997    9    9  0  0
 -1.673046776766363e-06   10    1  0  0
 -1.304721022423934e-06   10    2  0  0
 -7.280269480996526e-07   10    3  0  0
 3.29904281310677e-07   10    4  0  0
 2.673680624888741e-06   10    5  0  0
 -2.536654416709284e-05   10    6  0  0
 -0.4220100275107625   10    7  0  0
 -2.180267989747047e-05   10    8  0  0
 9.281138583405335e-08   10    9  0  0
 -7.238427493549751   10   10  0  0
 -2.646550009765351e-06   11    1  0  0
 -8.190715528793035e-08   11    2  0  0
 -3.049596369942322e-07   11    3  0  0
 2.724008623291021e-06   11    4  0  0
 2.593452008007281e-06   11    5  0  0
 -2.74185237362239e-05   11    6  0  0
 -0.4540841644724739   11    7  0  0
 -2.218793377434939e-05   11    8  0  0
 1.619429175999252e-06   11    9  0  0
 -0.6080638486803563   11   10  0  0
 -7.17632335375402   11   11  0  0
 -0.01528502826480169   12    1  0  0
 -0.0556383422783485   12    2  0  0
 0.02633982767001433   12    3  0  0
 0.3145339023674244   12    4  0  0
 -0.9428683497081887   12    5  0  0
 -0.2354534010782977   12    6  0  0
 5.832421421762373e-06   12    7  0  0
 0.07557556668717545   12    8  0  0
 0.050365482317367   12    9  0  0
 8.7408632400541e-08   12   10  0  0
 1.947517779617723e-06   12   11  0  0
 -6.226714499029656   12   12  0  0
 0.2404755756495383   13    1  0  0
 0.0636270512123198   13    2  0  0
 -0.2523117626908296   13    3  0  0
 -0.579763133248602   13    4  0  0
 0.1480016509528433   13    5  0  0
 -0.5049024061229086   13    6  0  0
 5.418638566621094e-05   13    7  0  0
 -0.164973517865251   13    8  0  0
 -0.1516841378466791   13    9  0  0
 -1.313022466062986e-05   13   10  0  0
 -1.09082959324777e-05   13   11  0  0
 -0.4156022649944958   13   12  0  0
 -6.65153458014524   13   13  0  0
 -0.09994651713147698   14    1  0  0
 -0.2200210096988172   14    2  0  0
 -0.1360597098801275   14    3  0  0
 0.5813175803782201   14    4  0  0
 0.3047799842100936   14    5  0  0
 -0.2770632840276812   14    6  0  0
 2.716065139488287e-05   14    7  0  0
 -0.1443982473574534   14    8  0  0
 0.0180539198846832   14    9  0  0
 2.370463623377068e-06   14   10  0  0
 1.422807711675152e-06   14   11  0  0
 -0.001821430851508726   14   12  0  0
 0.1724710555548341   14   13  0  0
 -5.296752776850811   14   14  0  0
 8.185565457472203e-05   15    1  0  0
 -2.982634695394796e-05   15    2  0  0
 -0.0001404247111455178   15    3  0  0
 -0.0001044438803871094   15    4  0  0
 4.502118688371724e-05   15    5  0  0
 0.0001707139514843252   15    6  0  0
 -0.7492725626532468   15    7  0  0
 -0.0002534919121354973   15    8  0  0
 -7.68214550866898e-05   15    9  0  0
 0.4414078332376761   15   10  0  0
 0.4002519692695167   15   11  0  0
 -1.512317855030439e-05   15   12  0  0
 -0.0001661452418398479   15   13  0  0
 0.0001013153580367773   15   14  0  0
 -5.650701823684563   15   15  0  0
 -0.1852367681970579   16    1  0  0
 0.09304764673257662   16    2  0  0
 0.3163751687600824   16    3  0  0
 0.2304831737264551   16    4  0  0
 -0.08397833911241886   16    5  0  0
 -0.5453721769421732   16    6  0  0
 -0.0003066511734895231   16    7  0  0
 0.5251292535380004   16    8  0  0
 0.1626130043473022   16    9  0  0
 0.0001862752827222398   16   10  0  0
 0.000169896066765804   16   11  0  0
 0.02433135872601632   16   12  0  0
 0.3700998482275479   16   13  0  0
 -0.2396452325233507   16   14  0  0
 0.0001146427760316077   16   15  0  0
 -5.915967599380082   16   16  0  0
 -0.09432302019466077   17    1  0  0
 0.465118005555444   17    2  0  0
 -0.2627577191685066   17    3  0  0
 0.3474415829988312   17    4  0  0
 0.04905158885674949   17    5  0  0
 0.1070803096007842   17    6  0  0
 -1.417180876692159e-05   17    7  0  0
 0.4088995509269202   17    8  0  0
 -0.03507594075513223   17    9  0  0
 -5.639617412574879e-06   17   10  0  0
 -3.58603756641232e-06   17   11  0  0
 0.07291654865741208   17   12  0  0
 0.4245886168133911   17   13  0  0
 -0.09329443261420879   17   14  0  0
 0.0001161751633287573   17   15  0  0
 -0.2402018611448039   17   16  0  0
 -5.313922653268106   17   17  0  0
 -0.040523167661176   18    1  0  0
 -0.02593054435911973   18    2  0  0
 0.05914583033058433   18    3  0  0
 0.1975947197501214   18    4  0  0
 -0.0782624585051853   18    5  0  0
 0.095690650509445   18    6  0  0
 -1.110706335414007e-05   18    7  0  0
 0.05375704384363014   18    8  0  0
 1.018439592710006   18    9  0  0
 3.307136017224303e-06   18   10  0  0
 4.936058428890108e-06   18   11  0  0
 -0.7261695289604378   18   12  0  0
 -0.4649856490581537   18   13  0  0
 0.06619354472639827   18   14  0  0
 2.709482957555581e-05   18   15  0  0
 -0.07877389987414694   18   16  0  0
 0.06652946662101529   18   17  0  0
 -6.431199037995079   18   18  0  0
 -0.1296455936537535   19    1  0  0
 0.113426481183622   19    2  0  0
 0.1687571038628985   19    3  0  0
 0.1638959904308359   19    4  0  0
 0.1705399633712103   19    5  0  0
 -0.1209559505630248   19    6  0  0
 3.978472618046669e-05   19    7  0  0
 -0.5710672935299823   19    8  0  0
 -0.1386550816150146   19    9  0  0
 2.784670111368673e-07   19   10  0  0
 1.313595220386581e-06   19   11  0  0
 0.189759414430476   19   12  0  0
 -0.2383045557183029   19   13  0  0
 -0.4567168048922139   19   14  0  0
 0.0001155874327152823   19   15  0  0
 -0.2869076390708871   19   16  0  0
 0.05713005836740653   19   17  0  0
 -0.04194503049844089   19   18  0  0
 -7.292704450475698   19   19  0  0
 0  0  0  0  0
