4.095000000000000000e+03
6.143000000000000000e+03
7.167000000000000000e+03
7.679000000000000000e+03
7.935000000000000000e+03
8.063000000000000000e+03
8.127000000000000000e+03
8.159000000000000000e+03
8.175000000000000000e+03
8.183000000000000000e+03
8.187000000000000000e+03
8.189000000000000000e+03
8.190000000000000000e+03
1.023900000000000000e+04
1.126300000000000000e+04
1.177500000000000000e+04
1.203100000000000000e+04
1.215900000000000000e+04
1.222300000000000000e+04
1.225500000000000000e+04
1.227100000000000000e+04
1.227900000000000000e+04
1.228300000000000000e+04
1.228500000000000000e+04
1.228600000000000000e+04
1.382300000000000000e+04
1.407900000000000000e+04
1.420700000000000000e+04
1.427100000000000000e+04
1.432700000000000000e+04
1.433100000000000000e+04
1.433400000000000000e+04
1.510300000000000000e+04
1.523100000000000000e+04
1.532700000000000000e+04
1.535500000000000000e+04
1.580700000000000000e+04
1.583900000000000000e+04
1.586300000000000000e+04
1.586900000000000000e+04
1.606300000000000000e+04
1.609500000000000000e+04
1.611100000000000000e+04
1.612300000000000000e+04
1.612500000000000000e+04
1.612600000000000000e+04
1.619100000000000000e+04
1.622300000000000000e+04
1.623900000000000000e+04
1.624700000000000000e+04
1.625300000000000000e+04
1.628700000000000000e+04
1.630300000000000000e+04
1.631500000000000000e+04
1.631800000000000000e+04
1.634700000000000000e+04
1.634900000000000000e+04
1.636500000000000000e+04
1.637100000000000000e+04
1.637400000000000000e+04
1.637700000000000000e+04
1.843100000000000000e+04
1.945500000000000000e+04
1.996700000000000000e+04
2.022300000000000000e+04
2.035100000000000000e+04
2.041500000000000000e+04
2.044700000000000000e+04
2.046300000000000000e+04
2.047100000000000000e+04
2.047500000000000000e+04
2.047700000000000000e+04
2.047800000000000000e+04
2.227100000000000000e+04
2.246300000000000000e+04
2.249500000000000000e+04
2.251100000000000000e+04
2.252500000000000000e+04
2.303900000000000000e+04
2.329500000000000000e+04
2.342300000000000000e+04
2.348700000000000000e+04
2.353500000000000000e+04
2.354700000000000000e+04
2.354900000000000000e+04
2.403100000000000000e+04
2.405900000000000000e+04
2.431100000000000000e+04
2.431700000000000000e+04
2.441500000000000000e+04
2.444500000000000000e+04
2.444600000000000000e+04
2.449500000000000000e+04
2.450300000000000000e+04
2.450700000000000000e+04
2.450900000000000000e+04
2.456900000000000000e+04
2.559900000000000000e+04
2.611100000000000000e+04
2.649500000000000000e+04
2.659100000000000000e+04
2.660700000000000000e+04
2.758300000000000000e+04
2.761500000000000000e+04
2.763900000000000000e+04
2.790300000000000000e+04
2.803100000000000000e+04
2.838300000000000000e+04
2.839900000000000000e+04
2.841100000000000000e+04
2.851100000000000000e+04
2.852700000000000000e+04
2.853500000000000000e+04
2.854100000000000000e+04
2.857500000000000000e+04
2.859100000000000000e+04
2.859900000000000000e+04
2.860600000000000000e+04
2.863500000000000000e+04
2.864700000000000000e+04
2.865100000000000000e+04
2.865300000000000000e+04
2.866100000000000000e+04
2.866200000000000000e+04
2.866600000000000000e+04
3.142300000000000000e+04
3.147100000000000000e+04
3.250600000000000000e+04
3.262900000000000000e+04
3.268500000000000000e+04
3.481500000000000000e+04
3.583900000000000000e+04
3.635100000000000000e+04
3.660700000000000000e+04
3.673500000000000000e+04
3.679900000000000000e+04
3.683100000000000000e+04
3.684700000000000000e+04
3.685500000000000000e+04
3.685900000000000000e+04
3.686100000000000000e+04
3.686200000000000000e+04
3.788700000000000000e+04
3.839900000000000000e+04
3.884700000000000000e+04
3.887900000000000000e+04
3.890700000000000000e+04
3.942300000000000000e+04
3.967900000000000000e+04
3.980700000000000000e+04
3.987100000000000000e+04
3.992700000000000000e+04
3.993100000000000000e+04
3.993300000000000000e+04
4.019100000000000000e+04
4.031900000000000000e+04
4.038300000000000000e+04
4.043100000000000000e+04
4.043900000000000000e+04
4.044600000000000000e+04
4.063900000000000000e+04
4.068700000000000000e+04
4.069900000000000000e+04
4.070100000000000000e+04
4.081500000000000000e+04
4.082300000000000000e+04
4.082900000000000000e+04
4.087900000000000000e+04
4.088700000000000000e+04
4.089300000000000000e+04
4.091100000000000000e+04
4.091900000000000000e+04
4.093900000000000000e+04
4.094100000000000000e+04
4.094700000000000000e+04
4.198300000000000000e+04
4.294300000000000000e+04
4.300300000000000000e+04
4.300500000000000000e+04
4.300600000000000000e+04
4.351900000000000000e+04
4.401500000000000000e+04
4.402900000000000000e+04
4.441500000000000000e+04
4.447900000000000000e+04
4.451100000000000000e+04
4.452700000000000000e+04
4.453500000000000000e+04
4.453900000000000000e+04
4.454100000000000000e+04
4.454200000000000000e+04
4.467100000000000000e+04
4.473500000000000000e+04
4.476700000000000000e+04
4.478300000000000000e+04
4.479100000000000000e+04
4.486300000000000000e+04
4.489500000000000000e+04
4.491900000000000000e+04
4.492300000000000000e+04
4.492500000000000000e+04
4.498300000000000000e+04
4.498900000000000000e+04
4.501500000000000000e+04
4.502100000000000000e+04
4.503100000000000000e+04
4.503700000000000000e+04
4.503800000000000000e+04
4.504500000000000000e+04
4.504900000000000000e+04
4.812100000000000000e+04
4.837900000000000000e+04
4.861500000000000000e+04
4.906700000000000000e+04
4.909500000000000000e+04
5.017500000000000000e+04
5.068700000000000000e+04
5.113500000000000000e+04
5.119100000000000000e+04
5.171100000000000000e+04
5.196700000000000000e+04
5.215900000000000000e+04
5.219100000000000000e+04
5.220700000000000000e+04
5.222100000000000000e+04
5.260700000000000000e+04
5.270300000000000000e+04
5.271900000000000000e+04
5.272700000000000000e+04
5.273100000000000000e+04
5.273300000000000000e+04
5.292700000000000000e+04
5.295900000000000000e+04
5.297500000000000000e+04
5.298300000000000000e+04
5.298700000000000000e+04
5.298900000000000000e+04
5.305500000000000000e+04
5.311500000000000000e+04
5.315100000000000000e+04
5.316700000000000000e+04
5.317500000000000000e+04
5.318100000000000000e+04
5.319900000000000000e+04
5.321100000000000000e+04
5.321300000000000000e+04
5.322900000000000000e+04
5.323500000000000000e+04
5.323700000000000000e+04
5.324100000000000000e+04
5.475100000000000000e+04
5.555100000000000000e+04
5.631000000000000000e+04
5.725500000000000000e+04
5.731500000000000000e+04
6.079100000000000000e+04
6.137200000000000000e+04
6.140400000000000000e+04
6.424500000000000000e+04
6.537900000000000000e+04
6.549200000000000000e+04
6.758300000000000000e+04
6.860700000000000000e+04
6.911900000000000000e+04
6.937500000000000000e+04
6.950300000000000000e+04
6.956700000000000000e+04
6.959900000000000000e+04
6.961500000000000000e+04
6.962300000000000000e+04
6.962700000000000000e+04
6.962900000000000000e+04
6.963000000000000000e+04
7.065500000000000000e+04
7.116700000000000000e+04
7.161500000000000000e+04
7.164700000000000000e+04
7.257500000000000000e+04
7.268700000000000000e+04
7.269500000000000000e+04
7.295900000000000000e+04
7.318300000000000000e+04
7.334300000000000000e+04
7.340700000000000000e+04
7.345500000000000000e+04
7.346700000000000000e+04
7.346900000000000000e+04
7.353500000000000000e+04
7.356700000000000000e+04
7.358300000000000000e+04
7.359800000000000000e+04
7.363100000000000000e+04
7.365500000000000000e+04
7.367900000000000000e+04
7.368700000000000000e+04
7.369100000000000000e+04
7.370900000000000000e+04
7.371500000000000000e+04
7.372100000000000000e+04
7.475100000000000000e+04
7.526300000000000000e+04
7.551900000000000000e+04
7.564700000000000000e+04
7.571100000000000000e+04
7.574300000000000000e+04
7.654300000000000000e+04
7.673500000000000000e+04
7.679100000000000000e+04
7.679700000000000000e+04
7.705500000000000000e+04
7.727900000000000000e+04
7.730700000000000000e+04
7.731000000000000000e+04
7.755100000000000000e+04
7.755900000000000000e+04
7.756500000000000000e+04
7.763100000000000000e+04
7.766300000000000000e+04
7.767900000000000000e+04
7.768700000000000000e+04
7.769400000000000000e+04
7.775100000000000000e+04
7.775700000000000000e+04
7.777500000000000000e+04
7.778300000000000000e+04
7.778900000000000000e+04
7.781300000000000000e+04
7.781800000000000000e+04
7.782000000000000000e+04
7.883100000000000000e+04
7.883900000000000000e+04
7.980500000000000000e+04
8.025500000000000000e+04
8.037900000000000000e+04
8.126300000000000000e+04
8.159500000000000000e+04
8.294300000000000000e+04
8.383900000000000000e+04
8.395100000000000000e+04
8.396300000000000000e+04
8.473500000000000000e+04
8.492700000000000000e+04
8.497500000000000000e+04
8.498700000000000000e+04
8.543900000000000000e+04
8.548700000000000000e+04
8.550100000000000000e+04
8.563100000000000000e+04
8.572700000000000000e+04
8.575100000000000000e+04
8.575700000000000000e+04
8.582300000000000000e+04
8.585500000000000000e+04
8.587100000000000000e+04
8.587900000000000000e+04
8.588500000000000000e+04
8.588600000000000000e+04
8.591900000000000000e+04
8.597900000000000000e+04
8.599100000000000000e+04
8.599700000000000000e+04
8.600900000000000000e+04
8.881500000000000000e+04
8.882300000000000000e+04
8.927900000000000000e+04
8.934200000000000000e+04
8.999900000000000000e+04
9.113100000000000000e+04
9.139100000000000000e+04
9.314300000000000000e+04
9.315900000000000000e+04
9.394500000000000000e+04
9.407000000000000000e+04
9.413400000000000000e+04
9.491100000000000000e+04
9.585500000000000000e+04
9.801000000000000000e+04
9.813800000000000000e+04
9.816100000000000000e+04
9.828000000000000000e+04
9.983900000000000000e+04
1.002870000000000000e+05
1.003470000000000000e+05
1.003490000000000000e+05
1.003500000000000000e+05
1.008630000000000000e+05
1.011190000000000000e+05
1.012470000000000000e+05
1.013710000000000000e+05
1.013730000000000000e+05
1.016310000000000000e+05
1.018230000000000000e+05
1.018550000000000000e+05
1.018710000000000000e+05
1.018850000000000000e+05
1.021110000000000000e+05
1.021270000000000000e+05
1.021350000000000000e+05
1.022070000000000000e+05
1.022390000000000000e+05
1.022550000000000000e+05
1.022670000000000000e+05
1.022690000000000000e+05
1.023190000000000000e+05
1.023270000000000000e+05
1.023310000000000000e+05
1.023330000000000000e+05
1.023340000000000000e+05
1.023510000000000000e+05
1.023590000000000000e+05
1.023650000000000000e+05
1.023660000000000000e+05
1.023810000000000000e+05
1.023900000000000000e+05
1.029110000000000000e+05
1.041890000000000000e+05
1.044070000000000000e+05
1.054060000000000000e+05
1.054540000000000000e+05
1.061740000000000000e+05
1.063950000000000000e+05
1.064070000000000000e+05
1.064700000000000000e+05
1.075110000000000000e+05
1.077750000000000000e+05
1.085090000000000000e+05
1.089910000000000000e+05
1.098150000000000000e+05
1.100670000000000000e+05
1.101910000000000000e+05
1.103910000000000000e+05
1.103970000000000000e+05
1.104290000000000000e+05
1.104530000000000000e+05
1.105100000000000000e+05
1.105410000000000000e+05
1.135810000000000000e+05
1.141020000000000000e+05
1.166030000000000000e+05
1.166700000000000000e+05
1.166870000000000000e+05
1.177500000000000000e+05
1.178870000000000000e+05
1.185180000000000000e+05
1.187140000000000000e+05
1.187460000000000000e+05
1.207270000000000000e+05
1.207430000000000000e+05
1.212110000000000000e+05
1.213260000000000000e+05
1.223320000000000000e+05
1.226750000000000000e+05
1.241570000000000000e+05
1.246510000000000000e+05
1.268550000000000000e+05
1.278950000000000000e+05
1.285730000000000000e+05
1.307690000000000000e+05
1.331190000000000000e+05
1.341430000000000000e+05
1.346550000000000000e+05
1.349110000000000000e+05
1.350390000000000000e+05
1.351030000000000000e+05
1.351350000000000000e+05
1.351510000000000000e+05
1.351590000000000000e+05
1.351630000000000000e+05
1.351650000000000000e+05
1.351660000000000000e+05
1.361910000000000000e+05
1.370870000000000000e+05
1.371510000000000000e+05
1.371830000000000000e+05
1.371990000000000000e+05
1.372070000000000000e+05
1.372130000000000000e+05
1.379830000000000000e+05
1.381750000000000000e+05
1.382230000000000000e+05
1.382370000000000000e+05
1.384950000000000000e+05
1.387190000000000000e+05
1.387490000000000000e+05
1.388790000000000000e+05
1.389430000000000000e+05
1.389910000000000000e+05
1.389990000000000000e+05
1.390050000000000000e+05
1.391030000000000000e+05
1.391310000000000000e+05
1.391670000000000000e+05
1.391910000000000000e+05
1.391980000000000000e+05
1.392150000000000000e+05
1.392270000000000000e+05
1.392390000000000000e+05
1.392510000000000000e+05
1.392530000000000000e+05
1.392580000000000000e+05
1.402870000000000000e+05
1.411830000000000000e+05
1.418230000000000000e+05
1.420790000000000000e+05
1.422070000000000000e+05
1.422710000000000000e+05
1.423270000000000000e+05
1.423310000000000000e+05
1.425910000000000000e+05
1.427190000000000000e+05
1.428390000000000000e+05
1.428430000000000000e+05
1.428450000000000000e+05
1.430710000000000000e+05
1.430870000000000000e+05
1.430950000000000000e+05
1.430990000000000000e+05
1.431670000000000000e+05
1.431990000000000000e+05
1.432150000000000000e+05
1.432270000000000000e+05
1.432290000000000000e+05
1.432870000000000000e+05
1.432910000000000000e+05
1.432930000000000000e+05
1.433190000000000000e+05
1.433530000000000000e+05
1.433560000000000000e+05
1.453270000000000000e+05
1.454010000000000000e+05
1.461670000000000000e+05
1.461730000000000000e+05
1.462950000000000000e+05
1.465590000000000000e+05
1.468710000000000000e+05
1.468770000000000000e+05
1.470630000000000000e+05
1.474440000000000000e+05
1.484790000000000000e+05
1.493750000000000000e+05
1.494390000000000000e+05
1.494990000000000000e+05
1.495010000000000000e+05
1.495020000000000000e+05
1.500150000000000000e+05
1.502710000000000000e+05
1.503990000000000000e+05
1.504630000000000000e+05
1.505110000000000000e+05
1.505190000000000000e+05
1.505230000000000000e+05
1.505250000000000000e+05
1.509110000000000000e+05
1.509750000000000000e+05
1.510070000000000000e+05
1.510230000000000000e+05
1.510310000000000000e+05
1.510370000000000000e+05
1.512310000000000000e+05
1.512630000000000000e+05
1.512790000000000000e+05
1.512870000000000000e+05
1.512930000000000000e+05
1.513590000000000000e+05
1.514070000000000000e+05
1.514190000000000000e+05
1.514210000000000000e+05
1.514550000000000000e+05
1.514710000000000000e+05
1.514830000000000000e+05
1.515110000000000000e+05
1.515150000000000000e+05
1.515310000000000000e+05
1.515460000000000000e+05
1.515480000000000000e+05
1.535750000000000000e+05
1.539830000000000000e+05
1.543590000000000000e+05
1.545830000000000000e+05
1.546050000000000000e+05
1.551020000000000000e+05
1.551150000000000000e+05
1.554710000000000000e+05
1.555710000000000000e+05
1.566390000000000000e+05
1.576230000000000000e+05
1.576890000000000000e+05
1.590950000000000000e+05
1.593270000000000000e+05
1.595430000000000000e+05
1.596060000000000000e+05
1.617390000000000000e+05
1.622670000000000000e+05
1.630370000000000000e+05
1.648630000000000000e+05
1.653750000000000000e+05
1.656310000000000000e+05
1.657590000000000000e+05
1.658230000000000000e+05
1.658710000000000000e+05
1.663990000000000000e+05
1.668790000000000000e+05
1.668950000000000000e+05
1.671670000000000000e+05
1.672950000000000000e+05
1.674190000000000000e+05
1.674210000000000000e+05
1.675510000000000000e+05
1.676470000000000000e+05
1.676630000000000000e+05
1.676750000000000000e+05
1.676770000000000000e+05
1.676780000000000000e+05
1.677430000000000000e+05
1.678630000000000000e+05
1.678670000000000000e+05
1.679010000000000000e+05
1.679110000000000000e+05
1.679150000000000000e+05
1.679230000000000000e+05
1.704630000000000000e+05
1.707350000000000000e+05
1.712620000000000000e+05
1.714540000000000000e+05
1.715130000000000000e+05
1.718850000000000000e+05
1.719270000000000000e+05
1.720240000000000000e+05
1.730470000000000000e+05
1.730530000000000000e+05
1.748150000000000000e+05
1.755490000000000000e+05
1.755790000000000000e+05
1.755970000000000000e+05
1.758610000000000000e+05
1.759790000000000000e+05
1.760540000000000000e+05
1.765110000000000000e+05
1.779010000000000000e+05
1.790470000000000000e+05
1.807350000000000000e+05
1.820140000000000000e+05
1.830230000000000000e+05
1.837970000000000000e+05
1.841430000000000000e+05
1.842380000000000000e+05
1.842500000000000000e+05
1.872300000000000000e+05
1.876370000000000000e+05
1.880470000000000000e+05
1.899480000000000000e+05
1.918990000000000000e+05
1.922330000000000000e+05
1.941270000000000000e+05
1.959180000000000000e+05
1.976310000000000000e+05
1.981430000000000000e+05
1.985270000000000000e+05
1.986230000000000000e+05
1.986390000000000000e+05
1.986530000000000000e+05
1.991670000000000000e+05
1.994230000000000000e+05
1.996150000000000000e+05
1.996470000000000000e+05
1.996630000000000000e+05
1.996710000000000000e+05
1.996750000000000000e+05
1.999350000000000000e+05
2.001270000000000000e+05
2.001590000000000000e+05
2.001750000000000000e+05
2.003190000000000000e+05
2.003830000000000000e+05
2.004310000000000000e+05
2.004390000000000000e+05
2.004430000000000000e+05
2.004450000000000000e+05
2.005430000000000000e+05
2.005670000000000000e+05
2.005710000000000000e+05
2.005730000000000000e+05
2.006070000000000000e+05
2.006380000000000000e+05
2.006630000000000000e+05
2.006690000000000000e+05
2.006830000000000000e+05
2.006850000000000000e+05
2.006910000000000000e+05
2.006930000000000000e+05
2.007000000000000000e+05
2.021750000000000000e+05
2.044110000000000000e+05
2.045370000000000000e+05
2.047110000000000000e+05
2.067510000000000000e+05
2.078230000000000000e+05
2.083170000000000000e+05
2.083800000000000000e+05
2.117670000000000000e+05
2.121890000000000000e+05
2.128370000000000000e+05
2.137590000000000000e+05
2.140110000000000000e+05
2.169260000000000000e+05
2.170050000000000000e+05
2.170310000000000000e+05
2.207660000000000000e+05
2.232060000000000000e+05
2.241820000000000000e+05
2.249710000000000000e+05
2.257730000000000000e+05
2.257810000000000000e+05
2.261390000000000000e+05
2.279340000000000000e+05
2.309070000000000000e+05
2.309090000000000000e+05
2.324290000000000000e+05
2.330850000000000000e+05
2.332710000000000000e+05
2.333870000000000000e+05
2.334210000000000000e+05
2.363820000000000000e+05
2.364930000000000000e+05
2.373000000000000000e+05
2.391000000000000000e+05
2.395180000000000000e+05
2.403150000000000000e+05
2.411440000000000000e+05
2.435480000000000000e+05
2.442860000000000000e+05
2.476130000000000000e+05
2.481900000000000000e+05
2.494350000000000000e+05
2.496830000000000000e+05
2.508600000000000000e+05
2.512290000000000000e+05
2.553420000000000000e+05
2.561890000000000000e+05
2.605180000000000000e+05
2.641910000000000000e+05
2.652150000000000000e+05
2.657270000000000000e+05
2.659830000000000000e+05
2.661110000000000000e+05
2.661750000000000000e+05
2.662070000000000000e+05
2.662230000000000000e+05
2.662310000000000000e+05
2.662350000000000000e+05
2.662370000000000000e+05
2.662380000000000000e+05
2.682550000000000000e+05
2.682710000000000000e+05
2.682790000000000000e+05
2.682850000000000000e+05
2.691830000000000000e+05
2.692790000000000000e+05
2.695670000000000000e+05
2.696950000000000000e+05
2.698150000000000000e+05
2.699510000000000000e+05
2.700150000000000000e+05
2.700710000000000000e+05
2.702030000000000000e+05
2.702050000000000000e+05
2.703020000000000000e+05
2.703110000000000000e+05
2.703150000000000000e+05
2.703230000000000000e+05
2.703290000000000000e+05
2.718710000000000000e+05
2.723510000000000000e+05
2.723670000000000000e+05
2.728950000000000000e+05
2.733430000000000000e+05
2.733910000000000000e+05
2.734050000000000000e+05
2.734060000000000000e+05
2.736630000000000000e+05
2.740470000000000000e+05
2.741590000000000000e+05
2.741670000000000000e+05
2.741710000000000000e+05
2.742710000000000000e+05
2.743350000000000000e+05
2.743660000000000000e+05
2.743830000000000000e+05
2.743910000000000000e+05
2.743950000000000000e+05
2.744070000000000000e+05
2.744110000000000000e+05
2.744130000000000000e+05
2.744190000000000000e+05
2.744210000000000000e+05
2.744260000000000000e+05
2.754510000000000000e+05
2.773110000000000000e+05
2.781110000000000000e+05
2.783630000000000000e+05
2.800630000000000000e+05
2.804470000000000000e+05
2.805110000000000000e+05
2.805590000000000000e+05
2.805670000000000000e+05
2.805730000000000000e+05
2.814710000000000000e+05
2.815350000000000000e+05
2.815670000000000000e+05
2.815830000000000000e+05
2.815950000000000000e+05
2.815970000000000000e+05
2.818550000000000000e+05
2.819830000000000000e+05
2.820470000000000000e+05
2.820790000000000000e+05
2.820950000000000000e+05
2.822390000000000000e+05
2.823030000000000000e+05
2.823650000000000000e+05
2.824310000000000000e+05
2.824630000000000000e+05
2.824790000000000000e+05
2.824870000000000000e+05
2.825270000000000000e+05
2.825430000000000000e+05
2.825510000000000000e+05
2.825990000000000000e+05
2.826050000000000000e+05
2.826130000000000000e+05
2.841270000000000000e+05
2.858230000000000000e+05
2.860780000000000000e+05
2.863030000000000000e+05
2.866370000000000000e+05
2.887010000000000000e+05
2.891510000000000000e+05
2.896620000000000000e+05
2.905470000000000000e+05
2.908040000000000000e+05
2.915750000000000000e+05
2.944870000000000000e+05
2.945070000000000000e+05
2.959350000000000000e+05
2.964470000000000000e+05
2.967030000000000000e+05
2.968310000000000000e+05
2.969510000000000000e+05
2.974710000000000000e+05
2.978550000000000000e+05
2.979510000000000000e+05
2.979670000000000000e+05
2.979810000000000000e+05
2.983670000000000000e+05
2.984310000000000000e+05
2.984630000000000000e+05
2.984910000000000000e+05
2.987190000000000000e+05
2.987500000000000000e+05
2.988470000000000000e+05
2.988630000000000000e+05
2.988710000000000000e+05
2.988750000000000000e+05
2.988770000000000000e+05
2.989350000000000000e+05
2.989590000000000000e+05
2.989670000000000000e+05
2.989710000000000000e+05
2.989890000000000000e+05
2.989900000000000000e+05
2.989970000000000000e+05
2.990010000000000000e+05
2.990040000000000000e+05
3.005420000000000000e+05
3.010070000000000000e+05
3.025550000000000000e+05
3.028410000000000000e+05
3.029090000000000000e+05
3.030330000000000000e+05
3.030900000000000000e+05
3.039990000000000000e+05
3.065270000000000000e+05
3.066770000000000000e+05
3.068750000000000000e+05
3.071500000000000000e+05
3.071860000000000000e+05
3.084780000000000000e+05
3.107700000000000000e+05
3.131510000000000000e+05
3.135990000000000000e+05
3.138230000000000000e+05
3.146210000000000000e+05
3.152430000000000000e+05
3.184440000000000000e+05
3.186790000000000000e+05
3.210060000000000000e+05
3.240750000000000000e+05
3.264770000000000000e+05
3.268980000000000000e+05
3.294710000000000000e+05
3.295990000000000000e+05
3.302390000000000000e+05
3.304950000000000000e+05
3.306870000000000000e+05
3.307190000000000000e+05
3.307350000000000000e+05
3.307430000000000000e+05
3.312310000000000000e+05
3.312550000000000000e+05
3.312590000000000000e+05
3.312620000000000000e+05
3.313910000000000000e+05
3.315030000000000000e+05
3.315150000000000000e+05
3.315170000000000000e+05
3.315830000000000000e+05
3.316150000000000000e+05
3.316430000000000000e+05
3.316460000000000000e+05
3.317030000000000000e+05
3.317070000000000000e+05
3.317350000000000000e+05
3.317410000000000000e+05
3.317510000000000000e+05
3.317550000000000000e+05
3.317690000000000000e+05
3.336930000000000000e+05
3.337550000000000000e+05
3.337580000000000000e+05
3.348070000000000000e+05
3.352870000000000000e+05
3.354830000000000000e+05
3.356100000000000000e+05
3.374030000000000000e+05
3.394460000000000000e+05
3.397010000000000000e+05
3.398060000000000000e+05
3.399230000000000000e+05
3.399290000000000000e+05
3.437260000000000000e+05
3.458390000000000000e+05
3.460390000000000000e+05
3.461050000000000000e+05
3.464950000000000000e+05
3.466150000000000000e+05
3.469750000000000000e+05
3.470990000000000000e+05
3.471180000000000000e+05
3.475510000000000000e+05
3.475790000000000000e+05
3.478830000000000000e+05
3.480770000000000000e+05
3.481070000000000000e+05
3.499390000000000000e+05
3.500390000000000000e+05
3.509100000000000000e+05
3.509270000000000000e+05
3.519860000000000000e+05
3.520230000000000000e+05
3.540950000000000000e+05
3.560580000000000000e+05
3.575950000000000000e+05
3.592510000000000000e+05
3.599660000000000000e+05
3.619510000000000000e+05
3.623350000000000000e+05
3.632470000000000000e+05
3.632610000000000000e+05
3.641430000000000000e+05
3.642070000000000000e+05
3.644690000000000000e+05
3.645170000000000000e+05
3.673230000000000000e+05
3.675930000000000000e+05
3.696540000000000000e+05
3.724090000000000000e+05
3.724510000000000000e+05
3.736830000000000000e+05
3.763590000000000000e+05
3.767140000000000000e+05
3.767700000000000000e+05
3.792470000000000000e+05
3.805740000000000000e+05
3.806270000000000000e+05
3.816830000000000000e+05
3.819230000000000000e+05
3.843270000000000000e+05
3.848200000000000000e+05
3.870410000000000000e+05
3.887220000000000000e+05
3.910520000000000000e+05
3.915090000000000000e+05
3.942390000000000000e+05
3.947510000000000000e+05
3.950070000000000000e+05
3.951350000000000000e+05
3.952470000000000000e+05
3.952590000000000000e+05
3.960310000000000000e+05
3.962550000000000000e+05
3.962710000000000000e+05
3.962790000000000000e+05
3.967670000000000000e+05
3.967910000000000000e+05
3.967970000000000000e+05
3.969270000000000000e+05
3.970390000000000000e+05
3.970470000000000000e+05
3.971190000000000000e+05
3.971510000000000000e+05
3.971750000000000000e+05
3.971810000000000000e+05
3.972150000000000000e+05
3.972430000000000000e+05
3.972460000000000000e+05
3.972750000000000000e+05
3.972990000000000000e+05
3.973060000000000000e+05
3.983030000000000000e+05
3.996150000000000000e+05
4.011390000000000000e+05
4.013650000000000000e+05
4.024230000000000000e+05
4.029390000000000000e+05
4.031970000000000000e+05
4.034520000000000000e+05
4.044130000000000000e+05
4.046710000000000000e+05
4.049190000000000000e+05
4.052420000000000000e+05
4.052950000000000000e+05
4.054190000000000000e+05
4.054470000000000000e+05
4.063970000000000000e+05
4.086390000000000000e+05
4.090430000000000000e+05
4.090760000000000000e+05
4.106150000000000000e+05
4.110710000000000000e+05
4.113270000000000000e+05
4.126510000000000000e+05
4.133740000000000000e+05
4.136190000000000000e+05
4.136700000000000000e+05
4.144610000000000000e+05
4.154750000000000000e+05
4.175510000000000000e+05
4.207940000000000000e+05
4.212630000000000000e+05
4.215820000000000000e+05
4.217980000000000000e+05
4.231620000000000000e+05
4.246150000000000000e+05
4.248740000000000000e+05
4.257000000000000000e+05
4.269750000000000000e+05
4.272630000000000000e+05
4.279510000000000000e+05
4.284150000000000000e+05
4.299170000000000000e+05
4.299340000000000000e+05
4.305590000000000000e+05
4.325070000000000000e+05
4.327350000000000000e+05
4.335630000000000000e+05
4.357020000000000000e+05
4.359580000000000000e+05
4.361860000000000000e+05
4.370830000000000000e+05
4.372090000000000000e+05
4.372100000000000000e+05
4.380670000000000000e+05
4.406930000000000000e+05
4.409990000000000000e+05
4.449220000000000000e+05
4.450390000000000000e+05
4.452940000000000000e+05
4.458700000000000000e+05
4.464060000000000000e+05
4.479150000000000000e+05
4.502880000000000000e+05
4.515640000000000000e+05
4.516950000000000000e+05
4.540020000000000000e+05
4.605350000000000000e+05
4.616940000000000000e+05
4.626850000000000000e+05
4.645710000000000000e+05
4.646030000000000000e+05
4.660310000000000000e+05
4.661630000000000000e+05
4.663960000000000000e+05
4.698770000000000000e+05
4.707160000000000000e+05
4.709820000000000000e+05
4.717740000000000000e+05
4.726970000000000000e+05
4.737180000000000000e+05
4.750110000000000000e+05
4.765270000000000000e+05
4.765350000000000000e+05
4.777590000000000000e+05
4.781100000000000000e+05
4.791150000000000000e+05
4.791300000000000000e+05
4.809230000000000000e+05
4.856250000000000000e+05
4.858430000000000000e+05
4.862520000000000000e+05
4.934830000000000000e+05
4.945220000000000000e+05
4.972110000000000000e+05
4.993630000000000000e+05
5.034120000000000000e+05
5.056690000000000000e+05
5.056730000000000000e+05
5.062130000000000000e+05
5.095580000000000000e+05
5.101900000000000000e+05
5.110930000000000000e+05
5.116380000000000000e+05
5.117690000000000000e+05
5.170620000000000000e+05
5.263350000000000000e+05
5.273590000000000000e+05
5.278710000000000000e+05
5.281270000000000000e+05
5.282550000000000000e+05
5.283190000000000000e+05
5.283510000000000000e+05
5.283670000000000000e+05
5.283750000000000000e+05
5.283790000000000000e+05
5.283810000000000000e+05
5.283820000000000000e+05
5.301750000000000000e+05
5.303030000000000000e+05
5.304150000000000000e+05
5.304300000000000000e+05
5.313270000000000000e+05
5.314230000000000000e+05
5.317110000000000000e+05
5.318390000000000000e+05
5.319030000000000000e+05
5.319350000000000000e+05
5.321910000000000000e+05
5.322070000000000000e+05
5.322210000000000000e+05
5.322220000000000000e+05
5.323350000000000000e+05
5.323490000000000000e+05
5.323500000000000000e+05
5.323830000000000000e+05
5.324110000000000000e+05
5.324130000000000000e+05
5.324310000000000000e+05
5.324450000000000000e+05
5.324460000000000000e+05
5.324550000000000000e+05
5.324590000000000000e+05
5.324610000000000000e+05
5.324670000000000000e+05
5.324690000000000000e+05
5.324730000000000000e+05
5.335030000000000000e+05
5.340150000000000000e+05
5.342710000000000000e+05
5.343990000000000000e+05
5.345190000000000000e+05
5.345230000000000000e+05
5.355190000000000000e+05
5.355500000000000000e+05
5.360550000000000000e+05
5.362870000000000000e+05
5.363150000000000000e+05
5.363170000000000000e+05
5.363830000000000000e+05
5.364150000000000000e+05
5.364430000000000000e+05
5.364450000000000000e+05
5.364460000000000000e+05
5.364790000000000000e+05
5.365090000000000000e+05
5.365570000000000000e+05
5.365650000000000000e+05
5.365690000000000000e+05
5.386030000000000000e+05
5.390070000000000000e+05
5.398710000000000000e+05
5.398870000000000000e+05
5.402230000000000000e+05
5.406150000000000000e+05
5.406340000000000000e+05
5.416950000000000000e+05
5.425910000000000000e+05
5.426550000000000000e+05
5.427170000000000000e+05
5.436150000000000000e+05
5.437110000000000000e+05
5.439990000000000000e+05
5.441270000000000000e+05
5.442230000000000000e+05
5.442470000000000000e+05
5.442510000000000000e+05
5.442530000000000000e+05
5.442540000000000000e+05
5.443830000000000000e+05
5.444790000000000000e+05
5.444950000000000000e+05
5.445030000000000000e+05
5.445070000000000000e+05
5.445100000000000000e+05
5.445750000000000000e+05
5.446070000000000000e+05
5.446310000000000000e+05
5.446350000000000000e+05
5.446370000000000000e+05
5.447010000000000000e+05
5.447340000000000000e+05
5.447470000000000000e+05
5.447550000000000000e+05
5.447570000000000000e+05
5.473230000000000000e+05
5.482190000000000000e+05
5.484770000000000000e+05
5.485350000000000000e+05
5.485670000000000000e+05
5.488070000000000000e+05
5.498710000000000000e+05
5.518670000000000000e+05
5.537190000000000000e+05
5.543030000000000000e+05
5.565360000000000000e+05
5.580790000000000000e+05
5.585910000000000000e+05
5.589750000000000000e+05
5.590710000000000000e+05
5.590950000000000000e+05
5.596150000000000000e+05
5.599990000000000000e+05
5.600630000000000000e+05
5.601190000000000000e+05
5.601250000000000000e+05
5.601260000000000000e+05
5.603830000000000000e+05
5.606070000000000000e+05
5.606310000000000000e+05
5.607670000000000000e+05
5.608630000000000000e+05
5.608870000000000000e+05
5.609910000000000000e+05
5.610070000000000000e+05
5.610190000000000000e+05
5.610710000000000000e+05
5.610830000000000000e+05
5.611030000000000000e+05
5.611110000000000000e+05
5.611150000000000000e+05
5.611310000000000000e+05
5.611330000000000000e+05
5.611480000000000000e+05
5.629410000000000000e+05
5.631820000000000000e+05
5.631940000000000000e+05
5.631960000000000000e+05
5.644780000000000000e+05
5.651430000000000000e+05
5.671990000000000000e+05
5.672230000000000000e+05
5.672920000000000000e+05
5.691970000000000000e+05
5.702070000000000000e+05
5.712450000000000000e+05
5.730500000000000000e+05
5.763810000000000000e+05
5.764450000000000000e+05
5.768310000000000000e+05
5.774380000000000000e+05
5.779190000000000000e+05
5.810780000000000000e+05
5.823910000000000000e+05
5.832790000000000000e+05
5.840310000000000000e+05
5.878710000000000000e+05
5.884050000000000000e+05
5.908470000000000000e+05
5.913590000000000000e+05
5.916150000000000000e+05
5.918070000000000000e+05
5.918550000000000000e+05
5.918670000000000000e+05
5.918690000000000000e+05
5.923830000000000000e+05
5.926390000000000000e+05
5.927670000000000000e+05
5.928630000000000000e+05
5.928790000000000000e+05
5.928910000000000000e+05
5.928930000000000000e+05
5.928940000000000000e+05
5.931510000000000000e+05
5.933430000000000000e+05
5.933750000000000000e+05
5.934030000000000000e+05
5.935990000000000000e+05
5.936310000000000000e+05
5.936470000000000000e+05
5.936550000000000000e+05
5.936590000000000000e+05
5.937270000000000000e+05
5.937750000000000000e+05
5.937830000000000000e+05
5.938470000000000000e+05
5.938710000000000000e+05
5.938850000000000000e+05
5.939020000000000000e+05
5.939070000000000000e+05
5.939100000000000000e+05
5.939130000000000000e+05
5.957750000000000000e+05
5.964630000000000000e+05
5.971190000000000000e+05
5.972390000000000000e+05
6.008230000000000000e+05
6.009510000000000000e+05
6.020690000000000000e+05
6.061300000000000000e+05
6.072290000000000000e+05
6.076150000000000000e+05
6.077350000000000000e+05
6.098550000000000000e+05
6.127670000000000000e+05
6.163090000000000000e+05
6.167010000000000000e+05
6.171490000000000000e+05
6.176310000000000000e+05
6.181390000000000000e+05
6.231030000000000000e+05
6.253910000000000000e+05
6.256150000000000000e+05
6.256570000000000000e+05
6.291180000000000000e+05
6.293590000000000000e+05
6.295630000000000000e+05
6.297450000000000000e+05
6.303660000000000000e+05
6.335810000000000000e+05
6.337150000000000000e+05
6.337850000000000000e+05
6.380740000000000000e+05
6.382910000000000000e+05
6.402530000000000000e+05
6.449100000000000000e+05
6.467070000000000000e+05
6.481630000000000000e+05
6.491400000000000000e+05
6.527530000000000000e+05
6.563830000000000000e+05
6.568950000000000000e+05
6.572790000000000000e+05
6.573750000000000000e+05
6.573910000000000000e+05
6.573990000000000000e+05
6.574030000000000000e+05
6.574050000000000000e+05
6.579190000000000000e+05
6.588150000000000000e+05
6.588790000000000000e+05
6.589110000000000000e+05
6.589390000000000000e+05
6.589410000000000000e+05
6.591350000000000000e+05
6.591670000000000000e+05
6.591910000000000000e+05
6.591970000000000000e+05
6.592950000000000000e+05
6.593110000000000000e+05
6.593230000000000000e+05
6.593750000000000000e+05
6.593870000000000000e+05
6.594150000000000000e+05
6.594210000000000000e+05
6.594310000000000000e+05
6.594370000000000000e+05
6.594490000000000000e+05
6.609830000000000000e+05
6.624310000000000000e+05
6.624590000000000000e+05
6.629990000000000000e+05
6.630210000000000000e+05
6.634030000000000000e+05
6.663350000000000000e+05
6.665750000000000000e+05
6.665830000000000000e+05
6.666130000000000000e+05
6.671020000000000000e+05
6.703980000000000000e+05
6.704530000000000000e+05
6.709650000000000000e+05
6.727590000000000000e+05
6.731510000000000000e+05
6.732150000000000000e+05
6.747980000000000000e+05
6.751350000000000000e+05
6.785260000000000000e+05
6.787490000000000000e+05
6.813420000000000000e+05
6.818450000000000000e+05
6.833860000000000000e+05
6.836230000000000000e+05
6.878260000000000000e+05
6.879390000000000000e+05
6.911510000000000000e+05
6.911810000000000000e+05
6.918230000000000000e+05
6.921810000000000000e+05
6.922160000000000000e+05
6.937230000000000000e+05
6.951640000000000000e+05
6.960070000000000000e+05
6.998650000000000000e+05
7.002740000000000000e+05
7.003760000000000000e+05
7.008790000000000000e+05
7.018200000000000000e+05
7.021630000000000000e+05
7.032050000000000000e+05
7.057890000000000000e+05
7.061730000000000000e+05
7.062350000000000000e+05
7.064920000000000000e+05
7.183790000000000000e+05
7.244760000000000000e+05
7.246050000000000000e+05
7.247950000000000000e+05
7.249540000000000000e+05
7.249560000000000000e+05
7.258790000000000000e+05
7.267770000000000000e+05
7.269060000000000000e+05
7.270200000000000000e+05
7.282850000000000000e+05
7.283790000000000000e+05
7.306050000000000000e+05
7.325370000000000000e+05
7.327030000000000000e+05
7.359470000000000000e+05
7.363710000000000000e+05
7.382630000000000000e+05
7.390610000000000000e+05
7.407940000000000000e+05
7.409260000000000000e+05
7.411060000000000000e+05
7.427630000000000000e+05
7.428860000000000000e+05
7.433240000000000000e+05
7.518990000000000000e+05
7.555730000000000000e+05
7.564130000000000000e+05
7.569110000000000000e+05
7.594510000000000000e+05
7.637500000000000000e+05
7.648760000000000000e+05
7.673310000000000000e+05
7.683420000000000000e+05
7.739860000000000000e+05
7.751130000000000000e+05
7.757550000000000000e+05
7.874550000000000000e+05
7.879670000000000000e+05
7.883510000000000000e+05
7.884150000000000000e+05
7.884470000000000000e+05
7.884770000000000000e+05
7.889910000000000000e+05
7.893750000000000000e+05
7.894870000000000000e+05
7.894950000000000000e+05
7.894990000000000000e+05
7.898870000000000000e+05
7.899510000000000000e+05
7.899990000000000000e+05
7.900110000000000000e+05
7.902070000000000000e+05
7.902670000000000000e+05
7.903670000000000000e+05
7.903910000000000000e+05
7.903970000000000000e+05
7.903980000000000000e+05
7.904310000000000000e+05
7.904620000000000000e+05
7.904790000000000000e+05
7.904870000000000000e+05
7.904910000000000000e+05
7.905070000000000000e+05
7.905150000000000000e+05
7.905210000000000000e+05
7.941750000000000000e+05
7.944230000000000000e+05
7.945500000000000000e+05
7.964110000000000000e+05
7.965420000000000000e+05
7.975510000000000000e+05
7.981110000000000000e+05
7.981270000000000000e+05
7.985190000000000000e+05
7.985820000000000000e+05
7.997070000000000000e+05
8.002490000000000000e+05
8.005080000000000000e+05
8.019790000000000000e+05
8.027130000000000000e+05
8.057430000000000000e+05
8.067730000000000000e+05
8.068690000000000000e+05
8.068980000000000000e+05
8.079150000000000000e+05
8.096940000000000000e+05
8.099570000000000000e+05
8.109060000000000000e+05
8.142700000000000000e+05
8.143830000000000000e+05
8.145630000000000000e+05
8.146790000000000000e+05
8.147650000000000000e+05
8.149530000000000000e+05
8.165870000000000000e+05
8.177860000000000000e+05
8.188580000000000000e+05
8.207340000000000000e+05
8.212110000000000000e+05
8.222370000000000000e+05
8.227660000000000000e+05
8.229100000000000000e+05
8.299340000000000000e+05
8.303290000000000000e+05
8.333070000000000000e+05
8.355210000000000000e+05
8.363500000000000000e+05
8.383820000000000000e+05
8.391260000000000000e+05
8.392780000000000000e+05
8.395380000000000000e+05
8.401860000000000000e+05
8.424070000000000000e+05
8.473140000000000000e+05
8.555270000000000000e+05
8.559170000000000000e+05
8.559180000000000000e+05
8.559290000000000000e+05
8.568950000000000000e+05
8.593260000000000000e+05
8.597570000000000000e+05
8.636050000000000000e+05
8.638680000000000000e+05
8.639260000000000000e+05
8.641130000000000000e+05
8.662170000000000000e+05
8.681170000000000000e+05
8.701330000000000000e+05
8.712770000000000000e+05
8.719220000000000000e+05
8.790030000000000000e+05
8.814380000000000000e+05
8.820090000000000000e+05
8.841050000000000000e+05
8.866830000000000000e+05
8.873910000000000000e+05
8.875030000000000000e+05
8.898290000000000000e+05
8.904850000000000000e+05
8.979640000000000000e+05
9.005200000000000000e+05
9.016140000000000000e+05
9.030780000000000000e+05
9.041760000000000000e+05
9.190380000000000000e+05
9.194710000000000000e+05
9.195110000000000000e+05
9.212130000000000000e+05
9.214370000000000000e+05
9.215320000000000000e+05
9.225570000000000000e+05
9.235980000000000000e+05
9.246450000000000000e+05
9.255540000000000000e+05
9.274820000000000000e+05
9.281110000000000000e+05
9.297330000000000000e+05
9.313050000000000000e+05
9.324430000000000000e+05
9.324670000000000000e+05
9.337080000000000000e+05
9.357870000000000000e+05
9.364300000000000000e+05
9.375590000000000000e+05
9.402150000000000000e+05
9.439170000000000000e+05
9.439920000000000000e+05
9.510310000000000000e+05
9.532100000000000000e+05
9.536870000000000000e+05
9.542890000000000000e+05
9.552540000000000000e+05
9.599250000000000000e+05
9.601030000000000000e+05
9.619890000000000000e+05
9.623770000000000000e+05
9.645460000000000000e+05
9.649030000000000000e+05
9.653600000000000000e+05
9.698990000000000000e+05
9.705030000000000000e+05
9.725790000000000000e+05
9.742250000000000000e+05
9.774790000000000000e+05
9.801090000000000000e+05
9.854670000000000000e+05
9.884470000000000000e+05
9.950850000000000000e+05
9.985020000000000000e+05
1.002375000000000000e+06
1.004237000000000000e+06
1.010330000000000000e+06
1.013929000000000000e+06
1.017578000000000000e+06
1.019676000000000000e+06
1.021848000000000000e+06
1.024970000000000000e+06
1.025563000000000000e+06
1.028508000000000000e+06
1.036524000000000000e+06
1.037905000000000000e+06
1.041994000000000000e+06
1.050623000000000000e+06
1.051647000000000000e+06
1.052159000000000000e+06
1.052415000000000000e+06
1.052543000000000000e+06
1.052607000000000000e+06
1.052639000000000000e+06
1.052655000000000000e+06
1.052663000000000000e+06
1.052667000000000000e+06
1.052669000000000000e+06
1.052670000000000000e+06
1.054463000000000000e+06
1.054591000000000000e+06
1.054687000000000000e+06
1.054703000000000000e+06
1.054717000000000000e+06
1.055615000000000000e+06
1.055711000000000000e+06
1.055727000000000000e+06
1.055735000000000000e+06
1.055741000000000000e+06
1.056127000000000000e+06
1.056191000000000000e+06
1.056223000000000000e+06
1.056383000000000000e+06
1.056447000000000000e+06
1.056479000000000000e+06
1.056503000000000000e+06
1.056507000000000000e+06
1.056509000000000000e+06
1.056623000000000000e+06
1.056631000000000000e+06
1.056635000000000000e+06
1.056637000000000000e+06
1.056702000000000000e+06
1.056719000000000000e+06
1.056731000000000000e+06
1.056733000000000000e+06
1.056743000000000000e+06
1.056747000000000000e+06
1.056757000000000000e+06
1.056761000000000000e+06
1.057791000000000000e+06
1.058559000000000000e+06
1.058687000000000000e+06
1.058751000000000000e+06
1.058783000000000000e+06
1.058813000000000000e+06
1.059583000000000000e+06
1.059711000000000000e+06
1.059775000000000000e+06
1.059807000000000000e+06
1.059831000000000000e+06
1.060223000000000000e+06
1.060287000000000000e+06
1.060319000000000000e+06
1.060479000000000000e+06
1.060543000000000000e+06
1.060599000000000000e+06
1.060605000000000000e+06
1.060671000000000000e+06
1.060703000000000000e+06
1.060727000000000000e+06
1.060767000000000000e+06
1.060783000000000000e+06
1.060797000000000000e+06
1.060823000000000000e+06
1.060830000000000000e+06
1.060839000000000000e+06
1.060843000000000000e+06
1.060845000000000000e+06
1.060851000000000000e+06
1.062398000000000000e+06
1.062623000000000000e+06
1.062839000000000000e+06
1.063869000000000000e+06
1.064918000000000000e+06
1.066879000000000000e+06
1.066999000000000000e+06
1.067005000000000000e+06
1.067775000000000000e+06
1.067903000000000000e+06
1.067967000000000000e+06
1.067999000000000000e+06
1.068027000000000000e+06
1.068029000000000000e+06
1.068287000000000000e+06
1.068479000000000000e+06
1.068511000000000000e+06
1.068535000000000000e+06
1.068541000000000000e+06
1.068542000000000000e+06
1.068767000000000000e+06
1.068783000000000000e+06
1.068791000000000000e+06
1.068795000000000000e+06
1.068797000000000000e+06
1.068911000000000000e+06
1.068919000000000000e+06
1.068923000000000000e+06
1.068925000000000000e+06
1.068959000000000000e+06
1.069015000000000000e+06
1.069019000000000000e+06
1.069021000000000000e+06
1.069022000000000000e+06
1.069031000000000000e+06
1.069037000000000000e+06
1.069043000000000000e+06
1.070075000000000000e+06
1.072062000000000000e+06
1.072079000000000000e+06
1.072479000000000000e+06
1.072636000000000000e+06
1.072878000000000000e+06
1.073130000000000000e+06
1.075163000000000000e+06
1.075679000000000000e+06
1.076087000000000000e+06
1.076591000000000000e+06
1.076861000000000000e+06
1.076958000000000000e+06
1.076982000000000000e+06
1.079804000000000000e+06
1.083263000000000000e+06
1.083327000000000000e+06
1.083375000000000000e+06
1.083387000000000000e+06
1.083903000000000000e+06
1.084159000000000000e+06
1.084399000000000000e+06
1.084407000000000000e+06
1.084411000000000000e+06
1.084413000000000000e+06
1.084671000000000000e+06
1.084799000000000000e+06
1.084895000000000000e+06
1.084911000000000000e+06
1.084923000000000000e+06
1.085119000000000000e+06
1.085151000000000000e+06
1.085175000000000000e+06
1.085179000000000000e+06
1.085181000000000000e+06
1.085247000000000000e+06
1.085279000000000000e+06
1.085307000000000000e+06
1.085309000000000000e+06
1.085343000000000000e+06
1.085371000000000000e+06
1.085391000000000000e+06
1.085403000000000000e+06
1.085415000000000000e+06
1.085421000000000000e+06
1.085427000000000000e+06
1.085433000000000000e+06
1.086462000000000000e+06
1.089017000000000000e+06
1.089231000000000000e+06
1.089367000000000000e+06
1.089451000000000000e+06
1.092415000000000000e+06
1.093071000000000000e+06
1.095609000000000000e+06
1.095641000000000000e+06
1.096682000000000000e+06
1.097573000000000000e+06
1.099503000000000000e+06
1.099645000000000000e+06
1.100759000000000000e+06
1.100927000000000000e+06
1.101774000000000000e+06
1.103783000000000000e+06
1.105596000000000000e+06
1.107615000000000000e+06
1.107939000000000000e+06
1.109366000000000000e+06
1.112862000000000000e+06
1.113804000000000000e+06
1.115647000000000000e+06
1.115903000000000000e+06
1.116143000000000000e+06
1.116151000000000000e+06
1.116157000000000000e+06
1.116927000000000000e+06
1.117055000000000000e+06
1.117151000000000000e+06
1.117167000000000000e+06
1.117175000000000000e+06
1.117567000000000000e+06
1.117663000000000000e+06
1.117679000000000000e+06
1.117687000000000000e+06
1.117691000000000000e+06
1.117823000000000000e+06
1.117887000000000000e+06
1.117943000000000000e+06
1.117947000000000000e+06
1.117949000000000000e+06
1.118047000000000000e+06
1.118063000000000000e+06
1.118111000000000000e+06
1.118135000000000000e+06
1.118141000000000000e+06
1.118167000000000000e+06
1.118171000000000000e+06
1.118187000000000000e+06
1.118189000000000000e+06
1.118190000000000000e+06
1.118195000000000000e+06
1.118197000000000000e+06
1.119735000000000000e+06
1.121655000000000000e+06
1.121726000000000000e+06
1.122030000000000000e+06
1.122170000000000000e+06
1.122233000000000000e+06
1.124334000000000000e+06
1.124342000000000000e+06
1.125103000000000000e+06
1.125370000000000000e+06
1.125869000000000000e+06
1.126237000000000000e+06
1.126318000000000000e+06
1.127677000000000000e+06
1.129271000000000000e+06
1.132503000000000000e+06
1.132991000000000000e+06
1.133051000000000000e+06
1.133543000000000000e+06
1.134013000000000000e+06
1.134318000000000000e+06
1.134578000000000000e+06
1.136959000000000000e+06
1.140350000000000000e+06
1.140535000000000000e+06
1.142585000000000000e+06
1.142725000000000000e+06
1.144293000000000000e+06
1.146545000000000000e+06
1.148159000000000000e+06
1.148607000000000000e+06
1.149631000000000000e+06
1.149911000000000000e+06
1.150333000000000000e+06
1.150427000000000000e+06
1.150446000000000000e+06
1.150451000000000000e+06
1.151867000000000000e+06
1.154036000000000000e+06
1.154238000000000000e+06
1.154867000000000000e+06
1.154905000000000000e+06
1.154982000000000000e+06
1.155935000000000000e+06
1.157839000000000000e+06
1.158094000000000000e+06
1.162921000000000000e+06
1.166251000000000000e+06
1.166297000000000000e+06
1.166314000000000000e+06
1.166927000000000000e+06
1.167847000000000000e+06
1.168819000000000000e+06
1.171060000000000000e+06
1.176518000000000000e+06
1.178381000000000000e+06
1.179282000000000000e+06
1.180671000000000000e+06
1.181631000000000000e+06
1.181663000000000000e+06
1.181693000000000000e+06
1.182207000000000000e+06
1.182463000000000000e+06
1.182591000000000000e+06
1.182655000000000000e+06
1.182687000000000000e+06
1.182711000000000000e+06
1.182715000000000000e+06
1.183199000000000000e+06
1.183215000000000000e+06
1.183227000000000000e+06
1.183230000000000000e+06
1.183359000000000000e+06
1.183423000000000000e+06
1.183455000000000000e+06
1.183483000000000000e+06
1.183583000000000000e+06
1.183599000000000000e+06
1.183607000000000000e+06
1.183613000000000000e+06
1.183671000000000000e+06
1.183675000000000000e+06
1.183677000000000000e+06
1.183709000000000000e+06
1.183723000000000000e+06
1.183725000000000000e+06
1.183737000000000000e+06
1.183738000000000000e+06
1.185247000000000000e+06
1.186047000000000000e+06
1.187765000000000000e+06
1.187801000000000000e+06
1.187832000000000000e+06
1.189359000000000000e+06
1.189854000000000000e+06
1.190887000000000000e+06
1.191547000000000000e+06
1.191599000000000000e+06
1.191893000000000000e+06
1.191907000000000000e+06
1.193466000000000000e+06
1.194867000000000000e+06
1.197807000000000000e+06
1.197919000000000000e+06
1.198974000000000000e+06
1.199861000000000000e+06
1.199919000000000000e+06
1.200046000000000000e+06
1.200105000000000000e+06
1.200106000000000000e+06
1.202669000000000000e+06
1.202937000000000000e+06
1.204959000000000000e+06
1.206047000000000000e+06
1.206174000000000000e+06
1.206778000000000000e+06
1.207257000000000000e+06
1.208211000000000000e+06
1.208759000000000000e+06
1.209836000000000000e+06
1.209965000000000000e+06
1.210316000000000000e+06
1.210344000000000000e+06
1.211364000000000000e+06
1.215739000000000000e+06
1.216363000000000000e+06
1.216365000000000000e+06
1.216407000000000000e+06
1.216485000000000000e+06
1.217903000000000000e+06
1.218013000000000000e+06
1.220028000000000000e+06
1.220337000000000000e+06
1.222381000000000000e+06
1.222614000000000000e+06
1.223162000000000000e+06
1.223389000000000000e+06
1.226638000000000000e+06
1.227996000000000000e+06
1.229799000000000000e+06
1.231325000000000000e+06
1.231983000000000000e+06
1.232477000000000000e+06
1.232604000000000000e+06
1.232781000000000000e+06
1.234493000000000000e+06
1.235853000000000000e+06
1.238460000000000000e+06
1.238638000000000000e+06
1.240155000000000000e+06
1.240771000000000000e+06
1.242191000000000000e+06
1.246203000000000000e+06
1.248063000000000000e+06
1.248207000000000000e+06
1.248695000000000000e+06
1.248731000000000000e+06
1.249018000000000000e+06
1.249181000000000000e+06
1.253150000000000000e+06
1.254327000000000000e+06
1.256310000000000000e+06
1.260715000000000000e+06
1.261002000000000000e+06
1.262431000000000000e+06
1.262567000000000000e+06
1.263518000000000000e+06
1.263571000000000000e+06
1.264087000000000000e+06
1.264463000000000000e+06
1.264602000000000000e+06
1.266107000000000000e+06
1.268204000000000000e+06
1.268956000000000000e+06
1.269602000000000000e+06
1.270731000000000000e+06
1.272630000000000000e+06
1.273163000000000000e+06
1.274430000000000000e+06
1.275966000000000000e+06
1.276709000000000000e+06
1.278845000000000000e+06
1.278935000000000000e+06
1.279725000000000000e+06
1.281327000000000000e+06
1.284469000000000000e+06
1.285539000000000000e+06
1.285781000000000000e+06
1.285937000000000000e+06
1.286775000000000000e+06
1.287531000000000000e+06
1.289650000000000000e+06
1.290033000000000000e+06
1.296242000000000000e+06
1.299638000000000000e+06
1.305929000000000000e+06
1.312511000000000000e+06
1.312639000000000000e+06
1.312763000000000000e+06
1.312765000000000000e+06
1.313279000000000000e+06
1.313663000000000000e+06
1.313727000000000000e+06
1.313759000000000000e+06
1.313783000000000000e+06
1.313789000000000000e+06
1.314047000000000000e+06
1.314175000000000000e+06
1.314287000000000000e+06
1.314301000000000000e+06
1.314431000000000000e+06
1.314495000000000000e+06
1.314527000000000000e+06
1.314551000000000000e+06
1.314555000000000000e+06
1.314558000000000000e+06
1.314671000000000000e+06
1.314683000000000000e+06
1.314686000000000000e+06
1.314719000000000000e+06
1.314749000000000000e+06
1.314750000000000000e+06
1.314781000000000000e+06
1.314795000000000000e+06
1.314797000000000000e+06
1.314803000000000000e+06
1.314812000000000000e+06
1.316858000000000000e+06
1.317758000000000000e+06
1.318270000000000000e+06
1.318463000000000000e+06
1.318583000000000000e+06
1.320926000000000000e+06
1.321887000000000000e+06
1.322619000000000000e+06
1.322783000000000000e+06
1.322985000000000000e+06
1.323000000000000000e+06
1.325033000000000000e+06
1.329086000000000000e+06
1.329855000000000000e+06
1.330158000000000000e+06
1.330415000000000000e+06
1.330555000000000000e+06
1.330558000000000000e+06
1.330667000000000000e+06
1.330675000000000000e+06
1.331006000000000000e+06
1.333663000000000000e+06
1.334183000000000000e+06
1.334843000000000000e+06
1.338491000000000000e+06
1.338829000000000000e+06
1.338866000000000000e+06
1.339047000000000000e+06
1.341944000000000000e+06
1.342095000000000000e+06
1.343082000000000000e+06
1.346427000000000000e+06
1.346687000000000000e+06
1.347539000000000000e+06
1.350558000000000000e+06
1.354430000000000000e+06
1.359623000000000000e+06
1.360375000000000000e+06
1.361147000000000000e+06
1.363518000000000000e+06
1.363635000000000000e+06
1.366451000000000000e+06
1.368004000000000000e+06
1.368783000000000000e+06
1.369525000000000000e+06
1.378255000000000000e+06
1.380085000000000000e+06
1.380090000000000000e+06
1.381245000000000000e+06
1.382110000000000000e+06
1.382361000000000000e+06
1.387197000000000000e+06
1.388363000000000000e+06
1.391345000000000000e+06
1.395535000000000000e+06
1.396029000000000000e+06
1.396557000000000000e+06
1.398123000000000000e+06
1.406789000000000000e+06
1.412346000000000000e+06
1.412972000000000000e+06
1.413622000000000000e+06
1.414365000000000000e+06
1.414524000000000000e+06
1.415837000000000000e+06
1.417154000000000000e+06
1.417691000000000000e+06
1.418091000000000000e+06
1.418603000000000000e+06
1.420244000000000000e+06
1.420643000000000000e+06
1.421032000000000000e+06
1.423781000000000000e+06
1.426238000000000000e+06
1.426845000000000000e+06
1.427694000000000000e+06
1.430357000000000000e+06
1.431252000000000000e+06
1.435226000000000000e+06
1.435877000000000000e+06
1.444606000000000000e+06
1.444854000000000000e+06
1.445358000000000000e+06
1.445865000000000000e+06
1.448691000000000000e+06
1.448751000000000000e+06
1.449167000000000000e+06
1.451447000000000000e+06
1.451513000000000000e+06
1.452982000000000000e+06
1.453926000000000000e+06
1.455787000000000000e+06
1.456315000000000000e+06
1.458008000000000000e+06
1.459055000000000000e+06
1.459958000000000000e+06
1.464693000000000000e+06
1.468220000000000000e+06
1.469349000000000000e+06
1.471218000000000000e+06
1.476345000000000000e+06
1.476445000000000000e+06
1.477438000000000000e+06
1.478577000000000000e+06
1.481607000000000000e+06
1.486516000000000000e+06
1.491449000000000000e+06
1.494630000000000000e+06
1.495599000000000000e+06
1.495961000000000000e+06
1.506057000000000000e+06
1.506504000000000000e+06
1.508767000000000000e+06
1.510350000000000000e+06
1.510523000000000000e+06
1.511258000000000000e+06
1.514318000000000000e+06
1.516974000000000000e+06
1.519175000000000000e+06
1.523465000000000000e+06
1.524651000000000000e+06
1.534011000000000000e+06
1.537729000000000000e+06
1.539268000000000000e+06
1.540958000000000000e+06
1.555491000000000000e+06
1.562922000000000000e+06
1.570568000000000000e+06
1.574783000000000000e+06
1.574847000000000000e+06
1.574903000000000000e+06
1.574907000000000000e+06
1.575423000000000000e+06
1.575807000000000000e+06
1.575903000000000000e+06
1.575919000000000000e+06
1.575927000000000000e+06
1.575931000000000000e+06
1.576191000000000000e+06
1.576383000000000000e+06
1.576415000000000000e+06
1.576431000000000000e+06
1.576439000000000000e+06
1.576446000000000000e+06
1.576671000000000000e+06
1.576687000000000000e+06
1.576695000000000000e+06
1.576799000000000000e+06
1.576829000000000000e+06
1.576887000000000000e+06
1.576891000000000000e+06
1.576911000000000000e+06
1.576919000000000000e+06
1.576923000000000000e+06
1.576925000000000000e+06
1.576947000000000000e+06
1.576949000000000000e+06
1.578871000000000000e+06
1.580007000000000000e+06
1.581823000000000000e+06
1.582463000000000000e+06
1.583583000000000000e+06
1.584615000000000000e+06
1.584759000000000000e+06
1.584987000000000000e+06
1.585006000000000000e+06
1.586079000000000000e+06
1.586678000000000000e+06
1.588173000000000000e+06
1.591023000000000000e+06
1.592247000000000000e+06
1.592766000000000000e+06
1.595583000000000000e+06
1.596346000000000000e+06
1.596363000000000000e+06
1.597276000000000000e+06
1.600377000000000000e+06
1.603245000000000000e+06
1.603286000000000000e+06
1.607639000000000000e+06
1.609179000000000000e+06
1.609279000000000000e+06
1.609660000000000000e+06
1.609702000000000000e+06
1.610655000000000000e+06
1.612411000000000000e+06
1.613273000000000000e+06
1.614779000000000000e+06
1.616633000000000000e+06
1.616797000000000000e+06
1.616813000000000000e+06
1.617273000000000000e+06
1.617693000000000000e+06
1.617842000000000000e+06
1.619194000000000000e+06
1.620841000000000000e+06
1.621389000000000000e+06
1.624479000000000000e+06
1.624510000000000000e+06
1.627495000000000000e+06
1.636411000000000000e+06
1.637139000000000000e+06
1.637651000000000000e+06
1.639295000000000000e+06
1.640187000000000000e+06
1.641963000000000000e+06
1.642203000000000000e+06
1.642469000000000000e+06
1.644532000000000000e+06
1.645359000000000000e+06
1.645494000000000000e+06
1.648557000000000000e+06
1.649759000000000000e+06
1.650038000000000000e+06
1.650207000000000000e+06
1.650571000000000000e+06
1.651933000000000000e+06
1.656510000000000000e+06
1.658574000000000000e+06
1.661781000000000000e+06
1.662872000000000000e+06
1.664860000000000000e+06
1.668239000000000000e+06
1.673070000000000000e+06
1.674603000000000000e+06
1.676475000000000000e+06
1.677723000000000000e+06
1.680124000000000000e+06
1.684945000000000000e+06
1.688935000000000000e+06
1.689821000000000000e+06
1.690805000000000000e+06
1.694765000000000000e+06
1.695140000000000000e+06
1.697430000000000000e+06
1.700261000000000000e+06
1.704955000000000000e+06
1.705726000000000000e+06
1.705853000000000000e+06
1.706735000000000000e+06
1.706743000000000000e+06
1.706939000000000000e+06
1.707439000000000000e+06
1.707499000000000000e+06
1.707501000000000000e+06
1.707502000000000000e+06
1.707770000000000000e+06
1.707927000000000000e+06
1.707996000000000000e+06
1.708024000000000000e+06
1.710711000000000000e+06
1.713597000000000000e+06
1.714093000000000000e+06
1.715599000000000000e+06
1.716026000000000000e+06
1.716124000000000000e+06
1.717973000000000000e+06
1.718487000000000000e+06
1.719538000000000000e+06
1.723763000000000000e+06
1.724376000000000000e+06
1.727567000000000000e+06
1.733436000000000000e+06
1.734113000000000000e+06
1.737979000000000000e+06
1.740087000000000000e+06
1.740597000000000000e+06
1.743391000000000000e+06
1.743729000000000000e+06
1.743813000000000000e+06
1.744612000000000000e+06
1.746418000000000000e+06
1.753959000000000000e+06
1.762517000000000000e+06
1.763206000000000000e+06
1.770366000000000000e+06
1.773005000000000000e+06
1.773401000000000000e+06
1.774553000000000000e+06
1.776473000000000000e+06
1.776624000000000000e+06
1.780510000000000000e+06
1.781414000000000000e+06
1.785370000000000000e+06
1.787101000000000000e+06
1.788525000000000000e+06
1.790047000000000000e+06
1.794231000000000000e+06
1.794922000000000000e+06
1.797905000000000000e+06
1.805133000000000000e+06
1.813324000000000000e+06
1.815148000000000000e+06
1.816332000000000000e+06
1.820187000000000000e+06
1.823626000000000000e+06
1.837015000000000000e+06
1.838067000000000000e+06
1.838303000000000000e+06
1.838715000000000000e+06
1.839021000000000000e+06
1.840983000000000000e+06
1.841406000000000000e+06
1.842779000000000000e+06
1.846009000000000000e+06
1.846727000000000000e+06
1.847111000000000000e+06
1.849065000000000000e+06
1.852991000000000000e+06
1.854695000000000000e+06
1.857001000000000000e+06
1.857242000000000000e+06
1.860830000000000000e+06
1.860854000000000000e+06
1.862439000000000000e+06
1.866600000000000000e+06
1.868751000000000000e+06
1.871421000000000000e+06
1.873741000000000000e+06
1.876954000000000000e+06
1.877944000000000000e+06
1.878931000000000000e+06
1.882317000000000000e+06
1.885884000000000000e+06
1.885929000000000000e+06
1.888949000000000000e+06
1.890351000000000000e+06
1.891093000000000000e+06
1.898826000000000000e+06
1.903067000000000000e+06
1.907123000000000000e+06
1.907287000000000000e+06
1.907774000000000000e+06
1.908522000000000000e+06
1.910095000000000000e+06
1.919413000000000000e+06
1.920031000000000000e+06
1.920541000000000000e+06
1.920724000000000000e+06
1.926686000000000000e+06
1.928402000000000000e+06
1.930928000000000000e+06
1.931617000000000000e+06
1.945113000000000000e+06
1.955932000000000000e+06
1.968989000000000000e+06
1.969047000000000000e+06
1.969138000000000000e+06
1.970019000000000000e+06
1.979706000000000000e+06
1.981978000000000000e+06
1.995942000000000000e+06
1.999095000000000000e+06
2.000358000000000000e+06
2.007451000000000000e+06
2.011691000000000000e+06
2.013516000000000000e+06
2.017619000000000000e+06
2.021964000000000000e+06
2.024145000000000000e+06
2.033516000000000000e+06
2.035560000000000000e+06
2.038256000000000000e+06
2.043344000000000000e+06
2.044641000000000000e+06
2.056471000000000000e+06
2.068037000000000000e+06
2.082472000000000000e+06
2.099199000000000000e+06
2.100223000000000000e+06
2.100735000000000000e+06
2.100991000000000000e+06
2.101119000000000000e+06
2.101183000000000000e+06
2.101215000000000000e+06
2.101231000000000000e+06
2.101239000000000000e+06
2.101243000000000000e+06
2.101245000000000000e+06
2.101246000000000000e+06
2.102783000000000000e+06
2.103167000000000000e+06
2.103263000000000000e+06
2.103279000000000000e+06
2.103287000000000000e+06
2.104317000000000000e+06
2.104575000000000000e+06
2.104829000000000000e+06
2.104959000000000000e+06
2.105023000000000000e+06
2.105055000000000000e+06
2.105083000000000000e+06
2.105275000000000000e+06
2.105307000000000000e+06
2.105309000000000000e+06
2.105310000000000000e+06
2.105319000000000000e+06
2.106367000000000000e+06
2.106879000000000000e+06
2.107327000000000000e+06
2.107389000000000000e+06
2.107903000000000000e+06
2.108159000000000000e+06
2.108383000000000000e+06
2.108399000000000000e+06
2.108413000000000000e+06
2.108414000000000000e+06
2.109151000000000000e+06
2.109179000000000000e+06
2.109181000000000000e+06
2.109295000000000000e+06
2.109310000000000000e+06
2.109359000000000000e+06
2.109373000000000000e+06
2.109374000000000000e+06
2.109391000000000000e+06
2.109406000000000000e+06
2.109415000000000000e+06
2.109419000000000000e+06
2.109429000000000000e+06
2.112415000000000000e+06
2.113213000000000000e+06
2.113367000000000000e+06
2.113521000000000000e+06
2.113528000000000000e+06
2.114559000000000000e+06
2.115071000000000000e+06
2.115327000000000000e+06
2.115567000000000000e+06
2.115575000000000000e+06
2.115581000000000000e+06
2.116543000000000000e+06
2.116575000000000000e+06
2.116603000000000000e+06
2.116605000000000000e+06
2.116606000000000000e+06
2.116863000000000000e+06
2.116991000000000000e+06
2.117055000000000000e+06
2.117111000000000000e+06
2.117115000000000000e+06
2.117117000000000000e+06
2.117247000000000000e+06
2.117371000000000000e+06
2.117439000000000000e+06
2.117471000000000000e+06
2.117487000000000000e+06
2.117551000000000000e+06
2.117559000000000000e+06
2.117595000000000000e+06
2.117619000000000000e+06
2.120567000000000000e+06
2.120574000000000000e+06
2.120635000000000000e+06
2.120955000000000000e+06
2.121182000000000000e+06
2.121399000000000000e+06
2.122687000000000000e+06
2.129269000000000000e+06
2.129747000000000000e+06
2.131455000000000000e+06
2.131711000000000000e+06
2.131951000000000000e+06
2.131959000000000000e+06
2.131963000000000000e+06
2.132479000000000000e+06
2.132863000000000000e+06
2.132927000000000000e+06
2.132975000000000000e+06
2.132983000000000000e+06
2.132989000000000000e+06
2.132990000000000000e+06
2.133247000000000000e+06
2.133375000000000000e+06
2.133439000000000000e+06
2.133471000000000000e+06
2.133499000000000000e+06
2.133502000000000000e+06
2.133727000000000000e+06
2.133879000000000000e+06
2.133885000000000000e+06
2.133935000000000000e+06
2.133991000000000000e+06
2.133998000000000000e+06
2.134005000000000000e+06
2.134010000000000000e+06
2.135023000000000000e+06
2.135933000000000000e+06
2.136799000000000000e+06
2.137582000000000000e+06
2.138027000000000000e+06
2.138044000000000000e+06
2.138067000000000000e+06
2.139583000000000000e+06
2.140119000000000000e+06
2.141559000000000000e+06
2.141821000000000000e+06
2.142125000000000000e+06
2.143855000000000000e+06
2.144110000000000000e+06
2.144623000000000000e+06
2.144734000000000000e+06
2.145020000000000000e+06
2.145657000000000000e+06
2.147199000000000000e+06
2.147311000000000000e+06
2.151915000000000000e+06
2.153430000000000000e+06
2.153457000000000000e+06
2.153722000000000000e+06
2.156028000000000000e+06
2.156343000000000000e+06
2.157931000000000000e+06
2.157975000000000000e+06
2.158394000000000000e+06
2.158520000000000000e+06
2.159063000000000000e+06
2.160043000000000000e+06
2.162332000000000000e+06
2.162572000000000000e+06
2.164479000000000000e+06
2.164607000000000000e+06
2.164727000000000000e+06
2.164734000000000000e+06
2.165503000000000000e+06
2.165631000000000000e+06
2.165695000000000000e+06
2.165743000000000000e+06
2.165751000000000000e+06
2.165755000000000000e+06
2.166143000000000000e+06
2.166263000000000000e+06
2.166267000000000000e+06
2.166269000000000000e+06
2.166463000000000000e+06
2.166495000000000000e+06
2.166511000000000000e+06
2.166519000000000000e+06
2.166523000000000000e+06
2.166525000000000000e+06
2.166591000000000000e+06
2.166623000000000000e+06
2.166639000000000000e+06
2.166647000000000000e+06
2.166687000000000000e+06
2.166711000000000000e+06
2.166715000000000000e+06
2.166717000000000000e+06
2.166718000000000000e+06
2.166747000000000000e+06
2.166759000000000000e+06
2.166765000000000000e+06
2.166773000000000000e+06
2.168766000000000000e+06
2.168783000000000000e+06
2.169711000000000000e+06
2.169843000000000000e+06
2.170287000000000000e+06
2.174199000000000000e+06
2.174451000000000000e+06
2.174457000000000000e+06
2.174671000000000000e+06
2.174829000000000000e+06
2.174925000000000000e+06
2.174931000000000000e+06
2.174964000000000000e+06
2.176986000000000000e+06
2.178028000000000000e+06
2.179013000000000000e+06
2.180606000000000000e+06
2.181615000000000000e+06
2.182899000000000000e+06
2.184047000000000000e+06
2.184319000000000000e+06
2.189935000000000000e+06
2.190455000000000000e+06
2.194674000000000000e+06
2.197243000000000000e+06
2.198517000000000000e+06
2.199285000000000000e+06
2.199286000000000000e+06
2.199439000000000000e+06
2.199453000000000000e+06
2.201423000000000000e+06
2.202231000000000000e+06
2.202295000000000000e+06
2.202839000000000000e+06
2.203506000000000000e+06
2.204158000000000000e+06
2.206957000000000000e+06
2.209435000000000000e+06
2.210645000000000000e+06
2.210699000000000000e+06
2.213835000000000000e+06
2.215150000000000000e+06
2.218617000000000000e+06
2.219674000000000000e+06
2.223525000000000000e+06
2.229759000000000000e+06
2.230015000000000000e+06
2.230143000000000000e+06
2.230239000000000000e+06
2.230255000000000000e+06
2.230263000000000000e+06
2.230267000000000000e+06
2.230270000000000000e+06
2.230783000000000000e+06
2.231279000000000000e+06
2.231287000000000000e+06
2.231291000000000000e+06
2.231799000000000000e+06
2.231803000000000000e+06
2.231805000000000000e+06
2.231806000000000000e+06
2.231935000000000000e+06
2.232047000000000000e+06
2.232055000000000000e+06
2.232062000000000000e+06
2.232183000000000000e+06
2.232187000000000000e+06
2.232223000000000000e+06
2.232247000000000000e+06
2.232285000000000000e+06
2.232286000000000000e+06
2.232295000000000000e+06
2.232299000000000000e+06
2.232301000000000000e+06
2.232309000000000000e+06
2.234334000000000000e+06
2.235615000000000000e+06
2.235643000000000000e+06
2.236315000000000000e+06
2.236318000000000000e+06
2.236387000000000000e+06
2.237438000000000000e+06
2.238367000000000000e+06
2.238967000000000000e+06
2.239358000000000000e+06
2.239469000000000000e+06
2.241787000000000000e+06
2.242027000000000000e+06
2.242042000000000000e+06
2.242279000000000000e+06
2.242517000000000000e+06
2.242941000000000000e+06
2.244205000000000000e+06
2.246398000000000000e+06
2.246652000000000000e+06
2.247039000000000000e+06
2.248315000000000000e+06
2.248375000000000000e+06
2.249967000000000000e+06
2.250219000000000000e+06
2.250461000000000000e+06
2.250663000000000000e+06
2.251871000000000000e+06
2.256252000000000000e+06
2.256493000000000000e+06
2.256787000000000000e+06
2.260295000000000000e+06
2.261503000000000000e+06
2.261999000000000000e+06
2.262847000000000000e+06
2.263927000000000000e+06
2.264303000000000000e+06
2.264535000000000000e+06
2.264766000000000000e+06
2.264893000000000000e+06
2.264911000000000000e+06
2.267097000000000000e+06
2.267963000000000000e+06
2.270174000000000000e+06
2.270679000000000000e+06
2.271423000000000000e+06
2.271993000000000000e+06
2.272103000000000000e+06
2.272950000000000000e+06
2.273951000000000000e+06
2.280638000000000000e+06
2.280797000000000000e+06
2.281369000000000000e+06
2.284575000000000000e+06
2.288483000000000000e+06
2.291223000000000000e+06
2.292170000000000000e+06
2.292976000000000000e+06
2.297694000000000000e+06
2.297788000000000000e+06
2.299379000000000000e+06
2.299727000000000000e+06
2.300319000000000000e+06
2.300843000000000000e+06
2.301779000000000000e+06
2.302951000000000000e+06
2.302972000000000000e+06
2.305401000000000000e+06
2.305598000000000000e+06
2.313821000000000000e+06
2.313910000000000000e+06
2.314085000000000000e+06
2.314179000000000000e+06
2.314748000000000000e+06
2.318943000000000000e+06
2.329585000000000000e+06
2.330476000000000000e+06
2.336570000000000000e+06
2.338389000000000000e+06
2.340306000000000000e+06
2.341548000000000000e+06
2.353524000000000000e+06
2.354757000000000000e+06
2.354761000000000000e+06
2.361087000000000000e+06
2.361279000000000000e+06
2.361327000000000000e+06
2.361339000000000000e+06
2.361341000000000000e+06
2.362335000000000000e+06
2.362351000000000000e+06
2.362359000000000000e+06
2.362363000000000000e+06
2.362623000000000000e+06
2.362751000000000000e+06
2.362847000000000000e+06
2.362863000000000000e+06
2.362875000000000000e+06
2.362877000000000000e+06
2.363007000000000000e+06
2.363071000000000000e+06
2.363103000000000000e+06
2.363119000000000000e+06
2.363133000000000000e+06
2.363199000000000000e+06
2.363231000000000000e+06
2.363255000000000000e+06
2.363311000000000000e+06
2.363323000000000000e+06
2.363351000000000000e+06
2.363371000000000000e+06
2.363373000000000000e+06
2.366843000000000000e+06
2.367435000000000000e+06
2.369405000000000000e+06
2.370999000000000000e+06
2.371198000000000000e+06
2.373295000000000000e+06
2.374390000000000000e+06
2.375130000000000000e+06
2.375395000000000000e+06
2.375532000000000000e+06
2.377567000000000000e+06
2.378717000000000000e+06
2.379005000000000000e+06
2.379127000000000000e+06
2.379251000000000000e+06
2.379383000000000000e+06
2.379582000000000000e+06
2.379701000000000000e+06
2.381175000000000000e+06
2.385623000000000000e+06
2.387515000000000000e+06
2.387859000000000000e+06
2.388474000000000000e+06
2.390453000000000000e+06
2.390645000000000000e+06
2.395835000000000000e+06
2.395966000000000000e+06
2.396014000000000000e+06
2.396092000000000000e+06
2.396103000000000000e+06
2.398589000000000000e+06
2.399902000000000000e+06
2.400116000000000000e+06
2.401975000000000000e+06
2.403487000000000000e+06
2.404336000000000000e+06
2.405949000000000000e+06
2.406234000000000000e+06
2.408831000000000000e+06
2.410109000000000000e+06
2.411879000000000000e+06
2.412189000000000000e+06
2.412315000000000000e+06
2.413436000000000000e+06
2.419696000000000000e+06
2.423388000000000000e+06
2.425847000000000000e+06
2.426366000000000000e+06
2.426783000000000000e+06
2.427894000000000000e+06
2.428779000000000000e+06
2.428858000000000000e+06
2.431421000000000000e+06
2.431947000000000000e+06
2.432311000000000000e+06
2.432497000000000000e+06
2.432685000000000000e+06
2.436413000000000000e+06
2.436439000000000000e+06
2.436711000000000000e+06
2.437998000000000000e+06
2.438842000000000000e+06
2.439011000000000000e+06
2.439595000000000000e+06
2.440120000000000000e+06
2.440425000000000000e+06
2.440475000000000000e+06
2.440554000000000000e+06
2.442234000000000000e+06
2.443196000000000000e+06
2.444087000000000000e+06
2.447822000000000000e+06
2.447979000000000000e+06
2.448294000000000000e+06
2.451960000000000000e+06
2.453352000000000000e+06
2.455950000000000000e+06
2.459101000000000000e+06
2.459351000000000000e+06
2.459502000000000000e+06
2.460525000000000000e+06
2.460917000000000000e+06
2.465114000000000000e+06
2.468323000000000000e+06
2.470585000000000000e+06
2.474447000000000000e+06
2.475836000000000000e+06
2.477866000000000000e+06
2.479736000000000000e+06
2.487512000000000000e+06
2.493055000000000000e+06
2.493151000000000000e+06
2.493371000000000000e+06
2.493663000000000000e+06
2.494911000000000000e+06
2.495727000000000000e+06
2.497435000000000000e+06
2.498451000000000000e+06
2.500987000000000000e+06
2.502301000000000000e+06
2.502445000000000000e+06
2.504015000000000000e+06
2.505295000000000000e+06
2.510698000000000000e+06
2.513951000000000000e+06
2.514289000000000000e+06
2.514701000000000000e+06
2.515926000000000000e+06
2.524411000000000000e+06
2.524479000000000000e+06
2.528103000000000000e+06
2.530606000000000000e+06
2.534503000000000000e+06
2.539105000000000000e+06
2.542321000000000000e+06
2.542545000000000000e+06
2.544568000000000000e+06
2.551346000000000000e+06
2.559708000000000000e+06
2.559922000000000000e+06
2.561658000000000000e+06
2.563434000000000000e+06
2.563659000000000000e+06
2.564967000000000000e+06
2.574182000000000000e+06
2.577532000000000000e+06
2.577799000000000000e+06
2.584886000000000000e+06
2.599856000000000000e+06
2.602689000000000000e+06
2.608484000000000000e+06
2.613789000000000000e+06
2.622463000000000000e+06
2.622975000000000000e+06
2.623359000000000000e+06
2.623423000000000000e+06
2.623455000000000000e+06
2.623485000000000000e+06
2.623999000000000000e+06
2.624447000000000000e+06
2.624503000000000000e+06
2.624507000000000000e+06
2.624767000000000000e+06
2.624895000000000000e+06
2.624991000000000000e+06
2.625015000000000000e+06
2.625247000000000000e+06
2.625263000000000000e+06
2.625271000000000000e+06
2.625277000000000000e+06
2.625343000000000000e+06
2.625375000000000000e+06
2.625406000000000000e+06
2.625467000000000000e+06
2.625469000000000000e+06
2.625499000000000000e+06
2.625501000000000000e+06
2.625502000000000000e+06
2.625511000000000000e+06
2.625523000000000000e+06
2.625525000000000000e+06
2.626527000000000000e+06
2.628574000000000000e+06
2.628799000000000000e+06
2.628959000000000000e+06
2.629365000000000000e+06
2.629558000000000000e+06
2.630399000000000000e+06
2.631550000000000000e+06
2.632655000000000000e+06
2.632670000000000000e+06
2.632693000000000000e+06
2.633575000000000000e+06
2.633643000000000000e+06
2.635691000000000000e+06
2.637037000000000000e+06
2.639803000000000000e+06
2.640367000000000000e+06
2.640886000000000000e+06
2.641627000000000000e+06
2.641723000000000000e+06
2.641900000000000000e+06
2.644797000000000000e+06
2.644918000000000000e+06
2.645874000000000000e+06
2.647677000000000000e+06
2.648987000000000000e+06
2.649515000000000000e+06
2.651989000000000000e+06
2.652604000000000000e+06
2.655983000000000000e+06
2.657274000000000000e+06
2.657723000000000000e+06
2.657782000000000000e+06
2.658044000000000000e+06
2.658247000000000000e+06
2.660203000000000000e+06
2.662369000000000000e+06
2.663355000000000000e+06
2.664365000000000000e+06
2.666226000000000000e+06
2.667438000000000000e+06
2.675387000000000000e+06
2.678070000000000000e+06
2.679788000000000000e+06
2.680630000000000000e+06
2.680682000000000000e+06
2.681739000000000000e+06
2.688495000000000000e+06
2.689279000000000000e+06
2.689887000000000000e+06
2.690029000000000000e+06
2.690037000000000000e+06
2.691022000000000000e+06
2.694389000000000000e+06
2.694957000000000000e+06
2.694997000000000000e+06
2.695001000000000000e+06
2.695871000000000000e+06
2.698716000000000000e+06
2.700971000000000000e+06
2.701164000000000000e+06
2.701809000000000000e+06
2.705358000000000000e+06
2.706279000000000000e+06
2.707155000000000000e+06
2.707964000000000000e+06
2.709275000000000000e+06
2.713723000000000000e+06
2.715193000000000000e+06
2.715492000000000000e+06
2.723175000000000000e+06
2.723697000000000000e+06
2.724219000000000000e+06
2.725771000000000000e+06
2.726332000000000000e+06
2.729875000000000000e+06
2.734677000000000000e+06
2.735493000000000000e+06
2.738299000000000000e+06
2.738987000000000000e+06
2.739310000000000000e+06
2.753983000000000000e+06
2.754519000000000000e+06
2.754539000000000000e+06
2.756077000000000000e+06
2.756411000000000000e+06
2.758063000000000000e+06
2.758270000000000000e+06
2.759517000000000000e+06
2.759591000000000000e+06
2.760587000000000000e+06
2.761598000000000000e+06
2.761718000000000000e+06
2.761982000000000000e+06
2.763243000000000000e+06
2.763453000000000000e+06
2.763486000000000000e+06
2.764660000000000000e+06
2.764722000000000000e+06
2.765801000000000000e+06
2.766316000000000000e+06
2.767531000000000000e+06
2.771706000000000000e+06
2.772714000000000000e+06
2.772765000000000000e+06
2.779439000000000000e+06
2.780569000000000000e+06
2.781025000000000000e+06
2.786031000000000000e+06
2.787254000000000000e+06
2.789007000000000000e+06
2.793011000000000000e+06
2.793113000000000000e+06
2.793354000000000000e+06
2.794203000000000000e+06
2.795468000000000000e+06
2.796156000000000000e+06
2.809157000000000000e+06
2.810856000000000000e+06
2.811308000000000000e+06
2.812231000000000000e+06
2.819955000000000000e+06
2.820022000000000000e+06
2.820951000000000000e+06
2.821617000000000000e+06
2.821874000000000000e+06
2.824535000000000000e+06
2.824634000000000000e+06
2.824828000000000000e+06
2.829554000000000000e+06
2.837972000000000000e+06
2.852323000000000000e+06
2.854094000000000000e+06
2.854492000000000000e+06
2.854700000000000000e+06
2.856538000000000000e+06
2.860318000000000000e+06
2.862182000000000000e+06
2.868507000000000000e+06
2.870535000000000000e+06
2.876039000000000000e+06
2.876594000000000000e+06
2.886622000000000000e+06
2.887406000000000000e+06
2.887503000000000000e+06
2.887518000000000000e+06
2.890199000000000000e+06
2.890590000000000000e+06
2.891175000000000000e+06
2.891578000000000000e+06
2.892159000000000000e+06
2.892751000000000000e+06
2.894579000000000000e+06
2.894716000000000000e+06
2.894967000000000000e+06
2.895352000000000000e+06
2.895419000000000000e+06
2.895542000000000000e+06
2.898999000000000000e+06
2.900974000000000000e+06
2.900985000000000000e+06
2.900988000000000000e+06
2.903978000000000000e+06
2.905020000000000000e+06
2.912084000000000000e+06
2.917743000000000000e+06
2.917791000000000000e+06
2.920030000000000000e+06
2.920103000000000000e+06
2.920249000000000000e+06
2.920923000000000000e+06
2.934588000000000000e+06
2.935926000000000000e+06
2.936335000000000000e+06
2.937543000000000000e+06
2.938083000000000000e+06
2.942433000000000000e+06
2.956005000000000000e+06
2.960557000000000000e+06
2.967155000000000000e+06
2.968817000000000000e+06
2.971989000000000000e+06
2.982718000000000000e+06
2.983725000000000000e+06
2.992741000000000000e+06
3.002004000000000000e+06
3.017643000000000000e+06
3.017713000000000000e+06
3.019575000000000000e+06
3.022194000000000000e+06
3.024471000000000000e+06
3.024667000000000000e+06
3.025239000000000000e+06
3.026616000000000000e+06
3.027190000000000000e+06
3.033743000000000000e+06
3.048795000000000000e+06
3.052762000000000000e+06
3.061059000000000000e+06
3.067049000000000000e+06
3.068614000000000000e+06
3.084510000000000000e+06
3.087272000000000000e+06
3.089780000000000000e+06
3.097545000000000000e+06
3.101756000000000000e+06
3.104336000000000000e+06
3.113690000000000000e+06
3.119720000000000000e+06
3.122247000000000000e+06
3.141766000000000000e+06
3.147519000000000000e+06
3.147711000000000000e+06
3.147743000000000000e+06
3.147771000000000000e+06
3.147773000000000000e+06
3.148543000000000000e+06
3.148671000000000000e+06
3.148735000000000000e+06
3.148791000000000000e+06
3.148795000000000000e+06
3.149183000000000000e+06
3.149247000000000000e+06
3.149551000000000000e+06
3.149563000000000000e+06
3.149565000000000000e+06
3.149663000000000000e+06
3.149679000000000000e+06
3.149687000000000000e+06
3.149693000000000000e+06
3.149694000000000000e+06
3.149727000000000000e+06
3.149751000000000000e+06
3.149783000000000000e+06
3.149787000000000000e+06
3.149789000000000000e+06
3.149799000000000000e+06
3.150719000000000000e+06
3.152703000000000000e+06
3.152877000000000000e+06
3.154431000000000000e+06
3.156925000000000000e+06
3.157183000000000000e+06
3.157231000000000000e+06
3.157311000000000000e+06
3.157691000000000000e+06
3.157739000000000000e+06
3.160751000000000000e+06
3.160891000000000000e+06
3.161691000000000000e+06
3.161927000000000000e+06
3.163646000000000000e+06
3.164153000000000000e+06
3.165565000000000000e+06
3.166007000000000000e+06
3.169523000000000000e+06
3.169653000000000000e+06
3.170005000000000000e+06
3.173790000000000000e+06
3.174202000000000000e+06
3.175350000000000000e+06
3.177202000000000000e+06
3.177317000000000000e+06
3.180279000000000000e+06
3.181558000000000000e+06
3.182318000000000000e+06
3.182427000000000000e+06
3.182457000000000000e+06
3.184494000000000000e+06
3.184583000000000000e+06
3.185999000000000000e+06
3.186105000000000000e+06
3.186540000000000000e+06
3.189111000000000000e+06
3.190110000000000000e+06
3.190250000000000000e+06
3.197309000000000000e+06
3.198828000000000000e+06
3.199451000000000000e+06
3.199977000000000000e+06
3.201884000000000000e+06
3.205549000000000000e+06
3.206947000000000000e+06
3.214463000000000000e+06
3.214841000000000000e+06
3.214911000000000000e+06
3.214973000000000000e+06
3.215063000000000000e+06
3.215197000000000000e+06
3.216119000000000000e+06
3.219003000000000000e+06
3.223274000000000000e+06
3.223438000000000000e+06
3.227540000000000000e+06
3.229310000000000000e+06
3.229676000000000000e+06
3.230445000000000000e+06
3.230942000000000000e+06
3.231450000000000000e+06
3.233390000000000000e+06
3.234219000000000000e+06
3.239369000000000000e+06
3.245757000000000000e+06
3.245871000000000000e+06
3.247845000000000000e+06
3.247858000000000000e+06
3.251889000000000000e+06
3.253166000000000000e+06
3.254939000000000000e+06
3.259092000000000000e+06
3.259481000000000000e+06
3.259956000000000000e+06
3.260879000000000000e+06
3.262863000000000000e+06
3.263893000000000000e+06
3.279357000000000000e+06
3.279831000000000000e+06
3.280633000000000000e+06
3.280857000000000000e+06
3.283771000000000000e+06
3.283918000000000000e+06
3.284946000000000000e+06
3.285751000000000000e+06
3.285919000000000000e+06
3.286447000000000000e+06
3.287419000000000000e+06
3.288506000000000000e+06
3.288683000000000000e+06
3.289965000000000000e+06
3.292521000000000000e+06
3.294459000000000000e+06
3.294909000000000000e+06
3.296619000000000000e+06
3.297240000000000000e+06
3.297661000000000000e+06
3.299118000000000000e+06
3.301204000000000000e+06
3.301999000000000000e+06
3.303094000000000000e+06
3.307410000000000000e+06
3.311287000000000000e+06
3.311602000000000000e+06
3.312374000000000000e+06
3.312570000000000000e+06
3.313381000000000000e+06
3.313393000000000000e+06
3.313435000000000000e+06
3.314940000000000000e+06
3.317201000000000000e+06
3.319027000000000000e+06
3.320774000000000000e+06
3.324203000000000000e+06
3.325225000000000000e+06
3.327466000000000000e+06
3.333673000000000000e+06
3.335002000000000000e+06
3.343223000000000000e+06
3.343607000000000000e+06
3.343837000000000000e+06
3.346377000000000000e+06
3.351899000000000000e+06
3.352231000000000000e+06
3.353003000000000000e+06
3.353259000000000000e+06
3.354337000000000000e+06
3.354811000000000000e+06
3.356624000000000000e+06
3.358473000000000000e+06
3.359102000000000000e+06
3.361142000000000000e+06
3.365676000000000000e+06
3.366662000000000000e+06
3.369208000000000000e+06
3.371219000000000000e+06
3.376986000000000000e+06
3.382992000000000000e+06
3.409343000000000000e+06
3.411191000000000000e+06
3.411452000000000000e+06
3.413853000000000000e+06
3.414522000000000000e+06
3.417527000000000000e+06
3.417943000000000000e+06
3.419853000000000000e+06
3.421820000000000000e+06
3.422543000000000000e+06
3.422902000000000000e+06
3.425711000000000000e+06
3.426805000000000000e+06
3.428195000000000000e+06
3.434101000000000000e+06
3.443383000000000000e+06
3.443449000000000000e+06
3.443667000000000000e+06
3.448026000000000000e+06
3.448552000000000000e+06
3.449199000000000000e+06
3.452152000000000000e+06
3.456579000000000000e+06
3.460284000000000000e+06
3.460906000000000000e+06
3.462632000000000000e+06
3.462981000000000000e+06
3.464730000000000000e+06
3.468401000000000000e+06
3.471784000000000000e+06
3.476984000000000000e+06
3.477326000000000000e+06
3.480056000000000000e+06
3.481001000000000000e+06
3.481379000000000000e+06
3.481388000000000000e+06
3.484077000000000000e+06
3.484885000000000000e+06
3.487682000000000000e+06
3.491486000000000000e+06
3.492840000000000000e+06
3.508200000000000000e+06
3.508903000000000000e+06
3.511154000000000000e+06
3.520140000000000000e+06
3.525449000000000000e+06
3.539423000000000000e+06
3.540846000000000000e+06
3.541989000000000000e+06
3.542508000000000000e+06
3.545036000000000000e+06
3.548733000000000000e+06
3.549564000000000000e+06
3.549621000000000000e+06
3.549863000000000000e+06
3.550806000000000000e+06
3.553699000000000000e+06
3.555799000000000000e+06
3.557950000000000000e+06
3.558503000000000000e+06
3.559265000000000000e+06
3.566924000000000000e+06
3.577314000000000000e+06
3.578728000000000000e+06
3.582566000000000000e+06
3.584880000000000000e+06
3.589662000000000000e+06
3.591832000000000000e+06
3.605963000000000000e+06
3.606364000000000000e+06
3.609751000000000000e+06
3.614044000000000000e+06
3.618855000000000000e+06
3.625868000000000000e+06
3.638613000000000000e+06
3.639390000000000000e+06
3.646115000000000000e+06
3.646250000000000000e+06
3.647786000000000000e+06
3.656777000000000000e+06
3.671038000000000000e+06
3.672895000000000000e+06
3.673711000000000000e+06
3.676653000000000000e+06
3.677519000000000000e+06
3.680671000000000000e+06
3.688253000000000000e+06
3.688699000000000000e+06
3.689390000000000000e+06
3.689443000000000000e+06
3.690043000000000000e+06
3.690878000000000000e+06
3.696286000000000000e+06
3.701957000000000000e+06
3.704159000000000000e+06
3.704541000000000000e+06
3.706094000000000000e+06
3.706471000000000000e+06
3.707829000000000000e+06
3.710386000000000000e+06
3.710661000000000000e+06
3.712238000000000000e+06
3.712489000000000000e+06
3.714858000000000000e+06
3.717738000000000000e+06
3.717992000000000000e+06
3.722188000000000000e+06
3.726132000000000000e+06
3.729772000000000000e+06
3.736439000000000000e+06
3.737406000000000000e+06
3.738595000000000000e+06
3.739318000000000000e+06
3.739527000000000000e+06
3.741404000000000000e+06
3.741886000000000000e+06
3.752318000000000000e+06
3.754557000000000000e+06
3.758741000000000000e+06
3.758936000000000000e+06
3.766364000000000000e+06
3.770251000000000000e+06
3.777819000000000000e+06
3.802855000000000000e+06
3.804759000000000000e+06
3.805033000000000000e+06
3.805044000000000000e+06
3.805692000000000000e+06
3.808120000000000000e+06
3.818985000000000000e+06
3.819117000000000000e+06
3.819163000000000000e+06
3.823187000000000000e+06
3.829416000000000000e+06
3.834364000000000000e+06
3.837110000000000000e+06
3.853644000000000000e+06
3.853713000000000000e+06
3.867003000000000000e+06
3.869113000000000000e+06
3.869479000000000000e+06
3.870068000000000000e+06
3.871602000000000000e+06
3.877996000000000000e+06
3.883385000000000000e+06
3.892337000000000000e+06
3.898113000000000000e+06
3.899866000000000000e+06
3.904077000000000000e+06
3.906200000000000000e+06
3.924754000000000000e+06
3.933135000000000000e+06
3.933883000000000000e+06
3.935134000000000000e+06
3.935597000000000000e+06
3.935775000000000000e+06
3.936154000000000000e+06
3.937055000000000000e+06
3.938931000000000000e+06
3.938967000000000000e+06
3.941943000000000000e+06
3.942774000000000000e+06
3.942823000000000000e+06
3.944105000000000000e+06
3.952050000000000000e+06
3.952069000000000000e+06
3.952405000000000000e+06
3.968285000000000000e+06
3.968346000000000000e+06
3.973309000000000000e+06
3.973973000000000000e+06
3.975875000000000000e+06
3.984554000000000000e+06
4.000158000000000000e+06
4.007284000000000000e+06
4.031067000000000000e+06
4.036998000000000000e+06
4.041257000000000000e+06
4.063483000000000000e+06
4.067042000000000000e+06
4.069593000000000000e+06
4.074337000000000000e+06
4.082022000000000000e+06
4.082118000000000000e+06
4.130420000000000000e+06
4.147301000000000000e+06
4.196351000000000000e+06
4.197375000000000000e+06
4.197887000000000000e+06
4.198143000000000000e+06
4.198271000000000000e+06
4.198335000000000000e+06
4.198367000000000000e+06
4.198383000000000000e+06
4.198391000000000000e+06
4.198395000000000000e+06
4.198397000000000000e+06
4.198398000000000000e+06
4.199423000000000000e+06
4.200415000000000000e+06
4.200443000000000000e+06
4.200445000000000000e+06
4.201343000000000000e+06
4.201407000000000000e+06
4.201455000000000000e+06
4.201463000000000000e+06
4.201727000000000000e+06
4.201951000000000000e+06
4.201975000000000000e+06
4.202207000000000000e+06
4.202223000000000000e+06
4.202237000000000000e+06
4.202335000000000000e+06
4.202351000000000000e+06
4.202399000000000000e+06
4.202415000000000000e+06
4.202429000000000000e+06
4.202455000000000000e+06
4.202462000000000000e+06
4.202471000000000000e+06
4.202478000000000000e+06
4.204287000000000000e+06
4.204415000000000000e+06
4.204479000000000000e+06
4.205535000000000000e+06
4.205559000000000000e+06
4.205563000000000000e+06
4.205566000000000000e+06
4.206047000000000000e+06
4.206071000000000000e+06
4.206303000000000000e+06
4.206333000000000000e+06
4.206431000000000000e+06
4.206447000000000000e+06
4.206455000000000000e+06
4.206526000000000000e+06
4.206551000000000000e+06
4.206555000000000000e+06
4.206557000000000000e+06
4.206567000000000000e+06
4.206571000000000000e+06
4.206573000000000000e+06
4.208111000000000000e+06
4.208615000000000000e+06
4.209519000000000000e+06
4.209527000000000000e+06
4.210015000000000000e+06
4.210299000000000000e+06
4.211711000000000000e+06
4.212223000000000000e+06
4.212607000000000000e+06
4.212733000000000000e+06
4.212734000000000000e+06
4.213247000000000000e+06
4.213503000000000000e+06
4.213631000000000000e+06
4.213727000000000000e+06
4.213743000000000000e+06
4.213751000000000000e+06
4.213757000000000000e+06
4.214015000000000000e+06
4.214143000000000000e+06
4.214207000000000000e+06
4.214255000000000000e+06
4.214270000000000000e+06
4.214399000000000000e+06
4.214463000000000000e+06
4.214495000000000000e+06
4.214519000000000000e+06
4.214523000000000000e+06
4.214591000000000000e+06
4.214639000000000000e+06
4.214651000000000000e+06
4.214687000000000000e+06
4.214711000000000000e+06
4.214715000000000000e+06
4.214749000000000000e+06
4.214763000000000000e+06
4.216699000000000000e+06
4.218327000000000000e+06
4.220655000000000000e+06
4.222814000000000000e+06
4.225719000000000000e+06
4.226778000000000000e+06
4.228991000000000000e+06
4.229087000000000000e+06
4.229887000000000000e+06
4.230079000000000000e+06
4.230127000000000000e+06
4.230527000000000000e+06
4.230623000000000000e+06
4.230639000000000000e+06
4.230647000000000000e+06
4.230654000000000000e+06
4.230783000000000000e+06
4.230847000000000000e+06
4.230895000000000000e+06
4.230907000000000000e+06
4.230909000000000000e+06
4.231007000000000000e+06
4.231037000000000000e+06
4.231071000000000000e+06
4.231095000000000000e+06
4.231099000000000000e+06
4.231131000000000000e+06
4.231143000000000000e+06
4.231149000000000000e+06
4.231157000000000000e+06
4.233719000000000000e+06
4.234109000000000000e+06
4.234167000000000000e+06
4.234746000000000000e+06
4.236671000000000000e+06
4.238315000000000000e+06
4.238830000000000000e+06
4.239213000000000000e+06
4.239292000000000000e+06
4.240373000000000000e+06
4.241303000000000000e+06
4.241901000000000000e+06
4.242929000000000000e+06
4.244447000000000000e+06
4.244975000000000000e+06
4.245470000000000000e+06
4.246239000000000000e+06
4.246335000000000000e+06
4.246447000000000000e+06
4.247227000000000000e+06
4.247411000000000000e+06
4.247537000000000000e+06
4.248799000000000000e+06
4.252158000000000000e+06
4.253651000000000000e+06
4.254682000000000000e+06
4.254843000000000000e+06
4.255007000000000000e+06
4.257748000000000000e+06
4.261375000000000000e+06
4.261759000000000000e+06
4.261883000000000000e+06
4.262655000000000000e+06
4.262783000000000000e+06
4.262847000000000000e+06
4.262879000000000000e+06
4.262895000000000000e+06
4.262903000000000000e+06
4.262907000000000000e+06
4.262909000000000000e+06
4.262910000000000000e+06
4.263295000000000000e+06
4.263359000000000000e+06
4.263663000000000000e+06
4.263675000000000000e+06
4.263743000000000000e+06
4.263839000000000000e+06
4.263867000000000000e+06
4.263895000000000000e+06
4.263902000000000000e+06
4.263911000000000000e+06
4.263923000000000000e+06
4.263929000000000000e+06
4.266998000000000000e+06
4.267975000000000000e+06
4.268020000000000000e+06
4.271094000000000000e+06
4.271423000000000000e+06
4.271535000000000000e+06
4.272029000000000000e+06
4.272057000000000000e+06
4.272879000000000000e+06
4.277183000000000000e+06
4.278975000000000000e+06
4.279277000000000000e+06
4.279290000000000000e+06
4.279543000000000000e+06
4.279797000000000000e+06
4.279995000000000000e+06
4.280575000000000000e+06
4.282846000000000000e+06
4.283215000000000000e+06
4.284071000000000000e+06
4.285946000000000000e+06
4.287731000000000000e+06
4.296668000000000000e+06
4.297707000000000000e+06
4.299471000000000000e+06
4.300019000000000000e+06
4.300769000000000000e+06
4.303723000000000000e+06
4.304314000000000000e+06
4.304732000000000000e+06
4.305147000000000000e+06
4.306487000000000000e+06
4.307515000000000000e+06
4.308275000000000000e+06
4.312758000000000000e+06
4.312855000000000000e+06
4.312877000000000000e+06
4.312948000000000000e+06
4.315355000000000000e+06
4.316494000000000000e+06
4.320728000000000000e+06
4.323673000000000000e+06
4.326911000000000000e+06
4.327359000000000000e+06
4.327415000000000000e+06
4.327935000000000000e+06
4.328319000000000000e+06
4.328415000000000000e+06
4.328431000000000000e+06
4.328443000000000000e+06
4.328957000000000000e+06
4.329183000000000000e+06
4.329199000000000000e+06
4.329213000000000000e+06
4.329279000000000000e+06
4.329335000000000000e+06
4.329339000000000000e+06
4.329341000000000000e+06
4.329342000000000000e+06
4.329375000000000000e+06
4.329391000000000000e+06
4.329403000000000000e+06
4.329431000000000000e+06
4.329451000000000000e+06
4.329461000000000000e+06
4.329468000000000000e+06
4.330239000000000000e+06
4.331485000000000000e+06
4.333239000000000000e+06
4.333263000000000000e+06
4.333421000000000000e+06
4.333511000000000000e+06
4.335351000000000000e+06
4.336111000000000000e+06
4.336125000000000000e+06
4.336503000000000000e+06
4.337390000000000000e+06
4.337579000000000000e+06
4.337596000000000000e+06
4.338174000000000000e+06
4.339642000000000000e+06
4.340601000000000000e+06
4.341307000000000000e+06
4.343293000000000000e+06
4.344699000000000000e+06
4.345277000000000000e+06
4.345631000000000000e+06
4.349868000000000000e+06
4.349908000000000000e+06
4.351663000000000000e+06
4.351915000000000000e+06
4.352702000000000000e+06
4.352926000000000000e+06
4.353770000000000000e+06
4.355979000000000000e+06
4.356414000000000000e+06
4.360951000000000000e+06
4.361023000000000000e+06
4.361083000000000000e+06
4.361182000000000000e+06
4.362087000000000000e+06
4.364149000000000000e+06
4.365237000000000000e+06
4.369595000000000000e+06
4.369835000000000000e+06
4.370277000000000000e+06
4.371262000000000000e+06
4.373926000000000000e+06
4.377022000000000000e+06
4.377213000000000000e+06
4.377438000000000000e+06
4.382038000000000000e+06
4.383391000000000000e+06
4.386156000000000000e+06
4.391679000000000000e+06
4.392893000000000000e+06
4.392956000000000000e+06
4.394477000000000000e+06
4.394933000000000000e+06
4.394994000000000000e+06
4.396924000000000000e+06
4.397547000000000000e+06
4.403015000000000000e+06
4.406008000000000000e+06
4.408828000000000000e+06
4.409301000000000000e+06
4.410071000000000000e+06
4.410233000000000000e+06
4.417655000000000000e+06
4.421971000000000000e+06
4.427163000000000000e+06
4.427388000000000000e+06
4.427574000000000000e+06
4.427580000000000000e+06
4.429752000000000000e+06
4.430708000000000000e+06
4.432825000000000000e+06
4.435534000000000000e+06
4.441829000000000000e+06
4.442271000000000000e+06
4.443470000000000000e+06
4.443663000000000000e+06
4.458463000000000000e+06
4.458491000000000000e+06
4.458493000000000000e+06
4.459007000000000000e+06
4.459263000000000000e+06
4.459455000000000000e+06
4.459511000000000000e+06
4.459967000000000000e+06
4.460029000000000000e+06
4.460223000000000000e+06
4.460255000000000000e+06
4.460271000000000000e+06
4.460279000000000000e+06
4.460285000000000000e+06
4.460351000000000000e+06
4.460383000000000000e+06
4.460407000000000000e+06
4.460477000000000000e+06
4.460507000000000000e+06
4.460519000000000000e+06
4.460531000000000000e+06
4.460533000000000000e+06
4.460534000000000000e+06
4.462462000000000000e+06
4.463231000000000000e+06
4.463581000000000000e+06
4.464565000000000000e+06
4.466429000000000000e+06
4.466495000000000000e+06
4.467903000000000000e+06
4.468031000000000000e+06
4.468187000000000000e+06
4.468541000000000000e+06
4.468668000000000000e+06
4.468686000000000000e+06
4.468722000000000000e+06
4.469119000000000000e+06
4.469754000000000000e+06
4.471419000000000000e+06
4.471655000000000000e+06
4.474873000000000000e+06
4.475823000000000000e+06
4.475886000000000000e+06
4.476661000000000000e+06
4.476796000000000000e+06
4.476883000000000000e+06
4.477435000000000000e+06
4.480996000000000000e+06
4.482923000000000000e+06
4.482926000000000000e+06
4.483806000000000000e+06
4.483949000000000000e+06
4.484510000000000000e+06
4.484947000000000000e+06
4.486359000000000000e+06
4.488820000000000000e+06
4.492158000000000000e+06
4.492254000000000000e+06
4.492751000000000000e+06
4.495775000000000000e+06
4.496591000000000000e+06
4.497011000000000000e+06
4.498933000000000000e+06
4.499357000000000000e+06
4.500079000000000000e+06
4.500879000000000000e+06
4.501233000000000000e+06
4.504486000000000000e+06
4.507510000000000000e+06
4.509467000000000000e+06
4.520562000000000000e+06
4.522991000000000000e+06
4.524735000000000000e+06
4.524987000000000000e+06
4.525279000000000000e+06
4.525495000000000000e+06
4.525543000000000000e+06
4.525550000000000000e+06
4.525917000000000000e+06
4.526003000000000000e+06
4.528113000000000000e+06
4.529003000000000000e+06
4.529013000000000000e+06
4.531151000000000000e+06
4.535695000000000000e+06
4.537777000000000000e+06
4.538306000000000000e+06
4.540027000000000000e+06
4.540247000000000000e+06
4.540251000000000000e+06
4.542231000000000000e+06
4.546202000000000000e+06
4.550456000000000000e+06
4.554656000000000000e+06
4.557301000000000000e+06
4.558266000000000000e+06
4.564255000000000000e+06
4.564454000000000000e+06
4.572007000000000000e+06
4.574777000000000000e+06
4.582597000000000000e+06
4.589039000000000000e+06
4.589487000000000000e+06
4.590831000000000000e+06
4.593139000000000000e+06
4.593359000000000000e+06
4.594413000000000000e+06
4.595514000000000000e+06
4.595576000000000000e+06
4.598959000000000000e+06
4.598999000000000000e+06
4.599034000000000000e+06
4.599260000000000000e+06
4.606334000000000000e+06
4.606968000000000000e+06
4.607323000000000000e+06
4.615286000000000000e+06
4.615619000000000000e+06
4.617842000000000000e+06
4.619473000000000000e+06
4.622142000000000000e+06
4.622838000000000000e+06
4.623819000000000000e+06
4.624267000000000000e+06
4.625325000000000000e+06
4.626206000000000000e+06
4.627623000000000000e+06
4.631438000000000000e+06
4.634703000000000000e+06
4.637519000000000000e+06
4.638927000000000000e+06
4.639851000000000000e+06
4.640043000000000000e+06
4.644038000000000000e+06
4.649952000000000000e+06
4.653887000000000000e+06
4.656114000000000000e+06
4.658810000000000000e+06
4.660906000000000000e+06
4.663770000000000000e+06
4.664739000000000000e+06
4.670968000000000000e+06
4.687751000000000000e+06
4.688558000000000000e+06
4.695341000000000000e+06
4.719615000000000000e+06
4.720383000000000000e+06
4.720511000000000000e+06
4.720635000000000000e+06
4.721151000000000000e+06
4.721407000000000000e+06
4.721659000000000000e+06
4.722047000000000000e+06
4.722111000000000000e+06
4.722171000000000000e+06
4.722174000000000000e+06
4.722303000000000000e+06
4.722399000000000000e+06
4.722423000000000000e+06
4.722427000000000000e+06
4.722429000000000000e+06
4.722527000000000000e+06
4.722557000000000000e+06
4.722591000000000000e+06
4.722619000000000000e+06
4.722621000000000000e+06
4.722647000000000000e+06
4.722654000000000000e+06
4.722667000000000000e+06
4.722669000000000000e+06
4.722675000000000000e+06
4.722677000000000000e+06
4.724725000000000000e+06
4.726503000000000000e+06
4.726590000000000000e+06
4.730671000000000000e+06
4.730703000000000000e+06
4.732916000000000000e+06
4.733790000000000000e+06
4.733877000000000000e+06
4.733882000000000000e+06
4.734326000000000000e+06
4.734428000000000000e+06
4.738491000000000000e+06
4.740015000000000000e+06
4.748280000000000000e+06
4.751871000000000000e+06
4.753389000000000000e+06
4.753390000000000000e+06
4.754366000000000000e+06
4.754398000000000000e+06
4.754411000000000000e+06
4.754909000000000000e+06
4.754925000000000000e+06
4.755134000000000000e+06
4.755163000000000000e+06
4.755324000000000000e+06
4.755351000000000000e+06
4.755358000000000000e+06
4.756319000000000000e+06
4.759087000000000000e+06
4.759367000000000000e+06
4.761069000000000000e+06
4.761077000000000000e+06
4.766522000000000000e+06
4.767441000000000000e+06
4.768635000000000000e+06
4.770734000000000000e+06
4.775469000000000000e+06
4.778443000000000000e+06
4.779366000000000000e+06
4.786046000000000000e+06
4.787159000000000000e+06
4.787454000000000000e+06
4.789199000000000000e+06
4.791607000000000000e+06
4.794091000000000000e+06
4.794329000000000000e+06
4.795130000000000000e+06
4.796250000000000000e+06
4.796276000000000000e+06
4.803446000000000000e+06
4.803949000000000000e+06
4.804302000000000000e+06
4.804564000000000000e+06
4.806251000000000000e+06
4.807965000000000000e+06
4.808007000000000000e+06
4.808035000000000000e+06
4.809175000000000000e+06
4.811452000000000000e+06
4.811574000000000000e+06
4.812083000000000000e+06
4.816521000000000000e+06
4.820465000000000000e+06
4.820793000000000000e+06
4.820906000000000000e+06
4.821854000000000000e+06
4.827758000000000000e+06
4.834172000000000000e+06
4.834647000000000000e+06
4.836755000000000000e+06
4.839846000000000000e+06
4.840244000000000000e+06
4.842589000000000000e+06
4.843066000000000000e+06
4.843188000000000000e+06
4.843974000000000000e+06
4.852663000000000000e+06
4.853374000000000000e+06
4.853707000000000000e+06
4.855278000000000000e+06
4.855723000000000000e+06
4.855725000000000000e+06
4.857270000000000000e+06
4.859638000000000000e+06
4.859861000000000000e+06
4.859866000000000000e+06
4.861670000000000000e+06
4.864573000000000000e+06
4.869861000000000000e+06
4.869933000000000000e+06
4.871006000000000000e+06
4.873641000000000000e+06
4.876062000000000000e+06
4.877030000000000000e+06
4.877113000000000000e+06
4.877937000000000000e+06
4.885211000000000000e+06
4.885741000000000000e+06
4.885959000000000000e+06
4.886134000000000000e+06
4.886347000000000000e+06
4.887006000000000000e+06
4.892396000000000000e+06
4.893370000000000000e+06
4.895578000000000000e+06
4.895593000000000000e+06
4.896346000000000000e+06
4.901338000000000000e+06
4.905816000000000000e+06
4.916606000000000000e+06
4.918201000000000000e+06
4.919212000000000000e+06
4.924575000000000000e+06
4.927065000000000000e+06
4.929970000000000000e+06
4.933807000000000000e+06
4.940879000000000000e+06
4.942123000000000000e+06
4.950451000000000000e+06
4.951908000000000000e+06
4.958428000000000000e+06
4.977938000000000000e+06
4.983547000000000000e+06
4.984431000000000000e+06
4.984510000000000000e+06
4.987613000000000000e+06
4.988559000000000000e+06
4.988574000000000000e+06
4.992365000000000000e+06
4.992888000000000000e+06
4.995828000000000000e+06
4.996778000000000000e+06
4.998943000000000000e+06
4.999093000000000000e+06
5.000677000000000000e+06
5.001791000000000000e+06
5.002335000000000000e+06
5.002710000000000000e+06
5.004935000000000000e+06
5.007783000000000000e+06
5.008092000000000000e+06
5.013073000000000000e+06
5.013951000000000000e+06
5.015413000000000000e+06
5.020491000000000000e+06
5.022958000000000000e+06
5.025586000000000000e+06
5.028634000000000000e+06
5.031651000000000000e+06
5.031822000000000000e+06
5.033928000000000000e+06
5.040342000000000000e+06
5.057268000000000000e+06
5.060667000000000000e+06
5.064657000000000000e+06
5.067634000000000000e+06
5.079790000000000000e+06
5.080755000000000000e+06
5.080862000000000000e+06
5.082819000000000000e+06
5.083989000000000000e+06
5.086085000000000000e+06
5.086089000000000000e+06
5.092745000000000000e+06
5.094668000000000000e+06
5.095072000000000000e+06
5.096869000000000000e+06
5.098574000000000000e+06
5.098945000000000000e+06
5.113086000000000000e+06
5.113307000000000000e+06
5.113587000000000000e+06
5.114781000000000000e+06
5.115257000000000000e+06
5.115454000000000000e+06
5.115723000000000000e+06
5.115798000000000000e+06
5.122615000000000000e+06
5.122957000000000000e+06
5.123320000000000000e+06
5.139235000000000000e+06
5.142693000000000000e+06
5.154612000000000000e+06
5.195900000000000000e+06
5.196614000000000000e+06
5.197967000000000000e+06
5.213396000000000000e+06
5.234745000000000000e+06
5.243903000000000000e+06
5.244895000000000000e+06
5.244911000000000000e+06
5.244923000000000000e+06
5.245439000000000000e+06
5.245695000000000000e+06
5.245823000000000000e+06
5.245887000000000000e+06
5.245919000000000000e+06
5.245943000000000000e+06
5.246335000000000000e+06
5.246399000000000000e+06
5.246461000000000000e+06
5.246655000000000000e+06
5.246687000000000000e+06
5.246703000000000000e+06
5.246783000000000000e+06
5.246831000000000000e+06
5.246843000000000000e+06
5.246903000000000000e+06
5.246907000000000000e+06
5.246935000000000000e+06
5.246941000000000000e+06
5.246965000000000000e+06
5.246966000000000000e+06
5.246969000000000000e+06
5.248894000000000000e+06
5.250553000000000000e+06
5.250623000000000000e+06
5.250781000000000000e+06
5.250877000000000000e+06
5.250895000000000000e+06
5.250933000000000000e+06
5.251015000000000000e+06
5.251052000000000000e+06
5.251058000000000000e+06
5.252989000000000000e+06
5.253079000000000000e+06
5.253567000000000000e+06
5.254095000000000000e+06
5.254140000000000000e+06
5.254767000000000000e+06
5.258839000000000000e+06
5.260159000000000000e+06
5.260543000000000000e+06
5.261302000000000000e+06
5.262071000000000000e+06
5.262782000000000000e+06
5.262835000000000000e+06
5.263198000000000000e+06
5.263211000000000000e+06
5.263213000000000000e+06
5.266165000000000000e+06
5.267243000000000000e+06
5.267966000000000000e+06
5.269366000000000000e+06
5.270266000000000000e+06
5.270351000000000000e+06
5.270505000000000000e+06
5.271323000000000000e+06
5.274342000000000000e+06
5.274596000000000000e+06
5.278191000000000000e+06
5.279135000000000000e+06
5.279211000000000000e+06
5.279422000000000000e+06
5.282015000000000000e+06
5.283215000000000000e+06
5.286379000000000000e+06
5.287397000000000000e+06
5.289653000000000000e+06
5.290805000000000000e+06
5.290866000000000000e+06
5.291636000000000000e+06
5.291845000000000000e+06
5.293431000000000000e+06
5.294942000000000000e+06
5.295958000000000000e+06
5.299916000000000000e+06
5.303100000000000000e+06
5.303914000000000000e+06
5.306639000000000000e+06
5.309949000000000000e+06
5.311454000000000000e+06
5.311807000000000000e+06
5.312175000000000000e+06
5.312407000000000000e+06
5.312441000000000000e+06
5.315774000000000000e+06
5.316278000000000000e+06
5.318103000000000000e+06
5.320046000000000000e+06
5.320147000000000000e+06
5.321581000000000000e+06
5.321690000000000000e+06
5.324062000000000000e+06
5.325563000000000000e+06
5.326511000000000000e+06
5.328566000000000000e+06
5.328837000000000000e+06
5.335502000000000000e+06
5.339450000000000000e+06
5.342685000000000000e+06
5.344711000000000000e+06
5.345077000000000000e+06
5.348700000000000000e+06
5.348743000000000000e+06
5.353110000000000000e+06
5.358991000000000000e+06
5.361789000000000000e+06
5.368019000000000000e+06
5.368234000000000000e+06
5.372472000000000000e+06
5.375679000000000000e+06
5.375994000000000000e+06
5.377215000000000000e+06
5.377515000000000000e+06
5.377711000000000000e+06
5.377773000000000000e+06
5.379679000000000000e+06
5.380011000000000000e+06
5.380335000000000000e+06
5.380511000000000000e+06
5.381470000000000000e+06
5.386100000000000000e+06
5.389965000000000000e+06
5.391294000000000000e+06
5.391862000000000000e+06
5.400013000000000000e+06
5.407731000000000000e+06
5.409709000000000000e+06
5.410395000000000000e+06
5.412061000000000000e+06
5.418293000000000000e+06
5.418668000000000000e+06
5.425614000000000000e+06
5.428566000000000000e+06
5.429970000000000000e+06
5.434467000000000000e+06
5.438864000000000000e+06
5.440766000000000000e+06
5.442143000000000000e+06
5.443444000000000000e+06
5.450428000000000000e+06
5.450645000000000000e+06
5.455553000000000000e+06
5.457366000000000000e+06
5.458790000000000000e+06
5.459531000000000000e+06
5.459654000000000000e+06
5.459665000000000000e+06
5.464189000000000000e+06
5.473179000000000000e+06
5.474087000000000000e+06
5.479017000000000000e+06
5.483610000000000000e+06
5.491402000000000000e+06
5.491758000000000000e+06
5.499553000000000000e+06
5.506991000000000000e+06
5.507519000000000000e+06
5.507775000000000000e+06
5.508597000000000000e+06
5.508602000000000000e+06
5.508767000000000000e+06
5.508943000000000000e+06
5.509049000000000000e+06
5.511100000000000000e+06
5.512115000000000000e+06
5.512798000000000000e+06
5.513164000000000000e+06
5.516025000000000000e+06
5.516509000000000000e+06
5.517095000000000000e+06
5.517210000000000000e+06
5.524157000000000000e+06
5.524285000000000000e+06
5.524427000000000000e+06
5.525203000000000000e+06
5.526508000000000000e+06
5.530299000000000000e+06
5.535633000000000000e+06
5.538743000000000000e+06
5.538797000000000000e+06
5.541620000000000000e+06
5.541683000000000000e+06
5.543035000000000000e+06
5.551529000000000000e+06
5.556910000000000000e+06
5.559413000000000000e+06
5.560140000000000000e+06
5.565624000000000000e+06
5.574604000000000000e+06
5.576823000000000000e+06
5.580276000000000000e+06
5.581498000000000000e+06
5.582680000000000000e+06
5.589607000000000000e+06
5.595830000000000000e+06
5.604981000000000000e+06
5.605035000000000000e+06
5.613209000000000000e+06
5.613809000000000000e+06
5.620255000000000000e+06
5.623394000000000000e+06
5.625010000000000000e+06
5.626252000000000000e+06
5.638650000000000000e+06
5.639994000000000000e+06
5.646044000000000000e+06
5.648731000000000000e+06
5.651057000000000000e+06
5.651238000000000000e+06
5.655500000000000000e+06
5.655922000000000000e+06
5.656172000000000000e+06
5.656795000000000000e+06
5.663385000000000000e+06
5.669310000000000000e+06
5.673743000000000000e+06
5.694769000000000000e+06
5.707107000000000000e+06
5.707411000000000000e+06
5.712039000000000000e+06
5.716802000000000000e+06
5.738252000000000000e+06
5.768695000000000000e+06
5.770173000000000000e+06
5.770206000000000000e+06
5.770878000000000000e+06
5.770935000000000000e+06
5.771063000000000000e+06
5.771123000000000000e+06
5.773273000000000000e+06
5.774810000000000000e+06
5.778235000000000000e+06
5.778293000000000000e+06
5.779031000000000000e+06
5.779192000000000000e+06
5.779283000000000000e+06
5.780315000000000000e+06
5.780894000000000000e+06
5.783334000000000000e+06
5.784446000000000000e+06
5.785580000000000000e+06
5.786490000000000000e+06
5.787230000000000000e+06
5.787572000000000000e+06
5.796325000000000000e+06
5.798513000000000000e+06
5.798514000000000000e+06
5.803183000000000000e+06
5.803623000000000000e+06
5.803699000000000000e+06
5.803853000000000000e+06
5.807261000000000000e+06
5.809822000000000000e+06
5.823440000000000000e+06
5.827207000000000000e+06
5.833703000000000000e+06
5.834710000000000000e+06
5.836446000000000000e+06
5.837774000000000000e+06
5.838547000000000000e+06
5.839832000000000000e+06
5.840562000000000000e+06
5.845731000000000000e+06
5.849215000000000000e+06
5.850207000000000000e+06
5.852082000000000000e+06
5.852764000000000000e+06
5.869260000000000000e+06
5.871206000000000000e+06
5.871284000000000000e+06
5.880342000000000000e+06
5.885648000000000000e+06
5.885764000000000000e+06
5.903829000000000000e+06
5.903931000000000000e+06
5.904182000000000000e+06
5.910196000000000000e+06
5.913159000000000000e+06
5.919716000000000000e+06
5.925465000000000000e+06
5.934286000000000000e+06
5.935199000000000000e+06
5.936547000000000000e+06
5.937092000000000000e+06
5.940594000000000000e+06
5.940643000000000000e+06
5.947803000000000000e+06
5.948187000000000000e+06
5.949138000000000000e+06
5.966073000000000000e+06
5.972814000000000000e+06
5.983544000000000000e+06
5.984317000000000000e+06
6.001392000000000000e+06
6.010380000000000000e+06
6.029567000000000000e+06
6.030814000000000000e+06
6.032507000000000000e+06
6.032622000000000000e+06
6.033299000000000000e+06
6.036027000000000000e+06
6.037318000000000000e+06
6.055281000000000000e+06
6.058661000000000000e+06
6.065261000000000000e+06
6.069830000000000000e+06
6.086963000000000000e+06
6.096333000000000000e+06
6.098521000000000000e+06
6.098764000000000000e+06
6.105367000000000000e+06
6.107369000000000000e+06
6.119471000000000000e+06
6.120804000000000000e+06
6.129458000000000000e+06
6.152904000000000000e+06
6.164249000000000000e+06
6.166925000000000000e+06
6.202443000000000000e+06
6.204460000000000000e+06
6.226494000000000000e+06
6.228526000000000000e+06
6.229352000000000000e+06
6.262934000000000000e+06
6.267274000000000000e+06
6.292479000000000000e+06
6.292991000000000000e+06
6.293247000000000000e+06
6.293375000000000000e+06
6.294015000000000000e+06
6.294271000000000000e+06
6.294399000000000000e+06
6.294495000000000000e+06
6.294511000000000000e+06
6.294783000000000000e+06
6.294975000000000000e+06
6.295007000000000000e+06
6.295167000000000000e+06
6.295263000000000000e+06
6.295279000000000000e+06
6.295293000000000000e+06
6.295391000000000000e+06
6.295419000000000000e+06
6.295421000000000000e+06
6.295531000000000000e+06
6.295533000000000000e+06
6.295539000000000000e+06
6.295541000000000000e+06
6.296543000000000000e+06
6.297470000000000000e+06
6.298109000000000000e+06
6.298590000000000000e+06
6.299039000000000000e+06
6.303535000000000000e+06
6.303661000000000000e+06
6.303708000000000000e+06
6.305183000000000000e+06
6.306423000000000000e+06
6.306542000000000000e+06
6.306667000000000000e+06
6.310271000000000000e+06
6.310831000000000000e+06
6.311390000000000000e+06
6.311417000000000000e+06
6.311418000000000000e+06
6.311673000000000000e+06
6.311783000000000000e+06
6.312767000000000000e+06
6.314870000000000000e+06
6.315731000000000000e+06
6.315756000000000000e+06
6.318585000000000000e+06
6.319051000000000000e+06
6.319068000000000000e+06
6.324168000000000000e+06
6.328027000000000000e+06
6.328029000000000000e+06
6.331997000000000000e+06
6.332301000000000000e+06
6.332400000000000000e+06
6.335443000000000000e+06
6.336118000000000000e+06
6.336279000000000000e+06
6.342319000000000000e+06
6.343102000000000000e+06
6.343511000000000000e+06
6.343925000000000000e+06
6.344628000000000000e+06
6.353518000000000000e+06
6.360443000000000000e+06
6.360822000000000000e+06
6.363630000000000000e+06
6.364478000000000000e+06
6.364886000000000000e+06
6.364974000000000000e+06
6.366399000000000000e+06
6.367723000000000000e+06
6.376363000000000000e+06
6.376398000000000000e+06
6.377318000000000000e+06
6.381272000000000000e+06
6.383853000000000000e+06
6.387618000000000000e+06
6.389096000000000000e+06
6.391289000000000000e+06
6.392693000000000000e+06
6.393267000000000000e+06
6.396507000000000000e+06
6.397833000000000000e+06
6.401415000000000000e+06
6.407231000000000000e+06
6.408503000000000000e+06
6.409109000000000000e+06
6.410937000000000000e+06
6.412815000000000000e+06
6.417204000000000000e+06
6.417931000000000000e+06
6.420833000000000000e+06
6.425215000000000000e+06
6.425470000000000000e+06
6.425847000000000000e+06
6.426361000000000000e+06
6.426477000000000000e+06
6.428525000000000000e+06
6.429143000000000000e+06
6.433741000000000000e+06
6.434599000000000000e+06
6.438341000000000000e+06
6.444758000000000000e+06
6.445899000000000000e+06
6.446922000000000000e+06
6.448857000000000000e+06
6.449389000000000000e+06
6.450951000000000000e+06
6.453861000000000000e+06
6.454680000000000000e+06
6.457209000000000000e+06
6.458614000000000000e+06
6.462151000000000000e+06
6.462420000000000000e+06
6.462631000000000000e+06
6.469934000000000000e+06
6.474467000000000000e+06
6.484428000000000000e+06
6.486680000000000000e+06
6.486852000000000000e+06
6.487068000000000000e+06
6.489759000000000000e+06
6.492654000000000000e+06
6.495798000000000000e+06
6.498550000000000000e+06
6.498895000000000000e+06
6.509276000000000000e+06
6.514199000000000000e+06
6.515122000000000000e+06
6.521631000000000000e+06
6.525645000000000000e+06
6.530476000000000000e+06
6.534952000000000000e+06
6.538097000000000000e+06
6.556659000000000000e+06
6.556923000000000000e+06
6.557651000000000000e+06
6.561327000000000000e+06
6.565350000000000000e+06
6.569270000000000000e+06
6.573399000000000000e+06
6.573989000000000000e+06
6.574781000000000000e+06
6.579419000000000000e+06
6.579623000000000000e+06
6.582671000000000000e+06
6.587898000000000000e+06
6.587967000000000000e+06
6.588402000000000000e+06
6.589758000000000000e+06
6.589870000000000000e+06
6.593452000000000000e+06
6.604235000000000000e+06
6.604983000000000000e+06
6.606188000000000000e+06
6.616289000000000000e+06
6.616357000000000000e+06
6.621157000000000000e+06
6.621933000000000000e+06
6.622103000000000000e+06
6.622367000000000000e+06
6.622923000000000000e+06
6.624911000000000000e+06
6.627148000000000000e+06
6.627834000000000000e+06
6.628667000000000000e+06
6.643616000000000000e+06
6.658897000000000000e+06
6.660729000000000000e+06
6.665987000000000000e+06
6.678705000000000000e+06
6.686271000000000000e+06
6.686579000000000000e+06
6.687966000000000000e+06
6.688363000000000000e+06
6.695850000000000000e+06
6.698728000000000000e+06
6.702491000000000000e+06
6.703798000000000000e+06
6.704100000000000000e+06
6.706034000000000000e+06
6.726206000000000000e+06
6.726392000000000000e+06
6.735449000000000000e+06
6.736974000000000000e+06
6.753635000000000000e+06
6.770987000000000000e+06
6.783480000000000000e+06
6.783972000000000000e+06
6.800668000000000000e+06
6.819678000000000000e+06
6.819691000000000000e+06
6.819758000000000000e+06
6.819802000000000000e+06
6.824950000000000000e+06
6.826462000000000000e+06
6.827469000000000000e+06
6.830812000000000000e+06
6.830938000000000000e+06
6.834907000000000000e+06
6.838397000000000000e+06
6.838878000000000000e+06
6.842803000000000000e+06
6.843802000000000000e+06
6.846320000000000000e+06
6.851321000000000000e+06
6.851572000000000000e+06
6.853605000000000000e+06
6.858571000000000000e+06
6.859194000000000000e+06
6.860018000000000000e+06
6.860708000000000000e+06
6.864021000000000000e+06
6.866603000000000000e+06
6.867875000000000000e+06
6.869415000000000000e+06
6.884325000000000000e+06
6.884571000000000000e+06
6.884639000000000000e+06
6.885226000000000000e+06
6.887097000000000000e+06
6.888839000000000000e+06
6.895725000000000000e+06
6.898398000000000000e+06
6.899943000000000000e+06
6.900382000000000000e+06
6.903863000000000000e+06
6.917841000000000000e+06
6.918034000000000000e+06
6.920998000000000000e+06
6.926650000000000000e+06
6.929489000000000000e+06
6.941841000000000000e+06
6.947806000000000000e+06
6.950299000000000000e+06
6.950510000000000000e+06
6.956367000000000000e+06
6.958889000000000000e+06
6.960534000000000000e+06
6.960922000000000000e+06
6.964915000000000000e+06
6.973723000000000000e+06
6.974692000000000000e+06
6.981854000000000000e+06
6.984680000000000000e+06
7.000920000000000000e+06
7.013047000000000000e+06
7.016099000000000000e+06
7.017629000000000000e+06
7.018209000000000000e+06
7.019023000000000000e+06
7.026913000000000000e+06
7.026986000000000000e+06
7.082963000000000000e+06
7.083254000000000000e+06
7.087559000000000000e+06
7.090413000000000000e+06
7.097103000000000000e+06
7.097543000000000000e+06
7.101463000000000000e+06
7.113434000000000000e+06
7.117478000000000000e+06
7.119785000000000000e+06
7.129524000000000000e+06
7.132001000000000000e+06
7.145691000000000000e+06
7.146195000000000000e+06
7.149212000000000000e+06
7.152246000000000000e+06
7.170708000000000000e+06
7.189188000000000000e+06
7.199362000000000000e+06
7.212387000000000000e+06
7.214619000000000000e+06
7.217501000000000000e+06
7.217551000000000000e+06
7.250168000000000000e+06
7.255062000000000000e+06
7.270665000000000000e+06
7.275465000000000000e+06
7.276890000000000000e+06
7.283937000000000000e+06
7.323948000000000000e+06
7.340927000000000000e+06
7.341051000000000000e+06
7.341054000000000000e+06
7.342839000000000000e+06
7.343098000000000000e+06
7.344106000000000000e+06
7.345111000000000000e+06
7.345907000000000000e+06
7.346399000000000000e+06
7.347323000000000000e+06
7.347805000000000000e+06
7.349241000000000000e+06
7.350999000000000000e+06
7.351731000000000000e+06
7.352220000000000000e+06
7.353324000000000000e+06
7.356181000000000000e+06
7.358895000000000000e+06
7.359901000000000000e+06
7.360213000000000000e+06
7.361269000000000000e+06
7.362265000000000000e+06
7.366115000000000000e+06
7.366350000000000000e+06
7.368011000000000000e+06
7.372436000000000000e+06
7.374806000000000000e+06
7.375710000000000000e+06
7.382637000000000000e+06
7.384696000000000000e+06
7.398198000000000000e+06
7.401814000000000000e+06
7.405951000000000000e+06
7.406579000000000000e+06
7.408118000000000000e+06
7.414011000000000000e+06
7.415251000000000000e+06
7.416054000000000000e+06
7.429173000000000000e+06
7.441817000000000000e+06
7.443313000000000000e+06
7.447886000000000000e+06
7.454232000000000000e+06
7.474535000000000000e+06
7.474959000000000000e+06
7.478700000000000000e+06
7.481830000000000000e+06
7.482579000000000000e+06
7.496350000000000000e+06
7.496501000000000000e+06
7.500359000000000000e+06
7.505876000000000000e+06
7.506494000000000000e+06
7.511337000000000000e+06
7.513198000000000000e+06
7.519282000000000000e+06
7.540363000000000000e+06
7.545051000000000000e+06
7.564929000000000000e+06
7.578211000000000000e+06
7.605915000000000000e+06
7.606155000000000000e+06
7.607251000000000000e+06
7.609564000000000000e+06
7.610246000000000000e+06
7.612666000000000000e+06
7.622023000000000000e+06
7.629265000000000000e+06
7.635167000000000000e+06
7.638614000000000000e+06
7.639501000000000000e+06
7.640151000000000000e+06
7.640690000000000000e+06
7.641206000000000000e+06
7.654232000000000000e+06
7.656625000000000000e+06
7.668206000000000000e+06
7.671190000000000000e+06
7.673230000000000000e+06
7.707240000000000000e+06
7.711680000000000000e+06
7.719958000000000000e+06
7.736014000000000000e+06
7.744108000000000000e+06
7.744916000000000000e+06
7.751324000000000000e+06
7.752294000000000000e+06
7.754868000000000000e+06
7.766506000000000000e+06
7.767972000000000000e+06
7.812260000000000000e+06
7.865183000000000000e+06
7.866326000000000000e+06
7.866749000000000000e+06
7.867518000000000000e+06
7.868337000000000000e+06
7.871158000000000000e+06
7.872353000000000000e+06
7.874170000000000000e+06
7.875187000000000000e+06
7.875926000000000000e+06
7.876452000000000000e+06
7.880132000000000000e+06
7.888038000000000000e+06
7.891657000000000000e+06
7.898549000000000000e+06
7.900099000000000000e+06
7.916742000000000000e+06
7.931706000000000000e+06
7.935157000000000000e+06
7.936211000000000000e+06
7.936302000000000000e+06
7.941514000000000000e+06
7.948899000000000000e+06
7.954890000000000000e+06
7.993364000000000000e+06
7.997870000000000000e+06
7.998410000000000000e+06
7.998924000000000000e+06
7.999036000000000000e+06
8.005289000000000000e+06
8.013475000000000000e+06
8.020705000000000000e+06
8.049714000000000000e+06
8.064897000000000000e+06
8.112142000000000000e+06
8.127335000000000000e+06
8.129001000000000000e+06
8.131790000000000000e+06
8.132336000000000000e+06
8.132428000000000000e+06
8.136922000000000000e+06
8.139442000000000000e+06
8.164664000000000000e+06
8.167534000000000000e+06
8.193083000000000000e+06
8.257785000000000000e+06
8.258009000000000000e+06
8.260773000000000000e+06
8.260931000000000000e+06
8.261918000000000000e+06
8.274011000000000000e+06
8.325147000000000000e+06
8.390655000000000000e+06
8.391679000000000000e+06
8.392191000000000000e+06
8.392447000000000000e+06
8.392575000000000000e+06
8.392639000000000000e+06
8.392671000000000000e+06
8.392687000000000000e+06
8.392695000000000000e+06
8.392699000000000000e+06
8.392701000000000000e+06
8.392702000000000000e+06
8.394239000000000000e+06
8.394749000000000000e+06
8.395263000000000000e+06
8.395519000000000000e+06
8.395743000000000000e+06
8.395759000000000000e+06
8.395767000000000000e+06
8.396159000000000000e+06
8.396271000000000000e+06
8.396283000000000000e+06
8.396285000000000000e+06
8.396415000000000000e+06
8.396479000000000000e+06
8.396535000000000000e+06
8.396541000000000000e+06
8.396607000000000000e+06
8.396639000000000000e+06
8.396663000000000000e+06
8.396667000000000000e+06
8.396727000000000000e+06
8.396751000000000000e+06
8.396763000000000000e+06
8.397823000000000000e+06
8.398719000000000000e+06
8.398815000000000000e+06
8.398831000000000000e+06
8.398843000000000000e+06
8.399359000000000000e+06
8.399743000000000000e+06
8.399870000000000000e+06
8.400127000000000000e+06
8.400319000000000000e+06
8.400351000000000000e+06
8.400367000000000000e+06
8.400375000000000000e+06
8.400379000000000000e+06
8.400382000000000000e+06
8.400607000000000000e+06
8.400623000000000000e+06
8.400638000000000000e+06
8.400703000000000000e+06
8.400751000000000000e+06
8.400799000000000000e+06
8.400815000000000000e+06
8.400823000000000000e+06
8.400827000000000000e+06
8.400829000000000000e+06
8.400861000000000000e+06
8.400871000000000000e+06
8.400877000000000000e+06
8.400890000000000000e+06
8.402430000000000000e+06
8.402807000000000000e+06
8.402878000000000000e+06
8.402919000000000000e+06
8.402926000000000000e+06
8.403871000000000000e+06
8.404591000000000000e+06
8.404917000000000000e+06
8.404941000000000000e+06
8.404977000000000000e+06
8.404984000000000000e+06
8.406015000000000000e+06
8.406783000000000000e+06
8.407007000000000000e+06
8.407023000000000000e+06
8.407031000000000000e+06
8.407807000000000000e+06
8.407935000000000000e+06
8.408047000000000000e+06
8.408319000000000000e+06
8.408511000000000000e+06
8.408543000000000000e+06
8.408559000000000000e+06
8.408573000000000000e+06
8.408703000000000000e+06
8.408815000000000000e+06
8.408823000000000000e+06
8.408829000000000000e+06
8.408830000000000000e+06
8.408951000000000000e+06
8.408958000000000000e+06
8.408991000000000000e+06
8.409015000000000000e+06
8.409019000000000000e+06
8.409053000000000000e+06
8.412027000000000000e+06
8.412351000000000000e+06
8.414973000000000000e+06
8.416207000000000000e+06
8.417011000000000000e+06
8.417203000000000000e+06
8.417251000000000000e+06
8.420302000000000000e+06
8.420573000000000000e+06
8.420825000000000000e+06
8.421015000000000000e+06
8.422399000000000000e+06
8.422911000000000000e+06
8.423167000000000000e+06
8.423407000000000000e+06
8.423415000000000000e+06
8.424319000000000000e+06
8.424383000000000000e+06
8.424415000000000000e+06
8.424439000000000000e+06
8.424831000000000000e+06
8.424895000000000000e+06
8.424943000000000000e+06
8.425087000000000000e+06
8.425327000000000000e+06
8.425339000000000000e+06
8.425391000000000000e+06
8.425399000000000000e+06
8.425405000000000000e+06
8.425437000000000000e+06
8.425451000000000000e+06
8.425453000000000000e+06
8.425454000000000000e+06
8.425461000000000000e+06
8.426367000000000000e+06
8.426975000000000000e+06
8.427486000000000000e+06
8.428159000000000000e+06
8.428510000000000000e+06
8.428990000000000000e+06
8.429391000000000000e+06
8.430587000000000000e+06
8.431535000000000000e+06
8.431567000000000000e+06
8.431612000000000000e+06
8.433327000000000000e+06
8.433398000000000000e+06
8.433495000000000000e+06
8.434670000000000000e+06
8.436459000000000000e+06
8.438782000000000000e+06
8.440543000000000000e+06
8.440639000000000000e+06
8.441055000000000000e+06
8.441151000000000000e+06
8.441519000000000000e+06
8.441662000000000000e+06
8.441722000000000000e+06
8.441820000000000000e+06
8.443367000000000000e+06
8.444409000000000000e+06
8.447803000000000000e+06
8.450997000000000000e+06
8.453059000000000000e+06
8.453902000000000000e+06
8.455167000000000000e+06
8.456159000000000000e+06
8.456175000000000000e+06
8.456187000000000000e+06
8.456189000000000000e+06
8.456703000000000000e+06
8.457087000000000000e+06
8.457151000000000000e+06
8.457207000000000000e+06
8.457211000000000000e+06
8.457213000000000000e+06
8.457663000000000000e+06
8.457695000000000000e+06
8.457711000000000000e+06
8.457719000000000000e+06
8.457855000000000000e+06
8.457919000000000000e+06
8.457979000000000000e+06
8.457981000000000000e+06
8.458047000000000000e+06
8.458079000000000000e+06
8.458095000000000000e+06
8.458103000000000000e+06
8.458107000000000000e+06
8.458109000000000000e+06
8.458143000000000000e+06
8.458167000000000000e+06
8.458191000000000000e+06
8.458199000000000000e+06
8.458203000000000000e+06
8.458219000000000000e+06
8.458221000000000000e+06
8.459647000000000000e+06
8.460269000000000000e+06
8.461023000000000000e+06
8.461743000000000000e+06
8.462061000000000000e+06
8.462847000000000000e+06
8.464251000000000000e+06
8.465787000000000000e+06
8.466286000000000000e+06
8.466406000000000000e+06
8.468063000000000000e+06
8.468079000000000000e+06
8.469369000000000000e+06
8.469484000000000000e+06
8.470343000000000000e+06
8.470377000000000000e+06
8.473594000000000000e+06
8.474423000000000000e+06
8.474459000000000000e+06
8.474489000000000000e+06
8.478428000000000000e+06
8.482490000000000000e+06
8.488415000000000000e+06
8.488823000000000000e+06
8.488829000000000000e+06
8.489599000000000000e+06
8.489965000000000000e+06
8.489977000000000000e+06
8.490621000000000000e+06
8.492734000000000000e+06
8.493883000000000000e+06
8.494453000000000000e+06
8.494906000000000000e+06
8.495052000000000000e+06
8.496829000000000000e+06
8.498917000000000000e+06
8.502130000000000000e+06
8.505269000000000000e+06
8.505981000000000000e+06
8.506791000000000000e+06
8.507079000000000000e+06
8.507337000000000000e+06
8.509929000000000000e+06
8.511173000000000000e+06
8.511990000000000000e+06
8.514247000000000000e+06
8.514488000000000000e+06
8.514499000000000000e+06
8.516302000000000000e+06
8.521215000000000000e+06
8.521471000000000000e+06
8.521663000000000000e+06
8.521725000000000000e+06
8.522495000000000000e+06
8.522687000000000000e+06
8.522719000000000000e+06
8.522735000000000000e+06
8.522749000000000000e+06
8.523007000000000000e+06
8.523259000000000000e+06
8.523391000000000000e+06
8.523455000000000000e+06
8.523487000000000000e+06
8.523503000000000000e+06
8.523583000000000000e+06
8.523639000000000000e+06
8.523643000000000000e+06
8.523679000000000000e+06
8.523695000000000000e+06
8.523703000000000000e+06
8.523739000000000000e+06
8.523741000000000000e+06
8.523751000000000000e+06
8.523755000000000000e+06
8.523763000000000000e+06
8.523765000000000000e+06
8.523766000000000000e+06
8.523769000000000000e+06
8.523770000000000000e+06
8.526303000000000000e+06
8.526327000000000000e+06
8.526718000000000000e+06
8.526837000000000000e+06
8.527719000000000000e+06
8.529783000000000000e+06
8.529886000000000000e+06
8.530799000000000000e+06
8.531551000000000000e+06
8.531699000000000000e+06
8.534902000000000000e+06
8.535028000000000000e+06
8.535757000000000000e+06
8.535765000000000000e+06
8.536959000000000000e+06
8.541677000000000000e+06
8.542061000000000000e+06
8.543823000000000000e+06
8.544120000000000000e+06
8.545661000000000000e+06
8.549747000000000000e+06
8.555485000000000000e+06
8.555887000000000000e+06
8.556269000000000000e+06
8.556349000000000000e+06
8.558055000000000000e+06
8.559966000000000000e+06
8.564092000000000000e+06
8.564633000000000000e+06
8.565678000000000000e+06
8.571103000000000000e+06
8.572141000000000000e+06
8.572503000000000000e+06
8.572598000000000000e+06
8.572730000000000000e+06
8.572764000000000000e+06
8.578005000000000000e+06
8.578010000000000000e+06
8.580435000000000000e+06
8.587006000000000000e+06
8.587519000000000000e+06
8.587711000000000000e+06
8.588251000000000000e+06
8.589087000000000000e+06
8.591255000000000000e+06
8.593179000000000000e+06
8.593257000000000000e+06
8.596333000000000000e+06
8.596670000000000000e+06
8.596891000000000000e+06
8.597301000000000000e+06
8.597445000000000000e+06
8.599404000000000000e+06
8.600123000000000000e+06
8.600934000000000000e+06
8.602599000000000000e+06
8.603513000000000000e+06
8.603839000000000000e+06
8.604093000000000000e+06
8.604154000000000000e+06
8.604531000000000000e+06
8.604645000000000000e+06
8.604652000000000000e+06
8.605483000000000000e+06
8.611667000000000000e+06
8.612175000000000000e+06
8.615408000000000000e+06
8.620907000000000000e+06
8.621742000000000000e+06
8.621944000000000000e+06
8.622040000000000000e+06
8.626682000000000000e+06
8.627834000000000000e+06
8.629929000000000000e+06
8.637549000000000000e+06
8.640741000000000000e+06
8.652287000000000000e+06
8.652671000000000000e+06
8.652735000000000000e+06
8.652783000000000000e+06
8.652791000000000000e+06
8.653567000000000000e+06
8.653791000000000000e+06
8.653807000000000000e+06
8.654079000000000000e+06
8.654327000000000000e+06
8.654331000000000000e+06
8.654463000000000000e+06
8.654559000000000000e+06
8.654575000000000000e+06
8.654583000000000000e+06
8.654587000000000000e+06
8.654655000000000000e+06
8.654687000000000000e+06
8.654703000000000000e+06
8.654711000000000000e+06
8.654717000000000000e+06
8.654767000000000000e+06
8.654775000000000000e+06
8.654782000000000000e+06
8.654799000000000000e+06
8.654841000000000000e+06
8.657375000000000000e+06
8.658591000000000000e+06
8.658621000000000000e+06
8.658775000000000000e+06
8.658779000000000000e+06
8.658781000000000000e+06
8.662447000000000000e+06
8.662965000000000000e+06
8.662966000000000000e+06
8.662983000000000000e+06
8.664759000000000000e+06
8.665076000000000000e+06
8.668158000000000000e+06
8.669180000000000000e+06
8.670187000000000000e+06
8.670527000000000000e+06
8.670907000000000000e+06
8.671164000000000000e+06
8.674172000000000000e+06
8.677294000000000000e+06
8.678361000000000000e+06
8.678637000000000000e+06
8.679115000000000000e+06
8.679384000000000000e+06
8.682830000000000000e+06
8.685183000000000000e+06
8.686063000000000000e+06
8.686511000000000000e+06
8.686582000000000000e+06
8.686967000000000000e+06
8.687342000000000000e+06
8.687484000000000000e+06
8.688495000000000000e+06
8.691101000000000000e+06
8.692447000000000000e+06
8.693710000000000000e+06
8.696694000000000000e+06
8.697578000000000000e+06
8.699531000000000000e+06
8.701944000000000000e+06
8.705597000000000000e+06
8.705958000000000000e+06
8.709831000000000000e+06
8.710389000000000000e+06
8.710774000000000000e+06
8.718302000000000000e+06
8.719099000000000000e+06
8.720183000000000000e+06
8.720243000000000000e+06
8.720358000000000000e+06
8.722361000000000000e+06
8.723418000000000000e+06
8.724344000000000000e+06
8.726415000000000000e+06
8.727797000000000000e+06
8.728434000000000000e+06
8.730845000000000000e+06
8.733935000000000000e+06
8.735869000000000000e+06
8.736558000000000000e+06
8.737375000000000000e+06
8.737721000000000000e+06
8.743134000000000000e+06
8.743311000000000000e+06
8.746127000000000000e+06
8.751003000000000000e+06
8.752749000000000000e+06
8.752882000000000000e+06
8.758227000000000000e+06
8.771237000000000000e+06
8.784511000000000000e+06
8.784635000000000000e+06
8.784859000000000000e+06
8.785335000000000000e+06
8.785639000000000000e+06
8.785645000000000000e+06
8.787822000000000000e+06
8.791231000000000000e+06
8.792926000000000000e+06
8.793631000000000000e+06
8.793899000000000000e+06
8.794839000000000000e+06
8.794971000000000000e+06
8.796775000000000000e+06
8.797637000000000000e+06
8.798973000000000000e+06
8.799737000000000000e+06
8.800061000000000000e+06
8.802782000000000000e+06
8.804243000000000000e+06
8.811406000000000000e+06
8.816494000000000000e+06
8.818347000000000000e+06
8.819950000000000000e+06
8.820650000000000000e+06
8.821702000000000000e+06
8.824221000000000000e+06
8.825150000000000000e+06
8.825802000000000000e+06
8.825965000000000000e+06
8.826139000000000000e+06
8.826296000000000000e+06
8.826321000000000000e+06
8.828309000000000000e+06
8.832691000000000000e+06
8.836878000000000000e+06
8.839387000000000000e+06
8.849262000000000000e+06
8.849355000000000000e+06
8.853323000000000000e+06
8.856159000000000000e+06
8.856534000000000000e+06
8.857006000000000000e+06
8.858255000000000000e+06
8.859179000000000000e+06
8.864718000000000000e+06
8.866521000000000000e+06
8.866637000000000000e+06
8.867064000000000000e+06
8.867482000000000000e+06
8.885561000000000000e+06
8.895297000000000000e+06
8.897175000000000000e+06
8.914935000000000000e+06
8.914939000000000000e+06
8.914941000000000000e+06
8.915903000000000000e+06
8.915959000000000000e+06
8.915963000000000000e+06
8.916351000000000000e+06
8.916463000000000000e+06
8.916471000000000000e+06
8.916477000000000000e+06
8.916703000000000000e+06
8.916719000000000000e+06
8.916733000000000000e+06
8.916831000000000000e+06
8.916855000000000000e+06
8.916895000000000000e+06
8.916911000000000000e+06
8.916923000000000000e+06
8.916925000000000000e+06
8.916951000000000000e+06
8.916973000000000000e+06
8.916979000000000000e+06
8.916981000000000000e+06
8.918013000000000000e+06
8.920894000000000000e+06
8.921855000000000000e+06
8.922619000000000000e+06
8.922621000000000000e+06
8.923005000000000000e+06
8.924862000000000000e+06
8.927737000000000000e+06
8.932830000000000000e+06
8.932990000000000000e+06
8.933085000000000000e+06
8.933244000000000000e+06
8.933349000000000000e+06
8.940013000000000000e+06
8.942239000000000000e+06
8.943324000000000000e+06
8.943459000000000000e+06
8.947183000000000000e+06
8.949407000000000000e+06
8.949483000000000000e+06
8.949551000000000000e+06
8.949737000000000000e+06
8.953077000000000000e+06
8.954813000000000000e+06
8.954831000000000000e+06
8.957660000000000000e+06
8.957742000000000000e+06
8.961385000000000000e+06
8.964604000000000000e+06
8.967928000000000000e+06
8.971163000000000000e+06
8.971943000000000000e+06
8.972635000000000000e+06
8.973110000000000000e+06
8.973731000000000000e+06
8.973959000000000000e+06
8.974242000000000000e+06
8.980459000000000000e+06
8.981995000000000000e+06
8.982135000000000000e+06
8.982390000000000000e+06
8.984538000000000000e+06
8.985047000000000000e+06
8.985719000000000000e+06
8.986540000000000000e+06
8.989421000000000000e+06
8.989487000000000000e+06
8.989519000000000000e+06
8.989822000000000000e+06
8.990110000000000000e+06
8.990193000000000000e+06
8.998461000000000000e+06
9.001303000000000000e+06
9.002674000000000000e+06
9.003359000000000000e+06
9.014695000000000000e+06
9.014965000000000000e+06
9.015014000000000000e+06
9.017204000000000000e+06
9.020875000000000000e+06
9.022874000000000000e+06
9.024615000000000000e+06
9.025933000000000000e+06
9.035089000000000000e+06
9.046767000000000000e+06
9.046907000000000000e+06
9.047022000000000000e+06
9.047293000000000000e+06
9.047735000000000000e+06
9.047915000000000000e+06
9.048035000000000000e+06
9.049947000000000000e+06
9.053023000000000000e+06
9.053911000000000000e+06
9.055595000000000000e+06
9.055691000000000000e+06
9.057769000000000000e+06
9.058123000000000000e+06
9.059613000000000000e+06
9.063367000000000000e+06
9.063397000000000000e+06
9.064919000000000000e+06
9.070266000000000000e+06
9.071321000000000000e+06
9.071495000000000000e+06
9.072338000000000000e+06
9.079903000000000000e+06
9.082091000000000000e+06
9.082677000000000000e+06
9.083699000000000000e+06
9.083966000000000000e+06
9.086557000000000000e+06
9.086805000000000000e+06
9.092756000000000000e+06
9.094838000000000000e+06
9.099673000000000000e+06
9.110143000000000000e+06
9.110447000000000000e+06
9.112301000000000000e+06
9.112941000000000000e+06
9.113419000000000000e+06
9.113497000000000000e+06
9.119665000000000000e+06
9.124026000000000000e+06
9.124398000000000000e+06
9.125189000000000000e+06
9.131984000000000000e+06
9.133720000000000000e+06
9.134267000000000000e+06
9.137745000000000000e+06
9.139017000000000000e+06
9.143899000000000000e+06
9.144110000000000000e+06
9.146161000000000000e+06
9.158767000000000000e+06
9.164232000000000000e+06
9.177535000000000000e+06
9.177595000000000000e+06
9.178605000000000000e+06
9.178719000000000000e+06
9.183180000000000000e+06
9.185212000000000000e+06
9.186095000000000000e+06
9.186206000000000000e+06
9.186233000000000000e+06
9.188270000000000000e+06
9.189818000000000000e+06
9.194236000000000000e+06
9.208317000000000000e+06
9.210806000000000000e+06
9.211006000000000000e+06
9.211303000000000000e+06
9.214886000000000000e+06
9.215277000000000000e+06
9.217822000000000000e+06
9.217894000000000000e+06
9.218894000000000000e+06
9.219737000000000000e+06
9.221293000000000000e+06
9.235874000000000000e+06
9.242045000000000000e+06
9.242586000000000000e+06
9.243578000000000000e+06
9.246110000000000000e+06
9.247263000000000000e+06
9.249583000000000000e+06
9.258469000000000000e+06
9.259373000000000000e+06
9.259859000000000000e+06
9.274748000000000000e+06
9.275122000000000000e+06
9.280653000000000000e+06
9.284003000000000000e+06
9.293364000000000000e+06
9.309910000000000000e+06
9.312890000000000000e+06
9.315181000000000000e+06
9.315289000000000000e+06
9.321238000000000000e+06
9.324759000000000000e+06
9.325342000000000000e+06
9.325418000000000000e+06
9.329197000000000000e+06
9.340311000000000000e+06
9.341263000000000000e+06
9.341898000000000000e+06
9.342566000000000000e+06
9.344696000000000000e+06
9.356521000000000000e+06
9.364200000000000000e+06
9.365092000000000000e+06
9.366408000000000000e+06
9.390486000000000000e+06
9.394374000000000000e+06
9.396600000000000000e+06
9.405230000000000000e+06
9.405750000000000000e+06
9.406588000000000000e+06
9.407092000000000000e+06
9.438719000000000000e+06
9.438975000000000000e+06
9.439103000000000000e+06
9.439215000000000000e+06
9.439227000000000000e+06
9.439229000000000000e+06
9.439743000000000000e+06
9.440127000000000000e+06
9.440247000000000000e+06
9.440251000000000000e+06
9.440254000000000000e+06
9.440511000000000000e+06
9.440759000000000000e+06
9.440763000000000000e+06
9.440959000000000000e+06
9.440991000000000000e+06
9.441087000000000000e+06
9.441119000000000000e+06
9.441135000000000000e+06
9.441183000000000000e+06
9.441199000000000000e+06
9.441214000000000000e+06
9.441255000000000000e+06
9.441261000000000000e+06
9.441269000000000000e+06
9.443070000000000000e+06
9.444791000000000000e+06
9.444823000000000000e+06
9.445182000000000000e+06
9.445278000000000000e+06
9.445887000000000000e+06
9.447327000000000000e+06
9.447357000000000000e+06
9.448063000000000000e+06
9.451371000000000000e+06
9.452127000000000000e+06
9.453477000000000000e+06
9.454589000000000000e+06
9.457275000000000000e+06
9.457367000000000000e+06
9.457565000000000000e+06
9.460653000000000000e+06
9.461744000000000000e+06
9.464307000000000000e+06
9.465195000000000000e+06
9.465423000000000000e+06
9.471965000000000000e+06
9.472975000000000000e+06
9.473886000000000000e+06
9.473959000000000000e+06
9.473971000000000000e+06
9.474040000000000000e+06
9.476974000000000000e+06
9.477557000000000000e+06
9.477581000000000000e+06
9.477838000000000000e+06
9.479157000000000000e+06
9.481070000000000000e+06
9.481438000000000000e+06
9.485878000000000000e+06
9.489015000000000000e+06
9.489867000000000000e+06
9.495797000000000000e+06
9.504510000000000000e+06
9.506429000000000000e+06
9.506479000000000000e+06
9.506675000000000000e+06
9.507295000000000000e+06
9.508463000000000000e+06
9.508828000000000000e+06
9.510797000000000000e+06
9.512889000000000000e+06
9.515727000000000000e+06
9.518514000000000000e+06
9.521078000000000000e+06
9.521629000000000000e+06
9.522932000000000000e+06
9.535237000000000000e+06
9.539257000000000000e+06
9.539478000000000000e+06
9.541406000000000000e+06
9.541451000000000000e+06
9.543632000000000000e+06
9.544315000000000000e+06
9.545278000000000000e+06
9.545487000000000000e+06
9.550998000000000000e+06
9.558826000000000000e+06
9.560933000000000000e+06
9.561869000000000000e+06
9.565347000000000000e+06
9.569663000000000000e+06
9.572059000000000000e+06
9.572278000000000000e+06
9.572301000000000000e+06
9.576149000000000000e+06
9.578750000000000000e+06
9.578863000000000000e+06
9.579506000000000000e+06
9.580020000000000000e+06
9.580389000000000000e+06
9.583925000000000000e+06
9.584234000000000000e+06
9.586411000000000000e+06
9.587518000000000000e+06
9.587547000000000000e+06
9.591195000000000000e+06
9.594535000000000000e+06
9.596340000000000000e+06
9.600323000000000000e+06
9.602044000000000000e+06
9.608440000000000000e+06
9.608860000000000000e+06
9.613094000000000000e+06
9.615178000000000000e+06
9.620394000000000000e+06
9.624944000000000000e+06
9.630237000000000000e+06
9.630855000000000000e+06
9.635766000000000000e+06
9.641573000000000000e+06
9.644405000000000000e+06
9.647793000000000000e+06
9.652335000000000000e+06
9.653172000000000000e+06
9.659345000000000000e+06
9.670057000000000000e+06
9.670114000000000000e+06
9.670452000000000000e+06
9.674066000000000000e+06
9.677369000000000000e+06
9.684534000000000000e+06
9.688206000000000000e+06
9.701855000000000000e+06
9.702267000000000000e+06
9.703035000000000000e+06
9.703147000000000000e+06
9.703255000000000000e+06
9.704799000000000000e+06
9.705839000000000000e+06
9.706457000000000000e+06
9.706938000000000000e+06
9.711437000000000000e+06
9.713137000000000000e+06
9.719288000000000000e+06
9.721181000000000000e+06
9.721678000000000000e+06
9.722360000000000000e+06
9.724796000000000000e+06
9.724913000000000000e+06
9.725782000000000000e+06
9.728435000000000000e+06
9.729565000000000000e+06
9.732479000000000000e+06
9.737690000000000000e+06
9.737701000000000000e+06
9.740120000000000000e+06
9.741531000000000000e+06
9.743481000000000000e+06
9.745763000000000000e+06
9.751382000000000000e+06
9.751758000000000000e+06
9.759412000000000000e+06
9.766870000000000000e+06
9.767759000000000000e+06
9.768111000000000000e+06
9.772327000000000000e+06
9.772772000000000000e+06
9.774878000000000000e+06
9.775726000000000000e+06
9.779509000000000000e+06
9.783899000000000000e+06
9.798517000000000000e+06
9.800054000000000000e+06
9.805919000000000000e+06
9.815371000000000000e+06
9.820812000000000000e+06
9.834157000000000000e+06
9.841276000000000000e+06
9.848294000000000000e+06
9.850041000000000000e+06
9.850507000000000000e+06
9.854230000000000000e+06
9.865690000000000000e+06
9.873297000000000000e+06
9.896940000000000000e+06
9.897956000000000000e+06
9.899876000000000000e+06
9.900726000000000000e+06
9.901688000000000000e+06
9.914478000000000000e+06
9.922853000000000000e+06
9.929916000000000000e+06
9.930317000000000000e+06
9.963261000000000000e+06
9.964509000000000000e+06
9.964797000000000000e+06
9.964925000000000000e+06
9.966555000000000000e+06
9.967451000000000000e+06
9.968443000000000000e+06
9.968506000000000000e+06
9.969017000000000000e+06
9.969081000000000000e+06
9.971326000000000000e+06
9.971638000000000000e+06
9.972206000000000000e+06
9.972895000000000000e+06
9.973147000000000000e+06
9.973240000000000000e+06
9.973468000000000000e+06
9.980875000000000000e+06
9.981905000000000000e+06
9.982559000000000000e+06
9.983183000000000000e+06
9.984746000000000000e+06
9.985834000000000000e+06
9.989929000000000000e+06
9.990842000000000000e+06
9.992782000000000000e+06
9.997292000000000000e+06
9.999334000000000000e+06
1.000082500000000000e+07
1.000176500000000000e+07
1.000225700000000000e+07
1.000875700000000000e+07
1.000920200000000000e+07
1.001352500000000000e+07
1.001918100000000000e+07
1.002077600000000000e+07
1.002098600000000000e+07
1.002975800000000000e+07
1.003029500000000000e+07
1.003103200000000000e+07
1.003209000000000000e+07
1.003247700000000000e+07
1.004473400000000000e+07
1.004590200000000000e+07
1.004686200000000000e+07
1.004740000000000000e+07
1.005518100000000000e+07
1.006108700000000000e+07
1.007341300000000000e+07
1.007732700000000000e+07
1.008769200000000000e+07
1.009353100000000000e+07
1.009444300000000000e+07
1.009553300000000000e+07
1.009647400000000000e+07
1.009649800000000000e+07
1.009841200000000000e+07
1.010016500000000000e+07
1.011066700000000000e+07
1.011139000000000000e+07
1.011466800000000000e+07
1.011881900000000000e+07
1.011995800000000000e+07
1.013013300000000000e+07
1.013615300000000000e+07
1.014341600000000000e+07
1.015109600000000000e+07
1.015228000000000000e+07
1.016280600000000000e+07
1.016697200000000000e+07
1.017458900000000000e+07
1.017496800000000000e+07
1.017641800000000000e+07
1.017908700000000000e+07
1.020944300000000000e+07
1.022003800000000000e+07
1.023025000000000000e+07
1.023118200000000000e+07
1.023137900000000000e+07
1.023928200000000000e+07
1.024732400000000000e+07
1.024999800000000000e+07
1.025047600000000000e+07
1.025079500000000000e+07
1.025874700000000000e+07
1.027436200000000000e+07
1.027536700000000000e+07
1.027779400000000000e+07
1.028354500000000000e+07
1.028613600000000000e+07
1.029023900000000000e+07
1.029281100000000000e+07
1.029640500000000000e+07
1.029753400000000000e+07
1.029893400000000000e+07
1.030382500000000000e+07
1.030881700000000000e+07
1.033371300000000000e+07
1.034244500000000000e+07
1.035745300000000000e+07
1.036333900000000000e+07
1.036367500000000000e+07
1.036411800000000000e+07
1.036471600000000000e+07
1.037348200000000000e+07
1.038082800000000000e+07
1.038826900000000000e+07
1.039545600000000000e+07
1.040086800000000000e+07
1.042202300000000000e+07
1.042641100000000000e+07
1.044648000000000000e+07
1.044896300000000000e+07
1.048774300000000000e+07
1.048777500000000000e+07
1.048779900000000000e+07
1.048857500000000000e+07
1.048870300000000000e+07
1.048881500000000000e+07
1.048882300000000000e+07
1.048927900000000000e+07
1.048931100000000000e+07
1.048932700000000000e+07
1.048933500000000000e+07
1.048953500000000000e+07
1.048956700000000000e+07
1.048958300000000000e+07
1.048971100000000000e+07
1.048971900000000000e+07
1.048972500000000000e+07
1.048975900000000000e+07
1.048978900000000000e+07
1.048981500000000000e+07
1.048981900000000000e+07
1.049278300000000000e+07
1.049289400000000000e+07
1.049535900000000000e+07
1.049571100000000000e+07
1.049586700000000000e+07
1.049593300000000000e+07
1.049745500000000000e+07
1.050057100000000000e+07
1.050180500000000000e+07
1.050200100000000000e+07
1.050206800000000000e+07
1.050412300000000000e+07
1.050879600000000000e+07
1.050951900000000000e+07
1.050981200000000000e+07
1.051083900000000000e+07
1.051377400000000000e+07
1.051832200000000000e+07
1.052257900000000000e+07
1.052362700000000000e+07
1.052568800000000000e+07
1.052722700000000000e+07
1.052847500000000000e+07
1.052863600000000000e+07
1.052914300000000000e+07
1.053220300000000000e+07
1.053679800000000000e+07
1.053857500000000000e+07
1.053868200000000000e+07
1.054199000000000000e+07
1.054385100000000000e+07
1.055530700000000000e+07
1.055727800000000000e+07
1.055844900000000000e+07
1.055987100000000000e+07
1.056150000000000000e+07
1.056236500000000000e+07
1.056251500000000000e+07
1.056542100000000000e+07
1.056914300000000000e+07
1.056998200000000000e+07
1.057158000000000000e+07
1.057269500000000000e+07
1.057277700000000000e+07
1.057457000000000000e+07
1.057507700000000000e+07
1.057679500000000000e+07
1.057917100000000000e+07
1.057953900000000000e+07
1.057956100000000000e+07
1.058087100000000000e+07
1.058273700000000000e+07
1.058381400000000000e+07
1.058596500000000000e+07
1.058972700000000000e+07
1.059714700000000000e+07
1.059793300000000000e+07
1.059907800000000000e+07
1.061783900000000000e+07
1.061860700000000000e+07
1.061862200000000000e+07
1.061883100000000000e+07
1.061887600000000000e+07
1.061963100000000000e+07
1.061985500000000000e+07
1.062057500000000000e+07
1.062091600000000000e+07
1.062485100000000000e+07
1.062488100000000000e+07
1.062844500000000000e+07
1.062901300000000000e+07
1.063003100000000000e+07
1.063260400000000000e+07
1.063471100000000000e+07
1.063599700000000000e+07
1.063599800000000000e+07
1.063602800000000000e+07
1.063881000000000000e+07
1.063882600000000000e+07
1.063924500000000000e+07
1.064310100000000000e+07
1.064403000000000000e+07
1.064404700000000000e+07
1.064412500000000000e+07
1.064504300000000000e+07
1.064734600000000000e+07
1.065059000000000000e+07
1.065596600000000000e+07
1.065688600000000000e+07
1.066822200000000000e+07
1.067330100000000000e+07
1.067395300000000000e+07
1.067408000000000000e+07
1.067787200000000000e+07
1.068060100000000000e+07
1.068516600000000000e+07
1.068613300000000000e+07
1.068630700000000000e+07
1.069302100000000000e+07
1.069392700000000000e+07
1.069557800000000000e+07
1.069655200000000000e+07
1.069972600000000000e+07
1.070204400000000000e+07
1.070561000000000000e+07
1.070875500000000000e+07
1.071011700000000000e+07
1.071488100000000000e+07
1.071601400000000000e+07
1.072261200000000000e+07
1.072766000000000000e+07
1.073480800000000000e+07
1.074892500000000000e+07
1.075070300000000000e+07
1.075097200000000000e+07
1.075167700000000000e+07
1.075173700000000000e+07
1.075186500000000000e+07
1.075287900000000000e+07
1.075455300000000000e+07
1.075492500000000000e+07
1.075503300000000000e+07
1.075785100000000000e+07
1.075884300000000000e+07
1.075965300000000000e+07
1.076002200000000000e+07
1.076013300000000000e+07
1.076478300000000000e+07
1.076833000000000000e+07
1.077074300000000000e+07
1.077637600000000000e+07
1.077645700000000000e+07
1.078373000000000000e+07
1.078392700000000000e+07
1.078571700000000000e+07
1.078981400000000000e+07
1.079842900000000000e+07
1.079889400000000000e+07
1.079985000000000000e+07
1.080381300000000000e+07
1.081490900000000000e+07
1.081586900000000000e+07
1.081701600000000000e+07
1.082132100000000000e+07
1.082333500000000000e+07
1.082490900000000000e+07
1.083350900000000000e+07
1.083938200000000000e+07
1.084030000000000000e+07
1.084811300000000000e+07
1.085229000000000000e+07
1.085419200000000000e+07
1.088302500000000000e+07
1.088457900000000000e+07
1.088695000000000000e+07
1.088886200000000000e+07
1.088994500000000000e+07
1.090580500000000000e+07
1.090602600000000000e+07
1.090621700000000000e+07
1.091209500000000000e+07
1.091254300000000000e+07
1.091351400000000000e+07
1.091615800000000000e+07
1.092152900000000000e+07
1.092681600000000000e+07
1.092859500000000000e+07
1.093172300000000000e+07
1.095099700000000000e+07
1.095448000000000000e+07
1.097524300000000000e+07
1.097839800000000000e+07
1.098565700000000000e+07
1.101203000000000000e+07
1.101387700000000000e+07
1.101406700000000000e+07
1.101503100000000000e+07
1.101617700000000000e+07
1.101820000000000000e+07
1.102426700000000000e+07
1.102581800000000000e+07
1.102872700000000000e+07
1.102885900000000000e+07
1.102915100000000000e+07
1.102935700000000000e+07
1.103714500000000000e+07
1.104058200000000000e+07
1.104585900000000000e+07
1.105838800000000000e+07
1.106261700000000000e+07
1.106950100000000000e+07
1.107136100000000000e+07
1.107827000000000000e+07
1.107830300000000000e+07
1.107937300000000000e+07
1.108015100000000000e+07
1.108105400000000000e+07
1.108258200000000000e+07
1.108567300000000000e+07
1.108749500000000000e+07
1.108762900000000000e+07
1.109271800000000000e+07
1.109552100000000000e+07
1.110334800000000000e+07
1.110878300000000000e+07
1.111196300000000000e+07
1.112156000000000000e+07
1.112175400000000000e+07
1.112947900000000000e+07
1.114264900000000000e+07
1.114396700000000000e+07
1.114456900000000000e+07
1.114482500000000000e+07
1.114504900000000000e+07
1.114769100000000000e+07
1.114865200000000000e+07
1.115106800000000000e+07
1.115967500000000000e+07
1.116015500000000000e+07
1.116027500000000000e+07
1.116136600000000000e+07
1.116618200000000000e+07
1.117611100000000000e+07
1.117659900000000000e+07
1.118159000000000000e+07
1.118531800000000000e+07
1.121509700000000000e+07
1.121649200000000000e+07
1.122074100000000000e+07
1.124155100000000000e+07
1.125182500000000000e+07
1.127382300000000000e+07
1.127510200000000000e+07
1.127567500000000000e+07
1.127570100000000000e+07
1.127591900000000000e+07
1.127947000000000000e+07
1.127977200000000000e+07
1.128782900000000000e+07
1.129202400000000000e+07
1.129561900000000000e+07
1.129966800000000000e+07
1.130330600000000000e+07
1.130629900000000000e+07
1.130845700000000000e+07
1.131984600000000000e+07
1.134615100000000000e+07
1.137195300000000000e+07
1.138004400000000000e+07
1.138898500000000000e+07
1.140460500000000000e+07
1.142311600000000000e+07
1.143913400000000000e+07
1.145386000000000000e+07
1.147096500000000000e+07
1.147758700000000000e+07
1.148347200000000000e+07
1.150491400000000000e+07
1.153625300000000000e+07
1.153721500000000000e+07
1.154142200000000000e+07
1.154149600000000000e+07
1.154251200000000000e+07
1.154571100000000000e+07
1.154634800000000000e+07
1.155222200000000000e+07
1.155358300000000000e+07
1.155375600000000000e+07
1.155470100000000000e+07
1.155730100000000000e+07
1.155745500000000000e+07
1.155866300000000000e+07
1.155871200000000000e+07
1.156207100000000000e+07
1.156233000000000000e+07
1.156589300000000000e+07
1.157006300000000000e+07
1.157014900000000000e+07
1.157578900000000000e+07
1.157898100000000000e+07
1.158033800000000000e+07
1.158720700000000000e+07
1.158995900000000000e+07
1.159476700000000000e+07
1.160239700000000000e+07
1.160249500000000000e+07
1.160274700000000000e+07
1.160292900000000000e+07
1.160316300000000000e+07
1.160334300000000000e+07
1.160574000000000000e+07
1.161034900000000000e+07
1.161106000000000000e+07
1.161160200000000000e+07
1.161879400000000000e+07
1.163313100000000000e+07
1.163613400000000000e+07
1.163617200000000000e+07
1.164164300000000000e+07
1.165962400000000000e+07
1.166190500000000000e+07
1.166872600000000000e+07
1.166935300000000000e+07
1.167175900000000000e+07
1.167732500000000000e+07
1.168366200000000000e+07
1.168492300000000000e+07
1.169371300000000000e+07
1.169970400000000000e+07
1.170108200000000000e+07
1.170149600000000000e+07
1.170249400000000000e+07
1.171137200000000000e+07
1.171649700000000000e+07
1.172181200000000000e+07
1.172293700000000000e+07
1.173191700000000000e+07
1.173265400000000000e+07
1.174442200000000000e+07
1.174806900000000000e+07
1.175076000000000000e+07
1.175361900000000000e+07
1.176686900000000000e+07
1.177422200000000000e+07
1.180002800000000000e+07
1.180178300000000000e+07
1.180334100000000000e+07
1.180376600000000000e+07
1.180741700000000000e+07
1.180762300000000000e+07
1.180945400000000000e+07
1.181018700000000000e+07
1.181865000000000000e+07
1.181889000000000000e+07
1.182648800000000000e+07
1.182740200000000000e+07
1.182749700000000000e+07
1.184620300000000000e+07
1.184828100000000000e+07
1.186455400000000000e+07
1.186551300000000000e+07
1.186567500000000000e+07
1.186595400000000000e+07
1.188055100000000000e+07
1.189852900000000000e+07
1.193915300000000000e+07
1.193963200000000000e+07
1.194317400000000000e+07
1.196827200000000000e+07
1.197058900000000000e+07
1.197906400000000000e+07
1.200349800000000000e+07
1.201060900000000000e+07
1.206056700000000000e+07
1.206130300000000000e+07
1.206153100000000000e+07
1.206252200000000000e+07
1.206519700000000000e+07
1.206520300000000000e+07
1.206773500000000000e+07
1.206959300000000000e+07
1.207674700000000000e+07
1.207797800000000000e+07
1.209378700000000000e+07
1.210976800000000000e+07
1.211405500000000000e+07
1.211458000000000000e+07
1.212040800000000000e+07
1.212441300000000000e+07
1.212511000000000000e+07
1.212514800000000000e+07
1.214067000000000000e+07
1.215918200000000000e+07
1.216058200000000000e+07
1.218202300000000000e+07
1.219118200000000000e+07
1.219166800000000000e+07
1.219246100000000000e+07
1.219698000000000000e+07
1.220377900000000000e+07
1.220891500000000000e+07
1.222408900000000000e+07
1.223043200000000000e+07
1.223209800000000000e+07
1.224016600000000000e+07
1.225585300000000000e+07
1.232120700000000000e+07
1.232533800000000000e+07
1.233904200000000000e+07
1.238693300000000000e+07
1.238928100000000000e+07
1.238947500000000000e+07
1.239082600000000000e+07
1.239111600000000000e+07
1.239616500000000000e+07
1.242166900000000000e+07
1.242291400000000000e+07
1.246555200000000000e+07
1.248736200000000000e+07
1.258444700000000000e+07
1.258492700000000000e+07
1.258494300000000000e+07
1.258585500000000000e+07
1.258591900000000000e+07
1.258595100000000000e+07
1.258598200000000000e+07
1.258636700000000000e+07
1.258648700000000000e+07
1.258649100000000000e+07
1.258668700000000000e+07
1.258674900000000000e+07
1.258684700000000000e+07
1.258686300000000000e+07
1.258687700000000000e+07
1.258693900000000000e+07
1.258697100000000000e+07
1.258698700000000000e+07
1.258891900000000000e+07
1.258900700000000000e+07
1.258943900000000000e+07
1.258950300000000000e+07
1.259033400000000000e+07
1.259187100000000000e+07
1.259314200000000000e+07
1.259340700000000000e+07
1.259366100000000000e+07
1.259481300000000000e+07
1.259506100000000000e+07
1.259513200000000000e+07
1.259516100000000000e+07
1.259812600000000000e+07
1.259823000000000000e+07
1.259824300000000000e+07
1.259877200000000000e+07
1.259980700000000000e+07
1.260031100000000000e+07
1.260082700000000000e+07
1.260299900000000000e+07
1.260324500000000000e+07
1.260331800000000000e+07
1.260587900000000000e+07
1.260671400000000000e+07
1.261042600000000000e+07
1.261383900000000000e+07
1.261437300000000000e+07
1.261715100000000000e+07
1.261766200000000000e+07
1.261823100000000000e+07
1.261897500000000000e+07
1.261919800000000000e+07
1.261925300000000000e+07
1.261925700000000000e+07
1.261950200000000000e+07
1.261976100000000000e+07
1.262527700000000000e+07
1.262578100000000000e+07
1.262617100000000000e+07
1.262633500000000000e+07
1.262666300000000000e+07
1.262687300000000000e+07
1.262779800000000000e+07
1.262924200000000000e+07
1.263095400000000000e+07
1.263559700000000000e+07
1.263600300000000000e+07
1.263602000000000000e+07
1.263780600000000000e+07
1.263805800000000000e+07
1.263953300000000000e+07
1.264275900000000000e+07
1.264519800000000000e+07
1.264809800000000000e+07
1.265175900000000000e+07
1.265196500000000000e+07
1.265200700000000000e+07
1.265245500000000000e+07
1.265248700000000000e+07
1.265917500000000000e+07
1.265919400000000000e+07
1.266200300000000000e+07
1.266200500000000000e+07
1.266751800000000000e+07
1.266853300000000000e+07
1.268450900000000000e+07
1.268594700000000000e+07
1.268626100000000000e+07
1.269074300000000000e+07
1.269514100000000000e+07
1.270419800000000000e+07
1.270445800000000000e+07
1.270965000000000000e+07
1.271028300000000000e+07
1.271577100000000000e+07
1.271802300000000000e+07
1.272151700000000000e+07
1.272358200000000000e+07
1.272411900000000000e+07
1.272471500000000000e+07
1.273177100000000000e+07
1.273177300000000000e+07
1.273544600000000000e+07
1.273695000000000000e+07
1.273840800000000000e+07
1.274977300000000000e+07
1.275179500000000000e+07
1.275485600000000000e+07
1.276142200000000000e+07
1.276512300000000000e+07
1.276612100000000000e+07
1.276815400000000000e+07
1.278148500000000000e+07
1.278307500000000000e+07
1.278328300000000000e+07
1.279546100000000000e+07
1.279877800000000000e+07
1.281556300000000000e+07
1.281972500000000000e+07
1.282090900000000000e+07
1.284703500000000000e+07
1.284703700000000000e+07
1.284825500000000000e+07
1.284847900000000000e+07
1.284863400000000000e+07
1.284888300000000000e+07
1.284888900000000000e+07
1.285065100000000000e+07
1.285103800000000000e+07
1.285170600000000000e+07
1.285281500000000000e+07
1.285525100000000000e+07
1.285551900000000000e+07
1.286236700000000000e+07
1.286321900000000000e+07
1.286444200000000000e+07
1.286474900000000000e+07
1.286906100000000000e+07
1.287367200000000000e+07
1.287410800000000000e+07
1.287451900000000000e+07
1.287882300000000000e+07
1.288082600000000000e+07
1.288392200000000000e+07
1.288906400000000000e+07
1.289196000000000000e+07
1.289611600000000000e+07
1.290205200000000000e+07
1.290677900000000000e+07
1.291358200000000000e+07
1.291467200000000000e+07
1.293002400000000000e+07
1.293050500000000000e+07
1.295263500000000000e+07
1.295492100000000000e+07
1.296839000000000000e+07
1.297800700000000000e+07
1.297809300000000000e+07
1.298020800000000000e+07
1.298385900000000000e+07
1.298386200000000000e+07
1.298661800000000000e+07
1.298910700000000000e+07
1.299071200000000000e+07
1.299834200000000000e+07
1.300161400000000000e+07
1.301160700000000000e+07
1.302865800000000000e+07
1.303886800000000000e+07
1.304228700000000000e+07
1.304521800000000000e+07
1.304900200000000000e+07
1.305244300000000000e+07
1.306179400000000000e+07
1.306496300000000000e+07
1.309320800000000000e+07
1.310898900000000000e+07
1.310923500000000000e+07
1.310975100000000000e+07
1.311046300000000000e+07
1.311075900000000000e+07
1.311122800000000000e+07
1.311124600000000000e+07
1.311325900000000000e+07
1.311525200000000000e+07
1.311868600000000000e+07
1.311913400000000000e+07
1.311916200000000000e+07
1.312057500000000000e+07
1.312108600000000000e+07
1.312607500000000000e+07
1.312657400000000000e+07
1.312703000000000000e+07
1.313156200000000000e+07
1.313317100000000000e+07
1.313416700000000000e+07
1.313746800000000000e+07
1.314641500000000000e+07
1.315672700000000000e+07
1.315734000000000000e+07
1.316156300000000000e+07
1.316201400000000000e+07
1.316613300000000000e+07
1.316627800000000000e+07
1.316706400000000000e+07
1.317526100000000000e+07
1.317982800000000000e+07
1.318360500000000000e+07
1.318366100000000000e+07
1.318367000000000000e+07
1.318667300000000000e+07
1.319432700000000000e+07
1.319966200000000000e+07
1.319991700000000000e+07
1.320880900000000000e+07
1.320893700000000000e+07
1.320948400000000000e+07
1.321630900000000000e+07
1.321910900000000000e+07
1.322423500000000000e+07
1.322472600000000000e+07
1.323973900000000000e+07
1.324361300000000000e+07
1.326104200000000000e+07
1.327860100000000000e+07
1.327881700000000000e+07
1.328259500000000000e+07
1.329237200000000000e+07
1.330453900000000000e+07
1.332265000000000000e+07
1.332793700000000000e+07
1.332954300000000000e+07
1.333485000000000000e+07
1.337231100000000000e+07
1.337236600000000000e+07
1.337321400000000000e+07
1.337388500000000000e+07
1.338125900000000000e+07
1.340287600000000000e+07
1.340439800000000000e+07
1.340839900000000000e+07
1.343614100000000000e+07
1.343671100000000000e+07
1.343676100000000000e+07
1.343813800000000000e+07
1.344775100000000000e+07
1.348932000000000000e+07
1.351327400000000000e+07
1.351940300000000000e+07
1.352180400000000000e+07
1.352516600000000000e+07
1.353356200000000000e+07
1.355882800000000000e+07
1.357216700000000000e+07
1.357229700000000000e+07
1.359272800000000000e+07
1.363403100000000000e+07
1.363447900000000000e+07
1.363754300000000000e+07
1.363807800000000000e+07
1.363830300000000000e+07
1.364159300000000000e+07
1.364204700000000000e+07
1.364366100000000000e+07
1.364579300000000000e+07
1.364758600000000000e+07
1.365167600000000000e+07
1.365172700000000000e+07
1.365177200000000000e+07
1.365333500000000000e+07
1.365746600000000000e+07
1.365854700000000000e+07
1.365975600000000000e+07
1.366788700000000000e+07
1.367583300000000000e+07
1.367896400000000000e+07
1.368156600000000000e+07
1.368251500000000000e+07
1.368305400000000000e+07
1.368396000000000000e+07
1.368545900000000000e+07
1.368547500000000000e+07
1.368721700000000000e+07
1.369798100000000000e+07
1.369995000000000000e+07
1.369996400000000000e+07
1.370090700000000000e+07
1.370106800000000000e+07
1.370486900000000000e+07
1.370755100000000000e+07
1.370799300000000000e+07
1.370818200000000000e+07
1.370883000000000000e+07
1.371353500000000000e+07
1.371640400000000000e+07
1.371919000000000000e+07
1.373017400000000000e+07
1.373221400000000000e+07
1.373360100000000000e+07
1.373530900000000000e+07
1.373563600000000000e+07
1.374366600000000000e+07
1.375099400000000000e+07
1.377221400000000000e+07
1.378190100000000000e+07
1.378273800000000000e+07
1.378833100000000000e+07
1.380779500000000000e+07
1.380923600000000000e+07
1.382952700000000000e+07
1.383084200000000000e+07
1.383776600000000000e+07
1.387080000000000000e+07
1.387885100000000000e+07
1.388365400000000000e+07
1.388580800000000000e+07
1.389642700000000000e+07
1.389713400000000000e+07
1.390666200000000000e+07
1.390765800000000000e+07
1.391250800000000000e+07
1.391377000000000000e+07
1.391518300000000000e+07
1.391551200000000000e+07
1.391746600000000000e+07
1.394458300000000000e+07
1.394772200000000000e+07
1.396196900000000000e+07
1.396258800000000000e+07
1.396547000000000000e+07
1.396592300000000000e+07
1.396920400000000000e+07
1.398510800000000000e+07
1.398899500000000000e+07
1.399344800000000000e+07
1.399403900000000000e+07
1.399717000000000000e+07
1.402874400000000000e+07
1.403166000000000000e+07
1.403365000000000000e+07
1.403613800000000000e+07
1.408326500000000000e+07
1.409236700000000000e+07
1.409402400000000000e+07
1.410873200000000000e+07
1.410889700000000000e+07
1.412366100000000000e+07
1.415919800000000000e+07
1.415934600000000000e+07
1.416126700000000000e+07
1.416127300000000000e+07
1.417141300000000000e+07
1.417790800000000000e+07
1.417815200000000000e+07
1.419345300000000000e+07
1.419515400000000000e+07
1.419601200000000000e+07
1.422494200000000000e+07
1.422520400000000000e+07
1.423641900000000000e+07
1.423857200000000000e+07
1.425533800000000000e+07
1.425792500000000000e+07
1.425959400000000000e+07
1.427911200000000000e+07
1.428834200000000000e+07
1.428877900000000000e+07
1.429392100000000000e+07
1.429662700000000000e+07
1.429674200000000000e+07
1.430020500000000000e+07
1.430396400000000000e+07
1.430874100000000000e+07
1.434225600000000000e+07
1.435861100000000000e+07
1.437779600000000000e+07
1.442014300000000000e+07
1.442945100000000000e+07
1.445304300000000000e+07
1.445341700000000000e+07
1.445927700000000000e+07
1.448490500000000000e+07
1.448903200000000000e+07
1.449224300000000000e+07
1.450200400000000000e+07
1.452570500000000000e+07
1.454336400000000000e+07
1.455170500000000000e+07
1.458714100000000000e+07
1.465040100000000000e+07
1.468287700000000000e+07
1.468406100000000000e+07
1.468460700000000000e+07
1.468759500000000000e+07
1.468991700000000000e+07
1.468998200000000000e+07
1.469130600000000000e+07
1.469167500000000000e+07
1.469213900000000000e+07
1.469279500000000000e+07
1.469718300000000000e+07
1.469797700000000000e+07
1.469833100000000000e+07
1.469999400000000000e+07
1.470000300000000000e+07
1.470228500000000000e+07
1.470601400000000000e+07
1.470961200000000000e+07
1.471448700000000000e+07
1.471958200000000000e+07
1.471961000000000000e+07
1.472029900000000000e+07
1.472299300000000000e+07
1.472577500000000000e+07
1.473195000000000000e+07
1.473319000000000000e+07
1.473365500000000000e+07
1.473671400000000000e+07
1.473765400000000000e+07
1.474910900000000000e+07
1.474916900000000000e+07
1.474952500000000000e+07
1.475262000000000000e+07
1.475282300000000000e+07
1.475563000000000000e+07
1.475754100000000000e+07
1.475881900000000000e+07
1.478024900000000000e+07
1.478135400000000000e+07
1.478366100000000000e+07
1.478703400000000000e+07
1.480411000000000000e+07
1.481481100000000000e+07
1.481517700000000000e+07
1.481670000000000000e+07
1.481846200000000000e+07
1.482134500000000000e+07
1.483630300000000000e+07
1.484315400000000000e+07
1.484439700000000000e+07
1.484666300000000000e+07
1.485124100000000000e+07
1.485536300000000000e+07
1.487793100000000000e+07
1.488753700000000000e+07
1.490216200000000000e+07
1.491216600000000000e+07
1.492702500000000000e+07
1.494421400000000000e+07
1.494730800000000000e+07
1.495404100000000000e+07
1.496185200000000000e+07
1.496515700000000000e+07
1.496791800000000000e+07
1.498190200000000000e+07
1.498530700000000000e+07
1.499021000000000000e+07
1.499178900000000000e+07
1.501525600000000000e+07
1.501706700000000000e+07
1.502387400000000000e+07
1.504618200000000000e+07
1.505847600000000000e+07
1.507528400000000000e+07
1.507990600000000000e+07
1.508074100000000000e+07
1.509810000000000000e+07
1.511750600000000000e+07
1.512108800000000000e+07
1.514128900000000000e+07
1.515859400000000000e+07
1.517421800000000000e+07
1.520586700000000000e+07
1.520683900000000000e+07
1.521456200000000000e+07
1.522322800000000000e+07
1.523203900000000000e+07
1.523797900000000000e+07
1.523806900000000000e+07
1.523964100000000000e+07
1.524049100000000000e+07
1.524110000000000000e+07
1.525423600000000000e+07
1.525517500000000000e+07
1.526389800000000000e+07
1.528974800000000000e+07
1.529666100000000000e+07
1.533940400000000000e+07
1.534510000000000000e+07
1.534746500000000000e+07
1.537717800000000000e+07
1.539176100000000000e+07
1.541173100000000000e+07
1.542004400000000000e+07
1.543491700000000000e+07
1.544199700000000000e+07
1.546878900000000000e+07
1.546945300000000000e+07
1.547181500000000000e+07
1.547399600000000000e+07
1.547587900000000000e+07
1.547702200000000000e+07
1.548501900000000000e+07
1.548853100000000000e+07
1.549328300000000000e+07
1.550955700000000000e+07
1.551786800000000000e+07
1.553952800000000000e+07
1.562448800000000000e+07
1.573116600000000000e+07
1.573215000000000000e+07
1.573522200000000000e+07
1.573731900000000000e+07
1.573734000000000000e+07
1.573873200000000000e+07
1.573955000000000000e+07
1.575067900000000000e+07
1.575082600000000000e+07
1.575195000000000000e+07
1.575230800000000000e+07
1.575280400000000000e+07
1.575535500000000000e+07
1.576191300000000000e+07
1.577607600000000000e+07
1.577940300000000000e+07
1.578018500000000000e+07
1.578045300000000000e+07
1.578779400000000000e+07
1.579047600000000000e+07
1.579240400000000000e+07
1.579871400000000000e+07
1.580324200000000000e+07
1.581345800000000000e+07
1.582977400000000000e+07
1.584704400000000000e+07
1.586644500000000000e+07
1.587187400000000000e+07
1.587533800000000000e+07
1.587755300000000000e+07
1.590098600000000000e+07
1.592697900000000000e+07
1.594347200000000000e+07
1.599377700000000000e+07
1.599972100000000000e+07
1.601294800000000000e+07
1.601435500000000000e+07
1.602726900000000000e+07
1.602877300000000000e+07
1.604052600000000000e+07
1.604151000000000000e+07
1.605897900000000000e+07
1.606351600000000000e+07
1.612557300000000000e+07
1.613233600000000000e+07
1.619213700000000000e+07
1.625573200000000000e+07
1.625641900000000000e+07
1.627402600000000000e+07
1.627488100000000000e+07
1.627830000000000000e+07
1.629051300000000000e+07
1.629447800000000000e+07
1.630726900000000000e+07
1.638825100000000000e+07
1.639558500000000000e+07
1.640198700000000000e+07
1.640252100000000000e+07
1.641886900000000000e+07
1.643021000000000000e+07
1.645064900000000000e+07
1.645115600000000000e+07
1.652432700000000000e+07
1.656425300000000000e+07
1.659123400000000000e+07
1.666279100000000000e+07
1.668122100000000000e+07
1.671392200000000000e+07
