1.310710000000000000e+05
1.966070000000000000e+05
2.293750000000000000e+05
2.457590000000000000e+05
2.621420000000000000e+05
3.604470000000000000e+05
3.768310000000000000e+05
3.927030000000000000e+05
3.931990000000000000e+05
3.932130000000000000e+05
5.160910000000000000e+05
5.898230000000000000e+05
6.389750000000000000e+05
6.548470000000000000e+05
6.553430000000000000e+05
6.553550000000000000e+05
6.553580000000000000e+05
7.207670000000000000e+05
7.208310000000000000e+05
7.690230000000000000e+05
7.700310000000000000e+05
8.765430000000000000e+05
9.461750000000000000e+05
1.178623000000000000e+06
1.179583000000000000e+06
1.179615000000000000e+06
1.179639000000000000e+06
1.269759000000000000e+06
1.277935000000000000e+06
1.310205000000000000e+06
1.376239000000000000e+06
1.441519000000000000e+06
1.703391000000000000e+06
1.703855000000000000e+06
1.965564000000000000e+06
2.162687000000000000e+06
2.211839000000000000e+06
2.220031000000000000e+06
2.226175000000000000e+06
2.228159000000000000e+06
2.228222000000000000e+06
2.326495000000000000e+06
2.338815000000000000e+06
2.355135000000000000e+06
2.356223000000000000e+06
2.358775000000000000e+06
2.359165000000000000e+06
2.424767000000000000e+06
2.456575000000000000e+06
2.487295000000000000e+06
2.621171000000000000e+06
2.686967000000000000e+06
2.719615000000000000e+06
2.735103000000000000e+06
2.743295000000000000e+06
2.744063000000000000e+06
3.013103000000000000e+06
3.252223000000000000e+06
3.260351000000000000e+06
3.268479000000000000e+06
3.272687000000000000e+06
3.276703000000000000e+06
3.309566000000000000e+06
3.399646000000000000e+06
3.500031000000000000e+06
3.767167000000000000e+06
4.325311000000000000e+06
4.325367000000000000e+06
4.390655000000000000e+06
4.452319000000000000e+06
4.454395000000000000e+06
4.455359000000000000e+06
4.585463000000000000e+06
4.718547000000000000e+06
5.094397000000000000e+06
5.170175000000000000e+06
5.234141000000000000e+06
5.373183000000000000e+06
5.502965000000000000e+06
5.733878000000000000e+06
6.381567000000000000e+06
6.385663000000000000e+06
6.417919000000000000e+06
6.418303000000000000e+06
6.797023000000000000e+06
7.986163000000000000e+06
8.158972000000000000e+06
8.519615000000000000e+06
8.577023000000000000e+06
8.617471000000000000e+06
8.649663000000000000e+06
8.650621000000000000e+06
8.650686000000000000e+06
8.699903000000000000e+06
8.748031000000000000e+06
8.779263000000000000e+06
8.781439000000000000e+06
8.994815000000000000e+06
9.010687000000000000e+06
9.035711000000000000e+06
9.041663000000000000e+06
9.043807000000000000e+06
9.420407000000000000e+06
9.494527000000000000e+06
9.502655000000000000e+06
9.567935000000000000e+06
9.696191000000000000e+06
1.005926200000000000e+07
1.060031900000000000e+07
1.061675900000000000e+07
1.061682100000000000e+07
1.071486300000000000e+07
1.074174300000000000e+07
1.087020700000000000e+07
1.096806100000000000e+07
1.097407900000000000e+07
1.127090500000000000e+07
1.131314700000000000e+07
1.165689500000000000e+07
1.270572700000000000e+07
1.270783900000000000e+07
1.271292700000000000e+07
1.271346300000000000e+07
1.284504800000000000e+07
1.323762900000000000e+07
1.382588700000000000e+07
1.387596300000000000e+07
1.399126300000000000e+07
1.403903800000000000e+07
1.427788600000000000e+07
1.487410900000000000e+07
1.574911900000000000e+07
1.608262300000000000e+07
1.649648900000000000e+07
1.650582800000000000e+07
1.690009500000000000e+07
1.690623900000000000e+07
1.690803100000000000e+07
1.690825500000000000e+07
1.690827100000000000e+07
1.690827900000000000e+07
1.697177500000000000e+07
1.702195100000000000e+07
1.703727900000000000e+07
1.703910100000000000e+07
1.715404300000000000e+07
1.716837500000000000e+07
1.717030100000000000e+07
1.753087300000000000e+07
1.785855900000000000e+07
1.795430300000000000e+07
1.798962700000000000e+07
1.807564600000000000e+07
1.808786100000000000e+07
1.834133900000000000e+07
1.854150300000000000e+07
1.854460600000000000e+07
1.858750300000000000e+07
1.867773300000000000e+07
1.887006100000000000e+07
1.898700700000000000e+07
1.899723900000000000e+07
1.900438300000000000e+07
1.900467100000000000e+07
1.900518100000000000e+07
1.900527900000000000e+07
1.900542200000000000e+07
1.900543300000000000e+07
1.913644400000000000e+07
1.978310200000000000e+07
2.029094300000000000e+07
2.044717600000000000e+07
2.110257300000000000e+07
2.180697400000000000e+07
2.188896300000000000e+07
2.237132500000000000e+07
2.240447100000000000e+07
2.262622300000000000e+07
2.287615700000000000e+07
2.363289500000000000e+07
2.419814200000000000e+07
2.444029900000000000e+07
2.454924600000000000e+07
2.494310200000000000e+07
2.523132700000000000e+07
2.523135500000000000e+07
2.527641500000000000e+07
2.529483100000000000e+07
2.529483900000000000e+07
2.529580700000000000e+07
2.529637500000000000e+07
2.536215900000000000e+07
2.539494200000000000e+07
2.565606200000000000e+07
2.647372500000000000e+07
2.680306300000000000e+07
2.724593700000000000e+07
2.735922300000000000e+07
2.738967900000000000e+07
2.845791900000000000e+07
2.895869600000000000e+07
2.935072300000000000e+07
2.998249500000000000e+07
3.066851500000000000e+07
3.089581500000000000e+07
3.093104700000000000e+07
3.119069400000000000e+07
3.135444700000000000e+07
3.142630000000000000e+07
3.156785900000000000e+07
3.183354900000000000e+07
3.195372700000000000e+07
3.320904900000000000e+07
3.367731100000000000e+07
3.368499100000000000e+07
3.368524700000000000e+07
3.368537500000000000e+07
3.368547100000000000e+07
3.368548700000000000e+07
3.368549500000000000e+07
3.368549900000000000e+07
3.391487800000000000e+07
3.393100700000000000e+07
3.407660300000000000e+07
3.420566300000000000e+07
3.420977900000000000e+07
3.433061500000000000e+07
3.433958100000000000e+07
3.472582300000000000e+07
3.473196700000000000e+07
3.473201500000000000e+07
3.473403100000000000e+07
3.536471900000000000e+07
3.550001400000000000e+07
3.564159500000000000e+07
3.577439900000000000e+07
3.588081500000000000e+07
3.591269700000000000e+07
3.591343800000000000e+07
3.604459900000000000e+07
3.616934300000000000e+07
3.668323700000000000e+07
3.670006800000000000e+07
3.694975500000000000e+07
3.701143500000000000e+07
3.746501500000000000e+07
3.767461300000000000e+07
3.784697500000000000e+07
3.787979700000000000e+07
3.797809300000000000e+07
3.800060700000000000e+07
3.801073900000000000e+07
3.827209500000000000e+07
3.846930700000000000e+07
3.851851800000000000e+07
3.997688600000000000e+07
4.154047600000000000e+07
4.259813800000000000e+07
4.269359900000000000e+07
4.321433500000000000e+07
4.363570300000000000e+07
4.427980300000000000e+07
4.443278300000000000e+07
4.467852300000000000e+07
4.597061500000000000e+07
4.671871500000000000e+07
4.690578300000000000e+07
4.849236500000000000e+07
4.946270100000000000e+07
4.965497400000000000e+07
5.042995000000000000e+07
5.045861500000000000e+07
5.046267900000000000e+07
5.052818300000000000e+07
5.055281500000000000e+07
5.056075100000000000e+07
5.131439000000000000e+07
5.150796700000000000e+07
5.160649500000000000e+07
5.215983900000000000e+07
5.228931900000000000e+07
5.238751300000000000e+07
5.306735900000000000e+07
5.509925500000000000e+07
5.517298200000000000e+07
5.528773300000000000e+07
5.530903100000000000e+07
5.568659100000000000e+07
5.570034900000000000e+07
5.590197500000000000e+07
5.683301500000000000e+07
5.896188600000000000e+07
5.897010500000000000e+07
6.029118900000000000e+07
6.040572100000000000e+07
6.100574100000000000e+07
6.114392500000000000e+07
6.127178100000000000e+07
6.160304800000000000e+07
6.182839100000000000e+07
6.285651900000000000e+07
6.287525600000000000e+07
6.302284700000000000e+07
6.317462800000000000e+07
6.355322300000000000e+07
6.408870100000000000e+07
6.410748700000000000e+07
6.419216900000000000e+07
6.419861400000000000e+07
6.431423000000000000e+07
6.438243900000000000e+07
6.617876500000000000e+07
6.618234300000000000e+07
6.717439900000000000e+07
6.720716700000000000e+07
6.722355100000000000e+07
6.723583900000000000e+07
6.723993300000000000e+07
6.733772700000000000e+07
6.748543900000000000e+07
6.749996700000000000e+07
6.758399100000000000e+07
6.774758300000000000e+07
6.776294300000000000e+07
6.807499900000000000e+07
6.812462200000000000e+07
6.828644700000000000e+07
6.828843900000000000e+07
6.840933500000000000e+07
6.927153500000000000e+07
6.932069900000000000e+07
6.994303100000000000e+07
7.036819100000000000e+07
7.061495800000000000e+07
7.090938700000000000e+07
7.103854300000000000e+07
7.116938700000000000e+07
7.142604500000000000e+07
7.142963100000000000e+07
7.147519900000000000e+07
7.216946300000000000e+07
7.326047300000000000e+07
7.413502300000000000e+07
7.440556600000000000e+07
7.503423700000000000e+07
7.510153100000000000e+07
7.575881500000000000e+07
7.589040700000000000e+07
7.598063900000000000e+07
7.664433100000000000e+07
7.664434800000000000e+07
7.674111700000000000e+07
7.719263800000000000e+07
7.752488900000000000e+07
7.844566300000000000e+07
7.862103900000000000e+07
7.883916100000000000e+07
7.903458900000000000e+07
7.939374900000000000e+07
7.965683500000000000e+07
8.079972700000000000e+07
8.267245900000000000e+07
8.296714900000000000e+07
8.427807900000000000e+07
8.436787100000000000e+07
8.453321400000000000e+07
8.480276700000000000e+07
8.532537500000000000e+07
8.556439900000000000e+07
8.590513900000000000e+07
8.611377400000000000e+07
8.629395100000000000e+07
8.711321400000000000e+07
8.715865200000000000e+07
8.821132100000000000e+07
8.854719500000000000e+07
9.075685500000000000e+07
9.147894000000000000e+07
9.151230700000000000e+07
9.235455900000000000e+07
9.344507100000000000e+07
9.351166500000000000e+07
9.351875900000000000e+07
9.354418500000000000e+07
9.381020700000000000e+07
9.396171300000000000e+07
9.464601500000000000e+07
9.710577400000000000e+07
1.007943430000000000e+08
1.007943580000000000e+08
1.009213190000000000e+08
1.009238710000000000e+08
1.009241510000000000e+08
1.015603010000000000e+08
1.022154050000000000e+08
1.025776550000000000e+08
1.029893060000000000e+08
1.033605110000000000e+08
1.042953950000000000e+08
1.043900750000000000e+08
1.045784170000000000e+08
1.046348750000000000e+08
1.048212050000000000e+08
1.054472830000000000e+08
1.055037340000000000e+08
1.061478250000000000e+08
1.064038280000000000e+08
1.070525090000000000e+08
1.072150860000000000e+08
1.072495010000000000e+08
1.081148470000000000e+08
1.083242860000000000e+08
1.093017110000000000e+08
1.104279640000000000e+08
1.113208950000000000e+08
1.113752300000000000e+08
1.121589350000000000e+08
1.139752820000000000e+08
1.141201110000000000e+08
1.147850730000000000e+08
1.155665150000000000e+08
1.156850850000000000e+08
1.160800560000000000e+08
1.176365350000000000e+08
1.189900770000000000e+08
1.196031610000000000e+08
1.196554220000000000e+08
1.203516470000000000e+08
1.208007590000000000e+08
1.216798690000000000e+08
1.220074130000000000e+08
1.221506840000000000e+08
1.230250190000000000e+08
1.260911540000000000e+08
1.271521240000000000e+08
1.290379030000000000e+08
1.301532080000000000e+08
1.325396270000000000e+08
1.337413330000000000e+08
1.339843710000000000e+08
1.342832630000000000e+08
1.343447030000000000e+08
1.343487350000000000e+08
1.343487970000000000e+08
1.343815670000000000e+08
1.344711670000000000e+08
1.344796110000000000e+08
1.345761270000000000e+08
1.348362230000000000e+08
1.348382710000000000e+08
1.348729580000000000e+08
1.353644790000000000e+08
1.353850870000000000e+08
1.353871350000000000e+08
1.353972450000000000e+08
1.354588110000000000e+08
1.356241910000000000e+08
1.359195750000000000e+08
1.361834670000000000e+08
1.364111350000000000e+08
1.364417910000000000e+08
1.364438990000000000e+08
1.364457590000000000e+08
1.365565270000000000e+08
1.372958570000000000e+08
1.375598870000000000e+08
1.375967990000000000e+08
1.379855110000000000e+08
1.380653750000000000e+08
1.384775660000000000e+08
1.385347830000000000e+08
1.385349090000000000e+08
1.386557270000000000e+08
1.392844150000000000e+08
1.394482980000000000e+08
1.397841850000000000e+08
1.398123430000000000e+08
1.399821890000000000e+08
1.401031630000000000e+08
1.403427590000000000e+08
1.407708020000000000e+08
1.411440530000000000e+08
1.416663020000000000e+08
1.416865750000000000e+08
1.418524060000000000e+08
1.422714840000000000e+08
1.427353570000000000e+08
1.429821390000000000e+08
1.431961350000000000e+08
1.438509950000000000e+08
1.442979630000000000e+08
1.445390790000000000e+08
1.448341740000000000e+08
1.451586390000000000e+08
1.451610840000000000e+08
1.454487970000000000e+08
1.455528890000000000e+08
1.461247430000000000e+08
1.469316700000000000e+08
1.470535330000000000e+08
1.475128210000000000e+08
1.480025590000000000e+08
1.481972790000000000e+08
1.501575030000000000e+08
1.504692810000000000e+08
1.506002690000000000e+08
1.512488750000000000e+08
1.516001270000000000e+08
1.518878370000000000e+08
1.538441900000000000e+08
1.542609890000000000e+08
1.542654690000000000e+08
1.543280150000000000e+08
1.544018510000000000e+08
1.560982590000000000e+08
1.563248630000000000e+08
1.566428140000000000e+08
1.567423310000000000e+08
1.575106460000000000e+08
1.579410700000000000e+08
1.585764350000000000e+08
1.589194180000000000e+08
1.595105090000000000e+08
1.600305790000000000e+08
1.602965100000000000e+08
1.605611250000000000e+08
1.606727610000000000e+08
1.608196310000000000e+08
1.629178270000000000e+08
1.636720570000000000e+08
1.637720910000000000e+08
1.639649140000000000e+08
1.643595960000000000e+08
1.663829720000000000e+08
1.670780780000000000e+08
1.678949750000000000e+08
1.678991330000000000e+08
1.679027030000000000e+08
1.679031970000000000e+08
1.685245270000000000e+08
1.694759300000000000e+08
1.699614710000000000e+08
1.702624560000000000e+08
1.710443390000000000e+08
1.720309670000000000e+08
1.747101970000000000e+08
1.752237590000000000e+08
1.752348930000000000e+08
1.767402870000000000e+08
1.774051180000000000e+08
1.777129420000000000e+08
1.783745270000000000e+08
1.785502550000000000e+08
1.789457840000000000e+08
1.791699130000000000e+08
1.804839500000000000e+08
1.805843610000000000e+08
1.807394950000000000e+08
1.807474190000000000e+08
1.816840950000000000e+08
1.819892620000000000e+08
1.824056050000000000e+08
1.834292930000000000e+08
1.839119010000000000e+08
1.852652790000000000e+08
1.856962480000000000e+08
1.858027170000000000e+08
1.880223180000000000e+08
1.880529490000000000e+08
1.895923020000000000e+08
1.901821290000000000e+08
1.902069580000000000e+08
1.906699190000000000e+08
1.908214030000000000e+08
1.914861970000000000e+08
1.925045660000000000e+08
1.931893090000000000e+08
1.951488950000000000e+08
1.958179120000000000e+08
1.977098100000000000e+08
1.989914200000000000e+08
1.995520790000000000e+08
2.013911030000000000e+08
2.013916150000000000e+08
2.014248630000000000e+08
2.014571490000000000e+08
2.017976150000000000e+08
2.018177260000000000e+08
2.024979110000000000e+08
2.025057100000000000e+08
2.040133430000000000e+08
2.065683530000000000e+08
2.066677640000000000e+08
2.075842990000000000e+08
2.085013690000000000e+08
2.087642840000000000e+08
2.095087300000000000e+08
2.102025710000000000e+08
2.116461230000000000e+08
2.119388090000000000e+08
2.123691150000000000e+08
2.124921530000000000e+08
2.133114320000000000e+08
2.148133730000000000e+08
2.151493590000000000e+08
2.165052290000000000e+08
2.176066350000000000e+08
2.182325590000000000e+08
2.185906390000000000e+08
2.198645010000000000e+08
2.229441740000000000e+08
2.232640300000000000e+08
2.249086340000000000e+08
2.259997360000000000e+08
2.260622760000000000e+08
2.266992310000000000e+08
2.270081700000000000e+08
2.295376670000000000e+08
2.295449450000000000e+08
2.305836920000000000e+08
2.310733350000000000e+08
2.313701080000000000e+08
2.323391180000000000e+08
2.349946710000000000e+08
2.351102870000000000e+08
2.351419950000000000e+08
2.357810370000000000e+08
2.360598370000000000e+08
2.372033570000000000e+08
2.405703140000000000e+08
2.414053990000000000e+08
2.416470800000000000e+08
2.433912950000000000e+08
2.444467750000000000e+08
2.454608390000000000e+08
2.465254110000000000e+08
2.468073010000000000e+08
2.470367070000000000e+08
2.479424910000000000e+08
2.479744930000000000e+08
2.484626330000000000e+08
2.493513950000000000e+08
2.503250990000000000e+08
2.549265330000000000e+08
2.550975500000000000e+08
2.560785250000000000e+08
2.568906420000000000e+08
2.570443980000000000e+08
2.583723230000000000e+08
2.612887570000000000e+08
2.630209580000000000e+08
2.644819710000000000e+08
2.649700220000000000e+08
2.685501430000000000e+08
2.685624310000000000e+08
2.685660150000000000e+08
2.685663990000000000e+08
2.685664630000000000e+08
2.685665110000000000e+08
2.685665190000000000e+08
2.685665230000000000e+08
2.685665260000000000e+08
2.686648150000000000e+08
2.686873590000000000e+08
2.686975330000000000e+08
2.687938550000000000e+08
2.688081910000000000e+08
2.688204150000000000e+08
2.688243190000000000e+08
2.688284110000000000e+08
2.689514860000000000e+08
2.689594540000000000e+08
2.691829750000000000e+08
2.696125430000000000e+08
2.696149670000000000e+08
2.696806150000000000e+08
2.697440590000000000e+08
2.697456530000000000e+08
2.701045710000000000e+08
2.704666750000000000e+08
2.705158930000000000e+08
2.705981270000000000e+08
2.706298870000000000e+08
2.706534390000000000e+08
2.706554790000000000e+08
2.711183330000000000e+08
2.712854390000000000e+08
2.717080290000000000e+08
2.717116630000000000e+08
2.722178530000000000e+08
2.722994390000000000e+08
2.726161250000000000e+08
2.727526070000000000e+08
2.727526230000000000e+08
2.728898350000000000e+08
2.732759010000000000e+08
2.735344470000000000e+08
2.741360250000000000e+08
2.741523170000000000e+08
2.743311320000000000e+08
2.744236450000000000e+08
2.744299010000000000e+08
2.745892790000000000e+08
2.749429750000000000e+08
2.763158390000000000e+08
2.765823820000000000e+08
2.769387430000000000e+08
2.769543670000000000e+08
2.769551290000000000e+08
2.770774990000000000e+08
2.771189730000000000e+08
2.772802540000000000e+08
2.774628470000000000e+08
2.774671310000000000e+08
2.776094460000000000e+08
2.779217590000000000e+08
2.782326950000000000e+08
2.783310040000000000e+08
2.784949100000000000e+08
2.791790390000000000e+08
2.800834350000000000e+08
2.800913750000000000e+08
2.809717390000000000e+08
2.816713830000000000e+08
2.819174320000000000e+08
2.821478230000000000e+08
2.827670980000000000e+08
2.829830250000000000e+08
2.829873910000000000e+08
2.841947980000000000e+08
2.843068150000000000e+08
2.849466110000000000e+08
2.853355190000000000e+08
2.853431990000000000e+08
2.854747340000000000e+08
2.855564790000000000e+08
2.857697230000000000e+08
2.857983670000000000e+08
2.858554870000000000e+08
2.859660130000000000e+08
2.864803670000000000e+08
2.866521560000000000e+08
2.875631670000000000e+08
2.875719520000000000e+08
2.876864470000000000e+08
2.882221090000000000e+08
2.898645690000000000e+08
2.899166700000000000e+08
2.900520620000000000e+08
2.900618550000000000e+08
2.901428470000000000e+08
2.904378030000000000e+08
2.910765390000000000e+08
2.911751530000000000e+08
2.911759660000000000e+08
2.912140150000000000e+08
2.916268760000000000e+08
2.917515510000000000e+08
2.918314750000000000e+08
2.920157030000000000e+08
2.921213110000000000e+08
2.930085510000000000e+08
2.937317100000000000e+08
2.941899490000000000e+08
2.951207190000000000e+08
2.960557670000000000e+08
2.965335980000000000e+08
2.973683910000000000e+08
2.984014630000000000e+08
2.984345320000000000e+08
2.992652760000000000e+08
2.999500270000000000e+08
3.017474310000000000e+08
3.020718070000000000e+08
3.021043190000000000e+08
3.021209190000000000e+08
3.022192460000000000e+08
3.022274510000000000e+08
3.023626220000000000e+08
3.027721110000000000e+08
3.029686670000000000e+08
3.034233490000000000e+08
3.035421870000000000e+08
3.036927880000000000e+08
3.044146070000000000e+08
3.052583430000000000e+08
3.053146230000000000e+08
3.055691500000000000e+08
3.057533420000000000e+08
3.064359990000000000e+08
3.064437630000000000e+08
3.065390070000000000e+08
3.067656930000000000e+08
3.073454020000000000e+08
3.082013340000000000e+08
3.083463570000000000e+08
3.084036930000000000e+08
3.088690520000000000e+08
3.110334060000000000e+08
3.111233250000000000e+08
3.114157630000000000e+08
3.114597590000000000e+08
3.137438530000000000e+08
3.155699590000000000e+08
3.159812880000000000e+08
3.171447530000000000e+08
3.188939190000000000e+08
3.190097890000000000e+08
3.190103020000000000e+08
3.190251140000000000e+08
3.191597700000000000e+08
3.192409510000000000e+08
3.201330390000000000e+08
3.203967790000000000e+08
3.203972740000000000e+08
3.205769410000000000e+08
3.206468310000000000e+08
3.215951990000000000e+08
3.216498420000000000e+08
3.221672620000000000e+08
3.224329280000000000e+08
3.233008590000000000e+08
3.236023980000000000e+08
3.249006940000000000e+08
3.271337180000000000e+08
3.278006860000000000e+08
3.280637730000000000e+08
3.286457540000000000e+08
3.293179490000000000e+08
3.305304010000000000e+08
3.306445900000000000e+08
3.308618150000000000e+08
3.341008760000000000e+08
3.356589750000000000e+08
3.356661750000000000e+08
3.356753850000000000e+08
3.358062550000000000e+08
3.359368870000000000e+08
3.367116470000000000e+08
3.370759020000000000e+08
3.373295950000000000e+08
3.373464180000000000e+08
3.377392590000000000e+08
3.377392620000000000e+08
3.378350030000000000e+08
3.380935650000000000e+08
3.382926650000000000e+08
3.384604090000000000e+08
3.400647660000000000e+08
3.401255990000000000e+08
3.403836770000000000e+08
3.410439190000000000e+08
3.414378180000000000e+08
3.419657970000000000e+08
3.434396140000000000e+08
3.439943510000000000e+08
3.440588630000000000e+08
3.458802780000000000e+08
3.479952240000000000e+08
3.481927600000000000e+08
3.485797700000000000e+08
3.499370970000000000e+08
3.509257980000000000e+08
3.531934670000000000e+08
3.533321790000000000e+08
3.540180150000000000e+08
3.543478770000000000e+08
3.544836460000000000e+08
3.545413990000000000e+08
3.550082060000000000e+08
3.562436860000000000e+08
3.566458050000000000e+08
3.572436150000000000e+08
3.576284030000000000e+08
3.579155740000000000e+08
3.581188990000000000e+08
3.584688110000000000e+08
3.608124790000000000e+08
3.618719950000000000e+08
3.638965270000000000e+08
3.641208310000000000e+08
3.645918180000000000e+08
3.657141420000000000e+08
3.692296920000000000e+08
3.700457590000000000e+08
3.702445890000000000e+08
3.703395780000000000e+08
3.709085260000000000e+08
3.709329760000000000e+08
3.711198490000000000e+08
3.712894710000000000e+08
3.725795790000000000e+08
3.730139280000000000e+08
3.749518650000000000e+08
3.752164990000000000e+08
3.759459180000000000e+08
3.776019070000000000e+08
3.776756410000000000e+08
3.779615980000000000e+08
3.779776300000000000e+08
3.782649480000000000e+08
3.797107820000000000e+08
3.805425410000000000e+08
3.805655550000000000e+08
3.820605170000000000e+08
3.820644230000000000e+08
3.838104750000000000e+08
3.869982380000000000e+08
3.873005310000000000e+08
3.883167270000000000e+08
3.891163500000000000e+08
3.913580460000000000e+08
3.917233810000000000e+08
3.917641950000000000e+08
3.928195050000000000e+08
3.931345770000000000e+08
3.937664310000000000e+08
3.943912250000000000e+08
3.949928300000000000e+08
3.953413080000000000e+08
3.956156590000000000e+08
4.027182070000000000e+08
4.027832270000000000e+08
4.027842210000000000e+08
4.027842450000000000e+08
4.032673270000000000e+08
4.033003170000000000e+08
4.037007060000000000e+08
4.038163670000000000e+08
4.038246060000000000e+08
4.039625580000000000e+08
4.048076780000000000e+08
4.052536250000000000e+08
4.055319630000000000e+08
4.056421100000000000e+08
4.060506150000000000e+08
4.061714710000000000e+08
4.063477660000000000e+08
4.065540950000000000e+08
4.069534710000000000e+08
4.072354540000000000e+08
4.078611120000000000e+08
4.090545910000000000e+08
4.091072950000000000e+08
4.097043020000000000e+08
4.112849830000000000e+08
4.113031010000000000e+08
4.114278380000000000e+08
4.116294380000000000e+08
4.122775020000000000e+08
4.123381030000000000e+08
4.142853430000000000e+08
4.153667430000000000e+08
4.154227190000000000e+08
4.163939790000000000e+08
4.167225390000000000e+08
4.167830050000000000e+08
4.180771160000000000e+08
4.180781680000000000e+08
4.193291900000000000e+08
4.203391020000000000e+08
4.205771910000000000e+08
4.217843020000000000e+08
4.226874830000000000e+08
4.231637970000000000e+08
4.244653420000000000e+08
4.254401540000000000e+08
4.259010140000000000e+08
4.310076070000000000e+08
4.331590960000000000e+08
4.342385580000000000e+08
4.346908990000000000e+08
4.369759350000000000e+08
4.375813750000000000e+08
4.376439590000000000e+08
4.389260590000000000e+08
4.390202510000000000e+08
4.391687490000000000e+08
4.393270910000000000e+08
4.400885240000000000e+08
4.405206690000000000e+08
4.428561880000000000e+08
4.437958850000000000e+08
4.440908150000000000e+08
4.452655350000000000e+08
4.472800990000000000e+08
4.474116650000000000e+08
4.482244600000000000e+08
4.491707820000000000e+08
4.500274600000000000e+08
4.506411320000000000e+08
4.511350970000000000e+08
4.536385070000000000e+08
4.544247340000000000e+08
4.557037650000000000e+08
4.562498460000000000e+08
4.564832310000000000e+08
4.579109910000000000e+08
4.618478790000000000e+08
4.648743770000000000e+08
4.652214160000000000e+08
4.677546970000000000e+08
4.680179980000000000e+08
4.698928950000000000e+08
4.718476030000000000e+08
4.719411010000000000e+08
4.722175020000000000e+08
4.730953570000000000e+08
4.731672450000000000e+08
4.735289110000000000e+08
4.758701700000000000e+08
4.791771960000000000e+08
4.803336910000000000e+08
4.806160270000000000e+08
4.812231410000000000e+08
4.814072150000000000e+08
4.821174550000000000e+08
4.824734520000000000e+08
4.840118730000000000e+08
4.868910020000000000e+08
4.884350190000000000e+08
4.893081320000000000e+08
4.895154770000000000e+08
4.899117770000000000e+08
4.904005530000000000e+08
4.904866670000000000e+08
4.912904740000000000e+08
4.914515430000000000e+08
4.923816890000000000e+08
4.934772570000000000e+08
4.935476230000000000e+08
4.942301010000000000e+08
4.950258630000000000e+08
4.962335860000000000e+08
4.978800250000000000e+08
5.013822850000000000e+08
5.034393180000000000e+08
5.047397540000000000e+08
5.049425470000000000e+08
5.072303710000000000e+08
5.103503830000000000e+08
5.103518420000000000e+08
5.117785510000000000e+08
5.150703580000000000e+08
5.203445190000000000e+08
5.207441220000000000e+08
5.224995570000000000e+08
5.230935940000000000e+08
5.369978870000000000e+08
5.369999350000000000e+08
5.370017270000000000e+08
5.370019810000000000e+08
5.371001590000000000e+08
5.371002850000000000e+08
5.371161590000000000e+08
5.371166690000000000e+08
5.371279350000000000e+08
5.371309750000000000e+08
5.371975670000000000e+08
5.372272630000000000e+08
5.373828790000000000e+08
5.374853110000000000e+08
5.375016950000000000e+08
5.375178230000000000e+08
5.375219190000000000e+08
5.375242220000000000e+08
5.376471010000000000e+08
5.377227500000000000e+08
5.380505470000000000e+08
5.386321570000000000e+08
5.387028230000000000e+08
5.389562710000000000e+08
5.390330870000000000e+08
5.390335670000000000e+08
5.390827470000000000e+08
5.390950350000000000e+08
5.390991010000000000e+08
5.393561570000000000e+08
5.397176130000000000e+08
5.405070610000000000e+08
5.405377570000000000e+08
5.416547750000000000e+08
5.425054590000000000e+08
5.426995100000000000e+08
5.427015580000000000e+08
5.432522230000000000e+08
5.432765410000000000e+08
5.438831920000000000e+08
5.440419350000000000e+08
5.453496310000000000e+08
5.453578150000000000e+08
5.453578190000000000e+08
5.453701110000000000e+08
5.453736950000000000e+08
5.455175270000000000e+08
5.458411430000000000e+08
5.461676630000000000e+08
5.483762830000000000e+08
5.492715020000000000e+08
5.495815670000000000e+08
5.512586190000000000e+08
5.520075440000000000e+08
5.521561350000000000e+08
5.525706780000000000e+08
5.537791270000000000e+08
5.538937910000000000e+08
5.540248270000000000e+08
5.540392920000000000e+08
5.542378150000000000e+08
5.543352230000000000e+08
5.543690010000000000e+08
5.557777910000000000e+08
5.563665590000000000e+08
5.565960610000000000e+08
5.588438380000000000e+08
5.594315430000000000e+08
5.603792950000000000e+08
5.625507720000000000e+08
5.633407750000000000e+08
5.635726430000000000e+08
5.648780740000000000e+08
5.660711960000000000e+08
5.662960540000000000e+08
5.670149270000000000e+08
5.690397700000000000e+08
5.698102330000000000e+08
5.705482220000000000e+08
5.705523150000000000e+08
5.710356470000000000e+08
5.710473910000000000e+08
5.713392310000000000e+08
5.714032390000000000e+08
5.715988430000000000e+08
5.730443150000000000e+08
5.732340430000000000e+08
5.742893880000000000e+08
5.743418830000000000e+08
5.757665140000000000e+08
5.759135660000000000e+08
5.759160130000000000e+08
5.759907470000000000e+08
5.762881110000000000e+08
5.770219190000000000e+08
5.772144220000000000e+08
5.784683010000000000e+08
5.789445020000000000e+08
5.791331820000000000e+08
5.791988750000000000e+08
5.792969430000000000e+08
5.797134690000000000e+08
5.804962390000000000e+08
5.818538870000000000e+08
5.821787770000000000e+08
5.831677110000000000e+08
5.839093160000000000e+08
5.873090470000000000e+08
5.883445750000000000e+08
5.883778460000000000e+08
5.886176790000000000e+08
5.909781740000000000e+08
5.917716030000000000e+08
5.922441350000000000e+08
5.925580120000000000e+08
5.937471150000000000e+08
5.956065270000000000e+08
5.963414310000000000e+08
5.971273750000000000e+08
5.989492210000000000e+08
5.989896100000000000e+08
5.990384430000000000e+08
5.993073870000000000e+08
6.040780150000000000e+08
6.041106550000000000e+08
6.042378060000000000e+08
6.042408300000000000e+08
6.046330630000000000e+08
6.082559980000000000e+08
6.083040470000000000e+08
6.089436040000000000e+08
6.104984470000000000e+08
6.118226850000000000e+08
6.130174690000000000e+08
6.131404550000000000e+08
6.141813510000000000e+08
6.145914470000000000e+08
6.166190050000000000e+08
6.175066690000000000e+08
6.177881550000000000e+08
6.187222630000000000e+08
6.197982520000000000e+08
6.239800290000000000e+08
6.254253810000000000e+08
6.256874050000000000e+08
6.257660130000000000e+08
6.261260110000000000e+08
6.268976930000000000e+08
6.276290140000000000e+08
6.278059320000000000e+08
6.292753860000000000e+08
6.314541980000000000e+08
6.316182620000000000e+08
6.320731940000000000e+08
6.325363570000000000e+08
6.329316430000000000e+08
6.345158970000000000e+08
6.355593180000000000e+08
6.370255590000000000e+08
6.377302350000000000e+08
6.386562550000000000e+08
6.391951320000000000e+08
6.394139490000000000e+08
6.396077810000000000e+08
6.397214310000000000e+08
6.405803230000000000e+08
6.409254890000000000e+08
6.418503190000000000e+08
6.431569800000000000e+08
6.442131710000000000e+08
6.452263730000000000e+08
6.469190340000000000e+08
6.483885780000000000e+08
6.489225730000000000e+08
6.494572970000000000e+08
6.506242040000000000e+08
6.555790540000000000e+08
6.572891000000000000e+08
6.582358520000000000e+08
6.599595140000000000e+08
6.601806370000000000e+08
6.632197530000000000e+08
6.687487840000000000e+08
6.712112630000000000e+08
6.712153590000000000e+08
6.712190710000000000e+08
6.712194390000000000e+08
6.712687990000000000e+08
6.713507480000000000e+08
6.717767020000000000e+08
6.721161830000000000e+08
6.724483750000000000e+08
6.725198070000000000e+08
6.729726950000000000e+08
6.732175350000000000e+08
6.732819830000000000e+08
6.733117390000000000e+08
6.734461420000000000e+08
6.741636760000000000e+08
6.742832470000000000e+08
6.759280580000000000e+08
6.762808950000000000e+08
6.768966070000000000e+08
6.769540720000000000e+08
6.769806010000000000e+08
6.778139190000000000e+08
6.782356150000000000e+08
6.785212150000000000e+08
6.786163790000000000e+08
6.788200880000000000e+08
6.803921420000000000e+08
6.812815250000000000e+08
6.814414970000000000e+08
6.841461620000000000e+08
6.847824620000000000e+08
6.853406480000000000e+08
6.871375020000000000e+08
6.883879410000000000e+08
6.884513230000000000e+08
6.891749650000000000e+08
6.902778860000000000e+08
6.924201550000000000e+08
6.931148790000000000e+08
6.932590070000000000e+08
6.934279450000000000e+08
6.960287960000000000e+08
6.966988730000000000e+08
6.968911230000000000e+08
6.992444400000000000e+08
7.016872510000000000e+08
7.026414700000000000e+08
7.048539830000000000e+08
7.050316550000000000e+08
7.069843170000000000e+08
7.073376950000000000e+08
7.077843380000000000e+08
7.086528300000000000e+08
7.089028900000000000e+08
7.099458530000000000e+08
7.101118670000000000e+08
7.120381380000000000e+08
7.123125430000000000e+08
7.138045990000000000e+08
7.144509300000000000e+08
7.150584040000000000e+08
7.152579810000000000e+08
7.165293220000000000e+08
7.195626430000000000e+08
7.201701610000000000e+08
7.237037070000000000e+08
7.237435470000000000e+08
7.244831250000000000e+08
7.250791560000000000e+08
7.257402530000000000e+08
7.269488490000000000e+08
7.280996220000000000e+08
7.283352940000000000e+08
7.285891070000000000e+08
7.305943110000000000e+08
7.325550810000000000e+08
7.336832690000000000e+08
7.382956780000000000e+08
7.385620150000000000e+08
7.390627510000000000e+08
7.396023620000000000e+08
7.396287660000000000e+08
7.402372810000000000e+08
7.409414860000000000e+08
7.410277020000000000e+08
7.413759490000000000e+08
7.422742830000000000e+08
7.424898070000000000e+08
7.430224910000000000e+08
7.432908250000000000e+08
7.468400060000000000e+08
7.495574820000000000e+08
7.498372270000000000e+08
7.525450620000000000e+08
7.561371980000000000e+08
7.568004010000000000e+08
7.571885350000000000e+08
7.575739350000000000e+08
7.590111480000000000e+08
7.594216260000000000e+08
7.600432420000000000e+08
7.618749030000000000e+08
7.625466130000000000e+08
7.640910050000000000e+08
7.661105340000000000e+08
7.687237890000000000e+08
7.721082430000000000e+08
7.741057180000000000e+08
7.781606150000000000e+08
7.811742200000000000e+08
7.812449180000000000e+08
7.819811590000000000e+08
7.822908590000000000e+08
7.826057520000000000e+08
7.841921000000000000e+08
7.847250820000000000e+08
7.849557980000000000e+08
7.851714360000000000e+08
7.870277660000000000e+08
7.886079910000000000e+08
7.902298020000000000e+08
8.054045430000000000e+08
8.054368630000000000e+08
8.056831820000000000e+08
8.057303020000000000e+08
8.058961790000000000e+08
8.059522550000000000e+08
8.059533990000000000e+08
8.060108450000000000e+08
8.065617910000000000e+08
8.065760910000000000e+08
8.075141090000000000e+08
8.075627510000000000e+08
8.076625860000000000e+08
8.077915950000000000e+08
8.082815950000000000e+08
8.086474830000000000e+08
8.096839670000000000e+08
8.098441590000000000e+08
8.105089270000000000e+08
8.106799940000000000e+08
8.107739750000000000e+08
8.108087500000000000e+08
8.109336470000000000e+08
8.109941670000000000e+08
8.112674850000000000e+08
8.128909370000000000e+08
8.141505260000000000e+08
8.142159020000000000e+08
8.155534060000000000e+08
8.168892140000000000e+08
8.174454990000000000e+08
8.186233580000000000e+08
8.190581580000000000e+08
8.191644770000000000e+08
8.195791270000000000e+08
8.198944790000000000e+08
8.204379390000000000e+08
8.205841230000000000e+08
8.227330550000000000e+08
8.231205990000000000e+08
8.234987480000000000e+08
8.244256310000000000e+08
8.247458530000000000e+08
8.256126540000000000e+08
8.261398840000000000e+08
8.273814390000000000e+08
8.284231190000000000e+08
8.318708750000000000e+08
8.326210550000000000e+08
8.330315350000000000e+08
8.333951630000000000e+08
8.344475950000000000e+08
8.349278200000000000e+08
8.364517460000000000e+08
8.374695570000000000e+08
8.391219080000000000e+08
8.395980300000000000e+08
8.396328620000000000e+08
8.399069940000000000e+08
8.400321090000000000e+08
8.400567650000000000e+08
8.405422040000000000e+08
8.406791750000000000e+08
8.438527910000000000e+08
8.441680450000000000e+08
8.453401480000000000e+08
8.465515260000000000e+08
8.478554700000000000e+08
8.480086910000000000e+08
8.487870190000000000e+08
8.493231290000000000e+08
8.495346820000000000e+08
8.495378530000000000e+08
8.515439990000000000e+08
8.540237020000000000e+08
8.560757270000000000e+08
8.560935830000000000e+08
8.561446860000000000e+08
8.564180870000000000e+08
8.568155700000000000e+08
8.584372930000000000e+08
8.610917370000000000e+08
8.622666870000000000e+08
8.636303850000000000e+08
8.647369260000000000e+08
8.651995340000000000e+08
8.652830330000000000e+08
8.685622380000000000e+08
8.698827550000000000e+08
8.720924920000000000e+08
8.725299160000000000e+08
8.726727490000000000e+08
8.727572430000000000e+08
8.732582380000000000e+08
8.732625550000000000e+08
8.734023430000000000e+08
8.735047650000000000e+08
8.736889410000000000e+08
8.737247250000000000e+08
8.737422690000000000e+08
8.759131010000000000e+08
8.763249870000000000e+08
8.772304310000000000e+08
8.798737350000000000e+08
8.801392160000000000e+08
8.809183340000000000e+08
8.862964540000000000e+08
8.893971110000000000e+08
8.894374710000000000e+08
8.896609260000000000e+08
8.907140600000000000e+08
8.922406230000000000e+08
8.924360250000000000e+08
8.929823900000000000e+08
8.945549110000000000e+08
8.953514320000000000e+08
8.955165880000000000e+08
8.977076410000000000e+08
8.987345670000000000e+08
8.995163090000000000e+08
8.999483810000000000e+08
9.003514190000000000e+08
9.013190990000000000e+08
9.060678360000000000e+08
9.077521670000000000e+08
9.084578400000000000e+08
9.089650190000000000e+08
9.102819670000000000e+08
9.104254770000000000e+08
9.115697560000000000e+08
9.118419490000000000e+08
9.118467020000000000e+08
9.161080590000000000e+08
9.176886860000000000e+08
9.179440160000000000e+08
9.187747610000000000e+08
9.197904830000000000e+08
9.204092730000000000e+08
9.229679770000000000e+08
9.233322530000000000e+08
9.249706760000000000e+08
9.253369900000000000e+08
9.297327300000000000e+08
9.327951240000000000e+08
9.339464450000000000e+08
9.364831780000000000e+08
9.396540630000000000e+08
9.398475830000000000e+08
9.401666390000000000e+08
9.408224230000000000e+08
9.414645060000000000e+08
9.419322070000000000e+08
9.422394750000000000e+08
9.422586700000000000e+08
9.425269650000000000e+08
9.425683710000000000e+08
9.428004290000000000e+08
9.429267410000000000e+08
9.440457470000000000e+08
9.444865590000000000e+08
9.449304850000000000e+08
9.466387140000000000e+08
9.479935950000000000e+08
9.482970470000000000e+08
9.519665600000000000e+08
9.530829590000000000e+08
9.532168390000000000e+08
9.540931450000000000e+08
9.557180230000000000e+08
9.564281990000000000e+08
9.564733100000000000e+08
9.564779510000000000e+08
9.565798050000000000e+08
9.571970520000000000e+08
9.584618140000000000e+08
9.592902780000000000e+08
9.595754020000000000e+08
9.596973310000000000e+08
9.597566590000000000e+08
9.598524860000000000e+08
9.611240610000000000e+08
9.626234130000000000e+08
9.628317070000000000e+08
9.646338320000000000e+08
9.659491130000000000e+08
9.664916650000000000e+08
9.668971320000000000e+08
9.690303310000000000e+08
9.718738120000000000e+08
9.798207790000000000e+08
9.821160250000000000e+08
9.836572470000000000e+08
9.862650680000000000e+08
9.878578510000000000e+08
9.901114520000000000e+08
9.902461220000000000e+08
9.906328020000000000e+08
9.909364070000000000e+08
9.920137740000000000e+08
9.963102790000000000e+08
9.973219890000000000e+08
9.980543050000000000e+08
9.984281310000000000e+08
1.006215251000000000e+09
1.007019727000000000e+09
1.007775219000000000e+09
1.008948143000000000e+09
1.010607709000000000e+09
1.012174558000000000e+09
1.012884810000000000e+09
1.013352378000000000e+09
1.014126533000000000e+09
1.015130078000000000e+09
1.015211507000000000e+09
1.016624632000000000e+09
1.019918698000000000e+09
1.021299730000000000e+09
1.023536747000000000e+09
1.023799122000000000e+09
1.026111709000000000e+09
1.027693911000000000e+09
1.027840822000000000e+09
1.031033294000000000e+09
1.031161146000000000e+09
1.040822151000000000e+09
1.041621235000000000e+09
1.044614117000000000e+09
1.044771777000000000e+09
1.046059563000000000e+09
1.048221782000000000e+09
1.049167327000000000e+09
1.049246659000000000e+09
1.053569259000000000e+09
1.053681705000000000e+09
1.061261228000000000e+09
1.061546404000000000e+09
1.061729228000000000e+09
1.066996910000000000e+09
1.073840127000000000e+09
1.073864703000000000e+09
1.073868799000000000e+09
1.073870847000000000e+09
1.073997823000000000e+09
1.074003775000000000e+09
1.074036735000000000e+09
1.074069375000000000e+09
1.074102267000000000e+09
1.074126591000000000e+09
1.074135003000000000e+09
1.074135036000000000e+09
1.074525950000000000e+09
1.074650877000000000e+09
1.074788059000000000e+09
1.074854911000000000e+09
1.074920957000000000e+09
1.074921214000000000e+09
1.074921405000000000e+09
1.075044091000000000e+09
1.075281389000000000e+09
1.075306191000000000e+09
1.075541695000000000e+09
1.075739359000000000e+09
1.075757033000000000e+09
1.075773400000000000e+09
1.075896319000000000e+09
1.075936255000000000e+09
1.076100086000000000e+09
1.076230110000000000e+09
1.076821907000000000e+09
1.077255166000000000e+09
1.078067193000000000e+09
1.078132687000000000e+09
1.078713789000000000e+09
1.078843775000000000e+09
1.079107549000000000e+09
1.079196655000000000e+09
1.081159423000000000e+09
1.082195959000000000e+09
1.082244863000000000e+09
1.082507223000000000e+09
1.082617719000000000e+09
1.083133791000000000e+09
1.083160051000000000e+09
1.083375215000000000e+09
1.083423215000000000e+09
1.084356093000000000e+09
1.085533639000000000e+09
1.085652908000000000e+09
1.085860734000000000e+09
1.085898169000000000e+09
1.085996945000000000e+09
1.086447609000000000e+09
1.086570343000000000e+09
1.087071103000000000e+09
1.088708063000000000e+09
1.089203287000000000e+09
1.089425378000000000e+09
1.089827550000000000e+09
1.090172726000000000e+09
1.090748271000000000e+09
1.090960375000000000e+09
1.091960526000000000e+09
1.092017131000000000e+09
1.092746987000000000e+09
1.093314557000000000e+09
1.094933502000000000e+09
1.095134847000000000e+09
1.095347707000000000e+09
1.096477622000000000e+09
1.096738645000000000e+09
1.097439991000000000e+09
1.097652201000000000e+09
1.099102167000000000e+09
1.099168745000000000e+09
1.100313527000000000e+09
1.101250222000000000e+09
1.104409031000000000e+09
1.104500638000000000e+09
1.104600548000000000e+09
1.106864826000000000e+09
1.107525607000000000e+09
1.107812151000000000e+09
1.108006879000000000e+09
1.108196959000000000e+09
1.108475819000000000e+09
1.108934331000000000e+09
1.109077855000000000e+09
1.109098382000000000e+09
1.109720947000000000e+09
1.110378494000000000e+09
1.111489732000000000e+09
1.111684606000000000e+09
1.113931599000000000e+09
1.113939767000000000e+09
1.114860971000000000e+09
1.114882558000000000e+09
1.115287241000000000e+09
1.115673313000000000e+09
1.115893727000000000e+09
1.116065785000000000e+09
1.116595691000000000e+09
1.116602250000000000e+09
1.116921596000000000e+09
1.119586767000000000e+09
1.120468668000000000e+09
1.120792766000000000e+09
1.125178303000000000e+09
1.125767805000000000e+09
1.126383415000000000e+09
1.126415543000000000e+09
1.126743773000000000e+09
1.127129033000000000e+09
1.127443418000000000e+09
1.128488797000000000e+09
1.128715763000000000e+09
1.129012188000000000e+09
1.129147099000000000e+09
1.130690381000000000e+09
1.131138165000000000e+09
1.131726332000000000e+09
1.131998833000000000e+09
1.132255017000000000e+09
1.132580703000000000e+09
1.133247365000000000e+09
1.133861818000000000e+09
1.134059311000000000e+09
1.135167997000000000e+09
1.136769902000000000e+09
1.137028725000000000e+09
1.138332523000000000e+09
1.140016359000000000e+09
1.140916207000000000e+09
1.140981627000000000e+09
1.140981741000000000e+09
1.141243630000000000e+09
1.141784031000000000e+09
1.142140915000000000e+09
1.142681449000000000e+09
1.143193309000000000e+09
1.143369655000000000e+09
1.143840760000000000e+09
1.143978414000000000e+09
1.144217562000000000e+09
1.144356761000000000e+09
1.144989118000000000e+09
1.144995242000000000e+09
1.145165821000000000e+09
1.145304923000000000e+09
1.146091630000000000e+09
1.146843623000000000e+09
1.146994354000000000e+09
1.147170799000000000e+09
1.148844567000000000e+09
1.148860921000000000e+09
1.149368127000000000e+09
1.149597407000000000e+09
1.150514015000000000e+09
1.153332460000000000e+09
1.154731930000000000e+09
1.155616764000000000e+09
1.155983179000000000e+09
1.156083535000000000e+09
1.157756655000000000e+09
1.158017012000000000e+09
1.159323085000000000e+09
1.159425468000000000e+09
1.159691436000000000e+09
1.160380088000000000e+09
1.160499146000000000e+09
1.162194831000000000e+09
1.162278707000000000e+09
1.162929917000000000e+09
1.166147251000000000e+09
1.166323579000000000e+09
1.166605298000000000e+09
1.167177023000000000e+09
1.168684399000000000e+09
1.169411382000000000e+09
1.170968278000000000e+09
1.171513977000000000e+09
1.172389557000000000e+09
1.174253924000000000e+09
1.174535639000000000e+09
1.174647775000000000e+09
1.174659034000000000e+09
1.175058015000000000e+09
1.175970774000000000e+09
1.176628981000000000e+09
1.176796541000000000e+09
1.177271986000000000e+09
1.177891709000000000e+09
1.178152889000000000e+09
1.178282462000000000e+09
1.179203447000000000e+09
1.179246141000000000e+09
1.180666285000000000e+09
1.183512019000000000e+09
1.183675101000000000e+09
1.184153305000000000e+09
1.185242055000000000e+09
1.186524725000000000e+09
1.186695414000000000e+09
1.188100565000000000e+09
1.190116357000000000e+09
1.191358427000000000e+09
1.193776926000000000e+09
1.193840636000000000e+09
1.194039918000000000e+09
1.194507357000000000e+09
1.195482613000000000e+09
1.196141741000000000e+09
1.200888573000000000e+09
1.201715646000000000e+09
1.202855289000000000e+09
1.205953854000000000e+09
1.205983654000000000e+09
1.206004350000000000e+09
1.207146010000000000e+09
1.208090557000000000e+09
1.208219515000000000e+09
1.208221406000000000e+09
1.208221643000000000e+09
1.208479610000000000e+09
1.208933815000000000e+09
1.209268153000000000e+09
1.209507291000000000e+09
1.209654765000000000e+09
1.210089343000000000e+09
1.210186715000000000e+09
1.210187127000000000e+09
1.211063101000000000e+09
1.211219946000000000e+09
1.211410430000000000e+09
1.211604063000000000e+09
1.212393407000000000e+09
1.212611534000000000e+09
1.212937084000000000e+09
1.214442423000000000e+09
1.215424863000000000e+09
1.215505279000000000e+09
1.215541719000000000e+09
1.215685086000000000e+09
1.215802090000000000e+09
1.216167183000000000e+09
1.217002460000000000e+09
1.217091503000000000e+09
1.217171391000000000e+09
1.219361307000000000e+09
1.219466106000000000e+09
1.220194558000000000e+09
1.221471165000000000e+09
1.221694447000000000e+09
1.221703610000000000e+09
1.224045913000000000e+09
1.225111287000000000e+09
1.225389557000000000e+09
1.225490275000000000e+09
1.225613147000000000e+09
1.226010099000000000e+09
1.226034399000000000e+09
1.226275223000000000e+09
1.226288371000000000e+09
1.226424118000000000e+09
1.227423069000000000e+09
1.227984855000000000e+09
1.228002269000000000e+09
1.228384877000000000e+09
1.229252559000000000e+09
1.230257127000000000e+09
1.230538749000000000e+09
1.231985379000000000e+09
1.232814909000000000e+09
1.233374966000000000e+09
1.233706783000000000e+09
1.234816691000000000e+09
1.234816933000000000e+09
1.235304349000000000e+09
1.235335550000000000e+09
1.236490575000000000e+09
1.236824509000000000e+09
1.237443571000000000e+09
1.243200757000000000e+09
1.243588466000000000e+09
1.243788283000000000e+09
1.245936373000000000e+09
1.246459622000000000e+09
1.246484663000000000e+09
1.248163278000000000e+09
1.250081743000000000e+09
1.250650335000000000e+09
1.250791402000000000e+09
1.251069406000000000e+09
1.251082009000000000e+09
1.253129643000000000e+09
1.258618356000000000e+09
1.259904478000000000e+09
1.260948447000000000e+09
1.261292190000000000e+09
1.264623341000000000e+09
1.265873191000000000e+09
1.266695159000000000e+09
1.266926333000000000e+09
1.268260333000000000e+09
1.270208744000000000e+09
1.270454415000000000e+09
1.272100804000000000e+09
1.274179982000000000e+09
1.274685006000000000e+09
1.275567965000000000e+09
1.275837293000000000e+09
1.276229371000000000e+09
1.276247914000000000e+09
1.276931949000000000e+09
1.277359799000000000e+09
1.278060923000000000e+09
1.278607172000000000e+09
1.279210360000000000e+09
1.281319610000000000e+09
1.281339726000000000e+09
1.281914319000000000e+09
1.282643795000000000e+09
1.282780254000000000e+09
1.283602423000000000e+09
1.285936102000000000e+09
1.286398842000000000e+09
1.286403388000000000e+09
1.287842759000000000e+09
1.288805271000000000e+09
1.290055126000000000e+09
1.291104038000000000e+09
1.293466967000000000e+09
1.293932826000000000e+09
1.294041029000000000e+09
1.294381534000000000e+09
1.294969165000000000e+09
1.295052445000000000e+09
1.296096761000000000e+09
1.297062997000000000e+09
1.298278895000000000e+09
1.298320221000000000e+09
1.298725274000000000e+09
1.301041140000000000e+09
1.301533086000000000e+09
1.302281304000000000e+09
1.302818626000000000e+09
1.303539314000000000e+09
1.304524522000000000e+09
1.304940172000000000e+09
1.306716762000000000e+09
1.308946343000000000e+09
1.309515508000000000e+09
1.310121628000000000e+09
1.311593821000000000e+09
1.312935804000000000e+09
1.313338457000000000e+09
1.318532444000000000e+09
1.319147390000000000e+09
1.319587684000000000e+09
1.321583517000000000e+09
1.325528790000000000e+09
1.325702583000000000e+09
1.328395874000000000e+09
1.330296680000000000e+09
1.330374186000000000e+09
1.331567856000000000e+09
1.331841895000000000e+09
1.335330721000000000e+09
1.336826980000000000e+09
1.337037359000000000e+09
1.338327923000000000e+09
1.340694835000000000e+09
1.341167950000000000e+09
1.342299647000000000e+09
1.342300155000000000e+09
1.342304127000000000e+09
1.342307071000000000e+09
1.342535615000000000e+09
1.343208825000000000e+09
1.344385007000000000e+09
1.344389051000000000e+09
1.344404319000000000e+09
1.345075711000000000e+09
1.346292461000000000e+09
1.346502509000000000e+09
1.346764218000000000e+09
1.346789111000000000e+09
1.347411003000000000e+09
1.347528639000000000e+09
1.347780309000000000e+09
1.348072359000000000e+09
1.349610399000000000e+09
1.350277917000000000e+09
1.350957048000000000e+09
1.351079543000000000e+09
1.352496762000000000e+09
1.352776187000000000e+09
1.353047847000000000e+09
1.353157499000000000e+09
1.354088218000000000e+09
1.354153417000000000e+09
1.355796118000000000e+09
1.356712343000000000e+09
1.356947165000000000e+09
1.358271341000000000e+09
1.359215454000000000e+09
1.360051183000000000e+09
1.360083903000000000e+09
1.360493930000000000e+09
1.360854732000000000e+09
1.361182618000000000e+09
1.361243963000000000e+09
1.361327871000000000e+09
1.361942513000000000e+09
1.362578223000000000e+09
1.363129130000000000e+09
1.364508086000000000e+09
1.364977898000000000e+09
1.366143676000000000e+09
1.366548798000000000e+09
1.366659836000000000e+09
1.366668770000000000e+09
1.367043339000000000e+09
1.367784909000000000e+09
1.368252082000000000e+09
1.368455930000000000e+09
1.369668076000000000e+09
1.369820905000000000e+09
1.371066195000000000e+09
1.372904245000000000e+09
1.373825522000000000e+09
1.374114638000000000e+09
1.375846379000000000e+09
1.375969239000000000e+09
1.377036025000000000e+09
1.377692957000000000e+09
1.377766141000000000e+09
1.378221001000000000e+09
1.378347827000000000e+09
1.378647961000000000e+09
1.378728622000000000e+09
1.379361756000000000e+09
1.381343180000000000e+09
1.384247254000000000e+09
1.384623798000000000e+09
1.384634491000000000e+09
1.384772446000000000e+09
1.384832994000000000e+09
1.384994293000000000e+09
1.386309115000000000e+09
1.387100869000000000e+09
1.389968217000000000e+09
1.391172268000000000e+09
1.392016788000000000e+09
1.392057766000000000e+09
1.392606111000000000e+09
1.392702958000000000e+09
1.392770453000000000e+09
1.393802301000000000e+09
1.394396604000000000e+09
1.395047310000000000e+09
1.398816493000000000e+09
1.398895518000000000e+09
1.400744714000000000e+09
1.401486494000000000e+09
1.402784486000000000e+09
1.403318035000000000e+09
1.404353938000000000e+09
1.406005602000000000e+09
1.407316301000000000e+09
1.409380287000000000e+09
1.409757039000000000e+09
1.410030327000000000e+09
1.410056025000000000e+09
1.410596367000000000e+09
1.410907327000000000e+09
1.410922234000000000e+09
1.411961851000000000e+09
1.412558453000000000e+09
1.412560775000000000e+09
1.412687828000000000e+09
1.413954875000000000e+09
1.415492729000000000e+09
1.415832444000000000e+09
1.416833499000000000e+09
1.417768415000000000e+09
1.418288627000000000e+09
1.419834331000000000e+09
1.419897811000000000e+09
1.421996271000000000e+09
1.423015848000000000e+09
1.424060092000000000e+09
1.424923754000000000e+09
1.425199733000000000e+09
1.425552342000000000e+09
1.426173855000000000e+09
1.426435901000000000e+09
1.426500349000000000e+09
1.427598137000000000e+09
1.427747795000000000e+09
1.430836723000000000e+09
1.434636190000000000e+09
1.438299523000000000e+09
1.438845855000000000e+09
1.441106746000000000e+09
1.442064858000000000e+09
1.443012079000000000e+09
1.443051135000000000e+09
1.444182997000000000e+09
1.444592342000000000e+09
1.445963869000000000e+09
1.446591321000000000e+09
1.448737157000000000e+09
1.449244611000000000e+09
1.449520010000000000e+09
1.451974975000000000e+09
1.452367848000000000e+09
1.453431673000000000e+09
1.456329998000000000e+09
1.460771699000000000e+09
1.461516380000000000e+09
1.462793454000000000e+09
1.463701868000000000e+09
1.465119491000000000e+09
1.470417255000000000e+09
1.473804656000000000e+09
1.476624279000000000e+09
1.476836087000000000e+09
1.477032383000000000e+09
1.477312281000000000e+09
1.478467000000000000e+09
1.479108583000000000e+09
1.479291647000000000e+09
1.479767470000000000e+09
1.480675319000000000e+09
1.480845149000000000e+09
1.481333998000000000e+09
1.481961318000000000e+09
1.481965457000000000e+09
1.482930547000000000e+09
1.484663246000000000e+09
1.485690616000000000e+09
1.485797074000000000e+09
1.488116198000000000e+09
1.489607610000000000e+09
1.490595785000000000e+09
1.491663127000000000e+09
1.492372074000000000e+09
1.493232638000000000e+09
1.493671875000000000e+09
1.494351257000000000e+09
1.494399230000000000e+09
1.495713211000000000e+09
1.496437717000000000e+09
1.499553466000000000e+09
1.500422763000000000e+09
1.502209846000000000e+09
1.507742812000000000e+09
1.510004734000000000e+09
1.510309857000000000e+09
1.510341927000000000e+09
1.511763342000000000e+09
1.513550947000000000e+09
1.514576755000000000e+09
1.515080692000000000e+09
1.515319068000000000e+09
1.516975941000000000e+09
1.517096675000000000e+09
1.519224781000000000e+09
1.519729755000000000e+09
1.522614043000000000e+09
1.524757736000000000e+09
1.526131488000000000e+09
1.528355542000000000e+09
1.529621996000000000e+09
1.531244703000000000e+09
1.534789006000000000e+09
1.535958348000000000e+09
1.540072360000000000e+09
1.541450895000000000e+09
1.544087419000000000e+09
1.544221597000000000e+09
1.544806058000000000e+09
1.545842515000000000e+09
1.545984606000000000e+09
1.546507121000000000e+09
1.549182735000000000e+09
1.550420921000000000e+09
1.550793314000000000e+09
1.551969247000000000e+09
1.552217757000000000e+09
1.553294298000000000e+09
1.558322422000000000e+09
1.559435941000000000e+09
1.561414335000000000e+09
1.561759218000000000e+09
1.562855142000000000e+09
1.563540503000000000e+09
1.565060466000000000e+09
1.565621767000000000e+09
1.566224628000000000e+09
1.566812050000000000e+09
1.568992917000000000e+09
1.571427005000000000e+09
1.575546402000000000e+09
1.579204562000000000e+09
1.581362908000000000e+09
1.584980275000000000e+09
1.588105110000000000e+09
1.589758167000000000e+09
1.589819559000000000e+09
1.595447237000000000e+09
1.595880130000000000e+09
1.599261900000000000e+09
1.602855161000000000e+09
1.603990096000000000e+09
1.605908622000000000e+09
1.609590000000000000e+09
1.610742779000000000e+09
1.610743774000000000e+09
1.610868479000000000e+09
1.610873342000000000e+09
1.610874851000000000e+09
1.611046399000000000e+09
1.611265279000000000e+09
1.611898495000000000e+09
1.612559823000000000e+09
1.613462942000000000e+09
1.613735583000000000e+09
1.613905901000000000e+09
1.614183928000000000e+09
1.614273205000000000e+09
1.614528027000000000e+09
1.614933991000000000e+09
1.615003259000000000e+09
1.615052773000000000e+09
1.615060726000000000e+09
1.616084206000000000e+09
1.616304606000000000e+09
1.616900032000000000e+09
1.617165467000000000e+09
1.617461114000000000e+09
1.618205402000000000e+09
1.618437091000000000e+09
1.618469579000000000e+09
1.618970234000000000e+09
1.620276718000000000e+09
1.620803425000000000e+09
1.621006321000000000e+09
1.621059373000000000e+09
1.621081290000000000e+09
1.621261783000000000e+09
1.621327467000000000e+09
1.621821951000000000e+09
1.624897171000000000e+09
1.625422817000000000e+09
1.626502365000000000e+09
1.626928538000000000e+09
1.627520487000000000e+09
1.627520875000000000e+09
1.627584991000000000e+09
1.627651671000000000e+09
1.627782061000000000e+09
1.627977691000000000e+09
1.628239223000000000e+09
1.628695159000000000e+09
1.629222076000000000e+09
1.629238270000000000e+09
1.630441303000000000e+09
1.632067254000000000e+09
1.632333796000000000e+09
1.632949919000000000e+09
1.633217119000000000e+09
1.635989470000000000e+09
1.636222895000000000e+09
1.636554445000000000e+09
1.636916957000000000e+09
1.637273306000000000e+09
1.637350728000000000e+09
1.638268514000000000e+09
1.639343695000000000e+09
1.639999359000000000e+09
1.640717226000000000e+09
1.642180515000000000e+09
1.644557294000000000e+09
1.644810143000000000e+09
1.645320189000000000e+09
1.645995753000000000e+09
1.646505567000000000e+09
1.646753257000000000e+09
1.647689185000000000e+09
1.648988671000000000e+09
1.650675175000000000e+09
1.651677172000000000e+09
1.651898018000000000e+09
1.652621177000000000e+09
1.653141406000000000e+09
1.653197811000000000e+09
1.653955509000000000e+09
1.654768575000000000e+09
1.655037259000000000e+09
1.655427795000000000e+09
1.656985501000000000e+09
1.657032637000000000e+09
1.657215391000000000e+09
1.657464525000000000e+09
1.660273013000000000e+09
1.660322715000000000e+09
1.661302007000000000e+09
1.661783033000000000e+09
1.662924707000000000e+09
1.663088381000000000e+09
1.663102397000000000e+09
1.663144447000000000e+09
1.666701986000000000e+09
1.670494693000000000e+09
1.670623547000000000e+09
1.679114155000000000e+09
1.679263733000000000e+09
1.679807331000000000e+09
1.679914942000000000e+09
1.681118700000000000e+09
1.683090357000000000e+09
1.685171607000000000e+09
1.685418205000000000e+09
1.686219773000000000e+09
1.686498938000000000e+09
1.686895522000000000e+09
1.687286727000000000e+09
1.688782718000000000e+09
1.691470077000000000e+09
1.692531378000000000e+09
1.692949461000000000e+09
1.694654191000000000e+09
1.695809043000000000e+09
1.696545004000000000e+09
1.696677849000000000e+09
1.697039551000000000e+09
1.697177570000000000e+09
1.697439634000000000e+09
1.704676714000000000e+09
1.704744790000000000e+09
1.705434900000000000e+09
1.705438818000000000e+09
1.705693878000000000e+09
1.705789911000000000e+09
1.707701365000000000e+09
1.708396991000000000e+09
1.712356283000000000e+09
1.712752627000000000e+09
1.713436925000000000e+09
1.716810617000000000e+09
1.720831893000000000e+09
1.722142162000000000e+09
1.722326359000000000e+09
1.722846879000000000e+09
1.724233038000000000e+09
1.725339193000000000e+09
1.728494293000000000e+09
1.729402803000000000e+09
1.732102171000000000e+09
1.732831674000000000e+09
1.734567033000000000e+09
1.738288104000000000e+09
1.739172280000000000e+09
1.739246498000000000e+09
1.739395510000000000e+09
1.745067503000000000e+09
1.745080055000000000e+09
1.746000511000000000e+09
1.746657061000000000e+09
1.746721749000000000e+09
1.747579613000000000e+09
1.748347791000000000e+09
1.748532722000000000e+09
1.749000001000000000e+09
1.749775993000000000e+09
1.749790039000000000e+09
1.749911359000000000e+09
1.757164759000000000e+09
1.758177645000000000e+09
1.758320997000000000e+09
1.758506655000000000e+09
1.758839159000000000e+09
1.759559634000000000e+09
1.761216893000000000e+09
1.763045006000000000e+09
1.767127479000000000e+09
1.770245876000000000e+09
1.774827847000000000e+09
1.779760470000000000e+09
1.779793804000000000e+09
1.780539353000000000e+09
1.780871965000000000e+09
1.783801811000000000e+09
1.783949534000000000e+09
1.784166071000000000e+09
1.790250407000000000e+09
1.791608282000000000e+09
1.795338183000000000e+09
1.797567915000000000e+09
1.797840808000000000e+09
1.798102549000000000e+09
1.799140664000000000e+09
1.799968563000000000e+09
1.804047961000000000e+09
1.805220248000000000e+09
1.807809480000000000e+09
1.809651727000000000e+09
1.810352657000000000e+09
1.812586169000000000e+09
1.813605995000000000e+09
1.814091763000000000e+09
1.815000778000000000e+09
1.815178783000000000e+09
1.815523391000000000e+09
1.818292084000000000e+09
1.818326923000000000e+09
1.819404634000000000e+09
1.820939487000000000e+09
1.821552461000000000e+09
1.824645057000000000e+09
1.828357361000000000e+09
1.829174378000000000e+09
1.829297788000000000e+09
1.829420589000000000e+09
1.829851100000000000e+09
1.830022033000000000e+09
1.831710893000000000e+09
1.832563107000000000e+09
1.833635292000000000e+09
1.834040014000000000e+09
1.837299590000000000e+09
1.841372860000000000e+09
1.841646201000000000e+09
1.844871382000000000e+09
1.848865736000000000e+09
1.855824429000000000e+09
1.856146859000000000e+09
1.862826964000000000e+09
1.863370203000000000e+09
1.863472611000000000e+09
1.864136230000000000e+09
1.864542645000000000e+09
1.865017570000000000e+09
1.879235579000000000e+09
1.879293817000000000e+09
1.879300092000000000e+09
1.879309995000000000e+09
1.879680959000000000e+09
1.879753727000000000e+09
1.880325880000000000e+09
1.880456118000000000e+09
1.880601949000000000e+09
1.880940483000000000e+09
1.881210079000000000e+09
1.881275875000000000e+09
1.884628719000000000e+09
1.885372387000000000e+09
1.888283963000000000e+09
1.888353045000000000e+09
1.892259687000000000e+09
1.892380609000000000e+09
1.892912843000000000e+09
1.893754719000000000e+09
1.894722984000000000e+09
1.896017695000000000e+09
1.896185336000000000e+09
1.897573849000000000e+09
1.898432248000000000e+09
1.899027519000000000e+09
1.900631527000000000e+09
1.900804181000000000e+09
1.900933056000000000e+09
1.904524988000000000e+09
1.905383324000000000e+09
1.907375787000000000e+09
1.911297878000000000e+09
1.912377639000000000e+09
1.912717150000000000e+09
1.912978405000000000e+09
1.913910693000000000e+09
1.914303924000000000e+09
1.915026203000000000e+09
1.915148974000000000e+09
1.918297514000000000e+09
1.924392722000000000e+09
1.925598585000000000e+09
1.927103262000000000e+09
1.929151085000000000e+09
1.931141357000000000e+09
1.935899812000000000e+09
1.936364012000000000e+09
1.938527913000000000e+09
1.938595004000000000e+09
1.942215250000000000e+09
1.943362630000000000e+09
1.946730227000000000e+09
1.946849262000000000e+09
1.946925723000000000e+09
1.947271084000000000e+09
1.947907321000000000e+09
1.947953016000000000e+09
1.948052766000000000e+09
1.948621735000000000e+09
1.949559621000000000e+09
1.949646365000000000e+09
1.950211296000000000e+09
1.950415843000000000e+09
1.951623096000000000e+09
1.952958402000000000e+09
1.954602591000000000e+09
1.956024766000000000e+09
1.958866108000000000e+09
1.963178426000000000e+09
1.965444414000000000e+09
1.966193349000000000e+09
1.968191473000000000e+09
1.971911225000000000e+09
1.979838133000000000e+09
1.981468504000000000e+09
1.992509362000000000e+09
1.994459959000000000e+09
1.997703487000000000e+09
1.998906013000000000e+09
1.999230012000000000e+09
1.999824210000000000e+09
2.003232020000000000e+09
2.004906783000000000e+09
2.015028721000000000e+09
2.016009938000000000e+09
2.017672878000000000e+09
2.018172721000000000e+09
2.023812067000000000e+09
2.024103753000000000e+09
2.025132794000000000e+09
2.026760308000000000e+09
2.028075314000000000e+09
2.030416573000000000e+09
2.030498967000000000e+09
2.031655659000000000e+09
2.032340343000000000e+09
2.035350648000000000e+09
2.037136476000000000e+09
2.038052970000000000e+09
2.047195603000000000e+09
2.048063718000000000e+09
2.051387739000000000e+09
2.052158169000000000e+09
2.054763299000000000e+09
2.055956933000000000e+09
2.061262468000000000e+09
2.062240049000000000e+09
2.068112781000000000e+09
2.070951729000000000e+09
2.072189111000000000e+09
2.074722839000000000e+09
2.076603204000000000e+09
2.081095076000000000e+09
2.084329817000000000e+09
2.085109419000000000e+09
2.088872411000000000e+09
2.088918175000000000e+09
2.097503559000000000e+09
2.098964523000000000e+09
2.099596518000000000e+09
2.100154425000000000e+09
2.105648814000000000e+09
2.105650022000000000e+09
2.106661110000000000e+09
2.114132857000000000e+09
2.115612843000000000e+09
2.118472937000000000e+09
2.118631796000000000e+09
2.119273834000000000e+09
2.124463217000000000e+09
2.124713650000000000e+09
2.126171008000000000e+09
2.126284388000000000e+09
2.132321955000000000e+09
2.147598335000000000e+09
2.147614463000000000e+09
2.147614703000000000e+09
2.147680239000000000e+09
2.147680251000000000e+09
2.147713015000000000e+09
2.147737087000000000e+09
2.147737471000000000e+09
2.148138491000000000e+09
2.148663023000000000e+09
2.148663151000000000e+09
2.149316975000000000e+09
2.149646333000000000e+09
2.149703677000000000e+09
2.149707759000000000e+09
2.149711614000000000e+09
2.150103994000000000e+09
2.150367132000000000e+09
2.151283450000000000e+09
2.151380319000000000e+09
2.151807487000000000e+09
2.151807995000000000e+09
2.152032255000000000e+09
2.152332607000000000e+09
2.152918903000000000e+09
2.153639319000000000e+09
2.153642653000000000e+09
2.153864959000000000e+09
2.154477438000000000e+09
2.154556284000000000e+09
2.154657149000000000e+09
2.155560158000000000e+09
2.155929599000000000e+09
2.155994623000000000e+09
2.155995103000000000e+09
2.156197631000000000e+09
2.156264175000000000e+09
2.156298173000000000e+09
2.156652411000000000e+09
2.156657470000000000e+09
2.157312699000000000e+09
2.157771614000000000e+09
2.157852158000000000e+09
2.158075895000000000e+09
2.158097918000000000e+09
2.160121855000000000e+09
2.161763773000000000e+09
2.162341847000000000e+09
2.162543807000000000e+09
2.164391932000000000e+09
2.164505597000000000e+09
2.164516607000000000e+09
2.164764661000000000e+09
2.165175773000000000e+09
2.165434879000000000e+09
2.165550583000000000e+09
2.166084735000000000e+09
2.166488030000000000e+09
2.166963709000000000e+09
2.166972395000000000e+09
2.167175031000000000e+09
2.168028943000000000e+09
2.168153053000000000e+09
2.168172365000000000e+09
2.168417225000000000e+09
2.168897387000000000e+09
2.169110195000000000e+09
2.170412520000000000e+09
2.171072947000000000e+09
2.172240875000000000e+09
2.172746750000000000e+09
2.173102911000000000e+09
2.173693606000000000e+09
2.173755131000000000e+09
2.174799743000000000e+09
2.174991829000000000e+09
2.176974423000000000e+09
2.177070781000000000e+09
2.177449465000000000e+09
2.179280447000000000e+09
2.181070847000000000e+09
2.181298679000000000e+09
2.181660151000000000e+09
2.181754621000000000e+09
2.182053237000000000e+09
2.182336415000000000e+09
2.182737383000000000e+09
2.182813183000000000e+09
2.184503269000000000e+09
2.184689514000000000e+09
2.184885087000000000e+09
2.185096775000000000e+09
2.185329647000000000e+09
2.185618415000000000e+09
2.185619407000000000e+09
2.185817083000000000e+09
2.187946987000000000e+09
2.189269595000000000e+09
2.190704029000000000e+09
2.190736308000000000e+09
2.191097322000000000e+09
2.191586814000000000e+09
2.194959862000000000e+09
2.198173559000000000e+09
2.199230429000000000e+09
2.200035053000000000e+09
2.200499671000000000e+09
2.201746818000000000e+09
2.202625533000000000e+09
2.204723065000000000e+09
2.206259967000000000e+09
2.206994415000000000e+09
2.208075678000000000e+09
2.211440226000000000e+09
2.214715390000000000e+09
2.215112111000000000e+09
2.215229437000000000e+09
2.215377897000000000e+09
2.215835487000000000e+09
2.215894715000000000e+09
2.216383483000000000e+09
2.216557411000000000e+09
2.217324030000000000e+09
2.218388395000000000e+09
2.218811391000000000e+09
2.219047739000000000e+09
2.219106238000000000e+09
2.221986799000000000e+09
2.222028687000000000e+09
2.222429881000000000e+09
2.222651754000000000e+09
2.223304559000000000e+09
2.226059917000000000e+09
2.226319134000000000e+09
2.226384554000000000e+09
2.228348875000000000e+09
2.234034047000000000e+09
2.234231871000000000e+09
2.236010999000000000e+09
2.238263803000000000e+09
2.240625637000000000e+09
2.241024983000000000e+09
2.243083662000000000e+09
2.243476428000000000e+09
2.245587877000000000e+09
2.246674291000000000e+09
2.246798738000000000e+09
2.248272863000000000e+09
2.249326283000000000e+09
2.251422076000000000e+09
2.252472274000000000e+09
2.252854071000000000e+09
2.253650595000000000e+09
2.254009755000000000e+09
2.256379444000000000e+09
2.257173244000000000e+09
2.258430735000000000e+09
2.260391876000000000e+09
2.261179636000000000e+09
2.263337936000000000e+09
2.263380095000000000e+09
2.264444117000000000e+09
2.267592413000000000e+09
2.271700366000000000e+09
2.273677255000000000e+09
2.273784762000000000e+09
2.278231740000000000e+09
2.281815935000000000e+09
2.282093499000000000e+09
2.282291166000000000e+09
2.283323247000000000e+09
2.283380639000000000e+09
2.283403769000000000e+09
2.283765155000000000e+09
2.284060366000000000e+09
2.285074412000000000e+09
2.285104254000000000e+09
2.285206972000000000e+09
2.285233083000000000e+09
2.285533927000000000e+09
2.285989759000000000e+09
2.286352339000000000e+09
2.286403034000000000e+09
2.288676787000000000e+09
2.290220847000000000e+09
2.290874247000000000e+09
2.290932987000000000e+09
2.291302362000000000e+09
2.291547581000000000e+09
2.291890421000000000e+09
2.292006373000000000e+09
2.292045643000000000e+09
2.292821423000000000e+09
2.293292413000000000e+09
2.294382299000000000e+09
2.296490935000000000e+09
2.299592315000000000e+09
2.300288215000000000e+09
2.300686015000000000e+09
2.302243303000000000e+09
2.303911735000000000e+09
2.306990068000000000e+09
2.309779306000000000e+09
2.312726250000000000e+09
2.315345855000000000e+09
2.315894559000000000e+09
2.317053739000000000e+09
2.317401975000000000e+09
2.317473631000000000e+09
2.319943422000000000e+09
2.321151580000000000e+09
2.322656182000000000e+09
2.324933582000000000e+09
2.325216033000000000e+09
2.325917343000000000e+09
2.326640845000000000e+09
2.327604677000000000e+09
2.328206803000000000e+09
2.328389626000000000e+09
2.331100412000000000e+09
2.336284015000000000e+09
2.337988133000000000e+09
2.338232988000000000e+09
2.338691691000000000e+09
2.338973878000000000e+09
2.340543925000000000e+09
2.342823406000000000e+09
2.344644411000000000e+09
2.349989830000000000e+09
2.350972733000000000e+09
2.351003599000000000e+09
2.352021135000000000e+09
2.352313246000000000e+09
2.352578456000000000e+09
2.353523609000000000e+09
2.353768061000000000e+09
2.354891753000000000e+09
2.356293437000000000e+09
2.356476109000000000e+09
2.356990780000000000e+09
2.357263215000000000e+09
2.357327802000000000e+09
2.358570740000000000e+09
2.358622681000000000e+09
2.359783741000000000e+09
2.361810539000000000e+09
2.364812647000000000e+09
2.365962967000000000e+09
2.367024547000000000e+09
2.367532811000000000e+09
2.367757309000000000e+09
2.370125463000000000e+09
2.371446174000000000e+09
2.375307125000000000e+09
2.378819161000000000e+09
2.380760350000000000e+09
2.382462813000000000e+09
2.383374165000000000e+09
2.384125830000000000e+09
2.384385734000000000e+09
2.384583623000000000e+09
2.384711132000000000e+09
2.384768506000000000e+09
2.385224591000000000e+09
2.385439532000000000e+09
2.387140158000000000e+09
2.388455606000000000e+09
2.389680000000000000e+09
2.395643179000000000e+09
2.403433239000000000e+09
2.410485402000000000e+09
2.411246343000000000e+09
2.411875741000000000e+09
2.416181222000000000e+09
2.416533487000000000e+09
2.416926190000000000e+09
2.417325807000000000e+09
2.417489765000000000e+09
2.417603071000000000e+09
2.417972861000000000e+09
2.418121727000000000e+09
2.418637757000000000e+09
2.418704243000000000e+09
2.418763643000000000e+09
2.419047758000000000e+09
2.419154783000000000e+09
2.419638075000000000e+09
2.419750778000000000e+09
2.419830471000000000e+09
2.419927015000000000e+09
2.421422397000000000e+09
2.421807727000000000e+09
2.421980115000000000e+09
2.422341070000000000e+09
2.424438685000000000e+09
2.424881118000000000e+09
2.425764858000000000e+09
2.425847028000000000e+09
2.429313009000000000e+09
2.431181439000000000e+09
2.432487187000000000e+09
2.433042431000000000e+09
2.433543997000000000e+09
2.433643006000000000e+09
2.434166622000000000e+09
2.434841343000000000e+09
2.434919899000000000e+09
2.434923245000000000e+09
2.435038070000000000e+09
2.437019382000000000e+09
2.437117690000000000e+09
2.438077695000000000e+09
2.438675938000000000e+09
2.439903640000000000e+09
2.441280973000000000e+09
2.441735847000000000e+09
2.442574958000000000e+09
2.442874740000000000e+09
2.442890105000000000e+09
2.443306683000000000e+09
2.445127921000000000e+09
2.445388535000000000e+09
2.446665689000000000e+09
2.448395657000000000e+09
2.449604462000000000e+09
2.449809151000000000e+09
2.452683997000000000e+09
2.453511261000000000e+09
2.454572857000000000e+09
2.454830750000000000e+09
2.455086907000000000e+09
2.455179130000000000e+09
2.458107132000000000e+09
2.458328539000000000e+09
2.458368399000000000e+09
2.459033510000000000e+09
2.459284412000000000e+09
2.460215611000000000e+09
2.460608361000000000e+09
2.462628315000000000e+09
2.463161467000000000e+09
2.466344830000000000e+09
2.467427299000000000e+09
2.468758975000000000e+09
2.470210955000000000e+09
2.471410033000000000e+09
2.474815071000000000e+09
2.475598302000000000e+09
2.479455513000000000e+09
2.481865789000000000e+09
2.483254781000000000e+09
2.483371003000000000e+09
2.483940849000000000e+09
2.484395501000000000e+09
2.484928113000000000e+09
2.485233151000000000e+09
2.485973948000000000e+09
2.486820150000000000e+09
2.488260252000000000e+09
2.488548087000000000e+09
2.489744995000000000e+09
2.490177500000000000e+09
2.490820918000000000e+09
2.492830455000000000e+09
2.493169106000000000e+09
2.493754527000000000e+09
2.494995928000000000e+09
2.495709014000000000e+09
2.495925742000000000e+09
2.496789409000000000e+09
2.497420458000000000e+09
2.497764790000000000e+09
2.497948269000000000e+09
2.499850223000000000e+09
2.499919287000000000e+09
2.499933435000000000e+09
2.500026071000000000e+09
2.502659960000000000e+09
2.504576631000000000e+09
2.504998163000000000e+09
2.507457466000000000e+09
2.512632110000000000e+09
2.516631483000000000e+09
2.517745485000000000e+09
2.518269338000000000e+09
2.518281637000000000e+09
2.520216369000000000e+09
2.526169015000000000e+09
2.527552938000000000e+09
2.528997436000000000e+09
2.529293740000000000e+09
2.529932170000000000e+09
2.530239451000000000e+09
2.530593674000000000e+09
2.533530618000000000e+09
2.533673343000000000e+09
2.534538883000000000e+09
2.537425199000000000e+09
2.537729976000000000e+09
2.541770231000000000e+09
2.544536995000000000e+09
2.546469851000000000e+09
2.550218743000000000e+09
2.550263294000000000e+09
2.551310815000000000e+09
2.551316188000000000e+09
2.551640569000000000e+09
2.552081273000000000e+09
2.552100652000000000e+09
2.552454071000000000e+09
2.552622759000000000e+09
2.553065147000000000e+09
2.553112556000000000e+09
2.554785253000000000e+09
2.554848188000000000e+09
2.554973178000000000e+09
2.555346073000000000e+09
2.555608298000000000e+09
2.556412897000000000e+09
2.556922943000000000e+09
2.558059508000000000e+09
2.558408821000000000e+09
2.559872891000000000e+09
2.562785249000000000e+09
2.562950783000000000e+09
2.563319287000000000e+09
2.564341635000000000e+09
2.565532203000000000e+09
2.566056103000000000e+09
2.567268079000000000e+09
2.567811574000000000e+09
2.569581295000000000e+09
2.570455934000000000e+09
2.571729709000000000e+09
2.572516682000000000e+09
2.573651173000000000e+09
2.575347582000000000e+09
2.575430648000000000e+09
2.579717364000000000e+09
2.579822766000000000e+09
2.580750228000000000e+09
2.580903011000000000e+09
2.583617620000000000e+09
2.583813622000000000e+09
2.584476203000000000e+09
2.586924383000000000e+09
2.587000643000000000e+09
2.587027157000000000e+09
2.588178409000000000e+09
2.590369379000000000e+09
2.593586322000000000e+09
2.595026516000000000e+09
2.598547300000000000e+09
2.602875132000000000e+09
2.607145276000000000e+09
2.610548322000000000e+09
2.611060193000000000e+09
2.617699196000000000e+09
2.617930727000000000e+09
2.618039805000000000e+09
2.619270755000000000e+09
2.619552757000000000e+09
2.619700150000000000e+09
2.621619929000000000e+09
2.622928278000000000e+09
2.627670757000000000e+09
2.627818462000000000e+09
2.630644382000000000e+09
2.631005090000000000e+09
2.638838419000000000e+09
2.640544679000000000e+09
2.643572641000000000e+09
2.643654496000000000e+09
2.647686538000000000e+09
2.650960815000000000e+09
2.654279640000000000e+09
2.655766188000000000e+09
2.667617407000000000e+09
2.668676601000000000e+09
2.670569041000000000e+09
2.671461288000000000e+09
2.672006547000000000e+09
2.676063878000000000e+09
2.676307610000000000e+09
2.684415999000000000e+09
2.684451839000000000e+09
2.684479487000000000e+09
2.685083639000000000e+09
2.685501367000000000e+09
2.685663738000000000e+09
2.686058279000000000e+09
2.686138343000000000e+09
2.686445755000000000e+09
2.686711751000000000e+09
2.688286021000000000e+09
2.688541743000000000e+09
2.688774110000000000e+09
2.688998263000000000e+09
2.690513431000000000e+09
2.690644252000000000e+09
2.690899307000000000e+09
2.692870125000000000e+09
2.694798682000000000e+09
2.695625906000000000e+09
2.696013627000000000e+09
2.696018914000000000e+09
2.697230239000000000e+09
2.697418430000000000e+09
2.697428809000000000e+09
2.697439164000000000e+09
2.698640934000000000e+09
2.698715084000000000e+09
2.701358587000000000e+09
2.701868847000000000e+09
2.702888885000000000e+09
2.704055903000000000e+09
2.704795015000000000e+09
2.705579551000000000e+09
2.710163133000000000e+09
2.710632949000000000e+09
2.711125677000000000e+09
2.711926746000000000e+09
2.712198108000000000e+09
2.712878111000000000e+09
2.716122297000000000e+09
2.716969877000000000e+09
2.717283666000000000e+09
2.718228413000000000e+09
2.718564019000000000e+09
2.719723244000000000e+09
2.719820703000000000e+09
2.720721773000000000e+09
2.722855765000000000e+09
2.723216331000000000e+09
2.724376444000000000e+09
2.725116076000000000e+09
2.726743515000000000e+09
2.727602971000000000e+09
2.728976329000000000e+09
2.731440498000000000e+09
2.734877686000000000e+09
2.735176410000000000e+09
2.739525539000000000e+09
2.739874531000000000e+09
2.740304188000000000e+09
2.741615269000000000e+09
2.743185309000000000e+09
2.743776974000000000e+09
2.743779234000000000e+09
2.745757014000000000e+09
2.751655917000000000e+09
2.752098286000000000e+09
2.752184230000000000e+09
2.753623007000000000e+09
2.753781591000000000e+09
2.755347326000000000e+09
2.756491222000000000e+09
2.757351334000000000e+09
2.757820086000000000e+09
2.760094459000000000e+09
2.760505959000000000e+09
2.760618814000000000e+09
2.761123535000000000e+09
2.762096598000000000e+09
2.764688870000000000e+09
2.765158766000000000e+09
2.766846307000000000e+09
2.768436879000000000e+09
2.769939629000000000e+09
2.772031549000000000e+09
2.773010407000000000e+09
2.773646670000000000e+09
2.777803670000000000e+09
2.780546077000000000e+09
2.782909728000000000e+09
2.783016676000000000e+09
2.783685832000000000e+09
2.785405757000000000e+09
2.785672377000000000e+09
2.787203061000000000e+09
2.789777355000000000e+09
2.790059574000000000e+09
2.791925177000000000e+09
2.793663397000000000e+09
2.793993933000000000e+09
2.794585622000000000e+09
2.795264876000000000e+09
2.795988150000000000e+09
2.796298133000000000e+09
2.801348110000000000e+09
2.801467847000000000e+09
2.802105015000000000e+09
2.806199147000000000e+09
2.808314784000000000e+09
2.809825551000000000e+09
2.811346505000000000e+09
2.812328419000000000e+09
2.820512381000000000e+09
2.820889581000000000e+09
2.821285881000000000e+09
2.822963156000000000e+09
2.823009207000000000e+09
2.824522555000000000e+09
2.824973551000000000e+09
2.825452189000000000e+09
2.829183470000000000e+09
2.829647220000000000e+09
2.831728531000000000e+09
2.833391546000000000e+09
2.835473791000000000e+09
2.835517431000000000e+09
2.837512071000000000e+09
2.840914381000000000e+09
2.842541232000000000e+09
2.844613789000000000e+09
2.845557212000000000e+09
2.846857358000000000e+09
2.847192380000000000e+09
2.850655092000000000e+09
2.852318575000000000e+09
2.852519622000000000e+09
2.852846654000000000e+09
2.853362646000000000e+09
2.854025960000000000e+09
2.854808501000000000e+09
2.856439726000000000e+09
2.857212533000000000e+09
2.857651447000000000e+09
2.859937569000000000e+09
2.865426032000000000e+09
2.865480283000000000e+09
2.871320408000000000e+09
2.873266091000000000e+09
2.873495495000000000e+09
2.874792113000000000e+09
2.875809981000000000e+09
2.876294462000000000e+09
2.876549907000000000e+09
2.877306719000000000e+09
2.885432593000000000e+09
2.886823631000000000e+09
2.887056439000000000e+09
2.888431308000000000e+09
2.890545899000000000e+09
2.891275482000000000e+09
2.892038056000000000e+09
2.895810350000000000e+09
2.900641598000000000e+09
2.903640059000000000e+09
2.906909573000000000e+09
2.906940255000000000e+09
2.907268947000000000e+09
2.910955500000000000e+09
2.915314907000000000e+09
2.915505718000000000e+09
2.919749457000000000e+09
2.919755096000000000e+09
2.921259480000000000e+09
2.924061682000000000e+09
2.924271060000000000e+09
2.924576035000000000e+09
2.931921875000000000e+09
2.934381078000000000e+09
2.937154529000000000e+09
2.945356402000000000e+09
2.954212215000000000e+09
2.955308537000000000e+09
2.955793891000000000e+09
2.956716373000000000e+09
2.958008204000000000e+09
2.958273143000000000e+09
2.959531226000000000e+09
2.961923389000000000e+09
2.963785621000000000e+09
2.964043620000000000e+09
2.964053262000000000e+09
2.964116435000000000e+09
2.967580118000000000e+09
2.969694165000000000e+09
2.971440890000000000e+09
2.973065470000000000e+09
2.975703414000000000e+09
2.976101620000000000e+09
2.978765816000000000e+09
2.980433494000000000e+09
2.981594022000000000e+09
2.983242587000000000e+09
2.984604024000000000e+09
2.988053487000000000e+09
2.988070319000000000e+09
2.988571545000000000e+09
2.991421260000000000e+09
2.993522153000000000e+09
2.994030421000000000e+09
2.996936154000000000e+09
3.000877451000000000e+09
3.004428770000000000e+09
3.004680625000000000e+09
3.005593820000000000e+09
3.007046918000000000e+09
3.010100249000000000e+09
3.010825441000000000e+09
3.012985833000000000e+09
3.014194354000000000e+09
3.014812988000000000e+09
3.014909997000000000e+09
3.015037716000000000e+09
3.020921812000000000e+09
3.021150190000000000e+09
3.022100411000000000e+09
3.024551152000000000e+09
3.025383885000000000e+09
3.025506005000000000e+09
3.025748951000000000e+09
3.028401971000000000e+09
3.028478327000000000e+09
3.028544327000000000e+09
3.029949998000000000e+09
3.030494138000000000e+09
3.032525814000000000e+09
3.034855269000000000e+09
3.035065672000000000e+09
3.037310643000000000e+09
3.039495775000000000e+09
3.040919431000000000e+09
3.043096994000000000e+09
3.043182999000000000e+09
3.043515004000000000e+09
3.045709327000000000e+09
3.047993754000000000e+09
3.050997704000000000e+09
3.055250988000000000e+09
3.056574216000000000e+09
3.059799719000000000e+09
3.059992124000000000e+09
3.064120039000000000e+09
3.066390101000000000e+09
3.069609161000000000e+09
3.073059249000000000e+09
3.073440480000000000e+09
3.074537268000000000e+09
3.079266831000000000e+09
3.087318269000000000e+09
3.087495061000000000e+09
3.088633319000000000e+09
3.089397118000000000e+09
3.091331798000000000e+09
3.094476947000000000e+09
3.095426557000000000e+09
3.095906102000000000e+09
3.097557986000000000e+09
3.098833381000000000e+09
3.100760350000000000e+09
3.102824857000000000e+09
3.108011245000000000e+09
3.108532110000000000e+09
3.109409386000000000e+09
3.110300711000000000e+09
3.110838729000000000e+09
3.113012163000000000e+09
3.116950134000000000e+09
3.117002433000000000e+09
3.121798826000000000e+09
3.123701380000000000e+09
3.124201898000000000e+09
3.124939839000000000e+09
3.124993764000000000e+09
3.130734646000000000e+09
3.131464869000000000e+09
3.134463175000000000e+09
3.139219336000000000e+09
3.141948259000000000e+09
3.142098534000000000e+09
3.146199699000000000e+09
3.147207624000000000e+09
3.154475723000000000e+09
3.157027902000000000e+09
3.158920886000000000e+09
3.160666166000000000e+09
3.161532370000000000e+09
3.163450924000000000e+09
3.166251294000000000e+09
3.169857249000000000e+09
3.171992830000000000e+09
3.175735383000000000e+09
3.177952336000000000e+09
3.179355110000000000e+09
3.179639465000000000e+09
3.183623732000000000e+09
3.189334351000000000e+09
3.192890244000000000e+09
3.200346678000000000e+09
3.205194070000000000e+09
3.205952584000000000e+09
3.221356029000000000e+09
3.221356279000000000e+09
3.221436415000000000e+09
3.221707759000000000e+09
3.221749209000000000e+09
3.222829023000000000e+09
3.223056889000000000e+09
3.223058675000000000e+09
3.223583927000000000e+09
3.223715179000000000e+09
3.224067947000000000e+09
3.224338090000000000e+09
3.224600545000000000e+09
3.225681833000000000e+09
3.225744831000000000e+09
3.225829366000000000e+09
3.226296281000000000e+09
3.226335582000000000e+09
3.226429308000000000e+09
3.226500063000000000e+09
3.228385095000000000e+09
3.228545274000000000e+09
3.229712063000000000e+09
3.230776059000000000e+09
3.230857082000000000e+09
3.231176286000000000e+09
3.231251693000000000e+09
3.231309399000000000e+09
3.231776246000000000e+09
3.234200250000000000e+09
3.234953145000000000e+09
3.235113331000000000e+09
3.235969725000000000e+09
3.239108415000000000e+09
3.239378539000000000e+09
3.240609529000000000e+09
3.241262057000000000e+09
3.241519019000000000e+09
3.241538994000000000e+09
3.242585074000000000e+09
3.242786650000000000e+09
3.243065187000000000e+09
3.243892394000000000e+09
3.243998739000000000e+09
3.244533167000000000e+09
3.245112041000000000e+09
3.245266029000000000e+09
3.246007790000000000e+09
3.246651062000000000e+09
3.247535742000000000e+09
3.247821179000000000e+09
3.248205649000000000e+09
3.252541872000000000e+09
3.254841215000000000e+09
3.257121660000000000e+09
3.257401105000000000e+09
3.258097559000000000e+09
3.259620587000000000e+09
3.259751243000000000e+09
3.259995679000000000e+09
3.264394878000000000e+09
3.266461467000000000e+09
3.266695483000000000e+09
3.268992992000000000e+09
3.272978037000000000e+09
3.275605984000000000e+09
3.276220859000000000e+09
3.278718834000000000e+09
3.278773484000000000e+09
3.278988510000000000e+09
3.283199674000000000e+09
3.284330189000000000e+09
3.284354812000000000e+09
3.286963539000000000e+09
3.287518471000000000e+09
3.288972029000000000e+09
3.290019967000000000e+09
3.290545979000000000e+09
3.290619611000000000e+09
3.290819321000000000e+09
3.291494367000000000e+09
3.291854789000000000e+09
3.292974067000000000e+09
3.293269467000000000e+09
3.302159758000000000e+09
3.302354484000000000e+09
3.302510062000000000e+09
3.303205114000000000e+09
3.305551678000000000e+09
3.307022307000000000e+09
3.307289951000000000e+09
3.307327293000000000e+09
3.307835117000000000e+09
3.307895015000000000e+09
3.308788447000000000e+09
3.310408183000000000e+09
3.311463395000000000e+09
3.312158935000000000e+09
3.312576730000000000e+09
3.313655151000000000e+09
3.314285857000000000e+09
3.315282283000000000e+09
3.316749802000000000e+09
3.317127811000000000e+09
3.318066552000000000e+09
3.323967698000000000e+09
3.324222863000000000e+09
3.324699565000000000e+09
3.325089653000000000e+09
3.325816578000000000e+09
3.326614511000000000e+09
3.328696681000000000e+09
3.330740156000000000e+09
3.332214008000000000e+09
3.333529382000000000e+09
3.333697002000000000e+09
3.338837911000000000e+09
3.342683532000000000e+09
3.344137793000000000e+09
3.345046198000000000e+09
3.348007539000000000e+09
3.350298180000000000e+09
3.351828392000000000e+09
3.353401550000000000e+09
3.355606971000000000e+09
3.356675935000000000e+09
3.358653559000000000e+09
3.358837583000000000e+09
3.359109809000000000e+09
3.359304478000000000e+09
3.359364344000000000e+09
3.360416382000000000e+09
3.360816283000000000e+09
3.362534767000000000e+09
3.362739321000000000e+09
3.362848645000000000e+09
3.363002605000000000e+09
3.363118518000000000e+09
3.364599997000000000e+09
3.364796913000000000e+09
3.364992988000000000e+09
3.365111547000000000e+09
3.366246388000000000e+09
3.367078875000000000e+09
3.369884641000000000e+09
3.370424783000000000e+09
3.370759566000000000e+09
3.371355939000000000e+09
3.371668503000000000e+09
3.372672635000000000e+09
3.372799965000000000e+09
3.373394398000000000e+09
3.373465111000000000e+09
3.373853487000000000e+09
3.375102072000000000e+09
3.379637149000000000e+09
3.380866904000000000e+09
3.381247832000000000e+09
3.385703970000000000e+09
3.388077252000000000e+09
3.390160301000000000e+09
3.390803674000000000e+09
3.393518492000000000e+09
3.396559546000000000e+09
3.397973227000000000e+09
3.398107010000000000e+09
3.399947256000000000e+09
3.401682167000000000e+09
3.405880819000000000e+09
3.406933675000000000e+09
3.407694667000000000e+09
3.407994073000000000e+09
3.414253521000000000e+09
3.414318709000000000e+09
3.421508191000000000e+09
3.421522539000000000e+09
3.423367675000000000e+09
3.425404890000000000e+09
3.426014451000000000e+09
3.426844085000000000e+09
3.429445454000000000e+09
3.429451733000000000e+09
3.430323772000000000e+09
3.430837572000000000e+09
3.433733287000000000e+09
3.438760833000000000e+09
3.440342130000000000e+09
3.441780472000000000e+09
3.442308153000000000e+09
3.443871700000000000e+09
3.444018146000000000e+09
3.444208671000000000e+09
3.445898007000000000e+09
3.448236118000000000e+09
3.448779135000000000e+09
3.449830889000000000e+09
3.456769406000000000e+09
3.456902910000000000e+09
3.457629337000000000e+09
3.458585572000000000e+09
3.462433779000000000e+09
3.464654487000000000e+09
3.465468696000000000e+09
3.465503309000000000e+09
3.465982554000000000e+09
3.466516611000000000e+09
3.467291734000000000e+09
3.467848743000000000e+09
3.469672886000000000e+09
3.469968182000000000e+09
3.470836218000000000e+09
3.471469618000000000e+09
3.473067925000000000e+09
3.474527549000000000e+09
3.474869767000000000e+09
3.482949671000000000e+09
3.486089431000000000e+09
3.489905534000000000e+09
3.490543867000000000e+09
3.491605406000000000e+09
3.492671943000000000e+09
3.493237246000000000e+09
3.493696971000000000e+09
3.493961647000000000e+09
3.494114284000000000e+09
3.496191915000000000e+09
3.496409756000000000e+09
3.496732908000000000e+09
3.499272575000000000e+09
3.499315038000000000e+09
3.507731623000000000e+09
3.509591031000000000e+09
3.515526073000000000e+09
3.515714395000000000e+09
3.516246745000000000e+09
3.517091183000000000e+09
3.522603812000000000e+09
3.524513447000000000e+09
3.525361327000000000e+09
3.526654631000000000e+09
3.526663567000000000e+09
3.527642927000000000e+09
3.530141211000000000e+09
3.532606840000000000e+09
3.533626914000000000e+09
3.533995686000000000e+09
3.535328085000000000e+09
3.541946489000000000e+09
3.542709817000000000e+09
3.544233899000000000e+09
3.546079263000000000e+09
3.547521430000000000e+09
3.550602666000000000e+09
3.556859375000000000e+09
3.557756787000000000e+09
3.559423342000000000e+09
3.562323350000000000e+09
3.563152239000000000e+09
3.565338283000000000e+09
3.567108585000000000e+09
3.567625111000000000e+09
3.570613432000000000e+09
3.574135213000000000e+09
3.574474663000000000e+09
3.582041945000000000e+09
3.582795365000000000e+09
3.583352955000000000e+09
3.584606879000000000e+09
3.589353064000000000e+09
3.592401010000000000e+09
3.594703567000000000e+09
3.598916795000000000e+09
3.602980282000000000e+09
3.606066966000000000e+09
3.607361960000000000e+09
3.609438089000000000e+09
3.609841314000000000e+09
3.610547907000000000e+09
3.617295497000000000e+09
3.624381404000000000e+09
3.624532844000000000e+09
3.625374047000000000e+09
3.625409843000000000e+09
3.625504726000000000e+09
3.625772191000000000e+09
3.625790295000000000e+09
3.626190775000000000e+09
3.626233316000000000e+09
3.626368085000000000e+09
3.626877119000000000e+09
3.629494966000000000e+09
3.631533010000000000e+09
3.632637839000000000e+09
3.632726911000000000e+09
3.633397482000000000e+09
3.636056182000000000e+09
3.648325175000000000e+09
3.649837879000000000e+09
3.652477837000000000e+09
3.652785735000000000e+09
3.654987528000000000e+09
3.657785272000000000e+09
3.658380839000000000e+09
3.660425121000000000e+09
3.664308331000000000e+09
3.669193475000000000e+09
3.675295415000000000e+09
3.677623143000000000e+09
3.684726248000000000e+09
3.692715591000000000e+09
3.693170494000000000e+09
3.693185013000000000e+09
3.694300567000000000e+09
3.694743464000000000e+09
3.696146610000000000e+09
3.696322767000000000e+09
3.696570081000000000e+09
3.702458598000000000e+09
3.710231239000000000e+09
3.713255201000000000e+09
3.730906678000000000e+09
3.732969374000000000e+09
3.733658840000000000e+09
3.737326072000000000e+09
3.739881660000000000e+09
3.741574705000000000e+09
3.759775699000000000e+09
3.760819707000000000e+09
3.761016826000000000e+09
3.761302207000000000e+09
3.762075341000000000e+09
3.762388699000000000e+09
3.762550012000000000e+09
3.762878204000000000e+09
3.763089135000000000e+09
3.766778876000000000e+09
3.768371087000000000e+09
3.769088932000000000e+09
3.770187403000000000e+09
3.770580744000000000e+09
3.772987769000000000e+09
3.775659147000000000e+09
3.776158700000000000e+09
3.777036061000000000e+09
3.777968718000000000e+09
3.778337734000000000e+09
3.780247109000000000e+09
3.780897672000000000e+09
3.782793844000000000e+09
3.784674169000000000e+09
3.787942454000000000e+09
3.789677351000000000e+09
3.792351007000000000e+09
3.792928180000000000e+09
3.793072827000000000e+09
3.794497256000000000e+09
3.794921174000000000e+09
3.795726702000000000e+09
3.797447581000000000e+09
3.800061947000000000e+09
3.800088286000000000e+09
3.801202010000000000e+09
3.802232157000000000e+09
3.803274069000000000e+09
3.804460500000000000e+09
3.805240076000000000e+09
3.810753226000000000e+09
3.810836022000000000e+09
3.812795838000000000e+09
3.815594762000000000e+09
3.817393935000000000e+09
3.821373379000000000e+09
3.825450844000000000e+09
3.827297318000000000e+09
3.827512813000000000e+09
3.827743853000000000e+09
3.828883442000000000e+09
3.829780329000000000e+09
3.835230634000000000e+09
3.835244483000000000e+09
3.836640132000000000e+09
3.838711119000000000e+09
3.838757778000000000e+09
3.839915629000000000e+09
3.839954299000000000e+09
3.840021871000000000e+09
3.842745978000000000e+09
3.850279457000000000e+09
3.851470695000000000e+09
3.852154903000000000e+09
3.858241646000000000e+09
3.859735508000000000e+09
3.860763498000000000e+09
3.861043829000000000e+09
3.861092153000000000e+09
3.861833160000000000e+09
3.862260522000000000e+09
3.863432371000000000e+09
3.863949515000000000e+09
3.866712724000000000e+09
3.868043374000000000e+09
3.869039010000000000e+09
3.870928520000000000e+09
3.871569234000000000e+09
3.871731280000000000e+09
3.871739339000000000e+09
3.881104161000000000e+09
3.887178209000000000e+09
3.892955899000000000e+09
3.893196714000000000e+09
3.901942586000000000e+09
3.902041558000000000e+09
3.902179579000000000e+09
3.903254742000000000e+09
3.904298065000000000e+09
3.905367749000000000e+09
3.909134319000000000e+09
3.913358813000000000e+09
3.920581684000000000e+09
3.925180771000000000e+09
3.926320828000000000e+09
3.926349031000000000e+09
3.927052278000000000e+09
3.927409148000000000e+09
3.928203036000000000e+09
3.928826803000000000e+09
3.929596125000000000e+09
3.930253809000000000e+09
3.930492359000000000e+09
3.931198411000000000e+09
3.932779460000000000e+09
3.933593953000000000e+09
3.936707301000000000e+09
3.937764280000000000e+09
3.944547065000000000e+09
3.960643134000000000e+09
3.960649081000000000e+09
3.962173193000000000e+09
3.964082905000000000e+09
3.964226267000000000e+09
3.964967486000000000e+09
3.965282537000000000e+09
3.976386679000000000e+09
3.976402398000000000e+09
3.978685578000000000e+09
3.979527858000000000e+09
3.983443997000000000e+09
3.985177114000000000e+09
3.985675117000000000e+09
3.986464892000000000e+09
3.990979030000000000e+09
3.995198523000000000e+09
4.009924858000000000e+09
4.018913844000000000e+09
4.026725115000000000e+09
4.026858621000000000e+09
4.026920433000000000e+09
4.027183861000000000e+09
4.028086097000000000e+09
4.028197725000000000e+09
4.028603746000000000e+09
4.029371515000000000e+09
4.029805878000000000e+09
4.033105846000000000e+09
4.033488719000000000e+09
4.033833268000000000e+09
4.035049914000000000e+09
4.035800696000000000e+09
4.035933059000000000e+09
4.036224047000000000e+09
4.038653482000000000e+09
4.041776842000000000e+09
4.045598147000000000e+09
4.049120492000000000e+09
4.050315589000000000e+09
4.053313167000000000e+09
4.058269642000000000e+09
4.060213141000000000e+09
4.060331193000000000e+09
4.060534648000000000e+09
4.060686203000000000e+09
4.063336686000000000e+09
4.071362219000000000e+09
4.073781795000000000e+09
4.082905445000000000e+09
4.084179000000000000e+09
4.090374456000000000e+09
4.094282359000000000e+09
4.094944444000000000e+09
4.096875641000000000e+09
4.100250214000000000e+09
4.105286716000000000e+09
4.132715909000000000e+09
4.133799507000000000e+09
4.137762136000000000e+09
4.149004374000000000e+09
4.160861855000000000e+09
4.160879159000000000e+09
4.161123919000000000e+09
4.163083676000000000e+09
4.163088888000000000e+09
4.164435162000000000e+09
4.166236490000000000e+09
4.171011193000000000e+09
4.173412026000000000e+09
4.174146504000000000e+09
4.178144483000000000e+09
4.180993417000000000e+09
4.196541948000000000e+09
4.205586650000000000e+09
4.212692510000000000e+09
4.227633185000000000e+09
4.228240344000000000e+09
4.228291789000000000e+09
4.233312005000000000e+09
4.247949092000000000e+09
4.253493326000000000e+09
4.259422362000000000e+09
4.261629368000000000e+09
4.261721968000000000e+09
4.262763909000000000e+09
4.270439681000000000e+09
4.274215112000000000e+09
4.289775392000000000e+09
4.295032831000000000e+09
4.295081983000000000e+09
4.295208959000000000e+09
4.295212543000000000e+09
4.295227375000000000e+09
4.295228414000000000e+09
4.295229405000000000e+09
4.295327679000000000e+09
4.295359935000000000e+09
4.295556863000000000e+09
4.295614207000000000e+09
4.295618303000000000e+09
4.295621629000000000e+09
4.295622575000000000e+09
4.295622615000000000e+09
4.296015283000000000e+09
4.296146559000000000e+09
4.296146685000000000e+09
4.296146909000000000e+09
4.296146910000000000e+09
4.296146925000000000e+09
4.296604639000000000e+09
4.296669117000000000e+09
4.296800233000000000e+09
4.297162735000000000e+09
4.297190911000000000e+09
4.297191295000000000e+09
4.297195231000000000e+09
4.297195327000000000e+09
4.297325999000000000e+09
4.298174335000000000e+09
4.298203131000000000e+09
4.298862013000000000e+09
4.299291615000000000e+09
4.299767806000000000e+09
4.300340862000000000e+09
4.300750719000000000e+09
4.301488060000000000e+09
4.301602719000000000e+09
4.301765757000000000e+09
4.302304710000000000e+09
4.302340090000000000e+09
4.302960414000000000e+09
4.303454079000000000e+09
4.303454205000000000e+09
4.303485943000000000e+09
4.303486972000000000e+09
4.303568383000000000e+09
4.304780270000000000e+09
4.304796531000000000e+09
4.305370011000000000e+09
4.305661439000000000e+09
4.305706679000000000e+09
4.306103230000000000e+09
4.306888661000000000e+09
4.308053691000000000e+09
4.310156541000000000e+09
4.310814637000000000e+09
4.310908837000000000e+09
4.311874495000000000e+09
4.311940799000000000e+09
4.312005373000000000e+09
4.312316927000000000e+09
4.312645039000000000e+09
4.313278319000000000e+09
4.313439485000000000e+09
4.313509874000000000e+09
4.313513930000000000e+09
4.313972151000000000e+09
4.315447198000000000e+09
4.316101627000000000e+09
4.316841823000000000e+09
4.317556695000000000e+09
4.319679998000000000e+09
4.320911224000000000e+09
4.321425823000000000e+09
4.321804055000000000e+09
4.321836396000000000e+09
4.322219342000000000e+09
4.326272465000000000e+09
4.327563220000000000e+09
4.327586537000000000e+09
4.328652541000000000e+09
4.328975743000000000e+09
4.329037686000000000e+09
4.330351934000000000e+09
4.330871735000000000e+09
4.331798330000000000e+09
4.331926393000000000e+09
4.332571610000000000e+09
4.333006815000000000e+09
4.333074942000000000e+09
4.333436602000000000e+09
4.334532783000000000e+09
4.335542215000000000e+09
4.337039341000000000e+09
4.337499070000000000e+09
4.337549286000000000e+09
4.337561451000000000e+09
4.337661675000000000e+09
4.337745023000000000e+09
4.341197791000000000e+09
4.341669881000000000e+09
4.345123277000000000e+09
4.345429463000000000e+09
4.345445375000000000e+09
4.345556978000000000e+09
4.345949821000000000e+09
4.346159100000000000e+09
4.346475479000000000e+09
4.346974201000000000e+09
4.347111157000000000e+09
4.347493870000000000e+09
4.347984347000000000e+09
4.349435151000000000e+09
4.349703999000000000e+09
4.350068479000000000e+09
4.350759419000000000e+09
4.352527163000000000e+09
4.352681959000000000e+09
4.354258671000000000e+09
4.355847983000000000e+09
4.356292859000000000e+09
4.357068517000000000e+09
4.357482070000000000e+09
4.357805512000000000e+09
4.362206206000000000e+09
4.362206717000000000e+09
4.363708407000000000e+09
4.363828669000000000e+09
4.364008683000000000e+09
4.364229631000000000e+09
4.364435143000000000e+09
4.364489727000000000e+09
4.365041115000000000e+09
4.365475824000000000e+09
4.365532126000000000e+09
4.365614426000000000e+09
4.365721330000000000e+09
4.365835766000000000e+09
4.365836249000000000e+09
4.366524270000000000e+09
4.366751223000000000e+09
4.367444847000000000e+09
4.367973575000000000e+09
4.369987023000000000e+09
4.371250455000000000e+09
4.371641277000000000e+09
4.372020566000000000e+09
4.373852922000000000e+09
4.374753267000000000e+09
4.375033813000000000e+09
4.375592428000000000e+09
4.375773100000000000e+09
4.375788990000000000e+09
4.376090531000000000e+09
4.377012970000000000e+09
4.377148872000000000e+09
4.377581015000000000e+09
4.378195058000000000e+09
4.378605998000000000e+09
4.378976119000000000e+09
4.379340732000000000e+09
4.379371421000000000e+09
4.379409406000000000e+09
4.379951093000000000e+09
4.380290363000000000e+09
4.380544949000000000e+09
4.381069245000000000e+09
4.381937215000000000e+09
4.386448078000000000e+09
4.388019324000000000e+09
4.388273291000000000e+09
4.388412599000000000e+09
4.388417235000000000e+09
4.388780646000000000e+09
4.391688507000000000e+09
4.391784374000000000e+09
4.393622010000000000e+09
4.394963502000000000e+09
4.395855847000000000e+09
4.396187007000000000e+09
4.396285774000000000e+09
4.396285798000000000e+09
4.396781565000000000e+09
4.397461094000000000e+09
4.398610268000000000e+09
4.398652667000000000e+09
4.399152553000000000e+09
4.400286703000000000e+09
4.401003303000000000e+09
4.401462904000000000e+09
4.402244191000000000e+09
4.403586167000000000e+09
4.404149647000000000e+09
4.404878781000000000e+09
4.407878191000000000e+09
4.409693783000000000e+09
4.409980705000000000e+09
4.411066098000000000e+09
4.412473321000000000e+09
4.412655039000000000e+09
4.413842861000000000e+09
4.414535359000000000e+09
4.414881001000000000e+09
4.417187796000000000e+09
4.418783991000000000e+09
4.419177806000000000e+09
4.421055954000000000e+09
4.421315013000000000e+09
4.429283071000000000e+09
4.429314815000000000e+09
4.429435903000000000e+09
4.429675247000000000e+09
4.429930489000000000e+09
4.430700414000000000e+09
4.430752741000000000e+09
4.431568831000000000e+09
4.431674555000000000e+09
4.432971455000000000e+09
4.432985452000000000e+09
4.433739641000000000e+09
4.433766269000000000e+09
4.434534331000000000e+09
4.435720887000000000e+09
4.435967196000000000e+09
4.435980061000000000e+09
4.437495111000000000e+09
4.437834651000000000e+09
4.438802389000000000e+09
4.439242233000000000e+09
4.439271386000000000e+09
4.440258879000000000e+09
4.441171742000000000e+09
4.441275365000000000e+09
4.442193085000000000e+09
4.442279381000000000e+09
4.442517364000000000e+09
4.442544081000000000e+09
4.442848495000000000e+09
4.443327379000000000e+09
4.443836666000000000e+09
4.446269423000000000e+09
4.446600799000000000e+09
4.447288287000000000e+09
4.448776148000000000e+09
4.450671061000000000e+09
4.452383326000000000e+09
4.454432750000000000e+09
4.454477558000000000e+09
4.454971132000000000e+09
4.455881650000000000e+09
4.456246122000000000e+09
4.456314630000000000e+09
4.457377690000000000e+09
4.457456492000000000e+09
4.458143394000000000e+09
4.459915206000000000e+09
4.460463932000000000e+09
4.461179375000000000e+09
4.461782429000000000e+09
4.462837487000000000e+09
4.462870268000000000e+09
4.462943231000000000e+09
4.463125759000000000e+09
4.464809195000000000e+09
4.464958963000000000e+09
4.465485277000000000e+09
4.465815346000000000e+09
4.465900511000000000e+09
4.467307375000000000e+09
4.467822330000000000e+09
4.468237934000000000e+09
4.470848388000000000e+09
4.472806302000000000e+09
4.476694465000000000e+09
4.477523326000000000e+09
4.478315798000000000e+09
4.479964135000000000e+09
4.479974819000000000e+09
4.480357854000000000e+09
4.481740601000000000e+09
4.486181717000000000e+09
4.486255066000000000e+09
4.486905201000000000e+09
4.488810685000000000e+09
4.489585103000000000e+09
4.490048446000000000e+09
4.492683678000000000e+09
4.495151495000000000e+09
4.496408557000000000e+09
4.496522491000000000e+09
4.496685471000000000e+09
4.496879547000000000e+09
4.496938989000000000e+09
4.496942075000000000e+09
4.497454463000000000e+09
4.497596138000000000e+09
4.497734516000000000e+09
4.498512875000000000e+09
4.499420998000000000e+09
4.500958910000000000e+09
4.504845263000000000e+09
4.505585278000000000e+09
4.506118633000000000e+09
4.506640048000000000e+09
4.510963971000000000e+09
4.511537123000000000e+09
4.513132531000000000e+09
4.513177581000000000e+09
4.515231195000000000e+09
4.515249403000000000e+09
4.516030317000000000e+09
4.517580015000000000e+09
4.518422439000000000e+09
4.518648445000000000e+09
4.518886073000000000e+09
4.520283847000000000e+09
4.521961078000000000e+09
4.522899025000000000e+09
4.524302639000000000e+09
4.526322605000000000e+09
4.530188157000000000e+09
4.530961867000000000e+09
4.531676718000000000e+09
4.533614349000000000e+09
4.534106098000000000e+09
4.535706459000000000e+09
4.536171443000000000e+09
4.538290943000000000e+09
4.539324335000000000e+09
4.541173081000000000e+09
4.542589179000000000e+09
4.544543996000000000e+09
4.546746622000000000e+09
4.548308929000000000e+09
4.553998216000000000e+09
4.555764371000000000e+09
4.559467824000000000e+09
4.560432368000000000e+09
4.563523583000000000e+09
4.563529725000000000e+09
4.563530751000000000e+09
4.563533758000000000e+09
4.563664747000000000e+09
4.564315883000000000e+09
4.564426159000000000e+09
4.564445503000000000e+09
4.564582014000000000e+09
4.564950397000000000e+09
4.565204143000000000e+09
4.565581695000000000e+09
4.565630905000000000e+09
4.565753023000000000e+09
4.566023593000000000e+09
4.566146812000000000e+09
4.566285800000000000e+09
4.566612974000000000e+09
4.567135647000000000e+09
4.569028569000000000e+09
4.569931725000000000e+09
4.572043774000000000e+09
4.572110775000000000e+09
4.574537459000000000e+09
4.574575038000000000e+09
4.575358363000000000e+09
4.575714446000000000e+09
4.576180351000000000e+09
4.577786407000000000e+09
4.578713397000000000e+09
4.580702523000000000e+09
4.580888431000000000e+09
4.581154666000000000e+09
4.581358074000000000e+09
4.581883662000000000e+09
4.582363007000000000e+09
4.582861757000000000e+09
4.584341032000000000e+09
4.584755959000000000e+09
4.585126761000000000e+09
4.586660827000000000e+09
4.588919804000000000e+09
4.590302109000000000e+09
4.590488863000000000e+09
4.591319829000000000e+09
4.591421293000000000e+09
4.592092815000000000e+09
4.593149874000000000e+09
4.593792150000000000e+09
4.594387631000000000e+09
4.594440367000000000e+09
4.597182383000000000e+09
4.597675485000000000e+09
4.599051208000000000e+09
4.599635615000000000e+09
4.600228715000000000e+09
4.601245615000000000e+09
4.602033311000000000e+09
4.603001582000000000e+09
4.604498623000000000e+09
4.605546479000000000e+09
4.605977598000000000e+09
4.608752216000000000e+09
4.609134717000000000e+09
4.610161819000000000e+09
4.610178785000000000e+09
4.610273534000000000e+09
4.610750686000000000e+09
4.613292943000000000e+09
4.615279563000000000e+09
4.615957881000000000e+09
4.616009119000000000e+09
4.616218750000000000e+09
4.616336866000000000e+09
4.618092513000000000e+09
4.618581107000000000e+09
4.620401939000000000e+09
4.620753803000000000e+09
4.623403742000000000e+09
4.624331738000000000e+09
4.628478433000000000e+09
4.629955171000000000e+09
4.631388059000000000e+09
4.631754233000000000e+09
4.632720831000000000e+09
4.633241215000000000e+09
4.633356793000000000e+09
4.634951085000000000e+09
4.635149759000000000e+09
4.635326879000000000e+09
4.635647159000000000e+09
4.636788145000000000e+09
4.636834810000000000e+09
4.638567189000000000e+09
4.639020987000000000e+09
4.639901422000000000e+09
4.640304551000000000e+09
4.641874651000000000e+09
4.641996640000000000e+09
4.642895395000000000e+09
4.643066391000000000e+09
4.643143627000000000e+09
4.645029661000000000e+09
4.648969191000000000e+09
4.649151039000000000e+09
4.657032435000000000e+09
4.660164199000000000e+09
4.661552553000000000e+09
4.666224377000000000e+09
4.669152046000000000e+09
4.669618010000000000e+09
4.669942768000000000e+09
4.670443508000000000e+09
4.671451613000000000e+09
4.673942004000000000e+09
4.674059565000000000e+09
4.674666401000000000e+09
4.675845258000000000e+09
4.676270307000000000e+09
4.680968879000000000e+09
4.688015112000000000e+09
4.689698228000000000e+09
4.689998110000000000e+09
4.690457560000000000e+09
4.693527499000000000e+09
4.698050558000000000e+09
4.698111279000000000e+09
4.698274235000000000e+09
4.698602311000000000e+09
4.698795631000000000e+09
4.699019743000000000e+09
4.699749879000000000e+09
4.699783142000000000e+09
4.700632171000000000e+09
4.701348733000000000e+09
4.701944991000000000e+09
4.703083407000000000e+09
4.704872361000000000e+09
4.705282422000000000e+09
4.707707356000000000e+09
4.710594804000000000e+09
4.711028693000000000e+09
4.714084409000000000e+09
4.714228610000000000e+09
4.715414903000000000e+09
4.715572654000000000e+09
4.715640494000000000e+09
4.715657974000000000e+09
4.715663135000000000e+09
4.716029686000000000e+09
4.716202846000000000e+09
4.717144847000000000e+09
4.718701375000000000e+09
4.720221341000000000e+09
4.722764068000000000e+09
4.723350782000000000e+09
4.724144749000000000e+09
4.727563699000000000e+09
4.727934371000000000e+09
4.728546852000000000e+09
4.732123636000000000e+09
4.732312551000000000e+09
4.732640199000000000e+09
4.733030253000000000e+09
4.735070325000000000e+09
4.735072286000000000e+09
4.735649783000000000e+09
4.735814605000000000e+09
4.736777521000000000e+09
4.737132310000000000e+09
4.738405163000000000e+09
4.739821233000000000e+09
4.741962486000000000e+09
4.749384393000000000e+09
4.750079895000000000e+09
4.750422650000000000e+09
4.750469339000000000e+09
4.751179601000000000e+09
4.756394493000000000e+09
4.758341219000000000e+09
4.765298677000000000e+09
4.765502422000000000e+09
4.765611821000000000e+09
4.765841899000000000e+09
4.766120399000000000e+09
4.767666012000000000e+09
4.769035709000000000e+09
4.771277282000000000e+09
4.772163185000000000e+09
4.772696487000000000e+09
4.772883750000000000e+09
4.783863907000000000e+09
4.785233744000000000e+09
4.798397417000000000e+09
4.798519162000000000e+09
4.801541466000000000e+09
4.803850080000000000e+09
4.808318074000000000e+09
4.811475818000000000e+09
4.811966358000000000e+09
4.812194808000000000e+09
4.818322275000000000e+09
4.821375960000000000e+09
4.821555385000000000e+09
4.823852095000000000e+09
4.831967103000000000e+09
4.831967227000000000e+09
4.831968639000000000e+09
4.831969147000000000e+09
4.831969259000000000e+09
4.832493015000000000e+09
4.833017325000000000e+09
4.833017590000000000e+09
4.833275007000000000e+09
4.833406825000000000e+09
4.833929126000000000e+09
4.834148221000000000e+09
4.834388671000000000e+09
4.834786777000000000e+09
4.835108858000000000e+09
4.835899820000000000e+09
4.836780671000000000e+09
4.836801886000000000e+09
4.837067579000000000e+09
4.837985127000000000e+09
4.838501231000000000e+09
4.840357279000000000e+09
4.840455164000000000e+09
4.840728570000000000e+09
4.840910715000000000e+09
4.841135830000000000e+09
4.841372637000000000e+09
4.842320470000000000e+09
4.842385023000000000e+09
4.843058141000000000e+09
4.843494842000000000e+09
4.843565871000000000e+09
4.844106492000000000e+09
4.844289316000000000e+09
4.844678061000000000e+09
4.845579119000000000e+09
4.846442314000000000e+09
4.846616095000000000e+09
4.846752959000000000e+09
4.847180535000000000e+09
4.847663955000000000e+09
4.848983903000000000e+09
4.849122265000000000e+09
4.849729259000000000e+09
4.849743855000000000e+09
4.850098687000000000e+09
4.850802669000000000e+09
4.850833389000000000e+09
4.851070453000000000e+09
4.852004470000000000e+09
4.852018829000000000e+09
4.852299511000000000e+09
4.855241655000000000e+09
4.855291278000000000e+09
4.855946278000000000e+09
4.856074686000000000e+09
4.857441981000000000e+09
4.857646013000000000e+09
4.858107375000000000e+09
4.859418585000000000e+09
4.859428524000000000e+09
4.861279102000000000e+09
4.861311343000000000e+09
4.861577190000000000e+09
4.861830839000000000e+09
4.861834993000000000e+09
4.862934181000000000e+09
4.864592174000000000e+09
4.866173677000000000e+09
4.866665978000000000e+09
4.868659902000000000e+09
4.868918047000000000e+09
4.868977790000000000e+09
4.869707391000000000e+09
4.870557398000000000e+09
4.871624650000000000e+09
4.871871847000000000e+09
4.871957499000000000e+09
4.874450923000000000e+09
4.875417500000000000e+09
4.875694050000000000e+09
4.875991546000000000e+09
4.876068775000000000e+09
4.880412518000000000e+09
4.882280429000000000e+09
4.882558586000000000e+09
4.882594283000000000e+09
4.883146724000000000e+09
4.883523511000000000e+09
4.885163972000000000e+09
4.886721719000000000e+09
4.888502174000000000e+09
4.890942495000000000e+09
4.891894703000000000e+09
4.892628053000000000e+09
4.893766813000000000e+09
4.894957357000000000e+09
4.899075581000000000e+09
4.899446493000000000e+09
4.899577723000000000e+09
4.899722718000000000e+09
4.900106219000000000e+09
4.901465726000000000e+09
4.904443796000000000e+09
4.904974475000000000e+09
4.905361855000000000e+09
4.905564634000000000e+09
4.908056372000000000e+09
4.909528759000000000e+09
4.910071636000000000e+09
4.910579652000000000e+09
4.910665580000000000e+09
4.911257116000000000e+09
4.911278827000000000e+09
4.912173004000000000e+09
4.914268883000000000e+09
4.915899901000000000e+09
4.916114127000000000e+09
4.916824055000000000e+09
4.917471423000000000e+09
4.921087676000000000e+09
4.922210118000000000e+09
4.923210428000000000e+09
4.923296062000000000e+09
4.924696499000000000e+09
4.931865809000000000e+09
4.932566494000000000e+09
4.933705589000000000e+09
4.935329651000000000e+09
4.935501674000000000e+09
4.936229775000000000e+09
4.936562433000000000e+09
4.938475196000000000e+09
4.941374695000000000e+09
4.943177196000000000e+09
4.943474901000000000e+09
4.948068817000000000e+09
4.948070224000000000e+09
4.949974396000000000e+09
4.950967542000000000e+09
4.951750838000000000e+09
4.952062772000000000e+09
4.952417120000000000e+09
4.953809790000000000e+09
4.953947856000000000e+09
4.954609213000000000e+09
4.956954260000000000e+09
4.957985839000000000e+09
4.964635213000000000e+09
4.966840990000000000e+09
4.966898173000000000e+09
4.966952875000000000e+09
4.968807160000000000e+09
4.969524062000000000e+09
4.970360828000000000e+09
4.970501367000000000e+09
4.970761783000000000e+09
4.971550437000000000e+09
4.973855983000000000e+09
4.974501623000000000e+09
4.974510044000000000e+09
4.975029943000000000e+09
4.976662719000000000e+09
4.977438118000000000e+09
4.979028850000000000e+09
4.979813858000000000e+09
4.979817378000000000e+09
4.983271354000000000e+09
4.983713402000000000e+09
4.984137303000000000e+09
4.984268524000000000e+09
4.985022460000000000e+09
4.985228286000000000e+09
4.986358499000000000e+09
4.987743970000000000e+09
4.987745607000000000e+09
4.988050772000000000e+09
4.990111381000000000e+09
4.990253989000000000e+09
4.990592666000000000e+09
4.991372735000000000e+09
4.991720857000000000e+09
4.991925618000000000e+09
4.992118512000000000e+09
4.994818457000000000e+09
5.000335356000000000e+09
5.000385935000000000e+09
5.001523083000000000e+09
5.001526256000000000e+09
5.001767863000000000e+09
5.004523428000000000e+09
5.005068025000000000e+09
5.006719686000000000e+09
5.007485343000000000e+09
5.008824298000000000e+09
5.009927225000000000e+09
5.010398894000000000e+09
5.013366185000000000e+09
5.015456342000000000e+09
5.018608572000000000e+09
5.020030243000000000e+09
5.021678934000000000e+09
5.025202016000000000e+09
5.025418643000000000e+09
5.027982033000000000e+09
5.029083941000000000e+09
5.035315190000000000e+09
5.035468727000000000e+09
5.035975417000000000e+09
5.036703265000000000e+09
5.038076207000000000e+09
5.039050524000000000e+09
5.041650043000000000e+09
5.044512681000000000e+09
5.046380408000000000e+09
5.047159270000000000e+09
5.048169753000000000e+09
5.050063543000000000e+09
5.052671909000000000e+09
5.053562136000000000e+09
5.058545641000000000e+09
5.063460804000000000e+09
5.067289470000000000e+09
5.067433881000000000e+09
5.067565479000000000e+09
5.067955598000000000e+09
5.069266074000000000e+09
5.077541358000000000e+09
5.083592141000000000e+09
5.086425877000000000e+09
5.091083585000000000e+09
5.091760912000000000e+09
5.099094606000000000e+09
5.100657917000000000e+09
5.100721135000000000e+09
5.101180719000000000e+09
5.101247847000000000e+09
5.101707233000000000e+09
5.101746367000000000e+09
5.102498287000000000e+09
5.102499559000000000e+09
5.102575597000000000e+09
5.102591167000000000e+09
5.103549276000000000e+09
5.105614074000000000e+09
5.106675196000000000e+09
5.107501917000000000e+09
5.108054693000000000e+09
5.109141434000000000e+09
5.109697210000000000e+09
5.110461046000000000e+09
5.111848623000000000e+09
5.112327212000000000e+09
5.112934319000000000e+09
5.113098983000000000e+09
5.113752011000000000e+09
5.117246923000000000e+09
5.118928253000000000e+09
5.120337909000000000e+09
5.121492461000000000e+09
5.124550341000000000e+09
5.130189276000000000e+09
5.132285242000000000e+09
5.132538567000000000e+09
5.133640085000000000e+09
5.135169267000000000e+09
5.136174453000000000e+09
5.137079226000000000e+09
5.138241383000000000e+09
5.138668265000000000e+09
5.140795109000000000e+09
5.140809654000000000e+09
5.143357271000000000e+09
5.147185799000000000e+09
5.148139934000000000e+09
5.150781053000000000e+09
5.151229871000000000e+09
5.151239959000000000e+09
5.155039201000000000e+09
5.155734591000000000e+09
5.156473462000000000e+09
5.159221575000000000e+09
5.161671508000000000e+09
5.167797757000000000e+09
5.168216056000000000e+09
5.168585855000000000e+09
5.168805423000000000e+09
5.170566591000000000e+09
5.171035777000000000e+09
5.172867797000000000e+09
5.175889374000000000e+09
5.176556184000000000e+09
5.177066395000000000e+09
5.182276526000000000e+09
5.182634339000000000e+09
5.182800215000000000e+09
5.187720869000000000e+09
5.187984304000000000e+09
5.189054653000000000e+09
5.191668853000000000e+09
5.191965784000000000e+09
5.193805033000000000e+09
5.201648283000000000e+09
5.202088829000000000e+09
5.203767054000000000e+09
5.204038283000000000e+09
5.204579020000000000e+09
5.207011990000000000e+09
5.207305503000000000e+09
5.210039862000000000e+09
5.234589054000000000e+09
5.234752559000000000e+09
5.235783633000000000e+09
5.235861997000000000e+09
5.236317578000000000e+09
5.236979649000000000e+09
5.238083473000000000e+09
5.239267045000000000e+09
5.240249026000000000e+09
5.244525419000000000e+09
5.247358205000000000e+09
5.247703859000000000e+09
5.248755370000000000e+09
5.252294537000000000e+09
5.253011416000000000e+09
5.253414299000000000e+09
5.253483257000000000e+09
5.255367089000000000e+09
5.255831024000000000e+09
5.256861633000000000e+09
5.257405380000000000e+09
5.260259185000000000e+09
5.261786383000000000e+09
5.269041723000000000e+09
5.269465886000000000e+09
5.269533294000000000e+09
5.271439256000000000e+09
5.274877229000000000e+09
5.277591929000000000e+09
5.279395042000000000e+09
5.281806420000000000e+09
5.283945740000000000e+09
5.290964048000000000e+09
5.296890942000000000e+09
5.303824209000000000e+09
5.305914270000000000e+09
5.306299437000000000e+09
5.309877064000000000e+09
5.310147997000000000e+09
5.313362116000000000e+09
5.315384407000000000e+09
5.316731185000000000e+09
5.318512621000000000e+09
5.318970107000000000e+09
5.322845373000000000e+09
5.323288067000000000e+09
5.331951953000000000e+09
5.343044450000000000e+09
5.343652773000000000e+09
5.344170047000000000e+09
5.345084368000000000e+09
5.345855126000000000e+09
5.353531725000000000e+09
5.354447564000000000e+09
5.361441325000000000e+09
5.368839647000000000e+09
5.369101181000000000e+09
5.369687518000000000e+09
5.370142443000000000e+09
5.370492859000000000e+09
5.370797481000000000e+09
5.371426557000000000e+09
5.371981287000000000e+09
5.372205019000000000e+09
5.373296588000000000e+09
5.374589371000000000e+09
5.375127509000000000e+09
5.375446839000000000e+09
5.376679627000000000e+09
5.377489639000000000e+09
5.377845241000000000e+09
5.378522806000000000e+09
5.378667977000000000e+09
5.379257279000000000e+09
5.379692455000000000e+09
5.380609470000000000e+09
5.381228284000000000e+09
5.381416949000000000e+09
5.381536246000000000e+09
5.383011958000000000e+09
5.385678575000000000e+09
5.386592250000000000e+09
5.386728953000000000e+09
5.386794653000000000e+09
5.387185017000000000e+09
5.390935927000000000e+09
5.390986865000000000e+09
5.391177571000000000e+09
5.394217711000000000e+09
5.395136062000000000e+09
5.396352715000000000e+09
5.396426381000000000e+09
5.397784516000000000e+09
5.398826331000000000e+09
5.402509038000000000e+09
5.402639775000000000e+09
5.402654063000000000e+09
5.402975709000000000e+09
5.403111919000000000e+09
5.403473399000000000e+09
5.405391955000000000e+09
5.405539641000000000e+09
5.408571371000000000e+09
5.408791647000000000e+09
5.411796470000000000e+09
5.412808573000000000e+09
5.414063863000000000e+09
5.414580326000000000e+09
5.416642153000000000e+09
5.417700022000000000e+09
5.417937561000000000e+09
5.420056330000000000e+09
5.420115711000000000e+09
5.420146127000000000e+09
5.420277369000000000e+09
5.421731581000000000e+09
5.422211052000000000e+09
5.422775476000000000e+09
5.424291710000000000e+09
5.424731701000000000e+09
5.426818644000000000e+09
5.428137085000000000e+09
5.429245521000000000e+09
5.429952042000000000e+09
5.431672125000000000e+09
5.431737453000000000e+09
5.433132935000000000e+09
5.435883502000000000e+09
5.435932659000000000e+09
5.436012471000000000e+09
5.436075439000000000e+09
5.436272254000000000e+09
5.437742759000000000e+09
5.438372047000000000e+09
5.438532590000000000e+09
5.438561871000000000e+09
5.439724318000000000e+09
5.439841181000000000e+09
5.442174952000000000e+09
5.442272199000000000e+09
5.444302463000000000e+09
5.445105183000000000e+09
5.445886903000000000e+09
5.445888925000000000e+09
5.446007897000000000e+09
5.446748022000000000e+09
5.449571178000000000e+09
5.449626343000000000e+09
5.452228363000000000e+09
5.452655613000000000e+09
5.453372849000000000e+09
5.454780151000000000e+09
5.456116184000000000e+09
5.457163222000000000e+09
5.459929858000000000e+09
5.460026717000000000e+09
5.463519930000000000e+09
5.464100497000000000e+09
5.465365326000000000e+09
5.465628080000000000e+09
5.465631525000000000e+09
5.466126365000000000e+09
5.472961387000000000e+09
5.475257658000000000e+09
5.478567913000000000e+09
5.478675107000000000e+09
5.481833246000000000e+09
5.482307999000000000e+09
5.484261967000000000e+09
5.484408077000000000e+09
5.484703496000000000e+09
5.486471674000000000e+09
5.487243252000000000e+09
5.487466111000000000e+09
5.488653166000000000e+09
5.488656154000000000e+09
5.493590876000000000e+09
5.494767145000000000e+09
5.496756838000000000e+09
5.497529908000000000e+09
5.500449852000000000e+09
5.502959611000000000e+09
5.503122877000000000e+09
5.503580539000000000e+09
5.504298745000000000e+09
5.504349686000000000e+09
5.504564685000000000e+09
5.504937206000000000e+09
5.505645775000000000e+09
5.506118647000000000e+09
5.506152427000000000e+09
5.506776048000000000e+09
5.506917739000000000e+09
5.508267917000000000e+09
5.509676488000000000e+09
5.510760825000000000e+09
5.511544181000000000e+09
5.511707865000000000e+09
5.512549309000000000e+09
5.512720227000000000e+09
5.513731751000000000e+09
5.513839611000000000e+09
5.514577912000000000e+09
5.516090102000000000e+09
5.516342227000000000e+09
5.519647412000000000e+09
5.520300015000000000e+09
5.520663527000000000e+09
5.521172203000000000e+09
5.521687548000000000e+09
5.522880399000000000e+09
5.523326567000000000e+09
5.523962575000000000e+09
5.525306509000000000e+09
5.526658905000000000e+09
5.528435446000000000e+09
5.528614786000000000e+09
5.529185782000000000e+09
5.529458751000000000e+09
5.530940582000000000e+09
5.532699580000000000e+09
5.535087784000000000e+09
5.536595815000000000e+09
5.536808174000000000e+09
5.537028063000000000e+09
5.537659501000000000e+09
5.538550582000000000e+09
5.538689789000000000e+09
5.541232497000000000e+09
5.542337735000000000e+09
5.544466986000000000e+09
5.548387877000000000e+09
5.553419983000000000e+09
5.553477307000000000e+09
5.553706723000000000e+09
5.554519016000000000e+09
5.554675608000000000e+09
5.555563385000000000e+09
5.556579118000000000e+09
5.558098030000000000e+09
5.559582436000000000e+09
5.565830146000000000e+09
5.570423695000000000e+09
5.570487151000000000e+09
5.571792249000000000e+09
5.572113177000000000e+09
5.575353851000000000e+09
5.575854767000000000e+09
5.576629993000000000e+09
5.579196245000000000e+09
5.579259278000000000e+09
5.583146959000000000e+09
5.584721655000000000e+09
5.584938387000000000e+09
5.587140504000000000e+09
5.587148668000000000e+09
5.589040340000000000e+09
5.589294851000000000e+09
5.589297617000000000e+09
5.595870327000000000e+09
5.597339445000000000e+09
5.598376661000000000e+09
5.599572850000000000e+09
5.601016465000000000e+09
5.605132623000000000e+09
5.606681477000000000e+09
5.606822773000000000e+09
5.606892127000000000e+09
5.613877524000000000e+09
5.616123996000000000e+09
5.621647767000000000e+09
5.623100880000000000e+09
5.637390321000000000e+09
5.637521214000000000e+09
5.637602014000000000e+09
5.638027772000000000e+09
5.638114283000000000e+09
5.639368630000000000e+09
5.639632087000000000e+09
5.640420300000000000e+09
5.640485213000000000e+09
5.640855278000000000e+09
5.641318040000000000e+09
5.641460989000000000e+09
5.641633660000000000e+09
5.641968367000000000e+09
5.642513269000000000e+09
5.643023085000000000e+09
5.643062687000000000e+09
5.645561847000000000e+09
5.645574141000000000e+09
5.645596599000000000e+09
5.645662653000000000e+09
5.646811042000000000e+09
5.647031175000000000e+09
5.647152889000000000e+09
5.648217972000000000e+09
5.648637260000000000e+09
5.648710634000000000e+09
5.648893907000000000e+09
5.650022313000000000e+09
5.654106093000000000e+09
5.656787101000000000e+09
5.658899906000000000e+09
5.659266967000000000e+09
5.660096822000000000e+09
5.660323599000000000e+09
5.661606463000000000e+09
5.661893818000000000e+09
5.667237019000000000e+09
5.667655353000000000e+09
5.667669831000000000e+09
5.671615757000000000e+09
5.671886842000000000e+09
5.671894987000000000e+09
5.671984998000000000e+09
5.672590415000000000e+09
5.675023578000000000e+09
5.676526223000000000e+09
5.677174663000000000e+09
5.677696249000000000e+09
5.678092012000000000e+09
5.684713222000000000e+09
5.687777663000000000e+09
5.688227099000000000e+09
5.688291695000000000e+09
5.688772943000000000e+09
5.691262606000000000e+09
5.696222806000000000e+09
5.698178857000000000e+09
5.699349848000000000e+09
5.702169523000000000e+09
5.704884197000000000e+09
5.705429463000000000e+09
5.705694657000000000e+09
5.706464890000000000e+09
5.707633999000000000e+09
5.708602859000000000e+09
5.708773091000000000e+09
5.709667447000000000e+09
5.709819494000000000e+09
5.710661309000000000e+09
5.712849775000000000e+09
5.712962813000000000e+09
5.721136763000000000e+09
5.721206646000000000e+09
5.723087003000000000e+09
5.723591411000000000e+09
5.729630094000000000e+09
5.730768285000000000e+09
5.733905095000000000e+09
5.733969002000000000e+09
5.734720309000000000e+09
5.738134933000000000e+09
5.738618723000000000e+09
5.739375720000000000e+09
5.739701561000000000e+09
5.739997131000000000e+09
5.743606676000000000e+09
5.743956249000000000e+09
5.746839774000000000e+09
5.747141570000000000e+09
5.752757654000000000e+09
5.755165049000000000e+09
5.755836086000000000e+09
5.755952332000000000e+09
5.756385616000000000e+09
5.756768085000000000e+09
5.763256567000000000e+09
5.765174129000000000e+09
5.767381940000000000e+09
5.773846189000000000e+09
5.774601117000000000e+09
5.775668861000000000e+09
5.775907423000000000e+09
5.780593130000000000e+09
5.781655087000000000e+09
5.782185339000000000e+09
5.782277806000000000e+09
5.783085182000000000e+09
5.784071386000000000e+09
5.784619485000000000e+09
5.785634636000000000e+09
5.788594781000000000e+09
5.793602695000000000e+09
5.794632829000000000e+09
5.794939481000000000e+09
5.796609629000000000e+09
5.797654131000000000e+09
5.801872611000000000e+09
5.802347549000000000e+09
5.805285108000000000e+09
5.807499184000000000e+09
5.808515378000000000e+09
5.813954870000000000e+09
5.815521769000000000e+09
5.816050996000000000e+09
5.816096892000000000e+09
5.818566270000000000e+09
5.820023158000000000e+09
5.822376882000000000e+09
5.822849959000000000e+09
5.832434344000000000e+09
5.836935973000000000e+09
5.839366634000000000e+09
5.842856247000000000e+09
5.843163445000000000e+09
5.849009649000000000e+09
5.851312412000000000e+09
5.863666934000000000e+09
5.864082490000000000e+09
5.872139358000000000e+09
5.882514907000000000e+09
5.895258490000000000e+09
5.903617504000000000e+09
5.907528652000000000e+09
5.910506238000000000e+09
5.911425001000000000e+09
5.911440124000000000e+09
5.911541301000000000e+09
5.913081321000000000e+09
5.914486471000000000e+09
5.914612717000000000e+09
5.914656651000000000e+09
5.916195450000000000e+09
5.916408697000000000e+09
5.916579934000000000e+09
5.919654396000000000e+09
5.919672222000000000e+09
5.920569519000000000e+09
5.920607992000000000e+09
5.920807643000000000e+09
5.921355225000000000e+09
5.921558925000000000e+09
5.922455230000000000e+09
5.922869142000000000e+09
5.924877173000000000e+09
5.927969511000000000e+09
5.928893498000000000e+09
5.929185254000000000e+09
5.929196143000000000e+09
5.931990448000000000e+09
5.932365052000000000e+09
5.933650902000000000e+09
5.937287544000000000e+09
5.939236862000000000e+09
5.939263438000000000e+09
5.940964005000000000e+09
5.942244905000000000e+09
5.944035836000000000e+09
5.949949791000000000e+09
5.950921354000000000e+09
5.957932696000000000e+09
5.958356659000000000e+09
5.960068162000000000e+09
5.960153533000000000e+09
5.960465004000000000e+09
5.960787944000000000e+09
5.963047565000000000e+09
5.965527133000000000e+09
5.967000151000000000e+09
5.968608872000000000e+09
5.973844975000000000e+09
5.973958423000000000e+09
5.974847350000000000e+09
5.975041454000000000e+09
5.975680843000000000e+09
5.975930677000000000e+09
5.975985534000000000e+09
5.976726055000000000e+09
5.977891782000000000e+09
5.977986494000000000e+09
5.983984427000000000e+09
5.987423708000000000e+09
5.988147377000000000e+09
5.988205283000000000e+09
5.989579486000000000e+09
5.990368615000000000e+09
5.992406789000000000e+09
5.994377523000000000e+09
5.995126164000000000e+09
5.999635768000000000e+09
6.001588328000000000e+09
6.003411609000000000e+09
6.006402239000000000e+09
6.007659953000000000e+09
6.008785183000000000e+09
6.014820671000000000e+09
6.015965688000000000e+09
6.016345213000000000e+09
6.016807894000000000e+09
6.023146449000000000e+09
6.026944900000000000e+09
6.027163660000000000e+09
6.027255281000000000e+09
6.036756229000000000e+09
6.040002556000000000e+09
6.040964858000000000e+09
6.042659997000000000e+09
6.044213043000000000e+09
6.044374587000000000e+09
6.044685306000000000e+09
6.044891032000000000e+09
6.046039336000000000e+09
6.048914621000000000e+09
6.049099092000000000e+09
6.049363651000000000e+09
6.050043640000000000e+09
6.050634271000000000e+09
6.057854713000000000e+09
6.059160684000000000e+09
6.059763676000000000e+09
6.059773583000000000e+09
6.061023415000000000e+09
6.061508522000000000e+09
6.061797121000000000e+09
6.062382268000000000e+09
6.064327309000000000e+09
6.065529775000000000e+09
6.066580811000000000e+09
6.067122680000000000e+09
6.068740568000000000e+09
6.073855817000000000e+09
6.073908027000000000e+09
6.075562949000000000e+09
6.076709198000000000e+09
6.077027197000000000e+09
6.077146665000000000e+09
6.077487179000000000e+09
6.078787352000000000e+09
6.082478319000000000e+09
6.083289932000000000e+09
6.084122521000000000e+09
6.087306506000000000e+09
6.087838876000000000e+09
6.088184753000000000e+09
6.092336903000000000e+09
6.094575856000000000e+09
6.095429012000000000e+09
6.103959444000000000e+09
6.107133543000000000e+09
6.109022719000000000e+09
6.111231904000000000e+09
6.111705927000000000e+09
6.113254627000000000e+09
6.115901042000000000e+09
6.116156327000000000e+09
6.117329580000000000e+09
6.121009203000000000e+09
6.123936600000000000e+09
6.124928050000000000e+09
6.125558692000000000e+09
6.128024252000000000e+09
6.130830184000000000e+09
6.132790849000000000e+09
6.133673350000000000e+09
6.136814034000000000e+09
6.142515745000000000e+09
6.144698876000000000e+09
6.144821174000000000e+09
6.147050527000000000e+09
6.150958041000000000e+09
6.174276299000000000e+09
6.174781141000000000e+09
6.174783985000000000e+09
6.177008733000000000e+09
6.177255929000000000e+09
6.184137558000000000e+09
6.186314281000000000e+09
6.187506450000000000e+09
6.187777283000000000e+09
6.188374557000000000e+09
6.189303143000000000e+09
6.190469242000000000e+09
6.191184485000000000e+09
6.192280921000000000e+09
6.193134157000000000e+09
6.194051667000000000e+09
6.194938972000000000e+09
6.195101075000000000e+09
6.197209299000000000e+09
6.200387133000000000e+09
6.200479973000000000e+09
6.208278173000000000e+09
6.208784377000000000e+09
6.209860451000000000e+09
6.218152282000000000e+09
6.221392652000000000e+09
6.221613365000000000e+09
6.227051445000000000e+09
6.228637160000000000e+09
6.229871309000000000e+09
6.230088210000000000e+09
6.235794472000000000e+09
6.237004471000000000e+09
6.241705690000000000e+09
6.241726171000000000e+09
6.243141989000000000e+09
6.243637647000000000e+09
6.243859510000000000e+09
6.246332561000000000e+09
6.246698675000000000e+09
6.252168059000000000e+09
6.253722967000000000e+09
6.255265314000000000e+09
6.257923069000000000e+09
6.258419910000000000e+09
6.258464478000000000e+09
6.258993967000000000e+09
6.260892513000000000e+09
6.261474156000000000e+09
6.271803266000000000e+09
6.275321570000000000e+09
6.276354801000000000e+09
6.284718475000000000e+09
6.285259000000000000e+09
6.293842125000000000e+09
6.294884581000000000e+09
6.296740579000000000e+09
6.297766943000000000e+09
6.304106300000000000e+09
6.309146224000000000e+09
6.309573589000000000e+09
6.310947700000000000e+09
6.314921805000000000e+09
6.316928318000000000e+09
6.322035987000000000e+09
6.326004628000000000e+09
6.326480736000000000e+09
6.328809482000000000e+09
6.336194913000000000e+09
6.336236321000000000e+09
6.338888778000000000e+09
6.339020224000000000e+09
6.342030172000000000e+09
6.352047882000000000e+09
6.360807542000000000e+09
6.370411569000000000e+09
6.371812948000000000e+09
6.372549680000000000e+09
6.375406285000000000e+09
6.375853284000000000e+09
6.381475364000000000e+09
6.382209167000000000e+09
6.382278698000000000e+09
6.382321853000000000e+09
6.383049282000000000e+09
6.389025107000000000e+09
6.389032385000000000e+09
6.395394184000000000e+09
6.405284886000000000e+09
6.409811040000000000e+09
6.417171504000000000e+09
6.417525385000000000e+09
6.432572226000000000e+09
6.442581499000000000e+09
6.442581695000000000e+09
6.442770367000000000e+09
6.443744687000000000e+09
6.444613111000000000e+09
6.444613611000000000e+09
6.444922874000000000e+09
6.445694701000000000e+09
6.446563122000000000e+09
6.446890933000000000e+09
6.446955487000000000e+09
6.447029439000000000e+09
6.447495869000000000e+09
6.447595307000000000e+09
6.450753767000000000e+09
6.450954110000000000e+09
6.453323677000000000e+09
6.455181308000000000e+09
6.455777774000000000e+09
6.456475458000000000e+09
6.457611454000000000e+09
6.457839967000000000e+09
6.457894095000000000e+09
6.459355129000000000e+09
6.459357567000000000e+09
6.459457327000000000e+09
6.459482074000000000e+09
6.460526563000000000e+09
6.460600293000000000e+09
6.461197307000000000e+09
6.461929405000000000e+09
6.463810359000000000e+09
6.465616606000000000e+09
6.465890942000000000e+09
6.466616941000000000e+09
6.467034298000000000e+09
6.467286566000000000e+09
6.467346829000000000e+09
6.468115886000000000e+09
6.468855674000000000e+09
6.468888437000000000e+09
6.470357869000000000e+09
6.472883927000000000e+09
6.472899326000000000e+09
6.476136409000000000e+09
6.476265433000000000e+09
6.476914531000000000e+09
6.477242159000000000e+09
6.477381421000000000e+09
6.477899693000000000e+09
6.478075439000000000e+09
6.478364500000000000e+09
6.478415855000000000e+09
6.479387311000000000e+09
6.480227327000000000e+09
6.480328654000000000e+09
6.480435127000000000e+09
6.481555903000000000e+09
6.482907895000000000e+09
6.484139435000000000e+09
6.484257291000000000e+09
6.484304670000000000e+09
6.484753597000000000e+09
6.484844183000000000e+09
6.485572529000000000e+09
6.486333298000000000e+09
6.487668323000000000e+09
6.489075253000000000e+09
6.489317108000000000e+09
6.493433780000000000e+09
6.495844833000000000e+09
6.497789374000000000e+09
6.499035189000000000e+09
6.500380935000000000e+09
6.502017402000000000e+09
6.502841228000000000e+09
6.508556073000000000e+09
6.510112763000000000e+09
6.510140919000000000e+09
6.510149519000000000e+09
6.510460597000000000e+09
6.512229239000000000e+09
6.512685403000000000e+09
6.513057437000000000e+09
6.514779741000000000e+09
6.514900444000000000e+09
6.517020922000000000e+09
6.517583698000000000e+09
6.519568299000000000e+09
6.519614837000000000e+09
6.520532377000000000e+09
6.525104542000000000e+09
6.526398446000000000e+09
6.526451574000000000e+09
6.526978991000000000e+09
6.527205178000000000e+09
6.527949565000000000e+09
6.528257693000000000e+09
6.528562676000000000e+09
6.530026238000000000e+09
6.531657623000000000e+09
6.536225762000000000e+09
6.536384236000000000e+09
6.537997732000000000e+09
6.539421899000000000e+09
6.541121142000000000e+09
6.543244575000000000e+09
6.543468411000000000e+09
6.544661464000000000e+09
6.545472312000000000e+09
6.547408831000000000e+09
6.547805102000000000e+09
6.552675693000000000e+09
6.553118637000000000e+09
6.558177892000000000e+09
6.561075179000000000e+09
6.563245992000000000e+09
6.565534509000000000e+09
6.566227659000000000e+09
6.576925182000000000e+09
6.577182670000000000e+09
6.577307603000000000e+09
6.578003679000000000e+09
6.580564151000000000e+09
6.581118334000000000e+09
6.581594105000000000e+09
6.583052215000000000e+09
6.586604860000000000e+09
6.593509855000000000e+09
6.593703845000000000e+09
6.594092499000000000e+09
6.594228006000000000e+09
6.594853603000000000e+09
6.596001417000000000e+09
6.596038358000000000e+09
6.602060786000000000e+09
6.605101850000000000e+09
6.607375037000000000e+09
6.611090915000000000e+09
6.615520727000000000e+09
6.615692658000000000e+09
6.621228172000000000e+09
6.625708517000000000e+09
6.627092462000000000e+09
6.629325017000000000e+09
6.632187824000000000e+09
6.634627727000000000e+09
6.635485981000000000e+09
6.635745913000000000e+09
6.638130729000000000e+09
6.641708217000000000e+09
6.642904736000000000e+09
6.644100767000000000e+09
6.644129707000000000e+09
6.644158183000000000e+09
6.644791053000000000e+09
6.644950875000000000e+09
6.645129178000000000e+09
6.645668665000000000e+09
6.646094774000000000e+09
6.649518929000000000e+09
6.650223439000000000e+09
6.651006818000000000e+09
6.651862128000000000e+09
6.660742390000000000e+09
6.662247067000000000e+09
6.662751679000000000e+09
6.663050479000000000e+09
6.664777559000000000e+09
6.665819607000000000e+09
6.671105555000000000e+09
6.673390920000000000e+09
6.676614984000000000e+09
6.676693488000000000e+09
6.677526987000000000e+09
6.678178785000000000e+09
6.681023405000000000e+09
6.684956829000000000e+09
6.687579292000000000e+09
6.694486653000000000e+09
6.694865868000000000e+09
6.701195870000000000e+09
6.701731354000000000e+09
6.707289478000000000e+09
6.708506753000000000e+09
6.711060479000000000e+09
6.711195519000000000e+09
6.711274235000000000e+09
6.711992047000000000e+09
6.712457247000000000e+09
6.712507351000000000e+09
6.713717719000000000e+09
6.713833400000000000e+09
6.714343303000000000e+09
6.714533085000000000e+09
6.715162555000000000e+09
6.716304751000000000e+09
6.717225935000000000e+09
6.718590421000000000e+09
6.719864471000000000e+09
6.719926067000000000e+09
6.720534485000000000e+09
6.720721887000000000e+09
6.722024156000000000e+09
6.722278957000000000e+09
6.722591582000000000e+09
6.723319009000000000e+09
6.723787471000000000e+09
6.724218397000000000e+09
6.725691283000000000e+09
6.726097847000000000e+09
6.726897110000000000e+09
6.727793529000000000e+09
6.728142523000000000e+09
6.728541807000000000e+09
6.729938527000000000e+09
6.730852348000000000e+09
6.732064254000000000e+09
6.732437118000000000e+09
6.733182587000000000e+09
6.733489099000000000e+09
6.735047389000000000e+09
6.735068460000000000e+09
6.737555535000000000e+09
6.746657023000000000e+09
6.747255537000000000e+09
6.747633529000000000e+09
6.747699153000000000e+09
6.748025777000000000e+09
6.748725234000000000e+09
6.749679732000000000e+09
6.750038365000000000e+09
6.750201162000000000e+09
6.750401733000000000e+09
6.750797768000000000e+09
6.750904211000000000e+09
6.751852263000000000e+09
6.752442733000000000e+09
6.752926970000000000e+09
6.752957111000000000e+09
6.753272735000000000e+09
6.755019485000000000e+09
6.761787318000000000e+09
6.762432487000000000e+09
6.765992398000000000e+09
6.766268059000000000e+09
6.766532847000000000e+09
6.768571111000000000e+09
6.768695659000000000e+09
6.769700251000000000e+09
6.770160877000000000e+09
6.770353962000000000e+09
6.771137161000000000e+09
6.778105845000000000e+09
6.778900141000000000e+09
6.779230447000000000e+09
6.779825272000000000e+09
6.781649806000000000e+09
6.784906413000000000e+09
6.786505690000000000e+09
6.786644774000000000e+09
6.787161734000000000e+09
6.793082488000000000e+09
6.796113753000000000e+09
6.799419605000000000e+09
6.801730382000000000e+09
6.803680833000000000e+09
6.808172074000000000e+09
6.808425535000000000e+09
6.809663235000000000e+09
6.812183451000000000e+09
6.812444327000000000e+09
6.814359965000000000e+09
6.816939414000000000e+09
6.817646322000000000e+09
6.818213637000000000e+09
6.820925017000000000e+09
6.821090169000000000e+09
6.826273675000000000e+09
6.826341796000000000e+09
6.827894946000000000e+09
6.828727963000000000e+09
6.829742793000000000e+09
6.834949962000000000e+09
6.841524678000000000e+09
6.845347565000000000e+09
6.847296127000000000e+09
6.848687667000000000e+09
6.853623070000000000e+09
6.853688019000000000e+09
6.854849839000000000e+09
6.854924008000000000e+09
6.855308393000000000e+09
6.857869270000000000e+09
6.857898992000000000e+09
6.863498166000000000e+09
6.865237549000000000e+09
6.866138104000000000e+09
6.867205902000000000e+09
6.868398985000000000e+09
6.870652086000000000e+09
6.872792146000000000e+09
6.877698571000000000e+09
6.878834142000000000e+09
6.880118772000000000e+09
6.885672377000000000e+09
6.886625933000000000e+09
6.889498938000000000e+09
6.896322205000000000e+09
6.900113594000000000e+09
6.912554475000000000e+09
6.913684281000000000e+09
6.913988088000000000e+09
6.915919590000000000e+09
6.916701846000000000e+09
6.918202540000000000e+09
6.923068619000000000e+09
6.928466932000000000e+09
6.929264110000000000e+09
6.929353533000000000e+09
6.929431181000000000e+09
6.930015564000000000e+09
6.933212025000000000e+09
6.937748889000000000e+09
6.942784065000000000e+09
6.945286228000000000e+09
6.947809478000000000e+09
6.948818086000000000e+09
6.952072783000000000e+09
6.952109403000000000e+09
6.953161833000000000e+09
6.955650820000000000e+09
6.958845576000000000e+09
6.959678347000000000e+09
6.962586463000000000e+09
6.979444669000000000e+09
6.979451885000000000e+09
6.981544925000000000e+09
6.981790459000000000e+09
6.982060983000000000e+09
6.983610079000000000e+09
6.984652669000000000e+09
6.986560980000000000e+09
6.988963565000000000e+09
6.989237685000000000e+09
6.989336054000000000e+09
6.989447057000000000e+09
6.989862335000000000e+09
6.989899511000000000e+09
6.990195111000000000e+09
6.991138291000000000e+09
6.993636019000000000e+09
6.995142539000000000e+09
6.996017334000000000e+09
6.996288510000000000e+09
6.996290175000000000e+09
6.997920117000000000e+09
6.998324891000000000e+09
6.998583244000000000e+09
6.998777660000000000e+09
7.000358606000000000e+09
7.000849471000000000e+09
7.000866383000000000e+09
7.002787825000000000e+09
7.003076464000000000e+09
7.007888903000000000e+09
7.008203125000000000e+09
7.008711535000000000e+09
7.009248190000000000e+09
7.011408682000000000e+09
7.013254135000000000e+09
7.013457751000000000e+09
7.013530969000000000e+09
7.013595262000000000e+09
7.014964616000000000e+09
7.015693160000000000e+09
7.016141023000000000e+09
7.016315860000000000e+09
7.016798392000000000e+09
7.017830523000000000e+09
7.018625648000000000e+09
7.019506587000000000e+09
7.022505386000000000e+09
7.023174303000000000e+09
7.033369404000000000e+09
7.039499019000000000e+09
7.040550699000000000e+09
7.040716925000000000e+09
7.041838338000000000e+09
7.044411329000000000e+09
7.046789919000000000e+09
7.047249876000000000e+09
7.047272436000000000e+09
7.047990327000000000e+09
7.048410547000000000e+09
7.053063098000000000e+09
7.054029012000000000e+09
7.055203886000000000e+09
7.055402741000000000e+09
7.056424394000000000e+09
7.057754982000000000e+09
7.057857764000000000e+09
7.058077262000000000e+09
7.062741842000000000e+09
7.066715094000000000e+09
7.068801167000000000e+09
7.070558335000000000e+09
7.072676220000000000e+09
7.076988711000000000e+09
7.077238541000000000e+09
7.077973305000000000e+09
7.080217566000000000e+09
7.080623631000000000e+09
7.081676708000000000e+09
7.086106833000000000e+09
7.090898838000000000e+09
7.092924778000000000e+09
7.096880939000000000e+09
7.097397156000000000e+09
7.101853912000000000e+09
7.113919739000000000e+09
7.114820567000000000e+09
7.116306655000000000e+09
7.116914257000000000e+09
7.117371485000000000e+09
7.117382319000000000e+09
7.119234725000000000e+09
7.119648201000000000e+09
7.122107853000000000e+09
7.122354018000000000e+09
7.123128095000000000e+09
7.126057870000000000e+09
7.132256498000000000e+09
7.132974588000000000e+09
7.134562167000000000e+09
7.139350988000000000e+09
7.140747335000000000e+09
7.140907505000000000e+09
7.142057684000000000e+09
7.143415992000000000e+09
7.147674429000000000e+09
7.149785066000000000e+09
7.151325180000000000e+09
7.151953884000000000e+09
7.155805511000000000e+09
7.158467188000000000e+09
7.159090254000000000e+09
7.160016497000000000e+09
7.161845492000000000e+09
7.164040669000000000e+09
7.165988598000000000e+09
7.166242041000000000e+09
7.166317484000000000e+09
7.169926294000000000e+09
7.173858713000000000e+09
7.176559150000000000e+09
7.180811117000000000e+09
7.186895942000000000e+09
7.189364300000000000e+09
7.190461122000000000e+09
7.191172985000000000e+09
7.193784923000000000e+09
7.197527802000000000e+09
7.197678677000000000e+09
7.197997546000000000e+09
7.198504173000000000e+09
7.201449481000000000e+09
7.204509033000000000e+09
7.214258615000000000e+09
7.214546755000000000e+09
7.215315059000000000e+09
7.217124179000000000e+09
7.218512845000000000e+09
7.222623834000000000e+09
7.232568048000000000e+09
7.238582515000000000e+09
7.243716372000000000e+09
7.248373750000000000e+09
7.248608716000000000e+09
7.249186029000000000e+09
7.249948531000000000e+09
7.251253718000000000e+09
7.251459659000000000e+09
7.251967959000000000e+09
7.252123453000000000e+09
7.252671878000000000e+09
7.258340212000000000e+09
7.259626297000000000e+09
7.259650573000000000e+09
7.259673826000000000e+09
7.259927434000000000e+09
7.260801771000000000e+09
7.261697145000000000e+09
7.262020807000000000e+09
7.264997237000000000e+09
7.266352708000000000e+09
7.268853228000000000e+09
7.268891494000000000e+09
7.271454434000000000e+09
7.271469611000000000e+09
7.274584282000000000e+09
7.276638921000000000e+09
7.278513826000000000e+09
7.280109864000000000e+09
7.281407599000000000e+09
7.283844461000000000e+09
7.288405554000000000e+09
7.290465303000000000e+09
7.291361641000000000e+09
7.299251320000000000e+09
7.301557784000000000e+09
7.302322677000000000e+09
7.312065904000000000e+09
7.316328235000000000e+09
7.316690220000000000e+09
7.319582731000000000e+09
7.336508258000000000e+09
7.338347054000000000e+09
7.348701053000000000e+09
7.350922414000000000e+09
7.352949713000000000e+09
7.358097864000000000e+09
7.364695426000000000e+09
7.374005404000000000e+09
7.381991287000000000e+09
7.382085071000000000e+09
7.383952308000000000e+09
7.385201845000000000e+09
7.386826431000000000e+09
7.392053309000000000e+09
7.392521779000000000e+09
7.393819360000000000e+09
7.395026222000000000e+09
7.398914972000000000e+09
7.399069911000000000e+09
7.401104321000000000e+09
7.416110546000000000e+09
7.416159637000000000e+09
7.416230872000000000e+09
7.418074505000000000e+09
7.419335123000000000e+09
7.424465396000000000e+09
7.436891139000000000e+09
7.460308028000000000e+09
7.463932836000000000e+09
7.465211948000000000e+09
7.475008792000000000e+09
7.516573692000000000e+09
7.517401084000000000e+09
7.517630298000000000e+09
7.517991351000000000e+09
7.518517725000000000e+09
7.520509847000000000e+09
7.520517917000000000e+09
7.521680090000000000e+09
7.521697556000000000e+09
7.522737259000000000e+09
7.525348247000000000e+09
7.525735917000000000e+09
7.526019814000000000e+09
7.527261630000000000e+09
7.527855631000000000e+09
7.530180919000000000e+09
7.530673350000000000e+09
7.531499356000000000e+09
7.531507664000000000e+09
7.533066206000000000e+09
7.533094875000000000e+09
7.535913708000000000e+09
7.537288182000000000e+09
7.541704700000000000e+09
7.542772958000000000e+09
7.544659756000000000e+09
7.545141511000000000e+09
7.550828445000000000e+09
7.552685181000000000e+09
7.559571685000000000e+09
7.559849933000000000e+09
7.560125348000000000e+09
7.561027477000000000e+09
7.561373148000000000e+09
7.570102979000000000e+09
7.571326968000000000e+09
7.575611755000000000e+09
7.577236900000000000e+09
7.584302045000000000e+09
7.587350837000000000e+09
7.588082814000000000e+09
7.588518951000000000e+09
7.591228012000000000e+09
7.592864601000000000e+09
7.595980375000000000e+09
7.597758132000000000e+09
7.598542691000000000e+09
7.599943704000000000e+09
7.600207770000000000e+09
7.600315067000000000e+09
7.601843397000000000e+09
7.602304812000000000e+09
7.602346703000000000e+09
7.602560184000000000e+09
7.604432824000000000e+09
7.605571114000000000e+09
7.611165500000000000e+09
7.612172133000000000e+09
7.618032985000000000e+09
7.619719737000000000e+09
7.625874140000000000e+09
7.629598261000000000e+09
7.630146342000000000e+09
7.635850610000000000e+09
7.636618913000000000e+09
7.642338477000000000e+09
7.644238221000000000e+09
7.648071884000000000e+09
7.650667386000000000e+09
7.650860524000000000e+09
7.651187516000000000e+09
7.651923197000000000e+09
7.652634580000000000e+09
7.652938591000000000e+09
7.653418724000000000e+09
7.657526727000000000e+09
7.657870246000000000e+09
7.660498129000000000e+09
7.661122357000000000e+09
7.663729820000000000e+09
7.665163159000000000e+09
7.666245442000000000e+09
7.667293999000000000e+09
7.670575942000000000e+09
7.671422933000000000e+09
7.671498366000000000e+09
7.672028812000000000e+09
7.678421574000000000e+09
7.684012013000000000e+09
7.684184495000000000e+09
7.684455237000000000e+09
7.685576379000000000e+09
7.685674734000000000e+09
7.687861832000000000e+09
7.688210428000000000e+09
7.689332942000000000e+09
7.690179488000000000e+09
7.692142883000000000e+09
7.694985063000000000e+09
7.695297155000000000e+09
7.700223658000000000e+09
7.701189075000000000e+09
7.702887098000000000e+09
7.709437273000000000e+09
7.713519889000000000e+09
7.717756717000000000e+09
7.720594020000000000e+09
7.722606048000000000e+09
7.729299662000000000e+09
7.735506852000000000e+09
7.735693550000000000e+09
7.735842002000000000e+09
7.739518272000000000e+09
7.744829719000000000e+09
7.744858795000000000e+09
7.754548638000000000e+09
7.784717821000000000e+09
7.784864191000000000e+09
7.787858863000000000e+09
7.788888009000000000e+09
7.791045861000000000e+09
7.793195495000000000e+09
7.793371767000000000e+09
7.795433966000000000e+09
7.796258264000000000e+09
7.797535604000000000e+09
7.798310575000000000e+09
7.800383063000000000e+09
7.801599900000000000e+09
7.810569553000000000e+09
7.811374565000000000e+09
7.819862207000000000e+09
7.820027862000000000e+09
7.820530099000000000e+09
7.820562364000000000e+09
7.823173469000000000e+09
7.838214021000000000e+09
7.838667950000000000e+09
7.839260624000000000e+09
7.839393201000000000e+09
7.841320572000000000e+09
7.851782107000000000e+09
7.852911801000000000e+09
7.854113775000000000e+09
7.854393071000000000e+09
7.855854599000000000e+09
7.863350008000000000e+09
7.866664326000000000e+09
7.868751019000000000e+09
7.875899756000000000e+09
7.875977386000000000e+09
7.879663963000000000e+09
7.885352803000000000e+09
7.885552195000000000e+09
7.885589979000000000e+09
7.886795797000000000e+09
7.887033558000000000e+09
7.892146082000000000e+09
7.893744753000000000e+09
7.900246860000000000e+09
7.909513761000000000e+09
7.919311223000000000e+09
7.919467182000000000e+09
7.919729970000000000e+09
7.920518622000000000e+09
7.921127130000000000e+09
7.928620254000000000e+09
7.930779765000000000e+09
7.940414917000000000e+09
7.943526756000000000e+09
7.949438001000000000e+09
7.955140837000000000e+09
7.959512930000000000e+09
7.959842160000000000e+09
7.962176805000000000e+09
7.965198875000000000e+09
7.967759363000000000e+09
7.970756925000000000e+09
7.972372795000000000e+09
7.994575213000000000e+09
8.002902671000000000e+09
8.004374750000000000e+09
8.007303565000000000e+09
8.010264610000000000e+09
8.020571454000000000e+09
8.029372619000000000e+09
8.046852137000000000e+09
8.054634808000000000e+09
8.055022956000000000e+09
8.056619515000000000e+09
8.057809899000000000e+09
8.058523001000000000e+09
8.059609275000000000e+09
8.060963935000000000e+09
8.061007281000000000e+09
8.062054386000000000e+09
8.064478828000000000e+09
8.066725079000000000e+09
8.072998889000000000e+09
8.081616985000000000e+09
8.083176224000000000e+09
8.087354321000000000e+09
8.087849335000000000e+09
8.089960943000000000e+09
8.090181193000000000e+09
8.090258509000000000e+09
8.091450546000000000e+09
8.095128546000000000e+09
8.095329462000000000e+09
8.103525462000000000e+09
8.110026178000000000e+09
8.111032351000000000e+09
8.111693988000000000e+09
8.111937333000000000e+09
8.114088928000000000e+09
8.124374999000000000e+09
8.126827433000000000e+09
8.128049523000000000e+09
8.130118428000000000e+09
8.137078181000000000e+09
8.137103318000000000e+09
8.138793087000000000e+09
8.139137902000000000e+09
8.140429901000000000e+09
8.140491962000000000e+09
8.143317874000000000e+09
8.144980562000000000e+09
8.150648238000000000e+09
8.155283847000000000e+09
8.163056744000000000e+09
8.164466715000000000e+09
8.188652063000000000e+09
8.189626213000000000e+09
8.191730133000000000e+09
8.191786108000000000e+09
8.196048243000000000e+09
8.196279359000000000e+09
8.205150958000000000e+09
8.205208987000000000e+09
8.218762765000000000e+09
8.222106515000000000e+09
8.224866485000000000e+09
8.238239379000000000e+09
8.239090886000000000e+09
8.240478225000000000e+09
8.242154196000000000e+09
8.251339906000000000e+09
8.257613003000000000e+09
8.262268568000000000e+09
8.262821295000000000e+09
8.272784476000000000e+09
8.274859546000000000e+09
8.277203467000000000e+09
8.280215671000000000e+09
8.280908393000000000e+09
8.282449512000000000e+09
8.289332618000000000e+09
8.296978694000000000e+09
8.306928740000000000e+09
8.321948122000000000e+09
8.322278070000000000e+09
8.322801999000000000e+09
8.323023738000000000e+09
8.324020841000000000e+09
8.324749719000000000e+09
8.324770664000000000e+09
8.331185433000000000e+09
8.331233758000000000e+09
8.338025668000000000e+09
8.340405901000000000e+09
8.342493071000000000e+09
8.348863286000000000e+09
8.349057949000000000e+09
8.356186811000000000e+09
8.356407218000000000e+09
8.363812658000000000e+09
8.374537293000000000e+09
8.375602848000000000e+09
8.386185238000000000e+09
8.391035567000000000e+09
8.391040601000000000e+09
8.394490344000000000e+09
8.397086486000000000e+09
8.399811084000000000e+09
8.405452670000000000e+09
8.409605309000000000e+09
8.430663472000000000e+09
8.440037880000000000e+09
8.440537119000000000e+09
8.458399384000000000e+09
8.464299314000000000e+09
8.472582630000000000e+09
8.474780472000000000e+09
8.489618858000000000e+09
8.497779145000000000e+09
8.498588336000000000e+09
8.510899564000000000e+09
8.515180554000000000e+09
8.527687847000000000e+09
8.531265914000000000e+09
8.532498721000000000e+09
8.546129424000000000e+09
8.553764004000000000e+09
8.559011463000000000e+09
