 &FCI NORB=  17,NELEC=22,MS2=0,
  ORBSYM=1,1,1,1,1,1,1,1,1,1,1,1,1,1,1,1,1
  ISYM=1,
 &END
 4.745351510397637    1    1    1    1
 -0.02237859397679217    2    1    1    1
 0.0002185532963283318    2    1    2    1
 0.2600217313772797    2    2    1    1
 0.0001753147299566747    2    2    2    1
 0.5785843245555998    2    2    2    2
 -0.3946815981486191    3    1    1    1
 0.003124261329856681    3    1    2    1
 0.0005751572489920057    3    1    2    2
 0.05239790735627139    3    1    3    1
 0.07025542972549145    3    2    1    1
 5.972506759258718e-05    3    2    2    1
 -0.0306733787520939    3    2    2    2
 -0.0003238013829667147    3    2    3    1
 0.016094359526318    3    2    3    2
 0.959048871088813    3    3    1    1
 -4.615195285945597e-05    3    3    2    1
 0.3081729551642708    3    3    2    2
 -0.009967365539998619    3    3    3    1
 0.05613732591485607    3    3    3    2
 0.715874471655049    3    3    3    3
 -0.0115081008642734    4    1    1    1
 5.909734817168862e-05    4    1    2    1
 -7.577519641188342e-05    4    1    2    2
 0.001396833610970958    4    1    3    1
 -6.00991466682484e-05    4    1    3    2
 -0.0007330653477136782    4    1    3    3
 0.0001258410041666136    4    1    4    1
 -0.002448232875222119    4    2    1    1
 -2.680110627932138e-05    4    2    2    1
 -0.002602443471642637    4    2    2    2
 -2.801738975479519e-05    4    2    3    1
 -0.0004268399462872484    4    2    3    2
 -0.00560575568132816    4    2    3    3
 7.027548721432502e-05    4    2    4    1
 0.03170613206886029    4    2    4    2
 0.01236582994840846    4    3    1    1
 -3.939385409958478e-05    4    3    2    1
 0.001963284829602098    4    3    2    2
 -0.0004476946433758065    4    3    3    1
 0.0005115662270184384    4    3    3    2
 0.002985869954589056    4    3    3    3
 0.0001202447648787851    4    3    4    1
 -0.0003476952383651297    4    3    4    2
 0.002910720692054407    4    3    4    3
 0.2349469899482477    4    4    1    1
 0.0001098445376550881    4    4    2    1
 0.4067640625822432    4    4    2    2
 0.000356100798169577    4    4    3    1
 -0.01352681283765579    4    4    3    2
 0.2610105530750683    4    4    3    3
 7.338651923081726e-05    4    4    4    1
 0.05761181465181657    4    4    4    2
 -0.002055154035803679    4    4    4    3
 0.5612745501399055    4    4    4    4
 0.152859570644731    5    1    1    1
 -0.0009570209744741461    5    1    2    1
 0.00079396732332424    5    1    2    2
 -0.01939214242682874    5    1    3    1
 0.000711691778457822    5    1    3    2
 0.007283901240329435    5    1    3    3
 -0.0005896254936964896    5    1    4    1
 1.371264462498208e-05    5    1    4    2
 0.0001705296541223407    5    1    4    3
 0.00054592622528228    5    1    4    4
 0.008501477475415619    5    1    5    1
 0.04376759185684283    5    2    1    1
 6.244337171838751e-05    5    2    2    1
 0.02371898814865531    5    2    2    2
 0.0003541316816873073    5    2    3    1
 0.02056389954243355    5    2    3    2
 0.05522788341276238    5    2    3    3
 -8.402061323365529e-06    5    2    4    1
 -0.009145703177560312    5    2    4    2
 0.003807439187327775    5    2    4    3
 0.01556980010982814    5    2    4    4
 0.0001211397292131109    5    2    5    1
 0.0978098357933809    5    2    5    2
 -0.1805177065815867    5    3    1    1
 0.0004586975158868843    5    3    2    1
 0.04895113896923462    5    3    2    2
 0.005371937195578208    5    3    3    1
 -0.009408641904521675    5    3    3    2
 -0.064453083491022    5    3    3    3
 0.0001719205206414277    5    3    4    1
 0.003947250125795244    5    3    4    2
 -0.000968417339101096    5    3    4    3
 0.03352807403943596    5    3    4    4
 -0.0008298698104619591    5    3    5    1
 -0.006643493015724321    5    3    5    2
 0.03809220464587834    5    3    5    3
 -9.515304723841384e-05    5    4    1    1
 2.051637653655233e-05    5    4    2    1
 -0.001909265806759958    5    4    2    2
 0.0002486733332569272    5    4    3    1
 0.003649562033186879    5    4    3    2
 0.00285854304950165    5    4    3    3
 3.037906182156841e-06    5    4    4    1
 0.009463843365045306    5    4    4    2
 0.003701961291813913    5    4    4    3
 0.01753162185150971    5    4    4    4
 1.360830341342816e-05    5    4    5    1
 0.013166618593858    5    4    5    2
 0.001078192325934496    5    4    5    3
 0.02296696195221602    5    4    5    4
 0.3696024146067361    5    5    1    1
 -0.000178731865743861    5    5    2    1
 0.4824334972190609    5    5    2    2
 -0.002376241260221727    5    5    3    1
 -0.01339136139021627    5    5    3    2
 0.346787164989891    5    5    3    3
 -8.130546999892287e-05    5    5    4    1
 0.01655685185767458    5    5    4    2
 0.002199297753957783    5    5    4    3
 0.3908142263536668    5    5    4    4
 0.0008000106310782571    5    5    5    1
 0.01762806032376905    5    5    5    2
 0.02635710502581528    5    5    5    3
 0.005835000581820926    5    5    5    4
 0.4584016916015893    5    5    5    5
 0.08145026256135776    6    1    1    1
 -0.000447875088778814    6    1    2    1
 0.0003760956064350214    6    1    2    2
 -0.01003332497962834    6    1    3    1
 0.0004540190873323751    6    1    3    2
 0.004991457027125226    6    1    3    3
 -0.0007725275330465599    6    1    4    1
 -0.0002329501952235519    6    1    4    2
 -0.0006684934092504205    6    1    4    3
 -7.367353095589241e-05    6    1    4    4
 0.004217360419216744    6    1    5    1
 -5.414103746210798e-06    6    1    5    2
 -0.001050672429036196    6    1    5    3
 4.723352531115514e-05    6    1    5    4
 0.0005582970201731754    6    1    5    5
 0.004809760951882638    6    1    6    1
 -0.009002086777501504    6    2    1    1
 -6.712305337208748e-07    6    2    2    1
 -0.0389691490821126    6    2    2    2
 4.239907614523507e-05    6    2    3    1
 4.837121630384012e-05    6    2    3    2
 -0.01011080939360268    6    2    3    3
 -5.361809835202822e-05    6    2    4    1
 -0.003391923670116482    6    2    4    2
 -0.004627390770439505    6    2    4    3
 -0.008057486795484644    6    2    4    4
 -0.0001475071149356601    6    2    5    1
 -0.02456122511829328    6    2    5    2
 -0.002995491060885684    6    2    5    3
 -0.01228657331690647    6    2    5    4
 -0.02675886810338446    6    2    5    5
 0.0002959701045887782    6    2    6    1
 0.02678633049697156    6    2    6    2
 -0.07136679395202537    6    3    1    1
 0.0003196064731667769    6    3    2    1
 0.006699588647381773    6    3    2    2
 0.003206675414613636    6    3    3    1
 -0.0003183010028473741    6    3    3    2
 -0.007539309571674039    6    3    3    3
 -0.0006060705920371156    6    3    4    1
 -0.01071598948180903    6    3    4    2
 -0.008514251623060232    6    3    4    3
 -0.00663245371107319    6    3    4    4
 -0.0008642505421865574    6    3    5    1
 0.002699036537944024    6    3    5    2
 0.00741882300042558    6    3    5    3
 -0.004654317896519771    6    3    5    4
 -0.007003181149237751    6    3    5    5
 0.003279469237625763    6    3    6    1
 0.008573276679378438    6    3    6    2
 0.03941779274044357    6    3    6    3
 -0.05266249943603853    6    4    1    1
 -9.234162735384015e-06    6    4    2    1
 0.007622126397272107    6    4    2    2
 0.0001800381415542145    6    4    3    1
 -0.01193046734266071    6    4    3    2
 -0.04977890195476839    6    4    3    3
 5.692965369526073e-05    6    4    4    1
 0.03038407243677388    6    4    4    2
 0.0002314597316472969    6    4    4    3
 0.08269177500621949    6    4    4    4
 -0.0001962264025306572    6    4    5    1
 -0.02716133978911591    6    4    5    2
 0.00857497043837336    6    4    5    3
 0.004418399572662282    6    4    5    4
 0.01017185204453575    6    4    5    5
 -0.0002172639016300226    6    4    6    1
 -0.005647020104119048    6    4    6    2
 -0.0138053043496892    6    4    6    3
 0.0608999278135944    6    4    6    4
 0.0462794584162777    6    5    1    1
 -0.0001858517824545479    6    5    2    1
 -0.06156797590416727    6    5    2    2
 -0.001625935829266199    6    5    3    1
 0.00692940621265614    6    5    3    2
 0.01300635744126218    6    5    3    3
 0.0001411799412314841    6    5    4    1
 -0.01989987904794982    6    5    4    2
 -0.001177086242757044    6    5    4    3
 -0.05086881027469169    6    5    4    4
 6.268200879740423e-05    6    5    5    1
 -0.002930681701778449    6    5    5    2
 -0.01755106185942265    6    5    5    3
 -0.008057982058405444    6    5    5    4
 -0.055060346393338    6    5    5    5
 -0.0008167923743886038    6    5    6    1
 0.01955471454856097    6    5    6    2
 0.005278473805707395    6    5    6    3
 -0.02702401688649013    6    5    6    4
 0.04089944954753316    6    5    6    5
 0.4188579671370032    6    6    1    1
 9.148826171217077e-06    6    6    2    1
 0.3692525423642704    6    6    2    2
 -0.001279154171582723    6    6    3    1
 0.01421258175214758    6    6    3    2
 0.4022650942839721    6    6    3    3
 3.019612385123394e-06    6    6    4    1
 -0.01830075348183664    6    6    4    2
 -0.005011227095808421    6    6    4    3
 0.3260435317799221    6    6    4    4
 0.001267114694228979    6    6    5    1
 0.05505651069864836    6    6    5    2
 0.002105869679738612    6    6    5    3
 -0.01138300394443205    6    6    5    4
 0.3501771638553866    6    6    5    5
 0.0001118228450062607    6    6    6    1
 0.006155872108315873    6    6    6    2
 0.02395475723766038    6    6    6    3
 -0.05073588529777508    6    6    6    4
 0.01667608388103493    6    6    6    5
 0.4393908608555867    6    6    6    6
 0.04918740004723679    7    1    1    1
 -0.000193433674732801    7    1    2    1
 0.0005743487648422722    7    1    2    2
 -0.005782237712694786    7    1    3    1
 0.0004787492957701857    7    1    3    2
 0.003966649829154461    7    1    3    3
 -0.0003639774762166276    7    1    4    1
 -7.080251205796067e-05    7    1    4    2
 -0.0002092220466575427    7    1    4    3
 0.0003041755262143004    7    1    4    4
 0.002986258353784811    7    1    5    1
 0.0001199935074803814    7    1    5    2
 -1.764474397910871e-05    7    1    5    3
 6.777081526701158e-05    7    1    5    4
 0.0002534553463178878    7    1    5    5
 0.002365876138631191    7    1    6    1
 4.251932131723096e-05    7    1    6    2
 0.001155115236971921    7    1    6    3
 -0.0001472658557643575    7    1    6    4
 -0.0004699108871390196    7    1    6    5
 0.0004927714171852667    7    1    6    6
 0.002149939517523394    7    1    7    1
 0.003316671474947435    7    2    1    1
 2.963875696891571e-06    7    2    2    1
 -0.02133336773552373    7    2    2    2
 4.619540907845434e-05    7    2    3    1
 0.003210857133349726    7    2    3    2
 0.002085044053416679    7    2    3    3
 -9.038739673311771e-06    7    2    4    1
 0.0008057846302381657    7    2    4    2
 -0.0007849429026573752    7    2    4    3
 -0.004635211964597888    7    2    4    4
 5.86851235158342e-06    7    2    5    1
 -0.002643405081881918    7    2    5    2
 -0.001891366776598131    7    2    5    3
 -0.0004885037408258822    7    2    5    4
 -0.01276345708922525    7    2    5    5
 7.456528272234489e-05    7    2    6    1
 0.005320450229940731    7    2    6    2
 0.001217059244793922    7    2    6    3
 -0.0008514837374944029    7    2    6    4
 0.005721232602774663    7    2    6    5
 -0.002501188743236255    7    2    6    6
 0.0001415163010649553    7    2    7    1
 0.006566471082749582    7    2    7    2
 -0.03106963843344561    7    3    1    1
 0.0002948235379865021    7    3    2    1
 0.01380964244551573    7    3    2    2
 0.002202734934985949    7    3    3    1
 0.001665245303020471    7    3    3    2
 0.007590908850813448    7    3    3    3
 -0.0001988508187899793    7    3    4    1
 -0.002414836598849013    7    3    4    2
 -0.002360595494880669    7    3    4    3
 0.00580001149111879    7    3    4    4
 0.0001528911227563042    7    3    5    1
 0.003618422878686267    7    3    5    2
 0.008991917337499686    7    3    5    3
 -0.0003746464025344352    7    3    5    4
 0.005691801041781886    7    3    5    5
 0.001138068466319804    7    3    6    1
 0.0009686898268709455    7    3    6    2
 0.01297750209654215    7    3    6    3
 -0.003616039822884302    7    3    6    4
 -0.00284953159137727    7    3    6    5
 0.01116582991561762    7    3    6    6
 0.001683139852836843    7    3    7    1
 0.002160773918946317    7    3    7    2
 0.01444174368409134    7    3    7    3
 -0.01184076492670778    7    4    1    1
 1.31864261044727e-05    7    4    2    1
 0.008068982184643301    7    4    2    2
 0.0001442866698240951    7    4    3    1
 -0.00256484189927165    7    4    3    2
 -0.008318255955468293    7    4    3    3
 7.02557377891996e-06    7    4    4    1
 0.007458000786173914    7    4    4    2
 0.000232705075212103    7    4    4    3
 0.02479824095047919    7    4    4    4
 -2.916200667540201e-05    7    4    5    1
 -0.003157825753164881    7    4    5    2
 0.002846489420200608    7    4    5    3
 0.001511604536833873    7    4    5    4
 0.007148223894969326    7    4    5    5
 -1.571933390391555e-05    7    4    6    1
 -0.002306757594601174    7    4    6    2
 -0.00307554550175861    7    4    6    3
 0.01270882227412853    7    4    6    4
 -0.008096242713314869    7    4    6    5
 -0.008278803761867232    7    4    6    6
 -1.553469276824309e-06    7    4    7    1
 -0.003039800578400292    7    4    7    2
 -0.00131237459562188    7    4    7    3
 0.008120652388115214    7    4    7    4
 0.05349258280253575    7    5    1    1
 -0.0001589235586848926    7    5    2    1
 -0.007920634175794717    7    5    2    2
 -0.00126051193865242    7    5    3    1
 0.003379756780635071    7    5    3    2
 0.02634463265952951    7    5    3    3
 5.876067642713432e-05    7    5    4    1
 -0.0002711317336860627    7    5    4    2
 0.0005635136619541893    7    5    4    3
 -0.005982072754474755    7    5    4    4
 -6.076459095382686e-06    7    5    5    1
 -0.0009962723535349323    7    5    5    2
 -0.008478529189922521    7    5    5    3
 4.390904277166742e-05    7    5    5    4
 -0.0002202643139734885    7    5    5    5
 -0.0003031467311239268    7    5    6    1
 0.002519350746334138    7    5    6    2
 -0.004114563822164258    7    5    6    3
 -0.003547615223258583    7    5    6    4
 0.005037688277528526    7    5    6    5
 0.003069861165255258    7    5    6    6
 -0.0005317396495436805    7    5    7    1
 0.002761257095528748    7    5    7    2
 -0.001662399328402787    7    5    7    3
 -0.001867635449788899    7    5    7    4
 0.007953135485202703    7    5    7    5
 0.07540363758324731    7    6    1    1
 -9.511163286495837e-05    7    6    2    1
 0.0221987816914606    7    6    2    2
 -0.0009691168190937108    7    6    3    1
 0.004350752912939287    7    6    3    2
 0.05211286457513722    7    6    3    3
 6.971353511669132e-05    7    6    4    1
 0.001710098273883682    7    6    4    2
 4.892627240847023e-05    7    6    4    3
 0.0178302839171392    7    6    4    4
 0.0002520528284905314    7    6    5    1
 0.008116437737599251    7    6    5    2
 -0.006609009248343504    7    6    5    3
 -0.0005286739713259597    7    6    5    4
 0.02465119616812441    7    6    5    5
 -0.0003319231694949361    7    6    6    1
 -0.00230503270047753    7    6    6    2
 -0.002352030540723511    7    6    6    3
 -0.003128949454951611    7    6    6    4
 -0.002098983466256317    7    6    6    5
 0.02335970089796953    7    6    6    6
 -0.0002277545904638797    7    6    7    1
 0.001931857690936578    7    6    7    2
 0.001096812345582668    7    6    7    3
 -0.001110598585460323    7    6    7    4
 0.007659489653396456    7    6    7    5
 0.01981998004894235    7    6    7    6
 0.2710092701650761    7    7    1    1
 3.897442673336953e-06    7    7    2    1
 0.2527969233851535    7    7    2    2
 -0.0006380757358591882    7    7    3    1
 0.005387235184510605    7    7    3    2
 0.2623800803653011    7    7    3    3
 -6.786757667677702e-05    7    7    4    1
 -0.01770595853737761    7    7    4    2
 -0.0021405328423264    7    7    4    3
 0.2336964865604966    7    7    4    4
 0.0004641598840904963    7    7    5    1
 0.0218708345052894    7    7    5    2
 0.001250604774804412    7    7    5    3
 -0.005560379832142051    7    7    5    4
 0.2421082525699106    7    7    5    5
 0.0003729949787070298    7    7    6    1
 0.006586418236566782    7    7    6    2
 0.01416866777878843    7    7    6    3
 -0.02896609499922969    7    7    6    4
 0.02042071955248382    7    7    6    5
 0.3013723370183344    7    7    6    6
 0.0001025018184212844    7    7    7    1
 -0.0001210666021128273    7    7    7    2
 0.005521545088507685    7    7    7    3
 -0.01213163305451355    7    7    7    4
 -0.002523038045929806    7    7    7    5
 -0.007951312102606464    7    7    7    6
 0.3171644223373951    7    7    7    7
 0.08337643730117951    8    1    1    1
 -0.0002826626082319896    8    1    2    1
 0.001207729029613407    8    1    2    2
 -0.009667734920125954    8    1    3    1
 0.000927115426382228    8    1    3    2
 0.007238730092819604    8    1    3    3
 -0.0004984415141279911    8    1    4    1
 -4.633582605295198e-05    8    1    4    2
 -0.0001346930679533593    8    1    4    3
 0.0006949165695198519    8    1    4    4
 0.005363181231170315    8    1    5    1
 0.0002791326936427211    8    1    5    2
 0.0003880498733972992    8    1    5    3
 0.0001176404593161103    8    1    5    4
 0.0003507417892375743    8    1    5    5
 0.003308045912699743    8    1    6    1
 -0.0001071791323694587    8    1    6    2
 0.0009146944248282634    8    1    6    3
 -0.0002786784600620427    8    1    6    4
 -0.0006867540247910539    8    1    6    5
 0.001232059535694381    8    1    6    6
 0.001101032502325431    8    1    7    1
 -0.0001594082839027561    8    1    7    2
 -0.0007070281013718387    8    1    7    3
 -5.783343205979373e-06    8    1    7    4
 3.445567948991972e-05    8    1    7    5
 0.0001323396675651259    8    1    7    6
 0.0008428504312317776    8    1    7    7
 0.007350050860444023    8    1    8    1
 0.008460576045124226    8    2    1    1
 7.151244921789685e-06    8    2    2    1
 -0.01436723576167439    8    2    2    2
 7.599354108477665e-05    8    2    3    1
 0.001897227315586527    8    2    3    2
 0.006755867741583981    8    2    3    3
 2.292301799649346e-06    8    2    4    1
 0.004090534163273805    8    2    4    2
 -0.0003448725954107846    8    2    4    3
 -0.00680605965406508    8    2    4    4
 6.285921534272335e-05    8    2    5    1
 -0.01275605281961276    8    2    5    2
 -0.0002079523844076711    8    2    5    3
 -0.0005493399579847813    8    2    5    4
 -0.006546140974417823    8    2    5    5
 3.417334005999493e-05    8    2    6    1
 -0.001858529635256249    8    2    6    2
 -0.00107280992364463    8    2    6    3
 0.000171477498639297    8    2    6    4
 -0.0002598377783605402    8    2    6    5
 -0.006640711500451323    8    2    6    6
 -0.000172679925249686    8    2    7    1
 -0.005446563176704567    8    2    7    2
 -0.005520800997721169    8    2    7    3
 0.004582488176224466    8    2    7    4
 -0.006129001949335871    8    2    7    5
 -0.002084019926962646    8    2    7    6
 -0.002989249355845765    8    2    7    7
 0.0006111841985193819    8    2    8    1
 0.04992202939079191    8    2    8    2
 -0.04525121394249455    8    3    1    1
 0.0005585963541861939    8    3    2    1
 0.02183045177072461    8    3    2    2
 0.003864589480453075    8    3    3    1
 0.004932628939114215    8    3    3    2
 0.02036937424283117    8    3    3    3
 -0.0001711555205198669    8    3    4    1
 -0.00240555337117083    8    3    4    2
 -0.00184409202689367    8    3    4    3
 0.01012867520187723    8    3    4    4
 0.0006825535094664214    8    3    5    1
 0.009002919678640692    8    3    5    2
 0.01625140114397321    8    3    5    3
 0.0005602213399512641    8    3    5    4
 0.008148119891288771    8    3    5    5
 0.00098019434140138    8    3    6    1
 -0.0015749474932156    8    3    6    2
 0.01352732107219388    8    3    6    3
 -0.005074180370555237    8    3    6    4
 -0.006313091107491606    8    3    6    5
 0.01887569966845491    8    3    6    6
 -0.0006929120105777582    8    3    7    1
 -0.004316684707946624    8    3    7    2
 -0.003032546909818783    8    3    7    3
 0.000994049436263894    8    3    7    4
 -0.00478937023879959    8    3    7    5
 -0.002626127608540741    8    3    7    6
 0.008293050774659423    8    3    7    7
 0.006449882536522969    8    3    8    1
 0.007184465560777223    8    3    8    2
 0.05145745625169704    8    3    8    3
 -0.009749074612313623    8    4    1    1
 3.46132280651744e-05    8    4    2    1
 0.007579943242014685    8    4    2    2
 0.0002397789504206097    8    4    3    1
 -0.001178724944092626    8    4    3    2
 -0.003541213197103369    8    4    3    3
 -2.142806252290729e-05    8    4    4    1
 -0.002048985897027404    8    4    4    2
 -0.000188298850263505    8    4    4    3
 -1.289072116388786e-05    8    4    4    4
 -2.217701785694726e-06    8    4    5    1
 -3.375684762251959e-05    8    4    5    2
 0.002399952204763865    8    4    5    3
 -0.003812606677796858    8    4    5    4
 0.003322020217535874    8    4    5    5
 9.895147211918798e-05    8    4    6    1
 -0.001158148403338286    8    4    6    2
 0.0009730374261129569    8    4    6    3
 -0.004605777930118516    8    4    6    4
 -0.0008968251262716361    8    4    6    5
 0.002171831350916441    8    4    6    6
 1.283398051427585e-05    8    4    7    1
 0.0008289896418575115    8    4    7    2
 0.0007995966536716706    8    4    7    3
 0.001316542663463191    8    4    7    4
 -0.000322437954927303    8    4    7    5
 0.002985040210572558    8    4    7    6
 0.001012814412131771    8    4    7    7
 0.0002069806478892231    8    4    8    1
 0.01292763814433043    8    4    8    2
 -0.0008833920772403327    8    4    8    3
 0.02041455203245616    8    4    8    4
 0.101496993629442    8    5    1    1
 -0.0002994695219741335    8    5    2    1
 -0.03389020502250278    8    5    2    2
 -0.002343293593293781    8    5    3    1
 0.009327103837334424    8    5    3    2
 0.04793690160741377    8    5    3    3
 4.493962341902377e-05    8    5    4    1
 -0.00115894779903546    8    5    4    2
 0.001419522477796195    8    5    4    3
 -0.02492621421346953    8    5    4    4
 -0.0001003288609329871    8    5    5    1
 0.003637012843375499    8    5    5    2
 -0.0198165123809047    8    5    5    3
 0.0004365943497083857    8    5    5    4
 -0.01762286998789377    8    5    5    5
 -0.0002013006996212159    8    5    6    1
 0.0002557601590428792    8    5    6    2
 -0.007570794381317971    8    5    6    3
 -0.007599211202890373    8    5    6    4
 0.009776928283725801    8    5    6    5
 0.001699185470870336    8    5    6    6
 8.479638197593422e-05    8    5    7    1
 -0.00355041020043846    8    5    7    2
 -0.006041802809274128    8    5    7    3
 0.0003593900955331643    8    5    7    4
 0.001528158508077365    8    5    7    5
 0.003075090356127367    8    5    7    6
 -0.002376405373466862    8    5    7    7
 -0.002046525102721812    8    5    8    1
 0.01683509125807907    8    5    8    2
 -0.005138926700451613    8    5    8    3
 -0.001408018021829332    8    5    8    4
 0.0361376399235285    8    5    8    5
 0.07419138925901253    8    6    1    1
 -0.0001823113740060415    8    6    2    1
 -0.01046969139696719    8    6    2    2
 -0.001504976323069396    8    6    3    1
 0.004625754548817662    8    6    3    2
 0.03850203966385101    8    6    3    3
 0.000104070737775349    8    6    4    1
 -0.0001342212616976944    8    6    4    2
 0.0004076081227817515    8    6    4    3
 -0.0118016387794788    8    6    4    4
 9.458695318349077e-05    8    6    5    1
 0.000845099404067709    8    6    5    2
 -0.0124124742640203    8    6    5    3
 -0.0005646584181510446    8    6    5    4
 -5.896535439601948e-05    8    6    5    5
 -0.0005427528247530733    8    6    6    1
 -0.0001013712798412344    8    6    6    2
 -0.003747211885043628    8    6    6    3
 -0.003324183982455875    8    6    6    4
 0.004424560160363397    8    6    6    5
 0.003335517427889441    8    6    6    6
 -6.818915622282613e-05    8    6    7    1
 -0.0004645373329246104    8    6    7    2
 -0.003255720463691361    8    6    7    3
 0.001772752875905045    8    6    7    4
 0.003559158211658987    8    6    7    5
 0.002831808847896001    8    6    7    6
 -0.006584121593765586    8    6    7    7
 -0.001113798327152093    8    6    8    1
 0.0005968286879602984    8    6    8    2
 -0.004253190575567944    8    6    8    3
 -0.002033571366384678    8    6    8    4
 0.007659663835846154    8    6    8    5
 0.0178699544574259    8    6    8    6
 -0.01539104417238998    8    7    1    1
 -0.0001261428843405899    8    7    2    1
 -0.02521883136039243    8    7    2    2
 -0.0007181440476215178    8    7    3    1
 -0.003803954673130082    8    7    3    2
 -0.02879054434426603    8    7    3    3
 7.141156918018677e-05    8    7    4    1
 0.002342923417904619    8    7    4    2
 0.0003058944691387642    8    7    4    3
 -0.01041310716100441    8    7    4    4
 -0.000306430999751843    8    7    5    1
 -0.0122335000553526    8    7    5    2
 -0.003794626998037363    8    7    5    3
 0.0003929920827214907    8    7    5    4
 -0.019917871432943    8    7    5    5
 -0.0004250580421501492    8    7    6    1
 0.002714459312217092    8    7    6    2
 -0.003382414004420177    8    7    6    3
 0.005544194277826547    8    7    6    4
 0.004237001607981248    8    7    6    5
 -0.01797453083360163    8    7    6    6
 -0.0003693638655792553    8    7    7    1
 0.0003863750173793239    8    7    7    2
 -0.00337101426482546    8    7    7    3
 -0.0006868247381447903    8    7    7    4
 -0.0008880396284774094    8    7    7    5
 -0.007541999108605958    8    7    7    6
 0.007492557867927072    8    7    7    7
 -0.0008205549834826981    8    7    8    1
 -5.294985408857903e-05    8    7    8    2
 -0.006235424436776249    8    7    8    3
 -0.001205954961717062    8    7    8    4
 0.0007794851018010229    8    7    8    5
 0.0009506245170682697    8    7    8    6
 0.01159084603613092    8    7    8    7
 0.5050182200089433    8    8    1    1
 -0.0001600534645622666    8    8    2    1
 0.4309705048013472    8    8    2    2
 -0.002731461440002764    8    8    3    1
 0.009096159480812873    8    8    3    2
 0.442200018086203    8    8    3    3
 -5.565122989563358e-05    8    8    4    1
 0.01267453997044906    8    8    4    2
 0.0008388606193163657    8    8    4    3
 0.368438732631414    8    8    4    4
 0.001281915919264888    8    8    5    1
 0.05039798472001476    8    8    5    2
 -0.002081740342826138    8    8    5    3
 0.004226608972139773    8    8    5    4
 0.4070302223557384    8    8    5    5
 0.0005511817745888361    8    8    6    1
 -0.02219912364454976    8    8    6    2
 -0.004279364791179362    8    8    6    3
 -0.007104804926659308    8    8    6    4
 -0.02656087095690537    8    8    6    5
 0.3717528147977013    8    8    6    6
 0.0009885659710744774    8    8    7    1
 -0.009382912437269441    8    8    7    2
 0.005021746750969965    8    8    7    3
 0.002979639825743477    8    8    7    4
 0.005687460575788009    8    8    7    5
 0.03152020472692005    8    8    7    6
 0.2530183849612513    8    8    7    7
 -0.0002678868500046478    8    8    8    1
 -0.006368711955684113    8    8    8    2
 0.0132942076627426    8    8    8    3
 -0.0007145287631210151    8    8    8    4
 0.006415711610630834    8    8    8    5
 0.0124736774961198    8    8    8    6
 -0.02535844050226435    8    8    8    7
 0.452155039148317    8    8    8    8
 -0.1373944108488443    9    1    1    1
 0.0003407310557952347    9    1    2    1
 -0.002513956339072582    9    1    2    2
 0.01545744844690026    9    1    3    1
 -0.001854623239366886    9    1    3    2
 -0.01350907768398185    9    1    3    3
 0.0007268089029038148    9    1    4    1
 7.946231803050235e-06    9    1    4    2
 3.691170973358776e-05    9    1    4    3
 -0.001660534061351785    9    1    4    4
 -0.009479274155252007    9    1    5    1
 -0.0006642843938584877    9    1    5    2
 -0.001519847339586017    9    1    5    3
 -0.0002696760066151046    9    1    5    4
 -0.0004738772109430165    9    1    5    5
 -0.005013051014463214    9    1    6    1
 0.0003090844112098127    9    1    6    2
 -0.0008272534193873011    9    1    6    3
 0.0004853697748439838    9    1    6    4
 0.001222964387244844    9    1    6    5
 -0.00255200402893697    9    1    6    6
 -0.004809907485057065    9    1    7    1
 -0.0001619269105698882    9    1    7    2
 -0.00300471145069486    9    1    7    3
 -8.307410928050622e-06    9    1    7    4
 0.001204178057295257    9    1    7    5
 0.0001825381362346648    9    1    7    6
 -0.0007744428239835029    9    1    7    7
 -0.007063278092598552    9    1    8    1
 -8.169472478962711e-05    9    1    8    2
 -0.003531437956565224    9    1    8    3
 -0.0001430954614670899    9    1    8    4
 0.001642731521154122    9    1    8    5
 0.0007669426681022649    9    1    8    6
 0.001462798473364118    9    1    8    7
 -0.001995902678226752    9    1    8    8
 0.01573847187718473    9    1    9    1
 -0.01811693097624199    9    2    1    1
 -1.396768297557261e-05    9    2    2    1
 0.01686121152040848    9    2    2    2
 -0.0001210357976709818    9    2    3    1
 -0.001968521282417513    9    2    3    2
 -0.0137404405674879    9    2    3    3
 -1.436513439318389e-05    9    2    4    1
 -0.007611792144500368    9    2    4    2
 0.0001084558199518624    9    2    4    3
 0.01033820533603448    9    2    4    4
 -0.0001902189717316292    9    2    5    1
 0.02372728352320796    9    2    5    2
 -0.001066708490966401    9    2    5    3
 -0.00202316766668539    9    2    5    4
 0.003802366493415735    9    2    5    5
 -2.451591483978063e-05    9    2    6    1
 -0.004395321888281415    9    2    6    2
 0.004519647443313388    9    2    6    3
 -0.009430093190646251    9    2    6    4
 0.00321708511774248    9    2    6    5
 0.01950455395692012    9    2    6    6
 -0.0002167003585215883    9    2    7    1
 -0.004490373907253088    9    2    7    2
 -0.002136338535680196    9    2    7    3
 0.0008489693976420146    9    2    7    4
 -0.005433317565670324    9    2    7    5
 -0.0005806530715216144    9    2    7    6
 0.01068724619162264    9    2    7    7
 -0.0001104003357983738    9    2    8    1
 0.01399431099478605    9    2    8    2
 0.001434140787391892    9    2    8    3
 0.00828636515132309    9    2    8    4
 0.001792272942447812    9    2    8    5
 -0.003412688866655876    9    2    8    6
 -0.002352293201971507    9    2    8    7
 0.007224515501692847    9    2    8    8
 0.0007156520182673618    9    2    9    1
 0.02380018170674423    9    2    9    2
 0.05444661323869054    9    3    1    1
 -0.001079094297132473    9    3    2    1
 -0.03973019240046546    9    3    2    2
 -0.006805280736080503    9    3    3    1
 -0.01235927024126414    9    3    3    2
 -0.05368454037553135    9    3    3    3
 0.000153330481959631    9    3    4    1
 0.002354342738363569    9    3    4    2
 0.001216067367240237    9    3    4    3
 -0.02300941090984417    9    3    4    4
 -0.002053056899721367    9    3    5    1
 -0.01979192626894432    9    3    5    2
 -0.03025426545365391    9    3    5    3
 -0.002670102177228816    9    3    5    4
 -0.01822998732199438    9    3    5    5
 -0.001064116254188558    9    3    6    1
 0.005373279178442696    9    3    6    2
 -0.01620282831791093    9    3    6    3
 0.007937468051743467    9    3    6    4
 0.01151808048336502    9    3    6    5
 -0.03279033052978    9    3    6    6
 -0.003023471453095354    9    3    7    1
 -0.002162741880512332    9    3    7    2
 -0.02491951463819688    9    3    7    3
 0.000609952402821615    9    3    7    4
 0.006561055425002015    9    3    7    5
 -0.001334001157280482    9    3    7    6
 -0.01277637720004867    9    3    7    7
 -0.003582221618302132    9    3    8    1
 0.0004639944502615969    9    3    8    2
 -0.02877037995618158    9    3    8    3
 -0.002794702350513999    9    3    8    4
 0.01421707461062614    9    3    8    5
 0.007236953650684255    9    3    8    6
 0.01227943979581732    9    3    8    7
 -0.02622761490691012    9    3    8    8
 0.01140971598321593    9    3    9    1
 0.003803394779759376    9    3    9    2
 0.08331223330613495    9    3    9    3
 0.007785269824141803    9    4    1    1
 -7.230241977624932e-05    9    4    2    1
 -0.008550799655047729    9    4    2    2
 -0.0004032333306762345    9    4    3    1
 -0.0003989678212771382    9    4    3    2
 -0.002996084063763843    9    4    3    3
 6.699756894830676e-05    9    4    4    1
 0.01622852538394302    9    4    4    2
 0.000661417034770898    9    4    4    3
 0.03188727220151204    9    4    4    4
 -4.951308423954869e-05    9    4    5    1
 -0.006803987993963709    9    4    5    2
 -0.001582154257241537    9    4    5    3
 0.009571687303785702    9    4    5    4
 0.001341054819506178    9    4    5    5
 -0.0002755758426897953    9    4    6    1
 -0.005850100035383612    9    4    6    2
 -0.006419674519972247    9    4    6    3
 0.02054385949539751    9    4    6    4
 -0.00963606769333678    9    4    6    5
 -0.0211475549768272    9    4    6    6
 -0.0001894062401389481    9    4    7    1
 0.0005366024906790019    9    4    7    2
 -0.00242628618713584    9    4    7    3
 0.00677562973983854    9    4    7    4
 0.000911073867031813    9    4    7    5
 0.002950769636632246    9    4    7    6
 -0.0159920114093827    9    4    7    7
 -0.0002213648039954966    9    4    8    1
 0.009597746261331126    9    4    8    2
 -0.004201317905126524    9    4    8    3
 0.006732044685105233    9    4    8    4
 0.002145450862336481    9    4    8    5
 0.002852523186067521    9    4    8    6
 0.0017745004662715    9    4    8    7
 0.000428204116095137    9    4    8    8
 0.0004911146250362424    9    4    9    1
 -0.00227042444890765    9    4    9    2
 0.004730176768893134    9    4    9    3
 0.01860348241949426    9    4    9    4
 -0.1965580356050044    9    5    1    1
 0.0005666897032797075    9    5    2    1
 0.06301120701412358    9    5    2    2
 0.004343093552233682    9    5    3    1
 -0.01887109431535326    9    5    3    2
 -0.09427742781581532    9    5    3    3
 -3.186327002522114e-05    9    5    4    1
 -0.001524340035767059    9    5    4    2
 -0.002596006662109472    9    5    4    3
 0.04000479332026043    9    5    4    4
 0.0003164837035107862    9    5    5    1
 -0.01159739008433292    9    5    5    2
 0.03795644665952421    9    5    5    3
 -0.002889234252736773    9    5    5    4
 0.02788251050788533    9    5    5    5
 9.780151837865862e-05    9    5    6    1
 0.000650433935788727    9    5    6    2
 0.0144114292013551    9    5    6    3
 0.008879269020505041    9    5    6    4
 -0.01755642820472329    9    5    6    5
 0.00382602408673578    9    5    6    6
 0.0009710155920034808    9    5    7    1
 -0.006445243535117494    9    5    7    2
 0.009129922774642288    9    5    7    3
 0.003844184183170122    9    5    7    4
 -0.01491945491397448    9    5    7    5
 -0.0112430580157201    9    5    7    6
 0.005234997874993926    9    5    7    7
 0.001384585890661039    9    5    8    1
 0.0006117295914598998    9    5    8    2
 0.01634515069246324    9    5    8    3
 0.00368016910305737    9    5    8    4
 -0.02178266093346042    9    5    8    5
 -0.01770328233073072    9    5    8    6
 -0.002211337254019399    9    5    8    7
 -0.01205888129481329    9    5    8    8
 -0.004190143655577914    9    5    9    1
 0.009845048650273351    9    5    9    2
 -0.02407150615886927    9    5    9    3
 -0.005043469027249868    9    5    9    4
 0.06347828334029074    9    5    9    5
 -0.09198878634666859    9    6    1    1
 0.0003385274187694319    9    6    2    1
 0.005398336649213878    9    6    2    2
 0.002475649181584887    9    6    3    1
 -0.001183563485734997    9    6    3    2
 -0.03588346402045526    9    6    3    3
 -0.0001854962069851064    9    6    4    1
 -0.01036164561120303    9    6    4    2
 -0.001733995717228578    9    6    4    3
 0.007314351388467418    9    6    4    4
 0.0001068464553289717    9    6    5    1
 0.007096633575183434    9    6    5    2
 0.01593682263506017    9    6    5    3
 -0.004197423541940784    9    6    5    4
 -0.00741607361259011    9    6    5    5
 0.0009910604952970802    9    6    6    1
 0.008849184728396974    9    6    6    2
 0.01279445482684037    9    6    6    3
 -0.01291093789926165    9    6    6    4
 0.007633421689946408    9    6    6    5
 0.02369987276750837    9    6    6    6
 0.0008460125239548633    9    6    7    1
 0.001266967992781441    9    6    7    2
 0.006212197174732711    9    6    7    3
 -0.001624546004206834    9    6    7    4
 -0.006264892975344961    9    6    7    5
 -0.00919257482199236    9    6    7    6
 0.01860668706370145    9    6    7    7
 0.0009878870957582995    9    6    8    1
 -0.003757477848043667    9    6    8    2
 0.01000026052965062    9    6    8    3
 0.003282529216340826    9    6    8    4
 -0.01242813458179039    9    6    8    5
 -0.009760913116787329    9    6    8    6
 -0.002041405490063767    9    6    8    7
 -0.01417222183039235    9    6    8    8
 -0.002431513856511761    9    6    9    1
 0.00751970758527667    9    6    9    2
 -0.01686797745895527    9    6    9    3
 -0.01131088322623885    9    6    9    4
 0.02247533595296333    9    6    9    5
 0.03208895480440901    9    6    9    6
 -0.152049472336736    9    7    1    1
 0.0002430927104836387    9    7    2    1
 -0.01970450824748519    9    7    2    2
 0.002246354658129765    9    7    3    1
 -0.009681781601973496    9    7    3    2
 -0.09437105276445475    9    7    3    3
 -3.928256952649267e-05    9    7    4    1
 -0.0009224306027528616    9    7    4    2
 -0.001819832582714558    9    7    4    3
 -0.005082774442289164    9    7    4    4
 -0.0002353592493812037    9    7    5    1
 -0.01268386498396985    9    7    5    2
 0.01753492726659848    9    7    5    3
 -0.000759081019721778    9    7    5    4
 -0.03111781341168081    9    7    5    5
 0.000162093028018857    9    7    6    1
 0.005708473290922974    9    7    6    2
 0.008248030987684094    9    7    6    3
 0.00572063932824601    9    7    6    4
 -0.000144984846328838    9    7    6    5
 -0.02538289923084654    9    7    6    6
 0.0005141597321595547    9    7    7    1
 0.0004984875455289367    9    7    7    2
 0.003039968691446854    9    7    7    3
 -0.001722648461113126    9    7    7    4
 -0.008151839467080096    9    7    7    5
 -0.0145460111183293    9    7    7    6
 0.01618888422843121    9    7    7    7
 -9.689521517377134e-05    9    7    8    1
 -0.002131354478050739    9    7    8    2
 0.004209857257274236    9    7    8    3
 0.00162033777606625    9    7    8    4
 -0.01304776970610305    9    7    8    5
 -0.01177518784409852    9    7    8    6
 0.009064729254885199    9    7    8    7
 -0.04583852432020073    9    7    8    8
 -0.001262331664089891    9    7    9    1
 0.002537693445503367    9    7    9    2
 -0.003524870031156993    9    7    9    3
 -0.003088112288725409    9    7    9    4
 0.02907414261969289    9    7    9    5
 0.01863201431368365    9    7    9    6
 0.03559286059995673    9    7    9    7
 -0.1750791380335385    9    8    1    1
 0.0004373275701550405    9    8    2    1
 0.05356573133613737    9    8    2    2
 0.003594544052493326    9    8    3    1
 -0.01423200405322041    9    8    3    2
 -0.08350784499691678    9    8    3    3
 -3.199996204891575e-05    9    8    4    1
 0.01082987496204304    9    8    4    2
 -0.002269955209732409    9    8    4    3
 0.05093940969798638    9    8    4    4
 0.0001275503353034702    9    8    5    1
 -0.002870586707324502    9    8    5    2
 0.03313364060756908    9    8    5    3
 0.00297108887903464    9    8    5    4
 0.0222192989481548    9    8    5    5
 0.000164672797308449    9    8    6    1
 -0.006089869654244303    9    8    6    2
 0.009010446083768086    9    8    6    3
 0.01833145323113766    9    8    6    4
 -0.02285874524785188    9    8    6    5
 -0.008025663837110945    9    8    6    6
 0.0002753072510768855    9    8    7    1
 -0.00454221044799124    9    8    7    2
 0.007422671997207355    9    8    7    3
 0.005561428511511208    9    8    7    4
 -0.0106954239953762    9    8    7    5
 -0.009012658350089403    9    8    7    6
 0.001799641721043472    9    8    7    7
 0.002096542982060747    9    8    8    1
 -0.001479274450698085    9    8    8    2
 0.01141254656030159    9    8    8    3
 0.003106801867782561    9    8    8    4
 -0.02482391679211813    9    8    8    5
 -0.0166361401003035    9    8    8    6
 -0.003390787451464789    9    8    8    7
 -0.001935473115759765    9    8    8    8
 -0.002804218509078747    9    8    9    1
 0.006156780996301743    9    8    9    2
 -0.0197833884383852    9    8    9    3
 0.002809144245368095    9    8    9    4
 0.04566054682905648    9    8    9    5
 0.01482214695146274    9    8    9    6
 0.02113677443792382    9    8    9    7
 0.05520746926819788    9    8    9    8
 0.7082997875622709    9    9    1    1
 -0.0007151100651171618    9    9    2    1
 0.3361641742577438    9    9    2    2
 -0.007279019662015461    9    9    3    1
 0.02633883394206843    9    9    3    2
 0.5261967413360702    9    9    3    3
 -8.705587956087899e-05    9    9    4    1
 -0.006036023268315116    9    9    4    2
 0.003455409402318939    9    9    4    3
 0.2865021468445109    9    9    4    4
 0.0009134297088187241    9    9    5    1
 0.04698420609439272    9    9    5    2
 -0.04581738751244532    9    9    5    3
 -0.001864223819781686    9    9    5    4
 0.3564739820154716    9    9    5    5
 0.0006771936077857964    9    9    6    1
 -0.00840287278895622    9    9    6    2
 -0.01360284427312    9    9    6    3
 -0.03559917186959088    9    9    6    4
 0.01069020697748584    9    9    6    5
 0.3756574437896436    9    9    6    6
 -0.0006481732980978994    9    9    7    1
 -0.00241021054929633    9    9    7    2
 -0.003634075902112488    9    9    7    3
 -0.005608700428271536    9    9    7    4
 0.02247194580396373    9    9    7    5
 0.03931376161225791    9    9    7    6
 0.2683923661313968    9    9    7    7
 -0.0003348294480841779    9    9    8    1
 0.001081253466042281    9    9    8    2
 -0.005872304208187561    9    9    8    3
 0.000596391236028818    9    9    8    4
 0.03604051059081052    9    9    8    5
 0.02480909683231808    9    9    8    6
 -0.01414720706743754    9    9    8    7
 0.4039692309165329    9    9    8    8
 0.003043610362886346    9    9    9    1
 0.002242816101898767    9    9    9    2
 0.002820807514976179    9    9    9    3
 -0.004589838851095411    9    9    9    4
 -0.07024220530619636    9    9    9    5
 -0.02799329135805427    9    9    9    6
 -0.0729679971632155    9    9    9    7
 -0.06079758291783185    9    9    9    8
 0.4855477140533098    9    9    9    9
 0.002581464503835017   10    1    1    1
 -2.653074456028002e-05   10    1    2    1
 -0.0008114171580229693   10    1    2    2
 -0.0001797858761287124   10    1    3    1
 -0.0002121858835907727   10    1    3    2
 0.0007283338986007417   10    1    3    3
 -0.001231382525271682   10    1    4    1
 -0.0006866196725327646   10    1    4    2
 -0.002031879692405303   10    1    4    3
 -0.001449414321000475   10    1    4    4
 -0.001398446202784025   10    1    5    1
 -0.0004672918233618444   10    1    5    2
 -0.002481654922714946   10    1    5    3
 -8.944913208885837e-06   10    1    5    4
 0.0003905738592041926   10    1    5    5
 0.006863903235115774   10    1    6    1
 0.001163135843930531   10    1    6    2
 0.009762002403862121   10    1    6    3
 -0.0002410596796105108   10    1    6    4
 -0.001824829624152462   10    1    6    5
 -0.001993822964180462   10    1    6    6
 0.001746939657383051   10    1    7    1
 0.0001951967674577182   10    1    7    2
 0.002287606668787871   10    1    7    3
 -2.203599997086713e-05   10    1    7    4
 -0.000501226551324544   10    1    7    5
 -0.00120071367567453   10    1    7    6
 0.0001797246348996703   10    1    7    7
 -2.055785155394448e-05   10    1    8    1
 -0.0001018936155764529   10    1    8    2
 -9.766908373724498e-05   10    1    8    3
 0.0002093386647136457   10    1    8    4
 0.0003591785360002389   10    1    8    5
 -0.00124974299037788   10    1    8    6
 -0.0002985013658567721   10    1    8    7
 -0.0004589521926006941   10    1    8    8
 0.002327052254266177   10    1    9    1
 0.0003553401145906213   10    1    9    2
 0.003124051838868461   10    1    9    3
 -0.0005663945400797466   10    1    9    4
 -0.001501801021971938   10    1    9    5
 0.001888964025034267   10    1    9    6
 0.0004037292311973853   10    1    9    7
 -0.0008490344460516893   10    1    9    8
 0.001811297356403745   10    1    9    9
 0.02188223515883931   10    1   10    1
 0.0006103276009242572   10    2    1    1
 -5.915831286006256e-06   10    2    2    1
 0.02713353596492175   10    2    2    2
 2.253296743914251e-05   10    2    3    1
 -0.001456775642984113   10    2    3    2
 0.003114675759982572   10    2    3    3
 -7.917184314827535e-05   10    2    4    1
 0.003948837294922873   10    2    4    2
 0.0007434891492205235   10    2    4    3
 0.01426327599581058   10    2    4    4
 -0.0001033030261750268   10    2    5    1
 0.01375674251740407   10    2    5    2
 0.001149890658889369   10    2    5    3
 0.006966939391402503   10    2    5    4
 0.01803091694677045   10    2    5    5
 0.0004390159720816691   10    2    6    1
 -0.01319591133313994   10    2    6    2
 0.001182584174398882   10    2    6    3
 0.005053269502236303   10    2    6    4
 -0.01187259629025591   10    2    6    5
 0.0003530272528582089   10    2    6    6
 0.0001107563105867338   10    2    7    1
 -0.003261098756698952   10    2    7    2
 0.0009282896172309833   10    2    7    3
 0.001862841875105099   10    2    7    4
 -0.001433714548154013   10    2    7    5
 0.001758160412199799   10    2    7    6
 -0.003445109173244049   10    2    7    7
 -5.162660394286947e-06   10    2    8    1
 -0.002628009924739139   10    2    8    2
 0.0009526373800555409   10    2    8    3
 -0.0009493868312822303   10    2    8    4
 -0.001902454113656578   10    2    8    5
 0.0002047011345604472   10    2    8    6
 -0.001408546348834772   10    2    8    7
 0.01793347186478308   10    2    8    8
 0.0001459497985265536   10    2    9    1
 0.002468861781111186   10    2    9    2
 -0.001147397714307994   10    2    9    3
 0.003861835035823231   10    2    9    4
 0.00162767252652394   10    2    9    5
 -0.005565235768306501   10    2    9    6
 -0.002780791845315459   10    2    9    7
 0.006602196052877951   10    2    9    8
 0.004778520579857715   10    2    9    9
 0.001342705322594745   10    2   10    1
 0.009416730511917786   10    2   10    2
 0.003483184467245432   10    3    1    1
 -3.56049058480722e-05   10    3    2    1
 -0.006375580774546159   10    3    2    2
 0.000238157542249655   10    3    3    1
 -0.001523191316635358   10    3    3    2
 0.0060501108292047   10    3    3    3
 -0.001482951868901252   10    3    4    1
 -0.004071041835066782   10    3    4    2
 -0.0105158386868532   10    3    4    3
 -0.0100375511508038   10    3    4    4
 -0.001824448822861638   10    3    5    1
 -0.005261604160214405   10    3    5    2
 -0.01215006437175098   10    3    5    3
 -0.002334860030401385   10    3    5    4
 -0.001147020203793491   10    3    5    5
 0.008110078249326838   10    3    6    1
 0.007842357282955424   10    3    6    2
 0.04599154038374592   10    3    6    3
 -0.002755534017725535   10    3    6    4
 -0.004466494832160849   10    3    6    5
 -0.00358582129802003   10    3    6    6
 0.00203088532701634   10    3    7    1
 0.001198082332967068   10    3    7    2
 0.01049696019544569   10    3    7    3
 -0.0008528735811887809   10    3    7    4
 -0.001661653508497028   10    3    7    5
 -0.003165401492875189   10    3    7    6
 0.001977634473986518   10    3    7    7
 -6.421497129987388e-05   10    3    8    1
 -0.0002324341872312013   10    3    8    2
 5.599570050625091e-05   10    3    8    3
 0.0002655928753481222   10    3    8    4
 0.001076294773978346   10    3    8    5
 -0.002072912006898181   10    3    8    6
 -0.0005932171605475037   10    3    8    7
 -0.003467411458857044   10    3    8    8
 0.002804736644428731   10    3    9    1
 0.001331903797224098   10    3    9    2
 0.01304774078858324   10    3    9    3
 -0.001983592278791614   10    3    9    4
 -0.004756851692518069   10    3    9    5
 0.003826447686068919   10    3    9    6
 0.0009360236494285591   10    3    9    7
 -0.004296141366027478   10    3    9    8
 0.00590563346470308   10    3    9    9
 0.02545473691503911   10    3   10    1
 0.005164731509509377   10    3   10    2
 0.1050495207404528   10    3   10    3
 -0.041555995005116   10    4    1    1
 3.781568238678467e-05   10    4    2    1
 0.008952692542301311   10    4    2    2
 0.0005613754107713345   10    4    3    1
 -0.001020990144857641   10    4    3    2
 -0.01836205444157279   10    4    3    3
 -4.961058177017139e-05   10    4    4    1
 -0.007320882806458083   10    4    4    2
 -0.0006351905227050998   10    4    4    3
 -0.006909458192670923   10    4    4    4
 -0.0002480881995146106   10    4    5    1
 0.009987718273774438   10    4    5    2
 0.006065728411021419   10    4    5    3
 0.001394778172135077   10    4    5    4
 0.002218185871192654   10    4    5    5
 0.0002103089525102521   10    4    6    1
 0.001981561077823985   10    4    6    2
 0.007878396554627236   10    4    6    3
 -0.01488842833841795   10    4    6    4
 0.00501546049873699   10    4    6    5
 0.01516528731974703   10    4    6    6
 3.182795302891699e-05   10    4    7    1
 -6.704824317419683e-05   10    4    7    2
 0.00265074857582511   10    4    7    3
 -0.003571115849491696   10    4    7    4
 -0.001837127060638587   10    4    7    5
 -0.002882018962232607   10    4    7    6
 0.013262344314007   10    4    7    7
 -7.56433020229928e-05   10    4    8    1
 -0.003193123130170779   10    4    8    2
 0.002841399311696069   10    4    8    3
 0.0007918910286010257   10    4    8    4
 -0.004715810587919642   10    4    8    5
 -0.004847765617937838   10    4    8    6
 -0.0007248557589357329   10    4    8    7
 -0.0008255701928885512   10    4    8    8
 0.0002023415549002759   10    4    9    1
 0.005976213767222727   10    4    9    2
 -0.003501424883261288   10    4    9    3
 -0.006925430586572454   10    4    9    4
 0.009788417089378014   10    4    9    5
 0.01088620732407727   10    4    9    6
 0.006865513775649986   10    4    9    7
 0.005380772301764682   10    4    9    8
 -0.004890134822215082   10    4    9    9
 0.0009495297655593682   10    4   10    1
 -0.0004552441893823788   10    4   10    2
 0.003696749425907432   10    4   10    3
 0.0094444709750912   10    4   10    4
 -0.05719272194584293   10    5    1    1
 3.728347858681963e-05   10    5    2    1
 0.04032026877922406   10    5    2    2
 0.0005457331886361985   10    5    3    1
 -0.007842326267382514   10    5    3    2
 -0.03215699071428729   10    5    3    3
 0.0005835620418683481   10    5    4    1
 0.01324876823953324   10    5    4    2
 0.003436223690150409   10    5    4    3
 0.03803621353229659   10    5    4    4
 0.0004533034809287816   10    5    5    1
 -0.001415480870457555   10    5    5    2
 0.01736294474772345   10    5    5    3
 0.005677921688812744   10    5    5    4
 0.03208301708608084   10    5    5    5
 -0.00321570591513555   10    5    6    1
 -0.0115448465975338   10    5    6    2
 -0.01690678016113194   10    5    6    3
 0.01811269426754259   10    5    6    4
 -0.01946401473399736   10    5    6    5
 -0.008869729899679234   10    5    6    6
 -0.0008539149820851427   10    5    7    1
 -0.003627562332588828   10    5    7    2
 -0.002407349616546387   10    5    7    3
 0.004998839261497003   10    5    7    4
 -0.002937035074012859   10    5    7    5
 0.001873124175360043   10    5    7    6
 -0.01228601799922352   10    5    7    7
 -0.0001057555173067433   10    5    8    1
 -0.0007824094165694806   10    5    8    2
 0.001683527618505659   10    5    8    3
 -0.00046245797823257   10    5    8    4
 -0.0101124657330112   10    5    8    5
 -0.0005353413860593727   10    5    8    6
 -0.0003579677154112589   10    5    8    7
 0.01223020352686556   10    5    8    8
 -0.0008574272833795989   10    5    9    1
 -0.001134701164173387   10    5    9    2
 -0.006908860210333008   10    5    9    3
 0.007755696688629015   10    5    9    4
 0.01832796715463995   10    5    9    5
 -0.008529543034275328   10    5    9    6
 0.002178865657353385   10    5    9    7
 0.01869744068450154   10    5    9    8
 -0.01914721242805885   10    5    9    9
 -0.009826843359323543   10    5   10    1
 0.005416803541208739   10    5   10    2
 -0.03730111366328023   10    5   10    3
 -0.002463747406299964   10    5   10    4
 0.0315283611813216   10    5   10    5
 0.2456531785916217   10    6    1    1
 -0.0001851154745551129   10    6    2    1
 -0.04465879557693147   10    6    2    2
 -0.003063869281458218   10    6    3    1
 0.01735905531336962   10    6    3    2
 0.1273305441866569   10    6    3    3
 0.0002317997540149609   10    6    4    1
 0.007795252635365669   10    6    4    2
 0.005370438647676126   10    6    4    3
 -0.03075958830765101   10    6    4    4
 0.00143840211082296   10    6    5    1
 -0.002584558495387305   10    6    5    2
 -0.03690539261520925   10    6    5    3
 0.005874314088823271   10    6    5    4
 -0.01213986508436179   10    6    5    5
 -0.001090651228851048   10    6    6    1
 -0.005557084676093423   10    6    6    2
 -0.02645100906272463   10    6    6    3
 0.002497778560822203   10    6    6    4
 0.005065653335121674   10    6    6    5
 -0.01719282343802236   10    6    6    6
 -0.000107253538756391   10    6    7    1
 0.002122810327746838   10    6    7    2
 -0.009480620579211476   10    6    7    3
 0.0002867091764513508   10    6    7    4
 0.01271717775131119   10    6    7    5
 0.01559504080098735   10    6    7    6
 -0.02279625771291431   10    6    7    7
 0.0005438720250331214   10    6    8    1
 0.005780036459276356   10    6    8    2
 -0.01012758920443565   10    6    8    3
 -0.004719564586476735   10    6    8    4
 0.0251882827169932   10    6    8    5
 0.02116765678237962   10    6    8    6
 -0.00108988955172331   10    6    8    7
 0.02145417209285856   10    6    8    8
 -0.001388504111169023   10    6    9    1
 -0.0139481357064822   10    6    9    2
 0.01052286027333543   10    6    9    3
 0.01106655317589374   10    6    9    4
 -0.05033772928821835   10    6    9    5
 -0.03438523380919243   10    6    9    6
 -0.03292037539578086   10    6    9    7
 -0.03830313718290992   10    6    9    8
 0.0619227092177376   10    6    9    9
 -0.005248778607469758   10    6   10    1
 -0.0007585258174590733   10    6   10    2
 -0.01778128669862077   10    6   10    3
 -0.01949532020933668   10    6   10    4
 -0.002931957336201321   10    6   10    5
 0.08317738371695856   10    6   10    6
 0.06287995835547074   10    7    1    1
 -4.56870109165962e-05   10    7    2    1
 -0.006242623067491647   10    7    2    2
 -0.0007881973151036763   10    7    3    1
 0.004218386404255451   10    7    3    2
 0.0340452907646971   10    7    3    3
 0.0001553379922985895   10    7    4    1
 0.001250303669852534   10    7    4    2
 0.001523638086213707   10    7    4    3
 -0.004550703952672395   10    7    4    4
 0.0004902430079496786   10    7    5    1
 0.0003956521515655895   10    7    5    2
 -0.00814205836795184   10    7    5    3
 0.0007578410792963376   10    7    5    4
 0.0008739467340516018   10    7    5    5
 -0.000822020404743744   10    7    6    1
 -0.0006921296367096395   10    7    6    2
 -0.007567447280028157   10    7    6    3
 -0.001338740297711657   10    7    6    4
 0.003291807142706485   10    7    6    5
 0.004948102004335591   10    7    6    6
 -0.0001675063718971514   10    7    7    1
 -0.0007302629858498031   10    7    7    2
 -0.002998497283662018   10    7    7    3
 0.001113622198461054   10    7    7    4
 0.001734641475544781   10    7    7    5
 0.001986508684068748   10    7    7    6
 -0.00467744598181689   10    7    7    7
 0.0001630236518408417   10    7    8    1
 0.002111842099452728   10    7    8    2
 -0.001490828002569427   10    7    8    3
 -0.001669000358946824   10    7    8    4
 0.006670182083687526   10    7    8    5
 0.005664531679768757   10    7    8    6
 -0.0005667575183716109   10    7    8    7
 0.008987252071388107   10    7    8    8
 -0.0005519451566522997   10    7    9    1
 -0.002413323849680786   10    7    9    2
 0.001595683923878273   10    7    9    3
 0.002210622416278762   10    7    9    4
 -0.01017136348311194   10    7    9    5
 -0.008843882714359022   10    7    9    6
 -0.01085784532765193   10    7    9    7
 -0.009135668080099637   10    7    9    8
 0.01687500917559322   10    7    9    9
 -0.003098603211400716   10    7   10    1
 -0.0005101223083013298   10    7   10    2
 -0.01024026388526069   10    7   10    3
 -0.004502205174242445   10    7   10    4
 0.00244404426357578   10    7   10    5
 0.02043832242587238   10    7   10    6
 0.01001244876841176   10    7   10    7
 0.0003308888898180878   10    8    1    1
 4.022508321075756e-06   10    8    2    1
 -0.005168328369783433   10    8    2    2
 -1.5966294030582e-05   10    8    3    1
 0.001100437110115628   10    8    3    2
 0.0009991394894311252   10    8    3    3
 0.0002846420103809869   10    8    4    1
 -0.002612342458259983   10    8    4    2
 0.0008548453261731017   10    8    4    3
 -0.004238135015426017   10    8    4    4
 0.0003583268647952123   10    8    5    1
 0.0008387891984724683   10    8    5    2
 0.0006338687675749947   10    8    5    3
 -0.001708491350586907   10    8    5    4
 -0.006311572829145836   10    8    5    5
 -0.001590269301516583   10    8    6    1
 0.001426701731981454   10    8    6    2
 -0.004047952629478009   10    8    6    3
 -0.004633982715568837   10    8    6    4
 0.006414871945456474   10    8    6    5
 0.008012041828842395   10    8    6    6
 -0.0003909159028357851   10    8    7    1
 0.0005597831896163382   10    8    7    2
 -0.001196082539575755   10    8    7    3
 -0.001245118436872766   10    8    7    4
 0.0005829097890631329   10    8    7    5
 0.00117393368661883   10    8    7    6
 0.003185466645444871   10    8    7    7
 1.588999611876843e-05   10    8    8    1
 0.005148995223585307   10    8    8    2
 0.000246057228369433   10    8    8    3
 0.00180386383282407   10    8    8    4
 0.002158797619186529   10    8    8    5
 0.002307605424834868   10    8    8    6
 0.0005041245451252292   10    8    8    7
 -0.003631533434731109   10    8    8    8
 -0.0005964917601070732   10    8    9    1
 0.003200098914526011   10    8    9    2
 -0.002805660635955085   10    8    9    3
 -2.298517440372937e-05   10    8    9    4
 0.002422047600414345   10    8    9    5
 -0.001892653505753253   10    8    9    6
 -0.0005444268067677644   10    8    9    7
 1.160837483363767e-05   10    8    9    8
 -0.001342692824484127   10    8    9    9
 -0.005132775497649846   10    8   10    1
 -0.002179788258213759   10    8   10    2
 -0.01686675973657745   10    8   10    3
 0.0001532652445021309   10    8   10    4
 0.006842070000942598   10    8   10    5
 0.004384026522660768   10    8   10    6
 0.001661721466157534   10    8   10    7
 0.01568731986879416   10    8   10    8
 0.07978093757609137   10    9    1    1
 -7.147452585030045e-05   10    9    2    1
 0.000870203433453766   10    9    2    2
 -0.0009907814393016285   10    9    3    1
 0.00336446020995502   10    9    3    2
 0.04053588661539301   10    9    3    3
 -0.0004846680913854272   10    9    4    1
 0.00750890735488734   10    9    4    2
 0.0001832168991606785   10    9    4    3
 0.00102332295551846   10    9    4    4
 -0.0002347914808067862   10    9    5    1
 -0.001508516613669767   10    9    5    2
 -0.01219669124714106   10    9    5    3
 0.005282808752405501   10    9    5    4
 0.01312385262836676   10    9    5    5
 0.002781023380287255   10    9    6    1
 -0.006960497148102875   10    9    6    2
 -0.0004421491230467382   10    9    6    3
 0.00845843721644462   10    9    6    4
 -0.01265640776089383   10    9    6    5
 -0.01646044252643209   10    9    6    6
 0.0007479067890719705   10    9    7    1
 -0.001185530742559421   10    9    7    2
 -0.001002001943128306   10    9    7    3
 0.003163134117820017   10    9    7    4
 0.002415026864323818   10    9    7    5
 0.001561639462251291   10    9    7    6
 -0.01599977711954773   10    9    7    7
 0.0001068310749690244   10    9    8    1
 0.004659361014203548   10    9    8    2
 -0.004156598890737676   10    9    8    3
 7.560340851463443e-05   10    9    8    4
 0.009032156656962069   10    9    8    5
 0.001756180486823434   10    9    8    6
 -0.002464787041460514   10    9    8    7
 0.01475798114629548   10    9    8    8
 0.0007190323395327571   10    9    9    1
 -0.004353959456621153   10    9    9    2
 0.008149876741813656   10    9    9    3
 0.005709701101961067   10    9    9    4
 -0.01781442328802144   10    9    9    5
 -0.006964879778992108   10    9    9    6
 -0.01166585514268562   10    9    9    7
 -0.009844940005151267   10    9    9    8
 0.02740711070797845   10    9    9    9
 0.008425878240153898   10    9   10    1
 0.00411194988427149   10    9   10    2
 0.02716940582778463   10    9   10    3
 -0.006283196718302878   10    9   10    4
 -0.01466072629067048   10    9   10    5
 0.01613997834307732   10    9   10    6
 -0.002769604540613495   10    9   10    7
 -0.01350781110117344   10    9   10    8
 0.03993980086003727   10    9   10    9
 0.9665374462655258   10   10    1    1
 -0.00052512006545857   10   10    2    1
 0.2809183817532615   10   10    2    2
 -0.009427012550033795   10   10    3    1
 0.04193014585420787   10   10    3    2
 0.642086797365131   10   10    3    3
 -0.0002557671130727772   10   10    4    1
 -0.004993541278842393   10   10    4    2
 0.005953491413128198   10   10    4    3
 0.2533950360608316   10   10    4    4
 0.00364926458229512   10   10    5    1
 0.04476957399468877   10   10    5    2
 -0.08612582625106138   10   10    5    3
 0.001114692948732695   10   10    5    4
 0.3310974470777418   10   10    5    5
 0.00187057789640422   10   10    6    1
 -0.006476370124815967   10   10    6    2
 -0.02768575584293713   10   10    6    3
 -0.04544899065470775   10   10    6    4
 0.02288142552124969   10   10    6    5
 0.3870369850135343   10   10    6    6
 0.001179145556240698   10   10    7    1
 0.0008450646061485929   10   10    7    2
 -0.01124899719767397   10   10    7    3
 -0.009175733692612502   10   10    7    4
 0.02793471973157391   10   10    7    5
 0.04831248657463132   10   10    7    6
 0.2622359204872221   10   10    7    7
 0.002032975883537247   10   10    8    1
 0.001647279311221642   10   10    8    2
 -0.01598133201580468   10   10    8    3
 -0.003673740933095542   10   10    8    4
 0.05136378011787367   10   10    8    5
 0.03755740933466098   10   10    8    6
 -0.01457821561131955   10   10    8    7
 0.4063517412319335   10   10    8    8
 -0.003418087698930641   10   10    9    1
 -0.003783543733324309   10   10    9    2
 0.01576237779466044   10   10    9    3
 -0.002639752233529644   10   10    9    4
 -0.10031770228166   10   10    9    5
 -0.03623768780534443   10   10    9    6
 -0.08364008966376392   10   10    9    7
 -0.08881468636199098   10   10    9    8
 0.5064896985531546   10   10    9    9
 -0.0002177664530563236   10   10   10    1
 0.001212388541769645   10   10   10    2
 0.001130214311186398   10   10   10    3
 -0.01937545861348463   10   10   10    4
 -0.03553713076947146   10   10   10    5
 0.1369465090954734   10   10   10    6
 0.03648789492768976   10   10   10    7
 0.001487708406684816   10   10   10    8
 0.04240006702536394   10   10   10    9
 0.68537059620855   10   10   10   10
 0.001226221699814588   11    1    1    1
 -6.615785696606277e-06   11    1    2    1
 2.074184740412514e-05   11    1    2    2
 -0.000135260182533244   11    1    3    1
 2.533070999745988e-05   11    1    3    2
 6.945625227960027e-05   11    1    3    3
 9.244334927338605e-06   11    1    4    1
 6.236062434784603e-06   11    1    4    2
 1.623697789744822e-05   11    1    4    3
 0.0001037637666714181   11    1    4    4
 0.0001177615541483164   11    1    5    1
 3.231566964356456e-05   11    1    5    2
 8.213864552863462e-05   11    1    5    3
 1.845926188712732e-05   11    1    5    4
 8.404168177469095e-06   11    1    5    5
 1.580347491811606e-05   11    1    6    1
 3.048476721494753e-05   11    1    6    2
 -3.13240530139616e-05   11    1    6    3
 2.509938714565389e-05   11    1    6    4
 1.340139266479356e-05   11    1    6    5
 -2.021093449833949e-05   11    1    6    6
 0.00278862622171614   11    1    7    1
 0.0004362570758184592   11    1    7    2
 0.003828190931203307   11    1    7    3
 9.548422254680917e-07   11    1    7    4
 -0.00104253615505504   11    1    7    5
 -0.0004305322338745657   11    1    7    6
 -0.0007054778797273427   11    1    7    7
 -0.005742272553141194   11    1    8    1
 -0.00100529541485886   11    1    8    2
 -0.007976211197425734   11    1    8    3
 -0.0002049390947502789   11    1    8    4
 0.002151917218905816   11    1    8    5
 0.001168588360851901   11    1    8    6
 0.0001379506701089519   11    1    8    7
 0.002278923179795144   11    1    8    8
 -0.002287172512011532   11    1    9    1
 -0.0003954716906950852   11    1    9    2
 -0.003009285628727708   11    1    9    3
 -7.54857713080419e-05   11    1    9    4
 0.000840200795458521   11    1    9    5
 0.0004607890309583037   11    1    9    6
 0.00115800218050336   11    1    9    7
 -0.00142898769255683   11    1    9    8
 -0.001442895790860812   11    1    9    9
 0.0002418620059607728   11    1   10    1
 1.9021663366356e-05   11    1   10    2
 0.0002661737803202431   11    1   10    3
 1.608273238979444e-05   11    1   10    4
 -0.000106083538678208   11    1   10    5
 -7.142547400500128e-05   11    1   10    6
 -6.837562630117572e-05   11    1   10    7
 -2.930558386664816e-05   11    1   10    8
 0.0001029298571413541   11    1   10    9
 3.691361247018217e-05   11    1   10   10
 0.01165727861844992   11    1   11    1
 0.001163282400365461   11    2    1    1
 -1.392831863307138e-07   11    2    2    1
 0.001304059770136918   11    2    2    2
 7.596375706267216e-06   11    2    3    1
 1.859959074591397e-05   11    2    3    2
 0.001316311170249494   11    2    3    3
 3.191012851613866e-06   11    2    4    1
 0.001035864002680629   11    2    4    2
 -5.531255466162312e-05   11    2    4    3
 0.0008238561744070036   11    2    4    4
 9.141073256182834e-06   11    2    5    1
 -0.00226349389296965   11    2    5    2
 0.0006853890178599712   11    2    5    3
 -0.0005984298422617019   11    2    5    4
 0.002267690842098755   11    2    5    5
 -3.252674078768545e-06   11    2    6    1
 -0.003636024052375748   11    2    6    2
 0.0001657654827478401   11    2    6    3
 -0.002248594625406131   11    2    6    4
 -0.0007803220265899596   11    2    6    5
 0.0003062506703606077   11    2    6    6
 0.0002113735003957427   11    2    7    1
 -0.0002545733940073227   11    2    7    2
 0.001575803524500513   11    2    7    3
 0.001682561369524967   11    2    7    4
 -0.001332175998640911   11    2    7    5
 0.002028912695681975   11    2    7    6
 0.0005082867837167353   11    2    7    7
 -0.0004287019556856488   11    2    8    1
 0.02954348411172563   11    2    8    2
 -0.007360487580848416   11    2    8    3
 0.01630364745433868   11    2    8    4
 0.001091697271904058   11    2    8    5
 -0.001975385397033076   11    2    8    6
 -0.001215198235701295   11    2    8    7
 -0.002269078634670506   11    2    8    8
 -0.0001879917115879631   11    2    9    1
 0.01304498653771364   11    2    9    2
 -0.003341013578491436   11    2    9    3
 0.008283232002376132   11    2    9    4
 7.188751764067617e-05   11    2    9    5
 -0.001320248836026545   11    2    9    6
 -0.001451635783205392   11    2    9    7
 0.002179571241948866   11    2    9    8
 0.003202315044137212   11    2    9    9
 -3.564576027400739e-06   11    2   10    1
 -0.0005087291336078142   11    2   10    2
 3.5147195310038e-05   11    2   10    3
 -0.0004560967209681083   11    2   10    4
 0.000352294111899855   11    2   10    5
 -0.0002028528353298522   11    2   10    6
 -0.0004060267570219567   11    2   10    7
 0.004838705998470073   11    2   10    8
 0.002559875296215051   11    2   10    9
 0.0008017361823180688   11    2   10   10
 0.0008705165245407228   11    2   11    1
 0.03082951180647838   11    2   11    2
 -0.001315455391937691   11    3    1    1
 6.447667120418158e-06   11    3    2    1
 0.0001335329856044282   11    3    2    2
 5.383460342792171e-05   11    3    3    1
 0.0002285457535017182   11    3    3    2
 -0.0008558481208163733   11    3    3    3
 1.869907354969118e-05   11    3    4    1
 -0.0001245502375762209   11    3    4    2
 0.0001026199184718033   11    3    4    3
 0.001322285555406474   11    3    4    4
 5.987697518441651e-05   11    3    5    1
 0.001142784305373719   11    3    5    2
 0.0007813327823817154   11    3    5    3
 0.0004300030197438292   11    3    5    4
 0.0001539714322312339   11    3    5    5
 -3.586967502948397e-05   11    3    6    1
 0.0009340961386078799   11    3    6    2
 -0.000184269912246457   11    3    6    3
 0.0005678947964873662   11    3    6    4
 0.0002221777493962807   11    3    6    5
 -0.0003404093275262053   11    3    6    6
 0.003454337527326528   11    3    7    1
 0.004900234445641354   11    3    7    2
 0.02128240425112009   11    3    7    3
 -0.001625623078503305   11    3    7    4
 -0.00126174229300523   11    3    7    5
 0.0008521981253479707   11    3    7    6
 -0.00174939183097565   11    3    7    7
 -0.007234018429124181   11    3    8    1
 -0.01588765768992952   11    3    8    2
 -0.04306420158708888   11    3    8    3
 -0.002350887963382091   11    3    8    4
 0.003583027100795038   11    3    8    5
 0.001448989294779098   11    3    8    6
 0.0003809824023905324   11    3    8    7
 0.002744490146047721   11    3    8    8
 -0.002766734638185864   11    3    9    1
 -0.006358611145221523   11    3    9    2
 -0.01604830377777612   11    3    9    3
 -0.001334642908700013   11    3    9    4
 0.001719353680672534   11    3    9    5
 0.001206126378399045   11    3    9    6
 0.001986755239131575   11    3    9    7
 -0.001856554011653608   11    3    9    8
 -0.002651377204632252   11    3    9    9
 0.0002746696081735148   11    3   10    1
 0.000183895069034725   11    3   10    2
 0.0009488614572869745   11    3   10    3
 0.0003877324053739744   11    3   10    4
 -0.0004308848839390301   11    3   10    5
 -0.0008193573491559927   11    3   10    6
 -0.0006898519373732909   11    3   10    7
 -0.0007330378272928967   11    3   10    8
 -0.0002721673522883796   11    3   10    9
 -0.0004280945704596805   11    3   10   10
 0.01440075196258166   11    3   11    1
 0.0003631348231762365   11    3   11    2
 0.07075400858792502   11    3   11    3
 0.0005591356784530199   11    4    1    1
 8.013472387253831e-07   11    4    2    1
 0.0007824545050711647   11    4    2    2
 -3.317723886212577e-06   11    4    3    1
 -6.551112833337862e-05   11    4    3    2
 0.0004858293984924978   11    4    3    3
 1.069632702116932e-06   11    4    4    1
 4.314327465252527e-05   11    4    4    2
 8.101575868834577e-05   11    4    4    3
 -0.002539726272003283   11    4    4    4
 5.539388932160381e-06   11    4    5    1
 -0.0007564321586086474   11    4    5    2
 0.0001183684927880167   11    4    5    3
 -0.0009541403576555146   11    4    5    4
 0.0003348505590694119   11    4    5    5
 -3.640148280752157e-06   11    4    6    1
 -0.002671801942308632   11    4    6    2
 8.377240749753639e-05   11    4    6    3
 -0.003841202118258697   11    4    6    4
 -0.0004665704286700418   11    4    6    5
 -0.0007624866589026877   11    4    6    6
 4.743998263646097e-05   11    4    7    1
 -0.001312396312448994   11    4    7    2
 -0.001248131903897699   11    4    7    3
 0.002513403905114779   11    4    7    4
 -0.002408862384866946   11    4    7    5
 -0.0005084835778459664   11    4    7    6
 0.001396859627795489   11    4    7    7
 -9.190527475323463e-05   11    4    8    1
 0.02043457721909691   11    4    8    2
 2.775731536974075e-05   11    4    8    3
 0.01829959606059761   11    4    8    4
 0.004372294072039885   11    4    8    5
 0.003598230694969936   11    4    8    6
 0.0007733679697137318   11    4    8    7
 0.0001802041291224118   11    4    8    8
 -4.524532478806919e-05   11    4    9    1
 0.009410737606957728   11    4    9    2
 -0.0003828543141719895   11    4    9    3
 0.008697068503091534   11    4    9    4
 0.001484445738037227   11    4    9    5
 0.00123802531139813   11    4    9    6
 0.0007577561021287641   11    4    9    7
 0.00181419585016737   11    4    9    8
 0.002324771595275341   11    4    9    9
 -1.518129326452826e-05   11    4   10    1
 -0.0001662798557831407   11    4   10    2
 -0.0001256211083981806   11    4   10    3
 -0.0002288006089146876   11    4   10    4
 -8.490643155700545e-07   11    4   10    5
 -0.0001953479332588722   11    4   10    6
 -0.0003524096716087532   11    4   10    7
 0.002899979698941993   11    4   10    8
 0.001297848542352317   11    4   10    9
 0.0003106234934732033   11    4   10   10
 0.0001881930501933106   11    4   11    1
 0.0171961498949014   11    4   11    2
 -0.003867472362105652   11    4   11    3
 0.02167511890327464   11    4   11    4
 0.003983273077435048   11    5    1    1
 -3.938858127816875e-06   11    5    2    1
 -0.006687022258100398   11    5    2    2
 -4.711099595383491e-05   11    5    3    1
 0.001572677127831951   11    5    3    2
 0.002430685749526742   11    5    3    3
 -9.449255576828095e-06   11    5    4    1
 -0.001578518044681844   11    5    4    2
 7.970730362608956e-05   11    5    4    3
 -0.005693757231371476   11    5    4    4
 -1.101287244491992e-05   11    5    5    1
 0.00241235936347031   11    5    5    2
 -0.00157081925666836   11    5    5    3
 5.434746833669829e-05   11    5    5    4
 -0.005634239806905892   11    5    5    5
 2.520493237323817e-05   11    5    6    1
 0.0005653056702604106   11    5    6    2
 0.0002657657687247355   11    5    6    3
 -0.002540653626923682   11    5    6    4
 0.001647653294738437   11    5    6    5
 0.001536592897257435   11    5    6    6
 -0.001194917761782533   11    5    7    1
 0.0005206492970678258   11    5    7    2
 -0.004389538938229669   11    5    7    3
 -0.001648134514124378   11    5    7    4
 0.002936527033045424   11    5    7    5
 0.001049359919780706   11    5    7    6
 0.003288713525751793   11    5    7    7
 0.002525924676969771   11    5    8    1
 -0.001895827253618726   11    5    8    2
 0.01044009051439709   11    5    8    3
 0.001100237573576927   11    5    8    4
 0.003017976673528606   11    5    8    5
 -0.004952070479255238   11    5    8    6
 -0.0003421775533774082   11    5    8    7
 -0.01001480308575164   11    5    8    8
 0.0009487373785505409   11    5    9    1
 -0.0006624928968182103   11    5    9    2
 0.003844952458267039   11    5    9    3
 -0.000408593828278862   11    5    9    4
 -0.0009471015438299422   11    5    9    5
 -0.001752521427159061   11    5    9    6
 -0.002847540035416353   11    5    9    7
 0.00248884191702533   11    5    9    8
 0.005686535138028211   11    5    9    9
 -7.60509924095697e-05   11    5   10    1
 -0.0005279956489438902   11    5   10    2
 -0.0003168462032094875   11    5   10    3
 0.0003841650543644187   11    5   10    4
 -0.001872400607978308   11    5   10    5
 0.0006733064850487445   11    5   10    6
 -0.0002458184142658312   11    5   10    7
 0.00323290257326078   11    5   10    8
 0.0005370546060428534   11    5   10    9
 0.002257801677718775   11    5   10   10
 -0.005023959152065782   11    5   11    1
 -0.002890226505151723   11    5   11    2
 -0.01706353369071169   11    5   11    3
 -0.0008693240370593839   11    5   11    4
 0.01596873685599173   11    5   11    5
 -0.002557978486695616   11    6    1    1
 -2.561985493896262e-06   11    6    2    1
 -0.01595261374250432   11    6    2    2
 -1.82156984953518e-05   11    6    3    1
 0.001672047407252033   11    6    3    2
 -0.003499481402193659   11    6    3    3
 -8.505238359707388e-06   11    6    4    1
 -0.004798619848885543   11    6    4    2
 -0.0001154459562719503   11    6    4    3
 -0.01694929875208444   11    6    4    4
 -3.236031997926698e-05   11    6    5    1
 0.0003161345068438069   11    6    5    2
 -0.001965687584213302   11    6    5    3
 -0.001569489337785197   11    6    5    4
 -0.01288752794014509   11    6    5    5
 1.558975281994899e-05   11    6    6    1
 0.002631300292922892   11    6    6    2
 0.001521668023377763   11    6    6    3
 -0.006183276302576256   11    6    6    4
 0.006434414232061738   11    6    6    5
 -0.002338209135825192   11    6    6    6
 -0.0006133764789087373   11    6    7    1
 0.002589104257874646   11    6    7    2
 -0.001250413107413673   11    6    7    3
 -0.002507096749475662   11    6    7    4
 0.00187565697951654   11    6    7    5
 0.0009563815811474659   11    6    7    6
 0.006075609126706459   11    6    7    7
 0.001246648442674516   11    6    8    1
 -0.002524353788580741   11    6    8    2
 0.002226028974906649   11    6    8    3
 0.004565044591279634   11    6    8    4
 -0.00498537687854131   11    6    8    5
 -0.002638838916196067   11    6    8    6
 0.001109232492175594   11    6    8    7
 -0.01577687646560249   11    6    8    8
 0.000543217064259593   11    6    9    1
 -0.0007931524577206865   11    6    9    2
 0.001719166834695853   11    6    9    3
 -0.0005307719264124576   11    6    9    4
 -0.004571594687332144   11    6    9    5
 0.001868513985929208   11    6    9    6
 0.0007417655163084666   11    6    9    7
 -0.003053189361881003   11    6    9    8
 -0.00305097361897022   11    6    9    9
 3.04012069217328e-05   11    6   10    1
 -0.002303804644383822   11    6   10    2
 0.000391573817004811   11    6   10    3
 0.001211501956935095   11    6   10    4
 -0.003739525966085591   11    6   10    5
 -0.0006058315900565386   11    6   10    6
 0.001346388933436967   11    6   10    7
 -0.003673575481865297   11    6   10    8
 -0.003930203824409398   11    6   10    9
 -0.001766842749227297   11    6   10   10
 -0.002538408415082064   11    6   11    1
 -0.0003499137088195725   11    6   11    2
 -0.007446571364046602   11    6   11    3
 0.001584556169230165   11    6   11    4
 0.002453123479411097   11    6   11    5
 0.01067879373709678   11    6   11    6
 0.1239909346859702   11    7    1    1
 -5.288846390954019e-05   11    7    2    1
 0.01864578429297032   11    7    2    2
 -0.001118470972945571   11    7    3    1
 0.008586613298522712   11    7    3    2
 0.08309199894091593   11    7    3    3
 -4.559264841185593e-05   11    7    4    1
 0.001365882411595967   11    7    4    2
 0.0005050548544332609   11    7    4    3
 0.01252737678690654   11    7    4    4
 0.0005423246889047225   11    7    5    1
 0.008755542085396263   11    7    5    2
 -0.0124363790392325   11    7    5    3
 -0.0002305755770831292   11    7    5    4
 0.02691101446955452   11    7    5    5
 0.0003315128617639415   11    7    6    1
 -0.001680807262827737   11    7    6    2
 -0.004081795739447304   11    7    6    3
 -0.005055649411208701   11    7    6    4
 5.846928278281936e-05   11    7    6    5
 0.0266731370366105   11    7    6    6
 -0.0001308835108252665   11    7    7    1
 0.0007193417976217637   11    7    7    2
 -0.001404713346702043   11    7    7    3
 0.0003488237698128102   11    7    7    4
 0.007255764939460311   11    7    7    5
 0.0140281320846716   11    7    7    6
 -0.007299345383173334   11    7    7    7
 0.001196092966539341   11    7    8    1
 -0.001089755665186907   11    7    8    2
 0.001587145306089106   11    7    8    3
 0.0003819647522720501   11    7    8    4
 0.006747907380129597   11    7    8    5
 0.006902239297609341   11    7    8    6
 -0.009301364749404531   11    7    8    7
 0.04141668173868514   11    7    8    8
 -0.0004626949052238038   11    7    9    1
 -0.003217807263323439   11    7    9    2
 -0.00161365056780281   11    7    9    3
 0.001978623871421805   11    7    9    4
 -0.01930035348336707   11    7    9    5
 -0.009900754160267745   11    7    9    6
 -0.02369046630784001   11    7    9    7
 -0.0123024133688978   11    7    9    8
 0.05537862489272927   11    7    9    9
 -1.918336062647978e-05   11    7   10    1
 0.001000495674276994   11    7   10    2
 0.0005051773699536658   11    7   10    3
 -0.004668045335183374   11    7   10    4
 -0.00325611268166618   11    7   10    5
 0.02417035148626177   11    7   10    6
 0.006869251461936028   11    7   10    7
 -0.001385427336875582   11    7   10    8
 0.008336161204641521   11    7   10    9
 0.07073306991633334   11    7   10   10
 -0.001548138396548465   11    7   11    1
 -0.0007854392965526133   11    7   11    2
 -0.004285065304504132   11    7   11    3
 -0.0005670991146604987   11    7   11    4
 0.002779065970046472   11    7   11    5
 0.001361669728326941   11    7   11    6
 0.02155130667579964   11    7   11    7
 -0.2349082720482246   11    8    1    1
 0.0001266307530155375   11    8    2    1
 0.1005504510155781   11    8    2    2
 0.002392330414346676   11    8    3    1
 -0.0320067975350094   11    8    3    2
 -0.1405517294729977   11    8    3    3
 0.0001301113779827372   11    8    4    1
 0.02967720054778022   11    8    4    2
 -0.001595203446716017   11    8    4    3
 0.1079619770700545   11    8    4    4
 -0.0009955823198641114   11    8    5    1
 -0.02101600740927532   11    8    5    2
 0.04283149880742895   11    8    5    3
 0.007002518762339971   11    8    5    4
 0.05840443795543496   11    8    5    5
 -0.0007891902720222508   11    8    6    1
 -0.0116506138893799   11    8    6    2
 0.0003656484210717369   11    8    6    3
 0.04659372468470668   11    8    6    4
 -0.04187083580622541   11    8    6    5
 -0.02354108857392168   11    8    6    6
 -0.001054883695555085   11    8    7    1
 -0.007178888692735879   11    8    7    2
 0.001836676971860009   11    8    7    3
 0.01161604116102644   11    8    7    4
 -0.01110893840570807   11    8    7    5
 -0.007351536648248774   11    8    7    6
 -0.01762389376177517   11    8    7    7
 0.0005510076305371959   11    8    8    1
 -0.007621529649072047   11    8    8    2
 0.005151170234938516   11    8    8    3
 0.002058596825370082   11    8    8    4
 -0.0369246960332025   11    8    8    5
 -0.0213175694898135   11    8    8    6
 0.005715274264978025   11    8    8    7
 0.01086177847275021   11    8    8    8
 0.00166098996686219   11    8    9    1
 0.004003807662633699   11    8    9    2
 -0.0004667436747272965   11    8    9    3
 0.01193033774898232   11    8    9    4
 0.05535570122598324   11    8    9    5
 0.0060544145871535   11    8    9    6
 0.02422443079768829   11    8    9    7
 0.06581598299482964   11    8    9    8
 -0.06551636028235734   11    8    9    9
 -0.0007360639304488654   11    8   10    1
 0.01364293902102085   11    8   10    2
 -0.005571899858865256   11    8   10    3
 0.003842587135943131   11    8   10    4
 0.03508767464172239   11    8   10    5
 -0.0526274317072976   11    8   10    6
 -0.01298643873213604   11    8   10    7
 -0.005072171622134755   11    8   10    8
 -0.007683483078937228   11    8   10    9
 -0.1221339019179218   11    8   10   10
 -0.002555664376203587   11    8   11    1
 -0.0005185838563403423   11    8   11    2
 -0.006276971257874085   11    8   11    3
 -0.00154676108993795   11    8   11    4
 -0.0007270798703845482   11    8   11    5
 -0.006386558113870578   11    8   11    6
 -0.02124428516731006   11    8   11    7
 0.1365445873490524   11    8   11    8
 -0.08846407155854706   11    9    1    1
 5.652088366403231e-05   11    9    2    1
 0.04999565592489708   11    9    2    2
 0.0009772358618384063   11    9    3    1
 -0.01330584790523725   11    9    3    2
 -0.05058091446454975   11    9    3    3
 5.820806179250003e-05   11    9    4    1
 0.0139935148057421   11    9    4    2
 -0.0007048064029109632   11    9    4    3
 0.05255595156985825   11    9    4    4
 -0.0003376056799095664   11    9    5    1
 -0.008115204557121674   11    9    5    2
 0.01785040748665937   11    9    5    3
 0.003065839508263249   11    9    5    4
 0.03115276679719635   11    9    5    5
 -0.0003094214133004824   11    9    6    1
 -0.006023939782686965   11    9    6    2
 -0.0002401728853687332   11    9    6    3
 0.01995547587215591   11    9    6    4
 -0.01939415161985538   11    9    6    5
 -0.004616590388816942   11    9    6    6
 0.000868662739675078   11    9    7    1
 -0.004162859217845522   11    9    7    2
 0.003283490153898435   11    9    7    3
 0.006051396559577353   11    9    7    4
 -0.008027301960644799   11    9    7    5
 -0.003119037416398246   11    9    7    6
 -0.01220884342961116   11    9    7    7
 -0.002369426903907684   11    9    8    1
 0.0009999845996715067   11    9    8    2
 -0.002568845555717692   11    9    8    3
 0.002701781632554023   11    9    8    4
 -0.005612053357372311   11    9    8    5
 -0.006034075884060511   11    9    8    6
 0.001093543671967002   11    9    8    7
 0.02468290025330382   11    9    8    8
 -0.0004609801382348529   11    9    9    1
 0.00353549366379142   11    9    9    2
 -0.00306535029356378   11    9    9    3
 0.006642769003967287   11    9    9    4
 0.0269412737166039   11    9    9    5
 0.002495531188850801   11    9    9    6
 0.01401174094548103   11    9    9    7
 0.0199090392113303   11    9    9    8
 -0.02907884529656167   11    9    9    9
 -0.0002227702047710622   11    9   10    1
 0.006493215254151532   11    9   10    2
 -0.002115846721272136   11    9   10    3
 0.00118918141964919   11    9   10    4
 0.01520144785000679   11    9   10    5
 -0.02120052264805353   11    9   10    6
 -0.004395312110548826   11    9   10    7
 -0.002396163769254673   11    9   10    8
 -0.001853784949159694   11    9   10    9
 -0.04434567510031574   11    9   10   10
 0.004322982998603151   11    9   11    1
 0.001467735592917921   11    9   11    2
 0.01159216897617629   11    9   11    3
 0.002867212127499473   11    9   11    4
 -0.009885061428577691   11    9   11    5
 -0.01037669898759825   11    9   11    6
 -0.01221307123330383   11    9   11    7
 0.04837814584494816   11    9   11    8
 0.04215208493356033   11    9   11    9
 0.007337602404139383   11   10    1    1
 -7.90914209698284e-06   11   10    2    1
 -0.003114862672318186   11   10    2    2
 -0.0001130852147518398   11   10    3    1
 0.0007447049365884063   11   10    3    2
 0.003234967519827527   11   10    3    3
 2.601990787892605e-06   11   10    4    1
 -5.279794919452619e-05   11   10    4    2
 0.0001710722449362565   11   10    4    3
 -0.002552385444948588   11   10    4    4
 3.647583157779453e-05   11   10    5    1
 8.981338740627925e-05   11   10    5    2
 -0.001387851465581233   11   10    5    3
 2.366152200745922e-05   11   10    5    4
 -0.002090228387432491   11   10    5    5
 -1.352513462664526e-05   11   10    6    1
 -0.0008246431577475043   11   10    6    2
 -0.0008109163823048431   11   10    6    3
 -0.0006147490899675034   11   10    6    4
 0.0001775544592348266   11   10    6    5
 -0.001057987391995213   11   10    6    6
 -2.637795241080396e-05   11   10    7    1
 -0.0007386010042354336   11   10    7    2
 -0.0005089407211381496   11   10    7    3
 -0.000225921866140129   11   10    7    4
 -0.0005720770499061773   11   10    7    5
 0.002406397382709631   11   10    7    6
 0.0008336351372132564   11   10    7    7
 6.53406171322514e-05   11   10    8    1
 0.006734100543614345   11   10    8    2
 -6.620283473907958e-05   11   10    8    3
 0.002851884520905225   11   10    8    4
 0.005397491007559055   11   10    8    5
 -0.004461061687243154   11   10    8    6
 -0.001139084573288395   11   10    8    7
 -0.001615928898955243   11   10    8    8
 6.136828206922103e-06   11   10    9    1
 0.002592310609416427   11   10    9    2
 0.0006081015358165141   11   10    9    3
 0.001567366660478102   11   10    9    4
 -4.663657375860677e-05   11   10    9    5
 -0.003087814531774005   11   10    9    6
 -0.0006296445652879849   11   10    9    7
 -0.001949176295276409   11   10    9    8
 0.001392095906915367   11   10    9    9
 -8.715156566866435e-05   11   10   10    1
 -0.0001577780717930082   11   10   10    2
 -0.0003185117563190944   11   10   10    3
 -0.0005111140532576459   11   10   10    4
 -0.0003754174211375983   11   10   10    5
 0.002232731011662728   11   10   10    6
 0.005008179749574925   11   10   10    7
 -0.008252450854177801   11   10   10    8
 -0.002530690622955911   11   10   10    9
 0.003701842956730208   11   10   10   10
 -0.0001196917853939106   11   10   11    1
 0.00450070403484897   11   10   11    2
 -0.001101968863285935   11   10   11    3
 0.001347851190107518   11   10   11    4
 0.0003208075368276897   11   10   11    5
 0.005616448547023672   11   10   11    6
 0.001813648281946415   11   10   11    7
 -0.00317182644766334   11   10   11    8
 0.001602540412563393   11   10   11    9
 0.02011681571504781   11   10   11   10
 0.6481460291477519   11   11    1    1
 -0.0001994501628836215   11   11    2    1
 0.3865964451722166   11   11    2    2
 -0.004700828244446014   11   11    3    1
 0.01200630080525424   11   11    3    2
 0.4892449960123371   11   11    3    3
 -0.00015109125393903   11   11    4    1
 0.02367151724322461   11   11    4    2
 0.002014411444419521   11   11    4    3
 0.3578097663865299   11   11    4    4
 0.002312270655117547   11   11    5    1
 0.0262435239907339   11   11    5    2
 -0.02864356244783781   11   11    5    3
 0.006154597010143425   11   11    5    4
 0.3847737573792924   11   11    5    5
 0.001191258724255309   11   11    6    1
 -0.01813256823231294   11   11    6    2
 -0.01827489533009856   11   11    6    3
 0.004100847344528502   11   11    6    4
 -0.02161173112101033   11   11    6    5
 0.3473501706473216   11   11    6    6
 0.000894412786353804   11   11    7    1
 -0.006827895545238516   11   11    7    2
 -0.002078468283272075   11   11    7    3
 0.004027001727625591   11   11    7    4
 0.01298545259637591   11   11    7    5
 0.03550566402021035   11   11    7    6
 0.2426535284133665   11   11    7    7
 0.00173822841246155   11   11    8    1
 -0.001545219134153581   11   11    8    2
 -0.0005178434314636853   11   11    8    3
 -0.001652862435189302   11   11    8    4
 0.01499018582711941   11   11    8    5
 0.01606596413082566   11   11    8    6
 -0.0198458967233244   11   11    8    7
 0.434844926110733   11   11    8    8
 -0.003056426535131362   11   11    9    1
 -0.001046983504360999   11   11    9    2
 -0.006789651248883472   11   11    9    3
 0.009550449414755703   11   11    9    4
 -0.03476929001510232   11   11    9    5
 -0.03001262590069061   11   11    9    6
 -0.05735841722239828   11   11    9    7
 -0.0114223799663739   11   11    9    8
 0.4215376082594547   11   11    9    9
 -0.0004512233716571975   11   11   10    1
 0.0156182954306801   11   11   10    2
 -0.002561553179811953   11   11   10    3
 -0.01094535751692258   11   11   10    4
 0.006480909008605855   11   11   10    5
 0.05562060416824848   11   11   10    6
 0.01637729085412601   11   11   10    7
 -0.003791705439478471   11   11   10    8
 0.02649826487522708   11   11   10    9
 0.462831086727236   11   11   10   10
 -7.068105841861971e-05   11   11   11    1
 0.001192158585066938   11   11   11    2
 -0.0009355891342178098   11   11   11    3
 0.0003003813382757896   11   11   11    4
 -0.002846447581487407   11   11   11    5
 -0.01294390272425394   11   11   11    6
 0.05447406478598407   11   11   11    7
 -0.006006028252584129   11   11   11    8
 0.006760421350778969   11   11   11    9
 0.0006352527808348736   11   11   11   10
 0.4759665770875597   11   11   11   11
 0.000894376595920837   12    1    1    1
 3.555866095841324e-06   12    1    2    1
 8.800047736165622e-05   12    1    2    2
 -6.80614172041846e-05   12    1    3    1
 4.31655485871057e-05   12    1    3    2
 0.0001253548816868773   12    1    3    3
 4.518415439123805e-05   12    1    4    1
 2.080435638798612e-05   12    1    4    2
 7.540009975373434e-05   12    1    4    3
 0.0001634317850315708   12    1    4    4
 0.0001728853130510531   12    1    5    1
 6.149908780475441e-05   12    1    5    2
 0.0001864444960054086   12    1    5    3
 1.952130158230321e-05   12    1    5    4
 4.614455196471498e-06   12    1    5    5
 -0.000186366655951324   12    1    6    1
 -9.193094154178594e-06   12    1    6    2
 -0.0003054399419087445   12    1    6    3
 2.652945438634031e-05   12    1    6    4
 5.099797726040419e-05   12    1    6    5
 6.306744007067944e-05   12    1    6    6
 0.002668038505620131   12    1    7    1
 0.0004292535844593912   12    1    7    2
 0.003602350606538136   12    1    7    3
 -9.470100639314122e-06   12    1    7    4
 -0.0009793406609399946   12    1    7    5
 -0.0003674441875213204   12    1    7    6
 -0.0006844958638733467   12    1    7    7
 -0.005522496469797325   12    1    8    1
 -0.001002472381041555   12    1    8    2
 -0.007526647288450596   12    1    8    3
 -0.0001929588825260415   12    1    8    4
 0.001976037124348064   12    1    8    5
 0.001133579099264698   12    1    8    6
 0.0001206412813963241   12    1    8    7
 0.002234625907177246   12    1    8    8
 -0.002377756644069038   12    1    9    1
 -0.000406486952871922   12    1    9    2
 -0.003078221686727603   12    1    9    3
 -6.335376307051573e-05   12    1    9    4
 0.0008948828724210086   12    1    9    5
 0.0004156487720426411   12    1    9    6
 0.001137526218602096   12    1    9    7
 -0.001334116270419658   12    1    9    8
 -0.001525347644433402   12    1    9    9
 -0.0004627013093151061   12    1   10    1
 -2.293016419125737e-05   12    1   10    2
 -0.0005412652389628383   12    1   10    3
 -1.070492657824983e-05   12    1   10    4
 0.0002082260571575389   12    1   10    5
 9.007607930666884e-05   12    1   10    6
 2.401671473483224e-05   12    1   10    7
 0.0001390717727348612   12    1   10    8
 -0.0001716812179710886   12    1   10    9
 4.203969467191133e-05   12    1   10   10
 0.01129262474537811   12    1   11    1
 0.0008229940002021246   12    1   11    2
 0.01368432534434961   12    1   11    3
 0.0001654477732100892   12    1   11    4
 -0.004803533512616267   12    1   11    5
 -0.0024349602630711   12    1   11    6
 -0.001491998384933645   12    1   11    7
 -0.002457410337934219   12    1   11    8
 0.004217803619901408   12    1   11    9
 -0.0001250383242244383   12    1   11   10
 -3.905859831565411e-05   12    1   11   11
 0.0109660393192118   12    1   12    1
 0.0004307151825166209   12    2    1    1
 5.666918386643046e-06   12    2    2    1
 0.0043107938867978   12    2    2    2
 -5.225262476104039e-06   12    2    3    1
 -0.0009033111757976032   12    2    3    2
 0.0004920232018489864   12    2    3    3
 -2.390552596862391e-06   12    2    4    1
 -0.001596429930935483   12    2    4    2
 -0.0001439629431880844   12    2    4    3
 0.000423344407281767   12    2    4    4
 7.373196943074195e-06   12    2    5    1
 0.0005143008543640426   12    2    5    2
 -0.000575761480633077   12    2    5    3
 -0.001962851939128593   12    2    5    4
 -0.0006154603428349982   12    2    5    5
 -2.233219961679187e-06   12    2    6    1
 0.001045893684804232   12    2    6    2
 0.0003347159917400128   12    2    6    3
 0.0009104775504573943   12    2    6    4
 0.000327788627025257   12    2    6    5
 0.003474777557345235   12    2    6    6
 8.330973628557604e-05   12    2    7    1
 -0.00654343705062929   12    2    7    2
 -0.003023212438860856   12    2    7    3
 0.002458634337916625   12    2    7    4
 -0.005270901041306692   12    2    7    5
 -0.004446858309258139   12    2    7    6
 0.0009286426711238047   12    2    7    7
 -0.0001798748368161671   12    2    8    1
 0.002041273951642462   12    2    8    2
 0.007964364913889559   12    2    8    3
 -0.009308539257585085   12    2    8    4
 0.01246363031929127   12    2    8    5
 0.002404100346004279   12    2    8    6
 0.0004073595568404802   12    2    8    7
 0.005573419138687215   12    2    8    8
 -6.221055668784967e-05   12    2    9    1
 0.001513029871511819   12    2    9    2
 0.003017630129998955   12    2    9    3
 -0.005263744926663562   12    2    9    4
 0.00574102417498527   12    2    9    5
 0.0009478611515466865   12    2    9    6
 -0.0001406221217722352   12    2    9    7
 0.0007298773173821206   12    2    9    8
 0.0008254108934796218   12    2    9    9
 1.383188719311226e-06   12    2   10    1
 0.0004578556087448697   12    2   10    2
 1.816941104723164e-05   12    2   10    3
 -0.0003402550632939876   12    2   10    4
 -0.0006241734920678305   12    2   10    5
 -0.0004623588088988326   12    2   10    6
 0.001507077112885373   12    2   10    7
 -0.00143921105538691   12    2   10    8
 -0.0008040665296749608   12    2   10    9
 0.0002854273235853951   12    2   10   10
 0.0002998220383412437   12    2   11    1
 -0.01296910546805329   12    2   11    2
 -0.002319968462941292   12    2   11    3
 -0.004313539222854772   12    2   11    4
 -0.0006652599248558764   12    2   11    5
 -0.0037412162060455   12    2   11    6
 -0.0007855477674961309   12    2   11    7
 -0.0007953012728434835   12    2   11    8
 0.001702752871945582   12    2   11    9
 -0.0004416427909004386   12    2   11   10
 0.002100169595990822   12    2   11   11
 0.0002235148344106167   12    2   12    1
 0.02070659702707948   12    2   12    2
 -0.0003357080529552535   12    3    1    1
 1.008070089419064e-05   12    3    2    1
 -0.001535176786401635   12    3    2    2
 4.618090817691676e-05   12    3    3    1
 0.0001077454112310066   12    3    3    2
 3.278614358173969e-05   12    3    3    3
 5.122560712309241e-05   12    3    4    1
 -0.0003008382570750034   12    3    4    2
 0.0001152338195766459   12    3    4    3
 -0.00170822691308219   12    3    4    4
 0.000120394671128821   12    3    5    1
 -0.001020366173474119   12    3    5    2
 0.0003851204883000058   12    3    5    3
 -0.0002841515263391836   12    3    5    4
 -0.001694807582778718   12    3    5    5
 -0.0002223936708891475   12    3    6    1
 -1.417956731138035e-05   12    3    6    2
 -0.0004980572177954985   12    3    6    3
 -0.0007704005269087234   12    3    6    4
 0.0007825107490850607   12    3    6    5
 0.000441147952815463   12    3    6    6
 0.00274388590888032   12    3    7    1
 -0.001447754225139002   12    3    7    2
 0.009259150952595331   12    3    7    3
 0.001529399689970806   12    3    7    4
 -0.006205565510380029   12    3    7    5
 -0.003828329089718658   12    3    7    6
 -0.002757099383428229   12    3    7    7
 -0.00577337459398496   12    3    8    1
 0.005835127835923427   12    3    8    2
 -0.02016357254492575   12    3    8    3
 -0.0008770498795191786   12    3    8    4
 0.01229613472255947   12    3    8    5
 0.006595964118467985   12    3    8    6
 0.0005755330805631829   12    3    8    7
 0.009395059155882237   12    3    8    8
 -0.00237700042365361   12    3    9    1
 0.002151504445791325   12    3    9    2
 -0.008239604035579788   12    3    9    3
 -0.0001095511567362444   12    3    9    4
 0.004960116591270587   12    3    9    5
 0.002158855156806854   12    3    9    6
 0.0048079163360557   12    3    9    7
 -0.005820431667171705   12    3    9    8
 -0.006988649004451796   12    3    9    9
 -0.0004507421393779822   12    3   10    1
 -0.0004294511896136663   12    3   10    2
 -0.001535846773417531   12    3   10    3
 -0.0001577404022947425   12    3   10    4
 0.0003486392695925943   12    3   10    5
 0.0003938788322260561   12    3   10    6
 0.0007627559186642464   12    3   10    7
 0.0007155675835447613   12    3   10    8
 -0.000385393213989453   12    3   10    9
 -0.0005314076334025198   12    3   10   10
 0.01154780834529854   12    3   11    1
 0.004185360031756723   12    3   11    2
 0.04093377238596784   12    3   11    3
 0.003663310867668055   12    3   11    4
 -0.01788535526214959   12    3   11    5
 -0.009744007561268706   12    3   11    6
 -0.005803252012702449   12    3   11    7
 -0.01058304058966421   12    3   11    8
 0.014736695397688   12    3   11    9
 0.0003000683719963928   12    3   11   10
 -0.001164004339812902   12    3   11   11
 0.01097902821211996   12    3   12    1
 0.006790598521772306   12    3   12    2
 0.04210273055479366   12    3   12    3
 -0.001752448549681758   12    4    1    1
 -6.44593187790855e-06   12    4    2    1
 -0.005076131892042555   12    4    2    2
 -3.393246804921934e-05   12    4    3    1
 -0.0005018051862273685   12    4    3    2
 -0.003505299521466097   12    4    3    3
 2.760655219857762e-06   12    4    4    1
 0.0006842253367010411   12    4    4    2
 -0.0004577634166685386   12    4    4    3
 0.001560381671665208   12    4    4    4
 -8.037558781255519e-06   12    4    5    1
 -0.004180365750105853   12    4    5    2
 -0.0003066661004559814   12    4    5    3
 -0.001383800619709866   12    4    5    4
 -0.003510716702430304   12    4    5    5
 -7.115026683452824e-06   12    4    6    1
 0.003330870721165788   12    4    6    2
 -0.0005361119373787626   12    4    6    3
 0.004627914281486104   12    4    6    4
 0.0006990764119600528   12    4    6    5
 -0.003111879496635246   12    4    6    6
 0.0001286695242927246   12    4    7    1
 0.004087087358247407   12    4    7    2
 0.002482844790811479   12    4    7    3
 -0.00315340787420735   12    4    7    4
 0.003562993382467753   12    4    7    5
 0.002864109822134133   12    4    7    6
 -0.002034806126154421   12    4    7    7
 -0.0003213961473015139   12    4    8    1
 -0.01565608195006532   12    4    8    2
 -0.004897987256787383   12    4    8    3
 -0.007515118216279283   12    4    8    4
 -0.005566300949961643   12    4    8    5
 -0.004388739912619512   12    4    8    6
 -1.648606484347834e-06   12    4    8    7
 -0.004171846113157986   12    4    8    8
 -5.97209074941706e-05   12    4    9    1
 -0.008294410077930916   12    4    9    2
 0.0001034134408286856   12    4    9    3
 -0.003634774310716325   12    4    9    4
 -0.002318413472425593   12    4    9    5
 -0.001399855376274327   12    4    9    6
 0.00148172108319505   12    4    9    7
 -0.002466332202378143   12    4    9    8
 -0.004925468881536236   12    4    9    9
 2.906777282889812e-05   12    4   10    1
 -0.001109893255095131   12    4   10    2
 0.0003108653713491869   12    4   10    3
 -0.0006989199749622946   12    4   10    4
 -0.0004928956750458622   12    4   10    5
 0.0001038758270231855   12    4   10    6
 -0.001541437267863958   12    4   10    7
 -2.380341186464901e-05   12    4   10    8
 -0.0005900485743697864   12    4   10    9
 -0.001853743766458834   12    4   10   10
 0.0006108040335059585   12    4   11    1
 -0.008332498636079161   12    4   11    2
 0.007141402232539826   12    4   11    3
 -0.01264131931806552   12    4   11    4
 0.0009164478067979366   12    4   11    5
 -0.0001773490482561971   12    4   11    6
 -0.000131578866586797   12    4   11    7
 0.001133282889715291   12    4   11    8
 -0.000462892963047076   12    4   11    9
 -0.002677254984508556   12    4   11   10
 -0.002492168555200937   12    4   11   11
 0.000616829406163055   12    4   12    1
 -0.003634270576342329   12    4   12    2
 -0.002517948687854755   12    4   12    3
 0.01178564493256569   12    4   12    4
 0.001885986563432236   12    5    1    1
 -8.878551058356634e-06   12    5    2    1
 -0.002703358991023739   12    5    2    2
 -0.0001056972202561461   12    5    3    1
 -0.001075203150774295   12    5    3    2
 -0.000935034826200573   12    5    3    3
 -2.779455618239456e-05   12    5    4    1
 -0.00277556196167365   12    5    4    2
 -0.0002071717971322336   12    5    4    3
 -0.008803441458188344   12    5    4    4
 -4.860568657047153e-05   12    5    5    1
 -0.005317800890962312   12    5    5    2
 -0.001367487661880539   12    5    5    3
 -0.002397770596061048   12    5    5    4
 -0.003670305219479791   12    5    5    5
 0.0001117595762496449   12    5    6    1
 0.0007662707251313394   12    5    6    2
 0.000885933090204803   12    5    6    3
 -0.001756627574316998   12    5    6    4
 0.001943732898451536   12    5    6    5
 -0.00223964701764924   12    5    6    6
 -0.001252453079881084   12    5    7    1
 -0.007156666921751131   12    5    7    2
 -0.01002310971604691   12    5    7    3
 0.003379341878483665   12    5    7    4
 -0.004231272782542234   12    5    7    5
 -0.00359688580904149   12    5    7    6
 -0.0001388383177962707   12    5    7    7
 0.002592999162566089   12    5    8    1
 0.02086934860602943   12    5    8    2
 0.01851148879014252   12    5    8    3
 -0.0005475876017829493   12    5    8    4
 0.007360089010299576   12    5    8    5
 0.002257370641410744   12    5    8    6
 0.0001094235695655957   12    5    8    7
 -0.005196481954189078   12    5    8    8
 0.001137149740490877   12    5    9    1
 0.007822504646790077   12    5    9    2
 0.008587759552506466   12    5    9    3
 -0.0008872155591808366   12    5    9    4
 0.002466133353109114   12    5    9    5
 0.0001575654031117213   12    5    9    6
 -0.002640512561796609   12    5    9    7
 0.001019777362010624   12    5    9    8
 0.001274462043099784   12    5    9    9
 0.0002531813920745261   12    5   10    1
 -0.001490415420950977   12    5   10    2
 0.001370525537197461   12    5   10    3
 -0.0006986722454178198   12    5   10    4
 -0.001439348312985192   12    5   10    5
 0.00127307656593408   12    5   10    6
 0.001353983874803506   12    5   10    7
 0.0002692251586935696   12    5   10    8
 0.0009001095534059922   12    5   10    9
 -0.001076241704390674   12    5   10   10
 -0.00532260598719388   12    5   11    1
 0.002369153226057652   12    5   11    2
 -0.02873069229381005   12    5   11    3
 0.004924815677609922   12    5   11    4
 0.002445334772281841   12    5   11    5
 0.001872256647695017   12    5   11    6
 0.001524531090857815   12    5   11    7
 -0.000240068247999824   12    5   11    8
 -0.008904657486101433   12    5   11    9
 0.0002225087669677211   12    5   11   10
 -0.003272179025899015   12    5   11   11
 -0.005166160784331446   12    5   12    1
 0.01231008320399131   12    5   12    2
 -0.007900307384738542   12    5   12    3
 -0.00958851270535878   12    5   12    4
 0.02768998384779327   12    5   12    5
 -0.001370864540657728   12    6    1    1
 7.231822467674213e-06   12    6    2    1
 0.01390942033069359   12    6    2    2
 9.935802928371779e-05   12    6    3    1
 -0.001019958869965043   12    6    3    2
 0.003646338737517635   12    6    3    3
 -5.727605406014285e-06   12    6    4    1
 0.003701775125480907   12    6    4    2
 -0.0003513460026161054   12    6    4    3
 0.01576459566709614   12    6    4    4
 -2.775852217439529e-05   12    6    5    1
 0.001012053093150807   12    6    5    2
 0.002325925870369297   12    6    5    3
 0.00052861701513749   12    6    5    4
 0.01173081986828903   12    6    5    5
 2.92163381064549e-05   12    6    6    1
 -0.0009307934996476873   12    6    6    2
 0.0004035037094030623   12    6    6    3
 0.004002276441533407   12    6    6    4
 -0.004679912329791304   12    6    6    5
 0.006690955548829332   12    6    6    6
 -0.0006814807403085232   12    6    7    1
 -0.005002099553706708   12    6    7    2
 -0.005266190074600534   12    6    7    3
 0.004501471973760994   12    6    7    4
 -0.002290350902334347   12    6    7    5
 -0.004159377484728223   12    6    7    6
 -0.00224181214658572   12    6    7    7
 0.001481528837866478   12    6    8    1
 0.005021101768709065   12    6    8    2
 0.01291362643191705   12    6    8    3
 -0.005191365915708715   12    6    8    4
 0.002180004270944473   12    6    8    5
 0.004321116607435792   12    6    8    6
 -0.001074235329415071   12    6    8    7
 0.01037770103145324   12    6    8    8
 0.0005230044238034714   12    6    9    1
 0.002140504033470859   12    6    9    2
 0.002393006805100563   12    6    9    3
 -0.0003240218720152942   12    6    9    4
 0.003419338158437373   12    6    9    5
 -3.740165146376046e-05   12    6    9    6
 -0.00397974701346516   12    6    9    7
 0.005886031283112037   12    6    9    8
 0.006043273548798724   12    6    9    9
 1.35648008437403e-05   12    6   10    1
 0.001673477708388413   12    6   10    2
 -5.096623773171691e-06   12    6   10    3
 -0.0009505610111792134   12    6   10    4
 0.003168078397019832   12    6   10    5
 -0.0006512994930222074   12    6   10    6
 0.003443335129472249   12    6   10    7
 -0.00424289023486961   12    6   10    8
 0.0002623065276510311   12    6   10    9
 0.0002408024343508864   12    6   10   10
 -0.002952220759826303   12    6   11    1
 -0.003028410453130733   12    6   11    2
 -0.01570512104935258   12    6   11    3
 -0.0007600538053340577   12    6   11    4
 0.002850084704876358   12    6   11    5
 -0.002236531623911183   12    6   11    6
 0.002455538273082228   12    6   11    7
 0.008899109850212927   12    6   11    8
 -0.000604786513039584   12    6   11    9
 0.005751288046620231   12    6   11   10
 0.01005799201328023   12    6   11   11
 -0.002872526809763993   12    6   12    1
 0.007710822481965677   12    6   12    2
 -0.00413428355424978   12    6   12    3
 -0.006485570867265956   12    6   12    4
 0.01110302137055559   12    6   12    5
 0.01898956624167823   12    6   12    6
 0.05405350883672442   12    7    1    1
 -0.0001114892484648698   12    7    2    1
 -0.04629818255861727   12    7    2    2
 -0.0013863750845465   12    7    3    1
 0.0002910602064168836   12    7    3    2
 0.0004694742247187689   12    7    3    3
 -5.205368131687738e-06   12    7    4    1
 0.005365511028861871   12    7    4    2
 0.001839543296254389   12    7    4    3
 -0.02574926759598098   12    7    4    4
 0.0001943409680446984   12    7    5    1
 -0.01539200659927629   12    7    5    2
 -0.01635923924762603   12    7    5    3
 0.003209430017332444   12    7    5    4
 -0.03042710415567248   12    7    5    5
 3.924881347752176e-05   12    7    6    1
 0.0004281362519352107   12    7    6    2
 -0.01046014291771382   12    7    6    3
 0.007613119892152166   12    7    6    4
 0.00406554388213941   12    7    6    5
 -0.03317763467079501   12    7    6    6
 -0.0005015990945048872   12    7    7    1
 0.0001995764381834574   12    7    7    2
 -0.008785322642765582   12    7    7    3
 -0.0001367840799939899   12    7    7    4
 0.002255562333741825   12    7    7    5
 -0.005007162480135943   12    7    7    6
 -0.00291356672905427   12    7    7    7
 0.0006825548104241182   12    7    8    1
 0.004106433423030711   12    7    8    2
 -0.005165092630818114   12    7    8    3
 -0.002401093256186653   12    7    8    4
 0.006748674161460374   12    7    8    5
 0.003454490918956881   12    7    8    6
 0.01085120927626201   12    7    8    7
 -0.02963871620207371   12    7    8    8
 0.000822010046146245   12    7    9    1
 -0.005034988509977027   12    7    9    2
 0.01948779385263986   12    7    9    3
 0.004995345757774255   12    7    9    4
 -0.01476529579817412   12    7    9    5
 -0.01027195461192298   12    7    9    6
 0.001465029840520287   12    7    9    7
 -0.01102359684525856   12    7    9    8
 -0.006202988425151721   12    7    9    9
 2.767656864403898e-06   12    7   10    1
 -0.001096731312647874   12    7   10    2
 2.076331901103466e-05   12    7   10    3
 -0.00562061412433286   12    7   10    4
 -0.003326924721902644   12    7   10    5
 0.01830314824990822   12    7   10    6
 0.003922189279806696   12    7   10    7
 -0.001293809884528714   12    7   10    8
 0.00565449185249934   12    7   10    9
 0.01341333738755922   12    7   10   10
 -0.001772505863183839   12    7   11    1
 -0.0003637504218704581   12    7   11    2
 -0.008199703733648152   12    7   11    3
 0.0002495348818884523   12    7   11    4
 0.003203069970084846   12    7   11    5
 0.002753264089485966   12    7   11    6
 -0.001508342694797443   12    7   11    7
 -0.009393880178420027   12    7   11    8
 -0.009274771533103873   12    7   11    9
 0.002135010455909443   12    7   11   10
 -0.002275307889982754   12    7   11   11
 -0.001728807411268134   12    7   12    1
 0.0001571483009972594   12    7   12    2
 -0.004242629078738605   12    7   12    3
 -0.0003163562037617222   12    7   12    4
 0.0043971847629371   12    7   12    5
 0.001551374345329149   12    7   12    6
 0.02371192001333201   12    7   12    7
 -0.1318935314833061   12    8    1    1
 0.000203933370229555   12    8    2    1
 0.01965856005818363   12    8    2    2
 0.002767948370576536   12    8    3    1
 0.00581561604997448   12    8    3    2
 -0.02706671796317988   12    8    3    3
 -2.754086508645494e-05   12    8    4    1
 -0.02419896449337488   12    8    4    2
 -0.002848164983423802   12    8    4    3
 -0.02214394825487992   12    8    4    4
 -0.0005929667156957962   12    8    5    1
 0.03319914903704482   12    8    5    2
 0.02477646517062573   12    8    5    3
 -0.006863550786926367   12    8    5    4
 0.0004340848815794574   12    8    5    5
 3.212517784812655e-05   12    8    6    1
 0.001961824036803349   12    8    6    2
 0.02351241817872965   12    8    6    3
 -0.02954549739534433   12    8    6    4
 0.008005485745874912   12    8    6    5
 0.03684966330813481   12    8    6    6
 -0.0006144192038933974   12    8    7    1
 -0.0009174523229417163   12    8    7    2
 0.006665661652272646   12    8    7    3
 -0.005104443386264785   12    8    7    4
 -0.005186595904308225   12    8    7    5
 -0.003894953218336022   12    8    7    6
 0.0257618596092179   12    8    7    7
 0.001742484807168801   12    8    8    1
 0.001005608717510634   12    8    8    2
 0.02893540303954288   12    8    8    3
 0.002826059197183678   12    8    8    4
 -0.008462970589366157   12    8    8    5
 -0.006439417801111518   12    8    8    6
 -0.01204216162453043   12    8    8    7
 -0.003021517339209875   12    8    8    8
 2.423189478860711e-05   12    8    9    1
 0.01173686361807065   12    8    9    2
 -0.02779905233627635   12    8    9    3
 -0.01601364419739415   12    8    9    4
 0.01894844979132543   12    8    9    5
 0.02314617333462191   12    8    9    6
 0.006728073799492436   12    8    9    7
 0.01201035801015293   12    8    9    8
 -0.01293694669168013   12    8    9    9
 0.0004780026372659458   12    8   10    1
 -0.002993040826939457   12    8   10    2
 0.002294841749413184   12    8   10    3
 0.012965229886805   12    8   10    4
 -0.004940500931332971   12    8   10    5
 -0.03358468170343698   12    8   10    6
 -0.006796556545988852   12    8   10    7
 0.002660584038114195   12    8   10    8
 -0.01489993217539409   12    8   10    9
 -0.04993296421115646   12    8   10   10
 -0.003081382981222096   12    8   11    1
 -0.0008520451116998629   12    8   11    2
 -0.0145599991875335   12    8   11    3
 0.000987666301876008   12    8   11    4
 0.005764576220600736   12    8   11    5
 0.00629306493183531   12    8   11    6
 -0.005150344658231228   12    8   11    7
 -0.01143289135395255   12    8   11    8
 -0.01384695188025152   12    8   11    9
 -0.0001946225183649155   12    8   11   10
 -0.0536620362979853   12    8   11   11
 -0.002992731709900151   12    8   12    1
 0.00369426957888631   12    8   12    2
 -0.00576776035502123   12    8   12    3
 -0.004938709867116452   12    8   12    4
 0.00990982392977585   12    8   12    5
 0.00540584175132349   12    8   12    6
 -0.02778157415314307   12    8   12    7
 0.08111955415394308   12    8   12    8
 -0.0584647305646861   12    9    1    1
 9.711804475735406e-05   12    9    2    1
 0.005309048877997419   12    9    2    2
 0.001209649653175852   12    9    3    1
 0.002196129125967024   12    9    3    2
 -0.01446893212869242   12    9    3    3
 1.329654714253419e-05   12    9    4    1
 -0.01143200009448267   12    9    4    2
 -0.00077691760927542   12    9    4    3
 -0.01428542717693167   12    9    4    4
 -0.0001746489504439588   12    9    5    1
 0.01280085552817052   12    9    5    2
 0.01074229474981889   12    9    5    3
 -0.003293474312140142   12    9    5    4
 -0.002792302856340191   12    9    5    5
 -0.0001053615960930936   12    9    6    1
 0.001117522379982742   12    9    6    2
 0.008913759737698522   12    9    6    3
 -0.01212846749835054   12    9    6    4
 0.003897987729200076   12    9    6    5
 0.01112976581082866   12    9    6    6
 0.001217487606166805   12    9    7    1
 -0.000380104662932372   12    9    7    2
 0.01074382313586124   12    9    7    3
 -0.001306472359914583   12    9    7    4
 -0.004792024804600233   12    9    7    5
 -0.004651205669218029   12    9    7    6
 0.009282922568378786   12    9    7    7
 -0.002345906035922391   12    9    8    1
 -0.001361000968972009   12    9    8    2
 -0.004857700589661599   12    9    8    3
 -0.00119229315644404   12    9    8    4
 -0.0001130468691759501   12    9    8    5
 0.0009738797414654564   12    9    8    6
 -0.003823739547880162   12    9    8    7
 -0.0009430791113507074   12    9    8    8
 -0.001302883255271094   12    9    9    1
 0.003812962908453509   12    9    9    2
 -0.01826399437819532   12    9    9    3
 -0.008027892318416422   12    9    9    4
 0.009825017030850676   12    9    9    5
 0.01057378994432025   12    9    9    6
 0.005982346057097538   12    9    9    7
 0.0009627464852424207   12    9    9    8
 -0.0127107953431769   12    9    9    9
 -7.185469674865785e-05   12    9   10    1
 -0.001739442969219246   12    9   10    2
 -5.005117432170134e-05   12    9   10    3
 0.004956860666475603   12    9   10    4
 -0.001658666480985719   12    9   10    5
 -0.01302005284632221   12    9   10    6
 -0.001433055433901029   12    9   10    7
 -0.000206841918693201   12    9   10    8
 -0.007278067362101444   12    9   10    9
 -0.02472286647646386   12    9   10   10
 0.004987725935337506   12    9   11    1
 0.001249047591923435   12    9   11    2
 0.0205473498209306   12    9   11    3
 -3.999328772660705e-05   12    9   11    4
 -0.009796535824792754   12    9   11    5
 -0.002879554125721648   12    9   11    6
 -0.007619093124333785   12    9   11    7
 -0.01437932515761399   12    9   11    8
 0.006982675436096297   12    9   11    9
 0.001454670125783149   12    9   11   10
 -0.02730092728390178   12    9   11   11
 0.004845499341542272   12    9   12    1
 0.001437530562074035   12    9   12    2
 0.01408576624397379   12    9   12    3
 -0.001625525075171764   12    9   12    4
 -0.007255228264196136   12    9   12    5
 -0.003399819769630733   12    9   12    6
 -0.01623937394515426   12    9   12    7
 0.02315425443529749   12    9   12    8
 0.03228073672395818   12    9   12    9
 -0.0150965278915633   12   10    1    1
 1.493874202638371e-05   12   10    2    1
 -0.0005204382011522335   12   10    2    2
 0.0002095391359831835   12   10    3    1
 -0.000933176012104932   12   10    3    2
 -0.007975350335752206   12   10    3    3
 3.266671938063071e-06   12   10    4    1
 -0.001587895319430016   12   10    4    2
 -0.0002917422036409419   12   10    4    3
 -0.002398890061076804   12   10    4    4
 -6.621960195292045e-05   12   10    5    1
 -0.001649572350702858   12   10    5    2
 0.001889799853631156   12   10    5    3
 -0.0008890629407934426   12   10    5    4
 -0.002354888769078686   12   10    5    5
 -3.48122888730471e-05   12   10    6    1
 0.001286505596364641   12   10    6    2
 0.001325336860885411   12   10    6    3
 -0.0009557104202911245   12   10    6    4
 0.001434310675671471   12   10    6    5
 -0.0006895946226228196   12   10    6    6
 -3.092689982264099e-05   12   10    7    1
 0.001508229713114382   12   10    7    2
 0.001023391855811556   12   10    7    3
 -0.001834210766283195   12   10    7    4
 8.222558235177443e-05   12   10    7    5
 0.002428014445990378   12   10    7    6
 0.00186129445929358   12   10    7    7
 1.390281859990254e-05   12   10    8    1
 -0.003069794065711371   12   10    8    2
 -0.0002221160531020299   12   10    8    3
 0.001416078147942552   12   10    8    4
 -0.002606207387538469   12   10    8    5
 -0.005643763110113056   12   10    8    6
 -0.0007147771067574583   12   10    8    7
 -0.003676544937544168   12   10    8    8
 4.551129276260391e-05   12   10    9    1
 -0.0009430501868152711   12   10    9    2
 -0.0008024157852774034   12   10    9    3
 -0.0008237745790520724   12   10    9    4
 0.002193332502944673   12   10    9    5
 0.0006957995418487669   12   10    9    6
 0.002896858215891248   12   10    9    7
 -0.0002574405300259879   12   10    9    8
 -0.006228936869425655   12   10    9    9
 -6.374790229067143e-06   12   10   10    1
 -0.000757479924889585   12   10   10    2
 5.618700293170785e-05   12   10   10    3
 0.001338860910416908   12   10   10    4
 -0.0001526866386543522   12   10   10    5
 -0.004453453776959763   12   10   10    6
 0.002208076157705304   12   10   10    7
 -0.00805715697888352   12   10   10    8
 -0.00558076554487908   12   10   10    9
 -0.008105105510790522   12   10   10   10
 -6.890584728851415e-05   12   10   11    1
 -0.001299687914236688   12   10   11    2
 0.0008932364678938746   12   10   11    3
 -0.00225916549427597   12   10   11    4
 -0.001235653984419057   12   10   11    5
 0.00738985679446881   12   10   11    6
 0.0003203465885915442   12   10   11    7
 0.001849781358326845   12   10   11    8
 0.002139367527017427   12   10   11    9
 0.01506791589974292   12   10   11   10
 -0.005085240664880649   12   10   11   11
 -6.15149171532122e-05   12   10   12    1
 -0.001695790035056696   12   10   12    2
 -0.0013456197073861   12   10   12    3
 0.001583689861040399   12   10   12    4
 -0.002874613516340171   12   10   12    5
 0.0007747703604818108   12   10   12    6
 -0.0001814142421052528   12   10   12    7
 0.001605777889104262   12   10   12    8
 0.001150184687765523   12   10   12    9
 0.01575822296665957   12   10   12   10
 0.3387878237852225   12   11    1    1
 -0.0003752160589377475   12   11    2    1
 -0.0872677186986681   12   11    2    2
 -0.005299406109818134   12   11    3    1
 0.0227881957416012   12   11    3    2
 0.149636509411532   12   11    3    3
 -9.651371352582141e-05   12   11    4    1
 -0.008423557960310822   12   11    4    2
 0.00499690740944897   12   11    4    3
 -0.07299587116293507   12   11    4    4
 0.001406786160974907   12   11    5    1
 0.002573707190455425   12   11    5    2
 -0.05971845223789066   12   11    5    3
 0.0006227558004498731   12   11    5    4
 -0.03742813672014984   12   11    5    5
 0.0006443643575028785   12   11    6    1
 0.003319048545142017   12   11    6    2
 -0.0223121406933245   12   11    6    3
 -0.01945327342541352   12   11    6    4
 0.02751980650107263   12   11    6    5
 -0.002643518929001545   12   11    6    6
 0.0001982539572150306   12   11    7    1
 0.005140479065500443   12   11    7    2
 -0.0131726390412256   12   11    7    3
 -0.005983639503944903   12   11    7    4
 0.01611099045745269   12   11    7    5
 0.01279793765717368   12   11    7    6
 -0.004019554653829822   12   11    7    7
 0.0002415430374886604   12   11    8    1
 0.00459252819133744   12   11    8    2
 -0.02163905874814623   12   11    8    3
 -0.003380786383114772   12   11    8    4
 0.0337989851437062   12   11    8    5
 0.02265652360447195   12   11    8    6
 0.002140181234716307   12   11    8    7
 -0.0001604775981434252   12   11    8    8
 -8.810995547854496e-05   12   11    9    1
 -0.00854938340867909   12   11    9    2
 0.03133324813367602   12   11    9    3
 0.001625856302439829   12   11    9    4
 -0.06702175504951087   12   11    9    5
 -0.02573365404784136   12   11    9    6
 -0.03407565095511535   12   11    9    7
 -0.0630136455504391   12   11    9    8
 0.08278359820385717   12   11    9    9
 0.0001465799215005898   12   11   10    1
 -0.006827189306466178   12   11   10    2
 0.001777795770620169   12   11   10    3
 -0.01289122949240295   12   11   10    4
 -0.0248705897327181   12   11   10    5
 0.07362203019155603   12   11   10    6
 0.01711687204776732   12   11   10    7
 0.001636881734171405   12   11   10    8
 0.01971614629107329   12   11   10    9
 0.1580488935244672   12   11   10   10
 -9.149780668448289e-06   12   11   11    1
 0.0007231169399354524   12   11   11    2
 -2.612845490618116e-05   12   11   11    3
 6.317135378658324e-05   12   11   11    4
 0.002781071974069042   12   11   11    5
 0.005439373771060975   12   11   11    6
 0.02878880901267314   12   11   11    7
 -0.1022691114818155   12   11   11    8
 -0.04349928279171991   12   11   11    9
 0.002444882362196182   12   11   11   10
 0.05796053078480654   12   11   11   11
 -2.58607071598765e-05   12   11   12    1
 -0.00251896487170467   12   11   12    2
 -0.0001962892685424656   12   11   12    3
 0.001296738475629061   12   11   12    4
 0.001595064844963438   12   11   12    5
 -0.006678928965321719   12   11   12    6
 0.0322846075649918   12   11   12    7
 -0.04600271406602199   12   11   12    8
 -0.01808013129650111   12   11   12    9
 -0.003089886342272049   12   11   12   10
 0.1300086532491144   12   11   12   11
 0.6319779799319298   12   12    1    1
 -0.0001951564459015773   12   12    2    1
 0.3886032521998709   12   12    2    2
 -0.004263170429969672   12   12    3    1
 0.02677196649558458   12   12    3    2
 0.5140990475178294   12   12    3    3
 -0.0002014743087906508   12   12    4    1
 -0.01366067903420477   12   12    4    2
 -0.0003677846799238452   12   12    4    3
 0.307894261348421   12   12    4    4
 0.002238301520143342   12   12    5    1
 0.06837994020882691   12   12    5    2
 -0.01977199713052484   12   12    5    3
 -0.00660147306580344   12   12    5    4
 0.3797453794899275   12   12    5    5
 0.001384169521354748   12   12    6    1
 -0.01014644195087633   12   12    6    2
 0.003620845520134071   12   12    6    3
 -0.04375615936664916   12   12    6    4
 0.002646216394421092   12   12    6    5
 0.4058536568170345   12   12    6    6
 0.0009913343279664437   12   12    7    1
 -0.00582924551082137   12   12    7    2
 0.005531616965091399   12   12    7    3
 -0.00459237274493857   12   12    7    4
 0.01198245419087521   12   12    7    5
 0.03627406394302169   12   12    7    6
 0.2755686472870654   12   12    7    7
 0.001931499075214665   12   12    8    1
 -0.00104527241506069   12   12    8    2
 0.01655064494950031   12   12    8    3
 -0.0003899604890499545   12   12    8    4
 0.02184986801948591   12   12    8    5
 0.01913510851820725   12   12    8    6
 -0.03604492801338753   12   12    8    7
 0.440704424733351   12   12    8    8
 -0.003342441944621243   12   12    9    1
 0.01132549909947948   12   12    9    2
 -0.02980256216989341   12   12    9    3
 -0.01313816499473548   12   12    9    4
 -0.03376916006994657   12   12    9    5
 -0.008045706431413127   12   12    9    6
 -0.06293654487506262   12   12    9    7
 -0.02347568003064763   12   12    9    8
 0.4441684068334116   12   12    9    9
 8.228094046984431e-05   12   12   10    1
 0.007115376964296912   12   12   10    2
 0.0007338713284437222   12   12   10    3
 0.001529664354553094   12   12   10    4
 -0.01037287702090115   12   12   10    5
 0.03872502427506588   12   12   10    6
 0.01432681003926061   12   12   10    7
 0.001403651170956979   12   12   10    8
 0.01355259375017079   12   12   10    9
 0.4658493281918853   12   12   10   10
 -0.000150088405660134   12   12   11    1
 -0.0003818381039164875   12   12   11    2
 -0.002766086335388931   12   12   11    3
 0.00118900093593297   12   12   11    4
 0.000287417700423382   12   12   11    5
 -0.007511057453473645   12   12   11    6
 0.05831796924868596   12   12   11    7
 -0.06690915286653434   12   12   11    8
 -0.02042248933336516   12   12   11    9
 0.0002277832133042714   12   12   11   10
 0.4337472616121799   12   12   11   11
 -0.000142049901044515   12   12   12    1
 0.007893014755995175   12   12   12    2
 0.001763434205675954   12   12   12    3
 -0.00783502728842889   12   12   12    4
 0.003537498610015381   12   12   12    5
 0.0114289130169358   12   12   12    6
 -0.03355135139651432   12   12   12    7
 0.03199134057379487   12   12   12    8
 0.009682777369731287   12   12   12    9
 -0.00577790249204625   12   12   12   10
 0.04700373025173082   12   12   12   11
 0.5109370863117119   12   12   12   12
 -0.02388620777130883   13    1    1    1
 0.0003448726681618785   13    1    2    1
 0.0006739396387349137   13    1    2    2
 0.003796011484880065   13    1    3    1
 0.0002957865712553444   13    1    3    2
 0.001314178142824618   13    1    3    3
 3.819583302775642e-05   13    1    4    1
 -3.63534203294624e-05   13    1    4    2
 -5.628010733345729e-05   13    1    4    3
 0.0003759175841096644   13    1    4    4
 -0.0006412089375489104   13    1    5    1
 0.0002078853881999883   13    1    5    2
 0.0009632531019669106   13    1    5    3
 6.480319471664394e-05   13    1    5    4
 -0.0001416120110961584   13    1    5    5
 -0.0003219985688388083   13    1    6    1
 -7.04324114707501e-05   13    1    6    2
 0.000534679540706237   13    1    6    3
 -9.583895792766213e-05   13    1    6    4
 -0.0004418590383732797   13    1    6    5
 0.0003998011889828693   13    1    6    6
 -4.916111035967145e-05   13    1    7    1
 -1.465449536762582e-05   13    1    7    2
 0.0004968293776991509   13    1    7    3
 1.893673162209119e-05   13    1    7    4
 -0.0003032538780223304   13    1    7    5
 -0.0001125043444371249   13    1    7    6
 0.0001569279980738402   13    1    7    7
 0.0007002866815482948   13    1    8    1
 0.0001017471742575537   13    1    8    2
 0.001872641330745094   13    1    8    3
 8.319691953564546e-05   13    1    8    4
 -0.0008235936897654059   13    1    8    5
 -0.0004485247732450842   13    1    8    6
 -0.0004016626538026451   13    1    8    7
 -0.0001260834148967435   13    1    8    8
 -0.0009570262058577247   13    1    9    1
 -8.237190194096803e-05   13    1    9    2
 -0.002759431268239503   13    1    9    3
 -0.0001617264091265511   13    1    9    4
 0.001322132138531661   13    1    9    5
 0.0007600634224820265   13    1    9    6
 0.0004247467968300843   13    1    9    7
 0.001158480772880356   13    1    9    8
 -0.001379876388801491   13    1    9    9
 -0.0005703445166632241   13    1   10    1
 -2.638563479850473e-05   13    1   10    2
 -0.0006007891193914736   13    1   10    3
 3.527823626063987e-05   13    1   10    4
 0.0002707301791843495   13    1   10    5
 -9.677915929176269e-05   13    1   10    6
 2.828937572037388e-05   13    1   10    7
 0.0001357483365869107   13    1   10    8
 -0.0003076958081287253   13    1   10    9
 -0.0004253053784996496   13    1   10   10
 -0.0006448342773935846   13    1   11    1
 -4.195319621207703e-05   13    1   11    2
 -0.0007627701484804373   13    1   11    3
 -7.247074996182409e-06   13    1   11    4
 0.0002670407488935989   13    1   11    5
 0.0001235778817992257   13    1   11    6
 0.0001007936091665805   13    1   11    7
 0.0002022981549167113   13    1   11    8
 -0.0001898389828652019   13    1   11    9
 -2.194021254969366e-06   13    1   11   10
 6.899241675620353e-05   13    1   11   11
 -0.000581692607196798   13    1   12    1
 -8.423039548917713e-06   13    1   12    2
 -0.0005791039036511391   13    1   12    3
 -5.40593677259938e-05   13    1   12    4
 0.000257056269452649   13    1   12    5
 0.0001840096537153528   13    1   12    6
 -0.000176882890047579   13    1   12    7
 0.0006282372578779159   13    1   12    8
 -4.612017174766194e-05   13    1   12    9
 2.213160554234315e-05   13    1   12   10
 -0.0006139910061950595   13    1   12   11
 0.0002339827374594379   13    1   12   12
 0.0007618480359724895   13    1   13    1
 0.009093976785291282   13    2    1    1
 3.211278480047913e-05   13    2    2    1
 0.02567869931828319   13    2    2    2
 -6.673340740300647e-05   13    2    3    1
 -0.002992189879253091   13    2    3    2
 0.008688093838491343   13    2    3    3
 -4.091466840691487e-05   13    2    4    1
 -0.01701452506300614   13    2    4    2
 -8.418918063669797e-05   13    2    4    3
 -0.01197594110742753   13    2    4    4
 9.426621333427586e-05   13    2    5    1
 0.004750142241089298   13    2    5    2
 -0.001133193785650288   13    2    5    3
 -0.01058394845284099   13    2    5    4
 0.005612766083331228   13    2    5    5
 0.0001290422227661319   13    2    6    1
 0.001867681660535929   13    2    6    2
 0.004785813335100118   13    2    6    3
 -0.01038644432005629   13    2    6    4
 0.007129827777565358   13    2    6    5
 0.0163366558384685   13    2    6    6
 6.466539416894238e-05   13    2    7    1
 -0.002186379810861102   13    2    7    2
 0.001671659078322036   13    2    7    3
 -0.001782342711977861   13    2    7    4
 0.0002025019805568702   13    2    7    5
 0.001431527902424206   13    2    7    6
 0.009486938732057847   13    2    7    7
 0.0001213965649546625   13    2    8    1
 -0.003906123997043819   13    2    8    2
 0.001100081545546225   13    2    8    3
 0.002840187228689967   13    2    8    4
 -0.00196507956960383   13    2    8    5
 -3.383687390727329e-05   13    2    8    6
 -0.003174410956103017   13    2    8    7
 0.008766894580595848   13    2    8    8
 -0.0001763968742610372   13    2    9    1
 0.006918067331703462   13    2    9    2
 -0.001847693992074065   13    2    9    3
 -0.009168869512318344   13    2    9    4
 0.004097684083583678   13    2    9    5
 0.004683585749903386   13    2    9    6
 -0.001755338119739988   13    2    9    7
 -0.001653320980226445   13    2    9    8
 0.01160292272294702   13    2    9    9
 0.000208332667072857   13    2   10    1
 -0.001184194350416471   13    2   10    2
 0.001291438888854922   13    2   10    3
 0.001775382025640689   13    2   10    4
 -0.005287148917281623   13    2   10    5
 -0.004237523364377257   13    2   10    6
 -0.0006269473525123217   13    2   10    7
 0.001040216308624289   13    2   10    8
 -0.0034704005652824   13    2   10    9
 0.007624676888241624   13    2   10   10
 -2.455655064062239e-05   13    2   11    1
 7.688639211207116e-05   13    2   11    2
 6.848409652923246e-05   13    2   11    3
 0.0003494904336379473   13    2   11    4
 0.0001471254238066512   13    2   11    5
 0.001134824831041212   13    2   11    6
 0.001444983593340488   13    2   11    7
 -0.007807166295284924   13    2   11    8
 -0.003645022591539477   13    2   11    9
 -8.38640765640078e-05   13    2   11   10
 0.001754921180978941   13    2   11   11
 -2.028196860348411e-05   13    2   12    1
 0.001961419251045584   13    2   12    2
 -0.0004785385022207926   13    2   12    3
 -0.0004979139829302551   13    2   12    4
 0.0009134920315948387   13    2   12    5
 -0.0004901923989149127   13    2   12    6
 -0.005769634052778111   13    2   12    7
 0.01211445789525054   13    2   12    8
 0.005976766738178886   13    2   12    9
 0.0003971135391104249   13    2   12   10
 -0.0007586037784545085   13    2   12   11
 0.0200430639653392   13    2   12   12
 5.718866230171955e-05   13    2   13    1
 0.01681954038385142   13    2   13    2
 0.03807679144189783   13    3    1    1
 9.55822558403974e-05   13    3    2    1
 -0.008133446851703217   13    3    2    2
 -0.0004098617674743394   13    3    3    1
 0.00260236207792182   13    3    3    2
 0.01901936340609662   13    3    3    3
 -7.692952231455693e-05   13    3    4    1
 0.000657646055662674   13    3    4    2
 -0.0003754374592228457   13    3    4    3
 -0.003805986028768173   13    3    4    4
 0.0009181873148064441   13    3    5    1
 -0.002788515804479506   13    3    5    2
 -0.003550657278620918   13    3    5    3
 -0.000657055637198331   13    3    5    4
 -0.004384714562201198   13    3    5    5
 0.0005276404864644985   13    3    6    1
 0.001848731958547227   13    3    6    2
 -0.0001252430064588237   13    3    6    3
 -9.755484362555595e-05   13    3    6    4
 0.001591176438676127   13    3    6    5
 -0.0007663480810089637   13    3    6    6
 0.0004390454734678967   13    3    7    1
 0.001145417762302655   13    3    7    2
 0.000320780385833905   13    3    7    3
 -0.0004567015915172293   13    3    7    4
 0.001079707646951414   13    3    7    5
 0.001527951656577607   13    3    7    6
 -0.001431185378412309   13    3    7    7
 0.00147227451560226   13    3    8    1
 0.0005148186062204699   13    3    8    2
 0.002446633277885333   13    3    8    3
 -0.0003795386178590933   13    3    8    4
 0.000435501154049122   13    3    8    5
 0.001207147793495487   13    3    8    6
 -0.001017633513541565   13    3    8    7
 2.021388066177767e-05   13    3    8    8
 -0.002211272137653866   13    3    9    1
 -0.002194166714724593   13    3    9    2
 -0.004144163109240201   13    3    9    3
 0.0007176957588556888   13    3    9    4
 -0.002809884367921156   13    3    9    5
 -0.001916659836412034   13    3    9    6
 -0.00262361188146808   13    3    9    7
 -0.001993520751346007   13    3    9    8
 0.0033725072391544   13    3    9    9
 -0.0004185467918402192   13    3   10    1
 -0.001227879915724648   13    3   10    2
 -0.0008407723887073867   13    3   10    3
 -0.002030581011008915   13    3   10    4
 -0.001360686911726286   13    3   10    5
 0.008421142900756172   13    3   10    6
 0.002068395948396356   13    3   10    7
 0.0004908375715611127   13    3   10    8
 0.001462817059322132   13    3   10    9
 0.01464985665430805   13    3   10   10
 -0.0005922952964404429   13    3   11    1
 -0.0001492888518395336   13    3   11    2
 -0.001843864028520847   13    3   11    3
 -0.0003084964940950058   13    3   11    4
 0.001077562027630053   13    3   11    5
 0.0007465781197290971   13    3   11    6
 0.003400843563564961   13    3   11    7
 -0.007343903303363443   13    3   11    8
 -0.004071763900174116   13    3   11    9
 0.0002412401474557426   13    3   11   10
 0.006791203537123594   13    3   11   11
 -0.000530877294586349   13    3   12    1
 -0.0008026175176077729   13    3   12    2
 -0.002035010103611659   13    3   12    3
 0.0005363480557214089   13    3   12    4
 0.0005862980197791915   13    3   12    5
 -0.0001672254087241942   13    3   12    6
 0.002248244762235619   13    3   12    7
 -0.003436835822378772   13    3   12    8
 -0.002053318484936137   13    3   12    9
 -0.0001821628943198006   13    3   12   10
 0.009147398349838111   13    3   12   11
 0.005184889498668021   13    3   12   12
 0.0004278588267579555   13    3   13    1
 -0.0008622449085268679   13    3   13    2
 0.003149037656291053   13    3   13    3
 -0.02038963452165466   13    4    1    1
 -3.069720021884469e-05   13    4    2    1
 -0.0724645893048747   13    4    2    2
 -8.752031960660513e-05   13    4    3    1
 0.002737716748027953   13    4    3    2
 -0.0284410323707267   13    4    3    3
 1.447403808106963e-05   13    4    4    1
 -0.004251532120292112   13    4    4    2
 -0.000635464993479211   13    4    4    3
 -0.03447104660274779   13    4    4    4
 -0.0001078747859072035   13    4    5    1
 -0.01902391048581684   13    4    5    2
 -0.006984247275208857   13    4    5    3
 -0.005660072485979315   13    4    5    4
 -0.05955499534964358   13    4    5    5
 -0.0001026969386030434   13    4    6    1
 0.008346971714315804   13    4    6    2
 -0.001020719481529303   13    4    6    3
 0.008983548370830185   13    4    6    4
 0.01287989649838916   13    4    6    5
 -0.03478066676744492   13    4    6    6
 -9.610414473021533e-05   13    4    7    1
 0.004601377421464307   13    4    7    2
 -0.002730894174356968   13    4    7    3
 0.001307229313757133   13    4    7    4
 0.0006187583600025436   13    4    7    5
 -0.005279973995801832   13    4    7    6
 -0.008260182221167593   13    4    7    7
 -0.0001696649704741534   13    4    8    1
 0.005191940156526235   13    4    8    2
 -0.00409050595106648   13    4    8    3
 -0.0002773130992880351   13    4    8    4
 0.006120271208015472   13    4    8    5
 0.00182134945232202   13    4    8    6
 0.005940991796400173   13    4    8    7
 -0.0558445824399906   13    4    8    8
 0.0003500992320363668   13    4    9    1
 -0.007110957796433465   13    4    9    2
 0.007572947790144452   13    4    9    3
 0.003963918311921024   13    4    9    4
 -0.01046690996368082   13    4    9    5
 0.001010957453534567   13    4    9    6
 0.006985819520065332   13    4    9    7
 -0.01121007175291796   13    4    9    8
 -0.03435156278972371   13    4    9    9
 -1.281403470595344e-05   13    4   10    1
 -0.007546643240727658   13    4   10    2
 0.000270628656364135   13    4   10    3
 -0.00712202629958318   13    4   10    4
 -0.008900010713714596   13    4   10    5
 0.006375133566115933   13    4   10    6
 0.0003167406885116017   13    4   10    7
 0.001489492815749097   13    4   10    8
 -0.001902436596768491   13    4   10    9
 -0.02305554784240935   13    4   10   10
 -1.578440817008333e-05   13    4   11    1
 0.0003237702394078545   13    4   11    2
 -0.0001668324350512603   13    4   11    3
 8.323480782277217e-05   13    4   11    4
 0.001215388260897917   13    4   11    5
 0.004074811584321034   13    4   11    6
 -0.005753523999434749   13    4   11    7
 -0.02170783333093446   13    4   11    8
 -0.01108818089629978   13    4   11    9
 0.0007404565425256384   13    4   11   10
 -0.04690966524216641   13    4   11   11
 -2.360456189609652e-05   13    4   12    1
 -0.000774362710924776   13    4   12    2
 0.0006391159386085454   13    4   12    3
 0.003094383143980403   13    4   12    4
 0.002151321339301698   13    4   12    5
 -0.003520778786659249   13    4   12    6
 0.009424160755333484   13    4   12    7
 -0.00342600062961294   13    4   12    8
 -0.0004537239325396054   13    4   12    9
 0.0009453268256293776   13    4   12   10
 0.01790182528421939   13    4   12   11
 -0.04644818318529401   13    4   12   12
 -0.0001006827657430959   13    4   13    1
 -0.002399286456063972   13    4   13    2
 0.001981590290302536   13    4   13    3
 0.0446474675712412   13    4   13    4
 -0.002349942087870404   13    5    1    1
 -4.74805947614928e-05   13    5    2    1
 -0.01320615814720359   13    5    2    2
 -0.0002189577972216839   13    5    3    1
 -0.002227022193486415   13    5    3    2
 -0.008383791793509867   13    5    3    3
 -1.02373331506073e-06   13    5    4    1
 -0.01306288439668509   13    5    4    2
 -0.000916981954469438   13    5    4    3
 -0.03094271561515885   13    5    4    4
 -0.0002431697997013399   13    5    5    1
 -0.00981530115323377   13    5    5    2
 -0.003749946633872517   13    5    5    3
 -0.01343849571637814   13    5    5    4
 -0.01743372068851027   13    5    5    5
 -9.646391058461001e-05   13    5    6    1
 0.008064239469675091   13    5    6    2
 0.001895562018027127   13    5    6    3
 -0.003819678489995577   13    5    6    4
 0.009465981260587458   13    5    6    5
 -0.0112307840048056   13    5    6    6
 -0.0001186772826263886   13    5    7    1
 0.001463226122956664   13    5    7    2
 -0.0002026692196718252   13    5    7    3
 -0.001577481598644355   13    5    7    4
 0.001124582609118934   13    5    7    5
 -0.0001985170616234493   13    5    7    6
 -0.006381174764387274   13    5    7    7
 -0.0005705314109225998   13    5    8    1
 -0.001237431318134703   13    5    8    2
 -0.003353562517259202   13    5    8    3
 0.001728479168260835   13    5    8    4
 0.001214287878718156   13    5    8    5
 0.001854589373315631   13    5    8    6
 -0.001076709821128357   13    5    8    7
 -0.01670703926218519   13    5    8    8
 0.0008295713872483602   13    5    9    1
 0.0003278070640397767   13    5    9    2
 0.004492115451174763   13    5    9    3
 -0.006365219161579717   13    5    9    4
 -0.001587508923034598   13    5    9    5
 5.069002531261669e-05   13    5    9    6
 -0.002212631437949528   13    5    9    7
 -0.00816832497197045   13    5    9    8
 -0.005188956427701501   13    5    9    9
 0.0003602280338387106   13    5   10    1
 -0.00632053189169869   13    5   10    2
 0.0026046150017612   13    5   10    3
 -0.002106839224416362   13    5   10    4
 -0.006479340668805273   13    5   10    5
 0.00309021172323526   13    5   10    6
 0.0005570875827404257   13    5   10    7
 0.0008556966986914111   13    5   10    8
 -0.0008639549838276631   13    5   10    9
 -0.008443943191705669   13    5   10   10
 0.0002990571417618152   13    5   11    1
 -0.0003763849287286549   13    5   11    2
 0.001570010189076634   13    5   11    3
 -0.0002531291502010145   13    5   11    4
 0.000111964004901631   13    5   11    5
 0.001905296709142699   13    5   11    6
 0.0004526224656379035   13    5   11    7
 -0.01536385568170137   13    5   11    8
 -0.006851689236390378   13    5   11    9
 0.0001680081368704958   13    5   11   10
 -0.01994599512081751   13    5   11   11
 0.0002735638939977236   13    5   12    1
 0.0001832244000001395   13    5   12    2
 0.0009008971161614677   13    5   12    3
 0.00143882120176273   13    5   12    4
 0.00230026236297548   13    5   12    5
 -0.002045647106178259   13    5   12    6
 -0.001809250882290972   13    5   12    7
 0.008489639630559822   13    5   12    8
 0.006098049459926019   13    5   12    9
 0.0007464441002651877   13    5   12   10
 0.006133146999729374   13    5   12   11
 -0.002444713026067214   13    5   12   12
 -0.0001992806315097033   13    5   13    1
 0.008990889974194033   13    5   13    2
 0.001409273048277402   13    5   13    3
 0.00952319123947663   13    5   13    4
 0.01920031260626515   13    5   13    5
 0.01016222323783072   13    6    1    1
 -1.956443689584637e-05   13    6    2    1
 0.01669328676022216   13    6    2    2
 -4.41227173105819e-05   13    6    3    1
 0.0009875443804661932   13    6    3    2
 0.01025072738215265   13    6    3    3
 1.761438435338376e-06   13    6    4    1
 0.005788878010450802   13    6    4    2
 0.00165252441819425   13    6    4    3
 0.02649145175060302   13    6    4    4
 -4.553180768893134e-05   13    6    5    1
 0.008653685445801472   13    6    5    2
 0.001955845695021647   13    6    5    3
 0.005121011959967904   13    6    5    4
 0.01692366567124913   13    6    5    5
 -8.617849695004189e-06   13    6    6    1
 -0.006418175098182877   13    6    6    2
 -0.004993780283367551   13    6    6    3
 0.01124426576857061   13    6    6    4
 -0.0113929294596191   13    6    6    5
 -0.008731898134701092   13    6    6    6
 9.147137949816134e-06   13    6    7    1
 2.763877610839674e-05   13    6    7    2
 0.0002732878189535883   13    6    7    3
 0.003810583662015132   13    6    7    4
 0.0004106019478346475   13    6    7    5
 0.005794344502695922   13    6    7    6
 -0.01706338315206191   13    6    7    7
 -0.0001623780244274217   13    6    8    1
 0.0001288205574535412   13    6    8    2
 0.0003777642669372361   13    6    8    3
 0.0006483882490176259   13    6    8    4
 0.0004335396685891635   13    6    8    5
 0.00198080965751579   13    6    8    6
 -0.005352211236653295   13    6    8    7
 0.01602050995327318   13    6    8    8
 0.0001310769237406423   13    6    9    1
 0.0009090729760071742   13    6    9    2
 -0.003923070244829348   13    6    9    3
 0.006680071929362859   13    6    9    4
 -0.002224098509858111   13    6    9    5
 -0.007481331614748238   13    6    9    6
 -0.009120681650107248   13    6    9    7
 0.001385365738631431   13    6    9    8
 0.007511670594425211   13    6    9    9
 5.603933355248021e-05   13    6   10    1
 0.003846473629892176   13    6   10    2
 -0.001294425802483163   13    6   10    3
 -0.004500431848312791   13    6   10    4
 0.007305018996302474   13    6   10    5
 0.009907317217318265   13    6   10    6
 0.001725361890079123   13    6   10    7
 -0.0007244586617747654   13    6   10    8
 0.005856800877556483   13    6   10    9
 0.0005831097618338785   13    6   10   10
 0.0001732441369534834   13    6   11    1
 0.0009363927267655412   13    6   11    2
 0.0008869246763624157   13    6   11    3
 0.0008058794888910761   13    6   11    4
 -0.000460206797441939   13    6   11    5
 -0.002787400181087844   13    6   11    6
 0.005474443822999992   13    6   11    7
 0.00484640631068822   13    6   11    8
 0.003305277969817948   13    6   11    9
 0.0002300669402256932   13    6   11   10
 0.0125791906606088   13    6   11   11
 0.00016733359872478   13    6   12    1
 -0.0005626253330281973   13    6   12    2
 9.655255881203741e-05   13    6   12    3
 -0.001103695734646166   13    6   12    4
 -0.00118434772374324   13    6   12    5
 0.002400123450687121   13    6   12    6
 -0.004053591216615227   13    6   12    7
 0.001075385727118559   13    6   12    8
 0.001399184232928316   13    6   12    9
 -0.001911672845427229   13    6   12   10
 -0.003388921815192511   13    6   12   11
 0.0144805447915482   13    6   12   12
 -4.057292943088554e-05   13    6   13    1
 -0.0004573308621014465   13    6   13    2
 0.0008167397062071959   13    6   13    3
 -6.442288970119735e-05   13    6   13    4
 0.00303791925365028   13    6   13    5
 0.02460019976448289   13    6   13    6
 0.01096816738092084   13    7    1    1
 -2.081844101356869e-05   13    7    2    1
 -0.003727473714870126   13    7    2    2
 -9.457219351427664e-05   13    7    3    1
 0.00174968936742307   13    7    3    2
 0.007374455922253782   13    7    3    3
 -3.447893563857264e-06   13    7    4    1
 0.002317089193623602   13    7    4    2
 -0.0003581713156030215   13    7    4    3
 0.006427738366365471   13    7    4    4
 -3.332904778563128e-05   13    7    5    1
 0.001451898963889202   13    7    5    2
 -0.001661570502249156   13    7    5    3
 0.0005147371500330349   13    7    5    4
 0.0002088386910860562   13    7    5    5
 4.293882256032275e-05   13    7    6    1
 0.0008050009186177661   13    7    6    2
 -0.0001391377833081545   13    7    6    3
 0.001500127814297593   13    7    6    4
 -0.000377212428304424   13    7    6    5
 0.002230176362303878   13    7    6    6
 5.503562496383011e-05   13    7    7    1
 0.000168047694129203   13    7    7    2
 0.0003265376660151683   13    7    7    3
 0.002584802326227945   13    7    7    4
 0.001347372832000612   13    7    7    5
 0.0003638752549240828   13    7    7    6
 -0.002256774172387556   13    7    7    7
 -0.0002046851533532613   13    7    8    1
 -0.001137398975971892   13    7    8    2
 -0.001368418616141813   13    7    8    3
 0.001051663596013929   13    7    8    4
 0.0009811315365056141   13    7    8    5
 0.001286015341453711   13    7    8    6
 -0.0006264794813058825   13    7    8    7
 0.002800744914455399   13    7    8    8
 8.787634638436241e-05   13    7    9    1
 -0.001551072863533502   13    7    9    2
 0.0001235314394956333   13    7    9    3
 0.003136787712015151   13    7    9    4
 -0.004036934527229282   13    7    9    5
 -0.002180261365277263   13    7    9    6
 -0.002987455604930395   13    7    9    7
 -0.002256187233858598   13    7    9    8
 0.004308501543610757   13    7    9    9
 0.0002157419426536859   13    7   10    1
 7.374078538377801e-05   13    7   10    2
 0.0009970413006194045   13    7   10    3
 -0.001598850049458316   13    7   10    4
 -0.0002942948560371706   13    7   10    5
 0.00318508616545812   13    7   10    6
 0.001908040783004042   13    7   10    7
 -6.294736109176775e-05   13    7   10    8
 0.001967087455875283   13    7   10    9
 0.005776710524202208   13    7   10   10
 0.0002940627633434056   13    7   11    1
 0.000733953138639392   13    7   11    2
 0.00146313385115303   13    7   11    3
 -6.272879397300317e-05   13    7   11    4
 0.0001218464703796245   13    7   11    5
 0.0001947462534723695   13    7   11    6
 0.002080130907395012   13    7   11    7
 -0.00249088520132102   13    7   11    8
 -0.0007663879529447223   13    7   11    9
 -0.0002907315803199333   13    7   11   10
 0.003445127125174389   13    7   11   11
 0.0002726476739717495   13    7   12    1
 -0.002100313831485794   13    7   12    2
 0.0003985565154452721   13    7   12    3
 0.0008577218792648617   13    7   12    4
 -0.001697722527543837   13    7   12    5
 -3.901547507057915e-05   13    7   12    6
 -0.0003977603955905555   13    7   12    7
 -0.00100326284674612   13    7   12    8
 -0.0005587161928366112   13    7   12    9
 -0.000594638864853545   13    7   12   10
 0.002833791649546565   13    7   12   11
 0.003120962919268013   13    7   12   12
 -6.235050520551148e-05   13    7   13    1
 -0.0009733269788121898   13    7   13    2
 0.0002312272061437206   13    7   13    3
 0.0037751149163254   13    7   13    4
 -0.000827684218251078   13    7   13    5
 0.000463273713618933   13    7   13    6
 0.008166956201389124   13    7   13    7
 0.02960995593469858   13    8    1    1
 -6.318710891428081e-05   13    8    2    1
 -0.01162451794740844   13    8    2    2
 -0.0005690145124742725   13    8    3    1
 0.001154132899844918   13    8    3    2
 0.008715260861118295   13    8    3    3
 4.152557475382241e-07   13    8    4    1
 0.003627185939552685   13    8    4    2
 7.146005206221391e-05   13    8    4    3
 -0.001111872332300998   13    8    4    4
 1.196751093149942e-05   13    8    5    1
 -0.002784797755582172   13    8    5    2
 -0.006244010805551123   13    8    5    3
 0.002186371066630884   13    8    5    4
 -0.004348264054826293   13    8    5    5
 2.824183522096171e-05   13    8    6    1
 0.001188221561892769   13    8    6    2
 -0.002528169809310946   13    8    6    3
 0.002395657989229516   13    8    6    4
 0.001928255908367807   13    8    6    5
 -0.002372744170730787   13    8    6    6
 -0.0001224203442833713   13    8    7    1
 -0.001177342650964421   13    8    7    2
 -0.002714670649554375   13    8    7    3
 0.0009823309002592545   13    8    7    4
 0.0006563591391670665   13    8    7    5
 -0.001089237496417622   13    8    7    6
 -0.001144924032400229   13    8    7    7
 -2.581664320624336e-05   13    8    8    1
 -0.001446671419356329   13    8    8    2
 -0.001884390557006193   13    8    8    3
 -0.009046693232558327   13    8    8    4
 0.00320114584827685   13    8    8    5
 0.003899651380981589   13    8    8    6
 0.002397755742213862   13    8    8    7
 0.0001357426666809197   13    8    8    8
 0.0004192672262938083   13    8    9    1
 -0.003235166004153718   13    8    9    2
 0.007028638043478848   13    8    9    3
 -0.001015486149654233   13    8    9    4
 -0.007310673662034367   13    8    9    5
 -0.003350317639551909   13    8    9    6
 -0.002509707122300979   13    8    9    7
 -0.005299868453396085   13    8    9    8
 0.005579915215624636   13    8    9    9
 0.0001952159722243042   13    8   10    1
 0.0002649117101469552   13    8   10    2
 0.0009820911487883972   13    8   10    3
 -0.00138048718988388   13    8   10    4
 -0.001319934850388673   13    8   10    5
 0.00625936541082719   13    8   10    6
 0.001963006123715819   13    8   10    7
 -0.002163808917493382   13    8   10    8
 0.001868274938463332   13    8   10    9
 0.01301407289282168   13    8   10   10
 -0.0002636561400506265   13    8   11    1
 -0.005706507411447334   13    8   11    2
 -0.001400242840825529   13    8   11    3
 -0.006420679494970851   13    8   11    4
 -0.002680244597911917   13    8   11    5
 -0.001320626518995505   13    8   11    6
 0.0009704226881717176   13    8   11    7
 -0.003219727463379326   13    8   11    8
 -0.001886569993796474   13    8   11    9
 -0.0008496927853446513   13    8   11   10
 0.006689844250626496   13    8   11   11
 -0.0002625290094727958   13    8   12    1
 0.005201759636021111   13    8   12    2
 -9.787714301321441e-05   13    8   12    3
 0.001300260599612308   13    8   12    4
 0.003410970106208049   13    8   12    5
 0.003084518536977055   13    8   12    6
 0.004757364259501766   13    8   12    7
 -0.00936620095291126   13    8   12    8
 -0.00142842333115201   13    8   12    9
 -0.0006840276375681852   13    8   12   10
 0.009939477687926241   13    8   12   11
 -0.00136794358138874   13    8   12   12
 -0.0001407196785044273   13    8   13    1
 -0.003201089246297914   13    8   13    2
 0.0006337988930158857   13    8   13    3
 0.001488792232928579   13    8   13    4
 -0.003462400561720339   13    8   13    5
 -0.003382353488627788   13    8   13    6
 0.0005392424836764837   13    8   13    7
 0.008321947707832192   13    8   13    8
 -0.04751513119176365   13    9    1    1
 8.880234053630886e-05   13    9    2    1
 0.01587186573184101   13    9    2    2
 0.000789207633330775   13    9    3    1
 -0.003190128947466038   13    9    3    2
 -0.0184777237588315   13    9    3    3
 -1.640410284841415e-07   13    9    4    1
 -0.003729235774016668   13    9    4    2
 0.0002537177566480446   13    9    4    3
 0.007760432566689483   13    9    4    4
 -4.056178557098866e-05   13    9    5    1
 0.001634159215371397   13    9    5    2
 0.00890766807543786   13    9    5    3
 -0.003374853626279005   13    9    5    4
 0.00497472467428509   13    9    5    5
 -6.891332149818052e-05   13    9    6    1
 -0.0004183999267571434   13    9    6    2
 0.001378298329332175   13    9    6    3
 0.004788215350072605   13    9    6    4
 -0.005311975585566721   13    9    6    5
 -0.005564327609164304   13    9    6    6
 -5.794921444365302e-05   13    9    7    1
 -0.001993448247498041   13    9    7    2
 0.001264141373322135   13    9    7    3
 0.003121745059287528   13    9    7    4
 -0.003003833978677245   13    9    7    5
 -0.001794655235629275   13    9    7    6
 -0.008126229983009072   13    9    7    7
 0.0004102800995656243   13    9    8    1
 -0.00231453574005143   13    9    8    2
 0.006418339941482713   13    9    8    3
 -0.001944202816520802   13    9    8    4
 -0.005809907011808231   13    9    8    5
 -0.001814398833636155   13    9    8    6
 -0.003733194254890538   13    9    8    7
 -0.002311613633878302   13    9    8    8
 -0.000335775921955934   13    9    9    1
 0.002003165002858885   13    9    9    2
 -0.007231498713506891   13    9    9    3
 -0.003211235404053445   13    9    9    4
 0.01079057328126471   13    9    9    5
 0.004003046767009934   13    9    9    6
 0.001131813578616446   13    9    9    7
 0.007966250869695109   13    9    9    8
 -0.01515338551745774   13    9    9    9
 -0.0003327113176336283   13    9   10    1
 -0.0002170351195638027   13    9   10    2
 -0.001906623204001028   13    9   10    3
 -0.0006083208773524691   13    9   10    4
 0.004243197638446813   13    9   10    5
 -0.005629756232501586   13    9   10    6
 -0.0005250440913747067   13    9   10    7
 -0.0004415431005542485   13    9   10    8
 -0.002368489138677338   13    9   10    9
 -0.02558076292735266   13    9   10   10
 -0.0004798703756443133   13    9   11    1
 -0.002917773390468121   13    9   11    2
 -0.002332556677732152   13    9   11    3
 -0.003007852081575371   13    9   11    4
 -0.001074132786471858   13    9   11    5
 -0.0009743894978474122   13    9   11    6
 -0.001272589296448819   13    9   11    7
 0.007448092922379129   13    9   11    8
 0.001803485040859288   13    9   11    9
 -0.0008047196154473225   13    9   11   10
 -0.01128182050143568   13    9   11   11
 -0.0004407206672154763   13    9   12    1
 0.003417932801450575   13    9   12    2
 -0.0007319387520528502   13    9   12    3
 4.555990705727883e-06   13    9   12    4
 0.003828072605896186   13    9   12    5
 0.003652571138388647   13    9   12    6
 -0.005890036596566767   13    9   12    7
 0.01135987417797247   13    9   12    8
 0.005908082417729312   13    9   12    9
 -0.0003252271787993987   13    9   12   10
 -0.01403927257753974   13    9   12   11
 -0.0005261699060125533   13    9   12   12
 0.0002344616417389022   13    9   13    1
 0.00491987645134041   13    9   13    2
 -0.0006725596649861762   13    9   13    3
 0.001966225740302894   13    9   13    4
 0.007500458539866698   13    9   13    5
 0.009172903200981301   13    9   13    6
 0.001100727927038028   13    9   13    7
 -0.001800368151161721   13    9   13    8
 0.01238218545181342   13    9   13    9
 -0.01855148714524699   13   10    1    1
 1.482687352190942e-05   13   10    2    1
 -0.01293731535336546   13   10    2    2
 0.0002672921175830577   13   10    3    1
 -0.0006787442566397381   13   10    3    2
 -0.01062812491246986   13   10    3    3
 -9.467939795183394e-05   13   10    4    1
 -0.007070762865444386   13   10    4    2
 -0.001896052950996267   13   10    4    3
 -0.02148269146819145   13   10    4    4
 -0.000202729978190854   13   10    5    1
 -0.006687802470830915   13   10    5    2
 -0.0001743889392966875   13   10    5    3
 -0.005451984940676773   13   10    5    4
 -0.01442902384260002   13   10    5    5
 0.0004877740782594538   13   10    6    1
 0.006085213638939763   13   10    6    2
 0.00752319288366252   13   10    6    3
 -0.008874039953812205   13   10    6    4
 0.00928761198999877   13   10    6    5
 0.006376224162690521   13   10    6    6
 0.0001165413812554701   13   10    7    1
 0.0009159670870766911   13   10    7    2
 0.001413862950095771   13   10    7    3
 -0.003278880725437292   13   10    7    4
 -0.0004443426778389652   13   10    7    5
 -0.003467425964973911   13   10    7    6
 0.01206285213688902   13   10    7    7
 -4.401794244488459e-05   13   10    8    1
 0.0004620496207136832   13   10    8    2
 0.0002427188611287716   13   10    8    3
 0.0005518779410292444   13   10    8    4
 -0.000384931686171424   13   10    8    5
 -0.001375305854508926   13   10    8    6
 0.002963242669225576   13   10    8    7
 -0.01460600137270922   13   10    8    8
 0.0002204454527440756   13   10    9    1
 -0.0002521592001570449   13   10    9    2
 0.001367142465136515   13   10    9    3
 -0.005429930852802917   13   10    9    4
 0.002379912744082283   13   10    9    5
 0.006271030311650329   13   10    9    6
 0.00667166634621875   13   10    9    7
 -0.001583124819404361   13   10    9    8
 -0.007533070345923132   13   10    9    9
 0.001654728047605017   13   10   10    1
 -0.003327794404187561   13   10   10    2
 0.007220020127217564   13   10   10    3
 0.003322837015964389   13   10   10    4
 -0.006901652719634297   13   10   10    5
 -0.009594994428355269   13   10   10    6
 -0.002208997336207501   13   10   10    7
 0.002114341488765862   13   10   10    8
 -0.006747531204682935   13   10   10    9
 -0.008097965666562649   13   10   10   10
 3.516373634247766e-05   13   10   11    1
 -6.912824512152253e-06   13   10   11    2
 0.0002353098046558891   13   10   11    3
 0.0001486254973033705   13   10   11    4
 0.0005892262096374636   13   10   11    5
 0.002069231939957705   13   10   11    6
 -0.004337168312215909   13   10   11    7
 -0.006369919229036918   13   10   11    8
 -0.003549266579267664   13   10   11    9
 -0.0009947062103572287   13   10   11   10
 -0.01539329279046237   13   10   11   11
 -1.884030515668647e-05   13   10   12    1
 1.101764795841277e-05   13   10   12    2
 0.00020354414351282   13   10   12    3
 0.0009238051891703528   13   10   12    4
 0.0007718281359358791   13   10   12    5
 -0.002713382803875401   13   10   12    6
 0.0006778467173477555   13   10   12    7
 0.004210198373405855   13   10   12    8
 0.00157906972565078   13   10   12    9
 0.000795763823723295   13   10   12   10
 0.0005087294181288773   13   10   12   11
 -0.009925247579639682   13   10   12   12
 -2.090536899530687e-05   13   10   13    1
 0.001938873050894376   13   10   13    2
 -0.0006177523193676169   13   10   13    3
 0.004427122964803301   13   10   13    4
 0.001196542249736094   13   10   13    5
 -0.01329476837400938   13   10   13    6
 -0.001028792281732496   13   10   13    7
 0.0006105478933302139   13   10   13    8
 -0.004234307745808105   13   10   13    9
 0.009849034716759082   13   10   13   10
 -0.01970991875250301   13   11    1    1
 2.104406799129246e-05   13   11    2    1
 0.001996960727603668   13   11    2    2
 0.0002996644069081518   13   11    3    1
 -0.001095155118259874   13   11    3    2
 -0.009463466616280098   13   11    3    3
 6.363682700846913e-06   13   11    4    1
 0.0002309891871007024   13   11    4    2
 -0.0002006774771083808   13   11    4    3
 0.001354700358035058   13   11    4    4
 -7.716487697960971e-05   13   11    5    1
 -0.0001950906596821277   13   11    5    2
 0.003049525634160195   13   11    5    3
 0.0003263107913116975   13   11    5    4
 -0.0001354307177172401   13   11    5    5
 -3.941305161670077e-05   13   11    6    1
 0.0006714867139486834   13   11    6    2
 0.0009925561275968586   13   11    6    3
 0.002528494749225628   13   11    6    4
 -0.0009003631490757001   13   11    6    5
 -0.003103763299357746   13   11    6    6
 0.0001927437363207417   13   11    7    1
 0.001371024859940203   13   11    7    2
 0.00243229044666231   13   11    7    3
 -0.001169188999467903   13   11    7    4
 0.0002756122087764677   13   11    7    5
 -7.462772305217071e-05   13   11    7    6
 -0.001290043656013183   13   11    7    7
 -0.0004455691188815779   13   11    8    1
 -0.009187732427813011   13   11    8    2
 -0.001953042916401462   13   11    8    3
 -0.006828158297078615   13   11    8    4
 -0.006236602331418391   13   11    8    5
 -0.001708679500730681   13   11    8    6
 -0.0002065289391606711   13   11    8    7
 -0.001925684648870984   13   11    8    8
 -0.0001545876815710133   13   11    9    1
 -0.003803345878050568   13   11    9    2
 -0.002739831914136947   13   11    9    3
 -0.0035214279210335   13   11    9    4
 0.001298828819752708   13   11    9    5
 0.0009853868436059167   13   11    9    6
 0.001606680771414403   13   11    9    7
 0.002191483539923097   13   11    9    8
 -0.007250355887689791   13   11    9    9
 8.799208254161827e-06   13   11   10    1
 0.000361586104043353   13   11   10    2
 -2.548663033392987e-05   13   11   10    3
 0.0006376682813844388   13   11   10    4
 0.001297105726867552   13   11   10    5
 -0.002993586710485204   13   11   10    6
 -0.001288828040522071   13   11   10    7
 -0.001325463763545558   13   11   10    8
 -0.00155899234684205   13   11   10    9
 -0.01022897183170997   13   11   10   10
 0.0008510258916980016   13   11   11    1
 -0.005886801815703989   13   11   11    2
 0.005403295033964449   13   11   11    3
 -0.008489048779205168   13   11   11    4
 -0.002354853964038106   13   11   11    5
 -0.000148116427434733   13   11   11    6
 -0.001465560140925282   13   11   11    7
 0.005781428076075336   13   11   11    8
 -0.0002640666441125626   13   11   11    9
 -0.002264337004624737   13   11   11   10
 -0.00510013859248032   13   11   11   11
 0.000809360303064019   13   11   12    1
 0.0004320935254613998   13   11   12    2
 0.001013824305857537   13   11   12    3
 0.005409690392945758   13   11   12    4
 -0.003107408663207732   13   11   12    5
 -0.001438554476606295   13   11   12    6
 -0.001562734750199857   13   11   12    7
 0.002109332735625885   13   11   12    8
 0.0009384643555086998   13   11   12    9
 0.0007939840684575628   13   11   12   10
 -0.006178324750648964   13   11   12   11
 -0.005245245585026068   13   11   12   12
 -1.242053772878268e-05   13   11   13    1
 4.281624963586089e-05   13   11   13    2
 -0.0003035829503012292   13   11   13    3
 -0.001033537743342195   13   11   13    4
 0.0004365427638549651   13   11   13    5
 0.0009001102079656304   13   11   13    6
 -0.001136657675863829   13   11   13    7
 0.0022491212152069   13   11   13    8
 0.002255676443705965   13   11   13    9
 -0.0004871222906776031   13   11   13   10
 0.006004888854474687   13   11   13   11
 -0.01787155203182699   13   12    1    1
 2.183647490314361e-05   13   12    2    1
 0.00833889955251373   13   12    2    2
 0.0002579712932829194   13   12    3    1
 -0.002326898267006264   13   12    3    2
 -0.009217963667959742   13   12    3    3
 7.694751730728692e-06   13   12    4    1
 0.0007372465752980577   13   12    4    2
 5.784920637760346e-05   13   12    4    3
 0.008230026032686306   13   12    4    4
 -7.420465670733887e-05   13   12    5    1
 -0.0009172119409312157   13   12    5    2
 0.003199386935131107   13   12    5    3
 0.00068615269904164   13   12    5    4
 0.005664590589373629   13   12    5    5
 -5.614435733477497e-05   13   12    6    1
 -0.0009030098368553162   13   12    6    2
 0.0006097110707774555   13   12    6    3
 0.0005856350186710116   13   12    6    4
 -0.002458612110484396   13   12    6    5
 0.002703110825441707   13   12    6    6
 0.0001035679667726682   13   12    7    1
 -0.003550403263395241   13   12    7    2
 -0.0001615590260735036   13   12    7    3
 0.002754960143723161   13   12    7    4
 -0.003415669937843608   13   12    7    5
 -0.002567871781489238   13   12    7    6
 0.0009152026669666291   13   12    7    7
 -0.000306463407899282   13   12    8    1
 0.008504723889859811   13   12    8    2
 0.0009321979265072319   13   12    8    3
 0.001808931049413133   13   12    8    4
 0.003370266372266719   13   12    8    5
 0.0007520776496898396   13   12    8    6
 0.0007622488753598768   13   12    8    7
 -0.0009875093016974226   13   12    8    8
 -5.274929383160573e-05   13   12    9    1
 0.005018700070439339   13   12    9    2
 -0.0002357250044875649   13   12    9    3
 0.001033869603333112   13   12    9    4
 0.007703408087982812   13   12    9    5
 0.002875272496849738   13   12    9    6
 0.001548279951687827   13   12    9    7
 0.005691021965943552   13   12    9    8
 -0.001634684316686744   13   12    9    9
 -3.93495308410509e-05   13   12   10    1
 0.0004729038885543418   13   12   10    2
 -0.000239951804206692   13   12   10    3
 0.001121296214932151   13   12   10    4
 0.002045874774344215   13   12   10    5
 -0.005596517025707958   13   12   10    6
 -0.0006895932697356419   13   12   10    7
 0.0003637597608582122   13   12   10    8
 -0.0009033802023037452   13   12   10    9
 -0.007271319512445772   13   12   10   10
 0.000516511746059856   13   12   11    1
 0.003214441594246204   13   12   11    2
 -3.800066652573139e-05   13   12   11    3
 0.005162246899662836   13   12   11    4
 -0.0008149556169579754   13   12   11    5
 -0.001997046145750923   13   12   11    6
 -0.00218695053639757   13   12   11    7
 0.007240036510215545   13   12   11    8
 0.002825288253687297   13   12   11    9
 0.0007291016413788392   13   12   11   10
 -0.002151127097688631   13   12   11   11
 0.0004598316103012574   13   12   12    1
 0.005115514606966622   13   12   12    2
 0.003842119658826672   13   12   12    3
 -0.006092834376200013   13   12   12    4
 0.006267822881177485   13   12   12    5
 0.004643626756877467   13   12   12    6
 -0.0009890978463470174   13   12   12    7
 0.001159139884033914   13   12   12    8
 0.001479721960791924   13   12   12    9
 -0.001796230312964895   13   12   12   10
 -0.007015757937486457   13   12   12   11
 -0.002101584232062173   13   12   12   12
 -9.355691988888429e-07   13   12   13    1
 -0.0004500439996781554   13   12   13    2
 -0.001111430705486261   13   12   13    3
 -0.001287718057783635   13   12   13    4
 -0.001865181474041979   13   12   13    5
 -0.00111848639969305   13   12   13    6
 -0.0008725310022482117   13   12   13    7
 0.0004586849132694659   13   12   13    8
 0.0005196108976088274   13   12   13    9
 0.0005750783806869603   13   12   13   10
 -0.003013256421492035   13   12   13   11
 0.006842216172872541   13   12   13   12
 0.2349168594687079   13   13    1    1
 9.548079670118524e-05   13   13    2    1
 0.3156346894549988   13   13    2    2
 0.0001038666534199909   13   13    3    1
 -0.002579306812935063   13   13    3    2
 0.2498223286899924   13   13    3    3
 -4.609756992569342e-05   13   13    4    1
 0.004539391636089432   13   13    4    2
 -0.0008615444105920921   13   13    4    3
 0.3403289659142019   13   13    4    4
 0.000516898844225461   13   13    5    1
 0.02849556930267107   13   13    5    2
 0.0162122847579518   13   13    5    3
 0.006468074526186009   13   13    5    4
 0.2980699919810536   13   13    5    5
 0.0003175180654393669   13   13    6    1
 -0.004168895306475574   13   13    6    2
 0.00858455733158503   13   13    6    3
 0.004422314880551937   13   13    6    4
 -0.007774584037642969   13   13    6    5
 0.3086265573682805   13   13    6    6
 0.0003710744346473416   13   13    7    1
 -0.002465254374816157   13   13    7    2
 0.006377136872971725   13   13    7    3
 0.004474113553267594   13   13    7    4
 -0.004163428559206074   13   13    7    5
 0.006100258494113654   13   13    7    6
 0.2523873036093396   13   13    7    7
 0.000760415900757029   13   13    8    1
 -0.007249810757447976   13   13    8    2
 0.01013838344163401   13   13    8    3
 0.002786506056993288   13   13    8    4
 -0.0133128590264662   13   13    8    5
 -0.008648360070444491   13   13    8    6
 -0.006800774855338209   13   13    8    7
 0.2887234592155158   13   13    8    8
 -0.001511976397440604   13   13    9    1
 0.01371983382882217   13   13    9    2
 -0.0195208483338182   13   13    9    3
 0.001338254168844598   13   13    9    4
 0.02415506738350281   13   13    9    5
 0.01950384673407684   13   13    9    6
 0.001132520573914054   13   13    9    7
 0.0184171409609019   13   13    9    8
 0.2626699662328897   13   13    9    9
 -0.0002420564004871536   13   13   10    1
 0.005764383786108956   13   13   10    2
 -0.002750690545539662   13   13   10    3
 0.008314123946500551   13   13   10    4
 0.007380894117593979   13   13   10    5
 -0.03210579327387291   13   13   10    6
 -0.004374991731939889   13   13   10    7
 0.0006568087418378841   13   13   10    8
 -0.009481090177924511   13   13   10    9
 0.2471605305825992   13   13   10   10
 -7.115386564020661e-06   13   13   11    1
 0.0003965748232623502   13   13   11    2
 0.0008115251715123346   13   13   11    3
 -0.0002810236458121231   13   13   11    4
 -0.0007611396052193834   13   13   11    5
 -0.003100759160706868   13   13   11    6
 0.003880210002733411   13   13   11    7
 0.03107428164200323   13   13   11    8
 0.01608887895266359   13   13   11    9
 -0.001475183848090293   13   13   11   10
 0.271806529371735   13   13   11   11
 2.467084711851019e-05   13   13   12    1
 -0.0001725515083175539   13   13   12    2
 -0.001184446864064358   13   13   12    3
 -0.0007512093549835964   13   13   12    4
 -0.004860947188146779   13   13   12    5
 0.003619227838831035   13   13   12    6
 -0.01972754932829223   13   13   12    7
 0.01177230830302161   13   13   12    8
 0.001758325027559211   13   13   12    9
 0.0009705174406111994   13   13   12   10
 -0.03284032128308413   13   13   12   11
 0.2791692325355359   13   13   12   12
 0.0003393309099634958   13   13   13    1
 0.002972353459737216   13   13   13    2
 -0.003860911167503621   13   13   13    3
 -0.01326193294213727   13   13   13    4
 -0.01677470594704429   13   13   13    5
 -0.002028250521287769   13   13   13    6
 0.004552231865417938   13   13   13    7
 -0.001638016385219253   13   13   13    8
 0.0003509946971777214   13   13   13    9
 0.0004493519292716465   13   13   13   10
 -0.001028751722950558   13   13   13   11
 0.005354779069864593   13   13   13   12
 0.3042982460113913   13   13   13   13
 0.0007842655014961911   14    1    1    1
 -1.176114447902498e-05   14    1    2    1
 0.0001556873101791497   14    1    2    2
 -0.0001660622877411962   14    1    3    1
 1.833398604293255e-05   14    1    3    2
 -0.0002168601445410644   14    1    3    3
 0.0002427227922450028   14    1    4    1
 0.0001360155883829538   14    1    4    2
 0.0003972024587677088   14    1    4    3
 0.0002551216182487695   14    1    4    4
 0.0003164623920759586   14    1    5    1
 9.437174173789903e-05   14    1    5    2
 0.0004241230607233006   14    1    5    3
 -1.406068611394619e-06   14    1    5    4
 -5.048845427919438e-05   14    1    5    5
 -0.001355101421655463   14    1    6    1
 -0.0002486512384502455   14    1    6    2
 -0.0019232843984658   14    1    6    3
 5.981517195559676e-05   14    1    6    4
 0.0003582106312739487   14    1    6    5
 0.0003631209905644225   14    1    6    6
 -0.0007010335453800452   14    1    7    1
 -0.0001012105737076279   14    1    7    2
 -0.0009508615869226161   14    1    7    3
 7.949477751158602e-06   14    1    7    4
 0.000236111576279161   14    1    7    5
 0.0002967712715397807   14    1    7    6
 4.050039704514873e-05   14    1    7    7
 0.0007289083150818606   14    1    8    1
 0.0001476654325586689   14    1    8    2
 0.0009313549526560995   14    1    8    3
 -2.070641702400342e-05   14    1    8    4
 -0.0003040020089342159   14    1    8    5
 0.0001257096713038758   14    1    8    6
 6.080649878433735e-05   14    1    8    7
 -0.0001965452866533455   14    1    8    8
 -0.0001546127711504361   14    1    9    1
 -5.440535168568161e-06   14    1    9    2
 -9.715445844500632e-05   14    1    9    3
 0.000133174286345139   14    1    9    4
 0.0001428149320290004   14    1    9    5
 -0.0004864294684682346   14    1    9    6
 -0.0002544837084371603   14    1    9    7
 0.0003129069824893831   14    1    9    8
 -0.0001239754684071987   14    1    9    9
 -0.004406851646486033   14    1   10    1
 -0.0002485157408605337   14    1   10    2
 -0.004958029503391575   14    1   10    3
 -0.0001946042333216348   14    1   10    4
 0.001949186055766815   14    1   10    5
 0.001061951177432878   14    1   10    6
 0.0006314051757562312   14    1   10    7
 0.001029743703795261   14    1   10    8
 -0.001699012626794393   14    1   10    9
 5.99281858582988e-05   14    1   10   10
 -0.001525846952742017   14    1   11    1
 -0.0001055700174775005   14    1   11    2
 -0.001826076050171851   14    1   11    3
 -1.726802824678152e-05   14    1   11    4
 0.0006391514180253394   14    1   11    5
 0.0003097150128003785   14    1   11    6
 0.0001991713816775618   14    1   11    7
 0.0004739552634592807   14    1   11    8
 -0.0005080833070427989   14    1   11    9
 3.366935968664616e-05   14    1   11   10
 0.0001010499903053455   14    1   11   11
 -0.00134041945306505   14    1   12    1
 -2.464085108765776e-05   14    1   12    2
 -0.001332902842786681   14    1   12    3
 -8.822167112294493e-05   14    1   12    4
 0.0006261552023475293   14    1   12    5
 0.0003704477130422944   14    1   12    6
 0.000239381460053458   14    1   12    7
 0.0002705893625813832   14    1   12    8
 -0.000629059952498955   14    1   12    9
 6.647407308099422e-06   14    1   12   10
 4.096092887485112e-06   14    1   12   11
 -5.107184446262219e-06   14    1   12   12
 0.0001627714203784582   14    1   13    1
 -4.021000969035573e-05   14    1   13    2
 0.00013516881279915   14    1   13    3
 2.609519339219953e-06   14    1   13    4
 -9.998502832056008e-05   14    1   13    5
 -2.496576999485447e-05   14    1   13    6
 -7.824160190611872e-05   14    1   13    7
 -3.047536107426e-06   14    1   13    8
 0.0001259903836315895   14    1   13    9
 -0.0003235296670660167   14    1   13   10
 -0.0001079384065396033   14    1   13   11
 -4.961866212782748e-05   14    1   13   12
 3.428539247376607e-05   14    1   13   13
 0.001077168566440584   14    1   14    1
 0.003062342121019091   14    2    1    1
 1.353991667195345e-05   14    2    2    1
 0.04031358541276478   14    2    2    2
 -4.660109592628545e-06   14    2    3    1
 -0.006154650158374312   14    2    3    2
 0.004756114089244328   14    2    3    3
 5.316017577373423e-06   14    2    4    1
 0.001982210442622519   14    2    4    2
 -0.001710863683651429   14    2    4    3
 0.02977630804843199   14    2    4    4
 1.445273968339861e-05   14    2    5    1
 0.0005015067454832661   14    2    5    2
 0.00110723074617303   14    2    5    3
 -0.005930167584560411   14    2    5    4
 0.01796436907209785   14    2    5    5
 -2.843622535804469e-05   14    2    6    1
 -0.001763697930985496   14    2    6    2
 0.003242122179405675   14    2    6    3
 0.006543596738068517   14    2    6    4
 -0.003112074708076123   14    2    6    5
 0.01550148487723075   14    2    6    6
 -1.161621026583611e-05   14    2    7    1
 -0.001890004393138049   14    2    7    2
 0.00169760856116067   14    2    7    3
 0.002209278417236758   14    2    7    4
 0.0001173302138518088   14    2    7    5
 0.003748080614601423   14    2    7    6
 0.001076989743099607   14    2    7    7
 -8.239814796805986e-06   14    2    8    1
 -0.002550719219576313   14    2    8    2
 -0.001717331383488692   14    2    8    3
 0.003570081408714739   14    2    8    4
 -0.005812679403467931   14    2    8    5
 -0.001377228723803795   14    2    8    6
 -0.001854469068129433   14    2    8    7
 0.0278312386521565   14    2    8    8
 2.155132528071086e-05   14    2    9    1
 0.005821164441374049   14    2    9    2
 -0.0004507504548460005   14    2    9    3
 0.001436389132495056   14    2    9    4
 0.004482353572953094   14    2    9    5
 -0.002211517279930609   14    2    9    6
 -0.00266841414423471   14    2    9    7
 0.01066435958808473   14    2    9    8
 0.01077164484550272   14    2    9    9
 -3.220573826797139e-05   14    2   10    1
 0.005396466310269729   14    2   10    2
 0.0001321541287618182   14    2   10    3
 -0.001739455497744039   14    2   10    4
 0.00270304557364824   14    2   10    5
 -0.004190390385850826   14    2   10    6
 -0.0005731346785612274   14    2   10    7
 -0.0002259517816253095   14    2   10    8
 0.0005192865353920746   14    2   10    9
 0.005312390127163211   14    2   10   10
 3.955491823402902e-06   14    2   11    1
 0.003534044794822292   14    2   11    2
 0.0007456980756595314   14    2   11    3
 0.001641136529401763   14    2   11    4
 -0.0006969593840396641   14    2   11    5
 -0.002548624183073703   14    2   11    6
 0.002255448831753922   14    2   11    7
 0.0220733476169849   14    2   11    8
 0.01062204409385803   14    2   11    9
 -0.0001276453577483247   14    2   11   10
 0.02879808606940864   14    2   11   11
 1.753049726422372e-05   14    2   12    1
 -0.0006254437944603374   14    2   12    2
 -0.001815976532193638   14    2   12    3
 -0.0003042479631764402   14    2   12    4
 -0.004679355919406184   14    2   12    5
 0.001682466621236381   14    2   12    6
 -0.003710647559653989   14    2   12    7
 -0.006165213008649489   14    2   12    8
 -0.003597127751131167   14    2   12    9
 -0.0005389854951228986   14    2   12   10
 -0.01376311152234101   14    2   12   11
 0.01651689994178087   14    2   12   12
 3.526087031955843e-07   14    2   13    1
 0.00943005762829017   14    2   13    2
 -0.00111630816925142   14    2   13    3
 -0.009404490460586338   14    2   13    4
 -0.002641269156041601   14    2   13    5
 0.003295943092153323   14    2   13    6
 5.974643424156887e-05   14    2   13    7
 -0.001768769955164715   14    2   13    8
 0.0004620284210063996   14    2   13    9
 -0.002909312029272937   14    2   13   10
 0.0002601690243577155   14    2   13   11
 -0.000681046361970327   14    2   13   12
 0.01193591214681546   14    2   13   13
 -2.295897029175723e-06   14    2   14    1
 0.0275012545302394   14    2   14    2
 -0.003085033067232601   14    3    1    1
 -4.237701458246705e-06   14    3    2    1
 -0.01111468577831499   14    3    2    2
 -2.206981137038641e-05   14    3    3    1
 0.0004822192610926733   14    3    3    2
 -0.001710313292031467   14    3    3    3
 0.0002149477688251003   14    3    4    1
 -0.004134796659911537   14    3    4    2
 -0.0007472349306796879   14    3    4    3
 -0.01081313118988479   14    3    4    4
 0.0001987912355488359   14    3    5    1
 -0.003608109002630079   14    3    5    2
 -0.0005200523045289472   14    3    5    3
 -0.002432421859883236   14    3    5    4
 -0.009591444254112123   14    3    5    5
 -0.001194213844798788   14    3    6    1
 0.005455012257568611   14    3    6    2
 0.001346105233815044   14    3    6    3
 -0.005995031076233582   14    3    6    4
 0.008332577567366465   14    3    6    5
 0.005563702471421803   14    3    6    6
 -0.0006562873238039738   14    3    7    1
 0.001636362454204296   14    3    7    2
 -0.0007690625831491849   14    3    7    3
 -0.002001598320550173   14    3    7    4
 0.002073758573725782   14    3    7    5
 0.001880619105661228   14    3    7    6
 0.002485582489067455   14    3    7    7
 0.0006285774678449351   14    3    8    1
 -0.001625176954113169   14    3    8    2
 0.00138540397603217   14    3    8    3
 -0.0005038392975848913   14    3    8    4
 -0.0019996279669829   14    3    8    5
 0.001641435851019553   14    3    8    6
 8.078154659527903e-05   14    3    8    7
 -0.009570792716237862   14    3    8    8
 -2.301598838735296e-09   14    3    9    1
 -0.000824320019649272   14    3    9    2
 0.0003622055267277986   14    3    9    3
 -0.001251652625140352   14    3    9    4
 0.0004349893438100746   14    3    9    5
 -0.0009312398782477605   14    3    9    6
 -0.0005419107465815767   14    3    9    7
 -0.001351253254737832   14    3    9    8
 -0.003178459571866547   14    3    9    9
 -0.003649706071700193   14    3   10    1
 -0.003420266291886993   14    3   10    2
 -0.0102820770595114   14    3   10    3
 0.0007494407198764777   14    3   10    4
 0.001948734602746396   14    3   10    5
 0.001941079267502512   14    3   10    6
 0.001706808453574953   14    3   10    7
 0.0038158419610748   14    3   10    8
 -0.007284398651868978   14    3   10    9
 -0.001448452623538704   14    3   10   10
 -0.001407724199783059   14    3   11    1
 -0.0006701241684907034   14    3   11    2
 -0.003905921061056796   14    3   11    3
 -0.0009722708661815256   14    3   11    4
 0.002624909285953856   14    3   11    5
 0.002548089474839105   14    3   11    6
 0.0007009463562338821   14    3   11    7
 -0.006126801369039927   14    3   11    8
 -0.006016937057198951   14    3   11    9
 -0.0001388542589761564   14    3   11   10
 -0.008418149922991143   14    3   11   11
 -0.001223057102227714   14    3   12    1
 -0.001949053687117437   14    3   12    2
 -0.004914988510449517   14    3   12    3
 0.0009698967794491052   14    3   12    4
 0.001142871541354279   14    3   12    5
 -0.0004024799800219571   14    3   12    6
 -0.0004696439294672637   14    3   12    7
 0.004705784360050726   14    3   12    8
 0.0009475804866654487   14    3   12    9
 0.000548740676863875   14    3   12   10
 0.00232865877920528   14    3   12   11
 -0.001064034199266948   14    3   12   12
 0.0001335620607433002   14    3   13    1
 0.0006054524998527907   14    3   13    2
 0.00164956805951495   14    3   13    3
 0.002773075117431112   14    3   13    4
 0.003695030222939201   14    3   13    5
 -0.001773544240981594   14    3   13    6
 0.0003422937618590276   14    3   13    7
 -0.0001775540424170234   14    3   13    8
 0.0001290800259700194   14    3   13    9
 0.00119395295837644   14    3   13   10
 6.257557095438787e-06   14    3   13   11
 -0.0009362742337277393   14    3   13   12
 -0.003116077598181613   14    3   13   13
 0.0008805413206780169   14    3   14    1
 -0.002813555108790142   14    3   14    2
 0.007305472016023457   14    3   14    3
 -0.008941838470960799   14    4    1    1
 -2.201971937746418e-05   14    4    2    1
 -0.001580649711547274   14    4    2    2
 -0.0001901423108624871   14    4    3    1
 -0.00533774206635795   14    4    3    2
 -0.01634580901103042   14    4    3    3
 1.267221407317606e-05   14    4    4    1
 0.005442612783175782   14    4    4    2
 -0.001280084415245532   14    4    4    3
 0.005364915272583637   14    4    4    4
 -3.868528032737341e-05   14    4    5    1
 -0.01825631975920051   14    4    5    2
 0.0007784346452612281   14    4    5    3
 -0.006378059570455513   14    4    5    4
 0.0003509915082423919   14    4    5    5
 -6.454389706222715e-05   14    4    6    1
 0.004992572359988071   14    4    6    2
 -0.003135293258504235   14    4    6    3
 0.008090848288013493   14    4    6    4
 -0.001859229364033537   14    4    6    5
 -0.007543298533733607   14    4    6    6
 -8.861666964786147e-05   14    4    7    1
 0.0002509928618006768   14    4    7    2
 -0.002225030351990741   14    4    7    3
 -0.0002753718991696998   14    4    7    4
 -0.001465211036892751   14    4    7    5
 -0.003362408861590335   14    4    7    6
 0.004137458272893128   14    4    7    7
 -9.837639079786614e-05   14    4    8    1
 0.004657256787570048   14    4    8    2
 -0.003069247196410671   14    4    8    3
 0.002248331031231992   14    4    8    4
 -0.001441437832678311   14    4    8    5
 -0.001990831830236187   14    4    8    6
 0.00494635510200732   14    4    8    7
 -0.005743615019898383   14    4    8    8
 0.0002929306248978347   14    4    9    1
 -0.001359484961149209   14    4    9    2
 0.006849500451307394   14    4    9    3
 0.0003314757200359403   14    4    9    4
 0.004493367932047463   14    4    9    5
 0.0003885618069847457   14    4    9    6
 0.006508582956865993   14    4    9    7
 0.004078994067859765   14    4    9    8
 -0.007363834996264455   14    4    9    9
 -5.95764493285821e-05   14    4   10    1
 -0.003083017400119605   14    4   10    2
 0.0005846378083903817   14    4   10    3
 -0.0006532266008389513   14    4   10    4
 0.00142953133070362   14    4   10    5
 -0.004832707076643142   14    4   10    6
 -0.001724628369916401   14    4   10    7
 0.0001999176349598708   14    4   10    8
 -0.001884075167968599   14    4   10    9
 -0.006443189829449359   14    4   10   10
 -7.937323417381302e-05   14    4   11    1
 0.002263634812660781   14    4   11    2
 -0.001189341168657511   14    4   11    3
 0.002647385754604102   14    4   11    4
 -0.000771570584003312   14    4   11    5
 -0.0002932268077645542   14    4   11    6
 -0.004058547953652073   14    4   11    7
 0.01230632430661511   14    4   11    8
 0.00540207583703043   14    4   11    9
 0.0003154957229140421   14    4   11   10
 0.0009121649618139626   14    4   11   11
 -8.482261001597851e-05   14    4   12    1
 -0.0001563583133311344   14    4   12    2
 0.0004340396861945924   14    4   12    3
 0.0003141546854446556   14    4   12    4
 0.00156949465658985   14    4   12    5
 -0.0004700212067782703   14    4   12    6
 0.004496651581142673   14    4   12    7
 -0.01142561879939766   14    4   12    8
 -0.005743880074389768   14    4   12    9
 0.0008720435736868369   14    4   12   10
 -0.003317053852003541   14    4   12   11
 -0.01587428087170373   14    4   12   12
 -7.850281817966652e-05   14    4   13    1
 -0.00282658563856421   14    4   13    2
 5.553485155068947e-05   14    4   13    3
 -0.000757061639995253   14    4   13    4
 -0.00080203917322032   14    4   13    5
 -0.009000456393366071   14    4   13    6
 -0.002389994216767194   14    4   13    7
 0.0009680465747739556   14    4   13    8
 -0.004744983469916491   14    4   13    9
 0.004602274330643876   14    4   13   10
 -0.001290029303404414   14    4   13   11
 0.001854569133324597   14    4   13   12
 -0.003309574676065087   14    4   13   13
 2.713086241560378e-05   14    4   14    1
 -0.001380551058969172   14    4   14    2
 -0.000945254437188769   14    4   14    3
 0.01455060721112574   14    4   14    4
 -0.006819897068582033   14    5    1    1
 -1.133209034636879e-05   14    5    2    1
 -0.01764844123697343   14    5    2    2
 -0.0001729297344516013   14    5    3    1
 -0.003456302534713177   14    5    3    2
 -0.0130379949378576   14    5    3    3
 -0.0001279640372608148   14    5    4    1
 -0.01193463388314022   14    5    4    2
 -0.001453713885993263   14    5    4    3
 -0.03391748879359666   14    5    4    4
 -0.0001578189847264372   14    5    5    1
 -0.0177662115100679   14    5    5    2
 -0.003214569619520481   14    5    5    3
 -0.005009947765062569   14    5    5    4
 -0.01571225134896013   14    5    5    5
 0.0006629230753655477   14    5    6    1
 0.01020867180144956   14    5    6    2
 0.007277137241900211   14    5    6    3
 -0.007547928146673558   14    5    6    4
 0.01006308084338555   14    5    6    5
 -0.01349980232870735   14    5    6    6
 0.0002947473111792384   14    5    7    1
 0.001790226772307035   14    5    7    2
 0.002077381652067063   14    5    7    3
 -0.002238559016062835   14    5    7    4
 0.002206132003912202   14    5    7    5
 -0.001141495409557397   14    5    7    6
 -0.006115412242220799   14    5    7    7
 -0.0004409438874135242   14    5    8    1
 -0.00261325127337163   14    5    8    2
 -0.005191224302065073   14    5    8    3
 0.0004018454109147457   14    5    8    4
 -0.001535902865176313   14    5    8    5
 0.001241048072419268   14    5    8    6
 8.287772247215879e-05   14    5    8    7
 -0.02364709971598069   14    5    8    8
 0.0003032022818380553   14    5    9    1
 -0.003524635320159971   14    5    9    2
 0.005649859835834064   14    5    9    3
 -0.003735175055174876   14    5    9    4
 0.003246153764852393   14    5    9    5
 0.001104627283419746   14    5    9    6
 0.001550870455344307   14    5    9    7
 -0.006634405884403804   14    5    9    8
 -0.01173706986543066   14    5    9    9
 0.002260044726894469   14    5   10    1
 -0.005959547908905378   14    5   10    2
 0.01050186310093289   14    5   10    3
 0.001036878184705268   14    5   10    4
 -0.007350610206577338   14    5   10    5
 -0.0002446002687503546   14    5   10    6
 -0.0008847719852433324   14    5   10    7
 -0.001196270394823407   14    5   10    8
 0.002152406824042228   14    5   10    9
 -0.01048024356104956   14    5   10   10
 0.0007224691077552735   14    5   11    1
 -7.127758987890561e-05   14    5   11    2
 0.004011491974725266   14    5   11    3
 -0.001099304464985464   14    5   11    4
 -0.0001885369016315619   14    5   11    5
 0.001687281024792207   14    5   11    6
 -0.00135376941881039   14    5   11    7
 -0.01278082119860113   14    5   11    8
 -0.005623337785624861   14    5   11    9
 6.115770670772478e-05   14    5   11   10
 -0.02306192459715542   14    5   11   11
 0.0006307846486443699   14    5   12    1
 -0.003972014626720478   14    5   12    2
 0.001546414710233836   14    5   12    3
 0.002205701708411209   14    5   12    4
 0.001109297642354521   14    5   12    5
 -0.002843423998961815   14    5   12    6
 3.669638683133168e-05   14    5   12    7
 0.002566486165604848   14    5   12    8
 0.005101588303524876   14    5   12    9
 0.001084097031749629   14    5   12   10
 0.006762279860219308   14    5   12   11
 -0.01336110274997117   14    5   12   12
 -0.0001452228061815233   14    5   13    1
 0.002765684627235726   14    5   13    2
 0.002179096430376343   14    5   13    3
 0.006716212656854429   14    5   13    4
 0.0144614460540883   14    5   13    5
 -0.002261534843933784   14    5   13    6
 0.001278284339343661   14    5   13    7
 -0.001896466779879095   14    5   13    8
 0.003474636310328366   14    5   13    9
 0.003469302962818568   14    5   13   10
 -5.004677392167516e-05   14    5   13   11
 -0.0008113950090613836   14    5   13   12
 -0.01431029426688937   14    5   13   13
 -0.0005390506755654531   14    5   14    1
 -0.01185558525367609   14    5   14    2
 0.006729850533545905   14    5   14    3
 -0.0005439298632016365   14    5   14    4
 0.0284516058845233   14    5   14    5
 6.519246553119555e-05   14    6    1    1
 7.471826915408728e-05   14    6    2    1
 0.03702129244000456   14    6    2    2
 0.0008617391664210128   14    6    3    1
 0.004859018970236871   14    6    3    2
 0.03412624258167371   14    6    3    3
 -7.312719395833216e-05   14    6    4    1
 0.002221739599616727   14    6    4    2
 -0.003018824197088883   14    6    4    3
 0.02951826651740738   14    6    4    4
 -4.286543036606709e-05   14    6    5    1
 0.01613805673949345   14    6    5    2
 0.008946559180328757   14    6    5    3
 -0.002109986878766513   14    6    5    4
 0.03286743986061839   14    6    5    5
 0.0004658682945485392   14    6    6    1
 -0.0003002108291299906   14    6    6    2
 0.0110328829643718   14    6    6    3
 -0.00553416173485703   14    6    6    4
 -0.007580184469082629   14    6    6    5
 0.03755458769955369   14    6    6    6
 0.0003520491923886002   14    6    7    1
 -0.0007176997008867392   14    6    7    2
 0.007049383791538794   14    6    7    3
 0.001713864726498592   14    6    7    4
 0.0009839912320180535   14    6    7    5
 0.008905770636489924   14    6    7    6
 -0.00131238317481509   14    6    7    7
 0.0001890108597836675   14    6    8    1
 -0.002226686112992134   14    6    8    2
 0.008994116198205018   14    6    8    3
 0.0005146781235729898   14    6    8    4
 -0.00103595248870359   14    6    8    5
 0.002097628645468965   14    6    8    6
 -0.01044675381530533   14    6    8    7
 0.03699225991168337   14    6    8    8
 -0.0007319894020914093   14    6    9    1
 0.0009082630450175568   14    6    9    2
 -0.01751054122825829   14    6    9    3
 -0.0009557673185179818   14    6    9    4
 0.001990622215270303   14    6    9    5
 0.001111460342460746   14    6    9    6
 -0.009912454971689489   14    6    9    7
 0.003960958027576737   14    6    9    8
 0.02373247125566474   14    6    9    9
 0.001155946687586403   14    6   10    1
 0.002427723295524118   14    6   10    2
 0.005194174216764556   14    6   10    3
 0.0004727432657940583   14    6   10    4
 0.001828832935132976   14    6   10    5
 -0.003143871985613268   14    6   10    6
 -0.000171663610434692   14    6   10    7
 -0.00144679723095611   14    6   10    8
 0.003194295789025393   14    6   10    9
 0.00882733167362584   14    6   10   10
 0.0003710857952191521   14    6   11    1
 -0.0004582176752871685   14    6   11    2
 0.001899313040804825   14    6   11    3
 -0.0009636085551379598   14    6   11    4
 -0.0008733078594722518   14    6   11    5
 -0.002479859553838473   14    6   11    6
 0.00881719556569817   14    6   11    7
 -0.0006480390220060209   14    6   11    8
 0.001587774230020747   14    6   11    9
 -0.00103235961291616   14    6   11   10
 0.02308762854591368   14    6   11   11
 0.0003345635637791836   14    6   12    1
 0.0006619467774871304   14    6   12    2
 0.0006249865830946151   14    6   12    3
 -0.0006448679850445974   14    6   12    4
 -0.001392405714588048   14    6   12    5
 0.003891556290025691   14    6   12    6
 -0.01504634296673065   14    6   12    7
 0.01818670038614172   14    6   12    8
 0.008619785673161167   14    6   12    9
 -0.001925080622554687   14    6   12   10
 -0.01398471446305976   14    6   12   11
 0.04593803041883841   14    6   12   12
 0.0002169009209759211   14    6   13    1
 0.002932186660290362   14    6   13    2
 -0.0003840574894383202   14    6   13    3
 -0.01214782087623361   14    6   13    4
 -0.0002439276494575818   14    6   13    5
 0.01039403127919627   14    6   13    6
 0.004614426645894581   14    6   13    7
 -0.002981951048381176   14    6   13    8
 0.006581040993887434   14    6   13    9
 -0.005639460558057263   14    6   13   10
 0.0004980237229661189   14    6   13   11
 -0.0006057257730188009   14    6   13   12
 0.01295252339436423   14    6   13   13
 -0.0002926927103935665   14    6   14    1
 0.006460606112207727   14    6   14    2
 0.001174479930866756   14    6   14    3
 -0.01012293891992315   14    6   14    4
 -0.002323576150989036   14    6   14    5
 0.03093714259977544   14    6   14    6
 -0.0178393063762381   14    7    1    1
 2.721088875790899e-05   14    7    2    1
 0.001930754886293901   14    7    2    2
 0.0003776452909976565   14    7    3    1
 0.0004479827369296805   14    7    3    2
 -0.003911438825824401   14    7    3    3
 -3.538589542556428e-05   14    7    4    1
 0.0002263994323323187   14    7    4    2
 -0.0006971839654174628   14    7    4    3
 -0.006248753808856673   14    7    4    4
 -9.578442001194226e-05   14    7    5    1
 0.00215383198415562   14    7    5    2
 0.00348662895390947   14    7    5    3
 -0.0002682983553469177   14    7    5    4
 0.0001022181446739905   14    7    5    5
 0.000202970058968812   14    7    6    1
 -0.001088547842629796   14    7    6    2
 0.00323696953709242   14    7    6    3
 0.0002498882193877861   14    7    6    4
 -0.003058087269540494   14    7    6    5
 -0.00560927917251698   14    7    6    6
 0.0001314724842845619   14    7    7    1
 -0.001164394133946433   14    7    7    2
 0.002651741262106802   14    7    7    3
 0.0007167091650356805   14    7    7    4
 -0.0009005420043853594   14    7    7    5
 -0.001990380937907528   14    7    7    6
 -0.004582613068218971   14    7    7    7
 -5.485919511156671e-05   14    7    8    1
 -0.0005296043267066893   14    7    8    2
 0.00179630368148592   14    7    8    3
 0.0003048682788408322   14    7    8    4
 -0.001016140383993145   14    7    8    5
 -0.0006281974594294469   14    7    8    6
 -0.001174019202287083   14    7    8    7
 0.000409879195175047   14    7    8    8
 -0.0001229553940805702   14    7    9    1
 -0.001205577355454529   14    7    9    2
 -0.005004240566585221   14    7    9    3
 0.0005772785729747004   14    7    9    4
 0.001283965733245835   14    7    9    5
 -0.00256997089432469   14    7    9    6
 -0.002202363018486843   14    7    9    7
 0.002756111997023739   14    7    9    8
 -0.005850511905900347   14    7    9    9
 0.0006658934774880083   14    7   10    1
 0.001293031075794791   14    7   10    2
 0.002732186729867421   14    7   10    3
 -0.000895896611229248   14    7   10    4
 0.0008618017847785836   14    7   10    5
 0.0003938561423052151   14    7   10    6
 0.001581993632878661   14    7   10    7
 -0.0006077272018755069   14    7   10    8
 0.003432129429840306   14    7   10    9
 -0.0130164432840869   14    7   10   10
 0.0002430773664829598   14    7   11    1
 0.0002219959248933261   14    7   11    2
 0.001416596516606938   14    7   11    3
 7.253292441137304e-05   14    7   11    4
 2.31739139692081e-05   14    7   11    5
 0.0001380464849798131   14    7   11    6
 -0.0004564990816765285   14    7   11    7
 8.511842811219571e-05   14    7   11    8
 0.0004287348156184413   14    7   11    9
 -0.001068416353595504   14    7   11   10
 -0.004870622187183618   14    7   11   11
 0.0002217466979149065   14    7   12    1
 -5.090970325535646e-05   14    7   12    2
 4.678428255701193e-05   14    7   12    3
 -0.0006154092363802627   14    7   12    4
 -0.0008726723905145617   14    7   12    5
 -0.0009057998607137278   14    7   12    6
 -0.001124843327636562   14    7   12    7
 0.007296743337185639   14    7   12    8
 0.005034071955201823   14    7   12    9
 -0.001505961727178979   14    7   12   10
 -0.006997298283868367   14    7   12   11
 0.002840338779493251   14    7   12   12
 4.554946324107597e-05   14    7   13    1
 0.0007857994867014271   14    7   13    2
 0.0003770152509439955   14    7   13    3
 -0.004328696967811483   14    7   13    4
 0.003388907183444452   14    7   13    5
 0.007480077352974892   14    7   13    6
 -0.0005764438736538595   14    7   13    7
 -0.002771836407216399   14    7   13    8
 0.003653398781077068   14    7   13    9
 -0.004144418433094758   14    7   13   10
 0.001516136683971925   14    7   13   11
 -0.002564015107726514   14    7   13   12
 -0.01117787156032874   14    7   13   13
 -0.0001664157181455637   14    7   14    1
 0.002635905258798303   14    7   14    2
 0.000458929693705194   14    7   14    3
 -0.005601956252077089   14    7   14    4
 0.0006823820564914357   14    7   14    5
 0.007002292810725621   14    7   14    6
 0.01666355095938951   14    7   14    7
 0.01005419561644595   14    8    1    1
 -3.483110903176619e-05   14    8    2    1
 -0.005142780654466835   14    8    2    2
 -0.0003880618696526755   14    8    3    1
 -0.002540302044664677   14    8    3    2
 -0.004503081451304148   14    8    3    3
 -6.474736429485022e-05   14    8    4    1
 0.005575421652654447   14    8    4    2
 -0.0008334374413918806   14    8    4    3
 0.006206396244751631   14    8    4    4
 -6.109516048062011e-05   14    8    5    1
 -0.007492151206697003   14    8    5    2
 -0.004220623564336978   14    8    5    3
 0.0008533225202817686   14    8    5    4
 -0.003069500957179036   14    8    5    5
 0.000377819902020841   14    8    6    1
 -0.0002516728982630308   14    8    6    2
 0.0005421703382419923   14    8    6    3
 0.004796729393180015   14    8    6    4
 -0.0003414707884774865   14    8    6    5
 -0.005069180395097535   14    8    6    6
 0.0001365694442220491   14    8    7    1
 -0.001000617376945567   14    8    7    2
 -0.001589510146467656   14    8    7    3
 0.002034255258255591   14    8    7    4
 -0.001781069385702783   14    8    7    5
 -0.003417243259699292   14    8    7    6
 0.0006046037184849633   14    8    7    7
 -0.0002885886812258913   14    8    8    1
 0.01147354191866667   14    8    8    2
 -0.005377989562689288   14    8    8    3
 0.002995535607530695   14    8    8    4
 -0.0001793934775705556   14    8    8    5
 0.002549558373874408   14    8    8    6
 0.004423575364012226   14    8    8    7
 -0.001924732183676948   14    8    8    8
 0.0003123836170482798   14    8    9    1
 0.004650628309981907   14    8    9    2
 0.006802308886717252   14    8    9    3
 0.004771815053195363   14    8    9    4
 -0.001752256086835238   14    8    9    5
 -0.001343673841147093   14    8    9    6
 0.001878846388651346   14    8    9    7
 0.002059002066480027   14    8    9    8
 -0.001534364796410628   14    8    9    9
 0.001290318404977761   14    8   10    1
 0.00105047644017151   14    8   10    2
 0.005473401744266805   14    8   10    3
 -0.001041487274789077   14    8   10    4
 -0.001386003643962151   14    8   10    5
 1.274896665952154e-05   14    8   10    6
 0.0002763778609938548   14    8   10    7
 -0.001974276365057819   14    8   10    8
 0.003794779500505241   14    8   10    9
 0.002430976486734911   14    8   10   10
 0.0003665017770075102   14    8   11    1
 0.009698801925862012   14    8   11    2
 -0.001118647733571333   14    8   11    3
 0.006666009970307403   14    8   11    4
 -0.003918559896681796   14    8   11    5
 -0.001263282951311488   14    8   11    6
 -0.002383421331797498   14    8   11    7
 0.007610446155846298   14    8   11    8
 0.004529470276892792   14    8   11    9
 0.002348332173682891   14    8   11   10
 0.007680018791147025   14    8   11   11
 0.0002970037017332661   14    8   12    1
 -0.001900395126509492   14    8   12    2
 0.002690193582987755   14    8   12    3
 -0.005298958630196294   14    8   12    4
 0.002339809658494149   14    8   12    5
 0.003520904607667781   14    8   12    6
 0.006977772204210893   14    8   12    7
 -0.01403879948729984   14    8   12    8
 -0.003687276685597348   14    8   12    9
 -0.0003043709308569135   14    8   12   10
 0.003394337475509004   14    8   12   11
 -0.01045063926656158   14    8   12   12
 -0.0001513366078685918   14    8   13    1
 -0.002754918074217404   14    8   13    2
 0.0001006738625476497   14    8   13    3
 -5.285431723924246e-05   14    8   13    4
 -0.003794441111041548   14    8   13    5
 -0.002097204199763939   14    8   13    6
 -0.001558621904007712   14    8   13    7
 0.002448120030262208   14    8   13    8
 -0.003884195165353834   14    8   13    9
 6.63384951970561e-05   14    8   13   10
 -0.002185851169607652   14    8   13   11
 0.002989997927643537   14    8   13   12
 -0.001283762266889562   14    8   13   13
 -0.0002970668181030285   14    8   14    1
 0.00526670828710731   14    8   14    2
 -0.001736373660575661   14    8   14    3
 0.004703091990856193   14    8   14    4
 -0.004141110211980724   14    8   14    5
 -0.005897598538326927   14    8   14    6
 -0.0005422391797976721   14    8   14    7
 0.01232207282722859   14    8   14    8
 -0.001182477284301312   14    9    1    1
 1.401795906681383e-05   14    9    2    1
 0.02051608927509958   14    9    2    2
 7.197415180457012e-05   14    9    3    1
 -0.002317855708425764   14    9    3    2
 0.002205214871075144   14    9    3    3
 0.0001272780051523033   14    9    4    1
 0.003260810284079163   14    9    4    2
 0.001766808768842096   14    9    4    3
 0.008163220047357093   14    9    4    4
 0.000183465747056542   14    9    5    1
 -0.003220177702555618   14    9    5    2
 0.005124610942958125   14    9    5    3
 0.0008296512232197505   14    9    5    4
 0.01732160474469295   14    9    5    5
 -0.0007042935427898624   14    9    6    1
 -0.004755307192341316   14    9    6    2
 -0.006962814956939589   14    9    6    3
 0.005153386991852433   14    9    6    4
 -0.008306470977998774   14    9    6    5
 -0.00546716897666479   14    9    6    6
 -0.0003431166293087066   14    9    7    1
 -0.003711364864909569   14    9    7    2
 -0.002340807345282566   14    9    7    3
 0.003955944977877644   14    9    7    4
 -0.0005237124977782253   14    9    7    5
 0.000572671934679606   14    9    7    6
 -0.01123251852209768   14    9    7    7
 0.0004561855047605933   14    9    8    1
 0.007552597857185938   14    9    8    2
 0.003977413339697521   14    9    8    3
 0.002366707425271542   14    9    8    4
 -0.001537464598317056   14    9    8    5
 0.002321702711588514   14    9    8    6
 -0.002118063154073322   14    9    8    7
 0.009975986028340678   14    9    8    8
 -0.0002262877129519239   14    9    9    1
 0.0007684655476387441   14    9    9    2
 -0.002669584226066   14    9    9    3
 0.003495958579451856   14    9    9    4
 0.003962310318470314   14    9    9    5
 -0.004912234918642216   14    9    9    6
 -0.005194140394490678   14    9    9    7
 0.004303316387200975   14    9    9    8
 0.001988453756151462   14    9    9    9
 -0.002358359337601197   14    9   10    1
 0.001601527842424119   14    9   10    2
 -0.009936187466542058   14    9   10    3
 -0.003113754757801264   14    9   10    4
 0.009901671806544178   14    9   10    5
 0.006014814441835964   14    9   10    6
 0.003674225089774456   14    9   10    7
 0.001732475947607115   14    9   10    8
 -0.0002711802648668708   14    9   10    9
 -0.004796324945917768   14    9   10   10
 -0.0008175858322015561   14    9   11    1
 0.005207209422521735   14    9   11    2
 -0.005953168801120328   14    9   11    3
 0.003680808912588255   14    9   11    4
 -0.001089603378698007   14    9   11    5
 -0.001778542248687759   14    9   11    6
 0.002423853853886547   14    9   11    7
 0.00888156748266492   14    9   11    8
 0.002762122392840627   14    9   11    9
 0.001017791844582888   14    9   11   10
 0.009155241779294566   14    9   11   11
 -0.0007217970284416797   14    9   12    1
 -0.0004669617724239541   14    9   12    2
 -0.0001430871934297483   14    9   12    3
 -0.004355258571288573   14    9   12    4
 0.005869321925684121   14    9   12    5
 0.005707051235200546   14    9   12    6
 0.0001984814869366189   14    9   12    7
 -8.297392608291397e-05   14    9   12    8
 -0.0009401203394932314   14    9   12    9
 -0.001616404899059001   14    9   12   10
 -0.004777807223804493   14    9   12   11
 0.006194293011588569   14    9   12   12
 0.0001444171169831838   14    9   13    1
 1.584968984088264e-06   14    9   13    2
 0.0001554335528859849   14    9   13    3
 -0.005847916939830374   14    9   13    4
 0.002785563870986266   14    9   13    5
 0.007724058935359638   14    9   13    6
 0.0008692572878559588   14    9   13    7
 -0.002083397152306985   14    9   13    8
 0.006045520420982695   14    9   13    9
 -0.005083383301932259   14    9   13   10
 -0.001083947000686703   14    9   13   11
 0.001633011289883828   14    9   13   12
 -0.004568181298263397   14    9   13   13
 0.000576697313058984   14    9   14    1
 0.0002505199459605403   14    9   14    2
 2.932132063232488e-05   14    9   14    3
 -0.002845851689063234   14    9   14    4
 0.003621013421380266   14    9   14    5
 0.006142787178459893   14    9   14    6
 0.006262387219262476   14    9   14    7
 0.000350251758939285   14    9   14    8
 0.01412344908060723   14    9   14    9
 -0.1354205423962246   14   10    1    1
 0.000154149675602107   14   10    2    1
 0.002013487573432832   14   10    2    2
 0.002033353695319438   14   10    3    1
 -0.008410029206673652   14   10    3    2
 -0.06972634260188819   14   10    3    3
 2.116856038074462e-05   14   10    4    1
 -0.00545345362168048   14   10    4    2
 -0.001199322033355775   14   10    4    3
 -0.004382415941308913   14   10    4    4
 -0.0005862615832950456   14   10    5    1
 -0.008457012027193489   14   10    5    2
 0.01742754470024446   14   10    5    3
 -0.001546791999600471   14   10    5    4
 -0.01275725105097623   14   10    5    5
 -0.0002207699075351794   14   10    6    1
 0.003144439441196478   14   10    6    2
 0.008664245894438073   14   10    6    3
 -0.0001306892441133612   14   10    6    4
 0.001121199724038458   14   10    6    5
 -0.009995103990805996   14   10    6    6
 -8.865456118101444e-05   14   10    7    1
 0.0005278375926967529   14   10    7    2
 0.003603076724892837   14   10    7    3
 -0.001861632005556814   14   10    7    4
 -0.006044534973573038   14   10    7    5
 -0.009597360501759902   14   10    7    6
 0.00960331535691822   14   10    7    7
 -0.0001539120754604283   14   10    8    1
 -0.0007744930371544634   14   10    8    2
 0.004917032447161906   14   10    8    3
 0.001782941740128018   14   10    8    4
 -0.01168820723519447   14   10    8    5
 -0.00967570361012917   14   10    8    6
 0.0038740903997344   14   10    8    7
 -0.02816572560387134   14   10    8    8
 0.0001643519931664518   14   10    9    1
 0.002977337130636529   14   10    9    2
 -0.006710152817707451   14   10    9    3
 -0.004676903886413894   14   10    9    4
 0.02360903714229822   14   10    9    5
 0.01451600613162273   14   10    9    6
 0.01982854564983206   14   10    9    7
 0.01689244451879049   14   10    9    8
 -0.04341006648573312   14   10    9    9
 0.0001248204156335989   14   10   10    1
 -0.001975228582991477   14   10   10    2
 0.000218644621265676   14   10   10    3
 0.00824850790771574   14   10   10    4
 0.003119957195262439   14   10   10    5
 -0.03437828001472166   14   10   10    6
 -0.009561689395046742   14   10   10    7
 0.002050439439083332   14   10   10    8
 -0.0125098797840322   14   10   10    9
 -0.07472950680422019   14   10   10   10
 1.459338613308703e-05   14   10   11    1
 0.0001936467275790078   14   10   11    2
 0.0002989713156801099   14   10   11    3
 0.0006072993330331827   14   10   11    4
 0.0002809749757214697   14   10   11    5
 0.0007034562182818722   14   10   11    6
 -0.01482664793917629   14   10   11    7
 0.02197590740803367   14   10   11    8
 0.007891358932060957   14   10   11    9
 -0.00277346634898358   14   10   11   10
 -0.04027350963831593   14   10   11   11
 1.682895144809336e-05   14   10   12    1
 -0.0006162389203385995   14   10   12    2
 5.898307565061798e-05   14   10   12    3
 0.0009040553186089463   14   10   12    4
 -9.625529442070423e-05   14   10   12    5
 -0.002985046802231118   14   10   12    6
 -0.004335357140588483   14   10   12    7
 0.01151404509527103   14   10   12    8
 0.004157001177582371   14   10   12    9
 0.001434048642542459   14   10   12   10
 -0.03066088927096304   14   10   12   11
 -0.03865339344937302   14   10   12   12
 0.000201342561380355   14   10   13    1
 0.0003480447961083601   14   10   13    2
 -0.003077127228702907   14   10   13    3
 0.003618927351151046   14   10   13    4
 -5.515279838675219e-05   14   10   13    5
 -0.008507679807461458   14   10   13    6
 -0.003859100494604909   14   10   13    7
 -0.002714352477098067   14   10   13    8
 0.0008628760947267949   14   10   13    9
 0.007417201507227377   14   10   13   10
 0.001534280235106732   14   10   13   11
 0.002542761697318747   14   10   13   12
 0.005802838874005072   14   10   13   13
 -4.074459955632032e-05   14   10   14    1
 -0.003426906524838447   14   10   14    2
 0.0007191467598086558   14   10   14    3
 0.006361836755818685   14   10   14    4
 0.002639055486811038   14   10   14    5
 -0.009706117372777387   14   10   14    6
 -0.004178847599514241   14   10   14    7
 8.091848028513251e-05   14   10   14    8
 -0.005160598051447173   14   10   14    9
 0.02272973558120144   14   10   14   10
 -0.03662415358687484   14   11    1    1
 5.896864434265656e-05   14   11    2    1
 0.02680137915783629   14   11    2    2
 0.0007551798321386825   14   11    3    1
 -0.003100868433057632   14   11    3    2
 -0.009637468684204547   14   11    3    3
 1.119151274787732e-05   14   11    4    1
 0.003439087900601127   14   11    4    2
 -0.0009097324954770077   14   11    4    3
 0.02312268303979671   14   11    4    4
 -0.0001469536112677045   14   11    5    1
 0.001881277994524028   14   11    5    2
 0.009173519031888252   14   11    5    3
 5.922752684007141e-05   14   11    5    4
 0.01754499513815215   14   11    5    5
 -5.617697789510595e-05   14   11    6    1
 -0.003368436536658102   14   11    6    2
 0.003323377842186716   14   11    6    3
 0.002503770364540705   14   11    6    4
 -0.006315542891109569   14   11    6    5
 0.009162780348855905   14   11    6    6
 1.228751572760401e-05   14   11    7    1
 -0.000804948305029528   14   11    7    2
 0.002669626332591111   14   11    7    3
 0.001650691076030115   14   11    7    4
 -0.001875794092729794   14   11    7    5
 0.00202802005428555   14   11    7    6
 0.001971973128767526   14   11    7    7
 3.737086934647786e-05   14   11    8    1
 0.0096039895972498   14   11    8    2
 0.001487957421218613   14   11    8    3
 0.007498968294126949   14   11    8    4
 -0.00735035562306838   14   11    8    5
 -0.003541190330343938   14   11    8    6
 -0.00255720343711194   14   11    8    7
 0.01411720082759687   14   11    8    8
 -0.0001421047777537394   14   11    9    1
 0.006849850634504565   14   11    9    2
 -0.007426136348295589   14   11    9    3
 0.003722237065330477   14   11    9    4
 0.008475065750993107   14   11    9    5
 0.002858477922862502   14   11    9    6
 0.002294583301191636   14   11    9    7
 0.01110530539218198   14   11    9    8
 -0.001164630830794301   14   11    9    9
 -4.016835843076691e-05   14   11   10    1
 0.002261707708405111   14   11   10    2
 -0.0004376850992172837   14   11   10    3
 0.001770068267840334   14   11   10    4
 0.004891883150420774   14   11   10    5
 -0.01033595095939887   14   11   10    6
 -0.003628291701353337   14   11   10    7
 0.002367646114926498   14   11   10    8
 -0.0008649739726121177   14   11   10    9
 -0.0128392197211518   14   11   10   10
 1.684717849191845e-05   14   11   11    1
 0.01193145009024582   14   11   11    2
 -0.001449971628601903   14   11   11    3
 0.006848370778850713   14   11   11    4
 -0.003036614743760225   14   11   11    5
 -0.001367977882514013   14   11   11    6
 -0.00180457274612829   14   11   11    7
 0.01885004170030003   14   11   11    8
 0.008645114470025634   14   11   11    9
 -0.002089314213675802   14   11   11   10
 0.006408227929923348   14   11   11   11
 2.730393080200151e-05   14   11   12    1
 -0.005576943895762621   14   11   12    2
 0.0002321671918821069   14   11   12    3
 -0.00275272290641518   14   11   12    4
 0.0006846634652257693   14   11   12    5
 -0.002144900585505965   14   11   12    6
 -0.0074424545527966   14   11   12    7
 0.005131763448836671   14   11   12    8
 0.001007015582250381   14   11   12    9
 -0.0022075391140078   14   11   12   10
 -0.0199279968170666   14   11   12   11
 0.004636686817232393   14   11   12   12
 0.0001158957988456826   14   11   13    1
 0.0003502211887906792   14   11   13    2
 -0.001413266002833089   14   11   13    3
 -0.006080893841968287   14   11   13    4
 -0.003180242017620851   14   11   13    5
 0.001058141146782097   14   11   13    6
 0.0006683664470719476   14   11   13    7
 -0.003246471688749679   14   11   13    8
 0.0005070102456466375   14   11   13    9
 -0.0005988721882385938   14   11   13   10
 -0.0009455038353958621   14   11   13   11
 0.001705379661463324   14   11   13   12
 0.01175267217340172   14   11   13   13
 -1.147740034983729e-06   14   11   14    1
 0.006488409693251034   14   11   14    2
 -0.001282208211591544   14   11   14    3
 0.001832065570131116   14   11   14    4
 -0.003844147216595258   14   11   14    5
 0.004472757493025554   14   11   14    6
 -0.0008506780900752939   14   11   14    7
 0.003416886568055367   14   11   14    8
 0.002398656042335991   14   11   14    9
 0.003768451835347688   14   11   14   10
 0.01159679998127006   14   11   14   11
 -0.05996841341400246   14   12    1    1
 3.34924544753204e-05   14   12    2    1
 -0.01603229149759735   14   12    2    2
 0.0005281529525444246   14   12    3    1
 -0.006249765993935084   14   12    3    2
 -0.04485391943634168   14   12    3    3
 1.568412707196186e-05   14   12    4    1
 -0.0002191888567886791   14   12    4    2
 -0.0001285484686233849   14   12    4    3
 -0.009715348859939087   14   12    4    4
 -0.0002668496213902939   14   12    5    1
 -0.01481878008680647   14   12    5    2
 0.004639753697508084   14   12    5    3
 -0.0001385459618135312   14   12    5    4
 -0.01607259642951798   14   12    5    5
 -0.0001417567652209512   14   12    6    1
 0.00437839393078882   14   12    6    2
 0.0007885195270977285   14   12    6    3
 0.004882751782777644   14   12    6    4
 0.0009194630344495668   14   12    6    5
 -0.01811006854834936   14   12    6    6
 -0.0001319064880157363   14   12    7    1
 -0.0008334727864379372   14   12    7    2
 -0.001918682803087375   14   12    7    3
 0.0006140976983829595   14   12    7    4
 -0.003987866354297037   14   12    7    5
 -0.01051889642663712   14   12    7    6
 -0.0006454350821550548   14   12    7    7
 -0.0001752029805706814   14   12    8    1
 -0.002473014224362295   14   12    8    2
 0.0009392418720905697   14   12    8    3
 -0.005446472708484999   14   12    8    4
 -0.002764682178149284   14   12    8    5
 0.0004067668731129972   14   12    8    6
 0.007860067052623824   14   12    8    7
 -0.03090132052296266   14   12    8    8
 0.0004131198220502153   14   12    9    1
 -0.00272030174159493   14   12    9    2
 0.005983613774148938   14   12    9    3
 -0.002915925514582295   14   12    9    4
 0.01094529421540383   14   12    9    5
 0.006113394084442035   14   12    9    6
 0.01198858094092905   14   12    9    7
 0.005228205110776043   14   12    9    8
 -0.0307742488352748   14   12    9    9
 5.995963469238527e-05   14   12   10    1
 -0.002285778540893102   14   12   10    2
 0.0004213790255845354   14   12   10    3
 0.001540030837341866   14   12   10    4
 0.001325352435620954   14   12   10    5
 -0.01090282350784891   14   12   10    6
 -0.002984502008847028   14   12   10    7
 0.0003952771325439788   14   12   10    8
 -0.003949776932790538   14   12   10    9
 -0.03521379656586834   14   12   10   10
 -9.119497760109435e-05   14   12   11    1
 -0.006499320246764214   14   12   11    2
 -0.001033560842353636   14   12   11    3
 -0.00228403289018142   14   12   11    4
 0.0005086788440437707   14   12   11    5
 -0.002326487919505107   14   12   11    6
 -0.01106396897200546   14   12   11    7
 0.01134015349293979   14   12   11    8
 0.003068751364212143   14   12   11    9
 -0.003695131272320164   14   12   11   10
 -0.03082074915814689   14   12   11   11
 -0.0001057542547321757   14   12   12    1
 0.00531142502924812   14   12   12    2
 0.001423855681862986   14   12   12    3
 -0.0005835109056499779   14   12   12    4
 0.002937869723804342   14   12   12    5
 0.004536853455922059   14   12   12    6
 0.005966853225373825   14   12   12    7
 -0.004007738503537583   14   12   12    8
 -0.000256695396691112   14   12   12    9
 -0.002769015686151714   14   12   12   10
 -0.009191325252086591   14   12   12   11
 -0.03999239327918307   14   12   12   12
 -1.45897725802537e-05   14   12   13    1
 -0.002415987194542273   14   12   13    2
 -0.001076175558592197   14   12   13    3
 0.005546407806960947   14   12   13    4
 0.0004668498486025867   14   12   13    5
 -0.004828511264885297   14   12   13    6
 -0.003236673630521427   14   12   13    7
 0.002815814101967147   14   12   13    8
 0.0008309370625765901   14   12   13    9
 0.003459060253663034   14   12   13   10
 0.001004467530283827   14   12   13   11
 0.003653268313522052   14   12   13   12
 -0.005882886703786935   14   12   13   13
 1.614621237169446e-06   14   12   14    1
 -0.005036181949976471   14   12   14    2
 0.0004874575464980016   14   12   14    3
 0.004517703442498167   14   12   14    4
 0.003551145956943158   14   12   14    5
 -0.009703863752081123   14   12   14    6
 -0.002279209767750429   14   12   14    7
 0.002652088828065352   14   12   14    8
 -0.001278913094352081   14   12   14    9
 0.009257466104734022   14   12   14   10
 -0.004631537550903051   14   12   14   11
 0.01501941778693083   14   12   14   12
 0.02674838066063961   14   13    1    1
 2.480497084798457e-05   14   13    2    1
 0.06021907204734845   14   13    2    2
 3.989838250059202e-05   14   13    3    1
 -0.001855170019046105   14   13    3    2
 0.03391066606096217   14   13    3    3
 -2.101031438810609e-05   14   13    4    1
 -0.007443789861495068   14   13    4    2
 -0.0002360774204505689   14   13    4    3
 0.01687868923226292   14   13    4    4
 0.0001593959638359683   14   13    5    1
 0.005603977477386579   14   13    5    2
 0.006641472555527029   14   13    5    3
 -0.002918306596719878   14   13    5    4
 0.04990253709107525   14   13    5    5
 0.0001000286616318214   14   13    6    1
 0.000145506688281068   14   13    6    2
 0.004286993337162146   14   13    6    3
 -0.01511422186036837   14   13    6    4
 -0.0025218904487806   14   13    6    5
 0.04502326849177665   14   13    6    6
 0.0001149187459727258   14   13    7    1
 -0.001734962360712392   14   13    7    2
 0.003946736916432782   14   13    7    3
 -0.003312021649768992   14   13    7    4
 0.002480084268671712   14   13    7    5
 0.008171416946191013   14   13    7    6
 0.01553987140508855   14   13    7    7
 0.0002317108668930802   14   13    8    1
 -0.005463646820155553   14   13    8    2
 0.003507618349548543   14   13    8    3
 0.0009364637580654738   14   13    8    4
 -0.005680572828515423   14   13    8    5
 -0.001755966364160997   14   13    8    6
 -0.006796291438511405   14   13    8    7
 0.04056666990395395   14   13    8    8
 -0.0004689860459746999   14   13    9    1
 0.001891106403349504   14   13    9    2
 -0.007907541945622713   14   13    9    3
 -0.008702815149378203   14   13    9    4
 0.008495243967411083   14   13    9    5
 0.005849117298963672   14   13    9    6
 -0.00417484205975095   14   13    9    7
 0.001345266495278548   14   13    9    8
 0.03560801117789855   14   13    9    9
 -6.461749598564339e-05   14   13   10    1
 0.0003276156086073073   14   13   10    2
 0.0002863131244295496   14   13   10    3
 0.006148349099221593   14   13   10    4
 0.001481588633744924   14   13   10    5
 -0.009176395673536855   14   13   10    6
 -0.002330040385528372   14   13   10    7
 -0.0002614453543111749   14   13   10    8
 -0.002378214376807485   14   13   10    9
 0.02893479370762232   14   13   10   10
 8.997903397912188e-06   14   13   11    1
 -0.0006148101593533362   14   13   11    2
 0.001067976401389191   14   13   11    3
 -0.002274690989609495   14   13   11    4
 -0.001048713110718306   14   13   11    5
 -0.0008570302771467444   14   13   11    6
 0.006183853069116179   14   13   11    7
 0.002128903612690466   14   13   11    8
 0.001658771022575259   14   13   11    9
 -0.0005850538273480488   14   13   11   10
 0.03040357790303936   14   13   11   11
 2.699177688723921e-05   14   13   12    1
 -0.00167195839903245   14   13   12    2
 -0.0008187427632095644   14   13   12    3
 0.001376669493751662   14   13   12    4
 -0.001384432820049518   14   13   12    5
 -0.0004238885079829014   14   13   12    6
 -0.01150221011082527   14   13   12    7
 0.01086741526568564   14   13   12    8
 0.004034437487416986   14   13   12    9
 0.001346470973824466   14   13   12   10
 -0.007901765184225557   14   13   12   11
 0.04512268534299168   14   13   12   12
 0.0001208657070266927   14   13   13    1
 0.00601288010253463   14   13   13    2
 -0.001086364914471928   14   13   13    3
 -0.01730858813709387   14   13   13    4
 -0.000256287577776009   14   13   13    5
 -0.002941086705405022   14   13   13    6
 -0.002111003639204697   14   13   13    7
 -0.002249880565102602   14   13   13    8
 0.000156780200030174   14   13   13    9
 0.002311286432961435   14   13   13   10
 0.000914995050033403   14   13   13   11
 0.0007070016112029788   14   13   13   12
 0.01678895727516808   14   13   13   13
 1.927310823939346e-06   14   13   14    1
 0.001122204667779744   14   13   14    2
 0.001008136307976095   14   13   14    3
 -0.0003536200323888223   14   13   14    4
 0.004307987903076855   14   13   14    5
 0.008560068007976781   14   13   14    6
 -0.002480634519192829   14   13   14    7
 -0.004806592097390367   14   13   14    8
 0.00189784200824813   14   13   14    9
 0.001300702025976266   14   13   14   10
 0.003595652361056281   14   13   14   11
 -0.003978144182543816   14   13   14   12
 0.02406679449135952   14   13   14   13
 0.2545757487381627   14   14    1    1
 8.514372334554874e-05   14   14    2    1
 0.3619608468030063   14   14    2    2
 -2.906429778896055e-05   14   14    3    1
 -0.008874696849737464   14   14    3    2
 0.2721015471112949   14   14    3    3
 -9.400832132929313e-05   14   14    4    1
 -0.01124731442337648   14   14    4    2
 -0.00272780269480092   14   14    4    3
 0.2997542864561105   14   14    4    4
 0.0006085936761706241   14   14    5    1
 -0.0004451217662722143   14   14    5    2
 0.02419745238699058   14   14    5    3
 -0.007832055352320249   14   14    5    4
 0.3335963313927396   14   14    5    5
 0.0005347307575282143   14   14    6    1
 0.002737619652013479   14   14    6    2
 0.0148245109931585   14   14    6    3
 -0.01840999819901799   14   14    6    4
 -0.005119266520793078   14   14    6    5
 0.3333374227669079   14   14    6    6
 0.0004903849893395872   14   14    7    1
 -0.00113232047557701   14   14    7    2
 0.009618154814357521   14   14    7    3
 -0.007187188716549013   14   14    7    4
 -0.004130060552972779   14   14    7    5
 0.0084755271100646   14   14    7    6
 0.2764704507137575   14   14    7    7
 0.0008795341101320452   14   14    8    1
 -0.0001645284120397387   14   14    8    2
 0.01198283929001762   14   14    8    3
 0.007545169983103688   14   14    8    4
 -0.01765759166097953   14   14    8    5
 -0.01081334684038872   14   14    8    6
 -0.007305894901405848   14   14    8    7
 0.3071685946982685   14   14    8    8
 -0.001738162243751417   14   14    9    1
 0.008457747378226292   14   14    9    2
 -0.02367352534900856   14   14    9    3
 -0.01344891266174381   14   14    9    4
 0.03222662236948306   14   14    9    5
 0.02128214173536311   14   14    9    6
 0.002820171585905429   14   14    9    7
 0.01672066964181602   14   14    9    8
 0.2846249035701857   14   14    9    9
 0.0002018379020656135   14   14   10    1
 -0.0009248992599942959   14   14   10    2
 0.001291849278888043   14   14   10    3
 0.01369081312319056   14   14   10    4
 0.005074685936982533   14   14   10    5
 -0.03766930813136565   14   14   10    6
 -0.007108493371207618   14   14   10    7
 0.001728888626472725   14   14   10    8
 -0.01267404600112056   14   14   10    9
 0.2648213535150355   14   14   10   10
 3.747947321025469e-05   14   14   11    1
 0.005354605101013588   14   14   11    2
 0.000155816845026772   14   14   11    3
 0.003344870654527317   14   14   11    4
 -0.002069295987843133   14   14   11    5
 -0.0006575555383761312   14   14   11    6
 0.004351701660932486   14   14   11    7
 0.02565056285957238   14   14   11    8
 0.01355726765693774   14   14   11    9
 -0.0005220018168470545   14   14   11   10
 0.2849947611170137   14   14   11   11
 5.978780585650664e-05   14   14   12    1
 -0.003275233172965612   14   14   12    2
 -0.0006675232184435571   14   14   12    3
 -0.0006736127857926263   14   14   12    4
 -0.001396476310304235   14   14   12    5
 -0.001340377966895133   14   14   12    6
 -0.02374996476100862   14   14   12    7
 0.02159475845113444   14   14   12    8
 0.005679920071359298   14   14   12    9
 0.004326813679281756   14   14   12   10
 -0.03676175712953993   14   14   12   11
 0.3065095555572114   14   14   12   12
 0.000377105930859317   14   14   13    1
 0.01002923901873491   14   14   13    2
 -0.002429716166828475   14   14   13    3
 -0.0275579029363469   14   14   13    4
 -0.004300067297769591   14   14   13    5
 -0.006625883983158807   14   14   13    6
 -0.005777834263510886   14   14   13    7
 -0.007302355100197959   14   14   13    8
 -0.0005429990275657391   14   14   13    9
 0.006563934887298721   14   14   13   10
 0.0001600336656074829   14   14   13   11
 0.003484782275353602   14   14   13   12
 0.2791515816445936   14   14   13   13
 -7.192640981263786e-05   14   14   14    1
 0.005612069966731612   14   14   14    2
 0.001037818176728704   14   14   14    3
 0.009159106918987062   14   14   14    4
 -1.155837932058633e-05   14   14   14    5
 0.01003309010567064   14   14   14    6
 -0.008769403255735365   14   14   14    7
 -0.00181388166613978   14   14   14    8
 -0.002139935312579426   14   14   14    9
 0.01531228495807138   14   14   14   10
 0.01383283663785293   14   14   14   11
 -0.003118118174613763   14   14   14   12
 0.03847476124229436   14   14   14   13
 0.3378248593432043   14   14   14   14
 0.0886398618656354   15    1    1    1
 -0.001147950532082105   15    1    2    1
 -0.001671679717204799   15    1    2    2
 -0.01359633585259528   15    1    3    1
 -0.0008488072756463885   15    1    3    2
 -0.003402161531256084   15    1    3    3
 -2.511039452133681e-05   15    1    4    1
 0.0001256789388692372   15    1    4    2
 0.0004499813847474502   15    1    4    3
 -0.0009322503098183521   15    1    4    4
 0.003026379435017053   15    1    5    1
 -0.0004982174197197191   15    1    5    2
 -0.002749977060636014   15    1    5    3
 -0.0002350633138529467   15    1    5    4
 0.000574524623820302   15    1    5    5
 0.0005593327019913827   15    1    6    1
 2.564818858077919e-05   15    1    6    2
 -0.002931568012516727   15    1    6    3
 0.0002595654372544868   15    1    6    4
 0.001574048711682156   15    1    6    5
 -0.0007674437250563282   15    1    6    6
 -0.0001967274192329354   15    1    7    1
 -7.644799129490938e-05   15    1    7    2
 -0.00239400651422981   15    1    7    3
 -5.579165798804492e-05   15    1    7    4
 0.001135644148637792   15    1    7    5
 0.0005888573759388411   15    1    7    6
 -0.0003146423868295181   15    1    7    7
 -0.0006316358396971488   15    1    8    1
 -0.0001586029091248049   15    1    8    2
 -0.004418532686542629   15    1    8    3
 -0.0002335340915625236   15    1    8    4
 0.002104338334857379   15    1    8    5
 0.001345672903968574   15    1    8    6
 0.00119883185496823   15    1    8    7
 0.0002452445345539482   15    1    8    8
 0.001960150674282082   15    1    9    1
 0.0003280246892673933   15    1    9    2
 0.008356936140073414   15    1    9    3
 0.0005201322068748844   15    1    9    4
 -0.003881521232362293   15    1    9    5
 -0.002594698658868733   15    1    9    6
 -0.001558037041172219   15    1    9    7
 -0.003163011562838269   15    1    9    8
 0.004327174080347561   15    1    9    9
 -0.001238155520611466   15    1   10    1
 -8.940723090771522e-05   15    1   10    2
 -0.001523665104362559   15    1   10    3
 -0.0002394141791285224   15    1   10    4
 0.0004671313091290888   15    1   10    5
 0.001095060422863875   15    1   10    6
 0.0003745772292227088   15    1   10    7
 0.0002912329733175779   15    1   10    8
 -0.0002116034730218418   15    1   10    9
 0.00175945692400103   15    1   10   10
 7.886380636245648e-05   15    1   11    1
 -6.898000792882632e-06   15    1   11    2
 5.439849404376434e-05   15    1   11    3
 -7.349822839835408e-07   15    1   11    4
 -1.75312079984718e-05   15    1   11    5
 1.69993899938352e-05   15    1   11    6
 3.530032343128637e-06   15    1   11    7
 -0.0002266859739893628   15    1   11    8
 -0.0001305023280124948   15    1   11    9
 4.53919034455963e-05   15    1   11   10
 0.00013948613752755   15    1   11   11
 4.008874036405431e-05   15    1   12    1
 5.447680314249917e-06   15    1   12    2
 3.42414353417748e-05   15    1   12    3
 4.788093466287963e-05   15    1   12    4
 4.252437500793432e-05   15    1   12    5
 -8.771044661549747e-05   15    1   12    6
 0.0008394225335197431   15    1   12    7
 -0.001541433315591214   15    1   12    8
 -0.0006510750147471622   15    1   12    9
 -6.425210422976139e-05   15    1   12   10
 0.002034452591583835   15    1   12   11
 -0.0003890712872226278   15    1   12   12
 -0.002209980264200388   15    1   13    1
 -0.0001177973436013191   15    1   13    2
 -0.0010872893777058   15    1   13    3
 0.0002563608254566724   15    1   13    4
 0.0005355216140366511   15    1   13    5
 9.788846822875333e-05   15    1   13    6
 0.0001007990541097238   15    1   13    7
 0.0004219095280475069   15    1   13    8
 -0.0005397359658657587   15    1   13    9
 -0.0001671195882597194   15    1   13   10
 -0.0001070240723869421   15    1   13   11
 -6.290658076176082e-05   15    1   13   12
 -0.0009078484137194363   15    1   13   13
 0.0003445977445572027   15    1   14    1
 1.179658980701864e-05   15    1   14    2
 0.0002761090692298443   15    1   14    3
 0.0002440805976018251   15    1   14    4
 4.335526043367984e-05   15    1   14    5
 -0.0008681895992636715   15    1   14    6
 -0.0002758128135503222   15    1   14    7
 0.000223730729236882   15    1   14    8
 3.800092827022282e-05   15    1   14    9
 -0.000705106274314456   15    1   14   10
 -0.0003748451214571786   15    1   14   11
 2.643790333696681e-05   15    1   14   12
 -0.0003035230185357731   15    1   14   13
 -0.001073456170548187   15    1   14   14
 0.007193587314695835   15    1   15    1
 -0.01103995742079403   15    2    1    1
 -9.757325121751326e-06   15    2    2    1
 -0.05424251557772007   15    2    2    2
 0.0002830399796316432   15    2    3    1
 0.01128681456033831   15    2    3    2
 -0.0002804698936096623   15    2    3    3
 1.308546648995581e-05   15    2    4    1
 -0.00416098025898702   15    2    4    2
 -0.001178900194760506   15    2    4    3
 -0.02687010501656267   15    2    4    4
 -0.0002177293416221302   15    2    5    1
 0.008060753772837086   15    2    5    2
 -0.001188642715552695   15    2    5    3
 -0.002790328475342244   15    2    5    4
 -0.02356211055251092   15    2    5    5
 -9.767548633780185e-05   15    2    6    1
 0.0130362918573337   15    2    6    2
 0.00268726005400363   15    2    6    3
 -0.01140055418513207   15    2    6    4
 0.01046486131201153   15    2    6    5
 -0.004885115842166186   15    2    6    6
 -9.017853401546733e-05   15    2    7    1
 0.005809931455098441   15    2    7    2
 0.0008466620645292022   15    2    7    3
 -0.002420486063229104   15    2    7    4
 0.00173743657070281   15    2    7    5
 -0.0002705987508471174   15    2    7    6
 -0.004443505286720577   15    2    7    7
 -0.0001873189400621899   15    2    8    1
 0.001827926444358534   15    2    8    2
 0.001818398298753796   15    2    8    3
 -0.0005842599721760038   15    2    8    4
 0.003462006361971845   15    2    8    5
 0.002454521697165662   15    2    8    6
 -0.004397026872128019   15    2    8    7
 -0.02439209884498805   15    2    8    8
 0.0003428601529189443   15    2    9    1
 -0.001638723906667348   15    2    9    2
 -0.003890365224551855   15    2    9    3
 -0.003616799641021936   15    2    9    4
 -0.005875117404085815   15    2    9    5
 0.005164982884048864   15    2    9    6
 -0.002531284785338758   15    2    9    7
 -0.01190357583385159   15    2    9    8
 -0.007223512972291626   15    2    9    9
 8.987325374898139e-05   15    2   10    1
 -0.01064844119183611   15    2   10    2
 0.001724925775194246   15    2   10    3
 0.001475004273147342   15    2   10    4
 -0.007076099568504493   15    2   10    5
 0.004973032670342516   15    2   10    6
 0.001543325980204872   15    2   10    7
 0.001769669013484109   15    2   10    8
 -0.00210792160596044   15    2   10    9
 -0.008601052806910882   15    2   10   10
 1.159873611710879e-05   15    2   11    1
 -0.0004385982297312702   15    2   11    2
 0.000250823434600187   15    2   11    3
 -0.0007742643672761406   15    2   11    4
 0.001078307516954987   15    2   11    5
 0.003775912679445584   15    2   11    6
 0.002302696303708665   15    2   11    7
 -0.03387965022327168   15    2   11    8
 -0.01588478167977681   15    2   11    9
 0.0002703015652621313   15    2   11   10
 -0.03411115636939267   15    2   11   11
 9.503665999350496e-06   15    2   12    1
 -0.002270673742618247   15    2   12    2
 0.0007396838493759442   15    2   12    3
 0.0001620261157197043   15    2   12    4
 0.002759207688595958   15    2   12    5
 -0.001421905408243237   15    2   12    6
 -0.005532279617706343   15    2   12    7
 0.02415967128398898   15    2   12    8
 0.01232829784182485   15    2   12    9
 6.868384152020746e-05   15    2   12   10
 0.00977543404203461   15    2   12   11
 0.004859174164218438   15    2   12   12
 -2.511838699147434e-05   15    2   13    1
 -0.003246342860841274   15    2   13    2
 0.001989401379590246   15    2   13    3
 0.007552739887250735   15    2   13    4
 0.0127487492690293   15    2   13    5
 0.004002548756781301   15    2   13    6
 0.001811375439865837   15    2   13    7
 -0.002674075493384569   15    2   13    8
 0.006042649173279424   15    2   13    9
 0.0001010694759430852   15    2   13   10
 0.0001195323661737294   15    2   13   11
 -0.001619502266130374   15    2   13   12
 -0.01147439697187331   15    2   13   13
 -1.688872048803898e-05   15    2   14    1
 -0.02140050623811635   15    2   14    2
 0.006321427589115548   15    2   14    3
 -0.005942047804788166   15    2   14    4
 0.01587501262468973   15    2   14    5
 0.009224674818149571   15    2   14    6
 0.004692202421575334   15    2   14    7
 -0.008652656845689216   15    2   14    8
 0.003408362311306891   15    2   14    9
 -0.003531855549037775   15    2   14   10
 -0.00477824178751439   15    2   14   11
 -0.001560635371709118   15    2   14   12
 -3.136425009971273e-05   15    2   14   13
 -0.01107197291743077   15    2   14   14
 5.33981084906332e-05   15    2   15    1
 0.04482184792761142   15    2   15    2
 -0.1307931628261174   15    3    1    1
 -0.0002773734546182871   15    3    2    1
 0.0262436200210559   15    3    2    2
 0.001731261466441506   15    3    3    1
 -0.007738086154109753   15    3    3    2
 -0.05772904689826965   15    3    3    3
 0.0003914336429425289   15    3    4    1
 -0.002195552948219266   15    3    4    2
 -0.001038735851250483   15    3    4    3
 0.0124545825455688   15    3    4    4
 -0.002815955340848167   15    3    5    1
 0.00580323801610338   15    3    5    2
 0.01440351586959219   15    3    5    3
 -0.001210176002907653   15    3    5    4
 0.01111220780943056   15    3    5    5
 -0.002452497525964488   15    3    6    1
 -0.002117084010441444   15    3    6    2
 0.004821929750621269   15    3    6    3
 -0.001028699209408802   15    3    6    4
 -0.001545403439337325   15    3    6    5
 0.008765723248149624   15    3    6    6
 -0.001988587377614488   15    3    7    1
 -0.001720044303423356   15    3    7    2
 -0.0004168153086034073   15    3    7    3
 0.0003420459585460096   15    3    7    4
 -0.001472511755518342   15    3    7    5
 -0.0005546351761394458   15    3    7    6
 0.002376023402779858   15    3    7    7
 -0.003665586873494109   15    3    8    1
 -0.002683085851662066   15    3    8    2
 -0.003004060159168334   15    3    8    3
 0.0006978027946219133   15    3    8    4
 -0.00447101135888496   15    3    8    5
 -0.002554889777414548   15    3    8    6
 -0.0009803876796343777   15    3    8    7
 0.003556740827701818   15    3    8    8
 0.006900272634251908   15    3    9    1
 0.005096135590917946   15    3    9    2
 0.009643251012897286   15    3    9    3
 -0.001387813413643507   15    3    9    4
 0.009036465250032962   15    3    9    5
 0.002972209814543574   15    3    9    6
 0.004807658575089461   15    3    9    7
 0.01132490362594049   15    3    9    8
 -0.01353276866563031   15    3    9    9
 -0.001130723254567324   15    3   10    1
 0.002711773934204429   15    3   10    2
 -0.003889230476343992   15    3   10    3
 0.005488467451330313   15    3   10    4
 0.007480649143803289   15    3   10    5
 -0.02448384352195984   15    3   10    6
 -0.005222008544433147   15    3   10    7
 0.0009890660909428024   15    3   10    8
 -0.00927715512989305   15    3   10    9
 -0.05113108382074474   15    3   10   10
 3.311005219312263e-05   15    3   11    1
 -7.516693014934801e-05   15    3   11    2
 0.0003374978175435204   15    3   11    3
 -1.600525869381052e-06   15    3   11    4
 -0.0005183749352394047   15    3   11    5
 -0.0009378849612328585   15    3   11    6
 -0.006846882162569813   15    3   11    7
 0.02256086469795764   15    3   11    8
 0.009448534301863789   15    3   11    9
 -0.0007919389694681643   15    3   11   10
 -0.01966054613747711   15    3   11   11
 9.504114985150623e-06   15    3   12    1
 0.00077463061620204   15    3   12    2
 0.0001291418059981809   15    3   12    3
 -0.0007262759361310529   15    3   12    4
 -0.001107111042889248   15    3   12    5
 0.001824425860832774   15    3   12    6
 -0.01237856882160301   15    3   12    7
 0.02090943875840576   15    3   12    8
 0.008079532010845032   15    3   12    9
 0.000972358861645064   15    3   12   10
 -0.03547297062151131   15    3   12   11
 -0.003409800464708957   15    3   12   12
 -0.001112478326237709   15    3   13    1
 0.002658795114400407   15    3   13    2
 -0.007307955774741716   15    3   13    3
 -0.005518809044960394   15    3   13    4
 -0.0005592282922388843   15    3   13    5
 0.002190014775883682   15    3   13    6
 -0.0003498937097403073   15    3   13    7
 -0.003184999441962239   15    3   13    8
 0.004037653582592542   15    3   13    9
 -8.315191390788744e-05   15    3   13   10
 0.001814026603350534   15    3   13   11
 0.001256539721413243   15    3   13   12
 0.007573360031092657   15    3   13   13
 0.0002636645540819174   15    3   14    1
 0.006290271599610328   15    3   14    2
 0.001213115330366229   15    3   14    3
 -0.002523411793989364   15    3   14    4
 -0.004179854786914115   15    3   14    5
 0.008679140638354465   15    3   14    6
 0.00289679966238906   15    3   14    7
 -0.002159066606323917   15    3   14    8
 0.0001880712693543159   15    3   14    9
 0.0082989015583394   15    3   14   10
 0.005761648324597963   15    3   14   11
 -6.010830789041916e-05   15    3   14   12
 0.003647658329934649   15    3   14   13
 0.009309131327867964   15    3   14   14
 0.003260171424078753   15    3   15    1
 -0.002925108211686235   15    3   15    2
 0.02864475682809571   15    3   15    3
 -0.003073577358464302   15    4    1    1
 -2.332730538707247e-05   15    4    2    1
 0.002372195924507373   15    4    2    2
 -0.000144519289983351   15    4    3    1
 -0.002769227479848964   15    4    3    2
 -0.009689136755346814   15    4    3    3
 6.380791945393955e-06   15    4    4    1
 0.005097056059594491   15    4    4    2
 0.001195525474415316   15    4    4    3
 0.01114320965552087   15    4    4    4
 -8.134334811098753e-05   15    4    5    1
 -0.003951542180135274   15    4    5    2
 -0.0003457283169190674   15    4    5    3
 0.004904798141046087   15    4    5    4
 0.002294128890232209   15    4    5    5
 -1.935174523904903e-05   15    4    6    1
 -0.003133232288374221   15    4    6    2
 -0.004161252815171763   15    4    6    3
 0.005784836693304834   15    4    6    4
 -0.00328750687282501   15    4    6    5
 -0.005340118270831844   15    4    6    6
 -6.890047881914756e-05   15    4    7    1
 -0.0007521205029553624   15    4    7    2
 -0.001744383602938504   15    4    7    3
 0.0003149274099315074   15    4    7    4
 -0.0008778299391376175   15    4    7    5
 -0.002876560198828218   15    4    7    6
 0.005101521524946978   15    4    7    7
 -0.0001587259463996143   15    4    8    1
 -0.0003796200158690759   15    4    8    2
 -0.002808069386233677   15    4    8    3
 -0.0004436881178635426   15    4    8    4
 -0.001100651478577101   15    4    8    5
 -0.002011399777209622   15    4    8    6
 0.005128048578498091   15    4    8    7
 -0.002822385886389368   15    4    8    8
 0.0003407709150390721   15    4    9    1
 -0.0009394844996510174   15    4    9    2
 0.004934751027881595   15    4    9    3
 0.002334032598348707   15    4    9    4
 0.000971457765763128   15    4    9    5
 -0.0002660116856994979   15    4    9    6
 0.005065635230196722   15    4    9    7
 0.002334406071064539   15    4    9    8
 -0.00326320497292961   15    4    9    9
 0.0001216546688892079   15    4   10    1
 0.001926183736137663   15    4   10    2
 -0.0003751856465016006   15    4   10    3
 0.001083531520952956   15    4   10    4
 0.002334341710104305   15    4   10    5
 -0.003402262208833187   15    4   10    6
 -0.001119136587780547   15    4   10    7
 -0.0004315593209148008   15    4   10    8
 -0.0008029490561427814   15    4   10    9
 -0.0006851517670142553   15    4   10   10
 -9.492871193750288e-07   15    4   11    1
 -0.0003156610514716267   15    4   11    2
 8.670779086234491e-05   15    4   11    3
 0.0001853483600582936   15    4   11    4
 -0.0001736774709255011   15    4   11    5
 -0.0001165135839192131   15    4   11    6
 -0.003883484143648357   15    4   11    7
 0.01038729938431667   15    4   11    8
 0.004287954006177563   15    4   11    9
 -0.0002524399466694334   15    4   11   10
 0.002804654107778603   15    4   11   11
 -9.607892938220167e-06   15    4   12    1
 -0.0003823103487435097   15    4   12    2
 -0.000449263710835357   15    4   12    3
 0.0002693385261714684   15    4   12    4
 -0.001586463061851533   15    4   12    5
 -0.001404896876018346   15    4   12    6
 0.005863535314335251   15    4   12    7
 -0.01184897983283966   15    4   12    8
 -0.005920787577830596   15    4   12    9
 0.000594777727036728   15    4   12   10
 3.136897237273185e-05   15    4   12   11
 -0.01551234681211818   15    4   12   12
 -9.43555750204173e-05   15    4   13    1
 -0.003953071319806525   15    4   13    2
 -0.001198759096416205   15    4   13    3
 -0.005884176256965042   15    4   13    4
 -0.008098151228954849   15    4   13    5
 -0.007890182812071109   15    4   13    6
 -0.001966715463979528   15    4   13    7
 0.002437695430463431   15    4   13    8
 -0.006363432074490089   15    4   13    9
 0.002784828877977769   15    4   13   10
 5.194750520070039e-05   15    4   13   11
 0.0008130892121645852   15    4   13   12
 0.002600181392129338   15    4   13   13
 -1.577757849732658e-05   15    4   14    1
 -0.0005649284622487627   15    4   14    2
 -0.002893147599333216   15    4   14    3
 0.006995273843868226   15    4   14    4
 -0.006065939015069535   15    4   14    5
 -0.0111383387957358   15    4   14    6
 -0.004234556644884186   15    4   14    7
 0.003757813275319881   15    4   14    8
 -0.004089837501035904   15    4   14    9
 0.005251120116471268   15    4   14   10
 0.000199675205577355   15    4   14   11
 0.003774720332699462   15    4   14   12
 -0.0008626733730905197   15    4   14   13
 0.004159556609490773   15    4   14   14
 0.0002475675909547598   15    4   15    1
 -0.01250040256571991   15    4   15    2
 -0.001405401556443425   15    4   15    3
 0.01238555660123485   15    4   15    4
 0.02816522313140955   15    5    1    1
 0.0001511582930794151   15    5    2    1
 0.04338155240295757   15    5    2    2
 0.0003288410873955781   15    5    3    1
 0.006691431535178747   15    5    3    2
 0.04614274648355708   15    5    3    3
 -0.0001598504631974199   15    5    4    1
 -0.004283140152284221   15    5    4    2
 -0.0005475706667293721   15    5    4    3
 0.02647864369042879   15    5    4    4
 0.0007636772486587247   15    5    5    1
 0.03022424123711962   15    5    5    2
 0.005420466577668277   15    5    5    3
 -0.0001656215890275347   15    5    5    4
 0.02691138912636413   15    5    5    5
 0.000954400331072771   15    5    6    1
 -0.005641588706806266   15    5    6    2
 0.007790396770926437   15    5    6    3
 -0.01021835026578934   15    5    6    4
 -0.002885819492968176   15    5    6    5
 0.03951447860798166   15    5    6    6
 0.000749823625655722   15    5    7    1
 -0.001125318516529506   15    5    7    2
 0.006304427340046075   15    5    7    3
 -0.0002868822588256005   15    5    7    4
 2.42237808274801e-05   15    5    7    5
 0.0066790185143153   15    5    7    6
 0.01181985043254421   15    5    7    7
 0.001349914538242422   15    5    8    1
 -0.004202809759786836   15    5    8    2
 0.01115099047497811   15    5    8    3
 0.001333730461934699   15    5    8    4
 -0.001369574798415991   15    5    8    5
 -0.000945436112013438   15    5    8    6
 -0.01165549067600826   15    5    8    7
 0.04480290638768571   15    5    8    8
 -0.002553155139642874   15    5    9    1
 0.007475865732791541   15    5    9    2
 -0.02164212850657379   15    5    9    3
 -0.004762010432172039   15    5    9    4
 0.000403915597767837   15    5    9    5
 0.006480863987046339   15    5    9    6
 -0.007775822642367373   15    5    9    7
 0.006742211927690787   15    5    9    8
 0.02907985894443716   15    5    9    9
 0.0008372940784494458   15    5   10    1
 0.004080396907754119   15    5   10    2
 0.002168796993137285   15    5   10    3
 0.002792467363953265   15    5   10    4
 -0.002800176788701014   15    5   10    5
 -0.0006433145087785349   15    5   10    6
 0.0001313880018743754   15    5   10    7
 5.818302827331034e-05   15    5   10    8
 -0.0001054511257509479   15    5   10    9
 0.02639315628540694   15    5   10   10
 -1.372869364468047e-05   15    5   11    1
 -0.0004133547916243543   15    5   11    2
 0.0003011479884809203   15    5   11    3
 -0.0002205097207578571   15    5   11    4
 0.0004624006361347321   15    5   11    5
 -0.00151593782581291   15    5   11    6
 0.008866304327406946   15    5   11    7
 -0.005772669054958806   15    5   11    8
 -0.001121303763363146   15    5   11    9
 -9.145638446011693e-05   15    5   11   10
 0.03126396992736362   15    5   11   11
 -7.364611994705553e-06   15    5   12    1
 0.002336950009943579   15    5   12    2
 -0.000899128971823817   15    5   12    3
 -0.00200192385748672   15    5   12    4
 -0.00324438973837505   15    5   12    5
 0.002835804260671888   15    5   12    6
 -0.01490820750329083   15    5   12    7
 0.02274153240961917   15    5   12    8
 0.008492356081811944   15    5   12    9
 -0.001139519151540679   15    5   12   10
 -0.01022742954507875   15    5   12   11
 0.05951603065219793   15    5   12   12
 0.0005653798821462926   15    5   13    1
 0.01001926710536384   15    5   13    2
 -0.0005779388306645024   15    5   13    3
 -0.01370940900945077   15    5   13    4
 -0.003519292011878772   15    5   13    5
 0.008929821366676924   15    5   13    6
 0.000454999009133264   15    5   13    7
 -0.003562027868926685   15    5   13    8
 0.00504100648073534   15    5   13    9
 -0.005115670670010851   15    5   13   10
 0.0007794219876971951   15    5   13   11
 -0.001289978679038556   15    5   13   12
 0.01904005863941828   15    5   13   13
 -0.0001824364045031301   15    5   14    1
 0.01419056733992572   15    5   14    2
 -0.003649521948494236   15    5   14    3
 -0.009814221839700784   15    5   14    4
 -0.01604265395611168   15    5   14    5
 0.01950228180937464   15    5   14    6
 0.004349358361978332   15    5   14    7
 -0.003826998421096088   15    5   14    8
 -0.0006833265981098372   15    5   14    9
 -0.007770586704483036   15    5   14   10
 0.004649051495624994   15    5   14   11
 -0.01168607647005725   15    5   14   12
 0.006253395619800927   15    5   14   13
 0.01128365677684348   15    5   14   14
 -0.001703034920498257   15    5   15    1
 -0.002854634907547172   15    5   15    2
 0.005865898119372324   15    5   15    3
 -0.005863077110036346   15    5   15    4
 0.03461712034980646   15    5   15    5
 -0.01000166576563147   15    6    1    1
 0.0001192931106907658   15    6    2    1
 0.05096618516554333   15    6    2    2
 0.0006445018156836834   15    6    3    1
 -0.002004145311707154   15    6    3    2
 0.0194912955598873   15    6    3    3
 3.049374340174974e-05   15    6    4    1
 -0.001224572175521098   15    6    4    2
 -0.001937924049873365   15    6    4    3
 0.02400491220966479   15    6    4    4
 0.000410484161248223   15    6    5    1
 0.006254479424810089   15    6    5    2
 0.01027446818280571   15    6    5    3
 -0.001968464421024372   15    6    5    4
 0.03194026907858243   15    6    5    5
 -9.704115548813579e-05   15    6    6    1
 -0.003594339822957454   15    6    6    2
 0.008529168390224435   15    6    6    3
 -0.0009201538597857263   15    6    6    4
 -0.009504317833527051   15    6    6    5
 0.01974701671378627   15    6    6    6
 0.0002525912922949902   15    6    7    1
 -0.002655933877032153   15    6    7    2
 0.005685953251536736   15    6    7    3
 0.002583119643087516   15    6    7    4
 0.0003842651367091177   15    6    7    5
 0.01051561046847753   15    6    7    6
 -0.01341139582776387   15    6    7    7
 0.0007005279817511095   15    6    8    1
 -0.0002652464550175332   15    6    8    2
 0.00888814280189071   15    6    8    3
 0.001381633434307438   15    6    8    4
 -0.00505389558125285   15    6    8    5
 0.002244816729396293   15    6    8    6
 -0.0114667022797894   15    6    8    7
 0.03331502784004643   15    6    8    8
 -0.001548737640495195   15    6    9    1
 0.003022615186592955   15    6    9    2
 -0.01594457513969481   15    6    9    3
 0.0006314989550588561   15    6    9    4
 0.01031023369955683   15    6    9    5
 -0.002599805862054686   15    6    9    6
 -0.008803401372410898   15    6    9    7
 0.0107547194095016   15    6    9    8
 0.01012236092139625   15    6    9    9
 -0.001174662503668168   15    6   10    1
 0.004796111849599404   15    6   10    2
 -0.003284258359218391   15    6   10    3
 -0.001270226488635313   15    6   10    4
 0.007734943065413593   15    6   10    5
 3.284424468363955e-05   15    6   10    6
 -0.0007274885299119018   15    6   10    7
 -0.001846136437831074   15    6   10    8
 0.005097179375148374   15    6   10    9
 -0.001666298286599256   15    6   10   10
 -1.303486788423372e-05   15    6   11    1
 0.001755718250235091   15    6   11    2
 -0.000466531297949165   15    6   11    3
 0.0005554657716251697   15    6   11    4
 -0.001442073221919966   15    6   11    5
 -0.003996316511863591   15    6   11    6
 0.008257798107574   15    6   11    7
 0.0104096855326781   15    6   11    8
 0.005969258064076736   15    6   11    9
 0.0001951620945249814   15    6   11   10
 0.02252285954953023   15    6   11   11
 4.083683941788924e-05   15    6   12    1
 0.0006010054043184618   15    6   12    2
 0.0005756332263354971   15    6   12    3
 -0.002329720783336517   15    6   12    4
 0.001095258005701656   15    6   12    5
 0.005502143902055164   15    6   12    6
 -0.01386736022793844   15    6   12    7
 0.01377504212847547   15    6   12    8
 0.006142009989758278   15    6   12    9
 -0.001443363884901456   15    6   12   10
 -0.01902835377271448   15    6   12   11
 0.03725050741684827   15    6   12   12
 0.0003973982685923528   15    6   13    1
 0.006227110133123132   15    6   13    2
 0.001056230887321801   15    6   13    3
 -0.01497589719939298   15    6   13    4
 0.004742479146953725   15    6   13    5
 0.01575138764267683   15    6   13    6
 0.0005339701206964141   15    6   13    7
 -0.004557356859279979   15    6   13    8
 0.01010554086923579   15    6   13    9
 -0.009778848662703957   15    6   13   10
 0.001224799668563853   15    6   13   11
 5.432601418790873e-06   15    6   13   12
 0.002553470255533618   15    6   13   13
 0.0001954753668497505   15    6   14    1
 0.01266762437383008   15    6   14    2
 0.003461640269961708   15    6   14    3
 -0.01125002869727594   15    6   14    4
 0.004862957324505163   15    6   14    5
 0.02498594631687461   15    6   14    6
 0.009109127407839642   15    6   14    7
 -0.00313236844474666   15    6   14    8
 0.01077986928491171   15    6   14    9
 -0.008208078647870319   15    6   14   10
 0.005443901370628147   15    6   14   11
 -0.007446848631222414   15    6   14   12
 0.008999953138919445   15    6   14   13
 0.008587647649404395   15    6   14   14
 -0.001022124798872579   15    6   15    1
 0.0009552045858925096   15    6   15    2
 0.008553959589109704   15    6   15    3
 -0.01154934358791689   15    6   15    4
 0.01467166211584688   15    6   15    5
 0.0382624391750189   15    6   15    6
 -0.02726416548525061   15    7    1    1
 6.271897726671855e-05   15    7    2    1
 0.02072130901198883   15    7    2    2
 0.0005337036377585363   15    7    3    1
 -0.001982824714515137   15    7    3    2
 -0.004831273942822954   15    7    3    3
 -2.828506467887612e-06   15    7    4    1
 -0.0008402614563257163   15    7    4    2
 -0.0008851025113497106   15    7    4    3
 0.0138565357517647   15    7    4    4
 2.858027773178657e-05   15    7    5    1
 0.001648067792917703   15    7    5    2
 0.007309786741319785   15    7    5    3
 -0.0002900864171518736   15    7    5    4
 0.01238495181941589   15    7    5    5
 1.988980199932492e-05   15    7    6    1
 -0.0003220797285772963   15    7    6    2
 0.004763308828043303   15    7    6    3
 -0.0004111195264088478   15    7    6    4
 -0.001764527046592309   15    7    6    5
 0.01403361911767182   15    7    6    6
 -2.499405371114858e-05   15    7    7    1
 0.000767134463995399   15    7    7    2
 0.003782060533308638   15    7    7    3
 -3.94385028860427e-06   15    7    7    4
 -0.0006179395053998613   15    7    7    5
 -0.001636415767695719   15    7    7    6
 0.006073669667090083   15    7    7    7
 0.0004690242399628948   15    7    8    1
 -0.00608600775756633   15    7    8    2
 0.001343498162532898   15    7    8    3
 0.001719977784386764   15    7    8    4
 -0.009525342254342083   15    7    8    5
 -0.004914202064737722   15    7    8    6
 -0.001734830458301435   15    7    8    7
 0.007809061373190943   15    7    8    8
 -0.0003880523556907704   15    7    9    1
 -0.0006702215938456886   15    7    9    2
 -0.007319539757440975   15    7    9    3
 -0.0005101918725115963   15    7    9    4
 0.006688343712299685   15    7    9    5
 0.003750233679839632   15    7    9    6
 0.00105724486420372   15    7    9    7
 0.007792072471461608   15    7    9    8
 -0.003294584269268515   15    7    9    9
 -0.0001386730549867443   15    7   10    1
 0.001253420462693815   15    7   10    2
 -0.0004758132493496105   15    7   10    3
 0.001899078024708996   15    7   10    4
 0.001997261988676328   15    7   10    5
 -0.00980994338735139   15    7   10    6
 -0.0002737419807027116   15    7   10    7
 0.000109285378597072   15    7   10    8
 -0.001411334065252206   15    7   10    9
 -0.008502087969062795   15    7   10   10
 -0.0004691245191298085   15    7   11    1
 0.0007706881310581341   15    7   11    2
 0.001117383211881606   15    7   11    3
 -0.001729907000029417   15    7   11    4
 0.001092729077640876   15    7   11    5
 0.001396199369391045   15    7   11    6
 -0.0009411276399395814   15    7   11    7
 0.009418502884868127   15    7   11    8
 0.003929490516701485   15    7   11    9
 -0.001344265724824194   15    7   11   10
 0.0033908077467077   15    7   11   11
 -0.0003985112790789221   15    7   12    1
 -0.005453218665330814   15    7   12    2
 -0.004717183965606471   15    7   12    3
 0.002930298979886915   15    7   12    4
 -0.0060665382801143   15    7   12    5
 -0.002780692656809889   15    7   12    6
 -0.00538890994691816   15    7   12    7
 0.004258352543992118   15    7   12    8
 0.002703943679151008   15    7   12    9
 0.001022014864394566   15    7   12   10
 -0.01244738980158804   15    7   12   11
 0.004844072491726359   15    7   12   12
 0.0001887194871428124   15    7   13    1
 0.001747835555383345   15    7   13    2
 -0.0004791595750649928   15    7   13    3
 -0.004005916614680998   15    7   13    4
 -0.001250313575041108   15    7   13    5
 -0.0002964898937229069   15    7   13    6
 0.002011073127516508   15    7   13    7
 -0.002590323872712792   15    7   13    8
 0.001315060964059033   15    7   13    9
 6.75122741024517e-05   15    7   13   10
 0.001057383550286811   15    7   13   11
 -0.002451712972363708   15    7   13   12
 0.01051738474861702   15    7   13   13
 6.581384076595317e-05   15    7   14    1
 0.00476230669255456   15    7   14    2
 0.001369906286888179   15    7   14    3
 -0.001792274993703255   15    7   14    4
 0.0004290536369584016   15    7   14    5
 0.004900271303054145   15    7   14    6
 0.003541772279966927   15    7   14    7
 -0.001633077528952209   15    7   14    8
 3.868257988286361e-05   15    7   14    9
 0.002335253881178497   15    7   14   10
 0.002898137820430453   15    7   14   11
 -0.00243214051561331   15    7   14   12
 0.002966329781423244   15    7   14   13
 0.01125840452294681   15    7   14   14
 -0.0004904689868928314   15    7   15    1
 -0.002967445604948177   15    7   15    2
 0.004526921518070038   15    7   15    3
 -0.0003586717165649818   15    7   15    4
 0.003148283454075522   15    7   15    5
 0.003750230267571298   15    7   15    6
 0.01043698903708971   15    7   15    7
 -0.06583345837500254   15    8    1    1
 9.163640828748008e-05   15    8    2    1
 0.006378077256159032   15    8    2    2
 0.0009558719914387875   15    8    3    1
 -0.003127130597009615   15    8    3    2
 -0.02738836663139392   15    8    3    3
 -2.946220528885807e-05   15    8    4    1
 -0.001508129679292928   15    8    4    2
 -0.001293294738094814   15    8    4    3
 0.001749805865258951   15    8    4    4
 -0.0001214554395510501   15    8    5    1
 -0.003341041644621221   15    8    5    2
 0.01053541607845595   15    8    5    3
 -0.0003522133348720761   15    8    5    4
 -0.001600233624823939   15    8    5    5
 0.0001482021781672374   15    8    6    1
 0.001754876743692462   15    8    6    2
 0.006706176049537514   15    8    6    3
 0.0002900019563368202   15    8    6    4
 -0.002586436333989466   15    8    6    5
 0.001551755091011456   15    8    6    6
 0.0003734055814413904   15    8    7    1
 -0.004671646790957909   15    8    7    2
 0.0006661481659180264   15    8    7    3
 0.002365266439666313   15    8    7    4
 -0.00778643804379735   15    8    7    5
 -0.008623169367196716   15    8    7    6
 0.003035498640707696   15    8    7    7
 -0.0003305174655933632   15    8    8    1
 -1.757314714433091e-05   15    8    8    2
 0.01102898545354534   15    8    8    3
 -0.004864175071453727   15    8    8    4
 0.003031828479772897   15    8    8    5
 0.0003139953399187664   15    8    8    6
 0.0005373760764932161   15    8    8    7
 -0.005851654194606582   15    8    8    8
 -0.0006013068473273015   15    8    9    1
 -0.0005634660284884308   15    8    9    2
 -0.004634531430250017   15    8    9    3
 -0.003886729202758503   15    8    9    4
 0.01675819329138157   15    8    9    5
 0.009387672749561603   15    8    9    6
 0.008919880391388099   15    8    9    7
 0.0113604607107849   15    8    9    8
 -0.02323330038337185   15    8    9    9
 0.0004457783960427969   15    8   10    1
 -1.601252005913889e-05   15    8   10    2
 0.001889854009275184   15    8   10    3
 0.002816549229584351   15    8   10    4
 0.001726201244349571   15    8   10    5
 -0.01455085521742949   15    8   10    6
 -0.00182198927558483   15    8   10    7
 -0.00250879504982344   15    8   10    8
 -0.00474538246458646   15    8   10    9
 -0.02999278366429394   15    8   10   10
 0.0009916113480032177   15    8   11    1
 -0.01129717630114049   15    8   11    2
 -2.812424389072679e-05   15    8   11    3
 -0.0006161927055986935   15    8   11    4
 -0.001805772279546819   15    8   11    5
 -0.001613692642445654   15    8   11    6
 -0.005690291831927623   15    8   11    7
 0.008897238440950745   15    8   11    8
 0.00389597862282711   15    8   11    9
 -0.001078527695814311   15    8   11   10
 -0.01599546845726731   15    8   11   11
 0.0008651669383998537   15    8   12    1
 0.01543331511591885   15    8   12    2
 0.008920099069407824   15    8   12    3
 -0.004558888671935233   15    8   12    4
 0.01028390115482905   15    8   12    5
 0.007769532278038413   15    8   12    6
 -0.003177504118127426   15    8   12    7
 0.0126296620538969   15    8   12    8
 0.003161224781289555   15    8   12    9
 -1.251320849045625e-07   15    8   12   10
 -0.01867337326426492   15    8   12   11
 -0.006664856121891531   15    8   12   12
 0.0001548564656714005   15    8   13    1
 -0.001319589229795666   15    8   13    2
 -0.001849550826973055   15    8   13    3
 0.0009449221065972716   15    8   13    4
 -0.001339440347964852   15    8   13    5
 -0.00344943817052006   15    8   13    6
 -0.00199152773308011   15    8   13    7
 0.001232201343377756   15    8   13    8
 0.003867293056183831   15    8   13    9
 0.002520093750083758   15    8   13   10
 0.0001912145392288926   15    8   13   11
 0.006193261110226464   15    8   13   12
 0.003047634049325184   15    8   13   13
 -0.0002062218067883724   15    8   14    1
 -0.005454746188592779   15    8   14    2
 -0.0007962147890998729   15    8   14    3
 0.001577152650114759   15    8   14    4
 8.579815348865617e-06   15    8   14    5
 0.000279058896066755   15    8   14    6
 -0.0005662072997012665   15    8   14    7
 -0.002416624720657733   15    8   14    8
 -0.0007873566389132045   15    8   14    9
 0.00760934160773504   15    8   14   10
 -0.003761251890201613   15    8   14   11
 0.008816357385048363   15    8   14   12
 -0.0003566850180639039   15    8   14   13
 0.004788293153012992   15    8   14   14
 -0.0006771672272018296   15    8   15    1
 0.0002154085922621923   15    8   15    2
 0.005397739488940561   15    8   15    3
 0.0006925030323968382   15    8   15    4
 -0.001680271705126822   15    8   15    5
 0.0002650088515614087   15    8   15    6
 -0.001981329950412632   15    8   15    7
 0.02233385606165349   15    8   15    8
 0.1420940341346336   15    9    1    1
 -0.0001392299737501952   15    9    2    1
 -0.000322201462840179   15    9    2    2
 -0.001854815911171127   15    9    3    1
 0.006850670213369408   15    9    3    2
 0.06896161727587224   15    9    3    3
 5.904826998839867e-05   15    9    4    1
 1.852893044031078e-05   15    9    4    2
 0.00230323387003097   15    9    4    3
 0.0005015665251230474   15    9    4    4
 0.0005121914536692632   15    9    5    1
 0.01018318816391362   15    9    5    2
 -0.02025177785988841   15    9    5    3
 -0.0008627548338604185   15    9    5    4
 0.009357250881488408   15    9    5    5
 -0.0002689534997859829   15    9    6    1
 -0.001202578095866508   15    9    6    2
 -0.01125961034227494   15    9    6    3
 -0.00271346126785328   15    9    6    4
 0.005292883777789818   15    9    6    5
 0.01079298309666462   15    9    6    6
 5.047878965346535e-06   15    9    7    1
 -0.001940449766423859   15    9    7    2
 -0.005735049850503411   15    9    7    3
 0.001619939583640008   15    9    7    4
 0.005229470327784242   15    9    7    5
 0.007758206580217447   15    9    7    6
 -0.006725814354524589   15    9    7    7
 -0.000265155840524334   15    9    8    1
 -0.001486268846452229   15    9    8    2
 -0.004064085749506036   15    9    8    3
 -0.00343008849032615   15    9    8    4
 0.0165827212216366   15    9    8    5
 0.01217769399208433   15    9    8    6
 -0.001661561970551481   15    9    8    7
 0.02991893183679169   15    9    8    8
 -1.067690001271425e-05   15    9    9    1
 -3.004505277876822e-05   15    9    9    2
 0.009363459523800239   15    9    9    3
 0.001045986011910683   15    9    9    4
 -0.0236590844184328   15    9    9    5
 -0.01393104194106469   15    9    9    6
 -0.02138595647781515   15    9    9    7
 -0.022672675598107   15    9    9    8
 0.05350896240335118   15    9    9    9
 -0.001276327067536417   15    9   10    1
 0.0007528856672163965   15    9   10    2
 -0.005000920233087887   15    9   10    3
 -0.006264531390131623   15    9   10    4
 -0.003690359610688161   15    9   10    5
 0.03037410748455534   15    9   10    6
 0.008661198238135537   15    9   10    7
 -0.0006054645886318466   15    9   10    8
 0.008492293635890753   15    9   10    9
 0.06673039640403401   15    9   10   10
 0.0004092030356037433   15    9   11    1
 -0.005572659699853163   15    9   11    2
 0.0001719796234724783   15    9   11    3
 -0.0007712001876151327   15    9   11    4
 -0.0002776648112460535   15    9   11    5
 -0.001638252837147301   15    9   11    6
 0.01406172698924131   15    9   11    7
 -0.02367291579512046   15    9   11    8
 -0.008576691988415968   15    9   11    9
 0.000460957206216106   15    9   11   10
 0.03928339465023172   15    9   11   11
 0.0003926938172393216   15    9   12    1
 0.007898291610191449   15    9   12    2
 0.003169937287617749   15    9   12    3
 -0.002569126221746092   15    9   12    4
 0.003825204606444919   15    9   12    5
 0.004420920983690218   15    9   12    6
 0.004755672643384163   15    9   12    7
 -0.01104829424927412   15    9   12    8
 -0.004990086140530019   15    9   12    9
 -0.002812913834040161   15    9   12   10
 0.03278382408806635   15    9   12   11
 0.04034660681344595   15    9   12   12
 -0.0002689100721136473   15    9   13    1
 0.00461017289319511   15    9   13    2
 0.002589241171774981   15    9   13    3
 -0.004701643702023202   15    9   13    4
 0.003165984747112985   15    9   13    5
 0.008840471843035042   15    9   13    6
 0.0018498541491527   15    9   13    7
 0.004010018212864661   15    9   13    8
 -0.0008789447126523144   15    9   13    9
 -0.006919485046082602   15    9   13   10
 -0.001669440873358657   15    9   13   11
 -0.0002719086902963932   15    9   13   12
 -0.004558542587281248   15    9   13   13
 0.0002143792062117653   15    9   14    1
 0.005240708322587171   15    9   14    2
 -0.001317212334679619   15    9   14    3
 -0.00605598523375984   15    9   14    4
 -0.003757862048628555   15    9   14    5
 0.006330147617715101   15    9   14    6
 0.001538485739950207   15    9   14    7
 -0.001063123702744868   15    9   14    8
 0.003744914561488463   15    9   14    9
 -0.01902789240118263   15    9   14   10
 -0.006403964245429193   15    9   14   11
 -0.005712798250251762   15    9   14   12
 -0.001312085536362993   15    9   14   13
 -0.01452078657497561   15    9   14   14
 0.0009763851895002623   15    9   15    1
 0.0009007346100624319   15    9   15    2
 -0.009411057413285863   15    9   15    3
 -0.004732456105579492   15    9   15    4
 0.00825491746548062   15    9   15    5
 0.005656945613854746   15    9   15    6
 -0.00607010087746558   15    9   15    7
 -0.004773111556680056   15    9   15    8
 0.02966198833378627   15    9   15    9
 -0.03887421970188393   15   10    1    1
 5.758843870750055e-05   15   10    2    1
 -0.02513874486479324   15   10    2    2
 0.0005581457031316074   15   10    3    1
 0.002163447967956676   15   10    3    2
 -0.02176744272405119   15   10    3    3
 0.0002819039314746502   15   10    4    1
 -0.003082314216907724   15   10    4    2
 0.001041041076678725   15   10    4    3
 -0.01027963210547653   15   10    4    4
 0.0001752551081717756   15   10    5    1
 0.00147390905671039   15   10    5    2
 0.004102433297571284   15   10    5    3
 -0.0006884024087445613   15   10    5    4
 -0.02122923800692901   15   10    5    5
 -0.001563800726127456   15   10    6    1
 0.005200042725580053   15   10    6    2
 -0.004041422307826342   15   10    6    3
 -0.006815545099419648   15   10    6    4
 0.01028532930627615   15   10    6    5
 0.003433212068519034   15   10    6    6
 -0.0003940546250709396   15   10    7    1
 0.002296553374481909   15   10    7    2
 -0.001111813198209054   15   10    7    3
 -0.003042396320157512   15   10    7    4
 -0.001668253986883228   15   10    7    5
 -0.007110914083087031   15   10    7    6
 0.01653658052956561   15   10    7    7
 -8.457279117328339e-06   15   10    8    1
 0.0001628584046385156   15   10    8    2
 0.001315349554084364   15   10    8    3
 0.0003486792783702332   15   10    8    4
 -0.0009527901946842078   15   10    8    5
 -0.005050943079797301   15   10    8    6
 0.004286933696996412   15   10    8    7
 -0.02037367702106199   15   10    8    8
 -0.0005109590238724434   15   10    9    1
 0.00123554534965384   15   10    9    2
 -0.003773473814233991   15   10    9    3
 -0.004655912308938624   15   10    9    4
 0.002697661738372795   15   10    9    5
 0.01230430084911669   15   10    9    6
 0.01098368637834341   15   10    9    7
 7.269478508543684e-05   15   10    9    8
 -0.01314401611133527   15   10    9    9
 -0.004634167162743467   15   10   10    1
 -0.006274831890569473   15   10   10    2
 -0.01739031054040095   15   10   10    3
 0.005301360494759643   15   10   10    4
 -0.002168476849118903   15   10   10    5
 -0.01284283906319797   15   10   10    6
 -0.003192416097148968   15   10   10    7
 0.000863154931928401   15   10   10    8
 -0.005719554978693287   15   10   10    9
 -0.01832212138771484   15   10   10   10
 -5.30240576268478e-05   15   10   11    1
 -0.0004183858967920451   15   10   11    2
 -4.572407484737828e-05   15   10   11    3
 -7.8002717543034e-07   15   10   11    4
 0.001076831096174865   15   10   11    5
 0.002990004306770588   15   10   11    6
 -0.007497705190886082   15   10   11    7
 -0.004923184498131923   15   10   11    8
 -0.003155231546030897   15   10   11    9
 -0.0001646724637795902   15   10   11   10
 -0.02312532990793428   15   10   11   11
 9.360555394868909e-05   15   10   12    1
 -0.0003422022076622315   15   10   12    2
 0.0002893607444050915   15   10   12    3
 0.0007636362791718889   15   10   12    4
 -0.0009088773345587525   15   10   12    5
 -0.002842766181294021   15   10   12    6
 0.001515269527516362   15   10   12    7
 0.006280046041743088   15   10   12    8
 0.002025340036515459   15   10   12    9
 0.001659866355279982   15   10   12   10
 -0.002446431921831613   15   10   12   11
 -0.01746033793054245   15   10   12   12
 0.00016989816057933   15   10   13    1
 -0.001703331295101147   15   10   13    2
 -0.001036461865062735   15   10   13    3
 0.006518185729260918   15   10   13    4
 -0.002848102615812631   15   10   13    5
 -0.0112977423870816   15   10   13    6
 -0.001300583134508756   15   10   13    7
 0.0006705040453740613   15   10   13    8
 -0.004476966304196035   15   10   13    9
 0.005178026444227248   15   10   13   10
 -9.21799315128217e-05   15   10   13   11
 0.0005851101926222192   15   10   13   12
 0.005586876318187653   15   10   13   13
 0.0008757672694905325   15   10   14    1
 -0.006311541366588324   15   10   14    2
 0.002269428191279315   15   10   14    3
 0.005074804338902744   15   10   14    4
 -0.003791546005725259   15   10   14    5
 -0.009137899148708427   15   10   14    6
 -0.004657892782700497   15   10   14    7
 0.0006483525565621757   15   10   14    8
 -0.008246076155779231   15   10   14    9
 0.01054317191967573   15   10   14   10
 -0.0008011532136029554   15   10   14   11
 0.004384285609716624   15   10   14   12
 -0.001665406765846245   15   10   14   13
 0.005163567668792073   15   10   14   14
 4.19370496674756e-05   15   10   15    1
 0.002485623852276574   15   10   15    2
 0.001059478475125045   15   10   15    3
 0.00462196504468913   15   10   15    4
 -0.003632552618920531   15   10   15    5
 -0.01475575599739549   15   10   15    6
 0.0005138071644687076   15   10   15    7
 0.002951588578289063   15   10   15    8
 -0.008108325025756351   15   10   15    9
 0.02004700052671347   15   10   15   10
 -0.000338742350645687   15   11    1    1
 -4.148426575865074e-06   15   11    2    1
 -0.004139677134886554   15   11    2    2
 -3.37619281525646e-05   15   11    3    1
 0.0001139677267775896   15   11    3    2
 -0.001664088854572011   15   11    3    3
 -2.62829661900014e-06   15   11    4    1
 -0.0001429173991318886   15   11    4    2
 7.602424071574771e-05   15   11    4    3
 -0.002789460133700808   15   11    4    4
 -6.240665316662436e-06   15   11    5    1
 -0.0008357726694544574   15   11    5    2
 -0.0004592038782506545   15   11    5    3
 0.0001492533343904421   15   11    5    4
 -0.002738834190791176   15   11    5    5
 4.633591941285256e-06   15   11    6    1
 0.001991248642537501   15   11    6    2
 -0.0007089290888700482   15   11    6    3
 0.001487637041435635   15   11    6    4
 -0.0002171667565771882   15   11    6    5
 -0.005501311600788031   15   11    6    6
 -0.0005861205320564925   15   11    7    1
 0.002857775173856543   15   11    7    2
 -0.0007708017094571754   15   11    7    3
 -0.001797912732655011   15   11    7    4
 0.003704065068094608   15   11    7    5
 0.002545538786298763   15   11    7    6
 -0.003104026726984391   15   11    7    7
 0.001221060085050632   15   11    8    1
 -0.01696373438071508   15   11    8    2
 0.003159101008787404   15   11    8    3
 -0.002286413602480108   15   11    8    4
 -0.004978754098953964   15   11    8    5
 -0.0002887182133180717   15   11    8    6
 0.0003944462510595184   15   11    8    7
 -0.0033229356529464   15   11    8    8
 0.0004727238196455754   15   11    9    1
 -0.008417465766010494   15   11    9    2
 0.002041423858792105   15   11    9    3
 -0.0009776614003841092   15   11    9    4
 -0.002515502921162027   15   11    9    5
 -0.0007541895098779318   15   11    9    6
 0.00107484786949243   15   11    9    7
 -0.002273494703398321   15   11    9    8
 -0.003592491481313424   15   11    9    9
 -4.977959595210947e-05   15   11   10    1
 -0.0002651098585820485   15   11   10    2
 -0.0001536261993955422   15   11   10    3
 -0.000475013449988072   15   11   10    4
 7.970256573861671e-05   15   11   10    5
 0.001888773352753351   15   11   10    6
 -0.0009586490966889385   15   11   10    7
 -0.001643706535173345   15   11   10    8
 -0.000372877944895285   15   11   10    9
 -0.001788646422539717   15   11   10   10
 -0.002387903685589145   15   11   11    1
 -0.01245273677559017   15   11   11    2
 -0.004345295936098803   15   11   11    3
 -0.005575721055012399   15   11   11    4
 0.00398781824585597   15   11   11    5
 0.002872912298342765   15   11   11    6
 0.001177593661464257   15   11   11    7
 -0.0009083792773111188   15   11   11    8
 -9.548497491712335e-05   15   11   11    9
 -0.003181820067871781   15   11   11   10
 -0.003152444657677725   15   11   11   11
 -0.002205662370221553   15   11   12    1
 -0.001735042562952512   15   11   12    2
 -0.01134010464530473   15   11   12    3
 0.005898065655334529   15   11   12    4
 -0.006179242126554789   15   11   12    5
 -0.004281248672601705   15   11   12    6
 -0.0004284609783755899   15   11   12    7
 -0.002955131117088017   15   11   12    8
 0.0002995846613523439   15   11   12    9
 0.001144912857530703   15   11   12   10
 0.001639518016350937   15   11   12   11
 -0.004948732906876283   15   11   12   12
 0.0001166758722451233   15   11   13    1
 -4.506248633021744e-05   15   11   13    2
 0.0009084230685607182   15   11   13    3
 0.001080685645083101   15   11   13    4
 0.001397779206770919   15   11   13    5
 0.0009702480718272025   15   11   13    6
 0.0003024478586853847   15   11   13    7
 -0.0001357682878577387   15   11   13    8
 0.0003063733387965067   15   11   13    9
 -0.0003804293677951968   15   11   13   10
 0.001050718364248219   15   11   13   11
 -0.00462284171148475   15   11   13   12
 -0.002733143743974124   15   11   13   13
 0.0002911719185031535   15   11   14    1
 -0.001454930028238273   15   11   14    2
 0.002153448485478374   15   11   14    3
 -0.001400662737055895   15   11   14    4
 0.002621431057949996   15   11   14    5
 0.001023147748935081   15   11   14    6
 0.0008405672156007215   15   11   14    7
 -0.006449039768846628   15   11   14    8
 -0.003054472691582649   15   11   14    9
 -0.000537841754372337   15   11   14   10
 -0.004861381902313684   15   11   14   11
 0.0006973286936013608   15   11   14   12
 0.0008572632280361559   15   11   14   13
 -0.003753177832796101   15   11   14   14
 6.599252286639228e-06   15   11   15    1
 0.001818393440756041   15   11   15    2
 -0.000641919477459784   15   11   15    3
 -0.0003990578862040334   15   11   15    4
 -0.0007799723364824591   15   11   15    5
 -0.0001054589263099284   15   11   15    6
 0.002452570306907957   15   11   15    7
 -0.001763740802276739   15   11   15    8
 0.0002511327769600472   15   11   15    9
 -0.0006480371405905932   15   11   15   10
 0.01363450602118645   15   11   15   11
 0.007800603707357523   15   12    1    1
 7.659475709528363e-06   15   12    2    1
 -0.0006299891011326602   15   12    2    2
 8.750421969795712e-06   15   12    3    1
 0.002202003930329181   15   12    3    2
 0.008965774510444759   15   12    3    3
 -2.548349327337898e-05   15   12    4    1
 -0.003773389457752153   15   12    4    2
 -0.0004476572601180908   15   12    4    3
 -0.00339799679043644   15   12    4    4
 1.765534954111244e-06   15   12    5    1
 0.007415806125854041   15   12    5    2
 -0.002031688726997482   15   12    5    3
 -0.001817034840994024   15   12    5    4
 -0.002960537400548818   15   12    5    5
 0.0001125470211503361   15   12    6    1
 -0.0002875517411363963   15   12    6    2
 0.003228135254125788   15   12    6    3
 -0.00796364405923735   15   12    6    4
 0.004729415164696195   15   12    6    5
 0.01509885744581371   15   12    6    6
 -0.0006397220569803732   15   12    7    1
 -0.008215780522775492   15   12    7    2
 -0.008727311807269865   15   12    7    3
 0.003122445488354988   15   12    7    4
 -0.007566187807488272   15   12    7    5
 -0.006588702946289477   15   12    7    6
 0.007663855622285947   15   12    7    7
 0.001491672956811549   15   12    8    1
 0.02447374774161165   15   12    8    2
 0.01905197705680467   15   12    8    3
 -0.001935690839693869   15   12    8    4
 0.01546725461430942   15   12    8    5
 0.005636848982205552   15   12    8    6
 -0.0005798817731815792   15   12    8    7
 0.009822847714579409   15   12    8    8
 0.0004738961749696335   15   12    9    1
 0.01391772587835677   15   12    9    2
 0.004362959457527051   15   12    9    3
 -0.00356926731380598   15   12    9    4
 0.004012888080266226   15   12    9    5
 0.005150852896384556   15   12    9    6
 0.0003805081713782697   15   12    9    7
 -0.002581807530789468   15   12    9    8
 0.006355666868734205   15   12    9    9
 0.0001942011765905983   15   12   10    1
 -0.0006027380091640332   15   12   10    2
 0.0009228363757582661   15   12   10    3
 0.001977381936841844   15   12   10    4
 -0.003592938898797539   15   12   10    5
 -0.002507151571108903   15   12   10    6
 0.001644162931431329   15   12   10    7
 0.001854645658136671   15   12   10    8
 -0.001470819155440904   15   12   10    9
 0.007990696672951547   15   12   10   10
 -0.002916817443001105   15   12   11    1
 0.002964220377204577   15   12   11    2
 -0.02232475515592081   15   12   11    3
 0.007242057769265516   15   12   11    4
 -0.001416255612809828   15   12   11    5
 -0.004541819544498242   15   12   11    6
 -0.001619051511606734   15   12   11    7
 -0.01021430703420828   15   12   11    8
 0.001105402829403502   15   12   11    9
 0.001744983605519771   15   12   11   10
 0.002192880402956607   15   12   11   11
 -0.002838668202264902   15   12   12    1
 0.01659631568538667   15   12   12    2
 0.003572550050760604   15   12   12    3
 -0.01306799598744668   15   12   12    4
 0.02340185489326014   15   12   12    5
 0.01400283774409528   15   12   12    6
 0.0001428077142650186   15   12   12    7
 0.01260778028841244   15   12   12    8
 0.003001420099267539   15   12   12    9
 -0.004323246303372308   15   12   12   10
 -9.390473303687708e-05   15   12   12   11
 0.01805617444849895   15   12   12   12
 0.0001819421601793677   15   12   13    1
 0.001364458420952966   15   12   13    2
 -0.0007201981958180308   15   12   13    3
 -0.0007843919791441393   15   12   13    4
 -0.001459780287901232   15   12   13    5
 -0.002416578613274354   15   12   13    6
 -0.003091362738859915   15   12   13    7
 0.004704754928281033   15   12   13    8
 0.001794001181750024   15   12   13    9
 0.00153042936517128   15   12   13   10
 -0.005500152848033455   15   12   13   11
 0.008367616392496025   15   12   13   12
 0.003584968259303028   15   12   13   13
 0.0003301879835795367   15   12   14    1
 -0.002113711837633112   15   12   14    2
 -0.001563992955948426   15   12   14    3
 0.001228804006448612   15   12   14    4
 -0.006261629720541342   15   12   14    5
 -0.0005583589558992329   15   12   14    6
 -0.002789182320483861   15   12   14    7
 0.005976389403532218   15   12   14    8
 0.002061762190026269   15   12   14    9
 0.0006211144914743937   15   12   14   10
 0.0009052766970905833   15   12   14   11
 0.004332115999209653   15   12   14   12
 -0.00197607260539174   15   12   14   13
 0.002179728802847278   15   12   14   14
 -0.0001002775826109309   15   12   15    1
 0.000540666162597294   15   12   15    2
 0.0009196848066186902   15   12   15    3
 -0.0006496774457374456   15   12   15    4
 0.003997036025765516   15   12   15    5
 -0.0004687816108907336   15   12   15    6
 -0.007532987363842713   15   12   15    7
 0.01267776166883851   15   12   15    8
 0.005288581752154829   15   12   15    9
 0.00253636200907054   15   12   15   10
 -0.009596048548108426   15   12   15   11
 0.03672128824255799   15   12   15   12
 -0.02552277972705966   15   13    1    1
 3.056114690133698e-05   15   13    2    1
 -0.004241408377813316   15   13    2    2
 0.0007046213982334472   15   13    3    1
 0.004888601887632025   15   13    3    2
 0.0006308180323586257   15   13    3    3
 -1.219039862591356e-05   15   13    4    1
 -0.0170268804821771   15   13    4    2
 -0.002150090963081467   15   13    4    3
 -0.0235680188768815   15   13    4    4
 -0.0003916586094729789   15   13    5    1
 0.02424441797890818   15   13    5    2
 0.0002562505800312754   15   13    5    3
 -0.008784862244819043   15   13    5    4
 -0.01133516431937393   15   13    5    5
 -5.095762680383097e-05   15   13    6    1
 0.007830560288087813   15   13    6    2
 0.01266505280706267   15   13    6    3
 -0.02936016714907086   15   13    6    4
 0.01883300190431817   15   13    6    5
 0.0406677323288922   15   13    6    6
 -7.913329150802601e-05   15   13    7    1
 0.001820501916096007   15   13    7    2
 0.003683498382474253   15   13    7    3
 -0.007073679489732137   15   13    7    4
 -0.0008737263474203514   15   13    7    5
 -0.001637829554652664   15   13    7    6
 0.02829190502754642   15   13    7    7
 -0.000348737524158881   15   13    8    1
 -0.005257052934781388   15   13    8    2
 0.003208895828210861   15   13    8    3
 0.002733806013082675   15   13    8    4
 -0.001281460117421091   15   13    8    5
 -0.00360232434039278   15   13    8    6
 -0.002926310214474381   15   13    8    7
 0.0005766494101263391   15   13    8    8
 0.0005208993071347509   15   13    9    1
 0.01195335924808747   15   13    9    2
 -0.005785848760019671   15   13    9    3
 -0.01475110757260511   15   13    9    4
 0.003476036918934612   15   13    9    5
 0.01771463927579111   15   13    9    6
 0.004822924413118555   15   13    9    7
 -0.001822933573539281   15   13    9    8
 0.008468282938146708   15   13    9    9
 0.0005296862220396403   15   13   10    1
 -0.004479083138227945   15   13   10    2
 0.002703011128592738   15   13   10    3
 0.01103676298582559   15   13   10    4
 -0.01198434956388126   15   13   10    5
 -0.01942445078116139   15   13   10    6
 -0.003128282236010424   15   13   10    7
 0.003143558001163741   15   13   10    8
 -0.01203863823740849   15   13   10    9
 0.002660691826833093   15   13   10   10
 0.000150629965536817   15   13   11    1
 -0.0002543936535764212   15   13   11    2
 0.001334444769645246   15   13   11    3
 0.0002836417917732826   15   13   11    4
 0.00191311186323604   15   13   11    5
 0.00410988776070159   15   13   11    6
 -0.002309442779286487   15   13   11    7
 -0.01800747998957164   15   13   11    8
 -0.008527554946863417   15   13   11    9
 -0.0003216600124856823   15   13   11   10
 -0.01431066202957098   15   13   11   11
 0.0001318827219468903   15   13   12    1
 9.461261330169167e-05   15   13   12    2
 -5.819264169680068e-05   15   13   12    3
 -0.0006122890459909353   15   13   12    4
 -0.001280088160121663   15   13   12    5
 -0.002498358984546348   15   13   12    6
 -0.01012369144294541   15   13   12    7
 0.02774981962686087   15   13   12    8
 0.01131396230827757   15   13   12    9
 0.001558263876514083   15   13   12   10
 -0.005327774076227519   15   13   12   11
 0.02283343115762956   15   13   12   12
 -9.331079716711055e-07   15   13   13    1
 0.00885361385781731   15   13   13    2
 -0.001799261966902802   15   13   13    3
 -0.002899408097124986   15   13   13    4
 0.002888882349178758   15   13   13    5
 -0.01071689433201304   15   13   13    6
 -0.0002499654774562624   15   13   13    7
 -0.002516257736299359   15   13   13    8
 -0.001222120418833068   15   13   13    9
 0.008719305853978425   15   13   13   10
 -0.0001957455450673107   15   13   13   11
 -0.0001410078221093742   15   13   13   12
 0.01438142806557667   15   13   13   13
 -0.0001287398434782453   15   13   14    1
 -8.248432297331238e-05   15   13   14    2
 0.003180808884128032   15   13   14    3
 -0.002450392574208407   15   13   14    4
 0.0005145610213017124   15   13   14    5
 0.005135283590427176   15   13   14    6
 -0.001886545300054829   15   13   14    7
 -0.004044493327862176   15   13   14    8
 -0.007589017481777066   15   13   14    9
 0.005928172591047663   15   13   14   10
 0.0008149431519398038   15   13   14   11
 -0.002686346474130651   15   13   14   12
 0.007837897663549663   15   13   14   13
 0.01512479491289246   15   13   14   14
 -7.24565932283527e-05   15   13   15    1
 0.01002568266716544   15   13   15    2
 0.006629094640637573   15   13   15    3
 -0.004495452239800145   15   13   15    4
 0.01115392485396733   15   13   15    5
 -0.00388204044521179   15   13   15    6
 0.002870198044536114   15   13   15    7
 0.00176293741451574   15   13   15    8
 -0.003542307978941431   15   13   15    9
 0.01036775490095892   15   13   15   10
 -0.0009948141526923344   15   13   15   11
 0.005573012247500701   15   13   15   12
 0.03160181158643726   15   13   15   13
 0.03708452770634906   15   14    1    1
 2.5912823387884e-05   15   14    2    1
 -0.04196501835166608   15   14    2    2
 -1.938562691983001e-05   15   14    3    1
 0.01629207538341861   15   14    3    2
 0.03749484174080819   15   14    3    3
 -0.0001206974107631258   15   14    4    1
 -0.02182430065757753   15   14    4    2
 -0.003575264086076681   15   14    4    3
 -0.02511881575969492   15   14    4    4
 5.167325115538125e-05   15   14    5    1
 0.03926644782137917   15   14    5    2
 -0.01277612870476357   15   14    5    3
 -0.008335489396842843   15   14    5    4
 -0.03809863257283354   15   14    5    5
 0.0006254303724396793   15   14    6    1
 0.01617073624401917   15   14    6    2
 0.01873489582062158   15   14    6    3
 -0.04086628993728175   15   14    6    4
 0.03650625796454596   15   14    6    5
 0.06268613302123607   15   14    6    6
 0.0003544868023714756   15   14    7    1
 0.008784374064949826   15   14    7    2
 0.005805285202357731   15   14    7    3
 -0.01232095074274759   15   14    7    4
 0.003136245650982578   15   14    7    5
 0.002085503600066998   15   14    7    6
 0.04643289353316187   15   14    7    7
 3.506533542409409e-05   15   14    8    1
 -0.01186306125712887   15   14    8    2
 0.001863824360426412   15   14    8    3
 0.001185726090171574   15   14    8    4
 0.004518654133425663   15   14    8    5
 -0.001301118273995996   15   14    8    6
 -0.001512560123250436   15   14    8    7
 -0.002293768417008602   15   14    8    8
 -0.0003963238755126736   15   14    9    1
 0.01271137492951998   15   14    9    2
 -0.008995959050238476   15   14    9    3
 -0.01715195126048758   15   14    9    4
 -0.01414482913656842   15   14    9    5
 0.02099200990772527   15   14    9    6
 0.002661310092099964   15   14    9    7
 -0.01677421988825768   15   14    9    8
 0.02899999051128019   15   14    9    9
 0.001621569447774821   15   14   10    1
 -0.008569467273386646   15   14   10    2
 0.007744297894946229   15   14   10    3
 0.01324782807950725   15   14   10    4
 -0.02508196121232255   15   14   10    5
 -0.01195604331223604   15   14   10    6
 -0.002167137040337335   15   14   10    7
 0.005265476174574212   15   14   10    8
 -0.01562793522622685   15   14   10    9
 0.03823149235469935   15   14   10   10
 0.0004494536023908504   15   14   11    1
 -0.003759386534537725   15   14   11    2
 0.005022866133157935   15   14   11    3
 -0.002088661867232796   15   14   11    4
 0.004819223826854718   15   14   11    5
 0.008081087234424314   15   14   11    6
 0.001554298689746772   15   14   11    7
 -0.04687092650982252   15   14   11    8
 -0.02171385149632668   15   14   11    9
 -0.0004816612364572734   15   14   11   10
 -0.01213881324351399   15   14   11   11
 0.0004000821055483493   15   14   12    1
 -0.001849984205208766   15   14   12    2
 -0.001563582537195618   15   14   12    3
 0.002677616883661313   15   14   12    4
 -0.007808078966595054   15   14   12    5
 -0.007507500193623467   15   14   12    6
 -0.008031265913662029   15   14   12    7
 0.03052876422068596   15   14   12    8
 0.01118302772028076   15   14   12    9
 0.002661108033062136   15   14   12   10
 0.01603961202492558   15   14   12   11
 0.03673354647688277   15   14   12   12
 4.292948794846646e-05   15   14   13    1
 0.008610458240402075   15   14   13    2
 0.00047513084933413   15   14   13    3
 0.003391086811651688   15   14   13    4
 0.001806671219569308   15   14   13    5
 -0.01028694897753231   15   14   13    6
 -0.0009185848250041825   15   14   13    7
 -0.001496880906392934   15   14   13    8
 -0.006533824458365649   15   14   13    9
 0.009971008760426696   15   14   13   10
 0.0004595428834898506   15   14   13   11
 -0.004135548922307278   15   14   13   12
 0.01822392810272947   15   14   13   13
 -0.0003980237216776582   15   14   14    1
 -0.001433446502904185   15   14   14    2
 0.005531219077489252   15   14   14    3
 -0.003926209545413343   15   14   14    4
 -0.005319020006030625   15   14   14    5
 0.003393719480287661   15   14   14    6
 -0.004648415868358796   15   14   14    7
 -0.003936313465626804   15   14   14    8
 -0.0202916415510373   15   14   14    9
 0.004357701856819891   15   14   14   10
 -0.003434635724795992   15   14   14   11
 -0.005389186439366384   15   14   14   12
 0.002670347797419848   15   14   14   13
 0.01615374050982047   15   14   14   14
 -0.0003909023287232649   15   14   15    1
 0.01335606636071388   15   14   15    2
 0.002317023749711782   15   14   15    3
 -0.002303638886640018   15   14   15    4
 0.01830365280040164   15   14   15    5
 -0.01106125710711949   15   14   15    6
 0.001549556382592909   15   14   15    7
 -0.002439996474764579   15   14   15    8
 0.0008255334459980267   15   14   15    9
 0.01750938211808328   15   14   15   10
 0.00148684572147745   15   14   15   11
 0.004699457215768856   15   14   15   12
 0.03970170520918886   15   14   15   13
 0.0795649692812196   15   14   15   14
 0.3916143503911169   15   15    1    1
 0.0001589323358308666   15   15    2    1
 0.4289639986378268   15   15    2    2
 -0.001351136529382928   15   15    3    1
 -0.003545497317592319   15   15    3    2
 0.3672728277656163   15   15    3    3
 -0.0002850191621377946   15   15    4    1
 -0.02076647981536596   15   15    4    2
 -0.002565274564051412   15   15    4    3
 0.3237984853661319   15   15    4    4
 0.002017684280853309   15   15    5    1
 0.02392544459693315   15   15    5    2
 0.01646882868302251   15   15    5    3
 -0.01010127100994944   15   15    5    4
 0.382859375143305   15   15    5    5
 0.001730521743382854   15   15    6    1
 -0.003528026654813022   15   15    6    2
 0.01960056651080501   15   15    6    3
 -0.03383518358635712   15   15    6    4
 -0.004242165300979052   15   15    6    5
 0.393326843683926   15   15    6    6
 0.001400386026709074   15   15    7    1
 -0.008398375672690526   15   15    7    2
 0.01307693859092571   15   15    7    3
 -0.00484185864484274   15   15    7    4
 -0.0002316614401399533   15   15    7    5
 0.01729065313434368   15   15    7    6
 0.2899812389791184   15   15    7    7
 0.002569412277063152   15   15    8    1
 -0.00625615019657282   15   15    8    2
 0.02013420057739008   15   15    8    3
 0.005051101561464187   15   15    8    4
 -0.01148073012364061   15   15    8    5
 -0.002511300413157805   15   15    8    6
 -0.01783404473997692   15   15    8    7
 0.377221510272107   15   15    8    8
 -0.004836258106475368   15   15    9    1
 0.01331982975193683   15   15    9    2
 -0.03619965288754869   15   15    9    3
 -0.01929106321180824   15   15    9    4
 0.02527288919644317   15   15    9    5
 0.01811488013433891   15   15    9    6
 -0.01912939378437668   15   15    9    7
 0.009605369586984552   15   15    9    8
 0.3562984407932912   15   15    9    9
 0.0008204896793470189   15   15   10    1
 0.005421508128580739   15   15   10    2
 0.003754797693938477   15   15   10    3
 0.01423251400625659   15   15   10    4
 0.001467566066941967   15   15   10    5
 -0.02719786020506954   15   15   10    6
 -0.0005601943190136857   15   15   10    7
 0.00155707964764325   15   15   10    8
 -0.007902333560916056   15   15   10    9
 0.3430427807097527   15   15   10   10
 -1.632574901540788e-05   15   15   11    1
 0.001923433192828826   15   15   11    2
 -0.0005458606611571373   15   15   11    3
 0.0009496624713382466   15   15   11    4
 -0.002007589929619068   15   15   11    5
 -0.004745313826359304   15   15   11    6
 0.02123952193245148   15   15   11    7
 0.01080412667944542   15   15   11    8
 0.009523797844712547   15   15   11    9
 -0.00170663943549912   15   15   11   10
 0.351145590630815   15   15   11   11
 4.648456972147926e-06   15   15   12    1
 0.002236193951228871   15   15   12    2
 -2.350582416582915e-05   15   15   12    3
 -0.003513985889080561   15   15   12    4
 0.0004514909889766924   15   15   12    5
 0.005987361960588886   15   15   12    6
 -0.03359137063402027   15   15   12    7
 0.02944513141234609   15   15   12    8
 0.009405191890600998   15   15   12    9
 0.0007761076100630988   15   15   12   10
 -0.02567550036215155   15   15   12   11
 0.391500477222986   15   15   12   12
 0.0008338759595591843   15   15   13    1
 0.02201669201314908   15   15   13    2
 -0.0006449992659018919   15   15   13    3
 -0.04426890594422403   15   15   13    4
 -0.00611702041023943   15   15   13    5
 -0.006059763214226015   15   15   13    6
 -0.0009616492120390198   15   15   13    7
 -0.00507388774947683   15   15   13    8
 -0.0003671578564845705   15   15   13    9
 0.004810523016832493   15   15   13   10
 -0.001742987036984373   15   15   13   11
 0.004709503772369824   15   15   13   12
 0.3015286965760295   15   15   13   13
 -0.0002072001779133326   15   15   14    1
 0.01776418467866894   15   15   14    2
 0.0002526574831057354   15   15   14    3
 0.0007856715934447001   15   15   14    4
 -0.001877420704495706   15   15   14    5
 0.02358385802403249   15   15   14    6
 -0.006150734765584917   15   15   14    7
 -0.00520026373840005   15   15   14    8
 0.001591496381492343   15   15   14    9
 0.002069483345527216   15   15   14   10
 0.01384632058846413   15   15   14   11
 -0.01391972155260362   15   15   14   12
 0.05396514979499585   15   15   14   13
 0.3536350000614438   15   15   14   14
 -0.002368694241080516   15   15   15    1
 -0.02253650396438868   15   15   15    2
 0.005699819623762127   15   15   15    3
 0.00141989718173189   15   15   15    4
 0.03007000815280641   15   15   15    5
 0.02219658264679918   15   15   15    6
 0.01584671487709355   15   15   15    7
 0.003763564070733855   15   15   15    8
 0.003208244215316829   15   15   15    9
 -0.003614834312635198   15   15   15   10
 -0.005099657675060684   15   15   15   11
 0.00841988732512531   15   15   15   12
 0.02213758853515344   15   15   15   13
 0.02211769102705528   15   15   15   14
 0.4190775728312044   15   15   15   15
 -0.03530393956443148   16    1    1    1
 0.0004447321452793165   16    1    2    1
 0.0008667668621048083   16    1    2    2
 0.005319619759363601   16    1    3    1
 0.0003587409926778638   16    1    3    2
 0.0009949497540934439   16    1    3    3
 0.0003488258919280837   16    1    4    1
 0.0001547304658706981   16    1    4    2
 0.0003551155210022717   16    1    4    3
 0.000746098178059533   16    1    4    4
 -0.000836577027688195   16    1    5    1
 0.0003214597721395974   16    1    5    2
 0.001677930105620856   16    1    5    3
 0.0001050894561287585   16    1    5    4
 -0.0002790718618290962   16    1    5    5
 -0.002108206657916064   16    1    6    1
 -0.00034224155522744   16    1    6    2
 -0.001426358472643492   16    1    6    3
 -2.295659866715779e-06   16    1    6    4
 -0.0001469961831198617   16    1    6    5
 0.000771799792129469   16    1    6    6
 -0.0002861316994807543   16    1    7    1
 -4.823152022624593e-06   16    1    7    2
 0.000488005382133604   16    1    7    3
 2.994591099344605e-05   16    1    7    4
 -0.0003457490188529423   16    1    7    5
 8.188836202264293e-05   16    1    7    6
 1.868027210557256e-05   16    1    7    7
 -0.0001164261790504153   16    1    8    1
 3.150723513633085e-05   16    1    8    2
 0.001257751214596259   16    1    8    3
 1.652503075828262e-05   16    1    8    4
 -0.0007746308023872118   16    1    8    5
 -9.840469207576742e-05   16    1    8    6
 -0.0003535178049163444   16    1    8    7
 0.0001598983765376885   16    1    8    8
 -0.001375508953824521   16    1    9    1
 -0.0002405746359684091   16    1    9    2
 -0.004034624078104639   16    1    9    3
 -2.590380538465937e-05   16    1    9    4
 0.001880968837975106   16    1    9    5
 0.0004397114663845006   16    1    9    6
 0.0005286589668986118   16    1    9    7
 0.00133911357540251   16    1    9    8
 -0.002193662268332381   16    1    9    9
 -0.005428255009377506   16    1   10    1
 -0.000284300834415706   16    1   10    2
 -0.00597121208477944   16    1   10    3
 -0.000165247657894989   16    1   10    4
 0.002425822757007895   16    1   10    5
 0.0009841789841526845   16    1   10    6
 0.0006879899671368342   16    1   10    7
 0.00127492644684671   16    1   10    8
 -0.002201739105142867   16    1   10    9
 -0.000624202120341433   16    1   10   10
 0.0005112015421979412   16    1   11    1
 4.740894467752877e-05   16    1   11    2
 0.0006281747336630873   16    1   11    3
 1.275295487100524e-05   16    1   11    4
 -0.0002295399091991771   16    1   11    5
 -0.0001485187817896072   16    1   11    6
 -8.156336670350248e-05   16    1   11    7
 0.0001839968691065651   16    1   11    8
 0.0003507352153670289   16    1   11    9
 -2.791889069409711e-06   16    1   11   10
 6.165086533881165e-05   16    1   11   11
 0.0006970312573054146   16    1   12    1
 4.788269482788338e-06   16    1   12    2
 0.0006789453894937464   16    1   12    3
 8.831951118315429e-06   16    1   12    4
 -0.0003615676719019286   16    1   12    5
 -0.0001257921646015098   16    1   12    6
 -0.0004057777680188811   16    1   12    7
 0.0002822999108204511   16    1   12    8
 0.00051858469157923   16    1   12    9
 2.065356165351274e-05   16    1   12   10
 -0.0008216075339828439   16    1   12   11
 9.060624047781506e-05   16    1   12   12
 0.0009514730307222872   16    1   13    1
 -2.79886996375296e-05   16    1   13    2
 0.0004709071592449982   16    1   13    3
 -0.0001049001812299796   16    1   13    4
 -0.0002962175245333697   16    1   13    5
 -3.478122772157263e-05   16    1   13    6
 -7.708325150144724e-05   16    1   13    7
 -0.0002203051271958666   16    1   13    8
 0.0002618412266357627   16    1   13    9
 -0.0003553245806231719   16    1   13   10
 8.111761682056881e-05   16    1   13   11
 5.695973684899527e-05   16    1   13   12
 0.0003937637126932238   16    1   13   13
 0.0009815866143006921   16    1   14    1
 -4.714445767630548e-06   16    1   14    2
 0.0007668469162303372   16    1   14    3
 -7.009593710807357e-05   16    1   14    4
 -0.0005960929475539237   16    1   14    5
 2.730270158721043e-05   16    1   14    6
 -6.230350941525935e-05   16    1   14    7
 -0.0004095355651932565   16    1   14    8
 0.0005751468592722822   16    1   14    9
 0.0002287507514652881   16    1   14   10
 0.0001576362306147401   16    1   14   11
 -3.403589328791194e-05   16    1   14   12
 0.0001240049257612421   16    1   14   13
 0.0003294093978369707   16    1   14   14
 -0.002374648797779583   16    1   15    1
 -5.407499574831473e-05   16    1   15    2
 -0.0008832098430897491   16    1   15    3
 -0.0001045143902109734   16    1   15    4
 0.0004128469725443598   16    1   15    5
 0.0006401209810535178   16    1   15    6
 0.0001880330565057628   16    1   15    7
 0.000175694350976376   16    1   15    8
 -2.488476497941516e-05   16    1   15    9
 0.00113185329966803   16    1   15   10
 -0.0001027901470164947   16    1   15   11
 -0.0001694833230843863   16    1   15   12
 -0.0001236052425524755   16    1   15   13
 -0.0002962599234489049   16    1   15   14
 0.0006289745720638786   16    1   15   15
 0.00239108601248515   16    1   16    1
 -0.009771180622923826   16    2    1    1
 -4.554780122882344e-06   16    2    2    1
 0.011244010686653   16    2    2    2
 -0.0001902395468665773   16    2    3    1
 -0.007701948249876058   16    2    3    2
 -0.01820469112993617   16    2    3    3
 1.51568054309213e-05   16    2    4    1
 0.004908141232565747   16    2    4    2
 7.586152088097627e-05   16    2    4    3
 0.01367609921056389   16    2    4    4
 3.834727907901803e-06   16    2    5    1
 -0.006302013587026761   16    2    5    2
 -0.0025490602209018   16    2    5    3
 0.01096603672912958   16    2    5    4
 0.0002680789586715097   16    2    5    5
 -4.302197616119921e-05   16    2    6    1
 -0.004206518736251035   16    2    6    2
 0.002776128928534086   16    2    6    3
 0.005040529866096661   16    2    6    4
 -0.001553849905401489   16    2    6    5
 -0.007064612008970103   16    2    6    6
 -4.112494875804277e-05   16    2    7    1
 -0.002744668467263919   16    2    7    2
 -0.001177260160968072   16    2    7    3
 0.001369273365949172   16    2    7    4
 -0.0008821321505886949   16    2    7    5
 1.896689386270052e-05   16    2    7    6
 -0.005753197441687088   16    2    7    7
 -8.932737605449337e-05   16    2    8    1
 -0.002677033656356069   16    2    8    2
 -0.003190701224628525   16    2    8    3
 -0.00282052752117519   16    2    8    4
 -0.00359313172207102   16    2    8    5
 0.0003137265354859184   16    2    8    6
 0.00462676334139287   16    2    8    7
 0.0008667362912507069   16    2    8    8
 0.0001803417565926316   16    2    9    1
 0.002066964741865587   16    2    9    2
 0.008922529842986358   16    2    9    3
 0.006604851623991936   16    2    9    4
 0.007326298325323294   16    2    9    5
 -0.005020330154029226   16    2    9    6
 0.00411804748060409   16    2    9    7
 0.008157458376907989   16    2    9    8
 -0.01101182994760162   16    2    9    9
 2.86502874100661e-05   16    2   10    1
 0.007848132084827307   16    2   10    2
 0.000818603656815408   16    2   10    3
 0.001589326228962807   16    2   10    4
 0.006270520720103267   16    2   10    5
 -0.004032811869507834   16    2   10    6
 -0.001317886921119222   16    2   10    7
 -0.001915332971770378   16    2   10    8
 0.001521992595189258   16    2   10    9
 -0.007031178588700793   16    2   10   10
 3.374408579522538e-06   16    2   11    1
 -0.001520854139370628   16    2   11    2
 -0.0002569694610489951   16    2   11    3
 -0.000599772775942479   16    2   11    4
 -0.001479715690896374   16    2   11    5
 -0.002435492128884747   16    2   11    6
 -0.003548063062840346   16    2   11    7
 0.02501648633513444   16    2   11    8
 0.01110205880600586   16    2   11    9
 -0.0005556924691962758   16    2   11   10
 0.01018080204656114   16    2   11   11
 -7.713188707179261e-06   16    2   12    1
 0.0004373000254467995   16    2   12    2
 0.0005962034996856933   16    2   12    3
 -0.000741937153975041   16    2   12    4
 0.0004368551332305279   16    2   12    5
 0.001822053692180283   16    2   12    6
 0.0064026557155429   16    2   12    7
 -0.02052636309519719   16    2   12    8
 -0.009518855919446092   16    2   12    9
 -0.0001885469356232517   16    2   12   10
 -0.005868084356119102   16    2   12   11
 -0.0215029746298283   16    2   12   12
 -7.838809058167677e-05   16    2   13    1
 -0.005945936996586548   16    2   13    2
 0.0003924180786306343   16    2   13    3
 -0.006204071064843308   16    2   13    4
 -0.009334910712596929   16    2   13    5
 -0.0002675632802800658   16    2   13    6
 -0.0002260484328580156   16    2   13    7
 0.003820422668396527   16    2   13    8
 -0.004826441849388881   16    2   13    9
 -0.00205043417747061   16    2   13   10
 0.0002224377873449944   16    2   13   11
 0.002316475400481348   16    2   13   12
 0.004051008266826779   16    2   13   13
 -1.714684335607402e-05   16    2   14    1
 0.007087472244877603   16    2   14    2
 0.001905149623314097   16    2   14    3
 -0.0003080060555973031   16    2   14    4
 0.005435085137896184   16    2   14    5
 -0.006639342919400533   16    2   14    6
 -0.002595955706068773   16    2   14    7
 0.006083138396235446   16    2   14    8
 0.0004986389602526345   16    2   14    9
 0.002871630872126114   16    2   14   10
 0.001256974974050416   16    2   14   11
 0.004872364026876254   16    2   14   12
 -0.0003796526701102374   16    2   14   13
 -0.001159032260476166   16    2   14   14
 0.0001891965692669457   16    2   15    1
 -0.02013592846360123   16    2   15    2
 0.0001111016516109553   16    2   15    3
 0.005415576496649067   16    2   15    4
 -0.01321598450936442   16    2   15    5
 0.007537960398287873   16    2   15    6
 0.001560925301057132   16    2   15    7
 0.002366473852950508   16    2   15    8
 -0.002551765518533563   16    2   15    9
 -0.005507174434930582   16    2   15   10
 -8.464420283668698e-05   16    2   15   11
 -0.001045140044228163   16    2   15   12
 -0.008673712360166312   16    2   15   13
 -0.0119837292040456   16    2   15   14
 0.002448438798605205   16    2   15   15
 -9.934867051798216e-05   16    2   16    1
 0.03779573674918258   16    2   16    2
 0.0491624181231637   16    3    1    1
 9.914857092299499e-05   16    3    2    1
 -0.0122481858486814   16    3    2    2
 -0.0007739925108801231   16    3    3    1
 0.0009775529068126885   16    3    3    2
 0.02101335985484986   16    3    3    3
 0.0001088337611135702   16    3    4    1
 -0.0007012837724343434   16    3    4    2
 -0.001916531829496968   16    3    4    3
 -0.001272666076363297   16    3    4    4
 0.001349115907205559   16    3    5    1
 -0.008064208710362781   16    3    5    2
 -0.006890568371567817   16    3    5    3
 -0.004268188161603552   16    3    5    4
 -0.009308920572722958   16    3    5    5
 -0.0004826307960437992   16    3    6    1
 0.008193546661119185   16    3    6    2
 0.002668369141158068   16    3    6    3
 -0.002955163320122669   16    3    6    4
 0.009000759601210126   16    3    6    5
 0.01129354996377448   16    3    6    6
 0.0004918927185642808   16    3    7    1
 0.001135431177489721   16    3    7    2
 0.0003103225425083161   16    3    7    3
 -0.0009937033756775731   16    3    7    4
 0.0008179576656706373   16    3    7    5
 0.002913844018656706   16    3    7    6
 0.002409313514678295   16    3    7    7
 0.001073019722002181   16    3    8    1
 0.001117922061766129   16    3    8    2
 0.000458240158723562   16    3    8    3
 -0.0009669151499919952   16    3    8    4
 0.001397413138230643   16    3    8    5
 0.005055002509786688   16    3    8    6
 0.001414041684631714   16    3    8    7
 -0.001345745496378103   16    3    8    8
 -0.003035510696747169   16    3    9    1
 0.0004551990230190435   16    3    9    2
 -0.00199912862615925   16    3    9    3
 0.0003334712599411811   16    3    9    4
 0.0009415380834190806   16    3    9    5
 -0.003525251051037019   16    3    9    6
 -0.001077465279524249   16    3    9    7
 -0.004156446108414132   16    3    9    8
 0.002215710281267291   16    3    9    9
 -0.003877970890453128   16    3   10    1
 -0.003389560627283491   16    3   10    2
 -0.008302156286262801   16    3   10    3
 -0.001906694452610037   16    3   10    4
 0.0007733191822643432   16    3   10    5
 0.01003609689407032   16    3   10    6
 0.004151687440689882   16    3   10    7
 0.004574876294093184   16    3   10    8
 -0.006115883345080039   16    3   10    9
 0.02118211322424626   16    3   10   10
 0.0004431823105083754   16    3   11    1
 -3.72403884325211e-05   16    3   11    2
 0.0007436259589066467   16    3   11    3
 0.0002041737276929704   16    3   11    4
 -0.0006602206030047067   16    3   11    5
 -0.0001152209747468854   16    3   11    6
 0.002263903981755321   16    3   11    7
 -0.008961170715381194   16    3   11    8
 -0.00243871259455458   16    3   11    9
 0.0001742244032917184   16    3   11   10
 0.008040296115629045   16    3   11   11
 0.0005619732399163386   16    3   12    1
 0.001301094721901043   16    3   12    2
 0.002714111210393528   16    3   12    3
 0.0001040184601080023   16    3   12    4
 0.0005709980303993954   16    3   12    5
 0.0001705022229483209   16    3   12    6
 0.003845670490392613   16    3   12    7
 -0.008146808591380939   16    3   12    8
 -0.003049439235259189   16    3   12    9
 -0.0004092349682089217   16    3   12   10
 0.01202008915500869   16    3   12   11
 0.003080601150749081   16    3   12   12
 0.000458130839560036   16    3   13    1
 0.001462088329910926   16    3   13    2
 0.003896706885500175   16    3   13    3
 0.002119120171018647   16    3   13    4
 0.001447192859799756   16    3   13    5
 -0.002479820166759614   16    3   13    6
 0.0001794173974797426   16    3   13    7
 0.001807415153585457   16    3   13    8
 -0.002563748923817316   16    3   13    9
 0.000660024279366279   16    3   13   10
 -0.000707181669167632   16    3   13   11
 -0.0001370099683932867   16    3   13   12
 -0.0007411881696890096   16    3   13   13
 0.0006816083924088255   16    3   14    1
 0.003775230794453478   16    3   14    2
 0.006230352966106871   16    3   14    3
 0.0009557421476556666   16    3   14    4
 0.002318955572358357   16    3   14    5
 0.0001368256582498104   16    3   14    6
 -0.0007242966069334737   16    3   14    7
 0.002963057755536375   16    3   14    8
 -0.00199042177615823   16    3   14    9
 -0.003445210124123539   16    3   14   10
 -0.001886059357461054   16    3   14   11
 0.0007836832466832646   16    3   14   12
 -0.001311321859082765   16    3   14   13
 -0.0002670713718843931   16    3   14   14
 -0.0008607707220394862   16    3   15    1
 -0.0002326914536681543   16    3   15    2
 -0.007499930994779823   16    3   15    3
 -0.001736632251453447   16    3   15    4
 -0.001810440515495766   16    3   15    5
 0.003501041335996767   16    3   15    6
 -0.0007543338346341024   16    3   15    7
 -0.0009869831667327067   16    3   15    8
 0.005310027402857177   16    3   15    9
 0.0009403690904297081   16    3   15   10
 -0.0006658216950577191   16    3   15   11
 0.001746524030401394   16    3   15   12
 0.0006099068043035113   16    3   15   13
 0.006605978408976271   16    3   15   14
 0.002812814534122381   16    3   15   15
 0.001331778229922335   16    3   16    1
 0.005153845299821365   16    3   16    2
 0.01544881995508719   16    3   16    3
 0.005628059086107973   16    4    1    1
 -4.827387056418019e-06   16    4    2    1
 0.009076784228344615   16    4    2    2
 -0.0001599719898886816   16    4    3    1
 0.001479110022664922   16    4    3    2
 -0.0001988704926611749   16    4    3    3
 3.128395931257232e-05   16    4    4    1
 0.003972446760695194   16    4    4    2
 0.003324541095122212   16    4    4    3
 0.01394952826967159   16    4    4    4
 5.710216191138433e-05   16    4    5    1
 0.02182274101416291   16    4    5    2
 -0.001620136285718795   16    4    5    3
 0.01707453332827423   16    4    5    4
 0.01043635213318019   16    4    5    5
 -0.0001718586932310547   16    4    6    1
 -0.009887957268077752   16    4    6    2
 -0.004344035976654358   16    4    6    3
 -0.003379069416020605   16    4    6    4
 -0.003422743956400827   16    4    6    5
 -0.002167442802542015   16    4    6    6
 -4.837424201335448e-05   16    4    7    1
 -0.001547298500862682   16    4    7    2
 -0.001044897688354385   16    4    7    3
 0.0002665267014821436   16    4    7    4
 -0.0004061344658545721   16    4    7    5
 -0.0006381395872117825   16    4    7    6
 0.002315639363029018   16    4    7    7
 -5.541562444202355e-05   16    4    8    1
 -0.004338963461475821   16    4    8    2
 -0.001537630230096247   16    4    8    3
 -0.001459946054941487   16    4    8    4
 -0.001999283000389476   16    4    8    5
 -0.00185826685425587   16    4    8    6
 -0.0004197433507212048   16    4    8    7
 0.01249239027050743   16    4    8    8
 9.696882517940421e-06   16    4    9    1
 0.005957076702345984   16    4    9    2
 0.0008601081998148546   16    4    9    3
 0.004132477751087123   16    4    9    4
 0.001792561579862074   16    4    9    5
 -0.001143345057720334   16    4    9    6
 -0.0003570545859995025   16    4    9    7
 0.004347500855821497   16    4    9    8
 0.005231677670619595   16    4    9    9
 -0.0005738304861376214   16    4   10    1
 0.006122133689199804   16    4   10    2
 -0.003584741927956111   16    4   10    3
 0.005597518012091451   16    4   10    4
 0.004705845949605224   16    4   10    5
 0.0003135367925974074   16    4   10    6
 0.0002573536870288733   16    4   10    7
 -0.0004526222697807911   16    4   10    8
 0.001063231404481428   16    4   10    9
 0.005579161417535589   16    4   10   10
 4.145915255689469e-05   16    4   11    1
 -0.0005442703373587097   16    4   11    2
 0.0006513856195939909   16    4   11    3
 -0.0002240059181127824   16    4   11    4
 -2.086113205998802e-05   16    4   11    5
 -0.0008677568169508396   16    4   11    6
 -0.0003619178923125224   16    4   11    7
 0.0086945298623986   16    4   11    8
 0.003967247263911428   16    4   11    9
 -0.0002603073031965561   16    4   11   10
 0.01106354408575854   16    4   11   11
 6.09688129472659e-05   16    4   12    1
 -0.001405939247331788   16    4   12    2
 -0.0005234841321826288   16    4   12    3
 -0.002153102311699676   16    4   12    4
 -0.002453879122555309   16    4   12    5
 -0.0006084940597809725   16    4   12    6
 0.0001064202190615502   16    4   12    7
 -0.002496350768758257   16    4   12    8
 -0.001613033971566619   16    4   12    9
 -0.000411007247279824   16    4   12   10
 -0.002464514773683084   16    4   12   11
 0.004959233655706163   16    4   12   12
 -1.750933136308315e-05   16    4   13    1
 -0.004737566567567901   16    4   13    2
 -0.001109825100989009   16    4   13    3
 -0.01405719943822349   16    4   13    4
 -0.01018250184172013   16    4   13    5
 0.001789227138042324   16    4   13    6
 -0.0005838734101247824   16    4   13    7
 0.001032817274627948   16    4   13    8
 -0.003092883833805477   16    4   13    9
 -0.004383192727335207   16    4   13   10
 0.0004860138022139911   16    4   13   11
 0.0006796615471086307   16    4   13   12
 0.01077161039015436   16    4   13   13
 0.0001157792290547764   16    4   14    1
 -0.002156598879449149   16    4   14    2
 -0.001819265628282834   16    4   14    3
 -0.004596604149476513   16    4   14    4
 -0.004265974996643773   16    4   14    5
 -0.004948818396825214   16    4   14    6
 -5.133540401241223e-05   16    4   14    7
 0.0007316285417148681   16    4   14    8
 -0.0004698239073193831   16    4   14    9
 -9.37130625942852e-05   16    4   14   10
 0.001125329095401904   16    4   14   11
 -0.00175437380474614   16    4   14   12
 0.0009063193229391646   16    4   14   13
 -0.002525308728691786   16    4   14   14
 0.0001380322958193453   16    4   15    1
 -0.002173555428182837   16    4   15    2
 -0.0004813401413894265   16    4   15    3
 0.005185892427469284   16    4   15    4
 0.003275175670196829   16    4   15    5
 -0.003443440235053401   16    4   15    6
 -4.280410593340681e-05   16    4   15    7
 -0.001916246157622054   16    4   15    8
 0.001241793688529702   16    4   15    9
 0.001234199884628611   16    4   15   10
 -0.000211963699899726   16    4   15   11
 -0.0004806286532362761   16    4   15   12
 8.908524729386684e-05   16    4   15   13
 0.0006493778306458641   16    4   15   14
 0.0009904446531098241   16    4   15   15
 0.0001165553280313449   16    4   16    1
 0.008521631085844606   16    4   16    2
 -0.002718954269288006   16    4   16    3
 0.02286953404565475   16    4   16    4
 -0.01294728728263922   16    5    1    1
 -8.0946486327346e-05   16    5    2    1
 0.01544046166304705   16    5    2    2
 -0.0003492465243907184   16    5    3    1
 -0.01203462516351438   16    5    3    2
 -0.02860396186617515   16    5    3    3
 -4.644928066320558e-05   16    5    4    1
 0.025604290649686   16    5    4    2
 -0.00267495766346419   16    5    4    3
 0.06062026139689189   16    5    4    4
 -0.0004931178299056082   16    5    5    1
 -0.02144317895855419   16    5    5    2
 -0.001412259126717571   16    5    5    3
 0.006523832717169773   16    5    5    4
 0.0206713775390598   16    5    5    5
 0.0003241296055633461   16    5    6    1
 0.002157639606926244   16    5    6    2
 -0.001293985711585385   16    5    6    3
 0.02779974839026877   16    5    6    4
 -0.01475373289222302   16    5    6    5
 -0.01279971477309424   16    5    6    6
 -0.0002350691727620141   16    5    7    1
 -0.001605545827762302   16    5    7    2
 -0.003630208595128693   16    5    7    3
 0.00631924366622029   16    5    7    4
 -0.00149030302433457   16    5    7    5
 0.0005836238918888365   16    5    7    6
 -0.01346193382447151   16    5    7    7
 -0.0005558738356153769   16    5    8    1
 -0.000550253564791356   16    5    8    2
 -0.007858102377430027   16    5    8    3
 -0.002437738855479925   16    5    8    4
 -0.006264812007537848   16    5    8    5
 -0.0006552349079722921   16    5    8    6
 0.007242332691090336   16    5    8    7
 0.008561310056357447   16    5    8    8
 0.001626683753797529   16    5    9    1
 -0.0006604832797361606   16    5    9    2
 0.01899423177873769   16    5    9    3
 0.01349661212421983   16    5    9    4
 0.009539456880502778   16    5    9    5
 -0.00975079582876854   16    5    9    6
 0.00444957149786139   16    5    9    7
 0.01352076259609815   16    5    9    8
 -0.01062628863107683   16    5    9    9
 0.002111337918687364   16    5   10    1
 0.006795627642955136   16    5   10    2
 0.008562881252090938   16    5   10    3
 -0.00316344598341845   16    5   10    4
 0.01114309605220961   16    5   10    5
 -0.005866267255327603   16    5   10    6
 -0.002543673479545853   16    5   10    7
 -0.005510887147756767   16    5   10    8
 0.008460628166473961   16    5   10    9
 -0.009658643159330658   16    5   10   10
 -0.0002263971264592872   16    5   11    1
 -0.0008877501412049828   16    5   11    2
 -0.001218003236383921   16    5   11    3
 -0.0005125537078951818   16    5   11    4
 -0.002391456406137815   16    5   11    5
 -0.004890011658192852   16    5   11    6
 -0.003165002126215917   16    5   11    7
 0.04601417480978978   16    5   11    8
 0.02050727290873483   16    5   11    9
 -0.0008451877275002007   16    5   11   10
 0.02559414838189633   16    5   11   11
 -0.0003064630159015843   16    5   12    1
 0.001323951693323287   16    5   12    2
 -0.0009959768826476407   16    5   12    3
 0.0005055866192490848   16    5   12    4
 -0.002191107926767736   16    5   12    5
 0.00446410594385769   16    5   12    6
 0.009500869781853914   16    5   12    7
 -0.03609429230876144   16    5   12    8
 -0.0183368485152648   16    5   12    9
 -0.001176939950901379   16    5   12   10
 -0.01304545614332896   16    5   12   11
 -0.02891079589086886   16    5   12   12
 -0.0003763811301237626   16    5   13    1
 -0.01114287012231489   16    5   13    2
 -0.0003500761522416844   16    5   13    3
 -0.01075079652974273   16    5   13    4
 -0.01594880270550604   16    5   13    5
 0.003358659719558611   16    5   13    6
 -8.904216647836611e-05   16    5   13    7
 0.005923056248544625   16    5   13    8
 -0.007092768690447891   16    5   13    9
 -0.006321726913927616   16    5   13   10
 0.0007832296586678869   16    5   13   11
 0.002748046566484933   16    5   13   12
 0.01049063602287507   16    5   13   13
 -0.0003874504135782164   16    5   14    1
 0.01754989817056608   16    5   14    2
 -0.003122737796389173   16    5   14    3
 0.007744208781544102   16    5   14    4
 -0.009474234930622674   16    5   14    5
 -0.004282594877171873   16    5   14    6
 -0.001549660373098237   16    5   14    7
 0.01274494499885204   16    5   14    8
 -0.001760119512488123   16    5   14    9
 -0.001177271554648114   16    5   14   10
 0.004124942719280102   16    5   14   11
 0.005518863279419794   16    5   14   12
 -0.005166035644987279   16    5   14   13
 -0.002901996099687822   16    5   14   14
 0.0007983937338817829   16    5   15    1
 -0.02538866092566939   16    5   15    2
 0.0004657131906535443   16    5   15    3
 0.009267334721211115   16    5   15    4
 -0.01069816562272215   16    5   15    5
 0.004844517196328813   16    5   15    6
 0.0006508896026045138   16    5   15    7
 -0.0004176784230903475   16    5   15    8
 0.0006162233168343839   16    5   15    9
 -0.006616355988895655   16    5   15   10
 -0.0006041955301767031   16    5   15   11
 -0.002364668779841539   16    5   15   12
 -0.01756088817538073   16    5   15   13
 -0.02009858734929523   16    5   15   14
 -0.007949605645050239   16    5   15   15
 -0.0008680238047840876   16    5   16    1
 0.0305292028289955   16    5   16    2
 0.007698141550472642   16    5   16    3
 0.006200995994990455   16    5   16    4
 0.06007366859118213   16    5   16    5
 0.007094090415952508   16    6    1    1
 7.01729520959369e-05   16    6    2    1
 -0.001076430041574888   16    6    2    2
 0.0009897332011201247   16    6    3    1
 0.01253276138812322   16    6    3    2
 0.04227538084146764   16    6    3    3
 -0.0001466525326766385   16    6    4    1
 -0.01359545186043136   16    6    4    2
 -0.002177246100784232   16    6    4    3
 -0.02449552470307456   16    6    4    4
 -0.0001896783800898869   16    6    5    1
 0.02178772972690431   16    6    5    2
 0.003042370379202693   16    6    5    3
 -0.0009588528229315918   16    6    5    4
 -0.001523686936361157   16    6    5    5
 0.000812944835226526   16    6    6    1
 0.001984855302174605   16    6    6    2
 0.01658668203977403   16    6    6    3
 -0.02588139956823084   16    6    6    4
 0.008802415916324762   16    6    6    5
 0.03310518809763784   16    6    6    6
 0.0002980335697022298   16    6    7    1
 0.002311815549124229   16    6    7    2
 0.006997195579324879   16    6    7    3
 -0.004442461251284639   16    6    7    4
 0.002409425515949503   16    6    7    5
 0.00748053569764822   16    6    7    6
 0.004409336049176615   16    6    7    7
 0.0004405115911936032   16    6    8    1
 0.00110287475646413   16    6    8    2
 0.01319167497838299   16    6    8    3
 -0.000441268158876989   16    6    8    4
 0.00565620679072309   16    6    8    5
 0.004516644006990305   16    6    8    6
 -0.009774340983584413   16    6    8    7
 0.01317365111420407   16    6    8    8
 -0.000457619330357481   16    6    9    1
 0.0003448576226983871   16    6    9    2
 -0.01974470998515822   16    6    9    3
 -0.00775389291437628   16    6    9    4
 -0.009034209014380592   16    6    9    5
 0.006216584440732613   16    6    9    6
 -0.009568713580137823   16    6    9    7
 -0.0102286872884052   16    6    9    8
 0.02273413216088297   16    6    9    9
 0.002305164493502279   16    6   10    1
 -0.002573539186625414   16    6   10    2
 0.01008962503301976   16    6   10    3
 0.004310160735696608   16    6   10    4
 -0.0113138339980804   16    6   10    5
 0.001481304598366203   16    6   10    6
 9.36665691135383e-05   16    6   10    7
 0.0001732856614388563   16    6   10    8
 -0.0006774145895682104   16    6   10    9
 0.0111970644660699   16    6   10   10
 -0.0001831927146237889   16    6   11    1
 -0.001051314075106148   16    6   11    2
 -0.001328076241915326   16    6   11    3
 -0.0001742814861058   16    6   11    4
 0.0009955609955883144   16    6   11    5
 0.001911133490378846   16    6   11    6
 0.008159808193346305   16    6   11    7
 -0.03171547316388246   16    6   11    8
 -0.01363054827817993   16    6   11    9
 0.0003398097400321952   16    6   11   10
 -0.004301686642114465   16    6   11   11
 -0.0002406341035247439   16    6   12    1
 0.001238659113858504   16    6   12    2
 0.0004786124623563463   16    6   12    3
 -0.002432104101731296   16    6   12    4
 0.002666858199445858   16    6   12    5
 0.001615369565281184   16    6   12    6
 -0.01272142839230073   16    6   12    7
 0.0329844138673963   16    6   12    8
 0.01393178170208606   16    6   12    9
 5.514158979125179e-05   16    6   12   10
 0.002043730351925269   16    6   12   11
 0.04217419244737731   16    6   12   12
 0.0002247374926045408   16    6   13    1
 0.005278518286133429   16    6   13    2
 0.000369881592299724   16    6   13    3
 -0.001607042215142465   16    6   13    4
 0.007810256044204169   16    6   13    5
 0.007343468446804285   16    6   13    6
 -0.0001526981090885401   16    6   13    7
 -0.003735385659027378   16    6   13    8
 0.006376384926181901   16    6   13    9
 -0.0005167255185560737   16    6   13   10
 0.0007166730813216617   16    6   13   11
 -0.002055690662868635   16    6   13   12
 -0.00413070925502929   16    6   13   13
 -0.000443058519659242   16    6   14    1
 -0.006647803467598552   16    6   14    2
 0.003663588910221878   16    6   14    3
 -0.01424262114223405   16    6   14    4
 0.003706575841237289   16    6   14    5
 0.02343757317501497   16    6   14    6
 0.007613116774872322   16    6   14    7
 -0.007541736118170241   16    6   14    8
 0.002471928210523059   16    6   14    9
 -0.005288667902545911   16    6   14   10
 -0.001272552261336255   16    6   14   11
 -0.006984474979708653   16    6   14   12
 0.006792888847074787   16    6   14   13
 0.006718949554782402   16    6   14   14
 -0.0009603786162368465   16    6   15    1
 0.02205996301767821   16    6   15    2
 0.006421499856727907   16    6   15    3
 -0.0126454700812374   16    6   15    4
 0.01856883962468025   16    6   15    5
 0.01688955855255613   16    6   15    6
 -0.0001839168359056722   16    6   15    7
 0.002039866124883206   16    6   15    8
 0.004810773188005185   16    6   15    9
 -0.003378333000861703   16    6   15   10
 0.0004838498069691005   16    6   15   11
 0.005138420210140868   16    6   15   12
 0.01194191622089553   16    6   15   13
 0.02115754690860316   16    6   15   14
 0.01306628156514181   16    6   15   15
 -0.0002656116483481568   16    6   16    1
 -0.01772199207328188   16    6   16    2
 -0.001455035724630431   16    6   16    3
 -0.004643421149521571   16    6   16    4
 -0.03183550764213425   16    6   16    5
 0.04460262343641299   16    6   16    6
 0.01137751521148588   16    7    1    1
 3.375896247521901e-08   16    7    2    1
 -0.000653998492900317   16    7    2    2
 2.549870971949916e-05   16    7    3    1
 0.001775798741540494   16    7    3    2
 0.0112946359946784   16    7    3    3
 -7.253962227124838e-05   16    7    4    1
 -0.003596415061682868   16    7    4    2
 -0.001221186573794374   16    7    4    3
 0.0006842333286657519   16    7    4    4
 -8.54902610909767e-05   16    7    5    1
 0.002135941590326752   16    7    5    2
 -0.001980755574401436   16    7    5    3
 -0.00147189629206167   16    7    5    4
 0.0009737381191846626   16    7    5    5
 0.0003954735205324815   16    7    6    1
 0.003537633957106215   16    7    6    2
 0.005555737868014246   16    7    6    3
 -0.006760248837936101   16    7    6    4
 0.005581504048916487   16    7    6    5
 0.01708436033273864   16    7    6    6
 0.0001200939663768253   16    7    7    1
 -0.0006851574118064186   16    7    7    2
 0.0002313929412674985   16    7    7    3
 -0.0006254153360080301   16    7    7    4
 -0.001404113438616095   16    7    7    5
 -0.0004527105670014881   16    7    7    6
 0.008212840657272968   16    7    7    7
 -2.756091557208456e-05   16    7    8    1
 0.004030176865666556   16    7    8    2
 0.002621388588892373   16    7    8    3
 6.872093227538084e-05   16    7    8    4
 0.004747798752391526   16    7    8    5
 -0.000700495358854007   16    7    8    6
 -0.0006807632485826885   16    7    8    7
 0.003981790623545327   16    7    8    8
 0.0001028357042390314   16    7    9    1
 0.003093549204057586   16    7    9    2
 0.0002298380148396023   16    7    9    3
 -0.002257261056467231   16    7    9    4
 -3.944508702128046e-05   16    7    9    5
 0.003037480424562574   16    7    9    6
 -0.00136249397233975   16    7    9    7
 -0.004104679727216768   16    7    9    8
 0.009536023204040459   16    7    9    9
 0.001255072779851939   16    7   10    1
 -0.001896470459420051   16    7   10    2
 0.005706078366197661   16    7   10    3
 0.002144277285531661   16    7   10    4
 -0.005538621027305552   16    7   10    5
 -0.003720677955238523   16    7   10    6
 0.0001151622958078993   16    7   10    7
 0.0005868196146524082   16    7   10    8
 -0.0003451934782664279   16    7   10    9
 0.009915553268317402   16    7   10   10
 6.533356800157379e-05   16    7   11    1
 6.270164302843221e-05   16    7   11    2
 -0.001261490123182037   16    7   11    3
 0.0004105097122348919   16    7   11    4
 4.545984766429662e-05   16    7   11    5
 0.000872024502552275   16    7   11    6
 0.001080538342054028   16    7   11    7
 -0.00740664221068731   16    7   11    8
 -0.002516193393380371   16    7   11    9
 -0.0003819000941012814   16    7   11   10
 0.002261194572646734   16    7   11   11
 6.066843387121038e-06   16    7   12    1
 0.003671163275336548   16    7   12    2
 0.001879542429122874   16    7   12    3
 -0.0008740526165870069   16    7   12    4
 0.004648688416493308   16    7   12    5
 -0.0007610042837878903   16    7   12    6
 -0.002328537238054065   16    7   12    7
 0.004438488510769659   16    7   12    8
 0.000102321006170118   16    7   12    9
 -0.0002122099613567697   16    7   12   10
 0.003227773386009611   16    7   12   11
 0.00974080332899091   16    7   12   12
 -2.615475684909391e-05   16    7   13    1
 0.001124576581581979   16    7   13    2
 -0.0001831701852647872   16    7   13    3
 0.001251755409586697   16    7   13    4
 -0.0001042747416798146   16    7   13    5
 -0.004325390624646535   16    7   13    6
 0.002029059702025237   16    7   13    7
 0.001094063679016937   16    7   13    8
 -0.0009615465611938487   16    7   13    9
 0.003152875618298525   16    7   13   10
 -0.001340806705038765   16    7   13   11
 0.001788240449604815   16    7   13   12
 0.008847253716763094   16    7   13   13
 -0.0002542631691372569   16    7   14    1
 -0.002675027959358168   16    7   14    2
 0.0007599734850038682   16    7   14    3
 0.0003447604264590361   16    7   14    4
 0.001101141690900532   16    7   14    5
 0.002668940080950347   16    7   14    6
 -0.00419767753051802   16    7   14    7
 -0.001404425630498853   16    7   14    8
 -0.003492367114783357   16    7   14    9
 0.00117844819834632   16    7   14   10
 0.0007565078041893155   16    7   14   11
 -0.001352372273847596   16    7   14   12
 0.001955413814672883   16    7   14   13
 0.008739173124650052   16    7   14   14
 -9.339797255069884e-05   16    7   15    1
 0.002888985147534717   16    7   15    2
 -0.0001041750621741559   16    7   15    3
 -0.0007258187798518356   16    7   15    4
 0.0007192913206162577   16    7   15    5
 -0.002958441464612664   16    7   15    6
 0.001211216929788347   16    7   15    7
 0.00340266192719968   16    7   15    8
 0.001116153266115724   16    7   15    9
 0.00285616570015394   16    7   15   10
 -0.002261126794759173   16    7   15   11
 0.00577168224152358   16    7   15   12
 0.006015871663926045   16    7   15   13
 0.008827003076719239   16    7   15   14
 0.01190732098564293   16    7   15   15
 -0.0003010734684603463   16    7   16    1
 -0.001923915199219619   16    7   16    2
 0.001819539414068895   16    7   16    3
 -0.001241938306571902   16    7   16    4
 -0.004018873110369936   16    7   16    5
 0.00413693962718946   16    7   16    6
 0.008033286337953225   16    7   16    7
 0.0164588138065486   16    8    1    1
 -1.873340497962916e-05   16    8    2    1
 -0.01474057520370037   16    8    2    2
 -0.0001694443895191379   16    8    3    1
 0.002111349320659556   16    8    3    2
 0.008416755755870177   16    8    3    3
 -0.0001092160445751251   16    8    4    1
 -0.007223677042444429   16    8    4    2
 -0.001654782931932297   16    8    4    3
 -0.01661875589684593   16    8    4    4
 -0.0001262583475565414   16    8    5    1
 -0.0005802654844402912   16    8    5    2
 -0.005613465640162784   16    8    5    3
 -0.004150548065191174   16    8    5    4
 -0.01172314650464885   16    8    5    5
 0.0005821660266815816   16    8    6    1
 0.005299708334707193   16    8    6    2
 0.007334068285637836   16    8    6    3
 -0.008975341512137075   16    8    6    4
 0.009081497801601331   16    8    6    5
 0.006122006676946339   16    8    6    6
 -2.490302780650606e-06   16    8    7    1
 0.00360846714833197   16    8    7    2
 0.001858545972270607   16    8    7    3
 -0.002356720580495004   16    8    7    4
 0.003581543415960767   16    8    7    5
 5.98034186896705e-05   16    8    7    6
 0.004169912621221632   16    8    7    7
 0.0002173260976769187   16    8    8    1
 0.002724131062714018   16    8    8    2
 -0.003564302425196889   16    8    8    3
 0.005885923465538381   16    8    8    4
 0.001470205747607812   16    8    8    5
 0.001067684221900321   16    8    8    6
 -0.0005521995763148693   16    8    8    7
 -0.01035906215881121   16    8    8    8
 0.0004224608248302335   16    8    9    1
 0.002825741834991477   16    8    9    2
 0.0014646173126248   16    8    9    3
 -0.0005593704564512801   16    8    9    4
 -0.004915716004991259   16    8    9    5
 0.0007504386318325237   16    8    9    6
 -0.00242899759547599   16    8    9    7
 -0.0060677843975557   16    8    9    8
 0.007845108147737515   16    8    9    9
 0.001898677873572374   16    8   10    1
 -0.003420319678937836   16    8   10    2
 0.009118362726498689   16    8   10    3
 0.001095360657772025   16    8   10    4
 -0.009317879809933847   16    8   10    5
 9.675512697297446e-05   16    8   10    6
 2.548821984392733e-05   16    8   10    7
 0.001588476691300341   16    8   10    8
 0.002391483460439548   16    8   10    9
 0.008077448152701342   16    8   10   10
 -0.0004907247726335341   16    8   11    1
 0.009503612849215824   16    8   11    2
 -0.000171914220579394   16    8   11    3
 0.004715526619802263   16    8   11    4
 0.006644161014334628   16    8   11    5
 5.832009849053556e-05   16    8   11    6
 0.0008627333377234589   16    8   11    7
 -0.01530253923552997   16    8   11    8
 -0.005911749515045915   16    8   11    9
 0.004013973951310435   16    8   11   10
 -0.0078077282314403   16    8   11   11
 -0.0005037975074000551   16    8   12    1
 -0.01013579086453374   16    8   12    2
 -0.00379368932302042   16    8   12    3
 -0.0008614587607919626   16    8   12    4
 -0.007073058167778065   16    8   12    5
 0.001489405083451194   16    8   12    6
 -0.0001431151948610656   16    8   12    7
 0.004545845845376355   16    8   12    8
 0.002576564585617399   16    8   12    9
 0.000453254623462982   16    8   12   10
 0.008161051841398568   16    8   12   11
 0.003122081342804479   16    8   12   12
 -6.605655691047345e-05   16    8   13    1
 0.003954555968635209   16    8   13    2
 0.001208430565496342   16    8   13    3
 0.004510047200095618   16    8   13    4
 0.005757828268564981   16    8   13    5
 -0.002629455377746003   16    8   13    6
 0.001458438590990301   16    8   13    7
 -0.004255105377903191   16    8   13    8
 -0.002833365571094995   16    8   13    9
 0.00294029691133377   16    8   13   10
 -0.004063277372557295   16    8   13   11
 -0.0007943168294684442   16    8   13   12
 -0.002311578439167272   16    8   13   13
 -0.0003226539049986071   16    8   14    1
 0.0004264063509525661   16    8   14    2
 0.003469570842392139   16    8   14    3
 -0.0004648618671430945   16    8   14    4
 0.008235896296403452   16    8   14    5
 -0.0001762023560923951   16    8   14    6
 -0.00135631948848589   16    8   14    7
 0.002308498063044073   16    8   14    8
 -0.00241532619940186   16    8   14    9
 -6.355878826912557e-05   16    8   14   10
 -0.0006141171759194714   16    8   14   11
 -0.0003493907017637333   16    8   14   12
 0.0001570046572212386   16    8   14   13
 -0.0001662021530226176   16    8   14   14
 1.872830004416389e-05   16    8   15    1
 0.006330323662441589   16    8   15    2
 -0.001397529500510262   16    8   15    3
 -0.003037122301260503   16    8   15    4
 -0.0002429191247127407   16    8   15    5
 -0.000367017015818689   16    8   15    6
 0.00223728405025861   16    8   15    7
 -0.008723191391590829   16    8   15    8
 -0.001628730090514374   16    8   15    9
 0.001462497622419467   16    8   15   10
 -0.001187764924681985   16    8   15   11
 -0.003473480105847572   16    8   15   12
 0.006516150020549669   16    8   15   13
 0.01127805978082741   16    8   15   14
 0.00223167872881258   16    8   15   15
 -0.0005460951419894838   16    8   16    1
 -0.003946389171763621   16    8   16    2
 0.003050467334153294   16    8   16    3
 -0.002978320863888976   16    8   16    4
 -0.007778954271375903   16    8   16    5
 0.005003766835271928   16    8   16    6
 0.0001295786204668241   16    8   16    7
 0.02077821771163476   16    8   16    8
 -0.04924026438965654   16    9    1    1
 8.92567591173876e-05   16    9    2    1
 0.03106438575965328   16    9    2    2
 0.001094281905895175   16    9    3    1
 0.0004398348932309614   16    9    3    2
 -0.006581906227428737   16    9    3    3
 0.0001726770413020333   16    9    4    1
 0.009453093525815377   16    9    4    2
 0.001673424921507415   16    9    4    3
 0.0331092224985069   16    9    4    4
 7.80583811186564e-05   16    9    5    1
 0.009227889246026759   16    9    5    2
 0.01617481794737474   16    9    5    3
 0.006958296365807185   16    9    5    4
 0.02542803580316606   16    9    5    5
 -0.0009127363732704391   16    9    6    1
 -0.00900938306408723   16    9    6    2
 -0.005277618791889082   16    9    6    3
 0.006185065268512971   16    9    6    4
 -0.01431599210573183   16    9    6    5
 0.008235081801332329   16    9    6    6
 -9.198115021218618e-05   16    9    7    1
 -7.787187468571271e-05   16    9    7    2
 0.003280220802227434   16    9    7    3
 0.002630879486552025   16    9    7    4
 -0.00141204052009322   16    9    7    5
 0.001660373529456368   16    9    7    6
 -0.004090646846608858   16    9    7    7
 0.0001391101897660964   16    9    8    1
 0.001337768859161807   16    9    8    2
 0.004522154017967398   16    9    8    3
 0.002907631800915844   16    9    8    4
 -0.006034981366963431   16    9    8    5
 -0.004268369638627508   16    9    8    6
 -0.004808322280285299   16    9    8    7
 0.01694227183684093   16    9    8    8
 -0.0008630183542973997   16    9    9    1
 -0.0005478262159838256   16    9    9    2
 -0.01642336722163103   16    9    9    3
 0.004724112265796894   16    9    9    4
 0.009838333645289863   16    9    9    5
 0.002330928320820449   16    9    9    6
 0.0004641750585068175   16    9    9    7
 0.01521140099443898   16    9    9    8
 -0.004555940266359516   16    9    9    9
 -0.002972830298909252   16    9   10    1
 0.00445658929595488   16    9   10    2
 -0.01436971339370942   16    9   10    3
 0.0008342916096359829   16    9   10    4
 0.01437089364595996   16    9   10    5
 -0.006968202062775477   16    9   10    6
 -0.0002779300235610046   16    9   10    7
 0.003046777707436101   16    9   10    8
 -0.005153569786050616   16    9   10    9
 -0.01781442544092573   16    9   10   10
 0.0001602345109072334   16    9   11    1
 0.004748345173324588   16    9   11    2
 0.002044753958653152   16    9   11    3
 0.002167896823611179   16    9   11    4
 0.001568522515626766   16    9   11    5
 -0.00352267511903185   16    9   11    6
 -0.0001229154600904843   16    9   11    7
 0.01906157589511843   16    9   11    8
 0.01014016591933853   16    9   11    9
 0.001422356173596812   16    9   11   10
 0.009048461503991649   16    9   11   11
 0.0002705730208459555   16    9   12    1
 -0.00507393585444636   16    9   12    2
 -0.001060752931938456   16    9   12    3
 -0.001227455212812737   16    9   12    4
 -0.007022214127784272   16    9   12    5
 0.002915506198625824   16    9   12    6
 -0.008296876242428671   16    9   12    7
 0.00542921119638784   16    9   12    8
 0.003311258821169279   16    9   12    9
 -9.669610532570616e-05   16    9   12   10
 -0.02221083712289379   16    9   12   11
 0.008053526172109542   16    9   12   12
 0.0002955930116078411   16    9   13    1
 -0.004877571012702738   16    9   13    2
 -0.002003776577692181   16    9   13    3
 -0.008846411520579597   16    9   13    4
 -0.00857567095101398   16    9   13    5
 0.006952869549299802   16    9   13    6
 0.0005133300509088799   16    9   13    7
 -0.004066318383760683   16    9   13    8
 0.002493683215326102   16    9   13    9
 -0.00468140556125544   16    9   13   10
 -0.0005143091701069359   16    9   13   11
 0.001080014029499832   16    9   13   12
 0.01237328201646638   16    9   13   13
 0.0005582104991302516   16    9   14    1
 0.003400097758011443   16    9   14    2
 -0.002725587448895539   16    9   14    3
 -0.002349956453141794   16    9   14    4
 -0.009472251261433447   16    9   14    5
 0.008010680273738604   16    9   14    6
 0.0004559906848195973   16    9   14    7
 -0.001597914821563778   16    9   14    8
 0.005679661311931422   16    9   14    9
 0.001598218693123773   16    9   14   10
 0.00582783554604397   16    9   14   11
 -0.002509187513897959   16    9   14   12
 0.002854775138892337   16    9   14   13
 0.008966149598396717   16    9   14   14
 -0.0005580841718408938   16    9   15    1
 -0.003766516668682792   16    9   15    2
 0.007598275034640658   16    9   15    3
 0.0009279679913825984   16    9   15    4
 0.008101195900904856   16    9   15    5
 0.007542151653407275   16    9   15    6
 0.004438801017146572   16    9   15    7
 -0.0007894507531902431   16    9   15    8
 -0.006820012077854022   16    9   15    9
 -0.002152833097429935   16    9   15   10
 -0.0009079404878979388   16    9   15   11
 -0.003307752253567314   16    9   15   12
 -0.003517826485506436   16    9   15   13
 -0.00778144184241494   16    9   15   14
 0.008123292437102993   16    9   15   15
 0.001026601661351578   16    9   16    1
 -0.0006762739572596247   16    9   16    2
 -0.007143784894090212   16    9   16    3
 0.003643571165629836   16    9   16    4
 0.002562446039290869   16    9   16    5
 0.001424150563999463   16    9   16    6
 -0.003989539189667064   16    9   16    7
 -0.001132762560267362   16    9   16    8
 0.02094035840077561   16    9   16    9
 -0.1458670507364583   16   10    1    1
 0.000204516453979661   16   10    2    1
 0.03915076947146972   16   10    2    2
 0.002596978903850506   16   10    3    1
 -0.01080966554897102   16   10    3    2
 -0.06353046576060671   16   10    3    3
 -8.27965937692132e-05   16   10    4    1
 0.006467193231360072   16   10    4    2
 -0.002063218290340022   16   10    4    3
 0.03817868886575713   16   10    4    4
 -0.000753040750549878   16   10    5    1
 0.0008641547659182736   16   10    5    2
 0.0230020179462902   16   10    5    3
 0.003201987548525826   16   10    5    4
 0.01964536334123864   16   10    5    5
 0.0003862696171915975   16   10    6    1
 -0.004303582970910889   16   10    6    2
 0.01083773214273485   16   10    6    3
 0.01148649650937303   16   10    6    4
 -0.01513518200368767   16   10    6    5
 -0.0009065764136183287   16   10    6    6
 0.0001090379374079367   16   10    7    1
 -0.003023103328472277   16   10    7    2
 0.005861690760922763   16   10    7    3
 0.003113967232098946   16   10    7    4
 -0.007749267686881545   16   10    7    5
 -0.007153291579308412   16   10    7    6
 0.004838251850398593   16   10    7    7
 -9.925614176767755e-06   16   10    8    1
 -0.003837235433274957   16   10    8    2
 0.008132043119044873   16   10    8    3
 0.0009837258276649068   16   10    8    4
 -0.01672139430296737   16   10    8    5
 -0.01003631917154529   16   10    8    6
 0.001059250922301114   16   10    8    7
 0.0003939902674541074   16   10    8    8
 7.660667760685939e-05   16   10    9    1
 0.004683387493637337   16   10    9    2
 -0.01147669867933894   16   10    9    3
 0.001093554609626154   16   10    9    4
 0.03028747739559014   16   10    9    5
 0.009256087113001082   16   10    9    6
 0.01604926346922858   16   10    9    7
 0.02803757461291134   16   10    9    8
 -0.03622173415572538   16   10    9    9
 0.00192003698588554   16   10   10    1
 0.006186822208787439   16   10   10    2
 0.006412791568618473   16   10   10    3
 0.00675343236565512   16   10   10    4
 0.01235040283460942   16   10   10    5
 -0.03760901931516501   16   10   10    6
 -0.008316175788162036   16   10   10    7
 -0.001556429143913579   16   10   10    8
 -0.01001605464599186   16   10   10    9
 -0.07577620563642117   16   10   10   10
 7.317077048638726e-07   16   10   11    1
 -0.0005429044554606172   16   10   11    2
 0.00024305954898126   16   10   11    3
 -0.0004054700427492431   16   10   11    4
 -0.001521070567350957   16   10   11    5
 -0.001946151537069927   16   10   11    6
 -0.01208588510796887   16   10   11    7
 0.04445017405166222   16   10   11    8
 0.01875212496928205   16   10   11    9
 -0.0008588086410464096   16   10   11   10
 -0.01437966601829416   16   10   11   11
 -4.817158579213288e-05   16   10   12    1
 0.0002210764366042435   16   10   12    2
 -0.000609504750723521   16   10   12    3
 -0.0001964431576634871   16   10   12    4
 -0.002200597064607021   16   10   12    5
 0.002437188099147483   16   10   12    6
 -0.007732428740434555   16   10   12    7
 0.007518309669497186   16   10   12    8
 0.00243673299597133   16   10   12    9
 0.002185784886022981   16   10   12   10
 -0.04590975098026783   16   10   12   11
 -0.02458007473456877   16   10   12   12
 0.0002825965225552027   16   10   13    1
 -0.002133046386082093   16   10   13    2
 -0.004238405650908751   16   10   13    3
 -0.009531370236996297   16   10   13    4
 -0.008924636264869223   16   10   13    5
 -0.001676103544229884   16   10   13    6
 -0.0009040387130883822   16   10   13    7
 -0.002128816134079152   16   10   13    8
 0.002570927926143145   16   10   13    9
 0.001564740523159681   16   10   13   10
 0.002141378766966678   16   10   13   11
 0.003361432066460875   16   10   13   12
 0.01980436433033542   16   10   13   13
 -0.0003806216965663667   16   10   14    1
 0.006602772977300627   16   10   14    2
 -0.00313140084622246   16   10   14    3
 0.003558418875442414   16   10   14    4
 -0.005920636392659265   16   10   14    5
 0.001194113960668585   16   10   14    6
 0.0003803473036744944   16   10   14    7
 0.00162149370331244   16   10   14    8
 8.444653052659951e-05   16   10   14    9
 0.01689121498224233   16   10   14   10
 0.007519344130632584   16   10   14   11
 0.005032256826990258   16   10   14   12
 0.002723421981828024   16   10   14   13
 0.01525940689880927   16   10   14   14
 -0.001180228801065135   16   10   15    1
 -0.01220435868665984   16   10   15    2
 0.01183770166039898   16   10   15    3
 0.00543070285638868   16   10   15    4
 7.016610980675911e-05   16   10   15    5
 0.001763495089708806   16   10   15    6
 0.005850771187352592   16   10   15    7
 0.007556101748287875   16   10   15    8
 -0.01604362805105312   16   10   15    9
 0.0009775859555164303   16   10   15   10
 -0.0008166986248502785   16   10   15   11
 -0.0009891856700707862   16   10   15   12
 0.0009330714075195501   16   10   15   13
 -0.00767556705920186   16   10   15   14
 0.01218474935303308   16   10   15   15
 -2.904105525161111e-05   16   10   16    1
 0.0101089523176848   16   10   16    2
 -0.005018056563964696   16   10   16    3
 0.004755593546158571   16   10   16    4
 0.01647011668017045   16   10   16    5
 -0.0106967714218264   16   10   16    6
 -0.001203130927257092   16   10   16    7
 -0.005315178183419147   16   10   16    8
 0.009672021990338304   16   10   16    9
 0.0286425349060513   16   10   16   10
 0.00941525179703203   16   11    1    1
 -2.416110032080265e-05   16   11    2    1
 -0.01215187474715265   16   11    2    2
 -0.0002729339220361468   16   11    3    1
 0.0006621041620667289   16   11    3    2
 -0.0004773324088389957   16   11    3    3
 2.624992262504672e-06   16   11    4    1
 -0.0001644348619510447   16   11    4    2
 0.0004134365426401516   16   11    4    3
 -0.008963240971428463   16   11    4    4
 3.857260290673851e-05   16   11    5    1
 -0.002907595382597759   16   11    5    2
 -0.003148924074883182   16   11    5    3
 -0.0002166755450571803   16   11    5    4
 -0.00904235586753167   16   11    5    5
 -9.662427569764301e-06   16   11    6    1
 -0.001047362419747527   16   11    6    2
 -0.001890624533418552   16   11    6    3
 -0.0004698772395902721   16   11    6    4
 0.000693985927041266   16   11    6    5
 -0.007442826897717642   16   11    6    6
 0.0001854386625634452   16   11    7    1
 -0.001536510765682926   16   11    7    2
 -0.001318209099884719   16   11    7    3
 0.0005877226224033851   16   11    7    4
 -0.001272590532152248   16   11    7    5
 0.0002725457406768999   16   11    7    6
 -0.002942230207630809   16   11    7    7
 -0.0004865630422628196   16   11    8    1
 0.0161228181579891   16   11    8    2
 -0.002157801090851103   16   11    8    3
 0.006086845881048206   16   11    8    4
 0.01193157004521639   16   11    8    5
 -0.002138233837027888   16   11    8    6
 0.0002807058678455305   16   11    8    7
 -0.009923180787921822   16   11    8    8
 -5.625311413767853e-05   16   11    9    1
 0.005857812146922391   16   11    9    2
 0.002830572080837417   16   11    9    3
 0.003721917178714612   16   11    9    4
 0.0008861038695513886   16   11    9    5
 -0.003566944621368209   16   11    9    6
 -0.0006831396769096486   16   11    9    7
 -0.001659695491914625   16   11    9    8
 -0.0005581830098513072   16   11    9    9
 -6.578692669860214e-06   16   11   10    1
 -0.0009850283336735757   16   11   10    2
 -9.853751430069914e-05   16   11   10    3
 -0.001371605098631729   16   11   10    4
 -0.001357199476170317   16   11   10    5
 0.00393444775697211   16   11   10    6
 -0.0001406854303490795   16   11   10    7
 0.005453066131195222   16   11   10    8
 0.003468396356101831   16   11   10    9
 0.0008672986910887086   16   11   10   10
 0.0008542461114287398   16   11   11    1
 0.01096793471204085   16   11   11    2
 0.000350473840450231   16   11   11    3
 0.007735078288259257   16   11   11    4
 0.004373604204837581   16   11   11    5
 -0.003162329443739356   16   11   11    6
 -0.0009864204264595213   16   11   11    7
 -0.006890701844368346   16   11   11    8
 -0.0007136082873058571   16   11   11    9
 0.001190584602560211   16   11   11   10
 -0.004507555887716497   16   11   11   11
 0.0007833304201844544   16   11   12    1
 0.0001553000853033938   16   11   12    2
 0.004658070179157666   16   11   12    3
 -0.004081567110141393   16   11   12    4
 0.00327616593542875   16   11   12    5
 -0.00160559160420989   16   11   12    6
 0.00322620827604585   16   11   12    7
 -0.002153403978442105   16   11   12    8
 -0.003058027678961119   16   11   12    9
 -0.004464553066874767   16   11   12   10
 0.006616220678858855   16   11   12   11
 -0.004593581174321568   16   11   12   12
 -9.874706060035805e-05   16   11   13    1
 -0.0006187189039095739   16   11   13    2
 0.0002443071772375058   16   11   13    3
 0.003137660948880049   16   11   13    4
 0.001242527670179837   16   11   13    5
 0.00129838120010193   16   11   13    6
 -0.0004918696619461953   16   11   13    7
 -0.003738675003984089   16   11   13    8
 -0.002050062662183783   16   11   13    9
 9.164811349079663e-07   16   11   13   10
 -0.00474847052645191   16   11   13   11
 0.003201143469605574   16   11   13   12
 -0.006536286071071408   16   11   13   13
 -9.474141780116489e-05   16   11   14    1
 -0.00116255502815714   16   11   14    2
 -0.0006638037148267741   16   11   14    3
 0.0008820949328187431   16   11   14    4
 0.001021442153718873   16   11   14    5
 -0.002270276093217125   16   11   14    6
 0.001124385836213742   16   11   14    7
 0.001514808286076538   16   11   14    8
 0.001815008249288849   16   11   14    9
 -0.0004195658922744264   16   11   14   10
 0.00161775611706324   16   11   14   11
 -0.0008975815712537848   16   11   14   12
 -0.003353909826300257   16   11   14   13
 -0.005450594774287771   16   11   14   14
 0.0001800806206602957   16   11   15    1
 0.001140687826506466   16   11   15    2
 -0.002165112532768413   16   11   15    3
 -0.0004337956589592475   16   11   15    4
 -0.002519545381405451   16   11   15    5
 -0.0007110800919083646   16   11   15    6
 -0.003117237354631126   16   11   15    7
 -0.00164879915844563   16   11   15    8
 0.0005978595972272273   16   11   15    9
 -0.0003944758755288377   16   11   15   10
 -0.006429511137616384   16   11   15   11
 0.005089032406849709   16   11   15   12
 -0.00171888718476715   16   11   15   13
 -0.002916609069735771   16   11   15   14
 -0.008699184492310243   16   11   15   15
 -2.576503822631741e-05   16   11   16    1
 -0.0008087630440698896   16   11   16    2
 0.0008725643133851841   16   11   16    3
 -0.0008806148088087116   16   11   16    4
 -0.001098430250174984   16   11   16    5
 -0.00101082285869447   16   11   16    6
 0.001295007813481053   16   11   16    7
 0.005006221246405478   16   11   16    8
 0.0004899757613568937   16   11   16    9
 -0.003415817670758629   16   11   16   10
 0.01408012379436967   16   11   16   11
 0.032170963248641   16   12    1    1
 -1.535911917854479e-05   16   12    2    1
 0.002711431424731748   16   12    2    2
 -0.0002627655184043644   16   12    3    1
 0.00427054727170898   16   12    3    2
 0.0251192705616044   16   12    3    3
 -1.486007764529927e-05   16   12    4    1
 -0.004133779504519084   16   12    4    2
 -0.0003063816962027432   16   12    4    3
 -0.004078120061781612   16   12    4    4
 0.0001471387453989704   16   12    5    1
 0.00736209848082098   16   12    5    2
 -0.002892664192417885   16   12    5    3
 -0.001320411995055229   16   12    5    4
 0.003470703941502928   16   12    5    5
 0.0001053471513730882   16   12    6    1
 0.002375483420884244   16   12    6    2
 0.002140128212237492   16   12    6    3
 -0.007392485320227459   16   12    6    4
 0.005493190928284023   16   12    6    5
 0.01460108862136976   16   12    6    6
 0.0003673990106940084   16   12    7    1
 0.005710010925177815   16   12    7    2
 0.004970144377313775   16   12    7    3
 -0.002737459313408128   16   12    7    4
 0.006399813274928457   16   12    7    5
 0.002052855984015216   16   12    7    6
 0.003750832254631083   16   12    7    7
 -0.0004746647466262337   16   12    8    1
 -0.01900645610905533   16   12    8    2
 -0.006859866071876284   16   12    8    3
 -0.003019070653007503   16   12    8    4
 -0.01069926744703682   16   12    8    5
 0.00691735165628912   16   12    8    6
 -0.002065904301609491   16   12    8    7
 0.01065970316465463   16   12    8    8
 -0.0004700218641944024   16   12    9    1
 -0.007471316521482189   16   12    9    2
 -0.006184277709180428   16   12    9    3
 -0.004105695517952529   16   12    9    4
 -0.01182466627643496   16   12    9    5
 0.002872745669685955   16   12    9    6
 -0.006148479928021545   16   12    9    7
 -0.004631480116004999   16   12    9    8
 0.01724303905197574   16   12    9    9
 8.904997145728077e-05   16   12   10    1
 -0.0006731114639258725   16   12   10    2
 0.0006359954325675554   16   12   10    3
 0.0007093562598690503   16   12   10    4
 -0.004061919187931594   16   12   10    5
 0.004292571441066315   16   12   10    6
 0.0003472805448386088   16   12   10    7
 1.394514749767577e-06   16   12   10    8
 -0.0001964511517197318   16   12   10    9
 0.02051061933197497   16   12   10   10
 0.001244027674668599   16   12   11    1
 -0.004786912189153856   16   12   11    2
 0.01002003175568771   16   12   11    3
 -0.005250686825855563   16   12   11    4
 -0.0009883990765465402   16   12   11    5
 0.0002902687237235122   16   12   11    6
 0.005381375742783559   16   12   11    7
 -0.01003215013284095   16   12   11    8
 -0.008470374715492422   16   12   11    9
 -0.006456835431994139   16   12   11   10
 0.01048075410914143   16   12   11   11
 0.001217802215399136   16   12   12    1
 -0.009284916828685449   16   12   12    2
 -0.001858827679685133   16   12   12    3
 0.005274368643924404   16   12   12    4
 -0.01321753007518325   16   12   12    5
 -0.0005422232860111172   16   12   12    6
 -0.003593210587853681   16   12   12    7
 0.002827690898850769   16   12   12    8
 0.003603296564850257   16   12   12    9
 -0.002496147776091158   16   12   12   10
 0.007474854681222863   16   12   12   11
 0.01924479153171411   16   12   12   12
 -5.134404747615451e-05   16   12   13    1
 0.002943454990937424   16   12   13    2
 0.0008613203613523751   16   12   13    3
 -0.0009094158955641079   16   12   13    4
 0.002078981081007502   16   12   13    5
 -0.0005388245000548122   16   12   13    6
 0.002005585162242383   16   12   13    7
 0.0002406126294086979   16   12   13    8
 -0.0002704483576459496   16   12   13    9
 0.0007592167286144762   16   12   13   10
 0.003862836383842536   16   12   13   11
 -0.005037803313715687   16   12   13   12
 0.002664252821898206   16   12   13   13
 -0.0001825479638159848   16   12   14    1
 0.002125176037236435   16   12   14    2
 0.001979694927519647   16   12   14    3
 -0.003560012395134611   16   12   14    4
 0.002580262762653684   16   12   14    5
 0.004147193834740863   16   12   14    6
 -0.000840874181517376   16   12   14    7
 -0.001583276021697095   16   12   14    8
 -0.002284776339169645   16   12   14    9
 -0.002821657344883103   16   12   14   10
 -0.001936696634665849   16   12   14   11
 -0.0005635829040396385   16   12   14   12
 0.003955925692574741   16   12   14   13
 0.002341057691788127   16   12   14   14
 -4.432147712882539e-05   16   12   15    1
 0.003001443985995911   16   12   15    2
 0.0001290710654344915   16   12   15    3
 -0.002141077626369692   16   12   15    4
 0.005658423361413803   16   12   15    5
 0.002109393749125978   16   12   15    6
 0.004092914824999983   16   12   15    7
 -0.006105244457677654   16   12   15    8
 0.001325306995808335   16   12   15    9
 -8.063622063279375e-05   16   12   15   10
 0.004752742315196718   16   12   15   11
 -0.01363913107601495   16   12   15   12
 0.005430250071232652   16   12   15   13
 0.01233031139808956   16   12   15   14
 0.01031637234241157   16   12   15   15
 5.056014882361019e-05   16   12   16    1
 -0.003660255011423135   16   12   16    2
 8.898007782911788e-05   16   12   16    3
 -0.0009274769541605227   16   12   16    4
 -0.007584255530519258   16   12   16    5
 0.007203089648379501   16   12   16    6
 -0.003403164033270994   16   12   16    7
 0.007657038237274676   16   12   16    8
 0.00182688265434267   16   12   16    9
 -0.004360966768659616   16   12   16   10
 -0.01000259886827523   16   12   16   11
 0.0237996738124579   16   12   16   12
 0.01819940725849149   16   13    1    1
 -1.161507420341313e-05   16   13    2    1
 -0.04922623687188937   16   13    2    2
 -0.000282209765041815   16   13    3    1
 0.00634589113167838   16   13    3    2
 0.007337596314895298   16   13    3    3
 -2.975697427830517e-05   16   13    4    1
 -0.01447620277313354   16   13    4    2
 -0.001352237794134581   16   13    4    3
 -0.05745503759581178   16   13    4    4
 0.0001615394538526303   16   13    5    1
 -0.009143896654148472   16   13    5    2
 -0.007699847750666463   16   13    5    3
 -0.01111820387917963   16   13    5    4
 -0.04493752882733953   16   13    5    5
 0.0001525927432536099   16   13    6    1
 0.01082385343705465   16   13    6    2
 0.004661568625313947   16   13    6    3
 -0.01755656177090875   16   13    6    4
 0.0216784753164525   16   13    6    5
 0.002788597812172563   16   13    6    6
 8.470885259250002e-05   16   13    7    1
 0.003021940551665299   16   13    7    2
 -0.0004736250819022374   16   13    7    3
 -0.005630378740025092   16   13    7    4
 0.000999515478892673   16   13    7    5
 -0.005337900780672505   16   13    7    6
 0.01389369873115242   16   13    7    7
 0.000212326317694923   16   13    8    1
 0.005383619157886946   16   13    8    2
 0.001039124514724937   16   13    8    3
 0.001059345557164006   16   13    8    4
 0.009471325125657723   16   13    8    5
 0.001209815863796594   16   13    8    6
 0.004308058212363243   16   13    8    7
 -0.03129042768024857   16   13    8    8
 -0.0002977880757246283   16   13    9    1
 -0.003265478659178585   16   13    9    2
 0.0006363539777879176   16   13    9    3
 -0.00902947432381577   16   13    9    4
 -0.01233175308564884   16   13    9    5
 0.007270306541535182   16   13    9    6
 0.003467398735897894   16   13    9    7
 -0.01540817244041124   16   13    9    8
 -0.003408850814004038   16   13    9    9
 0.0001574286021743717   16   13   10    1
 -0.008765532986151337   16   13   10    2
 0.001637106998438956   16   13   10    3
 0.0003558533541437386   16   13   10    4
 -0.01631467647766371   16   13   10    5
 0.002313207580501526   16   13   10    6
 0.001307849075528954   16   13   10    7
 0.002613639033276418   16   13   10    8
 -0.004722715898982791   16   13   10    9
 0.00736403509682029   16   13   10   10
 -8.024301820829682e-05   16   13   11    1
 0.0002503051536031179   16   13   11    2
 -0.001055371113779072   16   13   11    3
 0.001351628102223702   16   13   11    4
 0.002150137052888966   16   13   11    5
 0.005219523766770378   16   13   11    6
 -0.002606920253122065   16   13   11    7
 -0.03351809579731652   16   13   11    8
 -0.01526847682164023   16   13   11    9
 0.0008540893372141509   16   13   11   10
 -0.02796051854467275   16   13   11   11
 -8.825585741703406e-05   16   13   12    1
 0.00179405708028777   16   13   12    2
 0.0009398806745973603   16   13   12    3
 0.0002104690954651119   16   13   12    4
 0.003313015541158858   16   13   12    5
 -0.003572871574912116   16   13   12    6
 0.005364482371503938   16   13   12    7
 0.007719600380010031   16   13   12    8
 0.003735192192449103   16   13   12    9
 0.001188642521624581   16   13   12   10
 0.01976771249927651   16   13   12   11
 -0.01063344877027103   16   13   12   12
 2.070185404319556e-05   16   13   13    1
 0.004683147334939612   16   13   13    2
 0.001139159250773172   16   13   13    3
 0.0171483005610239   16   13   13    4
 0.00764934441803314   16   13   13    5
 -0.01341114573665506   16   13   13    6
 0.0004703969873157053   16   13   13    7
 0.0009393686086448001   16   13   13    8
 -0.003650427989308308   16   13   13    9
 0.011126379593526   16   13   13   10
 -0.001806962459057668   16   13   13   11
 -0.001469022680410206   16   13   13   12
 -0.01426828389458244   16   13   13   13
 -3.051711416470159e-05   16   13   14    1
 -0.00581143531028559   16   13   14    2
 0.002750138214791449   16   13   14    3
 0.002144898831661515   16   13   14    4
 0.004531787175758634   16   13   14    5
 -0.005521947058943135   16   13   14    6
 -0.002455385390657689   16   13   14    7
 -0.00100830737618309   16   13   14    8
 -0.006140775152223162   16   13   14    9
 0.002883174877871983   16   13   14   10
 -0.005357255371119765   16   13   14   11
 0.002668686836179539   16   13   14   12
 -0.004367213432487243   16   13   14   13
 -0.00504601900125576   16   13   14   14
 -7.560240240047466e-05   16   13   15    1
 0.005892935472393335   16   13   15    2
 -0.003937139059144728   16   13   15    3
 -0.001250682249748976   16   13   15    4
 -0.004822029445914732   16   13   15    5
 -0.01200430072843967   16   13   15    6
 -0.001334645404555483   16   13   15    7
 0.00202629897914275   16   13   15    8
 -0.001722457179206294   16   13   15    9
 0.009545967475545107   16   13   15   10
 -0.0008277083593324408   16   13   15   11
 0.005078586712130154   16   13   15   12
 0.01272805005255722   16   13   15   13
 0.0209708150185418   16   13   15   14
 -0.009016336220989562   16   13   15   15
 -4.065723272145682e-05   16   13   16    1
 -0.009982542751056362   16   13   16    2
 0.002059543952709075   16   13   16    3
 -0.01432823493998645   16   13   16    4
 -0.02072093623356136   16   13   16    5
 0.008463985143307189   16   13   16    6
 0.004892588932692466   16   13   16    7
 0.005790643149741189   16   13   16    8
 -0.009198121987690572   16   13   16    9
 -0.01168398184723271   16   13   16   10
 0.002178008934675465   16   13   16   11
 0.001978200346534061   16   13   16   12
 0.02878393784505807   16   13   16   13
 0.07426015790888708   16   14    1    1
 3.677296410742669e-06   16   14    2    1
 0.0242425416471125   16   14    2    2
 -0.0002231627862090561   16   14    3    1
 0.01338673683469673   16   14    3    2
 0.07304215896649839   16   14    3    3
 -2.871133880231968e-05   16   14    4    1
 -0.01172591558060986   16   14    4    2
 0.0004022482631940825   16   14    4    3
 -0.004820575535409645   16   14    4    4
 0.0003673176840527847   16   14    5    1
 0.03516135644905103   16   14    5    2
 -0.004169087147368205   16   14    5    3
 0.0006448267568659635   16   14    5    4
 0.01638548848767902   16   14    5    5
 0.0001972478011239789   16   14    6    1
 -0.006669250883159528   16   14    6    2
 0.006558954464168356   16   14    6    3
 -0.0263330774132331   16   14    6    4
 0.00642109878672821   16   14    6    5
 0.05484756889908843   16   14    6    6
 0.0001790615576946647   16   14    7    1
 -0.002134393759342516   16   14    7    2
 0.00314555012564918   16   14    7    3
 -0.002807131248920488   16   14    7    4
 0.00250080968119346   16   14    7    5
 0.01023338969435441   16   14    7    6
 0.01329783780035493   16   14    7    7
 0.0005805644306814707   16   14    8    1
 0.003102176915905751   16   14    8    2
 0.01096099697602473   16   14    8    3
 0.001159951262523695   16   14    8    4
 0.01247640597758493   16   14    8    5
 0.003867162286404112   16   14    8    6
 -0.00998752171495584   16   14    8    7
 0.04065906218601056   16   14    8    8
 -0.0009070021112070385   16   14    9    1
 0.006687027349591583   16   14    9    2
 -0.01577270841308654   16   14    9    3
 -0.006806044128605172   16   14    9    4
 -0.01315268461500313   16   14    9    5
 0.003793006626499109   16   14    9    6
 -0.01504865669356131   16   14    9    7
 -0.01163726656006702   16   14    9    8
 0.0509883194261997   16   14    9    9
 -0.0002199237650790487   16   14   10    1
 0.002486196140151282   16   14   10    2
 -0.001141940125661846   16   14   10    3
 0.003524294776511548   16   14   10    4
 -0.008313183711128963   16   14   10    5
 0.007509475160390401   16   14   10    6
 0.003419262401289986   16   14   10    7
 0.002015756223879804   16   14   10    8
 0.0006777635243882662   16   14   10    9
 0.05686110280924694   16   14   10   10
 -0.0002227393999299752   16   14   11    1
 0.0008297227283949143   16   14   11    2
 -0.002386491236279554   16   14   11    3
 0.001467435479187019   16   14   11    4
 0.002069343416382875   16   14   11    5
 -0.0001618619683640811   16   14   11    6
 0.01215728206813146   16   14   11    7
 -0.02840142067019931   16   14   11    8
 -0.00948933607390566   16   14   11    9
 0.001591616742701846   16   14   11   10
 0.02975399225234893   16   14   11   11
 -0.0002093238074140463   16   14   12    1
 0.003617662698997205   16   14   12    2
 0.001182799318468348   16   14   12    3
 -0.003846491754709084   16   14   12    4
 0.002958474300255901   16   14   12    5
 0.001993666404577615   16   14   12    6
 -0.01070749524275397   16   14   12    7
 0.02135013278573809   16   14   12    8
 0.007434822366110365   16   14   12    9
 -0.0009811834191281632   16   14   12   10
 0.01072113995989341   16   14   12   11
 0.06360596534351594   16   14   12   12
 0.0001894584900803486   16   14   13    1
 0.005842181607190675   16   14   13    2
 -0.0001735108015114184   16   14   13    3
 -0.006073864406827385   16   14   13    4
 -0.001018378412486293   16   14   13    5
 0.002984633002922031   16   14   13    6
 0.001294252613660707   16   14   13    7
 -0.001686496326960968   16   14   13    8
 0.0007512610483300263   16   14   13    9
 -0.0005705786666042713   16   14   13   10
 -0.002286209827328094   16   14   13   11
 2.814697423497117e-05   16   14   13   12
 0.01188498113212014   16   14   13   13
 6.211854251569249e-05   16   14   14    1
 -9.951935994161356e-05   16   14   14    2
 0.0003822529648735598   16   14   14    3
 -0.01120784820159343   16   14   14    4
 -0.006108998321892265   16   14   14    5
 0.01698921243940853   16   14   14    6
 0.001947220976470746   16   14   14    7
 -0.005477825406654526   16   14   14    8
 4.62310924304054e-05   16   14   14    9
 -0.008765176997857397   16   14   14   10
 0.0005860374447103844   16   14   14   11
 -0.01127489561104558   16   14   14   12
 0.009330708878870161   16   14   14   13
 0.01302124362554252   16   14   14   14
 -0.000458932394304286   16   14   15    1
 0.003718526724952347   16   14   15    2
 0.003736214348307937   16   14   15    3
 -0.005940559862443223   16   14   15    4
 0.01990686364227472   16   14   15    5
 0.01034934346043592   16   14   15    6
 0.0008761109205884334   16   14   15    7
 0.0008797788420716921   16   14   15    8
 0.008433561676197229   16   14   15    9
 -0.0008067399149867817   16   14   15   10
 -0.002392577780378415   16   14   15   11
 0.01005847500604697   16   14   15   12
 0.01425225241268985   16   14   15   13
 0.02445143291390316   16   14   15   14
 0.03513374157493787   16   14   15   15
 0.0002048908216243213   16   14   16    1
 -0.008919410560546836   16   14   16    2
 -0.001837159397700491   16   14   16    3
 -0.0001328612199327446   16   14   16    4
 -0.02381248633735964   16   14   16    5
 0.02887681611130124   16   14   16    6
 0.005630417416367767   16   14   16    7
 0.001756020122058245   16   14   16    8
 0.003855797121479449   16   14   16    9
 -0.009913417853189581   16   14   16   10
 0.00144669913872445   16   14   16   11
 0.00341182681007978   16   14   16   12
 0.007516921213917199   16   14   16   13
 0.03622156860243694   16   14   16   14
 -0.05329097981145779   16   15    1    1
 -2.804544195423356e-05   16   15    2    1
 -0.05621952188925605   16   15    2    2
 0.0005209277751497585   16   15    3    1
 -0.001530384352229857   16   15    3    2
 -0.03723081137439753   16   15    3    3
 -1.516766191853438e-05   16   15    4    1
 -0.003436365986479558   16   15    4    2
 -0.004487526526679588   16   15    4    3
 -0.02173255949066382   16   15    4    4
 -0.0006628269711516427   16   15    5    1
 -0.0277162679893044   16   15    5    2
 -0.001107977287057483   16   15    5    3
 -0.005059737117105175   16   15    5    4
 -0.04093192807523794   16   15    5    5
 4.685553471875277e-05   16   15    6    1
 0.02394384207936286   16   15    6    2
 0.01228126936892104   16   15    6    3
 -0.008614997081020001   16   15    6    4
 0.02164956847472299   16   15    6    5
 -0.0002387370486930057   16   15    6    6
 -0.0002729083819531657   16   15    7    1
 0.004242254484414609   16   15    7    2
 -0.0004044665661334356   16   15    7    3
 -0.003025409399950974   16   15    7    4
 -0.0008690119357086773   16   15    7    5
 -0.008624918091968947   16   15    7    6
 0.01124097180492622   16   15    7    7
 -0.0005644599797439413   16   15    8    1
 0.005816274498793845   16   15    8    2
 -0.00130143418405851   16   15    8    3
 -0.001407337242350691   16   15    8    4
 0.0007885829588950799   16   15    8    5
 -0.0005242837153702412   16   15    8    6
 0.0085701024084635   16   15    8    7
 -0.04538476762827873   16   15    8    8
 0.001427252808371316   16   15    9    1
 -0.002501079963975736   16   15    9    2
 0.01000685317642828   16   15    9    3
 -0.003037267753311729   16   15    9    4
 0.004930734464232407   16   15    9    5
 0.01026030049684415   16   15    9    6
 0.01391222218346968   16   15    9    7
 -0.004404172938311747   16   15    9    8
 -0.02998384527318134   16   15    9    9
 0.001468423342024223   16   15   10    1
 -0.01218589181759862   16   15   10    2
 0.008425329601224343   16   15   10    3
 0.004485454668405376   16   15   10    4
 -0.01078452836820716   16   15   10    5
 -0.01229360524695241   16   15   10    6
 -0.001441351528626247   16   15   10    7
 0.002556514668367305   16   15   10    8
 -0.009745220171227028   16   15   10    9
 -0.02679460049028075   16   15   10   10
 -0.0001672811077474972   16   15   11    1
 0.000316447055138077   16   15   11    2
 -0.001945691015644408   16   15   11    3
 0.0002535492618742078   16   15   11    4
 0.0001852659674670093   16   15   11    5
 0.003568341258203382   16   15   11    6
 -0.009875657229435871   16   15   11    7
 -0.009664007407371901   16   15   11    8
 -0.005571404897655926   16   15   11    9
 -0.000223586666146769   16   15   11   10
 -0.04066952145619087   16   15   11   11
 -0.0002278166498458369   16   15   12    1
 0.0007200270963505348   16   15   12    2
 0.001589575035951241   16   15   12    3
 0.0003193064696995812   16   15   12    4
 0.004383230947946268   16   15   12    5
 -0.0004871020106769435   16   15   12    6
 0.0063426295138884   16   15   12    7
 0.000596653967687172   16   15   12    8
 0.0005858767383432198   16   15   12    9
 0.001151987224357592   16   15   12   10
 0.001632189484971522   16   15   12   11
 -0.03840924341740342   16   15   12   12
 -0.0002201092364275244   16   15   13    1
 -0.003601204947573901   16   15   13    2
 0.0005615339084248308   16   15   13    3
 0.01269472560497854   16   15   13    4
 0.002551215521895201   16   15   13    5
 -0.01221778424333753   16   15   13    6
 0.0006218221575190981   16   15   13    7
 0.002681560338903896   16   15   13    8
 -0.003965406433505262   16   15   13    9
 0.009835027596693096   16   15   13   10
 -0.0007771740251753092   16   15   13   11
 0.001765502580000866   16   15   13   12
 -0.004401377057206918   16   15   13   13
 -0.0002807591697499748   16   15   14    1
 -0.008258576666311353   16   15   14    2
 0.007346837376996572   16   15   14    3
 0.00519543604453951   16   15   14    4
 0.0116115664685513   16   15   14    5
 -0.004645682387310358   16   15   14    6
 -0.00238672154860238   16   15   14    7
 0.003689082477967316   16   15   14    8
 -0.006060695508969233   16   15   14    9
 0.008825377690674327   16   15   14   10
 -0.003370368274578193   16   15   14   11
 0.01041395467603315   16   15   14   12
 -0.002879771997001052   16   15   14   13
 0.002264219591445899   16   15   14   14
 0.0004037421542814296   16   15   15    1
 0.01212118410178322   16   15   15    2
 0.0004341156289222428   16   15   15    3
 -5.587055288542752e-05   16   15   15    4
 -0.0146807836103489   16   15   15    5
 -0.01006669364646651   16   15   15    6
 0.0006414762603426455   16   15   15    7
 0.006126944086067988   16   15   15    8
 -0.009737430702942456   16   15   15    9
 0.0100472749799806   16   15   15   10
 -0.001176429275053936   16   15   15   11
 0.004325739237312332   16   15   15   12
 0.008323529636161647   16   15   15   13
 0.01613602815185434   16   15   15   14
 -0.01308971172883414   16   15   15   15
 -0.000577197313389028   16   15   16    1
 0.00273503696797911   16   15   16    2
 0.009419003540597267   16   15   16    3
 -0.007154004534276873   16   15   16    4
 0.004318698258795663   16   15   16    5
 0.001822714526090933   16   15   16    6
 0.006501432358472788   16   15   16    7
 0.00612738918053228   16   15   16    8
 -0.009988350846360452   16   15   16    9
 -0.001093418774604755   16   15   16   10
 0.001068405322221835   16   15   16   11
 -0.001901349882721521   16   15   16   12
 0.01473268123925447   16   15   16   13
 -0.008438147426230211   16   15   16   14
 0.03765422122317694   16   15   16   15
 0.371420810220946   16   16    1    1
 0.0001435645219219265   16   16    2    1
 0.5062462497620478   16   16    2    2
 1.631469189260241e-05   16   16    3    1
 0.006049578372014366   16   16    3    2
 0.4025142838131899   16   16    3    3
 -6.585531197429347e-05   16   16    4    1
 0.01167663346225407   16   16    4    2
 0.001012353018014889   16   16    4    3
 0.4166354944550639   16   16    4    4
 0.001421337436750229   16   16    5    1
 0.08494594167893003   16   16    5    2
 0.03475107566783054   16   16    5    3
 0.01289980101163939   16   16    5    4
 0.464168752247925   16   16    5    5
 0.0005935944799804927   16   16    6    1
 -0.04029055009364673   16   16    6    2
 0.007716220391027686   16   16    6    3
 -0.01277449076241781   16   16    6    4
 -0.0529819422436744   16   16    6    5
 0.4185916545186688   16   16    6    6
 0.0009394167851460357   16   16    7    1
 -0.01241902426072781   16   16    7    2
 0.01652676432677974   16   16    7    3
 0.003602994407357807   16   16    7    4
 -0.002666440999676112   16   16    7    5
 0.02915872602222134   16   16    7    6
 0.2747177553477594   16   16    7    7
 0.001917712482631838   16   16    8    1
 -0.0133505002497857   16   16    8    2
 0.03026415762807999   16   16    8    3
 0.002333663627895558   16   16    8    4
 -0.01707253139863708   16   16    8    5
 -0.001343603008430757   16   16    8    6
 -0.02990722565666818   16   16    8    7
 0.4518286272016359   16   16    8    8
 -0.004074895806191008   16   16    9    1
 0.01520748000843341   16   16    9    2
 -0.06075555937248476   16   16    9    3
 -0.004775596098191663   16   16    9    4
 0.02333042002050668   16   16    9    5
 0.007717239857841215   16   16    9    6
 -0.03454625950316322   16   16    9    7
 0.0288229465455177   16   16    9    8
 0.3881523615214031   16   16    9    9
 -0.001513427725322686   16   16   10    1
 0.02644067400860282   16   16   10    2
 -0.008927930790479896   16   16   10    3
 0.01084750439114143   16   16   10    4
 0.02931732145476164   16   16   10    5
 -0.02220666462402117   16   16   10    6
 0.0001698130015151757   16   16   10    7
 -0.003781519261741779   16   16   10    8
 0.005116356648844584   16   16   10    9
 0.355924456529136   16   16   10   10
 0.0001189973327785884   16   16   11    1
 1.779853296479037e-05   16   16   11    2
 0.001085094114867295   16   16   11    3
 -0.0004766621314757672   16   16   11    4
 -0.003489273252454849   16   16   11    5
 -0.01285229866793605   16   16   11    6
 0.03167149661503264   16   16   11    7
 0.04506716820119384   16   16   11    8
 0.02628929778016659   16   16   11    9
 -0.002902410700018464   16   16   11   10
 0.4067953536444677   16   16   11   11
 0.0002110738791256232   16   16   12    1
 0.0006660653614487962   16   16   12    2
 -0.001722564552836285   16   16   12    3
 -0.006517130873692842   16   16   12    4
 -0.009257434040811786   16   16   12    5
 0.01492898086741865   16   16   12    6
 -0.04817610521457957   16   16   12    7
 0.03807019386267132   16   16   12    8
 0.01159933240289221   16   16   12    9
 -0.003666643805122192   16   16   12   10
 -0.05589556953176512   16   16   12   11
 0.4447684077299086   16   16   12   12
 0.000869142126941127   16   16   13    1
 0.006767046539819533   16   16   13    2
 -0.005730749844993274   16   16   13    3
 -0.07525496490506338   16   16   13    4
 -0.03095624720290729   16   16   13    5
 0.01879298691196716   16   16   13    6
 0.002333662499645743   16   16   13    7
 -0.007110799838326414   16   16   13    8
 0.005391406533327986   16   16   13    9
 -0.01636079472096839   16   16   13   10
 0.0007082188506016243   16   16   13   11
 0.004560693589509482   16   16   13   12
 0.3317219736378837   16   16   13   13
 0.000264524425789556   16   16   14    1
 0.02350130813836866   16   16   14    2
 -0.01066323245750181   16   16   14    3
 -0.01297346802044392   16   16   14    4
 -0.03737624876565385   16   16   14    5
 0.05845451254065622   16   16   14    6
 0.003739455740978482   16   16   14    7
 -0.008836565249246583   16   16   14    8
 0.01316516014333101   16   16   14    9
 -0.01601860986272615   16   16   14   10
 0.02302803193492446   16   16   14   11
 -0.02849032367406184   16   16   14   12
 0.05516685566723353   16   16   14   13
 0.3502086781577746   16   16   14   14
 -0.002243301324628499   16   16   15    1
 -0.02287279029362366   16   16   15    2
 0.02099076031665017   16   16   15    3
 -0.001207266207280986   16   16   15    4
 0.06136355957532567   16   16   15    5
 0.04439575152575941   16   16   15    6
 0.01931681224424461   16   16   15    7
 0.002360947745054019   16   16   15    8
 0.009102645672433811   16   16   15    9
 -0.0154203606866976   16   16   15   10
 -0.004239167469259861   16   16   15   11
 0.005199364655037519   16   16   15   12
 0.01316651074286291   16   16   15   13
 0.003995313733092796   16   16   15   14
 0.4207275209568455   16   16   15   15
 0.001280950054767022   16   16   16    1
 -0.007841157261965836   16   16   16    2
 -0.01355313606888926   16   16   16    3
 0.01912437764677648   16   16   16    4
 0.000836933604034525   16   16   16    5
 0.02997828043825336   16   16   16    6
 0.004847684751805057   16   16   16    7
 -0.01326609857146821   16   16   16    8
 0.04270376989920427   16   16   16    9
 0.02587655295447861   16   16   16   10
 -0.01428706007366318   16   16   16   11
 0.01335066866449804   16   16   16   12
 -0.0443373417226724   16   16   16   13
 0.05681986708693169   16   16   16   14
 -0.05564704843181947   16   16   16   15
 0.5711410468695863   16   16   16   16
 0.1804113593718145   17    1    1    1
 -0.002210064456432106   17    1    2    1
 -0.003093764160145446   17    1    2    2
 -0.02720145812051247   17    1    3    1
 -0.001380342475130585   17    1    3    2
 -0.004951518984322202   17    1    3    3
 -0.0001899234497831413   17    1    4    1
 0.0002218324476231146   17    1    4    2
 0.000711319408777818   17    1    4    3
 -0.00174976075428375   17    1    4    4
 0.006512976094352257   17    1    5    1
 -0.0009051323239047668   17    1    5    2
 -0.005163252508682493   17    1    5    3
 -0.0003938565821852135   17    1    5    4
 0.001089179941493888   17    1    5    5
 0.00194279907629339   17    1    6    1
 9.612376587611269e-05   17    1    6    2
 -0.004817639785270289   17    1    6    3
 0.0004103473257062284   17    1    6    4
 0.0027441671780761   17    1    6    5
 -0.001324466697870328   17    1    6    6
 0.0001437809808935821   17    1    7    1
 -0.0001038497589108678   17    1    7    2
 -0.004103325976315485   17    1    7    3
 -0.0001156224406041242   17    1    7    4
 0.002019793032222729   17    1    7    5
 0.001031480709748404   17    1    7    6
 -0.0004947428139242598   17    1    7    7
 -0.0004995018520963267   17    1    8    1
 -0.0002598678825588105   17    1    8    2
 -0.007846267050733767   17    1    8    3
 -0.0004217682648827119   17    1    8    4
 0.003832158471919122   17    1    8    5
 0.002389835205572525   17    1    8    6
 0.00210323287551234   17    1    8    7
 0.0006042910221386405   17    1    8    8
 0.002457322834670476   17    1    9    1
 0.0005180420567106034   17    1    9    2
 0.01478168074946083   17    1    9    3
 0.0009216954444945066   17    1    9    4
 -0.007082263433676352   17    1    9    5
 -0.004576467606087657   17    1    9    6
 -0.002826817895104074   17    1    9    7
 -0.005777750872920578   17    1    9    8
 0.008050466030195626   17    1    9    9
 -0.001200720034902148   17    1   10    1
 -0.0001035128618998798   17    1   10    2
 -0.001590135211369326   17    1   10    3
 -0.0004127783830639823   17    1   10    4
 0.0003600612344830922   17    1   10    5
 0.00186820410245167   17    1   10    6
 0.0005629814787206949   17    1   10    7
 0.0002887210019964968   17    1   10    8
 5.158843920998286e-05   17    1   10    9
 0.003535208346306088   17    1   10   10
 0.0002535035169345234   17    1   11    1
 -3.871333196054009e-06   17    1   11    2
 0.0002104851268546562   17    1   11    3
 -1.019749362739927e-06   17    1   11    4
 -6.705946543879515e-05   17    1   11    5
 1.481026494693191e-05   17    1   11    6
 6.455153605861034e-05   17    1   11    7
 -0.0006264512176297263   17    1   11    8
 -0.0002714572404325024   17    1   11    9
 7.989522311048683e-05   17    1   11   10
 0.0004568038684695993   17    1   11   11
 0.0001479886812639265   17    1   12    1
 -1.218292685520281e-06   17    1   12    2
 0.0001273992602783826   17    1   12    3
 9.635382172324339e-05   17    1   12    4
 3.850699738625229e-05   17    1   12    5
 -0.0001848543785323296   17    1   12    6
 0.001499703647534529   17    1   12    7
 -0.0027792866697507   17    1   12    8
 -0.001144927182044188   17    1   12    9
 -0.0001204100406025449   17    1   12   10
 0.003795740763308775   17    1   12   11
 -0.0004523841165921522   17    1   12   12
 -0.004136371884924568   17    1   13    1
 -0.0002360173056243094   17    1   13    2
 -0.001845812766848072   17    1   13    3
 0.0004854745361210336   17    1   13    4
 0.0009201605208603415   17    1   13    5
 0.0001638197767453883   17    1   13    6
 0.0002032858936257558   17    1   13    7
 0.0007850504697561044   17    1   13    8
 -0.001047418913890895   17    1   13    9
 -0.0002215388291938412   17    1   13   10
 -0.000192502955588348   17    1   13   11
 -0.0001315010245754682   17    1   13   12
 -0.00163029298288406   17    1   13   13
 0.0004086368347318275   17    1   14    1
 -1.334043006197501e-05   17    1   14    2
 0.0003221846336918315   17    1   14    3
 0.0004286249402707306   17    1   14    4
 0.0001739967822849146   17    1   14    5
 -0.001485006815569048   17    1   14    6
 -0.0004610495037115683   17    1   14    7
 0.0004594034155696275   17    1   14    8
 -6.092835587957114e-05   17    1   14    9
 -0.001308214188692707   17    1   14   10
 -0.0006868926131473561   17    1   14   11
 1.194607457476036e-05   17    1   14   12
 -0.0005502667002970472   17    1   14   13
 -0.001870883438061387   17    1   14   14
 0.01339401144265066   17    1   15    1
 7.995658836204605e-05   17    1   15    2
 0.005410880639281904   17    1   15    3
 0.000449412769496824   17    1   15    4
 -0.00294666195702339   17    1   15    5
 -0.001862876512903431   17    1   15    6
 -0.0008924873467726278   17    1   15    7
 -0.001211462312243862   17    1   15    8
 0.001760311214349216   17    1   15    9
 -0.0001299383212085504   17    1   15   10
 -3.543850402952348e-06   17    1   15   11
 -0.0001936504666155883   17    1   15   12
 -0.0001797005997520444   17    1   15   13
 -0.0005921281616600608   17    1   15   14
 -0.00397214161671109   17    1   15   15
 -0.004724505493547554   17    1   16    1
 0.0003514593072087268   17    1   16    2
 -0.001577213822345424   17    1   16    3
 0.000203302853441732   17    1   16    4
 0.001479312272053828   17    1   16    5
 -0.001578981118689246   17    1   16    6
 -0.0001043249146879962   17    1   16    7
 0.0001269732644781371   17    1   16    8
 -0.001140415006580352   17    1   16    9
 -0.002090937407767363   17    1   16   10
 0.0003288319749163136   17    1   16   11
 -3.889046977292972e-05   17    1   16   12
 -6.850263907344784e-05   17    1   16   13
 -0.0007693902631438009   17    1   16   14
 0.0007347060609958677   17    1   16   15
 -0.003969635095850002   17    1   16   16
 0.02511876296663536   17    1   17    1
 -0.02160246619910279   17    2    1    1
 -2.955210538497651e-05   17    2    2    1
 0.01644931512868459   17    2    2    2
 0.0005559586599082003   17    2    3    1
 -0.001744829605273381   17    2    3    2
 -0.001513541484249521   17    2    3    3
 6.102622091118675e-05   17    2    4    1
 0.008439644301048141   17    2    4    2
 -0.0002726641759069884   17    2    4    3
 0.009309532575000759   17    2    4    4
 -0.0003686504211669865   17    2    5    1
 -0.01251937338152478   17    2    5    2
 0.006819544882096243   17    2    5    3
 0.00625792067104689   17    2    5    4
 0.009119349191255632   17    2    5    5
 -0.0002733491358001982   17    2    6    1
 -0.006380885472331055   17    2    6    2
 -6.319394369372274e-05   17    2    6    3
 0.007586278892829068   17    2    6    4
 -0.008431447861837353   17    2    6    5
 -0.003286949496261263   17    2    6    6
 -0.0001881839070106496   17    2    7    1
 -0.001104604843120487   17    2    7    2
 0.001253850357214229   17    2    7    3
 0.0009890999667747115   17    2    7    4
 0.0003433937409659924   17    2    7    5
 0.000323232114533704   17    2    7    6
 -0.001326323614610266   17    2    7    7
 -0.0003328443361861587   17    2    8    1
 0.002917921944116452   17    2    8    2
 0.001844733771450252   17    2    8    3
 -0.001519132923253863   17    2    8    4
 -0.0003552378065216401   17    2    8    5
 -0.0007291921564776691   17    2    8    6
 0.001628004979802155   17    2    8    7
 0.01091966847463582   17    2    8    8
 0.0005954705772737279   17    2    9    1
 -0.009785164925488206   17    2    9    2
 -0.0030492329943   17    2    9    3
 0.00611723166241457   17    2    9    4
 -0.001256610716693181   17    2    9    5
 -0.005180480420593709   17    2    9    6
 0.001351290939585394   17    2    9    7
 0.007779769362528051   17    2    9    8
 -0.002279357274668827   17    2    9    9
 -0.0001181887190241006   17    2   10    1
 0.005759460998988776   17    2   10    2
 -0.001185312564437716   17    2   10    3
 -0.002103478027756209   17    2   10    4
 0.005598701542510936   17    2   10    5
 -0.001308717650587711   17    2   10    6
 -0.0009843649131453115   17    2   10    7
 -0.001435316420331795   17    2   10    8
 0.00220571049724316   17    2   10    9
 -0.006320360862119977   17    2   10   10
 2.33543634714614e-06   17    2   11    1
 0.0001197286342155485   17    2   11    2
 6.822807710200543e-05   17    2   11    3
 -6.802962872834473e-05   17    2   11    4
 -0.0004979060433432206   17    2   11    5
 -0.002126528366767549   17    2   11    6
 -0.001032723035328705   17    2   11    7
 0.01818899943536307   17    2   11    8
 0.008485049788350945   17    2   11    9
 -0.0002688786423776396   17    2   11   10
 0.01350742331564615   17    2   11   11
 -3.725907842069965e-06   17    2   12    1
 -0.000265825602619838   17    2   12    2
 -0.0004288180181807631   17    2   12    3
 0.000723022338250978   17    2   12    4
 -0.002705381812835561   17    2   12    5
 0.0007699352793337052   17    2   12    6
 0.001416562409513761   17    2   12    7
 -0.009227542407362474   17    2   12    8
 -0.005643465050091037   17    2   12    9
 0.0002178859225831366   17    2   12   10
 -0.01080938227948087   17    2   12   11
 -0.005996525958268198   17    2   12   12
 -8.032007265580199e-05   17    2   13    1
 -0.005510592469975728   17    2   13    2
 -0.001641625328312056   17    2   13    3
 -9.959774674750121e-05   17    2   13    4
 -0.01195103570957207   17    2   13    5
 -0.002200528887049345   17    2   13    6
 4.676331837159411e-05   17    2   13    7
 0.002073232667848215   17    2   13    8
 -0.00554754868470669   17    2   13    9
 0.0004811754231721057   17    2   13   10
 0.0005432785092522681   17    2   13   11
 -0.0002225552254198903   17    2   13   12
 -0.0003133031368049264   17    2   13   13
 1.620272246553504e-05   17    2   14    1
 0.007949771170519631   17    2   14    2
 -0.003120759810598187   17    2   14    3
 0.002499284026498628   17    2   14    4
 -0.009907016903728501   17    2   14    5
 -0.001686559823495967   17    2   14    6
 -0.001160244790127032   17    2   14    7
 0.003422154411337745   17    2   14    8
 -0.00170630180812518   17    2   14    9
 0.002761475836376758   17    2   14   10
 0.00322920210767359   17    2   14   11
 0.0003819468063347061   17    2   14   12
 -0.001268920722780244   17    2   14   13
 0.00430702041309771   17    2   14   14
 0.0001306434056696775   17    2   15    1
 -0.02226558166201645   17    2   15    2
 0.006560573178644794   17    2   15    3
 0.007052422512651356   17    2   15    4
 -0.0009821964072092501   17    2   15    5
 0.0007811762622187972   17    2   15    6
 0.002916463201509828   17    2   15    7
 0.002835165652145746   17    2   15    8
 -0.007109026661831577   17    2   15    9
 -0.001183737958311214   17    2   15   10
 -0.0002947655578615977   17    2   15   11
 -0.002583055237401904   17    2   15   12
 -0.01107162762147181   17    2   15   13
 -0.01361184670052377   17    2   15   14
 0.004971196556598991   17    2   15   15
 4.184849978051393e-06   17    2   16    1
 0.01129047178703789   17    2   16    2
 -0.003312000264215891   17    2   16    3
 -0.002271105823678986   17    2   16    4
 0.01353905937508401   17    2   16    5
 -0.006787134761653499   17    2   16    6
 -0.002348741471446162   17    2   16    7
 -0.00525898827502888   17    2   16    8
 0.008307344714775081   17    2   16    9
 0.007232882044598092   17    2   16   10
 -0.001172152880591602   17    2   16   11
 -0.0004983127739320586   17    2   16   12
 0.0001852816195064934   17    2   16   13
 -0.0001401131349001417   17    2   16   14
 -0.003197556824125298   17    2   16   15
 0.01165030788304483   17    2   16   16
 0.000252240045660097   17    2   17    1
 0.0266404066767549   17    2   17    2
 -0.2348455549324239   17    3    1    1
 -0.0003393208621142182   17    3    2    1
 0.01847461140345976   17    3    2    2
 0.004226587413928944   17    3    3    1
 -0.007020701628007685   17    3    3    2
 -0.08856270703770197   17    3    3    3
 0.0006043801891141711   17    3    4    1
 -0.00468480428855355   17    3    4    2
 -0.002145488546312714   17    3    4    3
 0.006771696898025759   17    3    4    4
 -0.004956786146751618   17    3    5    1
 0.009704208809894593   17    3    5    2
 0.02513674560123341   17    3    5    3
 -0.00249719720385856   17    3    5    4
 0.005159588438533533   17    3    5    5
 -0.003851345896858744   17    3    6    1
 0.0009274655777529481   17    3    6    2
 0.0111985837065774   17    3    6    3
 -0.0047986827684677   17    3    6    4
 -2.029153935222773e-05   17    3    6    5
 0.008847535872214391   17    3    6    6
 -0.003172357637131941   17    3    7    1
 -0.0002931067844247885   17    3    7    2
 0.002073898395942385   17    3    7    3
 -0.0003925583089983882   17    3    7    4
 -0.002714718878576508   17    3    7    5
 -0.002690075961006087   17    3    7    6
 0.003196847910966548   17    3    7    7
 -0.005966297398968414   17    3    8    1
 -0.001669342233927501   17    3    8    2
 0.001176691428940682   17    3    8    3
 0.001138786580243108   17    3    8    4
 -0.005820202130069288   17    3    8    5
 -0.003781083191321369   17    3    8    6
 -0.000680318930992224   17    3    8    7
 -0.008565577478026947   17    3    8    8
 0.01117820605007099   17    3    9    1
 0.005199901964044033   17    3    9    2
 0.004469479186198953   17    3    9    3
 -0.003651452986528903   17    3    9    4
 0.0128906135886114   17    3    9    5
 0.0071478182856555   17    3    9    6
 0.008154960774634944   17    3    9    7
 0.01098425264712584   17    3    9    8
 -0.02402407318632607   17    3    9    9
 -0.001054237944641304   17    3   10    1
 0.0002102341531312629   17    3   10    2
 -0.002698325749030077   17    3   10    3
 0.009316319037865643   17    3   10    4
 0.008524791087146086   17    3   10    5
 -0.03922409929151089   17    3   10    6
 -0.008481902549622436   17    3   10    7
 0.001865554137776063   17    3   10    8
 -0.01549695478005733   17    3   10    9
 -0.09142272409402971   17    3   10   10
 9.900594343380974e-05   17    3   11    1
 -8.713899860563013e-06   17    3   11    2
 0.0003211740349953118   17    3   11    3
 5.785104960135801e-05   17    3   11    4
 -0.0004625657114557281   17    3   11    5
 0.000144478485440417   17    3   11    6
 -0.01223586384384547   17    3   11    7
 0.02448847039277041   17    3   11    8
 0.00974740244488833   17    3   11    9
 -0.001156492376754209   17    3   11   10
 -0.0498464391552862   17    3   11   11
 3.989587681851477e-05   17    3   12    1
 0.0001122720283369989   17    3   12    2
 0.0006763493688133097   17    3   12    3
 -0.001019898688735069   17    3   12    4
 -0.0002231830869135227   17    3   12    5
 0.0018631136881399   17    3   12    6
 -0.01981343750884759   17    3   12    7
 0.04029426329395375   17    3   12    8
 0.01684798656491683   17    3   12    9
 0.001909611758968522   17    3   12   10
 -0.05467590716484827   17    3   12   11
 -0.01519975355352314   17    3   12   12
 -0.001650081152393976   17    3   13    1
 0.0009270137251682985   17    3   13    2
 -0.01152199055427618   17    3   13    3
 -0.003984237648917905   17    3   13    4
 0.003119859023998415   17    3   13    5
 0.002304403720578726   17    3   13    6
 -0.0003420339657476658   17    3   13    7
 -0.006233995718523477   17    3   13    8
 0.00857712884251674   17    3   13    9
 0.001771834804236044   17    3   13   10
 0.00282795690377128   17    3   13   11
 0.002012508522308824   17    3   13   12
 0.007599472043156706   17    3   13   13
 0.0002639206571242284   17    3   14    1
 -0.001336067346104338   17    3   14    2
 0.00322151050066637   17    3   14    3
 -0.004191492289334282   17    3   14    4
 -8.070750377126563e-05   17    3   14    5
 0.01446855801100735   17    3   14    6
 0.005256929987377188   17    3   14    7
 -0.006291111832234062   17    3   14    8
 0.001406378878905764   17    3   14    9
 0.01552556432925637   17    3   14   10
 0.00743664133193079   17    3   14   11
 0.001643190070145382   17    3   14   12
 0.005158051914708762   17    3   14   13
 0.01180423510100872   17    3   14   14
 0.004676364125344252   17    3   15    1
 0.01100729961347163   17    3   15    2
 0.04252878372349942   17    3   15    3
 -0.004744828898481135   17    3   15    4
 0.003650195437686642   17    3   15    5
 0.009836663607964112   17    3   15    6
 0.005922108130766125   17    3   15    7
 0.01008122283527703   17    3   15    8
 -0.01815588248375377   17    3   15    9
 0.004592808260428044   17    3   15   10
 -0.0006220381202118708   17    3   15   11
 0.001868112427447839   17    3   15   12
 0.01319089027870679   17    3   15   13
 0.007356790186561278   17    3   15   14
 -0.000972337950862581   17    3   15   15
 -0.001406459712650851   17    3   16    1
 -0.00683544564659858   17    3   16    2
 -0.01349727151001563   17    3   16    3
 -0.002447122925048642   17    3   16    4
 -0.009520518391574329   17    3   16    5
 0.01760688433605288   17    3   16    6
 0.001380449679220669   17    3   16    7
 -0.0003497822680544104   17    3   16    8
 0.01118257790373369   17    3   16    9
 0.01728306833784813   17    3   16   10
 -0.002819288148822299   17    3   16   11
 0.0001464811804136236   17    3   16   12
 -0.001989120388535039   17    3   16   13
 0.006752084960007294   17    3   16   14
 0.006576317064269869   17    3   16   15
 0.02277033402831634   17    3   16   16
 0.007696057390660327   17    3   17    1
 0.003888248834336163   17    3   17    2
 0.07545135467110045   17    3   17    3
 0.006359663229915854   17    4    1    1
 -1.085742444210192e-05   17    4    2    1
 -0.001347330036757721   17    4    2    2
 -0.0001282944221301291   17    4    3    1
 0.001201949611315309   17    4    3    2
 0.001822388976170672   17    4    3    3
 -3.845940362863712e-05   17    4    4    1
 -0.01045853518159463   17    4    4    2
 0.001640643090323647   17    4    4    3
 -0.0235517371066628   17    4    4    4
 -7.594287466053093e-05   17    4    5    1
 0.009493384765702356   17    4    5    2
 -0.002533913851191553   17    4    5    3
 -0.003622634922305414   17    4    5    4
 -0.004144421097506433   17    4    5    5
 9.67105507361419e-05   17    4    6    1
 -0.0007367672373942364   17    4    6    2
 -0.001275653054426319   17    4    6    3
 -0.009740845899404833   17    4    6    4
 0.003881284549950284   17    4    6    5
 -0.001398115426937929   17    4    6    6
 -2.808683016473221e-05   17    4    7    1
 -0.0005492506632734273   17    4    7    2
 -0.0005535361003967249   17    4    7    3
 -0.001271993040314977   17    4    7    4
 0.000175944759331621   17    4    7    5
 -0.0002035937765298855   17    4    7    6
 -0.001129331773416891   17    4    7    7
 -0.0001239073379505772   17    4    8    1
 -0.001956136058673144   17    4    8    2
 -0.0003515946568105455   17    4    8    3
 0.001155098761946445   17    4    8    4
 0.001412301250204715   17    4    8    5
 0.0001878036610454922   17    4    8    6
 -0.002380669036969285   17    4    8    7
 -0.004310271204185165   17    4    8    8
 0.0003052142185065147   17    4    9    1
 0.004440946088406372   17    4    9    2
 0.0004152857836070804   17    4    9    3
 -0.0061763433825423   17    4    9    4
 -0.00133105519997043   17    4    9    5
 0.00271059465623568   17    4    9    6
 -0.002809947781238338   17    4    9    7
 -0.005684983998676603   17    4    9    8
 0.003767354050238536   17    4    9    9
 0.0004293056794529912   17    4   10    1
 -0.001487770685268784   17    4   10    2
 0.0005802997271733048   17    4   10    3
 0.001323736119286528   17    4   10    4
 -0.003686127210991998   17    4   10    5
 0.001343105921652469   17    4   10    6
 0.0006705830519556314   17    4   10    7
 0.0009252582689774582   17    4   10    8
 -0.001237055007974527   17    4   10    9
 0.002018912515551163   17    4   10   10
 -2.629748404680859e-07   17    4   11    1
 -0.0003755492337826008   17    4   11    2
 5.366891477745995e-05   17    4   11    3
 -0.0001894707652203002   17    4   11    4
 0.0005122997051210861   17    4   11    5
 0.001163558426724736   17    4   11    6
 0.0008532855470091628   17    4   11    7
 -0.01192891506359366   17    4   11    8
 -0.005541556518494605   17    4   11    9
 0.0002090629208793154   17    4   11   10
 -0.009449158264821777   17    4   11   11
 -1.179630752452203e-05   17    4   12    1
 0.0007729168033218456   17    4   12    2
 1.536387404490317e-05   17    4   12    3
 -0.0005298701164954111   17    4   12    4
 0.001525178288749462   17    4   12    5
 -0.0004745311731534443   17    4   12    6
 -0.002267069214956714   17    4   12    7
 0.008941695103259543   17    4   12    8
 0.005134090142516128   17    4   12    9
 -0.0001494421051417752   17    4   12   10
 0.005707021113770072   17    4   12   11
 0.005734935783810813   17    4   12   12
 -4.992848184074789e-05   17    4   13    1
 0.006572079013169971   17    4   13    2
 -0.0004076252956043475   17    4   13    3
 0.006205972048248491   17    4   13    4
 0.008069780007836891   17    4   13    5
 0.005185798231420135   17    4   13    6
 0.000460415723949172   17    4   13    7
 -0.002219822522949833   17    4   13    8
 0.006065384986419125   17    4   13    9
 -0.0008975562562758376   17    4   13   10
 -0.0001620851221641458   17    4   13   11
 -0.0002352980383833826   17    4   13   12
 -0.002520551574275008   17    4   13   13
 -6.968041144331422e-05   17    4   14    1
 -0.002538744618085572   17    4   14    2
 -0.0003138341567035543   17    4   14    3
 -0.005463196197354032   17    4   14    4
 0.004281669302939518   17    4   14    5
 0.0008997796586659694   17    4   14    6
 0.0009580104191681614   17    4   14    7
 -0.003917793035798872   17    4   14    8
 0.002395569147365373   17    4   14    9
 -0.001612680745598651   17    4   14   10
 -0.00197266941729024   17    4   14   11
 -0.001176344391977993   17    4   14   12
 0.001173454320162992   17    4   14   13
 -0.004176646230112277   17    4   14   14
 0.0001655445696533315   17    4   15    1
 0.008241586371965735   17    4   15    2
 -0.0009093743700360761   17    4   15    3
 -0.00738685347380074   17    4   15    4
 0.003615332405217775   17    4   15    5
 3.254249748040218e-05   17    4   15    6
 -0.001521596119137516   17    4   15    7
 -0.001578502992302159   17    4   15    8
 0.004464055264316368   17    4   15    9
 -0.001569273511291329   17    4   15   10
 0.0003161476749394081   17    4   15   11
 0.001260595966352854   17    4   15   12
 0.006554341536493437   17    4   15   13
 0.004489219354480448   17    4   15   14
 -0.001977080778319402   17    4   15   15
 -0.000171622086008292   17    4   16    1
 -0.007533959682165371   17    4   16    2
 -0.002663646095917469   17    4   16    3
 -0.0006645451882380756   17    4   16    4
 -0.01411032033969082   17    4   16    5
 0.006302211481996536   17    4   16    6
 0.0002990226486046502   17    4   16    7
 0.00195474279285345   17    4   16    8
 -0.002546517357697652   17    4   16    9
 -0.00472565766010243   17    4   16   10
 0.0006526807200541675   17    4   16   11
 0.00119415069438757   17    4   16   12
 0.002625035403093077   17    4   16   13
 0.004484187701115775   17    4   16   14
 -0.003901043020002159   17    4   16   15
 -0.005620478148898602   17    4   16   16
 0.0002705464760605495   17    4   17    1
 -0.009895091046817605   17    4   17    2
 0.00115246770470006   17    4   17    3
 0.01177093045232945   17    4   17    4
 0.009881162932945593   17    5    1    1
 0.0001713395285118977   17    5    2    1
 -0.0238760234581288   17    5    2    2
 9.927219746712795e-06   17    5    3    1
 0.007506471990960732   17    5    3    2
 0.01703721644920695   17    5    3    3
 -0.0002124241350889133   17    5    4    1
 0.007160884881336864   17    5    4    2
 -0.001259372472321046   17    5    4    3
 -0.007644604936265829   17    5    4    4
 0.001168306862079483   17    5    5    1
 -0.005765541632522731   17    5    5    2
 0.003976683005761786   17    5    5    3
 0.00446190050947726   17    5    5    4
 -0.01223503096769085   17    5    5    5
 0.001381783658661224   17    5    6    1
 0.000270089294629242   17    5    6    2
 0.003866702293161993   17    5    6    3
 0.002037052470188318   17    5    6    4
 -0.00430293845489253   17    5    6    5
 -0.007630171546900181   17    5    6    6
 0.001048838224598795   17    5    7    1
 0.002850218228788253   17    5    7    2
 0.00410895760464159   17    5    7    3
 -0.0001324102303781247   17    5    7    4
 -0.0004465352883613532   17    5    7    5
 -0.0007053245520903715   17    5    7    6
 -0.004643132770306507   17    5    7    7
 0.001939808289608843   17    5    8    1
 0.004770308535981124   17    5    8    2
 0.008250690525046889   17    5    8    3
 -0.001098623752607897   17    5    8    4
 0.0005164075186846166   17    5    8    5
 -0.0003906772171553496   17    5    8    6
 -0.001968845816068637   17    5    8    7
 -0.008599164162894921   17    5    8    8
 -0.003560899122893142   17    5    9    1
 -0.00974524476038495   17    5    9    2
 -0.0161771771928724   17    5    9    3
 0.003746938226464885   17    5    9    4
 -0.002937276781858188   17    5    9    5
 0.001010554922577233   17    5    9    6
 0.001382757141498285   17    5    9    7
 0.002318617343823258   17    5    9    8
 -0.01264073260704782   17    5    9    9
 0.001210171885511319   17    5   10    1
 -0.0007901293530282446   17    5   10    2
 0.004174781466284267   17    5   10    3
 -0.002854061382912256   17    5   10    4
 -0.001443250909316515   17    5   10    5
 0.006887762352547809   17    5   10    6
 0.0009947411492480555   17    5   10    7
 -0.0008785774706866592   17    5   10    8
 0.003850458914223309   17    5   10    9
 0.002157907667483055   17    5   10   10
 -9.056573371321178e-05   17    5   11    1
 0.0005040946376123114   17    5   11    2
 -0.0003165085945430269   17    5   11    3
 4.945931119956977e-06   17    5   11    4
 0.0004677802051942081   17    5   11    5
 0.0006273315184607134   17    5   11    6
 0.001926278915513547   17    5   11    7
 -0.008929188448149652   17    5   11    8
 -0.003991463913811358   17    5   11    9
 0.0001762415949807293   17    5   11   10
 -0.002931859737307745   17    5   11   11
 -9.315281782648431e-05   17    5   12    1
 -0.002599577758582342   17    5   12    2
 -9.319217606353431e-05   17    5   12    3
 0.0008908478175263262   17    5   12    4
 -0.0001425785245558317   17    5   12    5
 -0.0006290367272993316   17    5   12    6
 0.001847725749790206   17    5   12    7
 -0.0003915664448277219   17    5   12    8
 -0.0003730632117099082   17    5   12    9
 2.034575663948888e-05   17    5   12   10
 0.00477119380125555   17    5   12   11
 -0.004733770879420846   17    5   12   12
 0.0006763671795584049   17    5   13    1
 -0.01055741957900418   17    5   13    2
 0.003288348180494567   17    5   13    3
 0.007345245010082695   17    5   13    4
 -0.003668980296457755   17    5   13    5
 -0.0008168945880925976   17    5   13    6
 0.0009405798133979218   17    5   13    7
 0.0005117520436185853   17    5   13    8
 -0.001597834125304755   17    5   13    9
 0.001093164039391322   17    5   13   10
 -0.0001256815722614427   17    5   13   11
 -0.001284999535142702   17    5   13   12
 -0.00853320595116636   17    5   13   13
 -0.0002570388347286516   17    5   14    1
 -0.01000964650891619   17    5   14    2
 0.0003616875127132992   17    5   14    3
 0.0005158297376425721   17    5   14    4
 0.002424912163121635   17    5   14    5
 0.001032813346363977   17    5   14    6
 0.0009983927504822172   17    5   14    7
 -0.0008464594543950662   17    5   14    8
 0.0004325813861199133   17    5   14    9
 -0.0004881915418323119   17    5   14   10
 -0.001157968085418009   17    5   14   11
 -7.865048492405141e-06   17    5   14   12
 -0.003142671589966008   17    5   14   13
 -0.004596877078857669   17    5   14   14
 -0.002148912553200153   17    5   15    1
 0.00586976585280732   17    5   15    2
 -0.007463986794829254   17    5   15    3
 0.0002929941901533493   17    5   15    4
 -0.005287463920780531   17    5   15    5
 -0.0006157330410354359   17    5   15    6
 0.0006614208389539265   17    5   15    7
 0.003626355333946997   17    5   15    8
 -0.008728608757227608   17    5   15    9
 -0.0002022939422073363   17    5   15   10
 0.0007225099001066612   17    5   15   11
 -0.001735417368467843   17    5   15   12
 -0.00588465563633713   17    5   15   13
 -0.004084846747749299   17    5   15   14
 -0.01056374829070134   17    5   15   15
 0.000478092739178559   17    5   16    1
 0.0008959591293599416   17    5   16    2
 -0.001153460686597253   17    5   16    3
 -0.00431193125587472   17    5   16    4
 -0.003042959707136382   17    5   16    5
 0.004134644641801063   17    5   16    6
 -0.0007882251046124535   17    5   16    7
 -0.00151299770314105   17    5   16    8
 0.005069030763197446   17    5   16    9
 -0.00175857581658091   17    5   16   10
 0.0003895796165561989   17    5   16   11
 0.0007480157934695249   17    5   16   12
 0.005073628082586273   17    5   16   13
 0.001853514420490959   17    5   16   14
 0.003244932390198736   17    5   16   15
 -0.00627699660390562   17    5   16   16
 -0.003577245833445948   17    5   17    1
 0.007223513741677674   17    5   17    2
 -0.006542193791808462   17    5   17    3
 -0.004532164837718585   17    5   17    4
 0.01944546863784167   17    5   17    5
 -0.0207070408535   17    6    1    1
 0.0001467073740126908   17    6    2    1
 -0.01425517675998718   17    6    2    2
 0.0006639512579724515   17    6    3    1
 0.005096180297937036   17    6    3    2
 0.008572542618510544   17    6    3    3
 7.679125886968578e-05   17    6    4    1
 -0.005044628492765045   17    6    4    2
 -0.002916405205448581   17    6    4    3
 -0.01461813757654912   17    6    4    4
 0.0006535294279355179   17    6    5    1
 0.001556575150951493   17    6    5    2
 0.004660725243349781   17    6    5    3
 -0.001672076345659827   17    6    5    4
 -0.01525524318362885   17    6    5    5
 -0.0003323272016687753   17    6    6    1
 0.005053164369264485   17    6    6    2
 0.01207191265033772   17    6    6    3
 -0.01096175299287958   17    6    6    4
 0.00812229130247274   17    6    6    5
 0.01637595046378658   17    6    6    6
 0.0002964425491295308   17    6    7    1
 0.002324835641509141   17    6    7    2
 0.005154797936017365   17    6    7    3
 -0.003110161532498254   17    6    7    4
 -0.0007684982052247475   17    6    7    5
 -2.82413976708337e-06   17    6    7    6
 0.009690451086975702   17    6    7    7
 0.0009808514313664615   17    6    8    1
 0.0004858198881424094   17    6    8    2
 0.008998895924413846   17    6    8    3
 -0.0008825333307356551   17    6    8    4
 -0.001151571348413781   17    6    8    5
 0.0009591354359187632   17    6    8    6
 -0.002151706308847152   17    6    8    7
 -0.006891644630480516   17    6    8    8
 -0.002212421411401399   17    6    9    1
 -0.0019042431614866   17    6    9    2
 -0.01543626205251233   17    6    9    3
 -0.002472071715370944   17    6    9    4
 0.002920901543499372   17    6    9    5
 0.005093864569316379   17    6    9    6
 0.00340266427982144   17    6    9    7
 0.001707468396691016   17    6    9    8
 -0.008890956788684314   17    6    9    9
 -0.002327589208514427   17    6   10    1
 -0.003254409346348462   17    6   10    2
 -0.00502126217728774   17    6   10    3
 0.00226859053251985   17    6   10    4
 -0.003584742766565555   17    6   10    5
 -0.003753048100638303   17    6   10    6
 -0.0007636931355366633   17    6   10    7
 0.0008421951915270233   17    6   10    8
 -0.002932220560266129   17    6   10    9
 -0.005359471590493609   17    6   10   10
 -3.678348360281896e-05   17    6   11    1
 -0.0008332165579025896   17    6   11    2
 -5.17277561207347e-05   17    6   11    3
 -0.0002581338482122928   17    6   11    4
 0.0009917539776639844   17    6   11    5
 0.002055223859992737   17    6   11    6
 -0.0003335719510294609   17    6   11    7
 -0.0127624778340594   17    6   11    8
 -0.005843869708646946   17    6   11    9
 -0.0001734617278519948   17    6   11   10
 -0.01140002865274983   17    6   11   11
 5.450898180272994e-05   17    6   12    1
 -4.971965039357928e-05   17    6   12    2
 0.0006598428876286151   17    6   12    3
 0.0002341807759297079   17    6   12    4
 -0.0001059467931778501   17    6   12    5
 -0.00071334593781237   17    6   12    6
 -0.004268956502834401   17    6   12    7
 0.01434454304862775   17    6   12    8
 0.005348136205034035   17    6   12    9
 0.0008566636937982106   17    6   12   10
 -0.00322704752551432   17    6   12   11
 0.00555781560318207   17    6   12   12
 0.000507474705522198   17    6   13    1
 -0.0001856759079712006   17    6   13    2
 0.001673630986851112   17    6   13    3
 0.006517624320728539   17    6   13    4
 0.0004511261186231923   17    6   13    5
 -0.005133760640055558   17    6   13    6
 0.0001548621319633536   17    6   13    7
 -0.0008504598980897064   17    6   13    8
 -0.001020289223809933   17    6   13    9
 0.002967735128817122   17    6   13   10
 0.0002317710053337425   17    6   13   11
 -0.0009191993362493011   17    6   13   12
 0.0005073942849786536   17    6   13   13
 0.0004076717731941829   17    6   14    1
 -0.002532603473718495   17    6   14    2
 0.00690438024351598   17    6   14    3
 -0.002598318563753844   17    6   14    4
 0.002010239676022956   17    6   14    5
 0.00612653565106991   17    6   14    6
 0.001749488413647213   17    6   14    7
 -0.0008333083518279174   17    6   14    8
 -0.00568772099092171   17    6   14    9
 0.003259671447197493   17    6   14   10
 -0.000418009451569495   17    6   14   11
 -0.000455603440583262   17    6   14   12
 -0.0004263124863780806   17    6   14   13
 0.004535473050517309   17    6   14   14
 -0.001243038892722093   17    6   15    1
 0.006257299349787905   17    6   15    2
 0.00271472851690938   17    6   15    3
 -0.004184190546377329   17    6   15    4
 0.00349112689807065   17    6   15    5
 0.004837665098384764   17    6   15    6
 0.003238240417286633   17    6   15    7
 0.005135128442867034   17    6   15    8
 -0.007079301864193017   17    6   15    9
 0.008202207875466451   17    6   15   10
 0.0002454154535951799   17    6   15   11
 0.001747777338932912   17    6   15   12
 0.007596080438383195   17    6   15   13
 0.01537572810908373   17    6   15   14
 0.003602481118356588   17    6   15   15
 0.001006164581564223   17    6   16    1
 -0.00224708931626414   17    6   16    2
 0.008009110588908427   17    6   16    3
 -0.003599516284029754   17    6   16    4
 -0.007366124664919481   17    6   16    5
 0.01335343586683201   17    6   16    6
 0.003686739114643594   17    6   16    7
 0.004551286927383867   17    6   16    8
 -0.00275835219002721   17    6   16    9
 -0.002034231923202721   17    6   16   10
 -0.0008375769038458974   17    6   16   11
 0.002814849402912957   17    6   16   12
 0.006738571466896641   17    6   16   13
 0.0078740773013454   17    6   16   14
 0.01108055822950198   17    6   16   15
 -0.0007087315061859168   17    6   16   16
 -0.002234669276947511   17    6   17    1
 0.001111800539943106   17    6   17    2
 0.007528002259957822   17    6   17    3
 -0.002958012957644293   17    6   17    4
 0.006019567738446981   17    6   17    5
 0.02096743846141788   17    6   17    6
 -0.03773271828455959   17    7    1    1
 9.665368855584073e-05   17    7    2    1
 0.00577224908079899   17    7    2    2
 0.000766829534735063   17    7    3    1
 0.001149034962869028   17    7    3    2
 -0.005288016348888191   17    7    3    3
 1.799593948712102e-07   17    7    4    1
 -0.002925910823085885   17    7    4    2
 -0.001131602163879194   17    7    4    3
 0.001029997635016053   17    7    4    4
 0.0001029344971595472   17    7    5    1
 0.005043266085359436   17    7    5    2
 0.00761521843011571   17    7    5    3
 -0.000977683467611213   17    7    5    4
 0.0002020279641544793   17    7    5    5
 -5.582434996281523e-06   17    7    6    1
 0.0008239806687067846   17    7    6    2
 0.006514026001517708   17    7    6    3
 -0.004237251099175336   17    7    6    4
 -0.0003468897251996567   17    7    6    5
 0.007932997678316947   17    7    6    6
 -0.000139948805961552   17    7    7    1
 0.0008035803852479166   17    7    7    2
 0.003973384392879724   17    7    7    3
 -0.0008761865830555282   17    7    7    4
 -0.0008896541470138108   17    7    7    5
 0.0009705120949136154   17    7    7    6
 0.003728048283002536   17    7    7    7
 0.001001154180628449   17    7    8    1
 -0.00115669978985881   17    7    8    2
 0.006294501804859408   17    7    8    3
 0.0006435994522950701   17    7    8    4
 -0.005016174079197735   17    7    8    5
 -0.003102985749559748   17    7    8    6
 -0.003230417110567694   17    7    8    7
 -0.002228883799734665   17    7    8    8
 -0.0006255693592892258   17    7    9    1
 0.001096715678972194   17    7    9    2
 -0.01140294654044215   17    7    9    3
 -0.002562722718887245   17    7    9    4
 0.006818679854918365   17    7    9    5
 0.005621240351753027   17    7    9    6
 0.002551716431541999   17    7    9    7
 0.007168125510249469   17    7    9    8
 -0.007336414586091565   17    7    9    9
 -0.0004545923619310271   17    7   10    1
 -0.0006540187468497464   17    7   10    2
 -0.0008979640178739505   17    7   10    3
 0.002445048616587225   17    7   10    4
 0.000228058622379753   17    7   10    5
 -0.007682887142565656   17    7   10    6
 -0.002299233082801474   17    7   10    7
 0.00015335993874204   17    7   10    8
 -0.002812950024652063   17    7   10    9
 -0.01392122747761785   17    7   10   10
 -0.001206434661731354   17    7   11    1
 2.228518907873558e-05   17    7   11    2
 -0.002159701119835509   17    7   11    3
 -0.000450041562196045   17    7   11    4
 0.001548793567624119   17    7   11    5
 0.001233429042694202   17    7   11    6
 -0.0006852593244833658   17    7   11    7
 0.0009263284518853035   17    7   11    8
 -0.0008142872270372405   17    7   11    9
 -0.0002229484044986584   17    7   11   10
 -0.008009815823802922   17    7   11   11
 -0.001095902781557649   17    7   12    1
 -0.00120733694484863   17    7   12    2
 -0.005615183682013822   17    7   12    3
 0.00010916190055301   17    7   12    4
 -0.0004751115741678908   17    7   12    5
 -0.0007902051504626393   17    7   12    6
 -0.006698660511827428   17    7   12    7
 0.01112956047360584   17    7   12    8
 0.007288579280738264   17    7   12    9
 0.0003754919401650639   17    7   12   10
 -0.01080135641332913   17    7   12   11
 0.004078762975876271   17    7   12   12
 0.0003348376315113403   17    7   13    1
 0.001413118021011745   17    7   13    2
 -0.000179025849640158   17    7   13    3
 -0.0002911889867089854   17    7   13    4
 0.0007597624648395688   17    7   13    5
 2.249978770595171e-05   17    7   13    6
 0.0002108526896686327   17    7   13    7
 -0.001431040117443352   17    7   13    8
 0.003573811868139775   17    7   13    9
 0.0004427338970187157   17    7   13   10
 2.782180291197262e-05   17    7   13   11
 0.0003489815662687306   17    7   13   12
 0.004479789728629187   17    7   13   13
 0.0002162176829595953   17    7   14    1
 -0.0004883978733588283   17    7   14    2
 0.002586067264239821   17    7   14    3
 -0.002188725619243851   17    7   14    4
 0.000828148794492837   17    7   14    5
 0.005979510291852723   17    7   14    6
 0.0007097640405036599   17    7   14    7
 -0.002264622069374005   17    7   14    8
 -0.001227775184143724   17    7   14    9
 0.003146777083303844   17    7   14   10
 0.002131824574452337   17    7   14   11
 -0.001182607703604295   17    7   14   12
 0.00225395451957194   17    7   14   13
 0.005783385019084617   17    7   14   14
 -0.0007589304235882776   17    7   15    1
 0.004534458444432354   17    7   15    2
 0.004234985209822302   17    7   15    3
 -0.002944048596755388   17    7   15    4
 0.005277319615113813   17    7   15    5
 0.005522546307458677   17    7   15    6
 0.002527978790048864   17    7   15    7
 0.000887434715015478   17    7   15    8
 -0.006816028079078556   17    7   15    9
 0.002048726100975813   17    7   15   10
 0.002586026247557116   17    7   15   11
 -0.0002806416916390482   17    7   15   12
 0.005160913308362717   17    7   15   13
 0.005959162850738635   17    7   15   14
 0.004551874662530893   17    7   15   15
 0.00032812204028174   17    7   16    1
 -0.003194106458033397   17    7   16    2
 -0.0004927293079105806   17    7   16    3
 -0.00102046491559427   17    7   16    4
 -0.005958790366475357   17    7   16    5
 0.007474809889499385   17    7   16    6
 0.0005404965797425631   17    7   16    7
 0.001279217437373714   17    7   16    8
 0.003075488091521988   17    7   16    9
 0.002659393171671541   17    7   16   10
 -0.00159671981000246   17    7   16   11
 0.001115100490992867   17    7   16   12
 0.000518512990863549   17    7   16   13
 0.004165844702464709   17    7   16   14
 0.001110963117322811   17    7   16   15
 0.01026931260210857   17    7   16   16
 -0.00139303590346143   17    7   17    1
 -0.0008580432422959514   17    7   17    2
 0.009347461908981513   17    7   17    3
 0.0006738104493944129   17    7   17    4
 0.002220857115827146   17    7   17    5
 0.006627492675225014   17    7   17    6
 0.007616717856974169   17    7   17    7
 -0.08001393125476838   17    8    1    1
 0.0001772604705714307   17    8    2    1
 0.02649803172111518   17    8    2    2
 0.001606092441671961   17    8    3    1
 -0.0001870403803580568   17    8    3    2
 -0.013199254245851   17    8    3    3
 -5.596649831145204e-05   17    8    4    1
 -0.004876701038767973   17    8    4    2
 -0.001703042175229392   17    8    4    3
 0.01108555952173154   17    8    4    4
 -1.708478154705939e-05   17    8    5    1
 0.01022915747594437   17    8    5    2
 0.01666312196807083   17    8    5    3
 -0.001394047712495089   17    8    5    4
 0.01084168280328513   17    8    5    5
 0.0002903300811918821   17    8    6    1
 -0.001525505727651254   17    8    6    2
 0.01211613337037664   17    8    6    3
 -0.006011830259559393   17    8    6    4
 -0.004322475479974192   17    8    6    5
 0.01786599107026099   17    8    6    6
 0.0008866645974003069   17    8    7    1
 -0.001623570360128558   17    8    7    2
 0.006782846051024371   17    8    7    3
 3.505353263943984e-05   17    8    7    4
 -0.006065810015301595   17    8    7    5
 -0.002545290165087918   17    8    7    6
 0.006467049193851672   17    8    7    7
 -0.0006579527750305514   17    8    8    1
 0.005675015588591147   17    8    8    2
 0.01247594703244438   17    8    8    3
 0.002190751885116693   17    8    8    4
 -0.005435665355144067   17    8    8    5
 -0.004684981969551244   17    8    8    6
 -0.006321167926565103   17    8    8    7
 0.01033374315244173   17    8    8    8
 -0.001628315080492947   17    8    9    1
 0.007109698779886048   17    8    9    2
 -0.02125506486025266   17    8    9    3
 -0.004764677421757057   17    8    9    4
 0.01848272190302155   17    8    9    5
 0.01228518184652953   17    8    9    6
 0.007931416055544547   17    8    9    7
 0.01276664499434857   17    8    9    8
 -0.01606427358289758   17    8    9    9
 0.0004796854149807311   17    8   10    1
 0.0006685753956828216   17    8   10    2
 0.002077347514782519   17    8   10    3
 0.00510516716176692   17    8   10    4
 0.001718082212788207   17    8   10    5
 -0.01824152901476338   17    8   10    6
 -0.003949958361189075   17    8   10    7
 0.001063567728001188   17    8   10    8
 -0.005159894402641219   17    8   10    9
 -0.02864888572894676   17    8   10   10
 0.002386557047825695   17    8   11    1
 0.004905081150926078   17    8   11    2
 0.003274356948927228   17    8   11    3
 0.001503971491575991   17    8   11    4
 -0.003468829803462623   17    8   11    5
 -0.002807215239365521   17    8   11    6
 -0.003943786549878254   17    8   11    7
 0.006773825802415013   17    8   11    8
 0.004857098623790824   17    8   11    9
 0.0008008552845359021   17    8   11   10
 -0.009822749979240993   17    8   11   11
 0.002222008224420426   17    8   12    1
 0.001548430584726575   17    8   12    2
 0.01212021253990828   17    8   12    3
 -0.002228612938211806   17    8   12    4
 0.002126621648904845   17    8   12    5
 0.003826597934748587   17    8   12    6
 -0.01110367512493988   17    8   12    7
 0.02644628533706325   17    8   12    8
 0.005799957394838242   17    8   12    9
 0.0005500140224486659   17    8   12   10
 -0.02681161346703101   17    8   12   11
 0.01174630663862754   17    8   12   12
 0.0003240724656571821   17    8   13    1
 0.003590229671852406   17    8   13    2
 -0.002937357813662132   17    8   13    3
 -0.005621311929972004   17    8   13    4
 -4.844982602804123e-06   17    8   13    5
 0.001422655454601538   17    8   13    6
 -0.0001462696644067395   17    8   13    7
 -0.006258450692259384   17    8   13    8
 0.007332896213704513   17    8   13    9
 0.00022514818681175   17    8   13   10
 0.002151275877685775   17    8   13   11
 0.001218673204385443   17    8   13   12
 0.01183066952947337   17    8   13   13
 -0.0003941367484115978   17    8   14    1
 0.001535597064179504   17    8   14    2
 -0.001769262153419774   17    8   14    3
 -0.003622157117679271   17    8   14    4
 -0.001840486990748021   17    8   14    5
 0.01036894361648593   17    8   14    6
 0.002441749633334563   17    8   14    7
 -0.00242444055688154   17    8   14    8
 0.003088688037880793   17    8   14    9
 0.006262353226619114   17    8   14   10
 0.006148569565722049   17    8   14   11
 -0.001952287058697834   17    8   14   12
 0.005600354690265967   17    8   14   13
 0.01545784076341516   17    8   14   14
 -0.00136393856452278   17    8   15    1
 0.004285094411366044   17    8   15    2
 0.00979567748399182   17    8   15    3
 -0.00404737661850614   17    8   15    4
 0.01189833561999348   17    8   15    5
 0.01069161365156404   17    8   15    6
 0.002243888981906926   17    8   15    7
 0.009352369097613287   17    8   15    8
 -0.01026845252224564   17    8   15    9
 0.001158301582400712   17    8   15   10
 -0.008890264202551781   17    8   15   11
 0.00628409066438283   17    8   15   12
 0.008578908880469199   17    8   15   13
 0.005290558200733337   17    8   15   14
 0.01600341752318564   17    8   15   15
 0.0004907616191031103   17    8   16    1
 -0.005454332335583383   17    8   16    2
 -0.002468725043241634   17    8   16    3
 -0.0006543512037105839   17    8   16    4
 -0.009035191887142026   17    8   16    5
 0.01229067959483604   17    8   16    6
 0.001896437008151335   17    8   16    7
 -0.0006113391552188418   17    8   16    8
 0.007010240461486856   17    8   16    9
 0.008765324636611047   17    8   16   10
 0.001877775625091446   17    8   16   11
 -0.0008192045588057728   17    8   16   12
 -0.001455592773393381   17    8   16   13
 0.008640826586637635   17    8   16   14
 4.752156146305444e-05   17    8   16   15
 0.03010991459236913   17    8   16   16
 -0.002450042722734212   17    8   17    1
 -0.0003518795508516789   17    8   17    2
 0.01948426857514964   17    8   17    3
 0.001558850106476323   17    8   17    4
 0.002039579782498298   17    8   17    5
 0.00744138456560893   17    8   17    6
 0.003594217302083622   17    8   17    7
 0.02743447603795405   17    8   17    8
 0.1705199959269343   17    9    1    1
 -0.0003063246012736131   17    9    2    1
 -0.06709033199234114   17    9    2    2
 -0.003222035124133421   17    9    3    1
 0.004074403311982081   17    9    3    2
 0.03669900902448951   17    9    3    3
 0.0001386747950128669   17    9    4    1
 0.009371086808461415   17    9    4    2
 0.002961509017120419   17    9    4    3
 -0.03275259145844384   17    9    4    4
 0.0004676513223365455   17    9    5    1
 -0.02096802364795188   17    9    5    2
 -0.03444310676842247   17    9    5    3
 0.003122649601180315   17    9    5    4
 -0.03170534675859814   17    9    5    5
 -0.0006376746301038492   17    9    6    1
 0.002362010505090072   17    9    6    2
 -0.0224504073031317   17    9    6    3
 0.008147767255100901   17    9    6    4
 0.01148075288758108   17    9    6    5
 -0.03381657152050413   17    9    6    6
 -0.00016269102088138   17    9    7    1
 0.0024114482865304   17    9    7    2
 -0.01349673757963858   17    9    7    3
 -0.0005310083475998477   17    9    7    4
 0.008482084089570231   17    9    7    5
 0.003094435054068054   17    9    7    6
 -0.01444038368312299   17    9    7    7
 -0.001163854111568345   17    9    8    1
 0.007645709949484131   17    9    8    2
 -0.02310850444729605   17    9    8    3
 -0.003679141070999626   17    9    8    4
 0.02051380993308374   17    9    8    5
 0.01275403551315346   17    9    8    6
 0.0114232960602904   17    9    8    7
 -0.01730642990065469   17    9    8    8
 0.001020457693309129   17    9    9    1
 -0.008591739053043312   17    9    9    2
 0.03699785342665374   17    9    9    3
 0.01039052480409689   17    9    9    4
 -0.03773781624522096   17    9    9    5
 -0.02442201800303098   17    9    9    6
 -0.01269586399694536   17    9    9    7
 -0.03370244062171308   17    9    9    8
 0.02661562488516621   17    9    9    9
 -0.001787830928028637   17    9   10    1
 -0.002854123555553003   17    9   10    2
 -0.006319300556657356   17    9   10    3
 -0.01080267008776502   17    9   10    4
 -0.005352086353929998   17    9   10    5
 0.04035895806260272   17    9   10    6
 0.008712230286936459   17    9   10    7
 0.0004401003281962465   17    9   10    8
 0.01217009586051754   17    9   10    9
 0.06195841084866534   17    9   10   10
 0.00105696886485723   17    9   11    1
 0.002668512605837501   17    9   11    2
 0.001826104904119961   17    9   11    3
 0.0004575340276456971   17    9   11    4
 -0.0009546970344057526   17    9   11    5
 6.418308496231743e-05   17    9   11    6
 0.006147191263058436   17    9   11    7
 -0.02622318576728835   17    9   11    8
 -0.01037257536639078   17    9   11    9
 0.001973425718884601   17    9   11   10
 0.01631154271263454   17    9   11   11
 0.00100777060155873   17    9   12    1
 -0.001748921135074103   17    9   12    2
 0.00509388559201228   17    9   12    3
 0.001958529514633596   17    9   12    4
 0.001119424025856415   17    9   12    5
 -0.002770498846313256   17    9   12    6
 0.02610723755444624   17    9   12    7
 -0.04389730666161269   17    9   12    8
 -0.02036769600558137   17    9   12    9
 -0.001411232256672198   17    9   12   10
 0.0587582902568457   17    9   12   11
 -0.02191051096090154   17    9   12   12
 -0.0007492520642955377   17    9   13    1
 -0.00935486196146086   17    9   13    2
 0.005351323082879163   17    9   13    3
 0.01561071772728865   17    9   13    4
 -0.0006240427271765239   17    9   13    5
 -0.004864239411874481   17    9   13    6
 0.002716594999446772   17    9   13    7
 0.0100875387601958   17    9   13    8
 -0.01618098461535819   17    9   13    9
 0.0002355473712012586   17    9   13   10
 -0.002542911105059684   17    9   13   11
 -0.002600332887857122   17    9   13   12
 -0.02737390076194133   17    9   13   13
 0.0002384901390533433   17    9   14    1
 -0.006006716076654488   17    9   14    2
 0.0004225573395650184   17    9   14    3
 0.007032243079991097   17    9   14    4
 0.003254952844875789   17    9   14    5
 -0.02097862822229593   17    9   14    6
 -0.00679845262531402   17    9   14    7
 0.00850554011088725   17    9   14    8
 -0.002750469289240239   17    9   14    9
 -0.01320039148526616   17    9   14   10
 -0.008917620191254796   17    9   14   11
 0.001856011805623939   17    9   14   12
 -0.01306058468941754   17    9   14   13
 -0.03248012185931148   17    9   14   14
 0.002264565418251763   17    9   15    1
 -0.005962830098056223   17    9   15    2
 -0.02141674114060181   17    9   15    3
 0.006790271555083422   17    9   15    4
 -0.02468075809576026   17    9   15    5
 -0.02009399992325245   17    9   15    6
 -0.01142590384880874   17    9   15    7
 -0.01302531019117881   17    9   15    8
 0.0208385654150334   17    9   15    9
 0.0001575034207901833   17    9   15   10
 -0.002418858662426419   17    9   15   11
 -0.001974328382462898   17    9   15   12
 -0.01695982650578911   17    9   15   13
 -0.01046870327443771   17    9   15   14
 -0.03572192722467155   17    9   15   15
 -0.000332639717385299   17    9   16    1
 0.01020690014113606   17    9   16    2
 0.00949504025201359   17    9   16    3
 -0.000651930354405002   17    9   16    4
 0.01510316031901498   17    9   16    5
 -0.01977922903750841   17    9   16    6
 -0.0005057452806314092   17    9   16    7
 0.002571230728348145   17    9   16    8
 -0.01615637257933712   17    9   16    9
 -0.02099105281672134   17    9   16   10
 0.005833956452128993   17    9   16   11
 -0.00221405828507428   17    9   16   12
 0.007123591710471026   17    9   16   13
 -0.01254354354183196   17    9   16   14
 0.004439606299876974   17    9   16   15
 -0.06686290479441878   17    9   16   16
 0.004144696612866637   17    9   17    1
 0.001372035840212006   17    9   17    2
 -0.03977508243026378   17    9   17    3
 -0.004085168612664305   17    9   17    4
 -0.0003955720819796764   17    9   17    5
 -0.009505505577726449   17    9   17    6
 -0.01637531009213063   17    9   17    7
 -0.02786721574330321   17    9   17    8
 0.06810154861713882   17    9   17    9
 -0.03230946454913688   17   10    1    1
 8.43841868833498e-05   17   10    2    1
 0.02163459100904402   17   10    2    2
 0.000566886927565556   17   10    3    1
 -0.002692363519658187   17   10    3    2
 -0.01188210401236944   17   10    3    3
 0.0005814537488753045   17   10    4    1
 0.0008116242180218093   17   10    4    2
 0.003278600789796787   17   10    4    3
 0.01222084297465258   17   10    4    4
 0.0006304436887503535   17   10    5    1
 0.001822410821544123   17   10    5    2
 0.01082436392145602   17   10    5    3
 -0.0003567579038422363   17   10    5    4
 0.01172566147140227   17   10    5    5
 -0.003194184319401717   17   10    6    1
 -0.004188841371993549   17   10    6    2
 -0.0135330306623627   17   10    6    3
 0.003039504742045608   17   10    6    4
 -0.00409568597695639   17   10    6    5
 0.001434151665592456   17   10    6    6
 -0.0007599314147368559   17   10    7    1
 -0.001898250800663205   17   10    7    2
 -0.001755330915752096   17   10    7    3
 0.001612878032636278   17   10    7    4
 -0.001081826954980173   17   10    7    5
 -0.0001912241191767495   17   10    7    6
 -0.003005337464369979   17   10    7    7
 0.0001206035714627937   17   10    8    1
 -0.0009507511114636711   17   10    8    2
 0.003153474343592112   17   10    8    3
 0.00109150757740298   17   10    8    4
 -0.004314309866961426   17   10    8    5
 -0.003035100645200199   17   10    8    6
 -0.001922448466674496   17   10    8    7
 0.006674809610173782   17   10    8    8
 -0.001315357745836269   17   10    9    1
 0.0008828387984629   17   10    9    2
 -0.009544072934689084   17   10    9    3
 -0.0009474053391101346   17   10    9    4
 0.008978635460223226   17   10    9    5
 0.003985873583172727   17   10    9    6
 0.001692974617821292   17   10    9    7
 0.00738581141186278   17   10    9    8
 -0.003885952107925178   17   10    9    9
 -0.009918577572811104   17   10   10    1
 -0.0009823407535817805   17   10   10    2
 -0.03607099472348366   17   10   10    3
 0.0003368313439086254   17   10   10    4
 0.01257284218009086   17   10   10    5
 -0.004758422255006753   17   10   10    6
 -0.00115476637401433   17   10   10    7
 -0.0005477198713584734   17   10   10    8
 0.0005491433174097898   17   10   10    9
 -0.0164628711838798   17   10   10   10
 -0.0001144802468529271   17   10   11    1
 -4.196543756907979e-05   17   10   11    2
 -0.0004392240837685854   17   10   11    3
 5.256137915146467e-05   17   10   11    4
 -0.000545417349819529   17   10   11    5
 -0.001147105676000315   17   10   11    6
 -0.00124662074506283   17   10   11    7
 0.01229923738730507   17   10   11    8
 0.005528056623318369   17   10   11    9
 -2.695760252151083e-05   17   10   11   10
 0.0009545252569067975   17   10   11   11
 0.0002048867084918532   17   10   12    1
 0.0004736537194526547   17   10   12    2
 0.0005227329512178775   17   10   12    3
 -0.0005180292121611107   17   10   12    4
 -0.0001037491504379045   17   10   12    5
 0.001419476804919209   17   10   12    6
 -0.003928720142594032   17   10   12    7
 0.003358539609553735   17   10   12    8
 0.001684038924375744   17   10   12    9
 0.0002266190194298314   17   10   12   10
 -0.01276709500546807   17   10   12   11
 0.0009200115122856949   17   10   12   12
 0.0003581462521455874   17   10   13    1
 0.001652890330349728   17   10   13    2
 -0.0006635276836636391   17   10   13    3
 -0.00446686129769335   17   10   13    4
 0.0002312149471004513   17   10   13    5
 0.001957367050345965   17   10   13    6
 -0.0008058018781207603   17   10   13    7
 -0.001875006938974922   17   10   13    8
 0.003458238989461587   17   10   13    9
 -0.005550712250448104   17   10   13   10
 0.0005603974242733926   17   10   13   11
 0.0009825406820199508   17   10   13   12
 0.004640355332021329   17   10   13   13
 0.001906184829580276   17   10   14    1
 0.003056450577128637   17   10   14    2
 0.003097822321548395   17   10   14    3
 -0.0009860912202844737   17   10   14    4
 -0.002021305237605855   17   10   14    5
 0.002533383765491579   17   10   14    6
 0.001123288022756377   17   10   14    7
 -0.001609217035362661   17   10   14    8
 0.004030553234641179   17   10   14    9
 0.002368151123221098   17   10   14   10
 0.002264258646306098   17   10   14   11
 1.273041102957512e-05   17   10   14   12
 0.003492440755082014   17   10   14   13
 0.004878944915016794   17   10   14   14
 0.0002001736361466426   17   10   15    1
 -0.002231546939463468   17   10   15    2
 0.004580375156763289   17   10   15    3
 -0.00150896867918455   17   10   15    4
 0.0009073021780572092   17   10   15    5
 0.00962101527900233   17   10   15    6
 0.002468664386054367   17   10   15    7
 0.001238440048892062   17   10   15    8
 6.459959769125999e-05   17   10   15    9
 0.009620586316135266   17   10   15   10
 7.411834712839496e-05   17   10   15   11
 -0.0008044944025850067   17   10   15   12
 -0.001230216585676072   17   10   15   13
 -0.009080151953145623   17   10   15   14
 0.005680894417471182   17   10   15   15
 0.002425359225902961   17   10   16    1
 0.001428592875229165   17   10   16    2
 0.001460993255827306   17   10   16    3
 0.0007010721016185874   17   10   16    4
 -0.000406128775868185   17   10   16    5
 -0.003177539292044623   17   10   16    6
 -0.002252262631451216   17   10   16    7
 -0.002855830524372855   17   10   16    8
 0.004558299309066037   17   10   16    9
 0.001247199105162643   17   10   16   10
 -0.0008172669630005187   17   10   16   11
 -0.0007465390013306649   17   10   16   12
 -0.003604997520774751   17   10   16   13
 8.363290956339947e-05   17   10   16   14
 -0.007051634922748836   17   10   16   15
 0.01567021182496717   17   10   16   16
 -0.0001066315618589406   17   10   17    1
 0.000633268080857167   17   10   17    2
 0.006035715182036627   17   10   17    3
 -0.0002649493485026269   17   10   17    4
 -0.00351575993351276   17   10   17    5
 0.004026260115913946   17   10   17    6
 0.002568653417321998   17   10   17    7
 0.003277920096415489   17   10   17    8
 -0.005870820201682445   17   10   17    9
 0.02546814817866818   17   10   17   10
 0.005259521257438911   17   11    1    1
 -7.864654532812698e-06   17   11    2    1
 -0.0007495095975035425   17   11    2    2
 -0.000106417298936705   17   11    3    1
 0.0004056162933394401   17   11    3    2
 0.002223934359238739   17   11    3    3
 -8.875439243857392e-06   17   11    4    1
 -0.0004486078057302995   17   11    4    2
 9.797673667607097e-05   17   11    4    3
 -0.001278598004105842   17   11    4    4
 5.332735052502979e-06   17   11    5    1
 0.0006645672805446339   17   11    5    2
 -0.0008740707324506494   17   11    5    3
 -7.735023993960901e-06   17   11    5    4
 -0.0001324934821374364   17   11    5    5
 2.492242421175485e-05   17   11    6    1
 -0.0007588644801444256   17   11    6    2
 -0.0001392307765109307   17   11    6    3
 -0.0008481936065157731   17   11    6    4
 0.0007277454319654506   17   11    6    5
 0.001003166499910608   17   11    6    6
 -0.001259954527655686   17   11    7    1
 -0.000220735347016596   17   11    7    2
 -0.004279302301949187   17   11    7    3
 -0.0003758578148702687   17   11    7    4
 0.001365489022748576   17   11    7    5
 0.001008744831535501   17   11    7    6
 0.001134203822037419   17   11    7    7
 0.002659799778276986   17   11    8    1
 0.005857217891657818   17   11    8    2
 0.007538788103313303   17   11    8    3
 0.0006037726285520517   17   11    8    4
 -0.002836410220314162   17   11    8    5
 -0.002384096035200602   17   11    8    6
 -0.0006599867442565583   17   11    8    7
 -0.001336670451361588   17   11    8    8
 0.0009970364915846651   17   11    9    1
 0.002944567123144112   17   11    9    2
 0.003252821491851698   17   11    9    3
 4.310986296489771e-06   17   11    9    4
 -0.00222168728849534   17   11    9    5
 -0.001102001897674342   17   11    9    6
 -0.001190184899598318   17   11    9    7
 -0.000790896300328496   17   11    9    8
 0.00183231539132475   17   11    9    9
 -0.0001037013501505307   17   11   10    1
 -0.0001816149014745359   17   11   10    2
 -0.0003871065102704313   17   11   10    3
 4.171620949302555e-05   17   11   10    4
 -0.0004289650955377466   17   11   10    5
 0.0006463573983905298   17   11   10    6
 2.211033723274508e-05   17   11   10    7
 0.001418494417339921   17   11   10    8
 0.000733477364162878   17   11   10    9
 0.002511259633598398   17   11   10   10
 -0.005231868470675292   17   11   11    1
 0.004571973326890684   17   11   11    2
 -0.01857147003229646   17   11   11    3
 -2.155393207208573e-05   17   11   11    4
 0.003956504415182148   17   11   11    5
 0.001076944588170788   17   11   11    6
 0.0003143580642471574   17   11   11    7
 -0.001484931892639865   17   11   11    8
 -0.0004714653330844843   17   11   11    9
 0.0004081868688153108   17   11   11   10
 0.0008555548170421009   17   11   11   11
 -0.004909828991851035   17   11   12    1
 -0.004545086217071404   17   11   12    2
 -0.01676639343718132   17   11   12    3
 1.96564725154208e-05   17   11   12    4
 0.003563693254773966   17   11   12    5
 0.0001514835704083626   17   11   12    6
 0.0002742570864295747   17   11   12    7
 -0.0006119922913400861   17   11   12    8
 0.001981303513059052   17   11   12    9
 -0.0008916147977733746   17   11   12   10
 0.002097764931943331   17   11   12   11
 0.0008779120501623966   17   11   12   12
 0.0002665437257838049   17   11   13    1
 0.0004240019970208898   17   11   13    2
 0.0009894133455928449   17   11   13    3
 -3.745149613425991e-05   17   11   13    4
 -0.0001130132244340631   17   11   13    5
 -1.694093971858723e-05   17   11   13    6
 -0.0008769230997652218   17   11   13    7
 0.00161305954481953   17   11   13    8
 0.0002596179292834779   17   11   13    9
 1.166659574263793e-05   17   11   13   10
 -0.001905602056930457   17   11   13   11
 -0.001747740094242955   17   11   13   12
 3.132024915494661e-05   17   11   13   13
 0.0006523232492136013   17   11   14    1
 0.001072349661268329   17   11   14    2
 0.002148954468174494   17   11   14    3
 -0.0001835381782857161   17   11   14    4
 -0.0006194285196811709   17   11   14    5
 -0.0005888547978166966   17   11   14    6
 0.0003828256902461836   17   11   14    7
 0.001926844527157563   17   11   14    8
 0.0004131473450922974   17   11   14    9
 -0.0001620903156677568   17   11   14   10
 0.002498091141835455   17   11   14   11
 -0.001580800918882674   17   11   14   12
 0.0002652951082637271   17   11   14   13
 0.0008642122706962871   17   11   14   14
 5.506289530626656e-06   17   11   15    1
 6.916608174629014e-05   17   11   15    2
 -0.0004576876048086303   17   11   15    3
 -4.908577785230462e-05   17   11   15    4
 0.0004408259920922104   17   11   15    5
 2.687009104455405e-06   17   11   15    6
 0.002615489959356586   17   11   15    7
 -0.008564638122234697   17   11   15    8
 -0.002915079447459818   17   11   15    9
 0.0002497164207084829   17   11   15   10
 0.00386771364884975   17   11   15   11
 0.005298100888637368   17   11   15   12
 0.0002255288264528969   17   11   15   13
 -1.988053104865957e-05   17   11   15   14
 0.0006158065875018162   17   11   15   15
 -0.0002312601690645439   17   11   16    1
 -0.0008160740593664568   17   11   16    2
 -0.0006942896368546496   17   11   16    3
 0.0002029455046760816   17   11   16    4
 -0.000653395433385057   17   11   16    5
 -4.197519100376908e-05   17   11   16    6
 -0.0006096588428854803   17   11   16    7
 0.003441293936331892   17   11   16    8
 0.001274010506248557   17   11   16    9
 -0.0007811449866143381   17   11   16   10
 -0.0003787501286122053   17   11   16   11
 -0.002294026624839649   17   11   16   12
 0.0003495252644285655   17   11   16   13
 0.0006950350829627119   17   11   16   14
 -7.936853336777e-06   17   11   16   15
 -0.0004004802761572289   17   11   16   16
 -2.777508144868595e-05   17   11   17    1
 -0.0004224462169975316   17   11   17    2
 -0.0008739209674827806   17   11   17    3
 0.0002828968484505446   17   11   17    4
 -1.021262019301877e-05   17   11   17    5
 -0.0002957116780838111   17   11   17    6
 0.004221002208360353   17   11   17    7
 -0.007270291561036826   17   11   17    8
 -0.001971009591298324   17   11   17    9
 -6.731711761017909e-06   17   11   17   10
 0.0159793825293538   17   11   17   11
 0.002062334625460429   17   12    1    1
 -1.387241287236543e-05   17   12    2    1
 -0.002533566240036103   17   12    2    2
 -7.391645709937172e-05   17   12    3    1
 -0.0006833372631664523   17   12    3    2
 -0.0002391428990098321   17   12    3    3
 -1.936924333889244e-05   17   12    4    1
 0.00229666447210274   17   12    4    2
 -0.0003195153757671183   17   12    4    3
 -0.0001425042833408943   17   12    4    4
 -4.483154902230839e-05   17   12    5    1
 -0.005320400644762554   17   12    5    2
 -0.0007622845563597614   17   12    5    3
 0.0007866379146372313   17   12    5    4
 -0.0009578996031132231   17   12    5    5
 0.0001033644637169565   17   12    6    1
 0.0003339348169874576   17   12    6    2
 -4.609668828035449e-05   17   12    6    3
 0.002543204898455085   17   12    6    4
 -0.001461314601583288   17   12    6    5
 -0.004163871062062731   17   12    6    6
 -0.001260066135759861   17   12    7    1
 -0.002057191970226766   17   12    7    2
 -0.01031729485234772   17   12    7    3
 0.001042388871939731   17   12    7    4
 -0.0002501934830683138   17   12    7    5
 -0.001790079121684188   17   12    7    6
 -0.004741629344582308   17   12    7    7
 0.002656837840868721   17   12    8    1
 0.003221763611281432   17   12    8    2
 0.02038458946291488   17   12    8    3
 -0.0003225875857425995   17   12    8    4
 0.002113943557603476   17   12    8    5
 0.003511931013326717   17   12    8    6
 0.0008236072423579353   17   12    8    7
 0.006244130430423014   17   12    8    8
 0.001092195287823552   17   12    9    1
 -0.001614638026773552   17   12    9    2
 0.009376938793320983   17   12    9    3
 0.002088040701586303   17   12    9    4
 4.392119128786406e-05   17   12    9    5
 -0.001321196219487398   17   12    9    6
 0.003927309336133322   17   12    9    7
 -0.005044432793684768   17   12    9    8
 -0.007116890238058217   17   12    9    9
 0.0002030017454484941   17   12   10    1
 0.0002824924169299536   17   12   10    2
 0.0009742245093883697   17   12   10    3
 -0.001296935198795497   17   12   10    4
 0.0007169747341383286   17   12   10    5
 0.002312106798487147   17   12   10    6
 0.0002198050051162282   17   12   10    7
 -0.0001803803467739505   17   12   10    8
 0.001299379370735593   17   12   10    9
 -0.0003925943178171649   17   12   10   10
 -0.005327040044625828   17   12   11    1
 -0.005981083198895432   17   12   11    2
 -0.02732896373220882   17   12   11    3
 0.001310824815680293   17   12   11    4
 0.003319549128189149   17   12   11    5
 -0.0006981684712699056   17   12   11    6
 -0.0004757060729651949   17   12   11    7
 -0.0008493781736065908   17   12   11    8
 0.005558538718628664   17   12   11    9
 -0.00117844273395228   17   12   11   10
 0.001623366008828044   17   12   11   11
 -0.005076989439105587   17   12   12    1
 0.003474242536716438   17   12   12    2
 -0.007799440845306857   17   12   12    3
 -0.001603199888495488   17   12   12    4
 0.00896199343043887   17   12   12    5
 0.006275054025854101   17   12   12    6
 0.004217615285590004   17   12   12    7
 0.001450747425564202   17   12   12    8
 -0.008855548324359253   17   12   12    9
 -0.0006267328649205751   17   12   12   10
 0.0005456443899784624   17   12   12   11
 -0.002399884655541384   17   12   12   12
 0.0002537272728604841   17   12   13    1
 -0.001996776651255788   17   12   13    2
 0.0005044043659823921   17   12   13    3
 0.001163856398111683   17   12   13    4
 -0.00143277172995294   17   12   13    5
 -0.000689494899669139   17   12   13    6
 0.0004093468948071678   17   12   13    7
 0.000271863519416025   17   12   13    8
 -0.0003549648744425497   17   12   13    9
 -5.11265892389977e-05   17   12   13   10
 -0.002810370149917666   17   12   13   11
 -0.00270911053681119   17   12   13   12
 -0.002348108124030982   17   12   13   13
 0.0006156930526412165   17   12   14    1
 -0.001384445463820131   17   12   14    2
 6.15309717645796e-06   17   12   14    3
 0.0009720329695120472   17   12   14    4
 -0.000743231241410315   17   12   14    5
 -0.001068453540467972   17   12   14    6
 -0.0009637520237625925   17   12   14    7
 -0.0009185575104814362   17   12   14    8
 0.002004003083355542   17   12   14    9
 -0.0005773037112215304   17   12   14   10
 -0.001695342723227308   17   12   14   11
 0.002296782252072307   17   12   14   12
 -0.0008604725916444077   17   12   14   13
 -0.002817801638838562   17   12   14   14
 6.812345735165636e-06   17   12   15    1
 -0.001481035310993012   17   12   15    2
 -0.0006207514732543988   17   12   15    3
 0.0006297739186748178   17   12   15    4
 -0.002578205741126422   17   12   15    5
 -1.169892582088442e-05   17   12   15    6
 -0.001520864849862494   17   12   15    7
 0.00401329634697253   17   12   15    8
 0.000930518838010075   17   12   15    9
 -0.001095283903431705   17   12   15   10
 0.005268592140984771   17   12   15   11
 0.01279362774045877   17   12   15   12
 -0.00422558180798971   17   12   15   13
 -0.007007418475693682   17   12   15   14
 -0.00298118955195869   17   12   15   15
 -0.0003180977417134533   17   12   16    1
 0.002602710978542632   17   12   16    2
 0.0009596632748131188   17   12   16    3
 -0.0008960099473810246   17   12   16    4
 0.003562187362178361   17   12   16    5
 -0.0004486216017876873   17   12   16    6
 0.0001703965487929919   17   12   16    7
 -0.001547834328479293   17   12   16    8
 -0.001683863521994376   17   12   16    9
 -2.68340108482329e-05   17   12   16   10
 -0.001613498104843952   17   12   16   11
 -0.004850755701553843   17   12   16   12
 -5.420123760011079e-05   17   12   16   13
 -0.0005626106101963268   17   12   16   14
 0.002378569449881586   17   12   16   15
 -0.004364305301754305   17   12   16   16
 -1.98726356632491e-06   17   12   17    1
 0.002597925419591421   17   12   17    2
 -0.001298924822907059   17   12   17    3
 -0.00170636907589754   17   12   17    4
 0.001741782734171547   17   12   17    5
 0.0003904018206684063   17   12   17    6
 -0.002649048115931056   17   12   17    7
 0.00171940230051781   17   12   17    8
 0.003620268510353613   17   12   17    9
 -0.0006393225306092953   17   12   17   10
 0.005439480661975128   17   12   17   11
 0.02696736525888476   17   12   17   12
 -0.09973571735693362   17   13    1    1
 -3.309171011419116e-05   17   13    2    1
 -0.02651466139029381   17   13    2    2
 0.001050103261569627   17   13    3    1
 -0.008819391867782526   17   13    3    2
 -0.0695360148006527   17   13    3    3
 0.0001109615835071965   17   13    4    1
 0.01417150736298067   17   13    4    2
 -0.001121247123749818   17   13    4    3
 0.01225977856740619   17   13    4    4
 -0.0009374896481600156   17   13    5    1
 -0.02708094436020856   17   13    5    2
 0.007901068468528944   17   13    5    3
 0.006223831763855965   17   13    5    4
 -0.02204110734590019   17   13    5    5
 -0.0006107953907537571   17   13    6    1
 0.001515783154524176   17   13    6    2
 -0.001637113345446026   17   13    6    3
 0.0236194212457852   17   13    6    4
 -0.006949857726399531   17   13    6    5
 -0.04127807001835145   17   13    6    6
 -0.0004471466219766036   17   13    7    1
 0.001128240927174737   17   13    7    2
 -0.001522130414281456   17   13    7    3
 0.004051153280869072   17   13    7    4
 -0.002659157614998768   17   13    7    5
 -0.00713160594071699   17   13    7    6
 -0.01436515031781489   17   13    7    7
 -0.001155627422315907   17   13    8    1
 0.002511835391602245   17   13    8    2
 -0.006792346724558362   17   13    8    3
 -0.001612877462139342   17   13    8    4
 -0.006035824309913184   17   13    8    5
 -0.004364454969079252   17   13    8    6
 0.007670624763797421   17   13    8    7
 -0.03726930268345077   17   13    8    8
 0.001827664933097632   17   13    9    1
 -0.007778156182052073   17   13    9    2
 0.01092953908397721   17   13    9    3
 0.01129736421210476   17   13    9    4
 0.009431547920841622   17   13    9    5
 -0.00237319540286201   17   13    9    6
 0.01439981094963784   17   13    9    7
 0.01450276590786353   17   13    9    8
 -0.05243346067500577   17   13    9    9
 7.66988708918534e-05   17   13   10    1
 0.0008793292651572506   17   13   10    2
 8.521747179429243e-05   17   13   10    3
 -0.003107616508947541   17   13   10    4
 0.007812001173014285   17   13   10    5
 -0.009690143336086159   17   13   10    6
 -0.003585576373117748   17   13   10    7
 -0.001486547541761349   17   13   10    8
 -0.0008758091234346484   17   13   10    9
 -0.05726403777960128   17   13   10   10
 0.0003207924672154933   17   13   11    1
 0.0006006749080694507   17   13   11    2
 0.001978361934856383   17   13   11    3
 -0.0003375820064485254   17   13   11    4
 -0.001034867980762775   17   13   11    5
 -0.0006761509881399469   17   13   11    6
 -0.01135394106745187   17   13   11    7
 0.02873185867995164   17   13   11    8
 0.01096851238599297   17   13   11    9
 -0.0003547721956935864   17   13   11   10
 -0.02993703270067452   17   13   11   11
 0.0002848096757240608   17   13   12    1
 -0.001958975129204473   17   13   12    2
 0.0002743736532500794   17   13   12    3
 0.002261797028584048   17   13   12    4
 -0.001959390058278927   17   13   12    5
 -0.001067571095090999   17   13   12    6
 0.007202027279113554   17   13   12    7
 -0.01573560155223746   17   13   12    8
 -0.006669248931854352   17   13   12    9
 0.001068167032874507   17   13   12   10
 -0.01665995144770671   17   13   12   11
 -0.05989073541676071   17   13   12   12
 -0.0002936772251736431   17   13   13    1
 -0.01074746624965593   17   13   13    2
 -0.001024762480689303   17   13   13    3
 0.01016550824750512   17   13   13    4
 -0.006839902452892953   17   13   13    5
 -0.003462836475596495   17   13   13    6
 0.0005473629042092536   17   13   13    7
 0.002492523934178745   17   13   13    8
 -0.003510946743780259   17   13   13    9
 0.001316874394059831   17   13   13   10
 0.001102267298691808   17   13   13   11
 0.001283009408349731   17   13   13   12
 -0.005199434453686966   17   13   13   13
 -5.149970816474282e-05   17   13   14    1
 -0.0002746720528874018   17   13   14    2
 -0.0001708315789459179   17   13   14    3
 0.006618351128830685   17   13   14    4
 -0.0005439039191744185   17   13   14    5
 -0.01030722956841639   17   13   14    6
 -0.002289841290011559   17   13   14    7
 0.005340607014598122   17   13   14    8
 -0.002507690990125475   17   13   14    9
 0.009220092718769184   17   13   14   10
 0.00158024008274664   17   13   14   11
 0.008376912386499064   17   13   14   12
 -0.01147924330329946   17   13   14   13
 -0.01344854330413351   17   13   14   14
 0.0006483693355828568   17   13   15    1
 -0.009476267744993135   17   13   15    2
 0.004442244802754352   17   13   15    3
 0.007478742398015756   17   13   15    4
 -0.01573302080393978   17   13   15    5
 -0.006757171249822435   17   13   15    6
 0.001110783467213435   17   13   15    7
 0.004020191998850856   17   13   15    8
 -0.01374661694750743   17   13   15    9
 0.002256787044029348   17   13   15   10
 0.0003198450803970943   17   13   15   11
 -0.0059557655339976   17   13   15   12
 -0.01479386723837799   17   13   15   13
 -0.01927070879507012   17   13   15   14
 -0.03327544236418314   17   13   15   15
 -0.0002267349361267506   17   13   16    1
 0.0121174573477076   17   13   16    2
 -0.0005318347164760218   17   13   16    3
 -0.0008811816533841981   17   13   16    4
 0.02022523193592674   17   13   16    5
 -0.01693550240781003   17   13   16    6
 -0.002494748330456208   17   13   16    7
 -0.003494778916698469   17   13   16    8
 0.002686980400871407   17   13   16    9
 0.01037436295840662   17   13   16   10
 0.0004042229445122855   17   13   16   11
 -0.005180416531277958   17   13   16   12
 -0.002973343671266909   17   13   16   13
 -0.01971464456543596   17   13   16   14
 0.01003538657455601   17   13   16   15
 -0.04043628123923334   17   13   16   16
 0.001092155597629935   17   13   17    1
 0.0131712480849379   17   13   17    2
 0.003578061554292981   17   13   17    3
 -0.0103787397265435   17   13   17    4
 0.0057227670200538   17   13   17    5
 -0.0001020706686633014   17   13   17    6
 -0.001751388982170423   17   13   17    7
 -0.004533736461574687   17   13   17    8
 0.008359639738861779   17   13   17    9
 -0.0008487934169155712   17   13   17   10
 -0.0009251960982113979   17   13   17   11
 0.001372801756959613   17   13   17   12
 0.02682944855929717   17   13   17   13
 0.01022898381435066   17   14    1    1
 -1.830035635389501e-05   17   14    2    1
 0.01872525791620689   17   14    2    2
 -0.0001241412332253912   17   14    3    1
 -0.00503510577730136   17   14    3    2
 0.006925268312440022   17   14    3    3
 -0.0001120062643913059   17   14    4    1
 0.003917538067297136   17   14    4    2
 -0.002413101236412564   17   14    4    3
 0.004359718759493232   17   14    4    4
 -6.367357250325198e-05   17   14    5    1
 -0.0183722109114193   17   14    5    2
 0.0008867313714602727   17   14    5    3
 0.0002603790794686012   17   14    5    4
 0.01557867950738754   17   14    5    5
 0.0006784653427225903   17   14    6    1
 -5.592212236377827e-05   17   14    6    2
 0.006605837309219958   17   14    6    3
 0.005864196941763244   17   14    6    4
 -0.006267411508673688   17   14    6    5
 -0.002024498539900603   17   14    6    6
 0.0003652521776759684   17   14    7    1
 -0.001289343963282818   17   14    7    2
 0.003442285555679255   17   14    7    3
 0.001667932872341194   17   14    7    4
 0.001627962625392157   17   14    7    5
 0.004714994633491079   17   14    7    6
 -0.01066206317262812   17   14    7    7
 -0.0002944394890292099   17   14    8    1
 0.001655658843598198   17   14    8    2
 -0.004153075513842306   17   14    8    3
 -0.001302180628156813   17   14    8    4
 -0.002138482789739883   17   14    8    5
 0.003265773556555097   17   14    8    6
 -0.0009964080261467042   17   14    8    7
 0.00763998868257676   17   14    8    8
 -3.389312541309088e-05   17   14    9    1
 -0.006306452888031826   17   14    9    2
 0.00169362485727944   17   14    9    3
 0.004958382977218616   17   14    9    4
 0.002601020919648689   17   14    9    5
 -0.01005580883962733   17   14    9    6
 -0.0049955848555927   17   14    9    7
 0.004117140148584744   17   14    9    8
 0.001877015705884863   17   14    9    9
 0.002049891458887976   17   14   10    1
 0.002958610292843674   17   14   10    2
 0.009574066397958375   17   14   10    3
 -0.00359601798368941   17   14   10    4
 0.003143850864153009   17   14   10    5
 0.004694566306234368   17   14   10    6
 0.001060052219624176   17   14   10    7
 -0.001327442090057681   17   14   10    8
 0.004286647169019921   17   14   10    9
 0.003312987163164418   17   14   10   10
 0.000731998621587489   17   14   11    1
 0.002027605260382826   17   14   11    2
 0.004017034108410067   17   14   11    3
 -0.0005830766749606184   17   14   11    4
 -0.001799762000476429   17   14   11    5
 -0.002183005867260276   17   14   11    6
 0.003297501472126516   17   14   11    7
 0.01069253847972552   17   14   11    8
 0.004047425721360534   17   14   11    9
 2.005045305739606e-05   17   14   11   10
 0.01399119035465407   17   14   11   11
 0.0006341952341051142   17   14   12    1
 -0.001439847654761654   17   14   12    2
 0.0006884352975239053   17   14   12    3
 0.0007688743896776056   17   14   12    4
 -0.0004777094146113027   17   14   12    5
 0.0006928604016709029   17   14   12    6
 -0.0001056661197503343   17   14   12    7
 -0.01013578829793867   17   14   12    8
 -0.002386845911874257   17   14   12    9
 -0.0003739414183682869   17   14   12   10
 -0.002631100014461744   17   14   12   11
 0.001261628105929731   17   14   12   12
 -9.515318910885436e-05   17   14   13    1
 -0.00127791333866266   17   14   13    2
 0.001355054437750624   17   14   13    3
 -0.00203054524877326   17   14   13    4
 -0.0001633211482467821   17   14   13    5
 0.0006739490069208922   17   14   13    6
 0.0006294528855868218   17   14   13    7
 0.001381602705419613   17   14   13    8
 -0.001322383462644953   17   14   13    9
 -0.0002030322021922613   17   14   13   10
 0.0005379780515766021   17   14   13   11
 0.0006473089771463688   17   14   13   12
 -0.005993886595120912   17   14   13   13
 -0.0004950938931890678   17   14   14    1
 0.004815592468283625   17   14   14    2
 0.00226327219463661   17   14   14    3
 -8.784357275457819e-05   17   14   14    4
 0.006210944497470499   17   14   14    5
 0.004169697359627337   17   14   14    6
 0.002732871529266106   17   14   14    7
 0.002771734936699561   17   14   14    8
 0.002994316138592918   17   14   14    9
 -0.00290853137274844   17   14   14   10
 0.001563426199979749   17   14   14   11
 -0.0002570868127640303   17   14   14   12
 0.003532062447932165   17   14   14   13
 0.002575016491346035   17   14   14   14
 -0.0001263970797732086   17   14   15    1
 -0.006901909194868108   17   14   15    2
 0.0007691770842761492   17   14   15    3
 -0.001009953993806681   17   14   15    4
 -0.005121204987540749   17   14   15    5
 0.01032820783155962   17   14   15    6
 0.001947453003380274   17   14   15    7
 -0.0004892918454657359   17   14   15    8
 -0.001273820823127091   17   14   15    9
 -0.01017949594434292   17   14   15   10
 -0.0003144995919131017   17   14   15   11
 -0.005975386341598916   17   14   15   12
 -0.01101296029878454   17   14   15   13
 -0.01970673373988577   17   14   15   14
 0.007370861730221519   17   14   15   15
 -0.0004446893435477197   17   14   16    1
 0.009678020496166269   17   14   16    2
 0.004483893074081972   17   14   16    3
 -0.003406968585156153   17   14   16    4
 0.01095326753711843   17   14   16    5
 -0.0006971308784133161   17   14   16    6
 -0.0009850840718736743   17   14   16    7
 0.0009752160074584025   17   14   16    8
 -0.001457617293080254   17   14   16    9
 0.001589840821819878   17   14   16   10
 0.0001559782400246825   17   14   16   11
 8.628946528228359e-05   17   14   16   12
 -0.005493429879137279   17   14   16   13
 -0.004317627459755175   17   14   16   14
 0.00207960518941918   17   14   16   15
 0.002925894650855334   17   14   16   16
 -9.169841858062096e-05   17   14   17    1
 0.008243082019839951   17   14   17    2
 -0.002289533437252384   17   14   17    3
 -0.005108452351941024   17   14   17    4
 0.002761140117556695   17   14   17    5
 0.00289515503759489   17   14   17    6
 -0.0001636194559128389   17   14   17    7
 -0.002929606711254457   17   14   17    8
 0.00406035374385511   17   14   17    9
 -0.00350229126835004   17   14   17   10
 -0.0004700321997005831   17   14   17   11
 -0.00198693216791558   17   14   17   12
 0.00726075234227225   17   14   17   13
 0.01791082431499357   17   14   17   14
 0.2709822513002341   17   15    1    1
 -6.073313539117002e-06   17   15    2    1
 -0.06771114609098862   17   15    2    2
 -0.003391415829468269   17   15    3    1
 0.03122109250389129   17   15    3    2
 0.1569463173912801   17   15    3    3
 -0.0003104279676180919   17   15    4    1
 0.002095889242567219   17   15    4    2
 -0.0007046336002708058   17   15    4    3
 -0.04127821432919462   17   15    4    4
 0.002664746776478805   17   15    5    1
 0.01692617681849397   17   15    5    2
 -0.03326859434436135   17   15    5    3
 0.003873151230980222   17   15    5    4
 -0.02640749960023319   17   15    5    5
 0.002138534617483204   17   15    6    1
 0.003473754268146389   17   15    6    2
 -0.0005097017473527818   17   15    6    3
 -0.0200334111282081   17   15    6    4
 0.01765988591785057   17   15    6    5
 0.02282314988688573   17   15    6    6
 0.001611869684565659   17   15    7    1
 0.007349770808801862   17   15    7    2
 0.0009903882065717287   17   15    7    3
 -0.005218150035221346   17   15    7    4
 0.01238379504075583   17   15    7    5
 0.0154086646094073   17   15    7    6
 0.0002083260924975832   17   15    7    7
 0.002926473914056065   17   15    8    1
 0.007499906200549088   17   15    8    2
 0.004794001415452719   17   15    8    3
 -0.004400331855062846   17   15    8    4
 0.02804943150994235   17   15    8    5
 0.01931045617650603   17   15    8    6
 -0.005729800483331767   17   15    8    7
 0.0257882070735524   17   15    8    8
 -0.005362783614669673   17   15    9    1
 -0.01322392267484138   17   15    9    2
 -0.01398058338166776   17   15    9    3
 0.004313495027233861   17   15    9    4
 -0.05553223935861754   17   15    9    5
 -0.01970357938705443   17   15    9    6
 -0.03223292209267971   17   15    9    7
 -0.04482583233927548   17   15    9    8
 0.07810152381719007   17   15    9    9
 0.001013483236755773   17   15   10    1
 -0.003821350462762668   17   15   10    2
 0.005892785565005929   17   15   10    3
 -0.01006868863560217   17   15   10    4
 -0.02034461039489903   17   15   10    5
 0.05954505322807609   17   15   10    6
 0.01396434967736956   17   15   10    7
 0.001466867242230618   17   15   10    8
 0.0155757653580691   17   15   10    9
 0.12689409369143   17   15   10   10
 -3.633289936887192e-05   17   15   11    1
 1.43800482266184e-05   17   15   11    2
 -0.0005026540745233522   17   15   11    3
 -0.0001258076338641408   17   15   11    4
 0.002852765185799477   17   15   11    5
 0.002634967982959966   17   15   11    6
 0.02617280999769805   17   15   11    7
 -0.07856744506702894   17   15   11    8
 -0.03190884082186042   17   15   11    9
 0.002050014687357012   17   15   11   10
 0.04810477284617376   17   15   11   11
 -3.762923712801253e-05   17   15   12    1
 -0.001852393535859286   17   15   12    2
 0.000418577171091583   17   15   12    3
 4.245943148035633e-05   17   15   12    4
 -0.000476267147127411   17   15   12    5
 -0.001693441394653228   17   15   12    6
 0.009195281789136374   17   15   12    7
 -0.007293547218221614   17   15   12    8
 -0.004019613183080753   17   15   12    9
 -0.003060511950721996   17   15   12   10
 0.07283110990407121   17   15   12   11
 0.06489989777452118   17   15   12   12
 0.0005741334010083927   17   15   13    1
 -0.007917998333328522   17   15   13    2
 0.009818291652560941   17   15   13    3
 0.01080588773610771   17   15   13    4
 -0.0009961247492493014   17   15   13    5
 0.002633155368795084   17   15   13    6
 0.004796826956547865   17   15   13    7
 0.006444079139400149   17   15   13    8
 -0.01190607543022694   17   15   13    9
 -0.001767172274517587   17   15   13   10
 -0.003358239228737756   17   15   13   11
 -0.007088836841827775   17   15   13   12
 -0.02108680449497847   17   15   13   13
 -0.0002350952164640962   17   15   14    1
 -0.01086088427970007   17   15   14    2
 0.003503465571519269   17   15   14    3
 -0.008973098262007784   17   15   14    4
 -0.002054948713923486   17   15   14    5
 0.01018451482340873   17   15   14    6
 0.002162292762887419   17   15   14    7
 -0.001506998964519217   17   15   14    8
 -0.004180991476726114   17   15   14    9
 -0.02876115148259768   17   15   14   10
 -0.01013862298743935   17   15   14   11
 -0.01491976819039101   17   15   14   12
 -0.00710022135490853   17   15   14   13
 -0.02819752787780257   17   15   14   14
 -0.001733433996079768   17   15   15    1
 0.01756143519863061   17   15   15    2
 -0.02477050150287525   17   15   15    3
 -0.007484849590946107   17   15   15    4
 0.00786928880071293   17   15   15    5
 -0.00111102059623399   17   15   15    6
 -0.00771947006339629   17   15   15    7
 -0.01158353210560411   17   15   15    8
 0.02538669340098308   17   15   15    9
 -0.003934011967820515   17   15   15   10
 0.001153280937352641   17   15   15   11
 0.002757403305624672   17   15   15   12
 -0.0004916991974774825   17   15   15   13
 0.02399343987702755   17   15   15   14
 -0.0124465902346135   17   15   15   15
 0.0003433803887600806   17   15   16    1
 -0.01097983564462092   17   15   16    2
 0.01063401102424665   17   15   16    3
 -0.004306672170865043   17   15   16    4
 -0.01676791846055033   17   15   16    5
 0.0253643775597357   17   15   16    6
 0.003511869897986085   17   15   16    7
 0.007262069850881642   17   15   16    8
 -0.008122120637117192   17   15   16    9
 -0.03454103947462613   17   15   16   10
 0.002972215408515208   17   15   16   11
 0.009726948287923132   17   15   16   12
 0.01644217152990272   17   15   16   13
 0.02539928403143971   17   15   16   14
 -0.0002965585404974475   17   15   16   15
 -0.005100582528204127   17   15   16   16
 -0.002563067065485289   17   15   17    1
 -0.001212628463228652   17   15   17    2
 -0.03208892451005207   17   15   17    3
 -0.0004187027572290137   17   15   17    4
 0.01816861051180382   17   15   17    5
 0.0123667105555177   17   15   17    6
 -0.002090866877287137   17   15   17    7
 -0.0112116555967945   17   15   17    8
 0.03261803313703779   17   15   17    9
 -0.01207078494132358   17   15   17   10
 0.0008922404022662999   17   15   17   11
 0.001724564983986521   17   15   17   12
 -0.01765997021823882   17   15   17   13
 0.001451960779345128   17   15   17   14
 0.09282665453830022   17   15   17   15
 -0.07794477370382917   17   16    1    1
 3.302661908659088e-06   17   16    2    1
 0.02934054524444603   17   16    2    2
 0.001168368205981106   17   16    3    1
 -0.00966627524638035   17   16    3    2
 -0.03669614483290712   17   16    3    3
 -6.584867143461671e-05   17   16    4    1
 -0.01014218037855411   17   16    4    2
 -0.00399509566248884   17   16    4    3
 0.004797483278926973   17   16    4    4
 -0.001118374605923846   17   16    5    1
 0.005704547134525171   17   16    5    2
 0.004801701414642961   17   16    5    3
 -0.008218071783416535   17   16    5    4
 0.006019369350578535   17   16    5    5
 0.0001808534217313531   17   16    6    1
 0.00143088057709928   17   16    6    2
 0.01784312903748429   17   16    6    3
 -0.00474102385752367   17   16    6    4
 0.001485323120307582   17   16    6    5
 0.01717674479847707   17   16    6    6
 -0.0003943687216120828   17   16    7    1
 -0.002913749285213376   17   16    7    2
 0.002680336628571109   17   16    7    3
 -0.0007634905649268464   17   16    7    4
 -0.004198665748006411   17   16    7    5
 -0.000270807824950823   17   16    7    6
 0.006662754948187706   17   16    7    7
 -0.0008715333519022883   17   16    8    1
 -0.005638471666073579   17   16    8    2
 0.002115768724146854   17   16    8    3
 0.001335894931886219   17   16    8    4
 -0.008811983803749803   17   16    8    5
 -0.001228280700455114   17   16    8    6
 -0.000505608870186906   17   16    8    7
 0.0007063672587002347   17   16    8    8
 0.002228069961184685   17   16    9    1
 0.01180814919589023   17   16    9    2
 0.005198584257904088   17   16    9    3
 -0.005516975916887177   17   16    9    4
 0.01882311612815387   17   16    9    5
 0.004397822430896346   17   16    9    6
 0.00732218790823745   17   16    9    7
 0.01192251974993897   17   16    9    8
 -0.01690485029787899   17   16    9    9
 0.002596145530231338   17   16   10    1
 0.003292392009839656   17   16   10    2
 0.01228825983108782   17   16   10    3
 0.004893919863143623   17   16   10    4
 -8.635200898171431e-05   17   16   10    5
 -0.02193533908144127   17   16   10    6
 -0.004704562135289306   17   16   10    7
 0.0004597136426840368   17   16   10    8
 -0.007936117770454299   17   16   10    9
 -0.02976023741670254   17   16   10   10
 -0.0002499339051704121   17   16   11    1
 -0.001237538643099009   17   16   11    2
 -0.001569225836549032   17   16   11    3
 0.0001303047541285767   17   16   11    4
 -0.0004162161778346161   17   16   11    5
 -0.000416545818469686   17   16   11    6
 -0.005919022613888345   17   16   11    7
 0.0167263521295266   17   16   11    8
 0.007404891927880798   17   16   11    9
 -0.0009290119366260431   17   16   11   10
 -0.01189465459206057   17   16   11   11
 -0.0003304000515992211   17   16   12    1
 0.002735739832512617   17   16   12    2
 7.1697920314716e-05   17   16   12    3
 -0.0008179523061555669   17   16   12    4
 0.001526196757758498   17   16   12    5
 0.001779248932379653   17   16   12    6
 -0.007508379014581759   17   16   12    7
 0.01274204481841859   17   16   12    8
 0.004341612150852753   17   16   12    9
 0.0008671159866590473   17   16   12   10
 -0.02326357933697141   17   16   12   11
 -0.002394106351693777   17   16   12   12
 -0.0002442575416929582   17   16   13    1
 0.01007335163682163   17   16   13    2
 -0.002438718632433972   17   16   13    3
 -0.005132520685249659   17   16   13    4
 0.005257777356175651   17   16   13    5
 -0.002227824988783826   17   16   13    6
 -0.001215155675494356   17   16   13    7
 -0.002778112914622418   17   16   13    8
 0.004500016370845508   17   16   13    9
 0.003055714977730946   17   16   13   10
 0.000896061447257255   17   16   13   11
 0.001487230257211336   17   16   13   12
 0.009673718396009792   17   16   13   13
 -0.0004664250706216824   17   16   14    1
 0.01057997417767911   17   16   14    2
 0.00369637301060983   17   16   14    3
 -0.001293179593382526   17   16   14    4
 0.003989202918427874   17   16   14    5
 0.005936773409476672   17   16   14    6
 0.001590726259128595   17   16   14    7
 0.001176280723450383   17   16   14    8
 -0.002613090765495575   17   16   14    9
 0.007018323559951158   17   16   14   10
 0.003404622608850814   17   16   14   11
 0.002006049786865959   17   16   14   12
 0.003571601147548996   17   16   14   13
 0.01203273601793523   17   16   14   14
 0.0004127931423657148   17   16   15    1
 -0.004903839674730817   17   16   15    2
 0.01224949815855202   17   16   15    3
 -0.003500992653759855   17   16   15    4
 0.004158504586357886   17   16   15    5
 0.0113503315120427   17   16   15    6
 0.003698351392575528   17   16   15    7
 0.004844576610700082   17   16   15    8
 -0.005360478804016162   17   16   15    9
 -0.004147741591529515   17   16   15   10
 -0.0004421425068572291   17   16   15   11
 0.003454614119158549   17   16   15   12
 0.01051676065024892   17   16   15   13
 0.008437173146350044   17   16   15   14
 0.01637584452494113   17   16   15   15
 -0.0008523423149035732   17   16   16    1
 0.006981851503054482   17   16   16    2
 0.005901983425492808   17   16   16    3
 -0.002248859191135157   17   16   16    4
 0.005007108662700584   17   16   16    5
 0.002906814386443276   17   16   16    6
 0.002501971650918167   17   16   16    7
 0.003917525861210963   17   16   16    8
 -0.006380383625728818   17   16   16    9
 0.01091333508310788   17   16   16   10
 -0.001780464657932991   17   16   16   11
 -0.0007488088091935249   17   16   16   12
 -0.003741217090525828   17   16   16   13
 0.0004166628610373665   17   16   16   14
 0.003572153530450435   17   16   16   15
 0.01026672545724358   17   16   16   16
 0.0006730487288370923   17   16   17    1
 -0.005040444023012797   17   16   17    2
 0.01572071297768067   17   16   17    3
 0.001054776104202535   17   16   17    4
 -0.0110596672924539   17   16   17    5
 0.006726874621963278   17   16   17    6
 0.003788521965568241   17   16   17    7
 0.008287987183461741   17   16   17    8
 -0.01687522239116399   17   16   17    9
 -0.002117392112422045   17   16   17   10
 -0.0003852947431596021   17   16   17   11
 0.001052212681399962   17   16   17   12
 -0.001301504515775544   17   16   17   13
 0.005869021297065555   17   16   17   14
 -0.02289864458693554   17   16   17   15
 0.03019804252164361   17   16   17   16
 0.7349483418908195   17   17    1    1
 0.000215488852849654   17   17    2    1
 0.4156839774597585   17   17    2    2
 -0.005623760983940276   17   17    3    1
 0.03141195858074231   17   17    3    2
 0.5820878687794472   17   17    3    3
 -0.000681676554386968   17   17    4    1
 -0.0211363922818362   17   17    4    2
 -0.0003177859605597571   17   17    4    3
 0.3147833018702565   17   17    4    4
 0.005670654223796823   17   17    5    1
 0.06920525722972735   17   17    5    2
 -0.01798361728019384   17   17    5    3
 -0.00692356750383552   17   17    5    4
 0.3953596600525747   17   17    5    5
 0.004344826548711503   17   17    6    1
 -0.01237863359188621   17   17    6    2
 0.01461359040896406   17   17    6    3
 -0.05041043675648503   17   17    6    4
 0.0007729852118674421   17   17    6    5
 0.4332131673050115   17   17    6    6
 0.003497953712130341   17   17    7    1
 -0.004678003324261958   17   17    7    2
 0.01678032228394561   17   17    7    3
 -0.006046506643861016   17   17    7    4
 0.01299529547040125   17   17    7    5
 0.04274896440042403   17   17    7    6
 0.2818075142055962   17   17    7    7
 0.006563690634930034   17   17    8    1
 -0.00315665936573087   17   17    8    2
 0.03378571025714206   17   17    8    3
 0.002231653110263831   17   17    8    4
 0.01809047351035223   17   17    8    5
 0.02057477010376643   17   17    8    6
 -0.03225394830018848   17   17    8    7
 0.4491939383654497   17   17    8    8
 -0.01219990866972553   17   17    9    1
 0.007337188195482739   17   17    9    2
 -0.06849282427892868   17   17    9    3
 -0.01617376496474872   17   17    9    4
 -0.03301560364432996   17   17    9    5
 -0.007905189876392481   17   17    9    6
 -0.06877993302290289   17   17    9    7
 -0.04007202980799916   17   17    9    8
 0.4790777687328175   17   17    9    9
 0.00123581336068843   17   17   10    1
 0.007771220453320089   17   17   10    2
 0.006735230990806588   17   17   10    3
 0.0001905004308670523   17   17   10    4
 -0.01467168798849392   17   17   10    5
 0.04773157212190472   17   17   10    6
 0.01696761724918974   17   17   10    7
 0.001952599051456974   17   17   10    8
 0.01467719616583471   17   17   10    9
 0.506490630295876   17   17   10   10
 -0.0001314710112246028   17   17   11    1
 0.0005523774822917837   17   17   11    2
 -0.001527563875964679   17   17   11    3
 0.0007308781002207846   17   17   11    4
 0.0004805692787347904   17   17   11    5
 -0.005523137226001253   17   17   11    6
 0.05964497023478838   17   17   11    7
 -0.07065662831171547   17   17   11    8
 -0.02178880278570277   17   17   11    9
 0.0006918550568903711   17   17   11   10
 0.4390712940666541   17   17   11   11
 -6.402929594727383e-05   17   17   12    1
 0.00411315806581668   17   17   12    2
 -0.0004176484432917245   17   17   12    3
 -0.006160615868547091   17   17   12    4
 6.481102938850241e-05   17   17   12    5
 0.008425075509104726   17   17   12    6
 -0.03196648828237897   17   17   12    7
 0.02699094654398727   17   17   12    8
 0.008642996748393609   17   17   12    9
 -0.004798369128623121   17   17   12   10
 0.04961939163448891   17   17   12   11
 0.5064709218170176   17   17   12   12
 0.001757377406815661   17   17   13    1
 0.02555551990979358   17   17   13    2
 0.007935724700365594   17   17   13    3
 -0.0497985282462142   17   17   13    4
 -0.00209063738413823   17   17   13    5
 0.01422969204410479   17   17   13    6
 0.003579411568322904   17   17   13    7
 -0.003398632204370062   17   17   13    8
 0.00069583111602527   17   17   13    9
 -0.009099327627053667   17   17   13   10
 -0.004958489559070902   17   17   13   11
 -0.00251559213844113   17   17   13   12
 0.2935494351256459   17   17   13   13
 -0.0002976698813189175   17   17   14    1
 0.01799158770665778   17   17   14    2
 -0.001431386870306705   17   17   14    3
 -0.01896601376096788   17   17   14    4
 -0.01238565170823929   17   17   14    5
 0.05097120766356256   17   17   14    6
 0.001146787962616778   17   17   14    7
 -0.01164316599797127   17   17   14    8
 0.007039854056431957   17   17   14    9
 -0.04130647248549307   17   17   14   10
 0.005475283836209078   17   17   14   11
 -0.03911524657070844   17   17   14   12
 0.05196032227655016   17   17   14   13
 0.3257827787362765   17   17   14   14
 -0.004806805622286327   17   17   15    1
 -0.002739681751345284   17   17   15    2
 -0.02032422873849619   17   17   15    3
 -0.01422096998699653   17   17   15    4
 0.06281720256842646   17   17   15    5
 0.04031072603775481   17   17   15    6
 0.006870893865236198   17   17   15    7
 -0.01336889931492422   17   17   15    8
 0.04766147588109514   17   17   15    9
 -0.01989285220469239   17   17   15   10
 -0.003349110849389521   17   17   15   11
 0.01288254290798349   17   17   15   12
 0.02031967115675725   17   17   15   13
 0.04194268135607428   17   17   15   14
 0.4244808166860641   17   17   15   15
 0.001387834051369154   17   17   16    1
 -0.02097971353031639   17   17   16    2
 0.01085513430686574   17   17   16    3
 0.001629052607463953   17   17   16    4
 -0.03421110910575002   17   17   16    5
 0.05188329919589676   17   17   16    6
 0.0131072327415473   17   17   16    7
 0.006808373014177931   17   17   16    8
 0.005246382245699324   17   17   16    9
 -0.02657024725776861   17   17   16   10
 -0.006432304482005952   17   17   16   11
 0.02194454400336708   17   17   16   12
 -0.007003391391616374   17   17   16   13
 0.0746373014803397   17   17   16   14
 -0.04026840404866609   17   17   16   15
 0.4763863277361169   17   17   16   16
 -0.007856023241997337   17   17   17    1
 -0.008200545383601876   17   17   17    2
 -0.03053683641101146   17   17   17    3
 0.007755231577571823   17   17   17    4
 -0.004196734943083535   17   17   17    5
 0.008996831391541707   17   17   17    6
 0.005928702702671821   17   17   17    7
 0.0146175809940804   17   17   17    8
 -0.02675696367893685   17   17   17    9
 0.0002565508238226838   17   17   17   10
 0.001498242726655988   17   17   17   11
 -0.004021663445458703   17   17   17   12
 -0.07518118874559396   17   17   17   13
 0.002827711354480546   17   17   17   14
 0.08420905781948372   17   17   17   15
 -0.002333636206158977   17   17   17   16
 0.5915807603664357   17   17   17   17
 -35.48464041805978    1    1  0  0
 0.02945189109012248    2    1  0  0
 -9.326993696053579    2    2  0  0
 0.5216778302324443    3    1  0  0
 -0.3066981218486894    3    2  0  0
 -10.76123829223381    3    3  0  0
 0.01559994652634094    4    1  0  0
 -0.01818607818955622    4    2  0  0
 -0.05360179806405733    4    3  0  0
 -7.408985321664781    4    4  0  0
 -0.2076820665614525    5    1  0  0
 -0.7105019981642783    5    2  0  0
 0.4777117624817056    5    3  0  0
 -0.05983141033273261    5    4  0  0
 -8.141068644300876    5    5  0  0
 -0.1108274895655067    6    1  0  0
 0.2735479813031436    6    2  0  0
 0.1669818479383086    6    3  0  0
 0.3102728842980531    6    4  0  0
 0.161855716667761    6    5  0  0
 -8.005918154385391    6    6  0  0
 -0.07015550916387814    7    1  0  0
 0.09282031607334862    7    2  0  0
 -0.03748301648879786    7    3  0  0
 0.01496301407554116    7    4  0  0
 -0.2296004648145056    7    5  0  0
 -0.6293131805318972    7    6  0  0
 -5.869621519271354    7    7  0  0
 -0.1207701463145817    8    1  0  0
 0.04388216172379733    8    2  0  0
 -0.1107908537420958    8    3  0  0
 0.008184435573725501    8    4  0  0
 -0.3131043265216838    8    5  0  0
 -0.314806555161239    8    6  0  0
 0.3502730232197052    8    7  0  0
 -8.582744389382743    8    8  0  0
 0.2041742759087494    9    1  0  0
 -0.04278132560428979    9    2  0  0
 0.3476682155710332    9    3  0  0
 0.01364409576719933    9    4  0  0
 0.6378456331604622    9    5  0  0
 0.3250337456269281    9    6  0  0
 1.015940556962478    9    7  0  0
 0.5366685065983334    9    8  0  0
 -8.909251076928321    9    9  0  0
 0.001739110025559953   10    1  0  0
 -0.1821384226217787   10    2  0  0
 0.01737229764581906   10    3  0  0
 0.1105984753248762   10    4  0  0
 0.06169275675725328   10    5  0  0
 -0.9147543167177385   10    6  0  0
 -0.2914758861668708   10    7  0  0
 0.01446460630860566   10    8  0  0
 -0.3724503758594939   10    9  0  0
 -9.64155200746133   10   10  0  0
 -0.001923442835691618   11    1  0  0
 -0.01695325898177061   11    2  0  0
 0.006330132439481408   11    3  0  0
 -0.005427264754239364   11    4  0  0
 0.01591744792709499   11    5  0  0
 0.1394548654036599   11    6  0  0
 -0.9109540003659917   11    7  0  0
 0.6716319772092694   11    8  0  0
 0.1498988819961034   11    9  0  0
 -0.01115265566912482   11   10  0  0
 -8.719185983204007   11   11  0  0
 -0.001881144087807247   12    1  0  0
 -0.03261705663190827   12    2  0  0
 0.01324801377954008   12    3  0  0
 0.05954058390435111   12    4  0  0
 0.04733445711322647   12    5  0  0
 -0.1359613051043739   12    6  0  0
 0.2333562289113727   12    7  0  0
 0.3148943257460199   12    8  0  0
 0.2013086496371342   12    9  0  0
 0.08985443993713027   12   10  0  0
 -1.071509229115842   12   11  0  0
 -8.624139722067497   12   12  0  0
 0.02363657113216493   13    1  0  0
 -0.1856903929557538   13    2  0  0
 -0.1125384702749217   13    3  0  0
 0.7681907812512444   13    4  0  0
 0.252582647754545   13    5  0  0
 -0.1731796569244205   13    6  0  0
 -0.07120273844779858   13    7  0  0
 -0.06875500045667447   13    8  0  0
 0.1770674301353183   13    9  0  0
 0.1911638776703639   13   10  0  0
 0.09927724872704839   13   11  0  0
 0.0244656981628286   13   12  0  0
 -5.427393332425968   13   13  0  0
 -0.001488888055176745   14    1  0  0
 -0.3211351687358672   14    2  0  0
 0.09364241489355599   14    3  0  0
 0.1049970425717372   14    4  0  0
 0.3249484773526184   14    5  0  0
 -0.5111243706267442   14    6  0  0
 0.1097291840952117   14    7  0  0
 0.01301359899972185   14    8  0  0
 -0.08459652215085042   14    9  0  0
 0.7165645447576415   14   10  0  0
 -0.06609546767153772   14   11  0  0
 0.5500528222312074   14   12  0  0
 -0.7177413683124404   14   13  0  0
 -5.766209119905048   14   14  0  0
 -0.09354897737120939   15    1  0  0
 0.3498936429732026   15    2  0  0
 0.374220614892616   15    3  0  0
 0.003051874748368238   15    4  0  0
 -0.6795310664342552   15    5  0  0
 -0.3582211632094753   15    6  0  0
 -0.06949441013493714   15    7  0  0
 0.2826794913836366   15    8  0  0
 -0.757987537938453   15    9  0  0
 0.3113153971119758   15   10  0  0
 0.05695678607588823   15   11  0  0
 -0.1118296194743363   15   12  0  0
 -0.002459377425640937   15   13  0  0
 -0.2559820358660371   15   14  0  0
 -7.072928992221343   15   15  0  0
 0.0360793567893219   16    1  0  0
 0.06102824246339628   16    2  0  0
 -0.1581454163300635   16    3  0  0
 -0.1244081240216052   16    4  0  0
 -0.02643191267520433   16    5  0  0
 -0.2316825574286968   16    6  0  0
 -0.1469772835950598   16    7  0  0
 0.01049963908423522   16    8  0  0
 -0.08722380901884713   16    9  0  0
 0.4032528408033185   16   10  0  0
 0.08103397514594014   16   11  0  0
 -0.2578303964835593   16   12  0  0
 0.302714146999734   16   13  0  0
 -0.8130697108320691   16   14  0  0
 0.6440554668448101   16   15  0  0
 -7.722380110592721   16   16  0  0
 -0.1945880093315729   17    1  0  0
 -0.0484285049730681   17    2  0  0
 0.8086180772056401   17    3  0  0
 0.05079709852205896   17    4  0  0
 0.08611012448946442   17    5  0  0
 0.1027521504498965   17    6  0  0
 0.09496570616561231   17    7  0  0
 0.1069078008917968   17    8  0  0
 -0.1948516611574805   17    9  0  0
 0.01866974780294503   17   10  0  0
 -0.0230728682570594   17   11  0  0
 0.02159356448623932   17   12  0  0
 0.8227789322797769   17   13  0  0
 -0.1248357904250656   17   14  0  0
 -1.116875789682037   17   15  0  0
 0.2043506515047929   17   16  0  0
 -8.742019088478941   17   17  0  0
 0  0  0  0  0
