 &FCI NORB=  17,NELEC=18,MS2=0,
  ORBSYM=1,1,1,1,1,1,1,1,1,1,1,1,1,1,1,1,1,
  ISYM=1,
 &END
 3.50261836089724    1    1    1    1
 0.0009325804424131488    2    1    1    1
 8.76748494075624e-06    2    1    2    1
 0.2585899868867234    2    2    1    1
 -0.0005926810919556933    2    2    2    1
 0.7406337371094096    2    2    2    2
 -0.2442915230442882    3    1    1    1
 1.920831998212754e-05    3    1    2    1
 0.0009374032309602833    3    1    2    2
 0.0270730103715287    3    1    3    1
 0.01179890312383217    3    2    1    1
 7.820203602994532e-05    3    2    2    1
 -0.03972482708673168    3    2    2    2
 9.659464882509293e-05    3    2    3    1
 0.01154188072426251    3    2    3    2
 0.6186274878312826    3    3    1    1
 0.0001885248407605711    3    3    2    1
 0.3539173381854547    3    3    2    2
 -0.003682580992824161    3    3    3    1
 0.01398166172830483    3    3    3    2
 0.5019167498735861    3    3    3    3
 0.1689936059726453    4    1    1    1
 0.0001239844413560651    4    1    2    1
 0.00189354253043375    4    1    2    2
 -0.01765830535470119    4    1    3    1
 0.0002769181050697048    4    1    3    2
 0.007260439134103965    4    1    3    3
 0.01439219599472534    4    1    4    1
 0.01493197265517822    4    2    1    1
 4.814074003180914e-05    4    2    2    1
 -0.03465806401358522    4    2    2    2
 -4.608992989207459e-05    4    2    3    1
 0.01242723773043532    4    2    3    2
 0.01680949028198899    4    2    3    3
 2.330324394247541e-05    4    2    4    1
 0.01754843910431601    4    2    4    2
 -0.1523507187979681    4    3    1    1
 -5.616218330585035e-05    4    3    2    1
 0.09469150336947509    4    3    2    2
 0.004669629774995592    4    3    3    1
 0.003327422288795179    4    3    3    2
 0.0004072220899404675    4    3    3    3
 4.780679223444078e-05    4    3    4    1
 0.00484852382026337    4    3    4    2
 0.08175591874443076    4    3    4    3
 0.484737310849275    4    4    1    1
 -0.0001438442374198103    4    4    2    1
 0.3268922913534427    4    4    2    2
 -0.00432767168470978    4    4    3    1
 0.008834030012044821    4    4    3    2
 0.3857451294567214    4    4    3    3
 0.0002653915470837462    4    4    4    1
 0.01998688228264773    4    4    4    2
 -0.01011675303263406    4    4    4    3
 0.3891433863376925    4    4    4    4
 -6.712797733286839e-05    5    1    1    1
 -4.908559524547291e-05    5    1    2    1
 -0.0007453690418809581    5    1    2    2
 -0.0001056353255912073    5    1    3    1
 2.435677169920581e-05    5    1    3    2
 -0.0004130925836249913    5    1    3    3
 -0.0001580881042723234    5    1    4    1
 0.0001488696184610658    5    1    4    2
 -0.0001837790230627892    5    1    4    3
 0.0001657313139595867    5    1    4    4
 0.00478194206331177    5    1    5    1
 -0.003081620272046037    5    2    1    1
 3.299856635563049e-08    5    2    2    1
 -0.006978007523296739    5    2    2    2
 1.927067362593147e-05    5    2    3    1
 -0.001584386560424595    5    2    3    2
 -0.002789272604270337    5    2    3    3
 -1.858296052599021e-05    5    2    4    1
 -0.002640979435876705    5    2    4    2
 -0.0003176857452529791    5    2    4    3
 -0.002874993529666751    5    2    4    4
 5.900913352843199e-05    5    2    5    1
 0.006057892539507748    5    2    5    2
 -0.003695286031341977    5    3    1    1
 -5.495260037643667e-05    5    3    2    1
 -0.02628609867008142    5    3    2    2
 -0.000119288814406516    5    3    3    1
 0.002870980949242281    5    3    3    2
 -0.002656460956028462    5    3    3    3
 -0.0002363314641745443    5    3    4    1
 0.005337343205839147    5    3    4    2
 0.001912819416357392    5    3    4    3
 0.004116602432018744    5    3    4    4
 0.007029080109801944    5    3    5    1
 0.007155195594695066    5    3    5    2
 0.07426585642892226    5    3    5    3
 -0.005147780809429512    5    4    1    1
 3.315167071730377e-05    5    4    2    1
 -0.01389342883739594    5    4    2    2
 0.0001701996053793138    5    4    3    1
 0.002786078480669017    5    4    3    2
 0.003857662990441916    5    4    3    3
 0.0001033688419666007    5    4    4    1
 0.004080098094214965    5    4    4    2
 0.007780111418487223    5    4    4    3
 0.006778060924991617    5    4    4    4
 -0.004566096551319636    5    4    5    1
 0.008342302036129094    5    4    5    2
 -0.007478985716575515    5    4    5    3
 0.05998824449489355    5    4    5    4
 0.4917066940718937    5    5    1    1
 1.961890997197743e-05    5    5    2    1
 0.3182779810489628    5    5    2    2
 -0.001647838123294093    5    5    3    1
 0.01057260037464813    5    5    3    2
 0.4163095405008701    5    5    3    3
 0.001760141407596836    5    5    4    1
 0.01745176083540226    5    5    4    2
 -0.008827297370701146    5    5    4    3
 0.3754079968849535    5    5    4    4
 0.00016376719892351    5    5    5    1
 -0.00422542996950281    5    5    5    2
 0.000873150417150443    5    5    5    3
 -0.002316527994647642    5    5    5    4
 0.3990523668172213    5    5    5    5
 1.012292279635378e-15    6    1    1    1
 0.0002080060142134216    6    1    6    1
 2.465609097841227e-15    6    2    2    2
 -3.147577291800181e-15    6    2    5    2
 5.987126270254318e-05    6    2    6    1
 0.05407148357094625    6    2    6    2
 4.254079532406433e-15    6    3    5    3
 -2.397311217203347e-15    6    3    5    4
 0.0002881715099600289    6    3    6    1
 -0.003387775753917451    6    3    6    2
 0.006504034865549188    6    3    6    3
 2.765221171662788e-15    6    4    1    1
 -2.361318805968453e-15    6    4    2    2
 -1.54186103140862e-15    6    4    4    3
 -3.198190979180723e-15    6    4    5    3
 3.258058035434964e-15    6    4    5    4
 -0.0001050341098357132    6    4    6    1
 -0.007993472962813776    6    4    6    2
 0.005034970044342084    6    4    6    3
 0.007662372570668023    6    4    6    4
 2.336984276050254e-14    6    5    1    1
 -9.252400045146294e-15    6    5    2    2
 1.151957599803871e-15    6    5    3    2
 1.108034496988946e-14    6    5    3    3
 2.042657080500933e-15    6    5    4    2
 -7.097941348866942e-15    6    5    4    3
 8.088015836461702e-15    6    5    4    4
 2.245137510662671e-15    6    5    5    3
 1.734561439648243e-15    6    5    5    4
 9.234854153699668e-15    6    5    5    5
 -1.843556555981521e-05    6    5    6    1
 5.396999578172894e-05    6    5    6    2
 -0.002912018397341427    6    5    6    3
 -0.003974485424465916    6    5    6    4
 0.004411453024908953    6    5    6    5
 0.2005527547510871    6    6    1    1
 5.310574838504967e-06    6    6    2    1
 0.4155466779861433    6    6    2    2
 0.000361196015573171    6    6    3    1
 -0.01115997016612962    6    6    3    2
 0.2418736222129603    6    6    3    3
 0.0008751799089841632    6    6    4    1
 -0.02020891066194281    6    6    4    2
 0.0529519240563233    6    6    4    3
 0.2490702970988592    6    6    4    4
 -0.0007840386518166649    6    6    5    1
 -0.005820100893622233    6    6    5    2
 -0.0344898379144306    6    6    5    3
 -0.02736521423569301    6    6    5    4
 0.2463547287703745    6    6    5    5
 2.930287671276946e-15    6    6    6    2
 -1.18467837872473e-15    6    6    6    3
 -1.99481105242479e-15    6    6    6    4
 -1.813123518413036e-14    6    6    6    5
 0.5003273574303937    6    6    6    6
 0.02714920166203875    7    1    1    1
 -0.0002004568025360123    7    1    2    1
 -0.003541694591580426    7    1    2    2
 -0.004678140216910165    7    1    3    1
 -0.0005432831387223706    7    1    3    2
 -0.006361398655746814    7    1    3    3
 -0.001135264411956859    7    1    4    1
 -2.979264343257223e-05    7    1    4    2
 -0.005178788594387644    7    1    4    3
 0.004302482795179393    7    1    4    4
 -2.667625369796239e-05    7    1    5    1
 8.760821687482505e-07    7    1    5    2
 -6.569145600382554e-05    7    1    5    3
 1.262169089211227e-05    7    1    5    4
 -0.00079508624113039    7    1    5    5
 -0.001641555599888556    7    1    6    6
 0.006939258651265112    7    1    7    1
 -0.007513019067032215    7    2    1    1
 -1.943257084193157e-05    7    2    2    1
 0.0119923145623796    7    2    2    2
 6.92158588206166e-05    7    2    3    1
 0.004017001157815866    7    2    3    2
 0.004105961064929167    7    2    3    3
 -8.562465858927774e-05    7    2    4    1
 0.01093406813251793    7    2    4    2
 0.0121311078394504    7    2    4    3
 0.01607915469217125    7    2    4    4
 5.75372969092212e-05    7    2    5    1
 -0.002999568071694247    7    2    5    2
 0.002756702899742187    7    2    5    3
 0.002433952668937438    7    2    5    4
 0.009615649076465371    7    2    5    5
 -0.003828678249021305    7    2    6    6
 3.667159444181758e-05    7    2    7    1
 0.01369865399445944    7    2    7    2
 -0.1132549769281684    7    3    1    1
 -0.0002758865813622803    7    3    2    1
 -0.02890347398552633    7    3    2    2
 -0.001251012629485954    7    3    3    1
 -0.004969223646046669    7    3    3    2
 -0.1007917199011622    7    3    3    3
 -0.005450568733993063    7    3    4    1
 0.001687555852990509    7    3    4    2
 -0.0105092454285276    7    3    4    3
 -0.002356431661473368    7    3    4    4
 6.997149463072449e-05    7    3    5    1
 0.0001407143828908692    7    3    5    2
 0.002855773141316016    7    3    5    3
 0.003932431430174438    7    3    5    4
 -0.03429181897073658    7    3    5    5
 -2.376754720353138e-15    7    3    6    5
 0.003863409969205237    7    3    6    6
 0.009176979861505742    7    3    7    1
 0.009371208756342987    7    3    7    2
 0.08457321321786648    7    3    7    3
 -0.1355760379185297    7    4    1    1
 2.185793996805416e-05    7    4    2    1
 0.08437674474822425    7    4    2    2
 0.002309491427046898    7    4    3    1
 0.003603264889485166    7    4    3    2
 -0.0220123968140518    7    4    3    3
 0.002131727893845561    7    4    4    1
 0.007953128242218851    7    4    4    2
 0.08160680904944261    7    4    4    3
 -0.0145972563221033    7    4    4    4
 0.0002031804259952149    7    4    5    1
 -0.00124442442666209    7    4    5    2
 0.005806634819064948    7    4    5    3
 0.00458795847719647    7    4    5    4
 -0.01595087112884219    7    4    5    5
 -2.220895889244361e-15    7    4    6    4
 -8.47335354430668e-15    7    4    6    5
 0.06458647216523934    7    4    6    6
 -0.005625600903237065    7    4    7    1
 0.01893168750622674    7    4    7    2
 0.00604853621209621    7    4    7    3
 0.1033346747273213    7    4    7    4
 0.0003717200503799161    7    5    1    1
 -8.989968548025559e-06    7    5    2    1
 -0.01108127945660846    7    5    2    2
 0.0001406889535069748    7    5    3    1
 0.002537603920563339    7    5    3    2
 0.007725074552475821    7    5    3    3
 0.0002412076667385672    7    5    4    1
 0.004036788878229327    7    5    4    2
 0.007467302275170301    7    5    4    3
 0.004433686887302201    7    5    4    4
 0.0007246564399915947    7    5    5    1
 0.003604869542150249    7    5    5    2
 0.02040791422155967    7    5    5    3
 -0.001283860742270706    7    5    5    4
 0.005617081564626974    7    5    5    5
 1.058678666974087e-15    7    5    6    3
 -2.022123900568393e-15    7    5    6    4
 1.540780145485104e-15    7    5    6    5
 -0.02590007498301767    7    5    6    6
 -0.0005840400670585343    7    5    7    1
 0.001723864975534867    7    5    7    2
 -0.004673277753414319    7    5    7    3
 0.009688202146722284    7    5    7    4
 0.03354197963807249    7    5    7    5
 -5.894436115877009e-15    7    6    1    1
 -3.222483053862597e-15    7    6    3    3
 1.215638360961542e-15    7    6    4    3
 -2.78119727374276e-15    7    6    4    4
 -2.446145817129945e-15    7    6    5    4
 -1.879117952875805e-15    7    6    5    5
 -6.384771539668147e-05    7    6    6    1
 -0.005758278105721442    7    6    6    2
 0.00212380813242884    7    6    6    3
 0.005007459903244402    7    6    6    4
 -0.003188316795031128    7    6    6    5
 3.588812453266283e-15    7    6    6    6
 1.815666811162671e-15    7    6    7    4
 1.008607477206942e-15    7    6    7    5
 0.005201227824475926    7    6    7    6
 0.5354317784540449    7    7    1    1
 9.334991484677181e-05    7    7    2    1
 0.3641763931345295    7    7    2    2
 -0.001493291647296299    7    7    3    1
 0.014404995639803    7    7    3    2
 0.455108103876926    7    7    3    3
 0.003916352717982519    7    7    4    1
 0.02216542260682998    7    7    4    2
 0.01231676713470765    7    7    4    3
 0.3911027267122076    7    7    4    4
 -0.0006736303051689417    7    7    5    1
 -0.004558292201839965    7    7    5    2
 -0.005879529624285615    7    7    5    3
 0.01010908363976755    7    7    5    4
 0.3935220326472545    7    7    5    5
 7.759114981542497e-15    7    7    6    5
 0.26121273468324    7    7    6    6
 -0.003988493755669935    7    7    7    1
 0.01442677529205771    7    7    7    2
 -0.06451230159163497    7    7    7    3
 -0.001067667195042446    7    7    7    4
 0.00491124945954167    7    7    7    5
 -3.197722336834232e-15    7    7    7    6
 0.4513464521535578    7    7    7    7
 0.001088114251587095    8    1    1    1
 -3.985478388778981e-05    8    1    2    1
 -0.0005726126219127929    8    1    2    2
 -0.000195169669797933    8    1    3    1
 2.292702171310414e-05    8    1    3    2
 -0.0002475251637495101    8    1    3    3
 -8.545296815590744e-06    8    1    4    1
 0.0001273064476343314    8    1    4    2
 -0.0001133851159173097    8    1    4    3
 0.0001177977463528025    8    1    4    4
 0.00414047694488549    8    1    5    1
 5.759826782868179e-05    8    1    5    2
 0.005903049725139537    8    1    5    3
 -0.003939818003787501    8    1    5    4
 0.0001860438442302679    8    1    5    5
 -0.0006420275068349395    8    1    6    6
 -9.472727105398305e-05    8    1    7    1
 5.046491874402447e-05    8    1    7    2
 -4.374747606330584e-05    8    1    7    3
 0.000257330597357588    8    1    7    4
 0.0007767485554023198    8    1    7    5
 -0.0005270130861962645    8    1    7    7
 0.003591497950542181    8    1    8    1
 0.0007929121542574639    8    2    1    1
 -1.410643932765962e-06    8    2    2    1
 0.01103749670366511    8    2    2    2
 3.265192407190983e-05    8    2    3    1
 0.00217712833126194    8    2    3    2
 0.003465373999335592    8    2    3    3
 2.160211848476699e-05    8    2    4    1
 0.004320665564133586    8    2    4    2
 0.002475238499683207    8    2    4    3
 0.004642032366515415    8    2    4    4
 -0.0002086174315067993    8    2    5    1
 -0.00729659387063025    8    2    5    2
 -0.009685732890261653    8    2    5    3
 -0.007064860910154174    8    2    5    4
 0.005387782083429491    8    2    5    5
 -1.98896831587616e-15    8    2    6    2
 0.007350186262375507    8    2    6    6
 -4.694168366101774e-05    8    2    7    1
 0.005385059363601028    8    2    7    2
 0.0009401331117468002    8    2    7    3
 0.004138067438888833    8    2    7    4
 -0.00596244583121571    8    2    7    5
 0.006949935101526744    8    2    7    7
 -0.000190731596126807    8    2    8    1
 0.009384727406063692    8    2    8    2
 -0.006909192376253492    8    3    1    1
 -4.120658105708943e-05    8    3    2    1
 0.01215417981554896    8    3    2    2
 -7.365739954681537e-05    8    3    3    1
 -0.00231255509188257    8    3    3    2
 -0.00869382776182457    8    3    3    3
 -0.0002158975729417169    8    3    4    1
 -0.002976054071767003    8    3    4    2
 -0.003419357791574832    8    3    4    3
 -0.006438664656681822    8    3    4    4
 0.004388540219156993    8    3    5    1
 -0.006946657445866033    8    3    5    2
 0.006018006043368407    8    3    5    3
 -0.04716050080163042    8    3    5    4
 -0.0002774095287709322    8    3    5    5
 1.480092762339436e-15    8    3    6    3
 -3.116258534994172e-15    8    3    6    4
 -1.470743216892021e-15    8    3    6    5
 0.02347314829366535    8    3    6    6
 6.014475570800174e-05    8    3    7    1
 -0.0009080180118777002    8    3    7    2
 0.0008162039043185899    8    3    7    3
 0.0008407590247467832    8    3    7    4
 -0.0002942906961958484    8    3    7    5
 1.52138361978057e-15    8    3    7    6
 -0.01076324937157639    8    3    7    7
 0.003738288821833438    8    3    8    1
 0.006182035145198037    8    3    8    2
 0.03956869167772497    8    3    8    3
 -0.006862953255819027    8    4    1    1
 3.845647203424897e-05    8    4    2    1
 0.03361435414512713    8    4    2    2
 4.265849457332834e-05    8    4    3    1
 -0.004115072210103985    8    4    3    2
 -0.007534636348409545    8    4    3    3
 -4.00530511280912e-05    8    4    4    1
 -0.006897239512203467    8    4    4    2
 -0.003051308141696937    8    4    4    3
 -0.007531909047886158    8    4    4    4
 -0.005370420597279506    8    4    5    1
 -0.008680601950624246    8    4    5    2
 -0.06905564187216166    8    4    5    3
 0.003634463396083546    8    4    5    4
 -0.007556445492821919    8    4    5    5
 -4.384891632047669e-15    8    4    6    3
 2.845410509879082e-15    8    4    6    4
 -3.084624520708942e-15    8    4    6    5
 0.05157875632627311    8    4    6    6
 0.0004440238200583561    8    4    7    1
 -0.002314091475003882    8    4    7    2
 0.003098852669746785    8    4    7    3
 -0.006490177062157566    8    4    7    4
 -0.0417999730258464    8    4    7    5
 -1.515101266178162e-15    8    4    7    6
 -0.0003832732584316495    8    4    7    7
 -0.004644040700150981    8    4    8    1
 0.01250182194322283    8    4    8    2
 -0.001270004928944317    8    4    8    3
 0.08382274932783988    8    4    8    4
 0.1643863458617364    8    5    1    1
 9.840427570896568e-05    8    5    2    1
 -0.1099528633908678    8    5    2    2
 -0.002572426652192557    8    5    3    1
 -0.004377021852393988    8    5    3    2
 0.01323061670698894    8    5    3    3
 -0.000708390187635649    8    5    4    1
 -0.005853726347758626    8    5    4    2
 -0.09895298408663035    8    5    4    3
 0.01100977536279    8    5    4    4
 0.000567456280706166    8    5    5    1
 0.002748733094563092    8    5    5    2
 0.006397197138680769    8    5    5    3
 -0.008420613426333531    8    5    5    4
 0.01668858171201125    8    5    5    5
 1.288511710787459e-15    8    5    6    4
 1.069215182496535e-14    8    5    6    5
 -0.08028828004711562    8    5    6    6
 0.003787189886353816    8    5    7    1
 -0.01545271571758278    8    5    7    2
 0.00014705914286831    8    5    7    3
 -0.1020801608533779    8    5    7    4
 -0.004032129080175521    8    5    7    5
 -1.883838602640337e-15    8    5    7    6
 -0.008867050463727846    8    5    7    7
 0.0004538391351894494    8    5    8    1
 -0.006222581348481731    8    5    8    2
 0.002160087200832282    8    5    8    3
 -0.007691200017605601    8    5    8    4
 0.1377411152574548    8    5    8    5
 1.784663810764406e-14    8    6    1    1
 -9.99810011182393e-15    8    6    2    2
 5.475343881702411e-15    8    6    3    3
 -7.770236761135787e-15    8    6    4    3
 4.726241941025786e-15    8    6    4    4
 6.219371056602751e-15    8    6    5    5
 7.463885855871812e-06    8    6    6    1
 -0.0002831901452878752    8    6    6    2
 0.003469003290326868    8    6    6    3
 0.005319545671147837    8    6    6    4
 -0.005201618819938266    8    6    6    5
 -1.255029956457721e-14    8    6    6    6
 -8.393809539451366e-15    8    6    7    4
 0.004579214657785832    8    6    7    6
 3.485006210295503e-15    8    6    7    7
 -1.163224404949399e-15    8    6    8    3
 -2.133075886645153e-15    8    6    8    4
 1.066217913210072e-14    8    6    8    5
 0.007111353626300197    8    6    8    6
 -0.007955518833401044    8    7    1    1
 -3.662918615940452e-06    8    7    2    1
 0.03132337495531576    8    7    2    2
 0.0001794297047292948    8    7    3    1
 -0.001927128886802616    8    7    3    2
 -0.001174182276139052    8    7    3    3
 0.0002413103202261346    8    7    4    1
 -0.003114506226473458    8    7    4    2
 0.005025088028706983    8    7    4    3
 -0.006609320732695278    8    7    4    4
 0.001297662725504322    8    7    5    1
 -0.007008346370459799    8    7    5    2
 -0.001687470014776968    8    7    5    3
 -0.0423544153398458    8    7    5    4
 -0.0006395640857534789    8    7    5    5
 1.028138633611779e-15    8    7    6    3
 -2.649015730999792e-15    8    7    6    4
 -2.863577413667537e-15    8    7    6    5
 0.04055618926577424    8    7    6    6
 -0.0006397909812499375    8    7    7    1
 -9.699368690043624e-05    8    7    7    2
 -0.005630178995789182    8    7    7    3
 0.007360581357655601    8    7    7    4
 -0.004328088098849887    8    7    7    5
 1.698142186013714e-15    8    7    7    6
 -0.003945551848933321    8    7    7    7
 0.001166935217383064    8    7    8    1
 0.006970770645923646    8    7    8    2
 0.03025740578470733    8    7    8    3
 0.006954821914048621    8    7    8    4
 -0.008538896765236467    8    7    8    5
 -2.379015278193855e-15    8    7    8    6
 0.03958767727803464    8    7    8    7
 0.4292313935104473    8    8    1    1
 -4.522522145654326e-05    8    8    2    1
 0.3349909585203767    8    8    2    2
 -0.001497889098371998    8    8    3    1
 0.009422287347765951    8    8    3    2
 0.3828721397632574    8    8    3    3
 0.0009089237490879815    8    8    4    1
 0.0177462988522645    8    8    4    2
 0.005413976511433231    8    8    4    3
 0.3709722950459531    8    8    4    4
 0.0001521278847305786    8    8    5    1
 -0.006053412135093526    8    8    5    2
 -0.001177777858242563    8    8    5    3
 -0.003573819522455232    8    8    5    4
 0.383327559310408    8    8    5    5
 6.854073706256567e-15    8    8    6    5
 0.2715013831355178    8    8    6    6
 0.0002426942613967728    8    8    7    1
 0.01424290147706334    8    8    7    2
 -0.01170471824139897    8    8    7    3
 0.003378608655359752    8    8    7    4
 0.000564148331169962    8    8    7    5
 -2.121049343125455e-15    8    8    7    6
 0.3788440150004999    8    8    7    7
 0.0001489746237509821    8    8    8    1
 0.008266047140167355    8    8    8    2
 0.002236044741420827    8    8    8    3
 -0.0002313930817522515    8    8    8    4
 -0.007760685986980754    8    8    8    5
 2.739402852747889e-15    8    8    8    6
 0.003794257930834694    8    8    8    7
 0.3829933344618937    8    8    8    8
 0.001414307389006995    9    1    6    1
 0.0002982064813538542    9    1    6    2
 0.0019193400928568    9    1    6    3
 -0.0006824405109135766    9    1    6    4
 -0.000124986993902807    9    1    6    5
 -0.0003788649420189221    9    1    7    6
 6.28135890799253e-05    9    1    8    6
 0.009620243368006105    9    1    9    1
 3.709187520969436e-05    9    2    6    1
 -0.01177521633560146    9    2    6    2
 0.005211552389914972    9    2    6    3
 0.006116100476033752    9    2    6    4
 -0.001553544972951638    9    2    6    5
 -1.289237728053098e-15    9    2    6    6
 0.002984940776105855    9    2    7    6
 0.001945258978362541    9    2    8    6
 0.0002847901026319436    9    2    9    1
 0.009688192972660135    9    2    9    2
 -1.094502435229397e-15    9    3    5    3
 0.0016117134468838    9    3    6    1
 0.01130956554263017    9    3    6    2
 0.01751865169161866    9    3    6    3
 0.004246531549932426    9    3    6    4
 -0.002776734911016055    9    3    6    5
 -0.002828200816698675    9    3    7    6
 0.002276774873165456    9    3    8    6
 0.01067600449878132    9    3    9    1
 0.008859520615366748    9    3    9    2
 0.07340240955540946    9    3    9    3
 -0.0008142299119613838    9    4    6    1
 0.009619566111452125    9    4    6    2
 0.002087950423643123    9    4    6    3
 0.006024167146058643    9    4    6    4
 -0.0008947744308674064    9    4    6    5
 0.0005920401325117772    9    4    7    6
 0.001053640119102396    9    4    8    6
 -0.00550094942404615    9    4    9    1
 0.004659002659159112    9    4    9    2
 -0.0005668776868781937    9    4    9    3
 0.02667649994434565    9    4    9    4
 -4.904915568694669e-15    9    5    1    1
 -3.854742907616205e-15    9    5    3    3
 -2.37510694206498e-15    9    5    4    4
 -2.99095739365909e-15    9    5    5    5
 -1.431301597077011e-05    9    5    6    1
 -0.002602197908225772    9    5    6    2
 -0.0006700482343396244    9    5    6    3
 -8.384606003557274e-05    9    5    6    4
 0.00330620269677805    9    5    6    5
 4.186741467473523e-15    9    5    6    6
 1.20915317132757e-15    9    5    7    3
 0.000389369239128296    9    5    7    6
 -3.002673075242162e-15    9    5    7    7
 -0.00110112055175842    9    5    8    6
 -1.878313391495951e-15    9    5    8    8
 -6.648162406625668e-05    9    5    9    1
 0.0002515120437342863    9    5    9    2
 -0.001440396651922644    9    5    9    3
 -0.0002489484572067676    9    5    9    4
 0.01227878001158502    9    5    9    5
 0.08008929368873316    9    6    1    1
 -1.95634463353895e-06    9    6    2    1
 -0.004598015490485954    9    6    2    2
 -0.0003256054421516051    9    6    3    1
 0.008213971101661294    9    6    3    2
 0.06179494791038198    9    6    3    3
 0.0007458911755341386    9    6    4    1
 0.01308727622044264    9    6    4    2
 -0.002883381936765133    9    6    4    3
 0.03729307052202813    9    6    4    4
 4.079782432751683e-05    9    6    5    1
 -0.001084431258782797    9    6    5    2
 0.005146426002301964    9    6    5    3
 0.006568213914663555    9    6    5    4
 0.04069444126447305    9    6    5    5
 -1.235597594167326e-15    9    6    6    2
 6.826311606389971e-15    9    6    6    5
 -0.06100326223399927    9    6    6    6
 -0.0007216314164340907    9    6    7    1
 0.006660782517746692    9    6    7    2
 -0.02013535188738025    9    6    7    3
 -0.01069644399189385    9    6    7    4
 0.007801606530978042    9    6    7    5
 -1.793484793248039e-15    9    6    7    6
 0.04792675546661064    9    6    7    7
 4.787175227748255e-05    9    6    8    1
 0.001807303840330384    9    6    8    2
 -0.00627610724259464    9    6    8    3
 -0.01146112162424524    9    6    8    4
 0.01000235225164272    9    6    8    5
 3.477548248590329e-15    9    6    8    6
 -0.008228484666625418    9    6    8    7
 0.02987809099488579    9    6    8    8
 -1.409076918483166e-15    9    6    9    5
 0.03497678406446593    9    6    9    6
 1.581493900938046e-15    9    7    1    1
 1.261832424291863e-15    9    7    3    3
 -0.0002852619446758173    9    7    6    1
 0.004083182376424018    9    7    6    2
 -0.004342189841865539    9    7    6    3
 -0.0009097327580106713    9    7    6    4
 0.000671288469936749    9    7    6    5
 -1.038261495066698e-15    9    7    6    6
 0.003895972615898991    9    7    7    6
 1.211652804239365e-15    9    7    7    7
 -0.0003019402570977138    9    7    8    6
 -0.001778108370963105    9    7    9    1
 -0.001984541849697185    9    7    9    2
 -0.01675150306999083    9    7    9    3
 -0.0009894902294079531    9    7    9    4
 0.0008174396157195483    9    7    9    5
 0.01910693908443487    9    7    9    7
 -2.807040388927188e-15    9    8    1    1
 -1.921512990785992e-15    9    8    3    3
 -1.135651274358311e-15    9    8    4    4
 -1.189262996072928e-15    9    8    5    5
 -1.614778299798511e-05    9    8    6    1
 0.002849993761012339    9    8    6    2
 -0.0003654681325330973    9    8    6    3
 -0.000436041844670021    9    8    6    4
 -0.000552189002406843    9    8    6    5
 1.921649399641292e-15    9    8    6    6
 -0.0002760358053341747    9    8    7    6
 -1.441510116929271e-15    9    8    7    7
 0.001853158653365997    9    8    8    6
 -1.009485107839793e-15    9    8    8    8
 -9.603894959419003e-05    9    8    9    1
 -0.0007469647402503943    9    8    9    2
 -0.001036420021801648    9    8    9    3
 -0.000153042092398551    9    8    9    4
 0.0009459000879697182    9    8    9    5
 0.0004391500646882514    9    8    9    7
 0.007694996022199156    9    8    9    8
 0.5854032557887237    9    9    1    1
 9.449083780070773e-05    9    9    2    1
 0.3540883254482632    9    9    2    2
 -0.002630533640700491    9    9    3    1
 0.01324992696956785    9    9    3    2
 0.4662060610925535    9    9    3    3
 0.004118202255020661    9    9    4    1
 0.01725948984775294    9    9    4    2
 0.001543956404805765    9    9    4    3
 0.3771865990753544    9    9    4    4
 -0.0002874523891615563    9    9    5    1
 -0.003702469181470965    9    9    5    2
 -0.005428651821772    9    9    5    3
 0.0006543791080213551    9    9    5    4
 0.3867811724922898    9    9    5    5
 7.94656135058792e-15    9    9    6    5
 0.2594389950428322    9    9    6    6
 -0.003102717600518343    9    9    7    1
 0.007458146972710239    9    9    7    2
 -0.0750199866546111    9    9    7    3
 -0.01292080463224419    9    9    7    4
 0.004496059829224302    9    9    7    5
 -2.591251273111774e-15    9    9    7    6
 0.4239710247679356    9    9    7    7
 -0.0001869939567546411    9    9    8    1
 0.004791667291545396    9    9    8    2
 -0.00480696676294887    9    9    8    3
 -0.001566292623771675    9    9    8    4
 0.005413477109723064    9    9    8    5
 3.712140515760589e-15    9    9    8    6
 0.00222455720195946    9    9    8    7
 0.3616678928269519    9    9    8    8
 -3.650653528868829e-15    9    9    9    5
 0.05873946640996235    9    9    9    6
 1.2398679835516e-15    9    9    9    7
 -1.826464663935732e-15    9    9    9    8
 0.4732732523980419    9    9    9    9
 -7.073345983451994e-15   10    1    1    1
 -1.160135202920545e-15   10    1    3    3
 -0.001631793047035398   10    1    6    1
 -0.0003398206043570427   10    1    6    2
 -0.002102340782967024   10    1    6    3
 0.0007809159780983575   10    1    6    4
 0.0001318682171483653   10    1    6    5
 0.0003669940317410185   10    1    7    6
 -7.146896278457167e-05   10    1    8    6
 -0.01110677494871558   10    1    9    1
 -0.0003292590713775025   10    1    9    2
 -0.01176967146663224   10    1    9    3
 0.006261298904929377   10    1    9    4
 5.409488002780831e-05   10    1    9    5
 0.001702125059483412   10    1    9    7
 8.989184701352461e-05   10    1    9    8
 -1.042675634297083e-15   10    1    9    9
 0.01283794294539366   10    1   10    1
 1.183401253933783e-15   10    2    1    1
 1.25224699285929e-15   10    2    3    3
 1.502048227621263e-15   10    2    5    5
 2.673545550976157e-05   10    2    6    1
 -0.004528479916758312   10    2    6    2
 0.005363841920716211   10    2    6    3
 0.006068360994957472   10    2    6    4
 -0.002131449956160863   10    2    6    5
 -2.166446786000353e-15   10    2    6    6
 0.003154525540673878   10    2    7    6
 1.076838198509882e-15   10    2    7    7
 0.002753796971165403   10    2    8    6
 0.0002138507166606347   10    2    9    1
 0.009399348697471128   10    2    9    2
 0.01084764777156862   10    2    9    3
 0.006759609781664631   10    2    9    4
 -5.536164363546396e-05   10    2    9    5
 -0.0004995837770946576   10    2    9    7
 -0.0003049513930368124   10    2    9    8
 -0.0002721333941691869   10    2   10    1
 0.0105741157097645   10    2   10    2
 -0.001218956625648236   10    3    6    1
 0.007732320632716574   10    3    6    2
 0.002354331437000605   10    3    6    3
 0.007960500348187087   10    3    6    4
 -0.001790722681296673   10    3    6    5
 0.001613148936301815   10    3    7    6
 0.002137298274082145   10    3    8    6
 -0.008164609347885429   10    3    9    1
 0.006400465178578176   10    3    9    2
 -0.005350923798066262   10    3    9    3
 0.0306318077346606   10    3    9    4
 -0.0007526670533383268   10    3    9    5
 0.001214269407750196   10    3    9    7
 4.336995072865683e-05   10    3    9    8
 0.009158788429181141   10    3   10    1
 0.008773768536418451   10    3   10    2
 0.04036905197859413   10    3   10    3
 -1.098859573417735e-15   10    4    1    1
 0.001114143052930955   10    4    6    1
 0.01245834724415184   10    4    6    2
 0.01175417605979368   10    4    6    3
 0.004235240988507576   10    4    6    4
 -0.00257555961538045   10    4    6    5
 0.001927350196340378   10    4    7    6
 0.002917696124041931   10    4    8    6
 0.007496364643704881   10    4    9    1
 0.006939986828911926   10    4    9    2
 0.04740535816589578   10    4    9    3
 0.0001887253431433182   10    4    9    4
 -0.000225710118913416   10    4    9    5
 0.002349725433859011   10    4    9    7
 -0.0001605821222714026   10    4    9    8
 -0.008515133597100325   10    4   10    1
 0.01008253755807798   10    4   10    2
 -0.0009748430526708294   10    4   10    3
 0.04276220029379776   10    4   10    4
 -1.807917638824292e-15   10    5    2    2
 -2.632479933695599e-15   10    5    3    3
 -1.183507988771074e-15   10    5    4    3
 -1.524815171782707e-15   10    5    4    4
 -2.027553145546744e-15   10    5    5    5
 -1.950830266330104e-05   10    5    6    1
 -0.003448192071760205   10    5    6    2
 -0.0009367675565829121   10    5    6    3
 -0.0007426465339433302   10    5    6    4
 0.00171644302634073   10    5    6    5
 1.517327548892291e-15   10    5    6    6
 -0.0003790048906788418   10    5    7    6
 -2.234856819374104e-15   10    5    7    7
 1.26737561299953e-15   10    5    8    5
 -0.003692720479910271   10    5    8    6
 -1.345741509958267e-15   10    5    8    8
 -0.0001420536220607814   10    5    9    1
 0.0001837986469880317   10    5    9    2
 -0.001867274878978108   10    5    9    3
 -5.365805602534932e-05   10    5    9    4
 -0.001401990576403222   10    5    9    5
 -1.892604185295271e-15   10    5    9    6
 0.0007723591492216321   10    5    9    7
 -0.009095660314774819   10    5    9    8
 -2.423761664151198e-15   10    5    9    9
 0.0001695538536332287   10    5   10    1
 -0.0005080123965899854   10    5   10    2
 -0.0007029068991411171   10    5   10    3
 -0.001625921449026274   10    5   10    4
 0.01131828266835587   10    5   10    5
 -0.01940900757949794   10    6    1    1
 -6.148523067448598e-05   10    6    2    1
 0.03004525487370815   10    6    2    2
 0.0007978471660084329   10    6    3    1
 0.00525133237715365   10    6    3    2
 0.02452605727401747   10    6    3    3
 2.396218827017343e-05   10    6    4    1
 0.008918121861580225   10    6    4    2
 0.02211073061000798   10    6    4    3
 0.01885631509671779   10    6    4    4
 -6.973927865770321e-05   10    6    5    1
 -0.002758965229216426   10    6    5    2
 -0.001185368070781187   10    6    5    3
 0.001169741155393265   10    6    5    4
 0.0193046022344691   10    6    5    5
 -3.676614357865648e-15   10    6    6    2
 -0.007028212210402855   10    6    6    6
 -0.0008936202018010313   10    6    7    1
 0.008327553440280895   10    6    7    2
 -0.005203838332708135   10    6    7    3
 0.01719339378722938   10    6    7    4
 0.002306743322762105   10    6    7    5
 0.0254134787073565   10    6    7    7
 -5.006507403073082e-05   10    6    8    1
 0.004324768844202825   10    6    8    2
 -0.0003285957785047498   10    6    8    3
 -0.0001908726897895517   10    6    8    4
 -0.02351887787358271   10    6    8    5
 0.001101926231665965   10    6    8    7
 0.021322402615134   10    6    8    8
 1.08755427817376e-15   10    6    9    2
 -1.340158927299662e-15   10    6    9    5
 0.0152995416170498   10    6    9    6
 -1.124565532486512e-15   10    6    9    8
 0.02368600227814244   10    6    9    9
 1.479510730936386e-15   10    6   10    2
 0.01829981754244516   10    6   10    6
 -5.37833006189975e-07   10    7    6    1
 0.006583065574413767   10    7    6    2
 0.000986233377306826   10    7    6    3
 0.002670001108967768   10    7    6    4
 -0.0007753933708839562   10    7    6    5
 -1.00946948352008e-15   10    7    6    6
 0.001544757375690546   10    7    7    6
 0.001374570362909626   10    7    8    6
 -6.160863912627316e-05   10    7    9    1
 0.0009675335100349696   10    7    9    2
 0.002176299011920021   10    7    9    3
 0.009806164172584298   10    7    9    4
 0.0006244132848509037   10    7    9    5
 0.0002502355049485464   10    7    9    7
 0.0004559134472667546   10    7    9    8
 0.0001895370688622994   10    7   10    1
 0.002026341539084992   10    7   10    2
 0.004856433531275702   10    7   10    3
 0.002057383448367203   10    7   10    4
 -0.0002605162440419601   10    7   10    5
 0.01314238241230713   10    7   10    7
 -1.092085551170065e-15   10    8    2    2
 4.618138696238614e-06   10    8    6    1
 0.004769850859350433   10    8    6    2
 0.0008376837691516962   10    8    6    3
 0.0008707649306603039   10    8    6    4
 -0.004010111846908247   10    8    6    5
 -1.210252981133064e-15   10    8    6    6
 0.0007517195365117922   10    8    7    6
 0.002760658540734568   10    8    8    6
 1.38703055401555e-05   10    8    9    1
 -0.0005119072698060923   10    8    9    2
 0.0008953929588940705   10    8    9    3
 0.000699633405366943   10    8    9    4
 -0.01071522201296228   10    8    9    5
 0.0005059271619185613   10    8    9    7
 0.0002049551141342807   10    8    9    8
 -9.417924940808797e-06   10    8   10    1
 0.0002554716323429703   10    8   10    2
 0.001093287740585416   10    8   10    3
 0.001170142675201801   10    8   10    4
 -0.0002527068435864705   10    8   10    5
 0.0004989283502775594   10    8   10    7
 0.01103849695101061   10    8   10    8
 -0.2541100933759842   10    9    1    1
 -0.0002389239998436605   10    9    2    1
 0.115635403032032   10    9    2    2
 0.004741434628990105   10    9    3    1
 0.004186075905028245   10    9    3    2
 -0.01946652197587504   10    9    3    3
 -0.001210147295952836   10    9    4    1
 0.00678512333393826   10    9    4    2
 0.09582317538868752   10    9    4    3
 -0.01293201071443689   10    9    4    4
 -0.0002383249000196898   10    9    5    1
 -0.001615975049282563   10    9    5    2
 -0.002314687259642524   10    9    5    3
 0.004817957809112945   10    9    5    4
 -0.01716276770306845   10    9    5    5
 1.23915396533861e-15   10    9    6    2
 -2.012546901378493e-15   10    9    6    4
 -7.958001147233998e-15   10    9    6    5
 0.05772849490936544   10    9    6    6
 -0.003362408727404532   10    9    7    1
 0.01383886197453592   10    9    7    2
 0.002585624410083753   10    9    7    3
 0.08302958733219633   10    9    7    4
 0.005151811770793189   10    9    7    5
 1.100641944903589e-15   10    9    7    6
 0.0009163904715100022   10    9    7    7
 -0.0001829207949431249   10    9    8    1
 0.003976030292268422   10    9    8    2
 -0.0004207041957816061   10    9    8    3
 0.002276865045221651   10    9    8    4
 -0.1029670712580134   10    9    8    5
 -8.456507430466145e-15   10    9    8    6
 0.007202738233590631   10    9    8    7
 0.001849622280411927   10    9    8    8
 -0.003167561038931376   10    9    9    6
 -0.01736072148557645   10    9    9    9
 -2.121078397893027e-15   10    9   10    5
 0.03527447464840334   10    9   10    6
 0.1585828074198914   10    9   10    9
 0.609922869649173   10   10    1    1
 5.735139865546647e-06   10   10    2    1
 0.3741857687123196   10   10    2    2
 -0.004207158454933427   10   10    3    1
 0.01411665021484828   10   10    3    2
 0.4656261694383048   10   10    3    3
 0.003915041009613272   10   10    4    1
 0.02164518626336184   10   10    4    2
 0.005033895737661823   10   10    4    3
 0.395709846048159   10   10    4    4
 -0.0001506112607419759   10   10    5    1
 -0.004778390930078294   10   10    5    2
 -0.004499431304088627   10   10    5    3
 0.001068039167672261   10   10    5    4
 0.3950557474623295   10   10    5    5
 2.089419410173113e-15   10   10    6    2
 8.49637122713792e-15   10   10    6    5
 0.2579705278850631   10   10    6    6
 -0.001155980964225767   10   10    7    1
 0.01322715251541648   10   10    7    2
 -0.05989591773285836   10   10    7    3
 -0.007345801159315631   10   10    7    4
 0.004965037688808331   10   10    7    5
 -3.342739643712489e-15   10   10    7    6
 0.4318700721666864   10   10    7    7
 -8.403514112749858e-05   10   10    8    1
 0.006532875398046787   10   10    8    2
 -0.004200157270503035   10   10    8    3
 -0.001992499895398529   10   10    8    4
 -0.0002710874586113068   10   10    8    5
 3.612183602221251e-15   10   10    8    6
 0.001691458509357597   10   10    8    7
 0.3741148613399477   10   10    8    8
 -4.105705844177701e-15   10   10    9    5
 0.06301591509642175   10   10    9    6
 1.483851269931436e-15   10   10    9    7
 -1.635571249253224e-15   10   10    9    8
 0.4804437732994046   10   10    9    9
 -1.145670250851777e-15   10   10   10    1
 -3.162558717728659e-15   10   10   10    5
 0.02928775188292183   10   10   10    6
 1.474187190493476e-15   10   10   10    7
 -0.007574252236738722   10   10   10    9
 0.5012552864245813   10   10   10   10
 0.03370181101111459   11    1    1    1
 2.161533689412969e-05   11    1    2    1
 0.0001686669382302066   11    1    2    2
 -0.003916044222535799   11    1    3    1
 -0.0001003339321062334   11    1    3    2
 6.322670704117879e-05   11    1    3    3
 0.002217007850730716   11    1    4    1
 -0.0001434968464006474   11    1    4    2
 -0.0009977616050015977   11    1    4    3
 0.0008543197458380459   11    1    4    4
 -0.005090168194400869   11    1    5    1
 -6.960716479686582e-05   11    1    5    2
 -0.006850383097371519   11    1    5    3
 0.00424808905785605   11    1    5    4
 -4.475526453359244e-05   11    1    5    5
 0.0005191093155206256   11    1    6    6
 0.001574714084468743   11    1    7    1
 -6.53218422072145e-05   11    1    7    2
 0.001184753991475654   11    1    7    3
 -0.001142727743741405   11    1    7    4
 -0.0005427838303327902   11    1    7    5
 0.0002826257910683386   11    1    7    7
 -0.004401614907841534   11    1    8    1
 0.0001833756498996224   11    1    8    2
 -0.004208755963963186   11    1    8    3
 0.005112814819976883   11    1    8    4
 0.0002209627189394151   11    1    8    5
 -0.001153021925257599   11    1    8    7
 5.191893517774086e-05   11    1    8    8
 -0.0001002299522961499   11    1    9    6
 0.0001315123417202623   11    1    9    9
 -0.000118437051464424   11    1   10    6
 -0.0006274722904363819   11    1   10    9
 0.0003947427243300963   11    1   10   10
 0.006174381732040389   11    1   11    1
 -0.006177278718161192   11    2    1    1
 -2.574193143196402e-06   11    2    2    1
 -0.02963337774358399   11    2    2    2
 -4.021501718364685e-05   11    2    3    1
 -0.001812898327784645   11    2    3    2
 -0.01209522015881043   11    2    3    3
 -7.257238236887377e-05   11    2    4    1
 -0.004904137695753824   11    2    4    2
 -0.007977661908123575   11    2    4    3
 -0.01697699947600218   11    2    4    4
 -0.000177680943302934   11    2    5    1
 0.001548313584992696   11    2    5    2
 -0.003160624711121187   11    2    5    3
 0.00244354848023829   11    2    5    4
 -0.0143415164625397   11    2    5    5
 -3.055250353069166e-15   11    2    6    2
 1.327443568976364e-15   11    2    6    4
 -0.02096793241272094   11    2    6    6
 0.000167944905271488   11    2    7    1
 -0.00769723382596753   11    2    7    2
 -0.003061749974820226   11    2    7    3
 -0.01158497985002163   11    2    7    4
 0.003728142103224913   11    2    7    5
 1.013448481533901e-15   11    2    7    6
 -0.01843812035390105   11    2    7    7
 -0.0001596148214414113   11    2    8    1
 -0.003637727372146304   11    2    8    2
 -0.001176004272667103   11    2    8    3
 -0.001518728217657766   11    2    8    4
 0.01194440110815552   11    2    8    5
 1.641976643375426e-15   11    2    8    6
 -0.007149113804972797   11    2    8    7
 -0.01983367644220448   11    2    8    8
 -1.047122577722168e-15   11    2    9    3
 -0.0003861975916248516   11    2    9    6
 -0.01240567571753198   11    2    9    9
 -0.005774592293400797   11    2   10    6
 -0.006650419011652192   11    2   10    9
 -0.01420043557703155   11    2   10   10
 0.0002060492763333594   11    2   11    1
 0.0244095609058699   11    2   11    2
 -0.0291186095862402   11    3    1    1
 -1.074537295901883e-05   11    3    2    1
 -0.0020480227502616   11    3    2    2
 0.0006537730930758873   11    3    3    1
 -0.0003484576172585795   11    3    3    2
 -0.00883672697381279   11    3    3    3
 -0.0008792392129896536   11    3    4    1
 -0.0003212463441560384   11    3    4    2
 0.002385661925104911   11    3    4    3
 -0.003346205430951045   11    3    4    4
 -0.003931210962807415   11    3    5    1
 -0.003426456812083608   11    3    5    2
 -0.02596907378680104   11    3    5    3
 -0.00353643020909237   11    3    5    4
 0.0006880483594870709   11    3    5    5
 -1.887997211827913e-15   11    3    6    3
 -0.001537376035764665   11    3    6    6
 0.0008398167910196729   11    3    7    1
 -9.792323120983534e-06   11    3    7    2
 0.00553771946393933   11    3    7    3
 0.003235135106974573   11    3    7    4
 0.0126111214026529   11    3    7    5
 -0.006508827986446477   11    3    7    7
 -0.003257596250569574   11    3    8    1
 0.003014462547587859   11    3    8    2
 0.002641638749591369   11    3    8    3
 0.008413100319758603   11    3    8    4
 -0.006285560168488653   11    3    8    5
 0.001507563696827027   11    3    8    7
 0.001543646610912751   11    3    8    8
 -0.0001175186115170592   11    3    9    6
 -0.009343110500722009   11    3    9    9
 0.002347229371643229   11    3   10    6
 0.00593911245629385   11    3   10    9
 -0.008841034508568903   11    3   10   10
 0.004032931759375112   11    3   11    1
 0.004471829722639982   11    3   11    2
 0.02993339926786949   11    3   11    3
 0.008772839051647149   11    4    1    1
 9.920769285408586e-07   11    4    2    1
 -0.01531052060436767   11    4    2    2
 -0.0003908754229032541   11    4    3    1
 0.001087567137888149   11    4    3    2
 0.001745220510321468   11    4    3    3
 0.0002565018685388533   11    4    4    1
 0.001023552026527754   11    4    4    2
 0.0001395299482140523   11    4    4    3
 0.002266539786586715   11    4    4    4
 0.001121412967358625   11    4    5    1
 0.0005487572024916607   11    4    5    2
 -0.005848709039198919   11    4    5    3
 0.01429018376352687   11    4    5    4
 0.00282529597541322   11    4    5    5
 1.607402716614701e-15   11    4    6    2
 -1.033748012496639e-15   11    4    6    3
 -0.0158765436358092   11    4    6    6
 -3.698041829434486e-05   11    4    7    1
 -0.0003417059493344058   11    4    7    2
 0.001185961508741159   11    4    7    3
 0.0001079547911085885   11    4    7    4
 0.0001337612584653578   11    4    7    5
 0.003469806311627135   11    4    7    7
 0.0009855051058093665   11    4    8    1
 -0.0001205730657791615   11    4    8    2
 -0.007734118980727172   11    4    8    3
 0.003951846165701029   11    4    8    4
 -0.005132184956474648   11    4    8    5
 -0.018062177163316   11    4    8    7
 0.00262208868918916   11    4    8    8
 -1.179536896354358e-15   11    4    9    3
 0.004276072728241855   11    4    9    6
 -0.0006830208508888559   11    4    9    9
 0.0008976993579882105   11    4   10    6
 -0.00496643804966049   11    4   10    9
 -0.001072776960068965   11    4   10   10
 -0.001095453335832346   11    4   11    1
 0.004897594888172782   11    4   11    2
 0.003378305118848867   11    4   11    3
 0.02240803070988764   11    4   11    4
 -0.1334679514991614   11    5    1    1
 -5.526950704518082e-05   11    5    2    1
 -0.04778140843092976   11    5    2    2
 0.001061823785292967   11    5    3    1
 -0.003432463364905599   11    5    3    2
 -0.08528730429061239   11    5    3    3
 -0.002516391286680404   11    5    4    1
 -0.001528044396664349   11    5    4    2
 -0.006477117785514917   11    5    4    3
 -0.02840082231420624   11    5    4    4
 0.0001433638296190595   11    5    5    1
 0.0007237080004083916   11    5    5    2
 0.0125304081277856   11    5    5    3
 0.002397421259679072   11    5    5    4
 -0.04467908473761038   11    5    5    5
 -1.86336017560293e-15   11    5    6    2
 -2.221256280720538e-15   11    5    6    5
 -0.004038145278919387   11    5    6    6
 0.0024535615685242   11    5    7    1
 0.002281000128583823   11    5    7    2
 0.04586686227594292   11    5    7    3
 0.004132707013512127   11    5    7    4
 0.002808358946479499   11    5    7    5
 -0.05730852125908059   11    5    7    7
 7.894153304882885e-05   11    5    8    1
 -0.0008237024129661758   11    5    8    2
 -0.0006159844635537982   11    5    8    3
 -0.01063409293049818   11    5    8    4
 0.004095625462046487   11    5    8    5
 -0.003843483777965766   11    5    8    7
 -0.02603547478189432   11    5    8    8
 1.489430671285967e-15   11    5    9    5
 -0.02014998208660846   11    5    9    6
 -0.07663050449607745   11    5    9    9
 1.227750206542172e-15   11    5   10    5
 -0.008046475026647846   11    5   10    6
 0.0004485742958851521   11    5   10    9
 -0.07676919565184695   11    5   10   10
 6.053468530359408e-05   11    5   11    1
 -0.003555630083318114   11    5   11    2
 0.004698471300593445   11    5   11    3
 0.001420139638681022   11    5   11    4
 0.05588089050391721   11    5   11    5
 -6.058355126872217e-15   11    6    1    1
 5.36646448507835e-15   11    6    2    2
 3.496184069934729e-15   11    6    4    4
 -2.136386625695539e-15   11    6    5    2
 -2.35691441550977e-15   11    6    5    3
 -2.240346944886942e-15   11    6    5    4
 3.154286018783696e-15   11    6    5    5
 -1.106648652467012e-05   11    6    6    1
 0.01117501984627644   11    6    6    2
 -0.002726720673396995   11    6    6    3
 -0.005323319112173774   11    6    6    4
 0.002663309062784037   11    6    6    5
 8.843320954626161e-15   11    6    6    6
 1.308164096374281e-15   11    6    7    2
 3.429362717481472e-15   11    6    7    3
 1.402540783094914e-15   11    6    7    4
 -1.969215636863942e-15   11    6    7    5
 -0.005008087291251817   11    6    7    6
 1.635487562861428e-15   11    6    7    7
 1.575750737997404e-15   11    6    8    2
 2.220080848223472e-15   11    6    8    3
 4.177362003560985e-15   11    6    8    4
 -2.781487789420163e-15   11    6    8    5
 -0.004446062516986685   11    6    8    6
 3.048086178388894e-15   11    6    8    7
 6.68685886182278e-15   11    6    8    8
 -0.0001059439655110678   11    6    9    1
 -0.004140286302547203   11    6    9    2
 0.001372069832959173   11    6    9    3
 0.001766327662523531   11    6    9    4
 -0.003006598453619742   11    6    9    5
 -1.197944632073524e-15   11    6    9    6
 0.001159041087256419   11    6    9    7
 0.001739146204718598   11    6    9    8
 0.0001212537978566287   11    6   10    1
 -0.004026413453309949   11    6   10    2
 0.00111948914874822   11    6   10    3
 0.001208772249861435   11    6   10    4
 -0.0009198588768016987   11    6   10    5
 1.031035424221273e-15   11    6   10    6
 0.0004660932190285591   11    6   10    7
 0.002279675090545039   11    6   10    8
 -7.015420633443502e-15   11    6   11    2
 1.384181527701794e-15   11    6   11    3
 2.57640315433455e-15   11    6   11    5
 0.01177243224687998   11    6   11    6
 0.02624614700935228   11    7    1    1
 3.655255922354979e-05   11    7    2    1
 -0.03077982033823062   11    7    2    2
 -0.0003048124580153776   11    7    3    1
 0.002347918234951672   11    7    3    2
 0.008697325949183106   11    7    3    3
 0.0006720907451816038   11    7    4    1
 0.002914901864532911   11    7    4    2
 -0.002479990008420693   11    7    4    3
 0.003558890672046245   11    7    4    4
 0.002361630004804801   11    7    5    1
 0.004630494332179117   11    7    5    2
 0.03788812545245429   11    7    5    3
 0.0009487340068858736   11    7    5    4
 0.006819974622249411   11    7    5    5
 2.190067706254282e-15   11    7    6    2
 2.41209389228802e-15   11    7    6    3
 -1.266113990516006e-15   11    7    6    4
 2.175174168260332e-15   11    7    6    5
 -0.03347807974359954   11    7    6    6
 -0.0008171097289133492   11    7    7    1
 -0.000592162702451544   11    7    7    2
 -0.005186673938058098   11    7    7    3
 -0.0008312457164217181   11    7    7    4
 0.01315678459617932   11    7    7    5
 0.001967568828651871   11    7    7    7
 0.001898470086280039   11    7    8    1
 -0.006569332206635484   11    7    8    2
 -0.0009353830700349954   11    7    8    3
 -0.03898835952288772   11    7    8    4
 0.006108087287000775   11    7    8    5
 1.887498646756033e-15   11    7    8    6
 -0.00587364709717987   11    7    8    7
 0.00310076153476076   11    7    8    8
 0.00778425325187082   11    7    9    6
 0.002580551547157378   11    7    9    9
 -0.0007686300927553959   11    7   10    6
 -0.0110909166192122   11    7   10    9
 0.001055052495236465   11    7   10   10
 -0.002498763619129345   11    7   11    1
 0.002653679303721506   11    7   11    2
 -0.007842267646819416   11    7   11    3
 0.002262747718434895   11    7   11    4
 0.006225016131617078   11    7   11    5
 -1.190469067116127e-15   11    7   11    6
 0.03318511908939679   11    7   11    7
 -0.03692456485724183   11    8    1    1
 -9.412702301489003e-05   11    8    2    1
 0.0002207999192799266   11    8    2    2
 0.001326676142086999   11    8    3    1
 -0.0002426730459247759   11    8    3    2
 0.01101114623172764   11    8    3    3
 -0.001249242434629576   11    8    4    1
 -0.0001982766462680593   11    8    4    2
 -0.01004599190958781   11    8    4    3
 0.006213270488021904   11    8    4    4
 -0.0002447581164736153   11    8    5    1
 0.0001614958773854294   11    8    5    2
 -0.004591250721420412   11    8    5    3
 -0.008517614191703502   11    8    5    4
 0.009705459063491373   11    8    5    5
 1.530110181107724e-15   11    8    6    2
 2.642154298847769e-15   11    8    6    5
 -0.0303465348495779   11    8    6    6
 0.0004014797300526212   11    8    7    1
 -0.003958598082875273   11    8    7    2
 -0.004089959123849411   11    8    7    3
 -0.02742390685208172   11    8    7    4
 -0.002393778520189685   11    8    7    5
 0.002552590115014984   11    8    7    7
 -0.0002282230820922677   11    8    8    1
 -0.001350744622780573   11    8    8    2
 0.005306235555542018   11    8    8    3
 0.003986009815839997   11    8    8    4
 0.02373240490750753   11    8    8    5
 3.448476724285607e-15   11    8    8    6
 0.00375876798725471   11    8    8    7
 0.004123433737055621   11    8    8    8
 0.01084573464980986   11    8    9    6
 0.006018193977807849   11    8    9    9
 -1.084400626789278e-15   11    8   10    5
 0.005662598403373788   11    8   10    6
 0.00931033698517943   11    8   10    9
 0.007699147984084544   11    8   10   10
 0.0001754498746174378   11    8   11    1
 0.007040234736394221   11    8   11    2
 0.001491611322982985   11    8   11    3
 -0.008919101260358841   11    8   11    4
 -0.00739388769326274   11    8   11    5
 -0.006670073443690175   11    8   11    7
 0.04357440450236766   11    8   11    8
 3.177108439779171e-15   11    9    1    1
 -6.035016887335763e-15   11    9    2    2
 -3.93634972980706e-15   11    9    3    3
 -3.393361730365789e-15   11    9    4    3
 -2.822776706808383e-15   11    9    4    4
 -2.636388950044409e-15   11    9    5    5
 -0.000184207106716168   11    9    6    1
 -0.00511216606634257   11    9    6    2
 0.0002705608443943891   11    9    6    3
 0.001857865408049914   11    9    6    4
 -0.003174166095042848   11    9    6    5
 -1.273181982928999e-15   11    9    6    6
 -1.020171563166539e-15   11    9    7    2
 1.061429762460937e-15   11    9    7    3
 -2.572662872292239e-15   11    9    7    4
 0.001627537774119444   11    9    7    6
 -3.953956314431639e-15   11    9    7    7
 3.62536231996732e-15   11    9    8    5
 0.002227598873298652   11    9    8    6
 -3.553698513662108e-15   11    9    8    8
 -0.001230457717252088   11    9    9    1
 0.0009869428936692829   11    9    9    2
 -0.005701291137363823   11    9    9    3
 -0.0003575781154546906   11    9    9    4
 -0.00798605577369303   11    9    9    5
 -2.200962082534108e-15   11    9    9    6
 0.000219451508397253   11    9    9    7
 -0.0001413050726288348   11    9    9    8
 -3.678433544810423e-15   11    9    9    9
 0.001373918000359944   11    9   10    1
 0.0006843303159838089   11    9   10    2
 0.00160887894655202   11    9   10    3
 -0.004501864848043375   11    9   10    4
 0.0002291774035276628   11    9   10    5
 -1.776214647601491e-15   11    9   10    6
 -0.002076553195229355   11    9   10    7
 0.00644877354403803   11    9   10    8
 -5.298187446270755e-15   11    9   10    9
 -4.525700117121182e-15   11    9   10   10
 2.18913254910264e-15   11    9   11    2
 1.229671621483714e-15   11    9   11    5
 -0.001459704300575895   11    9   11    6
 0.009193694905387954   11    9   11    9
 -1.025300268982237e-14   11   10    1    1
 -1.779493163092398e-15   11   10    2    2
 -6.905121156786739e-15   11   10    3    3
 -1.165548176119571e-15   11   10    4    2
 -4.675053238650693e-15   11   10    4    4
 -1.433758508444985e-15   11   10    5    3
 -1.030638569497781e-15   11   10    5    4
 -3.992448641365506e-15   11   10    5    5
 0.0001817672847045384   11   10    6    1
 -0.006281629015832074   11   10    6    2
 0.001484658712157592   11   10    6    3
 0.0009874752210912833   11   10    6    4
 -0.001149045236994661   11   10    6    5
 3.948470587292961e-15   11   10    6    6
 1.984747965020572e-15   11   10    7    3
 1.055120838173105e-15   11   10    7    4
 -1.151887153066163e-15   11   10    7    5
 0.0005026585541590899   11   10    7    6
 -5.567887242371043e-15   11   10    7    7
 1.925015053228014e-15   11   10    8    4
 -1.41613908489242e-15   11   10    8    5
 0.00209202338416066   11   10    8    6
 1.022394870463484e-15   11   10    8    7
 -3.105513655140502e-15   11   10    8    8
 0.001232679997266525   11   10    9    1
 0.001378469393655109   11   10    9    2
 0.002546427521217222   11   10    9    3
 -0.003842572259675352   11   10    9    4
 0.0001450218914712871   11   10    9    5
 -2.918196467882459e-15   11   10    9    6
 -0.002837495031185812   11   10    9    7
 0.00508980602841905   11   10    9    8
 -7.563647431375017e-15   11   10    9    9
 -0.001373680465078623   11   10   10    1
 0.0006249842381055719   11   10   10    2
 -0.004233172388821371   11   10   10    3
 -9.482460742377815e-05   11   10   10    4
 -0.00654929950051837   11   10   10    5
 -0.001371252642418083   11   10   10    7
 0.0002795302151810968   11   10   10    8
 -8.642978558541033e-15   11   10   10   10
 1.309524185930433e-15   11   10   11    2
 2.595541121178141e-15   11   10   11    5
 -0.001624348840571456   11   10   11    6
 -1.128071753971278e-15   11   10   11    7
 -1.245963484120656e-15   11   10   11    8
 0.001450056796321491   11   10   11    9
 0.007883118223921657   11   10   11   10
 0.4141846853540817   11   11    1    1
 2.189464216466137e-05   11   11    2    1
 0.3610117588286398   11   11    2    2
 -0.001366902867527534   11   11    3    1
 0.007617697658686712   11   11    3    2
 0.3771188164676351   11   11    3    3
 0.00291553674184074   11   11    4    1
 0.01193062272349043   11   11    4    2
 0.02361031666262607   11   11    4    3
 0.3420884460379003   11   11    4    4
 0.0009288738666905993   11   11    5    1
 -0.005114480601510905   11   11    5    2
 0.005071587941669688   11   11    5    3
 -0.000953918023364647   11   11    5    4
 0.3585292367660738   11   11    5    5
 -9.813813504696101e-15   11   11    6    2
 1.397431380880372e-15   11   11    6    3
 3.52880472896902e-15   11   11    6    5
 0.2906645303783023   11   11    6    6
 -0.002823201109411512   11   11    7    1
 0.01085429169516339   11   11    7    2
 -0.03301509875745734   11   11    7    3
 0.02069372257022063   11   11    7    4
 0.00769848600210893   11   11    7    5
 0.3700812813774489   11   11    7    7
 0.0008374377749851538   11   11    8    1
 0.007008737152339193   11   11    8    2
 0.0006989235596250696   11   11    8    3
 -0.009949459920876078   11   11    8    4
 -0.02731423936998701   11   11    8    5
 0.002673307190748505   11   11    8    7
 0.3553591746111435   11   11    8    8
 2.826133592655511e-15   11   11    9    2
 -1.195264354994472e-15   11   11    9    3
 0.02156890483947611   11   11    9    6
 -1.464635595267124e-15   11   11    9    8
 0.3548779826671266   11   11    9    9
 2.337860227703017e-15   11   11   10    2
 -1.726408393384032e-15   11   11   10    4
 0.01794856989163361   11   11   10    6
 -1.913542140520037e-15   11   11   10    8
 0.01684183555015789   11   11   10    9
 0.3618340785265348   11   11   10   10
 -0.001165585132260402   11   11   11    1
 -0.02211048712019775   11   11   11    2
 -0.0002221714348825199   11   11   11    3
 0.002792559784830459   11   11   11    4
 -0.02985008614597759   11   11   11    5
 1.546359439766217e-15   11   11   11    6
 0.006571472416073679   11   11   11    7
 -0.007160909749703392   11   11   11    8
 -2.578779657613725e-15   11   11   11    9
 -1.835282786395313e-15   11   11   11   10
 0.3613053187244459   11   11   11   11
 0.01220564654095304   12    1    1    1
 -1.241066898569974e-05   12    1    2    1
 -0.0002000443827105756   12    1    2    2
 -0.001594547003768292   12    1    3    1
 -0.0001110391226979305   12    1    3    2
 -0.0007160691624313449   12    1    3    3
 0.0004505860657651304   12    1    4    1
 -7.572879789889907e-05   12    1    4    2
 -0.0008573485256870239   12    1    4    3
 0.000717401387253206   12    1    4    4
 -0.002092500334721566   12    1    5    1
 -2.697644488981438e-05   12    1    5    2
 -0.00280457838961268   12    1    5    3
 0.001742934423676094   12    1    5    4
 -0.0001461054530698971   12    1    5    5
 5.541341338684823e-05   12    1    6    6
 0.001304503430887128   12    1    7    1
 -1.948009667501932e-05   12    1    7    2
 0.001429242946235851   12    1    7    3
 -0.000989595917069345   12    1    7    4
 -0.0002738574040027536   12    1    7    5
 -0.0003376768370066106   12    1    7    7
 -0.001819114623630693   12    1    8    1
 6.961406199212975e-05   12    1    8    2
 -0.001717617978671055   12    1    8    3
 0.002130093959566945   12    1    8    4
 0.0004237342545558834   12    1    8    5
 -0.0005331972304232187   12    1    8    7
 1.104268070216281e-05   12    1    8    8
 -0.0001222204362175673   12    1    9    6
 -0.0002907149817828513   12    1    9    9
 -0.0001372460210923087   12    1   10    6
 -0.0005672362617662807   12    1   10    9
 -8.277724085585924e-06   12    1   10   10
 0.002627731823155533   12    1   11    1
 9.786001095671427e-05   12    1   11    2
 0.001749905120650851   12    1   11    3
 -0.0004556834680739857   12    1   11    4
 0.0003087144110000802   12    1   11    5
 -0.001111746494842232   12    1   11    7
 0.0001202767106699512   12    1   11    8
 -0.0007920796104165718   12    1   11   11
 0.001188351393638752   12    1   12    1
 0.006205990455449529   12    2    1    1
 5.207945842034387e-05   12    2    2    1
 -0.009139743897179115   12    2    2    2
 3.061611912601909e-05   12    2    3    1
 0.006810701615996598   12    2    3    2
 0.01228890099735636   12    2    3    3
 5.03246882199207e-05   12    2    4    1
 0.008751585997275373   12    2    4    2
 0.008100360456881839   12    2    4    3
 0.01732862844792441   12    2    4    4
 -7.865161868393598e-05   12    2    5    1
 -0.0003696462367620042   12    2    5    2
 -0.003837538687468799   12    2    5    3
 -0.003029722216466228   12    2    5    4
 0.01420672576257017   12    2    5    5
 -3.970031495203439e-15   12    2    6    2
 0.009412178341547608   12    2    6    6
 -0.0001377254699731518   12    2    7    1
 0.005758440759241595   12    2    7    2
 0.003454200745652833   12    2    7    3
 0.01224948358277233   12    2    7    4
 -0.00119303253817592   12    2    7    5
 0.01857388399393662   12    2    7    7
 -7.038735412858709e-05   12    2    8    1
 0.0006670770822194005   12    2    8    2
 0.003244576347233802   12    2    8    3
 0.005059645394773432   12    2    8    4
 -0.01087239394003629   12    2    8    5
 0.003550392030640588   12    2    8    7
 0.0167007270055931   12    2    8    8
 1.008419480185299e-15   12    2    9    2
 -1.181879177302849e-15   12    2    9    3
 0.004207787235176556   12    2    9    6
 0.01588093241970881   12    2    9    9
 -1.414129575467782e-15   12    2   10    4
 0.006481774464191828   12    2   10    6
 0.01101065372445605   12    2   10    9
 0.01944304744410962   12    2   10   10
 5.845481466399382e-05   12    2   11    1
 -0.008062008196624885   12    2   11    2
 0.002351181185126424   12    2   11    3
 0.001138019085386252   12    2   11    4
 -0.003699299125889631   12    2   11    5
 -0.00186649494566676   12    2   11    7
 0.001130635766605428   12    2   11    8
 0.01140493462425448   12    2   11   11
 -1.31504421875232e-06   12    2   12    1
 0.02394598444912008   12    2   12    2
 -0.006468215789091945   12    3    1    1
 -7.805457354422521e-05   12    3    2    1
 0.03141610596621138   12    3    2    2
 0.000227320448285198   12    3    3    1
 0.001058558270263111   12    3    3    2
 0.01299267983523619   12    3    3    3
 -0.0004810141240288293   12    3    4    1
 0.004397392695625241   12    3    4    2
 0.009547309036338526   12    3    4    3
 0.0127404980614524   12    3    4    4
 -0.001599103170300761   12    3    5    1
 -0.002703962970622881   12    3    5    2
 -0.01106556223997545   12    3    5    3
 -0.001910010454663511   12    3    5    4
 0.007329562672562982   12    3    5    5
 -1.072284402936365e-15   12    3    6    3
 -0.002666025026905291   12    3    6    6
 0.0005679121679476578   12    3    7    1
 0.005826945796603152   12    3    7    2
 -0.0004476926381325544   12    3    7    3
 0.006607396355376088   12    3    7    4
 0.00526180025078791   12    3    7    5
 0.01392558797165037   12    3    7    7
 -0.001328610293205513   12    3    8    1
 0.003402870474181892   12    3    8    2
 0.001193096418867463   12    3    8    3
 0.004053823353907428   12    3    8    4
 -0.005962053427952471   12    3    8    5
 0.00246674189449831   12    3    8    7
 0.005654478467813547   12    3    8    8
 0.009018864434083495   12    3    9    6
 0.02043476237152966   12    3    9    9
 -1.018963292838476e-15   12    3   10    5
 0.008421818279674314   12    3   10    6
 0.02279553011979223   12    3   10    9
 0.02682600542742744   12    3   10   10
 0.001676778361263913   12    3   11    1
 0.001571985044116803   12    3   11    2
 0.009176621164239486   12    3   11    3
 -0.004578787972357596   12    3   11    4
 -0.01003754877769831   12    3   11    5
 -1.331503051345953e-15   12    3   11    6
 -0.008584913076345926   12    3   11    7
 0.01145052267619853   12    3   11    8
 -1.387388694559204e-15   12    3   11   10
 0.004871720477881158   12    3   11   11
 0.0007487735707967492   12    3   12    1
 0.002850574232612486   12    3   12    2
 0.01764383583605735   12    3   12    3
 0.009850450116601659   12    4    1    1
 -6.843685053504954e-05   12    4    2    1
 0.04164127009418255   12    4    2    2
 0.000190910480819056   12    4    3    1
 0.003071093515176192   12    4    3    2
 0.02658037944264897   12    4    3    3
 0.0004316728791070852   12    4    4    1
 0.008759184173695525   12    4    4    2
 0.01317766787885762   12    4    4    3
 0.02046395316760159   12    4    4    4
 0.0003807653924459392   12    4    5    1
 -0.002228562918402811   12    4    5    2
 -0.004507276656663383   12    4    5    3
 0.005183420726968375   12    4    5    4
 0.01139366199044022   12    4    5    5
 1.806189269726886e-15   12    4    6    2
 1.160308248952022e-15   12    4    6    5
 -0.01122218748814192   12    4    6    6
 -0.0008479022674963568   12    4    7    1
 0.01029248690806549   12    4    7    2
 -0.0063486884973107   12    4    7    3
 0.01087850815287478   12    4    7    4
 -0.0009726591621212674   12    4    7    5
 -1.318247505565168e-15   12    4    7    6
 0.02961109095645224   12    4    7    7
 0.0003444257674220256   12    4    8    1
 0.00409272680106638   12    4    8    2
 -0.002938582984075556   12    4    8    3
 0.004676751878457689   12    4    8    4
 -0.004850216403574691   12    4    8    5
 -0.004136990429448476   12    4    8    7
 0.006979971575358963   12    4    8    8
 -1.08782488074587e-15   12    4    9    3
 -1.222427381344809e-15   12    4    9    5
 0.01498840734239112   12    4    9    6
 0.03341967862819661   12    4    9    9
 -1.00370382548107e-15   12    4   10    2
 -1.536494265834856e-15   12    4   10    5
 0.01095531633735872   12    4   10    6
 0.02790906081821957   12    4   10    9
 0.04215362156456526   12    4   10   10
 -0.0005154748230074036   12    4   11    1
 0.002053146737484312   12    4   11    2
 -0.004293632305275844   12    4   11    3
 -0.001397176282150327   12    4   11    4
 -0.01893987703128169   12    4   11    5
 -3.084692071826952e-15   12    4   11    6
 -0.009611512615508884   12    4   11    7
 0.01465881713511404   12    4   11    8
 -2.481946953235591e-15   12    4   11   10
 0.007463444620878504   12    4   11   11
 -0.0002966471005947165   12    4   12    1
 0.004017299613896981   12    4   12    2
 0.02007485896720394   12    4   12    3
 0.03732953671591267   12    4   12    4
 -0.05381894957910091   12    5    1    1
 -1.569947718337274e-05   12    5    2    1
 0.0004575958129930332   12    5    2    2
 0.0004222426070727689   12    5    3    1
 -0.004933617965235047   12    5    3    2
 -0.03683164715537211   12    5    3    3
 -0.001059779938509961   12    5    4    1
 -0.007307741945650697   12    5    4    2
 -0.00627962894480149   12    5    4    3
 -0.01573076388123493   12    5    4    4
 -0.0003536749625050599   12    5    5    1
 -0.0008430062924686619   12    5    5    2
 -0.01163963524374876   12    5    5    3
 -0.01255367083674195   12    5    5    4
 -0.02006695365427129   12    5    5    5
 -2.845244269389091e-15   12    5    6    5
 0.03244183162467809   12    5    6    6
 0.001096065741397913   12    5    7    1
 -0.003782763174685366   12    5    7    2
 0.0175881554601708   12    5    7    3
 -0.003743104342792329   12    5    7    4
 -0.01315235741630597   12    5    7    5
 -0.02720195655628928   12    5    7    7
 -0.0002972810574994649   12    5    8    1
 0.0009096332625456834   12    5    8    2
 0.009508048910386887   12    5    8    3
 0.01989302275219504   12    5    8    4
 0.003349345679730598   12    5    8    5
 -1.452124094874617e-15   12    5    8    6
 0.01428276053342224   12    5    8    7
 -0.009855179135588771   12    5    8    8
 1.154445663978281e-15   12    5    9    5
 -0.01669025668892043   12    5    9    6
 -0.03140922880521346   12    5    9    9
 -1.213118685903448e-15   12    5   10    4
 -0.004375361055707855   12    5   10    6
 -0.002193770399251662   12    5   10    9
 -0.03315195162953413   12    5   10   10
 0.0004536016088523622   12    5   11    1
 -0.005960933172824242   12    5   11    2
 -0.0019820436819127   12    5   11    3
 -0.01078290498649765   12    5   11    4
 0.01524124346271757   12    5   11    5
 5.404041344498071e-15   12    5   11    6
 -0.01446119042925418   12    5   11    7
 0.004983083648512267   12    5   11    8
 2.501163519941301e-15   12    5   11   10
 -0.0174517319079769   12    5   11   11
 0.0003057810292188726   12    5   12    1
 0.000113279098258058   12    5   12    2
 -0.006492460925977808   12    5   12    3
 -0.01292932694294222   12    5   12    4
 0.03027319218621625   12    5   12    5
 -1.248489859785064e-15   12    6    1    1
 3.159756196837995e-15   12    6    2    2
 2.38189954053086e-15   12    6    4    4
 -3.021518433696054e-15   12    6    5    3
 -2.505338574400202e-15   12    6    5    4
 2.981649695587006e-15   12    6    5    5
 -1.909958773456256e-05   12    6    6    1
 -0.01795204019624766   12    6    6    2
 0.001088099000752642   12    6    6    3
 0.001042230858771448   12    6    6    4
 0.003372180829910538   12    6    6    5
 6.679553528828933e-15   12    6    6    6
 1.863769338286895e-15   12    6    7    3
 -2.421099566120621e-15   12    6    7    5
 -0.0005641013789485063   12    6    7    6
 1.497054001187642e-15   12    6    7    7
 2.304633991263227e-15   12    6    8    2
 1.944549274078867e-15   12    6    8    3
 4.288505187805753e-15   12    6    8    4
 -2.032959781904047e-15   12    6    8    5
 -0.004972628774507372   12    6    8    6
 2.788336808007018e-15   12    6    8    7
 5.816110610071755e-15   12    6    8    8
 -8.172735286304934e-05   12    6    9    1
 0.006769137850015863   12    6    9    2
 0.001091394086522355   12    6    9    3
 0.001144037721418338   12    6    9    4
 0.0001730628216420619   12    6    9    5
 -0.0004114008386284098   12    6    9    7
 -0.0004319682844603729   12    6    9    8
 7.888640121515355e-05   12    6   10    1
 0.004979264063665429   12    6   10    2
 0.001628002136291787   12    6   10    3
 0.0001255739981767451   12    6   10    4
 0.001870150176602062   12    6   10    5
 3.302708947208989e-15   12    6   10    6
 -0.001160544335661297   12    6   10    7
 -0.002255853800593248   12    6   10    8
 -1.753009851342905e-15   12    6   10    9
 -1.743741485125025e-15   12    6   10   10
 -2.571931216343844e-15   12    6   11    2
 -1.835311296052174e-15   12    6   11    4
 3.155076590639658e-15   12    6   11    5
 -0.003833006260657826   12    6   11    6
 -3.361313257891767e-15   12    6   11    7
 -2.391056335395688e-15   12    6   11    8
 0.001937068315540197   12    6   11    9
 0.002300918097831357   12    6   11   10
 7.6391522075501e-15   12    6   11   11
 2.953050009357308e-15   12    6   12    2
 -3.076908783889107e-15   12    6   12    3
 -5.963506609630851e-15   12    6   12    4
 5.261798543345271e-15   12    6   12    5
 0.01999561263685198   12    6   12    6
 0.03853808145061086   12    7    1    1
 -2.467643287239494e-05   12    7    2    1
 0.02514255307578215   12    7    2    2
 -0.0002513969947935906   12    7    3    1
 0.00381005578712485   12    7    3    2
 0.02917128711831373   12    7    3    3
 0.0006981287297869596   12    7    4    1
 0.009537949775649339   12    7    4    2
 0.005503526607302965   12    7    4    3
 0.02270976882992161   12    7    4    4
 0.0009334297099513945   12    7    5    1
 -0.0006534397847043497   12    7    5    2
 0.01332487965115105   12    7    5    3
 -0.002178395360161956   12    7    5    4
 0.01393525737245777   12    7    5    5
 1.571098873235162e-15   12    7    6    2
 -1.05700128995838e-15   12    7    6    4
 1.888864778146063e-15   12    7    6    5
 -0.01791177760423219   12    7    6    6
 -0.0007873559824677514   12    7    7    1
 0.009626928056514876   12    7    7    2
 -0.00833678421909244   12    7    7    3
 0.00677093080484831   12    7    7    4
 0.004317701539495586   12    7    7    5
 0.03172083926486986   12    7    7    7
 0.0007544207076732615   12    7    8    1
 0.001404092110578957   12    7    8    2
 0.001165196182283567   12    7    8    3
 -0.0127729489781805   12    7    8    4
 0.004731081660342254   12    7    8    5
 1.202003721093081e-15   12    7    8    6
 0.002010623872353994   12    7    8    7
 0.007670444743568441   12    7    8    8
 -1.139986489023318e-15   12    7    9    5
 0.01416638593546382   12    7    9    6
 0.03148425906117788   12    7    9    9
 -1.204253496540273e-15   12    7   10    5
 0.006715147097131955   12    7   10    6
 0.01193267938823216   12    7   10    9
 0.03867612729459763   12    7   10   10
 -0.001031751110635163   12    7   11    1
 0.000232244280111226   12    7   11    2
 -0.008417523694490076   12    7   11    3
 -0.009234244172947026   12    7   11    4
 -0.01561984362667306   12    7   11    5
 -3.528831667529815e-15   12    7   11    6
 0.004035933309355294   12    7   11    7
 0.01145005888566157   12    7   11    8
 -2.367978309379087e-15   12    7   11   10
 0.008706378874451144   12    7   11   11
 -0.000508436091987787   12    7   12    1
 0.00415604889576783   12    7   12    2
 0.01484180766104149   12    7   12    3
 0.029460453836027   12    7   12    4
 -0.0132299449399127   12    7   12    5
 -5.4759391887389e-15   12    7   12    6
 0.03370281926681752   12    7   12    7
 -0.01324608681655036   12    8    1    1
 -5.139818179435115e-05   12    8    2    1
 -0.02346034045135862   12    8    2    2
 0.0005484366880878956   12    8    3    1
 0.004529113018743742   12    8    3    2
 0.008978201667137545   12    8    3    3
 -0.0004979113647967002   12    8    4    1
 0.009059757753920948   12    8    4    2
 -0.0003138254581830647   12    8    4    3
 0.0103964116845326   12    8    4    4
 0.0002420145181575722   12    8    5    1
 0.001806441805720078   12    8    5    2
 0.01669498397122349   12    8    5    3
 0.01649725998576672   12    8    5    4
 0.007079956958950197   12    8    5    5
 3.077231151520713e-15   12    8    6    2
 3.546776064612457e-15   12    8    6    5
 -0.05793924927483654   12    8    6    6
 0.0001056670347391684   12    8    7    1
 0.005007399515621062   12    8    7    2
 7.555344062161032e-05   12    8    7    3
 -0.00551960091148387   12    8    7    4
 0.01712733352165063   12    8    7    5
 0.009080300266263367   12    8    7    7
 0.0001959987822775369   12    8    8    1
 -0.002240688456045622   12    8    8    2
 -0.01270592973841508   12    8    8    3
 -0.02746699325164379   12    8    8    4
 0.009711173442288779   12    8    8    5
 3.560306387776444e-15   12    8    8    6
 -0.02047739213612543   12    8    8    7
 0.0008994794896929196   12    8    8    8
 0.01625985313748892   12    8    9    6
 0.00466372466395337   12    8    9    9
 1.643925787127955e-15   12    8   10    4
 0.003849072087495845   12    8   10    6
 1.301192740001065e-15   12    8   10    7
 0.007161475277581587   12    8   10    9
 0.00818126981781922   12    8   10   10
 -0.0002685687621436789   12    8   11    1
 0.009037527842536867   12    8   11    2
 0.005364886191686809   12    8   11    3
 0.01098448280726574   12    8   11    4
 0.005266911788356576   12    8   11    5
 -5.309508204619525e-15   12    8   11    6
 0.01613397929364957   12    8   11    7
 0.009628797621080942   12    8   11    8
 -2.717841070347354e-15   12    8   11   10
 0.003617054181933413   12    8   11   11
 -8.905092546037773e-05   12    8   12    1
 -0.001830972104837878   12    8   12    2
 0.009526714926172597   12    8   12    3
 0.01635706523656556   12    8   12    4
 -0.02864808968450229   12    8   12    5
 -9.060828283496106e-15   12    8   12    6
 0.01576630300471263   12    8   12    7
 0.04445137483824314   12    8   12    8
 2.987971148649995e-15   12    9    1    1
 -5.16939548765506e-15   12    9    2    2
 -4.004800556333845e-15   12    9    3    3
 -3.280955389912696e-15   12    9    4    3
 -2.698163016816193e-15   12    9    4    4
 -2.571531736929481e-15   12    9    5    5
 1.184683609577445e-05   12    9    6    1
 0.01074417885838075   12    9    6    2
 0.00548952429423645   12    9    6    3
 0.004874294833237287   12    9    6    4
 -0.003072188311805223   12    9    6    5
 1.34523488968606e-15   12    9    7    3
 -2.276229774089177e-15   12    9    7    4
 0.00183158738072741   12    9    7    6
 -3.866904936651558e-15   12    9    7    7
 3.374983847132109e-15   12    9    8    5
 0.003012693069429858   12    9    8    6
 -3.448548870167593e-15   12    9    8    8
 7.897977297938123e-05   12    9    9    1
 0.005098828057576173   12    9    9    2
 0.01666510876057805   12    9    9    3
 0.01248380045679356   12    9    9    4
 -0.004290557424101703   12    9    9    5
 -2.253866480865996e-15   12    9    9    6
 0.00230315847177063   12    9    9    7
 0.0006383849461484092   12    9    9    8
 -3.670917154934827e-15   12    9    9    9
 -0.0001201907850769361   12    9   10    1
 0.007702247856472248   12    9   10    2
 0.01452832836892027   12    9   10    3
 0.0172073486088959   12    9   10    4
 -0.001468564457046859   12    9   10    5
 -3.316889885406076e-15   12    9   10    6
 0.005291232028756605   12    9   10    7
 0.004652600778228111   12    9   10    8
 -4.758941303580149e-15   12    9   10    9
 -3.578346842485178e-15   12    9   10   10
 0.002284095194751403   12    9   11    6
 0.001129875630411243   12    9   11    9
 -0.002043495039214377   12    9   11   10
 -4.692157556384726e-15   12    9   11   11
 -2.098448683665495e-15   12    9   12    2
 -1.223883211249169e-15   12    9   12    3
 -1.087943920125378e-15   12    9   12    4
 -0.001026285542408251   12    9   12    6
 1.017055552230945e-15   12    9   12    8
 0.01595404311089024   12    9   12    9
 -1.304295309575427e-14   12   10    1    1
 -1.25861560911744e-15   12   10    3    2
 -9.388090713783378e-15   12   10    3    3
 -2.064150254230488e-15   12   10    4    2
 -6.116743881045829e-15   12   10    4    4
 -1.507084633502824e-15   12   10    5    3
 -1.950469627114596e-15   12   10    5    4
 -6.304817272423193e-15   12   10    5    5
 0.0001179729149042361   12   10    6    1
 0.009176748411383055   12   10    6    2
 0.00644870722341035   12   10    6    3
 0.005064278325733983   12   10    6    4
 -0.001432247458584667   12   10    6    5
 1.039247151138565e-14   12   10    6    6
 2.864973610381076e-15   12   10    7    3
 2.070017720881127e-15   12   10    7    4
 -1.595431526097084e-15   12   10    7    5
 0.001123815456669264   12   10    7    6
 -7.223001944775119e-15   12   10    7    7
 1.275308025612493e-15   12   10    8    3
 2.16543685517111e-15   12   10    8    4
 -1.767419698969425e-15   12   10    8    5
 0.001777274349785559   12   10    8    6
 1.842979594550123e-15   12   10    8    7
 -4.913216213535912e-15   12   10    8    8
 0.0007921548038941309   12   10    9    1
 0.00715177035995876   12   10    9    2
 0.0215620671598002   12   10    9    3
 0.01436045630083572   12   10    9    4
 -0.000868167974376465   12   10    9    5
 -5.959609895941649e-15   12   10    9    6
 0.0009622496705392069   12   10    9    7
 0.00282994883566926   12   10    9    8
 -8.857179286425342e-15   12   10    9    9
 -0.0008938888712336643   12   10   10    1
 0.00968389938945125   12   10   10    2
 0.01515286380117708   12   10   10    3
 0.02024316981086655   12   10   10    4
 -0.003938105630379579   12   10   10    5
 -3.920613195390205e-15   12   10   10    6
 0.007544336709397598   12   10   10    7
 0.00174481561904799   12   10   10    8
 -9.361014068130584e-15   12   10   10   10
 -1.45341812425331e-15   12   10   11    2
 -1.313790948380596e-15   12   10   11    4
 2.86328742621249e-15   12   10   11    5
 0.001885483074683271   12   10   11    6
 -1.279735540167702e-15   12   10   11    7
 -1.73562074549194e-15   12   10   11    8
 -0.002277412876022443   12   10   11    9
 0.0004403069415151152   12   10   11   10
 -4.426746221277139e-15   12   10   11   11
 -1.973687070232629e-15   12   10   12    3
 -2.828159110478853e-15   12   10   12    4
 1.793248847060508e-15   12   10   12    5
 0.003699316849327971   12   10   12    6
 -1.940044471853537e-15   12   10   12    7
 -1.939524970671991e-15   12   10   12    8
 0.01642542137556584   12   10   12    9
 0.02112311775340543   12   10   12   10
 0.08516487516776156   12   11    1    1
 3.46898143574429e-05   12   11    2    1
 0.005290388363228623   12   11    2    2
 -0.0007965615690123476   12   11    3    1
 0.001317416561031867   12   11    3    2
 0.04358928132506736   12   11    3    3
 0.0008332742777006089   12   11    4    1
 0.001500129989523624   12   11    4    2
 -0.02112482690121427   12   11    4    3
 0.0213516692730505   12   11    4    4
 0.000297791007974424   12   11    5    1
 -0.006292323073355081   12   11    5    2
 -0.01327512687859836   12   11    5    3
 -0.01995330186563436   12   11    5    4
 0.03365606465491187   12   11    5    5
 -4.710520218820036e-15   12   11    6    2
 4.686473255763602e-15   12   11    6    5
 -0.001760223330040009   12   11    6    6
 -0.0003461405230225897   12   11    7    1
 -0.002044443966925582   12   11    7    2
 -0.01795318508030807   12   11    7    3
 -0.02949850529758087   12   11    7    4
 -0.01253981940682698   12   11    7    5
 -1.595949188949072e-15   12   11    7    6
 0.02911189224411053   12   11    7    7
 0.0002310768146304873   12   11    8    1
 0.00700289851003956   12   11    8    2
 0.01424921565231573   12   11    8    3
 0.01894361731133702   12   11    8    4
 0.0281394904862741   12   11    8    5
 0.014591066572421   12   11    8    7
 0.02602926254125332   12   11    8    8
 -1.90766842366454e-15   12   11    9    3
 -1.158772259745623e-15   12   11    9    4
 0.01010311097917956   12   11    9    6
 0.03633652099654893   12   11    9    9
 -1.345805261371857e-15   12   11   10    3
 -2.295730379058587e-15   12   11   10    4
 0.002074234833715977   12   11   10    6
 -1.049615105192474e-15   12   11   10    7
 -0.02030038764100896   12   11   10    9
 0.03545132877990664   12   11   10   10
 -0.0002699603891403682   12   11   11    1
 -0.003938058560636054   12   11   11    2
 -0.001448129341251173   12   11   11    3
 -0.006601393797196343   12   11   11    4
 -0.01800928041479354   12   11   11    5
 2.237266332422515e-15   12   11   11    6
 -0.008973902749702906   12   11   11    7
 0.0170772773884442   12   11   11    8
 0.01499933941842661   12   11   11   11
 -0.0001723316714294781   12   11   12    1
 0.00250506624516631   12   11   12    2
 0.003555186771800974   12   11   12    3
 0.004000387538116755   12   11   12    4
 0.004503645704448979   12   11   12    5
 6.289468135962989e-15   12   11   12    6
 0.003008356358967333   12   11   12    7
 -0.008466145715492437   12   11   12    8
 -2.411761114177959e-15   12   11   12    9
 -2.007168282707907e-15   12   11   12   10
 0.034805766342914   12   11   12   11
 0.2813433706254891   12   12    1    1
 -0.0001075207849481052   12   12    2    1
 0.4597511074633928   12   12    2    2
 0.0003287699237414389   12   12    3    1
 0.002946179574676987   12   12    3    2
 0.3389764446201141   12   12    3    3
 0.00173619719526869   12   12    4    1
 0.008014904253015043   12   12    4    2
 0.07782131246368192   12   12    4    3
 0.3362685890406668   12   12    4    4
 -0.0005753655710544384   12   12    5    1
 -0.01138523179392373   12   12    5    2
 -0.02959706517318703   12   12    5    3
 -0.01930131325611235   12   12    5    4
 0.3360154222145125   12   12    5    5
 1.714501441066796e-15   12   12    6    1
 -1.012223754468283e-15   12   12    6    2
 -3.320106002603533e-15   12   12    6    3
 -4.924318543018856e-15   12   12    6    4
 -3.992265492738379e-15   12   12    6    5
 0.3900296649608076   12   12    6    6
 -0.002850026493791044   12   12    7    1
 0.02063047754419029   12   12    7    2
 -0.006632264244992797   12   12    7    3
 0.08721206957581494   12   12    7    4
 -0.01499046652814142   12   12    7    5
 -2.003893941939707e-15   12   12    7    6
 0.3615473540797083   12   12    7    7
 -0.0004530671721383432   12   12    8    1
 0.01593112805086481   12   12    8    2
 0.01882211815557812   12   12    8    3
 0.04008755012173311   12   12    8    4
 -0.1090299601929838   12   12    8    5
 -1.181818313385068e-14   12   12    8    6
 0.03261559055746348   12   12    8    7
 0.3602651650074358   12   12    8    8
 -1.330652190055606e-15   12   12    9    2
 -2.65192210167304e-15   12   12    9    3
 -1.448169758106952e-15   12   12    9    4
 0.002156196586784337   12   12    9    6
 0.3392294962883843   12   12    9    9
 -2.392007839858446e-15   12   12   10    3
 -3.556116901717934e-15   12   12   10    4
 0.03482557768250205   12   12   10    6
 -1.234967067962883e-15   12   12   10    7
 -2.675248584798774e-15   12   12   10    8
 0.08363341647051811   12   12   10    9
 0.3554868351246797   12   12   10   10
 0.0001416292613302052   12   12   11    1
 -0.02813645745943666   12   12   11    2
 0.005372981092789456   12   12   11    3
 -0.003797905060867248   12   12   11    4
 -0.02827371591251226   12   12   11    5
 1.611930203630898e-14   12   12   11    6
 -0.02132188458575569   12   12   11    7
 -0.01638393134580229   12   12   11    8
 -7.190055347599684e-15   12   12   11    9
 0.3537014110717629   12   12   11   11
 -0.0002216157133042322   12   12   12    1
 0.03111353879031465   12   12   12    2
 0.0101278511483612   12   12   12    3
 0.009941225857408384   12   12   12    4
 0.01544826322992482   12   12   12    5
 1.651899613957751e-14   12   12   12    6
 0.001792285184882338   12   12   12    7
 -0.04285999794084377   12   12   12    8
 -8.832230261878915e-15   12   12   12    9
 -3.15128702604359e-15   12   12   12   10
 0.006601130561746822   12   12   12   11
 0.4919977123012749   12   12   12   12
 -0.2729140694676176   13    1    1    1
 -0.0001734859000612418   13    1    2    1
 -0.002287643771308941   13    1    2    2
 0.02914842142264462   13    1    3    1
 -0.000377809418444871   13    1    3    2
 -0.01028563390241769   13    1    3    3
 -0.02331577838158264   13    1    4    1
 -6.873917349952302e-05   13    1    4    2
 0.0005140411438425756   13    1    4    3
 -0.0008081296751495328   13    1    4    4
 -0.0006784191367064402   13    1    5    1
 1.011629089225157e-05   13    1    5    2
 -0.0009017066355842128   13    1    5    3
 0.000612929918356636   13    1    5    4
 -0.002656464732537146   13    1    5    5
 -0.001039979868457391   13    1    6    6
 0.001298948463626943   13    1    7    1
 0.0001054514423103834   13    1    7    2
 0.007275070946859375   13    1    7    3
 -0.00284673121240586   13    1    7    4
 -0.0003843706580197068   13    1    7    5
 -0.005217248862489449   13    1    7    7
 -0.0007906408935639636   13    1    8    1
 1.190043781164244e-05   13    1    8    2
 -0.0004558623130771008   13    1    8    3
 0.0009522634716844798   13    1    8    4
 0.00058320874436466   13    1    8    5
 -0.0004753632130365282   13    1    8    7
 -0.001479866266716827   13    1    8    8
 -0.0009531084750007645   13    1    9    6
 -0.005230388882125267   13    1    9    9
 -2.562474597678257e-05   13    1   10    6
 0.001573676329133824   13    1   10    9
 -0.005057975656120815   13    1   10   10
 -0.002733846121222839   13    1   11    1
 0.0001269400062535637   13    1   11    2
 0.001978077789076992   13    1   11    3
 -0.0006083802332327687   13    1   11    4
 0.003497778792285642   13    1   11    5
 -0.001381299736712212   13    1   11    7
 0.001899641585597347   13    1   11    8
 -0.004247879588114849   13    1   11   11
 -0.0004229269452229957   13    1   12    1
 -6.402308030984063e-05   13    1   12    2
 0.0009931679359975779   13    1   12    3
 -0.0006400917800023366   13    1   12    4
 0.00154643577732868   13    1   12    5
 -0.001112782134141449   13    1   12    7
 0.0007018536480292939   13    1   12    8
 -0.00123819584714265   13    1   12   11
 -0.002246847855695533   13    1   12   12
 0.03806968560631455   13    1   13    1
 -0.001458330717698029   13    2    1    1
 -2.303175226342742e-05   13    2    2    1
 0.01932691607801744   13    2    2    2
 5.977767198763918e-05   13    2    3    1
 -0.002789591151110383   13    2    3    2
 0.0007845082109189456   13    2    3    3
 8.157806565061408e-06   13    2    4    1
 -0.001156619300537086   13    2    4    2
 0.001523979934302222   13    2    4    3
 0.003866032304853383   13    2    4    4
 -3.520699764078945e-05   13    2    5    1
 -0.0009535242931849266   13    2    5    2
 -0.0006942509565188756   13    2    5    3
 -0.001050659587294349   13    2    5    4
 0.002979767125068364   13    2    5    5
 -9.548216303672665e-15   13    2    6    2
 1.133379402213528e-15   13    2    6    3
 2.827088890488413e-15   13    2    6    4
 -1.705850955522048e-15   13    2    6    5
 0.003006572791751399   13    2    6    6
 -6.233473906708538e-05   13    2    7    1
 0.002444081089611971   13    2    7    2
 0.002564335572442797   13    2    7    3
 0.003022777027908032   13    2    7    4
 -0.0006736251056415036   13    2    7    5
 2.835665893720239e-15   13    2    7    6
 0.002830062912103419   13    2    7    7
 -2.944973251056447e-05   13    2    8    1
 0.001583284010266577   13    2    8    2
 0.001024801385534126   13    2    8    3
 0.001301792740524459   13    2    8    4
 -0.001997514468090957   13    2    8    5
 2.370701903316001e-15   13    2    8    6
 0.001252627739335089   13    2    8    7
 0.004668126288744088   13    2    8    8
 2.196466055376266e-15   13    2    9    2
 -3.067173264870179e-15   13    2    9    3
 -2.365096197018003e-15   13    2    9    4
 -7.439466518943841e-05   13    2    9    6
 0.000356281470190454   13    2    9    9
 1.795805569793505e-15   13    2   10    2
 -1.965185300598076e-15   13    2   10    3
 -3.072598593990892e-15   13    2   10    4
 0.001150884466194662   13    2   10    6
 -1.224680607962584e-15   13    2   10    7
 0.0007480819769710922   13    2   10    9
 0.001016025951889854   13    2   10   10
 1.747471802814983e-05   13    2   11    1
 -0.004571379410174967   13    2   11    2
 0.0007132495808223912   13    2   11    3
 6.663427384731188e-05   13    2   11    4
 0.002390256970934732   13    2   11    5
 -6.229738645573338e-15   13    2   11    6
 -0.0007358330366823413   13    2   11    7
 -0.001545938932868822   13    2   11    8
 2.276631502368645e-15   13    2   11    9
 1.812046418173395e-15   13    2   11   10
 0.004509531986498549   13    2   11   11
 8.36449102228927e-06   13    2   12    1
 0.0005289497365408845   13    2   12    2
 0.0004553945403941894   13    2   12    3
 7.619311483627082e-05   13    2   12    4
 0.0008182046541689248   13    2   12    5
 4.676651536841965e-15   13    2   12    6
 -0.0002372546646511632   13    2   12    7
 -0.000607526394212014   13    2   12    8
 -2.954552250350843e-15   13    2   12    9
 -2.552103001596491e-15   13    2   12   10
 0.001277174624294067   13    2   12   11
 0.006644590339118451   13    2   12   12
 2.493101597695553e-07   13    2   13    1
 0.002595919030142615   13    2   13    2
 0.1648811949285832   13    3    1    1
 7.102807057130295e-05   13    3    2    1
 -0.01878854997357034   13    3    2    2
 -0.006143812432147054   13    3    3    1
 0.0001233376720961351   13    3    3    2
 0.02087369594064689   13    3    3    3
 0.002814472623714183   13    3    4    1
 0.0002029812377477128   13    3    4    2
 -0.02420763387774857   13    3    4    3
 0.01790559450879753   13    3    4    4
 -0.0005848408791677275   13    3    5    1
 -0.0003221496597192915   13    3    5    2
 -0.003443355778134732   13    3    5    3
 -0.0007641198023871481   13    3    5    4
 0.01109561231742889   13    3    5    5
 2.415749000017998e-15   13    3    6    2
 -1.105340807879797e-15   13    3    6    3
 -0.0004266302167803905   13    3    6    6
 0.002715663934311824   13    3    7    1
 -0.0009399232763062159   13    3    7    2
 -0.001713578279011962   13    3    7    3
 -0.01478734158761126   13    3    7    4
 0.001800373483067411   13    3    7    5
 0.01531842038668605   13    3    7    7
 -0.0004789831064276101   13    3    8    1
 -1.14691211355617e-05   13    3    8    2
 -0.00043181522312168   13    3    8    3
 0.0003926073227314625   13    3    8    4
 0.01766785732807358   13    3    8    5
 1.7686154584468e-15   13    3    8    6
 -0.0004714866100206636   13    3    8    7
 0.004682730761808761   13    3    8    8
 -1.822362574337871e-15   13    3    9    2
 -1.567486448142634e-15   13    3    9    3
 -2.193501315846562e-15   13    3    9    4
 0.003233155890588064   13    3    9    6
 1.022798246766557e-15   13    3    9    7
 0.03053523734949823   13    3    9    9
 -1.777063001490446e-15   13    3   10    2
 -2.88929040181874e-15   13    3   10    3
 -0.009715419753162773   13    3   10    6
 -0.05008180569355023   13    3   10    9
 0.03191225209969034   13    3   10   10
 0.001639415493484467   13    3   11    1
 0.0009305527423456028   13    3   11    2
 0.000444609691890681   13    3   11    3
 0.002544084921943307   13    3   11    4
 -0.01232145157058964   13    3   11    5
 0.003020680219702167   13    3   11    7
 -0.01944324411357344   13    3   11    8
 1.443017786139184e-15   13    3   11    9
 0.003153145657435045   13    3   11   11
 0.0008591879006853155   13    3   12    1
 -0.0002242174186710147   13    3   12    2
 -0.003290353427246874   13    3   12    3
 -0.005836101601784189   13    3   12    4
 -0.005989111388465414   13    3   12    5
 -3.083988673446378e-15   13    3   12    6
 -0.0002142991205021713   13    3   12    7
 -0.006996629273256416   13    3   12    8
 -2.096745222666953e-15   13    3   12   10
 0.001981992056363114   13    3   12   11
 -0.006214978546727435   13    3   12   12
 -0.004378063384255561   13    3   13    1
 -0.0005843080037014428   13    3   13    2
 0.03413930207768721   13    3   13    3
 -0.1912698920903711   13    4    1    1
 5.543127812389371e-05   13    4    2    1
 -0.02435389853802805   13    4    2    2
 0.005964290557694659   13    4    3    1
 -0.001476330562520821   13    4    3    2
 -0.05787537882859007   13    4    3    3
 -0.001589762651956247   13    4    4    1
 -0.00121266457333995   13    4    4    2
 0.01153794955307063   13    4    4    3
 -0.0378426375945818   13    4    4    4
 1.944441718841332e-05   13    4    5    1
 0.0003275143199302723   13    4    5    2
 0.0003994555829899935   13    4    5    3
 0.003994083899157527   13    4    5    4
 -0.0282822554870738   13    4    5    5
 5.296852762292148e-15   13    4    6    2
 -1.201568515541226e-15   13    4    6    3
 -2.128309579785782e-15   13    4    6    5
 -0.007040342824593884   13    4    6    6
 -0.004255907453219523   13    4    7    1
 0.001090394441818269   13    4    7    2
 0.01794515061098746   13    4    7    3
 0.01495768014526608   13    4    7    4
 -0.002374335868397609   13    4    7    5
 -0.04587525009892933   13    4    7    7
 4.371875956144214e-05   13    4    8    1
 2.486844295109816e-05   13    4    8    2
 -0.0008461221845695832   13    4    8    3
 0.001769149287866963   13    4    8    4
 -0.002786114690374221   13    4    8    5
 -0.005079039148260403   13    4    8    7
 -0.01764123795675583   13    4    8    8
 -2.467525545173687e-15   13    4    9    2
 -2.738343344179925e-15   13    4    9    3
 -0.01324050397542688   13    4    9    6
 1.160777038308255e-15   13    4    9    8
 -0.06698969533429944   13    4    9    9
 -2.077881859555117e-15   13    4   10    2
 -1.678317272293938e-15   13    4   10    4
 0.0008413924435595693   13    4   10    6
 1.27566856786758e-15   13    4   10    8
 0.03048224545797803   13    4   10    9
 -0.0721338501613723   13    4   10   10
 -0.001255587569761161   13    4   11    1
 0.001110192097031531   13    4   11    2
 0.004198126219097704   13    4   11    3
 0.002311096676612276   13    4   11    4
 0.03449223660765183   13    4   11    5
 4.096218559373861e-15   13    4   11    6
 -0.002612066758560728   13    4   11    7
 0.01317423416740909   13    4   11    8
 1.332070113661223e-15   13    4   11   10
 -0.01832807922707329   13    4   11   11
 -0.0008605716422672865   13    4   12    1
 -0.001408101432901599   13    4   12    2
 -0.003788522800801212   13    4   12    3
 -0.003732723801452905   13    4   12    4
 0.01189504688794865   13    4   12    5
 -3.79047817244657e-15   13    4   12    6
 -0.009300874602956427   13    4   12    7
 0.008354490252150969   13    4   12    8
 -0.007246585218639804   13    4   12   11
 -0.01564509903611144   13    4   12   12
 0.002607048647823013   13    4   13    1
 0.001414180750610312   13    4   13    2
 -0.03466691951627793   13    4   13    3
 0.05627091578676317   13    4   13    4
 -0.01685669820537326   13    5    1    1
 -4.130133268107058e-05   13    5    2    1
 -0.002593874143276707   13    5    2    2
 5.793853144400871e-05   13    5    3    1
 -0.0006686739863077863   13    5    3    2
 -0.009838910641433166   13    5    3    3
 -0.0004697313232760883   13    5    4    1
 -0.0008500128205910494   13    5    4    2
 -5.900741511747978e-05   13    5    4    3
 -0.001136618076527127   13    5    4    4
 0.001851502884496073   13    5    5    1
 0.0002792606011877064   13    5    5    2
 -0.01648492576248217   13    5    5    3
 0.01797812793760278   13    5    5    4
 -0.007642217271156417   13    5    5    5
 -4.086761056101703e-15   13    5    6    2
 -2.144668022191279e-15   13    5    6    3
 1.125781748783458e-15   13    5    6    4
 0.0003188670303699212   13    5    6    6
 0.0004647041832214195   13    5    7    1
 -0.0002662875126986664   13    5    7    2
 0.007614911834331414   13    5    7    3
 -0.002302059514094546   13    5    7    4
 -0.01308019218784274   13    5    7    5
 -2.088568033200132e-15   13    5    7    6
 -0.001071716621281366   13    5    7    7
 0.001628104156177302   13    5    8    1
 0.001403536633053239   13    5    8    2
 -0.01046582635716945   13    5    8    3
 0.02252387955827454   13    5    8    4
 -0.004757438526319987   13    5    8    5
 -1.701063543905326e-15   13    5    8    6
 -0.0177209216370976   13    5    8    7
 -0.004104332347104653   13    5    8    8
 -1.850384583727448e-15   13    5    9    3
 -0.001705367112016658   13    5    9    6
 -0.008069156472668693   13    5    9    9
 -2.026429920220338e-15   13    5   10    4
 -2.246835083907746e-07   13    5   10    6
 -1.133434884019565e-15   13    5   10    7
 0.001674597186186333   13    5   10    9
 -0.00739283413109774   13    5   10   10
 -0.001824360518203297   13    5   11    1
 0.003481394322571732   13    5   11    2
 -0.005792093035593636   13    5   11    3
 0.02074247188507251   13    5   11    4
 0.001167267228913827   13    5   11    5
 -0.01338589252066359   13    5   11    7
 -0.003319126301282735   13    5   11    8
 1.490593257211903e-15   13    5   11   10
 -0.006630565176137886   13    5   11   11
 -0.000696187394577987   13    5   12    1
 0.0001089342160426005   13    5   12    2
 -0.004129249372541001   13    5   12    3
 0.006110684359882678   13    5   12    4
 0.0005227586910636164   13    5   12    5
 4.04255959135491e-15   13    5   12    6
 -0.008519470604710006   13    5   12    7
 0.00121343991744635   13    5   12    8
 -1.347857851489959e-15   13    5   12    9
 -0.003689709491328283   13    5   12   11
 0.001501157132806018   13    5   12   12
 0.0003237895363552745   13    5   13    1
 -0.0001934637572582194   13    5   13    2
 -0.002732605195814493   13    5   13    3
 0.006980945287917872   13    5   13    4
 0.03589381229717963   13    5   13    5
 7.584871724343362e-15   13    6    1    1
 1.74548145519847e-14   13    6    2    2
 1.073820679655615e-14   13    6    3    3
 1.71382509348027e-15   13    6    4    2
 2.963141749700402e-15   13    6    4    3
 1.277449626702421e-14   13    6    4    4
 -3.799292413295663e-15   13    6    5    2
 -9.091984931203058e-15   13    6    5    3
 -4.874983639710425e-15   13    6    5    4
 1.581790009328447e-14   13    6    5    5
 0.0001936425073333429   13    6    6    1
 -0.003794590357622553   13    6    6    2
 0.0005550211338666676   13    6    6    3
 0.0003308882392854819   13    6    6    4
 -0.0005110938367035799   13    6    6    5
 2.113287664440956e-14   13    6    6    6
 2.818696024752279e-15   13    6    7    2
 2.058429499918e-15   13    6    7    3
 4.155957895416962e-15   13    6    7    4
 -7.622920330981503e-15   13    6    7    5
 0.001062066984237884   13    6    7    6
 1.342876242607648e-14   13    6    7    7
 5.717380571144572e-15   13    6    8    2
 4.312197119284372e-15   13    6    8    3
 1.321689831356213e-14   13    6    8    4
 -9.906190779551127e-15   13    6    8    5
 0.0007518391932884663   13    6    8    6
 6.311768513753511e-15   13    6    8    7
 2.074076600050391e-14   13    6    8    8
 0.001313001439846709   13    6    9    1
 0.0004086370634803046   13    6    9    2
 0.001046766345062594   13    6    9    3
 -0.004413336974587873   13    6    9    4
 0.0001918384469956707   13    6    9    5
 2.308241761047318e-05   13    6    9    7
 -0.0003580941193020583   13    6    9    8
 8.441217303938686e-15   13    6    9    9
 -0.001491654024915337   13    6   10    1
 9.083791645308317e-05   13    6   10    2
 -0.005394958181509674   13    6   10    3
 0.0008139616975128012   13    6   10    4
 0.0002795390086435612   13    6   10    5
 9.00787863031222e-15   13    6   10    6
 -0.0008604481580548044   13    6   10    7
 -0.0002030176526207463   13    6   10    8
 8.15109374513839e-15   13    6   10   10
 -1.051721447664834e-14   13    6   11    2
 1.109313955559144e-15   13    6   11    3
 1.641673837322585e-15   13    6   11    4
 -0.00268685902147756   13    6   11    6
 -5.594887569861045e-15   13    6   11    7
 -2.522938377676917e-15   13    6   11    8
 0.000663283620737597   13    6   11    9
 0.001084166420105339   13    6   11   10
 1.491121798001959e-14   13    6   11   11
 6.28647711187193e-15   13    6   12    2
 -4.561006577607117e-15   13    6   12    3
 -8.270129798276327e-15   13    6   12    4
 1.110184572144538e-14   13    6   12    5
 0.001206841594721165   13    6   12    6
 -9.912003758790415e-15   13    6   12    7
 -1.633394339097987e-14   13    6   12    8
 -0.001845270797130318   13    6   12    9
 -0.001923709630288736   13    6   12   10
 7.187714890703506e-15   13    6   12   11
 4.132082870009227e-14   13    6   12   12
 4.467064208530656e-15   13    6   13    2
 4.08540522486647e-15   13    6   13    5
 0.00141606842952968   13    6   13    6
 0.06484106813632021   13    7    1    1
 -0.0001174898602188565   13    7    2    1
 0.02795996540242355   13    7    2    2
 -0.001895853359097592   13    7    3    1
 0.001839310891526058   13    7    3    2
 0.02562431213518402   13    7    3    3
 -0.001122646423476849   13    7    4    1
 0.001977926423980403   13    7    4    2
 0.008672941015567254   13    7    4    3
 0.02136323976139484   13    7    4    4
 0.0005050148008810503   13    7    5    1
 -0.0002675130845519699   13    7    5    2
 0.007532956926492505   13    7    5    3
 -0.002754687703283855   13    7    5    4
 0.01078872595029156   13    7    5    5
 5.45321493012459e-15   13    7    6    2
 -1.932323899134703e-15   13    7    6    5
 0.01457435116616401   13    7    6    6
 0.003664100685019753   13    7    7    1
 0.001511511576058052   13    7    7    2
 -0.006929139111667792   13    7    7    3
 0.006047336097190715   13    7    7    4
 0.00711909590287576   13    7    7    5
 0.02797431395816017   13    7    7    7
 0.0003669781233632212   13    7    8    1
 9.36772751802444e-05   13    7    8    2
 0.001558574067712694   13    7    8    3
 -0.01011111197301275   13    7    8    4
 -0.02031253689963338   13    7    8    5
 0.004270908254666764   13    7    8    7
 0.009394107732390482   13    7    8    8
 -1.260050450126838e-15   13    7    9    2
 2.307443181242763e-15   13    7    9    3
 0.004018348479164168   13    7    9    6
 0.02933543449194539   13    7    9    9
 1.755098185729194e-15   13    7   10    4
 -1.16614425589221e-15   13    7   10    5
 0.002251080725916065   13    7   10    6
 0.001074388370705772   13    7   10    9
 0.03347881273311206   13    7   10   10
 0.0001795947855191114   13    7   11    1
 -0.002181819024989576   13    7   11    2
 -0.0004685525805254089   13    7   11    3
 -0.0009698429510146945   13    7   11    4
 -0.01481380573615066   13    7   11    5
 0.006804484774531301   13    7   11    7
 -0.01549676869077153   13    7   11    8
 -1.35336139892431e-15   13    7   11   10
 0.01522121818436947   13    7   11   11
 0.0004285581092128437   13    7   12    1
 0.0006777566949408016   13    7   12    2
 0.001852385573015091   13    7   12    3
 -0.0007649479356444167   13    7   12    4
 -0.009958918601985693   13    7   12    5
 -5.002115520020977e-15   13    7   12    6
 0.00489012697293551   13    7   12    7
 -0.002494909006375111   13    7   12    8
 -0.004887008283696558   13    7   12   11
 0.02086087299341872   13    7   12   12
 0.001489119738432187   13    7   13    1
 -0.0008054739959454873   13    7   13    2
 0.01729096062237101   13    7   13    3
 -0.03491825558604245   13    7   13    4
 -0.007381052083417744   13    7   13    5
 -1.621631565441045e-15   13    7   13    6
 0.03170230138520262   13    7   13    7
 -0.008046621105772768   13    8    1    1
 -3.248213786269666e-05   13    8    2    1
 0.007477829968264178   13    8    2    2
 0.0001467255173026344   13    8    3    1
 -0.0008026675520087273   13    8    3    2
 -0.00145678181366639   13    8    3    3
 -0.0003275452889048828   13    8    4    1
 -0.001332830610220147   13    8    4    2
 -0.001886636402241065   13    8    4    3
 0.001118043352861827   13    8    4    4
 0.001400167994464319   13    8    5    1
 0.0005493905971516211   13    8    5    2
 -0.01692018184993098   13    8    5    3
 0.01900422975974896   13    8    5    4
 -0.004686749636443365   13    8    5    5
 6.504443165623052e-15   13    8    6    2
 3.163567136946063e-15   13    8    6    4
 -1.968049419810016e-15   13    8    6    5
 0.007600467858871066   13    8    6    6
 0.0002045131647712283   13    8    7    1
 -0.0007463045177713656   13    8    7    2
 0.002804790772081066   13    8    7    3
 -0.007598022971147931   13    8    7    4
 -0.02136960225657188   13    8    7    5
 0.003985533624830307   13    8    7    7
 0.001235337070138019   13    8    8    1
 0.00167681897816041   13    8    8    2
 -0.01339906657259086   13    8    8    3
 0.02914662116120564   13    8    8    4
 -0.0001311900484738451   13    8    8    5
 2.302846370213155e-15   13    8    8    6
 -0.01342860938333115   13    8    8    7
 -0.002259924709906638   13    8    8    8
 -1.025158310576198e-15   13    8    9    2
 2.41338108284385e-15   13    8    9    3
 1.763989968900356e-15   13    8    9    4
 -0.002039958496910054   13    8    9    6
 -0.0005172311000840501   13    8    9    9
 1.783627264098685e-15   13    8   10    3
 2.752023914672094e-15   13    8   10    4
 -0.0002631771514920729   13    8   10    6
 1.292680515318015e-15   13    8   10    7
 0.001626767226280715   13    8   10    9
 -0.0004088912113006186   13    8   10   10
 -0.001416101678170214   13    8   11    1
 -0.00109462665799992   13    8   11    2
 -0.01452143425876208   13    8   11    3
 0.01348255811100734   13    8   11    4
 -0.00446778592899587   13    8   11    5
 -0.0184873564691945   13    8   11    7
 0.002080510118520494   13    8   11    8
 -0.006054457118006366   13    8   11   11
 -0.0005579954950384494   13    8   12    1
 -0.0003410504559746797   13    8   12    2
 -0.004195903107399335   13    8   12    3
 0.009428296895381221   13    8   12    4
 0.005538546099389437   13    8   12    5
 -4.772506661948299e-15   13    8   12    6
 -0.005083846885791511   13    8   12    7
 -0.005183609097347026   13    8   12    8
 2.084101151259536e-15   13    8   12    9
 1.396539358536643e-15   13    8   12   10
 0.003009911367473733   13    8   12   11
 0.002453728423415596   13    8   12   12
 0.0002201396822924502   13    8   13    1
 -0.0001448011589273092   13    8   13    2
 -0.0048647790476813   13    8   13    3
 0.005368132346338443   13    8   13    4
 0.03480555623166957   13    8   13    5
 4.274097592650982e-15   13    8   13    6
 -0.009527823380997539   13    8   13    7
 0.04140561356208357   13    8   13    8
 5.247317846185563e-15   13    9    1    1
 -1.486439746549927e-14   13    9    2    2
 -1.712087408103573e-15   13    9    3    2
 -1.17556079408212e-14   13    9    3    3
 -2.645299579126649e-15   13    9    4    2
 -8.295485049601207e-15   13    9    4    3
 -8.040065063282588e-15   13    9    4    4
 -8.86424498993857e-15   13    9    5    5
 0.001362634947091847   13    9    6    1
 0.0006842689687646098   13    9    6    2
 0.00244498935823039   13    9    6    3
 -0.004240674712153582   13    9    6    4
 0.0001115132787876612   13    9    6    5
 -1.454270054455541e-15   13    9    6    6
 -2.478220498751175e-15   13    9    7    2
 3.384254078645469e-15   13    9    7    3
 -6.135455158924539e-15   13    9    7    4
 -0.0006424660335016747   13    9    7    6
 -1.145781409820708e-14   13    9    7    7
 -1.420865372838451e-15   13    9    8    2
 8.970695781013945e-15   13    9    8    5
 -0.0005124666017655925   13    9    8    6
 -9.580627545068473e-15   13    9    8    8
 0.009175448578202121   13    9    9    1
 -0.002262411665494065   13    9    9    2
 0.02063683163361116   13    9    9    3
 -0.02075709695534728   13    9    9    4
 -0.000909854099796   13    9    9    5
 -5.251266569906902e-15   13    9    9    6
 0.0007927738424882606   13    9    9    7
 -0.0001435987467448303   13    9    9    8
 -1.096252005803171e-14   13    9    9    9
 -0.01041718040522108   13    9   10    1
 -0.002628578645614782   13    9   10    2
 -0.02724877337909604   13    9   10    3
 0.01683433717473276   13    9   10    4
 3.305421533032013e-05   13    9   10    5
 -7.032316528712643e-15   13    9   10    6
 -0.003353332341777547   13    9   10    7
 0.0007581988561316275   13    9   10    8
 -1.251189350921571e-14   13    9   10    9
 -1.219100388808314e-14   13    9   10   10
 3.524049683135171e-15   13    9   11    2
 3.149478002548801e-15   13    9   11    5
 0.0007810444102513845   13    9   11    6
 -1.781237702949277e-15   13    9   11    8
 -0.001898264746417651   13    9   11    9
 0.002660608589212726   13    9   11   10
 -9.457228992573187e-15   13    9   11   11
 -3.021802791406865e-15   13    9   12    2
 -1.283212038237792e-15   13    9   12    3
 -2.732203873593677e-15   13    9   12    4
 -0.001601919939897415   13    9   12    6
 -1.006801571117893e-15   13    9   12    7
 -0.002839959106562425   13    9   12    9
 -0.003044586984223423   13    9   12   10
 -1.143677147396178e-15   13    9   12   11
 -1.644024066496204e-14   13    9   12   12
 -1.010658286509607e-15   13    9   13    2
 5.631251489742914e-15   13    9   13    3
 0.004077485945272064   13    9   13    6
 0.02704444244459071   13    9   13    9
 -2.919604333409783e-14   13   10    1    1
 -4.312898555497127e-15   13   10    2    2
 -2.678797914923206e-15   13   10    3    2
 -2.249366228961422e-14   13   10    3    3
 -4.266648981479245e-15   13   10    4    2
 -1.468945018059287e-14   13   10    4    4
 -2.542715892710615e-15   13   10    5    3
 -2.924996031028014e-15   13   10    5    4
 -1.509016744348686e-14   13   10    5    5
 -0.001595660307523121   13   10    6    1
 -0.001480644655749647   13   10    6    2
 -0.008831533232630782   13   10    6    3
 9.463873355297293e-06   13   10    6    4
 0.001113453777188691   13   10    6    5
 1.821211009924865e-14   13   10    6    6
 -2.276670565773035e-15   13   10    7    2
 6.411911244235671e-15   13   10    7    3
 3.046432566000884e-15   13   10    7    4
 -3.208873751915259e-15   13   10    7    5
 0.0003236273052834652   13   10    7    6
 -1.801076771136074e-14   13   10    7    7
 3.029007686481088e-15   13   10    8    3
 5.26023012425162e-15   13   10    8    4
 -2.706373271525377e-15   13   10    8    5
 -0.0008288294759790431   13   10    8    6
 3.162700038807878e-15   13   10    8    7
 -1.134423204263242e-14   13   10    8    8
 -0.01075113739862375   13   10    9    1
 -0.004018124785721792   13   10    9    2
 -0.04079272365160475   13   10    9    3
 0.01402671033412045   13   10    9    4
 0.0005902836247818949   13   10    9    5
 -1.16279106577015e-14   13   10    9    6
 0.003262100062746724   13   10    9    7
 0.001032661616729568   13   10    9    8
 -2.232886916875217e-14   13   10    9    9
 0.01220673323478117   13   10   10    1
 -0.004641912707000549   13   10   10    2
 0.0176461113186106   13   10   10    3
 -0.0316511017604038   13   10   10    4
 0.0001663328183546922   13   10   10    5
 -6.039173587158554e-15   13   10   10    6
 0.004279828061098777   13   10   10    7
 -0.0002564949881768556   13   10   10    8
 -2.458603441177899e-14   13   10   10   10
 1.065358916341943e-15   13   10   11    2
 7.382696821858901e-15   13   10   11    5
 0.0006649333559841564   13   10   11    6
 -3.18270379715463e-15   13   10   11    7
 -4.163783326587946e-15   13   10   11    8
 0.0031881886071247   13   10   11    9
 -0.002412077864321752   13   10   11   10
 -9.276830064741924e-15   13   10   11   11
 -1.616053715255135e-15   13   10   12    2
 -3.580783181868936e-15   13   10   12    3
 -4.7966656884451e-15   13   10   12    4
 5.922436615886544e-15   13   10   12    5
 -0.001379395572477262   13   10   12    6
 -5.801124811654136e-15   13   10   12    7
 -5.624332836765323e-15   13   10   12    8
 -0.005731825976256905   13   10   12    9
 -0.007318964361143361   13   10   12   10
 -2.364119859852825e-15   13   10   12   11
 -2.472166966920159e-15   13   10   12   12
 7.452572355301641e-15   13   10   13    4
 1.486752710212857e-15   13   10   13    5
 -0.003448951517534602   13   10   13    6
 -2.911918263164727e-15   13   10   13    7
 -0.0263302975963979   13   10   13    9
 0.03628577974398847   13   10   13   10
 0.003534085042339922   13   11    1    1
 2.602271737778496e-05   13   11    2    1
 -0.002684843222589454   13   11    2    2
 0.0004130875304430098   13   11    3    1
 0.001556172298716685   13   11    3    2
 0.008887665692749304   13   11    3    3
 -0.0001695017602099741   13   11    4    1
 0.00218273370262522   13   11    4    2
 0.003327440466608749   13   11    4    3
 0.008359219086633004   13   11    4    4
 -0.004395811400695295   13   11    5    1
 0.0036007170892168   13   11    5    2
 -0.02320090608519206   13   11    5    3
 0.04216349727424296   13   11    5    4
 0.003168190424743573   13   11    5    5
 -1.227876010228044e-14   13   11    6    2
 -1.257842483450087e-15   13   11    6    3
 5.471101051829745e-15   13   11    6    4
 1.472010030552489e-15   13   11    6    5
 -0.01168336017044409   13   11    6    6
 0.0001232491115849375   13   11    7    1
 0.001222701019577877   13   11    7    2
 0.001237213147407504   13   11    7    3
 -0.001925561221769819   13   11    7    4
 -0.013691303635939   13   11    7    5
 -1.051791406324032e-15   13   11    7    6
 0.01406848642912554   13   11    7    7
 -0.003775474132598955   13   11    8    1
 -0.001567389739400954   13   11    8    2
 -0.0328402749478091   13   11    8    3
 0.02601963731486572   13   11    8    4
 -0.006451569978025048   13   11    8    5
 -0.0285090427642372   13   11    8    7
 0.003463867854881521   13   11    8    8
 3.651360529889245e-15   13   11    9    2
 -1.581851296157817e-15   13   11    9    4
 0.005224942303187173   13   11    9    6
 -1.287610200918777e-15   13   11    9    8
 0.005673623064671139   13   11    9    9
 2.205868931337708e-15   13   11   10    2
 -1.038475686967646e-15   13   11   10    3
 1.354237942208111e-15   13   11   10    5
 0.002577996919727438   13   11   10    6
 -1.315053363087166e-15   13   11   10    7
 -1.544685950080669e-15   13   11   10    8
 0.003409505683225571   13   11   10    9
 0.006303348941200205   13   11   10   10
 0.004260638152285876   13   11   11    1
 0.002487189242228014   13   11   11    2
 -0.003095835321778417   13   11   11    3
 0.01705711672696657   13   11   11    4
 -0.004383251483243786   13   11   11    5
 -3.703910516609613e-15   13   11   11    6
 -0.01045658911683064   13   11   11    7
 -0.00420743911559998   13   11   11    8
 -0.001045593908343503   13   11   11   11
 0.001762210721446844   13   11   12    1
 0.000187984533706561   13   11   12    2
 -0.001525188367835945   13   11   12    3
 0.006787899372693932   13   11   12    4
 -0.005707646410338406   13   11   12    5
 5.350387223416339e-15   13   11   12    6
 -0.006051805426337057   13   11   12    7
 0.006289903239266376   13   11   12    8
 -2.105919882944742e-15   13   11   12    9
 -2.038056862019235e-15   13   11   12   10
 -0.006949227118177266   13   11   12   11
 -0.0006992219072316359   13   11   12   12
 0.001043545050737749   13   11   13    1
 -0.0005556168179894836   13   11   13    2
 -0.0009986467209498716   13   11   13    3
 0.003026942813496579   13   11   13    4
 0.02727946865435441   13   11   13    5
 2.570055242831765e-15   13   11   13    6
 -0.005712752902318351   13   11   13    7
 0.03030194771879436   13   11   13    8
 -2.780124458684358e-15   13   11   13   10
 0.04549716387942631   13   11   13   11
 0.01046276671038013   13   12    1    1
 1.943220223299605e-05   13   12    2    1
 -0.008217261034603938   13   12    2    2
 -0.0002711981238293254   13   12    3    1
 -0.001504214849577191   13   12    3    2
 -0.005365076552967542   13   12    3    3
 -0.0003341676864538966   13   12    4    1
 -0.003134358004324069   13   12    4    2
 -0.01072821353593198   13   12    4    3
 -0.003562511429998195   13   12    4    4
 -0.001921921776155135   13   12    5    1
 0.0003389606430893124   13   12    5    2
 -0.01650613322046887   13   12    5    3
 0.01095627622578639   13   12    5    4
 -0.005762073443239831   13   12    5    5
 2.121686520908966e-15   13   12    6    2
 -4.152319288991784e-15   13   12    6    3
 -2.94485461753691e-15   13   12    6    4
 3.757423946213023e-15   13   12    6    5
 0.002112821245903526   13   12    6    6
 0.0009326192176537828   13   12    7    1
 -0.003373079566456598   13   12    7    2
 0.002403815137549722   13   12    7    3
 -0.01316721130799544   13   12    7    4
 -0.01259873075079844   13   12    7    5
 -4.497210464284413e-15   13   12    7    6
 -0.003691613398796029   13   12    7    7
 -0.001663195972496588   13   12    8    1
 0.0002734001949132932   13   12    8    2
 -0.008876447032202021   13   12    8    3
 0.02115892476576037   13   12    8    4
 0.01124090195470465   13   12    8    5
 -4.536359698785342e-15   13   12    8    6
 -0.006585636033137233   13   12    8    7
 -0.006597256271682694   13   12    8    8
 -2.378526455642281e-15   13   12    9    2
 -1.927651091495716e-15   13   12    9    3
 -1.794400063012712e-15   13   12    9    4
 -0.003629423436572717   13   12    9    6
 -0.00589456531035234   13   12    9    9
 -2.47571897332721e-15   13   12   10    2
 -2.882426770391383e-15   13   12   10    3
 -2.474669357870681e-15   13   12   10    4
 1.426326215201735e-15   13   12   10    5
 -0.004390860660852529   13   12   10    6
 -1.521833690621495e-15   13   12   10    7
 -1.067846835062211e-15   13   12   10    8
 -0.0116611680281267   13   12   10    9
 -0.007385794759019823   13   12   10   10
 0.002022766549490252   13   12   11    1
 0.002494660736435219   13   12   11    2
 -0.002409349336772209   13   12   11    3
 0.003440566751563834   13   12   11    4
 -0.002192241290283775   13   12   11    5
 4.006168662518466e-15   13   12   11    6
 -0.01073886626489655   13   12   11    7
 0.002699116997963064   13   12   11    8
 -0.01027700265745425   13   12   11   11
 0.0009185856557970644   13   12   12    1
 -0.001497353498571204   13   12   12    2
 -0.002142182543650865   13   12   12    3
 0.001035094118695611   13   12   12    4
 0.005373655078082687   13   12   12    5
 5.285347204606518e-15   13   12   12    6
 -0.003915572959989437   13   12   12    7
 -0.005285906795191139   13   12   12    8
 -2.270186410949181e-15   13   12   12    9
 0.002511066790662507   13   12   12   11
 -0.007576289020964464   13   12   12   12
 0.0007985949512275294   13   12   13    1
 -0.0008450487482705804   13   12   13    2
 0.001739851352714192   13   12   13    3
 0.0006158373724846295   13   12   13    4
 0.01203250103123629   13   12   13    5
 -0.005207780967533291   13   12   13    7
 0.01572060452844581   13   12   13    8
 2.920245712860946e-15   13   12   13    9
 1.881362415759403e-15   13   12   13   10
 0.01619351671060213   13   12   13   11
 0.0114520941690812   13   12   13   12
 0.6664510282010445   13   13    1    1
 -5.714115646685555e-05   13   13    2    1
 0.2198499696835041   13   13    2    2
 -0.01063714103118236   13   13    3    1
 0.004752107114250385   13   13    3    2
 0.3915345702842272   13   13    3    3
 0.00171944535392978   13   13    4    1
 0.01106630779459823   13   13    4    2
 -0.09859898853393942   13   13    4    3
 0.3847926071509632   13   13    4    4
 -0.001194736313879893   13   13    5    1
 -0.001723421122562234   13   13    5    2
 -0.009297688444531107   13   13    5    3
 0.008780123807181574   13   13    5    4
 0.3811294159192315   13   13    5    5
 6.052971448278188e-15   13   13    6    2
 2.621783150655716e-15   13   13    6    4
 1.665700300211513e-14   13   13    6    5
 0.1786563416782635   13   13    6    6
 0.009273505802539269   13   13    7    1
 -0.003243990586964943   13   13    7    2
 -0.007975163186792771   13   13    7    3
 -0.1151260415125258   13   13    7    4
 -0.01101462689200747   13   13    7    5
 -5.651640368451806e-15   13   13    7    6
 0.3745936933465662   13   13    7    7
 -0.001087836701523908   13   13    8    1
 0.001170420292437093   13   13    8    2
 -0.01197669058372666   13   13    8    3
 0.008317508161714914   13   13    8    4
 0.125976885137764   13   13    8    5
 1.400800264543703e-14   13   13    8    6
 -0.01940503628366949   13   13    8    7
 0.3586654971674572   13   13    8    8
 1.277186264515101e-15   13   13    9    1
 7.13438710083301e-15   13   13    9    3
 -2.974251421989507e-15   13   13    9    5
 0.04375547468072313   13   13    9    6
 -1.458505954558369e-15   13   13    9    8
 0.375598661258398   13   13    9    9
 -2.639186004267407e-15   13   13   10    1
 1.286422247850438e-15   13   13   10    2
 5.430581103609146e-15   13   13   10    4
 -0.004086731341933924   13   13   10    6
 -0.1129548280512359   13   13   10    9
 0.3861289620512364   13   13   10   10
 0.003536693384657976   13   13   11    1
 -0.00463287074883446   13   13   11    2
 -0.006832002761589948   13   13   11    3
 0.005765005778470398   13   13   11    4
 -0.02091643238038424   13   13   11    5
 4.394512159222074e-15   13   13   11    6
 0.0002648159645612153   13   13   11    7
 0.03457807866669364   13   13   11    8
 -5.784410529248283e-15   13   13   11   10
 0.3167925699645384   13   13   11   11
 0.002231536590785842   13   13   12    1
 0.003922409197207344   13   13   12    2
 0.001628633126005381   13   13   12    3
 0.007844703406596947   13   13   12    4
 -0.006745921076031695   13   13   12    5
 0.01121196527122343   13   13   12    7
 0.01640138770785231   13   13   12    8
 2.958584056879468e-15   13   13   12    9
 -4.934588978411646e-15   13   13   12   10
 0.05235645203807796   13   13   12   11
 0.2362984672927391   13   13   12   12
 -0.002837609710525455   13   13   13    1
 0.00153704520232933   13   13   13    2
 0.02928554335515131   13   13   13    3
 -0.03317452635213014   13   13   13    4
 0.008093024330786803   13   13   13    5
 9.409389961841418e-15   13   13   13    6
 -0.004525221460898653   13   13   13    7
 0.01640433601142693   13   13   13    8
 3.199565709890862e-15   13   13   13    9
 -2.06287523801826e-14   13   13   13   10
 0.01866156947657781   13   13   13   11
 0.01568231689915302   13   13   13   12
 0.5196525337375804   13   13   13   13
 7.132313041581032e-14   14    1    1    1
 -1.148315764368415e-14   14    1    3    1
 -8.768209515145835e-15   14    1    3    3
 4.730638505292563e-15   14    1    4    1
 5.856380586894888e-15   14    1    5    1
 7.123875329627072e-15   14    1    5    3
 -5.463633459795135e-15   14    1    5    4
 -4.094798032706552e-15   14    1    5    5
 0.000192889104857613   14    1    6    1
 3.596874715504045e-05   14    1    6    2
 0.0002397249947982053   14    1    6    3
 -9.089004733543128e-05   14    1    6    4
 -1.53593814453539e-05   14    1    6    5
 3.951044142891236e-15   14    1    6    6
 5.595701413048519e-15   14    1    7    1
 7.27597620453025e-15   14    1    7    3
 -3.670408032475299e-05   14    1    7    6
 -6.852527329095035e-15   14    1    7    7
 5.062742569965955e-15   14    1    8    1
 5.494700635740058e-15   14    1    8    3
 -4.389061864488417e-15   14    1    8    4
 -1.25645723094958e-15   14    1    8    5
 8.73762749326884e-06   14    1    8    6
 1.880854816577504e-15   14    1    8    7
 -1.934103337020374e-15   14    1    8    8
 0.001313485946565948   14    1    9    1
 4.002977269957619e-05   14    1    9    2
 0.00134543579199886   14    1    9    3
 -0.0007344762189150453   14    1    9    4
 -6.76263296254542e-06   14    1    9    5
 -2.865032694465858e-15   14    1    9    6
 -0.0001723048981658948   14    1    9    7
 -1.105441614686822e-05   14    1    9    8
 -6.960429731692022e-15   14    1    9    9
 -0.00151947918357426   14    1   10    1
 3.526762514264096e-05   14    1   10    2
 -0.001061626008735455   14    1   10    3
 0.0009946843690431283   14    1   10    4
 -1.804985969160223e-05   14    1   10    5
 -3.40102327630531e-05   14    1   10    7
 1.358030361883517e-06   14    1   10    8
 2.090577794308997e-15   14    1   10    9
 -5.735479011140754e-15   14    1   10   10
 -4.028898887449775e-15   14    1   11    1
 -3.836228236196999e-15   14    1   11    3
 3.367840344435473e-15   14    1   11    5
 -1.688632515834795e-05   14    1   11    6
 1.256829840584422e-15   14    1   11    7
 -0.0001555507954296918   14    1   11    9
 0.0001576556475901284   14    1   11   10
 -1.948920096201503e-15   14    1   11   11
 -1.248900520933761e-15   14    1   12    1
 -1.652699616511715e-15   14    1   12    3
 1.755123592809306e-15   14    1   12    5
 -7.567840929727313e-06   14    1   12    6
 1.660764518942741e-05   14    1   12    9
 0.0001019633781485333   14    1   12   10
 -1.088073368074066e-15   14    1   12   11
 -9.298027485303052e-15   14    1   13    1
 -1.567875651182264e-15   14    1   13    4
 2.69544346600848e-15   14    1   13    5
 0.0001751814848694332   14    1   13    6
 2.537411468917677e-15   14    1   13    7
 2.012827876229029e-15   14    1   13    8
 0.00121758582813826   14    1   13    9
 -0.001427020381271926   14    1   13   10
 -5.324995635207555e-15   14    1   13   11
 -1.676928185483649e-15   14    1   13   12
 0.00017995599142579   14    1   14    1
 -1.313600487729222e-15   14    2    1    1
 -8.84123663716936e-14   14    2    2    2
 8.958240690334285e-15   14    2    3    2
 -8.612343857582113e-15   14    2    3    3
 5.008211809087491e-15   14    2    4    2
 -1.364289010605385e-14   14    2    4    3
 -1.856493549129975e-14   14    2    4    4
 5.683546424734146e-15   14    2    5    2
 3.740493561622746e-15   14    2    5    3
 9.52679134513175e-15   14    2    5    4
 -1.309185921552662e-14   14    2    5    5
 -3.134412870333934e-05   14    2    6    1
 -0.0194254312893125   14    2    6    2
 0.002491583220940555   14    2    6    3
 0.006042751729592905   14    2    6    4
 -0.003346391089353822   14    2    6    5
 -6.152168193753525e-14   14    2    6    6
 -8.525043704030908e-15   14    2    7    2
 -6.430651908010925e-15   14    2    7    3
 -1.976410561239694e-14   14    2    7    4
 5.384030167335453e-15   14    2    7    5
 0.005888074217185329   14    2    7    6
 -1.994415824194512e-14   14    2    7    7
 -6.272409855525854e-15   14    2    8    2
 -8.368098361431497e-15   14    2    8    3
 -1.043618925581649e-14   14    2    8    4
 2.205381052441446e-14   14    2    8    5
 0.005027214156345794   14    2    8    6
 -1.28814077536078e-14   14    2    8    7
 -2.496176394735777e-14   14    2    8    8
 -0.0001688357337776895   14    2    9    1
 0.004560781981987397   14    2    9    2
 -0.006083458335941348   14    2    9    3
 -0.004741785660145912   14    2    9    4
 0.001278691302736019   14    2    9    5
 1.216802782032728e-14   14    2    9    6
 -0.00181151023217676   14    2    9    7
 -0.00149687361009859   14    2    9    8
 -1.01854142800441e-14   14    2    9    9
 0.0001944106564819249   14    2   10    1
 0.00373814572902033   14    2   10    2
 -0.003827950494235201   14    2   10    3
 -0.00602830121307935   14    2   10    4
 0.0007866834200790671   14    2   10    5
 3.200214446223537e-15   14    2   10    6
 -0.002417830987530258   14    2   10    7
 -0.001228625700883124   14    2   10    8
 -1.096610708271284e-14   14    2   10    9
 -1.33513566923421e-14   14    2   10   10
 3.679652079071621e-14   14    2   11    2
 -2.169020181303543e-15   14    2   11    3
 -1.043651971438919e-14   14    2   11    5
 -0.01509806296618936   14    2   11    6
 4.610483939667838e-15   14    2   11    7
 1.927311536756521e-14   14    2   11    8
 0.005146699168173942   14    2   11    9
 0.003958016444900471   14    2   11   10
 -2.664044719582766e-14   14    2   11   11
 -7.495341716343808e-15   14    2   12    2
 6.153118897958027e-15   14    2   12    4
 -3.408600725628309e-15   14    2   12    5
 0.007883664475548991   14    2   12    6
 7.078450420418917e-15   14    2   12    7
 7.862676403135186e-15   14    2   12    8
 -0.005470820427130898   14    2   12    9
 -0.005545846695208331   14    2   12   10
 -1.050476874628246e-14   14    2   12   11
 -3.942174262547072e-14   14    2   12   12
 -2.336453150211519e-15   14    2   13    3
 -2.570443311006448e-15   14    2   13    4
 3.962535724002887e-15   14    2   13    5
 0.003913251484502373   14    2   13    6
 -7.68904292431733e-15   14    2   13    7
 -1.864264396695749e-15   14    2   13    8
 -0.0007533880380852638   14    2   13    9
 0.000865697904980078   14    2   13   10
 1.03568918789448e-14   14    2   13   11
 2.35028048292908e-15   14    2   13   12
 -1.809437465210218e-05   14    2   14    1
 0.02511075165211284   14    2   14    2
 -9.99845620024024e-14   14    3    1    1
 5.68679926199867e-14   14    3    2    2
 2.185353305885774e-15   14    3    3    1
 3.943731674112009e-15   14    3    3    3
 -3.155332830978091e-15   14    3    4    1
 3.185728806679733e-15   14    3    4    2
 3.068738145473145e-14   14    3    4    3
 1.278144013841829e-14   14    3    4    4
 4.016485916447567e-15   14    3    5    1
 1.095846992025664e-15   14    3    5    2
 1.84625812726655e-14   14    3    5    3
 1.115370240365928e-15   14    3    5    4
 2.219476534482432e-15   14    3    5    5
 0.0001073933320997786   14    3    6    1
 0.004979523570383448   14    3    6    2
 -0.001622101554729737   14    3    6    3
 -0.001894880974459605   14    3    6    4
 -0.0007510755375145009   14    3    6    5
 7.077837564565703e-15   14    3    6    6
 2.079188586898508e-15   14    3    7    1
 4.99591609467995e-15   14    3    7    2
 5.331368418178899e-15   14    3    7    3
 1.473947584699146e-14   14    3    7    4
 -8.703076074473566e-15   14    3    7    5
 5.911830646291153e-06   14    3    7    6
 9.617634923875043e-15   14    3    7    7
 3.385298109309284e-15   14    3    8    1
 1.669987655173632e-15   14    3    8    3
 -4.199272653629505e-15   14    3    8    4
 -3.142941254615851e-14   14    3    8    5
 0.0009645323487273665   14    3    8    6
 9.164630724459115e-15   14    3    8    8
 0.0007159580242343014   14    3    9    1
 -0.003593709769776514   14    3    9    2
 -0.003142129861267905   14    3    9    3
 -0.004266835670884223   14    3    9    4
 -0.0009399343217674325   14    3    9    5
 6.527878312340253e-15   14    3    9    6
 0.001975663498682083   14    3    9    7
 0.001000232519694611   14    3    9    8
 8.496914448732201e-15   14    3    9    9
 -0.0008199063125660168   14    3   10    1
 -0.003375643182467928   14    3   10    2
 -0.005789014296961152   14    3   10    3
 -0.001245433480428746   14    3   10    4
 -0.001118608170710379   14    3   10    5
 1.575570551667193e-14   14    3   10    6
 0.0003296205680288033   14    3   10    7
 0.001640222250253561   14    3   10    8
 5.835499139110556e-14   14    3   10    9
 1.710511225296488e-14   14    3   10   10
 -4.144535841203636e-15   14    3   11    1
 -5.202852370271539e-15   14    3   11    2
 -1.839055640377857e-14   14    3   11    3
 -1.759838395080994e-15   14    3   11    4
 -6.905169719067464e-15   14    3   11    5
 0.002045469160637934   14    3   11    6
 2.007746180583005e-14   14    3   11    8
 -0.0002181575047708066   14    3   11    9
 -0.0001433878195248221   14    3   11   10
 6.142713751236069e-15   14    3   11   11
 -1.428473543830628e-15   14    3   12    1
 2.483840130685585e-15   14    3   12    2
 7.392913144275138e-15   14    3   12    3
 1.993883611910067e-14   14    3   12    4
 1.1469467482879e-15   14    3   12    5
 -0.005450842073862845   14    3   12    6
 1.307332776556173e-14   14    3   12    7
 4.659897272611154e-15   14    3   12    8
 -0.001796056838832398   14    3   12    9
 -0.003271382593087218   14    3   12   10
 -1.407934688053915e-15   14    3   12   11
 2.923112930888579e-14   14    3   12   12
 4.000251981661403e-15   14    3   13    1
 -1.528517292262237e-15   14    3   13    2
 -2.357634514880358e-14   14    3   13    3
 7.517741952624832e-15   14    3   13    4
 8.415983806133388e-15   14    3   13    5
 0.0002044084059220043   14    3   13    6
 4.137931178977715e-15   14    3   13    7
 1.728053501885958e-14   14    3   13    8
 0.003733409406242482   14    3   13    9
 -0.0001817320382946756   14    3   13   10
 1.660486259156707e-15   14    3   13   11
 -2.248164080331439e-15   14    3   13   12
 -1.462331258190909e-14   14    3   13   13
 9.553151943447899e-05   14    3   14    1
 -0.003192715678867085   14    3   14    2
 0.003111763190707681   14    3   14    3
 4.311118448588177e-14   14    4    1    1
 6.282285779158379e-14   14    4    2    2
 2.212592677665872e-15   14    4    3    2
 5.626687807420769e-14   14    4    3    3
 1.960517681456059e-15   14    4    4    1
 3.889578543026215e-15   14    4    4    2
 2.088643331005708e-14   14    4    4    3
 2.382302166863723e-14   14    4    4    4
 -1.71259147128925e-15   14    4    5    1
 -1.201130507903319e-14   14    4    5    4
 3.206054941375657e-14   14    4    5    5
 -0.0001227021241423722   14    4    6    1
 0.01089910425511846   14    4    6    2
 -0.00205732733244784   14    4    6    3
 -0.001555084949074116   14    4    6    4
 -0.001532661229342092   14    4    6    5
 1.309130131572798e-14   14    4    6    6
 -2.203331014992498e-15   14    4    7    1
 4.569770968891982e-15   14    4    7    2
 -2.616275713254233e-14   14    4    7    3
 1.515969006374847e-14   14    4    7    4
 4.774363383074875e-15   14    4    7    5
 -0.0004301025647246532   14    4    7    6
 3.82188011542762e-14   14    4    7    7
 -1.275300863779512e-15   14    4    8    1
 6.351396393009746e-15   14    4    8    3
 -3.645580271061855e-15   14    4    8    4
 -1.516139403889072e-14   14    4    8    5
 0.001996378797216343   14    4    8    6
 1.709310244604559e-14   14    4    8    7
 2.443135079165882e-14   14    4    8    8
 -0.0008512582366566486   14    4    9    1
 -0.004795760310474662   14    4    9    2
 -0.005217253844801626   14    4    9    3
 0.0005686774376671179   14    4    9    4
 -0.001527668476683002   14    4    9    5
 1.615081946141768e-14   14    4    9    6
 0.0008765384665492514   14    4    9    7
 0.001472998730850651   14    4    9    8
 5.868012525336668e-14   14    4    9    9
 0.0009697358365542973   14    4   10    1
 -0.003968928830099737   14    4   10    2
 0.0002941679947065362   14    4   10    3
 -0.003558301543372902   14    4   10    4
 -0.001986010957828937   14    4   10    5
 1.285345149881658e-14   14    4   10    6
 0.001375976360079073   14    4   10    7
 0.002728625916960062   14    4   10    8
 2.826152873409611e-14   14    4   10    9
 6.453229342655709e-14   14    4   10   10
 1.208267041983211e-15   14    4   11    1
 -6.472163506551828e-15   14    4   11    2
 -1.827455380356012e-14   14    4   11    4
 -3.311521524215672e-14   14    4   11    5
 0.003766564617809298   14    4   11    6
 1.767628884761641e-14   14    4   11    8
 -0.0003500887717810517   14    4   11    9
 -0.001326223050351965   14    4   11   10
 2.0463449513966e-14   14    4   11   11
 7.199064251597762e-15   14    4   12    2
 1.721006911251805e-14   14    4   12    3
 1.945597813195314e-14   14    4   12    4
 -3.576244283789203e-15   14    4   12    5
 -0.009762197638361544   14    4   12    6
 2.239427851560584e-14   14    4   12    7
 -4.115683966340929e-15   14    4   12    8
 -8.457968693684374e-05   14    4   12    9
 -0.002535356674896535   14    4   12   10
 1.109855685325516e-14   14    4   12   11
 4.036906971325376e-14   14    4   12   12
 -2.321471750875495e-15   14    4   13    1
 -2.796272275960617e-15   14    4   13    2
 -1.146387281696998e-15   14    4   13    3
 -1.309800789091658e-14   14    4   13    4
 -2.465420746814668e-14   14    4   13    5
 -0.001144685091222389   14    4   13    6
 9.652442308838818e-15   14    4   13    7
 -1.293297742839605e-14   14    4   13    8
 -0.001043187845559245   14    4   13    9
 0.004371505246545456   14    4   13   10
 -1.703400777401078e-14   14    4   13   11
 -9.132256224159902e-15   14    4   13   12
 -0.0001151071431130597   14    4   14    1
 -0.006609055176795458   14    4   14    2
 0.003665610297494245   14    4   14    3
 0.006650220656270265   14    4   14    4
 1.274657600381429e-13   14    5    1    1
 4.582466900130279e-14   14    5    2    2
 -1.520003956952707e-15   14    5    3    1
 1.124575311892337e-15   14    5    3    2
 6.166288739520956e-14   14    5    3    3
 2.297090637034877e-15   14    5    4    1
 1.162963100846792e-15   14    5    4    3
 2.118219200763965e-14   14    5    4    4
 -2.171449411645039e-15   14    5    5    1
 -7.32867839580962e-15   14    5    5    3
 -1.039231311481147e-15   14    5    5    4
 2.924732334147708e-14   14    5    5    5
 -2.054524370911091e-05   14    5    6    1
 -0.008680708439198012   14    5    6    2
 -0.001402997841145754   14    5    6    3
 -0.00156267810319807   14    5    6    4
 0.002518029711358445   14    5    6    5
 3.024054308958019e-14   14    5    6    6
 -1.741957930948612e-15   14    5    7    1
 -3.295052056049016e-14   14    5    7    3
 -2.173923006383966e-15   14    5    7    5
 -0.001455376759668582   14    5    7    6
 4.288877647879373e-14   14    5    7    7
 -1.952180950055239e-15   14    5    8    1
 -4.98950796377262e-15   14    5    8    3
 6.235562394115021e-15   14    5    8    4
 1.958335704111936e-15   14    5    8    5
 -0.003263790896641785   14    5    8    6
 1.263990676186284e-14   14    5    8    7
 1.717121551069987e-14   14    5    8    8
 -0.0001208572336354707   14    5    9    1
 0.001230419965189333   14    5    9    2
 -0.003746992558240116   14    5    9    3
 -0.002502878916068596   14    5    9    4
 0.0004591361504192413   14    5    9    5
 5.531976056486937e-15   14    5    9    6
 -0.0007338089167287832   14    5    9    7
 0.0008017246029188876   14    5    9    8
 5.886941385062776e-14   14    5    9    9
 0.0001305790699504929   14    5   10    1
 -9.644866853052454e-05   14    5   10    2
 -0.002597265571346048   14    5   10    3
 -0.00430347760462031   14    5   10    4
 -3.503983680207916e-05   14    5   10    5
 -0.002195196970041088   14    5   10    7
 -0.001682274236653906   14    5   10    8
 -9.250572740271451e-15   14    5   10    9
 5.708031664492176e-14   14    5   10   10
 2.420003049280013e-15   14    5   11    1
 -1.030820306637272e-14   14    5   11    2
 -8.28160748035224e-15   14    5   11    3
 -1.653977590206905e-14   14    5   11    4
 -3.640457075139529e-14   14    5   11    5
 -0.000242443204912914   14    5   11    6
 -9.84368916867346e-15   14    5   11    7
 -7.552817399006068e-15   14    5   11    8
 0.0008083895641554835   14    5   11    9
 0.002086075151622424   14    5   11   10
 2.658077598715616e-14   14    5   11   11
 3.649418319642131e-15   14    5   12    2
 5.95971066614173e-15   14    5   12    3
 8.508052641333052e-15   14    5   12    4
 -4.120505981488409e-15   14    5   12    5
 0.007516408062569715   14    5   12    6
 1.17757268174072e-14   14    5   12    7
 -1.624841220709521e-14   14    5   12    8
 -0.003194696361408305   14    5   12    9
 -0.001360447886399665   14    5   12   10
 1.716606922868075e-14   14    5   12   11
 1.867027727050024e-14   14    5   12   12
 -2.990144068265835e-15   14    5   13    1
 1.411959894018713e-15   14    5   13    2
 1.62152965125612e-14   14    5   13    3
 -3.486865821793199e-14   14    5   13    4
 -1.090928743506715e-14   14    5   13    5
 0.0004969319559538031   14    5   13    6
 1.319238394913227e-14   14    5   13    7
 -4.134361010505646e-15   14    5   13    8
 1.128570061777283e-06   14    5   13    9
 0.0009319800919152116   14    5   13   10
 1.74558078205626e-15   14    5   13   11
 4.310123383834073e-15   14    5   13   12
 1.206578336123654e-14   14    5   13   13
 -1.423555652662982e-05   14    5   14    1
 0.002506066127354313   14    5   14    2
 -0.001859534767782803   14    5   14    3
 -0.003884315276047834   14    5   14    4
 0.004670246732961023   14    5   14    5
 0.02246057722501259   14    6    1    1
 -7.144029456452162e-07   14    6    2    1
 0.03770364947952138   14    6    2    2
 -2.801871761614929e-05   14    6    3    1
 0.002227761258310726   14    6    3    2
 0.02524992527390459   14    6    3    3
 0.0001146710013152557   14    6    4    1
 0.003852184667737896   14    6    4    2
 0.006567974053147459   14    6    4    3
 0.0278736953643916   14    6    4    4
 -0.0003024317381330015   14    6    5    1
 -0.008377000092520227   14    6    5    2
 -0.0151748291029137   14    6    5    3
 -0.01359008267072874   14    6    5    4
 0.03471372574907732   14    6    5    5
 1.960672421953479e-15   14    6    6    1
 1.418257287617404e-15   14    6    6    3
 2.485273837722248e-15   14    6    6    4
 -1.205967421518385e-15   14    6    6    5
 0.04421674554033087   14    6    6    6
 -0.0001121838220331114   14    6    7    1
 0.006161638262939423   14    6    7    2
 0.002672454245108301   14    6    7    3
 0.009628922402854893   14    6    7    4
 -0.01221758227162002   14    6    7    5
 0.0293070480672197   14    6    7    7
 -0.0002495581219629043   14    6    8    1
 0.01124647987977554   14    6    8    2
 0.01112719226964042   14    6    8    3
 0.02210497809522763   14    6    8    4
 -0.02050636438578227   14    6    8    5
 0.01636897075246616   14    6    8    7
 0.04437094760034358   14    6    8    8
 -1.014319005595267e-15   14    6    9    1
 2.932365049645657e-15   14    6    9    2
 6.663257032390907e-15   14    6    9    3
 6.131896937675777e-15   14    6    9    4
 0.00225567032152438   14    6    9    6
 1.027089036233818e-15   14    6    9    8
 0.02045719292583303   14    6    9    9
 6.87740237326855e-15   14    6   10    2
 7.374846294049148e-15   14    6   10    3
 5.0114826429472e-15   14    6   10    4
 -2.15800786082416e-15   14    6   10    5
 0.01773385139086893   14    6   10    6
 -0.001977611401014552   14    6   10    9
 0.02065783483487169   14    6   10   10
 0.0002773060597492746   14    6   11    1
 -0.02367055745713176   14    6   11    2
 0.003783206098509545   14    6   11    3
 0.0001817725590531931   14    6   11    4
 -0.0004261985509236651   14    6   11    5
 2.228794606156553e-14   14    6   11    6
 -0.007960030179566919   14    6   11    7
 -0.005553104103216982   14    6   11    8
 -6.304288270031136e-15   14    6   11    9
 1.576643389800012e-15   14    6   11   10
 0.03174481538976195   14    6   11   11
 0.0001036712591813316   14    6   12    1
 0.01172125172245816   14    6   12    2
 -0.008567346004995733   14    6   12    3
 -0.01789369151490225   14    6   12    4
 0.02185077464849755   14    6   12    5
 1.251362541819806e-14   14    6   12    6
 -0.01837218214395282   14    6   12    7
 -0.03310761413618277   14    6   12    8
 1.202163789347428e-15   14    6   12    9
 1.623568111086163e-15   14    6   12   10
 0.0146924589332189   14    6   12   11
 0.08636152546525826   14    6   12   12
 -0.0001036567342697618   14    6   13    1
 0.005317459393356107   14    6   13    2
 0.0002901370657248209   14    6   13    3
 -0.002092664362333792   14    6   13    4
 0.0008836209014640876   14    6   13    5
 5.158729058213462e-14   14    6   13    6
 0.0004518304598792932   14    6   13    7
 0.00217615366651688   14    6   13    8
 -1.634533953079369e-14   14    6   13    9
 -4.930204679026838e-15   14    6   13   10
 -0.002225401123981125   14    6   13   11
 0.0001690473846362125   14    6   13   12
 0.01810401762066021   14    6   13   13
 -1.292732033168698e-14   14    6   14    2
 -2.82814079278121e-15   14    6   14    3
 2.86447335843165e-15   14    6   14    4
 -2.660973828692849e-15   14    6   14    5
 0.1098059430185776   14    6   14    6
 1.242008347039563e-13   14    7    1    1
 -1.040654586859312e-14   14    7    2    2
 -1.395587452943746e-15   14    7    3    1
 4.08005120919658e-14   14    7    3    3
 2.069271575764257e-15   14    7    4    1
 1.849288163883222e-15   14    7    4    2
 -2.979263794549798e-14   14    7    4    3
 2.810414956592555e-14   14    7    4    4
 -2.027350494969222e-15   14    7    5    1
 -1.413263172390157e-15   14    7    5    2
 -2.824539275104293e-14   14    7    5    3
 3.442118245273798e-15   14    7    5    4
 2.704942192980586e-14   14    7    5    5
 4.648646776765744e-05   14    7    6    1
 0.01121807128657406   14    7    6    2
 0.0006575370052564905   14    7    6    3
 -0.0003942457853476162   14    7    6    4
 -0.001948590951631685   14    7    6    5
 -1.704552513688382e-14   14    7    6    6
 -1.069595135547658e-15   14    7    7    1
 -1.054013493633553e-14   14    7    7    3
 -3.413873251367748e-14   14    7    7    4
 -9.794019980268971e-15   14    7    7    5
 -0.0003788650012138006   14    7    7    6
 3.467971110055205e-14   14    7    7    7
 -1.41237994090863e-15   14    7    8    1
 -4.355078660571041e-15   14    7    8    3
 2.699635957174384e-14   14    7    8    4
 3.980621666790245e-14   14    7    8    5
 0.002442041640681501   14    7    8    6
 -4.083175048425025e-15   14    7    8    7
 1.582401362679755e-14   14    7    8    8
 0.000287227279843789   14    7    9    1
 -0.002630391014089753   14    7    9    2
 0.004650003978347915   14    7    9    3
 0.0008185788517316809   14    7    9    4
 -0.00129776646259237   14    7    9    5
 1.285773537168832e-14   14    7    9    6
 -0.0007519022649610257   14    7    9    7
 0.0009086494785272649   14    7    9    8
 3.853542854632026e-14   14    7    9    9
 -0.0003175739539279853   14    7   10    1
 -0.001365321954332716   14    7   10    2
 0.001484732464229253   14    7   10    3
 0.003691787259309212   14    7   10    4
 -0.001910343952021473   14    7   10    5
 -2.136401513709321e-15   14    7   10    6
 -0.0002121725857199911   14    7   10    7
 0.002360010862719702   14    7   10    8
 -3.213554333925005e-14   14    7   10    9
 4.117358254136731e-14   14    7   10   10
 1.871089832812401e-15   14    7   11    1
 2.690399183096712e-15   14    7   11    2
 1.245870205938545e-15   14    7   11    3
 2.15636294988039e-15   14    7   11    4
 -2.224270025551433e-14   14    7   11    5
 0.002676647546703755   14    7   11    6
 -1.873025485506792e-14   14    7   11    7
 1.911324496742246e-14   14    7   11    8
 -0.0008198974600754612   14    7   11    9
 -0.001139002831679985   14    7   11   10
 -3.412835338088544e-15   14    7   11   11
 4.903631478946202e-15   14    7   12    2
 7.988547578900376e-15   14    7   12    3
 1.636853588992761e-14   14    7   12    4
 3.716971813819661e-15   14    7   12    5
 -0.008485694298948472   14    7   12    6
 9.427872554517955e-15   14    7   12    7
 -3.575141151228417e-15   14    7   12    8
 0.002625282468696002   14    7   12    9
 0.0007562510325888959   14    7   12   10
 1.921404079191733e-14   14    7   12   11
 -3.826943271229726e-15   14    7   12   12
 -2.387644079171954e-15   14    7   13    1
 -3.045083914432234e-15   14    7   13    2
 1.214370836403839e-14   14    7   13    3
 -8.143932559914971e-15   14    7   13    4
 9.833232561044027e-15   14    7   13    5
 -0.0009088076721006723   14    7   13    6
 -8.386300632726895e-15   14    7   13    7
 2.054942026603483e-14   14    7   13    8
 0.000856735287488074   14    7   13    9
 -0.001667991330066445   14    7   13   10
 1.10985304713694e-14   14    7   13   11
 1.08552507107616e-14   14    7   13   12
 7.011653393471974e-14   14    7   13   13
 3.529494978634551e-05   14    7   14    1
 -0.005656676861085499   14    7   14    2
 0.002383366090465582   14    7   14    3
 0.004942819889938574   14    7   14    4
 -0.004125929631343062   14    7   14    5
 2.82445044028261e-15   14    7   14    6
 0.005311752944856212   14    7   14    7
 7.012208380195872e-14   14    8    1    1
 -1.928602955273186e-14   14    8    2    2
 -1.398882519774237e-15   14    8    3    1
 2.080808254445626e-15   14    8    3    2
 1.404331011862533e-14   14    8    3    3
 1.690745187202105e-15   14    8    4    1
 1.432875631404927e-15   14    8    4    2
 4.119980738736925e-15   14    8    4    3
 -1.94086059044935e-15   14    8    5    1
 -7.221449295375652e-15   14    8    5    3
 6.14678854979741e-15   14    8    5    4
 7.947772283413323e-15   14    8    5    5
 2.752205503826628e-05   14    8    6    1
 0.01305421609367467   14    8    6    2
 0.00173251043547117   14    8    6    3
 0.001908732630122362   14    8    6    4
 -0.003348044344305752   14    8    6    5
 -1.674147395148122e-14   14    8    6    6
 -9.20848271587532e-15   14    8    7    3
 1.317384449989788e-14   14    8    7    4
 1.620566849356147e-14   14    8    7    5
 0.001825037098842989   14    8    7    6
 7.040917199111004e-15   14    8    7    7
 -1.305459486104224e-15   14    8    8    1
 -1.906277833887971e-15   14    8    8    2
 -4.105377263214555e-15   14    8    8    3
 -8.331718120536456e-15   14    8    8    4
 -1.261664300315189e-14   14    8    8    5
 0.004841039782159261   14    8    8    6
 -8.586786161656662e-15   14    8    8    7
 1.369385156966645e-15   14    8    8    8
 0.0001616830791624812   14    8    9    1
 -0.002056750273837544   14    8    9    2
 0.005029203638098175   14    8    9    3
 0.003341762824675901   14    8    9    4
 0.0004395816123214482   14    8    9    5
 7.851207078924331e-15   14    8    9    6
 0.0008000069968469776   14    8    9    7
 0.0004777357714429335   14    8    9    8
 1.25548932794327e-14   14    8    9    9
 -0.00017796132815783   14    8   10    1
 -9.317388683369327e-05   14    8   10    2
 0.003564182017757914   14    8   10    3
 0.005787857791926493   14    8   10    4
 -0.001917162817705254   14    8   10    5
 0.002940235617346085   14    8   10    7
 0.001433096010430498   14    8   10    8
 -1.286669824092026e-14   14    8   10    9
 1.321234011607715e-14   14    8   10   10
 1.809218308410195e-15   14    8   11    1
 1.398635603521055e-14   14    8   11    2
 1.809659840088602e-14   14    8   11    3
 1.63450282750353e-14   14    8   11    4
 -1.260075769769602e-14   14    8   11    5
 0.0005354952954039201   14    8   11    6
 1.392276246913055e-14   14    8   11    7
 -2.190569592208115e-14   14    8   11    8
 -0.001677209831423966   14    8   11    9
 -0.00189836161177975   14    8   11   10
 -2.36528886898805e-15   14    8   12    2
 -6.948893184451035e-15   14    8   12    4
 -1.884766182725397e-14   14    8   12    5
 -0.01124790802168018   14    8   12    6
 -4.806903812096676e-15   14    8   12    7
 8.373007989318551e-15   14    8   12    8
 0.004297363294644022   14    8   12    9
 0.002194291865190258   14    8   12   10
 -1.873061546644703e-14   14    8   12   11
 5.978682730364601e-15   14    8   12   12
 -1.921234900651156e-15   14    8   13    1
 -4.204657781966632e-15   14    8   13    2
 2.239450098156292e-14   14    8   13    3
 -1.637817724498298e-14   14    8   13    4
 -4.2922885628404e-15   14    8   13    5
 -0.0007812653567784079   14    8   13    6
 1.869662786227917e-14   14    8   13    7
 -1.069703538859945e-14   14    8   13    8
 -8.04437290324716e-05   14    8   13    9
 -0.00109570833308986   14    8   13   10
 -8.462318940867015e-15   14    8   13   12
 -1.517985277340698e-14   14    8   13   13
 1.938371197820187e-05   14    8   14    1
 -0.003898807817437347   14    8   14    2
 0.002755200354095181   14    8   14    3
 0.005819876620364498   14    8   14    4
 -0.006404710268342946   14    8   14    5
 -1.620739839384523e-15   14    8   14    6
 0.006118328512991763   14    8   14    7
 0.009321883204465973   14    8   14    8
 0.009192161920719505   14    9    1    1
 4.088141686523747e-05   14    9    2    1
 -0.02948761295757762   14    9    2    2
 -0.0006763432160498222   14    9    3    1
 -0.003433533409600545   14    9    3    2
 -0.02393587137047723   14    9    3    3
 -0.0001048065357314145   14    9    4    1
 -0.00530856621103771   14    9    4    2
 -0.01626859712011819   14    9    4    3
 -0.01640393531985324   14    9    4    4
 2.307747270094538e-05   14    9    5    1
 0.001785847568442496   14    9    5    2
 -0.0002446637099322206   14    9    5    3
 -0.001194314743428579   14    9    5    4
 -0.01806344957119045   14    9    5    5
 -1.200442976133075e-15   14    9    6    1
 5.935769630872592e-15   14    9    6    2
 4.120807363477223e-15   14    9    6    3
 6.454328771455104e-15   14    9    6    4
 -0.002523332014240277   14    9    6    6
 0.0008788628689223472   14    9    7    1
 -0.004959585620665677   14    9    7    2
 0.006800163365070611   14    9    7    3
 -0.01176811563497416   14    9    7    4
 -0.001319044577664381   14    9    7    5
 2.177562692879775e-15   14    9    7    6
 -0.02318038177333297   14    9    7    7
 1.190102071408962e-05   14    9    8    1
 -0.002820893039663701   14    9    8    2
 0.0008928889848195416   14    9    8    3
 0.0007071810132008034   14    9    8    4
 0.01750943026788677   14    9    8    5
 2.13261516969396e-15   14    9    8    6
 -0.001366800395457393   14    9    8    7
 -0.01950015577624268   14    9    8    8
 -4.101948243461215e-15   14    9    9    1
 6.896698237901123e-15   14    9    9    2
 6.229335641649862e-15   14    9    9    3
 1.977386961058832e-14   14    9    9    4
 7.054840322631241e-15   14    9    9    5
 -0.01041119595059278   14    9    9    6
 3.043188944091407e-15   14    9    9    7
 1.636003727891368e-15   14    9    9    8
 -0.02232285271674593   14    9    9    9
 4.857822065951745e-15   14    9   10    1
 8.134977297114972e-15   14    9   10    2
 2.784599438704726e-14   14    9   10    3
 1.073920415002593e-14   14    9   10    4
 -1.906597701350776e-15   14    9   10    5
 -0.01426386678751552   14    9   10    6
 1.207232659056323e-15   14    9   10    7
 -4.17808827068524e-15   14    9   10    8
 -0.02459759306575519   14    9   10    9
 -0.02478122658539102   14    9   10   10
 0.0001514937920676204   14    9   11    1
 0.00739193677757367   14    9   11    2
 -0.000474214016660258   14    9   11    3
 -0.0001821228351144654   14    9   11    4
 0.006502824460761388   14    9   11    5
 -5.932565384485039e-15   14    9   11    6
 0.0001967120939146344   14    9   11    7
 -0.003532190573843377   14    9   11    8
 -2.516139320601618e-15   14    9   11    9
 -1.131937660774751e-15   14    9   11   10
 -0.01812189821742105   14    9   11   11
 0.0001475932033154802   14    9   12    1
 -0.005825193610637617   14    9   12    2
 -0.004104388165455573   14    9   12    3
 -0.004834896161607988   14    9   12    4
 0.0007409854598348354   14    9   12    5
 -0.002259315646165034   14    9   12    7
 0.00129398896423098   14    9   12    8
 1.480442104196258e-14   14    9   12    9
 1.908694245623244e-14   14    9   12   10
 -0.002556997118915854   14    9   12   11
 -0.03395636272414276   14    9   12   12
 0.0001303633156990665   14    9   13    1
 -0.001339717749978577   14    9   13    2
 0.007312347003348047   14    9   13    3
 0.0001445244955103811   14    9   13    4
 0.0005418959477912936   14    9   13    5
 -1.653035157106102e-14   14    9   13    6
 -0.00196403281849433   14    9   13    7
 -0.0001367833548460199   14    9   13    8
 -8.186962547225132e-15   14    9   13    9
 8.997523261301643e-15   14    9   13   10
 -0.001747983412480818   14    9   13   11
 0.003169001436095392   14    9   13   12
 -0.0002875044240033457   14    9   13   13
 -3.117528824938931e-15   14    9   14    2
 -1.699244937423524e-14   14    9   14    3
 -1.263945107588867e-14   14    9   14    4
 -3.202504370646304e-15   14    9   14    5
 -0.02741516577774534   14    9   14    6
 2.967040830775624e-15   14    9   14    7
 5.329529360633052e-15   14    9   14    8
 0.01479323477893123   14    9   14    9
 -0.06084445255394038   14   10    1    1
 2.159542315345783e-05   14   10    2    1
 -0.00750492456292658   14   10    2    2
 0.0004759832417282348   14   10    3    1
 -0.0052023060569995   14   10    3    2
 -0.04517676941118413   14   10    3    3
 -0.0005152652925192514   14   10    4    1
 -0.008510718738340464   14   10    4    2
 0.0006896006809357152   14   10    4    3
 -0.02987814981264745   14   10    4    4
 -0.0001053532640991217   14   10    5    1
 -1.803224332356669e-05   14   10    5    2
 -0.006344555556814446   14   10    5    3
 -0.006580803803886624   14   10    5    4
 -0.03005038441851387   14   10    5    5
 1.613560180291725e-14   14   10    6    2
 1.111683573176854e-14   14   10    6    3
 4.629208689396766e-15   14   10    6    4
 -6.75759211277318e-15   14   10    6    5
 0.03683908906873402   14   10    6    6
 0.0002402478048438745   14   10    7    1
 -0.004486190522639057   14   10    7    2
 0.01299069278158219   14   10    7    3
 0.006747703504103968   14   10    7    4
 -0.006484427462065278   14   10    7    5
 -0.03636280023646174   14   10    7    7
 -9.625193425392442e-05   14   10    8    1
 -0.0003224007221944831   14   10    8    2
 0.006091280894409168   14   10    8    3
 0.01083394298212545   14   10    8    4
 -0.006268005498277316   14   10    8    5
 0.006976530800931745   14   10    8    7
 -0.02281712087649383   14   10    8    8
 5.879846548959165e-15   14   10    9    1
 7.36780940529145e-15   14   10    9    2
 4.57777985400142e-14   14   10    9    3
 1.194030776731164e-14   14   10    9    4
 -2.373354567757879e-15   14   10    9    5
 -0.02363982965119224   14   10    9    6
 -7.576216540636457e-15   14   10    9    7
 -3.411780684724413e-15   14   10    9    8
 -0.04468041508199058   14   10    9    9
 -5.996969643153327e-15   14   10   10    1
 9.599005890129266e-15   14   10   10    2
 1.004909582452148e-14   14   10   10    3
 3.375150004280625e-14   14   10   10    4
 4.29901713432321e-15   14   10   10    5
 -0.01136240261566545   14   10   10    6
 6.900809281221387e-15   14   10   10    7
 3.635613758280832e-15   14   10   10    8
 -0.0009515543345005554   14   10   10    9
 -0.04940086580188215   14   10   10   10
 8.759510945818964e-05   14   10   11    1
 0.001993261328654883   14   10   11    2
 0.001396429475820822   14   10   11    3
 -0.00239629563361273   14   10   11    4
 0.01426078555332706   14   10   11    5
 3.186872418493107e-15   14   10   11    6
 -0.005997359175581763   14   10   11    7
 -0.007838327231833564   14   10   11    8
 -1.621713337499395e-15   14   10   11    9
 -2.85596016264972e-15   14   10   11   10
 -0.01845079128217662   14   10   11   11
 6.881365285868549e-05   14   10   12    1
 -0.003793458568554872   14   10   12    2
 -0.006929725405216139   14   10   12    3
 -0.01157369008486217   14   10   12    4
 0.01179168847655581   14   10   12    5
 -1.555296407133965e-15   14   10   12    6
 -0.01100263616300207   14   10   12    7
 -0.01163772735954977   14   10   12    8
 2.181634454493959e-14   14   10   12    9
 2.590462905397321e-14   14   10   12   10
 -0.005836800353276362   14   10   12   11
 -0.00550433680168399   14   10   12   12
 0.0006827169003255209   14   10   13    1
 -0.00017709577239024   14   10   13    2
 -0.00180664239657238   14   10   13    3
 0.0105101885274279   14   10   13    4
 0.001553750534649683   14   10   13    5
 -4.10635751829799e-15   14   10   13    6
 -0.004020010958442045   14   10   13    7
 0.001230310608812837   14   10   13    8
 1.09641805196865e-14   14   10   13    9
 -1.358747490037385e-14   14   10   13   10
 -0.003932534264492218   14   10   13   11
 0.002920830556346183   14   10   13   12
 -0.03288306914908774   14   10   13   13
 2.460312684896005e-15   14   10   14    1
 -1.843453781300121e-14   14   10   14    2
 -9.91115928262132e-15   14   10   14    3
 -1.402342764670186e-14   14   10   14    4
 -1.090659968280767e-14   14   10   14    5
 -0.005788203664734341   14   10   14    6
 -3.186258125528972e-15   14   10   14    7
 3.660368529224877e-15   14   10   14    8
 0.009892355974131808   14   10   14    9
 0.01867902776808461   14   10   14   10
 -1.708857068718833e-13   14   11    1    1
 8.455783839528836e-14   14   11    2    2
 1.479684045804067e-15   14   11    3    1
 -1.374498753600396e-14   14   11    3    2
 -1.005435983627538e-13   14   11    3    3
 -1.312543210675021e-15   14   11    4    1
 -2.480197206309946e-14   14   11    4    2
 2.688812839674656e-14   14   11    4    3
 -7.467747708136324e-14   14   11    4    4
 1.067679175864649e-15   14   11    5    1
 -1.377635913437712e-14   14   11    5    2
 -4.35231243240302e-14   14   11    5    3
 -5.100891553407548e-14   14   11    5    4
 -7.90779805226894e-14   14   11    5    5
 -3.949334952197601e-05   14   11    6    1
 -0.02768446407350814   14   11    6    2
 0.002172354938627297   14   11    6    3
 0.004317410735567016   14   11    6    4
 0.0009089209330310773   14   11    6    5
 1.55366123563036e-13   14   11    6    6
 -8.308781779621077e-15   14   11    7    2
 2.240565275521331e-14   14   11    7    3
 3.946804928479981e-14   14   11    7    4
 -3.740413140990432e-14   14   11    7    5
 0.002652658661953619   14   11    7    6
 -7.969896043389204e-14   14   11    7    7
 1.910399935803211e-14   14   11    8    2
 4.422340038069683e-14   14   11    8    3
 6.736425091186825e-14   14   11    8    4
 -5.509613811556831e-14   14   11    8    5
 -0.001104196033771368   14   11    8    6
 5.289421266443756e-14   14   11    8    7
 -5.246344150640325e-14   14   11    8    8
 -0.000212564371380757   14   11    9    1
 0.007543382864063687   14   11    9    2
 -0.00356663216260346   14   11    9    3
 -0.002958195887398414   14   11    9    4
 0.001845612018939622   14   11    9    5
 -5.756936262757494e-14   14   11    9    6
 -0.001932750574530761   14   11    9    7
 -0.002381374166640577   14   11    9    8
 -7.51658846457355e-14   14   11    9    9
 0.0002390931943969591   14   11   10    1
 0.004255013500023379   14   11   10    2
 -0.001910345607173608   14   11   10    3
 -0.004527116535490748   14   11   10    4
 0.003154752168497641   14   11   10    5
 -6.926291058035913e-15   14   11   10    6
 -0.002924299794982905   14   11   10    7
 -0.003380625401793933   14   11   10    8
 3.170976930963252e-14   14   11   10    9
 -8.29759574100266e-14   14   11   10   10
 -1.028582374773793e-14   14   11   11    2
 1.698334070787046e-15   14   11   11    3
 -2.125253249185446e-14   14   11   11    4
 1.441106424568397e-14   14   11   11    5
 -0.006721703671868237   14   11   11    6
 -4.482474040068527e-14   14   11   11    7
 -1.725275086503584e-14   14   11   11    8
 0.002228710756299076   14   11   11    9
 0.002605769271257054   14   11   11   10
 -2.722825893434548e-14   14   11   11   11
 -1.695934643183322e-15   14   11   12    2
 -7.636714507428458e-15   14   11   12    3
 -1.96956983495145e-14   14   11   12    4
 5.476524795265102e-14   14   11   12    5
 0.01277415400811979   14   11   12    6
 -2.637666150032125e-14   14   11   12    7
 -7.412212932344916e-14   14   11   12    8
 -0.00461276225363571   14   11   12    9
 -0.002972724024201495   14   11   12   10
 2.820054564570751e-15   14   11   12   11
 8.081179908973945e-14   14   11   12   12
 1.395478062040316e-15   14   11   13    1
 7.272877226668391e-15   14   11   13    2
 -6.914741008841722e-15   14   11   13    3
 3.254234154540163e-15   14   11   13    4
 6.119203001986069e-15   14   11   13    5
 0.00193469598520095   14   11   13    6
 -2.440002702538867e-15   14   11   13    7
 4.221252432781134e-15   14   11   13    8
 -0.001271758894729222   14   11   13    9
 -0.0001539960020571635   14   11   13   10
 -2.108934754538996e-14   14   11   13   11
 8.673474483968068e-15   14   11   13   12
 -1.207460295626026e-13   14   11   13   13
 -2.502345261159514e-05   14   11   14    1
 0.01165841975517515   14   11   14    2
 -0.004316357186805578   14   11   14    3
 -0.008269994418002576   14   11   14    4
 0.005867968305364001   14   11   14    5
 5.771911947058636e-14   14   11   14    6
 -0.007880987804410895   14   11   14    7
 -0.008967498360009695   14   11   14    8
 3.49060395719537e-14   14   11   14   10
 0.01841482887169454   14   11   14   11
 -3.427719333652186e-14   14   12    1    1
 5.693226481313997e-14   14   12    2    2
 5.031146807841214e-15   14   12    3    2
 2.175337185656838e-14   14   12    3    3
 1.494146880709213e-14   14   12    4    2
 4.719033817814396e-14   14   12    4    3
 3.217310780960371e-14   14   12    4    4
 1.52109450266807e-15   14   12    5    1
 3.86899207441728e-15   14   12    5    2
 2.837138334076088e-14   14   12    5    3
 1.582091904603578e-14   14   12    5    4
 1.383145983639217e-14   14   12    5    5
 -3.360793370253089e-05   14   12    6    1
 0.002075518592986136   14   12    6    2
 -0.006179528314854763   14   12    6    3
 -0.00914342565614475   14   12    6    4
 0.007469779569207927   14   12    6    5
 2.454305055113965e-14   14   12    6    6
 -1.489885390581396e-15   14   12    7    1
 1.943224393363709e-14   14   12    7    2
 4.617537731047334e-15   14   12    7    3
 5.409723411496222e-14   14   12    7    4
 2.187181276521925e-14   14   12    7    5
 -0.007179131214607213   14   12    7    6
 3.91425909777013e-14   14   12    7    7
 -2.364665731081144e-15   14   12    8    2
 -9.61799843100324e-15   14   12    8    3
 -3.415217071913664e-14   14   12    8    4
 -5.312758163060237e-14   14   12    8    5
 -0.01050391261658722   14   12    8    6
 -1.054810323373011e-14   14   12    8    7
 2.379674550137151e-14   14   12    8    8
 -0.0002264027164307061   14   12    9    1
 -0.00450357749577204   14   12    9    2
 -0.006821518913857101   14   12    9    3
 -0.003444117768347721   14   12    9    4
 0.0006209880343479298   14   12    9    5
 5.636973504052201e-15   14   12    9    6
 0.0008436532775465225   14   12    9    7
 0.0001526679227896473   14   12    9    8
 3.298410652585879e-14   14   12    9    9
 0.0002539145322322693   14   12   10    1
 -0.005589822999604876   14   12   10    2
 -0.005384133105100353   14   12   10    3
 -0.007172817022874656   14   12   10    4
 0.0024857737801817   14   12   10    5
 9.361185593148374e-15   14   12   10    6
 -0.002619519511816082   14   12   10    7
 -0.00280262714427928   14   12   10    8
 5.752712068548796e-14   14   12   10    9
 4.394122353983108e-14   14   12   10   10
 -1.664133445368436e-15   14   12   11    1
 -2.021671989152711e-14   14   12   11    2
 -1.358464042931262e-15   14   12   11    3
 4.564700966673167e-15   14   12   11    4
 9.351563896254253e-15   14   12   11    5
 0.007501110732218324   14   12   11    6
 1.40212947269002e-14   14   12   11    7
 -2.525101695713419e-14   14   12   11    8
 -0.002325795264905322   14   12   11    9
 -0.001287145214478746   14   12   11   10
 3.646666135148897e-14   14   12   11   11
 1.469005063409758e-14   14   12   12    2
 1.382391824424842e-14   14   12   12    3
 2.074720705651045e-14   14   12   12    4
 -3.091728009238666e-14   14   12   12    5
 0.01061555823974935   14   12   12    6
 1.96078136374433e-14   14   12   12    7
 3.265806992937515e-14   14   12   12    8
 -0.006697016364762903   14   12   12    9
 -0.00343198605246927   14   12   12   10
 -8.357309073759435e-15   14   12   12   11
 2.370298265656834e-14   14   12   12   12
 2.579265112591797e-15   14   12   13    2
 -5.005579818557504e-15   14   12   13    3
 -4.669837608050041e-15   14   12   13    4
 -2.273220825635005e-15   14   12   13    5
 -0.0008880361576535868   14   12   13    6
 1.47909547934378e-14   14   12   13    7
 -1.42608418311191e-14   14   12   13    8
 0.001391206632852443   14   12   13    9
 0.002836798427340444   14   12   13   10
 1.813431028822619e-15   14   12   13   11
 -8.389261502423073e-15   14   12   13   12
 -3.425751471794296e-14   14   12   13   13
 -3.298295996758524e-05   14   12   14    1
 -0.007337953697957183   14   12   14    2
 -0.0007951804128973724   14   12   14    3
 -0.003036982126302132   14   12   14    4
 0.006559479347230675   14   12   14    5
 -4.933564222840457e-14   14   12   14    6
 -0.004380385592431562   14   12   14    7
 -0.009588529869045834   14   12   14    8
 -6.537739364365873e-15   14   12   14    9
 -1.497343591922234e-14   14   12   14   10
 -0.000218563625728741   14   12   14   11
 0.02508117694657648   14   12   14   12
 -1.28013934815487e-13   14   13    1    1
 3.041179141949988e-14   14   13    2    2
 1.571065804331661e-15   14   13    3    1
 -8.811282088704847e-15   14   13    3    2
 -7.393195681845481e-14   14   13    3    3
 -2.297775074132409e-15   14   13    4    1
 -1.389718896516476e-14   14   13    4    2
 2.230967769851264e-14   14   13    4    3
 -4.530805397619344e-14   14   13    4    4
 5.205005111670393e-15   14   13    5    1
 -2.669816132726551e-15   14   13    5    2
 1.809648885458501e-14   14   13    5    3
 -5.491782771065743e-14   14   13    5    4
 -5.005159371185436e-14   14   13    5    5
 0.0001954673238809015   14   13    6    1
 0.006863611621783994   14   13    6    2
 0.0008534719877887942   14   13    6    3
 -0.000890615319875866   14   13    6    4
 -7.6635292506271e-05   14   13    6    5
 1.1212686903683e-13   14   13    6    6
 1.280812198200431e-15   14   13    7    1
 -4.486243724885292e-15   14   13    7    2
 2.122528808107283e-14   14   13    7    3
 3.515620836289731e-14   14   13    7    4
 4.832383973203669e-15   14   13    7    5
 -0.0008904929064716987   14   13    7    6
 -6.002461479441447e-14   14   13    7    7
 4.489065226649761e-15   14   13    8    1
 4.496395438316952e-14   14   13    8    3
 -1.132889271827659e-14   14   13    8    4
 -3.617766521993381e-14   14   13    8    5
 -1.760825737485708e-05   14   13    8    6
 4.557839212478609e-14   14   13    8    7
 -3.35624620960908e-14   14   13    8    8
 0.00130481053321012   14   13    9    1
 -0.0007981780494807567   14   13    9    2
 0.007048040666172039   14   13    9    3
 1.192886292263371e-05   14   13    9    4
 -0.0002397218180981749   14   13    9    5
 -4.535368757867545e-14   14   13    9    6
 -0.0002051628596114166   14   13    9    7
 9.029106568716029e-05   14   13    9    8
 -5.794541600359596e-14   14   13    9    9
 -0.00148147168216584   14   13   10    1
 0.0001017323077650393   14   13   10    2
 -0.000389094600241555   14   13   10    3
 0.005805601387357071   14   13   10    4
 -0.0003527303723004095   14   13   10    5
 -1.217897126555132e-14   14   13   10    6
 0.0001572945312816437   14   13   10    7
 0.0004724470103419468   14   13   10    8
 2.906168041939671e-14   14   13   10    9
 -6.045591281767939e-14   14   13   10   10
 -5.199505841159834e-15   14   13   11    1
 -5.963303968006585e-15   14   13   11    2
 1.965502191214685e-15   14   13   11    3
 -2.346626227476946e-14   14   13   11    4
 2.04683345565544e-14   14   13   11    5
 0.001662273266574966   14   13   11    6
 1.018435792631771e-15   14   13   11    7
 -1.43813579526908e-14   14   13   11    8
 -0.001346651590858756   14   13   11    9
 -0.0008238616557951456   14   13   11   10
 -2.246315018473458e-14   14   13   11   11
 -1.910094656258812e-15   14   13   12    1
 2.554953372794971e-15   14   13   12    2
 -4.998469732189736e-15   14   13   12    3
 -2.089688039735036e-14   14   13   12    4
 2.455598187028794e-14   14   13   12    5
 -0.002231284471386597   14   13   12    6
 -8.08183978600184e-15   14   13   12    7
 -3.171354235906859e-14   14   13   12    8
 0.00243244607961537   14   13   12    9
 0.002487763235344901   14   13   12   10
 -6.675888262152898e-15   14   13   12   11
 3.122560224660996e-14   14   13   12   12
 2.575638686230291e-15   14   13   13    1
 -2.356116161456808e-15   14   13   13    3
 1.681822354828105e-15   14   13   13    4
 -2.729139765237137e-14   14   13   13    5
 -0.0002425586146865526   14   13   13    6
 1.488128129344319e-14   14   13   13    7
 -2.838112793008609e-14   14   13   13    8
 0.002923246575351605   14   13   13    9
 -0.004705134971315307   14   13   13   10
 -5.569287426971179e-14   14   13   13   11
 -1.672397691778774e-14   14   13   13   12
 -9.547144160674388e-14   14   13   13   13
 0.0001724403614269645   14   13   14    1
 -0.003343109060965703   14   13   14    2
 0.0005988723544820243   14   13   14    3
 0.001034701698266857   14   13   14    4
 -0.001431887448273635   14   13   14    5
 9.107858623622639e-15   14   13   14    6
 0.001978793191109593   14   13   14    7
 0.002091276698678246   14   13   14    8
 8.706237783293413e-15   14   13   14    9
 3.770058594882832e-14   14   13   14   10
 -0.004126766658026585   14   13   14   11
 0.0001675853670091589   14   13   14   12
 0.001685646848970427   14   13   14   13
 0.1960649786943541   14   14    1    1
 -1.879436416855022e-06   14   14    2    1
 0.4189625566405657   14   14    2    2
 0.0003559465592518443   14   14    3    1
 -0.0117114420386587   14   14    3    2
 0.2393839173937952   14   14    3    3
 0.000831622078927662   14   14    4    1
 -0.02150807090756121   14   14    4    2
 0.05451441623298064   14   14    4    3
 0.2491527807440823   14   14    4    4
 -0.0008266295522393645   14   14    5    1
 -0.006730551443652836   14   14    5    2
 -0.0379711417316704   14   14    5    3
 -0.03148863329005238   14   14    5    4
 0.2486581768260867   14   14    5    5
 1.030267356157767e-15   14   14    6    1
 3.257032351051149e-14   14   14    6    2
 -8.136099705254019e-15   14   14    6    3
 -8.431419239030036e-15   14   14    6    4
 -1.939940782558548e-14   14   14    6    5
 0.505638549572852   14   14    6    6
 -0.001568846904148365   14   14    7    1
 -0.004477934926474048   14   14    7    2
 0.00593281904668352   14   14    7    3
 0.0669281645160618   14   14    7    4
 -0.02986178817177744   14   14    7    5
 0.2604433957444983   14   14    7    7
 -0.0006780430191687118   14   14    8    1
 0.008233262287717079   14   14    8    2
 0.02679788219885411   14   14    8    3
 0.05796078680365028   14   14    8    4
 -0.08673874071620112   14   14    8    5
 -1.021109277497683e-14   14   14    8    6
 0.04574801530681769   14   14    8    7
 0.2778270333125477   14   14    8    8
 -1.029652600134931e-15   14   14    9    1
 -1.534112915269605e-14   14   14    9    2
 -9.30637282113258e-15   14   14    9    3
 -1.248311683863513e-15   14   14    9    4
 -0.06296699743279212   14   14    9    6
 4.335461321253538e-15   14   14    9    7
 6.921867357362202e-15   14   14    9    8
 0.2550322026030174   14   14    9    9
 2.179130854708373e-15   14   14   10    1
 -1.45657486848536e-14   14   14   10    2
 -3.406923307629198e-15   14   14   10    3
 -4.455351963545681e-15   14   14   10    4
 -4.437630109695503e-15   14   14   10    5
 -0.005529825457825693   14   14   10    6
 1.684476908834109e-15   14   14   10    7
 5.470208410799981e-15   14   14   10    8
 0.05720174388026122   14   14   10    9
 0.2537964361490441   14   14   10   10
 0.0005704167571572729   14   14   11    1
 -0.02297092923245995   14   14   11    2
 -0.001653077161786847   14   14   11    3
 -0.01738102844828412   14   14   11    4
 -0.001938388648811585   14   14   11    5
 2.955926253763205e-14   14   14   11    6
 -0.03630772608493904   14   14   11    7
 -0.0328651562013809   14   14   11    8
 -4.067246324793999e-15   14   14   11    9
 3.515716543832933e-15   14   14   11   10
 0.2945026607006578   14   14   11   11
 8.216220347601757e-05   14   14   12    1
 0.01142936166491028   14   14   12    2
 -0.007177698657001678   14   14   12    3
 -0.01993291483462144   14   14   12    4
 0.04176637565719062   14   14   12    5
 -2.765235435996111e-14   14   14   12    6
 -0.02631354566502449   14   14   12    7
 -0.07105097296943846   14   14   12    8
 2.689735735693775e-15   14   14   12   10
 0.0009254995933439551   14   14   12   11
 0.4148841059106034   14   14   12   12
 -0.0009807223539382755   14   14   13    1
 0.003479542613159769   14   14   13    2
 -0.0008679379754539931   14   14   13    3
 -0.006222855098583459   14   14   13    4
 0.000371225067859394   14   14   13    5
 2.624088707126906e-14   14   14   13    6
 0.01453519343016057   14   14   13    7
 0.008443330911334914   14   14   13    8
 2.71530523462125e-14   14   14   13   10
 -0.0129394006936665   14   14   13   11
 0.002631886391353221   14   14   13   12
 0.1765673735120929   14   14   13   13
 4.571305175689584e-15   14   14   14    1
 -9.196366236548276e-14   14   14   14    2
 1.744595389679713e-14   14   14   14    3
 3.310073734425771e-14   14   14   14    4
 1.945770190494398e-14   14   14   14    5
 0.06356743373921211   14   14   14    6
 -3.002934838313936e-15   14   14   14    7
 -0.005441801487153861   14   14   14    9
 0.04115274126907134   14   14   14   10
 1.600005359077419e-13   14   14   14   11
 -1.487506965324425e-14   14   14   14   12
 1.286743137414018e-13   14   14   14   13
 0.5420926159258836   14   14   14   14
 -0.0009129057429131089   15    1    1    1
 -0.000183959465084247   15    1    2    1
 -0.002700233440078172   15    1    2    2
 -0.001235743839489776   15    1    3    1
 -0.0003506486133130139   15    1    3    2
 -0.004855103212448853   15    1    3    3
 -0.002525897986583422   15    1    4    1
 6.149140987091058e-05   15    1    4    2
 -0.003198910307662414   15    1    4    3
 0.002774045996571712   15    1    4    4
 0.0031323059171953   15    1    5    1
 4.747778261087501e-05   15    1    5    2
 0.004137913447493525   15    1    5    3
 -0.002643298663174552   15    1    5    4
 -0.000711119831355015   15    1    5    5
 -0.001524339055257936   15    1    6    6
 0.004848213172319808   15    1    7    1
 5.701716351078979e-05   15    1    7    2
 0.006187348957454854   15    1    7    3
 -0.003633223833980284   15    1    7    4
 -6.047357409823633e-06   15    1    7    5
 -0.003059955548103079   15    1    7    7
 0.002648242239700477   15    1    8    1
 -0.0001567719792461015   15    1    8    2
 0.002636345163097273   15    1    8    3
 -0.00285599391271931   15    1    8    4
 0.00252393181453592   15    1    8    5
 0.0002862460824265208   15    1    8    7
 3.903939833507124e-05   15    1    8    8
 -1.787577294769522e-15   15    1    9    1
 -1.959332820074634e-15   15    1    9    3
 -0.0004809838858987804   15    1    9    6
 -0.002439711355954155   15    1    9    9
 2.084111446430057e-15   15    1   10    1
 1.360435412201065e-15   15    1   10    3
 -1.494359894542511e-15   15    1   10    4
 -0.0005695125499865989   15    1   10    6
 -0.001987489105793631   15    1   10    9
 -0.001176449276837006   15    1   10   10
 -0.002529089377121027   15    1   11    1
 7.166591411836093e-06   15    1   11    2
 -0.001774900404672146   15    1   11    3
 0.0006494600180005642   15    1   11    4
 0.001883178657623729   15    1   11    5
 0.0008447664276194699   15    1   11    7
 0.0002911626002545379   15    1   11    8
 -0.001493826256581471   15    1   11   11
 -0.0005382273275404024   15    1   12    1
 -0.0001473528684611083   15    1   12    2
 -0.0005602348901819894   15    1   12    3
 -0.0003347363761131092   15    1   12    4
 0.0005852304512510219   15    1   12    5
 1.420649279906011e-05   15    1   12    7
 0.0002850653712699683   15    1   12    8
 -0.0001519915037634081   15    1   12   11
 -0.002221597929405431   15    1   12   12
 0.003130763991499889   15    1   13    1
 -6.74264239499211e-05   15    1   13    2
 0.001013748897971437   15    1   13    3
 -0.002602486913297671   15    1   13    4
 0.001520558413552563   15    1   13    5
 0.002896235900884763   15    1   13    7
 0.001062785149384417   15    1   13    8
 -1.391090643456874e-15   15    1   13    9
 2.025659342491833e-15   15    1   13   10
 -0.002539208103935967   15    1   13   11
 -0.000531800111182333   15    1   13   12
 0.004992099937158269   15    1   13   13
 6.922845133899769e-15   15    1   14    1
 4.002684075652819e-15   15    1   14    3
 -2.630629815406072e-15   15    1   14    4
 -2.61836086757673e-15   15    1   14    5
 -0.0002609536531130915   15    1   14    6
 -2.348385262595886e-15   15    1   14    7
 -1.891356774643775e-15   15    1   14    8
 0.0005428402717933603   15    1   14    9
 0.0001314259724912231   15    1   14   10
 1.163576612818506e-15   15    1   14   11
 3.933377214187848e-15   15    1   14   13
 -0.001500220850071836   15    1   14   14
 0.005685060746480705   15    1   15    1
 -0.006358974077542858   15    2    1    1
 4.545632696907883e-05   15    2    2    1
 -0.06905017355641035   15    2    2    2
 2.797378151151017e-05   15    2    3    1
 0.006383278648013622   15    2    3    2
 -0.01004675227156212   15    2    3    3
 -0.0001091532028415303   15    2    4    1
 0.005020816569438587   15    2    4    2
 -0.007777985266841622   15    2    4    3
 -0.0147060598410701   15    2    4    4
 4.005303436592519e-05   15    2    5    1
 0.004799624225254577   15    2    5    2
 0.005522662507135696   15    2    5    3
 0.007875161716409184   15    2    5    4
 -0.01413661293387877   15    2    5    5
 2.693895761523722e-14   15    2    6    2
 -3.287028281414917e-15   15    2    6    3
 -7.9425488466513e-15   15    2    6    4
 6.533143801783081e-15   15    2    6    5
 -0.03707432090184053   15    2    6    6
 0.0001011521151006997   15    2    7    1
 -0.003905493760584157   15    2    7    2
 -0.003013769057344413   15    2    7    3
 -0.01097760545324616   15    2    7    4
 0.006363704592595849   15    2    7    5
 -8.359441478145257e-15   15    2    7    6
 -0.01640517169738594   15    2    7    7
 3.523376171805061e-05   15    2    8    1
 -0.006897275246200392   15    2    8    2
 -0.006332429731177359   15    2    8    3
 -0.01053939449709892   15    2    8    4
 0.01541595272812923   15    2    8    5
 -5.427027874986423e-15   15    2    8    6
 -0.01051917529812152   15    2    8    7
 -0.02209785553850328   15    2    8    8
 -6.266902327174097e-15   15    2    9    2
 8.492392856051854e-15   15    2    9    3
 6.598208029061705e-15   15    2    9    4
 -2.132206059126943e-15   15    2    9    5
 0.005250309014148852   15    2    9    6
 2.600165760583271e-15   15    2    9    7
 1.933118753138727e-15   15    2    9    8
 -0.008032204700527387   15    2    9    9
 -5.528588866039651e-15   15    2   10    2
 5.675278630314821e-15   15    2   10    3
 8.910011740210367e-15   15    2   10    4
 -1.503453361893644e-15   15    2   10    5
 -0.00384970900885383   15    2   10    6
 3.783207208633421e-15   15    2   10    7
 2.643019604125627e-15   15    2   10    8
 -0.00252857851980894   15    2   10    9
 -0.007980139244804434   15    2   10   10
 -2.701740127055457e-05   15    2   11    1
 0.02679609232684096   15    2   11    2
 -0.001663006493259746   15    2   11    3
 8.07928320472332e-05   15    2   11    4
 -0.006738957833393651   15    2   11    5
 1.41167070324481e-14   15    2   11    6
 0.005169377758976692   15    2   11    7
 0.01251820444280328   15    2   11    8
 -5.754874425364325e-15   15    2   11    9
 -5.279849012509886e-15   15    2   11   10
 -0.02715173732456728   15    2   11   11
 -1.794086314449211e-05   15    2   12    1
 -0.006928808490998134   15    2   12    2
 0.004031395625127422   15    2   12    3
 0.009971679928079789   15    2   12    4
 -0.00803438687160932   15    2   12    5
 -1.664645125915416e-14   15    2   12    6
 0.01039873999757067   15    2   12    7
 0.01370904600986592   15    2   12    8
 8.918305822310085e-15   15    2   12    9
 5.812809425743561e-15   15    2   12   10
 -0.007501885344650033   15    2   12   11
 -0.03860857243311706   15    2   12   12
 0.0001313707569537617   15    2   13    1
 -0.008856379534556468   15    2   13    2
 -0.0003692043850383912   15    2   13    3
 0.0009684088661835259   15    2   13    4
 0.00106966115129098   15    2   13    5
 -2.182939434582347e-14   15    2   13    6
 -0.003002804167816259   15    2   13    7
 -0.001050554403903891   15    2   13    8
 4.733911264325945e-15   15    2   13    9
 -2.22578959799848e-15   15    2   13   10
 0.004037339140365263   15    2   13   11
 0.002409521362093409   15    2   13   12
 -0.003037036716546062   15    2   13   13
 2.493842547413956e-14   15    2   14    2
 4.865577567112519e-15   15    2   14    3
 8.870018001984522e-15   15    2   14    4
 -1.218147682873758e-14   15    2   14    5
 -0.0343157644335742   15    2   14    6
 1.431792834234938e-14   15    2   14    7
 1.825085240364044e-14   15    2   14    8
 0.007581092773275318   15    2   14    9
 -0.001756582811411651   15    2   14   10
 -4.568708063957424e-14   15    2   14   11
 -1.049202825797829e-14   15    2   14   12
 -8.436480390041812e-15   15    2   14   13
 -0.04168080981982695   15    2   14   14
 9.646251025673897e-05   15    2   15    1
 0.04677646699547615   15    2   15    2
 -0.01683780217567717   15    3    1    1
 -0.0001809686890929774   15    3    2    1
 0.04004763972320535   15    3    2    2
 -0.000251162095345236   15    3    3    1
 0.0004660961364226591   15    3    3    2
 0.01142604953936566   15    3    3    3
 -0.001545524746311629   15    3    4    1
 0.002217265862611901   15    3    4    2
 0.01448617498652435   15    3    4    3
 0.01698288968094331   15    3    4    4
 0.002087893125893849   15    3    5    1
 0.0002994484406133686   15    3    5    2
 0.007648591991103433   15    3    5    3
 -0.00103292397561859   15    3    5    4
 0.00696201261341988   15    3    5    5
 -6.88526393585743e-15   15    3    6    2
 2.668909342592467e-15   15    3    6    3
 2.261518047249373e-15   15    3    6    4
 0.006830486877853652   15    3    6    6
 0.002369303060503378   15    3    7    1
 0.003558936275695924   15    3    7    2
 0.003648862810834003   15    3    7    3
 0.00689505715529188   15    3    7    4
 -0.00444599902490313   15    3    7    5
 0.013787253073728   15    3    7    7
 0.001711481822314192   15    3    8    1
 0.0003366945974751897   15    3    8    2
 0.001985521636227543   15    3    8    3
 -0.0007357455615944284   15    3    8    4
 -0.01719795859571525   15    3    8    5
 -2.359415119205808e-15   15    3    8    6
 0.001754919568707379   15    3    8    7
 0.009773517113484231   15    3    8    8
 -1.049424863523119e-15   15    3    9    1
 5.029572833787131e-15   15    3    9    2
 4.369456696198314e-15   15    3    9    3
 5.820901494313518e-15   15    3    9    4
 0.006509691724514056   15    3    9    6
 -2.545153143792098e-15   15    3    9    7
 -1.537020287682989e-15   15    3    9    8
 0.01909697184045611   15    3    9    9
 1.088011059587087e-15   15    3   10    1
 4.874937728944868e-15   15    3   10    2
 7.864805677431453e-15   15    3   10    3
 1.654619424827245e-15   15    3   10    4
 0.009645162160646668   15    3   10    6
 -2.418841065289802e-15   15    3   10    8
 0.02608275005227752   15    3   10    9
 0.02596786989665144   15    3   10   10
 -0.001777133955527794   15    3   11    1
 -0.003952673386993644   15    3   11    2
 -0.009700756315082137   15    3   11    3
 -0.001664177217284032   15    3   11    4
 -0.009841965210647986   15    3   11    5
 -2.515973638723072e-15   15    3   11    6
 -0.001767218923320223   15    3   11    7
 0.008348142089595816   15    3   11    8
 -1.155390908845426e-15   15    3   11    9
 0.007861126441012882   15    3   11   11
 -0.0004815151746946771   15    3   12    1
 0.004149037371849661   15    3   12    2
 0.006093720795145221   15    3   12    3
 0.01277846586511624   15    3   12    4
 -0.0007468480905376278   15    3   12    5
 7.520472686374492e-15   15    3   12    6
 0.009444883316211577   15    3   12    7
 -0.000149953822742716   15    3   12    8
 3.22608395150044e-15   15    3   12   10
 0.001019490614687636   15    3   12   11
 0.0237275377723763   15    3   12   12
 0.001774095096519562   15    3   13    1
 0.0002382626304575923   15    3   13    2
 -0.005872213457281425   15    3   13    3
 -0.008388345081001548   15    3   13    4
 0.004167043935372075   15    3   13    5
 1.703015714258773e-15   15    3   13    6
 0.008074056810212159   15    3   13    7
 0.007668740570176181   15    3   13    8
 -8.889580121985104e-15   15    3   13    9
 -3.137212042084824e-15   15    3   13   10
 0.00117861075371372   15    3   13   11
 -0.001111162271591108   15    3   13   12
 -0.0006858069687972517   15    3   13   13
 4.06574744896952e-15   15    3   14    1
 2.963122782445951e-15   15    3   14    2
 2.462311491549737e-14   15    3   14    3
 7.06555940119427e-15   15    3   14    4
 5.092433186808283e-15   15    3   14    5
 0.003406136012612565   15    3   14    6
 -5.468125762128037e-15   15    3   14    7
 -1.413145882128295e-14   15    3   14    8
 -0.00760091645113661   15    3   14    9
 -0.006648796018650098   15    3   14   10
 8.353382768291504e-15   15    3   14   11
 1.091185784500593e-14   15    3   14   12
 0.006690101843848975   15    3   14   14
 0.002983157869990017   15    3   15    1
 -0.001738636946135186   15    3   15    2
 0.01825616471263176   15    3   15    3
 -0.03010071658360785   15    4    1    1
 3.887257223163888e-06   15    4    2    1
 0.04440809975038711   15    4    2    2
 0.001682185468186433   15    4    3    1
 0.001039351175521689   15    4    3    2
 0.02403427678158335   15    4    3    3
 0.0009363156046038244   15    4    4    1
 0.0027596077206975   15    4    4    2
 0.0196417227136011   15    4    4    3
 0.008462744220558387   15    4    4    4
 -0.001053431971704865   15    4    5    1
 -0.0004189342736800432   15    4    5    2
 -0.002126579314019177   15    4    5    3
 -0.005646266932016789   15    4    5    4
 0.01567153441001129   15    4    5    5
 -1.530660340217925e-14   15    4    6    2
 2.947630892994e-15   15    4    6    3
 1.435160817162851e-15   15    4    6    4
 2.338217150768351e-15   15    4    6    5
 0.005017618048396089   15    4    6    6
 -0.003097099609273282   15    4    7    1
 0.004326690111015573   15    4    7    2
 -0.01203157400505505   15    4    7    3
 0.01656857038100215   15    4    7    4
 0.0006500824949042987   15    4    7    5
 0.01687593968760683   15    4    7    7
 -0.0008790614076653319   15    4    8    1
 0.0007328491878452807   15    4    8    2
 0.003404792253701877   15    4    8    3
 0.00148529544377106   15    4    8    4
 -0.01197488719513663   15    4    8    5
 -3.315534831358212e-15   15    4    8    6
 0.008973865161454065   15    4    8    7
 0.01406445473088636   15    4    8    8
 1.046633153526319e-15   15    4    9    1
 6.776124431876883e-15   15    4    9    2
 7.100889894301083e-15   15    4    9    3
 1.524232470689591e-15   15    4    9    5
 0.009351207685011584   15    4    9    6
 -2.30035010260326e-15   15    4    9    8
 0.02312692213775199   15    4    9    9
 -1.346979624436487e-15   15    4   10    1
 5.891653400860284e-15   15    4   10    2
 4.7052489773673e-15   15    4   10    4
 1.79674262105088e-15   15    4   10    5
 0.01254707909607815   15    4   10    6
 -1.783916839133587e-15   15    4   10    7
 -3.943026938419326e-15   15    4   10    8
 0.03249570091149071   15    4   10    9
 0.02604886116113664   15    4   10   10
 0.0004671105416716873   15    4   11    1
 -0.004826643475215977   15    4   11    2
 0.0005476093003358285   15    4   11    3
 -0.01130212734716501   15    4   11    4
 -0.01326200208052606   15    4   11    5
 -4.254455242089787e-15   15    4   11    6
 -0.00410929198432362   15    4   11    7
 0.01832713681204456   15    4   11    8
 -1.396063919795477e-15   15    4   11    9
 0.0124587289565625   15    4   11   11
 -0.000106333832503757   15    4   12    1
 0.008109120925819785   15    4   12    2
 0.01193349382228256   15    4   12    3
 0.01563558656067399   15    4   12    4
 0.001532300475748902   15    4   12    5
 1.397467052759122e-14   15    4   12    6
 0.01424589142234739   15    4   12    7
 -0.0006800594012052856   15    4   12    8
 -1.895031177312437e-15   15    4   12    9
 1.942564372094698e-15   15    4   12   10
 0.007293443100772858   15    4   12   11
 0.02991517039659636   15    4   12   12
 -0.001031778724361547   15    4   13    1
 0.001187845591488566   15    4   13    2
 -0.01472250066330221   15    4   13    3
 0.00761197565702744   15    4   13    4
 -0.01037231269225124   15    4   13    5
 4.29215199791687e-15   15    4   13    6
 -0.007757909622914029   15    4   13    7
 -0.005632600300360045   15    4   13    8
 -3.673393977559442e-15   15    4   13    9
 -9.968157534388761e-15   15    4   13   10
 -0.00554014666397328   15    4   13   11
 -0.003869297078444562   15    4   13   12
 -0.007425828100882528   15    4   13   13
 -2.763231721941148e-15   15    4   14    1
 8.093283345595424e-15   15    4   14    2
 1.01574701962367e-14   15    4   14    3
 2.072929823993761e-14   15    4   14    4
 1.457831664699644e-14   15    4   14    5
 0.007015528799697286   15    4   14    6
 -1.03163884399552e-15   15    4   14    7
 -1.865838326987239e-14   15    4   14    8
 -0.01018880536107096   15    4   14    9
 -0.007807949055199783   15    4   14   10
 9.92690319841959e-15   15    4   14   11
 8.828311697634121e-15   15    4   14   12
 -2.469335528297876e-15   15    4   14   13
 0.004976147032996467   15    4   14   14
 -0.002728032028628254   15    4   15    1
 -0.001637127135677935   15    4   15    2
 0.007907750534206504   15    4   15    3
 0.02572326153257955   15    4   15    4
 0.06746052695572641   15    5    1    1
 4.842397009407668e-05   15    5    2    1
 0.02674482535653533   15    5    2    2
 -0.0008680766850128807   15    5    3    1
 0.0003031298509356205   15    5    3    2
 0.02985213111142476   15    5    3    3
 0.001132269719289384   15    5    4    1
 -0.0004108544183145221   15    5    4    2
 -0.001529278461443038   15    5    4    3
 0.01119395903855397   15    5    4    4
 -0.0009108375978710998   15    5    5    1
 -0.000796667604563979   15    5    5    2
 -0.01265465581273918   15    5    5    3
 0.003142459304095831   15    5    5    4
 0.01349660035162481   15    5    5    5
 1.097421588261924e-14   15    5    6    2
 1.268680179564851e-15   15    5    6    3
 3.088273242613556e-15   15    5    6    4
 -3.963428015854269e-15   15    5    6    5
 0.02246095751547977   15    5    6    6
 -0.000628764779028943   15    5    7    1
 -6.177862700653686e-05   15    5    7    2
 -0.01496820481395622   15    5    7    3
 -0.003030515175209743   15    5    7    4
 -0.008433563856070834   15    5    7    5
 1.887130971810305e-15   15    5    7    6
 0.02280926293679242   15    5    7    7
 -0.0006966475863243586   15    5    8    1
 0.002054596273573058   15    5    8    2
 -0.005200597536834928   15    5    8    3
 0.01540400849777499   15    5    8    4
 0.001545968648869331   15    5    8    5
 4.334912021522068e-15   15    5    8    6
 0.004628676459832108   15    5    8    7
 0.008515376548533161   15    5    8    8
 -1.484651778695147e-15   15    5    9    2
 4.672932315129679e-15   15    5    9    3
 3.07941051028689e-15   15    5    9    4
 0.001005309681010868   15    5    9    6
 -1.259515367247919e-15   15    5    9    8
 0.02952353337723126   15    5    9    9
 3.114494070687046e-15   15    5   10    3
 5.229861728830125e-15   15    5   10    4
 -0.0008253575367428176   15    5   10    6
 2.717280376998765e-15   15    5   10    7
 2.211549200276786e-15   15    5   10    8
 -0.006370173756206584   15    5   10    9
 0.02896362807575428   15    5   10   10
 0.0009807002321303884   15    5   11    1
 -0.00678635228421353   15    5   11    2
 -0.007399622793088474   15    5   11    3
 -0.005496186552783216   15    5   11    4
 -0.02037848357801523   15    5   11    5
 -0.01350885051696655   15    5   11    7
 -0.003745321928758808   15    5   11    8
 -3.169902672404819e-15   15    5   11   10
 0.01068979173592897   15    5   11   11
 0.0003189610542385594   15    5   12    1
 4.986018514039318e-05   15    5   12    2
 0.002080172186316583   15    5   12    3
 0.006616551752287876   15    5   12    4
 0.002708007082348728   15    5   12    5
 -9.464824911347549e-15   15    5   12    6
 0.003510316781788027   15    5   12    7
 -0.01365916956520765   15    5   12    8
 3.849392360027271e-15   15    5   12    9
 1.652582293786681e-15   15    5   12   10
 0.009882259153400611   15    5   12   11
 0.01264280535381972   15    5   12   12
 -0.001446076500900687   15    5   13    1
 0.0001785301050109981   15    5   13    2
 0.008850639964556421   15    5   13    3
 -0.01628326047479377   15    5   13    4
 0.003806143967984832   15    5   13    5
 1.795099390233963e-15   15    5   13    6
 0.00501758050283875   15    5   13    7
 0.01235112354090494   15    5   13    8
 -1.765403936765918e-15   15    5   13   10
 0.007696696899817065   15    5   13   11
 0.006106531738390278   15    5   13   12
 0.01253324878215334   15    5   13   13
 -1.831704908973926e-15   15    5   14    1
 -1.035165234447956e-14   15    5   14    2
 1.6474959943727e-15   15    5   14    3
 1.505952428768444e-14   15    5   14    4
 2.315920458154734e-14   15    5   14    5
 0.003697341229897288   15    5   14    6
 1.934098042013116e-14   15    5   14    7
 1.343096260411486e-15   15    5   14    8
 -0.0005994265754025186   15    5   14    9
 -0.001303403536454715   15    5   14   10
 4.477255194347792e-15   15    5   14   11
 -1.049248245576889e-14   15    5   14   12
 -4.600712595866336e-15   15    5   14   13
 0.02340921865823378   15    5   14   14
 -0.001100324932036979   15    5   15    1
 -0.005753485203985101   15    5   15    2
 0.00279205877156233   15    5   15    3
 0.002489865964819335   15    5   15    4
 0.02065722086181219   15    5   15    5
 -2.699992839269533e-14   15    6    1    1
 -4.803840243291709e-14   15    6    2    2
 -3.093406937114919e-15   15    6    3    2
 -3.274072069676056e-14   15    6    3    3
 -5.5844844627753e-15   15    6    4    2
 -8.425840048542308e-15   15    6    4    3
 -3.725273013245969e-14   15    6    4    4
 1.033073793022499e-14   15    6    5    2
 1.991750921022669e-14   15    6    5    3
 1.909418009867283e-14   15    6    5    4
 -4.671333362377489e-14   15    6    5    5
 3.50482881778211e-05   15    6    6    1
 0.01780709496156243   15    6    6    2
 -0.0011293021351564   15    6    6    3
 -0.004243635482202877   15    6    6    4
 0.002519431803071731   15    6    6    5
 -5.588796746887758e-14   15    6    6    6
 -8.184586526489402e-15   15    6    7    2
 -4.43005475378388e-15   15    6    7    3
 -1.241001932890718e-14   15    6    7    4
 1.65348483396088e-14   15    6    7    5
 -0.004783361851745463   15    6    7    6
 -3.863647666744456e-14   15    6    7    7
 -1.585259911095933e-14   15    6    8    2
 -1.550551104103005e-14   15    6    8    3
 -2.896402641573521e-14   15    6    8    4
 2.715146233895607e-14   15    6    8    5
 -0.003650677510113334   15    6    8    6
 -2.194544981788037e-14   15    6    8    7
 -5.933583491119852e-14   15    6    8    8
 0.0002007825207571929   15    6    9    1
 -0.003487460695650102   15    6    9    2
 0.008293309869077925   15    6    9    3
 0.006014491263707075   15    6    9    4
 -0.001051353836400324   15    6    9    5
 -3.792852549453124e-15   15    6    9    6
 0.002227618853284943   15    6    9    7
 0.001838851835789087   15    6    9    8
 -2.612630882801848e-14   15    6    9    9
 -0.0002408578530842328   15    6   10    1
 -0.002429629136215763   15    6   10    2
 0.005771932074762749   15    6   10    3
 0.008473821414696195   15    6   10    4
 -0.001507863720254987   15    6   10    5
 -2.652060674601837e-14   15    6   10    6
 0.002646573672296867   15    6   10    7
 0.001379114575463928   15    6   10    8
 3.409867192059663e-15   15    6   10    9
 -2.49222017231293e-14   15    6   10   10
 2.813833268788418e-14   15    6   11    2
 -5.021284978912812e-15   15    6   11    3
 -1.616469858735303e-15   15    6   11    5
 0.01427781024026963   15    6   11    6
 1.128174025641424e-14   15    6   11    7
 6.618373689294483e-15   15    6   11    8
 -0.005255551714106859   15    6   11    9
 -0.003527923008345562   15    6   11   10
 -4.521175215069925e-14   15    6   11   11
 -1.940873093253114e-14   15    6   12    2
 1.185068449508356e-14   15    6   12    3
 2.512891661003769e-14   15    6   12    4
 -2.970038756548325e-14   15    6   12    5
 -0.00858236792747096   15    6   12    6
 2.537912816776212e-14   15    6   12    7
 4.519733839229384e-14   15    6   12    8
 0.0072153903102027   15    6   12    9
 0.007216824580076327   15    6   12   10
 -2.090817483014907e-14   15    6   12   11
 -1.147595826352157e-13   15    6   12   12
 -1.725963630518221e-14   15    6   13    2
 1.369750544878962e-15   15    6   13    3
 4.56993274225527e-15   15    6   13    4
 -1.925844864244332e-15   15    6   13    5
 -0.003981836952234759   15    6   13    6
 2.37607659660625e-15   15    6   13    7
 0.0003985045085844878   15    6   13    9
 -0.002041835822930007   15    6   13   10
 2.281785504300624e-15   15    6   13   12
 -2.175755403596158e-14   15    6   13   13
 2.56659547863397e-05   15    6   14    1
 -0.02072635763322564   15    6   14    2
 0.002278794357210868   15    6   14    3
 0.00545392529835136   15    6   14    4
 -0.002757549073558257   15    6   14    5
 -1.388484338405866e-13   15    6   14    6
 0.005219536553678221   15    6   14    7
 0.004354120926251545   15    6   14    8
 4.121767647127047e-14   15    6   14    9
 1.951335276501747e-14   15    6   14   10
 -0.01008866884550452   15    6   14   11
 0.003628076849137943   15    6   14   12
 0.003111716026481558   15    6   14   13
 -5.15473847146228e-14   15    6   14   14
 7.418897410180527e-14   15    6   15    2
 -7.765580365515612e-15   15    6   15    3
 -1.729229367834607e-14   15    6   15    4
 -1.34891437543493e-15   15    6   15    5
 0.02137965888312726   15    6   15    6
 0.1136047736636564   15    7    1    1
 4.017993640892563e-05   15    7    2    1
 0.009357240703801027   15    7    2    2
 -0.001711893472221941   15    7    3    1
 0.000930965214339279   15    7    3    2
 0.04214673548041577   15    7    3    3
 0.001110638175271156   15    7    4    1
 0.002587582628081227   15    7    4    2
 -0.01566911677457836   15    7    4    3
 0.03032903482365589   15    7    4    4
 -0.0008610376629818784   15    7    5    1
 -0.0003206975175910066   15    7    5    2
 -0.0131416070436936   15    7    5    3
 -0.0002054346308306102   15    7    5    4
 0.02489483438415729   15    7    5    5
 -1.535660060418216e-14   15    7    6    2
 -1.723917944523487e-15   15    7    6    3
 1.257250022190044e-15   15    7    6    4
 5.541089160101487e-15   15    7    6    5
 -0.009504008444532383   15    7    6    6
 0.0003090047572397842   15    7    7    1
 0.0007216264708421366   15    7    7    2
 -0.01150359984746659   15    7    7    3
 -0.01916201758344009   15    7    7    4
 -0.003264171780486625   15    7    7    5
 0.03881592975639473   15    7    7    7
 -0.0006806268572921263   15    7    8    1
 0.0003928253164645647   15    7    8    2
 -0.001266992772930546   15    7    8    3
 0.01168716428416463   15    7    8    4
 0.02006050131744028   15    7    8    5
 -1.265105968750002e-15   15    7    8    6
 7.218532751882905e-05   15    7    8    7
 0.01608821104724432   15    7    8    8
 3.720253929808376e-15   15    7    9    2
 -6.175137682875904e-15   15    7    9    3
 -1.023682582637161e-15   15    7    9    4
 0.01274292478561971   15    7    9    6
 1.331187687221137e-15   15    7    9    7
 -1.654614165777022e-15   15    7    9    8
 0.04170568416958493   15    7    9    9
 2.267320799093702e-15   15    7   10    2
 -1.875337250830255e-15   15    7   10    3
 -5.058708195731961e-15   15    7   10    4
 2.182140835967191e-15   15    7   10    5
 0.001771792832013092   15    7   10    6
 -3.050146482253314e-15   15    7   10    8
 -0.01978165485719612   15    7   10    9
 0.04532200255350596   15    7   10   10
 0.00112700226894708   15    7   11    1
 0.0007955619746878789   15    7   11    2
 -0.001132167038124258   15    7   11    3
 -0.001170326493743929   15    7   11    4
 -0.02244533987037035   15    7   11    5
 -3.860106365800377e-15   15    7   11    6
 -0.009101805725716229   15    7   11    7
 0.008894685570511976   15    7   11    8
 0.007236577685915496   15    7   11   11
 0.0004545150892288719   15    7   12    1
 0.006599290947728848   15    7   12    2
 0.00722147314353474   15    7   12    3
 0.01345476692591814   15    7   12    4
 -0.001905015873380907   15    7   12    5
 1.147080491932225e-14   15    7   12    6
 0.01225738838241563   15    7   12    7
 -0.003284163800771102   15    7   12    8
 -3.639757012953813e-15   15    7   12    9
 -2.95545859548319e-15   15    7   12   10
 0.01286531416971152   15    7   12   11
 0.009690007299517255   15    7   12   12
 -0.001412742686488246   15    7   13    1
 -0.000376056289959018   15    7   13    2
 0.01325908194348605   15    7   13    3
 -0.02105190829260077   15    7   13    4
 0.00308077992035306   15    7   13    5
 3.307528126150637e-15   15    7   13    6
 0.004694119047869587   15    7   13    7
 0.006608118151099734   15    7   13    8
 -1.866764107484924e-15   15    7   13    9
 -2.355047502138542e-15   15    7   13   10
 0.00558829864529624   15    7   13   11
 0.00572605177014288   15    7   13   12
 0.04565010503522003   15    7   13   13
 -2.39479393781576e-15   15    7   14    1
 1.317757744097363e-14   15    7   14    2
 -7.105284718051471e-15   15    7   14    3
 5.828567121855957e-15   15    7   14    4
 2.198530001531158e-14   15    7   14    5
 0.003882128301710713   15    7   14    6
 2.500445331388657e-14   15    7   14    7
 -6.354907516817794e-15   15    7   14    8
 -0.00155382596046711   15    7   14    9
 -0.009296003835417267   15    7   14   10
 -4.159253518036502e-15   15    7   14   11
 -4.777166583131502e-15   15    7   14   12
 -2.162172929508059e-14   15    7   14   13
 -0.01046691848106239   15    7   14   14
 -0.0004019932448865276   15    7   15    1
 0.003313463732591677   15    7   15    2
 0.003248302062157012   15    7   15    3
 0.004492640914126826   15    7   15    4
 0.01124574690312727   15    7   15    5
 -1.188304451824424e-14   15    7   15    6
 0.02544505349834991   15    7   15    7
 0.04232971418219937   15    8    1    1
 3.743166815421972e-05   15    8    2    1
 -0.01169451986089158   15    8    2    2
 -0.0008003366616319597   15    8    3    1
 0.001210269064637128   15    8    3    2
 0.01213633269012837   15    8    3    3
 0.0007743392770457978   15    8    4    1
 0.0009149772951117695   15    8    4    2
 0.001442570257271016   15    8    4    3
 0.005592614804991098   15    8    4    4
 -0.0006659502257980221   15    8    5    1
 0.001559912039172945   15    8    5    2
 -0.007921686988441841   15    8    5    3
 0.01293689397442472   15    8    5    4
 0.007421997121928678   15    8    5    5
 -1.877040219815192e-14   15    8    6    2
 -3.053160646082542e-15   15    8    6    3
 -1.598945868250514e-15   15    8    6    4
 5.676311504498889e-15   15    8    6    5
 -0.01548834302459092   15    8    6    6
 -0.0002141229834209567   15    8    7    1
 -0.0005722769906765255   15    8    7    2
 -0.004329520100575596   15    8    7    3
 0.004279617925885223   15    8    7    4
 0.005808565366009954   15    8    7    5
 -2.722698253547729e-15   15    8    7    6
 0.009652297419867189   15    8    7    7
 -0.000511551143060841   15    8    8    1
 -0.001924206513341628   15    8    8    2
 -0.009028189660812902   15    8    8    3
 0.0005218106008509707   15    8    8    4
 -0.006033715112224949   15    8    8    5
 -6.003051430868316e-15   15    8    8    6
 -0.01330274588275469   15    8    8    7
 0.003809518635013096   15    8    8    8
 3.055205840202122e-15   15    8    9    2
 -7.140976814259413e-15   15    8    9    3
 -4.828970570720734e-15   15    8    9    4
 -1.004637943205996e-15   15    8    9    5
 0.006888744122032947   15    8    9    6
 -1.074214961039838e-15   15    8    9    7
 0.01014875868748052   15    8    9    9
 -4.899538718104157e-15   15    8   10    3
 -8.04188314241292e-15   15    8   10    4
 2.462505903962079e-15   15    8   10    5
 0.001224972777762694   15    8   10    6
 -3.954826706164874e-15   15    8   10    7
 -1.959859928980954e-15   15    8   10    8
 -0.007688233338145554   15    8   10    9
 0.0105114540137093   15    8   10   10
 0.0007635144742015117   15    8   11    1
 0.009204153546245229   15    8   11    2
 0.007795006935419953   15    8   11    3
 0.01695802967778047   15    8   11    4
 -0.007422591525019243   15    8   11    5
 -2.564703279193879e-15   15    8   11    6
 0.005151989150490835   15    8   11    7
 -0.01230367228298458   15    8   11    8
 2.496156561911156e-15   15    8   11    9
 2.551265500772593e-15   15    8   11   10
 0.002938402297145589   15    8   11   11
 0.0002814489548225948   15    8   12    1
 0.001819226720361556   15    8   12    2
 -0.001570685399897381   15    8   12    3
 -0.001382239594550683   15    8   12    4
 -0.01337776968898484   15    8   12    5
 1.491323157802446e-14   15    8   12    6
 -0.00475121923649159   15    8   12    7
 0.008314402953425346   15    8   12    8
 -6.057282635346558e-15   15    8   12    9
 -4.820832099118899e-15   15    8   12   10
 -0.009705488731965764   15    8   12   11
 0.004427733178294238   15    8   12   12
 -0.001016550800314186   15    8   13    1
 -0.00123292524377758   15    8   13    2
 0.01048878004057256   15    8   13    3
 -0.008761216694167491   15    8   13    4
 0.01133828168835612   15    8   13    5
 1.366602807950625e-15   15    8   13    6
 0.005947316167060453   15    8   13    7
 0.003305995180021391   15    8   13    8
 0.01382760102278586   15    8   13   11
 0.001803372125398966   15    8   13   12
 0.0008473330571006889   15    8   13   13
 -1.696838008550541e-15   15    8   14    1
 1.77931162254238e-14   15    8   14    2
 -1.468963524062375e-14   15    8   14    3
 -1.661897494907002e-14   15    8   14    4
 2.382841846423413e-15   15    8   14    5
 -0.001136023146594846   15    8   14    6
 -5.410595542786144e-15   15    8   14    7
 1.73953694411035e-14   15    8   14    8
 -7.924383207251701e-05   15    8   14    9
 -0.004039485500679012   15    8   14   10
 -1.075490991112711e-14   15    8   14   11
 1.072545512670892e-14   15    8   14   12
 -2.398145387007827e-14   15    8   14   13
 -0.01676594273772909   15    8   14   14
 -0.0006535769601991423   15    8   15    1
 0.007195555600571806   15    8   15    2
 -0.003932123545333292   15    8   15    3
 -0.008175239722324094   15    8   15    4
 -0.003196143177853557   15    8   15    5
 -5.016745455025689e-15   15    8   15    6
 0.003604222300912889   15    8   15    7
 0.02236116560016238   15    8   15    8
 -1.213529786183021e-14   15    9    1    1
 4.013222950935822e-14   15    9    2    2
 4.804653190424638e-15   15    9    3    2
 3.302658042858881e-14   15    9    3    3
 7.42439415137701e-15   15    9    4    2
 2.216009766322486e-14   15    9    4    3
 2.26184691621418e-14   15    9    4    4
 -2.304644636119345e-15   15    9    5    2
 1.332652444295681e-15   15    9    5    4
 2.513009879948178e-14   15    9    5    5
 3.055402355600578e-05   15    9    6    1
 -0.00260555959051582   15    9    6    2
 0.005679716167780965   15    9    6    3
 0.005890076803807997   15    9    6    4
 -0.001341731315846371   15    9    6    5
 2.885468417174084e-15   15    9    6    6
 -1.21674567449976e-15   15    9    7    1
 6.816528475005983e-15   15    9    7    2
 -9.209581222262499e-15   15    9    7    3
 1.610373806287625e-14   15    9    7    4
 1.635643162087192e-15   15    9    7    5
 0.003229093661029417   15    9    7    6
 3.203614104973667e-14   15    9    7    7
 3.98417837389745e-15   15    9    8    2
 -1.434910003311978e-15   15    9    8    3
 -1.249708528582187e-15   15    9    8    4
 -2.395717476154427e-14   15    9    8    5
 0.002591917919596305   15    9    8    6
 1.732125464503391e-15   15    9    8    7
 2.670583118497859e-14   15    9    8    8
 0.0002759091902800503   15    9    9    1
 0.007396985427862212   15    9    9    2
 0.01290396057606219   15    9    9    3
 0.007153211834904482   15    9    9    4
 0.003338035233895166   15    9    9    5
 1.448912348975016e-14   15    9    9    6
 0.002130578454894012   15    9    9    7
 0.0004241257377475394   15    9    9    8
 3.080791720430803e-14   15    9    9    9
 -0.0004189414504899758   15    9   10    1
 0.008708815149411837   15    9   10    2
 0.01109374791069649   15    9   10    3
 0.01425099837090326   15    9   10    4
 -0.001633706974973196   15    9   10    5
 1.989702745236794e-14   15    9   10    6
 -0.0002889502029225709   15    9   10    7
 -0.002481565341630981   15    9   10    8
 3.33349843522495e-14   15    9   10    9
 3.373290595208177e-14   15    9   10   10
 -9.455813871449375e-15   15    9   11    2
 -8.653334914918605e-15   15    9   11    5
 -0.005041811971016861   15    9   11    6
 5.137125234408027e-15   15    9   11    8
 -0.001987157125973452   15    9   11    9
 0.000767386998504672   15    9   11   10
 2.616568426773564e-14   15    9   11   11
 8.723650287465109e-15   15    9   12    2
 4.841728615541586e-15   15    9   12    3
 5.691203755944185e-15   15    9   12    4
 -1.476924462847992e-15   15    9   12    5
 0.005439234550101322   15    9   12    6
 3.060419591454733e-15   15    9   12    7
 -1.704236894039343e-15   15    9   12    8
 0.008500253704295567   15    9   12    9
 0.01149656389537459   15    9   12   10
 3.088526521323979e-15   15    9   12   11
 4.429334038075714e-14   15    9   12   12
 3.871188583734521e-15   15    9   13    2
 -1.196508101164227e-14   15    9   13    3
 -2.583546521485216e-15   15    9   13    4
 7.822443656294643e-05   15    9   13    6
 2.185769731097496e-15   15    9   13    7
 -0.002077893079565499   15    9   13    9
 -0.007494466663099655   15    9   13   10
 4.389074650525108e-15   15    9   13   11
 -6.953236871484141e-15   15    9   13   12
 1.567565531599128e-15   15    9   13   13
 5.808187616707284e-05   15    9   14    1
 0.00427441565090772   15    9   14    2
 -0.004000822638541453   15    9   14    3
 -0.004733841166113723   15    9   14    4
 -0.0003387052478924783   15    9   14    5
 4.060928278608328e-14   15    9   14    6
 -0.001014309398584844   15    9   14    7
 0.0006026361147966717   15    9   14    8
 -4.329283198248188e-15   15    9   14    9
 -2.55959479979619e-15   15    9   14   10
 0.003665514149290513   15    9   14   11
 -0.005672414246174569   15    9   14   12
 0.0008115859185977499   15    9   14   13
 -8.059708231665987e-15   15    9   14   14
 -1.61867299187991e-14   15    9   15    2
 1.584669842527784e-14   15    9   15    3
 2.039492494412179e-14   15    9   15    4
 1.398549238845294e-15   15    9   15    5
 -0.002248734064700591   15    9   15    6
 3.51917869486598e-15   15    9   15    7
 0.0132465556887748   15    9   15    9
 8.40511534075736e-14   15   10    1    1
 9.799446779920609e-15   15   10    2    2
 7.415733650679812e-15   15   10    3    2
 6.238525194573702e-14   15   10    3    3
 1.191211957307603e-14   15   10    4    2
 -1.397816497406825e-15   15   10    4    3
 4.104788649347787e-14   15   10    4    4
 7.292932972730877e-15   15   10    5    3
 8.249539022607588e-15   15   10    5    4
 4.216802926816507e-14   15   10    5    5
 3.234965505307123e-05   15   10    6    1
 -0.002508092582242174   15   10    6    2
 0.007329754259921765   15   10    6    3
 0.007258335112990645   15   10    6    4
 -0.002197683263646811   15   10    6    5
 -5.306114857630368e-14   15   10    6    6
 6.159137599181362e-15   15   10    7    2
 -1.778463154697572e-14   15   10    7    3
 -9.749705276986531e-15   15   10    7    4
 8.256921368015253e-15   15   10    7    5
 0.001988131860342369   15   10    7    6
 5.005419803237461e-14   15   10    7    7
 1.120102324826834e-15   15   10    8    2
 -8.268581640382743e-15   15   10    8    3
 -1.408360237149579e-14   15   10    8    4
 8.715336613182366e-15   15   10    8    5
 0.002003207411213091   15   10    8    6
 -9.318210026108415e-15   15   10    8    7
 3.180384817201938e-14   15   10    8    8
 0.0001842577181027927   15   10    9    1
 0.009047594445778422   15   10    9    2
 0.01854119816889912   15   10    9    3
 0.01324793755881932   15   10    9    4
 -0.001740456119418635   15   10    9    5
 3.314301042043586e-14   15   10    9    6
 -0.004683923719644293   15   10    9    7
 -0.002628354127628286   15   10    9    8
 6.126200969713276e-14   15   10    9    9
 -0.0001126374679686652   15   10   10    1
 0.009907236722863307   15   10   10    2
 0.01404050550353346   15   10   10    3
 0.01283310709104617   15   10   10    4
 0.002245118294324565   15   10   10    5
 1.705104765848258e-14   15   10   10    6
 0.006119547996698228   15   10   10    7
 0.001289654420951272   15   10   10    8
 6.738469507286417e-14   15   10   10   10
 -1.80609213233943e-15   15   10   11    2
 -2.558804688376736e-15   15   10   11    3
 2.507958413129117e-15   15   10   11    4
 -2.008810701675175e-14   15   10   11    5
 -0.003099900348562232   15   10   11    6
 7.477574655733876e-15   15   10   11    7
 1.164249258399427e-14   15   10   11    8
 0.0005845929404613432   15   10   11    9
 -0.001965328250737018   15   10   11   10
 2.666919845329891e-14   15   10   11   11
 4.991958850927548e-15   15   10   12    2
 8.359610296936371e-15   15   10   12    3
 1.461909175528934e-14   15   10   12    4
 -1.566600320010807e-14   15   10   12    5
 0.005735757894100369   15   10   12    6
 1.444150144177861e-14   15   10   12    7
 1.457479547312699e-14   15   10   12    8
 0.01181476608813021   15   10   12    9
 0.01391542552259518   15   10   12   10
 7.756716448473437e-15   15   10   12   11
 7.628438712819633e-15   15   10   12   12
 1.017036234634713e-15   15   10   13    2
 -1.66341676424816e-14   15   10   13    4
 -2.181264697730128e-15   15   10   13    5
 -0.0009496135725839594   15   10   13    6
 4.520196281003774e-15   15   10   13    7
 -1.268051132849626e-15   15   10   13    8
 -0.005951756134447771   15   10   13    9
 -0.004363540971559548   15   10   13   10
 7.777481471153395e-15   15   10   13   11
 -6.675219358154987e-15   15   10   13   12
 4.647087671917646e-14   15   10   13   13
 6.151334008408306e-06   15   10   14    1
 0.00212748107456582   15   10   14    2
 -0.004721969233232152   15   10   14    3
 -0.004484107656308488   15   10   14    4
 -0.0008878297327535685   15   10   14    5
 1.761065259454859e-14   15   10   14    6
 -0.001384030828313099   15   10   14    7
 0.0003749315587943265   15   10   14    8
 -3.344712375238534e-15   15   10   14    9
 -5.391032893520535e-15   15   10   14   10
 0.004463952626490622   15   10   14   11
 -0.006569545224393358   15   10   14   12
 0.0004587857893912608   15   10   14   13
 -7.037571589894255e-14   15   10   14   14
 1.561221583094355e-14   15   10   15    3
 1.702893856272533e-14   15   10   15    4
 2.820650772948918e-15   15   10   15    5
 -0.0003195139939726265   15   10   15    6
 1.505956727079286e-14   15   10   15    7
 5.55697495580572e-15   15   10   15    8
 0.009384382125624239   15   10   15    9
 0.01705204333431657   15   10   15   10
 -0.09408619002921008   15   11    1    1
 4.863923298113129e-06   15   11    2    1
 0.05736835642562507   15   11    2    2
 0.0009148967990939401   15   11    3    1
 -0.008759484751461717   15   11    3    2
 -0.05642512602834828   15   11    3    3
 -0.0006080947104383913   15   11    4    1
 -0.01532028763934893   15   11    4    2
 0.0143300257035592   15   11    4    3
 -0.04238690181538254   15   11    4    4
 -0.0007110359992875297   15   11    5    1
 -0.009300963329054977   15   11    5    2
 -0.03571029443977559   15   11    5    3
 -0.02196041756390605   15   11    5    4
 -0.04670986155700613   15   11    5    5
 3.218381700999791e-14   15   11    6    2
 -4.22146128022425e-15   15   11    6    3
 -5.242023339632072e-15   15   11    6    4
 -1.097156379723329e-14   15   11    6    5
 0.1015989235011094   15   11    6    6
 -5.120941952470736e-05   15   11    7    1
 -0.00450898086924759   15   11    7    2
 0.01240026469312949   15   11    7    3
 0.01992391243018599   15   11    7    4
 -0.03031329377352152   15   11    7    5
 -1.384876187673231e-15   15   11    7    6
 -0.04247466300209508   15   11    7    7
 -0.0006587535863710366   15   11    8    1
 0.01196262734814753   15   11    8    2
 0.01983256297942111   15   11    8    3
 0.05364077553327092   15   11    8    4
 -0.03090505569003458   15   11    8    5
 -4.892569682411626e-15   15   11    8    6
 0.02695304923817556   15   11    8    7
 -0.0308940323644817   15   11    8    8
 -9.61518284774075e-15   15   11    9    2
 3.237967588570371e-15   15   11    9    3
 2.810406330409698e-15   15   11    9    4
 -0.03679512485999231   15   11    9    6
 1.735421562657933e-15   15   11    9    7
 4.206994133816695e-15   15   11    9    8
 -0.04099898904415263   15   11    9    9
 -5.03714212570267e-15   15   11   10    2
 1.088811076179232e-15   15   11   10    3
 4.062137051662991e-15   15   11   10    4
 -3.048493058819953e-15   15   11   10    5
 -0.008332305465156502   15   11   10    6
 2.112114806022616e-15   15   11   10    7
 4.063486463166485e-15   15   11   10    8
 0.0191857632671733   15   11   10    9
 -0.04492007384987074   15   11   10   10
 0.0005182858077690778   15   11   11    1
 -0.01162527609954504   15   11   11    2
 -0.0007013148516040838   15   11   11    3
 -0.008985417703171178   15   11   11    4
 0.006050174935320134   15   11   11    5
 1.236187448892977e-14   15   11   11    6
 -0.03289405078044687   15   11   11    7
 -0.01072851722481436   15   11   11    8
 -1.647589720651254e-15   15   11   11    9
 1.386929524751613e-15   15   11   11   10
 -0.01815392735058595   15   11   11   11
 0.0002216869410969886   15   11   12    1
 -0.0005094293768366231   15   11   12    2
 -0.003134948373974629   15   11   12    3
 -0.006571926495966831   15   11   12    4
 0.0308183648874158   15   11   12    5
 -1.091612638938509e-14   15   11   12    6
 -0.0151962699878213   15   11   12    7
 -0.04127150684148014   15   11   12    8
 5.542600737171174e-15   15   11   12    9
 8.80781787647298e-15   15   11   12   10
 0.004142786448751424   15   11   12   11
 0.04147662770884739   15   11   12   12
 0.001001601394355987   15   11   13    1
 0.002211664807403523   15   11   13    2
 -0.002857318925250375   15   11   13    3
 0.004834830269791737   15   11   13    4
 0.009644625010610941   15   11   13    5
 8.766780601468735e-15   15   11   13    6
 -0.00167313677092691   15   11   13    7
 0.01618298555007581   15   11   13    8
 3.973441361137854e-15   15   11   13    9
 1.319370322211534e-14   15   11   13   10
 -0.005991004049458599   15   11   13   11
 0.01098622918541587   15   11   13   12
 -0.06074229734570224   15   11   13   13
 2.726405363469385e-15   15   11   14    1
 -3.744647987409164e-14   15   11   14    2
 7.050942229851679e-15   15   11   14    3
 2.228816454777471e-15   15   11   14    4
 0.02004109036230209   15   11   14    6
 3.160812225211953e-15   15   11   14    7
 -1.006320357716642e-14   15   11   14    8
 0.004530437820944463   15   11   14    9
 0.02635438333968225   15   11   14   10
 1.211011348371879e-13   15   11   14   11
 -3.067305062007087e-14   15   11   14   12
 5.743153269761819e-14   15   11   14   13
 0.1102845393898661   15   11   14   14
 -0.0003421779893613009   15   11   15    1
 -0.02469454187722016   15   11   15    2
 0.0017505049544098   15   11   15    3
 -0.002378212162511938   15   11   15    4
 0.01351033329385032   15   11   15    5
 -1.434486132373086e-14   15   11   15    6
 -0.006685846070894575   15   11   15    7
 -0.01544670593791745   15   11   15    8
 -1.126090671510398e-14   15   11   15    9
 -4.174083841442082e-14   15   11   15   10
 0.09289125472467193   15   11   15   11
 0.005338073244685591   15   12    1    1
 -7.674171618314256e-05   15   12    2    1
 0.03414046393796346   15   12    2    2
 0.0003904265195093754   15   12    3    1
 0.008067864124700093   15   12    3    2
 0.0371414371022369   15   12    3    3
 0.0002785128763104774   15   12    4    1
 0.01795324707604324   15   12    4    2
 0.02929652575169273   15   12    4    3
 0.03909239624061661   15   12    4    4
 0.0002094099933794072   15   12    5    1
 -0.0009698982179999396   15   12    5    2
 0.0123705063154138   15   12    5    3
 0.01646462068768918   15   12    5    4
 0.0299401388928081   15   12    5    5
 -8.660697507646254e-15   15   12    6    2
 8.911033449340602e-15   15   12    6    3
 1.285766071092004e-14   15   12    6    4
 -8.370449951403416e-15   15   12    6    5
 -0.02107776898869651   15   12    6    6
 -0.0008529251126628045   15   12    7    1
 0.01843892265004194   15   12    7    2
 -0.0005733345950774395   15   12    7    3
 0.03103573393745782   15   12    7    4
 0.01242207175637287   15   12    7    5
 9.35919696880297e-15   15   12    7    6
 0.04705230932815926   15   12    7    7
 0.0001732523382750332   15   12    8    1
 0.003678529370367526   15   12    8    2
 -0.01127014120919397   15   12    8    3
 -0.01778979284918142   15   12    8    4
 -0.03329972409779995   15   12    8    5
 1.433279212160642e-14   15   12    8    6
 -0.01271857650261404   15   12    8    7
 0.03291394067549334   15   12    8    8
 7.647328858021823e-15   15   12    9    2
 7.632374680801042e-15   15   12    9    3
 3.22832304701164e-15   15   12    9    4
 -2.021017427617514e-15   15   12    9    5
 0.02171548091762433   15   12    9    6
 -1.040813405634972e-15   15   12    9    7
 0.03889528883358437   15   12    9    9
 7.292944694378938e-15   15   12   10    2
 6.406237586898627e-15   15   12   10    3
 8.526676391390441e-15   15   12   10    4
 -4.363730710194866e-15   15   12   10    5
 0.01811018927796338   15   12   10    6
 3.582710664041268e-15   15   12   10    7
 2.812301347850825e-15   15   12   10    8
 0.03541182218347864   15   12   10    9
 0.04921238290581752   15   12   10   10
 -0.0003794724698426415   15   12   11    1
 -0.008842817765110348   15   12   11    2
 0.0006339312836281464   15   12   11    3
 0.00786762219925935   15   12   11    4
 -0.003166156632927406   15   12   11    5
 -1.281887521910838e-14   15   12   11    6
 0.008610491195747833   15   12   11    7
 -0.007808499188647664   15   12   11    8
 1.744673083786409e-15   15   12   11    9
 0.03238715020333403   15   12   11   11
 -0.0002314572479744193   15   12   12    1
 0.007665816784156954   15   12   12    2
 0.01219958610346064   15   12   12    3
 0.0209358389981319   15   12   12    4
 -0.02304334425619307   15   12   12    5
 -1.537365692227496e-14   15   12   12    6
 0.01762693629373083   15   12   12    7
 0.02532827050422549   15   12   12    8
 5.571504828183917e-15   15   12   12    9
 -0.005192899466723396   15   12   12   11
 0.02707821446821771   15   12   12   12
 -0.0003751540221005822   15   12   13    1
 0.003211303682115502   15   12   13    2
 -0.003622694924645114   15   12   13    3
 -0.003973013710847402   15   12   13    4
 0.001835072392833656   15   12   13    5
 0.009626819755627469   15   12   13    7
 -0.001701378566063535   15   12   13    8
 -7.548878305884388e-15   15   12   13    9
 -1.161208498056278e-14   15   12   13   10
 0.01027617933250967   15   12   13   11
 -0.01044164622140548   15   12   13   12
 0.001206418932882195   15   12   13   13
 -6.75695860362996e-15   15   12   14    2
 1.522326453246752e-14   15   12   14    3
 1.27585328971805e-14   15   12   14    4
 -6.314114790253018e-15   15   12   14    5
 -0.004463856704712623   15   12   14    6
 -1.983078819143983e-15   15   12   14    7
 1.5984455258079e-14   15   12   14    8
 -0.01143860986079461   15   12   14    9
 -0.01661605499211552   15   12   14   10
 -5.81286918614352e-14   15   12   14   11
 3.932615371952495e-14   15   12   14   12
 -2.412102425249863e-14   15   12   14   13
 -0.02721716573231661   15   12   14   14
 -0.0003846290099912285   15   12   15    1
 -0.004716211518087093   15   12   15    2
 0.009358949851115515   15   12   15    3
 0.006865923978280231   15   12   15    4
 -0.002208710607817175   15   12   15    5
 0.0002160603192776598   15   12   15    7
 0.005973226087642863   15   12   15    8
 2.360986192152066e-14   15   12   15    9
 3.02287636701783e-14   15   12   15   10
 -0.03321411045893856   15   12   15   11
 0.05291785912578585   15   12   15   12
 0.07468347019759043   15   13    1    1
 -8.543972138475287e-05   15   13    2    1
 -0.05042816422077218   15   13    2    2
 -0.002373554927741135   15   13    3    1
 -0.0002853321162918038   15   13    3    2
 0.00267927510422077   15   13    3    3
 -0.001619580530040064   15   13    4    1
 0.001489653458188925   15   13    4    2
 -0.03994712757953085   15   13    4    3
 0.01625145977599533   15   13    4    4
 0.002805490413150466   15   13    5    1
 6.135093740128657e-05   15   13    5    2
 0.01675780125496102   15   13    5    3
 -0.01898503984235031   15   13    5    4
 0.01190237389430568   15   13    5    5
 -2.601746552075366e-14   15   13    6    2
 2.97294430682383e-15   15   13    6    4
 4.458238246508622e-15   15   13    6    5
 -0.03977817102181204   15   13    6    6
 0.004729676037835476   15   13    7    1
 -0.003355846182767841   15   13    7    2
 0.009833356452486019   15   13    7    3
 -0.04241447149547142   15   13    7    4
 0.006078352095448716   15   13    7    5
 3.204925538531522e-15   15   13    7    6
 -0.0007252271692545935   15   13    7    7
 0.00234312026412339   15   13    8    1
 -0.0021050977245878   15   13    8    2
 0.01372541652123641   15   13    8    3
 -0.01829707035853349   15   13    8    4
 0.05098421320310479   15   13    8    5
 5.089994126802653e-15   15   13    8    6
 0.005465537016756056   15   13    8    7
 0.005042073208792448   15   13    8    8
 -1.834420501504082e-15   15   13    9    1
 4.583352058900553e-15   15   13    9    2
 -1.41440366378739e-14   15   13    9    3
 -3.767716977697874e-15   15   13    9    4
 0.006906244567026169   15   13    9    6
 0.001763171174149598   15   13    9    9
 1.8817799097811e-15   15   13   10    1
 1.103114435743116e-15   15   13   10    2
 -2.658324314122503e-15   15   13   10    3
 -1.244001264523374e-14   15   13   10    4
 1.37886381661736e-15   15   13   10    5
 -0.006985664072385775   15   13   10    6
 -2.396378534752169e-15   15   13   10    7
 -1.519275179965489e-15   15   13   10    8
 -0.0416032672944591   15   13   10    9
 0.003609111639929058   15   13   10   10
 -0.001894384048235971   15   13   11    1
 0.004296121019975591   15   13   11    2
 -0.0009669343779597664   15   13   11    3
 -0.00608414776216654   15   13   11    4
 0.006250654477956528   15   13   11    5
 -6.680727734255155e-15   15   13   11    6
 0.009961415084440735   15   13   11    7
 0.01479067750898147   15   13   11    8
 5.273629009260407e-15   15   13   11    9
 3.017370839129687e-15   15   13   11   10
 -0.008690363336572568   15   13   11   11
 -0.0003259888947342658   15   13   12    1
 -0.001401767781946632   15   13   12    2
 -0.001112280464669964   15   13   12    3
 -0.004267628590583498   15   13   12    4
 0.001690367939629019   15   13   12    5
 7.466743970469141e-15   15   13   12    6
 0.005630256547044721   15   13   12    7
 0.006655797227562598   15   13   12    8
 -6.025406412335297e-15   15   13   12    9
 -8.300536932606855e-15   15   13   12   10
 0.01399328546000239   15   13   12   11
 -0.03917054192952783   15   13   12   12
 0.001693509165158836   15   13   13    1
 -0.000632449311289663   15   13   13    2
 0.008429493282324403   15   13   13    3
 -0.007748634474486244   15   13   13    4
 -0.01082447530928896   15   13   13    5
 -1.622622402549274e-15   15   13   13    6
 0.0008861013155210366   15   13   13    7
 -0.01191316743684432   15   13   13    8
 4.953418446402768e-15   15   13   13   10
 -0.01959166756905266   15   13   13   11
 -0.003429962690184509   15   13   13   12
 0.05803270181440755   15   13   13   13
 4.256990910186608e-15   15   13   14    1
 1.910754664794572e-14   15   13   14    2
 -8.699864182096762e-15   15   13   14    3
 -7.364437147601651e-15   15   13   14    4
 -1.498775925552342e-15   15   13   14    5
 -0.004764045176409904   15   13   14    6
 3.990773113985998e-15   15   13   14    7
 -1.321692143267579e-14   15   13   14    8
 0.005953746582227856   15   13   14    9
 -0.004356207859356   15   13   14   10
 -1.174465511465182e-14   15   13   14   11
 -1.691429738220269e-14   15   13   14   12
 -0.04167267379051447   15   13   14   14
 0.004892929643219893   15   13   15    1
 0.00666747361867923   15   13   15    2
 -0.002024687957630459   15   13   15    3
 -0.005691955830338082   15   13   15    4
 -0.006880140892981326   15   13   15    5
 -4.98204239461978e-15   15   13   15    6
 0.008386067796727169   15   13   15    7
 -0.006353331711865723   15   13   15    8
 -8.55375846841804e-15   15   13   15    9
 5.837870632538747e-15   15   13   15   10
 -0.02164564649034084   15   13   15   11
 -0.008677725103218896   15   13   15   12
 0.03622896976517516   15   13   15   13
 2.082471300943743e-13   15   14    1    1
 -2.649174264380437e-14   15   14    2    2
 -1.921083276741425e-15   15   14    3    1
 1.877482122104176e-14   15   14    3    2
 1.264597068405646e-13   15   14    3    3
 2.516594642012629e-15   15   14    4    1
 3.161901269289916e-14   15   14    4    2
 -1.863463313092886e-14   15   14    4    3
 8.641439405336725e-14   15   14    4    4
 -1.127720510352401e-15   15   14    5    1
 2.856522899114988e-14   15   14    5    3
 3.857855523349549e-14   15   14    5    4
 9.764454447144479e-14   15   14    5    5
 -3.499032302814531e-05   15   14    6    1
 -0.03403236596569184   15   14    6    2
 0.00180555650888471   15   14    6    3
 0.005291095436585443   15   14    6    4
 -0.0005965008159695283   15   14    6    5
 -2.25528521516219e-13   15   14    6    6
 -1.909416529881147e-15   15   14    7    1
 1.730049301199788e-14   15   14    7    2
 -3.455827918188313e-14   15   14    7    3
 -2.996881791987189e-14   15   14    7    4
 3.581217783936965e-14   15   14    7    5
 0.004379408325744465   15   14    7    6
 1.048188627197913e-13   15   14    7    7
 -1.090200447116172e-15   15   14    8    1
 5.592318400921102e-15   15   14    8    2
 -3.489996284913667e-14   15   14    8    3
 -5.676565287552092e-14   15   14    8    4
 3.834192639683143e-14   15   14    8    5
 0.00121076246604082   15   14    8    6
 -3.988992781721042e-14   15   14    8    7
 7.033727826643716e-14   15   14    8    8
 -0.0001724582074159938   15   14    9    1
 0.007145207885802245   15   14    9    2
 -0.009090451470782109   15   14    9    3
 -0.007595146849852715   15   14    9    4
 0.001256264929781676   15   14    9    5
 9.046625182289844e-14   15   14    9    6
 -0.00199015927456297   15   14    9    7
 -0.001115626462719878   15   14    9    8
 9.316200599469934e-14   15   14    9    9
 0.0001853522447306245   15   14   10    1
 0.002884071144448105   15   14   10    2
 -0.006489804521009096   15   14   10    3
 -0.009087730617519676   15   14   10    4
 0.001322087571891873   15   14   10    5
 3.78213115841497e-14   15   14   10    6
 -0.004579476872629281   15   14   10    7
 -0.0024755141188236   15   14   10    8
 -3.268800018156203e-14   15   14   10    9
 1.016604268820697e-13   15   14   10   10
 1.720322455844223e-15   15   14   11    1
 5.101418903630716e-15   15   14   11    3
 1.65372796010862e-14   15   14   11    4
 -2.86496737810225e-14   15   14   11    5
 -0.008465939403954572   15   14   11    6
 3.219409730655378e-14   15   14   11    7
 1.722240989739711e-14   15   14   11    8
 0.004420431717353802   15   14   11    9
 0.00556354877519418   15   14   11   10
 7.090328992985396e-14   15   14   11   11
 -2.728981412072448e-15   15   14   12    2
 1.093617415372189e-14   15   14   12    3
 2.303921796113077e-14   15   14   12    4
 -4.436418589849107e-14   15   14   12    5
 0.01014515482512924   15   14   12    6
 2.890511604850111e-14   15   14   12    7
 5.16862931231912e-14   15   14   12    8
 -0.007995247589123022   15   14   12    9
 -0.00782892313701973   15   14   12   10
 -2.680474948233026e-15   15   14   12   11
 -1.669793247434428e-14   15   14   12   12
 -3.645537462360634e-15   15   14   13    1
 7.414191021135585e-15   15   14   13    2
 6.733279300288827e-15   15   14   13    3
 -2.219888618163214e-14   15   14   13    4
 -2.243427641150183e-15   15   14   13    5
 0.002908013720724257   15   14   13    6
 1.792659238574315e-15   15   14   13    7
 -1.685969970992717e-14   15   14   13    8
 0.0002329075648239407   15   14   13    9
 0.001166011473862764   15   14   13   10
 2.686850108574602e-14   15   14   13   11
 -9.741223824825969e-15   15   14   13   12
 1.105568080967048e-13   15   14   13   13
 -1.654811797584571e-05   15   14   14    1
 0.01503173573178616   15   14   14    2
 -0.003120504429742453   15   14   14    3
 -0.007231421961019976   15   14   14    4
 0.005994196641809966   15   14   14    5
 2.085715058330444e-14   15   14   14    6
 -0.007844958252969847   15   14   14    7
 -0.008703939414295755   15   14   14    8
 -3.482439761367682e-14   15   14   14    9
 -7.945144843948187e-14   15   14   14   10
 0.02119794885967251   15   14   14   11
 -0.005685396884483402   15   14   14   12
 -0.00554879374039748   15   14   14   13
 -2.534534773129106e-13   15   14   14   14
 -1.662857062226687e-15   15   14   15    1
 -7.047822594365435e-15   15   14   15    2
 7.02043856159278e-15   15   14   15    3
 2.05872783512536e-14   15   14   15    4
 -1.638374702509561e-14   15   14   15    5
 -0.01276847046926123   15   14   15    6
 3.259940615864127e-14   15   14   15    7
 4.032019298085378e-14   15   14   15    8
 0.001363008600544849   15   14   15    9
 0.001036384985600779   15   14   15   10
 -1.269837436404118e-13   15   14   15   11
 5.17082816067538e-14   15   14   15   12
 3.741920439820536e-14   15   14   15   13
 0.0285628342931551   15   14   15   14
 0.3508076275445877   15   15    1    1
 -8.081134931714268e-06   15   15    2    1
 0.4010117878077639   15   15    2    2
 -0.001596625443753976   15   15    3    1
 0.0003018854419757184   15   15    3    2
 0.3237377557517084   15   15    3    3
 0.002059807203198298   15   15    4    1
 0.001330491224684648   15   15    4    2
 0.03718402090151601   15   15    4    3
 0.3157917847483246   15   15    4    4
 -0.0004932461335893894   15   15    5    1
 -0.007129927703628991   15   15    5    2
 -0.008023674907832982   15   15    5    3
 -0.009291367270709235   15   15    5    4
 0.3155088868507515   15   15    5    5
 1.003138733143691e-15   15   15    6    1
 9.271667940803927e-14   15   15    6    2
 -5.098816337959204e-15   15   15    6    3
 -1.57812421674711e-14   15   15    6    4
 -2.642428758750339e-15   15   15    6    5
 0.3586480705244551   15   15    6    6
 -0.001248350620823851   15   15    7    1
 0.00982634336755143   15   15    7    2
 -0.01133573680232261   15   15    7    3
 0.04353974901828526   15   15    7    4
 -0.00132930062634167   15   15    7    5
 -1.12098263819826e-14   15   15    7    6
 0.3346721550266641   15   15    7    7
 -0.0003313864378595387   15   15    8    1
 0.009748627158107124   15   15    8    2
 0.006369297267090021   15   15    8    3
 0.009301490680532792   15   15    8    4
 -0.05308225254936615   15   15    8    5
 -8.051626881686698e-15   15   15    8    6
 0.01988879776764825   15   15    8    7
 0.326678120806311   15   15    8    8
 -1.9640948193005e-14   15   15    9    2
 2.490152296512302e-14   15   15    9    3
 2.082271165768485e-14   15   15    9    4
 -3.148797574139329e-15   15   15    9    5
 -0.005059824358070212   15   15    9    6
 5.531626696424238e-15   15   15    9    7
 3.302897005217659e-15   15   15    9    8
 0.3210710920396934   15   15    9    9
 -6.537578849394271e-15   15   15   10    2
 1.744239106791799e-14   15   15   10    3
 2.416641202936998e-14   15   15   10    4
 -3.975330719537013e-15   15   15   10    5
 0.01233990035358233   15   15   10    6
 1.220938694073719e-14   15   15   10    7
 5.675107353469245e-15   15   15   10    8
 0.03342797846407023   15   15   10    9
 0.3291105193749853   15   15   10   10
 0.000574389383621256   15   15   11    1
 -0.03164037419625274   15   15   11    2
 0.0004852056914302781   15   15   11    3
 -0.007492523857332892   15   15   11    4
 -0.0157402096096523   15   15   11    5
 3.032020986306376e-14   15   15   11    6
 -0.009513211669057307   15   15   11    7
 -0.0229156744634607   15   15   11    8
 -1.524494878243433e-14   15   15   11    9
 -1.525294395217528e-14   15   15   11   10
 0.34141504361253   15   15   11   11
 8.658810987847148e-05   15   15   12    1
 0.01257635260121456   15   15   12    2
 0.003348293593584999   15   15   12    3
 0.0002115733430206097   15   15   12    4
 0.004887569572832414   15   15   12    5
 -2.108648029678212e-14   15   15   12    6
 0.0007858488579755066   15   15   12    7
 -0.02415358810211595   15   15   12    8
 1.894565997731554e-14   15   15   12    9
 2.166882985005545e-14   15   15   12   10
 0.000337900633599105   15   15   12   11
 0.3844874970477452   15   15   12   12
 -0.002786589189647239   15   15   13    1
 0.005900550387840185   15   15   13    2
 0.007096405536616389   15   15   13    3
 -0.02155228996959965   15   15   13    4
 -0.007754394380409558   15   15   13    5
 1.277022163712513e-14   15   15   13    6
 0.02183538098245821   15   15   13    7
 -0.004284811091471449   15   15   13    8
 -8.725603961244814e-15   15   15   13    9
 -4.354394285964322e-15   15   15   13   10
 -0.007945787262527223   15   15   13   11
 -0.006296315329774827   15   15   13   12
 0.2643364353486827   15   15   13   13
 -8.33500262026268e-14   15   15   14    2
 1.344562963028404e-14   15   15   14    3
 3.940416473339598e-14   15   15   14    4
 1.423284137059215e-14   15   15   14    5
 0.04523282532060303   15   15   14    6
 1.19749667472212e-14   15   15   14    7
 2.18718222749545e-14   15   15   14    8
 -0.01619774377387752   15   15   14    9
 -0.001652112078230077   15   15   14   10
 3.622495023422012e-14   15   15   14   12
 3.782656389054287e-14   15   15   14   13
 0.3687708896912343   15   15   14   14
 -0.001245889537662107   15   15   15    1
 -0.04233140529282399   15   15   15    2
 0.009309054856468848   15   15   15    3
 0.009821068991695138   15   15   15    4
 0.01744307712672359   15   15   15    5
 -2.446743468042556e-14   15   15   15    6
 0.003848632415754694   15   15   15    7
 -0.004456081000160257   15   15   15    8
 1.840748602767708e-14   15   15   15    9
 0.03617188933257461   15   15   15   11
 0.01186258185378805   15   15   15   12
 -0.02244585414662246   15   15   15   13
 -6.855434313212365e-14   15   15   15   14
 0.3745913968049431   15   15   15   15
 -0.009662413410208509   16    1    1    1
 -4.433309499944924e-05   16    1    2    1
 -0.0004759583390623181   16    1    2    2
 0.001242306267378057   16    1    3    1
 0.000129052756759438   16    1    3    2
 0.0004551768236223426   16    1    3    3
 -0.0003396413801975861   16    1    4    1
 0.0002292069279683123   16    1    4    2
 0.0007287636065674932   16    1    4    3
 -0.0006015454257052925   16    1    4    4
 0.008409827013017677   16    1    5    1
 0.0001210190044463713   16    1    5    2
 0.01098797080773994   16    1    5    3
 -0.007099404009312222   16    1    5    4
 0.0003669582066342026   16    1    5    5
 -0.0008872903629030646   16    1    6    6
 -0.001569279845750586   16    1    7    1
 8.118319176425028e-05   16    1    7    2
 -0.001594699937739552   16    1    7    3
 0.001388726665355045   16    1    7    4
 0.00113647724507284   16    1    7    5
 -0.0003198541002157355   16    1    7    7
 0.007299783450699093   16    1    8    1
 -0.0003312336726566333   16    1    8    2
 0.006902675703842747   16    1    8    3
 -0.008418538763689034   16    1    8    4
 0.0001576291221378863   16    1    8    5
 0.001999383888297923   16    1    8    7
 0.0001618174207089057   16    1    8    8
 0.0001888787572998889   16    1    9    6
 0.0001039280304474377   16    1    9    9
 5.91664938357836e-05   16    1   10    6
 0.000275670070682123   16    1   10    9
 -5.637369333502037e-05   16    1   10   10
 -0.009394948657926677   16    1   11    1
 -0.0003296231754213408   16    1   11    2
 -0.006452807920220998   16    1   11    3
 0.001879082433020589   16    1   11    4
 -0.0002648360538416614   16    1   11    5
 0.003833258447740565   16    1   11    7
 -0.0004676245328104564   16    1   11    8
 0.00203122937474128   16    1   11   11
 -0.003999491878785859   16    1   12    1
 -0.0001093537738857497   16    1   12    2
 -0.002671289208043615   16    1   12    3
 0.0008112124568185568   16    1   12    4
 -0.0007252469815088942   16    1   12    5
 0.00160173729035076   16    1   12    7
 0.0003108705124923551   16    1   12    8
 0.0005349586170889248   16    1   12   11
 -0.0003454857173469799   16    1   12   12
 -0.00098274365119753   16    1   13    1
 -4.616344712539209e-05   16    1   13    2
 -0.001542364658335009   16    1   13    3
 0.0009547646987212418   16    1   13    4
 0.003058579748406161   16    1   13    5
 3.690514839779308e-05   16    1   13    7
 0.002368056805209796   16    1   13    8
 -0.007081354888428564   16    1   13   11
 -0.003257241029398718   16    1   13   12
 -0.003830866253085428   16    1   13   13
 9.011148120310804e-15   16    1   14    1
 6.133077562622715e-15   16    1   14    3
 -2.355602753857896e-15   16    1   14    4
 -3.328682243197411e-15   16    1   14    5
 -0.0004354607442376092   16    1   14    6
 -2.899392176355058e-15   16    1   14    7
 -3.014415133865571e-15   16    1   14    8
 -0.0001280330161976235   16    1   14    9
 -0.000199090037278785   16    1   14   10
 1.787892400814226e-15   16    1   14   11
 2.624136778737794e-15   16    1   14   12
 8.223065347660263e-15   16    1   14   13
 -0.0009644068962054459   16    1   14   14
 0.004502835507618935   16    1   15    1
 5.956045655656291e-05   16    1   15    2
 0.002907215597661576   16    1   15    3
 -0.001104113443850912   16    1   15    4
 -0.001324634292906454   16    1   15    5
 -0.001435739469989051   16    1   15    7
 -0.001042076814483595   16    1   15    8
 -0.001054071744868849   16    1   15   11
 0.0004702536948560859   16    1   15   12
 0.003578732202203509   16    1   15   13
 -1.722557303643972e-15   16    1   15   14
 -0.0005901647426077339   16    1   15   15
 0.01522388282639183   16    1   16    1
 -0.0005304189126087013   16    2    1    1
 -6.901700913465219e-06   16    2    2    1
 0.003676203148432072   16    2    2    2
 1.567304551036733e-05   16    2    3    1
 -0.001686096622288592   16    2    3    2
 -0.0003903635434027861   16    2    3    3
 -8.26682295604619e-06   16    2    4    1
 -0.002513474578766773   16    2    4    2
 -0.0005610616785374221   16    2    4    3
 -0.0007694160358353991   16    2    4    4
 -6.289797827362707e-05   16    2    5    1
 -0.002623316124660566   16    2    5    2
 -0.006765907005000461   16    2    5    3
 -0.005789510919004402   16    2    5    4
 0.0008359624429629359   16    2    5    5
 0.001719132784711779   16    2    6    6
 5.405949932032627e-06   16    2    7    1
 -0.001819138183567169   16    2    7    2
 -0.0001524635424550851   16    2    7    3
 -0.0005348497671298395   16    2    7    4
 -0.0005862079084772427   16    2    7    5
 -0.0007091250536426392   16    2    7    7
 -7.453504375944148e-05   16    2    8    1
 0.002136757817685044   16    2    8    2
 0.005691971101935089   16    2    8    3
 0.005926519731878994   16    2    8    4
 -0.000534150441077985   16    2    8    5
 0.002198899905603572   16    2    8    7
 0.0008310742006946454   16    2    8    8
 -0.0004160176873893106   16    2    9    6
 -0.0003676247530071187   16    2    9    9
 -9.519805941971269e-05   16    2   10    6
 -0.0001782017261975039   16    2   10    9
 -0.0003524447425444709   16    2   10   10
 5.43666781027636e-05   16    2   11    1
 0.006219151968947131   16    2   11    2
 0.006194911453279922   16    2   11    3
 0.003901431841460946   16    2   11    4
 -0.001233019353685292   16    2   11    5
 -0.0004699790758496245   16    2   11    7
 0.001603298193189566   16    2   11    8
 -0.001322335212834935   16    2   11   11
 2.388625891439882e-05   16    2   12    1
 0.004818121631103452   16    2   12    2
 0.001428840621963324   16    2   12    3
 -0.0005432869328435459   16    2   12    4
 -0.001814418925681789   16    2   12    5
 -0.001913675611280994   16    2   12    7
 0.001539915388984497   16    2   12    8
 0.002955782941098611   16    2   12   11
 0.006343921020392838   16    2   12   12
 2.512739794115564e-05   16    2   13    1
 0.0005717391071764337   16    2   13    2
 0.0005050228978172974   16    2   13    3
 0.0003842549472257413   16    2   13    4
 0.001173853525764457   16    2   13    5
 -0.000354771793417908   16    2   13    7
 -0.002223372210864012   16    2   13    8
 -0.00198364503814814   16    2   13   11
 -0.0003518187099065057   16    2   13   12
 -0.0005107227460035599   16    2   13   13
 -4.082294759189627e-15   16    2   14    2
 -3.185244350946197e-15   16    2   14    3
 -4.962651309724345e-15   16    2   14    5
 0.000539247570886679   16    2   14    6
 1.769781622169962e-15   16    2   14    7
 6.010797995619206e-15   16    2   14    8
 0.0004955077541006405   16    2   14    9
 0.0009074953640818875   16    2   14   10
 3.459849113136366e-15   16    2   14   11
 -1.443691987554887e-15   16    2   14   12
 3.886409119064509e-15   16    2   14   13
 0.002831971966739416   16    2   14   14
 -3.246614234209832e-05   16    2   15    1
 -0.001183238066592794   16    2   15    2
 -0.001194120992067946   16    2   15    3
 0.0001068264329141692   16    2   15    4
 -0.004005333817444664   16    2   15    5
 0.001241349116582968   16    2   15    7
 0.004517183357033107   16    2   15    8
 -1.262082497841077e-15   16    2   15   10
 0.001693597823738093   16    2   15   11
 -0.001918999150694803   16    2   15   12
 0.001340767739154577   16    2   15   13
 -8.834038441700676e-15   16    2   15   14
 -0.003122415359342537   16    2   15   15
 -0.0001288222657651676   16    2   16    1
 0.008737051853179521   16    2   16    2
 0.00763561838983513   16    3    1    1
 -8.421118212622094e-06   16    3    2    1
 -0.009030054582648682   16    3    2    2
 -0.0001921446426741286   16    3    3    1
 0.000300649851994381   16    3    3    2
 -0.002077854475694739   16    3    3    3
 0.0003816302948667909   16    3    4    1
 0.0005853182268310642   16    3    4    2
 -0.003229938484818782   16    3    4    3
 -0.002475009783646611   16    3    4    4
 0.004763982752606174   16    3    5    1
 -0.003534200375637073   16    3    5    2
 0.00232729991567955   16    3    5    3
 -0.01107924491523768   16    3    5    4
 0.0001602224602818997   16    3    5    5
 -0.004913970653433308   16    3    6    6
 -0.0007034303592731846   16    3    7    1
 0.0003742985123986813   16    3    7    2
 -0.0008407175373698343   16    3    7    3
 -0.0004483586141435614   16    3    7    4
 -0.002251154971366391   16    3    7    5
 -0.0007275661115508441   16    3    7    7
 0.004039185026281725   16    3    8    1
 0.003932040396974777   16    3    8    2
 0.01470025744498752   16    3    8    3
 0.001618701156155921   16    3    8    4
 0.001117048992055174   16    3    8    5
 -0.00337863630834348   16    3    8    7
 -0.0003744663996042351   16    3    8    8
 0.0008366789754179665   16    3    9    6
 -0.002297456864706151   16    3    9    9
 -0.0005686068482670943   16    3   10    6
 -0.005369236955525983   16    3   10    9
 -0.002466921563917183   16    3   10   10
 -0.004872696778602471   16    3   11    1
 0.004977547055697426   16    3   11    2
 -0.001423972830848968   16    3   11    3
 0.01556100780317625   16    3   11    4
 -0.0007297914648112404   16    3   11    5
 0.001375071529614157   16    3   11    7
 -0.004020588373443759   16    3   11    8
 0.00183155995510572   16    3   11   11
 -0.002070969448466087   16    3   12    1
 0.0009181733650098298   16    3   12    2
 -0.002791781909081279   16    3   12    3
 0.00342539786944754   16    3   12    4
 -0.00678489668716564   16    3   12    5
 -0.001600985035347662   16    3   12    7
 0.005906821076346845   16    3   12    8
 0.003150175950634219   16    3   12   11
 -0.00116176548520449   16    3   12   12
 -0.001400276424048512   16    3   13    1
 0.0002949044651294922   16    3   13    2
 0.00110686299314904   16    3   13    3
 0.002848627806206321   16    3   13    4
 0.01587642148547829   16    3   13    5
 -0.001726969602058451   16    3   13    7
 0.008607344693731322   16    3   13    8
 -0.002826587553094945   16    3   13   11
 -0.001227646402897076   16    3   13   12
 -0.0001785651418174968   16    3   13   13
 4.913594423325508e-15   16    3   14    1
 -1.312941036908875e-15   16    3   14    2
 2.039715412493041e-15   16    3   14    3
 -1.515238226299392e-14   16    3   14    4
 -1.676286166346368e-14   16    3   14    5
 -0.001444067386766075   16    3   14    6
 6.364853018065807e-15   16    3   14    8
 0.001941580013774878   16    3   14    9
 0.0008996787162540234   16    3   14   10
 5.669687324441836e-15   16    3   14   11
 2.612153909116746e-15   16    3   14   12
 1.731280285891335e-15   16    3   14   13
 -0.006400621936394426   16    3   14   14
 0.002424177365811907   16    3   15    1
 0.0001122460540751238   16    3   15    2
 0.0007363501124074179   16    3   15    3
 -0.008406520447300506   16    3   15    4
 -0.006638421840362918   16    3   15    5
 1.724624674176759e-15   16    3   15    6
 -0.0008774957393572409   16    3   15    7
 0.007698673484425668   16    3   15    8
 -2.655359059773419e-15   16    3   15    9
 -1.226459729670778e-15   16    3   15   10
 0.003706580915787042   16    3   15   11
 0.002927067928734651   16    3   15   12
 0.003127942145316636   16    3   15   13
 -4.668149736539576e-15   16    3   15   14
 -0.007723997207036279   16    3   15   15
 0.0078798665894649   16    3   16    1
 0.005649839157586247   16    3   16    2
 0.0267452864255842   16    3   16    3
 -0.0003600677267163042   16    4    1    1
 2.646253857169041e-05   16    4    2    1
 -0.01725168680773364   16    4    2    2
 -7.681677687828443e-05   16    4    3    1
 0.0009767109079272729   16    4    3    2
 -0.005762314104008143   16    4    3    3
 -0.0002085585132236923   16    4    4    1
 0.002035512365160721   16    4    4    2
 -0.003050706633539683   16    4    4    3
 -0.002249380096073797   16    4    4    4
 -0.003135665709747117   16    4    5    1
 -0.00293732861393066   16    4    5    2
 -0.006405167644585886   16    4    5    3
 -0.003857367026389254   16    4    5    4
 -2.986519174484567e-05   16    4    5    5
 -0.01509546105231572   16    4    6    6
 0.0006303121493613677   16    4    7    1
 0.001244328694795094   16    4    7    2
 0.003056646456345286   16    4    7    3
 0.0002618570422770664   16    4    7    4
 0.01107909649773133   16    4    7    5
 -0.004733194782515364   16    4    7    7
 -0.002735231519127602   16    4    8    1
 0.002361763424304187   16    4    8    2
 0.002913020291640201   16    4    8    3
 -0.004919074601134907   16    4    8    4
 0.001984689096992048   16    4    8    5
 0.0007782538518289096   16    4    8    7
 -0.0008539671078474972   16    4    8    8
 0.002392776974705   16    4    9    6
 -0.006461532815555822   16    4    9    9
 -0.0004304195352596562   16    4   10    6
 -0.004507118173060666   16    4   10    9
 -0.006172657532246468   16    4   10   10
 0.003150136964313679   16    4   11    1
 0.005730607135401734   16    4   11    2
 0.02023546694366875   16    4   11    3
 0.000804919730859568   16    4   11    4
 0.007323578082175739   16    4   11    5
 0.00964762715460976   16    4   11    7
 -0.003061625718158314   16    4   11    8
 0.000132428500079701   16    4   11   11
 0.001354709401330802   16    4   12    1
 -0.0003380953058799404   16    4   12    2
 0.005564875864836723   16    4   12    3
 -0.004643647431672059   16    4   12    4
 -0.01017473410100951   16    4   12    5
 -1.358797138227685e-15   16    4   12    6
 0.0002551886053979671   16    4   12    7
 0.01384847399757704   16    4   12    8
 -0.00285607596098021   16    4   12   11
 -0.0103202259221513   16    4   12   12
 0.0008304475485845721   16    4   13    1
 0.0003286854390301408   16    4   13    2
 0.004711689404721087   16    4   13    3
 -6.8003355807356e-05   16    4   13    4
 -0.01466893481412704   16    4   13    5
 -4.797970393399741e-15   16    4   13    6
 0.00422943608994315   16    4   13    7
 -0.02354224047779728   16    4   13    8
 1.232424351076789e-15   16    4   13    9
 -0.008809143668816022   16    4   13   11
 -0.006235271510373982   16    4   13   12
 -0.003948275028160623   16    4   13   13
 -3.504488469917693e-15   16    4   14    1
 -1.930808189966964e-14   16    4   14    3
 -8.850320071662542e-15   16    4   14    5
 -0.006303539777467198   16    4   14    6
 -9.437663768112014e-15   16    4   14    7
 1.978256886970165e-14   16    4   14    8
 0.002481012945436312   16    4   14    9
 -0.0002501612209200565   16    4   14   10
 -1.30680153610103e-14   16    4   14   11
 8.079288971934986e-15   16    4   14   12
 3.381879651731899e-15   16    4   14   13
 -0.01844781754796135   16    4   14   14
 -0.001475054295991588   16    4   15    1
 0.002278163381753329   16    4   15    2
 -0.0101632239810191   16    4   15    3
 -0.002338094194606801   16    4   15    4
 -0.01223983334701943   16    4   15    5
 8.026893925480714e-15   16    4   15    6
 -0.005033969194439058   16    4   15    7
 0.006708717044106517   16    4   15    8
 -3.371089055014713e-15   16    4   15    9
 -0.01115847452365464   16    4   15   11
 0.00507907127997024   16    4   15   12
 0.005204363703876911   16    4   15   13
 1.450930010956609e-14   16    4   15   14
 -0.005598485383070708   16    4   15   15
 -0.005221725481999289   16    4   16    1
 0.005434700480320642   16    4   16    2
 -0.0007721381816908538   16    4   16    3
 0.02633789496260862   16    4   16    4
 0.1347212917327009   16    5    1    1
 0.000166373673695032   16    5    2    1
 -0.03282234662177436   16    5    2    2
 -0.002931675605974269   16    5    3    1
 -0.001451685808505013   16    5    3    2
 0.007937265395171974   16    5    3    3
 0.001862738781088012   16    5    4    1
 -0.0036083043764053   16    5    4    2
 -0.02366381123155968   16    5    4    3
 0.001065521895417533   16    5    4    4
 0.0001319687883006024   16    5    5    1
 0.001009651383166816   16    5    5    2
 0.001556134192682922   16    5    5    3
 0.002470677728570613   16    5    5    4
 0.004019203263436991   16    5    5    5
 0.009177997380435362   16    5    6    6
 0.000466688268522842   16    5    7    1
 -0.00361676380671216   16    5    7    2
 -0.004138249206875212   16    5    7    3
 -0.007124032429284162   16    5    7    4
 -0.0008164982638340208   16    5    7    5
 0.00255939759822799   16    5    7    7
 0.0001284851776445706   16    5    8    1
 -0.001427527655349997   16    5    8    2
 -0.002146661301257021   16    5    8    3
 -0.001277969652957733   16    5    8    4
 0.02069644802494496   16    5    8    5
 1.256732479000891e-15   16    5    8    6
 -0.00343736368380423   16    5    8    7
 -0.0015192675762177   16    5    8    8
 -0.00542760631515194   16    5    9    6
 0.00902729648600808   16    5    9    9
 1.097785332903525e-15   16    5   10    5
 -0.01305803948061786   16    5   10    6
 -0.05048001731729461   16    5   10    9
 0.00473787881587231   16    5   10   10
 0.000226404018090169   16    5   11    1
 -0.0008277220605915728   16    5   11    2
 -0.003140306435606488   16    5   11    3
 0.007521088250046102   16    5   11    4
 -0.002959610320912707   16    5   11    5
 0.008553680663188129   16    5   11    7
 -0.03823813204090459   16    5   11    8
 1.647754448295529e-15   16    5   11    9
 0.001430359582115632   16    5   11   11
 0.0001011516939748751   16    5   12    1
 -0.003225453778277274   16    5   12    2
 -0.0150656626800652   16    5   12    3
 -0.01921205118738365   16    5   12    4
 -0.002873420351890103   16    5   12    5
 -0.01184569926062892   16    5   12    7
 -0.0152680938512037   16    5   12    8
 1.812040950927605e-15   16    5   12    9
 -0.005002280734379999   16    5   12   11
 -0.006450803943961311   16    5   12   12
 -0.002876215716524604   16    5   13    1
 -3.790064323941378e-06   16    5   13    2
 0.0323119879189028   16    5   13    3
 -0.0242191691662805   16    5   13    4
 0.0005382227655490732   16    5   13    5
 2.788657953957128e-15   16    5   13    6
 0.0131531180678471   16    5   13    7
 -0.003569969268547937   16    5   13    8
 4.181894076306059e-15   16    5   13    9
 2.344303010935701e-15   16    5   13   10
 0.001758339079923828   16    5   13   11
 0.002062408909087087   16    5   13   12
 0.009421737051814051   16    5   13   13
 -5.551651527202862e-15   16    5   14    2
 -3.401967830665291e-14   16    5   14    3
 -1.597809360839851e-14   16    5   14    4
 1.298589887787326e-14   16    5   14    5
 0.006515707908147396   16    5   14    6
 2.961188016614831e-14   16    5   14    8
 0.008249112496154391   16    5   14    9
 0.004670371908613516   16    5   14   10
 3.524977999915027e-15   16    5   14   11
 -9.117175368534728e-15   16    5   14   12
 2.709673449108976e-15   16    5   14   13
 0.01191969142827719   16    5   14   14
 9.255965276678613e-06   16    5   15    1
 -0.005707117240053689   16    5   15    2
 -0.01409484858558431   16    5   15    3
 -0.02149905244844195   16    5   15    4
 0.007549856709270268   16    5   15    5
 -7.773331943577334e-15   16    5   15    6
 0.003231503851429082   16    5   15    7
 0.01532738128943127   16    5   15    8
 -1.12497194017726e-14   16    5   15    9
 -6.343429661582784e-15   16    5   15   10
 0.001657199755231535   16    5   15   11
 -0.009180815088386352   16    5   15   12
 0.00108082192461806   16    5   15   13
 -2.185949775304985e-15   16    5   15   14
 0.009512592646555245   16    5   15   15
 0.00010149940097389   16    5   16    1
 -0.0002906303161685134   16    5   16    2
 0.00431684537878694   16    5   16    3
 0.003188881507442956   16    5   16    4
 0.05347454439816618   16    5   16    5
 1.40083849263794e-14   16    6    1    1
 3.14664596284857e-15   16    6    3    3
 -1.528418536574405e-15   16    6    4    3
 1.199632529715668e-15   16    6    4    4
 1.470973551132019e-15   16    6    5    5
 -1.84451326039687e-06   16    6    6    1
 -0.004674617201335474   16    6    6    2
 -0.0008615728065490457   16    6    6    3
 -0.00151432907515511   16    6    6    4
 0.001854292408073523   16    6    6    5
 -1.512411771558692e-15   16    6    7    3
 -0.001633728976538296   16    6    7    6
 1.904493060143529e-15   16    6    7    7
 1.649593859362676e-15   16    6    8    5
 -0.00263780092485297   16    6    8    6
 2.714196162290498e-07   16    6    9    1
 0.0006882522538920956   16    6    9    2
 -0.001295994169114878   16    6    9    3
 -0.0009273521723082072   16    6    9    4
 -0.0004048064224847485   16    6    9    5
 -0.0002625396272187135   16    6    9    7
 0.001956609957174153   16    6    9    8
 3.098134151112028e-15   16    6    9    9
 -4.214246895588666e-07   16    6   10    1
 -0.0001895765669607892   16    6   10    2
 -0.001206904084211364   16    6   10    3
 -0.001799359093040516   16    6   10    4
 -0.001519916761981543   16    6   10    5
 -0.0008511650851909239   16    6   10    7
 -0.0002441974376046291   16    6   10    8
 -3.468917402226181e-15   16    6   10    9
 2.839418042934914e-15   16    6   10   10
 -1.464257297299855e-15   16    6   11    5
 0.001506466134415339   16    6   11    6
 -3.065332560638936e-15   16    6   11    8
 0.0005444227687174324   16    6   11    9
 0.002434571185381111   16    6   11   10
 2.078407306094281e-15   16    6   11   11
 0.006591662024108723   16    6   12    6
 -2.023032805423255e-15   16    6   12    8
 -0.001730428607580442   16    6   12    9
 0.0004722839675479103   16    6   12   10
 1.940561407686301e-15   16    6   12   11
 2.453596625192257e-15   16    6   12   12
 2.194074130091632e-15   16    6   13    3
 -4.031901003002587e-15   16    6   13    4
 1.172852955889816e-15   16    6   13    5
 2.905671593466827e-05   16    6   13    6
 -2.633486961179203e-15   16    6   13    8
 0.0001525597667427617   16    6   13    9
 0.00048913023871496   16    6   13   10
 1.173870599288108e-15   16    6   13   11
 3.286707371687529e-15   16    6   13   12
 -1.236281997866359e-06   16    6   14    1
 -0.0002887332731263771   16    6   14    2
 -0.0009677858222184321   16    6   14    3
 -0.002303503459878227   16    6   14    4
 0.003256256906954422   16    6   14    5
 -3.565524159344499e-15   16    6   14    6
 -0.002567316919320855   16    6   14    7
 -0.004483121092695448   16    6   14    8
 -3.753848922779982e-15   16    6   14   10
 0.002903880845995669   16    6   14   11
 0.006863014323317786   16    6   14   12
 -0.0006867147805472181   16    6   14   13
 -1.120796413723754e-14   16    6   14   14
 2.226954325634532e-15   16    6   15    4
 -3.216596543136814e-15   16    6   15    5
 -0.0005816687766665475   16    6   15    6
 4.431151291581624e-15   16    6   15    7
 7.092415802167145e-15   16    6   15    8
 -0.0003088053853530768   16    6   15    9
 -0.0008861536405651123   16    6   15   10
 -3.70527998197891e-15   16    6   15   11
 -9.329275059393575e-15   16    6   15   12
 2.13697255064613e-15   16    6   15   13
 0.002219176459097134   16    6   15   14
 -4.782419540556584e-15   16    6   15   15
 3.357946820842859e-15   16    6   16    5
 0.003698135784084687   16    6   16    6
 -0.0293467645765192   16    7    1    1
 -1.663736396687443e-05   16    7    2    1
 -0.01346381406414601   16    7    2    2
 0.0004654348417927207   16    7    3    1
 0.001205772360135766   16    7    3    2
 -0.009417543005186088   16    7    3    3
 -0.0004723839004750541   16    7    4    1
 0.002187141163823418   16    7    4    2
 0.003560202059850062   16    7    4    3
 -0.003158964672033051   16    7    4    4
 -0.0009993894618356052   16    7    5    1
 0.001573427995938564   16    7    5    2
 -0.003419060271887393   16    7    5    3
 0.01828671492884306   16    7    5    4
 -0.006603058524357242   16    7    5    5
 1.062747505677255e-15   16    7    6    4
 -0.0172861317164276   16    7    6    6
 0.0002411518608009075   16    7    7    1
 0.001495064021207167   16    7    7    2
 0.005677403972323635   16    7    7    3
 0.002312864389217242   16    7    7    4
 0.0005484810630808378   16    7    7    5
 -0.004509397323890938   16    7    7    7
 -0.0007668650895859389   16    7    8    1
 -0.0009604085636371824   16    7    8    2
 -0.01535165148967688   16    7    8    3
 0.001148135092783758   16    7    8    4
 -0.004749328446093955   16    7    8    5
 -0.01308635268347963   16    7    8    7
 -0.004640294732331665   16    7    8    8
 0.002110152055822174   16    7    9    6
 -0.01053363312255111   16    7    9    9
 0.0008683499917288748   16    7   10    6
 0.005062389091991523   16    7   10    9
 -0.01025309810278963   16    7   10   10
 0.001123691540345202   16    7   11    1
 0.003825302893288328   16    7   11    2
 0.001399438643120941   16    7   11    3
 0.01298452455218406   16    7   11    4
 0.00769779210254554   16    7   11    5
 -1.179056286739619e-15   16    7   11    6
 0.0008904871765323878   16    7   11    7
 -0.003522482218679459   16    7   11    8
 -0.005400682107754856   16    7   11   11
 0.000499240346019397   16    7   12    1
 -0.001827250761718623   16    7   12    2
 -0.0009932903781778603   16    7   12    3
 0.00262130725785721   16    7   12    4
 -0.008212193393768432   16    7   12    5
 -1.334642441485834e-15   16    7   12    6
 -0.003426406766987738   16    7   12    7
 0.01452919231385265   16    7   12    8
 -0.01011567324720521   16    7   12   11
 -0.0131465246099569   16    7   12   12
 0.0008853568386032442   16    7   13    1
 -0.0003448858067461058   16    7   13    2
 -0.003676668083344733   16    7   13    3
 0.008286192396212267   16    7   13    4
 0.01406759941068617   16    7   13    5
 -2.838963677370485e-15   16    7   13    6
 -0.004064097905558357   16    7   13    7
 0.01237479935712223   16    7   13    8
 0.01916644509540044   16    7   13   11
 0.004506509539711514   16    7   13   12
 -0.0002773082698870652   16    7   13   13
 -1.162346010458896e-15   16    7   14    1
 4.51659409828767e-15   16    7   14    2
 1.049628530081574e-15   16    7   14    3
 -1.454683410291323e-14   16    7   14    4
 -9.732656533739336e-15   16    7   14    5
 -0.008629842197512734   16    7   14    6
 -1.138448171884528e-15   16    7   14    7
 6.222102084152775e-15   16    7   14    8
 0.0006648327662069441   16    7   14    9
 -0.001272764160329823   16    7   14   10
 -2.462665494850475e-14   16    7   14   11
 7.823562162616574e-15   16    7   14   12
 -2.495057317551505e-14   16    7   14   13
 -0.02064229906537306   16    7   14   14
 -0.0004407740562820544   16    7   15    1
 0.004419629451721935   16    7   15    2
 -0.001336634511281035   16    7   15    3
 -0.006559923596070864   16    7   15    4
 -0.002757933931842295   16    7   15    5
 1.17748488507499e-14   16    7   15    6
 -0.003608695399971921   16    7   15    7
 0.01035480528730894   16    7   15    8
 1.518294034885517e-15   16    7   15   10
 -0.01093134498255271   16    7   15   11
 0.008423056618976214   16    7   15   12
 -0.007935633201764981   16    7   15   13
 1.80142107115001e-14   16    7   15   14
 -0.009653595033174702   16    7   15   15
 -0.001729651501053237   16    7   16    1
 -0.0002423101490051524   16    7   16    2
 0.0006946748320660885   16    7   16    3
 -3.781567825435368e-05   16    7   16    4
 -0.001398729267057985   16    7   16    5
 0.01900661971804621   16    7   16    7
 0.1633693816479599   16    8    1    1
 1.6006242309725e-05   16    8    2    1
 0.0556761819698291   16    8    2    2
 -0.002124544411490671   16    8    3    1
 0.004903952869163503   16    8    3    2
 0.09074630248994751   16    8    3    3
 0.002462259901223897   16    8    4    1
 0.005821671730597439   16    8    4    2
 0.00637311834511675   16    8    4    3
 0.04248724794286614   16    8    4    4
 -7.839156041547134e-05   16    8    5    1
 -0.0008796119719650901   16    8    5    2
 -0.00395481016690639   16    8    5    3
 0.0004267603863297594   16    8    5    4
 0.05270532803154333   16    8    5    5
 3.261269614969042e-15   16    8    6    5
 -0.001277127895754128   16    8    6    6
 -0.001255480084549558   16    8    7    1
 0.002241401106762182   16    8    7    2
 -0.03917909834544319   16    8    7    3
 -0.00180087689662028   16    8    7    4
 0.000653180396807965   16    8    7    5
 -1.067435601475924e-15   16    8    7    6
 0.06561396997963727   16    8    7    7
 -3.955186647139405e-05   16    8    8    1
 0.001318244546724651   16    8    8    2
 -0.002165020817099438   16    8    8    3
 0.001541318794101266   16    8    8    4
 -0.003525981267683623   16    8    8    5
 0.002090902713283683   16    8    8    7
 0.03507022127423266   16    8    8    8
 -1.463007924048263e-15   16    8    9    5
 0.02386226864064359   16    8    9    6
 0.08645636908239315   16    8    9    9
 -1.308582475236032e-15   16    8   10    5
 0.008988860333367519   16    8   10    6
 -1.804302837553672e-05   16    8   10    9
 0.09181679711450022   16    8   10   10
 0.0001491349341230523   16    8   11    1
 0.001257555727657164   16    8   11    2
 -0.006979055120431961   16    8   11    3
 -0.00326733265458284   16    8   11    4
 -0.0565169246076314   16    8   11    5
 -4.88808883803398e-15   16    8   11    6
 -0.002089221769367479   16    8   11    7
 0.005054744833022411   16    8   11    8
 -3.176333900599036e-15   16    8   11   10
 0.03616323398007222   16    8   11   11
 -0.0001149831378639282   16    8   12    1
 0.004105050993707614   16    8   12    2
 0.01417018452020023   16    8   12    3
 0.02548024422839085   16    8   12    4
 -0.02257852154292472   16    8   12    5
 -3.726251110986778e-15   16    8   12    6
 0.0240764782784806   16    8   12    7
 0.003084140631529439   16    8   12    8
 -3.526518029271598e-15   16    8   12   10
 0.01652691223519569   16    8   12   11
 0.02522201071860939   16    8   12   12
 -0.003558480345565568   16    8   13    1
 -0.001868993880152769   16    8   13    2
 0.01648520554593863   16    8   13    3
 -0.04125465030589134   16    8   13    4
 -0.005153204297696707   16    8   13    5
 -4.599907627292958e-15   16    8   13    6
 0.02021856391415314   16    8   13    7
 0.001077494386376584   16    8   13    8
 -2.963934531412738e-15   16    8   13    9
 -8.933091715405196e-15   16    8   13   10
 0.003366661092942244   16    8   13   11
 -0.0004801520936276201   16    8   13   12
 0.028513126451747   16    8   13   13
 -3.049547394634306e-15   16    8   14    1
 7.049593878333809e-15   16    8   14    2
 8.838491006104066e-15   16    8   14    3
 3.585745024646635e-14   16    8   14    4
 4.264116979380116e-14   16    8   14    5
 -0.007785844504827955   16    8   14    6
 1.908713438302069e-14   16    8   14    7
 1.104428942192578e-14   16    8   14    8
 -0.006002478382333365   16    8   14    9
 -0.01784291989411888   16    8   14   10
 -2.890024616471623e-14   16    8   14   11
 9.80098415939532e-15   16    8   14   12
 -2.336789676934047e-14   16    8   14   13
 -0.006779297139732494   16    8   14   14
 -0.001167038160041065   16    8   15    1
 0.006677014801813079   16    8   15    2
 0.01285295042909378   16    8   15    3
 0.01335342352954601   16    8   15    4
 0.0215174526696007   16    8   15    5
 1.157264070852866e-14   16    8   15    6
 0.02346322781471006   16    8   15    7
 0.006643842740609949   16    8   15    8
 8.254069852105051e-15   16    8   15    9
 2.435210295732311e-14   16    8   15   10
 -0.01410118108011101   16    8   15   11
 0.01378492394800166   16    8   15   12
 -0.003782898638139529   16    8   15   13
 3.97149432262259e-14   16    8   15   14
 0.02013724785704001   16    8   15   15
 8.962528318855112e-05   16    8   16    1
 -0.0003523629061886841   16    8   16    2
 -0.001625722088605622   16    8   16    3
 -0.00530113075850954   16    8   16    4
 0.00338533678104041   16    8   16    5
 2.140178932367785e-15   16    8   16    6
 -0.006654580794104336   16    8   16    7
 0.06551663476939602   16    8   16    8
 4.806756158249237e-05   16    9    6    1
 0.0009781432257115641   16    9    6    2
 0.0001671341706728338   16    9    6    3
 0.0002129734151635296   16    9    6    4
 -0.001281769978928626   16    9    6    5
 0.0003680892642374617   16    9    7    6
 0.003020376251167512   16    9    8    6
 0.0003278406948057211   16    9    9    1
 -0.000711902639431558   16    9    9    2
 -0.0005149605421090938   16    9    9    3
 -0.001695892305556263   16    9    9    4
 0.001326087031046817   16    9    9    5
 -0.001008301525963065   16    9    9    7
 0.007972708191887848   16    9    9    8
 -0.0003589507295688635   16    9   10    1
 -0.0005460409608806285   16    9   10    2
 -0.002200455338689424   16    9   10    3
 -0.0009740362352673387   16    9   10    4
 -0.009958452858890033   16    9   10    5
 0.0006486732483765282   16    9   10    7
 0.0001638311488951347   16    9   10    8
 0.0003381222609025619   16    9   11    6
 -0.0001605017766282666   16    9   11    9
 0.008227198660843635   16    9   11   10
 -0.00165988971965147   16    9   12    6
 -0.0008682849601234707   16    9   12    9
 0.002111749404806978   16    9   12   10
 0.0001902661203933024   16    9   13    6
 0.0007599246148736556   16    9   13    9
 0.000969809809830375   16    9   13   10
 -1.232378711952267e-15   16    9   13   11
 3.86584605070539e-05   16    9   14    1
 0.0004572698340686087   16    9   14    2
 0.001221149259961426   16    9   14    3
 0.001488906564555182   16    9   14    4
 0.000757945538441395   16    9   14    5
 0.0008440455099153509   16    9   14    7
 0.0007264378593539749   16    9   14    8
 -7.041064379045608e-15   16    9   14   10
 -0.002288791996299624   16    9   14   11
 -0.001891137564606947   16    9   14   12
 -0.0002354028014254239   16    9   14   13
 6.540803846316934e-15   16    9   14   14
 -1.674094707118755e-15   16    9   15    3
 -2.024419049249073e-15   16    9   15    4
 -1.01978502561085e-15   16    9   15    5
 -5.070631408811112e-05   16    9   15    6
 -1.146558981466571e-15   16    9   15    7
 -1.03054547291897e-15   16    9   15    8
 4.502681647082196e-05   16    9   15    9
 -0.004049394599646024   16    9   15   10
 3.314907304263957e-15   16    9   15   11
 2.657183543507912e-15   16    9   15   12
 0.0005997806983845787   16    9   15   14
 -1.748378015860843e-15   16    9   15   15
 0.001901487976098058   16    9   16    6
 0.01128530839745087   16    9   16    9
 -1.314798741505232e-15   16   10    1    1
 1.358273394561045e-15   16   10    2    2
 -6.24418169377623e-05   16   10    6    1
 -0.0004316395154283605   16   10    6    2
 -0.0005045416438455403   16   10    6    3
 -0.0001391255707716765   16   10    6    4
 -0.002927941280650629   16   10    6    5
 0.0003140534409034293   16   10    7    6
 -1.037054563655688e-15   16   10    8    5
 0.001136418922912007   16   10    8    6
 -0.000423564903528107   16   10    9    1
 -0.000640091719920478   16   10    9    2
 -0.003853892085579705   16   10    9    3
 -0.001564767903028709   16   10    9    4
 -0.01118526878920043   16   10    9    5
 0.001125283679055266   16   10    9    7
 -6.993146620057943e-05   16   10    9    8
 0.0004677204973032601   16   10   10    1
 -0.000745647779886788   16   10   10    2
 -0.000885611031634264   16   10   10    3
 -0.002721142889637277   16   10   10    4
 0.0006575721874117669   16   10   10    5
 -0.001436930552137577   16   10   10    7
 0.01044271469581426   16   10   10    8
 1.102000013708475e-15   16   10   10    9
 0.002390964546408002   16   10   11    6
 0.009726653579995356   16   10   11    9
 0.0006564279942049236   16   10   11   10
 0.0007797666363956566   16   10   12    6
 0.002494157225062498   16   10   12    9
 -0.001507552341078827   16   10   12   10
 0.0002861855469753937   16   10   13    6
 -1.040044223241755e-15   16   10   13    8
 0.001073190143428968   16   10   13    9
 0.001288691770557161   16   10   13   10
 -1.220603291762417e-15   16   10   13   13
 -5.178732142928423e-05   16   10   14    1
 0.0004922972656721701   16   10   14    2
 0.001028951995258547   16   10   14    3
 0.001067411901122315   16   10   14    4
 0.000570336446591409   16   10   14    5
 -2.453354819531456e-15   16   10   14    6
 0.000247662971731351   16   10   14    7
 -0.001774059136192325   16   10   14    8
 -8.568463217318683e-15   16   10   14    9
 -0.0006609200698798548   16   10   14   11
 0.0004484436271588002   16   10   14   12
 -0.0004980808072719107   16   10   14   13
 2.331632999028959e-15   16   10   14   14
 -1.169883497666579e-15   16   10   15    2
 -1.24983487541869e-15   16   10   15    3
 -1.315820528204874e-15   16   10   15    4
 -0.001014763583127594   16   10   15    6
 2.36513341150499e-15   16   10   15    8
 -0.004581778438889877   16   10   15    9
 -0.0004106641996372316   16   10   15   10
 0.0009359641700401369   16   10   15   14
 -2.037866733280647e-15   16   10   15   15
 0.001112373698848665   16   10   16    6
 -0.0006606613834979236   16   10   16    9
 0.01425132551186276   16   10   16   10
 -0.1751913351364044   16   11    1    1
 -0.0001873012906982342   16   11    2    1
 0.1022626304243963   16   11    2    2
 0.003700324515220771   16   11    3    1
 0.0044494724567365   16   11    3    2
 -0.002207845665229274   16   11    3    3
 -0.001252323312671938   16   11    4    1
 0.007100244525775896   16   11    4    2
 0.08355095281351675   16   11    4    3
 0.0003541550193830035   16   11    4    4
 -0.001100601307223528   16   11    5    1
 -0.0006153498728081548   16   11    5    2
 -0.0008805201381065742   16   11    5    3
 0.01650785741600739   16   11    5    4
 -0.006475146779020738   16   11    5    5
 -1.015237211274896e-15   16   11    6    2
 -1.25564636232907e-15   16   11    6    4
 -6.606350833782499e-15   16   11    6    5
 0.04949084592342156   16   11    6    6
 -0.002136187574990687   16   11    7    1
 0.01378969450521129   16   11    7    2
 -4.070939387449813e-05   16   11    7    3
 0.07994229674567625   16   11    7    4
 0.01139501818974953   16   11    7    5
 0.01535164882298297   16   11    7    7
 -0.000910538419192132   16   11    8    1
 0.003259872995692287   16   11    8    2
 -0.009951471871384511   16   11    8    3
 -0.004226521762918602   16   11    8    4
 -0.1121422233374743   16   11    8    5
 -8.931196980830344e-15   16   11    8    6
 -0.002093272574825715   16   11    8    7
 0.01134731581102362   16   11    8    8
 -0.001736679239158955   16   11    9    6
 0.002147195144727867   16   11    9    9
 0.02297617991432675   16   11   10    6
 -1.471471632311012e-15   16   11   10    8
 0.0958767285443182   16   11   10    9
 0.008834516115782912   16   11   10   10
 0.0004635405056526974   16   11   11    1
 -0.009708877659741627   16   11   11    2
 0.008436887651648311   16   11   11    3
 0.006969530256217998   16   11   11    4
 -0.003090085404388015   16   11   11    5
 1.161153083239676e-15   16   11   11    6
 -0.002282726436157807   16   11   11    7
 -0.01397601193173333   16   11   11    8
 -3.960556461101205e-15   16   11   11    9
 0.02959147427655092   16   11   11   11
 3.714213048369003e-05   16   11   12    1
 0.007660896974694224   16   11   12    2
 0.01048897495833489   16   11   12    3
 0.00995312928211123   16   11   12    4
 -0.01192824409392571   16   11   12    5
 1.544329413462187e-15   16   11   12    6
 -0.0004271421642404246   16   11   12    7
 0.006980253861171185   16   11   12    8
 -3.821825313827678e-15   16   11   12    9
 -0.02736896413381769   16   11   12   11
 0.08080026816842972   16   11   12   12
 0.002210830926143851   16   11   13    1
 0.001780944552696907   16   11   13    2
 -0.02043189068858518   16   11   13    3
 0.003328810516895001   16   11   13    4
 0.004449411926852784   16   11   13    5
 3.759929594699631e-15   16   11   13    6
 0.01966452113544344   16   11   13    7
 -0.0003395552678431366   16   11   13    8
 -8.828979232799578e-15   16   11   13    9
 0.01071455329232414   16   11   13   11
 -0.0115366896235664   16   11   13   12
 -0.09920134744851057   16   11   13   13
 -1.967838410275692e-14   16   11   14    2
 3.344854737238204e-14   16   11   14    3
 1.288128944704928e-14   16   11   14    4
 -2.448363798024827e-15   16   11   14    5
 0.008038542844539661   16   11   14    6
 -3.847259297242608e-14   16   11   14    7
 7.546160085436301e-15   16   11   14    8
 -0.01715115237425952   16   11   14    9
 -0.0009588670283572561   16   11   14   10
 1.785713168762488e-14   16   11   14   11
 6.559489555681778e-14   16   11   14   12
 1.713428862348522e-14   16   11   14   13
 0.05197472743165302   16   11   14   14
 -0.00166169855894708   16   11   15    1
 -0.01144971300690884   16   11   15    2
 0.0179313713690919   16   11   15    3
 0.01120906877267463   16   11   15    4
 -0.003527682309411479   16   11   15    5
 -1.044577672371128e-14   16   11   15    6
 -0.01892499682715057   16   11   15    7
 0.005928447199563312   16   11   15    8
 2.36191796771772e-14   16   11   15    9
 0.01006340346073561   16   11   15   11
 0.04075865724242422   16   11   15   12
 -0.0428734490816416   16   11   15   13
 -1.175483267161301e-14   16   11   15   14
 0.04175887567198958   16   11   15   15
 -0.00137110143507284   16   11   16    1
 -0.0008625531343865698   16   11   16    2
 -0.003365938956603289   16   11   16    3
 0.001092631275314172   16   11   16    4
 -0.02713368052467998   16   11   16    5
 -1.281537358091373e-15   16   11   16    6
 0.009783011582667275   16   11   16    7
 0.006260658629114354   16   11   16    8
 0.1091013906830688   16   11   16   11
 -0.07858187844690556   16   12    1    1
 -6.756166133807112e-05   16   12    2    1
 0.07175973545334714   16   12    2    2
 0.001547293416382719   16   12    3    1
 -0.003249216255549593   16   12    3    2
 -0.01000255517027186   16   12    3    3
 -0.0006005736054187867   16   12    4    1
 -0.006579430483578917   16   12    4    2
 0.02904650615863286   16   12    4    3
 -0.01147614904118886   16   12    4    4
 -0.0009264604159526461   16   12    5    1
 -0.008509637467826897   16   12    5    2
 -0.03133719207144143   16   12    5    3
 -0.02467355393669729   16   12    5    4
 -0.008205954032701947   16   12    5    5
 -1.62468197562383e-15   16   12    6    2
 -1.197887496965334e-15   16   12    6    3
 -5.733257264501606e-15   16   12    6    5
 0.07436197950767379   16   12    6    6
 -0.0007326998632831076   16   12    7    1
 -0.0001627084603052712   16   12    7    2
 -0.0009682709561784306   16   12    7    3
 0.02690439387312114   16   12    7    4
 -0.01857146927762359   16   12    7    5
 -0.004354632553623355   16   12    7    7
 -0.0007862145496789624   16   12    8    1
 0.01023815541381901   16   12    8    2
 0.0204891256386141   16   12    8    3
 0.04122398113796807   16   12    8    4
 -0.04652931836947711   16   12    8    5
 -6.283500943693179e-15   16   12    8    6
 0.029251414852876   16   12    8    7
 0.004161741713494049   16   12    8    8
 1.442590149885783e-15   16   12    9    5
 -0.01473315936655927   16   12    9    6
 -0.003690531016369934   16   12    9    9
 0.007724968777026889   16   12   10    6
 0.03704871931060052   16   12   10    9
 -0.003130581487936759   16   12   10   10
 0.0006904872267953843   16   12   11    1
 -0.005588563875353831   16   12   11    2
 0.006927641272973627   16   12   11    3
 -0.007332832193909349   16   12   11    4
 -0.009671698096718284   16   12   11    5
 5.931415929371869e-15   16   12   11    6
 -0.02358350588896435   16   12   11    7
 0.003092341103804924   16   12   11    8
 -1.959832123116901e-15   16   12   11    9
 2.239991949717004e-15   16   12   11   10
 0.003215836675840788   16   12   11   11
 0.0002288359134454159   16   12   12    1
 0.008090816899408451   16   12   12    2
 0.004257869456211631   16   12   12    3
 -0.001418994615648348   16   12   12    4
 0.02015097905687184   16   12   12    5
 7.527728380788811e-15   16   12   12    6
 -0.009218948489907935   16   12   12    7
 -0.03122140980973529   16   12   12    8
 -2.061151864625261e-15   16   12   12    9
 2.261056528883929e-15   16   12   12   10
 0.01123127595023827   16   12   12   11
 0.07673205504975278   16   12   12   12
 0.001117896488185796   16   12   13    1
 0.001380194220400931   16   12   13    2
 -0.008487044679356829   16   12   13    3
 -0.0004015450726038611   16   12   13    4
 0.001559279583001435   16   12   13    5
 1.667684474430647e-14   16   12   13    6
 0.00360585417770148   16   12   13    7
 0.005106643136831953   16   12   13    8
 -4.158252475260403e-15   16   12   13    9
 4.928999778461134e-15   16   12   13   10
 -0.007422535181875044   16   12   13   11
 0.002419547842139525   16   12   13   12
 -0.04571451874364379   16   12   13   13
 1.075763108848886e-15   16   12   14    1
 -1.376708740179655e-14   16   12   14    2
 1.227477543183346e-14   16   12   14    3
 1.339247118089503e-14   16   12   14    4
 5.923080836766565e-15   16   12   14    5
 0.03385022742406119   16   12   14    6
 -2.754743736997034e-15   16   12   14    7
 -7.716983393114091e-15   16   12   14    8
 -0.0080800278510894   16   12   14    9
 0.01094800815768393   16   12   14   10
 9.208327155368806e-14   16   12   14   11
 -2.011731686533931e-14   16   12   14   12
 3.962982646082454e-14   16   12   14   13
 0.08700711504087973   16   12   14   14
 -0.0008804714469073751   16   12   15    1
 -0.0149812590772253   16   12   15    2
 0.008544791625242134   16   12   15    3
 0.011175711613252   16   12   15    4
 0.007043455108841668   16   12   15    5
 -4.564587641669439e-14   16   12   15    6
 -0.0004547615042671916   16   12   15    7
 -0.00680675009638283   16   12   15    8
 1.114358585178117e-14   16   12   15    9
 -1.353579890477407e-14   16   12   15   10
 0.05356119486633006   16   12   15   11
 -0.01382712936975258   16   12   15   12
 -0.01756620089385314   16   12   15   13
 -6.3980265825339e-14   16   12   15   14
 0.03173080877360595   16   12   15   15
 -0.001336532088214801   16   12   16    1
 0.006411559676020879   16   12   16    2
 0.0003543933256614407   16   12   16    3
 -0.00510328357102428   16   12   16    4
 -0.01290892539651447   16   12   16    5
 -0.009129136992908725   16   12   16    7
 0.002067768195410382   16   12   16    8
 0.0298697793210226   16   12   16   11
 0.05798722217373994   16   12   16   12
 -0.03286385599208824   16   13    1    1
 -6.830748242919868e-05   16   13    2    1
 0.005141798339460589   16   13    2    2
 0.0006776801460531393   16   13    3    1
 0.001731052248161922   16   13    3    2
 -0.00105002744836445   16   13    3    3
 6.883940223134774e-05   16   13    4    1
 0.003012542031041376   16   13    4    2
 0.01597281012386162   16   13    4    3
 -0.002756468751778822   16   13    4    4
 0.007065021051304377   16   13    5    1
 0.002055084537230782   16   13    5    2
 0.05342613255592184   16   13    5    3
 -0.0315918327346357   16   13    5    4
 0.001195082455774404   16   13    5    5
 -2.797441229682806e-15   16   13    6    2
 3.806239602185228e-15   16   13    6    3
 -5.047974359897169e-15   16   13    6    4
 1.071328323516335e-15   16   13    6    5
 -0.006214730643156431   16   13    6    6
 -0.001386930193078948   16   13    7    1
 0.002695433278548469   16   13    7    2
 -0.004493959125952451   16   13    7    3
 0.02074353122569735   16   13    7    4
 0.02755826663688395   16   13    7    5
 1.388797542023853e-15   16   13    7    6
 -0.006045122231166707   16   13    7    7
 0.006086139803116281   16   13    8    1
 -0.004828196222090963   16   13    8    2
 0.02396716239927516   16   13    8    3
 -0.05902940621930083   16   13    8    4
 -0.0136465445586463   16   13    8    5
 -3.226463070796518e-15   16   13    8    6
 0.02030077518942139   16   13    8    7
 0.001600971176226735   16   13    8    8
 1.005479148306127e-15   16   13    9    5
 0.001859029289329717   16   13    9    6
 -0.002063629798707558   16   13    9    9
 0.003434256114100945   16   13   10    6
 -1.986848595958053e-15   16   13   10    8
 0.01545373453484873   16   13   10    9
 -0.001422699041564971   16   13   10   10
 -0.007165504875300645   16   13   11    1
 -0.003241506883566224   16   13   11    2
 -0.005734232736478134   16   13   11    3
 -0.01365656949861115   16   13   11    4
 0.006928418770419732   16   13   11    5
 0.02963244700386749   16   13   11    7
 -0.001626910576937306   16   13   11    8
 -1.669485838803849e-15   16   13   11    9
 0.01153618538444528   16   13   11   11
 -0.003060538812895432   16   13   12    1
 -0.0004136980292118106   16   13   12    2
 -0.001709067409128055   16   13   12    3
 -0.006429971893117063   16   13   12    4
 -0.006351025249211858   16   13   12    5
 2.762378922793238e-15   16   13   12    6
 0.01107239151790572   16   13   12    7
 0.007551519491235379   16   13   12    8
 -1.731690723203486e-15   16   13   12    9
 -0.008692134002243359   16   13   12   11
 0.001401870681239357   16   13   12   12
 -0.001281370657788448   16   13   13    1
 -0.0001150118997257208   16   13   13    2
 -0.004742342541016433   16   13   13    3
 -0.0016265168615551   16   13   13    4
 -0.02993088529217803   16   13   13    5
 -5.532856756825557e-15   16   13   13    6
 0.01212957049824247   16   13   13    7
 -0.03489321357206353   16   13   13    8
 -1.748577965972739e-15   16   13   13    9
 -1.601489640123835e-15   16   13   13   10
 -0.04534097859089577   16   13   13   11
 -0.02513227509307266   16   13   13   12
 -0.03839992561249093   16   13   13   13
 7.429047296847149e-15   16   13   14    1
 8.661430175638619e-15   16   13   14    3
 1.327357300309455e-14   16   13   14    4
 -1.415218405030894e-15   16   13   14    5
 -0.004865022466034138   16   13   14    6
 -3.408141936690926e-14   16   13   14    7
 -0.003054106185333201   16   13   14    9
 -0.002542252723194843   16   13   14   10
 -7.001369984614972e-15   16   13   14   11
 2.924910161700126e-14   16   13   14   12
 5.058424347833999e-14   16   13   14   13
 -0.007060572368902482   16   13   14   14
 0.003403139557933318   16   13   15    1
 0.001116350146029987   16   13   15    2
 0.00451866984070102   16   13   15    3
 0.006623678617955869   16   13   15    4
 -0.01384392495004533   16   13   15    5
 5.342687135040182e-15   16   13   15    6
 -0.0140111046683427   16   13   15    7
 -0.009402775648515089   16   13   15    8
 4.812850222198062e-15   16   13   15    9
 3.34394082227189e-15   16   13   15   10
 -0.02205186097795664   16   13   15   11
 0.007745910287691552   16   13   15   12
 0.01556534368081492   16   13   15   13
 1.230892889776786e-14   16   13   15   14
 0.008598962048089855   16   13   15   15
 0.01163384664855276   16   13   16    1
 -0.002020682176368294   16   13   16    2
 0.0004702797566085479   16   13   16    3
 0.006332144833639449   16   13   16    4
 -0.004786019640811055   16   13   16    5
 1.458103287044524e-15   16   13   16    6
 -0.01200533074367899   16   13   16    7
 -0.001865311176642294   16   13   16    8
 0.01349443861267633   16   13   16   11
 -0.007717884334408481   16   13   16   12
 0.06973531777781432   16   13   16   13
 1.850151384002715e-13   16   14    1    1
 -5.985143488220827e-14   16   14    2    2
 -3.673432568867215e-15   16   14    3    1
 -3.304396923392743e-15   16   14    3    2
 2.284784056250033e-14   16   14    3    3
 1.10873875699112e-15   16   14    4    1
 -3.676394468137219e-15   16   14    4    2
 -7.528292496156766e-14   16   14    4    3
 1.58789493871691e-14   16   14    4    4
 -3.650783449512277e-15   16   14    5    1
 -7.341398195894919e-15   16   14    5    2
 -3.991814523189689e-14   16   14    5    3
 -1.656826918424641e-14   16   14    5    4
 2.447562578886499e-14   16   14    5    5
 -1.968855062957531e-06   16   14    6    1
 -0.006023463638989849   16   14    6    2
 -0.0006991184642202549   16   14    6    3
 -0.001473038966254057   16   14    6    4
 0.003267914013878183   16   14    6    5
 -2.254161503831423e-14   16   14    6    6
 2.443032069870687e-15   16   14    7    1
 -8.364341951617298e-15   16   14    7    2
 -2.734153976013271e-15   16   14    7    3
 -7.487037898612453e-14   16   14    7    4
 -1.927891692248836e-14   16   14    7    5
 -0.001826972338394503   16   14    7    6
 8.889179590222552e-15   16   14    7    7
 -3.259551899481678e-15   16   14    8    1
 8.133785166363679e-15   16   14    8    2
 9.91261149095116e-15   16   14    8    3
 4.108989199355355e-14   16   14    8    4
 9.688970028437852e-14   16   14    8    5
 -0.004254497292036781   16   14    8    6
 7.195733666475063e-15   16   14    8    7
 9.72913355840285e-15   16   14    8    8
 4.855227261169896e-06   16   14    9    1
 0.001519262903617768   16   14    9    2
 -0.0001538403877036716   16   14    9    3
 -2.983859674332759e-05   16   14    9    4
 0.002318763445945486   16   14    9    5
 3.51711755477301e-15   16   14    9    6
 -0.0003454410851430715   16   14    9    7
 -0.0007078165550932092   16   14    9    8
 1.99798186402546e-14   16   14    9    9
 -6.517619862115889e-06   16   14   10    1
 0.0005205921533106988   16   14   10    2
 -0.0003146714315050464   16   14   10    3
 -0.0009539679434151031   16   14   10    4
 0.001754755920781063   16   14   10    5
 -1.792097757506341e-14   16   14   10    6
 -0.0008729863352364299   16   14   10    7
 -0.003453753501756307   16   14   10    8
 -8.122408514103976e-14   16   14   10    9
 1.637186559976598e-14   16   14   10   10
 4.612577168459037e-15   16   14   11    1
 1.713754513375403e-15   16   14   11    2
 9.609878279422138e-15   16   14   11    3
 -4.053232464112218e-15   16   14   11    4
 -6.154493692922822e-15   16   14   11    5
 0.0005304712766272059   16   14   11    6
 -2.263914781759478e-14   16   14   11    7
 1.467460371001229e-14   16   14   11    8
 -0.001946833049923751   16   14   11    9
 -0.0002160062284124391   16   14   11   10
 -9.025157520639466e-15   16   14   11   11
 2.22115920845409e-15   16   14   12    1
 3.268649089597173e-15   16   14   12    3
 1.117147634933198e-15   16   14   12    4
 8.328111152615798e-15   16   14   12    5
 0.008399025103277882   16   14   12    6
 -1.330703879823544e-15   16   14   12    7
 -6.498296121804398e-15   16   14   12    8
 -0.002306730799553848   16   14   12    9
 0.00048635739983722   16   14   12   10
 4.750625317992975e-14   16   14   12   11
 -5.268058113317886e-14   16   14   12   12
 -1.241370359146979e-15   16   14   13    1
 1.920673729631245e-15   16   14   13    2
 1.956638338979112e-14   16   14   13    3
 -8.013111635587199e-15   16   14   13    4
 3.912636902196426e-15   16   14   13    5
 -2.559904560765494e-05   16   14   13    6
 -2.164499934988719e-14   16   14   13    7
 5.392823862447286e-15   16   14   13    8
 -0.0004643372556225822   16   14   13    9
 -0.000231207188238283   16   14   13   10
 3.162897347079341e-15   16   14   13   11
 2.044715000247657e-14   16   14   13   12
 1.107226690600092e-13   16   14   13   13
 -4.330214683822449e-07   16   14   14    1
 0.000159269916589305   16   14   14    2
 -0.002169819461611309   16   14   14    3
 -0.004119175815259331   16   14   14    4
 0.00375149644543287   16   14   14    5
 -1.131080045870793e-14   16   14   14    6
 -0.003867973804033807   16   14   14    7
 -0.00560204387666138   16   14   14    8
 1.793702074155348e-14   16   14   14    9
 0.004947307388596227   16   14   14   11
 0.009445819876285278   16   14   14   12
 -0.0006637384433530132   16   14   14   13
 -4.844717332728403e-14   16   14   14   14
 -1.025829799289865e-15   16   14   15    1
 -6.399622980688144e-15   16   14   15    2
 -1.610332534065404e-14   16   14   15    3
 -1.681979255196192e-15   16   14   15    4
 9.531742255733967e-15   16   14   15    5
 -0.0009501142646158278   16   14   15    6
 3.045783864457021e-14   16   14   15    7
 1.324630514063476e-15   16   14   15    8
 0.001216382866801525   16   14   15    9
 0.0007979511214627225   16   14   15   10
 3.284508065892597e-15   16   14   15   11
 -3.711337229845775e-14   16   14   15   12
 3.362971002826624e-14   16   14   15   13
 0.002345233366158169   16   14   15   14
 -2.978944353598257e-14   16   14   15   15
 -6.515671869959117e-15   16   14   16    1
 5.974482876537399e-15   16   14   16    2
 4.442827537219833e-15   16   14   16    3
 6.639626227936348e-15   16   14   16    4
 1.772858560429562e-14   16   14   16    5
 0.003353087526901614   16   14   16    6
 -6.041517326614097e-15   16   14   16    7
 5.937692778615465e-15   16   14   16    8
 -0.001691080297130051   16   14   16    9
 -0.002452693618540419   16   14   16   10
 -9.056351885418365e-14   16   14   16   11
 -9.665458838083459e-15   16   14   16   12
 -4.010152751784018e-14   16   14   16   13
 0.005790134139721383   16   14   16   14
 0.09091589100557691   16   15    1    1
 7.538832995125926e-05   16   15    2    1
 -0.02345033853231216   16   15    2    2
 -0.001762495826150439   16   15    3    1
 -0.001608609995572601   16   15    3    2
 0.01191360057584851   16   15    3    3
 0.0006516356282008219   16   15    4    1
 -0.001775203597749228   16   15    4    2
 -0.03690648647404898   16   15    4    3
 0.006138281107843384   16   15    4    4
 -0.000225526540383103   16   15    5    1
 -0.006891569245510562   16   15    5    2
 -0.01480066931608963   16   15    5    3
 -0.02621643723509424   16   15    5    4
 0.01434811710953337   16   15    5    5
 8.180671685465599e-15   16   15    6    2
 1.58712705907163e-15   16   15    6    4
 -1.762816575849068e-15   16   15    6    5
 -0.003778171689826726   16   15    6    6
 0.0009894276788892844   16   15    7    1
 -0.00361312674808846   16   15    7    2
 -0.003701899265617247   16   15    7    3
 -0.03545121922380475   16   15    7    4
 -0.006802744780365845   16   15    7    5
 2.514018362859433e-15   16   15    7    6
 0.00221724377296049   16   15    7    7
 -0.0001476758517824975   16   15    8    1
 0.00676691411931779   16   15    8    2
 0.01847935433304515   16   15    8    3
 0.01520197992119693   16   15    8    4
 0.04754026448301819   16   15    8    5
 8.834263140267614e-15   16   15    8    6
 0.01736096715264451   16   15    8    7
 0.006969218962047011   16   15    8    8
 -2.118247348718412e-15   16   15    9    2
 -3.17905926195298e-15   16   15    9    5
 0.0007128479812729346   16   15    9    6
 0.01091758850944029   16   15    9    9
 1.14632795179797e-15   16   15   10    4
 -2.079196034041011e-15   16   15   10    5
 -0.007815123287381699   16   15   10    6
 5.038646821510888e-15   16   15   10    8
 -0.03934688824152488   16   15   10    9
 0.009269998926661768   16   15   10   10
 0.000646668256039064   16   15   11    1
 -0.0004324078098977635   16   15   11    2
 0.006342319674898709   16   15   11    3
 -0.008295686717827981   16   15   11    4
 -0.004531300794308444   16   15   11    5
 -0.009405111808435763   16   15   11    7
 0.01015906751615201   16   15   11    8
 4.069019110407526e-15   16   15   11    9
 -0.002840276563487474   16   15   11   11
 0.0003341628751739598   16   15   12    1
 -0.0006710308635578592   16   15   12    2
 0.0031159939128388   16   15   12    3
 -0.0006552264620702582   16   15   12    4
 0.007164193686496213   16   15   12    5
 -1.060790786314869e-14   16   15   12    6
 0.001727502054997239   16   15   12    7
 -0.007313614311698771   16   15   12    8
 4.479010867204685e-15   16   15   12    9
 0.02794244491254627   16   15   12   11
 -0.01954668473864039   16   15   12   12
 -0.0009713588652873967   16   15   13    1
 0.001194757103312588   16   15   13    2
 0.01007930282553262   16   15   13    3
 -0.004721672187613235   16   15   13    4
 -0.008296904065633671   16   15   13    5
 1.005058974759871e-15   16   15   13    6
 -0.007682179449256194   16   15   13    7
 -0.005562412151214867   16   15   13    8
 4.051340902879767e-15   16   15   13    9
 1.140818356292208e-15   16   15   13   10
 -0.01616383371013418   16   15   13   11
 0.002467183195146147   16   15   13   12
 0.04826324587698055   16   15   13   13
 -8.00654294569216e-15   16   15   14    2
 -1.695596635773297e-14   16   15   14    3
 7.880437745218454e-15   16   15   14    4
 5.439838925151171e-15   16   15   14    5
 0.003253315152831596   16   15   14    6
 2.639767800576981e-14   16   15   14    7
 0.006642733642677735   16   15   14    9
 0.001561064402989828   16   15   14   10
 5.379045720669283e-15   16   15   14   11
 -3.429397196725916e-14   16   15   14   12
 7.01302676997713e-15   16   15   14   13
 -0.004375601072180293   16   15   14   14
 0.0002626403168592031   16   15   15    1
 -0.005041830648227063   16   15   15    2
 -0.009120165308182614   16   15   15    3
 -0.0003714555743946623   16   15   15    4
 0.006153705948380062   16   15   15    5
 -3.032135137229674e-15   16   15   15    6
 0.0113124269457743   16   15   15    7
 -0.008174384432016643   16   15   15    8
 -1.078001607712631e-14   16   15   15    9
 -3.353030029401107e-15   16   15   15   10
 0.01000572513766384   16   15   15   11
 -0.01652650403283001   16   15   15   12
 0.02159127336198485   16   15   15   13
 -1.550080948979913e-14   16   15   15   14
 -0.005896031257988708   16   15   15   15
 -0.0006237396407221467   16   15   16    1
 0.003837510515491735   16   15   16    2
 0.003145828742080718   16   15   16    3
 0.005701590703219752   16   15   16    4
 0.007302263290988212   16   15   16    5
 -3.788783873325669e-15   16   15   16    6
 -0.009653245064700448   16   15   16    7
 0.00405874191073739   16   15   16    8
 2.380429927915843e-15   16   15   16    9
 3.050663454852417e-15   16   15   16   10
 -0.04788137449409501   16   15   16   11
 0.002872238960991835   16   15   16   12
 -0.005935859019636476   16   15   16   13
 5.548298208677375e-14   16   15   16   14
 0.03911825481721879   16   15   16   15
 0.5882045324672953   16   16    1    1
 2.503129924624942e-05   16   16    2    1
 0.3572380286391029   16   16    2    2
 -0.004711013924315214   16   16    3    1
 0.01113059215665176   16   16    3    2
 0.4426780652062901   16   16    3    3
 0.00462228874116899   16   16    4    1
 0.01809391984503158   16   16    4    2
 -0.0005695734823689305   16   16    4    3
 0.3885845691496173   16   16    4    4
 0.0004246266244128645   16   16    5    1
 -0.002948135838341626   16   16    5    2
 0.004898856206199068   16   16    5    3
 0.004902200614983435   16   16    5    4
 0.4097838446947583   16   16    5    5
 1.021256121601642e-14   16   16    6    5
 0.2477902506447736   16   16    6    6
 -0.001645360596131798   16   16    7    1
 0.01043594140713338   16   16    7    2
 -0.04780022951527349   16   16    7    3
 -0.01088426907602537   16   16    7    4
 0.00630096827042405   16   16    7    5
 -2.83774107224615e-15   16   16    7    6
 0.4181559793936535   16   16    7    7
 0.0004078952751074698   16   16    8    1
 0.003941978714196483   16   16    8    2
 -0.006171782108450652   16   16    8    3
 -0.01124419102569892   16   16    8    4
 0.008153670173482933   16   16    8    5
 5.281778740377823e-15   16   16    8    6
 -0.004998086939679891   16   16    8    7
 0.3933255209848475   16   16    8    8
 -3.014921113118885e-15   16   16    9    5
 0.04772083561651749   16   16    9    6
 -1.464185652777243e-15   16   16    9    8
 0.4152111281414953   16   16    9    9
 -1.008753360003997e-15   16   16   10    1
 1.241303102831318e-15   16   16   10    2
 -2.197192001136507e-15   16   16   10    5
 0.02318490995933781   16   16   10    6
 -0.01168198016452595   16   16   10    9
 0.4289082574330118   16   16   10   10
 -0.0001681535055746796   16   16   11    1
 -0.01559754345487168   16   16   11    2
 -0.005870800838062063   16   16   11    3
 0.003778802973215086   16   16   11    4
 -0.05952497032918187   16   16   11    5
 2.350545384529978e-15   16   16   11    6
 0.01058687581927621   16   16   11    7
 0.009010822874924877   16   16   11    8
 -3.798487474976238e-15   16   16   11    9
 -5.400078690797362e-15   16   16   11   10
 0.3801287201471402   16   16   11   11
 -0.0003247300614043865   16   16   12    1
 0.01534372071157143   16   16   12    2
 0.010834453023113   16   16   12    3
 0.01988565193455707   16   16   12    4
 -0.02877756905304065   16   16   12    5
 2.603161055312966e-15   16   16   12    6
 0.02171836921076427   16   16   12    7
 0.01065759110045784   16   16   12    8
 -3.758905976638235e-15   16   16   12    9
 -7.969244400635417e-15   16   16   12   10
 0.03507644752083033   16   16   12   11
 0.3533086890014749   16   16   12   12
 -0.006780830602977476   16   16   13    1
 0.002893654057372954   16   16   13    2
 0.0152550681317072   16   16   13    3
 -0.04002243779843107   16   16   13    4
 -0.007230403589346741   16   16   13    5
 1.530531286573372e-14   16   16   13    6
 0.01731289163784186   16   16   13    7
 -0.002472870031486326   16   16   13    8
 -1.099470058079285e-14   16   16   13    9
 -1.871642911770842e-14   16   16   13   10
 0.008649309366806801   16   16   13   11
 -0.006845516329774367   16   16   13   12
 0.394570094810288   16   16   13   13
 -4.688645732014813e-15   16   16   14    1
 -1.450121133744814e-14   16   16   14    2
 9.7440479432973e-15   16   16   14    3
 4.21852678647371e-14   16   16   14    4
 4.04298916089162e-14   16   16   14    5
 0.03395090677795939   16   16   14    6
 2.910214144482312e-14   16   16   14    7
 9.879770504996989e-15   16   16   14    8
 -0.02238758210626524   16   16   14    9
 -0.03769440553583188   16   16   14   10
 -9.81886678368327e-14   16   16   14   11
 2.547685285653792e-14   16   16   14   12
 -6.320415625897619e-14   16   16   14   13
 0.2508269454409919   16   16   14   14
 -0.001386578941919338   16   16   15    1
 -0.0143425379878823   16   16   15    2
 0.01356142125656991   16   16   15    3
 0.02004272098649613   16   16   15    4
 0.01891759948740276   16   16   15    5
 -4.500445583972419e-14   16   16   15    6
 0.03014454676845428   16   16   15    7
 0.01025473296547343   16   16   15    8
 3.087984993167525e-14   16   16   15    9
 5.222163516095977e-14   16   16   15   10
 -0.05710560599983075   16   16   15   11
 0.0395780775059061   16   16   15   12
 0.006936204186086157   16   16   15   13
 1.168438210401058e-13   16   16   15   14
 0.3303452571215696   16   16   15   15
 0.0009594008422242375   16   16   16    1
 -0.000298845243919208   16   16   16    2
 -0.001060813062541907   16   16   16    3
 -0.003646251104939208   16   16   16    4
 0.00406375307712241   16   16   16    5
 2.282763071066356e-15   16   16   16    6
 -0.00651146099281289   16   16   16    7
 0.07217741648982418   16   16   16    8
 0.002341938111267534   16   16   16   11
 -0.01139248798891906   16   16   16   12
 0.002028197097869851   16   16   16   13
 1.597690156861899e-14   16   16   16   14
 0.008077845927026064   16   16   16   15
 0.4486010375768183   16   16   16   16
 -0.1399739321833133   17    1    1    1
 0.000325084753126195   17    1    2    1
 0.004927791072211332   17    1    2    2
 0.01843802117324744   17    1    3    1
 0.0007286181415071998   17    1    3    2
 0.006841072284496899   17    1    3    3
 -0.005638174248737592   17    1    4    1
 -1.290346399895842e-05   17    1    4    2
 0.008398520754949143   17    1    4    3
 -0.007547748014253714   17    1    4    4
 -0.0007699243427657739   17    1    5    1
 -4.853040789589129e-06   17    1    5    2
 -0.000893745458577855   17    1    5    3
 0.0006994783594228216   17    1    5    4
 0.0007141709534165769   17    1    5    5
 0.002291551557889643   17    1    6    6
 -0.01250057146259339   17    1    7    1
 -1.319252769687109e-05   17    1    7    2
 -0.01244690085314247   17    1    7    3
 0.008458852172952549   17    1    7    4
 0.0006013642329145206   17    1    7    5
 0.004331428577062636   17    1    7    7
 -0.0006014669978721367   17    1    8    1
 0.0001046519882199046   17    1    8    2
 -0.0006918527632576803   17    1    8    3
 0.0002079444020764848   17    1    8    4
 -0.005466213092698368   17    1    8    5
 0.0006496121620611562   17    1    8    7
 -0.0006665154280770422   17    1    8    8
 0.0008439192069176696   17    1    9    6
 0.003395654463486227   17    1    9    9
 0.00133593487396947   17    1   10    6
 0.005472404466808953   17    1   10    9
 0.0003721367885337754   17    1   10   10
 -0.00323049795417201   17    1   11    1
 -0.0002039957030962812   17    1   11    2
 -0.0003928015825463251   17    1   11    3
 -0.0002634134156880907   17    1   11    4
 -0.003001916655492875   17    1   11    5
 0.0007322938719678179   17    1   11    7
 -0.000243488519020908   17    1   11    8
 0.003212973936150158   17    1   11   11
 -0.002319755713060432   17    1   12    1
 0.0001968291653880431   17    1   12    2
 -0.0005036445070007774   17    1   12    3
 0.001157043627243796   17    1   12    4
 -0.001306511435674165   17    1   12    5
 0.0008339247471188832   17    1   12    7
 -6.898788418318481e-05   17    1   12    8
 0.0002365399709680135   17    1   12   11
 0.003843173940063255   17    1   12   12
 0.01030628357943487   17    1   13    1
 0.0001357967237595286   17    1   13    2
 -0.005812390654599306   17    1   13    3
 0.0083293864487096   17    1   13    4
 -0.0009459324973650071   17    1   13    5
 -0.006221596024819959   17    1   13    7
 -0.0004915012827523401   17    1   13    8
 0.0006228299796875127   17    1   13   11
 -0.001079716868473855   17    1   13   12
 -0.01651518146598665   17    1   13   13
 -1.439705419579632e-14   17    1   14    1
 -2.906025778144487e-15   17    1   14    3
 3.219332985679056e-15   17    1   14    4
 2.20127848088893e-15   17    1   14    5
 0.000178385351198545   17    1   14    6
 1.383515163075132e-15   17    1   14    7
 -0.00129214334745626   17    1   14    9
 -0.0001555881236158495   17    1   14   10
 1.74691920861352e-15   17    1   14   12
 -2.155289775860509e-15   17    1   14   13
 0.002198902712533956   17    1   14   14
 -0.008457658183950379   17    1   15    1
 -0.0001167388517491277   17    1   15    2
 -0.003789321726484404   17    1   15    3
 0.005090809572487685   17    1   15    4
 0.0007253939020202192   17    1   15    5
 -0.00104803117040789   17    1   15    7
 0.0001752470195090216   17    1   15    8
 1.805399756603377e-15   17    1   15    9
 0.0004000824605621054   17    1   15   11
 0.001137060103396567   17    1   15   12
 -0.007859900637204984   17    1   15   13
 2.164235484965004e-15   17    1   15   14
 0.0009691288026294176   17    1   15   15
 0.001566919193081984   17    1   16    1
 9.258733139385638e-06   17    1   16    2
 0.000257534938148894   17    1   16    3
 -0.0004164863301556896   17    1   16    4
 -0.001188830231503798   17    1   16    5
 -8.824669951771478e-05   17    1   16    7
 0.001166416350650718   17    1   16    8
 0.003696061562147643   17    1   16   11
 0.001405451474099652   17    1   16   12
 0.001013299806657855   17    1   16   13
 -3.547236935945435e-15   17    1   16   14
 -0.001633738615708207   17    1   16   15
 0.0009365852341165265   17    1   16   16
 0.02705263025546458   17    1   17    1
 -0.0005264487952708545   17    2    1    1
 -4.379307182974005e-05   17    2    2    1
 0.01271827117952658   17    2    2    2
 -0.0001737507690208073   17    2    3    1
 -0.003919010600005972   17    2    3    2
 -0.005340925472852171   17    2    3    3
 -3.640616605502983e-05   17    2    4    1
 0.001630905705004811   17    2    4    2
 0.001487368215072235   17    2    4    3
 0.004215711330084396   17    2    4    4
 3.393190684478627e-05   17    2    5    1
 0.001389016700290696   17    2    5    2
 0.003116078378095292   17    2    5    3
 0.003867334778607371   17    2    5    4
 -0.003058514254518483   17    2    5    5
 -1.114195700114059e-15   17    2    6    2
 -0.01651484886220516   17    2    6    6
 0.0002561180137119154   17    2    7    1
 0.007631275705221784   17    2    7    2
 0.008019398638770948   17    2    7    3
 0.005798988714056271   17    2    7    4
 0.002980976039265665   17    2    7    5
 -0.0004848460758316924   17    2    7    7
 3.114501667920216e-05   17    2    8    1
 -0.0008744022338648752   17    2    8    2
 -0.002300829648584957   17    2    8    3
 -0.004464900956638151   17    2    8    4
 0.001491610908546675   17    2    8    5
 -0.004242565116113878   17    2    8    7
 -0.003596420009531109   17    2    8    8
 0.003899594598177323   17    2    9    6
 -0.002153338638805333   17    2    9    9
 0.0007842107391237815   17    2   10    6
 0.002411641081569156   17    2   10    9
 0.001869662919645677   17    2   10   10
 1.610877143427215e-05   17    2   11    1
 0.008144794301343074   17    2   11    2
 -0.001039899746145092   17    2   11    3
 -0.0007220635180704235   17    2   11    4
 -0.0008203069361079626   17    2   11    5
 -3.264081230895034e-15   17    2   11    6
 0.001073005125793205   17    2   11    7
 0.003015838800718406   17    2   11    8
 -0.008342867421026183   17    2   11   11
 3.737852311583072e-05   17    2   12    1
 -0.002617993897056047   17    2   12    2
 0.006456457940277445   17    2   12    3
 0.01263766200340993   17    2   12    4
 -0.004668365895704832   17    2   12    5
 -2.193913636275302e-15   17    2   12    6
 0.01245947778463983   17    2   12    7
 0.008230240029716243   17    2   12    8
 -1.263699979567349e-15   17    2   12   10
 -0.00532797369699396   17    2   12   11
 -0.002729539089407098   17    2   12   12
 3.441932759832048e-05   17    2   13    1
 0.0007582996427770889   17    2   13    2
 0.001178466614723963   17    2   13    3
 7.940387665831907e-05   17    2   13    4
 0.0006425193871068209   17    2   13    5
 -6.250170845377349e-15   17    2   13    6
 -0.001154419363395132   17    2   13    7
 -0.0007747918242287788   17    2   13    8
 1.066702905200582e-15   17    2   13    9
 0.002174945238797939   17    2   13   11
 -0.000422502037129581   17    2   13   12
 -0.001333936100919968   17    2   13   13
 1.484440124969788e-14   17    2   14    2
 1.683898832172702e-15   17    2   14    3
 2.712940878295874e-15   17    2   14    4
 -4.083706570486895e-15   17    2   14    5
 -0.01342178204831146   17    2   14    6
 5.959895415317762e-15   17    2   14    7
 5.732648663428647e-15   17    2   14    8
 0.002268306143018822   17    2   14    9
 -0.002041485898781943   17    2   14   10
 -1.564822911720883e-14   17    2   14   11
 3.204217267188851e-15   17    2   14   12
 -6.562461052194413e-15   17    2   14   13
 -0.018957154812822   17    2   14   14
 0.0001795110329338159   17    2   15    1
 0.01402303408357341   17    2   15    2
 0.001486509312590976   17    2   15    3
 0.002445988197656331   17    2   15    4
 -0.002619919604857426   17    2   15    5
 1.669457205499431e-14   17    2   15    6
 0.004782732966966461   17    2   15    7
 0.003368207692426527   17    2   15    8
 -2.861878649883371e-15   17    2   15    9
 3.195663902669078e-15   17    2   15   10
 -0.01245704795633887   17    2   15   11
 0.008301217542680943   17    2   15   12
 0.002250739565493198   17    2   15   13
 1.283444277665157e-14   17    2   15   14
 -0.01257146744286412   17    2   15   15
 7.238995623278396e-06   17    2   16    1
 4.947453119635847e-05   17    2   16    2
 0.000564360942003714   17    2   16    3
 0.00162462887906159   17    2   16    4
 -0.00289146214133522   17    2   16    5
 0.002212609089707826   17    2   16    7
 0.00364148782343521   17    2   16    8
 -0.0007766764062284099   17    2   16   11
 -0.006866896500792379   17    2   16   12
 0.0009789139010693479   17    2   16   13
 -4.231984591040565e-15   17    2   16   14
 -0.003005359214483583   17    2   16   15
 -0.002057443686921408   17    2   16   16
 -0.0003748529501712313   17    2   17    1
 0.01973007304008884   17    2   17    2
 0.130164572116918   17    3    1    1
 0.0003359850834389289   17    3    2    1
 -0.04841391650909679   17    3    2    2
 -0.002779356678534551   17    3    3    1
 -0.0006341046916003375   17    3    3    2
 0.003051845512095562   17    3    3    3
 0.005092098164735465   17    3    4    1
 0.0008682365566245702   17    3    4    2
 -0.03059373073412308   17    3    4    3
 -0.00169424952962234   17    3    4    4
 -0.0003086196637037709   17    3    5    1
 0.0002727335157211907   17    3    5    2
 0.0002942634284704322   17    3    5    3
 -0.001355295911705979   17    3    5    4
 0.004696220748113352   17    3    5    5
 2.141956580630124e-15   17    3    6    5
 -0.01010720442526632   17    3    6    6
 -0.004340700231790446   17    3    7    1
 0.00156697253732219   17    3    7    2
 -0.001235706441642583   17    3    7    3
 -0.008431855451087888   17    3    7    4
 -0.003880659646927663   17    3    7    5
 -0.00202266576987022   17    3    7    7
 -0.0001930941713062599   17    3    8    1
 -0.0001163073846271284   17    3    8    2
 0.0009244273038778546   17    3    8    3
 0.001790671196963582   17    3    8    4
 0.03810792814617212   17    3    8    5
 2.728097160959581e-15   17    3    8    6
 -0.001404738219848511   17    3    8    7
 -0.00186716374281349   17    3    8    8
 -0.001908337858153367   17    3    9    6
 0.003648971764910594   17    3    9    9
 -0.01340950000279743   17    3   10    6
 -0.05692700786431735   17    3   10    9
 -0.0002823151679982593   17    3   10   10
 3.232411540046772e-05   17    3   11    1
 -0.0006033643364243516   17    3   11    2
 -0.005623204907900722   17    3   11    3
 0.0001408107099408975   17    3   11    4
 0.001108779070069742   17    3   11    5
 0.004623797558791054   17    3   11    7
 -0.01463988908515964   17    3   11    8
 2.063174540268274e-15   17    3   11    9
 -0.005796635452309462   17    3   11   11
 -0.000490944516525298   17    3   12    1
 0.001945359385762722   17    3   12    2
 -0.008786051918114247   17    3   12    3
 -0.004859803862049889   17    3   12    4
 0.001967465271646691   17    3   12    5
 0.002422634496726418   17    3   12    7
 -0.007698049720764089   17    3   12    8
 2.028614582675826e-15   17    3   12    9
 0.004271237634429246   17    3   12   11
 -0.01916725261965   17    3   12   12
 -0.00734343795628765   17    3   13    1
 0.001023227905133464   17    3   13    2
 0.02219276545493444   17    3   13    3
 -0.00190222871380941   17    3   13    4
 -0.002110097900916786   17    3   13    5
 -0.01258704013104216   17    3   13    7
 -0.002232768274084923   17    3   13    8
 5.334462109564082e-15   17    3   13    9
 1.711495255615671e-15   17    3   13   10
 -0.001497552280136616   17    3   13   11
 0.003618942664655156   17    3   13   12
 0.02547302069657045   17    3   13   13
 -4.152857235531176e-15   17    3   14    1
 1.040341996601439e-15   17    3   14    2
 -3.745126352280058e-14   17    3   14    3
 -7.397123309721916e-15   17    3   14    4
 8.141156322361465e-15   17    3   14    5
 0.001039922587878183   17    3   14    6
 2.255640934712518e-14   17    3   14    7
 1.086249144563062e-14   17    3   14    8
 0.01021311220761002   17    3   14    9
 0.003267162235053644   17    3   14   10
 -5.598596789962536e-15   17    3   14   11
 -1.554926084349139e-14   17    3   14   12
 -7.858904695451531e-15   17    3   14   13
 -0.01084721713482202   17    3   14   14
 -0.003659733721379182   17    3   15    1
 0.0007910072677157774   17    3   15    2
 -0.01911972826177024   17    3   15    3
 -0.006030408505005845   17    3   15    4
 0.005048359912347417   17    3   15    5
 0.01133055005723197   17    3   15    7
 0.004937291094167303   17    3   15    8
 -1.412411361260842e-14   17    3   15    9
 -4.638102159503096e-15   17    3   15   10
 -0.00251758077862018   17    3   15   11
 -0.01057817117112571   17    3   15   12
 0.007622662122140496   17    3   15   13
 7.527965477907872e-15   17    3   15   14
 -0.005086463525551061   17    3   15   15
 0.0003143653157066957   17    3   16    1
 -0.0002197040215364705   17    3   16    2
 0.003637084015949718   17    3   16    3
 0.001294983624907645   17    3   16    4
 0.03157342178479212   17    3   16    5
 2.071407000865182e-15   17    3   16    6
 -0.003975493451790523   17    3   16    7
 -0.001081600260886984   17    3   16    8
 -0.04546484819744839   17    3   16   11
 -0.01673709224848383   17    3   16   12
 -0.007191365801715039   17    3   16   13
 3.72383157427357e-14   17    3   16   14
 0.01805763872947092   17    3   16   15
 0.002564365906209266   17    3   16   16
 0.005575494737995778   17    3   17    1
 0.005582658353466155   17    3   17    2
 0.05499280518913786   17    3   17    3
 0.01373283444438366   17    4    1    1
 -0.0001111515971146015   17    4    2    1
 7.752591771082758e-05   17    4    2    2
 -0.0008159607384419482   17    4    3    1
 -0.0001867416117325606   17    4    3    2
 -0.01670732990367105   17    4    3    3
 -0.002498902165192439   17    4    4    1
 0.00465661060998319   17    4    4    2
 -0.008715294249704991   17    4    4    3
 0.02019737560787772   17    4    4    4
 0.0003797466870487598   17    4    5    1
 -0.001013517318240458   17    4    5    2
 0.0005811426825368531   17    4    5    3
 -0.002740366473932814   17    4    5    4
 -0.004348208191651747   17    4    5    5
 0.001903826377123213   17    4    6    6
 0.004447135347886632   17    4    7    1
 0.007252372934779043   17    4    7    2
 0.0264501151528798   17    4    7    3
 -0.002563707699853808   17    4    7    4
 -0.0009212148870826044   17    4    7    5
 0.007340517317369794   17    4    7    7
 0.0002703837115479683   17    4    8    1
 0.001730008130664974   17    4    8    2
 0.003088292384503406   17    4    8    3
 0.001699735330497496   17    4    8    4
 0.004569333348624832   17    4    8    5
 0.001652387553186452   17    4    8    7
 0.001839040206300453   17    4    8    8
 -0.00266624373713633   17    4    9    6
 -0.008128278397924184   17    4    9    9
 -0.001061092162938368   17    4   10    6
 -0.00667289278680908   17    4   10    9
 -0.0003909739839319193   17    4   10   10
 0.0002679162930071065   17    4   11    1
 -0.004067483869991109   17    4   11    2
 -0.0004981574149114757   17    4   11    3
 -0.002661097424342636   17    4   11    4
 0.008733186512553982   17    4   11    5
 1.329812120571248e-15   17    4   11    6
 -0.003878541702936095   17    4   11    7
 -0.001973295123625944   17    4   11    8
 -0.006142587641037475   17    4   11   11
 0.0005621225103367951   17    4   12    1
 0.006986004939413087   17    4   12    2
 0.003983917382687573   17    4   12    3
 0.00660806798672724   17    4   12    4
 0.005067160474541085   17    4   12    5
 0.009816461920709429   17    4   12    7
 -0.001347679274040631   17    4   12    8
 -0.00326723798246601   17    4   12   11
 0.009360884052717242   17    4   12   12
 0.003484254864451474   17    4   13    1
 0.001201933081092152   17    4   13    2
 0.008881060012130121   17    4   13    3
 -0.009797551364431188   17    4   13    4
 0.001568629253418092   17    4   13    5
 1.165793238367761e-15   17    4   13    6
 0.008799990779932685   17    4   13    7
 0.0006460495939316505   17    4   13    8
 -0.001941291712242345   17    4   13   11
 0.001545190302645986   17    4   13   12
 0.01551250766373259   17    4   13   13
 2.865846640196357e-15   17    4   14    1
 -4.606277285823162e-15   17    4   14    2
 1.445737497423694e-15   17    4   14    3
 -4.717328532847808e-15   17    4   14    4
 -3.583589715870997e-15   17    4   14    5
 0.002686912002980999   17    4   14    6
 8.725116521221253e-15   17    4   14    7
 -2.504986681229641e-15   17    4   14    8
 0.00175431336213879   17    4   14    9
 0.001048563550728756   17    4   14   10
 5.936595401823474e-15   17    4   14   11
 5.031987557854783e-15   17    4   14   12
 8.90107312268827e-15   17    4   14   13
 0.001697734231464429   17    4   14   14
 0.003365914972848044   17    4   15    1
 -0.002128196505542738   17    4   15    2
 0.004816697328470529   17    4   15    3
 -0.005177416184498977   17    4   15    4
 -0.0005170762460818911   17    4   15    5
 -3.575516817372739e-15   17    4   15    6
 0.010332362976685   17    4   15    7
 -0.00149934146940732   17    4   15    8
 -2.612915320681563e-15   17    4   15    9
 -1.685523285200671e-15   17    4   15   10
 0.003629915039605201   17    4   15   11
 0.004277321911410611   17    4   15   12
 0.01069071740010866   17    4   15   13
 -3.249574793098513e-15   17    4   15   14
 0.005560572957274124   17    4   15   15
 -0.0002406422262151766   17    4   16    1
 0.0001200665993945096   17    4   16    2
 0.0001760121074726039   17    4   16    3
 0.0003054973763248583   17    4   16    4
 0.00207150749731627   17    4   16    5
 -0.001780107068890279   17    4   16    7
 -0.004625990841362278   17    4   16    8
 -0.005267260058010727   17    4   16   11
 -0.0003358494232939107   17    4   16   12
 -0.001527678442939406   17    4   16   13
 5.077762679893951e-15   17    4   16   14
 0.0026531895135118   17    4   16   15
 -0.006042786225424572   17    4   16   16
 -0.006591325457030519   17    4   17    1
 0.006789239694970491   17    4   17    2
 0.003707465999291681   17    4   17    3
 0.02556286280152203   17    4   17    4
 -0.01161310877826178   17    5    1    1
 -3.112451577004122e-05   17    5    2    1
 0.01237813142853961   17    5    2    2
 0.0003197406162166031   17    5    3    1
 -0.0001232346055257399   17    5    3    2
 0.00162951086963821   17    5    3    3
 -2.945372104019219e-05   17    5    4    1
 -0.0003431793309690704   17    5    4    2
 0.004352009214615985   17    5    4    3
 -0.001417140101145536   17    5    4    4
 0.002697259532349408   17    5    5    1
 -0.002562539227912605   17    5    5    2
 0.003691777714189845   17    5    5    3
 -0.01426193115007492   17    5    5    4
 0.001212545775457294   17    5    5    5
 0.00946785863417538   17    5    6    6
 -0.0004919174251605188   17    5    7    1
 0.0003573290444384998   17    5    7    2
 -0.003523928801344744   17    5    7    3
 0.004790737140590747   17    5    7    4
 -0.0002742584671404109   17    5    7    5
 0.001744775706385933   17    5    7    7
 0.002212491400099206   17    5    8    1
 0.002548212553982249   17    5    8    2
 0.01606010535803343   17    5    8    3
 -0.0007172865260031474   17    5    8    4
 -0.005018278949582331   17    5    8    5
 0.0035143231527222   17    5    8    7
 0.00129127161435074   17    5    8    8
 -0.0008366968590772671   17    5    9    6
 0.002266282830090472   17    5    9    9
 0.001852112172001224   17    5   10    6
 0.007293661930191043   17    5   10    9
 0.002564573063662723   17    5   10   10
 -0.002927211729398203   17    5   11    1
 -0.000378720117333331   17    5   11    2
 -0.0002680290628380283   17    5   11    3
 0.0005122888498391249   17    5   11    4
 -0.003515984117515915   17    5   11    5
 -0.0006436735628605286   17    5   11    7
 0.002398430128959606   17    5   11    8
 0.005639493453107366   17    5   11   11
 -0.001246678701122262   17    5   12    1
 0.001301528420965347   17    5   12    2
 0.001568524207677492   17    5   12    3
 0.003045977458463182   17    5   12    4
 0.0008490515703491332   17    5   12    5
 0.002103879767785377   17    5   12    7
 -0.003196686687640499   17    5   12    8
 0.005575563362953768   17    5   12   11
 0.009182769332588747   17    5   12   12
 -0.0004364496929013001   17    5   13    1
 0.0005104063208433699   17    5   13    2
 -0.00317559719069376   17    5   13    3
 0.001046382981732477   17    5   13    4
 -0.0009381676521062803   17    5   13    5
 1.012080160992102e-15   17    5   13    6
 0.001239812513435866   17    5   13    7
 -0.004099341419350371   17    5   13    8
 -0.01209760620671677   17    5   13   11
 -0.004469544168166919   17    5   13   12
 -0.00877850464212508   17    5   13   13
 3.198483697076684e-15   17    5   14    1
 -4.890731890827018e-15   17    5   14    2
 6.409637331605172e-15   17    5   14    3
 1.934705088164884e-15   17    5   14    4
 -5.514863531813628e-15   17    5   14    5
 0.002366944649539631   17    5   14    6
 -4.202740923033791e-15   17    5   14    7
 -4.417359475918646e-15   17    5   14    8
 -0.00116009323912021   17    5   14    9
 0.0009113517936141255   17    5   14   10
 1.761112863743641e-14   17    5   14   11
 4.77898444347209e-15   17    5   14   12
 1.601675024246402e-14   17    5   14   13
 0.01008142353636937   17    5   14   14
 0.001389976966448013   17    5   15    1
 -0.003033925370004804   17    5   15    2
 0.003612996774985447   17    5   15    3
 0.002268608617937624   17    5   15    4
 -0.004042494444453888   17    5   15    5
 -4.032101996528214e-15   17    5   15    6
 -0.001737823142790418   17    5   15    7
 -0.004662062816515258   17    5   15    8
 1.784237150335911e-15   17    5   15    9
 -1.196720200046174e-15   17    5   15   10
 0.008659778142350532   17    5   15   11
 0.0008008582358731253   17    5   15   12
 0.002841006837473565   17    5   15   13
 -1.465862467783659e-14   17    5   15   14
 0.002267491453634466   17    5   15   15
 0.004527023325697344   17    5   16    1
 0.002563343995912864   17    5   16    2
 0.0132354414956511   17    5   16    3
 0.0001029213735708325   17    5   16    4
 -0.003804102490807304   17    5   16    5
 -0.01035006642691214   17    5   16    7
 0.00166206845937416   17    5   16    8
 0.002479386044791142   17    5   16   11
 0.006647115701483851   17    5   16   12
 0.008261810024910349   17    5   16   13
 -1.53748336572855e-15   17    5   16   14
 0.002910311236128456   17    5   16   15
 0.001149283203624367   17    5   16   16
 0.0004023421534097499   17    5   17    1
 -0.001390359382428217   17    5   17    2
 -0.00348794536584263   17    5   17    3
 -0.0001971333923675692   17    5   17    4
 0.01644478943013249   17    5   17    5
 2.746858075428446e-15   17    6    1    1
 1.786044915381142e-15   17    6    2    2
 1.256804948039709e-15   17    6    3    3
 1.366454040675855e-15   17    6    4    4
 -1.735813461456402e-15   17    6    5    4
 1.72304115357488e-15   17    6    5    5
 0.0001071500165177267   17    6    6    1
 0.003722774908638331   17    6    6    2
 -0.001696605595083744   17    6    6    3
 -0.00231910523742129   17    6    6    4
 0.001294252779766839   17    6    6    5
 3.617801528468067e-15   17    6    6    6
 -0.001146747500928636   17    6    7    6
 1.259007211030066e-15   17    6    7    7
 1.832000943287461e-15   17    6    8    3
 -0.001642874732113892   17    6    8    6
 1.201576909605682e-15   17    6    8    7
 2.495060877638931e-15   17    6    8    8
 0.0006988365439158738   17    6    9    1
 -0.002328546526205086   17    6    9    2
 -0.0009509728508235102   17    6    9    3
 -0.001460564250304508   17    6    9    4
 -5.238607378278265e-05   17    6    9    5
 0.001812213167095592   17    6    9    7
 0.0004244568629278986   17    6    9    8
 1.037108762419499e-15   17    6    9    9
 -0.0007670907990266096   17    6   10    1
 -0.002556330540343069   17    6   10    2
 -0.004166554981102967   17    6   10    3
 9.716169043514748e-05   17    6   10    4
 0.0001787439799527122   17    6   10    5
 0.002894236491599496   17    6   10    7
 0.0003102169361317221   17    6   10    8
 1.370866602906137e-15   17    6   10   10
 -2.49335433652464e-15   17    6   11    2
 0.004662534826826437   17    6   11    6
 -0.002108182032476446   17    6   11    9
 -0.001151036247558398   17    6   11   10
 1.134689194337374e-15   17    6   11   11
 -1.176360696275185e-15   17    6   12    4
 1.491244100173028e-15   17    6   12    5
 -0.003129306772884272   17    6   12    6
 -1.227729187794183e-15   17    6   12    7
 -2.066021053591599e-15   17    6   12    8
 -0.0002002491565440347   17    6   12    9
 -0.0001912283629736653   17    6   12   10
 1.132332301413804e-15   17    6   12   11
 5.304543350516207e-15   17    6   12   12
 -2.826405081777505e-15   17    6   13    2
 1.236251703623165e-15   17    6   13    3
 -0.0006045380785572085   17    6   13    6
 0.002858181147214664   17    6   13    9
 0.000124041504857251   17    6   13   10
 -2.398442108798844e-15   17    6   13   11
 1.508540189315693e-15   17    6   13   13
 8.61943849675222e-05   17    6   14    1
 -0.006474448966503533   17    6   14    2
 0.00198803846374373   17    6   14    3
 0.002202578831156039   17    6   14    4
 -0.0004488612458052307   17    6   14    5
 8.670967220895157e-15   17    6   14    6
 0.0008252551674871069   17    6   14    7
 0.000715424040488303   17    6   14    8
 -5.698297058386783e-15   17    6   14    9
 -0.002635881043734971   17    6   14   11
 0.002113898840614526   17    6   14   12
 0.0004571200495920415   17    6   14   13
 1.751720219141531e-14   17    6   14   14
 6.57143488982193e-15   17    6   15    2
 -2.46818445651772e-15   17    6   15    3
 -3.025759099039131e-15   17    6   15    4
 0.006300860628020148   17    6   15    6
 -1.020843297584184e-15   17    6   15    7
 -1.661006938437103e-15   17    6   15    8
 -0.003918350486745465   17    6   15    9
 -0.002421290334830258   17    6   15   10
 4.880937387640948e-15   17    6   15   11
 -4.001977142755751e-15   17    6   15   12
 -1.451727527425943e-15   17    6   15   13
 -0.002502374641991537   17    6   15   14
 9.539617101872496e-15   17    6   15   15
 -4.077308466536436e-05   17    6   16    6
 -1.302486663068148e-15   17    6   16    7
 0.0001685689700651676   17    6   16    9
 -8.368868854188803e-05   17    6   16   10
 1.860619322874461e-15   17    6   16   12
 -0.0002876735472454364   17    6   16   14
 1.822852087975952e-15   17    6   16   16
 -1.405776536844705e-15   17    6   17    2
 0.003932507545895823   17    6   17    6
 -0.188292325059665   17    7    1    1
 -0.0002517707778452377   17    7    2    1
 0.09276078779237928   17    7    2    2
 0.00409506895795982   17    7    3    1
 0.003365503831750742   17    7    3    2
 -0.001049965863889304   17    7    3    3
 -0.00251189616111513   17    7    4    1
 0.006478600940870115   17    7    4    2
 0.0622939981007436   17    7    4    3
 -0.0001414611264700697   17    7    4    4
 -0.0004327071813397912   17    7    5    1
 -0.001684438582475999   17    7    5    2
 -0.005107210366937555   17    7    5    3
 0.004283041552780226   17    7    5    4
 -0.002355855474532001   17    7    5    5
 -1.165192169472713e-15   17    7    6    4
 -4.127511355010551e-15   17    7    6    5
 0.02863478057415206   17    7    6    6
 -0.0007237537029364353   17    7    7    1
 0.01136474975079149   17    7    7    2
 -0.0009272282596588593   17    7    7    3
 0.05817968893833477   17    7    7    4
 0.003734903308177707   17    7    7    5
 0.01252878299636016   17    7    7    7
 -0.0003623459852375096   17    7    8    1
 0.003603798794452328   17    7    8    2
 -0.001234265210713849   17    7    8    3
 0.003848132657809626   17    7    8    4
 -0.06621468634305679   17    7    8    5
 -4.792220835282327e-15   17    7    8    6
 0.004383418971435689   17    7    8    7
 0.008922840667365971   17    7    8    8
 0.002770060974261159   17    7    9    6
 0.0005515072744695051   17    7    9    9
 -1.493386650555007e-15   17    7   10    5
 0.02289912244902809   17    7   10    6
 0.09068992910043863   17    7   10    9
 0.007425948871487771   17    7   10   10
 -8.233261626683494e-05   17    7   11    1
 -0.005910224625181768   17    7   11    2
 0.00582103196748385   17    7   11    3
 -0.003971699186926537   17    7   11    4
 -0.003928736228972891   17    7   11    5
 1.21664485765291e-15   17    7   11    6
 -0.0121169685688559   17    7   11    7
 0.01281925377193025   17    7   11    8
 -3.480307797300093e-15   17    7   11    9
 0.01609895778255023   17    7   11   11
 -1.615278913314334e-05   17    7   12    1
 0.009809303520746016   17    7   12    2
 0.01822321953190338   17    7   12    3
 0.02531927282606681   17    7   12    4
 -0.0020929462970482   17    7   12    5
 0.01464079957828557   17    7   12    7
 0.007258571987534778   17    7   12    8
 -3.20492304671022e-15   17    7   12    9
 -0.01070718027485744   17    7   12   11
 0.0628508893157376   17    7   12   12
 0.003796715509737357   17    7   13    1
 0.001361537338040781   17    7   13    2
 -0.0347328201353082   17    7   13    3
 0.02111196408717267   17    7   13    4
 0.001633662290813513   17    7   13    5
 1.775676044189447e-15   17    7   13    6
 -0.0002540201358296319   17    7   13    7
 0.002536724368285784   17    7   13    8
 -8.358173576589051e-15   17    7   13    9
 -2.376052150253007e-15   17    7   13   10
 0.003276231179280528   17    7   13   11
 -0.006292924044948329   17    7   13   12
 -0.06269317319082443   17    7   13   13
 1.433855514772706e-15   17    7   14    1
 -7.183719222093339e-15   17    7   14    2
 4.265550363928578e-14   17    7   14    3
 2.52471446158657e-14   17    7   14    4
 -5.086466301886845e-15   17    7   14    5
 0.00335841498251023   17    7   14    6
 -2.286425601854446e-14   17    7   14    7
 -1.192018628786774e-14   17    7   14    8
 -0.01666758435703579   17    7   14    9
 -0.004184174989028479   17    7   14   10
 1.381681469582737e-14   17    7   14   11
 3.434628504566461e-14   17    7   14   12
 7.398534982712182e-15   17    7   14   13
 0.0286015496041483   17    7   14   14
 -0.0003934382500816987   17    7   15    1
 -0.003184344942800502   17    7   15    2
 0.02020988495274931   17    7   15    3
 0.02789037734441478   17    7   15    4
 -0.003277483717636289   17    7   15    5
 -4.28056178772028e-15   17    7   15    6
 -0.01309794990051772   17    7   15    7
 -0.006043279836232096   17    7   15    8
 2.260679656084321e-14   17    7   15    9
 5.447635619498776e-15   17    7   15   10
 0.008020095110553044   17    7   15   11
 0.02599529480368647   17    7   15   12
 -0.02742507550521684   17    7   15   13
 -9.297626710944495e-15   17    7   15   14
 0.0194373454870888   17    7   15   15
 -0.0005135888878998753   17    7   16    1
 0.0003331029800090048   17    7   16    2
 -0.004736718426213469   17    7   16    3
 -0.003681005609070318   17    7   16    4
 -0.04026149284853104   17    7   16    5
 -2.774186826247143e-15   17    7   16    6
 0.004174527262828663   17    7   16    7
 0.004569217040468518   17    7   16    8
 0.06665858419349883   17    7   16   11
 0.02668498031663768   17    7   16   12
 0.008337763798325513   17    7   16   13
 -5.298613556071075e-14   17    7   16   14
 -0.02552852070099239   17    7   16   15
 0.002160627990519171   17    7   16   16
 0.00230484302654576   17    7   17    1
 0.002586441345389732   17    7   17    2
 -0.0454111013765967   17    7   17    3
 -0.005040778799702628   17    7   17    4
 0.006151632049205167   17    7   17    5
 0.0861080704973563   17    7   17    7
 -0.009321222008495439   17    8    1    1
 -2.393371372017385e-05   17    8    2    1
 -0.004152195382697965   17    8    2    2
 0.0002218777259116829   17    8    3    1
 0.001329148285954739   17    8    3    2
 0.001354395291531625   17    8    3    3
 -5.199816412603619e-05   17    8    4    1
 0.001994899479770227   17    8    4    2
 0.005051776044230911   17    8    4    3
 0.001023442725399296   17    8    4    4
 0.002620358911872263   17    8    5    1
 0.002810416066655947   17    8    5    2
 0.02661658483802218   17    8    5    3
 0.000606857400115191   17    8    5    4
 6.170305167225209e-05   17    8    5    5
 1.789275948761594e-15   17    8    6    3
 -0.01151811774495516   17    8    6    6
 -0.0003517723772065895   17    8    7    1
 0.001193402209200319   17    8    7    2
 -0.001150441779406581   17    8    7    3
 0.00492309251237605   17    8    7    4
 0.0006472592028546233   17    8    7    5
 0.0003913390667322681   17    8    7    7
 0.002145263756922695   17    8    8    1
 -0.003309721060967558   17    8    8    2
 -0.0001066803570089568   17    8    8    3
 -0.01957762612596916   17    8    8    4
 -0.003300052456928753   17    8    8    5
 -0.00136321568643877   17    8    8    7
 0.000480579914014866   17    8    8    8
 0.002740310896486321   17    8    9    6
 -0.0005692482376462004   17    8    9    9
 0.001347427152340639   17    8   10    6
 0.004134825087663157   17    8   10    9
 -0.0002908658146866636   17    8   10   10
 -0.002792019397642676   17    8   11    1
 -0.0008876953524013889   17    8   11    2
 -0.01310773057190634   17    8   11    3
 -0.00125077585449693   17    8   11    4
 0.003058244137103061   17    8   11    5
 0.01568871346423152   17    8   11    7
 -0.001711061965187498   17    8   11    8
 0.002124831404393198   17    8   11   11
 -0.001174113268907842   17    8   12    1
 -0.000301385413482296   17    8   12    2
 -0.005403054707290307   17    8   12    3
 -0.0007681019295959954   17    8   12    4
 -0.005472926976518793   17    8   12    5
 -1.462730326729036e-15   17    8   12    6
 0.005889955212987176   17    8   12    7
 0.006385105745377415   17    8   12    8
 -0.005750140888919396   17    8   12   11
 -0.003551625881004541   17    8   12   12
 -0.0003960723190840409   17    8   13    1
 -0.0005315373074710635   17    8   13    2
 -0.003609362549158567   17    8   13    3
 0.0008357292299990576   17    8   13    4
 -0.005441209489362732   17    8   13    5
 -2.458617155464432e-15   17    8   13    6
 0.003020718618625367   17    8   13    7
 -0.004186488510506236   17    8   13    8
 -1.433730540391358e-15   17    8   13   10
 -0.004701527030669408   17    8   13   11
 -0.004843096672303072   17    8   13   12
 -0.006819780723584607   17    8   13   13
 2.726412752805277e-15   17    8   14    1
 4.135259883078343e-15   17    8   14    2
 1.185141039886545e-14   17    8   14    3
 1.469193161259597e-15   17    8   14    4
 -5.008667644517131e-15   17    8   14    5
 -0.003966545546927208   17    8   14    6
 -1.204962246319635e-14   17    8   14    7
 -2.89097390095587e-15   17    8   14    8
 -0.00144660572437648   17    8   14    9
 -0.002805822260002123   17    8   14   10
 -1.619106164260522e-14   17    8   14   11
 7.324271485513716e-15   17    8   14   12
 3.312076042977814e-15   17    8   14   13
 -0.01248634898072457   17    8   14   14
 0.001415153629489791   17    8   15    1
 0.003160309694156326   17    8   15    2
 0.005099863945116208   17    8   15    3
 0.0006552647555048691   17    8   15    4
 -0.006043002283849758   17    8   15    5
 5.00138942479664e-15   17    8   15    6
 -0.005673199979256511   17    8   15    7
 -0.002520684795370663   17    8   15    8
 2.152686094089798e-15   17    8   15    9
 3.769920880890167e-15   17    8   15   10
 -0.01287284199823065   17    8   15   11
 0.005126496657400564   17    8   15   12
 0.002830480213982195   17    8   15   13
 1.080010064659353e-14   17    8   15   14
 -0.003453865702276761   17    8   15   15
 0.004314417080604411   17    8   16    1
 -0.002251436614027995   17    8   16    2
 0.000448592010591519   17    8   16    3
 -0.003303805838074952   17    8   16    4
 -0.0006488854283291121   17    8   16    5
 0.0002540189452874736   17    8   16    7
 -0.0002061446878259893   17    8   16    8
 0.003175019351673046   17    8   16   11
 -0.008598589849674756   17    8   16   12
 0.01794503014693173   17    8   16   13
 -2.239078152965098e-14   17    8   16   14
 -0.01022527728985421   17    8   16   15
 0.003427068304590292   17    8   16   16
 0.0001949640744135122   17    8   17    1
 0.00163301422469616   17    8   17    2
 -0.002264104714259278   17    8   17    3
 -0.001269626240046511   17    8   17    4
 0.0008259146221834411   17    8   17    5
 0.002226185582120889   17    8   17    7
 0.0158531622961956   17    8   17    8
 -1.444559470470675e-15   17    9    2    2
 -1.211654136714816e-15   17    9    3    3
 0.0007130049454221512   17    9    6    1
 -0.002970591513486916   17    9    6    2
 -0.0007078918974540302   17    9    6    3
 -0.001970454576554532   17    9    6    4
 0.0002829269179585141   17    9    6    5
 0.0008838133348322009   17    9    7    6
 -1.068257126998375e-15   17    9    7    7
 -7.232530263587373e-05   17    9    8    6
 0.004717137690155985   17    9    9    1
 -0.002339315143981733   17    9    9    2
 0.002801827751531603   17    9    9    3
 -0.01053082133911231   17    9    9    4
 0.0006285065272117295   17    9    9    5
 -0.00123597640144789   17    9    9    7
 -0.000364723249378623   17    9    9    8
 -1.124620479711318e-15   17    9    9    9
 -0.005153770772659573   17    9   10    1
 -0.003293732158912014   17    9   10    2
 -0.02141551264756017   17    9   10    3
 -0.0003483761226200944   17    9   10    4
 0.00121372238518323   17    9   10    5
 0.009144895612852224   17    9   10    7
 -5.945568754320158e-05   17    9   10    8
 -1.148106422852672e-15   17    9   10    9
 -1.421584494457244e-15   17    9   10   10
 -0.002288370412688396   17    9   11    6
 -0.001901067213435013   17    9   11    9
 0.001532567642566365   17    9   11   10
 7.841489029557564e-05   17    9   12    6
 -0.00534056829109194   17    9   12    9
 -0.003566122323013383   17    9   12   10
 -1.223588083216024e-15   17    9   12   12
 1.611530334836648e-15   17    9   13    2
 1.987779343675371e-15   17    9   13    3
 0.003004445278536629   17    9   13    6
 -1.330388421305737e-15   17    9   13    7
 0.01257510520187779   17    9   13    9
 -0.005121711908558127   17    9   13   10
 0.0005847950296577703   17    9   14    1
 0.003376201336525607   17    9   14    2
 0.003316141105157447   17    9   14    3
 -0.0001174143263931993   17    9   14    4
 0.0005474185909913477   17    9   14    5
 -6.800024622915729e-15   17    9   14    6
 -0.002605734858427916   17    9   14    7
 -0.001106327447371625   17    9   14    8
 -1.64212399759743e-14   17    9   14    9
 0.001092584515444855   17    9   14   11
 0.0008977210974035865   17    9   14   12
 -0.0004986406050735061   17    9   14   13
 -1.27194723937656e-15   17    9   14   14
 -4.24539978194812e-15   17    9   15    2
 -4.860124697193188e-15   17    9   15    3
 -0.004495495366922274   17    9   15    6
 3.375393073393736e-15   17    9   15    7
 1.663897013686465e-15   17    9   15    8
 -0.007405315458742728   17    9   15    9
 -0.002181571002997122   17    9   15   10
 -1.197704637787383e-15   17    9   15   12
 2.248247447328136e-15   17    9   15   13
 0.002684971211903373   17    9   15   14
 -8.129130857808959e-15   17    9   15   15
 0.0002826988931636924   17    9   16    6
 0.001344415341837877   17    9   16    9
 -0.0002213629832862634   17    9   16   10
 -5.115915234378847e-05   17    9   16   14
 -1.101128545010752e-15   17    9   16   16
 0.004546973696893233   17    9   17    6
 0.02340337240544792   17    9   17    9
 -3.452414184416387e-15   17   10    1    1
 -2.390481085262112e-15   17   10    3    3
 -1.553609990813848e-15   17   10    4    4
 -1.603496043763938e-15   17   10    5    5
 -0.0008746487518785218   17   10    6    1
 -0.005012237177879329   17   10    6    2
 -0.008471403754048163   17   10    6    3
 -0.00120393087154337   17   10    6    4
 0.001205153286423969   17   10    6    5
 1.086851592410078e-15   17   10    6    6
 0.004448163303863023   17   10    7    6
 -1.805872214430681e-15   17   10    7    7
 -0.0004809137890160631   17   10    8    6
 -0.005753991442202048   17   10    9    1
 -0.00398780361477844   17   10    9    2
 -0.0369322532472005   17   10    9    3
 -0.001455444387968076   17   10    9    4
 0.001843627891725816   17   10    9    5
 0.0181300868545028   17   10    9    7
 0.0006428417959712478   17   10    9    8
 -2.463812883568174e-15   17   10    9    9
 0.006253360881797668   17   10   10    1
 -0.004155861209233206   17   10   10    2
 0.001404274909517647   17   10   10    3
 -0.01607882399060741   17   10   10    4
 0.001100383059191048   17   10   10    5
 -0.0005903888305071235   17   10   10    7
 -0.0007196828570825286   17   10   10    8
 -3.03073812708777e-15   17   10   10   10
 -0.001627728822739978   17   10   11    6
 0.002199695195374377   17   10   11    9
 -0.002619034693064035   17   10   11   10
 1.210530439108698e-15   17   10   12    5
 0.0005777704290473567   17   10   12    6
 -1.259019044882224e-15   17   10   12    7
 -1.443950566835071e-15   17   10   12    8
 -0.005149911703979801   17   10   12    9
 -0.007692822224639933   17   10   12   10
 1.616162425302419e-15   17   10   12   12
 1.720747829589576e-15   17   10   13    2
 1.42783474666257e-15   17   10   13    4
 0.0002983114961006456   17   10   13    6
 -1.789439949763678e-15   17   10   13    7
 -0.006287181857521199   17   10   13    9
 0.01732170802685878   17   10   13   10
 -5.089211100949188e-15   17   10   13   13
 -0.0007063846239395693   17   10   14    1
 0.003634955104783146   17   10   14    2
 0.002046083011073519   17   10   14    3
 0.001569677311933246   17   10   14    4
 0.001375350123807954   17   10   14    5
 -1.333894392345504e-15   17   10   14    6
 -0.003028952141010454   17   10   14    7
 -0.00199637009643392   17   10   14    8
 -2.402440201955737e-14   17   10   14   10
 0.002247259854544765   17   10   14   11
 0.0020493937096623   17   10   14   12
 -0.003378263249861178   17   10   14   13
 7.320093347325209e-15   17   10   14   14
 1.036338280703492e-15   17   10   15    1
 -4.697459121740774e-15   17   10   15    2
 -3.089718128206509e-15   17   10   15    3
 -2.371485341677753e-15   17   10   15    4
 -1.781062613206501e-15   17   10   15    5
 -0.003863007031315247   17   10   15    6
 3.643530802188183e-15   17   10   15    7
 2.79275458401141e-15   17   10   15    8
 -0.002499189492384478   17   10   15    9
 -0.0107506158365562   17   10   15   10
 -3.194404899425045e-15   17   10   15   12
 6.76023519648228e-15   17   10   15   13
 0.005013443053873499   17   10   15   14
 -1.364453421500829e-14   17   10   15   15
 0.0003268290050207772   17   10   16    6
 -1.05687961942629e-15   17   10   16    8
 -0.000272016562719676   17   10   16    9
 0.001754480990418468   17   10   16   10
 1.031511065966633e-15   17   10   16   12
 -1.122456204002203e-05   17   10   16   14
 -1.85727528516512e-15   17   10   16   16
 0.001474595546894181   17   10   17    6
 -0.0007240994005169778   17   10   17    9
 0.03063569208789145   17   10   17   10
 -0.0497343193051118   17   11    1    1
 -7.924625327767136e-06   17   11    2    1
 0.003405572984002438   17   11    2    2
 0.0004703362622994938   17   11    3    1
 -0.00366564731589375   17   11    3    2
 -0.03228165326898076   17   11    3    3
 -0.001203188452901697   17   11    4    1
 -0.006055859709174787   17   11    4    2
 0.0004342764920503108   17   11    4    3
 -0.01824416902705682   17   11    4    4
 -0.002485909610169661   17   11    5    1
 0.0006539099656446773   17   11    5    2
 -0.004015697806284036   17   11    5    3
 0.001280545855541294   17   11    5    4
 -0.02201266290224441   17   11    5    5
 -3.107324281718951e-15   17   11    6    2
 -3.063286565710881e-15   17   11    6    5
 0.02731326529653269   17   11    6    6
 0.001402124292194286   17   11    7    1
 -0.002738169764071441   17   11    7    2
 0.01284408821601979   17   11    7    3
 0.00233283926990391   17   11    7    4
 -0.006043988194068821   17   11    7    5
 1.126435521775085e-15   17   11    7    6
 -0.02785061523370172   17   11    7    7
 -0.0020654483659034   17   11    8    1
 -0.0005113657661760475   17   11    8    2
 -0.005369150157320475   17   11    8    3
 0.007315007918711556   17   11    8    4
 -0.00326850073726191   17   11    8    5
 -1.698286313477672e-15   17   11    8    6
 0.009511719508773595   17   11    8    7
 -0.01518351670605637   17   11    8    8
 1.105085914229442e-15   17   11    9    5
 -0.01549919789667675   17   11    9    6
 -1.232820339438172e-15   17   11    9    7
 -0.02714533221913861   17   11    9    9
 -0.005827031494834108   17   11   10    6
 0.002260197773217803   17   11   10    9
 -0.02926491995421456   17   11   10   10
 0.002758527976034458   17   11   11    1
 -0.006919823822876016   17   11   11    2
 -0.001305508724218458   17   11   11    3
 -0.009613135350729756   17   11   11    4
 0.01299611854754345   17   11   11    5
 -0.005401084851184445   17   11   11    7
 -0.00451707239560384   17   11   11    8
 1.917978637568411e-15   17   11   11   10
 -0.01324456744798369   17   11   11   11
 0.00128697837032443   17   11   12    1
 -0.003123403479862707   17   11   12    2
 -0.004178203423810042   17   11   12    3
 -0.01047438701854343   17   11   12    4
 0.01374305353925886   17   11   12    5
 3.103886278852994e-15   17   11   12    6
 -0.008548158123325177   17   11   12    7
 -0.01262214970231062   17   11   12    8
 2.308968730216579e-15   17   11   12   10
 -0.005454213155131708   17   11   12   11
 -0.002061635882705688   17   11   12   12
 0.002162350017194488   17   11   13    1
 0.0005791777420641411   17   11   13    2
 -0.001662065875013575   17   11   13    3
 0.004776542809028318   17   11   13    4
 -0.005804030381957149   17   11   13    5
 2.178380903502307e-15   17   11   13    6
 -0.001947613082940974   17   11   13    7
 0.0003637785463977589   17   11   13    8
 1.293317819671905e-15   17   11   13    9
 4.348572190415846e-15   17   11   13   10
 -6.243159042973707e-05   17   11   13   11
 0.003861657263806685   17   11   13   12
 -0.01865402752466096   17   11   13   13
 -5.609195420874282e-15   17   11   14    2
 -4.005979284574601e-15   17   11   14    3
 -4.113931310376111e-15   17   11   14    4
 8.080976155205395e-15   17   11   14    5
 0.004700353627956208   17   11   14    6
 -8.32313203784544e-15   17   11   14    7
 -1.105025854637541e-14   17   11   14    8
 0.002787679976538881   17   11   14    9
 0.01003027180680699   17   11   14   10
 3.639233437383201e-14   17   11   14   11
 -1.224564392014533e-14   17   11   14   12
 1.572391930589762e-14   17   11   14   13
 0.03053025844692793   17   11   14   14
 -0.0005654848645596938   17   11   15    1
 -0.008207641282491606   17   11   15    2
 -0.00257037875186081   17   11   15    3
 -0.001547788902269949   17   11   15    4
 0.005265474879845162   17   11   15    5
 -6.868489173188393e-15   17   11   15    6
 -0.006736123633329693   17   11   15    7
 -0.008348278453824231   17   11   15    8
 -3.229742297096429e-15   17   11   15    9
 -1.282284240563547e-14   17   11   15   10
 0.02213545559443056   17   11   15   11
 -0.01496264296345213   17   11   15   12
 -0.005681382834280316   17   11   15   13
 -2.391841816549774e-14   17   11   15   14
 0.01158917911784525   17   11   15   15
 -0.004376961036549307   17   11   16    1
 -0.004186920169794795   17   11   16    2
 -0.01672602715842251   17   11   16    3
 -0.003189262138860836   17   11   16    4
 0.001797365785807524   17   11   16    5
 0.003667115944762551   17   11   16    7
 -0.01310143895157904   17   11   16    8
 0.0002584920209743456   17   11   16   11
 0.009475763204615734   17   11   16   12
 -0.002225751111072601   17   11   16   13
 0.0009062383190015101   17   11   16   15
 -0.02696558963534518   17   11   16   16
 -0.001415703264857832   17   11   17    1
 -0.005221694074956794   17   11   17    2
 -0.0007569176260170329   17   11   17    3
 0.0007843351271451483   17   11   17    4
 -0.01145492316729159   17   11   17    5
 -0.001847605553828732   17   11   17    7
 -0.001269294995770849   17   11   17    8
 0.02508224612908872   17   11   17   11
 -0.03128442180809375   17   12    1    1
 -6.705127443127103e-05   17   12    2    1
 0.02483872358892579   17   12    2    2
 0.0005924733460766654   17   12    3    1
 0.004203745867513924   17   12    3    2
 0.00293309657847944   17   12    3    3
 -0.0006161740673159   17   12    4    1
 0.01169664541194142   17   12    4    2
 0.01978521989705355   17   12    4    3
 0.01934444789178697   17   12    4    4
 -0.0008931543832682355   17   12    5    1
 -0.0002750249161792164   17   12    5    2
 0.006715316399426757   17   12    5    3
 0.009257651822684473   17   12    5    4
 0.007893290449938204   17   12    5    5
 -1.824073434712842e-15   17   12    6    2
 -0.004309894736012851   17   12    6    6
 0.0003209600973093411   17   12    7    1
 0.01457648190833156   17   12    7    2
 0.01167320791574312   17   12    7    3
 0.02783759606071555   17   12    7    4
 0.005755299859166008   17   12    7    5
 0.0193845076803945   17   12    7    7
 -0.0007341253563483411   17   12    8    1
 0.002237737831107027   17   12    8    2
 -0.007813505004357459   17   12    8    3
 -0.008328173355441748   17   12    8    4
 -0.02166369946759479   17   12    8    5
 -1.319394275177912e-15   17   12    8    6
 -0.001949106000233257   17   12    8    7
 0.01366377234573994   17   12    8    8
 0.006143176866746564   17   12    9    6
 0.005547559385203415   17   12    9    9
 0.008877947867799444   17   12   10    6
 0.02395412991615925   17   12   10    9
 0.01306917445342715   17   12   10   10
 0.000927968275478967   17   12   11    1
 -0.007059975308104769   17   12   11    2
 -0.0002016425024588323   17   12   11    3
 -0.002751891298007561   17   12   11    4
 0.004499132523258824   17   12   11    5
 0.0007284124238671016   17   12   11    7
 -0.003104968817257506   17   12   11    8
 -1.026798390207005e-15   17   12   11    9
 0.01073253603991693   17   12   11   11
 0.0004384434895948563   17   12   12    1
 0.00725827159602719   17   12   12    2
 0.008806375014358497   17   12   12    3
 0.01608758900475674   17   12   12    4
 -0.006856970524406092   17   12   12    5
 0.0172491758177457   17   12   12    7
 0.01147349853517274   17   12   12    8
 -1.246234621032652e-15   17   12   12    9
 -0.008351705264824844   17   12   12   11
 0.02349694343601208   17   12   12   12
 0.001065443934954355   17   12   13    1
 0.00201618218712275   17   12   13    2
 -0.004535213192912706   17   12   13    3
 0.003227363828531051   17   12   13    4
 -0.002868962144262672   17   12   13    5
 -1.525647203278314e-15   17   12   13    6
 0.002890049805960602   17   12   13    7
 -0.002310503921688435   17   12   13    8
 -2.491114598860182e-15   17   12   13    9
 -3.006271762860424e-15   17   12   13   10
 0.004303953773961158   17   12   13   11
 -0.004334480466382896   17   12   13   12
 -0.009518061667116218   17   12   13   13
 -7.211503254378125e-15   17   12   14    2
 8.347834525960706e-15   17   12   14    3
 7.719046045355415e-15   17   12   14    4
 2.687931838074342e-15   17   12   14    5
 -0.00241362389274318   17   12   14    6
 -3.955569956662117e-15   17   12   14    7
 -2.702055415149935e-15   17   12   14    8
 -0.005002117725631891   17   12   14    9
 -0.00524442674919532   17   12   14   10
 -2.243178861794646e-14   17   12   14   11
 3.806668973418051e-14   17   12   14   12
 -5.88941629263187e-15   17   12   14   13
 -0.007259934626603183   17   12   14   14
 -0.0003000715591525738   17   12   15    1
 -0.0004562860407752321   17   12   15    2
 0.005352254495696197   17   12   15    3
 0.008310837834904486   17   12   15    4
 -0.000462935783271705   17   12   15    5
 3.033547916111387e-15   17   12   15    6
 0.0007284055569880144   17   12   15    7
 -0.0005703663143733182   17   12   15    8
 7.061815988181246e-15   17   12   15    9
 6.977233651187478e-15   17   12   15   10
 -0.01332585066897458   17   12   15   11
 0.0274336284204502   17   12   15   12
 -0.005994126639370744   17   12   15   13
 1.742094899824687e-14   17   12   15   14
 0.009671931926182889   17   12   15   15
 -0.001556308169180903   17   12   16    1
 -0.002898571290852795   17   12   16    2
 -0.006467794448764309   17   12   16    3
 0.001749177111795715   17   12   16    4
 -0.008567154384485019   17   12   16    5
 0.006013259948976581   17   12   16    7
 0.002708803627689757   17   12   16    8
 0.02342077323026996   17   12   16   11
 -0.004096887106693297   17   12   16   12
 0.005785234094641379   17   12   16   13
 -1.612298439565171e-14   17   12   16   14
 -0.009699547787011471   17   12   16   15
 0.01061143913953499   17   12   16   16
 -0.0001033464913286949   17   12   17    1
 0.009721731932487605   17   12   17    2
 -0.003540081369361211   17   12   17    3
 0.01048084777666941   17   12   17    4
 -0.004582203761006166   17   12   17    5
 -1.11800217521274e-15   17   12   17    6
 0.02560859919836426   17   12   17    7
 0.003708792973292756   17   12   17    8
 -1.325857284205367e-15   17   12   17   10
 -4.655300311657857e-05   17   12   17   11
 0.02705005712664952   17   12   17   12
 0.009724772269381256   17   13    1    1
 0.0001521152392524009   17   13    2    1
 0.03910423109513831   17   13    2    2
 0.0007860886116103389   17   13    3    1
 0.003339166521046888   17   13    3    2
 0.04312562343161808   17   13    3    3
 0.004301354613990379   17   13    4    1
 0.001805618888718549   17   13    4    2
 0.02584515501378995   17   13    4    3
 -0.001347007370309764   17   13    4    4
 -0.001014780261979884   17   13    5    1
 1.448083740637722e-05   17   13    5    2
 -0.002854947826112681   17   13    5    3
 0.003344123699315934   17   13    5    4
 0.01553693602997879   17   13    5    5
 -4.957575047289046e-15   17   13    6    2
 1.763898460273696e-15   17   13    6    3
 0.007032036386006282   17   13    6    6
 -0.006972570639233962   17   13    7    1
 0.0008063676742091841   17   13    7    2
 -0.03595697848362289   17   13    7    3
 0.0239352014515213   17   13    7    4
 0.004076055684128242   17   13    7    5
 0.0264097414189906   17   13    7    7
 -0.000760164738837612   17   13    8    1
 0.0002216116037320141   17   13    8    2
 -0.003845155835401723   17   13    8    3
 -0.001126622045225274   17   13    8    4
 -0.02388192978396667   17   13    8    5
 -1.184477599485458e-15   17   13    8    6
 0.002221174474946183   17   13    8    7
 0.00971270335031498   17   13    8    8
 2.269163865214806e-15   17   13    9    2
 3.177609251295002e-15   17   13    9    3
 0.01046408234694271   17   13    9    6
 -1.965485980452152e-15   17   13    9    7
 0.03686931453042475   17   13    9    9
 1.546411967066831e-15   17   13   10    2
 1.151200785599839e-15   17   13   10    4
 0.008805464166606639   17   13   10    6
 0.02202773075483192   17   13   10    9
 0.03344165057524979   17   13   10   10
 6.881313245684822e-05   17   13   11    1
 -0.0004927753991031547   17   13   11    2
 -0.0002943970917066705   17   13   11    3
 -0.000984927332067414   17   13   11    4
 -0.02203188332974715   17   13   11    5
 -2.604741888823765e-15   17   13   11    6
 0.000713929179045694   17   13   11    7
 0.0001423589018222716   17   13   11    8
 0.01989264049745795   17   13   11   11
 -0.000681044000213969   17   13   12    1
 0.001354125195907077   17   13   12    2
 0.005081390818688625   17   13   12    3
 0.009304095313506155   17   13   12    4
 -0.01023402019616474   17   13   12    5
 0.006549819465827503   17   13   12    7
 0.001639844372726266   17   13   12    8
 -1.32799166217433e-15   17   13   12    9
 -1.0356885814958e-15   17   13   12   10
 0.002521899138572255   17   13   12   11
 0.02308899395618267   17   13   12   12
 -0.005931764508846239   17   13   13    1
 -0.0003478601300223565   17   13   13    2
 -0.005983660951718657   17   13   13    3
 0.0004167750925217529   17   13   13    4
 -0.004646697555769533   17   13   13    5
 -0.001877986177158617   17   13   13    7
 -0.002624571726810055   17   13   13    8
 -3.725944455573776e-15   17   13   13    9
 -5.553387416275338e-15   17   13   13   10
 0.002252294871858459   17   13   13   11
 -0.004248871806287804   17   13   13   12
 -0.02534513999245021   17   13   13   13
 -5.172713216075341e-15   17   13   14    1
 1.277817760947206e-15   17   13   14    2
 2.63234051281064e-15   17   13   14    3
 1.989941550642141e-14   17   13   14    4
 1.666623786495163e-14   17   13   14    5
 -0.0002287513610930399   17   13   14    6
 -3.426740643349965e-15   17   13   14    7
 5.05389053396339e-15   17   13   14    8
 -0.007359150835274071   17   13   14    9
 -0.007379393311202482   17   13   14   10
 -7.186247680484644e-15   17   13   14   11
 1.1045843992908e-14   17   13   14   12
 -1.196269784693238e-14   17   13   14   13
 0.005953673992761605   17   13   14   14
 -0.005583656773569354   17   13   15    1
 0.0005612545131529384   17   13   15    2
 0.001079427830074599   17   13   15    3
 0.01557695623935548   17   13   15    4
 0.006426922536048788   17   13   15    5
 -0.001131573963670544   17   13   15    7
 0.002928460703002008   17   13   15    8
 1.13837844189944e-14   17   13   15    9
 1.208335935941094e-14   17   13   15   10
 -0.006100754342111561   17   13   15   11
 0.01047337044608093   17   13   15   12
 -0.01921991252941874   17   13   15   13
 1.805093230208586e-14   17   13   15   14
 0.01002679322671866   17   13   15   15
 -0.0003174516834679014   17   13   16    1
 -0.0001557294732990526   17   13   16    2
 -0.002995826161996755   17   13   16    3
 -0.001219688024771802   17   13   16    4
 -0.004749464375906855   17   13   16    5
 3.660166603113035e-05   17   13   16    7
 0.02116661792585794   17   13   16    8
 0.02144042678352925   17   13   16   11
 0.006403054409610602   17   13   16   12
 0.004485635317828596   17   13   16   13
 -1.527365817550041e-14   17   13   16   14
 -0.007117414555922952   17   13   16   15
 0.02482940388513186   17   13   16   16
 0.01023603363766058   17   13   17    1
 -0.001581168321926061   17   13   17    2
 -0.00318635650658399   17   13   17    3
 -0.01846841901218633   17   13   17    4
 0.0008428608167578983   17   13   17    5
 -1.163491232612085e-15   17   13   17    6
 0.02334066588729993   17   13   17    7
 0.001163877566465981   17   13   17    8
 -1.118161417406824e-15   17   13   17    9
 -3.034932602539314e-15   17   13   17   10
 -0.005268096357537985   17   13   17   11
 0.003855031320241201   17   13   17   12
 0.03122706678573412   17   13   17   13
 -2.636625277643993e-13   17   14    1    1
 2.259776262947327e-14   17   14    2    2
 3.003954176877664e-15   17   14    3    1
 -8.606497939698589e-15   17   14    3    2
 -1.312676249464874e-13   17   14    3    3
 -5.373393806385384e-15   17   14    4    1
 -9.452927296687778e-15   17   14    4    2
 2.971054219152576e-14   17   14    4    3
 -5.487689911403077e-14   17   14    4    4
 2.791281189357508e-15   17   14    5    1
 -3.987790902855942e-15   17   14    5    2
 -4.204676889987199e-15   17   14    5    3
 -1.322102904463615e-14   17   14    5    4
 -7.220471376961714e-14   17   14    5    5
 9.720254835829315e-05   17   14    6    1
 -0.01093495466155472   17   14    6    2
 0.002958087715751599   17   14    6    3
 0.002876033342044075   17   14    6    4
 -0.0004258877432700584   17   14    6    5
 7.741060473825364e-14   17   14    6    6
 4.146579353278671e-15   17   14    7    1
 5.39024324290242e-15   17   14    7    2
 6.494670701151295e-14   17   14    7    3
 5.160419748746041e-14   17   14    7    4
 -1.442940873541375e-14   17   14    7    5
 0.0007457176093324647   17   14    7    6
 -9.060022483367449e-14   17   14    7    7
 2.159830192946968e-15   17   14    8    1
 7.079283185434152e-15   17   14    8    2
 1.882802522298908e-14   17   14    8    3
 1.950576687499733e-14   17   14    8    4
 -5.168931577454323e-14   17   14    8    5
 0.0004947415488839611   17   14    8    6
 1.145983474208248e-14   17   14    8    7
 -4.06476723357529e-14   17   14    8    8
 0.0006570494183560032   17   14    9    1
 0.004421871795465884   17   14    9    2
 0.005554338754196126   17   14    9    3
 -0.0001590094044649394   17   14    9    4
 0.0002156051999669027   17   14    9    5
 -4.545051968820322e-14   17   14    9    6
 -0.004341221446724879   17   14    9    7
 -0.0008035287232162396   17   14    9    8
 -1.107467372690077e-13   17   14    9    9
 -0.0007108674826148345   17   14   10    1
 0.00308923546249699   17   14   10    2
 0.00081807462489925   17   14   10    3
 0.001459266510149751   17   14   10    4
 0.0004584467496121539   17   14   10    5
 -2.97872273251779e-15   17   14   10    6
 -0.001830937997665516   17   14   10    7
 -0.0009030527634253227   17   14   10    8
 4.212096034112909e-14   17   14   10    9
 -1.091620643154934e-13   17   14   10   10
 -2.574968035991179e-15   17   14   11    1
 -8.022091827164797e-15   17   14   11    2
 1.942815764859391e-15   17   14   11    3
 -1.283165531224951e-15   17   14   11    4
 4.835436732690729e-14   17   14   11    5
 -0.002504821347049866   17   14   11    6
 -1.564532870651613e-14   17   14   11    7
 -1.811837216795915e-14   17   14   11    8
 0.0009011568883074003   17   14   11    9
 0.001916570135937453   17   14   11   10
 -3.008014993616468e-14   17   14   11   11
 3.632571629666251e-15   17   14   12    2
 -1.030642222668814e-14   17   14   12    3
 -1.632304338946114e-14   17   14   12    4
 3.473014867571542e-14   17   14   12    5
 0.003850872944028456   17   14   12    6
 -2.071367840249452e-14   17   14   12    7
 -2.922676191416246e-14   17   14   12    8
 -0.0001373280136245359   17   14   12    9
 0.0005078652913681553   17   14   12   10
 -2.874409949238565e-14   17   14   12   11
 4.703034856426629e-14   17   14   12   12
 7.011224204558966e-15   17   14   13    1
 4.625719647490444e-15   17   14   13    2
 -1.934714071151109e-14   17   14   13    3
 3.469655305910922e-14   17   14   13    4
 1.329461614839411e-14   17   14   13    5
 0.0005261549334948691   17   14   13    6
 -1.100916573670846e-14   17   14   13    7
 5.225933142306829e-15   17   14   13    8
 -0.0003361195794741542   17   14   13    9
 -0.003077944547803562   17   14   13   10
 -7.236080479271302e-15   17   14   13   11
 -1.01538376973533e-13   17   14   13   13
 8.156381784360168e-05   17   14   14    1
 0.003769001057326791   17   14   14    2
 -0.002255093253985143   17   14   14    3
 -0.003192117496905086   17   14   14    4
 0.00172405630063483   17   14   14    5
 3.728012461837025e-14   17   14   14    6
 -0.001949891032588486   17   14   14    7
 -0.002503371824068514   17   14   14    8
 3.348094631875528e-14   17   14   14   10
 0.007407117975227399   17   14   14   11
 -0.003156552791902144   17   14   14   12
 -0.001162455569341764   17   14   14   13
 9.095957117953262e-14   17   14   14   14
 4.999216206549014e-15   17   14   15    1
 -2.116764192014222e-14   17   14   15    2
 6.26428224374055e-15   17   14   15    3
 -2.301821800124274e-15   17   14   15    4
 -1.741696948491725e-14   17   14   15    5
 -0.002754968979141611   17   14   15    6
 -2.602511770434015e-14   17   14   15    7
 -6.598290361790209e-15   17   14   15    8
 0.002625899292094406   17   14   15    9
 0.004187600929306517   17   14   15   10
 6.312319566943246e-14   17   14   15   11
 -1.616690992371341e-14   17   14   15   12
 -1.306598702488382e-14   17   14   15   13
 0.0090831136190408   17   14   15   14
 -1.791324762103165e-15   17   14   15   15
 3.869235587462847e-15   17   14   16    1
 1.149370541192884e-15   17   14   16    2
 1.024780423611209e-14   17   14   16    3
 -5.81465751701429e-15   17   14   16    4
 -4.803157392517404e-15   17   14   16    5
 0.0005215082903522759   17   14   16    6
 -4.88449218316519e-15   17   14   16    7
 -5.610353011243237e-14   17   14   16    8
 -0.0003788595594038813   17   14   16    9
 -0.0004376153020090879   17   14   16   10
 3.152757381540277e-14   17   14   16   11
 3.956453582876797e-14   17   14   16   12
 3.491076631075892e-15   17   14   16   13
 0.0009141884797782727   17   14   16   14
 -1.933965612469764e-14   17   14   16   15
 -9.014315275995585e-14   17   14   16   16
 -4.933812979444303e-15   17   14   17    1
 -8.567473987197705e-15   17   14   17    3
 1.494971139069656e-14   17   14   17    4
 1.198933801630636e-14   17   14   17    5
 -0.001556351477452251   17   14   17    6
 2.73687593855404e-14   17   14   17    7
 -0.001521826548003551   17   14   17    9
 -0.005002950033028302   17   14   17   10
 2.005860755271982e-14   17   14   17   11
 3.109817091340172e-15   17   14   17   12
 -2.169176839018905e-14   17   14   17   13
 0.004885106940793259   17   14   17   14
 -0.1844744431795888   17   15    1    1
 -0.0001017634751250888   17   15    2    1
 0.0370828673070429   17   15    2    2
 0.002662796802459413   17   15    3    1
 -0.004583669319403185   17   15    3    2
 -0.07491140336366628   17   15    3    3
 -0.002334769462360882   17   15    4    1
 -0.004362822650643945   17   15    4    2
 0.03337451218472971   17   15    4    3
 -0.03475815264885569   17   15    4    4
 0.001284834308604203   17   15    5    1
 -0.002544113468675801   17   15    5    2
 -0.001335303688887761   17   15    5    3
 -0.005696466126720704   17   15    5    4
 -0.04407924109669954   17   15    5    5
 1.314151999710965e-14   17   15    6    2
 -4.037077813918429e-15   17   15    6    3
 -4.822850563814005e-15   17   15    6    4
 -7.274040389399693e-15   17   15    6    5
 0.0597047419657606   17   15    6    6
 0.0003894588292888451   17   15    7    1
 0.006633325464618809   17   15    7    2
 0.03400792185508959   17   15    7    3
 0.04929091820149508   17   15    7    4
 -0.006808766131277977   17   15    7    5
 -0.04929048312553737   17   15    7    7
 0.001039178914986688   17   15    8    1
 0.004366423163612624   17   15    8    2
 0.009560963547728252   17   15    8    3
 0.01029410268783076   17   15    8    4
 -0.04741066203617882   17   15    8    5
 -6.428868274973417e-15   17   15    8    6
 0.008405256633503045   17   15    8    7
 -0.02331806755738255   17   15    8    8
 -5.947099239018977e-15   17   15    9    2
 -8.018786394112076e-15   17   15    9    3
 1.530593515775926e-15   17   15    9    5
 -0.02850565736367752   17   15    9    6
 5.313637437187687e-15   17   15    9    7
 1.991257469037721e-15   17   15    9    8
 -0.06169689619206555   17   15    9    9
 1.577372131952252e-15   17   15   10    1
 -3.916538284258531e-15   17   15   10    2
 -1.675213702917184e-15   17   15   10    3
 -2.579208557014665e-15   17   15   10    4
 -0.0001904715801766662   17   15   10    6
 1.730416512699101e-15   17   15   10    7
 0.04207031670385498   17   15   10    9
 -0.0601306690536278   17   15   10   10
 -0.001617349974878097   17   15   11    1
 -0.01039262397845385   17   15   11    2
 0.001197869454537915   17   15   11    3
 -0.001873370422721437   17   15   11    4
 0.02714824287583577   17   15   11    5
 6.932945859325235e-15   17   15   11    6
 -0.009890278340162675   17   15   11    7
 -0.01429894021078958   17   15   11    8
 -1.433590004023161e-15   17   15   11    9
 -0.01217106245023324   17   15   11   11
 -0.0005582239288833451   17   15   12    1
 0.005307075941609625   17   15   12    2
 -0.002815747214278277   17   15   12    3
 -0.003966252559971478   17   15   12    4
 0.01705281380211628   17   15   12    5
 -1.737073358946762e-15   17   15   12    6
 -0.007653484942399458   17   15   12    7
 -0.01457877436119988   17   15   12    8
 3.320886300516888e-15   17   15   12   10
 -0.02068816542991464   17   15   12   11
 0.03912801554953052   17   15   12   12
 0.003076458635276294   17   15   13    1
 0.002968982650055981   17   15   13    2
 -0.01515436885502845   17   15   13    3
 0.02525276264999381   17   15   13    4
 0.005341047414616749   17   15   13    5
 5.961656032205151e-15   17   15   13    6
 -0.006366075617052286   17   15   13    7
 0.002720213742363332   17   15   13    8
 1.348330285878652e-14   17   15   13   10
 -0.006257363540242442   17   15   13   11
 -0.00182688291511784   17   15   13   12
 -0.08051902326732259   17   15   13   13
 5.042608133543221e-15   17   15   14    1
 -2.179251044687983e-14   17   15   14    2
 1.383839366243689e-14   17   15   14    3
 -6.84183412675123e-15   17   15   14    4
 -1.949929666165174e-14   17   15   14    5
 0.01217128637189943   17   15   14    6
 -2.465050058842041e-14   17   15   14    7
 -7.354124494613726e-15   17   15   14    8
 -0.0005457068782806621   17   15   14    9
 0.01906513059211595   17   15   14   10
 6.945581832698518e-14   17   15   14   11
 1.317445981482701e-14   17   15   14   12
 4.588634558430602e-14   17   15   14   13
 0.06545401451926969   17   15   14   14
 0.001252089757567034   17   15   15    1
 -0.01536331280195458   17   15   15    2
 0.003357284006682973   17   15   15    3
 0.002061766473038143   17   15   15    4
 -0.007074300718845152   17   15   15    5
 -1.326242320416224e-14   17   15   15    6
 -0.02061583428760769   17   15   15    7
 -0.007879174399039809   17   15   15    8
 -2.876077301693988e-15   17   15   15    9
 -3.183299616332828e-14   17   15   15   10
 0.0460255513660975   17   15   15   11
 -0.003790838030337848   17   15   15   12
 -0.02115155400896584   17   15   15   13
 -7.198729602737932e-14   17   15   15   14
 0.02274436498647755   17   15   15   15
 0.002108021936487848   17   15   16    1
 1.345608812755539e-05   17   15   16    2
 0.004187236694277139   17   15   16    3
 -0.003607800965864673   17   15   16    4
 -0.006512444930456663   17   15   16    5
 -1.889734948846646e-15   17   15   16    6
 -0.001881832794838707   17   15   16    7
 -0.03008098082522627   17   15   16    8
 0.03438868213929867   17   15   16   11
 0.02594649513826195   17   15   16   12
 0.005281381015476942   17   15   16   13
 -3.580252329236216e-14   17   15   16   14
 -0.01530500654914021   17   15   16   15
 -0.05251169238217504   17   15   16   16
 0.000375535700700309   17   15   17    1
 -0.001341648004785602   17   15   17    2
 -0.007607627169918602   17   15   17    3
 0.006061990173549865   17   15   17    4
 0.007382373055423298   17   15   17    5
 2.929568480164457e-15   17   15   17    6
 0.03160081337515711   17   15   17    7
 0.0006640908067758161   17   15   17    8
 2.232263852930405e-15   17   15   17    9
 8.12684067177244e-15   17   15   17   10
 0.01249966019477128   17   15   17   11
 0.00905509975927352   17   15   17   12
 -0.004805154276554195   17   15   17   13
 7.762654451529127e-14   17   15   17   14
 0.05792546105602352   17   15   17   15
 0.02455566991829222   17   16    1    1
 -1.78783014801667e-07   17   16    2    1
 -0.003206316816788206   17   16    2    2
 -0.0003370746017703382   17   16    3    1
 0.001174815024747731   17   16    3    2
 0.01071864393641036   17   16    3    3
 0.0005622826037280325   17   16    4    1
 0.001594005523908213   17   16    4    2
 -0.002633704412712306   17   16    4    3
 0.004713909040339989   17   16    4    4
 0.004321374870156434   17   16    5    1
 0.002679402509891626   17   16    5    2
 0.02911095373777213   17   16    5    3
 -9.194695599261784e-05   17   16    5    4
 0.003110332747043444   17   16    5    5
 1.851868004734666e-15   17   16    6    3
 1.150905200950122e-15   17   16    6    5
 -0.006759652022583195   17   16    6    6
 -0.0007570101444205585   17   16    7    1
 0.0002751648161585671   17   16    7    2
 -0.006298152092569029   17   16    7    3
 -0.004796128234491492   17   16    7    4
 -0.008745359833028921   17   16    7    5
 0.007423451931846053   17   16    7    7
 0.003553735798806026   17   16    8    1
 -0.002421508683700601   17   16    8    2
 0.0001885484610495406   17   16    8    3
 -0.01461481114457297   17   16    8    4
 0.006709320663371822   17   16    8    5
 -0.0002872318700988079   17   16    8    7
 0.002076739966315999   17   16    8    8
 0.002627574519168999   17   16    9    6
 0.008487733340625575   17   16    9    9
 -0.0009875738264364456   17   16   10    6
 -0.005323217028016646   17   16   10    9
 0.00781779728547948   17   16   10   10
 -0.004600987140101221   17   16   11    1
 -0.005041701739716244   17   16   11    2
 -0.02513581264603129   17   16   11    3
 -0.002916148228696918   17   16   11    4
 -0.001347001723404031   17   16   11    5
 0.01482659619473923   17   16   11    7
 -0.001124806089224428   17   16   11    8
 0.003996426417045747   17   16   11   11
 -0.001971786634078506   17   16   12    1
 -0.002747326181622716   17   16   12    2
 -0.008789141993910649   17   16   12    3
 0.00121866212791167   17   16   12    4
 -0.002266405777289672   17   16   12    5
 0.008239018981986387   17   16   12    7
 0.0009483530574487531   17   16   12    8
 0.002442072238516206   17   16   12   11
 -0.009455795164506064   17   16   12   12
 -0.001596333320257781   17   16   13    1
 -0.0002880244764359782   17   16   13    2
 -0.001784122501713766   17   16   13    3
 -0.002839658124819366   17   16   13    4
 -8.82413042334258e-05   17   16   13    5
 -1.685019737666897e-15   17   16   13    6
 0.002186064649027155   17   16   13    7
 0.006408274230488205   17   16   13    8
 -1.323717218458265e-15   17   16   13   10
 -0.00180784829328148   17   16   13   11
 -0.001190163062119623   17   16   13   12
 0.00803220025654308   17   16   13   13
 4.263356309079871e-15   17   16   14    1
 1.669678155851526e-14   17   16   14    3
 3.311789216898323e-15   17   16   14    5
 -0.003728181971107862   17   16   14    6
 -8.081331045865009e-15   17   16   14    7
 -1.565622345336146e-14   17   16   14    8
 -0.0001875423993048504   17   16   14    9
 -0.002830807529553133   17   16   14   10
 -1.033560330803855e-14   17   16   14   11
 7.137745119501245e-15   17   16   14   12
 -0.00789665250716389   17   16   14   14
 0.002175196891143465   17   16   15    1
 -8.675640811773926e-05   17   16   15    2
 0.008010866197901119   17   16   15    3
 -0.0009355882252657359   17   16   15    4
 0.001598277357918151   17   16   15    5
 4.974317476901387e-15   17   16   15    6
 -0.00287184043081164   17   16   15    7
 -0.007960224819268598   17   16   15    8
 3.501232755712224e-15   17   16   15   10
 -0.005289896938141965   17   16   15   11
 0.002610573632990867   17   16   15   12
 0.004558953265012489   17   16   15   13
 2.301854827986718e-15   17   16   15   14
 -0.002214070919110233   17   16   15   15
 0.007242603015405163   17   16   16    1
 -0.005313461155270409   17   16   16    2
 0.002311035128121162   17   16   16    3
 -0.01239883698525109   17   16   16    4
 0.001777419409645129   17   16   16    5
 -0.00164798452098731   17   16   16    7
 0.004606496622312704   17   16   16    8
 -0.007595120547886758   17   16   16   11
 -0.009502185722998073   17   16   16   12
 0.01308043519046738   17   16   16   13
 -1.213035692009709e-14   17   16   16   14
 -0.00607200842538028   17   16   16   15
 0.008811630856496234   17   16   16   16
 0.0003323025606943945   17   16   17    1
 -0.0005367247898215657   17   16   17    2
 0.002229230457063727   17   16   17    3
 -0.001177996167363739   17   16   17    4
 0.001604253426586673   17   16   17    5
 -0.005932557600631352   17   16   17    7
 0.01736482548448999   17   16   17    8
 -0.00024821613778639   17   16   17   11
 0.0002476678707632094   17   16   17   12
 5.479726109114055e-05   17   16   17   13
 -5.816067029026928e-15   17   16   17   14
 -0.003185018758569414   17   16   17   15
 0.02990412712507027   17   16   17   16
 0.7058276552732643   17   17    1    1
 0.0001809528616786715   17   17    2    1
 0.4305717748858006   17   17    2    2
 -0.005737341084897186   17   17    3    1
 0.01406040746141293   17   17    3    2
 0.5229389199899894   17   17    3    3
 0.009621337696517058   17   17    4    1
 0.0183241065832952   17   17    4    2
 0.01653351235477958   17   17    4    3
 0.4080504286787303   17   17    4    4
 -0.0006465421126707394   17   17    5    1
 -0.00590060420620556   17   17    5    2
 -0.009627162274619391   17   17    5    3
 0.0004574057108790179   17   17    5    4
 0.4254520994754078   17   17    5    5
 -1.967889560670981e-15   17   17    6    2
 9.222113927095124e-15   17   17    6    5
 0.2714919053132169   17   17    6    6
 -0.007605227324293263   17   17    7    1
 0.008910708523922109   17   17    7    2
 -0.1066699414246413   17   17    7    3
 -0.005523329531268995   17   17    7    4
 0.00726501088298106   17   17    7    5
 -3.2907970622409e-15   17   17    7    6
 0.4932640915948565   17   17    7    7
 -0.0004131834840086245   17   17    8    1
 0.007472435450648934   17   17    8    2
 -0.005656356656864586   17   17    8    3
 -0.0001222779492670556   17   17    8    4
 -0.008344576519271221   17   17    8    5
 3.450135825255674e-15   17   17    8    6
 0.005598907664167808   17   17    8    7
 0.3967644869697605   17   17    8    8
 1.217961321473169e-15   17   17    9    2
 -3.841915756868101e-15   17   17    9    5
 0.0620933880647337   17   17    9    6
 -1.964805227115203e-15   17   17    9    8
 0.4903327730602918   17   17    9    9
 -1.377311595661258e-15   17   17   10    1
 1.67863546629744e-15   17   17   10    2
 -2.964905254847439e-15   17   17   10    5
 0.03029757915226287   17   17   10    6
 -0.000512023065948281   17   17   10    9
 0.5005948838072405   17   17   10   10
 0.0003139936397115684   17   17   11    1
 -0.01838068815356819   17   17   11    2
 -0.009342051840849038   17   17   11    3
 -0.002042198955243908   17   17   11    4
 -0.09825171398988759   17   17   11    5
 0.000174933189898716   17   17   11    7
 0.007886800306839298   17   17   11    8
 -4.821862837359863e-15   17   17   11    9
 -7.421857702917343e-15   17   17   11   10
 0.4007313178476586   17   17   11   11
 -0.0007698942702108208   17   17   12    1
 0.01775619583028746   17   17   12    2
 0.02223293632575955   17   17   12    3
 0.04194534299680454   17   17   12    4
 -0.03927113426323607   17   17   12    5
 0.04418842188267039   17   17   12    7
 0.005491605380453233   17   17   12    8
 -5.030779451102799e-15   17   17   12    9
 -9.685523232394927e-15   17   17   12   10
 0.04431132419271112   17   17   12   11
 0.3848638700484894   17   17   12   12
 -0.01341657891861667   17   17   13    1
 0.001901129263137503   17   17   13    2
 0.02492681966797591   17   17   13    3
 -0.07405085676380317   17   17   13    4
 -0.00971505251399056   17   17   13    5
 1.287466182743396e-14   17   17   13    6
 0.04064797214791822   17   17   13    7
 -9.115097459750499e-06   17   17   13    8
 -1.437305436156633e-14   17   17   13    9
 -2.455023617235773e-14   17   17   13   10
 0.007809036741041699   17   17   13   11
 -0.005918375701290377   17   17   13   12
 0.3942551525905122   17   17   13   13
 -9.907828865672866e-15   17   17   14    1
 -1.845409160700321e-14   17   17   14    2
 1.19109145870943e-14   17   17   14    3
 6.780545957191068e-14   17   17   14    4
 7.5573040943444e-14   17   17   14    5
 0.03013019734761978   17   17   14    6
 4.544672268394034e-14   17   17   14    7
 1.305149252278867e-14   17   17   14    8
 -0.02904788109664977   17   17   14    9
 -0.048696522946618   17   17   14   10
 -8.257365349792305e-14   17   17   14   11
 3.673563095558284e-14   17   17   14   12
 -6.849882318982806e-14   17   17   14   13
 0.2705072041695978   17   17   14   14
 -0.006005865897399275   17   17   15    1
 -0.01796848695111123   17   17   15    2
 0.02013627510170204   17   17   15    3
 0.02955040155775007   17   17   15    4
 0.03812214035744253   17   17   15    5
 -3.918156023481149e-14   17   17   15    6
 0.05341979536135479   17   17   15    7
 0.01147386536206494   17   17   15    8
 4.021986897013712e-14   17   17   15    9
 6.750068446123973e-14   17   17   15   10
 -0.04468464672947809   17   17   15   11
 0.04826143306850074   17   17   15   12
 -0.003775098467326763   17   17   15   13
 1.313085909246592e-13   17   17   15   14
 0.3596269744296092   17   17   15   15
 0.0003178434789876077   17   17   16    1
 -7.495038445533205e-05   17   17   16    2
 -0.002348847453989059   17   17   16    3
 -0.008045963380211366   17   17   16    4
 0.005261027574012157   17   17   16    5
 3.626618350573971e-15   17   17   16    6
 -0.01356776498456442   17   17   16    7
 0.1092336995777016   17   17   16    8
 0.01616874106891649   17   17   16   11
 0.002849685412175979   17   17   16   12
 -0.001652126604465448   17   17   16   13
 1.539435112445384e-14   17   17   16   14
 0.009418439812835661   17   17   16   15
 0.4719551987404714   17   17   16   16
 0.007964348504576281   17   17   17    1
 -0.004410594541979018   17   17   17    2
 -0.003912203112788341   17   17   17    3
 -0.004307830616579328   17   17   17    4
 0.004983051859624135   17   17   17    5
 1.240760966192411e-15   17   17   17    6
 0.0155732836500049   17   17   17    7
 -0.0009397934331972987   17   17   17    8
 -1.569491064890016e-15   17   17   17    9
 -3.044222859904799e-15   17   17   17   10
 -0.03616766183343188   17   17   17   11
 0.01414978282750621   17   17   17   12
 0.04835284443135146   17   17   17   13
 -1.352459810810558e-13   17   17   17   14
 -0.07330524447548215   17   17   17   15
 0.009653406427259426   17   17   17   16
 0.5936679462145553   17   17   17   17
 -21.65067998551542    1    1  0  0
 -0.0003948421991963638    2    1  0  0
 -10.27894709178008    2    2  0  0
 0.2996058875629369    3    1  0  0
 -0.05545446474670693    3    2  0  0
 -7.70633204784384    3    3  0  0
 -0.2264485120997108    4    1  0  0
 -0.1177471191919354    4    2  0  0
 -0.005234121373683669    4    3  0  0
 -6.631613081213209    4    4  0  0
 0.004843803228966486    5    1  0  0
 0.07167251824360016    5    2  0  0
 0.1466889534457742    5    3  0  0
 0.06314402252679424    5    4  0  0
 -6.675898388497132    5    5  0  0
 -1.224321516795497e-14    6    1  0  0
 4.069081530407025e-15    6    2  0  0
 -1.700616126122579e-15    6    4  0  0
 -8.775369616127943e-14    6    5  0  0
 -5.205338712723689    6    6  0  0
 -0.0004552383772596255    7    1  0  0
 -0.1011230537627172    7    2  0  0
 0.8056233094972695    7    3  0  0
 0.09287998250448272    7    4  0  0
 0.02176071190255117    7    5  0  0
 3.213405783004885e-14    7    6  0  0
 -7.062131479609646    7    7  0  0
 0.002231541755502114    8    1  0  0
 -0.09369138722765313    8    2  0  0
 -0.004275655874377587    8    3  0  0
 -0.10981648286884    8    4  0  0
 -0.0008793923211955562    8    5  0  0
 -3.877931806678681e-14    8    6  0  0
 -0.1146971824950159    8    7  0  0
 -6.333188244250933    8    8  0  0
 2.554646398982796e-15    9    1  0  0
 -5.342614177324071e-15    9    2  0  0
 -2.562882336382571e-15    9    3  0  0
 3.516861280562151e-14    9    5  0  0
 -0.5616561290320907    9    6  0  0
 -1.295479320682106e-14    9    7  0  0
 1.760929152122891e-14    9    8  0  0
 -7.012513076088367    9    9  0  0
 3.725927051012299e-14   10    1  0  0
 -1.443779962939142e-14   10    2  0  0
 5.697541415924851e-15   10    4  0  0
 2.548390065355348e-14   10    5  0  0
 -0.2771784237721614   10    6  0  0
 -7.774107368384317e-15   10    7  0  0
 8.68670651578138e-15   10    8  0  0
 0.2799267733416549   10    9  0  0
 -6.931595567044937   10   10  0  0
 -0.03899085217950954   11    1  0  0
 0.2837456915406046   11    2  0  0
 0.1068101889451706   11    3  0  0
 0.02217295833378683   11    4  0  0
 0.9789250544449195   11    5  0  0
 -3.975707185300098e-14   11    6  0  0
 0.02584258386887241   11    7  0  0
 0.0511646135512597   11    8  0  0
 4.618159491133789e-14   11    9  0  0
 7.593074183789805e-14   11   10  0  0
 -5.596559968910126   11   11  0  0
 -0.01056621913526335   12    1  0  0
 -0.2085608302418025   12    2  0  0
 -0.1742615020097525   12    3  0  0
 -0.3179467875757023   12    4  0  0
 0.3087297380457529   12    5  0  0
 -4.427179331715846e-14   12    6  0  0
 -0.3475975002890532   12    7  0  0
 0.1137382551251585   12    8  0  0
 4.415183541902326e-14   12    9  0  0
 8.841394303859702e-14   12   10  0  0
 -0.5289914502002578   12   11  0  0
 -5.525305399922471   12   12  0  0
 0.3392882046138537   13    1  0  0
 -0.0572451814581088   13    2  0  0
 -0.4490054133157352   13    3  0  0
 0.9005643869920141   13    4  0  0
 0.09883284566683227   13    5  0  0
 -2.484994457555504e-13   13    6  0  0
 -0.4434035560123721   13    7  0  0
 -0.006437367145875833   13    8  0  0
 1.351219836919584e-13   13    9  0  0
 2.329039889727169e-13   13   10  0  0
 -0.0646562492130453   13   11  0  0
 0.04470864358814226   13   12  0  0
 -5.700789608637952   13   13  0  0
 1.882079522725648e-13   14    1  0  0
 4.139855711221377e-13   14    2  0  0
 -1.382865202335459e-14   14    3  0  0
 -6.612460286626877e-13   14    4  0  0
 -8.384752555054804e-13   14    5  0  0
 -0.5543309680282457   14    6  0  0
 -5.185812318062811e-13   14    7  0  0
 -1.590219315241621e-13   14    8  0  0
 0.2758694691717551   14    9  0  0
 0.4681453483889834   14   10  0  0
 7.23957749449553e-13   14   11  0  0
 -3.626555826084583e-13   14   12  0  0
 5.799417176658034e-13   14   13  0  0
 -4.407098170849445   14   14  0  0
 0.02579584238108392   15    1  0  0
 0.3530126483847819   15    2  0  0
 -0.2013345160066428   15    3  0  0
 -0.230266074787935   15    4  0  0
 -0.4441239228345127   15    5  0  0
 7.227349575703302e-13   15    6  0  0
 -0.579289878396935   15    7  0  0
 -0.1263938260596024   15    8  0  0
 -3.794768994387249e-13   15    9  0  0
 -6.445945525897783e-13   15   10  0  0
 0.3637877786429373   15   11  0  0
 -0.4494126028014073   15   12  0  0
 -0.04101984706566621   15   13  0  0
 -1.070895324076991e-12   15   14  0  0
 -5.172639475701078   15   15  0  0
 0.01230790857690241   16    1  0  0
 -0.004186370557713388   16    2  0  0
 0.02632071331324213   16    3  0  0
 0.1003771552197133   16    4  0  0
 -0.2598542113898816   16    5  0  0
 -4.884811191167251e-14   16    6  0  0
 0.1880749169967921   16    7  0  0
 -1.114462796619979   16    8  0  0
 1.111266473650591e-15   16    9  0  0
 -4.613841165994114e-15   16   10  0  0
 0.006377809126898215   16   11  0  0
 -0.07205262183870605   16   12  0  0
 0.08508042145809672   16   13  0  0
 -3.829141525771218e-13   16   14  0  0
 -0.2206166461936829   16   15  0  0
 -6.157729154314382   16   16  0  0
 0.1150201273429732   17    1  0  0
 0.05342452277141051   17    2  0  0
 -0.1422941624350398   17    3  0  0
 -0.03472802299519207   17    4  0  0
 -0.03217712012004758   17    5  0  0
 -3.286548621773058e-14   17    6  0  0
 0.09672169720569405   17    7  0  0
 0.04348506493488748   17    8  0  0
 1.414673708847472e-14   17    9  0  0
 2.609204779505962e-14   17   10  0  0
 0.3055143077402707   17   11  0  0
 -0.1097328144641911   17   12  0  0
 -0.3422850141454928   17   13  0  0
 1.247153600700115e-12   17   14  0  0
 0.7119848032642734   17   15  0  0
 -0.09521412662508377   17   16  0  0
 -7.009200353995232   17   17  0  0
 0  0  0  0  0
