8.191000000000000000e+03
1.228700000000000000e+04
1.433500000000000000e+04
1.535900000000000000e+04
1.587100000000000000e+04
1.612700000000000000e+04
1.625500000000000000e+04
1.631900000000000000e+04
1.635100000000000000e+04
1.636700000000000000e+04
1.637500000000000000e+04
1.637900000000000000e+04
1.638100000000000000e+04
1.638200000000000000e+04
2.047900000000000000e+04
2.252700000000000000e+04
2.355100000000000000e+04
2.406300000000000000e+04
2.431900000000000000e+04
2.444700000000000000e+04
2.451100000000000000e+04
2.454300000000000000e+04
2.455900000000000000e+04
2.456700000000000000e+04
2.457100000000000000e+04
2.457300000000000000e+04
2.457400000000000000e+04
2.662300000000000000e+04
2.764700000000000000e+04
2.815900000000000000e+04
2.841500000000000000e+04
2.854300000000000000e+04
2.860700000000000000e+04
2.863900000000000000e+04
2.865500000000000000e+04
2.866300000000000000e+04
2.866700000000000000e+04
2.866900000000000000e+04
2.867000000000000000e+04
2.969500000000000000e+04
3.020700000000000000e+04
3.046300000000000000e+04
3.059100000000000000e+04
3.065500000000000000e+04
3.068700000000000000e+04
3.070300000000000000e+04
3.071100000000000000e+04
3.071500000000000000e+04
3.071700000000000000e+04
3.071800000000000000e+04
3.123100000000000000e+04
3.148700000000000000e+04
3.161500000000000000e+04
3.167900000000000000e+04
3.171100000000000000e+04
3.172700000000000000e+04
3.173500000000000000e+04
3.173900000000000000e+04
3.174100000000000000e+04
3.174200000000000000e+04
3.199900000000000000e+04
3.212700000000000000e+04
3.219100000000000000e+04
3.222300000000000000e+04
3.223900000000000000e+04
3.224700000000000000e+04
3.225100000000000000e+04
3.225300000000000000e+04
3.225400000000000000e+04
3.238300000000000000e+04
3.244700000000000000e+04
3.247900000000000000e+04
3.249500000000000000e+04
3.250300000000000000e+04
3.250700000000000000e+04
3.250900000000000000e+04
3.251000000000000000e+04
3.257500000000000000e+04
3.260700000000000000e+04
3.262300000000000000e+04
3.263100000000000000e+04
3.263500000000000000e+04
3.263700000000000000e+04
3.263800000000000000e+04
3.267100000000000000e+04
3.268700000000000000e+04
3.269500000000000000e+04
3.269900000000000000e+04
3.270100000000000000e+04
3.270200000000000000e+04
3.271900000000000000e+04
3.272700000000000000e+04
3.273100000000000000e+04
3.273300000000000000e+04
3.273400000000000000e+04
3.274300000000000000e+04
3.274700000000000000e+04
3.274900000000000000e+04
3.275000000000000000e+04
3.275500000000000000e+04
3.275700000000000000e+04
3.275800000000000000e+04
3.276100000000000000e+04
3.276200000000000000e+04
3.276400000000000000e+04
3.686300000000000000e+04
3.891100000000000000e+04
3.993500000000000000e+04
4.044700000000000000e+04
4.070300000000000000e+04
4.083100000000000000e+04
4.089500000000000000e+04
4.092700000000000000e+04
4.094300000000000000e+04
4.095100000000000000e+04
4.095500000000000000e+04
4.095700000000000000e+04
4.095800000000000000e+04
4.300700000000000000e+04
4.403100000000000000e+04
4.454300000000000000e+04
4.479900000000000000e+04
4.492700000000000000e+04
4.499100000000000000e+04
4.502300000000000000e+04
4.503900000000000000e+04
4.504700000000000000e+04
4.505100000000000000e+04
4.505300000000000000e+04
4.505400000000000000e+04
4.607900000000000000e+04
4.659100000000000000e+04
4.684700000000000000e+04
4.697500000000000000e+04
4.703900000000000000e+04
4.707100000000000000e+04
4.708700000000000000e+04
4.709500000000000000e+04
4.709900000000000000e+04
4.710100000000000000e+04
4.710200000000000000e+04
4.761500000000000000e+04
4.787100000000000000e+04
4.799900000000000000e+04
4.806300000000000000e+04
4.809500000000000000e+04
4.811100000000000000e+04
4.811900000000000000e+04
4.812300000000000000e+04
4.812500000000000000e+04
4.812600000000000000e+04
4.838300000000000000e+04
4.851100000000000000e+04
4.857500000000000000e+04
4.860700000000000000e+04
4.862300000000000000e+04
4.863100000000000000e+04
4.863500000000000000e+04
4.863700000000000000e+04
4.863800000000000000e+04
4.876700000000000000e+04
4.883100000000000000e+04
4.886300000000000000e+04
4.887900000000000000e+04
4.888700000000000000e+04
4.889100000000000000e+04
4.889300000000000000e+04
4.889400000000000000e+04
4.895900000000000000e+04
4.899100000000000000e+04
4.900700000000000000e+04
4.901500000000000000e+04
4.901900000000000000e+04
4.902100000000000000e+04
4.902200000000000000e+04
4.905500000000000000e+04
4.907100000000000000e+04
4.907900000000000000e+04
4.908300000000000000e+04
4.908500000000000000e+04
4.908600000000000000e+04
4.910300000000000000e+04
4.911100000000000000e+04
4.911500000000000000e+04
4.911700000000000000e+04
4.911800000000000000e+04
4.912700000000000000e+04
4.913100000000000000e+04
4.913300000000000000e+04
4.913400000000000000e+04
4.913900000000000000e+04
4.914100000000000000e+04
4.914200000000000000e+04
4.914500000000000000e+04
4.914600000000000000e+04
4.914800000000000000e+04
5.119900000000000000e+04
5.222300000000000000e+04
5.273500000000000000e+04
5.299100000000000000e+04
5.311900000000000000e+04
5.318300000000000000e+04
5.321500000000000000e+04
5.323100000000000000e+04
5.323900000000000000e+04
5.324300000000000000e+04
5.324500000000000000e+04
5.324600000000000000e+04
5.427100000000000000e+04
5.478300000000000000e+04
5.503900000000000000e+04
5.516700000000000000e+04
5.523100000000000000e+04
5.526300000000000000e+04
5.527900000000000000e+04
5.528700000000000000e+04
5.529100000000000000e+04
5.529300000000000000e+04
5.529400000000000000e+04
5.580700000000000000e+04
5.606300000000000000e+04
5.619100000000000000e+04
5.625500000000000000e+04
5.628700000000000000e+04
5.630300000000000000e+04
5.631100000000000000e+04
5.631500000000000000e+04
5.631700000000000000e+04
5.631800000000000000e+04
5.657500000000000000e+04
5.670300000000000000e+04
5.676700000000000000e+04
5.679900000000000000e+04
5.681500000000000000e+04
5.682300000000000000e+04
5.682700000000000000e+04
5.682900000000000000e+04
5.683000000000000000e+04
5.695900000000000000e+04
5.702300000000000000e+04
5.705500000000000000e+04
5.707100000000000000e+04
5.707900000000000000e+04
5.708300000000000000e+04
5.708500000000000000e+04
5.708600000000000000e+04
5.715100000000000000e+04
5.718300000000000000e+04
5.719900000000000000e+04
5.720700000000000000e+04
5.721100000000000000e+04
5.721300000000000000e+04
5.721400000000000000e+04
5.724700000000000000e+04
5.726300000000000000e+04
5.727100000000000000e+04
5.727500000000000000e+04
5.727700000000000000e+04
5.727800000000000000e+04
5.729500000000000000e+04
5.730300000000000000e+04
5.730700000000000000e+04
5.730900000000000000e+04
5.731000000000000000e+04
5.731900000000000000e+04
5.732300000000000000e+04
5.732500000000000000e+04
5.732600000000000000e+04
5.733100000000000000e+04
5.733300000000000000e+04
5.733400000000000000e+04
5.733700000000000000e+04
5.733800000000000000e+04
5.734000000000000000e+04
5.836700000000000000e+04
5.887900000000000000e+04
5.913500000000000000e+04
5.926300000000000000e+04
5.932700000000000000e+04
5.935900000000000000e+04
5.937500000000000000e+04
5.938300000000000000e+04
5.938700000000000000e+04
5.938900000000000000e+04
5.939000000000000000e+04
5.990300000000000000e+04
6.015900000000000000e+04
6.028700000000000000e+04
6.035100000000000000e+04
6.038300000000000000e+04
6.039900000000000000e+04
6.040700000000000000e+04
6.041100000000000000e+04
6.041300000000000000e+04
6.041400000000000000e+04
6.067100000000000000e+04
6.079900000000000000e+04
6.091100000000000000e+04
6.105500000000000000e+04
6.111900000000000000e+04
6.115100000000000000e+04
6.116700000000000000e+04
6.117500000000000000e+04
6.117900000000000000e+04
6.118100000000000000e+04
6.118200000000000000e+04
6.124700000000000000e+04
6.127900000000000000e+04
6.129500000000000000e+04
6.130300000000000000e+04
6.130700000000000000e+04
6.130900000000000000e+04
6.131000000000000000e+04
6.135900000000000000e+04
6.139100000000000000e+04
6.141500000000000000e+04
6.141900000000000000e+04
6.142100000000000000e+04
6.142200000000000000e+04
6.195100000000000000e+04
6.295900000000000000e+04
6.340700000000000000e+04
6.374300000000000000e+04
6.387100000000000000e+04
6.393500000000000000e+04
6.396700000000000000e+04
6.398300000000000000e+04
6.399100000000000000e+04
6.399500000000000000e+04
6.399700000000000000e+04
6.399800000000000000e+04
6.443100000000000000e+04
6.475100000000000000e+04
6.487900000000000000e+04
6.494300000000000000e+04
6.497500000000000000e+04
6.499900000000000000e+04
6.500300000000000000e+04
6.500500000000000000e+04
6.500600000000000000e+04
6.519900000000000000e+04
6.532700000000000000e+04
6.542300000000000000e+04
6.544700000000000000e+04
6.545100000000000000e+04
6.545300000000000000e+04
6.545400000000000000e+04
6.963100000000000000e+04
7.167900000000000000e+04
7.270300000000000000e+04
7.321500000000000000e+04
7.347100000000000000e+04
7.359900000000000000e+04
7.366300000000000000e+04
7.369500000000000000e+04
7.371100000000000000e+04
7.371900000000000000e+04
7.372300000000000000e+04
7.372500000000000000e+04
7.372600000000000000e+04
7.577500000000000000e+04
7.679900000000000000e+04
7.731100000000000000e+04
7.756700000000000000e+04
7.769500000000000000e+04
7.775900000000000000e+04
7.779100000000000000e+04
7.780700000000000000e+04
7.781500000000000000e+04
7.781900000000000000e+04
7.782100000000000000e+04
7.782200000000000000e+04
7.884700000000000000e+04
7.935900000000000000e+04
7.961500000000000000e+04
7.974300000000000000e+04
7.980700000000000000e+04
7.983900000000000000e+04
7.985500000000000000e+04
7.986300000000000000e+04
7.986700000000000000e+04
7.986900000000000000e+04
7.987000000000000000e+04
8.038300000000000000e+04
8.063900000000000000e+04
8.076700000000000000e+04
8.083100000000000000e+04
8.086300000000000000e+04
8.087900000000000000e+04
8.088700000000000000e+04
8.089100000000000000e+04
8.089300000000000000e+04
8.089400000000000000e+04
8.115100000000000000e+04
8.127900000000000000e+04
8.134300000000000000e+04
8.137500000000000000e+04
8.139100000000000000e+04
8.139900000000000000e+04
8.140300000000000000e+04
8.140500000000000000e+04
8.140600000000000000e+04
8.153500000000000000e+04
8.159900000000000000e+04
8.163100000000000000e+04
8.164700000000000000e+04
8.165500000000000000e+04
8.165900000000000000e+04
8.166100000000000000e+04
8.166200000000000000e+04
8.172700000000000000e+04
8.175900000000000000e+04
8.177500000000000000e+04
8.178300000000000000e+04
8.178700000000000000e+04
8.178900000000000000e+04
8.179000000000000000e+04
8.182300000000000000e+04
8.183900000000000000e+04
8.184700000000000000e+04
8.185100000000000000e+04
8.185300000000000000e+04
8.185400000000000000e+04
8.187100000000000000e+04
8.187900000000000000e+04
8.188300000000000000e+04
8.188500000000000000e+04
8.188600000000000000e+04
8.189500000000000000e+04
8.189900000000000000e+04
8.190100000000000000e+04
8.190200000000000000e+04
8.190700000000000000e+04
8.190900000000000000e+04
8.191000000000000000e+04
8.191300000000000000e+04
8.191400000000000000e+04
8.191600000000000000e+04
8.396700000000000000e+04
8.499100000000000000e+04
8.550300000000000000e+04
8.575900000000000000e+04
8.588700000000000000e+04
8.595100000000000000e+04
8.598300000000000000e+04
8.599900000000000000e+04
8.600700000000000000e+04
8.601100000000000000e+04
8.601300000000000000e+04
8.601400000000000000e+04
8.703900000000000000e+04
8.755100000000000000e+04
8.780700000000000000e+04
8.793500000000000000e+04
8.799900000000000000e+04
8.803100000000000000e+04
8.804700000000000000e+04
8.805500000000000000e+04
8.805900000000000000e+04
8.806100000000000000e+04
8.806200000000000000e+04
8.857500000000000000e+04
8.883100000000000000e+04
8.895900000000000000e+04
8.902300000000000000e+04
8.905500000000000000e+04
8.907100000000000000e+04
8.907900000000000000e+04
8.908300000000000000e+04
8.908500000000000000e+04
8.908600000000000000e+04
8.934300000000000000e+04
8.947100000000000000e+04
8.953500000000000000e+04
8.956700000000000000e+04
8.958300000000000000e+04
8.959100000000000000e+04
8.959500000000000000e+04
8.959700000000000000e+04
8.959800000000000000e+04
8.972700000000000000e+04
8.979100000000000000e+04
8.982300000000000000e+04
8.983900000000000000e+04
8.984700000000000000e+04
8.985100000000000000e+04
8.985300000000000000e+04
8.985400000000000000e+04
8.991900000000000000e+04
8.995100000000000000e+04
8.996700000000000000e+04
8.997500000000000000e+04
8.997900000000000000e+04
8.998100000000000000e+04
8.998200000000000000e+04
9.001500000000000000e+04
9.003100000000000000e+04
9.003900000000000000e+04
9.004300000000000000e+04
9.004500000000000000e+04
9.004600000000000000e+04
9.006300000000000000e+04
9.007100000000000000e+04
9.007500000000000000e+04
9.007700000000000000e+04
9.007800000000000000e+04
9.008700000000000000e+04
9.009100000000000000e+04
9.009300000000000000e+04
9.009400000000000000e+04
9.009900000000000000e+04
9.010100000000000000e+04
9.010200000000000000e+04
9.010500000000000000e+04
9.010600000000000000e+04
9.010800000000000000e+04
9.113500000000000000e+04
9.164700000000000000e+04
9.190300000000000000e+04
9.203100000000000000e+04
9.209500000000000000e+04
9.212700000000000000e+04
9.214300000000000000e+04
9.215100000000000000e+04
9.215500000000000000e+04
9.215700000000000000e+04
9.215800000000000000e+04
9.267100000000000000e+04
9.292700000000000000e+04
9.305500000000000000e+04
9.311900000000000000e+04
9.315100000000000000e+04
9.316700000000000000e+04
9.317500000000000000e+04
9.317900000000000000e+04
9.318100000000000000e+04
9.318200000000000000e+04
9.343900000000000000e+04
9.356700000000000000e+04
9.363100000000000000e+04
9.366300000000000000e+04
9.367900000000000000e+04
9.382300000000000000e+04
9.388700000000000000e+04
9.391900000000000000e+04
9.393500000000000000e+04
9.394300000000000000e+04
9.394700000000000000e+04
9.394900000000000000e+04
9.395000000000000000e+04
9.401500000000000000e+04
9.404700000000000000e+04
9.406300000000000000e+04
9.407100000000000000e+04
9.407500000000000000e+04
9.407700000000000000e+04
9.407800000000000000e+04
9.411100000000000000e+04
9.412700000000000000e+04
9.413500000000000000e+04
9.413900000000000000e+04
9.414100000000000000e+04
9.414200000000000000e+04
9.415900000000000000e+04
9.416700000000000000e+04
9.417100000000000000e+04
9.417300000000000000e+04
9.417400000000000000e+04
9.418300000000000000e+04
9.418700000000000000e+04
9.418900000000000000e+04
9.419000000000000000e+04
9.471900000000000000e+04
9.548700000000000000e+04
9.572700000000000000e+04
9.617500000000000000e+04
9.651100000000000000e+04
9.663900000000000000e+04
9.670300000000000000e+04
9.673500000000000000e+04
9.675100000000000000e+04
9.675900000000000000e+04
9.676300000000000000e+04
9.676500000000000000e+04
9.676600000000000000e+04
9.719900000000000000e+04
9.740700000000000000e+04
9.747100000000000000e+04
9.750300000000000000e+04
9.751900000000000000e+04
9.752700000000000000e+04
9.753100000000000000e+04
9.753300000000000000e+04
9.753400000000000000e+04
9.764700000000000000e+04
9.771100000000000000e+04
9.774300000000000000e+04
9.776700000000000000e+04
9.777100000000000000e+04
9.777300000000000000e+04
9.777400000000000000e+04
9.796700000000000000e+04
9.809500000000000000e+04
9.819100000000000000e+04
9.821500000000000000e+04
9.821900000000000000e+04
9.822100000000000000e+04
9.822200000000000000e+04
1.003510000000000000e+05
1.013750000000000000e+05
1.018870000000000000e+05
1.021430000000000000e+05
1.022710000000000000e+05
1.023350000000000000e+05
1.023670000000000000e+05
1.023830000000000000e+05
1.023910000000000000e+05
1.023950000000000000e+05
1.023970000000000000e+05
1.023980000000000000e+05
1.034230000000000000e+05
1.039350000000000000e+05
1.041910000000000000e+05
1.043190000000000000e+05
1.043830000000000000e+05
1.044150000000000000e+05
1.044310000000000000e+05
1.044390000000000000e+05
1.044430000000000000e+05
1.044450000000000000e+05
1.044460000000000000e+05
1.049590000000000000e+05
1.052150000000000000e+05
1.053430000000000000e+05
1.054070000000000000e+05
1.054390000000000000e+05
1.054550000000000000e+05
1.054630000000000000e+05
1.054670000000000000e+05
1.054690000000000000e+05
1.054700000000000000e+05
1.057270000000000000e+05
1.058550000000000000e+05
1.059190000000000000e+05
1.059510000000000000e+05
1.059670000000000000e+05
1.059750000000000000e+05
1.059790000000000000e+05
1.059810000000000000e+05
1.059820000000000000e+05
1.061110000000000000e+05
1.061750000000000000e+05
1.062070000000000000e+05
1.062230000000000000e+05
1.062310000000000000e+05
1.062350000000000000e+05
1.062370000000000000e+05
1.062380000000000000e+05
1.063030000000000000e+05
1.063350000000000000e+05
1.063510000000000000e+05
1.063590000000000000e+05
1.063630000000000000e+05
1.063650000000000000e+05
1.063660000000000000e+05
1.063990000000000000e+05
1.064150000000000000e+05
1.064230000000000000e+05
1.064270000000000000e+05
1.064290000000000000e+05
1.064300000000000000e+05
1.064470000000000000e+05
1.064550000000000000e+05
1.064590000000000000e+05
1.064610000000000000e+05
1.064620000000000000e+05
1.064710000000000000e+05
1.064750000000000000e+05
1.064770000000000000e+05
1.064780000000000000e+05
1.064830000000000000e+05
1.064850000000000000e+05
1.064860000000000000e+05
1.064890000000000000e+05
1.064900000000000000e+05
1.064920000000000000e+05
1.075190000000000000e+05
1.080310000000000000e+05
1.082870000000000000e+05
1.084150000000000000e+05
1.084790000000000000e+05
1.085110000000000000e+05
1.085270000000000000e+05
1.085350000000000000e+05
1.085390000000000000e+05
1.085410000000000000e+05
1.085420000000000000e+05
1.090550000000000000e+05
1.093110000000000000e+05
1.094390000000000000e+05
1.095030000000000000e+05
1.095350000000000000e+05
1.095510000000000000e+05
1.095590000000000000e+05
1.095630000000000000e+05
1.095650000000000000e+05
1.095660000000000000e+05
1.098230000000000000e+05
1.099510000000000000e+05
1.100150000000000000e+05
1.100470000000000000e+05
1.102070000000000000e+05
1.102710000000000000e+05
1.103030000000000000e+05
1.103190000000000000e+05
1.103270000000000000e+05
1.103310000000000000e+05
1.103330000000000000e+05
1.103340000000000000e+05
1.103990000000000000e+05
1.104310000000000000e+05
1.104470000000000000e+05
1.104550000000000000e+05
1.104590000000000000e+05
1.104610000000000000e+05
1.104620000000000000e+05
1.104950000000000000e+05
1.105110000000000000e+05
1.105190000000000000e+05
1.105230000000000000e+05
1.105250000000000000e+05
1.105260000000000000e+05
1.105430000000000000e+05
1.105510000000000000e+05
1.105550000000000000e+05
1.105570000000000000e+05
1.105580000000000000e+05
1.118710000000000000e+05
1.128950000000000000e+05
1.137910000000000000e+05
1.138550000000000000e+05
1.138870000000000000e+05
1.139030000000000000e+05
1.139110000000000000e+05
1.139150000000000000e+05
1.139170000000000000e+05
1.139180000000000000e+05
1.351670000000000000e+05
1.372150000000000000e+05
1.382390000000000000e+05
1.387510000000000000e+05
1.390070000000000000e+05
1.391350000000000000e+05
1.391990000000000000e+05
1.392310000000000000e+05
1.392470000000000000e+05
1.392550000000000000e+05
1.392590000000000000e+05
1.392610000000000000e+05
1.392620000000000000e+05
1.413110000000000000e+05
1.423350000000000000e+05
1.428470000000000000e+05
1.431030000000000000e+05
1.432310000000000000e+05
1.432950000000000000e+05
1.433270000000000000e+05
1.433430000000000000e+05
1.433510000000000000e+05
1.433550000000000000e+05
1.433570000000000000e+05
1.433580000000000000e+05
1.443830000000000000e+05
1.448950000000000000e+05
1.451510000000000000e+05
1.452790000000000000e+05
1.453430000000000000e+05
1.453750000000000000e+05
1.453910000000000000e+05
1.453990000000000000e+05
1.454030000000000000e+05
1.454050000000000000e+05
1.454060000000000000e+05
1.459190000000000000e+05
1.461750000000000000e+05
1.463030000000000000e+05
1.463670000000000000e+05
1.463990000000000000e+05
1.464150000000000000e+05
1.464230000000000000e+05
1.464270000000000000e+05
1.464290000000000000e+05
1.464300000000000000e+05
1.466870000000000000e+05
1.468150000000000000e+05
1.468790000000000000e+05
1.469110000000000000e+05
1.469270000000000000e+05
1.469350000000000000e+05
1.469390000000000000e+05
1.469410000000000000e+05
1.469420000000000000e+05
1.470710000000000000e+05
1.471350000000000000e+05
1.471670000000000000e+05
1.471830000000000000e+05
1.471910000000000000e+05
1.471950000000000000e+05
1.471970000000000000e+05
1.471980000000000000e+05
1.472630000000000000e+05
1.472950000000000000e+05
1.473110000000000000e+05
1.473190000000000000e+05
1.473230000000000000e+05
1.473250000000000000e+05
1.473260000000000000e+05
1.473590000000000000e+05
1.473750000000000000e+05
1.473830000000000000e+05
1.473870000000000000e+05
1.473890000000000000e+05
1.473900000000000000e+05
1.474070000000000000e+05
1.474150000000000000e+05
1.474190000000000000e+05
1.474210000000000000e+05
1.474220000000000000e+05
1.474310000000000000e+05
1.474350000000000000e+05
1.474370000000000000e+05
1.474380000000000000e+05
1.474430000000000000e+05
1.474450000000000000e+05
1.474460000000000000e+05
1.474490000000000000e+05
1.474500000000000000e+05
1.474520000000000000e+05
1.495030000000000000e+05
1.505270000000000000e+05
1.510390000000000000e+05
1.512950000000000000e+05
1.514230000000000000e+05
1.514870000000000000e+05
1.515190000000000000e+05
1.515350000000000000e+05
1.515430000000000000e+05
1.515470000000000000e+05
1.515490000000000000e+05
1.515500000000000000e+05
1.525750000000000000e+05
1.530870000000000000e+05
1.533430000000000000e+05
1.534710000000000000e+05
1.535350000000000000e+05
1.535670000000000000e+05
1.535830000000000000e+05
1.535910000000000000e+05
1.535950000000000000e+05
1.535970000000000000e+05
1.535980000000000000e+05
1.541110000000000000e+05
1.543670000000000000e+05
1.544950000000000000e+05
1.545590000000000000e+05
1.545910000000000000e+05
1.546070000000000000e+05
1.546150000000000000e+05
1.546190000000000000e+05
1.546210000000000000e+05
1.546220000000000000e+05
1.548790000000000000e+05
1.550070000000000000e+05
1.550710000000000000e+05
1.551030000000000000e+05
1.551190000000000000e+05
1.551270000000000000e+05
1.551310000000000000e+05
1.551330000000000000e+05
1.551340000000000000e+05
1.552630000000000000e+05
1.553270000000000000e+05
1.553590000000000000e+05
1.553750000000000000e+05
1.553830000000000000e+05
1.553870000000000000e+05
1.553890000000000000e+05
1.553900000000000000e+05
1.554550000000000000e+05
1.554870000000000000e+05
1.555030000000000000e+05
1.555110000000000000e+05
1.555150000000000000e+05
1.555170000000000000e+05
1.555180000000000000e+05
1.555510000000000000e+05
1.555670000000000000e+05
1.555750000000000000e+05
1.555790000000000000e+05
1.555810000000000000e+05
1.555820000000000000e+05
1.555990000000000000e+05
1.556070000000000000e+05
1.556110000000000000e+05
1.556130000000000000e+05
1.556140000000000000e+05
1.556230000000000000e+05
1.556270000000000000e+05
1.556290000000000000e+05
1.556300000000000000e+05
1.556350000000000000e+05
1.556370000000000000e+05
1.556380000000000000e+05
1.556410000000000000e+05
1.556440000000000000e+05
1.566710000000000000e+05
1.571830000000000000e+05
1.574390000000000000e+05
1.575670000000000000e+05
1.576310000000000000e+05
1.576630000000000000e+05
1.576790000000000000e+05
1.576870000000000000e+05
1.576910000000000000e+05
1.576930000000000000e+05
1.576940000000000000e+05
1.582070000000000000e+05
1.584630000000000000e+05
1.585910000000000000e+05
1.586550000000000000e+05
1.586870000000000000e+05
1.587030000000000000e+05
1.587110000000000000e+05
1.587150000000000000e+05
1.587170000000000000e+05
1.587180000000000000e+05
1.589750000000000000e+05
1.591990000000000000e+05
1.592150000000000000e+05
1.593590000000000000e+05
1.594230000000000000e+05
1.594550000000000000e+05
1.594710000000000000e+05
1.594790000000000000e+05
1.594830000000000000e+05
1.594850000000000000e+05
1.594860000000000000e+05
1.595830000000000000e+05
1.595990000000000000e+05
1.596470000000000000e+05
1.596630000000000000e+05
1.596950000000000000e+05
1.597030000000000000e+05
1.597070000000000000e+05
1.597090000000000000e+05
1.597100000000000000e+05
1.597190000000000000e+05
1.597230000000000000e+05
1.597250000000000000e+05
1.597260000000000000e+05
1.602550000000000000e+05
1.612630000000000000e+05
1.617110000000000000e+05
1.620470000000000000e+05
1.621750000000000000e+05
1.622390000000000000e+05
1.622710000000000000e+05
1.622870000000000000e+05
1.622950000000000000e+05
1.622990000000000000e+05
1.623010000000000000e+05
1.623020000000000000e+05
1.627350000000000000e+05
1.630550000000000000e+05
1.631830000000000000e+05
1.632470000000000000e+05
1.632790000000000000e+05
1.633030000000000000e+05
1.633070000000000000e+05
1.633090000000000000e+05
1.633100000000000000e+05
1.635030000000000000e+05
1.636310000000000000e+05
1.637270000000000000e+05
1.637510000000000000e+05
1.637550000000000000e+05
1.637570000000000000e+05
1.637580000000000000e+05
1.658870000000000000e+05
1.669110000000000000e+05
1.674230000000000000e+05
1.676790000000000000e+05
1.678070000000000000e+05
1.678710000000000000e+05
1.679030000000000000e+05
1.679190000000000000e+05
1.679270000000000000e+05
1.679310000000000000e+05
1.679330000000000000e+05
1.679340000000000000e+05
1.689590000000000000e+05
1.694710000000000000e+05
1.697270000000000000e+05
1.698550000000000000e+05
1.699190000000000000e+05
1.699510000000000000e+05
1.699670000000000000e+05
1.699750000000000000e+05
1.699790000000000000e+05
1.699810000000000000e+05
1.699820000000000000e+05
1.704950000000000000e+05
1.707510000000000000e+05
1.708790000000000000e+05
1.709430000000000000e+05
1.709750000000000000e+05
1.709910000000000000e+05
1.709990000000000000e+05
1.710030000000000000e+05
1.710050000000000000e+05
1.710060000000000000e+05
1.712630000000000000e+05
1.713910000000000000e+05
1.714550000000000000e+05
1.714870000000000000e+05
1.715030000000000000e+05
1.715110000000000000e+05
1.715150000000000000e+05
1.715170000000000000e+05
1.715180000000000000e+05
1.716470000000000000e+05
1.717110000000000000e+05
1.717430000000000000e+05
1.717590000000000000e+05
1.717670000000000000e+05
1.717710000000000000e+05
1.717730000000000000e+05
1.717740000000000000e+05
1.718390000000000000e+05
1.718710000000000000e+05
1.718870000000000000e+05
1.718950000000000000e+05
1.718990000000000000e+05
1.719010000000000000e+05
1.719020000000000000e+05
1.719350000000000000e+05
1.719510000000000000e+05
1.719590000000000000e+05
1.719630000000000000e+05
1.719650000000000000e+05
1.719660000000000000e+05
1.719830000000000000e+05
1.719910000000000000e+05
1.719950000000000000e+05
1.719970000000000000e+05
1.719980000000000000e+05
1.720070000000000000e+05
1.720110000000000000e+05
1.720130000000000000e+05
1.720140000000000000e+05
1.720190000000000000e+05
1.720210000000000000e+05
1.720220000000000000e+05
1.720250000000000000e+05
1.720260000000000000e+05
1.730550000000000000e+05
1.735670000000000000e+05
1.738230000000000000e+05
1.739510000000000000e+05
1.740150000000000000e+05
1.740470000000000000e+05
1.740630000000000000e+05
1.740710000000000000e+05
1.740750000000000000e+05
1.740770000000000000e+05
1.740780000000000000e+05
1.745910000000000000e+05
1.748470000000000000e+05
1.749750000000000000e+05
1.750390000000000000e+05
1.750710000000000000e+05
1.750870000000000000e+05
1.750950000000000000e+05
1.750990000000000000e+05
1.751010000000000000e+05
1.751020000000000000e+05
1.753590000000000000e+05
1.754870000000000000e+05
1.755830000000000000e+05
1.757430000000000000e+05
1.758070000000000000e+05
1.758390000000000000e+05
1.758550000000000000e+05
1.758630000000000000e+05
1.758670000000000000e+05
1.758690000000000000e+05
1.758700000000000000e+05
1.759350000000000000e+05
1.759670000000000000e+05
1.759830000000000000e+05
1.759910000000000000e+05
1.759950000000000000e+05
1.759970000000000000e+05
1.759980000000000000e+05
1.760310000000000000e+05
1.760790000000000000e+05
1.760870000000000000e+05
1.760910000000000000e+05
1.760930000000000000e+05
1.760940000000000000e+05
1.766390000000000000e+05
1.784310000000000000e+05
1.785590000000000000e+05
1.786230000000000000e+05
1.786550000000000000e+05
1.786710000000000000e+05
1.786790000000000000e+05
1.786830000000000000e+05
1.786850000000000000e+05
1.786860000000000000e+05
1.986550000000000000e+05
1.996790000000000000e+05
2.001910000000000000e+05
2.004470000000000000e+05
2.005750000000000000e+05
2.006390000000000000e+05
2.006710000000000000e+05
2.006870000000000000e+05
2.006950000000000000e+05
2.006990000000000000e+05
2.007010000000000000e+05
2.007020000000000000e+05
2.017270000000000000e+05
2.022390000000000000e+05
2.024950000000000000e+05
2.026230000000000000e+05
2.026870000000000000e+05
2.027190000000000000e+05
2.027350000000000000e+05
2.027430000000000000e+05
2.027470000000000000e+05
2.027490000000000000e+05
2.027500000000000000e+05
2.032630000000000000e+05
2.035190000000000000e+05
2.036470000000000000e+05
2.037110000000000000e+05
2.037430000000000000e+05
2.037590000000000000e+05
2.037670000000000000e+05
2.037710000000000000e+05
2.037730000000000000e+05
2.037740000000000000e+05
2.040310000000000000e+05
2.041590000000000000e+05
2.042230000000000000e+05
2.042550000000000000e+05
2.042710000000000000e+05
2.042790000000000000e+05
2.042830000000000000e+05
2.042850000000000000e+05
2.042860000000000000e+05
2.044150000000000000e+05
2.044790000000000000e+05
2.045110000000000000e+05
2.045270000000000000e+05
2.045350000000000000e+05
2.045390000000000000e+05
2.045410000000000000e+05
2.045420000000000000e+05
2.046070000000000000e+05
2.046390000000000000e+05
2.046550000000000000e+05
2.046630000000000000e+05
2.046670000000000000e+05
2.046690000000000000e+05
2.046700000000000000e+05
2.047030000000000000e+05
2.047190000000000000e+05
2.047270000000000000e+05
2.047310000000000000e+05
2.047330000000000000e+05
2.047340000000000000e+05
2.047510000000000000e+05
2.047590000000000000e+05
2.047630000000000000e+05
2.047650000000000000e+05
2.047660000000000000e+05
2.047750000000000000e+05
2.047790000000000000e+05
2.047810000000000000e+05
2.047820000000000000e+05
2.047870000000000000e+05
2.047890000000000000e+05
2.047900000000000000e+05
2.047930000000000000e+05
2.047940000000000000e+05
2.047960000000000000e+05
2.058230000000000000e+05
2.063350000000000000e+05
2.065910000000000000e+05
2.067190000000000000e+05
2.067830000000000000e+05
2.068150000000000000e+05
2.068310000000000000e+05
2.068390000000000000e+05
2.068430000000000000e+05
2.068450000000000000e+05
2.068460000000000000e+05
2.073590000000000000e+05
2.076150000000000000e+05
2.077430000000000000e+05
2.078070000000000000e+05
2.078390000000000000e+05
2.078550000000000000e+05
2.078630000000000000e+05
2.078670000000000000e+05
2.078690000000000000e+05
2.078700000000000000e+05
2.081270000000000000e+05
2.082550000000000000e+05
2.083190000000000000e+05
2.083510000000000000e+05
2.085110000000000000e+05
2.085750000000000000e+05
2.086070000000000000e+05
2.086230000000000000e+05
2.086310000000000000e+05
2.086350000000000000e+05
2.086370000000000000e+05
2.086380000000000000e+05
2.087030000000000000e+05
2.087350000000000000e+05
2.087510000000000000e+05
2.087590000000000000e+05
2.087630000000000000e+05
2.087650000000000000e+05
2.087660000000000000e+05
2.087990000000000000e+05
2.088150000000000000e+05
2.088230000000000000e+05
2.088270000000000000e+05
2.088290000000000000e+05
2.088300000000000000e+05
2.088470000000000000e+05
2.088550000000000000e+05
2.088590000000000000e+05
2.088610000000000000e+05
2.088620000000000000e+05
2.094070000000000000e+05
2.101750000000000000e+05
2.111990000000000000e+05
2.113270000000000000e+05
2.113910000000000000e+05
2.114230000000000000e+05
2.114390000000000000e+05
2.114470000000000000e+05
2.114510000000000000e+05
2.114530000000000000e+05
2.114540000000000000e+05
2.120950000000000000e+05
2.121590000000000000e+05
2.121910000000000000e+05
2.122070000000000000e+05
2.122150000000000000e+05
2.122190000000000000e+05
2.122210000000000000e+05
2.122220000000000000e+05
2.662390000000000000e+05
2.682870000000000000e+05
2.693110000000000000e+05
2.698230000000000000e+05
2.700790000000000000e+05
2.702070000000000000e+05
2.702710000000000000e+05
2.703030000000000000e+05
2.703190000000000000e+05
2.703270000000000000e+05
2.703310000000000000e+05
2.703330000000000000e+05
2.703340000000000000e+05
2.723830000000000000e+05
2.734070000000000000e+05
2.739190000000000000e+05
2.741750000000000000e+05
2.743030000000000000e+05
2.743670000000000000e+05
2.743990000000000000e+05
2.744150000000000000e+05
2.744230000000000000e+05
2.744270000000000000e+05
2.744290000000000000e+05
2.744300000000000000e+05
2.754550000000000000e+05
2.759670000000000000e+05
2.762230000000000000e+05
2.763510000000000000e+05
2.764150000000000000e+05
2.764470000000000000e+05
2.764630000000000000e+05
2.764710000000000000e+05
2.764750000000000000e+05
2.764770000000000000e+05
2.764780000000000000e+05
2.769910000000000000e+05
2.772470000000000000e+05
2.773750000000000000e+05
2.774390000000000000e+05
2.774710000000000000e+05
2.774870000000000000e+05
2.774950000000000000e+05
2.774990000000000000e+05
2.775010000000000000e+05
2.775020000000000000e+05
2.777590000000000000e+05
2.778870000000000000e+05
2.779510000000000000e+05
2.779830000000000000e+05
2.779990000000000000e+05
2.780070000000000000e+05
2.780110000000000000e+05
2.780130000000000000e+05
2.780140000000000000e+05
2.781430000000000000e+05
2.782070000000000000e+05
2.782390000000000000e+05
2.782550000000000000e+05
2.782630000000000000e+05
2.782670000000000000e+05
2.782690000000000000e+05
2.782700000000000000e+05
2.783350000000000000e+05
2.783670000000000000e+05
2.783830000000000000e+05
2.783910000000000000e+05
2.783950000000000000e+05
2.783970000000000000e+05
2.783980000000000000e+05
2.784310000000000000e+05
2.784470000000000000e+05
2.784550000000000000e+05
2.784590000000000000e+05
2.784610000000000000e+05
2.784620000000000000e+05
2.784790000000000000e+05
2.784870000000000000e+05
2.784910000000000000e+05
2.784930000000000000e+05
2.784940000000000000e+05
2.785030000000000000e+05
2.785070000000000000e+05
2.785090000000000000e+05
2.785100000000000000e+05
2.785150000000000000e+05
2.785170000000000000e+05
2.785180000000000000e+05
2.785210000000000000e+05
2.785220000000000000e+05
2.785240000000000000e+05
2.805750000000000000e+05
2.815990000000000000e+05
2.821110000000000000e+05
2.823670000000000000e+05
2.824950000000000000e+05
2.825590000000000000e+05
2.825910000000000000e+05
2.826070000000000000e+05
2.826150000000000000e+05
2.826190000000000000e+05
2.826210000000000000e+05
2.826220000000000000e+05
2.836470000000000000e+05
2.841590000000000000e+05
2.844150000000000000e+05
2.845430000000000000e+05
2.846070000000000000e+05
2.846390000000000000e+05
2.846550000000000000e+05
2.846630000000000000e+05
2.846670000000000000e+05
2.846690000000000000e+05
2.846700000000000000e+05
2.851830000000000000e+05
2.854390000000000000e+05
2.855670000000000000e+05
2.856310000000000000e+05
2.856630000000000000e+05
2.856790000000000000e+05
2.856870000000000000e+05
2.856910000000000000e+05
2.856930000000000000e+05
2.856940000000000000e+05
2.859510000000000000e+05
2.860790000000000000e+05
2.861430000000000000e+05
2.861750000000000000e+05
2.861910000000000000e+05
2.861990000000000000e+05
2.862030000000000000e+05
2.862050000000000000e+05
2.862060000000000000e+05
2.863350000000000000e+05
2.863990000000000000e+05
2.864310000000000000e+05
2.864470000000000000e+05
2.864550000000000000e+05
2.864590000000000000e+05
2.864610000000000000e+05
2.864620000000000000e+05
2.865270000000000000e+05
2.865590000000000000e+05
2.865750000000000000e+05
2.865830000000000000e+05
2.865870000000000000e+05
2.865890000000000000e+05
2.865900000000000000e+05
2.866230000000000000e+05
2.866390000000000000e+05
2.866470000000000000e+05
2.866510000000000000e+05
2.866530000000000000e+05
2.866540000000000000e+05
2.866710000000000000e+05
2.866790000000000000e+05
2.866830000000000000e+05
2.866850000000000000e+05
2.866860000000000000e+05
2.866950000000000000e+05
2.866990000000000000e+05
2.867010000000000000e+05
2.867020000000000000e+05
2.867070000000000000e+05
2.867090000000000000e+05
2.867100000000000000e+05
2.867130000000000000e+05
2.867140000000000000e+05
2.867160000000000000e+05
2.877430000000000000e+05
2.882550000000000000e+05
2.885110000000000000e+05
2.886390000000000000e+05
2.887030000000000000e+05
2.887350000000000000e+05
2.887510000000000000e+05
2.887590000000000000e+05
2.887630000000000000e+05
2.887650000000000000e+05
2.887660000000000000e+05
2.892790000000000000e+05
2.895350000000000000e+05
2.896630000000000000e+05
2.897270000000000000e+05
2.897590000000000000e+05
2.897750000000000000e+05
2.897830000000000000e+05
2.897870000000000000e+05
2.897890000000000000e+05
2.897900000000000000e+05
2.900470000000000000e+05
2.902710000000000000e+05
2.902870000000000000e+05
2.904310000000000000e+05
2.904950000000000000e+05
2.905270000000000000e+05
2.905430000000000000e+05
2.905510000000000000e+05
2.905550000000000000e+05
2.905570000000000000e+05
2.905580000000000000e+05
2.906550000000000000e+05
2.906710000000000000e+05
2.907190000000000000e+05
2.907350000000000000e+05
2.907670000000000000e+05
2.907750000000000000e+05
2.907790000000000000e+05
2.907810000000000000e+05
2.907820000000000000e+05
2.907910000000000000e+05
2.907950000000000000e+05
2.907970000000000000e+05
2.907980000000000000e+05
2.913270000000000000e+05
2.923350000000000000e+05
2.927830000000000000e+05
2.931190000000000000e+05
2.932470000000000000e+05
2.933110000000000000e+05
2.933430000000000000e+05
2.933590000000000000e+05
2.933670000000000000e+05
2.933710000000000000e+05
2.933730000000000000e+05
2.933740000000000000e+05
2.938070000000000000e+05
2.941270000000000000e+05
2.942550000000000000e+05
2.943190000000000000e+05
2.943510000000000000e+05
2.943750000000000000e+05
2.943790000000000000e+05
2.943810000000000000e+05
2.943820000000000000e+05
2.945750000000000000e+05
2.947030000000000000e+05
2.947990000000000000e+05
2.948230000000000000e+05
2.948270000000000000e+05
2.948290000000000000e+05
2.948300000000000000e+05
2.969590000000000000e+05
2.979830000000000000e+05
2.984950000000000000e+05
2.987510000000000000e+05
2.988790000000000000e+05
2.989430000000000000e+05
2.989750000000000000e+05
2.989910000000000000e+05
2.989990000000000000e+05
2.990030000000000000e+05
2.990050000000000000e+05
2.990060000000000000e+05
3.000310000000000000e+05
3.005430000000000000e+05
3.007990000000000000e+05
3.009270000000000000e+05
3.009910000000000000e+05
3.010230000000000000e+05
3.010390000000000000e+05
3.010470000000000000e+05
3.010510000000000000e+05
3.010530000000000000e+05
3.010540000000000000e+05
3.015670000000000000e+05
3.018230000000000000e+05
3.019510000000000000e+05
3.020150000000000000e+05
3.020470000000000000e+05
3.020630000000000000e+05
3.020710000000000000e+05
3.020750000000000000e+05
3.020770000000000000e+05
3.020780000000000000e+05
3.023350000000000000e+05
3.024630000000000000e+05
3.025270000000000000e+05
3.025590000000000000e+05
3.025750000000000000e+05
3.025830000000000000e+05
3.025870000000000000e+05
3.025890000000000000e+05
3.025900000000000000e+05
3.027190000000000000e+05
3.027830000000000000e+05
3.028150000000000000e+05
3.028310000000000000e+05
3.028390000000000000e+05
3.028430000000000000e+05
3.028450000000000000e+05
3.028460000000000000e+05
3.029110000000000000e+05
3.029430000000000000e+05
3.029590000000000000e+05
3.029670000000000000e+05
3.029710000000000000e+05
3.029730000000000000e+05
3.029740000000000000e+05
3.030070000000000000e+05
3.030230000000000000e+05
3.030310000000000000e+05
3.030350000000000000e+05
3.030370000000000000e+05
3.030380000000000000e+05
3.030550000000000000e+05
3.030630000000000000e+05
3.030670000000000000e+05
3.030690000000000000e+05
3.030700000000000000e+05
3.030790000000000000e+05
3.030830000000000000e+05
3.030850000000000000e+05
3.030860000000000000e+05
3.030910000000000000e+05
3.030930000000000000e+05
3.030940000000000000e+05
3.030970000000000000e+05
3.030980000000000000e+05
3.031000000000000000e+05
3.041270000000000000e+05
3.046390000000000000e+05
3.048950000000000000e+05
3.050230000000000000e+05
3.050870000000000000e+05
3.051190000000000000e+05
3.051350000000000000e+05
3.051430000000000000e+05
3.051470000000000000e+05
3.051490000000000000e+05
3.051500000000000000e+05
3.056630000000000000e+05
3.059190000000000000e+05
3.060470000000000000e+05
3.061110000000000000e+05
3.061430000000000000e+05
3.061590000000000000e+05
3.061670000000000000e+05
3.061710000000000000e+05
3.061730000000000000e+05
3.061740000000000000e+05
3.064310000000000000e+05
3.065590000000000000e+05
3.066550000000000000e+05
3.066710000000000000e+05
3.068150000000000000e+05
3.068790000000000000e+05
3.069110000000000000e+05
3.069270000000000000e+05
3.069350000000000000e+05
3.069390000000000000e+05
3.069410000000000000e+05
3.069420000000000000e+05
3.070070000000000000e+05
3.070390000000000000e+05
3.070550000000000000e+05
3.070630000000000000e+05
3.070670000000000000e+05
3.070690000000000000e+05
3.070700000000000000e+05
3.071030000000000000e+05
3.071190000000000000e+05
3.071510000000000000e+05
3.071590000000000000e+05
3.071630000000000000e+05
3.071650000000000000e+05
3.071660000000000000e+05
3.071750000000000000e+05
3.071790000000000000e+05
3.071810000000000000e+05
3.071820000000000000e+05
3.077110000000000000e+05
3.087190000000000000e+05
3.095030000000000000e+05
3.096310000000000000e+05
3.096950000000000000e+05
3.097270000000000000e+05
3.097430000000000000e+05
3.097510000000000000e+05
3.097550000000000000e+05
3.097570000000000000e+05
3.097580000000000000e+05
3.105110000000000000e+05
3.106390000000000000e+05
3.107030000000000000e+05
3.107350000000000000e+05
3.107590000000000000e+05
3.107630000000000000e+05
3.107650000000000000e+05
3.107660000000000000e+05
3.297270000000000000e+05
3.307510000000000000e+05
3.312630000000000000e+05
3.315190000000000000e+05
3.316470000000000000e+05
3.317110000000000000e+05
3.317430000000000000e+05
3.317590000000000000e+05
3.317670000000000000e+05
3.317710000000000000e+05
3.317730000000000000e+05
3.317740000000000000e+05
3.327990000000000000e+05
3.333110000000000000e+05
3.335670000000000000e+05
3.336950000000000000e+05
3.337590000000000000e+05
3.337910000000000000e+05
3.338070000000000000e+05
3.338150000000000000e+05
3.338190000000000000e+05
3.338210000000000000e+05
3.338220000000000000e+05
3.343350000000000000e+05
3.345910000000000000e+05
3.347190000000000000e+05
3.347830000000000000e+05
3.348150000000000000e+05
3.348310000000000000e+05
3.348390000000000000e+05
3.348430000000000000e+05
3.348450000000000000e+05
3.348460000000000000e+05
3.351030000000000000e+05
3.352310000000000000e+05
3.352950000000000000e+05
3.353270000000000000e+05
3.353430000000000000e+05
3.353510000000000000e+05
3.353550000000000000e+05
3.353570000000000000e+05
3.353580000000000000e+05
3.354870000000000000e+05
3.355510000000000000e+05
3.355830000000000000e+05
3.355990000000000000e+05
3.356070000000000000e+05
3.356110000000000000e+05
3.356130000000000000e+05
3.356140000000000000e+05
3.356790000000000000e+05
3.357110000000000000e+05
3.357270000000000000e+05
3.357350000000000000e+05
3.357390000000000000e+05
3.357410000000000000e+05
3.357420000000000000e+05
3.357750000000000000e+05
3.357910000000000000e+05
3.357990000000000000e+05
3.358030000000000000e+05
3.358050000000000000e+05
3.358060000000000000e+05
3.358230000000000000e+05
3.358310000000000000e+05
3.358350000000000000e+05
3.358370000000000000e+05
3.358380000000000000e+05
3.358470000000000000e+05
3.358510000000000000e+05
3.358530000000000000e+05
3.358540000000000000e+05
3.358590000000000000e+05
3.358610000000000000e+05
3.358620000000000000e+05
3.358650000000000000e+05
3.358660000000000000e+05
3.358680000000000000e+05
3.368950000000000000e+05
3.374070000000000000e+05
3.376630000000000000e+05
3.377910000000000000e+05
3.378550000000000000e+05
3.378870000000000000e+05
3.379030000000000000e+05
3.379110000000000000e+05
3.379150000000000000e+05
3.379170000000000000e+05
3.379180000000000000e+05
3.384310000000000000e+05
3.386870000000000000e+05
3.388150000000000000e+05
3.388790000000000000e+05
3.389110000000000000e+05
3.389270000000000000e+05
3.389350000000000000e+05
3.389390000000000000e+05
3.389410000000000000e+05
3.389420000000000000e+05
3.391990000000000000e+05
3.393270000000000000e+05
3.393910000000000000e+05
3.394230000000000000e+05
3.394390000000000000e+05
3.395830000000000000e+05
3.396470000000000000e+05
3.396790000000000000e+05
3.396950000000000000e+05
3.397030000000000000e+05
3.397070000000000000e+05
3.397090000000000000e+05
3.397100000000000000e+05
3.397750000000000000e+05
3.398070000000000000e+05
3.398230000000000000e+05
3.398310000000000000e+05
3.398350000000000000e+05
3.398370000000000000e+05
3.398380000000000000e+05
3.398710000000000000e+05
3.398870000000000000e+05
3.398950000000000000e+05
3.398990000000000000e+05
3.399010000000000000e+05
3.399020000000000000e+05
3.399190000000000000e+05
3.399270000000000000e+05
3.399310000000000000e+05
3.399330000000000000e+05
3.399340000000000000e+05
3.399430000000000000e+05
3.399470000000000000e+05
3.399490000000000000e+05
3.399500000000000000e+05
3.404790000000000000e+05
3.409590000000000000e+05
3.412470000000000000e+05
3.414870000000000000e+05
3.422710000000000000e+05
3.423990000000000000e+05
3.424630000000000000e+05
3.424950000000000000e+05
3.425110000000000000e+05
3.425190000000000000e+05
3.425230000000000000e+05
3.425250000000000000e+05
3.425260000000000000e+05
3.427510000000000000e+05
3.428790000000000000e+05
3.429430000000000000e+05
3.429910000000000000e+05
3.429990000000000000e+05
3.430030000000000000e+05
3.430050000000000000e+05
3.430060000000000000e+05
3.431670000000000000e+05
3.432310000000000000e+05
3.432630000000000000e+05
3.432790000000000000e+05
3.432870000000000000e+05
3.432910000000000000e+05
3.432930000000000000e+05
3.432940000000000000e+05
3.434070000000000000e+05
3.434710000000000000e+05
3.435030000000000000e+05
3.435270000000000000e+05
3.435310000000000000e+05
3.435330000000000000e+05
3.435340000000000000e+05
3.471030000000000000e+05
3.491510000000000000e+05
3.506870000000000000e+05
3.509430000000000000e+05
3.510710000000000000e+05
3.511350000000000000e+05
3.511830000000000000e+05
3.511910000000000000e+05
3.511950000000000000e+05
3.511970000000000000e+05
3.511980000000000000e+05
3.634870000000000000e+05
3.655350000000000000e+05
3.670710000000000000e+05
3.673270000000000000e+05
3.674550000000000000e+05
3.675190000000000000e+05
3.675670000000000000e+05
3.675750000000000000e+05
3.675790000000000000e+05
3.675810000000000000e+05
3.675820000000000000e+05
3.952630000000000000e+05
3.962870000000000000e+05
3.967990000000000000e+05
3.970550000000000000e+05
3.971830000000000000e+05
3.972470000000000000e+05
3.972790000000000000e+05
3.972950000000000000e+05
3.973030000000000000e+05
3.973070000000000000e+05
3.973090000000000000e+05
3.973100000000000000e+05
3.983350000000000000e+05
3.988470000000000000e+05
3.991030000000000000e+05
3.992310000000000000e+05
3.992950000000000000e+05
3.993270000000000000e+05
3.993430000000000000e+05
3.993510000000000000e+05
3.993550000000000000e+05
3.993570000000000000e+05
3.993580000000000000e+05
3.998710000000000000e+05
4.001270000000000000e+05
4.002550000000000000e+05
4.003190000000000000e+05
4.003510000000000000e+05
4.003670000000000000e+05
4.003750000000000000e+05
4.003790000000000000e+05
4.003810000000000000e+05
4.003820000000000000e+05
4.006390000000000000e+05
4.007670000000000000e+05
4.008310000000000000e+05
4.008630000000000000e+05
4.008790000000000000e+05
4.008870000000000000e+05
4.008910000000000000e+05
4.008930000000000000e+05
4.008940000000000000e+05
4.010230000000000000e+05
4.010870000000000000e+05
4.011190000000000000e+05
4.011350000000000000e+05
4.011430000000000000e+05
4.011470000000000000e+05
4.011490000000000000e+05
4.011500000000000000e+05
4.012150000000000000e+05
4.012470000000000000e+05
4.012630000000000000e+05
4.012710000000000000e+05
4.012750000000000000e+05
4.012770000000000000e+05
4.012780000000000000e+05
4.013110000000000000e+05
4.013270000000000000e+05
4.013350000000000000e+05
4.013390000000000000e+05
4.013410000000000000e+05
4.013420000000000000e+05
4.013590000000000000e+05
4.013670000000000000e+05
4.013710000000000000e+05
4.013730000000000000e+05
4.013740000000000000e+05
4.013830000000000000e+05
4.013870000000000000e+05
4.013890000000000000e+05
4.013900000000000000e+05
4.013950000000000000e+05
4.013970000000000000e+05
4.013980000000000000e+05
4.014010000000000000e+05
4.014020000000000000e+05
4.014040000000000000e+05
4.024310000000000000e+05
4.029430000000000000e+05
4.031990000000000000e+05
4.033270000000000000e+05
4.033910000000000000e+05
4.034230000000000000e+05
4.034390000000000000e+05
4.034470000000000000e+05
4.034510000000000000e+05
4.034530000000000000e+05
4.034540000000000000e+05
4.039670000000000000e+05
4.042230000000000000e+05
4.043510000000000000e+05
4.044150000000000000e+05
4.044470000000000000e+05
4.044630000000000000e+05
4.044710000000000000e+05
4.044750000000000000e+05
4.044770000000000000e+05
4.044780000000000000e+05
4.047350000000000000e+05
4.049590000000000000e+05
4.049750000000000000e+05
4.051190000000000000e+05
4.051830000000000000e+05
4.052150000000000000e+05
4.052310000000000000e+05
4.052390000000000000e+05
4.052430000000000000e+05
4.052450000000000000e+05
4.052460000000000000e+05
4.053430000000000000e+05
4.053590000000000000e+05
4.054070000000000000e+05
4.054230000000000000e+05
4.054550000000000000e+05
4.054630000000000000e+05
4.054670000000000000e+05
4.054690000000000000e+05
4.054700000000000000e+05
4.054790000000000000e+05
4.054830000000000000e+05
4.054850000000000000e+05
4.054860000000000000e+05
4.060150000000000000e+05
4.064950000000000000e+05
4.070230000000000000e+05
4.078070000000000000e+05
4.079350000000000000e+05
4.079990000000000000e+05
4.080310000000000000e+05
4.080470000000000000e+05
4.080550000000000000e+05
4.080590000000000000e+05
4.080610000000000000e+05
4.080620000000000000e+05
4.082870000000000000e+05
4.084150000000000000e+05
4.084790000000000000e+05
4.085270000000000000e+05
4.085350000000000000e+05
4.085390000000000000e+05
4.085410000000000000e+05
4.085420000000000000e+05
4.088150000000000000e+05
4.089430000000000000e+05
4.090070000000000000e+05
4.090390000000000000e+05
4.090630000000000000e+05
4.090670000000000000e+05
4.090690000000000000e+05
4.090700000000000000e+05
4.126390000000000000e+05
4.146870000000000000e+05
4.162230000000000000e+05
4.164790000000000000e+05
4.166070000000000000e+05
4.166710000000000000e+05
4.167190000000000000e+05
4.167270000000000000e+05
4.167310000000000000e+05
4.167330000000000000e+05
4.167340000000000000e+05
4.290230000000000000e+05
4.310710000000000000e+05
4.326070000000000000e+05
4.328630000000000000e+05
4.329910000000000000e+05
4.330550000000000000e+05
4.331030000000000000e+05
4.331110000000000000e+05
4.331150000000000000e+05
4.331170000000000000e+05
4.331180000000000000e+05
4.617910000000000000e+05
4.638390000000000000e+05
4.653750000000000000e+05
4.656310000000000000e+05
4.657590000000000000e+05
4.658230000000000000e+05
4.658710000000000000e+05
4.658790000000000000e+05
4.658830000000000000e+05
4.658850000000000000e+05
4.658860000000000000e+05
5.283830000000000000e+05
5.304310000000000000e+05
5.314550000000000000e+05
5.319670000000000000e+05
5.322230000000000000e+05
5.323510000000000000e+05
5.324150000000000000e+05
5.324470000000000000e+05
5.324630000000000000e+05
5.324710000000000000e+05
5.324750000000000000e+05
5.324770000000000000e+05
5.324780000000000000e+05
5.345270000000000000e+05
5.355510000000000000e+05
5.360630000000000000e+05
5.363190000000000000e+05
5.364470000000000000e+05
5.365110000000000000e+05
5.365430000000000000e+05
5.365590000000000000e+05
5.365670000000000000e+05
5.365710000000000000e+05
5.365730000000000000e+05
5.365740000000000000e+05
5.375990000000000000e+05
5.381110000000000000e+05
5.383670000000000000e+05
5.384950000000000000e+05
5.385590000000000000e+05
5.385910000000000000e+05
5.386070000000000000e+05
5.386150000000000000e+05
5.386190000000000000e+05
5.386210000000000000e+05
5.386220000000000000e+05
5.391350000000000000e+05
5.393910000000000000e+05
5.395190000000000000e+05
5.395830000000000000e+05
5.396150000000000000e+05
5.396310000000000000e+05
5.396390000000000000e+05
5.396430000000000000e+05
5.396450000000000000e+05
5.396460000000000000e+05
5.399030000000000000e+05
5.400310000000000000e+05
5.400950000000000000e+05
5.401270000000000000e+05
5.401430000000000000e+05
5.401510000000000000e+05
5.401550000000000000e+05
5.401570000000000000e+05
5.401580000000000000e+05
5.402870000000000000e+05
5.403510000000000000e+05
5.403830000000000000e+05
5.403990000000000000e+05
5.404070000000000000e+05
5.404110000000000000e+05
5.404130000000000000e+05
5.404140000000000000e+05
5.404790000000000000e+05
5.405110000000000000e+05
5.405270000000000000e+05
5.405350000000000000e+05
5.405390000000000000e+05
5.405410000000000000e+05
5.405420000000000000e+05
5.405750000000000000e+05
5.405910000000000000e+05
5.405990000000000000e+05
5.406030000000000000e+05
5.406050000000000000e+05
5.406060000000000000e+05
5.406230000000000000e+05
5.406310000000000000e+05
5.406350000000000000e+05
5.406370000000000000e+05
5.406380000000000000e+05
5.406470000000000000e+05
5.406510000000000000e+05
5.406530000000000000e+05
5.406540000000000000e+05
5.406590000000000000e+05
5.406610000000000000e+05
5.406620000000000000e+05
5.406650000000000000e+05
5.406660000000000000e+05
5.406680000000000000e+05
5.427190000000000000e+05
5.437430000000000000e+05
5.442550000000000000e+05
5.445110000000000000e+05
5.446390000000000000e+05
5.447030000000000000e+05
5.447350000000000000e+05
5.447510000000000000e+05
5.447590000000000000e+05
5.447630000000000000e+05
5.447650000000000000e+05
5.447660000000000000e+05
5.457910000000000000e+05
5.463030000000000000e+05
5.465590000000000000e+05
5.466870000000000000e+05
5.467510000000000000e+05
5.467830000000000000e+05
5.467990000000000000e+05
5.468070000000000000e+05
5.468110000000000000e+05
5.468130000000000000e+05
5.468140000000000000e+05
5.473270000000000000e+05
5.475830000000000000e+05
5.477110000000000000e+05
5.477750000000000000e+05
5.478070000000000000e+05
5.478230000000000000e+05
5.478310000000000000e+05
5.478350000000000000e+05
5.478370000000000000e+05
5.478380000000000000e+05
5.480950000000000000e+05
5.482230000000000000e+05
5.482870000000000000e+05
5.483190000000000000e+05
5.483350000000000000e+05
5.483430000000000000e+05
5.483470000000000000e+05
5.483490000000000000e+05
5.483500000000000000e+05
5.484790000000000000e+05
5.485430000000000000e+05
5.485750000000000000e+05
5.485910000000000000e+05
5.485990000000000000e+05
5.486030000000000000e+05
5.486050000000000000e+05
5.486060000000000000e+05
5.486710000000000000e+05
5.487030000000000000e+05
5.487190000000000000e+05
5.487270000000000000e+05
5.487310000000000000e+05
5.487330000000000000e+05
5.487340000000000000e+05
5.487670000000000000e+05
5.487830000000000000e+05
5.487910000000000000e+05
5.487950000000000000e+05
5.487970000000000000e+05
5.487980000000000000e+05
5.488150000000000000e+05
5.488230000000000000e+05
5.488270000000000000e+05
5.488290000000000000e+05
5.488300000000000000e+05
5.488390000000000000e+05
5.488430000000000000e+05
5.488450000000000000e+05
5.488460000000000000e+05
5.488510000000000000e+05
5.488530000000000000e+05
5.488540000000000000e+05
5.488570000000000000e+05
5.488580000000000000e+05
5.488600000000000000e+05
5.498870000000000000e+05
5.503990000000000000e+05
5.506550000000000000e+05
5.507830000000000000e+05
5.508470000000000000e+05
5.508790000000000000e+05
5.508950000000000000e+05
5.509030000000000000e+05
5.509070000000000000e+05
5.509090000000000000e+05
5.509100000000000000e+05
5.514230000000000000e+05
5.516790000000000000e+05
5.518070000000000000e+05
5.518710000000000000e+05
5.519030000000000000e+05
5.519190000000000000e+05
5.519270000000000000e+05
5.519310000000000000e+05
5.519330000000000000e+05
5.519340000000000000e+05
5.521910000000000000e+05
5.523830000000000000e+05
5.524310000000000000e+05
5.525750000000000000e+05
5.526390000000000000e+05
5.526710000000000000e+05
5.526870000000000000e+05
5.526950000000000000e+05
5.526990000000000000e+05
5.527010000000000000e+05
5.527020000000000000e+05
5.527670000000000000e+05
5.528150000000000000e+05
5.528630000000000000e+05
5.528790000000000000e+05
5.528870000000000000e+05
5.528910000000000000e+05
5.528930000000000000e+05
5.528940000000000000e+05
5.529110000000000000e+05
5.529350000000000000e+05
5.529390000000000000e+05
5.529410000000000000e+05
5.529420000000000000e+05
5.534710000000000000e+05
5.544310000000000000e+05
5.544790000000000000e+05
5.549270000000000000e+05
5.552630000000000000e+05
5.553910000000000000e+05
5.554550000000000000e+05
5.554870000000000000e+05
5.555030000000000000e+05
5.555110000000000000e+05
5.555150000000000000e+05
5.555170000000000000e+05
5.555180000000000000e+05
5.559510000000000000e+05
5.562230000000000000e+05
5.562710000000000000e+05
5.563510000000000000e+05
5.563990000000000000e+05
5.564470000000000000e+05
5.564630000000000000e+05
5.564710000000000000e+05
5.564750000000000000e+05
5.564770000000000000e+05
5.564780000000000000e+05
5.564950000000000000e+05
5.565190000000000000e+05
5.565230000000000000e+05
5.565250000000000000e+05
5.565260000000000000e+05
5.567190000000000000e+05
5.568470000000000000e+05
5.569430000000000000e+05
5.569670000000000000e+05
5.569710000000000000e+05
5.569730000000000000e+05
5.569740000000000000e+05
5.591030000000000000e+05
5.601270000000000000e+05
5.606390000000000000e+05
5.608950000000000000e+05
5.610230000000000000e+05
5.610870000000000000e+05
5.611190000000000000e+05
5.611350000000000000e+05
5.611430000000000000e+05
5.611470000000000000e+05
5.611490000000000000e+05
5.611500000000000000e+05
5.621750000000000000e+05
5.626870000000000000e+05
5.629430000000000000e+05
5.630710000000000000e+05
5.631350000000000000e+05
5.631670000000000000e+05
5.631830000000000000e+05
5.631910000000000000e+05
5.631950000000000000e+05
5.631970000000000000e+05
5.631980000000000000e+05
5.637110000000000000e+05
5.639670000000000000e+05
5.640950000000000000e+05
5.641590000000000000e+05
5.641910000000000000e+05
5.642070000000000000e+05
5.642150000000000000e+05
5.642190000000000000e+05
5.642210000000000000e+05
5.642220000000000000e+05
5.644790000000000000e+05
5.646070000000000000e+05
5.646710000000000000e+05
5.647030000000000000e+05
5.647190000000000000e+05
5.647270000000000000e+05
5.647310000000000000e+05
5.647330000000000000e+05
5.647340000000000000e+05
5.648630000000000000e+05
5.649270000000000000e+05
5.649590000000000000e+05
5.649750000000000000e+05
5.649830000000000000e+05
5.649870000000000000e+05
5.649890000000000000e+05
5.649900000000000000e+05
5.650550000000000000e+05
5.650870000000000000e+05
5.651030000000000000e+05
5.651110000000000000e+05
5.651150000000000000e+05
5.651170000000000000e+05
5.651180000000000000e+05
5.651510000000000000e+05
5.651670000000000000e+05
5.651750000000000000e+05
5.651790000000000000e+05
5.651810000000000000e+05
5.651820000000000000e+05
5.651990000000000000e+05
5.652070000000000000e+05
5.652110000000000000e+05
5.652130000000000000e+05
5.652140000000000000e+05
5.652230000000000000e+05
5.652270000000000000e+05
5.652290000000000000e+05
5.652300000000000000e+05
5.652350000000000000e+05
5.652370000000000000e+05
5.652380000000000000e+05
5.652410000000000000e+05
5.652420000000000000e+05
5.652440000000000000e+05
5.662710000000000000e+05
5.667830000000000000e+05
5.670390000000000000e+05
5.671670000000000000e+05
5.672310000000000000e+05
5.672630000000000000e+05
5.672790000000000000e+05
5.672870000000000000e+05
5.672910000000000000e+05
5.672930000000000000e+05
5.672940000000000000e+05
5.678070000000000000e+05
5.680630000000000000e+05
5.681910000000000000e+05
5.682550000000000000e+05
5.682870000000000000e+05
5.683030000000000000e+05
5.683110000000000000e+05
5.683150000000000000e+05
5.683170000000000000e+05
5.683180000000000000e+05
5.685750000000000000e+05
5.687030000000000000e+05
5.687670000000000000e+05
5.688150000000000000e+05
5.689590000000000000e+05
5.690230000000000000e+05
5.690550000000000000e+05
5.690710000000000000e+05
5.690790000000000000e+05
5.690830000000000000e+05
5.690850000000000000e+05
5.690860000000000000e+05
5.691510000000000000e+05
5.691830000000000000e+05
5.691990000000000000e+05
5.692070000000000000e+05
5.692110000000000000e+05
5.692130000000000000e+05
5.692140000000000000e+05
5.692470000000000000e+05
5.692630000000000000e+05
5.692710000000000000e+05
5.692750000000000000e+05
5.692770000000000000e+05
5.692780000000000000e+05
5.692950000000000000e+05
5.693190000000000000e+05
5.693230000000000000e+05
5.693250000000000000e+05
5.693260000000000000e+05
5.698550000000000000e+05
5.708150000000000000e+05
5.716470000000000000e+05
5.717750000000000000e+05
5.718390000000000000e+05
5.718710000000000000e+05
5.718870000000000000e+05
5.718950000000000000e+05
5.718990000000000000e+05
5.719010000000000000e+05
5.719020000000000000e+05
5.726070000000000000e+05
5.727350000000000000e+05
5.728310000000000000e+05
5.728470000000000000e+05
5.728550000000000000e+05
5.728590000000000000e+05
5.728610000000000000e+05
5.728620000000000000e+05
5.918710000000000000e+05
5.928950000000000000e+05
5.934070000000000000e+05
5.936630000000000000e+05
5.937910000000000000e+05
5.938550000000000000e+05
5.938870000000000000e+05
5.939030000000000000e+05
5.939110000000000000e+05
5.939150000000000000e+05
5.939170000000000000e+05
5.939180000000000000e+05
5.949430000000000000e+05
5.954550000000000000e+05
5.957110000000000000e+05
5.958390000000000000e+05
5.959030000000000000e+05
5.959350000000000000e+05
5.959510000000000000e+05
5.959590000000000000e+05
5.959630000000000000e+05
5.959650000000000000e+05
5.959660000000000000e+05
5.964790000000000000e+05
5.967350000000000000e+05
5.968630000000000000e+05
5.969270000000000000e+05
5.969590000000000000e+05
5.969750000000000000e+05
5.969830000000000000e+05
5.969870000000000000e+05
5.969890000000000000e+05
5.969900000000000000e+05
5.972470000000000000e+05
5.973750000000000000e+05
5.974390000000000000e+05
5.974710000000000000e+05
5.974870000000000000e+05
5.974950000000000000e+05
5.974990000000000000e+05
5.975010000000000000e+05
5.975020000000000000e+05
5.976310000000000000e+05
5.976950000000000000e+05
5.977270000000000000e+05
5.977430000000000000e+05
5.977510000000000000e+05
5.977550000000000000e+05
5.977570000000000000e+05
5.977580000000000000e+05
5.978230000000000000e+05
5.978550000000000000e+05
5.978710000000000000e+05
5.978790000000000000e+05
5.978830000000000000e+05
5.978850000000000000e+05
5.978860000000000000e+05
5.979190000000000000e+05
5.979350000000000000e+05
5.979430000000000000e+05
5.979470000000000000e+05
5.979490000000000000e+05
5.979500000000000000e+05
5.979670000000000000e+05
5.979750000000000000e+05
5.979790000000000000e+05
5.979810000000000000e+05
5.979820000000000000e+05
5.979910000000000000e+05
5.979950000000000000e+05
5.979970000000000000e+05
5.979980000000000000e+05
5.980030000000000000e+05
5.980050000000000000e+05
5.980060000000000000e+05
5.980090000000000000e+05
5.980100000000000000e+05
5.980120000000000000e+05
5.990390000000000000e+05
5.995510000000000000e+05
5.998070000000000000e+05
5.999350000000000000e+05
5.999990000000000000e+05
6.000310000000000000e+05
6.000470000000000000e+05
6.000550000000000000e+05
6.000590000000000000e+05
6.000610000000000000e+05
6.000620000000000000e+05
6.005750000000000000e+05
6.008310000000000000e+05
6.009590000000000000e+05
6.010230000000000000e+05
6.010550000000000000e+05
6.010710000000000000e+05
6.010790000000000000e+05
6.010830000000000000e+05
6.010850000000000000e+05
6.010860000000000000e+05
6.013430000000000000e+05
6.014710000000000000e+05
6.015350000000000000e+05
6.015670000000000000e+05
6.015830000000000000e+05
6.017270000000000000e+05
6.017910000000000000e+05
6.018230000000000000e+05
6.018390000000000000e+05
6.018470000000000000e+05
6.018510000000000000e+05
6.018530000000000000e+05
6.018540000000000000e+05
6.019190000000000000e+05
6.019510000000000000e+05
6.019670000000000000e+05
6.019750000000000000e+05
6.019790000000000000e+05
6.019810000000000000e+05
6.019820000000000000e+05
6.020150000000000000e+05
6.020310000000000000e+05
6.020390000000000000e+05
6.020430000000000000e+05
6.020450000000000000e+05
6.020460000000000000e+05
6.020630000000000000e+05
6.020710000000000000e+05
6.020750000000000000e+05
6.020770000000000000e+05
6.020780000000000000e+05
6.020870000000000000e+05
6.020910000000000000e+05
6.020930000000000000e+05
6.020940000000000000e+05
6.026230000000000000e+05
6.033910000000000000e+05
6.035830000000000000e+05
6.044150000000000000e+05
6.045430000000000000e+05
6.046070000000000000e+05
6.046390000000000000e+05
6.046550000000000000e+05
6.046630000000000000e+05
6.046670000000000000e+05
6.046690000000000000e+05
6.046700000000000000e+05
6.053110000000000000e+05
6.053750000000000000e+05
6.054070000000000000e+05
6.054230000000000000e+05
6.054310000000000000e+05
6.054350000000000000e+05
6.054370000000000000e+05
6.054380000000000000e+05
6.055030000000000000e+05
6.055990000000000000e+05
6.056150000000000000e+05
6.056230000000000000e+05
6.056270000000000000e+05
6.056290000000000000e+05
6.056300000000000000e+05
6.574070000000000000e+05
6.584310000000000000e+05
6.589430000000000000e+05
6.591990000000000000e+05
6.593270000000000000e+05
6.593910000000000000e+05
6.594230000000000000e+05
6.594390000000000000e+05
6.594470000000000000e+05
6.594510000000000000e+05
6.594530000000000000e+05
6.594540000000000000e+05
6.604790000000000000e+05
6.609910000000000000e+05
6.612470000000000000e+05
6.613750000000000000e+05
6.614390000000000000e+05
6.614710000000000000e+05
6.614870000000000000e+05
6.614950000000000000e+05
6.614990000000000000e+05
6.615010000000000000e+05
6.615020000000000000e+05
6.620150000000000000e+05
6.622710000000000000e+05
6.623990000000000000e+05
6.624630000000000000e+05
6.624950000000000000e+05
6.625110000000000000e+05
6.625190000000000000e+05
6.625230000000000000e+05
6.625250000000000000e+05
6.625260000000000000e+05
6.627830000000000000e+05
6.629110000000000000e+05
6.629750000000000000e+05
6.630070000000000000e+05
6.630230000000000000e+05
6.630310000000000000e+05
6.630350000000000000e+05
6.630370000000000000e+05
6.630380000000000000e+05
6.631670000000000000e+05
6.632310000000000000e+05
6.632630000000000000e+05
6.632790000000000000e+05
6.632870000000000000e+05
6.632910000000000000e+05
6.632930000000000000e+05
6.632940000000000000e+05
6.633590000000000000e+05
6.633910000000000000e+05
6.634070000000000000e+05
6.634150000000000000e+05
6.634190000000000000e+05
6.634210000000000000e+05
6.634220000000000000e+05
6.634550000000000000e+05
6.634710000000000000e+05
6.634790000000000000e+05
6.634830000000000000e+05
6.634850000000000000e+05
6.634860000000000000e+05
6.635030000000000000e+05
6.635110000000000000e+05
6.635150000000000000e+05
6.635170000000000000e+05
6.635180000000000000e+05
6.635270000000000000e+05
6.635310000000000000e+05
6.635330000000000000e+05
6.635340000000000000e+05
6.635390000000000000e+05
6.635410000000000000e+05
6.635420000000000000e+05
6.635450000000000000e+05
6.635460000000000000e+05
6.635480000000000000e+05
6.645750000000000000e+05
6.650870000000000000e+05
6.653430000000000000e+05
6.654710000000000000e+05
6.655350000000000000e+05
6.655670000000000000e+05
6.655830000000000000e+05
6.655910000000000000e+05
6.655950000000000000e+05
6.655970000000000000e+05
6.655980000000000000e+05
6.661110000000000000e+05
6.663670000000000000e+05
6.664950000000000000e+05
6.665590000000000000e+05
6.665910000000000000e+05
6.666070000000000000e+05
6.666150000000000000e+05
6.666190000000000000e+05
6.666210000000000000e+05
6.666220000000000000e+05
6.668790000000000000e+05
6.670710000000000000e+05
6.671030000000000000e+05
6.671190000000000000e+05
6.672630000000000000e+05
6.673270000000000000e+05
6.673590000000000000e+05
6.673750000000000000e+05
6.673830000000000000e+05
6.673870000000000000e+05
6.673890000000000000e+05
6.673900000000000000e+05
6.674550000000000000e+05
6.674870000000000000e+05
6.675030000000000000e+05
6.675510000000000000e+05
6.675670000000000000e+05
6.675750000000000000e+05
6.675790000000000000e+05
6.675810000000000000e+05
6.675820000000000000e+05
6.675990000000000000e+05
6.676070000000000000e+05
6.676110000000000000e+05
6.676130000000000000e+05
6.676140000000000000e+05
6.676230000000000000e+05
6.676270000000000000e+05
6.676290000000000000e+05
6.676300000000000000e+05
6.681590000000000000e+05
6.691190000000000000e+05
6.699510000000000000e+05
6.700790000000000000e+05
6.701430000000000000e+05
6.701750000000000000e+05
6.701910000000000000e+05
6.701990000000000000e+05
6.702030000000000000e+05
6.702050000000000000e+05
6.702060000000000000e+05
6.709110000000000000e+05
6.710390000000000000e+05
6.711350000000000000e+05
6.711510000000000000e+05
6.711590000000000000e+05
6.711630000000000000e+05
6.711650000000000000e+05
6.711660000000000000e+05
7.884790000000000000e+05
7.895030000000000000e+05
7.900150000000000000e+05
7.902710000000000000e+05
7.903990000000000000e+05
7.904630000000000000e+05
7.904950000000000000e+05
7.905110000000000000e+05
7.905190000000000000e+05
7.905230000000000000e+05
7.905250000000000000e+05
7.905260000000000000e+05
7.915510000000000000e+05
7.920630000000000000e+05
7.923190000000000000e+05
7.924470000000000000e+05
7.925110000000000000e+05
7.925430000000000000e+05
7.925590000000000000e+05
7.925670000000000000e+05
7.925710000000000000e+05
7.925730000000000000e+05
7.925740000000000000e+05
7.930870000000000000e+05
7.933430000000000000e+05
7.934710000000000000e+05
7.935350000000000000e+05
7.935670000000000000e+05
7.935830000000000000e+05
7.935910000000000000e+05
7.935950000000000000e+05
7.935970000000000000e+05
7.935980000000000000e+05
7.938550000000000000e+05
7.939830000000000000e+05
7.940470000000000000e+05
7.940790000000000000e+05
7.940950000000000000e+05
7.941030000000000000e+05
7.941070000000000000e+05
7.941090000000000000e+05
7.941100000000000000e+05
7.942390000000000000e+05
7.943030000000000000e+05
7.943350000000000000e+05
7.943510000000000000e+05
7.943590000000000000e+05
7.943630000000000000e+05
7.943650000000000000e+05
7.943660000000000000e+05
7.944310000000000000e+05
7.944630000000000000e+05
7.944790000000000000e+05
7.944870000000000000e+05
7.944910000000000000e+05
7.944930000000000000e+05
7.944940000000000000e+05
7.945270000000000000e+05
7.945430000000000000e+05
7.945510000000000000e+05
7.945550000000000000e+05
7.945570000000000000e+05
7.945580000000000000e+05
7.945750000000000000e+05
7.945830000000000000e+05
7.945870000000000000e+05
7.945890000000000000e+05
7.945900000000000000e+05
7.945990000000000000e+05
7.946030000000000000e+05
7.946050000000000000e+05
7.946060000000000000e+05
7.946110000000000000e+05
7.946130000000000000e+05
7.946140000000000000e+05
7.946170000000000000e+05
7.946180000000000000e+05
7.946200000000000000e+05
7.956470000000000000e+05
7.961590000000000000e+05
7.964150000000000000e+05
7.965430000000000000e+05
7.966070000000000000e+05
7.966390000000000000e+05
7.966550000000000000e+05
7.966630000000000000e+05
7.966670000000000000e+05
7.966690000000000000e+05
7.966700000000000000e+05
7.971830000000000000e+05
7.974390000000000000e+05
7.975670000000000000e+05
7.976310000000000000e+05
7.976630000000000000e+05
7.976790000000000000e+05
7.976870000000000000e+05
7.976910000000000000e+05
7.976930000000000000e+05
7.976940000000000000e+05
7.979510000000000000e+05
7.981430000000000000e+05
7.981750000000000000e+05
7.981910000000000000e+05
7.983350000000000000e+05
7.983990000000000000e+05
7.984310000000000000e+05
7.984470000000000000e+05
7.984550000000000000e+05
7.984590000000000000e+05
7.984610000000000000e+05
7.984620000000000000e+05
7.985270000000000000e+05
7.985590000000000000e+05
7.985750000000000000e+05
7.986230000000000000e+05
7.986390000000000000e+05
7.986470000000000000e+05
7.986510000000000000e+05
7.986530000000000000e+05
7.986540000000000000e+05
7.986710000000000000e+05
7.986790000000000000e+05
7.986830000000000000e+05
7.986850000000000000e+05
7.986860000000000000e+05
7.986950000000000000e+05
7.986990000000000000e+05
7.987010000000000000e+05
7.987020000000000000e+05
7.992310000000000000e+05
7.997110000000000000e+05
8.001910000000000000e+05
8.002390000000000000e+05
8.007270000000000000e+05
8.010230000000000000e+05
8.011510000000000000e+05
8.012150000000000000e+05
8.012470000000000000e+05
8.012630000000000000e+05
8.012710000000000000e+05
8.012750000000000000e+05
8.012770000000000000e+05
8.012780000000000000e+05
8.015030000000000000e+05
8.016310000000000000e+05
8.016950000000000000e+05
8.017430000000000000e+05
8.017510000000000000e+05
8.017550000000000000e+05
8.017570000000000000e+05
8.017580000000000000e+05
8.019830000000000000e+05
8.020310000000000000e+05
8.021110000000000000e+05
8.021590000000000000e+05
8.022070000000000000e+05
8.022230000000000000e+05
8.022310000000000000e+05
8.022350000000000000e+05
8.022370000000000000e+05
8.022380000000000000e+05
8.022550000000000000e+05
8.022630000000000000e+05
8.022790000000000000e+05
8.022830000000000000e+05
8.022850000000000000e+05
8.022860000000000000e+05
8.025190000000000000e+05
8.026470000000000000e+05
8.027110000000000000e+05
8.027590000000000000e+05
8.027710000000000000e+05
8.027730000000000000e+05
8.027740000000000000e+05
8.058550000000000000e+05
8.068710000000000000e+05
8.079030000000000000e+05
8.089190000000000000e+05
8.094390000000000000e+05
8.096950000000000000e+05
8.098230000000000000e+05
8.098870000000000000e+05
8.099350000000000000e+05
8.099430000000000000e+05
8.099470000000000000e+05
8.099490000000000000e+05
8.099500000000000000e+05
8.104550000000000000e+05
8.107110000000000000e+05
8.108390000000000000e+05
8.109030000000000000e+05
8.109510000000000000e+05
8.109630000000000000e+05
8.109650000000000000e+05
8.109660000000000000e+05
8.222390000000000000e+05
8.232550000000000000e+05
8.242870000000000000e+05
8.253030000000000000e+05
8.258230000000000000e+05
8.260790000000000000e+05
8.262070000000000000e+05
8.262710000000000000e+05
8.263190000000000000e+05
8.263270000000000000e+05
8.263310000000000000e+05
8.263330000000000000e+05
8.263340000000000000e+05
8.268390000000000000e+05
8.270950000000000000e+05
8.272230000000000000e+05
8.272870000000000000e+05
8.273350000000000000e+05
8.273470000000000000e+05
8.273490000000000000e+05
8.273500000000000000e+05
8.550070000000000000e+05
8.560230000000000000e+05
8.570550000000000000e+05
8.580710000000000000e+05
8.585910000000000000e+05
8.588470000000000000e+05
8.589750000000000000e+05
8.590390000000000000e+05
8.590870000000000000e+05
8.590950000000000000e+05
8.590990000000000000e+05
8.591010000000000000e+05
8.591020000000000000e+05
8.596070000000000000e+05
8.598630000000000000e+05
8.599910000000000000e+05
8.600550000000000000e+05
8.601030000000000000e+05
8.601150000000000000e+05
8.601170000000000000e+05
8.601180000000000000e+05
9.205430000000000000e+05
9.215590000000000000e+05
9.225910000000000000e+05
9.236070000000000000e+05
9.241270000000000000e+05
9.243830000000000000e+05
9.245110000000000000e+05
9.245750000000000000e+05
9.246230000000000000e+05
9.246310000000000000e+05
9.246350000000000000e+05
9.246370000000000000e+05
9.246380000000000000e+05
9.251430000000000000e+05
9.253990000000000000e+05
9.255270000000000000e+05
9.255910000000000000e+05
9.256390000000000000e+05
9.256510000000000000e+05
9.256530000000000000e+05
9.256540000000000000e+05
1.052671000000000000e+06
1.054719000000000000e+06
1.055743000000000000e+06
1.056255000000000000e+06
1.056511000000000000e+06
1.056639000000000000e+06
1.056703000000000000e+06
1.056735000000000000e+06
1.056751000000000000e+06
1.056759000000000000e+06
1.056763000000000000e+06
1.056765000000000000e+06
1.056766000000000000e+06
1.058815000000000000e+06
1.059839000000000000e+06
1.060351000000000000e+06
1.060607000000000000e+06
1.060735000000000000e+06
1.060799000000000000e+06
1.060831000000000000e+06
1.060847000000000000e+06
1.060855000000000000e+06
1.060859000000000000e+06
1.060861000000000000e+06
1.060862000000000000e+06
1.061887000000000000e+06
1.062399000000000000e+06
1.062655000000000000e+06
1.062783000000000000e+06
1.062847000000000000e+06
1.062879000000000000e+06
1.062895000000000000e+06
1.062903000000000000e+06
1.062907000000000000e+06
1.062909000000000000e+06
1.062910000000000000e+06
1.063423000000000000e+06
1.063679000000000000e+06
1.063807000000000000e+06
1.063871000000000000e+06
1.063903000000000000e+06
1.063919000000000000e+06
1.063927000000000000e+06
1.063931000000000000e+06
1.063933000000000000e+06
1.063934000000000000e+06
1.064191000000000000e+06
1.064319000000000000e+06
1.064383000000000000e+06
1.064415000000000000e+06
1.064431000000000000e+06
1.064439000000000000e+06
1.064443000000000000e+06
1.064445000000000000e+06
1.064446000000000000e+06
1.064575000000000000e+06
1.064639000000000000e+06
1.064671000000000000e+06
1.064687000000000000e+06
1.064695000000000000e+06
1.064699000000000000e+06
1.064701000000000000e+06
1.064702000000000000e+06
1.064767000000000000e+06
1.064799000000000000e+06
1.064815000000000000e+06
1.064823000000000000e+06
1.064827000000000000e+06
1.064829000000000000e+06
1.064830000000000000e+06
1.064863000000000000e+06
1.064879000000000000e+06
1.064887000000000000e+06
1.064891000000000000e+06
1.064893000000000000e+06
1.064894000000000000e+06
1.064911000000000000e+06
1.064919000000000000e+06
1.064923000000000000e+06
1.064925000000000000e+06
1.064926000000000000e+06
1.064935000000000000e+06
1.064939000000000000e+06
1.064941000000000000e+06
1.064942000000000000e+06
1.064947000000000000e+06
1.064949000000000000e+06
1.064950000000000000e+06
1.064953000000000000e+06
1.064954000000000000e+06
1.064956000000000000e+06
1.067007000000000000e+06
1.068031000000000000e+06
1.068543000000000000e+06
1.068799000000000000e+06
1.068927000000000000e+06
1.068991000000000000e+06
1.069023000000000000e+06
1.069039000000000000e+06
1.069047000000000000e+06
1.069051000000000000e+06
1.069053000000000000e+06
1.069054000000000000e+06
1.070079000000000000e+06
1.070591000000000000e+06
1.070847000000000000e+06
1.070975000000000000e+06
1.071039000000000000e+06
1.071071000000000000e+06
1.071087000000000000e+06
1.071095000000000000e+06
1.071099000000000000e+06
1.071101000000000000e+06
1.071102000000000000e+06
1.071615000000000000e+06
1.071871000000000000e+06
1.071999000000000000e+06
1.072063000000000000e+06
1.072095000000000000e+06
1.072111000000000000e+06
1.072119000000000000e+06
1.072123000000000000e+06
1.072125000000000000e+06
1.072126000000000000e+06
1.072383000000000000e+06
1.072511000000000000e+06
1.072575000000000000e+06
1.072607000000000000e+06
1.072623000000000000e+06
1.072631000000000000e+06
1.072635000000000000e+06
1.072637000000000000e+06
1.072638000000000000e+06
1.072767000000000000e+06
1.072831000000000000e+06
1.072863000000000000e+06
1.072879000000000000e+06
1.072887000000000000e+06
1.072891000000000000e+06
1.072893000000000000e+06
1.072894000000000000e+06
1.072959000000000000e+06
1.072991000000000000e+06
1.073007000000000000e+06
1.073015000000000000e+06
1.073019000000000000e+06
1.073021000000000000e+06
1.073022000000000000e+06
1.073055000000000000e+06
1.073071000000000000e+06
1.073079000000000000e+06
1.073083000000000000e+06
1.073085000000000000e+06
1.073086000000000000e+06
1.073103000000000000e+06
1.073111000000000000e+06
1.073115000000000000e+06
1.073117000000000000e+06
1.073118000000000000e+06
1.073127000000000000e+06
1.073131000000000000e+06
1.073133000000000000e+06
1.073134000000000000e+06
1.073139000000000000e+06
1.073141000000000000e+06
1.073142000000000000e+06
1.073145000000000000e+06
1.073146000000000000e+06
1.073148000000000000e+06
1.074175000000000000e+06
1.074687000000000000e+06
1.074943000000000000e+06
1.075071000000000000e+06
1.075135000000000000e+06
1.075167000000000000e+06
1.075183000000000000e+06
1.075191000000000000e+06
1.075195000000000000e+06
1.075197000000000000e+06
1.075198000000000000e+06
1.075711000000000000e+06
1.075967000000000000e+06
1.076095000000000000e+06
1.076159000000000000e+06
1.076191000000000000e+06
1.076207000000000000e+06
1.076215000000000000e+06
1.076219000000000000e+06
1.076221000000000000e+06
1.076222000000000000e+06
1.076479000000000000e+06
1.076607000000000000e+06
1.076719000000000000e+06
1.076731000000000000e+06
1.076733000000000000e+06
1.076863000000000000e+06
1.076927000000000000e+06
1.076959000000000000e+06
1.076975000000000000e+06
1.076983000000000000e+06
1.076987000000000000e+06
1.076989000000000000e+06
1.076990000000000000e+06
1.077055000000000000e+06
1.077087000000000000e+06
1.077103000000000000e+06
1.077111000000000000e+06
1.077115000000000000e+06
1.077117000000000000e+06
1.077118000000000000e+06
1.077167000000000000e+06
1.077179000000000000e+06
1.077181000000000000e+06
1.077199000000000000e+06
1.077211000000000000e+06
1.077213000000000000e+06
1.077223000000000000e+06
1.077227000000000000e+06
1.077229000000000000e+06
1.077230000000000000e+06
1.077235000000000000e+06
1.077237000000000000e+06
1.077241000000000000e+06
1.077242000000000000e+06
1.077244000000000000e+06
1.077759000000000000e+06
1.078015000000000000e+06
1.078527000000000000e+06
1.078655000000000000e+06
1.078719000000000000e+06
1.078751000000000000e+06
1.078767000000000000e+06
1.078775000000000000e+06
1.078779000000000000e+06
1.078781000000000000e+06
1.078782000000000000e+06
1.078911000000000000e+06
1.078975000000000000e+06
1.079007000000000000e+06
1.079023000000000000e+06
1.079031000000000000e+06
1.079035000000000000e+06
1.079037000000000000e+06
1.079038000000000000e+06
1.079103000000000000e+06
1.079215000000000000e+06
1.079551000000000000e+06
1.079679000000000000e+06
1.079743000000000000e+06
1.079775000000000000e+06
1.079791000000000000e+06
1.079799000000000000e+06
1.079803000000000000e+06
1.079805000000000000e+06
1.079806000000000000e+06
1.080127000000000000e+06
1.080239000000000000e+06
1.080447000000000000e+06
1.080511000000000000e+06
1.080543000000000000e+06
1.080559000000000000e+06
1.080567000000000000e+06
1.080571000000000000e+06
1.080573000000000000e+06
1.080574000000000000e+06
1.080639000000000000e+06
1.080671000000000000e+06
1.080687000000000000e+06
1.080695000000000000e+06
1.080699000000000000e+06
1.080701000000000000e+06
1.080702000000000000e+06
1.080751000000000000e+06
1.080763000000000000e+06
1.080765000000000000e+06
1.080783000000000000e+06
1.080795000000000000e+06
1.080797000000000000e+06
1.080807000000000000e+06
1.080811000000000000e+06
1.080813000000000000e+06
1.080814000000000000e+06
1.080819000000000000e+06
1.080821000000000000e+06
1.080825000000000000e+06
1.080826000000000000e+06
1.080828000000000000e+06
1.080895000000000000e+06
1.081007000000000000e+06
1.081119000000000000e+06
1.081135000000000000e+06
1.081143000000000000e+06
1.081147000000000000e+06
1.081149000000000000e+06
1.081150000000000000e+06
1.081231000000000000e+06
1.081255000000000000e+06
1.081259000000000000e+06
1.081261000000000000e+06
1.081262000000000000e+06
1.083391000000000000e+06
1.084415000000000000e+06
1.084927000000000000e+06
1.085183000000000000e+06
1.085311000000000000e+06
1.085375000000000000e+06
1.085407000000000000e+06
1.085423000000000000e+06
1.085431000000000000e+06
1.085435000000000000e+06
1.085437000000000000e+06
1.085438000000000000e+06
1.086463000000000000e+06
1.086975000000000000e+06
1.087231000000000000e+06
1.087359000000000000e+06
1.087423000000000000e+06
1.087455000000000000e+06
1.087471000000000000e+06
1.087479000000000000e+06
1.087483000000000000e+06
1.087485000000000000e+06
1.087486000000000000e+06
1.087999000000000000e+06
1.088255000000000000e+06
1.088383000000000000e+06
1.088447000000000000e+06
1.088479000000000000e+06
1.088495000000000000e+06
1.088503000000000000e+06
1.088507000000000000e+06
1.088509000000000000e+06
1.088510000000000000e+06
1.088767000000000000e+06
1.088895000000000000e+06
1.088959000000000000e+06
1.088991000000000000e+06
1.089007000000000000e+06
1.089015000000000000e+06
1.089019000000000000e+06
1.089021000000000000e+06
1.089022000000000000e+06
1.089151000000000000e+06
1.089215000000000000e+06
1.089247000000000000e+06
1.089263000000000000e+06
1.089271000000000000e+06
1.089275000000000000e+06
1.089277000000000000e+06
1.089278000000000000e+06
1.089343000000000000e+06
1.089375000000000000e+06
1.089391000000000000e+06
1.089399000000000000e+06
1.089403000000000000e+06
1.089405000000000000e+06
1.089406000000000000e+06
1.089439000000000000e+06
1.089455000000000000e+06
1.089463000000000000e+06
1.089467000000000000e+06
1.089469000000000000e+06
1.089470000000000000e+06
1.089487000000000000e+06
1.089495000000000000e+06
1.089499000000000000e+06
1.089501000000000000e+06
1.089502000000000000e+06
1.089511000000000000e+06
1.089515000000000000e+06
1.089517000000000000e+06
1.089518000000000000e+06
1.089523000000000000e+06
1.089525000000000000e+06
1.089526000000000000e+06
1.089529000000000000e+06
1.089530000000000000e+06
1.089532000000000000e+06
1.090559000000000000e+06
1.091071000000000000e+06
1.091327000000000000e+06
1.091455000000000000e+06
1.091519000000000000e+06
1.091551000000000000e+06
1.091567000000000000e+06
1.091575000000000000e+06
1.091579000000000000e+06
1.091581000000000000e+06
1.091582000000000000e+06
1.092095000000000000e+06
1.092351000000000000e+06
1.092479000000000000e+06
1.092543000000000000e+06
1.092575000000000000e+06
1.092591000000000000e+06
1.092599000000000000e+06
1.092603000000000000e+06
1.092605000000000000e+06
1.092606000000000000e+06
1.092863000000000000e+06
1.092991000000000000e+06
1.093103000000000000e+06
1.093115000000000000e+06
1.093117000000000000e+06
1.093247000000000000e+06
1.093311000000000000e+06
1.093343000000000000e+06
1.093359000000000000e+06
1.093367000000000000e+06
1.093371000000000000e+06
1.093373000000000000e+06
1.093374000000000000e+06
1.093439000000000000e+06
1.093471000000000000e+06
1.093487000000000000e+06
1.093495000000000000e+06
1.093499000000000000e+06
1.093501000000000000e+06
1.093502000000000000e+06
1.093551000000000000e+06
1.093563000000000000e+06
1.093565000000000000e+06
1.093583000000000000e+06
1.093595000000000000e+06
1.093597000000000000e+06
1.093607000000000000e+06
1.093611000000000000e+06
1.093613000000000000e+06
1.093614000000000000e+06
1.093619000000000000e+06
1.093621000000000000e+06
1.093625000000000000e+06
1.093626000000000000e+06
1.093628000000000000e+06
1.094143000000000000e+06
1.094911000000000000e+06
1.095039000000000000e+06
1.095103000000000000e+06
1.095135000000000000e+06
1.095151000000000000e+06
1.095159000000000000e+06
1.095163000000000000e+06
1.095165000000000000e+06
1.095166000000000000e+06
1.095487000000000000e+06
1.095935000000000000e+06
1.096063000000000000e+06
1.096127000000000000e+06
1.096159000000000000e+06
1.096175000000000000e+06
1.096183000000000000e+06
1.096187000000000000e+06
1.096189000000000000e+06
1.096190000000000000e+06
1.096511000000000000e+06
1.096831000000000000e+06
1.096895000000000000e+06
1.096927000000000000e+06
1.096943000000000000e+06
1.096951000000000000e+06
1.096955000000000000e+06
1.096957000000000000e+06
1.096958000000000000e+06
1.097023000000000000e+06
1.097055000000000000e+06
1.097071000000000000e+06
1.097079000000000000e+06
1.097083000000000000e+06
1.097085000000000000e+06
1.097086000000000000e+06
1.097147000000000000e+06
1.097149000000000000e+06
1.097179000000000000e+06
1.097181000000000000e+06
1.097195000000000000e+06
1.097197000000000000e+06
1.097203000000000000e+06
1.097205000000000000e+06
1.097209000000000000e+06
1.097210000000000000e+06
1.097212000000000000e+06
1.097279000000000000e+06
1.097503000000000000e+06
1.097519000000000000e+06
1.097527000000000000e+06
1.097531000000000000e+06
1.097533000000000000e+06
1.097534000000000000e+06
1.099519000000000000e+06
1.102591000000000000e+06
1.103103000000000000e+06
1.103487000000000000e+06
1.103551000000000000e+06
1.103583000000000000e+06
1.103599000000000000e+06
1.103607000000000000e+06
1.103611000000000000e+06
1.103613000000000000e+06
1.103614000000000000e+06
1.116159000000000000e+06
1.117183000000000000e+06
1.117695000000000000e+06
1.117951000000000000e+06
1.118079000000000000e+06
1.118143000000000000e+06
1.118175000000000000e+06
1.118191000000000000e+06
1.118199000000000000e+06
1.118203000000000000e+06
1.118205000000000000e+06
1.118206000000000000e+06
1.119231000000000000e+06
1.119743000000000000e+06
1.119999000000000000e+06
1.120127000000000000e+06
1.120191000000000000e+06
1.120223000000000000e+06
1.120239000000000000e+06
1.120247000000000000e+06
1.120251000000000000e+06
1.120253000000000000e+06
1.120254000000000000e+06
1.120767000000000000e+06
1.121023000000000000e+06
1.121151000000000000e+06
1.121215000000000000e+06
1.121247000000000000e+06
1.121263000000000000e+06
1.121271000000000000e+06
1.121275000000000000e+06
1.121277000000000000e+06
1.121278000000000000e+06
1.121535000000000000e+06
1.121663000000000000e+06
1.121727000000000000e+06
1.121759000000000000e+06
1.121775000000000000e+06
1.121783000000000000e+06
1.121787000000000000e+06
1.121789000000000000e+06
1.121790000000000000e+06
1.121919000000000000e+06
1.121983000000000000e+06
1.122015000000000000e+06
1.122031000000000000e+06
1.122039000000000000e+06
1.122043000000000000e+06
1.122045000000000000e+06
1.122046000000000000e+06
1.122111000000000000e+06
1.122143000000000000e+06
1.122159000000000000e+06
1.122167000000000000e+06
1.122171000000000000e+06
1.122173000000000000e+06
1.122174000000000000e+06
1.122207000000000000e+06
1.122223000000000000e+06
1.122231000000000000e+06
1.122235000000000000e+06
1.122237000000000000e+06
1.122238000000000000e+06
1.122255000000000000e+06
1.122263000000000000e+06
1.122267000000000000e+06
1.122269000000000000e+06
1.122270000000000000e+06
1.122279000000000000e+06
1.122283000000000000e+06
1.122285000000000000e+06
1.122286000000000000e+06
1.122291000000000000e+06
1.122293000000000000e+06
1.122294000000000000e+06
1.122297000000000000e+06
1.122298000000000000e+06
1.122300000000000000e+06
1.123327000000000000e+06
1.123839000000000000e+06
1.124095000000000000e+06
1.124223000000000000e+06
1.124287000000000000e+06
1.124319000000000000e+06
1.124335000000000000e+06
1.124343000000000000e+06
1.124347000000000000e+06
1.124349000000000000e+06
1.124350000000000000e+06
1.124863000000000000e+06
1.125119000000000000e+06
1.125247000000000000e+06
1.125311000000000000e+06
1.125343000000000000e+06
1.125359000000000000e+06
1.125367000000000000e+06
1.125371000000000000e+06
1.125373000000000000e+06
1.125374000000000000e+06
1.125631000000000000e+06
1.125759000000000000e+06
1.125823000000000000e+06
1.125855000000000000e+06
1.125871000000000000e+06
1.125883000000000000e+06
1.125885000000000000e+06
1.126015000000000000e+06
1.126079000000000000e+06
1.126111000000000000e+06
1.126127000000000000e+06
1.126135000000000000e+06
1.126139000000000000e+06
1.126141000000000000e+06
1.126142000000000000e+06
1.126207000000000000e+06
1.126239000000000000e+06
1.126255000000000000e+06
1.126263000000000000e+06
1.126267000000000000e+06
1.126269000000000000e+06
1.126270000000000000e+06
1.126303000000000000e+06
1.126319000000000000e+06
1.126327000000000000e+06
1.126331000000000000e+06
1.126333000000000000e+06
1.126334000000000000e+06
1.126351000000000000e+06
1.126359000000000000e+06
1.126363000000000000e+06
1.126365000000000000e+06
1.126366000000000000e+06
1.126375000000000000e+06
1.126379000000000000e+06
1.126381000000000000e+06
1.126382000000000000e+06
1.126387000000000000e+06
1.126389000000000000e+06
1.126393000000000000e+06
1.126394000000000000e+06
1.126396000000000000e+06
1.126911000000000000e+06
1.127679000000000000e+06
1.127807000000000000e+06
1.127871000000000000e+06
1.127903000000000000e+06
1.127919000000000000e+06
1.127927000000000000e+06
1.127931000000000000e+06
1.127933000000000000e+06
1.127934000000000000e+06
1.128255000000000000e+06
1.128703000000000000e+06
1.128831000000000000e+06
1.128895000000000000e+06
1.128927000000000000e+06
1.128943000000000000e+06
1.128951000000000000e+06
1.128955000000000000e+06
1.128957000000000000e+06
1.128958000000000000e+06
1.129279000000000000e+06
1.129599000000000000e+06
1.129663000000000000e+06
1.129695000000000000e+06
1.129711000000000000e+06
1.129719000000000000e+06
1.129723000000000000e+06
1.129725000000000000e+06
1.129726000000000000e+06
1.129791000000000000e+06
1.129823000000000000e+06
1.129839000000000000e+06
1.129847000000000000e+06
1.129851000000000000e+06
1.129853000000000000e+06
1.129854000000000000e+06
1.129915000000000000e+06
1.129917000000000000e+06
1.129947000000000000e+06
1.129949000000000000e+06
1.129963000000000000e+06
1.129965000000000000e+06
1.129971000000000000e+06
1.129973000000000000e+06
1.129977000000000000e+06
1.129978000000000000e+06
1.129980000000000000e+06
1.130047000000000000e+06
1.130271000000000000e+06
1.130287000000000000e+06
1.130295000000000000e+06
1.130299000000000000e+06
1.130301000000000000e+06
1.130302000000000000e+06
1.132287000000000000e+06
1.135359000000000000e+06
1.135871000000000000e+06
1.136255000000000000e+06
1.136319000000000000e+06
1.136351000000000000e+06
1.136367000000000000e+06
1.136375000000000000e+06
1.136379000000000000e+06
1.136381000000000000e+06
1.136382000000000000e+06
1.181695000000000000e+06
1.182719000000000000e+06
1.183231000000000000e+06
1.183487000000000000e+06
1.183615000000000000e+06
1.183679000000000000e+06
1.183711000000000000e+06
1.183727000000000000e+06
1.183735000000000000e+06
1.183739000000000000e+06
1.183741000000000000e+06
1.183742000000000000e+06
1.184767000000000000e+06
1.185279000000000000e+06
1.185535000000000000e+06
1.185663000000000000e+06
1.185727000000000000e+06
1.185759000000000000e+06
1.185775000000000000e+06
1.185783000000000000e+06
1.185787000000000000e+06
1.185789000000000000e+06
1.185790000000000000e+06
1.186303000000000000e+06
1.186559000000000000e+06
1.186687000000000000e+06
1.186751000000000000e+06
1.186783000000000000e+06
1.186799000000000000e+06
1.186807000000000000e+06
1.186811000000000000e+06
1.186813000000000000e+06
1.186814000000000000e+06
1.187071000000000000e+06
1.187199000000000000e+06
1.187263000000000000e+06
1.187295000000000000e+06
1.187311000000000000e+06
1.187319000000000000e+06
1.187323000000000000e+06
1.187325000000000000e+06
1.187326000000000000e+06
1.187455000000000000e+06
1.187519000000000000e+06
1.187551000000000000e+06
1.187567000000000000e+06
1.187575000000000000e+06
1.187579000000000000e+06
1.187581000000000000e+06
1.187582000000000000e+06
1.187647000000000000e+06
1.187679000000000000e+06
1.187695000000000000e+06
1.187703000000000000e+06
1.187707000000000000e+06
1.187709000000000000e+06
1.187710000000000000e+06
1.187743000000000000e+06
1.187759000000000000e+06
1.187767000000000000e+06
1.187771000000000000e+06
1.187773000000000000e+06
1.187774000000000000e+06
1.187791000000000000e+06
1.187799000000000000e+06
1.187803000000000000e+06
1.187805000000000000e+06
1.187806000000000000e+06
1.187815000000000000e+06
1.187819000000000000e+06
1.187821000000000000e+06
1.187822000000000000e+06
1.187827000000000000e+06
1.187829000000000000e+06
1.187830000000000000e+06
1.187833000000000000e+06
1.187834000000000000e+06
1.187836000000000000e+06
1.188863000000000000e+06
1.189375000000000000e+06
1.189631000000000000e+06
1.189759000000000000e+06
1.189823000000000000e+06
1.189855000000000000e+06
1.189871000000000000e+06
1.189879000000000000e+06
1.189883000000000000e+06
1.189885000000000000e+06
1.189886000000000000e+06
1.190399000000000000e+06
1.190655000000000000e+06
1.190783000000000000e+06
1.190847000000000000e+06
1.190879000000000000e+06
1.190895000000000000e+06
1.190903000000000000e+06
1.190907000000000000e+06
1.190909000000000000e+06
1.190910000000000000e+06
1.191167000000000000e+06
1.191295000000000000e+06
1.191391000000000000e+06
1.191407000000000000e+06
1.191419000000000000e+06
1.191421000000000000e+06
1.191551000000000000e+06
1.191615000000000000e+06
1.191647000000000000e+06
1.191663000000000000e+06
1.191671000000000000e+06
1.191675000000000000e+06
1.191677000000000000e+06
1.191678000000000000e+06
1.191743000000000000e+06
1.191775000000000000e+06
1.191791000000000000e+06
1.191799000000000000e+06
1.191803000000000000e+06
1.191805000000000000e+06
1.191806000000000000e+06
1.191839000000000000e+06
1.191855000000000000e+06
1.191867000000000000e+06
1.191869000000000000e+06
1.191887000000000000e+06
1.191895000000000000e+06
1.191899000000000000e+06
1.191901000000000000e+06
1.191902000000000000e+06
1.191911000000000000e+06
1.191915000000000000e+06
1.191917000000000000e+06
1.191918000000000000e+06
1.191923000000000000e+06
1.191925000000000000e+06
1.191929000000000000e+06
1.191930000000000000e+06
1.191932000000000000e+06
1.192447000000000000e+06
1.193215000000000000e+06
1.193343000000000000e+06
1.193407000000000000e+06
1.193439000000000000e+06
1.193455000000000000e+06
1.193463000000000000e+06
1.193467000000000000e+06
1.193469000000000000e+06
1.193470000000000000e+06
1.193791000000000000e+06
1.194239000000000000e+06
1.194367000000000000e+06
1.194431000000000000e+06
1.194463000000000000e+06
1.194479000000000000e+06
1.194487000000000000e+06
1.194491000000000000e+06
1.194493000000000000e+06
1.194494000000000000e+06
1.194815000000000000e+06
1.195135000000000000e+06
1.195199000000000000e+06
1.195231000000000000e+06
1.195247000000000000e+06
1.195255000000000000e+06
1.195259000000000000e+06
1.195261000000000000e+06
1.195262000000000000e+06
1.195327000000000000e+06
1.195359000000000000e+06
1.195375000000000000e+06
1.195383000000000000e+06
1.195387000000000000e+06
1.195389000000000000e+06
1.195390000000000000e+06
1.195451000000000000e+06
1.195453000000000000e+06
1.195483000000000000e+06
1.195485000000000000e+06
1.195499000000000000e+06
1.195501000000000000e+06
1.195507000000000000e+06
1.195509000000000000e+06
1.195513000000000000e+06
1.195514000000000000e+06
1.195516000000000000e+06
1.195583000000000000e+06
1.195807000000000000e+06
1.195823000000000000e+06
1.195831000000000000e+06
1.195835000000000000e+06
1.195837000000000000e+06
1.195838000000000000e+06
1.197823000000000000e+06
1.200895000000000000e+06
1.201407000000000000e+06
1.201791000000000000e+06
1.201855000000000000e+06
1.201887000000000000e+06
1.201903000000000000e+06
1.201911000000000000e+06
1.201915000000000000e+06
1.201917000000000000e+06
1.201918000000000000e+06
1.312767000000000000e+06
1.313791000000000000e+06
1.314303000000000000e+06
1.314559000000000000e+06
1.314687000000000000e+06
1.314751000000000000e+06
1.314783000000000000e+06
1.314799000000000000e+06
1.314807000000000000e+06
1.314811000000000000e+06
1.314813000000000000e+06
1.314814000000000000e+06
1.315839000000000000e+06
1.316351000000000000e+06
1.316607000000000000e+06
1.316735000000000000e+06
1.316799000000000000e+06
1.316831000000000000e+06
1.316847000000000000e+06
1.316855000000000000e+06
1.316859000000000000e+06
1.316861000000000000e+06
1.316862000000000000e+06
1.317375000000000000e+06
1.317631000000000000e+06
1.317759000000000000e+06
1.317823000000000000e+06
1.317855000000000000e+06
1.317871000000000000e+06
1.317879000000000000e+06
1.317883000000000000e+06
1.317885000000000000e+06
1.317886000000000000e+06
1.318143000000000000e+06
1.318271000000000000e+06
1.318335000000000000e+06
1.318367000000000000e+06
1.318383000000000000e+06
1.318391000000000000e+06
1.318395000000000000e+06
1.318397000000000000e+06
1.318398000000000000e+06
1.318527000000000000e+06
1.318591000000000000e+06
1.318623000000000000e+06
1.318639000000000000e+06
1.318647000000000000e+06
1.318651000000000000e+06
1.318653000000000000e+06
1.318654000000000000e+06
1.318719000000000000e+06
1.318751000000000000e+06
1.318767000000000000e+06
1.318775000000000000e+06
1.318779000000000000e+06
1.318781000000000000e+06
1.318782000000000000e+06
1.318815000000000000e+06
1.318831000000000000e+06
1.318839000000000000e+06
1.318843000000000000e+06
1.318845000000000000e+06
1.318846000000000000e+06
1.318863000000000000e+06
1.318871000000000000e+06
1.318875000000000000e+06
1.318877000000000000e+06
1.318878000000000000e+06
1.318887000000000000e+06
1.318891000000000000e+06
1.318893000000000000e+06
1.318894000000000000e+06
1.318899000000000000e+06
1.318901000000000000e+06
1.318902000000000000e+06
1.318905000000000000e+06
1.318906000000000000e+06
1.318908000000000000e+06
1.319935000000000000e+06
1.320447000000000000e+06
1.320703000000000000e+06
1.320831000000000000e+06
1.320895000000000000e+06
1.320927000000000000e+06
1.320943000000000000e+06
1.320951000000000000e+06
1.320955000000000000e+06
1.320957000000000000e+06
1.320958000000000000e+06
1.321471000000000000e+06
1.321727000000000000e+06
1.321855000000000000e+06
1.321919000000000000e+06
1.321951000000000000e+06
1.321967000000000000e+06
1.321975000000000000e+06
1.321979000000000000e+06
1.321981000000000000e+06
1.321982000000000000e+06
1.322239000000000000e+06
1.322367000000000000e+06
1.322463000000000000e+06
1.322479000000000000e+06
1.322491000000000000e+06
1.322493000000000000e+06
1.322623000000000000e+06
1.322687000000000000e+06
1.322719000000000000e+06
1.322735000000000000e+06
1.322743000000000000e+06
1.322747000000000000e+06
1.322749000000000000e+06
1.322750000000000000e+06
1.322815000000000000e+06
1.322847000000000000e+06
1.322863000000000000e+06
1.322871000000000000e+06
1.322875000000000000e+06
1.322877000000000000e+06
1.322878000000000000e+06
1.322911000000000000e+06
1.322927000000000000e+06
1.322939000000000000e+06
1.322941000000000000e+06
1.322959000000000000e+06
1.322967000000000000e+06
1.322971000000000000e+06
1.322973000000000000e+06
1.322974000000000000e+06
1.322983000000000000e+06
1.322987000000000000e+06
1.322989000000000000e+06
1.322990000000000000e+06
1.322995000000000000e+06
1.322997000000000000e+06
1.323001000000000000e+06
1.323002000000000000e+06
1.323004000000000000e+06
1.323519000000000000e+06
1.323775000000000000e+06
1.323903000000000000e+06
1.324287000000000000e+06
1.324415000000000000e+06
1.324479000000000000e+06
1.324511000000000000e+06
1.324527000000000000e+06
1.324535000000000000e+06
1.324539000000000000e+06
1.324541000000000000e+06
1.324542000000000000e+06
1.324671000000000000e+06
1.324735000000000000e+06
1.324767000000000000e+06
1.324783000000000000e+06
1.324791000000000000e+06
1.324795000000000000e+06
1.324797000000000000e+06
1.324798000000000000e+06
1.324863000000000000e+06
1.324911000000000000e+06
1.325311000000000000e+06
1.325439000000000000e+06
1.325503000000000000e+06
1.325535000000000000e+06
1.325551000000000000e+06
1.325559000000000000e+06
1.325563000000000000e+06
1.325565000000000000e+06
1.325566000000000000e+06
1.325695000000000000e+06
1.325887000000000000e+06
1.325919000000000000e+06
1.325935000000000000e+06
1.325943000000000000e+06
1.325947000000000000e+06
1.325949000000000000e+06
1.325950000000000000e+06
1.326207000000000000e+06
1.326271000000000000e+06
1.326303000000000000e+06
1.326319000000000000e+06
1.326327000000000000e+06
1.326331000000000000e+06
1.326333000000000000e+06
1.326334000000000000e+06
1.326399000000000000e+06
1.326431000000000000e+06
1.326447000000000000e+06
1.326455000000000000e+06
1.326459000000000000e+06
1.326461000000000000e+06
1.326462000000000000e+06
1.326511000000000000e+06
1.326523000000000000e+06
1.326525000000000000e+06
1.326543000000000000e+06
1.326555000000000000e+06
1.326557000000000000e+06
1.326567000000000000e+06
1.326571000000000000e+06
1.326573000000000000e+06
1.326574000000000000e+06
1.326579000000000000e+06
1.326581000000000000e+06
1.326585000000000000e+06
1.326586000000000000e+06
1.326588000000000000e+06
1.326655000000000000e+06
1.326703000000000000e+06
1.326879000000000000e+06
1.326895000000000000e+06
1.326903000000000000e+06
1.326907000000000000e+06
1.326909000000000000e+06
1.326910000000000000e+06
1.326927000000000000e+06
1.326951000000000000e+06
1.326955000000000000e+06
1.326957000000000000e+06
1.326958000000000000e+06
1.328895000000000000e+06
1.330047000000000000e+06
1.331055000000000000e+06
1.331967000000000000e+06
1.332095000000000000e+06
1.332479000000000000e+06
1.332863000000000000e+06
1.332927000000000000e+06
1.332959000000000000e+06
1.332975000000000000e+06
1.332983000000000000e+06
1.332987000000000000e+06
1.332989000000000000e+06
1.332990000000000000e+06
1.333103000000000000e+06
1.333631000000000000e+06
1.333887000000000000e+06
1.334079000000000000e+06
1.334111000000000000e+06
1.334127000000000000e+06
1.334135000000000000e+06
1.334139000000000000e+06
1.334141000000000000e+06
1.334142000000000000e+06
1.334639000000000000e+06
1.334895000000000000e+06
1.335087000000000000e+06
1.335119000000000000e+06
1.335143000000000000e+06
1.335147000000000000e+06
1.335149000000000000e+06
1.335150000000000000e+06
1.345279000000000000e+06
1.346431000000000000e+06
1.347439000000000000e+06
1.348351000000000000e+06
1.348479000000000000e+06
1.348863000000000000e+06
1.349247000000000000e+06
1.349311000000000000e+06
1.349343000000000000e+06
1.349359000000000000e+06
1.349367000000000000e+06
1.349371000000000000e+06
1.349373000000000000e+06
1.349374000000000000e+06
1.349487000000000000e+06
1.350015000000000000e+06
1.350271000000000000e+06
1.350463000000000000e+06
1.350495000000000000e+06
1.350511000000000000e+06
1.350519000000000000e+06
1.350523000000000000e+06
1.350525000000000000e+06
1.350526000000000000e+06
1.351023000000000000e+06
1.351279000000000000e+06
1.351471000000000000e+06
1.351503000000000000e+06
1.351527000000000000e+06
1.351531000000000000e+06
1.351533000000000000e+06
1.351534000000000000e+06
1.378047000000000000e+06
1.379199000000000000e+06
1.379295000000000000e+06
1.380207000000000000e+06
1.381119000000000000e+06
1.381247000000000000e+06
1.381343000000000000e+06
1.381631000000000000e+06
1.382015000000000000e+06
1.382079000000000000e+06
1.382111000000000000e+06
1.382127000000000000e+06
1.382135000000000000e+06
1.382139000000000000e+06
1.382141000000000000e+06
1.382142000000000000e+06
1.382255000000000000e+06
1.382783000000000000e+06
1.382879000000000000e+06
1.383039000000000000e+06
1.383135000000000000e+06
1.383231000000000000e+06
1.383263000000000000e+06
1.383279000000000000e+06
1.383287000000000000e+06
1.383291000000000000e+06
1.383293000000000000e+06
1.383294000000000000e+06
1.383327000000000000e+06
1.383375000000000000e+06
1.383383000000000000e+06
1.383387000000000000e+06
1.383389000000000000e+06
1.383390000000000000e+06
1.383791000000000000e+06
1.384047000000000000e+06
1.384239000000000000e+06
1.384271000000000000e+06
1.384295000000000000e+06
1.384299000000000000e+06
1.384301000000000000e+06
1.384302000000000000e+06
1.443583000000000000e+06
1.444735000000000000e+06
1.444831000000000000e+06
1.445743000000000000e+06
1.446655000000000000e+06
1.446783000000000000e+06
1.446879000000000000e+06
1.447167000000000000e+06
1.447551000000000000e+06
1.447615000000000000e+06
1.447647000000000000e+06
1.447663000000000000e+06
1.447671000000000000e+06
1.447675000000000000e+06
1.447677000000000000e+06
1.447678000000000000e+06
1.447791000000000000e+06
1.448319000000000000e+06
1.448415000000000000e+06
1.448575000000000000e+06
1.448671000000000000e+06
1.448767000000000000e+06
1.448799000000000000e+06
1.448815000000000000e+06
1.448823000000000000e+06
1.448827000000000000e+06
1.448829000000000000e+06
1.448830000000000000e+06
1.448863000000000000e+06
1.448911000000000000e+06
1.448919000000000000e+06
1.448923000000000000e+06
1.448925000000000000e+06
1.448926000000000000e+06
1.449327000000000000e+06
1.449583000000000000e+06
1.449775000000000000e+06
1.449807000000000000e+06
1.449831000000000000e+06
1.449835000000000000e+06
1.449837000000000000e+06
1.449838000000000000e+06
1.574911000000000000e+06
1.575935000000000000e+06
1.576447000000000000e+06
1.576703000000000000e+06
1.576831000000000000e+06
1.576895000000000000e+06
1.576927000000000000e+06
1.576943000000000000e+06
1.576951000000000000e+06
1.576955000000000000e+06
1.576957000000000000e+06
1.576958000000000000e+06
1.577983000000000000e+06
1.578495000000000000e+06
1.578751000000000000e+06
1.578879000000000000e+06
1.578943000000000000e+06
1.578975000000000000e+06
1.578991000000000000e+06
1.578999000000000000e+06
1.579003000000000000e+06
1.579005000000000000e+06
1.579006000000000000e+06
1.579519000000000000e+06
1.579775000000000000e+06
1.579903000000000000e+06
1.579967000000000000e+06
1.579999000000000000e+06
1.580015000000000000e+06
1.580023000000000000e+06
1.580027000000000000e+06
1.580029000000000000e+06
1.580030000000000000e+06
1.580287000000000000e+06
1.580415000000000000e+06
1.580479000000000000e+06
1.580511000000000000e+06
1.580527000000000000e+06
1.580535000000000000e+06
1.580539000000000000e+06
1.580541000000000000e+06
1.580542000000000000e+06
1.580671000000000000e+06
1.580735000000000000e+06
1.580767000000000000e+06
1.580783000000000000e+06
1.580791000000000000e+06
1.580795000000000000e+06
1.580797000000000000e+06
1.580798000000000000e+06
1.580863000000000000e+06
1.580895000000000000e+06
1.580911000000000000e+06
1.580919000000000000e+06
1.580923000000000000e+06
1.580925000000000000e+06
1.580926000000000000e+06
1.580959000000000000e+06
1.580975000000000000e+06
1.580983000000000000e+06
1.580987000000000000e+06
1.580989000000000000e+06
1.580990000000000000e+06
1.581007000000000000e+06
1.581015000000000000e+06
1.581019000000000000e+06
1.581021000000000000e+06
1.581022000000000000e+06
1.581031000000000000e+06
1.581035000000000000e+06
1.581037000000000000e+06
1.581038000000000000e+06
1.581043000000000000e+06
1.581045000000000000e+06
1.581046000000000000e+06
1.581049000000000000e+06
1.581050000000000000e+06
1.581052000000000000e+06
1.582079000000000000e+06
1.582591000000000000e+06
1.582847000000000000e+06
1.582975000000000000e+06
1.583039000000000000e+06
1.583071000000000000e+06
1.583087000000000000e+06
1.583095000000000000e+06
1.583099000000000000e+06
1.583101000000000000e+06
1.583102000000000000e+06
1.583615000000000000e+06
1.583871000000000000e+06
1.583999000000000000e+06
1.584063000000000000e+06
1.584095000000000000e+06
1.584111000000000000e+06
1.584119000000000000e+06
1.584123000000000000e+06
1.584125000000000000e+06
1.584126000000000000e+06
1.584383000000000000e+06
1.584511000000000000e+06
1.584575000000000000e+06
1.584623000000000000e+06
1.584635000000000000e+06
1.584637000000000000e+06
1.584767000000000000e+06
1.584831000000000000e+06
1.584863000000000000e+06
1.584879000000000000e+06
1.584887000000000000e+06
1.584891000000000000e+06
1.584893000000000000e+06
1.584894000000000000e+06
1.584959000000000000e+06
1.584991000000000000e+06
1.585007000000000000e+06
1.585015000000000000e+06
1.585019000000000000e+06
1.585021000000000000e+06
1.585022000000000000e+06
1.585055000000000000e+06
1.585071000000000000e+06
1.585079000000000000e+06
1.585083000000000000e+06
1.585085000000000000e+06
1.585086000000000000e+06
1.585103000000000000e+06
1.585115000000000000e+06
1.585117000000000000e+06
1.585127000000000000e+06
1.585131000000000000e+06
1.585133000000000000e+06
1.585134000000000000e+06
1.585139000000000000e+06
1.585141000000000000e+06
1.585145000000000000e+06
1.585146000000000000e+06
1.585148000000000000e+06
1.585663000000000000e+06
1.585919000000000000e+06
1.586431000000000000e+06
1.586559000000000000e+06
1.586623000000000000e+06
1.586655000000000000e+06
1.586671000000000000e+06
1.586679000000000000e+06
1.586683000000000000e+06
1.586685000000000000e+06
1.586686000000000000e+06
1.586815000000000000e+06
1.586879000000000000e+06
1.586911000000000000e+06
1.586927000000000000e+06
1.586935000000000000e+06
1.586939000000000000e+06
1.586941000000000000e+06
1.586942000000000000e+06
1.587007000000000000e+06
1.587455000000000000e+06
1.587583000000000000e+06
1.587647000000000000e+06
1.587679000000000000e+06
1.587695000000000000e+06
1.587703000000000000e+06
1.587707000000000000e+06
1.587709000000000000e+06
1.587710000000000000e+06
1.588031000000000000e+06
1.588351000000000000e+06
1.588415000000000000e+06
1.588447000000000000e+06
1.588463000000000000e+06
1.588471000000000000e+06
1.588475000000000000e+06
1.588477000000000000e+06
1.588478000000000000e+06
1.588543000000000000e+06
1.588575000000000000e+06
1.588591000000000000e+06
1.588599000000000000e+06
1.588603000000000000e+06
1.588605000000000000e+06
1.588606000000000000e+06
1.588639000000000000e+06
1.588655000000000000e+06
1.588663000000000000e+06
1.588667000000000000e+06
1.588669000000000000e+06
1.588670000000000000e+06
1.588699000000000000e+06
1.588701000000000000e+06
1.588715000000000000e+06
1.588717000000000000e+06
1.588723000000000000e+06
1.588725000000000000e+06
1.588729000000000000e+06
1.588730000000000000e+06
1.588732000000000000e+06
1.588799000000000000e+06
1.589023000000000000e+06
1.589039000000000000e+06
1.589047000000000000e+06
1.589051000000000000e+06
1.589053000000000000e+06
1.589054000000000000e+06
1.591039000000000000e+06
1.594111000000000000e+06
1.594623000000000000e+06
1.595007000000000000e+06
1.595071000000000000e+06
1.595103000000000000e+06
1.595119000000000000e+06
1.595127000000000000e+06
1.595131000000000000e+06
1.595133000000000000e+06
1.595134000000000000e+06
1.607423000000000000e+06
1.610495000000000000e+06
1.611007000000000000e+06
1.611391000000000000e+06
1.611455000000000000e+06
1.611487000000000000e+06
1.611503000000000000e+06
1.611511000000000000e+06
1.611515000000000000e+06
1.611517000000000000e+06
1.611518000000000000e+06
1.640191000000000000e+06
1.643263000000000000e+06
1.643775000000000000e+06
1.644159000000000000e+06
1.644223000000000000e+06
1.644255000000000000e+06
1.644271000000000000e+06
1.644279000000000000e+06
1.644283000000000000e+06
1.644285000000000000e+06
1.644286000000000000e+06
1.705727000000000000e+06
1.708799000000000000e+06
1.709311000000000000e+06
1.709695000000000000e+06
1.709759000000000000e+06
1.709791000000000000e+06
1.709807000000000000e+06
1.709815000000000000e+06
1.709819000000000000e+06
1.709821000000000000e+06
1.709822000000000000e+06
1.836799000000000000e+06
1.837951000000000000e+06
1.838047000000000000e+06
1.838959000000000000e+06
1.839063000000000000e+06
1.839871000000000000e+06
1.839999000000000000e+06
1.840095000000000000e+06
1.840383000000000000e+06
1.840767000000000000e+06
1.840831000000000000e+06
1.840863000000000000e+06
1.840879000000000000e+06
1.840887000000000000e+06
1.840891000000000000e+06
1.840893000000000000e+06
1.840894000000000000e+06
1.841007000000000000e+06
1.841111000000000000e+06
1.841535000000000000e+06
1.841631000000000000e+06
1.841791000000000000e+06
1.841887000000000000e+06
1.841983000000000000e+06
1.842015000000000000e+06
1.842031000000000000e+06
1.842039000000000000e+06
1.842043000000000000e+06
1.842045000000000000e+06
1.842046000000000000e+06
1.842079000000000000e+06
1.842127000000000000e+06
1.842135000000000000e+06
1.842139000000000000e+06
1.842141000000000000e+06
1.842142000000000000e+06
1.842543000000000000e+06
1.842647000000000000e+06
1.842799000000000000e+06
1.842903000000000000e+06
1.842991000000000000e+06
1.843023000000000000e+06
1.843031000000000000e+06
1.843047000000000000e+06
1.843051000000000000e+06
1.843053000000000000e+06
1.843054000000000000e+06
1.843095000000000000e+06
1.843143000000000000e+06
1.843155000000000000e+06
1.843157000000000000e+06
1.843158000000000000e+06
2.101247000000000000e+06
2.103295000000000000e+06
2.104319000000000000e+06
2.104831000000000000e+06
2.105087000000000000e+06
2.105215000000000000e+06
2.105279000000000000e+06
2.105311000000000000e+06
2.105327000000000000e+06
2.105335000000000000e+06
2.105339000000000000e+06
2.105341000000000000e+06
2.105342000000000000e+06
2.107391000000000000e+06
2.108415000000000000e+06
2.108927000000000000e+06
2.109183000000000000e+06
2.109311000000000000e+06
2.109375000000000000e+06
2.109407000000000000e+06
2.109423000000000000e+06
2.109431000000000000e+06
2.109435000000000000e+06
2.109437000000000000e+06
2.109438000000000000e+06
2.110463000000000000e+06
2.110975000000000000e+06
2.111231000000000000e+06
2.111359000000000000e+06
2.111423000000000000e+06
2.111455000000000000e+06
2.111471000000000000e+06
2.111479000000000000e+06
2.111483000000000000e+06
2.111485000000000000e+06
2.111486000000000000e+06
2.111999000000000000e+06
2.112255000000000000e+06
2.112383000000000000e+06
2.112447000000000000e+06
2.112479000000000000e+06
2.112495000000000000e+06
2.112503000000000000e+06
2.112507000000000000e+06
2.112509000000000000e+06
2.112510000000000000e+06
2.112767000000000000e+06
2.112895000000000000e+06
2.112959000000000000e+06
2.112991000000000000e+06
2.113007000000000000e+06
2.113015000000000000e+06
2.113019000000000000e+06
2.113021000000000000e+06
2.113022000000000000e+06
2.113151000000000000e+06
2.113215000000000000e+06
2.113247000000000000e+06
2.113263000000000000e+06
2.113271000000000000e+06
2.113275000000000000e+06
2.113277000000000000e+06
2.113278000000000000e+06
2.113343000000000000e+06
2.113375000000000000e+06
2.113391000000000000e+06
2.113399000000000000e+06
2.113403000000000000e+06
2.113405000000000000e+06
2.113406000000000000e+06
2.113439000000000000e+06
2.113455000000000000e+06
2.113463000000000000e+06
2.113467000000000000e+06
2.113469000000000000e+06
2.113470000000000000e+06
2.113487000000000000e+06
2.113495000000000000e+06
2.113499000000000000e+06
2.113501000000000000e+06
2.113502000000000000e+06
2.113511000000000000e+06
2.113515000000000000e+06
2.113517000000000000e+06
2.113518000000000000e+06
2.113523000000000000e+06
2.113525000000000000e+06
2.113526000000000000e+06
2.113529000000000000e+06
2.113530000000000000e+06
2.113532000000000000e+06
2.115583000000000000e+06
2.116607000000000000e+06
2.117119000000000000e+06
2.117375000000000000e+06
2.117503000000000000e+06
2.117567000000000000e+06
2.117599000000000000e+06
2.117615000000000000e+06
2.117623000000000000e+06
2.117627000000000000e+06
2.117629000000000000e+06
2.117630000000000000e+06
2.118655000000000000e+06
2.119167000000000000e+06
2.119423000000000000e+06
2.119551000000000000e+06
2.119615000000000000e+06
2.119647000000000000e+06
2.119663000000000000e+06
2.119671000000000000e+06
2.119675000000000000e+06
2.119677000000000000e+06
2.119678000000000000e+06
2.120191000000000000e+06
2.120447000000000000e+06
2.120575000000000000e+06
2.120639000000000000e+06
2.120671000000000000e+06
2.120687000000000000e+06
2.120695000000000000e+06
2.120699000000000000e+06
2.120701000000000000e+06
2.120702000000000000e+06
2.120959000000000000e+06
2.121087000000000000e+06
2.121151000000000000e+06
2.121183000000000000e+06
2.121199000000000000e+06
2.121207000000000000e+06
2.121211000000000000e+06
2.121213000000000000e+06
2.121214000000000000e+06
2.121343000000000000e+06
2.121407000000000000e+06
2.121439000000000000e+06
2.121455000000000000e+06
2.121463000000000000e+06
2.121467000000000000e+06
2.121469000000000000e+06
2.121470000000000000e+06
2.121535000000000000e+06
2.121567000000000000e+06
2.121583000000000000e+06
2.121591000000000000e+06
2.121595000000000000e+06
2.121597000000000000e+06
2.121598000000000000e+06
2.121631000000000000e+06
2.121647000000000000e+06
2.121655000000000000e+06
2.121659000000000000e+06
2.121661000000000000e+06
2.121662000000000000e+06
2.121679000000000000e+06
2.121687000000000000e+06
2.121691000000000000e+06
2.121693000000000000e+06
2.121694000000000000e+06
2.121703000000000000e+06
2.121707000000000000e+06
2.121709000000000000e+06
2.121710000000000000e+06
2.121715000000000000e+06
2.121717000000000000e+06
2.121718000000000000e+06
2.121721000000000000e+06
2.121722000000000000e+06
2.121724000000000000e+06
2.122751000000000000e+06
2.123263000000000000e+06
2.123519000000000000e+06
2.123647000000000000e+06
2.123711000000000000e+06
2.123743000000000000e+06
2.123759000000000000e+06
2.123767000000000000e+06
2.123771000000000000e+06
2.123773000000000000e+06
2.123774000000000000e+06
2.124287000000000000e+06
2.124543000000000000e+06
2.124671000000000000e+06
2.124735000000000000e+06
2.124767000000000000e+06
2.124783000000000000e+06
2.124791000000000000e+06
2.124795000000000000e+06
2.124797000000000000e+06
2.124798000000000000e+06
2.125055000000000000e+06
2.125183000000000000e+06
2.125295000000000000e+06
2.125307000000000000e+06
2.125309000000000000e+06
2.125439000000000000e+06
2.125503000000000000e+06
2.125535000000000000e+06
2.125551000000000000e+06
2.125559000000000000e+06
2.125563000000000000e+06
2.125565000000000000e+06
2.125566000000000000e+06
2.125631000000000000e+06
2.125663000000000000e+06
2.125679000000000000e+06
2.125687000000000000e+06
2.125691000000000000e+06
2.125693000000000000e+06
2.125694000000000000e+06
2.125743000000000000e+06
2.125755000000000000e+06
2.125757000000000000e+06
2.125775000000000000e+06
2.125787000000000000e+06
2.125789000000000000e+06
2.125799000000000000e+06
2.125803000000000000e+06
2.125805000000000000e+06
2.125806000000000000e+06
2.125811000000000000e+06
2.125813000000000000e+06
2.125817000000000000e+06
2.125818000000000000e+06
2.125820000000000000e+06
2.126335000000000000e+06
2.126591000000000000e+06
2.127103000000000000e+06
2.127231000000000000e+06
2.127295000000000000e+06
2.127327000000000000e+06
2.127343000000000000e+06
2.127351000000000000e+06
2.127355000000000000e+06
2.127357000000000000e+06
2.127358000000000000e+06
2.127487000000000000e+06
2.127551000000000000e+06
2.127583000000000000e+06
2.127599000000000000e+06
2.127607000000000000e+06
2.127611000000000000e+06
2.127613000000000000e+06
2.127614000000000000e+06
2.127791000000000000e+06
2.128127000000000000e+06
2.128255000000000000e+06
2.128319000000000000e+06
2.128351000000000000e+06
2.128367000000000000e+06
2.128375000000000000e+06
2.128379000000000000e+06
2.128381000000000000e+06
2.128382000000000000e+06
2.128575000000000000e+06
2.128623000000000000e+06
2.128815000000000000e+06
2.129023000000000000e+06
2.129087000000000000e+06
2.129119000000000000e+06
2.129135000000000000e+06
2.129143000000000000e+06
2.129147000000000000e+06
2.129149000000000000e+06
2.129150000000000000e+06
2.129215000000000000e+06
2.129247000000000000e+06
2.129263000000000000e+06
2.129271000000000000e+06
2.129275000000000000e+06
2.129277000000000000e+06
2.129278000000000000e+06
2.129327000000000000e+06
2.129339000000000000e+06
2.129341000000000000e+06
2.129359000000000000e+06
2.129371000000000000e+06
2.129373000000000000e+06
2.129383000000000000e+06
2.129387000000000000e+06
2.129389000000000000e+06
2.129390000000000000e+06
2.129395000000000000e+06
2.129397000000000000e+06
2.129401000000000000e+06
2.129402000000000000e+06
2.129404000000000000e+06
2.129471000000000000e+06
2.129519000000000000e+06
2.129567000000000000e+06
2.129583000000000000e+06
2.129591000000000000e+06
2.129595000000000000e+06
2.129597000000000000e+06
2.129598000000000000e+06
2.129615000000000000e+06
2.129639000000000000e+06
2.129643000000000000e+06
2.129645000000000000e+06
2.129646000000000000e+06
2.129711000000000000e+06
2.129807000000000000e+06
2.129831000000000000e+06
2.129835000000000000e+06
2.129837000000000000e+06
2.129838000000000000e+06
2.131967000000000000e+06
2.132991000000000000e+06
2.133503000000000000e+06
2.133759000000000000e+06
2.133887000000000000e+06
2.133951000000000000e+06
2.133983000000000000e+06
2.133999000000000000e+06
2.134007000000000000e+06
2.134011000000000000e+06
2.134013000000000000e+06
2.134014000000000000e+06
2.135039000000000000e+06
2.135551000000000000e+06
2.135807000000000000e+06
2.135935000000000000e+06
2.135999000000000000e+06
2.136031000000000000e+06
2.136047000000000000e+06
2.136055000000000000e+06
2.136059000000000000e+06
2.136061000000000000e+06
2.136062000000000000e+06
2.136575000000000000e+06
2.136831000000000000e+06
2.136959000000000000e+06
2.137023000000000000e+06
2.137055000000000000e+06
2.137071000000000000e+06
2.137079000000000000e+06
2.137083000000000000e+06
2.137085000000000000e+06
2.137086000000000000e+06
2.137343000000000000e+06
2.137471000000000000e+06
2.137535000000000000e+06
2.137567000000000000e+06
2.137583000000000000e+06
2.137591000000000000e+06
2.137595000000000000e+06
2.137597000000000000e+06
2.137598000000000000e+06
2.137727000000000000e+06
2.137791000000000000e+06
2.137823000000000000e+06
2.137839000000000000e+06
2.137847000000000000e+06
2.137851000000000000e+06
2.137853000000000000e+06
2.137854000000000000e+06
2.137919000000000000e+06
2.137951000000000000e+06
2.137967000000000000e+06
2.137975000000000000e+06
2.137979000000000000e+06
2.137981000000000000e+06
2.137982000000000000e+06
2.138015000000000000e+06
2.138031000000000000e+06
2.138039000000000000e+06
2.138043000000000000e+06
2.138045000000000000e+06
2.138046000000000000e+06
2.138063000000000000e+06
2.138071000000000000e+06
2.138075000000000000e+06
2.138077000000000000e+06
2.138078000000000000e+06
2.138087000000000000e+06
2.138091000000000000e+06
2.138093000000000000e+06
2.138094000000000000e+06
2.138099000000000000e+06
2.138101000000000000e+06
2.138102000000000000e+06
2.138105000000000000e+06
2.138106000000000000e+06
2.138108000000000000e+06
2.139135000000000000e+06
2.139647000000000000e+06
2.139903000000000000e+06
2.140031000000000000e+06
2.140095000000000000e+06
2.140127000000000000e+06
2.140143000000000000e+06
2.140151000000000000e+06
2.140155000000000000e+06
2.140157000000000000e+06
2.140158000000000000e+06
2.140671000000000000e+06
2.140927000000000000e+06
2.141055000000000000e+06
2.141119000000000000e+06
2.141151000000000000e+06
2.141167000000000000e+06
2.141175000000000000e+06
2.141179000000000000e+06
2.141181000000000000e+06
2.141182000000000000e+06
2.141439000000000000e+06
2.141567000000000000e+06
2.141691000000000000e+06
2.141693000000000000e+06
2.141823000000000000e+06
2.141887000000000000e+06
2.141919000000000000e+06
2.141935000000000000e+06
2.141943000000000000e+06
2.141947000000000000e+06
2.141949000000000000e+06
2.141950000000000000e+06
2.142015000000000000e+06
2.142047000000000000e+06
2.142063000000000000e+06
2.142071000000000000e+06
2.142075000000000000e+06
2.142077000000000000e+06
2.142078000000000000e+06
2.142139000000000000e+06
2.142141000000000000e+06
2.142171000000000000e+06
2.142173000000000000e+06
2.142187000000000000e+06
2.142189000000000000e+06
2.142195000000000000e+06
2.142197000000000000e+06
2.142201000000000000e+06
2.142202000000000000e+06
2.142204000000000000e+06
2.142719000000000000e+06
2.143487000000000000e+06
2.143615000000000000e+06
2.143679000000000000e+06
2.143711000000000000e+06
2.143727000000000000e+06
2.143735000000000000e+06
2.143739000000000000e+06
2.143741000000000000e+06
2.143742000000000000e+06
2.143935000000000000e+06
2.144511000000000000e+06
2.144639000000000000e+06
2.144703000000000000e+06
2.144735000000000000e+06
2.144751000000000000e+06
2.144759000000000000e+06
2.144763000000000000e+06
2.144765000000000000e+06
2.144766000000000000e+06
2.144959000000000000e+06
2.145407000000000000e+06
2.145471000000000000e+06
2.145503000000000000e+06
2.145519000000000000e+06
2.145527000000000000e+06
2.145531000000000000e+06
2.145533000000000000e+06
2.145534000000000000e+06
2.145599000000000000e+06
2.145631000000000000e+06
2.145647000000000000e+06
2.145655000000000000e+06
2.145659000000000000e+06
2.145661000000000000e+06
2.145662000000000000e+06
2.145723000000000000e+06
2.145725000000000000e+06
2.145755000000000000e+06
2.145757000000000000e+06
2.145771000000000000e+06
2.145773000000000000e+06
2.145779000000000000e+06
2.145781000000000000e+06
2.145785000000000000e+06
2.145786000000000000e+06
2.145788000000000000e+06
2.145855000000000000e+06
2.145951000000000000e+06
2.145967000000000000e+06
2.145975000000000000e+06
2.145979000000000000e+06
2.145981000000000000e+06
2.145982000000000000e+06
2.148095000000000000e+06
2.150127000000000000e+06
2.151167000000000000e+06
2.151679000000000000e+06
2.152063000000000000e+06
2.152127000000000000e+06
2.152159000000000000e+06
2.152175000000000000e+06
2.152183000000000000e+06
2.152187000000000000e+06
2.152189000000000000e+06
2.152190000000000000e+06
2.153199000000000000e+06
2.153711000000000000e+06
2.154095000000000000e+06
2.154159000000000000e+06
2.154191000000000000e+06
2.154215000000000000e+06
2.154219000000000000e+06
2.154221000000000000e+06
2.154222000000000000e+06
2.164735000000000000e+06
2.165759000000000000e+06
2.166271000000000000e+06
2.166527000000000000e+06
2.166655000000000000e+06
2.166719000000000000e+06
2.166751000000000000e+06
2.166767000000000000e+06
2.166775000000000000e+06
2.166779000000000000e+06
2.166781000000000000e+06
2.166782000000000000e+06
2.167807000000000000e+06
2.168319000000000000e+06
2.168575000000000000e+06
2.168703000000000000e+06
2.168767000000000000e+06
2.168799000000000000e+06
2.168815000000000000e+06
2.168823000000000000e+06
2.168827000000000000e+06
2.168829000000000000e+06
2.168830000000000000e+06
2.169343000000000000e+06
2.169599000000000000e+06
2.169727000000000000e+06
2.169791000000000000e+06
2.169823000000000000e+06
2.169839000000000000e+06
2.169847000000000000e+06
2.169851000000000000e+06
2.169853000000000000e+06
2.169854000000000000e+06
2.170111000000000000e+06
2.170239000000000000e+06
2.170303000000000000e+06
2.170335000000000000e+06
2.170351000000000000e+06
2.170359000000000000e+06
2.170363000000000000e+06
2.170365000000000000e+06
2.170366000000000000e+06
2.170495000000000000e+06
2.170559000000000000e+06
2.170591000000000000e+06
2.170607000000000000e+06
2.170615000000000000e+06
2.170619000000000000e+06
2.170621000000000000e+06
2.170622000000000000e+06
2.170687000000000000e+06
2.170719000000000000e+06
2.170735000000000000e+06
2.170743000000000000e+06
2.170747000000000000e+06
2.170749000000000000e+06
2.170750000000000000e+06
2.170783000000000000e+06
2.170799000000000000e+06
2.170807000000000000e+06
2.170811000000000000e+06
2.170813000000000000e+06
2.170814000000000000e+06
2.170831000000000000e+06
2.170839000000000000e+06
2.170843000000000000e+06
2.170845000000000000e+06
2.170846000000000000e+06
2.170855000000000000e+06
2.170859000000000000e+06
2.170861000000000000e+06
2.170862000000000000e+06
2.170867000000000000e+06
2.170869000000000000e+06
2.170870000000000000e+06
2.170873000000000000e+06
2.170874000000000000e+06
2.170876000000000000e+06
2.171903000000000000e+06
2.172415000000000000e+06
2.172671000000000000e+06
2.172799000000000000e+06
2.172863000000000000e+06
2.172895000000000000e+06
2.172911000000000000e+06
2.172919000000000000e+06
2.172923000000000000e+06
2.172925000000000000e+06
2.172926000000000000e+06
2.173439000000000000e+06
2.173695000000000000e+06
2.173823000000000000e+06
2.173887000000000000e+06
2.173919000000000000e+06
2.173935000000000000e+06
2.173943000000000000e+06
2.173947000000000000e+06
2.173949000000000000e+06
2.173950000000000000e+06
2.174207000000000000e+06
2.174335000000000000e+06
2.174399000000000000e+06
2.174431000000000000e+06
2.174459000000000000e+06
2.174461000000000000e+06
2.174591000000000000e+06
2.174655000000000000e+06
2.174687000000000000e+06
2.174703000000000000e+06
2.174711000000000000e+06
2.174715000000000000e+06
2.174717000000000000e+06
2.174718000000000000e+06
2.174783000000000000e+06
2.174815000000000000e+06
2.174831000000000000e+06
2.174839000000000000e+06
2.174843000000000000e+06
2.174845000000000000e+06
2.174846000000000000e+06
2.174879000000000000e+06
2.174895000000000000e+06
2.174903000000000000e+06
2.174907000000000000e+06
2.174909000000000000e+06
2.174910000000000000e+06
2.174927000000000000e+06
2.174935000000000000e+06
2.174939000000000000e+06
2.174941000000000000e+06
2.174942000000000000e+06
2.174955000000000000e+06
2.174957000000000000e+06
2.174963000000000000e+06
2.174965000000000000e+06
2.174969000000000000e+06
2.174970000000000000e+06
2.174972000000000000e+06
2.175487000000000000e+06
2.175743000000000000e+06
2.175871000000000000e+06
2.175935000000000000e+06
2.175967000000000000e+06
2.175983000000000000e+06
2.175991000000000000e+06
2.175995000000000000e+06
2.175997000000000000e+06
2.175998000000000000e+06
2.176255000000000000e+06
2.176383000000000000e+06
2.176447000000000000e+06
2.176479000000000000e+06
2.176495000000000000e+06
2.176503000000000000e+06
2.176507000000000000e+06
2.176509000000000000e+06
2.176510000000000000e+06
2.176703000000000000e+06
2.177279000000000000e+06
2.177407000000000000e+06
2.177471000000000000e+06
2.177503000000000000e+06
2.177519000000000000e+06
2.177527000000000000e+06
2.177531000000000000e+06
2.177533000000000000e+06
2.177534000000000000e+06
2.177727000000000000e+06
2.178175000000000000e+06
2.178239000000000000e+06
2.178271000000000000e+06
2.178287000000000000e+06
2.178295000000000000e+06
2.178299000000000000e+06
2.178301000000000000e+06
2.178302000000000000e+06
2.178367000000000000e+06
2.178399000000000000e+06
2.178415000000000000e+06
2.178423000000000000e+06
2.178427000000000000e+06
2.178429000000000000e+06
2.178430000000000000e+06
2.178491000000000000e+06
2.178493000000000000e+06
2.178523000000000000e+06
2.178525000000000000e+06
2.178539000000000000e+06
2.178541000000000000e+06
2.178547000000000000e+06
2.178549000000000000e+06
2.178553000000000000e+06
2.178554000000000000e+06
2.178556000000000000e+06
2.178623000000000000e+06
2.178719000000000000e+06
2.178735000000000000e+06
2.178743000000000000e+06
2.178747000000000000e+06
2.178749000000000000e+06
2.178750000000000000e+06
2.180095000000000000e+06
2.180863000000000000e+06
2.182895000000000000e+06
2.183679000000000000e+06
2.183935000000000000e+06
2.184063000000000000e+06
2.184127000000000000e+06
2.184159000000000000e+06
2.184175000000000000e+06
2.184183000000000000e+06
2.184187000000000000e+06
2.184189000000000000e+06
2.184190000000000000e+06
2.184447000000000000e+06
2.184831000000000000e+06
2.184895000000000000e+06
2.184927000000000000e+06
2.184943000000000000e+06
2.184951000000000000e+06
2.184955000000000000e+06
2.184957000000000000e+06
2.184958000000000000e+06
2.185967000000000000e+06
2.186479000000000000e+06
2.186863000000000000e+06
2.186927000000000000e+06
2.186959000000000000e+06
2.186983000000000000e+06
2.186987000000000000e+06
2.186989000000000000e+06
2.186990000000000000e+06
2.196479000000000000e+06
2.200063000000000000e+06
2.200319000000000000e+06
2.200447000000000000e+06
2.200511000000000000e+06
2.200543000000000000e+06
2.200559000000000000e+06
2.200567000000000000e+06
2.200571000000000000e+06
2.200573000000000000e+06
2.200574000000000000e+06
2.230271000000000000e+06
2.231295000000000000e+06
2.231807000000000000e+06
2.232063000000000000e+06
2.232191000000000000e+06
2.232255000000000000e+06
2.232287000000000000e+06
2.232303000000000000e+06
2.232311000000000000e+06
2.232315000000000000e+06
2.232317000000000000e+06
2.232318000000000000e+06
2.233343000000000000e+06
2.233855000000000000e+06
2.234111000000000000e+06
2.234239000000000000e+06
2.234303000000000000e+06
2.234335000000000000e+06
2.234351000000000000e+06
2.234359000000000000e+06
2.234363000000000000e+06
2.234365000000000000e+06
2.234366000000000000e+06
2.234879000000000000e+06
2.235135000000000000e+06
2.235263000000000000e+06
2.235327000000000000e+06
2.235359000000000000e+06
2.235375000000000000e+06
2.235383000000000000e+06
2.235387000000000000e+06
2.235389000000000000e+06
2.235390000000000000e+06
2.235647000000000000e+06
2.235775000000000000e+06
2.235839000000000000e+06
2.235871000000000000e+06
2.235887000000000000e+06
2.235895000000000000e+06
2.235899000000000000e+06
2.235901000000000000e+06
2.235902000000000000e+06
2.236031000000000000e+06
2.236095000000000000e+06
2.236127000000000000e+06
2.236143000000000000e+06
2.236151000000000000e+06
2.236155000000000000e+06
2.236157000000000000e+06
2.236158000000000000e+06
2.236223000000000000e+06
2.236255000000000000e+06
2.236271000000000000e+06
2.236279000000000000e+06
2.236283000000000000e+06
2.236285000000000000e+06
2.236286000000000000e+06
2.236319000000000000e+06
2.236335000000000000e+06
2.236343000000000000e+06
2.236347000000000000e+06
2.236349000000000000e+06
2.236350000000000000e+06
2.236367000000000000e+06
2.236375000000000000e+06
2.236379000000000000e+06
2.236381000000000000e+06
2.236382000000000000e+06
2.236391000000000000e+06
2.236395000000000000e+06
2.236397000000000000e+06
2.236398000000000000e+06
2.236403000000000000e+06
2.236405000000000000e+06
2.236406000000000000e+06
2.236409000000000000e+06
2.236410000000000000e+06
2.236412000000000000e+06
2.237439000000000000e+06
2.237951000000000000e+06
2.238207000000000000e+06
2.238335000000000000e+06
2.238399000000000000e+06
2.238431000000000000e+06
2.238447000000000000e+06
2.238455000000000000e+06
2.238459000000000000e+06
2.238461000000000000e+06
2.238462000000000000e+06
2.238975000000000000e+06
2.239231000000000000e+06
2.239359000000000000e+06
2.239423000000000000e+06
2.239455000000000000e+06
2.239471000000000000e+06
2.239479000000000000e+06
2.239483000000000000e+06
2.239485000000000000e+06
2.239486000000000000e+06
2.239743000000000000e+06
2.239871000000000000e+06
2.239967000000000000e+06
2.239995000000000000e+06
2.239997000000000000e+06
2.240127000000000000e+06
2.240191000000000000e+06
2.240223000000000000e+06
2.240239000000000000e+06
2.240247000000000000e+06
2.240251000000000000e+06
2.240253000000000000e+06
2.240254000000000000e+06
2.240319000000000000e+06
2.240351000000000000e+06
2.240367000000000000e+06
2.240375000000000000e+06
2.240379000000000000e+06
2.240381000000000000e+06
2.240382000000000000e+06
2.240415000000000000e+06
2.240443000000000000e+06
2.240445000000000000e+06
2.240463000000000000e+06
2.240471000000000000e+06
2.240475000000000000e+06
2.240477000000000000e+06
2.240478000000000000e+06
2.240491000000000000e+06
2.240493000000000000e+06
2.240499000000000000e+06
2.240501000000000000e+06
2.240505000000000000e+06
2.240506000000000000e+06
2.240508000000000000e+06
2.241023000000000000e+06
2.241791000000000000e+06
2.241919000000000000e+06
2.241983000000000000e+06
2.242015000000000000e+06
2.242031000000000000e+06
2.242039000000000000e+06
2.242043000000000000e+06
2.242045000000000000e+06
2.242046000000000000e+06
2.242239000000000000e+06
2.242815000000000000e+06
2.242943000000000000e+06
2.243007000000000000e+06
2.243039000000000000e+06
2.243055000000000000e+06
2.243063000000000000e+06
2.243067000000000000e+06
2.243069000000000000e+06
2.243070000000000000e+06
2.243263000000000000e+06
2.243711000000000000e+06
2.243775000000000000e+06
2.243807000000000000e+06
2.243823000000000000e+06
2.243831000000000000e+06
2.243835000000000000e+06
2.243837000000000000e+06
2.243838000000000000e+06
2.243903000000000000e+06
2.243935000000000000e+06
2.243951000000000000e+06
2.243959000000000000e+06
2.243963000000000000e+06
2.243965000000000000e+06
2.243966000000000000e+06
2.244027000000000000e+06
2.244029000000000000e+06
2.244059000000000000e+06
2.244061000000000000e+06
2.244075000000000000e+06
2.244077000000000000e+06
2.244083000000000000e+06
2.244085000000000000e+06
2.244089000000000000e+06
2.244090000000000000e+06
2.244092000000000000e+06
2.244159000000000000e+06
2.244255000000000000e+06
2.244271000000000000e+06
2.244279000000000000e+06
2.244283000000000000e+06
2.244285000000000000e+06
2.244286000000000000e+06
2.246399000000000000e+06
2.248431000000000000e+06
2.249471000000000000e+06
2.249983000000000000e+06
2.250367000000000000e+06
2.250431000000000000e+06
2.250463000000000000e+06
2.250479000000000000e+06
2.250487000000000000e+06
2.250491000000000000e+06
2.250493000000000000e+06
2.250494000000000000e+06
2.251503000000000000e+06
2.252015000000000000e+06
2.252399000000000000e+06
2.252463000000000000e+06
2.252495000000000000e+06
2.252519000000000000e+06
2.252523000000000000e+06
2.252525000000000000e+06
2.252526000000000000e+06
2.294783000000000000e+06
2.298367000000000000e+06
2.298623000000000000e+06
2.298751000000000000e+06
2.298815000000000000e+06
2.298847000000000000e+06
2.298863000000000000e+06
2.298871000000000000e+06
2.298875000000000000e+06
2.298877000000000000e+06
2.298878000000000000e+06
2.361343000000000000e+06
2.362367000000000000e+06
2.362879000000000000e+06
2.363135000000000000e+06
2.363263000000000000e+06
2.363327000000000000e+06
2.363359000000000000e+06
2.363375000000000000e+06
2.363383000000000000e+06
2.363387000000000000e+06
2.363389000000000000e+06
2.363390000000000000e+06
2.364415000000000000e+06
2.364927000000000000e+06
2.365183000000000000e+06
2.365311000000000000e+06
2.365375000000000000e+06
2.365407000000000000e+06
2.365423000000000000e+06
2.365431000000000000e+06
2.365435000000000000e+06
2.365437000000000000e+06
2.365438000000000000e+06
2.365951000000000000e+06
2.366207000000000000e+06
2.366335000000000000e+06
2.366399000000000000e+06
2.366431000000000000e+06
2.366447000000000000e+06
2.366455000000000000e+06
2.366459000000000000e+06
2.366461000000000000e+06
2.366462000000000000e+06
2.366719000000000000e+06
2.366847000000000000e+06
2.366911000000000000e+06
2.366943000000000000e+06
2.366959000000000000e+06
2.366967000000000000e+06
2.366971000000000000e+06
2.366973000000000000e+06
2.366974000000000000e+06
2.367103000000000000e+06
2.367167000000000000e+06
2.367199000000000000e+06
2.367215000000000000e+06
2.367223000000000000e+06
2.367227000000000000e+06
2.367229000000000000e+06
2.367230000000000000e+06
2.367295000000000000e+06
2.367327000000000000e+06
2.367343000000000000e+06
2.367351000000000000e+06
2.367355000000000000e+06
2.367357000000000000e+06
2.367358000000000000e+06
2.367391000000000000e+06
2.367407000000000000e+06
2.367415000000000000e+06
2.367419000000000000e+06
2.367421000000000000e+06
2.367422000000000000e+06
2.367439000000000000e+06
2.367447000000000000e+06
2.367451000000000000e+06
2.367453000000000000e+06
2.367454000000000000e+06
2.367463000000000000e+06
2.367467000000000000e+06
2.367469000000000000e+06
2.367470000000000000e+06
2.367475000000000000e+06
2.367477000000000000e+06
2.367478000000000000e+06
2.367481000000000000e+06
2.367482000000000000e+06
2.367484000000000000e+06
2.368511000000000000e+06
2.369023000000000000e+06
2.369279000000000000e+06
2.369407000000000000e+06
2.369471000000000000e+06
2.369503000000000000e+06
2.369519000000000000e+06
2.369527000000000000e+06
2.369531000000000000e+06
2.369533000000000000e+06
2.369534000000000000e+06
2.370047000000000000e+06
2.370303000000000000e+06
2.370431000000000000e+06
2.370495000000000000e+06
2.370527000000000000e+06
2.370543000000000000e+06
2.370551000000000000e+06
2.370555000000000000e+06
2.370557000000000000e+06
2.370558000000000000e+06
2.370815000000000000e+06
2.370943000000000000e+06
2.371039000000000000e+06
2.371055000000000000e+06
2.371067000000000000e+06
2.371069000000000000e+06
2.371199000000000000e+06
2.371263000000000000e+06
2.371295000000000000e+06
2.371311000000000000e+06
2.371319000000000000e+06
2.371323000000000000e+06
2.371325000000000000e+06
2.371326000000000000e+06
2.371391000000000000e+06
2.371423000000000000e+06
2.371439000000000000e+06
2.371447000000000000e+06
2.371451000000000000e+06
2.371453000000000000e+06
2.371454000000000000e+06
2.371487000000000000e+06
2.371503000000000000e+06
2.371515000000000000e+06
2.371517000000000000e+06
2.371535000000000000e+06
2.371543000000000000e+06
2.371547000000000000e+06
2.371549000000000000e+06
2.371550000000000000e+06
2.371559000000000000e+06
2.371563000000000000e+06
2.371565000000000000e+06
2.371566000000000000e+06
2.371571000000000000e+06
2.371573000000000000e+06
2.371577000000000000e+06
2.371578000000000000e+06
2.371580000000000000e+06
2.372095000000000000e+06
2.372351000000000000e+06
2.372479000000000000e+06
2.372863000000000000e+06
2.372991000000000000e+06
2.373055000000000000e+06
2.373087000000000000e+06
2.373103000000000000e+06
2.373111000000000000e+06
2.373115000000000000e+06
2.373117000000000000e+06
2.373118000000000000e+06
2.373247000000000000e+06
2.373311000000000000e+06
2.373343000000000000e+06
2.373359000000000000e+06
2.373367000000000000e+06
2.373371000000000000e+06
2.373373000000000000e+06
2.373374000000000000e+06
2.373487000000000000e+06
2.373887000000000000e+06
2.374015000000000000e+06
2.374079000000000000e+06
2.374111000000000000e+06
2.374127000000000000e+06
2.374135000000000000e+06
2.374139000000000000e+06
2.374141000000000000e+06
2.374142000000000000e+06
2.374271000000000000e+06
2.374335000000000000e+06
2.374463000000000000e+06
2.374495000000000000e+06
2.374511000000000000e+06
2.374519000000000000e+06
2.374523000000000000e+06
2.374525000000000000e+06
2.374526000000000000e+06
2.374783000000000000e+06
2.374847000000000000e+06
2.374879000000000000e+06
2.374895000000000000e+06
2.374903000000000000e+06
2.374907000000000000e+06
2.374909000000000000e+06
2.374910000000000000e+06
2.374975000000000000e+06
2.375007000000000000e+06
2.375023000000000000e+06
2.375031000000000000e+06
2.375035000000000000e+06
2.375037000000000000e+06
2.375038000000000000e+06
2.375087000000000000e+06
2.375099000000000000e+06
2.375101000000000000e+06
2.375119000000000000e+06
2.375131000000000000e+06
2.375133000000000000e+06
2.375143000000000000e+06
2.375147000000000000e+06
2.375149000000000000e+06
2.375150000000000000e+06
2.375155000000000000e+06
2.375157000000000000e+06
2.375161000000000000e+06
2.375162000000000000e+06
2.375164000000000000e+06
2.375231000000000000e+06
2.375279000000000000e+06
2.375327000000000000e+06
2.375343000000000000e+06
2.375351000000000000e+06
2.375355000000000000e+06
2.375357000000000000e+06
2.375358000000000000e+06
2.375471000000000000e+06
2.375503000000000000e+06
2.375527000000000000e+06
2.375531000000000000e+06
2.375533000000000000e+06
2.375534000000000000e+06
2.377471000000000000e+06
2.378623000000000000e+06
2.379503000000000000e+06
2.379631000000000000e+06
2.380543000000000000e+06
2.380671000000000000e+06
2.381055000000000000e+06
2.381439000000000000e+06
2.381503000000000000e+06
2.381535000000000000e+06
2.381551000000000000e+06
2.381559000000000000e+06
2.381563000000000000e+06
2.381565000000000000e+06
2.381566000000000000e+06
2.381679000000000000e+06
2.382207000000000000e+06
2.382463000000000000e+06
2.382575000000000000e+06
2.382655000000000000e+06
2.382687000000000000e+06
2.382703000000000000e+06
2.382711000000000000e+06
2.382715000000000000e+06
2.382717000000000000e+06
2.382718000000000000e+06
2.383087000000000000e+06
2.383215000000000000e+06
2.383471000000000000e+06
2.383535000000000000e+06
2.383567000000000000e+06
2.383591000000000000e+06
2.383595000000000000e+06
2.383597000000000000e+06
2.383598000000000000e+06
2.383663000000000000e+06
2.383695000000000000e+06
2.383719000000000000e+06
2.383723000000000000e+06
2.383725000000000000e+06
2.383726000000000000e+06
2.393855000000000000e+06
2.395007000000000000e+06
2.396015000000000000e+06
2.396927000000000000e+06
2.397055000000000000e+06
2.397439000000000000e+06
2.397823000000000000e+06
2.397887000000000000e+06
2.397919000000000000e+06
2.397935000000000000e+06
2.397943000000000000e+06
2.397947000000000000e+06
2.397949000000000000e+06
2.397950000000000000e+06
2.398063000000000000e+06
2.398591000000000000e+06
2.398847000000000000e+06
2.399039000000000000e+06
2.399071000000000000e+06
2.399087000000000000e+06
2.399095000000000000e+06
2.399099000000000000e+06
2.399101000000000000e+06
2.399102000000000000e+06
2.399599000000000000e+06
2.399855000000000000e+06
2.400047000000000000e+06
2.400079000000000000e+06
2.400103000000000000e+06
2.400107000000000000e+06
2.400109000000000000e+06
2.400110000000000000e+06
2.425855000000000000e+06
2.426623000000000000e+06
2.427775000000000000e+06
2.427871000000000000e+06
2.428783000000000000e+06
2.429439000000000000e+06
2.429695000000000000e+06
2.429823000000000000e+06
2.429887000000000000e+06
2.429919000000000000e+06
2.429935000000000000e+06
2.429943000000000000e+06
2.429947000000000000e+06
2.429949000000000000e+06
2.429950000000000000e+06
2.430207000000000000e+06
2.430591000000000000e+06
2.430655000000000000e+06
2.430687000000000000e+06
2.430703000000000000e+06
2.430711000000000000e+06
2.430715000000000000e+06
2.430717000000000000e+06
2.430718000000000000e+06
2.430831000000000000e+06
2.431359000000000000e+06
2.431455000000000000e+06
2.431615000000000000e+06
2.431711000000000000e+06
2.431807000000000000e+06
2.431839000000000000e+06
2.431855000000000000e+06
2.431863000000000000e+06
2.431867000000000000e+06
2.431869000000000000e+06
2.431870000000000000e+06
2.431903000000000000e+06
2.431951000000000000e+06
2.431959000000000000e+06
2.431963000000000000e+06
2.431965000000000000e+06
2.431966000000000000e+06
2.432367000000000000e+06
2.432623000000000000e+06
2.432815000000000000e+06
2.432847000000000000e+06
2.432871000000000000e+06
2.432875000000000000e+06
2.432877000000000000e+06
2.432878000000000000e+06
2.492159000000000000e+06
2.493311000000000000e+06
2.493407000000000000e+06
2.494319000000000000e+06
2.495231000000000000e+06
2.495359000000000000e+06
2.495455000000000000e+06
2.495743000000000000e+06
2.496127000000000000e+06
2.496191000000000000e+06
2.496223000000000000e+06
2.496239000000000000e+06
2.496247000000000000e+06
2.496251000000000000e+06
2.496253000000000000e+06
2.496254000000000000e+06
2.496367000000000000e+06
2.496895000000000000e+06
2.496991000000000000e+06
2.497151000000000000e+06
2.497247000000000000e+06
2.497343000000000000e+06
2.497375000000000000e+06
2.497391000000000000e+06
2.497399000000000000e+06
2.497403000000000000e+06
2.497405000000000000e+06
2.497406000000000000e+06
2.497439000000000000e+06
2.497487000000000000e+06
2.497495000000000000e+06
2.497499000000000000e+06
2.497501000000000000e+06
2.497502000000000000e+06
2.497903000000000000e+06
2.498159000000000000e+06
2.498351000000000000e+06
2.498383000000000000e+06
2.498407000000000000e+06
2.498411000000000000e+06
2.498413000000000000e+06
2.498414000000000000e+06
2.623487000000000000e+06
2.624511000000000000e+06
2.625023000000000000e+06
2.625279000000000000e+06
2.625407000000000000e+06
2.625471000000000000e+06
2.625503000000000000e+06
2.625519000000000000e+06
2.625527000000000000e+06
2.625531000000000000e+06
2.625533000000000000e+06
2.625534000000000000e+06
2.626559000000000000e+06
2.627071000000000000e+06
2.627327000000000000e+06
2.627455000000000000e+06
2.627519000000000000e+06
2.627551000000000000e+06
2.627567000000000000e+06
2.627575000000000000e+06
2.627579000000000000e+06
2.627581000000000000e+06
2.627582000000000000e+06
2.628095000000000000e+06
2.628351000000000000e+06
2.628479000000000000e+06
2.628543000000000000e+06
2.628575000000000000e+06
2.628591000000000000e+06
2.628599000000000000e+06
2.628603000000000000e+06
2.628605000000000000e+06
2.628606000000000000e+06
2.628863000000000000e+06
2.628991000000000000e+06
2.629055000000000000e+06
2.629087000000000000e+06
2.629103000000000000e+06
2.629111000000000000e+06
2.629115000000000000e+06
2.629117000000000000e+06
2.629118000000000000e+06
2.629247000000000000e+06
2.629311000000000000e+06
2.629343000000000000e+06
2.629359000000000000e+06
2.629367000000000000e+06
2.629371000000000000e+06
2.629373000000000000e+06
2.629374000000000000e+06
2.629439000000000000e+06
2.629471000000000000e+06
2.629487000000000000e+06
2.629495000000000000e+06
2.629499000000000000e+06
2.629501000000000000e+06
2.629502000000000000e+06
2.629535000000000000e+06
2.629551000000000000e+06
2.629559000000000000e+06
2.629563000000000000e+06
2.629565000000000000e+06
2.629566000000000000e+06
2.629583000000000000e+06
2.629591000000000000e+06
2.629595000000000000e+06
2.629597000000000000e+06
2.629598000000000000e+06
2.629607000000000000e+06
2.629611000000000000e+06
2.629613000000000000e+06
2.629614000000000000e+06
2.629619000000000000e+06
2.629621000000000000e+06
2.629622000000000000e+06
2.629625000000000000e+06
2.629626000000000000e+06
2.629628000000000000e+06
2.630655000000000000e+06
2.631167000000000000e+06
2.631423000000000000e+06
2.631551000000000000e+06
2.631615000000000000e+06
2.631647000000000000e+06
2.631663000000000000e+06
2.631671000000000000e+06
2.631675000000000000e+06
2.631677000000000000e+06
2.631678000000000000e+06
2.632191000000000000e+06
2.632447000000000000e+06
2.632575000000000000e+06
2.632639000000000000e+06
2.632671000000000000e+06
2.632687000000000000e+06
2.632695000000000000e+06
2.632699000000000000e+06
2.632701000000000000e+06
2.632702000000000000e+06
2.632959000000000000e+06
2.633087000000000000e+06
2.633151000000000000e+06
2.633199000000000000e+06
2.633211000000000000e+06
2.633213000000000000e+06
2.633343000000000000e+06
2.633407000000000000e+06
2.633439000000000000e+06
2.633455000000000000e+06
2.633463000000000000e+06
2.633467000000000000e+06
2.633469000000000000e+06
2.633470000000000000e+06
2.633535000000000000e+06
2.633567000000000000e+06
2.633583000000000000e+06
2.633591000000000000e+06
2.633595000000000000e+06
2.633597000000000000e+06
2.633598000000000000e+06
2.633631000000000000e+06
2.633647000000000000e+06
2.633655000000000000e+06
2.633659000000000000e+06
2.633661000000000000e+06
2.633662000000000000e+06
2.633679000000000000e+06
2.633691000000000000e+06
2.633693000000000000e+06
2.633703000000000000e+06
2.633707000000000000e+06
2.633709000000000000e+06
2.633710000000000000e+06
2.633715000000000000e+06
2.633717000000000000e+06
2.633721000000000000e+06
2.633722000000000000e+06
2.633724000000000000e+06
2.634239000000000000e+06
2.635007000000000000e+06
2.635135000000000000e+06
2.635199000000000000e+06
2.635231000000000000e+06
2.635247000000000000e+06
2.635255000000000000e+06
2.635259000000000000e+06
2.635261000000000000e+06
2.635262000000000000e+06
2.635455000000000000e+06
2.636031000000000000e+06
2.636159000000000000e+06
2.636223000000000000e+06
2.636255000000000000e+06
2.636271000000000000e+06
2.636279000000000000e+06
2.636283000000000000e+06
2.636285000000000000e+06
2.636286000000000000e+06
2.636479000000000000e+06
2.636927000000000000e+06
2.636991000000000000e+06
2.637023000000000000e+06
2.637039000000000000e+06
2.637047000000000000e+06
2.637051000000000000e+06
2.637053000000000000e+06
2.637054000000000000e+06
2.637119000000000000e+06
2.637151000000000000e+06
2.637167000000000000e+06
2.637175000000000000e+06
2.637179000000000000e+06
2.637181000000000000e+06
2.637182000000000000e+06
2.637215000000000000e+06
2.637231000000000000e+06
2.637239000000000000e+06
2.637243000000000000e+06
2.637245000000000000e+06
2.637246000000000000e+06
2.637275000000000000e+06
2.637277000000000000e+06
2.637291000000000000e+06
2.637293000000000000e+06
2.637299000000000000e+06
2.637301000000000000e+06
2.637305000000000000e+06
2.637306000000000000e+06
2.637308000000000000e+06
2.637375000000000000e+06
2.637471000000000000e+06
2.637487000000000000e+06
2.637495000000000000e+06
2.637499000000000000e+06
2.637501000000000000e+06
2.637502000000000000e+06
2.639615000000000000e+06
2.641647000000000000e+06
2.642687000000000000e+06
2.643199000000000000e+06
2.643583000000000000e+06
2.643647000000000000e+06
2.643679000000000000e+06
2.643695000000000000e+06
2.643703000000000000e+06
2.643707000000000000e+06
2.643709000000000000e+06
2.643710000000000000e+06
2.644719000000000000e+06
2.645231000000000000e+06
2.645615000000000000e+06
2.645679000000000000e+06
2.645711000000000000e+06
2.645735000000000000e+06
2.645739000000000000e+06
2.645741000000000000e+06
2.645742000000000000e+06
2.687999000000000000e+06
2.691583000000000000e+06
2.691839000000000000e+06
2.691967000000000000e+06
2.692031000000000000e+06
2.692063000000000000e+06
2.692079000000000000e+06
2.692087000000000000e+06
2.692091000000000000e+06
2.692093000000000000e+06
2.692094000000000000e+06
2.885375000000000000e+06
2.886527000000000000e+06
2.886623000000000000e+06
2.887535000000000000e+06
2.887639000000000000e+06
2.888447000000000000e+06
2.888575000000000000e+06
2.888671000000000000e+06
2.888959000000000000e+06
2.889343000000000000e+06
2.889407000000000000e+06
2.889439000000000000e+06
2.889455000000000000e+06
2.889463000000000000e+06
2.889467000000000000e+06
2.889469000000000000e+06
2.889470000000000000e+06
2.889583000000000000e+06
2.889687000000000000e+06
2.890111000000000000e+06
2.890207000000000000e+06
2.890367000000000000e+06
2.890463000000000000e+06
2.890559000000000000e+06
2.890591000000000000e+06
2.890607000000000000e+06
2.890615000000000000e+06
2.890619000000000000e+06
2.890621000000000000e+06
2.890622000000000000e+06
2.890655000000000000e+06
2.890703000000000000e+06
2.890711000000000000e+06
2.890715000000000000e+06
2.890717000000000000e+06
2.890718000000000000e+06
2.891119000000000000e+06
2.891223000000000000e+06
2.891375000000000000e+06
2.891479000000000000e+06
2.891567000000000000e+06
2.891599000000000000e+06
2.891607000000000000e+06
2.891623000000000000e+06
2.891627000000000000e+06
2.891629000000000000e+06
2.891630000000000000e+06
2.891671000000000000e+06
2.891719000000000000e+06
2.891731000000000000e+06
2.891733000000000000e+06
2.891734000000000000e+06
3.147775000000000000e+06
3.148799000000000000e+06
3.149311000000000000e+06
3.149567000000000000e+06
3.149695000000000000e+06
3.149759000000000000e+06
3.149791000000000000e+06
3.149807000000000000e+06
3.149815000000000000e+06
3.149819000000000000e+06
3.149821000000000000e+06
3.149822000000000000e+06
3.150847000000000000e+06
3.151359000000000000e+06
3.151615000000000000e+06
3.151743000000000000e+06
3.151807000000000000e+06
3.151839000000000000e+06
3.151855000000000000e+06
3.151863000000000000e+06
3.151867000000000000e+06
3.151869000000000000e+06
3.151870000000000000e+06
3.152383000000000000e+06
3.152639000000000000e+06
3.152767000000000000e+06
3.152831000000000000e+06
3.152863000000000000e+06
3.152879000000000000e+06
3.152887000000000000e+06
3.152891000000000000e+06
3.152893000000000000e+06
3.152894000000000000e+06
3.153151000000000000e+06
3.153279000000000000e+06
3.153343000000000000e+06
3.153375000000000000e+06
3.153391000000000000e+06
3.153399000000000000e+06
3.153403000000000000e+06
3.153405000000000000e+06
3.153406000000000000e+06
3.153535000000000000e+06
3.153599000000000000e+06
3.153631000000000000e+06
3.153647000000000000e+06
3.153655000000000000e+06
3.153659000000000000e+06
3.153661000000000000e+06
3.153662000000000000e+06
3.153727000000000000e+06
3.153759000000000000e+06
3.153775000000000000e+06
3.153783000000000000e+06
3.153787000000000000e+06
3.153789000000000000e+06
3.153790000000000000e+06
3.153823000000000000e+06
3.153839000000000000e+06
3.153851000000000000e+06
3.153853000000000000e+06
3.153871000000000000e+06
3.153879000000000000e+06
3.153883000000000000e+06
3.153885000000000000e+06
3.153886000000000000e+06
3.153895000000000000e+06
3.153899000000000000e+06
3.153901000000000000e+06
3.153902000000000000e+06
3.153907000000000000e+06
3.153909000000000000e+06
3.153913000000000000e+06
3.153914000000000000e+06
3.153916000000000000e+06
3.154943000000000000e+06
3.155455000000000000e+06
3.155711000000000000e+06
3.155839000000000000e+06
3.155903000000000000e+06
3.155935000000000000e+06
3.155951000000000000e+06
3.155959000000000000e+06
3.155963000000000000e+06
3.155965000000000000e+06
3.155966000000000000e+06
3.156479000000000000e+06
3.156735000000000000e+06
3.156863000000000000e+06
3.156927000000000000e+06
3.156959000000000000e+06
3.156975000000000000e+06
3.156983000000000000e+06
3.156987000000000000e+06
3.156989000000000000e+06
3.156990000000000000e+06
3.157247000000000000e+06
3.157375000000000000e+06
3.157487000000000000e+06
3.157499000000000000e+06
3.157501000000000000e+06
3.157631000000000000e+06
3.157695000000000000e+06
3.157727000000000000e+06
3.157743000000000000e+06
3.157751000000000000e+06
3.157755000000000000e+06
3.157757000000000000e+06
3.157758000000000000e+06
3.157823000000000000e+06
3.157855000000000000e+06
3.157871000000000000e+06
3.157879000000000000e+06
3.157883000000000000e+06
3.157885000000000000e+06
3.157886000000000000e+06
3.157935000000000000e+06
3.157947000000000000e+06
3.157949000000000000e+06
3.157967000000000000e+06
3.157979000000000000e+06
3.157981000000000000e+06
3.157991000000000000e+06
3.157995000000000000e+06
3.157997000000000000e+06
3.157998000000000000e+06
3.158003000000000000e+06
3.158005000000000000e+06
3.158009000000000000e+06
3.158010000000000000e+06
3.158012000000000000e+06
3.158527000000000000e+06
3.158783000000000000e+06
3.158911000000000000e+06
3.158975000000000000e+06
3.159007000000000000e+06
3.159023000000000000e+06
3.159031000000000000e+06
3.159035000000000000e+06
3.159037000000000000e+06
3.159038000000000000e+06
3.159295000000000000e+06
3.159423000000000000e+06
3.159487000000000000e+06
3.159519000000000000e+06
3.159535000000000000e+06
3.159543000000000000e+06
3.159547000000000000e+06
3.159549000000000000e+06
3.159550000000000000e+06
3.159679000000000000e+06
3.159743000000000000e+06
3.159775000000000000e+06
3.159791000000000000e+06
3.159799000000000000e+06
3.159803000000000000e+06
3.159805000000000000e+06
3.159806000000000000e+06
3.159871000000000000e+06
3.159903000000000000e+06
3.159919000000000000e+06
3.159927000000000000e+06
3.159931000000000000e+06
3.159933000000000000e+06
3.159934000000000000e+06
3.159997000000000000e+06
3.160029000000000000e+06
3.160045000000000000e+06
3.160053000000000000e+06
3.160057000000000000e+06
3.160060000000000000e+06
3.160319000000000000e+06
3.160447000000000000e+06
3.160511000000000000e+06
3.160543000000000000e+06
3.160559000000000000e+06
3.160567000000000000e+06
3.160571000000000000e+06
3.160573000000000000e+06
3.160574000000000000e+06
3.160703000000000000e+06
3.160767000000000000e+06
3.160799000000000000e+06
3.160815000000000000e+06
3.160823000000000000e+06
3.160827000000000000e+06
3.160829000000000000e+06
3.160830000000000000e+06
3.160895000000000000e+06
3.160955000000000000e+06
3.161019000000000000e+06
3.161051000000000000e+06
3.161067000000000000e+06
3.161075000000000000e+06
3.161081000000000000e+06
3.161082000000000000e+06
3.161215000000000000e+06
3.161279000000000000e+06
3.161311000000000000e+06
3.161327000000000000e+06
3.161335000000000000e+06
3.161339000000000000e+06
3.161341000000000000e+06
3.161342000000000000e+06
3.161407000000000000e+06
3.161439000000000000e+06
3.161455000000000000e+06
3.161463000000000000e+06
3.161467000000000000e+06
3.161469000000000000e+06
3.161470000000000000e+06
3.161531000000000000e+06
3.161533000000000000e+06
3.161563000000000000e+06
3.161565000000000000e+06
3.161579000000000000e+06
3.161581000000000000e+06
3.161587000000000000e+06
3.161589000000000000e+06
3.161593000000000000e+06
3.161594000000000000e+06
3.161596000000000000e+06
3.161663000000000000e+06
3.161695000000000000e+06
3.161711000000000000e+06
3.161719000000000000e+06
3.161723000000000000e+06
3.161725000000000000e+06
3.161726000000000000e+06
3.161759000000000000e+06
3.161775000000000000e+06
3.161783000000000000e+06
3.161787000000000000e+06
3.161789000000000000e+06
3.161790000000000000e+06
3.161887000000000000e+06
3.161903000000000000e+06
3.161911000000000000e+06
3.161915000000000000e+06
3.161917000000000000e+06
3.161918000000000000e+06
3.163135000000000000e+06
3.163903000000000000e+06
3.164031000000000000e+06
3.164157000000000000e+06
3.164927000000000000e+06
3.165179000000000000e+06
3.165823000000000000e+06
3.165935000000000000e+06
3.166719000000000000e+06
3.166975000000000000e+06
3.167103000000000000e+06
3.167167000000000000e+06
3.167199000000000000e+06
3.167215000000000000e+06
3.167223000000000000e+06
3.167227000000000000e+06
3.167229000000000000e+06
3.167230000000000000e+06
3.167487000000000000e+06
3.167615000000000000e+06
3.167741000000000000e+06
3.167871000000000000e+06
3.167935000000000000e+06
3.167967000000000000e+06
3.167983000000000000e+06
3.167991000000000000e+06
3.167995000000000000e+06
3.167997000000000000e+06
3.167998000000000000e+06
3.168063000000000000e+06
3.168095000000000000e+06
3.168111000000000000e+06
3.168119000000000000e+06
3.168123000000000000e+06
3.168125000000000000e+06
3.168126000000000000e+06
3.168189000000000000e+06
3.168221000000000000e+06
3.168237000000000000e+06
3.168245000000000000e+06
3.168249000000000000e+06
3.168252000000000000e+06
3.168511000000000000e+06
3.168763000000000000e+06
3.168895000000000000e+06
3.168959000000000000e+06
3.168991000000000000e+06
3.169007000000000000e+06
3.169015000000000000e+06
3.169019000000000000e+06
3.169021000000000000e+06
3.169022000000000000e+06
3.169147000000000000e+06
3.169211000000000000e+06
3.169243000000000000e+06
3.169259000000000000e+06
3.169267000000000000e+06
3.169273000000000000e+06
3.169274000000000000e+06
3.169407000000000000e+06
3.169519000000000000e+06
3.169855000000000000e+06
3.169887000000000000e+06
3.169903000000000000e+06
3.169911000000000000e+06
3.169915000000000000e+06
3.169917000000000000e+06
3.169918000000000000e+06
3.169967000000000000e+06
3.169999000000000000e+06
3.170023000000000000e+06
3.170027000000000000e+06
3.170029000000000000e+06
3.170030000000000000e+06
3.179519000000000000e+06
3.180287000000000000e+06
3.180415000000000000e+06
3.180541000000000000e+06
3.181311000000000000e+06
3.181563000000000000e+06
3.182207000000000000e+06
3.183103000000000000e+06
3.183359000000000000e+06
3.183487000000000000e+06
3.183551000000000000e+06
3.183583000000000000e+06
3.183599000000000000e+06
3.183607000000000000e+06
3.183611000000000000e+06
3.183613000000000000e+06
3.183614000000000000e+06
3.183871000000000000e+06
3.183999000000000000e+06
3.184125000000000000e+06
3.184255000000000000e+06
3.184319000000000000e+06
3.184351000000000000e+06
3.184367000000000000e+06
3.184375000000000000e+06
3.184379000000000000e+06
3.184381000000000000e+06
3.184382000000000000e+06
3.184447000000000000e+06
3.184479000000000000e+06
3.184495000000000000e+06
3.184503000000000000e+06
3.184507000000000000e+06
3.184509000000000000e+06
3.184510000000000000e+06
3.184573000000000000e+06
3.184605000000000000e+06
3.184621000000000000e+06
3.184629000000000000e+06
3.184633000000000000e+06
3.184636000000000000e+06
3.184895000000000000e+06
3.185147000000000000e+06
3.185279000000000000e+06
3.185343000000000000e+06
3.185375000000000000e+06
3.185391000000000000e+06
3.185399000000000000e+06
3.185403000000000000e+06
3.185405000000000000e+06
3.185406000000000000e+06
3.185531000000000000e+06
3.185595000000000000e+06
3.185627000000000000e+06
3.185643000000000000e+06
3.185651000000000000e+06
3.185657000000000000e+06
3.185658000000000000e+06
3.185791000000000000e+06
3.186239000000000000e+06
3.186271000000000000e+06
3.186287000000000000e+06
3.186295000000000000e+06
3.186299000000000000e+06
3.186301000000000000e+06
3.186302000000000000e+06
3.212287000000000000e+06
3.213055000000000000e+06
3.213183000000000000e+06
3.213309000000000000e+06
3.214079000000000000e+06
3.214331000000000000e+06
3.214975000000000000e+06
3.215871000000000000e+06
3.216127000000000000e+06
3.216255000000000000e+06
3.216319000000000000e+06
3.216351000000000000e+06
3.216367000000000000e+06
3.216375000000000000e+06
3.216379000000000000e+06
3.216381000000000000e+06
3.216382000000000000e+06
3.216639000000000000e+06
3.216767000000000000e+06
3.216893000000000000e+06
3.217023000000000000e+06
3.217087000000000000e+06
3.217119000000000000e+06
3.217135000000000000e+06
3.217143000000000000e+06
3.217147000000000000e+06
3.217149000000000000e+06
3.217150000000000000e+06
3.217215000000000000e+06
3.217247000000000000e+06
3.217263000000000000e+06
3.217271000000000000e+06
3.217275000000000000e+06
3.217277000000000000e+06
3.217278000000000000e+06
3.217341000000000000e+06
3.217373000000000000e+06
3.217389000000000000e+06
3.217397000000000000e+06
3.217401000000000000e+06
3.217404000000000000e+06
3.217663000000000000e+06
3.217915000000000000e+06
3.218047000000000000e+06
3.218111000000000000e+06
3.218143000000000000e+06
3.218159000000000000e+06
3.218167000000000000e+06
3.218171000000000000e+06
3.218173000000000000e+06
3.218174000000000000e+06
3.218299000000000000e+06
3.218363000000000000e+06
3.218395000000000000e+06
3.218411000000000000e+06
3.218419000000000000e+06
3.218425000000000000e+06
3.218426000000000000e+06
3.218559000000000000e+06
3.219007000000000000e+06
3.219039000000000000e+06
3.219055000000000000e+06
3.219063000000000000e+06
3.219067000000000000e+06
3.219069000000000000e+06
3.219070000000000000e+06
3.277823000000000000e+06
3.278591000000000000e+06
3.278719000000000000e+06
3.278845000000000000e+06
3.279615000000000000e+06
3.279867000000000000e+06
3.280511000000000000e+06
3.281407000000000000e+06
3.281663000000000000e+06
3.281791000000000000e+06
3.281855000000000000e+06
3.281887000000000000e+06
3.281903000000000000e+06
3.281911000000000000e+06
3.281915000000000000e+06
3.281917000000000000e+06
3.281918000000000000e+06
3.282175000000000000e+06
3.282303000000000000e+06
3.282429000000000000e+06
3.282559000000000000e+06
3.282623000000000000e+06
3.282655000000000000e+06
3.282671000000000000e+06
3.282679000000000000e+06
3.282683000000000000e+06
3.282685000000000000e+06
3.282686000000000000e+06
3.282751000000000000e+06
3.282783000000000000e+06
3.282799000000000000e+06
3.282807000000000000e+06
3.282811000000000000e+06
3.282813000000000000e+06
3.282814000000000000e+06
3.282877000000000000e+06
3.282909000000000000e+06
3.282925000000000000e+06
3.282933000000000000e+06
3.282937000000000000e+06
3.282940000000000000e+06
3.283199000000000000e+06
3.283451000000000000e+06
3.283583000000000000e+06
3.283647000000000000e+06
3.283679000000000000e+06
3.283695000000000000e+06
3.283703000000000000e+06
3.283707000000000000e+06
3.283709000000000000e+06
3.283710000000000000e+06
3.283835000000000000e+06
3.283899000000000000e+06
3.283931000000000000e+06
3.283947000000000000e+06
3.283955000000000000e+06
3.283961000000000000e+06
3.283962000000000000e+06
3.284095000000000000e+06
3.284543000000000000e+06
3.284575000000000000e+06
3.284591000000000000e+06
3.284599000000000000e+06
3.284603000000000000e+06
3.284605000000000000e+06
3.284606000000000000e+06
3.408895000000000000e+06
3.409663000000000000e+06
3.409791000000000000e+06
3.409917000000000000e+06
3.410687000000000000e+06
3.410815000000000000e+06
3.410939000000000000e+06
3.411583000000000000e+06
3.411823000000000000e+06
3.412479000000000000e+06
3.412735000000000000e+06
3.412863000000000000e+06
3.412927000000000000e+06
3.412959000000000000e+06
3.412975000000000000e+06
3.412983000000000000e+06
3.412987000000000000e+06
3.412989000000000000e+06
3.412990000000000000e+06
3.413247000000000000e+06
3.413375000000000000e+06
3.413501000000000000e+06
3.413631000000000000e+06
3.413695000000000000e+06
3.413727000000000000e+06
3.413743000000000000e+06
3.413751000000000000e+06
3.413755000000000000e+06
3.413757000000000000e+06
3.413758000000000000e+06
3.413823000000000000e+06
3.413855000000000000e+06
3.413871000000000000e+06
3.413879000000000000e+06
3.413883000000000000e+06
3.413885000000000000e+06
3.413886000000000000e+06
3.413949000000000000e+06
3.413981000000000000e+06
3.413997000000000000e+06
3.414005000000000000e+06
3.414009000000000000e+06
3.414012000000000000e+06
3.414271000000000000e+06
3.414399000000000000e+06
3.414523000000000000e+06
3.414655000000000000e+06
3.414719000000000000e+06
3.414751000000000000e+06
3.414767000000000000e+06
3.414775000000000000e+06
3.414779000000000000e+06
3.414781000000000000e+06
3.414782000000000000e+06
3.414847000000000000e+06
3.414879000000000000e+06
3.414895000000000000e+06
3.414903000000000000e+06
3.414907000000000000e+06
3.414909000000000000e+06
3.414910000000000000e+06
3.414971000000000000e+06
3.415003000000000000e+06
3.415019000000000000e+06
3.415027000000000000e+06
3.415033000000000000e+06
3.415034000000000000e+06
3.415167000000000000e+06
3.415407000000000000e+06
3.415615000000000000e+06
3.415647000000000000e+06
3.415663000000000000e+06
3.415671000000000000e+06
3.415675000000000000e+06
3.415677000000000000e+06
3.415678000000000000e+06
3.415855000000000000e+06
3.415887000000000000e+06
3.415911000000000000e+06
3.415915000000000000e+06
3.415917000000000000e+06
3.415918000000000000e+06
3.671039000000000000e+06
3.671807000000000000e+06
3.671935000000000000e+06
3.672061000000000000e+06
3.672831000000000000e+06
3.673083000000000000e+06
3.673727000000000000e+06
3.674623000000000000e+06
3.674879000000000000e+06
3.675007000000000000e+06
3.675071000000000000e+06
3.675103000000000000e+06
3.675119000000000000e+06
3.675127000000000000e+06
3.675131000000000000e+06
3.675133000000000000e+06
3.675134000000000000e+06
3.675391000000000000e+06
3.675519000000000000e+06
3.675645000000000000e+06
3.675775000000000000e+06
3.675839000000000000e+06
3.675871000000000000e+06
3.675887000000000000e+06
3.675895000000000000e+06
3.675899000000000000e+06
3.675901000000000000e+06
3.675902000000000000e+06
3.675967000000000000e+06
3.675999000000000000e+06
3.676015000000000000e+06
3.676023000000000000e+06
3.676027000000000000e+06
3.676029000000000000e+06
3.676030000000000000e+06
3.676093000000000000e+06
3.676125000000000000e+06
3.676141000000000000e+06
3.676149000000000000e+06
3.676153000000000000e+06
3.676156000000000000e+06
3.676415000000000000e+06
3.676667000000000000e+06
3.676799000000000000e+06
3.676863000000000000e+06
3.676895000000000000e+06
3.676911000000000000e+06
3.676919000000000000e+06
3.676923000000000000e+06
3.676925000000000000e+06
3.676926000000000000e+06
3.677051000000000000e+06
3.677115000000000000e+06
3.677147000000000000e+06
3.677163000000000000e+06
3.677171000000000000e+06
3.677177000000000000e+06
3.677178000000000000e+06
3.677311000000000000e+06
3.677759000000000000e+06
3.677791000000000000e+06
3.677807000000000000e+06
3.677815000000000000e+06
3.677819000000000000e+06
3.677821000000000000e+06
3.677822000000000000e+06
