"PluginInterface" error: Failure to initialize device 0: Error in cuDevicePrimaryCtxRetain: out of memory
"PluginInterface" error: Failure to initialize device 0: Error in cuDevicePrimaryCtxRetain: out of memory
"PluginInterface" error: Failure to initialize device 0: Error in cuDevicePrimaryCtxRetain: out of memory
"PluginInterface" error: Failure to initialize device 0: Error in cuDevicePrimaryCtxRetain: out of memory
"PluginInterface" error: Failure to initialize device 0: Error in cuDevicePrimaryCtxRetain: out of memory
"PluginInterface" error: Failure to initialize device 0: Error in cuDevicePrimaryCtxRetain: out of memory
"PluginInterface" error: Failure to initialize device 1: Error in cuDevicePrimaryCtxRetain: out of memory
"PluginInterface" error: Failure to initialize device 1: Error in cuDevicePrimaryCtxRetain: out of memory
"PluginInterface" error: Failure to initialize device 1: Error in cuDevicePrimaryCtxRetain: out of memory
"PluginInterface" error: Failure to initialize device 1: Error in cuDevicePrimaryCtxRetain: out of memory
"PluginInterface" error: Failure to initialize device 1: Error in cuDevicePrimaryCtxRetain: out of memory
"PluginInterface" error: Failure to initialize device 1: Error in cuDevicePrimaryCtxRetain: out of memory
"PluginInterface" error: Failure to initialize device 1: Error in cuDevicePrimaryCtxRetain: out of memory
"PluginInterface" error: Failure to initialize device 1: Error in cuDevicePrimaryCtxRetain: out of memory
"PluginInterface" error: Failure to initialize device 1: Error in cuDevicePrimaryCtxRetain: out of memory
"PluginInterface" error: Failure to initialize device 2: Error in cuDevicePrimaryCtxRetain: out of memory
"PluginInterface" error: Failure to initialize device 2: Error in cuDevicePrimaryCtxRetain: out of memory
"PluginInterface" error: Failure to initialize device 2: Error in cuDevicePrimaryCtxRetain: out of memory
"PluginInterface" error: Failure to initialize device 2: Error in cuDevicePrimaryCtxRetain: out of memory
"PluginInterface" error: Failure to initialize device 2: Error in cuDevicePrimaryCtxRetain: out of memory
"PluginInterface" error: Failure to initialize device 2: Error in cuDevicePrimaryCtxRetain: out of memory
"PluginInterface" error: Failure to initialize device 2: Error in cuDevicePrimaryCtxRetain: out of memory
"PluginInterface" error: Failure to initialize device 2: Error in cuDevicePrimaryCtxRetain: out of memory
"PluginInterface" error: Failure to initialize device 2: Error in cuDevicePrimaryCtxRetain: out of memory
"PluginInterface" error: Failure to initialize device 3: Error in cuDevicePrimaryCtxRetain: out of memory
"PluginInterface" error: Failure to initialize device 3: Error in cuDevicePrimaryCtxRetain: out of memory
"PluginInterface" error: Failure to initialize device 3: Error in cuDevicePrimaryCtxRetain: out of memory
"PluginInterface" error: Failure to initialize device 3: Error in cuDevicePrimaryCtxRetain: out of memory
"PluginInterface" error: Failure to initialize device 3: Error in cuDevicePrimaryCtxRetain: out of memory
"PluginInterface" error: Failure to initialize device 3: Error in cuDevicePrimaryCtxRetain: out of memory
"PluginInterface" error: Failure to initialize device 3: Error in cuDevicePrimaryCtxRetain: out of memory
 Elapsed time for helper construction 0.8909499999999999 (sec) 
 Elapsed time for init 2.194072 (sec) 
 Elapsed time for makeQChamDiagTerms 0.455418 (sec) 
 Davidson iteration 0.0 (tol=0.05760296051980488): -307.7564493089854
 Davidson iteration 0.1 (tol=0.05371925909241933): -307.7564538886692 -304.7443915812345
 Davidson iteration 0.2 (tol=0.05409235772529158): -307.7564712215753 -305.2311780977411 -304.7443731808023
 Davidson iteration 0.3 (tol=0.05418183738379855): -307.7564745713819 -305.8214881097998 -304.750942679946 -304.6424475446884
 Davidson iteration 0.4 (tol=0.05420278729427566): -307.7564746193869 -306.0769082681417 -304.9235405066699 -304.7353254028112
 Davidson iteration 0.5 (tol=0.0542089314663978): -307.7564749211133 -306.4891024180843 -305.0181687713924 -304.8132490957868
 Davidson iteration 0.6 (tol=0.05420685908792635): -307.7564749399181 -306.7402211729986 -305.2260505684184 -304.9568267809822
 Davidson iteration 0.7 (tol=0.0542094795648651): -307.7564749770585 -306.8512722468072 -305.6431642905196 -305.0446287126768
 Davidson iteration 0.8 (tol=0.05421403686047813): -307.7564750176211 -306.9429396866329 -306.0161203818942 -305.0497782386273
 Davidson iteration 0.9 (tol=0.05421404416066147): -307.7564750178947 -307.0143703842335 -306.4081909725894 -305.2035080360937
 Davidson iteration 0.10 (tol=0.05421675975449314): -307.7564750444967 -307.1060184917728 -306.6981799482826 -305.5804435537002
 Davidson iteration 0.11 (tol=0.05421806532247225): -307.7564750742008 -307.2394041421692 -306.8422779343172 -305.9836718196382
 Davidson iteration 0.12 (tol=0.05421844566792507): -307.7564750805406 -307.3838030685411 -306.9528916073772 -306.3292407203303
 Davidson iteration 0.13 (tol=0.05421838131809857): -307.7564750809161 -307.4708820758372 -307.0087395620852 -306.5493043550882
 Davidson iteration 0.14 (tol=0.05421894047920758): -307.7564750891003 -307.5006097675253 -307.035201108718 -306.6721983106534
 Davidson iteration 0.15 (tol=0.05421926956311): -307.7564750919598 -307.509780349253 -307.0538126375685 -306.7374246927803
 Davidson iteration 0.16 (tol=0.05421930719998545): -307.7564750920128 -307.5128277516208 -307.0645627209944 -306.7894638412347
 Davidson iteration 0.17 (tol=0.05421942430358745): -307.7564750953812 -307.5137955814168 -307.0700514030413 -306.8377673884276
 Davidson iteration 0.18 (tol=0.05421945329192639): -307.7564750968412 -307.5139793309905 -307.0738399703291 -306.8688445286801
 Davidson iteration 0.19 (tol=0.05421950656745938): -307.7564750971584 -307.5140145555631 -307.0759352240303 -306.8964476888244
 Davidson iteration 1.0 (tol=0.05421948966861155): -307.7565179048095
 Davidson iteration 1.1 (tol=0.05302896120237095): -307.7565183296653 -304.6909503310193
 Davidson iteration 1.2 (tol=0.05302432864439642): -307.7565183436753 -305.0215412280641 -304.6790429108037
 Davidson iteration 1.3 (tol=0.05302418519731573): -307.7565183439284 -305.3084141740049 -304.6790430093406 -304.4211212363285
 Davidson iteration 1.4 (tol=0.05302448389335908): -307.7565183452933 -305.7259299079343 -304.6811670765318 -304.6043690062617
 Davidson iteration 1.5 (tol=0.05302405018512155): -307.7565183456672 -306.1619221880214 -304.6816287693906 -304.6452772123732
 Davidson iteration 1.6 (tol=0.05302413837478483): -307.7565183456821 -306.4846039169352 -304.9768345480511 -304.6815547028376
 Davidson iteration 1.7 (tol=0.05302414395114295): -307.7565183463691 -306.7579087012119 -305.3293151309937 -304.8383297883322
 Davidson iteration 1.8 (tol=0.05302415897516802): -307.7565183464537 -306.8559370090862 -305.7109955697338 -305.0199323409105
 Davidson iteration 1.9 (tol=0.0530241856228764): -307.7565183464614 -306.9323615207915 -306.0591249754134 -305.0234260352073
 Davidson iteration 1.10 (tol=0.05302418174628646): -307.7565183464821 -306.9995502321323 -306.3547168127508 -305.2212469967106
 Davidson iteration 1.11 (tol=0.05302426190923283): -307.756518346542 -307.0706638473133 -306.6467081799461 -305.5857373661627
 Davidson iteration 1.12 (tol=0.05302426572394608): -307.7565183465455 -307.18158532722 -306.8280889475249 -305.993798300687
 Davidson iteration 1.13 (tol=0.05302427813392834): -307.756518346572 -307.3353292839316 -306.9497433034368 -306.3383150682452
 Davidson iteration 1.14 (tol=0.05302428234393929): -307.7565183465722 -307.4416215638218 -307.0034865351377 -306.5405870330136
 Davidson iteration 1.15 (tol=0.05302430020763535): -307.756518346614 -307.4910669788084 -307.0350420616997 -306.6742056798782
 Davidson iteration 1.16 (tol=0.05302438308960845): -307.756518346703 -307.5077608555824 -307.055865096605 -306.7454299916814
 Davidson iteration 1.17 (tol=0.05302452930783128): -307.7565183478444 -307.5124655812009 -307.0651232059272 -306.8057213671596
 Davidson iteration 1.18 (tol=0.05302482536359993): -307.7565183501866 -307.5136301651445 -307.0703957879738 -306.8442573819752
 Davidson iteration 1.19 (tol=0.05302493954714173): -307.7565183518945 -307.5139338535668 -307.0746011783489 -306.8726566199243
 Davidson iteration 2.0 (tol=0.05302493620698819): -307.7565371727496
 Davidson iteration 2.1 (tol=0.05299196708429985): -307.7565371730753 -304.6905974601639
 Davidson iteration 2.2 (tol=0.05299183273193955): -307.7565371730879 -305.027207819762 -304.6784427344833
 Davidson iteration 2.3 (tol=0.05299186133668025): -307.7565371731029 -305.2959149603132 -304.6784836244465 -304.486306241648
 Davidson iteration 2.4 (tol=0.05299186444680904): -307.756537173103 -305.7144404369418 -304.6860441158796 -304.6547273117164
 Davidson iteration 2.5 (tol=0.05299184309389372): -307.7565371731041 -306.1522741150715 -304.6961848502112 -304.6721863418913
 Davidson iteration 2.6 (tol=0.05299189927459034): -307.7565371731097 -306.4664857141063 -304.9718523708399 -304.6961769360189
 Davidson iteration 2.7 (tol=0.05299189998252139): -307.7565371731102 -306.7462765860604 -305.3109657470716 -304.8806028912915
 Davidson iteration 2.8 (tol=0.05299189965778642): -307.7565371731103 -306.8533254928209 -305.6926769815914 -305.0257085733173
 Davidson iteration 2.9 (tol=0.05299190920830374): -307.7565371731113 -306.9277546383337 -306.0453000644263 -305.0323282284804
 Davidson iteration 2.10 (tol=0.05299191716142241): -307.7565371731654 -306.9927779856621 -306.3313050292346 -305.1938838624287
 Davidson iteration 2.11 (tol=0.05299181653700898): -307.7565371733098 -307.0581303819464 -306.6150685459017 -305.5540082767247
 Davidson iteration 2.12 (tol=0.05299182260078843): -307.7565371735005 -307.1488102693108 -306.8046384253198 -305.943688154339
 Davidson iteration 2.13 (tol=0.05299182262573768): -307.7565371736789 -307.2896620290533 -306.9340211525813 -306.3069828850919
 Davidson iteration 2.14 (tol=0.05299181566462634): -307.7565371736883 -307.4183972688029 -307.0010088228826 -306.5255606669484
 Davidson iteration 2.15 (tol=0.05299179093195838): -307.7565371737716 -307.4840982686089 -307.0359516615366 -306.6677544529877
 Davidson iteration 2.16 (tol=0.05299162714539164): -307.7565371745696 -307.5056768520923 -307.0561651725585 -306.7459670279522
 Davidson iteration 2.17 (tol=0.05299167783164774): -307.7565371756914 -307.511807911415 -307.0660002484304 -306.7952439071051
 Davidson iteration 2.18 (tol=0.05299178106354104): -307.7565371782086 -307.5134639347602 -307.0711536977139 -306.8439307819102
 Davidson iteration 2.19 (tol=0.05299176174259146): -307.7565371782683 -307.5138908211032 -307.075388711002 -306.8702548625767
 Davidson iteration 3.0 (tol=0.05299176173995303): -307.7565376947477
 Davidson iteration 3.1 (tol=0.05299114328040248): -307.7565376947478 -304.6907116996082
 Davidson iteration 3.2 (tol=0.05299113540887362): -307.7565376947479 -305.0323467228842 -304.678425237672
 Davidson iteration 3.3 (tol=0.05299113871311382): -307.7565376947481 -305.2944852331898 -304.6785039680145 -304.5190146758882
 Davidson iteration 3.4 (tol=0.05299114137526006): -307.7565376947483 -305.7151765689788 -304.6977509252157 -304.6688887219065
 Davidson iteration 3.5 (tol=0.05299113217105807): -307.7565376947484 -306.1523806985168 -304.713893307625 -304.6751491870222
 Davidson iteration 3.6 (tol=0.05299116213343231): -307.7565376947502 -306.4654643265401 -304.982500490901 -304.7135133127387
 Davidson iteration 3.7 (tol=0.0529911569838636): -307.7565376947589 -306.7455763205413 -305.311826895273 -304.9094675343692
 Davidson iteration 3.8 (tol=0.05299115831254001): -307.7565376947692 -306.8515390199435 -305.6885348369717 -305.044560889145
 Davidson iteration 3.9 (tol=0.0529911833211141): -307.7565376947771 -306.9225979938232 -306.0312618405031 -305.0518984410795
 Davidson iteration 3.10 (tol=0.05299118288743289): -307.7565376947777 -306.9816788516716 -306.2900654682042 -305.1462894219936
 Davidson iteration 3.11 (tol=0.0529912332389581): -307.7565376948029 -307.0252716663961 -306.5427618256458 -305.4754440744064
 Davidson iteration 3.12 (tol=0.05299123613498728): -307.7565376948091 -307.0608477638822 -306.6820884469402 -305.7584251308498
 Davidson iteration 3.13 (tol=0.0529912835816358): -307.7565376953764 -307.0924760331285 -306.801689376255 -306.0623888236966
 Davidson iteration 3.14 (tol=0.05299121434170875): -307.756537695825 -307.1608113835097 -306.9404128315808 -306.4068008446589
 Davidson iteration 3.15 (tol=0.05299084892561359): -307.7565377000925 -307.3356435362518 -307.0286317745936 -306.6459812685322
 Davidson iteration 3.16 (tol=0.05299163041586871): -307.7565377164911 -307.4577993686886 -307.057908386698 -306.7379935896218
 Davidson iteration 3.17 (tol=0.05299098066003596): -307.7565377491061 -307.4978191490259 -307.0679189760406 -306.7988643048213
 Davidson iteration 3.18 (tol=0.05299288237470797): -307.7565379088967 -307.5092455474893 -307.0728866410255 -306.8415051190277
 Davidson iteration 3.19 (tol=0.05299497706862082): -307.7565386069361 -307.5126907357258 -307.0767357295577 -306.8702295943717
 Davidson iteration 4.0 (tol=0.05299497689512101): -307.7565371568191
 Davidson iteration 4.1 (tol=0.05296921351078022): -307.7565371570179 -304.6896811877902
 Davidson iteration 4.2 (tol=0.05297080120915132): -307.7565371586676 -305.0458200235782 -304.6810883120519
 Davidson iteration 4.3 (tol=0.05297064664900882): -307.7565371864753 -305.3495111222056 -304.681209932842 -304.3589594960766
 Davidson iteration 4.4 (tol=0.05297112164637238): -307.7565371915521 -305.8789031335394 -304.6829594776633 -304.4612480826038
 Davidson iteration 4.5 (tol=0.05296869451592356): -307.7565372191672 -306.5925454761442 -304.8551421264045 -304.6781535246844
 Davidson iteration 4.6 (tol=0.05296595790608677): -307.7565373272314 -307.1014904862708 -305.4670042211117 -304.6816553940411
 Davidson iteration 4.7 (tol=0.05296641580082046): -307.7565373599327 -307.3550393424655 -305.8571307245215 -304.6837838099053
 Davidson iteration 4.8 (tol=0.0529703846866505): -307.7565374249534 -307.4550956854585 -306.3379408276065 -304.8190315596108
 Davidson iteration 4.9 (tol=0.05297044175312066): -307.756537425319 -307.4953116384016 -306.6741790539908 -305.2246453681985
 Davidson iteration 4.10 (tol=0.05297087444627632): -307.7565374312459 -307.5089878475699 -306.7860747039225 -305.5218621033559
 Davidson iteration 4.11 (tol=0.0529726670074646): -307.756537443515 -307.5129230919924 -306.877102981946 -305.7781583995201
 Davidson iteration 4.12 (tol=0.0529727026706058): -307.7565374476978 -307.5138055306256 -306.9168102374495 -306.0560314837187
 Davidson iteration 4.13 (tol=0.0529728770708187): -307.7565374546348 -307.5142197956541 -306.9362758329593 -306.3250373086054
 Davidson iteration 4.14 (tol=0.05297392532427302): -307.7565374814932 -307.514400992613 -306.9548915071778 -306.530315529093
 Davidson iteration 4.15 (tol=0.05297377562372628): -307.7565374867484 -307.5144389427573 -306.9745102902502 -306.726695816289
 Davidson iteration 4.16 (tol=0.05297432880999681): -307.7565375050831 -307.5144709781071 -306.9958497043818 -306.8283793712098
 Davidson iteration 4.17 (tol=0.05297425246271253): -307.7565375055198 -307.5145112443772 -307.0171439872257 -306.8810456597525
 Davidson iteration 4.18 (tol=0.05297585480942532): -307.7565375325334 -307.5145225885336 -307.0424506100335 -306.9182096716248
 Davidson iteration 4.19 (tol=0.0529812641136165): -307.7565377748839 -307.5145230136597 -307.0764521306364 -306.9457376497879
 Davidson iteration 5.0 (tol=0.05298126411615361): -307.7565375957833
 Davidson iteration 5.1 (tol=0.05297758206820073): -307.7565375957873 -304.6915186012625
 Davidson iteration 5.2 (tol=0.05297719928160678): -307.7565375958925 -305.0247339497583 -304.6797696518215
 Davidson iteration 5.3 (tol=0.05297721542113968): -307.7565375958964 -305.2752238737224 -304.6798068562621 -304.3951026819383
 Davidson iteration 5.4 (tol=0.05297731635614336): -307.7565375960625 -305.701414662516 -304.6825697323226 -304.5473890505882
 Davidson iteration 5.5 (tol=0.05297685946775216): -307.7565375965968 -306.1417593950322 -304.6855630603666 -304.6404677540453
 Davidson iteration 5.6 (tol=0.05297612922123685): -307.7565375978616 -306.4350142521262 -304.9385432490304 -304.6838723552437
 Davidson iteration 5.7 (tol=0.0529760913350302): -307.7565375998733 -306.7101093942633 -305.2810346812996 -304.7406411404033
 Davidson iteration 5.8 (tol=0.05297630360267906): -307.7565376028759 -306.8036605263648 -305.6115532603778 -304.8345622160205
 Davidson iteration 5.9 (tol=0.05297723861480174): -307.7565376092479 -306.8714444025698 -305.9880268256486 -304.899993438756
 Davidson iteration 5.10 (tol=0.05297734034718889): -307.7565376111237 -306.9431193847374 -306.3270557837698 -305.2064757407725
 Davidson iteration 5.11 (tol=0.05297705978323536): -307.7565376188329 -307.048718272262 -306.6584591330722 -305.5582238349398
 Davidson iteration 5.12 (tol=0.05297698424624241): -307.7565376194549 -307.1857289733077 -306.8036884237316 -305.8824351630729
 Davidson iteration 5.13 (tol=0.05297698636865654): -307.7565376194558 -307.3015385312066 -306.8789673537892 -306.2554535639348
 Davidson iteration 5.14 (tol=0.05297704465546102): -307.7565376205214 -307.4030890081312 -306.9507297078887 -306.5420198178016
 Davidson iteration 5.15 (tol=0.05297695238693897): -307.7565376242732 -307.4730887382026 -307.0225050814058 -306.722628944228
 Davidson iteration 5.16 (tol=0.05297696045061252): -307.7565376243206 -307.5018430121396 -307.0773864967578 -306.7947878158351
 Davidson iteration 5.17 (tol=0.05297721756979484): -307.7565376265101 -307.5106271246418 -307.097439936658 -306.827283988956
 Davidson iteration 5.18 (tol=0.05297810268880964): -307.7565376343907 -307.5129418073876 -307.1113940205778 -306.857175028684
 Davidson iteration 5.19 (tol=0.05297839233021331): -307.7565376377719 -307.5136667915969 -307.1223314563545 -306.8757689387787
 Davidson iteration 6.0 (tol=0.0529783923297507): -307.7565376392359
 Davidson iteration 6.1 (tol=0.05297391335159667): -307.7565376392419 -304.6915213016204
 Davidson iteration 6.2 (tol=0.05297399041472004): -307.7565376392461 -305.0186095320479 -304.6793053608891
 Davidson iteration 6.3 (tol=0.05297396450714478): -307.7565376392562 -305.2636460967094 -304.6793472454301 -304.4284410977418
 Davidson iteration 6.4 (tol=0.05297395974139803): -307.7565376392567 -305.6799182999815 -304.6833101546857 -304.5910138743795
 Davidson iteration 6.5 (tol=0.0529740226092238): -307.7565376392663 -306.0983721804039 -304.6865468655025 -304.6476844318419
 Davidson iteration 6.6 (tol=0.05297387396097911): -307.7565376393113 -306.3759814562074 -304.8808981694525 -304.6854977233788
 Davidson iteration 6.7 (tol=0.05297388892051804): -307.7565376393307 -306.6528447725199 -305.234651814848 -304.7454191326767
 Davidson iteration 6.8 (tol=0.05297389297275164): -307.756537639349 -306.7556891600715 -305.5208980053796 -304.803175634266
 Davidson iteration 6.9 (tol=0.05297392291916251): -307.7565376393657 -306.8278980558118 -305.9177653718604 -304.9235814929024
 Davidson iteration 6.10 (tol=0.05297391427025705): -307.7565376393842 -306.9841895204929 -306.4107647788201 -305.2970819945197
 Davidson iteration 6.11 (tol=0.05297390292859747): -307.7565376393869 -307.2880105867234 -306.7253954617197 -305.6210920558352
 Davidson iteration 6.12 (tol=0.05297391658100205): -307.7565376394387 -307.4508622530703 -306.7959674783002 -305.8635529056933
 Davidson iteration 6.13 (tol=0.05297390545216106): -307.7565376394584 -307.494722714593 -306.8270663187756 -306.0536329606614
 Davidson iteration 6.14 (tol=0.05297389659452589): -307.7565376394685 -307.5084410139416 -306.8540295586225 -306.2272010422304
 Davidson iteration 6.15 (tol=0.05297388059680426): -307.756537639479 -307.5123501321684 -306.8756516244952 -306.4366717441392
 Davidson iteration 6.16 (tol=0.05297388103341212): -307.7565376394789 -307.5134495996485 -306.9011423719701 -306.5883736500085
 Davidson iteration 6.17 (tol=0.05297389518809173): -307.7565376402882 -307.5138652342653 -306.9219068743933 -306.6922259474167
 Davidson iteration 6.18 (tol=0.05297371320491086): -307.7565376445838 -307.5139557509901 -306.9401121911815 -306.7525710004819
 Davidson iteration 6.19 (tol=0.05297653772070447): -307.7565377167503 -307.5139812859912 -306.9572603427389 -306.7934018887149
 Davidson iteration 7.0 (tol=0.05297653769524133): -307.7565375208512
 Davidson iteration 7.1 (tol=0.05296526809010967): -307.7565375208892 -304.691643603255
 Davidson iteration 7.2 (tol=0.05296557771902721): -307.756537520957 -305.0062278366202 -304.6798657484405
 Davidson iteration 7.3 (tol=0.05296535868082253): -307.75653752171 -305.2590504642625 -304.6798769804902 -304.3693589190518
 Davidson iteration 7.4 (tol=0.05296542117137451): -307.7565375217733 -305.681260977596 -304.6830395935954 -304.5422033812197
 Davidson iteration 7.5 (tol=0.05296510972989797): -307.7565375220404 -306.1027970897155 -304.6853661363842 -304.6301700140396
 Davidson iteration 7.6 (tol=0.05296412328892666): -307.7565375243385 -306.3928512757823 -304.8986428097289 -304.6837004273024
 Davidson iteration 7.7 (tol=0.0529640871564338): -307.7565375245671 -306.6721235534728 -305.2568019575435 -304.6897877001607
 Davidson iteration 7.8 (tol=0.05296432284134031): -307.7565375284698 -306.8016879773571 -305.6155964023067 -304.69392128561
 Davidson iteration 7.9 (tol=0.05296446659109433): -307.7565375288873 -306.9236140060025 -306.1883381078392 -305.0347417776056
 Davidson iteration 7.10 (tol=0.05296478329642212): -307.7565375326629 -307.2004229417691 -306.5780084145712 -305.3725951742773
 Davidson iteration 7.11 (tol=0.05296460424878805): -307.7565375331204 -307.4191398080666 -306.751980185216 -305.6492615641617
 Davidson iteration 7.12 (tol=0.05296463504839692): -307.7565375334121 -307.4849021266997 -306.8056697245879 -305.8884285122774
 Davidson iteration 7.13 (tol=0.05296463107984671): -307.756537533694 -307.5028716104825 -306.8347404238634 -306.1133862078757
 Davidson iteration 7.14 (tol=0.05296483858134226): -307.7565375413913 -307.5098414128867 -306.8736225197702 -306.3759544487618
 Davidson iteration 7.15 (tol=0.05296466639910696): -307.7565375450967 -307.5125245160336 -306.9345072145725 -306.6648246501389
 Davidson iteration 7.16 (tol=0.05296478665646064): -307.7565375482897 -307.5135769641543 -307.0172563742149 -306.7646483309495
 Davidson iteration 7.17 (tol=0.05296475919694812): -307.7565375486777 -307.5139619212941 -307.081222922186 -306.8132523656556
 Davidson iteration 7.18 (tol=0.0529651965940035): -307.7565375604227 -307.5140347171267 -307.1086613861714 -306.8312848668396
 Davidson iteration 7.19 (tol=0.05296558128943871): -307.7565376071933 -307.5140465095099 -307.12251173221 -306.8474152508547
 Davidson iteration 8.0 (tol=0.05296558129196254): -307.7565376975541
 Davidson iteration 8.1 (tol=0.05296538137097): -307.7565376975541 -304.6923911232746
 Davidson iteration 8.2 (tol=0.05296538554834813): -307.7565376975541 -304.9990032412912 -304.6796707573642
 Davidson iteration 8.3 (tol=0.05296535799500389): -307.7565376975644 -305.2476340257175 -304.6796791705889 -304.3877681048896
 Davidson iteration 8.4 (tol=0.05296535290884245): -307.7565376975648 -305.6577439879836 -304.683212658221 -304.5576947587056
 Davidson iteration 8.5 (tol=0.05296527231683352): -307.7565376975822 -306.0571872405496 -304.6852025479549 -304.6307141472487
 Davidson iteration 8.6 (tol=0.05296496195066977): -307.7565376977865 -306.329536481072 -304.8732145131776 -304.6840756203941
 Davidson iteration 8.7 (tol=0.05296495169909348): -307.756537697812 -306.6019051648027 -305.2243625729469 -304.7079169118948
 Davidson iteration 8.8 (tol=0.05296498062686852): -307.7565376982391 -306.6985929522496 -305.4778725203622 -304.747156754722
 Davidson iteration 8.9 (tol=0.05296514144186043): -307.7565376985455 -306.7591809851266 -305.7822188273648 -304.8050175205672
 Davidson iteration 8.10 (tol=0.05296519008970485): -307.7565376987875 -306.8551968155853 -306.1829092811602 -305.1939662665604
 Davidson iteration 8.11 (tol=0.0529650560319928): -307.7565376992125 -307.1043671684783 -306.6446017176114 -305.5796773999617
 Davidson iteration 8.12 (tol=0.05296502777958789): -307.7565376992842 -307.3793972056859 -306.7458786581977 -305.8226781997385
 Davidson iteration 8.13 (tol=0.05296503131690697): -307.7565376993003 -307.4694665765988 -306.7824782941908 -306.008589739453
 Davidson iteration 8.14 (tol=0.05296503012363208): -307.7565376993015 -307.4987297844844 -306.8141209519632 -306.1924286666851
 Davidson iteration 8.15 (tol=0.05296510430936478): -307.7565376999919 -307.5083146159046 -306.8434180964544 -306.444097834144
 Davidson iteration 8.16 (tol=0.05296495495173104): -307.7565377092131 -307.5118963886837 -306.901392133233 -306.6437680323644
 Davidson iteration 8.17 (tol=0.05296415851193182): -307.7565377797571 -307.5133905336903 -306.9980981177767 -306.7588342456178
 Davidson iteration 8.18 (tol=0.05296117434805795): -307.7565380797373 -307.5138575000793 -307.0707306427576 -306.7965518987628
 Davidson iteration 8.19 (tol=0.0529405697849732): -307.7565396608832 -307.5139655926046 -307.1073148008355 -306.8138151424475
 Davidson iteration 9.0 (tol=0.05294056942453804): -307.7565372408441
 Davidson iteration 9.1 (tol=0.05292262923994172): -307.7565372409405 -304.691441142382
 Davidson iteration 9.2 (tol=0.05292657057045703): -307.7565372510073 -304.8976859246759 -304.6836643690937
 Davidson iteration 9.3 (tol=0.05292848520517277): -307.7565373693659 -305.2914532567617 -304.6840775970401 -303.9463500981466
 Davidson iteration 9.4 (tol=0.0529303912073156): -307.7565373931932 -305.8171102426054 -304.6892284296726 -304.5077637000829
 Davidson iteration 9.5 (tol=0.05292783283512198): -307.7565374539496 -306.4153867634725 -304.8397042144719 -304.6769488690283
 Davidson iteration 9.6 (tol=0.05293084856198006): -307.7565378193453 -306.7987386466521 -305.2077054157961 -304.6818461017698
 Davidson iteration 9.7 (tol=0.05292991916424212): -307.7565378608828 -307.0313386101696 -305.6147883882838 -304.6820059995835
 Davidson iteration 9.8 (tol=0.0529398535399098): -307.756538016115 -307.173158503324 -306.0985981163574 -304.7674692748039
 Davidson iteration 9.9 (tol=0.05293977567641889): -307.7565380229994 -307.2636525780503 -306.5922297487143 -305.2332414389151
 Davidson iteration 9.10 (tol=0.05293974602625315): -307.7565380233964 -307.3686332479072 -306.8799704361671 -305.7408161965212
 Davidson iteration 9.11 (tol=0.05294216109295502): -307.7565380422548 -307.4558095144136 -307.0400476485214 -306.0516846266426
 Davidson iteration 9.12 (tol=0.05294207354466211): -307.756538053527 -307.4987924858189 -307.1040724014443 -306.2768590919039
 Davidson iteration 9.13 (tol=0.05294142497483966): -307.7565380589074 -307.5103169971264 -307.122147794671 -306.4214053988551
 Davidson iteration 9.14 (tol=0.05294182666055239): -307.7565380664013 -307.5132836930376 -307.13280355378 -306.485383301194
 Davidson iteration 9.15 (tol=0.05294221577053704): -307.7565380714853 -307.5141958497405 -307.1380712608299 -306.5646144803146
 Davidson iteration 9.16 (tol=0.05294472390225691): -307.7565380920524 -307.5143742915485 -307.1384912433924 -306.6074664755949
 Davidson iteration 9.17 (tol=0.05294441639626889): -307.7565380983345 -307.5143859554881 -307.1399175917052 -306.6469420715985
 Davidson iteration 9.18 (tol=0.05295097758800394): -307.7565382163995 -307.5143918330292 -307.1408676696088 -306.6928875603103
 Davidson iteration 9.19 (tol=0.05296562530267462): -307.7565387872447 -307.5144025032055 -307.1408936179077 -306.7166231001731
 Davidson iteration 10.0 (tol=0.05296562529481959): -307.7565376994277
 Davidson iteration 10.1 (tol=0.05296622197610826): -307.7565376994278 -304.6928810848603
 Davidson iteration 10.2 (tol=0.05296626853495982): -307.7565376994293 -304.9783699547781 -304.6797013852061
 Davidson iteration 10.3 (tol=0.052966126165579): -307.7565377000217 -305.243344146267 -304.6799038505853 -304.3035239570824
 Davidson iteration 10.4 (tol=0.05296605647752686): -307.7565377000979 -305.6319610285356 -304.6814253824837 -304.4394763978049
 Davidson iteration 10.5 (tol=0.05296640808112917): -307.7565377003733 -306.0074602078413 -304.6815795004427 -304.5563937678448
 Davidson iteration 10.6 (tol=0.05296596964985645): -307.7565377008431 -306.2884217944838 -304.8329122852475 -304.6815793736483
 Davidson iteration 10.7 (tol=0.05296615914123843): -307.7565377023847 -306.5496264795253 -305.1826415762586 -304.6830918903969
 Davidson iteration 10.8 (tol=0.05296616007164771): -307.7565377023935 -306.6566004210536 -305.4720787633977 -304.6838176501277
 Davidson iteration 10.9 (tol=0.05296589167741468): -307.7565377038889 -306.7328980871448 -305.7990737905934 -304.7473827248054
 Davidson iteration 10.10 (tol=0.0529658765132356): -307.7565377039073 -306.8457435711163 -306.1880537216434 -305.1764355796709
 Davidson iteration 10.11 (tol=0.0529666012143073): -307.7565377074483 -307.072941509236 -306.5818710440631 -305.5477915937115
 Davidson iteration 10.12 (tol=0.05296662393009741): -307.7565377077348 -307.3423538763776 -306.7089405405325 -305.8284292145164
 Davidson iteration 10.13 (tol=0.05296663106401683): -307.7565377077404 -307.44889245619 -306.7551026936747 -306.0432265817906
 Davidson iteration 10.14 (tol=0.05296682605532581): -307.7565377115318 -307.487940933298 -306.8113414576222 -306.2521316174701
 Davidson iteration 10.15 (tol=0.05296712859177782): -307.756537712754 -307.5038600099482 -306.8580289371589 -306.50114892906
 Davidson iteration 10.16 (tol=0.05297178552740991): -307.7565377730542 -307.5105503552879 -306.9519356500535 -306.6554157505683
 Davidson iteration 10.17 (tol=0.0529744995979878): -307.7565378320598 -307.5130677310966 -307.0186947097669 -306.7313356179433
 Davidson iteration 10.18 (tol=0.05301421444519207): -307.7565385188959 -307.5138282327659 -307.060116559317 -306.7686116550616
 Davidson iteration 10.19 (tol=0.05322815113198795): -307.7565425150436 -307.5139992015702 -307.0829798347082 -306.790249177297
 Davidson iteration 11.0 (tol=0.05322814915751245): -307.7565312815107
 Davidson iteration 11.1 (tol=0.0528445598436364): -307.756531325555 -304.6895395038719
 Davidson iteration 11.2 (tol=0.05285414702323431): -307.7565313698482 -304.9595834852108 -304.6869762543903
 Davidson iteration 11.3 (tol=0.05286736362214218): -307.7565317844347 -305.350226565973 -304.6875744563296 -303.964599878233
 Davidson iteration 11.4 (tol=0.05287359657087978): -307.7565319529359 -305.9583893102101 -304.6919649629641 -304.4749289732758
 Davidson iteration 11.5 (tol=0.05287073441656697): -307.7565321048477 -306.570066242481 -304.8674924911513 -304.6770146928107
 Davidson iteration 11.6 (tol=0.05288028706946345): -307.7565328271676 -306.9449317112445 -305.3415549798063 -304.684845366906
 Davidson iteration 11.7 (tol=0.05287782710043308): -307.7565328902315 -307.144899636071 -305.7881546626283 -304.6856701381664
 Davidson iteration 11.8 (tol=0.05288249016720614): -307.7565329513262 -307.2792245146559 -306.3507602831085 -304.9232671996367
 Davidson iteration 11.9 (tol=0.05288411054018217): -307.7565329634464 -307.3973400743563 -306.8006858785147 -305.3597915229576
 Davidson iteration 11.10 (tol=0.05288391863603557): -307.7565329642969 -307.4658182715268 -306.9218221607732 -305.7540721014892
 Davidson iteration 11.11 (tol=0.05288997880278177): -307.7565330340425 -307.4965339364495 -307.0035637767092 -306.0810052226283
 Davidson iteration 11.12 (tol=0.05288997396096198): -307.7565330347446 -307.5076692654847 -307.0451115025671 -306.4373617668624
 Davidson iteration 11.13 (tol=0.05289056659544562): -307.7565330568165 -307.5123709218974 -307.0734595563875 -306.6791622390585
 Davidson iteration 11.14 (tol=0.05289300646173917): -307.7565331010083 -307.5137850658912 -307.0892457780057 -306.7592711446754
 Davidson iteration 11.15 (tol=0.0528948917531018): -307.7565331195636 -307.5140066155805 -307.0948443359839 -306.8180503974584
 Davidson iteration 11.16 (tol=0.05290115601352431): -307.7565332809339 -307.5140477116908 -307.0972551334996 -306.8297106650164
 Davidson iteration 11.17 (tol=0.05290041232440146): -307.756533288721 -307.5140811494867 -307.0978621641079 -306.8418538851197
 Davidson iteration 11.18 (tol=0.05290710651393354): -307.7565334506458 -307.5140891767843 -307.0981155364222 -306.851536413221
 Davidson iteration 11.19 (tol=0.0529128534969738): -307.7565338852085 -307.5140895123553 -307.0986260769353 -306.8611945946318
 Davidson iteration 12.0 (tol=0.05291285339547036): -307.7565371555308
 Davidson iteration 12.1 (tol=0.05288216523894338): -307.756537155813 -304.6947134757409
 Davidson iteration 12.2 (tol=0.05288247064800059): -307.7565371558921 -304.9400365032644 -304.6838320030099
 Davidson iteration 12.3 (tol=0.05288186795657202): -307.7565371598775 -305.2044467277183 -304.6839482429192 -304.2125984013899
 Davidson iteration 12.4 (tol=0.05288229231083709): -307.7565371617579 -305.6138843859399 -304.6877635743648 -304.4745326049375
 Davidson iteration 12.5 (tol=0.05288193378485418): -307.7565371624792 -306.0565468017595 -304.7019575274395 -304.6488216823054
 Davidson iteration 12.6 (tol=0.05287947386460264): -307.7565371874279 -306.375072379906 -304.969856641507 -304.6860844089962
 Davidson iteration 12.7 (tol=0.05288046009373881): -307.7565372138975 -306.6545128807012 -305.2593591900926 -304.6869047058384
 Davidson iteration 12.8 (tol=0.05288119191530245): -307.7565372251221 -306.755981995261 -305.5215844240055 -304.6873940346026
 Davidson iteration 12.9 (tol=0.05288437984783807): -307.7565372634941 -306.8026464376804 -305.8288863420287 -304.8345309788382
 Davidson iteration 12.10 (tol=0.05288803602437059): -307.7565373245315 -306.881721293335 -306.2051829758413 -305.2141389372029
 Davidson iteration 12.11 (tol=0.05288790465882817): -307.7565373404732 -307.1398455633441 -306.7149707544752 -305.6004590256433
 Davidson iteration 12.12 (tol=0.05288782502830749): -307.75653737583 -307.3817282866509 -306.7869435368148 -305.8157268931591
 Davidson iteration 12.13 (tol=0.05289036684852751): -307.7565374022034 -307.454599352105 -306.8192756735809 -306.0660850130436
 Davidson iteration 12.14 (tol=0.05289302568252442): -307.7565374699822 -307.4872107453678 -306.8586529026359 -306.4031915877872
 Davidson iteration 12.15 (tol=0.05289469574932015): -307.756537527821 -307.5035020870803 -306.9417601730844 -306.6917456886961
 Davidson iteration 12.16 (tol=0.05289449437724082): -307.7565375606448 -307.5105169339918 -307.0786827416629 -306.7643671246905
 Davidson iteration 12.17 (tol=0.05289474461791964): -307.756537561733 -307.5130269837619 -307.1239478335709 -306.7877775774712
 Davidson iteration 12.18 (tol=0.05289851160959372): -307.7565376365351 -307.513591146971 -307.1460845159194 -306.7976059745069
 Davidson iteration 12.19 (tol=0.05291567701293881): -307.7565380959187 -307.5137384800036 -307.1592338486362 -306.8086364658397
 Davidson iteration 13.0 (tol=0.05291567701391479): -307.7565380446933
 Davidson iteration 13.1 (tol=0.05293261359508779): -307.7565380447792 -304.6918539565995
 Davidson iteration 13.2 (tol=0.05293393404319992): -307.756538046227 -304.9398745856276 -304.6806567437788
 Davidson iteration 13.3 (tol=0.05293320247841899): -307.7565380549607 -305.2366780805463 -304.6807780726555 -304.2035550773549
 Davidson iteration 13.4 (tol=0.05293304355423547): -307.7565380569912 -305.619958462989 -304.6817097109347 -304.4261501551155
 Davidson iteration 13.5 (tol=0.0529338639622511): -307.7565380592039 -306.037420699857 -304.6818526226541 -304.5493571559686
 Davidson iteration 13.6 (tol=0.05293196580447239): -307.7565380710462 -306.333356407755 -304.8435440538316 -304.6818395297083
 Davidson iteration 13.7 (tol=0.05293324706406352): -307.7565380808661 -306.6020154911349 -305.1942809876756 -304.6822614147592
 Davidson iteration 13.8 (tol=0.05293388331486575): -307.7565380838461 -306.7624532360456 -305.5441417374688 -304.6824164736428
 Davidson iteration 13.9 (tol=0.05293391040044324): -307.7565380842252 -306.8291594814149 -305.9114410933498 -304.8811360518289
 Davidson iteration 13.10 (tol=0.05293395197882465): -307.756538084313 -306.9587254288974 -306.3035264156326 -305.2418489047068
 Davidson iteration 13.11 (tol=0.05293431267676277): -307.7565380863361 -307.1598850324061 -306.644801518761 -305.5993723989011
 Davidson iteration 13.12 (tol=0.05293443572082957): -307.7565380866879 -307.3225215426756 -306.7834677582618 -305.8596041821924
 Davidson iteration 13.13 (tol=0.05293447473551528): -307.7565380867347 -307.42491729561 -306.8456923159653 -306.1685074924982
 Davidson iteration 13.14 (tol=0.05293445970670054): -307.7565380896605 -307.4793293211354 -306.9354221057366 -306.4416438711099
 Davidson iteration 13.15 (tol=0.05293530136468138): -307.7565381018545 -307.5017334479673 -307.0250287128242 -306.6275396088548
 Davidson iteration 13.16 (tol=0.05293530047465753): -307.7565381018546 -307.5100624788384 -307.0742887915529 -306.6987714774563
 Davidson iteration 13.17 (tol=0.05293527735334517): -307.7565381030432 -307.512863317365 -307.1030370968132 -306.7356293378873
 Davidson iteration 13.18 (tol=0.05293535504536197): -307.756538105121 -307.5136721560158 -307.1233634084359 -306.7826385402412
 Davidson iteration 13.19 (tol=0.05293581192595156): -307.7565381148111 -307.5138965807819 -307.1332846065621 -306.822977432839
 Davidson iteration 14.0 (tol=0.05293581192363324): -307.756537732126
 Davidson iteration 14.1 (tol=0.05293792551764594): -307.7565377321274 -304.6926073174401
 Davidson iteration 14.2 (tol=0.05293781622506573): -307.7565377321379 -304.9661847161753 -304.6807604216977
 Davidson iteration 14.3 (tol=0.05293789703447212): -307.7565377321837 -305.2503808779725 -304.680894495257 -304.3022374588529
 Davidson iteration 14.4 (tol=0.05293790278488846): -307.7565377321847 -305.6252174886691 -304.6817392634111 -304.478220410967
 Davidson iteration 14.5 (tol=0.05293776575549656): -307.7565377322532 -306.0674860206935 -304.6819822936109 -304.5937195773575
 Davidson iteration 14.6 (tol=0.052938399103365): -307.7565377328683 -306.3704968457757 -304.9397165766133 -304.6819014618553
 Davidson iteration 14.7 (tol=0.05293839014268438): -307.7565377330912 -306.6698478432148 -305.2664417427692 -304.7082716209763
 Davidson iteration 14.8 (tol=0.05293837496228988): -307.7565377331161 -306.812902520901 -305.6302851361984 -304.7493841197098
 Davidson iteration 14.9 (tol=0.05293827690408684): -307.7565377340304 -306.9052594915456 -306.0418711375413 -304.9720282216012
 Davidson iteration 14.10 (tol=0.05293837810495075): -307.7565377348666 -307.0460485393092 -306.4031435647412 -305.3075314022363
 Davidson iteration 14.11 (tol=0.05293842389887789): -307.7565377349103 -307.2406677700928 -306.7104268609141 -305.6611523614397
 Davidson iteration 14.12 (tol=0.05293847966271249): -307.756537735197 -307.3777350519374 -306.8398023738366 -305.9604808110171
 Davidson iteration 14.13 (tol=0.05293869085629721): -307.7565377365174 -307.4500780290581 -306.9048536787803 -306.2579700588326
 Davidson iteration 14.14 (tol=0.05293867999964404): -307.7565377366565 -307.4906774494162 -306.9926078419339 -306.5067910000907
 Davidson iteration 14.15 (tol=0.05293867996623042): -307.756537737215 -307.5068581904071 -307.0678926903511 -306.6607372350619
 Davidson iteration 14.16 (tol=0.05293876982895871): -307.7565377380683 -307.5118515903175 -307.0987059727314 -306.7268579967759
 Davidson iteration 14.17 (tol=0.05293890778519843): -307.7565377401052 -307.5133953921416 -307.1193470316124 -306.7646336043467
 Davidson iteration 14.18 (tol=0.05293859596793614): -307.756537752685 -307.5138344259753 -307.1329134137889 -306.8093783244832
 Davidson iteration 14.19 (tol=0.05293813848946163): -307.756537753682 -307.5139596514331 -307.1385900227238 -306.859162981638
 Davidson iteration 15.0 (tol=0.05293813848636051): -307.7565376814543
 Davidson iteration 15.1 (tol=0.05293742119784935): -307.7565376814544 -304.6924708143879
 Davidson iteration 15.2 (tol=0.05293733032505726): -307.7565376814616 -304.980730396613 -304.6808072746709
 Davidson iteration 15.3 (tol=0.05293732176021894): -307.7565376814622 -305.2548724461526 -304.6808457428744 -304.3439926933743
 Davidson iteration 15.4 (tol=0.05293732324754483): -307.7565376814623 -305.6324826606069 -304.681832387323 -304.5119850999592
 Davidson iteration 15.5 (tol=0.0529372324706097): -307.7565376814926 -306.0815855052469 -304.6823640649655 -304.6102607957181
 Davidson iteration 15.6 (tol=0.05293712201603416): -307.7565376815131 -306.3810818429088 -304.9422949078138 -304.6823125526192
 Davidson iteration 15.7 (tol=0.05293713830215033): -307.7565376815454 -306.6879279010084 -305.2720202537434 -304.7494016709272
 Davidson iteration 15.8 (tol=0.05293715255871601): -307.7565376815615 -306.8315032347746 -305.6556872749098 -304.8144814231367
 Davidson iteration 15.9 (tol=0.05293715673970908): -307.7565376815622 -306.9469410843094 -306.1422791814341 -305.0228834748673
 Davidson iteration 15.10 (tol=0.05293715529178883): -307.7565376816567 -307.1498551100029 -306.5378753174685 -305.3786568943065
 Davidson iteration 15.11 (tol=0.05293711406252836): -307.756537681724 -307.3699560646875 -306.7606490148694 -305.6826363123437
 Davidson iteration 15.12 (tol=0.0529370739295504): -307.7565376820447 -307.4603860117777 -306.8476326804519 -305.9475920845101
 Davidson iteration 15.13 (tol=0.05293710475016124): -307.7565376820965 -307.4930748581512 -306.8917753869538 -306.2049682403592
 Davidson iteration 15.14 (tol=0.05293730988147564): -307.7565376842969 -307.507039311235 -306.9517129350508 -306.4536064786892
 Davidson iteration 15.15 (tol=0.05293747881116585): -307.7565376902365 -307.5117684526202 -307.0151790788823 -306.6365163851847
 Davidson iteration 15.16 (tol=0.05293806916001749): -307.756537704928 -307.5133218395543 -307.0499679083907 -306.714460462329
 Davidson iteration 15.17 (tol=0.05294157813660252): -307.7565378500334 -307.513861016529 -307.0758861486091 -306.7622284068318
 Davidson iteration 15.18 (tol=0.05296013657749159): -307.7565385741225 -307.5139864219955 -307.0942523769201 -306.8088384332391
 Davidson iteration 15.19 (tol=0.05304432552339572): -307.7565425899951 -307.5140157361358 -307.1056848535404 -306.8551119854778
 Davidson iteration 16.0 (tol=0.05304432407858825): -307.7565340486084
 Davidson iteration 16.1 (tol=0.05283110729536531): -307.7565340621999 -304.6893644452793
 Davidson iteration 16.2 (tol=0.0528438141862744): -307.7565341531258 -304.6913098651387 -304.6549795855221
 Davidson iteration 16.3 (tol=0.0528673380606975): -307.7565347857368 -305.3139575057319 -304.6908704418386 -302.9956570315669
 Davidson iteration 16.4 (tol=0.05287388666886716): -307.7565349844044 -306.0069890408179 -304.7006610558665 -304.537186037586
 Davidson iteration 16.5 (tol=0.05287121970366544): -307.7565351667298 -306.6185739747498 -304.9293677222802 -304.678754828971
 Davidson iteration 16.6 (tol=0.05290008666544069): -307.7565363798169 -306.9005376831041 -305.2025523979821 -304.6840808121345
 Davidson iteration 16.7 (tol=0.05289499085980019): -307.7565364623425 -307.0405333093777 -305.5866173279867 -304.6849229790458
 Davidson iteration 16.8 (tol=0.05290354653913996): -307.7565365525231 -307.1221794317314 -306.0287709350317 -304.7384498676106
 Davidson iteration 16.9 (tol=0.05290367509486047): -307.7565365946476 -307.1771627598508 -306.5331218022115 -305.188957309793
 Davidson iteration 16.10 (tol=0.05290467075730982): -307.7565366045091 -307.2747655075937 -306.8904065058503 -305.6821009813003
 Davidson iteration 16.11 (tol=0.05291000040952817): -307.7565366781763 -307.4002336596882 -307.03908022877 -306.0260068863423
 Davidson iteration 16.12 (tol=0.05291020778331833): -307.7565366786835 -307.4795773906892 -307.0990240611035 -306.2982581303377
 Davidson iteration 16.13 (tol=0.0529094472154555): -307.756536690432 -307.5052279125763 -307.1204958493618 -306.4653767228773
 Davidson iteration 16.14 (tol=0.05291116503177049): -307.7565367131649 -307.5114855765416 -307.1312514856649 -306.5492367069548
 Davidson iteration 16.15 (tol=0.05291602463994298): -307.756536806802 -307.5133778791686 -307.1392714963861 -306.6392194278072
 Davidson iteration 16.16 (tol=0.05291484218174744): -307.7565368183965 -307.5140194650419 -307.1438766815037 -306.7165131557544
 Davidson iteration 16.17 (tol=0.05291672585538718): -307.7565369469003 -307.5141311119839 -307.1482670446156 -306.7981978420227
 Davidson iteration 16.18 (tol=0.0529194271001055): -307.7565370064642 -307.5141833977843 -307.1565580126489 -306.903648596378
 Davidson iteration 16.19 (tol=0.05292812411608359): -307.7565373896115 -307.514223015733 -307.1627863499105 -306.9767782707391
 Davidson iteration 17.0 (tol=0.0529281241155853): -307.7565371974468
 Davidson iteration 17.1 (tol=0.05290916179234683): -307.7565371975546 -304.6958896777855
 Davidson iteration 17.2 (tol=0.05290759141178184): -307.7565371998707 -304.8732747572853 -304.6803547843921
 Davidson iteration 17.3 (tol=0.05290752058463458): -307.7565371999038 -305.1980416007539 -304.6833141885517 -303.9287033009386
 Davidson iteration 17.4 (tol=0.05290761030495837): -307.7565371999661 -305.5296603602782 -304.6846956936474 -304.369517631473
 Davidson iteration 17.5 (tol=0.05290638166019118): -307.7565372065562 -305.8688308483979 -304.6848000807598 -304.5161767865329
 Davidson iteration 17.6 (tol=0.05290641313535631): -307.7565372065583 -306.1686606742707 -304.8552972093142 -304.6844953903964
 Davidson iteration 17.7 (tol=0.05290639702640922): -307.7565372065868 -306.4075293958814 -305.2049621846968 -304.6846490850111
 Davidson iteration 17.8 (tol=0.05290674412003871): -307.7565372101673 -306.6467239084036 -305.6368859719615 -304.6849587081233
 Davidson iteration 17.9 (tol=0.05290667667882806): -307.7565372252081 -306.8464426833319 -305.9808343980255 -304.7995749017867
 Davidson iteration 17.10 (tol=0.05290667819552245): -307.7565372252114 -306.9687024140696 -306.1652141234314 -305.1222580777784
 Davidson iteration 17.11 (tol=0.05290666362630458): -307.7565372252172 -307.0457894822414 -306.3197686704875 -305.4603333119456
 Davidson iteration 17.12 (tol=0.05290759760899912): -307.7565372380305 -307.1136434750554 -306.5272276163562 -305.8522335469241
 Davidson iteration 17.13 (tol=0.05290908260177459): -307.7565372540691 -307.2309612830312 -306.8368825243636 -306.1727422249897
 Davidson iteration 17.14 (tol=0.05290903041616201): -307.7565372551663 -307.3911740437237 -306.987587247286 -306.3041117629633
 Davidson iteration 17.15 (tol=0.05290906253542992): -307.7565372555595 -307.4748982965856 -307.0357196844673 -306.4108898704509
 Davidson iteration 17.16 (tol=0.05290890380057176): -307.7565372589326 -307.5034834036844 -307.0564000073638 -306.496172881941
 Davidson iteration 17.17 (tol=0.05291116032403312): -307.7565372833151 -307.5115913616578 -307.0658084358691 -306.5566942658356
 Davidson iteration 17.18 (tol=0.05291062849511047): -307.7565373702238 -307.5133400996862 -307.069768492547 -306.6146417234977
 Davidson iteration 17.19 (tol=0.0529098649209383): -307.7565373940222 -307.5137394472203 -307.0716631790357 -306.6545052578408
 Davidson iteration 18.0 (tol=0.05290986492257495): -307.7565374729766
 Davidson iteration 18.1 (tol=0.05289691028774858): -307.7565374730269 -304.6963602710615
 Davidson iteration 18.2 (tol=0.05289681481229965): -307.7565374730341 -304.872432502645 -304.6799266945735
 Davidson iteration 18.3 (tol=0.05289677718281146): -307.7565374730453 -305.1863685677841 -304.68312413363 -303.9602457427056
 Davidson iteration 18.4 (tol=0.05289693934852535): -307.7565374732026 -305.5225983447915 -304.6853945648165 -304.4066863578075
 Davidson iteration 18.5 (tol=0.052896489035804): -307.7565374739756 -305.8648379521653 -304.6861457282491 -304.5499975653144
 Davidson iteration 18.6 (tol=0.05289561356090296): -307.7565374765421 -306.2183434399071 -304.9415839581265 -304.6841863590644
 Davidson iteration 18.7 (tol=0.05289582974052964): -307.7565374825989 -306.5044883344326 -305.2984814195159 -304.684497413246
 Davidson iteration 18.8 (tol=0.05289623246795814): -307.756537487992 -306.7310369476473 -305.676305378636 -304.684780893088
 Davidson iteration 18.9 (tol=0.05289730124131369): -307.7565374960551 -306.9522134554588 -306.0491505486752 -304.9000496276053
 Davidson iteration 18.10 (tol=0.05289727932431049): -307.7565374985403 -307.1446042285325 -306.3479686115483 -305.3812693030816
 Davidson iteration 18.11 (tol=0.05289738201119108): -307.756537498648 -307.3110700975971 -306.6071046528356 -305.7411613212898
 Davidson iteration 18.12 (tol=0.05289743375097024): -307.7565374988768 -307.4254413210209 -306.7834668147476 -306.0142409667444
 Davidson iteration 18.13 (tol=0.05289742063312845): -307.7565375043945 -307.4818570605882 -306.9062313808145 -306.2123593219368
 Davidson iteration 18.14 (tol=0.05289738134706105): -307.7565375055703 -307.5042049907909 -306.9805646447827 -306.3487031244973
 Davidson iteration 18.15 (tol=0.05289748290260146): -307.7565375060735 -307.5109703850193 -307.024633852645 -306.483780087853
 Davidson iteration 18.16 (tol=0.0528975519340375): -307.7565375063796 -307.5130377751788 -307.0516775549701 -306.5696756134448
 Davidson iteration 18.17 (tol=0.05289781126587192): -307.7565375122837 -307.5137907335069 -307.0663590833457 -306.6386496907976
 Davidson iteration 18.18 (tol=0.05289875728641916): -307.7565375181759 -307.5139515360794 -307.0738626073741 -306.7063338386016
 Davidson iteration 18.19 (tol=0.05289886822806922): -307.7565375183505 -307.5139758726039 -307.0795766486432 -306.7656297620296
 Davidson iteration 19.0 (tol=0.05289886822799583): -307.7565376822669
 Davidson iteration 19.1 (tol=0.05289733912308208): -307.7565376822676 -304.6961171562833
 Davidson iteration 19.2 (tol=0.05289729576942775): -307.7565376822691 -304.8765742985757 -304.6795981583506
 Davidson iteration 19.3 (tol=0.05289732343850215): -307.7565376822751 -305.1835061716011 -304.6825918856883 -303.9882591925787
 Davidson iteration 19.4 (tol=0.05289727709790379): -307.7565376822908 -305.4963455148957 -304.684034097593 -304.3672219560567
 Davidson iteration 19.5 (tol=0.05289735269030648): -307.7565376823096 -305.8082274450782 -304.6841349037324 -304.4851959766563
 Davidson iteration 19.6 (tol=0.05289784293859741): -307.7565376828207 -306.0899611000004 -304.8095509869697 -304.6839410737762
 Davidson iteration 19.7 (tol=0.05289791583681541): -307.7565376832703 -306.3281735345757 -305.1427697831197 -304.6840155275619
 Davidson iteration 19.8 (tol=0.05289789487437495): -307.7565376842352 -306.5459915339205 -305.5511571887186 -304.6841733951577
 Davidson iteration 19.9 (tol=0.0528975449721747): -307.756537686964 -306.8272349600603 -305.9873494523193 -304.8376349558072
 Davidson iteration 19.10 (tol=0.05289753064892379): -307.7565376871091 -307.1170754105274 -306.2529872562151 -305.2642575269336
 Davidson iteration 19.11 (tol=0.05289758380495614): -307.7565376871831 -307.3228473528981 -306.4560735237388 -305.6159433556369
 Davidson iteration 19.12 (tol=0.05289753990644606): -307.7565376878491 -307.4352422927596 -306.6191098376739 -305.9074464941757
 Davidson iteration 19.13 (tol=0.0528979935127957): -307.7565376930031 -307.4845220456716 -306.7674876726883 -306.1386873578781
 Davidson iteration 19.14 (tol=0.05289795056457898): -307.7565376938568 -307.5042727130303 -306.8912816368986 -306.2815475778465
 Davidson iteration 19.15 (tol=0.0528981385837097): -307.7565376986744 -307.5108289667595 -306.9750247166139 -306.4194550552169
 Davidson iteration 19.16 (tol=0.05289775539928276): -307.7565377017532 -307.5130380040318 -307.0308440143513 -306.5067519807337
 Davidson iteration 19.17 (tol=0.05289682077627624): -307.7565377228569 -307.5138566599737 -307.061129412016 -306.5680242019797
 Davidson iteration 19.18 (tol=0.05290034659037257): -307.7565379705285 -307.5140253174064 -307.0744207732993 -306.622552122942
 Davidson iteration 19.19 (tol=0.05290227735418347): -307.7565400503042 -307.5140421044151 -307.0823038162104 -306.6529671232345
 Davidson iteration 20.0 (tol=0.05290227679790251): -307.7565367542043
 Davidson iteration 20.1 (tol=0.0528250303231242): -307.7565367559898 -304.6901426949225
 Davidson iteration 20.2 (tol=0.05283506932104454): -307.7565368108684 -304.7103104999458 -304.6780464151679
 Davidson iteration 20.3 (tol=0.05284347512389286): -307.7565370661104 -305.2570091225053 -304.6856354178218 -302.9900910549932
 Davidson iteration 20.4 (tol=0.05284479776483884): -307.7565370850094 -305.6701647330652 -304.6865939129891 -304.3755998063636
 Davidson iteration 20.5 (tol=0.05284731924642856): -307.7565370911398 -306.1527577377401 -304.7175548554409 -304.6751815486396
 Davidson iteration 20.6 (tol=0.05286182890486496): -307.7565375285428 -306.6226890751079 -305.0764428373461 -304.6850292825752
 Davidson iteration 20.7 (tol=0.05286398742874569): -307.7565375339245 -306.9115145466078 -305.5092383359528 -304.6853248034092
 Davidson iteration 20.8 (tol=0.05286948863402662): -307.7565375811772 -307.0875781274373 -305.9402125488172 -304.6855512543176
 Davidson iteration 20.9 (tol=0.05287037279953336): -307.7565375967865 -307.193761009975 -306.3358194795466 -305.0487232640421
 Davidson iteration 20.10 (tol=0.05287257868714153): -307.7565376181045 -307.3013688713974 -306.7357995856751 -305.5506699209773
 Davidson iteration 20.11 (tol=0.05287303568032773): -307.7565376236093 -307.4199798171192 -306.9635156705607 -305.9454008307372
 Davidson iteration 20.12 (tol=0.05287304054180016): -307.756537623611 -307.4894275337917 -307.0516451681881 -306.1395603647988
 Davidson iteration 20.13 (tol=0.05287275278563786): -307.7565376381561 -307.5070067702266 -307.0793286146509 -306.2572682323688
 Davidson iteration 20.14 (tol=0.0528764825166617): -307.7565376785934 -307.511499805633 -307.0896559245878 -306.3769770061598
 Davidson iteration 20.15 (tol=0.05287766888189294): -307.7565376848166 -307.5132263277924 -307.0947731852687 -306.4962824147933
 Davidson iteration 20.16 (tol=0.05287815282851233): -307.7565376864214 -307.5138592010149 -307.0988150784396 -306.6751772311276
 Davidson iteration 20.17 (tol=0.05287762857475371): -307.7565376926318 -307.5140183957456 -307.1017823593617 -306.8329603965785
 Davidson iteration 20.18 (tol=0.05289723964979488): -307.7565380970746 -307.5141004221948 -307.1038023926976 -306.9256836321734
 Davidson iteration 20.19 (tol=0.05289305263871848): -307.7565384285044 -307.5141758896505 -307.1067190789557 -306.9891860449176
 Davidson iteration 21.0 (tol=0.05289305262272548): -307.7565370713905
 Davidson iteration 21.1 (tol=0.05285993050860201): -307.7565370717194 -304.6952464234594
 Davidson iteration 21.2 (tol=0.05285978633487588): -307.7565370717359 -304.9412366879037 -304.6821142267578
 Davidson iteration 21.3 (tol=0.05285943903822676): -307.7565370741519 -305.2406588635821 -304.6833625228397 -304.2877118371123
 Davidson iteration 21.4 (tol=0.05285991476323312): -307.7565370768683 -305.5885771802079 -304.6837544614525 -304.3605705219047
 Davidson iteration 21.5 (tol=0.05285921956003473): -307.7565370793683 -306.0913481097779 -304.686435872855 -304.5935376801979
 Davidson iteration 21.6 (tol=0.05285646876809112): -307.756537113476 -306.5296313857622 -305.0918899274055 -304.6836404547856
 Davidson iteration 21.7 (tol=0.05285680589437323): -307.756537132952 -306.8451938680244 -305.4041082569197 -304.6837516935871
 Davidson iteration 21.8 (tol=0.05285727234657281): -307.7565371402637 -306.9839743209845 -305.7564520861065 -304.7014421918406
 Davidson iteration 21.9 (tol=0.05285884423467349): -307.756537155761 -307.0350620111132 -305.9931889614612 -304.7744342639068
 Davidson iteration 21.10 (tol=0.05285887113239893): -307.7565371558056 -307.0569664297764 -306.1461047906204 -305.1034535649495
 Davidson iteration 21.11 (tol=0.05285899448301294): -307.7565371561188 -307.0672551950893 -306.3391181634081 -305.4141397684475
 Davidson iteration 21.12 (tol=0.05285931087192995): -307.7565371652482 -307.074505629886 -306.6734607680434 -305.8780516630159
 Davidson iteration 21.13 (tol=0.05285912030603359): -307.7565371665976 -307.1085860604666 -306.9924334954447 -306.1216530762835
 Davidson iteration 21.14 (tol=0.05286095450564142): -307.756537191403 -307.2555728436348 -307.0572360187227 -306.2757024211037
 Davidson iteration 21.15 (tol=0.05286083483271737): -307.7565372004893 -307.3903097873431 -307.0668713011223 -306.5268752004884
 Davidson iteration 21.16 (tol=0.05286331906092663): -307.7565372250411 -307.4712600803081 -307.0709159021442 -306.7795835965017
 Davidson iteration 21.17 (tol=0.05286316988851032): -307.7565372260308 -307.5015893218852 -307.0739495643051 -306.8993592952131
 Davidson iteration 21.18 (tol=0.05286637584333251): -307.7565373366856 -307.5100191800998 -307.075977017351 -306.9533137782524
 Davidson iteration 21.19 (tol=0.05286653596689143): -307.7565375168684 -307.5123633793883 -307.0770543325905 -306.9794222290145
 Davidson iteration 22.0 (tol=0.05286653596406524): -307.7565375074157
 Davidson iteration 22.1 (tol=0.05285946655983995): -307.7565375074307 -304.6964664770491
 Davidson iteration 22.2 (tol=0.05285906760799595): -307.7565375075496 -304.9500127296297 -304.6827305529891
 Davidson iteration 22.3 (tol=0.05285895075281395): -307.7565375078997 -305.2313158899883 -304.6841926340476 -304.3717102892726
 Davidson iteration 22.4 (tol=0.05285911581737186): -307.7565375083834 -305.5472978945808 -304.6843236739897 -304.4428586203435
 Davidson iteration 22.5 (tol=0.05285837541609751): -307.756537511034 -306.0075774868172 -304.6851501377939 -304.517424448722
 Davidson iteration 22.6 (tol=0.05285657244162412): -307.7565375212469 -306.477772851345 -305.0647192713252 -304.6842658144605
 Davidson iteration 22.7 (tol=0.0528564584561108): -307.7565375269808 -306.8621921110252 -305.4084405967967 -304.705271629545
 Davidson iteration 22.8 (tol=0.05285677459749637): -307.7565375331101 -307.0797997451903 -305.8456358879735 -304.7282548159873
 Davidson iteration 22.9 (tol=0.05285722275839471): -307.7565375356078 -307.2171304006718 -306.2842864825132 -305.0695034286082
 Davidson iteration 22.10 (tol=0.05285730669038912): -307.7565375360027 -307.3453497605672 -306.68769014849 -305.5339146747633
 Davidson iteration 22.11 (tol=0.05285737339921743): -307.7565375360966 -307.4527409302319 -306.9179588964162 -305.7830985889747
 Davidson iteration 22.12 (tol=0.05285748449887744): -307.7565375365369 -307.4984194899282 -307.0064349073077 -306.0026303114628
 Davidson iteration 22.13 (tol=0.0528574322299458): -307.7565375372931 -307.5097527154517 -307.0330061105954 -306.1442193231086
 Davidson iteration 22.14 (tol=0.05285779082288154): -307.7565375410211 -307.5125982281957 -307.0443755204469 -306.3341196530182
 Davidson iteration 22.15 (tol=0.05285777604079944): -307.7565375410908 -307.5135596398466 -307.0554440544157 -306.6336383582226
 Davidson iteration 22.16 (tol=0.05285933735743877): -307.7565375530445 -307.5139813691982 -307.0682828969229 -306.8385984483327
 Davidson iteration 22.17 (tol=0.05285928604877441): -307.7565375554574 -307.51411354317 -307.0812938958858 -306.9387661544029
 Davidson iteration 22.18 (tol=0.05286002381621274): -307.7565376093933 -307.5141250178014 -307.0887279440259 -306.9658223382267
 Davidson iteration 22.19 (tol=0.05286238631579602): -307.7565378394208 -307.5141253033464 -307.0921462597655 -306.9752600302673
 Davidson iteration 23.0 (tol=0.0528623862859993): -307.756537371678
 Davidson iteration 23.1 (tol=0.05284507839042283): -307.7565373717679 -304.6972429739318
 Davidson iteration 23.2 (tol=0.0528451297567313): -307.7565373717698 -304.9395482103865 -304.6831254944549
 Davidson iteration 23.3 (tol=0.05284487963490097): -307.7565373734427 -305.2120848574999 -304.6847230570269 -304.3346099431877
 Davidson iteration 23.4 (tol=0.05284508567121874): -307.7565373741155 -305.5058400458404 -304.6849278885982 -304.384109088827
 Davidson iteration 23.5 (tol=0.05284450943810668): -307.7565373759137 -305.9415416687822 -304.6858677845552 -304.4899375557488
 Davidson iteration 23.6 (tol=0.05284249194403192): -307.7565373893234 -306.358739444205 -305.0072383100912 -304.6850601586153
 Davidson iteration 23.7 (tol=0.05284226534218694): -307.7565373922052 -306.7363506604995 -305.3038190829504 -304.6850898176157
 Davidson iteration 23.8 (tol=0.05284268497135602): -307.7565373986392 -306.9290565328594 -305.6321182680899 -304.6852137703716
 Davidson iteration 23.9 (tol=0.05284276611089158): -307.7565373989099 -307.0059452149716 -305.9040510394938 -304.808233487539
 Davidson iteration 23.10 (tol=0.05284275346778078): -307.7565373990579 -307.0597235683246 -306.2138313014685 -305.3144801247072
 Davidson iteration 23.11 (tol=0.05284305652761091): -307.7565374004625 -307.1693842447843 -306.7861517436459 -305.692719235554
 Davidson iteration 23.12 (tol=0.05284305625068229): -307.7565374005076 -307.3926380353344 -306.9829594921082 -305.9144187109084
 Davidson iteration 23.13 (tol=0.05284311234759125): -307.7565374006156 -307.4730711688906 -307.0076556407145 -306.0579361393197
 Davidson iteration 23.14 (tol=0.05284312550199979): -307.7565374010738 -307.495842873578 -307.0175838631282 -306.218429305281
 Davidson iteration 23.15 (tol=0.05284326606255305): -307.7565374055941 -307.5066379808549 -307.0276771923657 -306.5602901421182
 Davidson iteration 23.16 (tol=0.05284393275373723): -307.7565374113758 -307.5119458782528 -307.0397086761831 -306.855154277478
 Davidson iteration 23.17 (tol=0.05284392291204878): -307.7565374115811 -307.5136387481692 -307.0573957309918 -306.9427914020477
 Davidson iteration 23.18 (tol=0.05284380653664438): -307.7565374121751 -307.5139158387273 -307.0669322408226 -306.9674069415014
 Davidson iteration 23.19 (tol=0.05284475959745445): -307.7565374204356 -307.5139675544882 -307.0715225046459 -306.9753810199462
 Davidson iteration 24.0 (tol=0.05284475959636355): -307.7565375888732
 Davidson iteration 24.1 (tol=0.05283648449382179): -307.7565375888938 -304.6978832114604
 Davidson iteration 24.2 (tol=0.05283665677632685): -307.7565375889154 -304.9264992806009 -304.6825030273797
 Davidson iteration 24.3 (tol=0.0528366097299185): -307.7565375889529 -305.1879016517236 -304.6844749291541 -304.3385826565413
 Davidson iteration 24.4 (tol=0.05283656461145547): -307.7565375889873 -305.4571816408985 -304.6846910478046 -304.4079752660941
 Davidson iteration 24.5 (tol=0.05283663751049042): -307.7565375890102 -305.834974183794 -304.6850755553723 -304.4409128136615
 Davidson iteration 24.6 (tol=0.05283644721361581): -307.7565375890881 -306.2129949887676 -304.9499551639373 -304.6849571402382
 Davidson iteration 24.7 (tol=0.05283656357335707): -307.7565375894379 -306.6204418757352 -305.2527506355799 -304.6966256043472
 Davidson iteration 24.8 (tol=0.05283662802795875): -307.7565375899028 -306.8673359368477 -305.5946809586713 -304.7256360265985
 Davidson iteration 24.9 (tol=0.05283653417120655): -307.7565375901916 -306.9676686878805 -305.8258326355125 -304.7586531388636
 Davidson iteration 24.10 (tol=0.05283657151951927): -307.7565375903934 -307.0158606959863 -305.989756145598 -305.0691373874055
 Davidson iteration 24.11 (tol=0.05283647409267633): -307.7565375906193 -307.0494970987972 -306.3406327501687 -305.510304254898
 Davidson iteration 24.12 (tol=0.05283654411108824): -307.7565375910374 -307.1436508936915 -306.8922773752464 -305.8546932702311
 Davidson iteration 24.13 (tol=0.05283687898984983): -307.7565375939492 -307.3537941627378 -306.9960845866798 -306.0095485475184
 Davidson iteration 24.14 (tol=0.05283699727621644): -307.7565375960612 -307.4430972340357 -307.0146207348089 -306.1387703656295
 Davidson iteration 24.15 (tol=0.05283703897423267): -307.7565375962656 -307.4835944534553 -307.025906386701 -306.4452128102465
 Davidson iteration 24.16 (tol=0.05283697601995086): -307.7565375964029 -307.5041454982445 -307.0370041343662 -306.7903217663371
 Davidson iteration 24.17 (tol=0.05283733124902807): -307.7565375993633 -307.5114069892861 -307.0521882801291 -306.9180834035731
 Davidson iteration 24.18 (tol=0.05283770113425768): -307.7565376015869 -307.5134108601078 -307.0657951716 -306.9591325223236
 Davidson iteration 24.19 (tol=0.05283774155510001): -307.7565376016535 -307.5138066746589 -307.0726346001915 -306.9735810767671
 Davidson iteration 25.0 (tol=0.0528377415547303): -307.7565377111229
 Davidson iteration 25.1 (tol=0.052838147773503): -307.7565377111229 -304.6978803474749
 Davidson iteration 25.2 (tol=0.05283812322807335): -307.7565377111234 -304.9289934136791 -304.6824989623816
 Davidson iteration 25.3 (tol=0.05283814633786115): -307.7565377111314 -305.188486004638 -304.6844663250758 -304.3442192902627
 Davidson iteration 25.4 (tol=0.05283816144063263): -307.7565377111349 -305.4577483878024 -304.684664529209 -304.4131222330194
 Davidson iteration 25.5 (tol=0.05283816389640964): -307.7565377111349 -305.8370889705849 -304.6850475238653 -304.4467407924188
 Davidson iteration 25.6 (tol=0.05283828493641129): -307.7565377111639 -306.2113092212037 -304.9557435908867 -304.6849204308077
 Davidson iteration 25.7 (tol=0.0528382533970244): -307.7565377112107 -306.6179841087354 -305.2530053044694 -304.7317335611988
 Davidson iteration 25.8 (tol=0.05283824632772591): -307.7565377113072 -306.8595334757696 -305.5960318562762 -304.7776728561755
 Davidson iteration 25.9 (tol=0.0528383130189586): -307.7565377113722 -306.9572723775044 -305.8127281719416 -304.7891244939929
 Davidson iteration 25.10 (tol=0.05283831461140766): -307.7565377114508 -306.9999519266973 -305.9434035804624 -305.0029966324684
 Davidson iteration 25.11 (tol=0.0528384335670279): -307.7565377117538 -307.0192985011853 -306.1312701256551 -305.2895690879794
 Davidson iteration 25.12 (tol=0.05283855369025864): -307.7565377129206 -307.0281949240195 -306.4541261823773 -305.7114328629184
 Davidson iteration 25.13 (tol=0.05283891351962211): -307.7565377365685 -307.0423122614031 -306.7877168205611 -305.9063777304995
 Davidson iteration 25.14 (tol=0.05283924361704513): -307.7565377823904 -307.0649991536098 -306.9381364284552 -305.9939557723044
 Davidson iteration 25.15 (tol=0.05284848148875537): -307.7565381318251 -307.1060477272087 -306.9954362836311 -306.1180281245843
 Davidson iteration 25.16 (tol=0.05292876536191476): -307.7565406948668 -307.1891649782572 -307.0207993652861 -306.5800785810881
 Davidson iteration 25.17 (tol=0.05318169518130483): -307.7565523528073 -307.3848428106662 -307.0501262147895 -306.9111166601625
 Davidson iteration 25.18 (tol=0.05353221807394883): -307.7565786862603 -307.4778083563069 -307.0655209038986 -306.9595550378694
 Davidson iteration 25.19 (tol=0.05488104604495299): -307.7566457811449 -307.5036366541291 -307.0722798568978 -306.972631282899
 Davidson iteration 26.0 (tol=0.05488058827862723): -307.7564263561603
 Davidson iteration 26.1 (tol=0.05073652649002416): -307.7564314509448 -304.7829590823123
 Davidson iteration 26.2 (tol=0.05078803702136879): -307.7564318207713 -305.546453494206 -304.2614732540995
 Davidson iteration 26.3 (tol=0.05219329367792128): -307.756464186479 -307.0308458493669 -304.6862040722491 -302.4648322210521
 Davidson iteration 26.4 (tol=0.0522946393868674): -307.7564989791708 -307.389183936458 -304.6946738976021 -304.5433071679968
 Davidson iteration 26.5 (tol=0.05211497053513395): -307.756501373934 -307.4479627836005 -305.1555625489696 -304.6935110655062
 Davidson iteration 26.6 (tol=0.05210388030913386): -307.7565015288189 -307.4609672511826 -305.5975433672637 -304.6940898845534
 Davidson iteration 26.7 (tol=0.05211947624005468): -307.7565016814345 -307.4654483070027 -306.165680184782 -304.7475293974106
 Davidson iteration 26.8 (tol=0.05213002869158213): -307.7565023839109 -307.4673921427055 -306.6999738152894 -305.1074103037174
 Davidson iteration 26.9 (tol=0.05213826961914161): -307.7565028088085 -307.4683449530082 -306.9050164179748 -305.3862383392635
 Davidson iteration 26.10 (tol=0.0521509345941274): -307.7565028962882 -307.4687419982034 -306.9803033599632 -305.5854013290966
 Davidson iteration 26.11 (tol=0.05215179503876031): -307.7565030800499 -307.4687707723393 -307.0097657524465 -305.8059262645679
 Davidson iteration 26.12 (tol=0.05215729521982432): -307.7565033488627 -307.468770896315 -307.0207399200596 -306.1789506295199
 Davidson iteration 26.13 (tol=0.05215500706960301): -307.7565034577531 -307.4687733633206 -307.037373162629 -306.7045695081557
 Davidson iteration 26.14 (tol=0.05216118075716377): -307.7565034900495 -307.4687733633347 -307.0562073286407 -306.8711228868468
 Davidson iteration 26.15 (tol=0.05216557919232412): -307.7565037359508 -307.4687878673959 -307.070788614076 -306.9395012984656
 Davidson iteration 26.16 (tol=0.05225606124027626): -307.7565065025444 -307.4687963718891 -307.0772957223426 -306.9515371704235
 Davidson iteration 26.17 (tol=0.05225260154287256): -307.7565074855198 -307.4687979751629 -307.0799585789297 -306.9608019935472
 Davidson iteration 26.18 (tol=0.05229992048158245): -307.7565082066158 -307.4688017781885 -307.0818135447711 -306.9719358266196
 Davidson iteration 26.19 (tol=0.05231244688662466): -307.7565096783381 -307.4688170278403 -307.082692426191 -306.9787971827585
 Davidson iteration 27.0 (tol=0.05231243910023787): -307.7565382205725
 Davidson iteration 27.1 (tol=0.05249515397532535): -307.756538230576 -304.7040149819251
 Davidson iteration 27.2 (tol=0.05249255050640256): -307.7565383052902 -304.9594744701554 -304.7037595882623
 Davidson iteration 27.3 (tol=0.05249314935040447): -307.7565385148751 -305.568591037737 -304.7037904177355 -304.1067268203903
 Davidson iteration 27.4 (tol=0.05250621110301836): -307.7565389230772 -306.6780402236059 -304.7227713486101 -304.6364852947132
 Davidson iteration 27.5 (tol=0.05251247134550989): -307.7565395651723 -307.3578154079893 -305.0310258956098 -304.6922002280787
 Davidson iteration 27.6 (tol=0.05250448428168798): -307.7565399658141 -307.4821533473381 -305.3080165811152 -304.6945462403133
 Davidson iteration 27.7 (tol=0.0525063333369547): -307.756540060293 -307.5022768502876 -305.5247998556494 -304.6948083029831
 Davidson iteration 27.8 (tol=0.05250650390746716): -307.7565400606858 -307.5064993939711 -305.9406976885676 -304.7567080225488
 Davidson iteration 27.9 (tol=0.05250541044881542): -307.7565400801988 -307.508754123185 -306.6455797829585 -305.2412726765604
 Davidson iteration 27.10 (tol=0.05251766722852232): -307.7565402811209 -307.5093968496375 -306.894620527784 -305.4396246188647
 Davidson iteration 27.11 (tol=0.05251560196889041): -307.756540296345 -307.5095484745876 -306.9983086933319 -305.5324029744869
 Davidson iteration 27.12 (tol=0.05251561709236688): -307.7565402963477 -307.5095829083632 -307.0270842783058 -305.6584046188694
 Davidson iteration 27.13 (tol=0.05251809888086621): -307.7565403206805 -307.5095963802329 -307.0392818662617 -306.070297957585
 Davidson iteration 27.14 (tol=0.05251848436795201): -307.7565403282813 -307.5095964119732 -307.0524833531183 -306.633877345386
 Davidson iteration 27.15 (tol=0.05252073002263596): -307.756540438965 -307.5096018199441 -307.0718864516763 -306.8526366981606
 Davidson iteration 27.16 (tol=0.05251751678469027): -307.7565404833906 -307.5096021342338 -307.0856719880393 -306.926928468868
 Davidson iteration 27.17 (tol=0.05252572657557925): -307.756540563034 -307.5096026859237 -307.0914510899643 -306.9459388737021
 Davidson iteration 27.18 (tol=0.05256354477895869): -307.7565416412652 -307.5096087797876 -307.0940198728246 -306.9540546292291
 Davidson iteration 27.19 (tol=0.05258956751070819): -307.7565437669916 -307.5096154958272 -307.0952973904079 -306.9606422315273
 Davidson iteration 28.0 (tol=0.05258956709227772): -307.7565371174017
 Davidson iteration 28.1 (tol=0.05256201432851874): -307.7565371176291 -304.6995284038661
 Davidson iteration 28.2 (tol=0.05256410399108781): -307.7565371244076 -304.7791401859021 -304.6934495392304
 Davidson iteration 28.3 (tol=0.0525643757857851): -307.7565372132003 -305.1615117685297 -304.6951886579714 -303.7694842313413
 Davidson iteration 28.4 (tol=0.05256571593858204): -307.7565372514202 -305.5983590671131 -304.6966294701419 -304.2912952223608
 Davidson iteration 28.5 (tol=0.0525655506388378): -307.7565372598896 -306.2126234700025 -304.7697061910161 -304.6678505393375
 Davidson iteration 28.6 (tol=0.05257486217647552): -307.7565377210251 -306.7519688622447 -305.11170462097 -304.6899271598895
 Davidson iteration 28.7 (tol=0.05257432609089645): -307.7565378679759 -306.9582301369381 -305.3747150699406 -304.6909497892276
 Davidson iteration 28.8 (tol=0.0525788864028451): -307.7565379563765 -307.0355672020309 -305.6667045663935 -304.6911381445318
 Davidson iteration 28.9 (tol=0.05258078272726581): -307.7565379837113 -307.0782153252736 -306.1053249532739 -304.9583286699623
 Davidson iteration 28.10 (tol=0.05258106783916928): -307.7565379943847 -307.1340985248889 -306.6497123101819 -305.4242315957524
 Davidson iteration 28.11 (tol=0.05258172572492038): -307.7565379971865 -307.2696832544842 -306.9572512523278 -305.7626849826013
 Davidson iteration 28.12 (tol=0.05258188875155286): -307.7565380008031 -307.3979003428757 -307.0252655299387 -306.0573303482522
 Davidson iteration 28.13 (tol=0.0525825354372845): -307.7565380176629 -307.4779881643803 -307.0542216639782 -306.387645140964
 Davidson iteration 28.14 (tol=0.05258281546926729): -307.7565380269809 -307.5006652448821 -307.0653011541859 -306.5854272734985
 Davidson iteration 28.15 (tol=0.05258410919051286): -307.756538037092 -307.5094819849629 -307.0738340870957 -306.7310774725491
 Davidson iteration 28.16 (tol=0.05258466044901591): -307.7565380421707 -307.512898652837 -307.0811405245764 -306.8393074204638
 Davidson iteration 28.17 (tol=0.05258626514503479): -307.7565380606246 -307.5138185600302 -307.0862485125277 -306.9015533573212
 Davidson iteration 28.18 (tol=0.05258753142216808): -307.7565381053883 -307.5139811134711 -307.088611266571 -306.9262191944159
 Davidson iteration 28.19 (tol=0.05258708483521461): -307.7565381812626 -307.5140045695755 -307.0895178237502 -306.934019252644
 Davidson iteration 29.0 (tol=0.05258708483370746): -307.756537892329
 Davidson iteration 29.1 (tol=0.05259759272032722): -307.7565378923621 -304.69987509031
 Davidson iteration 29.2 (tol=0.05259795940387334): -307.7565378926141 -304.8143718851888 -304.6870533274596
 Davidson iteration 29.3 (tol=0.05259744497487283): -307.7565378944902 -305.1021654419935 -304.6904609297056 -303.91909815287
 Davidson iteration 29.4 (tol=0.0525974456373486): -307.7565378945495 -305.3899165741502 -304.6906369358273 -304.119968411896
 Davidson iteration 29.5 (tol=0.05259775528202912): -307.7565378963356 -305.7125758337731 -304.6910167090354 -304.3893487728469
 Davidson iteration 29.6 (tol=0.05259737185590634): -307.7565378966891 -306.070439880527 -304.7865387727879 -304.6910130427013
 Davidson iteration 29.7 (tol=0.05259794577061797): -307.7565378991554 -306.4117225801936 -305.1288582299861 -304.6910328580844
 Davidson iteration 29.8 (tol=0.05259791016439935): -307.7565378999352 -306.6769792166344 -305.4711881811279 -304.691057178191
 Davidson iteration 29.9 (tol=0.05259791868423341): -307.7565379139656 -306.8721348340969 -305.8391409055766 -304.7786840497231
 Davidson iteration 29.10 (tol=0.05259784248361688): -307.7565379149439 -307.0530053020899 -306.1730348320953 -305.1542630120894
 Davidson iteration 29.11 (tol=0.05259808876339257): -307.7565379166541 -307.1971733391599 -306.4723362413847 -305.4954172322974
 Davidson iteration 29.12 (tol=0.05259812660450775): -307.7565379169449 -307.307244260095 -306.7097409171633 -305.8203637466651
 Davidson iteration 29.13 (tol=0.05259856563346588): -307.7565379234272 -307.4419611967727 -306.9408784113587 -306.1638821816811
 Davidson iteration 29.14 (tol=0.05259856396422666): -307.7565379234344 -307.4926991287617 -307.0179666721564 -306.2993726540839
 Davidson iteration 29.15 (tol=0.05259978502948976): -307.7565379371766 -307.5052346158573 -307.0455796555489 -306.3789326089306
 Davidson iteration 29.16 (tol=0.05259970312586418): -307.7565379373424 -307.5105652717393 -307.0630474001792 -306.5156171281899
 Davidson iteration 29.17 (tol=0.05260001709924456): -307.7565379405211 -307.5128411506166 -307.0787227856959 -306.7606252602362
 Davidson iteration 29.18 (tol=0.05259979619907873): -307.7565379419512 -307.5136785271796 -307.0981453813378 -306.8960520027176
 Davidson iteration 29.19 (tol=0.05260539412888891): -307.7565382697176 -307.5139281109823 -307.1106319173222 -306.9446169429753
 Davidson iteration 30.0 (tol=0.05260539408194154): -307.7565374603485
 Davidson iteration 30.1 (tol=0.05258501793510969): -307.7565374604728 -304.6999368458701
 Davidson iteration 30.2 (tol=0.05258691954258514): -307.7565374658388 -304.7482636278187 -304.6827068412151
 Davidson iteration 30.3 (tol=0.05258629098310175): -307.7565375051253 -305.1013794037352 -304.6918261798329 -303.4630405110431
 Davidson iteration 30.4 (tol=0.05258628972135612): -307.7565375051533 -305.4450904708218 -304.6924423070037 -304.1927920446004
 Davidson iteration 30.5 (tol=0.05258755074331767): -307.7565375137714 -305.8924241742601 -304.697654169064 -304.617975419016
 Davidson iteration 30.6 (tol=0.05258840823470839): -307.7565376119317 -306.4436500737701 -305.0135087948861 -304.6921405813636
 Davidson iteration 30.7 (tol=0.05258893711997058): -307.7565376126722 -306.8579891463689 -305.3649454404496 -304.6924457478191
 Davidson iteration 30.8 (tol=0.0525912854173034): -307.7565376306626 -307.0810861221008 -305.7164108335086 -304.6924913851929
 Davidson iteration 30.9 (tol=0.05259224248693386): -307.7565376382959 -307.1933299477865 -306.1308506481219 -304.950187112602
 Davidson iteration 30.10 (tol=0.05259216828362412): -307.7565376429702 -307.2785513386165 -306.544520425718 -305.3549879400078
 Davidson iteration 30.11 (tol=0.05259209229160741): -307.7565376439866 -307.3778820584898 -306.9111974347967 -305.7959078103437
 Davidson iteration 30.12 (tol=0.05259217910068272): -307.7565376444798 -307.4555428555346 -307.0596215566472 -306.0491708447627
 Davidson iteration 30.13 (tol=0.05259218366745265): -307.7565376444832 -307.5002666685033 -307.1245184213466 -306.2618397957568
 Davidson iteration 30.14 (tol=0.05259202014580509): -307.7565376472833 -307.5096498399603 -307.1402584273342 -306.3684274670078
 Davidson iteration 30.15 (tol=0.05259260778590977): -307.7565376572142 -307.5121718401625 -307.1470418118498 -306.455467319601
 Davidson iteration 30.16 (tol=0.05259334464002986): -307.7565376651535 -307.5133241069687 -307.154089030112 -306.7051361320295
 Davidson iteration 30.17 (tol=0.05259345556657551): -307.756537665766 -307.5138237717047 -307.1627261144501 -306.9490707158438
 Davidson iteration 30.18 (tol=0.05260762027340085): -307.7565378576689 -307.5139971841746 -307.1710591009505 -307.0211569553934
 Davidson iteration 30.19 (tol=0.05261209797267359): -307.7565379147522 -307.5140411832803 -307.1755907739382 -307.0480580290121
 Davidson iteration 31.0 (tol=0.05261209797061356): -307.7565374554413
 Davidson iteration 31.1 (tol=0.05259804964016827): -307.7565374555005 -304.7010338833756
 Davidson iteration 31.2 (tol=0.0525978504076575): -307.7565374555666 -304.8733722231296 -304.6873286035273
 Davidson iteration 31.3 (tol=0.05259779522316071): -307.7565374555866 -305.114609171393 -304.6897946546933 -304.2818927137427
 Davidson iteration 31.4 (tol=0.05259780265795439): -307.7565374557013 -305.4139558168384 -304.6899923270968 -304.3747501086129
 Davidson iteration 31.5 (tol=0.05259792821095287): -307.7565374561325 -305.8010078901676 -304.6904403532591 -304.4615793037011
 Davidson iteration 31.6 (tol=0.05259740879325386): -307.7565374567687 -306.2211060404932 -304.9157965585976 -304.6902703887566
 Davidson iteration 31.7 (tol=0.05259774325450688): -307.7565374579169 -306.6132405839544 -305.2261174425464 -304.69046353355
 Davidson iteration 31.8 (tol=0.05259765150072306): -307.7565374606118 -306.8367648299331 -305.5349346100841 -304.6904635464654
 Davidson iteration 31.9 (tol=0.05259833325977455): -307.7565374643248 -306.9696359115142 -305.8908770004361 -304.8026256777902
 Davidson iteration 31.10 (tol=0.05259835678261456): -307.7565374647016 -307.0609178132637 -306.1927693997713 -305.1732239156561
 Davidson iteration 31.11 (tol=0.05259881361273919): -307.7565374678492 -307.1249754592751 -306.4900648226169 -305.4901908772042
 Davidson iteration 31.12 (tol=0.05259941709984898): -307.7565374807949 -307.2029591693309 -306.7970615968076 -305.8936691687772
 Davidson iteration 31.13 (tol=0.05259948078376964): -307.7565374809321 -307.391139366455 -307.0118997290155 -306.2075879624525
 Davidson iteration 31.14 (tol=0.05259943038648069): -307.7565374831804 -307.4758472454142 -307.0508990166037 -306.3185035984595
 Davidson iteration 31.15 (tol=0.05260016055932213): -307.7565374895988 -307.501354565588 -307.0646616779302 -306.3978561935561
 Davidson iteration 31.16 (tol=0.05260077472799372): -307.7565374960656 -307.5097144785831 -307.0702715954467 -306.5192826030615
 Davidson iteration 31.17 (tol=0.0526012979650763): -307.7565375060818 -307.5126653110607 -307.0736149111917 -306.7413163623985
 Davidson iteration 31.18 (tol=0.05260180387649428): -307.7565375078983 -307.5136094065779 -307.0762442568646 -306.8790207684664
 Davidson iteration 31.19 (tol=0.05260156994878897): -307.7565375094253 -307.5138728005191 -307.0777133380967 -306.9315875567394
 Davidson iteration 32.0 (tol=0.05260156994800933): -307.7565376465381
 Davidson iteration 32.1 (tol=0.05259791027121317): -307.7565376465421 -304.7007724770723
 Davidson iteration 32.2 (tol=0.0525979515215341): -307.7565376465448 -304.8853447632015 -304.6873914310524
 Davidson iteration 32.3 (tol=0.05259785124923772): -307.7565376466285 -305.1148114168081 -304.689541366761 -304.3889487398301
 Davidson iteration 32.4 (tol=0.0525978637945825): -307.7565376466876 -305.4208642645879 -304.6896765564637 -304.4628200620353
 Davidson iteration 32.5 (tol=0.05259782661856402): -307.756537646782 -305.8198554283862 -304.6902454448627 -304.5046428179177
 Davidson iteration 32.6 (tol=0.05259765471786246): -307.7565376468448 -306.2319822780948 -304.9335349059411 -304.6899288154125
 Davidson iteration 32.7 (tol=0.05259786442000442): -307.7565376472575 -306.6242963506497 -305.229286099651 -304.6902033838047
 Davidson iteration 32.8 (tol=0.05259821220822159): -307.7565376489699 -306.8561512469281 -305.5593368614246 -304.6902684842112
 Davidson iteration 32.9 (tol=0.05259810012993648): -307.7565376499214 -306.9736786492324 -305.9086200566732 -304.7995993554262
 Davidson iteration 32.10 (tol=0.05259815653220835): -307.7565376502389 -307.051190873646 -306.1765295089081 -305.1176645392083
 Davidson iteration 32.11 (tol=0.05259806143086886): -307.7565376511842 -307.1063781512364 -306.4628085951952 -305.4654771541002
 Davidson iteration 32.12 (tol=0.05259821726588922): -307.7565376519658 -307.1630598322696 -306.7710488943376 -305.8669980001525
 Davidson iteration 32.13 (tol=0.0525984105384729): -307.7565376540406 -307.3484332336986 -307.0137728693942 -306.2025791578581
 Davidson iteration 32.14 (tol=0.05259845732754308): -307.7565376543083 -307.4646791049481 -307.0543463290487 -306.3233642703161
 Davidson iteration 32.15 (tol=0.05259842094400108): -307.7565376545531 -307.4990516018345 -307.0673841791199 -306.3998724430612
 Davidson iteration 32.16 (tol=0.05259842040645717): -307.7565376545534 -307.5089970398397 -307.0718776791646 -306.5218531204965
 Davidson iteration 32.17 (tol=0.05259873777389327): -307.7565376579204 -307.5123376689811 -307.0746048718402 -306.7240386327853
 Davidson iteration 32.18 (tol=0.05259929429904438): -307.7565376640006 -307.5136896896297 -307.0774754029327 -306.8854066100828
 Davidson iteration 32.19 (tol=0.05260461859096442): -307.7565377265927 -307.5139947964825 -307.0788582268349 -306.9431130443263
 Davidson iteration 33.0 (tol=0.05260461858380168): -307.7565376707853
 Davidson iteration 33.1 (tol=0.05260252885904555): -307.7565376707866 -304.7003294124114
 Davidson iteration 33.2 (tol=0.05260243214486216): -307.7565376708014 -304.9063610019374 -304.6875919673233
 Davidson iteration 33.3 (tol=0.05260258662207622): -307.7565376709881 -305.1299542096728 -304.6893711623936 -304.4877598723536
 Davidson iteration 33.4 (tol=0.05260260003873179): -307.7565376710197 -305.4351541715417 -304.6893741102565 -304.5813551443101
 Davidson iteration 33.5 (tol=0.05260253485650095): -307.75653767139 -305.8498182813849 -304.6898205809198 -304.6033044994368
 Davidson iteration 33.6 (tol=0.05260285368146608): -307.7565376715901 -306.2882167574617 -304.9952554072296 -304.6894826077638
 Davidson iteration 33.7 (tol=0.05260289876834655): -307.7565376716154 -306.6672275360097 -305.2303798825599 -304.8260123263204
 Davidson iteration 33.8 (tol=0.0526030801949874): -307.7565376723065 -306.8675366368313 -305.5415386116478 -304.8360313713713
 Davidson iteration 33.9 (tol=0.05260319920787072): -307.7565376726204 -306.9680773687494 -305.8723123564836 -304.853562932126
 Davidson iteration 33.10 (tol=0.05260319387125657): -307.7565376727478 -307.0348195160313 -306.1561883450142 -305.1377512674164
 Davidson iteration 33.11 (tol=0.05260316637652045): -307.7565376728096 -307.0896901518482 -306.4876047574552 -305.4688501739564
 Davidson iteration 33.12 (tol=0.05260313912783955): -307.756537672882 -307.1527798200709 -306.7974237573104 -305.8517017103371
 Davidson iteration 33.13 (tol=0.05260314945303863): -307.756537673067 -307.3261165291254 -307.0011327345661 -306.1834916206786
 Davidson iteration 33.14 (tol=0.05260324077621427): -307.7565376733877 -307.4457191493261 -307.0430263669055 -306.3358993245838
 Davidson iteration 33.15 (tol=0.05260341190450408): -307.756537674934 -307.4907281451921 -307.0593302190848 -306.445962800421
 Davidson iteration 33.16 (tol=0.05260361649204193): -307.7565376798506 -307.5066013156429 -307.0699004432636 -306.633826021711
 Davidson iteration 33.17 (tol=0.0526043976076723): -307.7565377038063 -307.5118848968497 -307.0778857779384 -306.8185942397736
 Davidson iteration 33.18 (tol=0.05260480936989025): -307.7565377644424 -307.5135075486978 -307.0842453896763 -306.9016644581571
 Davidson iteration 33.19 (tol=0.05262502362213291): -307.7565383854482 -307.5138427680832 -307.0881166022813 -306.9331147077345
 Davidson iteration 34.0 (tol=0.0526250235085241): -307.7565370057639
 Davidson iteration 34.1 (tol=0.05258125001583423): -307.7565370063383 -304.7004146372206
 Davidson iteration 34.2 (tol=0.05258308561742054): -307.7565370107729 -304.8288235261223 -304.6881877630481
 Davidson iteration 34.3 (tol=0.05258259193761684): -307.756537057617 -305.1206855610158 -304.6910676719183 -304.0621357212095
 Davidson iteration 34.4 (tol=0.05258262155807886): -307.7565370608097 -305.4980407106167 -304.6919117699472 -304.2420544606343
 Davidson iteration 34.5 (tol=0.05258268959503307): -307.7565370609315 -306.0249318556885 -304.7022462875756 -304.6333487517751
 Davidson iteration 34.6 (tol=0.05258141535053448): -307.7565371619057 -306.6408963236473 -305.0839488634383 -304.6908562022865
 Davidson iteration 34.7 (tol=0.05258040458564704): -307.7565371689179 -307.0449516369576 -305.444620641512 -304.6915272555669
 Davidson iteration 34.8 (tol=0.05258239231431397): -307.7565371859808 -307.2449408613661 -305.8776936907074 -304.7341381830233
 Davidson iteration 34.9 (tol=0.05258236059857836): -307.7565371862506 -307.3643106960374 -306.4058139426501 -305.121261593015
 Davidson iteration 34.10 (tol=0.05258260383203294): -307.7565371931432 -307.4366455359843 -306.735778959907 -305.4819041125824
 Davidson iteration 34.11 (tol=0.05258346084461859): -307.7565371978075 -307.481859842922 -306.9608633176342 -305.8464891198037
 Davidson iteration 34.12 (tol=0.05258355673189747): -307.7565372003505 -307.5032802535795 -307.0680238347537 -306.102198729374
 Davidson iteration 34.13 (tol=0.05258394753789552): -307.7565372025039 -307.5115607154365 -307.115941972955 -306.2853138246166
 Davidson iteration 34.14 (tol=0.05258421784678161): -307.7565372085859 -307.5131507270741 -307.1297631013911 -306.3640540180224
 Davidson iteration 34.15 (tol=0.05258431245703672): -307.7565372087557 -307.5135965720043 -307.1365555344557 -306.4577434536457
 Davidson iteration 34.16 (tol=0.05258442858772887): -307.7565372090852 -307.5138650107561 -307.1440959502323 -306.7318220430521
 Davidson iteration 34.17 (tol=0.05258457972624141): -307.7565372095034 -307.5140246542477 -307.1564476437442 -306.966785819467
 Davidson iteration 34.18 (tol=0.05258512627769171): -307.7565372169835 -307.514067926111 -307.1727231886521 -307.0531850070552
 Davidson iteration 34.19 (tol=0.05259147367012566): -307.7565373438437 -307.5140741646919 -307.180565089322 -307.0708233111125
 Davidson iteration 35.0 (tol=0.05259147367002204): -307.7565375734858
 Davidson iteration 35.1 (tol=0.0525821404192817): -307.7565375735119 -304.7018482770999
 Davidson iteration 35.2 (tol=0.0525822516740443): -307.7565375735309 -304.855134682488 -304.686775383436
 Davidson iteration 35.3 (tol=0.05258217050795644): -307.7565375735758 -305.0979627808721 -304.6902152874033 -304.2031757777265
 Davidson iteration 35.4 (tol=0.05258218010899544): -307.7565375740995 -305.3977592344762 -304.6906857781735 -304.2453422479069
 Davidson iteration 35.5 (tol=0.05258213293674004): -307.7565375744815 -305.7781136401982 -304.6915477245838 -304.4756683424754
 Davidson iteration 35.6 (tol=0.05258168500095785): -307.7565375749119 -306.2122742597298 -304.920010648795 -304.6907909729221
 Davidson iteration 35.7 (tol=0.05258209784099057): -307.7565375768135 -306.6243213542731 -305.2378794567084 -304.6911525794683
 Davidson iteration 35.8 (tol=0.05258324382926843): -307.7565375864507 -306.8640153898852 -305.5578240265739 -304.6913282169392
 Davidson iteration 35.9 (tol=0.05258320547350438): -307.7565375875816 -306.9962340071749 -305.9072632220041 -304.828593081976
 Davidson iteration 35.10 (tol=0.05258328631260753): -307.7565375880191 -307.0647622775492 -306.1372076321397 -305.1236018769649
 Davidson iteration 35.11 (tol=0.05258342128670156): -307.7565375883688 -307.1080918462716 -306.3720909329223 -305.4285888592771
 Davidson iteration 35.12 (tol=0.05258372768686067): -307.7565375900577 -307.1552616807107 -306.709165321855 -305.8806807967495
 Davidson iteration 35.13 (tol=0.05258386732926115): -307.7565375918397 -307.3616122431523 -307.0347378303493 -306.2034852491557
 Davidson iteration 35.14 (tol=0.05258421052674152): -307.7565375988933 -307.4821615402723 -307.0705959090367 -306.280280879196
 Davidson iteration 35.15 (tol=0.05258585165960835): -307.7565376146703 -307.5084851010641 -307.0775330669404 -306.3173756344887
 Davidson iteration 35.16 (tol=0.05258586391991037): -307.7565376189057 -307.5128733168373 -307.0794990081546 -306.3418820409507
 Davidson iteration 35.17 (tol=0.05258626091581236): -307.7565376357248 -307.5137403682695 -307.079921568186 -306.3564303212111
 Davidson iteration 35.18 (tol=0.05258673884468018): -307.7565377186119 -307.5139534724406 -307.0800433205013 -306.3898819422307
 Davidson iteration 35.19 (tol=0.05258596534676276): -307.7565380824137 -307.5140037144981 -307.080229560642 -306.5341758254441
 Davidson iteration 36.0 (tol=0.05258596526261969): -307.7565371534652
 Davidson iteration 36.1 (tol=0.05255558986772695): -307.7565371537419 -304.7037563502203
 Davidson iteration 36.2 (tol=0.05255642584934047): -307.7565371547345 -304.8383821508643 -304.6897314854421
 Davidson iteration 36.3 (tol=0.05255565354574534): -307.7565371706128 -305.09227701484 -304.6940311610905 -304.2458609976855
 Davidson iteration 36.4 (tol=0.0525564246699088): -307.7565371853004 -305.4217637968645 -304.6952983004004 -304.3178193508236
 Davidson iteration 36.5 (tol=0.05255633261553502): -307.7565371878903 -305.8817769371191 -304.7087083377555 -304.6255737924703
 Davidson iteration 36.6 (tol=0.05255471198005681): -307.7565372980959 -306.4167208763741 -305.0647861710117 -304.6927249314511
 Davidson iteration 36.7 (tol=0.05255472273207876): -307.7565373649182 -306.8269280380008 -305.3474017554062 -304.6944261445038
 Davidson iteration 36.8 (tol=0.05255522094033306): -307.7565373738618 -307.0320876066527 -305.6787664191027 -304.6968332505071
 Davidson iteration 36.9 (tol=0.05255532819376605): -307.7565373742505 -307.1407202355779 -306.0655055068458 -304.9516523139883
 Davidson iteration 36.10 (tol=0.05255536976830177): -307.7565373745088 -307.2140247879619 -306.44063161637 -305.3586058887548
 Davidson iteration 36.11 (tol=0.05255847828108698): -307.7565374145368 -307.3151839288172 -306.8556084806194 -305.7551080920148
 Davidson iteration 36.12 (tol=0.05255827722837272): -307.7565374176178 -307.4317485258518 -307.0397133817783 -306.0189025682135
 Davidson iteration 36.13 (tol=0.05255907129093017): -307.7565374235858 -307.4919339321531 -307.102130952371 -306.2075576785405
 Davidson iteration 36.14 (tol=0.05255965887484625): -307.7565374305703 -307.5056650004204 -307.1183490867352 -306.3005502726519
 Davidson iteration 36.15 (tol=0.05256416288656145): -307.756537500683 -307.5105608656293 -307.1268652482686 -306.4210215959359
 Davidson iteration 36.16 (tol=0.05256397171270604): -307.756537534411 -307.5127740391807 -307.1379671988994 -306.7270085080006
 Davidson iteration 36.17 (tol=0.05256364972902193): -307.7565375380696 -307.5136702817056 -307.1522413343334 -306.9264029854762
 Davidson iteration 36.18 (tol=0.05256494810909716): -307.7565375551574 -307.5140236644871 -307.1651846426678 -307.0019898036611
 Davidson iteration 36.19 (tol=0.05257741913673149): -307.7565377888628 -307.514102334402 -307.1730422424735 -307.0281245162951
 Davidson iteration 37.0 (tol=0.05257741913458965): -307.7565377712511
 Davidson iteration 37.1 (tol=0.05257971844406838): -307.7565377712527 -304.7030694329773
 Davidson iteration 37.2 (tol=0.05257981241482135): -307.7565377712662 -304.8615032291194 -304.6882234953961
 Davidson iteration 37.3 (tol=0.05257980335258653): -307.7565377712669 -305.0747870227949 -304.6913833061301 -304.3202343378287
 Davidson iteration 37.4 (tol=0.05257985037147635): -307.7565377728844 -305.330641728694 -304.6917394500477 -304.3765523471569
 Davidson iteration 37.5 (tol=0.05257986495730369): -307.7565377729179 -305.621316286583 -304.6922634284139 -304.4228291132457
 Davidson iteration 37.6 (tol=0.05258046294419023): -307.7565377736008 -305.9398775625043 -304.805938001235 -304.6919881709889
 Davidson iteration 37.7 (tol=0.05258227236884908): -307.7565377886393 -306.4016735531582 -305.1631964619381 -304.692281094851
 Davidson iteration 37.8 (tol=0.05258258547352773): -307.7565377899725 -306.7783839614814 -305.4954061427754 -304.6923545845247
 Davidson iteration 37.9 (tol=0.05258253217457204): -307.7565377925985 -307.0059939129191 -305.8132919512807 -304.7808644473867
 Davidson iteration 37.10 (tol=0.0525825242534605): -307.7565377926035 -307.1380384152858 -306.0745944049236 -305.1343798897184
 Davidson iteration 37.11 (tol=0.05258246204728461): -307.7565377932472 -307.2306110341215 -306.4248227603667 -305.4971263027325
 Davidson iteration 37.12 (tol=0.05258235763862627): -307.756537794165 -307.319475686624 -306.799870665035 -305.8249778354875
 Davidson iteration 37.13 (tol=0.0525825801721854): -307.7565377989259 -307.4374172206822 -307.0297050473083 -306.087848716907
 Davidson iteration 37.14 (tol=0.05258272385760769): -307.7565378017417 -307.4916037705705 -307.0916136974711 -306.212083279736
 Davidson iteration 37.15 (tol=0.05258299650048708): -307.7565378045451 -307.5066227853052 -307.1104706806944 -306.2970660771326
 Davidson iteration 37.16 (tol=0.05258309205354488): -307.7565378050286 -307.51102023122 -307.1184556712648 -306.4284183059853
 Davidson iteration 37.17 (tol=0.05258345253393166): -307.7565378076699 -307.5128161957121 -307.1243316751205 -306.6704070578234
 Davidson iteration 37.18 (tol=0.05258303300992354): -307.7565378106821 -307.5136995429001 -307.1327216358006 -306.9194666577794
 Davidson iteration 37.19 (tol=0.05257923876861416): -307.7565378967797 -307.5139493627097 -307.141976298191 -307.0010732551655
 Davidson iteration 38.0 (tol=0.05257923875365399): -307.7565376789097
 Davidson iteration 38.1 (tol=0.05257860509531074): -307.7565376789098 -304.7032151657817
 Davidson iteration 38.2 (tol=0.05257880567690226): -307.7565376789711 -304.8581430034611 -304.6889484334436
 Davidson iteration 38.3 (tol=0.052578454733039): -307.7565376801883 -305.0817134693142 -304.6922188772872 -304.3018513805852
 Davidson iteration 38.4 (tol=0.05257851007774757): -307.7565376809633 -305.3526882819096 -304.6926963685864 -304.3502649313148
 Davidson iteration 38.5 (tol=0.05257855343736312): -307.7565376811256 -305.7074932454324 -304.694574885086 -304.5036027177021
 Davidson iteration 38.6 (tol=0.05257715811537756): -307.7565376876564 -306.1427663617226 -304.9870744419857 -304.6924653218012
 Davidson iteration 38.7 (tol=0.05257678713888542): -307.756537695153 -306.6974743004806 -305.3112143266765 -304.6931321733667
 Davidson iteration 38.8 (tol=0.05257695379249091): -307.7565376959193 -307.0292665013077 -305.6508757693111 -304.6932609807666
 Davidson iteration 38.9 (tol=0.05257751716351549): -307.7565376990685 -307.1842431214202 -305.9945868557092 -304.8953011400774
 Davidson iteration 38.10 (tol=0.05257767618644298): -307.7565377041092 -307.2719454649401 -306.3205989309814 -305.2910589098983
 Davidson iteration 38.11 (tol=0.05257774631204892): -307.7565377042373 -307.3607322847707 -306.7757991070836 -305.6843839936685
 Davidson iteration 38.12 (tol=0.05257773771519009): -307.7565377046315 -307.4465525909136 -307.035747654039 -305.9567472241833
 Davidson iteration 38.13 (tol=0.05257781636730656): -307.7565377052 -307.4969227141936 -307.1275693116939 -306.1498145192907
 Davidson iteration 38.14 (tol=0.05257777877308133): -307.7565377056648 -307.5097731562283 -307.1513626996 -306.2449535007589
 Davidson iteration 38.15 (tol=0.05257807937482024): -307.756537708725 -307.5129506921899 -307.1593178779036 -306.3190516341422
 Davidson iteration 38.16 (tol=0.05257791262465052): -307.7565377137657 -307.5137379018001 -307.1643602388758 -306.4866072900482
 Davidson iteration 38.17 (tol=0.0525800870365666): -307.7565378214169 -307.5139840119191 -307.1693756691415 -306.7977810504396
 Davidson iteration 38.18 (tol=0.05258348338822331): -307.7565381016272 -307.5140922402666 -307.1754776849783 -306.9684130981876
 Davidson iteration 38.19 (tol=0.05263970945351213): -307.7565400381802 -307.5141181231413 -307.1812593775609 -307.0296020784942
 Davidson iteration 39.0 (tol=0.05263970868394902): -307.7565343847176
 Davidson iteration 39.1 (tol=0.05244316104457179): -307.756534396307 -304.7062868724061
 Davidson iteration 39.2 (tol=0.0524496115606774): -307.7565344323698 -304.7122170559886 -304.6792654476351
 Davidson iteration 39.3 (tol=0.05246179139073149): -307.7565347652612 -305.0765311511019 -304.7031648350349 -303.594513096419
 Davidson iteration 39.4 (tol=0.05246753470811243): -307.7565349240878 -305.6613142744584 -304.7125225105401 -304.4786338977108
 Davidson iteration 39.5 (tol=0.05246884434550701): -307.7565350187061 -306.4816035581781 -304.9126033681057 -304.6855790957344
 Davidson iteration 39.6 (tol=0.05249117486995659): -307.7565358915468 -306.9207955507827 -305.1413280216312 -304.6946293407897
 Davidson iteration 39.7 (tol=0.0524870024922991): -307.7565360782267 -307.1048203409905 -305.409362994208 -304.6980464597333
 Davidson iteration 39.8 (tol=0.05248936088143258): -307.7565361028796 -307.1798375429294 -305.800083452458 -304.8247208669152
 Davidson iteration 39.9 (tol=0.05249116149952112): -307.7565361354636 -307.2375211499752 -306.4890002800306 -305.19009596251
 Davidson iteration 39.10 (tol=0.05249150871662101): -307.7565361419582 -307.3306103590564 -306.9622319699499 -305.5353988897118
 Davidson iteration 39.11 (tol=0.05250249089429265): -307.7565362754762 -307.4402445423489 -307.1060365256596 -305.847352281843
 Davidson iteration 39.12 (tol=0.05250195054507466): -307.7565362939241 -307.4925640169002 -307.146186239831 -306.1017921101796
 Davidson iteration 39.13 (tol=0.05250899789062496): -307.7565363648039 -307.508124619509 -307.159231922919 -306.3116041579684
 Davidson iteration 39.14 (tol=0.0525091011414803): -307.7565363668673 -307.5115221101626 -307.1637015590682 -306.4696348680714
 Davidson iteration 39.15 (tol=0.05251689942309572): -307.7565364729984 -307.5130076118784 -307.1683351878281 -306.7234282073481
 Davidson iteration 39.16 (tol=0.05252052259476805): -307.756536694853 -307.5137922572335 -307.1745740393352 -306.9614543313885
 Davidson iteration 39.17 (tol=0.05251882451417168): -307.7565367101457 -307.5139951841066 -307.179214781007 -307.0320871112025
 Davidson iteration 39.18 (tol=0.05252093223111339): -307.7565367433246 -307.5140385972509 -307.1823491519216 -307.057259229634
 Davidson iteration 39.19 (tol=0.05253449725180403): -307.7565372062247 -307.514049576247 -307.184096144841 -307.0688927664941
 Davidson iteration 40.0 (tol=0.0525344972433243): -307.7565381714331
 Davidson iteration 40.1 (tol=0.05256405348227452): -307.7565381716952 -304.7036495590362
 Davidson iteration 40.2 (tol=0.05256469267841411): -307.7565381722671 -304.8184792095463 -304.6889206595243
 Davidson iteration 40.3 (tol=0.05256408653741818): -307.7565381829264 -305.1003430736932 -304.69357983168 -303.9380850763731
 Davidson iteration 40.4 (tol=0.05256407418038359): -307.7565381834978 -305.4152656169852 -304.6941781807379 -304.148101651579
 Davidson iteration 40.5 (tol=0.05256478541361696): -307.7565381872159 -305.8364648816617 -304.6959892104826 -304.5078512398588
 Davidson iteration 40.6 (tol=0.05256392986990759): -307.7565382380108 -306.2934389596248 -304.8864889434876 -304.6935359165122
 Davidson iteration 40.7 (tol=0.05256421646701159): -307.7565382384109 -306.7178485978379 -305.2527746517245 -304.6943858866728
 Davidson iteration 40.8 (tol=0.05256537907869486): -307.7565382460215 -306.880014966852 -305.5126265388549 -304.6948342305738
 Davidson iteration 40.9 (tol=0.05256579400179991): -307.756538254253 -306.9758067843678 -305.8388511785398 -304.825672367821
 Davidson iteration 40.10 (tol=0.05256599715394742): -307.7565382563781 -307.0487300076938 -306.2318210017111 -305.2209401431056
 Davidson iteration 40.11 (tol=0.05256796992694568): -307.7565382830059 -307.1340586029561 -306.6492290342694 -305.5755965963102
 Davidson iteration 40.12 (tol=0.05256819933371432): -307.756538284541 -307.3036211556593 -306.9076800248815 -305.8874641629496
 Davidson iteration 40.13 (tol=0.0525685211545167): -307.756538285753 -307.4351378839341 -306.9834442469978 -306.1319576679779
 Davidson iteration 40.14 (tol=0.05256942936218979): -307.7565383151605 -307.4849902489919 -307.0129342568951 -306.3077476428487
 Davidson iteration 40.15 (tol=0.05257601800634244): -307.7565384184684 -307.5022603075518 -307.0295394817582 -306.4762068117716
 Davidson iteration 40.16 (tol=0.05257734393040997): -307.756538477249 -307.5102712269914 -307.0488768601724 -306.7264292427639
 Davidson iteration 40.17 (tol=0.05257923155680506): -307.7565384864664 -307.5131410276909 -307.0692395609251 -306.8637386290308
 Davidson iteration 40.18 (tol=0.0525809540895627): -307.7565385199791 -307.5138894600269 -307.0819183645731 -306.9118627011512
 Davidson iteration 40.19 (tol=0.05258108690200639): -307.7565385203659 -307.5140383721752 -307.0875491251585 -306.92849138288
 Davidson iteration 41.0 (tol=0.05258108689320265): -307.756537619798
 Davidson iteration 41.1 (tol=0.05257629299659319): -307.7565376198049 -304.7036498995325
 Davidson iteration 41.2 (tol=0.05257634648850373): -307.7565376198089 -304.8466672799143 -304.6888202673519
 Davidson iteration 41.3 (tol=0.05257616408073528): -307.7565376201617 -305.0938354906756 -304.692679240521 -304.1755248095027
 Davidson iteration 41.4 (tol=0.05257614163886432): -307.7565376203812 -305.3976401488748 -304.6931928782171 -304.2108820428249
 Davidson iteration 41.5 (tol=0.05257593836219827): -307.7565376215996 -305.8487909324443 -304.6949200499833 -304.5469572729741
 Davidson iteration 41.6 (tol=0.05257532403233634): -307.756537622613 -306.3307012701851 -304.9549559256898 -304.6929134510065
 Davidson iteration 41.7 (tol=0.05257534617734957): -307.7565376226254 -306.7982517673058 -305.3016081233852 -304.6934463970916
 Davidson iteration 41.8 (tol=0.05257779067686965): -307.7565376475043 -306.9798156021891 -305.5683515352686 -304.6936509339645
 Davidson iteration 41.9 (tol=0.05257790349540698): -307.7565376521051 -307.0575794158548 -305.8554949943951 -304.7853348999864
 Davidson iteration 41.10 (tol=0.05257806646917129): -307.7565376529873 -307.1017948101542 -306.1926580762098 -305.1910003149118
 Davidson iteration 41.11 (tol=0.05257776035181583): -307.7565376625599 -307.1516601524615 -306.658408976649 -305.5768340781374
 Davidson iteration 41.12 (tol=0.05257876675862354): -307.7565376752133 -307.2972643011266 -307.0100126386064 -305.913473421035
 Davidson iteration 41.13 (tol=0.05257944035973385): -307.7565376785966 -307.4453818732547 -307.070602668243 -306.1196640275206
 Davidson iteration 41.14 (tol=0.05257944987970802): -307.7565376794479 -307.4927717389365 -307.083855442768 -306.2456315880342
 Davidson iteration 41.15 (tol=0.05257945031910805): -307.7565376794476 -307.5061652389587 -307.0901444871411 -306.3743228401031
 Davidson iteration 41.16 (tol=0.05257945607282041): -307.756537679469 -307.5107168617865 -307.0933062125442 -306.6136295655291
 Davidson iteration 41.17 (tol=0.05257920158030928): -307.7565376851468 -307.5127396413935 -307.0979970894963 -306.8843812967791
 Davidson iteration 41.18 (tol=0.05257917520262335): -307.7565376852601 -307.5136119245563 -307.106961423887 -307.0057024697479
 Davidson iteration 41.19 (tol=0.052586097196619): -307.7565378372377 -307.5138560796283 -307.1178556626738 -307.0449533151287
 Davidson iteration 42.0 (tol=0.05258609719510147): -307.7565376982679
 Davidson iteration 42.1 (tol=0.0525835651628602): -307.7565376982698 -304.7031347440411
 Davidson iteration 42.2 (tol=0.05258384784692921): -307.7565376983793 -304.8486831201683 -304.6883619665936
 Davidson iteration 42.3 (tol=0.05258371836899559): -307.7565376985609 -305.0913297480376 -304.6919365020564 -304.2348536998949
 Davidson iteration 42.4 (tol=0.05258371095005387): -307.756537699154 -305.3752723672611 -304.6923452567997 -304.3062114130353
 Davidson iteration 42.5 (tol=0.05258363907838371): -307.7565376994115 -305.7457265247673 -304.6933243674242 -304.4655533354443
 Davidson iteration 42.6 (tol=0.052583239943447): -307.7565376998041 -306.237147931347 -304.9229835099965 -304.6923617555327
 Davidson iteration 42.7 (tol=0.0525838190122619): -307.7565377036144 -306.728716034275 -305.2717578227387 -304.6927831473793
 Davidson iteration 42.8 (tol=0.05258568275630799): -307.7565377228276 -306.9472739276902 -305.524167328038 -304.6929190346896
 Davidson iteration 42.9 (tol=0.05258563818475503): -307.7565377234766 -307.0433085353939 -305.7917422502616 -304.7510361408461
 Davidson iteration 42.10 (tol=0.05258559596418556): -307.7565377236233 -307.0832473342971 -306.0263561923323 -305.0998633229718
 Davidson iteration 42.11 (tol=0.0525853847133943): -307.7565377264751 -307.113620508012 -306.370991263763 -305.4536475497028
 Davidson iteration 42.12 (tol=0.05258536858376673): -307.7565377264845 -307.1685646531034 -306.866094396674 -305.8292152387619
 Davidson iteration 42.13 (tol=0.05258548573605886): -307.7565377273417 -307.3723152825857 -307.058574276469 -306.0709188619655
 Davidson iteration 42.14 (tol=0.05258562905499656): -307.7565377286463 -307.4728951340377 -307.0795283577932 -306.1926446872008
 Davidson iteration 42.15 (tol=0.05258712713016392): -307.7565377458077 -307.4995172370212 -307.0860156990128 -306.295788355491
 Davidson iteration 42.16 (tol=0.05258707223500955): -307.7565377484195 -307.5078010277806 -307.0882524941111 -306.4631039459555
 Davidson iteration 42.17 (tol=0.05258687199861195): -307.7565377633243 -307.5114715598749 -307.0904777271645 -306.7706801211984
 Davidson iteration 42.18 (tol=0.05259316594032309): -307.7565379725126 -307.5132746822092 -307.0957342024473 -306.9833354484226
 Davidson iteration 42.19 (tol=0.05260603609665187): -307.7565385706567 -307.5138185100102 -307.1057294502507 -307.0480569161019
 Davidson iteration 43.0 (tol=0.05260603590362831): -307.7565365655656
 Davidson iteration 43.1 (tol=0.05254592081478029): -307.7565365666501 -304.705201258381
 Davidson iteration 43.2 (tol=0.05254681952787253): -307.7565365676441 -304.8239832466314 -304.6930441172179
 Davidson iteration 43.3 (tol=0.0525467007918206): -307.7565366002713 -305.1020336026052 -304.6975843945779 -304.2526600240608
 Davidson iteration 43.4 (tol=0.05254837226517745): -307.7565366337969 -305.5380111382218 -304.7004003708527 -304.3687218016829
 Davidson iteration 43.5 (tol=0.0525486017530887): -307.7565366584878 -306.3016590114134 -304.8641900922988 -304.6856007200322
 Davidson iteration 43.6 (tol=0.05254963323110259): -307.7565369022162 -306.9200606423281 -305.1697921282436 -304.6943964908925
 Davidson iteration 43.7 (tol=0.05255045663557578): -307.7565369990196 -307.2010840933847 -305.4812068333486 -304.6963911498885
 Davidson iteration 43.8 (tol=0.05255098624179272): -307.7565370081852 -307.3024885426307 -305.9399444215762 -304.8123530230464
 Davidson iteration 43.9 (tol=0.05255087259057014): -307.7565370092222 -307.3744245082142 -306.5774254509879 -305.2150771731204
 Davidson iteration 43.10 (tol=0.0525508709710175): -307.7565370092228 -307.4434739166735 -306.9655340751815 -305.5510996702329
 Davidson iteration 43.11 (tol=0.052554979625391): -307.7565370509648 -307.4912173342445 -307.1080653663921 -305.7792016616545
 Davidson iteration 43.12 (tol=0.05255469509128319): -307.7565370521179 -307.508745483722 -307.1555968569477 -306.0092488329107
 Davidson iteration 43.13 (tol=0.05255604508685163): -307.7565370629849 -307.5127551203975 -307.1704958031172 -306.1684069282745
 Davidson iteration 43.14 (tol=0.05255604508087269): -307.7565370629849 -307.5136886840976 -307.1750849344326 -306.2657333528881
 Davidson iteration 43.15 (tol=0.05256025339921392): -307.7565371110808 -307.5140781182158 -307.177589376211 -306.4132288288084
 Davidson iteration 43.16 (tol=0.05255944184100771): -307.756537121331 -307.5141860455716 -307.1797781474473 -306.7426807858541
 Davidson iteration 43.17 (tol=0.05255980625942183): -307.7565371554504 -307.5142225457576 -307.181893426564 -306.9226750719386
 Davidson iteration 43.18 (tol=0.05256393127730207): -307.7565372028035 -307.5142394459922 -307.1833828528746 -306.9943785479454
 Davidson iteration 43.19 (tol=0.05259104163372137): -307.7565377727434 -307.5142399743382 -307.184021047614 -307.0239769787934
 Davidson iteration 44.0 (tol=0.05259104163000509): -307.7565376550939
 Davidson iteration 44.1 (tol=0.05258533949314655): -307.7565376551037 -304.7035532710833
 Davidson iteration 44.2 (tol=0.05258548279063632): -307.756537655133 -304.8552464798416 -304.6877945895375
 Davidson iteration 44.3 (tol=0.05258548495896499): -307.7565376551331 -305.070275185975 -304.6914333928816 -304.2978138385404
 Davidson iteration 44.4 (tol=0.05258551427895253): -307.75653765666 -305.3159754483326 -304.691830378708 -304.3617841201365
 Davidson iteration 44.5 (tol=0.05258560715222975): -307.7565376575827 -305.5670826752976 -304.6922544028592 -304.3895822814473
 Davidson iteration 44.6 (tol=0.05258604518089231): -307.7565376579572 -305.8691439266275 -304.7304021607682 -304.6920832649559
 Davidson iteration 44.7 (tol=0.05258893161688674): -307.7565376861246 -306.3040824395782 -305.1102697069338 -304.6923532082556
 Davidson iteration 44.8 (tol=0.05258884356491757): -307.7565376866365 -306.6752230288584 -305.4372137615704 -304.6923992015379
 Davidson iteration 44.9 (tol=0.05258871227044605): -307.7565376881191 -306.9409123882518 -305.7475015792455 -304.7356993132217
 Davidson iteration 44.10 (tol=0.05258910453205311): -307.7565377007904 -307.0837318631729 -305.9849647722226 -305.0920329362883
 Davidson iteration 44.11 (tol=0.05258923339164377): -307.7565377027848 -307.1905872913081 -306.3281101166837 -305.4285924011992
 Davidson iteration 44.12 (tol=0.05258928974120582): -307.7565377114321 -307.2975146228558 -306.7412883101504 -305.7634333300559
 Davidson iteration 44.13 (tol=0.05258929151563243): -307.756537711531 -307.4280607480453 -306.989576062841 -306.0227574460097
 Davidson iteration 44.14 (tol=0.05258932918811): -307.7565377130831 -307.4893449714934 -307.0594416589464 -306.1510529066226
 Davidson iteration 44.15 (tol=0.05259104390557921): -307.7565377369324 -307.5065239384272 -307.0812919452218 -306.2490047420658
 Davidson iteration 44.16 (tol=0.05259101348579812): -307.7565377370155 -307.5111588285716 -307.0909285903148 -306.3747610708901
 Davidson iteration 44.17 (tol=0.05259133732076372): -307.7565377400694 -307.512922419936 -307.0964898750936 -306.5984171714613
 Davidson iteration 44.18 (tol=0.05259143082305532): -307.7565377569712 -307.5137840498006 -307.1039690482597 -306.8695686668202
 Davidson iteration 44.19 (tol=0.05259006008878656): -307.7565378312622 -307.5140196688333 -307.1132218191821 -306.9658673853812
 Davidson iteration 45.0 (tol=0.05259006007529118): -307.7565376927492
 Davidson iteration 45.1 (tol=0.05259133756045827): -307.7565376927498 -304.7033834919952
 Davidson iteration 45.2 (tol=0.05259139907620627): -307.7565376927553 -304.8588558231843 -304.6891299805164
 Davidson iteration 45.3 (tol=0.05259112017327171): -307.7565376934689 -305.0904534036662 -304.6924204382994 -304.3111476648356
 Davidson iteration 45.4 (tol=0.05259118164180519): -307.7565376941903 -305.3732071992136 -304.6929505763574 -304.3823383936625
 Davidson iteration 45.5 (tol=0.05259115833726195): -307.756537694322 -305.7602400034699 -304.6953203784517 -304.5309432955839
 Davidson iteration 45.6 (tol=0.05258967884829827): -307.7565377007784 -306.3068251327563 -305.0338918416642 -304.6925061745857
 Davidson iteration 45.7 (tol=0.05258945488716848): -307.7565377108252 -306.8282030037943 -305.3249382358003 -304.6932535592505
 Davidson iteration 45.8 (tol=0.0525897521277606): -307.7565377125599 -307.0508842248325 -305.6194480341161 -304.6933048092813
 Davidson iteration 45.9 (tol=0.05259022726405832): -307.7565377148391 -307.1472918891939 -305.937131018656 -304.8567472227516
 Davidson iteration 45.10 (tol=0.0525903872934041): -307.7565377191587 -307.2053723474924 -306.334448064228 -305.3083231131718
 Davidson iteration 45.11 (tol=0.0525903816309761): -307.7565377191601 -307.2994598082459 -306.868733614412 -305.6604844521277
 Davidson iteration 45.12 (tol=0.05259037845956158): -307.7565377192262 -307.4319430686816 -307.0697292859197 -305.9088776720802
 Davidson iteration 45.13 (tol=0.05259048905241027): -307.7565377200031 -307.4927188961448 -307.1197191854297 -306.0989678640456
 Davidson iteration 45.14 (tol=0.052590464750502): -307.7565377202217 -307.5069910592035 -307.1326344823203 -306.2181703452321
 Davidson iteration 45.15 (tol=0.05259046077728245): -307.7565377202247 -307.5112077992328 -307.1377914779262 -306.3579911625368
 Davidson iteration 45.16 (tol=0.05259059275623353): -307.7565377209448 -307.5129201177371 -307.1452041805321 -306.7135375197146
 Davidson iteration 45.17 (tol=0.05259053913680287): -307.756537724931 -307.5136947365215 -307.1566856943437 -306.9904686344476
 Davidson iteration 45.18 (tol=0.05259048501944909): -307.756537725085 -307.5139972694233 -307.1737098828215 -307.0655640468337
 Davidson iteration 45.19 (tol=0.05259402396926969): -307.7565378040347 -307.514069980528 -307.184437139465 -307.0829693664042
 Davidson iteration 46.0 (tol=0.05259402394570158): -307.7565374434097
 Davidson iteration 46.1 (tol=0.05257777806287466): -307.7565374434889 -304.7039069894224
 Davidson iteration 46.2 (tol=0.0525780640363595): -307.756537443603 -304.8472229154009 -304.6886797161702
 Davidson iteration 46.3 (tol=0.05257766358282758): -307.7565374453603 -305.0755000160185 -304.6925274663104 -304.2804000310737
 Davidson iteration 46.4 (tol=0.05257769614059409): -307.756537445574 -305.3356937137122 -304.6931043393933 -304.3628565258855
 Davidson iteration 46.5 (tol=0.05257774737321812): -307.7565374458213 -305.6494628161882 -304.6945074702862 -304.449808386429
 Davidson iteration 46.6 (tol=0.05257632880620487): -307.7565374524845 -306.1036843391327 -304.9332090790764 -304.6927307835765
 Davidson iteration 46.7 (tol=0.05257611535041911): -307.7565374531207 -306.7197624120399 -305.303791043954 -304.6936379765169
 Davidson iteration 46.8 (tol=0.05257651410225515): -307.7565374555008 -307.0847158628943 -305.6317314157858 -304.6939111847913
 Davidson iteration 46.9 (tol=0.05257659698028225): -307.7565374556851 -307.2682667104698 -305.9887211384809 -304.9368280786502
 Davidson iteration 46.10 (tol=0.05257664307079253): -307.7565374573848 -307.3556866331974 -306.3442999024993 -305.3322716273565
 Davidson iteration 46.11 (tol=0.05257663615754483): -307.7565374573859 -307.4207622641388 -306.7563964845306 -305.658418199498
 Davidson iteration 46.12 (tol=0.05257670013516016): -307.7565374577072 -307.476059072465 -307.0325155682518 -305.9235353345752
 Davidson iteration 46.13 (tol=0.05257697889410997): -307.7565374594732 -307.5048883436402 -307.1372746452301 -306.1159295165965
 Davidson iteration 46.14 (tol=0.05257709691244012): -307.7565374630315 -307.5114367030795 -307.1629638806178 -306.2104193885311
 Davidson iteration 46.15 (tol=0.05257746363662785): -307.7565374655588 -307.5128915624917 -307.1709381378141 -306.2920096683869
 Davidson iteration 46.16 (tol=0.05257790041161661): -307.7565374679909 -307.5135295008964 -307.1762928177603 -306.4835631400551
 Davidson iteration 46.17 (tol=0.05257784994658059): -307.756537468066 -307.5138557934007 -307.1806212327508 -306.8069564746022
 Davidson iteration 46.18 (tol=0.05258004362687413): -307.7565374953655 -307.5140016764808 -307.186423360593 -306.9903730905774
 Davidson iteration 46.19 (tol=0.05258712193191259): -307.7565376642853 -307.5140463046787 -307.1911417949894 -307.0456755477737
 Davidson iteration 47.0 (tol=0.05258712193041895): -307.7565377849544
 Davidson iteration 47.1 (tol=0.05259063611691156): -307.7565377849581 -304.7032364547337
 Davidson iteration 47.2 (tol=0.05259073767519966): -307.7565377849729 -304.8635254638814 -304.6885898181205
 Davidson iteration 47.3 (tol=0.05259078546157395): -307.7565377849902 -305.0871412758638 -304.6916554800649 -304.308190227589
 Davidson iteration 47.4 (tol=0.05259077803154723): -307.7565377853446 -305.3555819283759 -304.6920411476062 -304.3751679317533
 Davidson iteration 47.5 (tol=0.05259076184288021): -307.7565377853876 -305.6995669468725 -304.6928948849969 -304.4630819668706
 Davidson iteration 47.6 (tol=0.05259104494619232): -307.7565377855363 -306.164903427312 -304.9370480530943 -304.6921585721706
 Davidson iteration 47.7 (tol=0.05259141253151814): -307.7565377874488 -306.6919782061221 -305.2601723505561 -304.6925404534841
 Davidson iteration 47.8 (tol=0.0525921916030998): -307.7565377930699 -306.9424148279929 -305.5292186477137 -304.6926116522233
 Davidson iteration 47.9 (tol=0.0525921265573784): -307.7565377933615 -307.0485248599715 -305.7814123001665 -304.7418937940587
 Davidson iteration 47.10 (tol=0.05259222206761927): -307.7565377940106 -307.0945264646837 -306.0015480917488 -305.0989510363708
 Davidson iteration 47.11 (tol=0.05259209887055877): -307.7565377958817 -307.1263284129162 -306.3474999673666 -305.4454914171995
 Davidson iteration 47.12 (tol=0.0525920638910386): -307.7565377959497 -307.1772589471658 -306.8322268203482 -305.7972446758033
 Davidson iteration 47.13 (tol=0.052592318356121): -307.756537800221 -307.3660946846013 -307.0618366841156 -306.0525524996488
 Davidson iteration 47.14 (tol=0.05259249271247268): -307.7565378033377 -307.4696043823283 -307.0889055747502 -306.1869039120305
 Davidson iteration 47.15 (tol=0.05259299788535082): -307.7565378078182 -307.4987458431826 -307.0957147186588 -306.3013538432613
 Davidson iteration 47.16 (tol=0.05259309317424751): -307.756537808545 -307.5083478265431 -307.098892060555 -306.5113740914514
 Davidson iteration 47.17 (tol=0.05259310864973635): -307.7565378087335 -307.5120257666827 -307.1009672656888 -306.7804496769631
 Davidson iteration 47.18 (tol=0.05259355045127715): -307.7565378175862 -307.5135703189336 -307.1035175558943 -306.9533930150808
 Davidson iteration 47.19 (tol=0.052600461354872): -307.7565379178728 -307.5139721451756 -307.1068518420818 -307.0151023783164
 Davidson iteration 48.0 (tol=0.0526004613302386): -307.7565374232028
 Davidson iteration 48.1 (tol=0.05258482254789276): -307.7565374232762 -304.7036673145244
 Davidson iteration 48.2 (tol=0.05258491752648746): -307.756537423289 -304.8516256517635 -304.6890819029367
 Davidson iteration 48.3 (tol=0.05258458018771248): -307.7565374244809 -305.0830773054676 -304.692645780926 -304.2864818559721
 Davidson iteration 48.4 (tol=0.05258464348077241): -307.7565374251753 -305.359301684186 -304.6932616235685 -304.3513787836613
 Davidson iteration 48.5 (tol=0.05258461806367945): -307.7565374254202 -305.7288821199996 -304.6959144346407 -304.5230918939265
 Davidson iteration 48.6 (tol=0.05258296743989276): -307.7565374338502 -306.2716076187775 -305.0257826200785 -304.6927348476752
 Davidson iteration 48.7 (tol=0.05258270070148543): -307.7565374416578 -306.8624225327285 -305.3630172391656 -304.6935180573993
 Davidson iteration 48.8 (tol=0.05258320942573329): -307.756537445381 -307.1419056224487 -305.7050838906608 -304.6938136873852
 Davidson iteration 48.9 (tol=0.05258344487211803): -307.7565374462753 -307.278249880548 -306.1109718580833 -304.9865289225731
 Davidson iteration 48.10 (tol=0.05258358070007694): -307.7565374498186 -307.3663549695891 -306.5403894149286 -305.4021726425587
 Davidson iteration 48.11 (tol=0.05258374626689804): -307.7565374502846 -307.4487497209623 -306.9025809526861 -305.6867488595771
 Davidson iteration 48.12 (tol=0.05258374509648658): -307.7565374503611 -307.4954290149 -307.053502240112 -305.930501599574
 Davidson iteration 48.13 (tol=0.05258393991026248): -307.7565374514886 -307.5097815925386 -307.1046674575453 -306.1039636739845
 Davidson iteration 48.14 (tol=0.05258396857961716): -307.7565374537581 -307.5129492061688 -307.1189298142874 -306.1990743456583
 Davidson iteration 48.15 (tol=0.05258414642940261): -307.7565374547507 -307.5138250498064 -307.1237965668701 -306.2912983142109
 Davidson iteration 48.16 (tol=0.05258442172547384): -307.7565374562529 -307.5140290792095 -307.1275592367889 -306.5107168361228
 Davidson iteration 48.17 (tol=0.05258442314395963): -307.756537456253 -307.5140961252048 -307.131220054187 -306.8417167125504
 Davidson iteration 48.18 (tol=0.05258551473140806): -307.7565374652531 -307.5141397482443 -307.1396377019096 -307.0215499489619
 Davidson iteration 48.19 (tol=0.05258922904040354): -307.7565375279628 -307.5141524632147 -307.1522032643941 -307.0703288007272
 Davidson iteration 49.0 (tol=0.05258922904305058): -307.7565377051241
 Davidson iteration 49.1 (tol=0.0525883832356307): -307.7565377051243 -304.7035450172112
 Davidson iteration 49.2 (tol=0.05258838148404423): -307.7565377051242 -304.8645497276907 -304.6885429492292
 Davidson iteration 49.3 (tol=0.0525884974452742): -307.7565377052309 -305.0813063162659 -304.6918050394241 -304.3486423900218
 Davidson iteration 49.4 (tol=0.05258849018963445): -307.7565377053515 -305.3397673587352 -304.6921559498722 -304.4186755380053
 Davidson iteration 49.5 (tol=0.05258847958972854): -307.7565377053741 -305.6587853449907 -304.6929652014724 -304.486074926066
 Davidson iteration 49.6 (tol=0.0525890182411359): -307.7565377058935 -306.0763508109136 -304.9174393571997 -304.6923242489092
 Davidson iteration 49.7 (tol=0.05258922013056685): -307.7565377064988 -306.6188466595607 -305.2448788202287 -304.6929884951869
 Davidson iteration 49.8 (tol=0.05258936574193591): -307.7565377069822 -306.9165917096942 -305.5361802763764 -304.6929886799111
 Davidson iteration 49.9 (tol=0.05258936269158239): -307.7565377069825 -307.0546130405446 -305.7973205321128 -304.7640310530982
 Davidson iteration 49.10 (tol=0.05258936441825966): -307.7565377069864 -307.120383736349 -306.0396186314034 -305.1425278383988
 Davidson iteration 49.11 (tol=0.05258928567818511): -307.7565377076053 -307.1719440264698 -306.4380493526798 -305.497421965357
 Davidson iteration 49.12 (tol=0.05258922529331794): -307.756537708189 -307.2653801618742 -306.9095768048241 -305.8470759175973
 Davidson iteration 49.13 (tol=0.0525892331798383): -307.7565377082393 -307.4304728598817 -307.0730185650531 -306.0694299564893
 Davidson iteration 49.14 (tol=0.05258921191033407): -307.7565377083255 -307.4889869623357 -307.0997365824135 -306.1872218027237
 Davidson iteration 49.15 (tol=0.05258920491657556): -307.7565377083313 -307.5044492094682 -307.1077633293262 -306.2886615695306
 Davidson iteration 49.16 (tol=0.05258951646376355): -307.7565377146049 -307.5100859719232 -307.1122791574604 -306.50544598769
 Davidson iteration 49.17 (tol=0.05258972668108872): -307.7565377297888 -307.5125166032271 -307.1165852475783 -306.8236852953969
 Davidson iteration 49.18 (tol=0.05259049030380392): -307.7565377899487 -307.5136238571093 -307.1245736638752 -307.0015496808987
 Davidson iteration 49.19 (tol=0.05258883476953629): -307.7565380636137 -307.5139636022685 -307.1364703382105 -307.0567145933169
 Davidson iteration 50.0 (tol=0.05258883472188709): -307.7565378469187
 Davidson iteration 50.1 (tol=0.05259897919096947): -307.7565378469496 -304.7019542737372
 Davidson iteration 50.2 (tol=0.05259915669748402): -307.7565378469958 -304.8733969876918 -304.6893967322341
 Davidson iteration 50.3 (tol=0.05259896403472439): -307.7565378473473 -305.1203786168094 -304.6917781836582 -304.305498816527
 Davidson iteration 50.4 (tol=0.05259897947215639): -307.7565378479481 -305.4409961295394 -304.6921087856294 -304.3620099020513
 Davidson iteration 50.5 (tol=0.05259895375925351): -307.756537851954 -305.9722606196037 -304.6976814609744 -304.6143721177537
 Davidson iteration 50.6 (tol=0.05259733639670781): -307.7565378595511 -306.6083599229672 -305.0961023805466 -304.6914842732718
 Davidson iteration 50.7 (tol=0.05259728422516296): -307.7565378707484 -307.0110159522782 -305.3673587345538 -304.6919480846378
 Davidson iteration 50.8 (tol=0.05259959418799132): -307.7565378976693 -307.1530164477949 -305.6812855103367 -304.6921106204729
 Davidson iteration 50.9 (tol=0.05259985609125181): -307.7565378999546 -307.2372436846557 -306.2584178492199 -305.1084079325594
 Davidson iteration 50.10 (tol=0.05260003296734225): -307.7565379040287 -307.335685367046 -306.7888239967521 -305.4661687641035
 Davidson iteration 50.11 (tol=0.0525998761585569): -307.7565379045453 -307.4474476230689 -307.0255533482118 -305.688941531421
 Davidson iteration 50.12 (tol=0.05260028341024065): -307.7565379096563 -307.4921358663767 -307.0888103597077 -305.9241986231607
 Davidson iteration 50.13 (tol=0.05260026665616356): -307.7565379114867 -307.5063621962454 -307.1107051194156 -306.1878641799054
 Davidson iteration 50.14 (tol=0.05260076463669019): -307.7565379233326 -307.5106318263569 -307.121889806068 -306.4396111076949
 Davidson iteration 50.15 (tol=0.05260069082502287): -307.7565379262677 -307.5124777988033 -307.1316686901826 -306.6988652016206
 Davidson iteration 50.16 (tol=0.05260115291141992): -307.7565379348072 -307.5135965586211 -307.1457814700229 -306.9314110708772
 Davidson iteration 50.17 (tol=0.05260114825857123): -307.7565379363697 -307.5139379474765 -307.159825124436 -307.0118196247756
 Davidson iteration 50.18 (tol=0.05260108782048593): -307.7565379396393 -307.5140234167502 -307.1705673399586 -307.0443009732548
 Davidson iteration 50.19 (tol=0.05260132256233762): -307.7565379969265 -307.5140453010188 -307.1775263121012 -307.0572302735858
 Davidson iteration 51.0 (tol=0.05260132256086): -307.756537671828
 Davidson iteration 51.1 (tol=0.05260102552460297): -307.756537671828 -304.7022923027985
 Davidson iteration 51.2 (tol=0.05260095570319265): -307.7565376718352 -304.8711564892055 -304.6891210147216
 Davidson iteration 51.3 (tol=0.05260078431821259): -307.7565376721012 -305.106143202534 -304.6914922266478 -304.3384156536025
 Davidson iteration 51.4 (tol=0.05260078564768726): -307.7565376721432 -305.3778009186415 -304.6916769808097 -304.4225442858038
 Davidson iteration 51.5 (tol=0.05260078931692774): -307.7565376721449 -305.7349244919178 -304.6925786791764 -304.4806442335815
 Davidson iteration 51.6 (tol=0.05259999595231307): -307.7565376735034 -306.1984402313549 -304.9399593890914 -304.6919709234664
 Davidson iteration 51.7 (tol=0.0525999114582106): -307.7565376736227 -306.6627942257819 -305.2303626079953 -304.6924750471643
 Davidson iteration 51.8 (tol=0.05259990379897): -307.7565376736263 -306.8860421011636 -305.5085385099057 -304.6924778159348
 Davidson iteration 51.9 (tol=0.05259988023928941): -307.7565376736378 -306.9835134560696 -305.7589632664535 -304.7327076441287
 Davidson iteration 51.10 (tol=0.05259989169413037): -307.7565376736961 -307.0366512792237 -306.0107581220969 -305.1142043341781
 Davidson iteration 51.11 (tol=0.05259996640015017): -307.7565376738589 -307.0811782148912 -306.3947997662911 -305.4359617339368
 Davidson iteration 51.12 (tol=0.0525999216405893): -307.7565376741035 -307.13399986542 -306.7694888787634 -305.7440262003959
 Davidson iteration 51.13 (tol=0.0526000027269457): -307.7565376815842 -307.2752875840414 -306.9825038603025 -306.046643802072
 Davidson iteration 51.14 (tol=0.0526002316461797): -307.7565376949538 -307.3904671091529 -307.0329840192312 -306.273790225401
 Davidson iteration 51.15 (tol=0.05260257224364032): -307.7565377742942 -307.4549217108426 -307.0573901202213 -306.5043838243861
 Davidson iteration 51.16 (tol=0.0526048787094047): -307.7565380801715 -307.4948397393588 -307.0832079212709 -306.7852816793343
 Davidson iteration 51.17 (tol=0.05261842547785713): -307.7565390946434 -307.5086178768607 -307.1073471656813 -306.9128201985571
 Davidson iteration 51.18 (tol=0.05267607375990248): -307.7565423836901 -307.5122528468163 -307.1209928157896 -306.9526275770005
 Davidson iteration 51.19 (tol=0.05329170760868094): -307.7565701560651 -307.5133546206368 -307.1300463043602 -306.9707284972246
 Davidson iteration 52.0 (tol=0.05329166673553609): -307.7565087979644
 Davidson iteration 52.1 (tol=0.05169244624175096): -307.7565095592115 -304.6973532566003
 Davidson iteration 52.2 (tol=0.05175148383932664): -307.7565103001067 -304.7723916199783 -304.1182646124331
 Davidson iteration 52.3 (tol=0.05201516468196036): -307.7565150204796 -305.6302531170952 -304.702734153125 -302.5706328843344
 Davidson iteration 52.4 (tol=0.05220053239470584): -307.756523402153 -306.7975208313646 -304.7038808139566 -304.4684787858554
 Davidson iteration 52.5 (tol=0.0521509036386518): -307.7565243914111 -307.2049388896409 -305.0248837120657 -304.7008849497303
 Davidson iteration 52.6 (tol=0.05214834118573734): -307.7565250369241 -307.3273481301314 -305.488410150902 -304.7069659413191
 Davidson iteration 52.7 (tol=0.05215477440090886): -307.756525062061 -307.3930192290957 -306.2963960275867 -304.8250705187131
 Davidson iteration 52.8 (tol=0.05216054290810502): -307.7565256193463 -307.4506374321897 -306.8599838945219 -305.0570495333083
 Davidson iteration 52.9 (tol=0.0521578942535616): -307.7565258288353 -307.4861396857722 -307.0664210336311 -305.3421946856355
 Davidson iteration 52.10 (tol=0.05218983968291143): -307.7565264683649 -307.4997853277244 -307.1348422962552 -305.7223194167323
 Davidson iteration 52.11 (tol=0.05218135118788669): -307.7565265529296 -307.5050772251565 -307.1628813087314 -306.0235184026007
 Davidson iteration 52.12 (tol=0.05218195369871947): -307.7565265627884 -307.5064758868961 -307.17192234423 -306.2278032289741
 Davidson iteration 52.13 (tol=0.05219847737563566): -307.7565267205974 -307.5066082846247 -307.1739281375389 -306.3228957183786
 Davidson iteration 52.14 (tol=0.05219880228416815): -307.7565267348203 -307.5066588823758 -307.1746803971747 -306.4388118632191
 Davidson iteration 52.15 (tol=0.05219763366412158): -307.7565267441378 -307.5067400064862 -307.175227667877 -306.7159648767735
 Davidson iteration 52.16 (tol=0.05220983321961845): -307.7565271321532 -307.5067703626299 -307.1755799060378 -306.8878509070025
 Davidson iteration 52.17 (tol=0.05221055454990323): -307.7565276046266 -307.5067710643353 -307.1756924646044 -306.9335774777524
 Davidson iteration 52.18 (tol=0.05220982175563894): -307.756527607445 -307.5067711756744 -307.1757014431188 -306.9479503445519
 Davidson iteration 52.19 (tol=0.05227123596367569): -307.7565296429594 -307.5067730439053 -307.1757298759783 -306.9540616047793
 Davidson iteration 53.0 (tol=0.05227123556061698): -307.7565361353689
 Davidson iteration 53.1 (tol=0.05215020111853265): -307.7565361397649 -304.7057079682931
 Davidson iteration 53.2 (tol=0.05215965979626643): -307.756536205571 -304.7065615609381 -304.5415410756599
 Davidson iteration 53.3 (tol=0.05216899192306062): -307.7565365097474 -304.9461624362225 -304.6959590198377 -303.391993444621
 Davidson iteration 53.4 (tol=0.05217061708578808): -307.7565365580735 -305.2521893518539 -304.7002893597484 -304.1613286710847
 Davidson iteration 53.5 (tol=0.05218106774227042): -307.7565367323422 -305.7993748989498 -304.7541667979165 -304.6441309546537
 Davidson iteration 53.6 (tol=0.05219664015059155): -307.7565370105222 -306.5898031177143 -304.9595392150221 -304.6916853997151
 Davidson iteration 53.7 (tol=0.05219406060190084): -307.756537278791 -307.0801937503454 -305.2329781732788 -304.700842736492
 Davidson iteration 53.8 (tol=0.05219503761033302): -307.7565373046411 -307.284949268131 -305.7868977805223 -304.7475637921834
 Davidson iteration 53.9 (tol=0.05219539197422052): -307.7565373053161 -307.4090721644407 -306.4252269752834 -304.9926373662705
 Davidson iteration 53.10 (tol=0.05219746078558361): -307.7565373850372 -307.4687433091044 -306.7732386879801 -305.2755861329468
 Davidson iteration 53.11 (tol=0.05221391637667061): -307.756537571236 -307.4972933409554 -306.974166160183 -305.6264912322885
 Davidson iteration 53.12 (tol=0.05221539285501633): -307.7565376612741 -307.5097146724199 -307.1125841264704 -306.065841454694
 Davidson iteration 53.13 (tol=0.05223473854824956): -307.7565378970571 -307.5128079615784 -307.17300049345 -306.3215987384658
 Davidson iteration 53.14 (tol=0.05223992723456748): -307.7565379500251 -307.5136530652277 -307.2147610303761 -306.4954563469494
 Davidson iteration 53.15 (tol=0.05223916315555519): -307.7565379875092 -307.5140280492824 -307.2604388228734 -306.6857825582887
 Davidson iteration 53.16 (tol=0.05224149702603829): -307.756538061831 -307.5142229009828 -307.3102106940812 -306.8663576792093
 Davidson iteration 53.17 (tol=0.05223872706521169): -307.7565380990985 -307.5142456876944 -307.3321596212828 -306.9162502037405
 Davidson iteration 53.18 (tol=0.05224327402965704): -307.7565381697478 -307.5142502124386 -307.3405082440317 -306.9345238565824
 Davidson iteration 53.19 (tol=0.05225597650597291): -307.7565388247606 -307.5142615687856 -307.3465501129012 -306.9436028274877
 Davidson iteration 54.0 (tol=0.05225597648356174): -307.7565372774972
 Davidson iteration 54.1 (tol=0.05221410611191107): -307.7565372780239 -304.7088552592313
 Davidson iteration 54.2 (tol=0.05221827407998027): -307.7565372933585 -304.7189793936919 -304.6148658719802
 Davidson iteration 54.3 (tol=0.05221765838049144): -307.7565373395625 -304.9297633684977 -304.6935469085224 -303.5387215752975
 Davidson iteration 54.4 (tol=0.05221797173640842): -307.7565373421315 -305.1845958615087 -304.6998164450835 -304.1848804273824
 Davidson iteration 54.5 (tol=0.05221849902405505): -307.7565373541939 -305.6892058821898 -304.7489388807217 -304.6320619871501
 Davidson iteration 54.6 (tol=0.05222311338175196): -307.7565374683508 -306.4110564799896 -304.9447769406198 -304.6888648853196
 Davidson iteration 54.7 (tol=0.05222156726944577): -307.7565375584242 -306.991265879542 -305.162547407441 -304.6960476939038
 Davidson iteration 54.8 (tol=0.05222654670221989): -307.7565376268226 -307.1796616705632 -305.4259333753272 -304.6990504922435
 Davidson iteration 54.9 (tol=0.05222679093706689): -307.7565376290324 -307.2510802459607 -305.7484112575785 -304.7903041239484
 Davidson iteration 54.10 (tol=0.05222818429587286): -307.7565376672527 -307.2820062368593 -306.0601868546742 -305.0597733349807
 Davidson iteration 54.11 (tol=0.05222810755145702): -307.7565376672761 -307.2962817393667 -306.3640737353098 -305.3466366105082
 Davidson iteration 54.12 (tol=0.05223902803419381): -307.7565378474737 -307.3108213316519 -306.8120972563669 -305.8218760677627
 Davidson iteration 54.13 (tol=0.05223854321626034): -307.7565378499771 -307.3622175155764 -307.2027540705484 -306.1001453867082
 Davidson iteration 54.14 (tol=0.05223858045747435): -307.7565378501706 -307.4474504405217 -307.2702818090751 -306.2175056005175
 Davidson iteration 54.15 (tol=0.05223836581803033): -307.756537850481 -307.4778737612529 -307.2838888488332 -306.3572498499213
 Davidson iteration 54.16 (tol=0.05223908797856346): -307.7565378679024 -307.4976650818604 -307.3011628448265 -306.755626983223
 Davidson iteration 54.17 (tol=0.05224360177740258): -307.75653811583 -307.5089648504698 -307.3179999370806 -306.9886984458994
 Davidson iteration 54.18 (tol=0.05224282724665524): -307.7565381196961 -307.5130667547988 -307.3271868256961 -307.0616359673882
 Davidson iteration 54.19 (tol=0.05226835461260725): -307.7565388883554 -307.5137468307386 -307.3292063577978 -307.0755153288144
 Davidson iteration 55.0 (tol=0.05226835460652807): -307.7565380139687
 Davidson iteration 55.1 (tol=0.05227542548304986): -307.7565380139838 -304.7087137532073
 Davidson iteration 55.2 (tol=0.0522786343497148): -307.7565380233819 -304.729221715847 -304.6438962682693
 Davidson iteration 55.3 (tol=0.05227780785416878): -307.7565380548006 -304.9745622589292 -304.693039402832 -303.5186950205201
 Davidson iteration 55.4 (tol=0.05227792248895019): -307.7565380553193 -305.2017684824456 -304.6961836711371 -304.1228731652587
 Davidson iteration 55.5 (tol=0.05228025338017785): -307.7565380887599 -305.5289463995919 -304.7022616383057 -304.4584335128196
 Davidson iteration 55.6 (tol=0.05228120743539751): -307.7565381466071 -306.1497855258212 -304.8398260928649 -304.6916521809126
 Davidson iteration 55.7 (tol=0.05228092486554306): -307.7565381468614 -306.6829600559776 -305.1037855707562 -304.6976322174365
 Davidson iteration 55.8 (tol=0.05228129263200724): -307.7565381505655 -306.9152318641852 -305.3239806316406 -304.699814378326
 Davidson iteration 55.9 (tol=0.05228114158822784): -307.7565381508925 -307.0175476461596 -305.6252895863885 -304.7336649765722
 Davidson iteration 55.10 (tol=0.05228149113318955): -307.7565381550887 -307.0540004696097 -305.882338787397 -304.9489220140302
 Davidson iteration 55.11 (tol=0.05228203950334168): -307.7565381587289 -307.0738812304711 -306.1264129825255 -305.1714413105664
 Davidson iteration 55.12 (tol=0.05228523473064115): -307.7565382132501 -307.0789462656484 -306.2744522964263 -305.3420818136041
 Davidson iteration 55.13 (tol=0.05228742262270494): -307.7565382561742 -307.0806330672055 -306.4162964899582 -305.6316111533847
 Davidson iteration 55.14 (tol=0.05228698314741884): -307.7565382610015 -307.083071403915 -306.7698110764507 -306.0553017565034
 Davidson iteration 55.15 (tol=0.05228663361473183): -307.756538263858 -307.1404652545217 -307.0687435736417 -306.2112131460341
 Davidson iteration 55.16 (tol=0.05228651391836851): -307.7565382645644 -307.3321029548462 -307.0794840938434 -306.3503578255442
 Davidson iteration 55.17 (tol=0.05229544308988467): -307.7565384607059 -307.4496671450568 -307.0807092783769 -306.5829692749448
 Davidson iteration 55.18 (tol=0.0522929933470867): -307.7565384733842 -307.5004834321191 -307.0812766886059 -306.7793587462797
 Davidson iteration 55.19 (tol=0.05229418341040064): -307.7565384945005 -307.5104490032629 -307.0816431539644 -306.8333559554079
 Davidson iteration 56.0 (tol=0.05229418340570837): -307.7565378572864
 Davidson iteration 56.1 (tol=0.05230301941407201): -307.7565378573099 -304.7099487992455
 Davidson iteration 56.2 (tol=0.05230339002859874): -307.7565378574547 -304.7882147198361 -304.6807907104451
 Davidson iteration 56.3 (tol=0.05230326090676461): -307.7565378575838 -304.9928498855946 -304.6940620778178 -304.0457291553751
 Davidson iteration 56.4 (tol=0.05230344098983782): -307.7565378584884 -305.2610967374041 -304.6973389586614 -304.1940576709076
 Davidson iteration 56.5 (tol=0.05230343511230023): -307.7565378584947 -305.9861392016704 -304.7480401773396 -304.6649289698024
 Davidson iteration 56.6 (tol=0.05230225089167687): -307.7565378666351 -306.9199600606489 -305.0659981029771 -304.6954136733507
 Davidson iteration 56.7 (tol=0.05230275685166381): -307.756537889121 -307.3136934712932 -305.3272590573191 -304.6980903564355
 Davidson iteration 56.8 (tol=0.05230287275814321): -307.7565378908302 -307.4184688043212 -305.7618592125189 -304.7448598413224
 Davidson iteration 56.9 (tol=0.05230368044449555): -307.7565378953159 -307.4738859239882 -306.3803947459611 -305.0666200437054
 Davidson iteration 56.10 (tol=0.05230356342749597): -307.7565378985369 -307.4992730979354 -306.7737486833709 -305.319044602457
 Davidson iteration 56.11 (tol=0.05230460937213029): -307.7565379025936 -307.5091493435639 -306.9369871823263 -305.5034561727807
 Davidson iteration 56.12 (tol=0.05230446663050148): -307.7565379041431 -307.5131824711469 -307.0275629957011 -305.8313966036606
 Davidson iteration 56.13 (tol=0.05230462013341776): -307.7565379050695 -307.5140027952542 -307.0542365820027 -306.0306886814352
 Davidson iteration 56.14 (tol=0.05230459077534361): -307.7565379052724 -307.5141740284294 -307.0657624552696 -306.1642915805835
 Davidson iteration 56.15 (tol=0.05230590488843957): -307.756537914075 -307.5141828065722 -307.0702706263631 -306.2715674186426
 Davidson iteration 56.16 (tol=0.05230623925054832): -307.7565379161005 -307.5141830105249 -307.0727323636684 -306.3846822599265
 Davidson iteration 56.17 (tol=0.05230835243243851): -307.7565379680121 -307.5141846187944 -307.0767868362864 -306.65506776869
 Davidson iteration 56.18 (tol=0.0523081112377201): -307.7565379796218 -307.514194469897 -307.0825991211461 -306.8338361546051
 Davidson iteration 56.19 (tol=0.05231540472693338): -307.7565380952434 -307.5142012529537 -307.0868904286597 -306.9073116640117
 Davidson iteration 57.0 (tol=0.05231540471508486): -307.7565375767834
 Davidson iteration 57.1 (tol=0.05230282728425657): -307.756537576831 -304.7099817061895
 Davidson iteration 57.2 (tol=0.05230375995384766): -307.7565375777489 -304.7917866141399 -304.6799562906591
 Davidson iteration 57.3 (tol=0.05230326084187117): -307.7565375800411 -304.9717730664053 -304.6926537416438 -304.1546365813471
 Davidson iteration 57.4 (tol=0.05230329892819423): -307.7565375801701 -305.1843484766078 -304.6953459539435 -304.2101328857109
 Davidson iteration 57.5 (tol=0.05230339727936553): -307.7565375843506 -305.4638519680773 -304.6987670016285 -304.375588858562
 Davidson iteration 57.6 (tol=0.05230239564648724): -307.7565375888787 -306.0017057765652 -304.8376880970934 -304.6927643443656
 Davidson iteration 57.7 (tol=0.05230252552399482): -307.7565375890497 -306.6428379379175 -305.1327210171664 -304.6970890414911
 Davidson iteration 57.8 (tol=0.0523026821777255): -307.7565375900746 -306.9098986895269 -305.3395125870979 -304.6984784512395
 Davidson iteration 57.9 (tol=0.05230247240337647): -307.756537592217 -307.0341736243878 -305.6266001552294 -304.7367912883973
 Davidson iteration 57.10 (tol=0.0523025186453886): -307.7565375923035 -307.0840140644685 -305.9174656589641 -305.04701853656
 Davidson iteration 57.11 (tol=0.05230255441152896): -307.7565375923256 -307.1333042079737 -306.4278947228008 -305.3728992666568
 Davidson iteration 57.12 (tol=0.05230378735284928): -307.7565376059261 -307.2668914610392 -306.9449155407287 -305.7240264678983
 Davidson iteration 57.13 (tol=0.05230468757127499): -307.7565376120748 -307.4408806614124 -307.0492994066014 -305.9480184526475
 Davidson iteration 57.14 (tol=0.05230469508980668): -307.7565376120845 -307.5050056652511 -307.0712995436553 -306.0834779802705
 Davidson iteration 57.15 (tol=0.05230474960724756): -307.7565376122149 -307.5127492083182 -307.0747538657063 -306.1370676787874
 Davidson iteration 57.16 (tol=0.05230506208567918): -307.7565376153505 -307.5138161572147 -307.0762429780158 -306.1683319144751
 Davidson iteration 57.17 (tol=0.0523059220411219): -307.7565376360736 -307.5140167617888 -307.0770043172794 -306.2103801998935
 Davidson iteration 57.18 (tol=0.0523059067401191): -307.7565376466592 -307.5140593711694 -307.0785549392901 -306.5828851888527
 Davidson iteration 57.19 (tol=0.05230633155122714): -307.7565376553328 -307.5140628838249 -307.0860267566542 -306.9448666126165
 Davidson iteration 58.0 (tol=0.0523063315543569): -307.75653777885
 Davidson iteration 58.1 (tol=0.0523112565379906): -307.7565377788573 -304.7102491700158
 Davidson iteration 58.2 (tol=0.0523112261758986): -307.7565377788583 -304.8045794063721 -304.6823019338455
 Davidson iteration 58.3 (tol=0.05231124931070645): -307.7565377788617 -304.9832540047595 -304.6934324903208 -304.1689662682736
 Davidson iteration 58.4 (tol=0.05231125220484103): -307.7565377788624 -305.2044462225896 -304.6958460415229 -304.2021911422866
 Davidson iteration 58.5 (tol=0.05231125386675305): -307.7565377788881 -305.5803606595426 -304.6999312169183 -304.4496742114476
 Davidson iteration 58.6 (tol=0.0523111339385473): -307.7565377789228 -306.2330243528484 -304.921852050276 -304.6944124659374
 Davidson iteration 58.7 (tol=0.05231108858404581): -307.7565377790098 -306.8379635635407 -305.1724556091528 -304.6972075494353
 Davidson iteration 58.8 (tol=0.05231114784489251): -307.7565377793429 -307.0346481829422 -305.3691005323969 -304.6981223535693
 Davidson iteration 58.9 (tol=0.05231129596268424): -307.7565377795643 -307.1208217709325 -305.6569080696428 -304.7402142316535
 Davidson iteration 58.10 (tol=0.05231128459300868): -307.7565377795858 -307.1580106802424 -306.0142823657072 -305.0980759624343
 Davidson iteration 58.11 (tol=0.05231114611346262): -307.756537780479 -307.2013641928682 -306.5865342488994 -305.3994420223865
 Davidson iteration 58.12 (tol=0.052311104947141): -307.7565377819551 -307.3295144406335 -307.0434291376374 -305.764373653082
 Davidson iteration 58.13 (tol=0.05231109510239409): -307.7565377819927 -307.4480025867984 -307.1187626968239 -306.0238067583381
 Davidson iteration 58.14 (tol=0.05231112800033494): -307.7565377822903 -307.4904577753028 -307.1372559561061 -306.2073144877526
 Davidson iteration 58.15 (tol=0.05231122272611621): -307.7565377837536 -307.5026333570935 -307.1478529520256 -306.4478890520206
 Davidson iteration 58.16 (tol=0.05231196039745391): -307.7565377972146 -307.508609210605 -307.164926866634 -306.7972840100324
 Davidson iteration 58.17 (tol=0.05231308619531196): -307.7565378198987 -307.5127280532399 -307.2056642251738 -307.0255952892649
 Davidson iteration 58.18 (tol=0.05231364735175249): -307.7565378332042 -307.5137938222043 -307.2320446845668 -307.0645868142848
 Davidson iteration 58.19 (tol=0.05231847297574403): -307.7565379816734 -307.5140037087159 -307.2427264401798 -307.0724204970143
 Davidson iteration 59.0 (tol=0.05231847294785812): -307.7565376406814
 Davidson iteration 59.1 (tol=0.05231228407153807): -307.7565376406929 -304.7093008989435
 Davidson iteration 59.2 (tol=0.05231302705098301): -307.7565376412886 -304.790272985089 -304.6823017252916
 Davidson iteration 59.3 (tol=0.0523125686486231): -307.7565376436428 -304.9989856672982 -304.6941878088993 -304.0727771426638
 Davidson iteration 59.4 (tol=0.05231263906303685): -307.756537644242 -305.2610797829656 -304.6965166278493 -304.1464309274243
 Davidson iteration 59.5 (tol=0.05231266261961625): -307.7565376445318 -305.7929537950869 -304.7068402456285 -304.5653940914161
 Davidson iteration 59.6 (tol=0.05231116012927831): -307.7565376573532 -306.5818153700739 -304.9707034859213 -304.6944935126358
 Davidson iteration 59.7 (tol=0.05231091628675542): -307.7565376626516 -307.0215294179633 -305.2050525258663 -304.6970743335821
 Davidson iteration 59.8 (tol=0.05231140029717054): -307.7565376678482 -307.1501717706244 -305.444755204497 -304.6985592651483
 Davidson iteration 59.9 (tol=0.05231177512656005): -307.7565376696006 -307.2338780746926 -306.1631606195464 -305.0196211867184
 Davidson iteration 59.10 (tol=0.05231218628364644): -307.75653767421 -307.3351357010249 -306.8086496580025 -305.2965840311047
 Davidson iteration 59.11 (tol=0.05231216856213649): -307.7565376742124 -307.4541768337106 -307.0356793648222 -305.4823845829058
 Davidson iteration 59.12 (tol=0.05231224425588662): -307.7565376756427 -307.4993880059151 -307.0945088270028 -305.7644501017174
 Davidson iteration 59.13 (tol=0.05231222951096173): -307.7565376756921 -307.5084981464059 -307.1087307264424 -306.0077369645824
 Davidson iteration 59.14 (tol=0.05231252641791976): -307.7565376807279 -307.5118799773873 -307.1178260687381 -306.2917305328098
 Davidson iteration 59.15 (tol=0.05231267454155471): -307.7565376896155 -307.5130296991695 -307.1264672053228 -306.6322615413645
 Davidson iteration 59.16 (tol=0.0523132469253274): -307.7565376991244 -307.5136891748147 -307.1421835284666 -306.9417830248706
 Davidson iteration 59.17 (tol=0.05231323901505198): -307.7565376991748 -307.5140028463057 -307.178270292697 -307.0526187710027
 Davidson iteration 59.18 (tol=0.05231331549183274): -307.7565377056806 -307.5140670177733 -307.2004084688073 -307.0721234652853
 Davidson iteration 59.19 (tol=0.05231731168308678): -307.7565378466917 -307.5140727379118 -307.2086298359322 -307.0773713442075
 Davidson iteration 60.0 (tol=0.05231731167229165): -307.7565376661873
 Davidson iteration 60.1 (tol=0.05231619564708476): -307.7565376661877 -304.7097750926477
 Davidson iteration 60.2 (tol=0.05231619167082713): -307.7565376661878 -304.7943013464439 -304.6821454267659
 Davidson iteration 60.3 (tol=0.05231592879191376): -307.7565376668443 -304.9920278351062 -304.6938746224274 -304.1041440186366
 Davidson iteration 60.4 (tol=0.05231592128994773): -307.7565376668516 -305.2192303980481 -304.6958370679274 -304.1576080476132
 Davidson iteration 60.5 (tol=0.0523159709655762): -307.756537667082 -305.5875965246099 -304.699571979292 -304.4191074800179
 Davidson iteration 60.6 (tol=0.0523149719386073): -307.7565376708845 -306.2108148093565 -304.8628988682174 -304.6942675444112
 Davidson iteration 60.7 (tol=0.05231547186671937): -307.7565376733273 -306.7563540584862 -305.1385562289397 -304.697360753499
 Davidson iteration 60.8 (tol=0.0523155101170702): -307.7565376734842 -306.9516260478559 -305.3320882766346 -304.6981873107256
 Davidson iteration 60.9 (tol=0.05231564771190853): -307.7565376736836 -307.0365218364809 -305.6101130000747 -304.7101338989427
 Davidson iteration 60.10 (tol=0.05231559273065271): -307.756537676962 -307.0699720237286 -305.9107418187262 -305.0024324922749
 Davidson iteration 60.11 (tol=0.0523156402639663): -307.7565376770098 -307.0951946863345 -306.2928806984823 -305.2553276988348
 Davidson iteration 60.12 (tol=0.05231566360201775): -307.7565376792355 -307.1106334906981 -306.6160667379052 -305.5146508288913
 Davidson iteration 60.13 (tol=0.05231571477461643): -307.7565376803802 -307.1393781904214 -306.8921067844919 -305.8419409257984
 Davidson iteration 60.14 (tol=0.05231573463665085): -307.7565376852714 -307.2581763363739 -307.0526658615751 -306.2047034350139
 Davidson iteration 60.15 (tol=0.05231689421969545): -307.7565376923789 -307.3656953908358 -307.0835256801507 -306.4967417479189
 Davidson iteration 60.16 (tol=0.05231979600466576): -307.7565377294507 -307.4446574812376 -307.0987703602241 -306.7706129726444
 Davidson iteration 60.17 (tol=0.0523203239559905): -307.7565377736693 -307.4945864483424 -307.119386391586 -306.9445203178639
 Davidson iteration 60.18 (tol=0.05231996973252757): -307.7565378184523 -307.5070503900154 -307.1328060738209 -306.9869814344132
 Davidson iteration 60.19 (tol=0.05235427810860964): -307.7565388143735 -307.5109747789017 -307.1412320747366 -307.0076670510646
 Davidson iteration 61.0 (tol=0.05235427791220328): -307.7565368384832
 Davidson iteration 61.1 (tol=0.05229404534951539): -307.7565368395734 -304.7078223327506
 Davidson iteration 61.2 (tol=0.05229781754011299): -307.7565368523024 -304.7846146704935 -304.6881325379932
 Davidson iteration 61.3 (tol=0.05229775736066383): -307.7565369085047 -305.0682113021374 -304.6975659479859 -303.9953414067986
 Davidson iteration 61.4 (tol=0.05229828584412425): -307.7565369228127 -305.5866167164242 -304.7026230703998 -304.3838490147792
 Davidson iteration 61.5 (tol=0.05229823808114323): -307.756536923278 -306.6652830472343 -304.8579304928775 -304.6844869371549
 Davidson iteration 61.6 (tol=0.05230012638947399): -307.7565371327601 -307.2714425872081 -305.1061496913785 -304.6944210218099
 Davidson iteration 61.7 (tol=0.05229899399883084): -307.7565371620472 -307.4206231564823 -305.4261325070563 -304.6975518396979
 Davidson iteration 61.8 (tol=0.0523010405760803): -307.756537185628 -307.4623394104975 -305.9761472014509 -304.8320455835761
 Davidson iteration 61.9 (tol=0.05230113404213061): -307.7565371861764 -307.4927597324356 -306.7420425009923 -305.1150670307827
 Davidson iteration 61.10 (tol=0.05230113859553744): -307.7565371861854 -307.5065835310375 -307.0009758715062 -305.3119050727229
 Davidson iteration 61.11 (tol=0.05230201578885972): -307.7565371901852 -307.511460642875 -307.0903251889442 -305.5195442873
 Davidson iteration 61.12 (tol=0.05230253925865463): -307.7565371984495 -307.5129134351945 -307.1204253717074 -305.8853290320993
 Davidson iteration 61.13 (tol=0.05230262660243878): -307.7565372031761 -307.5134542322849 -307.1369183751797 -306.3063380147798
 Davidson iteration 61.14 (tol=0.05230329609508664): -307.7565372180117 -307.5137334890342 -307.1516720507386 -306.6888121078528
 Davidson iteration 61.15 (tol=0.05230323040915402): -307.7565372197095 -307.51384986865 -307.1627195914956 -306.8686097147001
 Davidson iteration 61.16 (tol=0.05230448398392994): -307.7565372541 -307.5139077672872 -307.1759054712579 -306.9665746186757
 Davidson iteration 61.17 (tol=0.05230465675637565): -307.7565372551438 -307.51392396753 -307.1839293298533 -307.0122324253674
 Davidson iteration 61.18 (tol=0.0523050603233173): -307.756537281754 -307.5139252533704 -307.1878632682951 -307.029995010804
 Davidson iteration 61.19 (tol=0.0523050702493621): -307.7565373240859 -307.5139268469167 -307.1914406559505 -307.0420351777952
 Davidson iteration 62.0 (tol=0.05230507024803469): -307.7565377873091
 Davidson iteration 62.1 (tol=0.05231203202108816): -307.7565377873237 -304.7094680583019
 Davidson iteration 62.2 (tol=0.05231197213475677): -307.7565377873281 -304.8003712621293 -304.684371221781
 Davidson iteration 62.3 (tol=0.05231181730659665): -307.7565377874967 -305.0040008628919 -304.6946520890185 -304.067555788029
 Davidson iteration 62.4 (tol=0.05231186710319215): -307.7565377877714 -305.2410721414981 -304.6964184398772 -304.1318267251343
 Davidson iteration 62.5 (tol=0.0523118617162974): -307.7565377877871 -305.6961969311096 -304.7014998573117 -304.4903187281363
 Davidson iteration 62.6 (tol=0.0523109562453115): -307.7565377902979 -306.3177627756262 -304.9048515737736 -304.6945363716852
 Davidson iteration 62.7 (tol=0.05231072957266365): -307.7565377936193 -306.7725783653164 -305.1307279874165 -304.6974127139432
 Davidson iteration 62.8 (tol=0.05231073727808519): -307.7565377936389 -306.9214443784733 -305.2996072017647 -304.6981212535792
 Davidson iteration 62.9 (tol=0.05231088122048761): -307.7565377939011 -306.9896333733843 -305.5880250841407 -304.7183455372441
 Davidson iteration 62.10 (tol=0.05231107631931542): -307.7565377950808 -307.0317594200578 -306.088021212753 -305.1320403440919
 Davidson iteration 62.11 (tol=0.05231124720231944): -307.7565377955173 -307.1311157810195 -306.7211017296158 -305.3676095054431
 Davidson iteration 62.12 (tol=0.05231148322094405): -307.7565377978582 -307.3095449479871 -306.9308983908227 -305.619781969105
 Davidson iteration 62.13 (tol=0.05231149458408862): -307.7565377978726 -307.4077193514255 -306.9755466919532 -305.987184412563
 Davidson iteration 62.14 (tol=0.05231151487381241): -307.7565377985723 -307.4638977169746 -307.0038860923701 -306.4028176109348
 Davidson iteration 62.15 (tol=0.0523114487045493): -307.7565378004751 -307.4917476422615 -307.036876613441 -306.700886119091
 Davidson iteration 62.16 (tol=0.05231177500957369): -307.7565378047116 -307.5069836834958 -307.0918223741854 -306.8748449079937
 Davidson iteration 62.17 (tol=0.05231175009248232): -307.7565378052884 -307.5124803996695 -307.1315960404212 -306.9294376412112
 Davidson iteration 62.18 (tol=0.05231202656568424): -307.7565378067328 -307.5136119793326 -307.1471999486165 -306.9421826605289
 Davidson iteration 62.19 (tol=0.05231227278991358): -307.7565378081093 -307.5138689572672 -307.1538923595807 -306.9486365844219
 Davidson iteration 63.0 (tol=0.05231227278772217): -307.7565376472136
 Davidson iteration 63.1 (tol=0.05230838731996699): -307.7565376472182 -304.7096850189391
 Davidson iteration 63.2 (tol=0.05230838772537015): -307.7565376472181 -304.7993806115252 -304.683011889724
 Davidson iteration 63.3 (tol=0.05230842414363375): -307.7565376472265 -304.9939243892369 -304.6940561764472 -304.0644755169615
 Davidson iteration 63.4 (tol=0.05230841709634975): -307.756537647234 -305.2169342818802 -304.6959155130755 -304.1156092588274
 Davidson iteration 63.5 (tol=0.05230840944495974): -307.7565376472629 -305.6259451945652 -304.6995572057648 -304.4511240825328
 Davidson iteration 63.6 (tol=0.05230856446362411): -307.7565376473203 -306.2421338546464 -304.8998315118586 -304.6945800826459
 Davidson iteration 63.7 (tol=0.052308633409837): -307.7565376474219 -306.8105417025197 -305.1638581318779 -304.697280566725
 Davidson iteration 63.8 (tol=0.05230869399240668): -307.7565376477157 -307.0317459075859 -305.399670649905 -304.6983714654767
 Davidson iteration 63.9 (tol=0.05230877923488542): -307.7565376478428 -307.1915528187448 -306.0251145520581 -304.9580411728609
 Davidson iteration 63.10 (tol=0.05230877958391505): -307.7565376478429 -307.3420869714986 -306.6345346883639 -305.2493314371723
 Davidson iteration 63.11 (tol=0.05230856416220975): -307.7565376494127 -307.4562455577953 -306.8677353741896 -305.4148266111106
 Davidson iteration 63.12 (tol=0.05230854055661082): -307.7565376516472 -307.4968062702005 -306.9574844363169 -305.6635855257436
 Davidson iteration 63.13 (tol=0.05230857168993155): -307.7565376519288 -307.5068281821957 -306.9917152629236 -305.9882393722425
 Davidson iteration 63.14 (tol=0.05230901013830367): -307.756537662825 -307.5110667885589 -307.0174759349118 -306.3526137953052
 Davidson iteration 63.15 (tol=0.05231126785417092): -307.7565377384209 -307.512751219838 -307.0436830259492 -306.6394327575281
 Davidson iteration 63.16 (tol=0.05231428971156402): -307.7565379670252 -307.5136302131844 -307.0867744795738 -306.8420297951702
 Davidson iteration 63.17 (tol=0.05233709073305091): -307.7565393814177 -307.5140195097742 -307.1286527290976 -306.9269723946948
 Davidson iteration 63.18 (tol=0.05255798318679206): -307.7565478847055 -307.5140850740123 -307.1446982659533 -306.9439052344683
 Davidson iteration 63.19 (tol=0.0543329068407931): -307.756611727676 -307.514096782055 -307.1519352997577 -306.9516264610025
 Davidson iteration 64.0 (tol=0.05433272133555529): -307.7564746809924
 Davidson iteration 64.1 (tol=0.05003371325529186): -307.7564800472767 -304.6113717813742
 Davidson iteration 64.2 (tol=0.0507457690457979): -307.756488129426 -304.7802309787769 -302.9745969111497
 Davidson iteration 64.3 (tol=0.05129934646204): -307.7564972773517 -305.6837327343638 -304.6949132628199 -302.0064586732345
 Davidson iteration 64.4 (tol=0.05167146839726884): -307.756513294921 -306.6738475249392 -304.6959267141116 -304.556582496735
 Davidson iteration 64.5 (tol=0.05157764152768132): -307.7565152458124 -307.018685772116 -304.8085853442246 -304.6913739642281
 Davidson iteration 64.6 (tol=0.05157093860443787): -307.7565152801897 -307.1239562600647 -305.0853078783027 -304.6937823872055
 Davidson iteration 64.7 (tol=0.05159400233046915): -307.7565155453831 -307.1536992197711 -305.5148679606454 -304.7102167652362
 Davidson iteration 64.8 (tol=0.05160058268621898): -307.7565163812679 -307.1751500053275 -306.2140890777142 -304.9080912814013
 Davidson iteration 64.9 (tol=0.05159367835428993): -307.756516767369 -307.2072616982095 -306.8733689999003 -305.1762109377614
 Davidson iteration 64.10 (tol=0.05161610593559363): -307.7565170678943 -307.3417410324981 -307.1218042787576 -305.674003558857
 Davidson iteration 64.11 (tol=0.05160690670603743): -307.7565171742224 -307.4716985854794 -307.1525465030442 -305.998023251523
 Davidson iteration 64.12 (tol=0.05160689838226653): -307.7565171742239 -307.5026505423467 -307.1575839122775 -306.173159376127
 Davidson iteration 64.13 (tol=0.05160572526045792): -307.7565172980962 -307.5087582346242 -307.1589899168051 -306.29162896424
 Davidson iteration 64.14 (tol=0.05159749790532338): -307.756517443873 -307.5111104521807 -307.159724979502 -306.5882715083994
 Davidson iteration 64.15 (tol=0.05159634033985658): -307.7565174536397 -307.5127230182067 -307.1607691334581 -306.9169835711862
 Davidson iteration 64.16 (tol=0.05165815971351561): -307.756519067369 -307.5131955141666 -307.1615364725159 -307.0128013728966
 Davidson iteration 64.17 (tol=0.05165940447161442): -307.7565202296913 -307.513267410881 -307.1618924555017 -307.0411959878853
 Davidson iteration 64.18 (tol=0.05166227451381297): -307.7565202403341 -307.5132689600498 -307.1620051176316 -307.053070600783
 Davidson iteration 64.19 (tol=0.05166543123945293): -307.7565207802664 -307.5132694918002 -307.1620401582901 -307.0634327990377
 Davidson iteration 65.0 (tol=0.05166542882461866): -307.7565365766986
 Davidson iteration 65.1 (tol=0.0516121848568429): -307.7565365775486 -304.7040900512096
 Davidson iteration 65.2 (tol=0.05161183805144144): -307.7565365777293 -304.7097909255708 -304.5479922519405
 Davidson iteration 65.3 (tol=0.05161061628297511): -307.7565366367132 -304.8305731207986 -304.6793337699714 -303.5413458497658
 Davidson iteration 65.4 (tol=0.05161155534477141): -307.7565366857214 -305.0815282645614 -304.689672331355 -304.0427549034134
 Davidson iteration 65.5 (tol=0.05161162015346281): -307.7565366882532 -305.9227240542364 -304.7255128094449 -304.6025132440234
 Davidson iteration 65.6 (tol=0.05161033104418379): -307.756536717978 -306.6668874740333 -304.837924052081 -304.6788692484366
 Davidson iteration 65.7 (tol=0.05160980663293282): -307.756536719844 -306.9516787638493 -304.9675464590121 -304.6896731527763
 Davidson iteration 65.8 (tol=0.05160970713953713): -307.7565367198806 -307.074784373674 -305.468858462483 -304.7062136311437
 Davidson iteration 65.9 (tol=0.05160949715478243): -307.7565367227098 -307.1335978832431 -306.0668453980719 -304.7778211059639
 Davidson iteration 65.10 (tol=0.05161153529292371): -307.7565367776728 -307.1825818255437 -306.5511655202254 -304.9822824471453
 Davidson iteration 65.11 (tol=0.05161176333145005): -307.7565367778436 -307.2325800790986 -306.867233068702 -305.5107866093742
 Davidson iteration 65.12 (tol=0.05161198300408198): -307.7565367800519 -307.3630612517879 -307.0856294385654 -306.0843343222859
 Davidson iteration 65.13 (tol=0.05161559789370105): -307.7565368145976 -307.4446352106991 -307.126552633806 -306.3171610070053
 Davidson iteration 65.14 (tol=0.05161578650192371): -307.7565368461975 -307.4838849108072 -307.1453368354353 -306.5520266324053
 Davidson iteration 65.15 (tol=0.05161698530723297): -307.7565368915079 -307.50441023593 -307.1635961719184 -306.8013879293912
 Davidson iteration 65.16 (tol=0.05161754379152086): -307.7565370001058 -307.5119273293253 -307.1770336185427 -306.9301133022194
 Davidson iteration 65.17 (tol=0.05162442872545789): -307.7565373653329 -307.5133784858636 -307.1824284874186 -306.9707469908473
 Davidson iteration 65.18 (tol=0.05168099811534497): -307.7565383228002 -307.513689698095 -307.1841400189509 -306.9810698849648
 Davidson iteration 65.19 (tol=0.0517058463362402): -307.7565415089184 -307.5139218349531 -307.1859985248498 -306.9950207834967
 Davidson iteration 66.0 (tol=0.05170584614245384): -307.7565369617212
 Davidson iteration 66.1 (tol=0.05169672170866886): -307.7565369617463 -304.7100788884221
 Davidson iteration 66.2 (tol=0.05169685738386527): -307.7565369617701 -304.718288988091 -304.6224285654141
 Davidson iteration 66.3 (tol=0.05169609396083936): -307.7565370903749 -305.0105458946826 -304.7016869200195 -303.6998251224684
 Davidson iteration 66.4 (tol=0.05170288048552261): -307.7565372775481 -305.7962944619613 -304.7131798292342 -304.4019723829109
 Davidson iteration 66.5 (tol=0.05170860342728852): -307.7565374508496 -306.6748116354605 -304.7612313283106 -304.6267958175591
 Davidson iteration 66.6 (tol=0.05171057526176612): -307.756537912148 -306.9809414482223 -304.8558234338472 -304.677509927927
 Davidson iteration 66.7 (tol=0.05170721292657479): -307.7565380175774 -307.0492812262546 -304.9784358681804 -304.6932328041889
 Davidson iteration 66.8 (tol=0.051707822220515): -307.7565380301411 -307.0708058146034 -305.3109051802434 -304.7132321766004
 Davidson iteration 66.9 (tol=0.05170829815331025): -307.756538093696 -307.0844966350783 -306.0790089175912 -304.7980809721416
 Davidson iteration 66.10 (tol=0.05170935012278825): -307.7565381001393 -307.0953359628253 -306.596553657949 -305.0226538383022
 Davidson iteration 66.11 (tol=0.05170952569837117): -307.7565381002468 -307.1729915837863 -307.0165534807047 -305.4982443758895
 Davidson iteration 66.12 (tol=0.05170984760676481): -307.7565381202947 -307.3950018840913 -307.0730099985906 -306.0379668527536
 Davidson iteration 66.13 (tol=0.05171182351073413): -307.7565381327312 -307.4568061949341 -307.0798408901042 -306.2527847162548
 Davidson iteration 66.14 (tol=0.05171347932716192): -307.7565381774583 -307.4856589183105 -307.0837650468904 -306.5336052558237
 Davidson iteration 66.15 (tol=0.05171342609505129): -307.7565381776262 -307.5024001604325 -307.0914370373791 -306.8921776916652
 Davidson iteration 66.16 (tol=0.05171612735184859): -307.7565382071066 -307.5111762257918 -307.1208931393866 -307.0308882830749
 Davidson iteration 66.17 (tol=0.05171721127390722): -307.7565382456014 -307.5132130235195 -307.1461154263898 -307.0540781971447
 Davidson iteration 66.18 (tol=0.05171779452296851): -307.7565382512846 -307.5137790869812 -307.1605609691339 -307.0612161706257
 Davidson iteration 66.19 (tol=0.05171999679252889): -307.7565384783081 -307.5140087028174 -307.1725156232416 -307.0652607536539
 Davidson iteration 67.0 (tol=0.05171999678990262): -307.7565372538231
 Davidson iteration 67.1 (tol=0.05169274214005441): -307.7565372540467 -304.712617226842
 Davidson iteration 67.2 (tol=0.05169332995601614): -307.7565372543744 -304.7290407644337 -304.5765322648908
 Davidson iteration 67.3 (tol=0.05169180384532497): -307.7565372684825 -304.831048155852 -304.6722257813832 -303.7078924470366
 Davidson iteration 67.4 (tol=0.05169180076507639): -307.7565372685292 -304.9934265161118 -304.6879435524283 -303.9768917025185
 Davidson iteration 67.5 (tol=0.05169158784995759): -307.7565372748057 -305.3837500226359 -304.7066244510416 -304.4256979953586
 Davidson iteration 67.6 (tol=0.05169075304549615): -307.7565372956291 -306.3094375270846 -304.7889153117283 -304.6655133916384
 Davidson iteration 67.7 (tol=0.05169034681838386): -307.7565372966549 -306.8091463373993 -304.9054468000606 -304.6893121578297
 Davidson iteration 67.8 (tol=0.05169031232483512): -307.7565372986636 -306.9966294681053 -305.1378545215869 -304.7025757027506
 Davidson iteration 67.9 (tol=0.05168975276129535): -307.7565373056901 -307.0989390520114 -305.8102195144812 -304.7864304294825
 Davidson iteration 67.10 (tol=0.05169096447848581): -307.7565373215904 -307.1674233451582 -306.3793080183682 -304.9896341981024
 Davidson iteration 67.11 (tol=0.05169373168668005): -307.7565373391759 -307.2874980452596 -306.8369387585885 -305.3089953036766
 Davidson iteration 67.12 (tol=0.05169360713245712): -307.7565373411502 -307.457922912757 -307.0368450503207 -305.8679486145934
 Davidson iteration 67.13 (tol=0.0516949633707389): -307.7565373514377 -307.4997647261316 -307.0634304420494 -306.02989557907
 Davidson iteration 67.14 (tol=0.05169750146591021): -307.7565373946292 -307.5112167864756 -307.0731249338872 -306.1442548608237
 Davidson iteration 67.15 (tol=0.05169990792626779): -307.7565374416009 -307.5128312096754 -307.0760427366127 -306.2328283050941
 Davidson iteration 67.16 (tol=0.0517014624250122): -307.7565374850412 -307.513526186236 -307.077010237346 -306.4137220529087
 Davidson iteration 67.17 (tol=0.05169845390298068): -307.7565375790022 -307.5139181095189 -307.0780027931481 -306.7506528805811
 Davidson iteration 67.18 (tol=0.0517014804172935): -307.7565376856152 -307.5140159067415 -307.079077628949 -306.8548052237064
 Davidson iteration 67.19 (tol=0.05174166889684864): -307.7565392053565 -307.5140355604246 -307.0792533455915 -306.8833947788473
 Davidson iteration 68.0 (tol=0.05174166884137502): -307.7565372454832
 Davidson iteration 68.1 (tol=0.05170478249536243): -307.7565372458931 -304.714020058867
 Davidson iteration 68.2 (tol=0.05170903132730705): -307.7565372580643 -304.7235916867892 -304.5448102634593
 Davidson iteration 68.3 (tol=0.05170842441447159): -307.7565373348998 -304.8342920978017 -304.6743865212224 -303.758489463946
 Davidson iteration 68.4 (tol=0.05170846706712447): -307.7565373396677 -305.0103918362007 -304.6905354028988 -304.0010373012371
 Davidson iteration 68.5 (tol=0.05170874336928953): -307.7565373538202 -305.4258173193431 -304.7108313452995 -304.4390335386911
 Davidson iteration 68.6 (tol=0.05170940227248889): -307.7565374218688 -306.3876819476687 -304.7853646625015 -304.6645476855251
 Davidson iteration 68.7 (tol=0.05170921729190939): -307.7565374219505 -306.8631446211714 -304.896164711129 -304.6902471859335
 Davidson iteration 68.8 (tol=0.05170920539666989): -307.7565374239356 -307.0177591670205 -305.0483017154136 -304.7010549742967
 Davidson iteration 68.9 (tol=0.05170980915531382): -307.7565374922448 -307.0790613681138 -305.5207792285218 -304.7408601231186
 Davidson iteration 68.10 (tol=0.05171034152628454): -307.7565374933883 -307.1186416337611 -306.1653847420725 -304.9052411934439
 Davidson iteration 68.11 (tol=0.05171032166375395): -307.7565374934009 -307.199524689115 -306.7934573952661 -305.1463452016899
 Davidson iteration 68.12 (tol=0.0517104593121685): -307.7565374945057 -307.3426598290574 -307.0125498306681 -305.6266710269445
 Davidson iteration 68.13 (tol=0.05171508071236204): -307.7565375570788 -307.4407721225599 -307.0652524063345 -306.0428007456265
 Davidson iteration 68.14 (tol=0.05171473570459348): -307.7565375594163 -307.4875842222061 -307.0898883210853 -306.4192946261152
 Davidson iteration 68.15 (tol=0.05172136228656748): -307.7565376807675 -307.5029359829595 -307.1093871698983 -306.6774243064288
 Davidson iteration 68.16 (tol=0.05172105755895509): -307.756537693863 -307.5104755531199 -307.1342357961497 -306.8722005433604
 Davidson iteration 68.17 (tol=0.05172143494207652): -307.7565376985188 -307.5129762093481 -307.1562274268813 -306.9533621574439
 Davidson iteration 68.18 (tol=0.05172152977881498): -307.7565376987768 -307.5136966083129 -307.1743143638006 -306.984827902087
 Davidson iteration 68.19 (tol=0.05172313732529232): -307.7565377082772 -307.5138927720554 -307.1911275228203 -307.0049357288054
 Davidson iteration 69.0 (tol=0.05172313732549235): -307.7565376015693
 Davidson iteration 69.1 (tol=0.05171600897833753): -307.7565376015846 -304.7163074070074
 Davidson iteration 69.2 (tol=0.05171606226568976): -307.7565376015869 -304.7498353082543 -304.6189583384561
 Davidson iteration 69.3 (tol=0.05171605815947228): -307.756537601587 -304.8411069264718 -304.675182439523 -304.1919993931293
 Davidson iteration 69.4 (tol=0.05171604776299184): -307.7565376016556 -305.0066759919902 -304.6897925219504 -304.243129478039
 Davidson iteration 69.5 (tol=0.051715981184126): -307.756537602009 -305.571096214353 -304.7144350465519 -304.4945397921397
 Davidson iteration 69.6 (tol=0.05171579342024558): -307.7565376022019 -306.483040196696 -304.7988413937674 -304.6663109872077
 Davidson iteration 69.7 (tol=0.05171564057781487): -307.7565376028667 -306.8887369298754 -304.8904074140804 -304.6878175450414
 Davidson iteration 69.8 (tol=0.0517157199937578): -307.7565376036878 -306.9898816365741 -305.0205754856799 -304.6966698510907
 Davidson iteration 69.9 (tol=0.05171643255004974): -307.7565376065991 -307.0441191425481 -305.653588071972 -304.7813385182068
 Davidson iteration 69.10 (tol=0.05171643221327909): -307.7565376066349 -307.1144546095341 -306.5644795284374 -304.9512027990954
 Davidson iteration 69.11 (tol=0.05171665816916573): -307.7565376070709 -307.3013074835291 -306.9089199345679 -305.090675549787
 Davidson iteration 69.12 (tol=0.05171664624455246): -307.7565376074577 -307.4300800811458 -306.9832667684265 -305.6428911795157
 Davidson iteration 69.13 (tol=0.051716753596894): -307.7565376172111 -307.4770980008241 -307.0100252707811 -306.1803384406491
 Davidson iteration 69.14 (tol=0.05171780576330984): -307.7565376278649 -307.5020800981859 -307.0384836393021 -306.6121084758581
 Davidson iteration 69.15 (tol=0.05171803275373215): -307.7565376377339 -307.5101395733906 -307.0687405456865 -306.804664514886
 Davidson iteration 69.16 (tol=0.05171888718516789): -307.7565376410672 -307.5128821294173 -307.0919497671947 -306.8740526976334
 Davidson iteration 69.17 (tol=0.05171949428354707): -307.7565376525338 -307.5138378841546 -307.1115092602089 -306.9183530663748
 Davidson iteration 69.18 (tol=0.05171877863484932): -307.7565376571685 -307.5139708732064 -307.1201034879449 -306.9310489747608
 Davidson iteration 69.19 (tol=0.05171838242551302): -307.7565376591401 -307.5140266777682 -307.1285468346011 -306.9420315301409
 Davidson iteration 70.0 (tol=0.05171838242674746): -307.7565376845736
 Davidson iteration 70.1 (tol=0.05171775860019972): -307.7565376845737 -304.7164031396943
 Davidson iteration 70.2 (tol=0.05171773794216489): -307.756537684574 -304.7511238012178 -304.6204355226769
 Davidson iteration 70.3 (tol=0.05171757879856764): -307.7565376846989 -304.8378014300756 -304.6738952217108 -304.2067160177887
 Davidson iteration 70.4 (tol=0.05171757659855651): -307.7565376847018 -304.9911739618731 -304.6885522101981 -304.258029436731
 Davidson iteration 70.5 (tol=0.05171760731808497): -307.7565376847416 -305.456090924719 -304.7091264420921 -304.4528710154511
 Davidson iteration 70.6 (tol=0.05171733228870203): -307.7565376851175 -306.3923805811165 -304.795332343219 -304.666821963454
 Davidson iteration 70.7 (tol=0.05171762224839561): -307.7565376858763 -306.8642898623389 -304.8920908439378 -304.6882722919646
 Davidson iteration 70.8 (tol=0.05171771293847913): -307.7565376863504 -306.9906119243859 -305.0097438905879 -304.6963567003927
 Davidson iteration 70.9 (tol=0.05171732992822298): -307.7565376885722 -307.036442225367 -305.3880115518871 -304.7270219590673
 Davidson iteration 70.10 (tol=0.05171729432217047): -307.7565376886742 -307.0602443242685 -306.0076374805569 -304.8895057403342
 Davidson iteration 70.11 (tol=0.05171726099288925): -307.7565376887 -307.1095799422245 -306.6788034895877 -305.0555617845947
 Davidson iteration 70.12 (tol=0.05171740637338566): -307.7565376898707 -307.2482244873914 -306.978618622729 -305.5712410864952
 Davidson iteration 70.13 (tol=0.05171834658607181): -307.7565376986843 -307.3827986840855 -307.0302482513045 -306.1716577835687
 Davidson iteration 70.14 (tol=0.05171950870223519): -307.7565377106977 -307.4599179130111 -307.0549388776016 -306.5097574936087
 Davidson iteration 70.15 (tol=0.05171967478357528): -307.7565377132468 -307.4975234675623 -307.0778322672077 -306.7647424149266
 Davidson iteration 70.16 (tol=0.0517212296405993): -307.7565377232567 -307.508528438819 -307.0914838521689 -306.8608878935647
 Davidson iteration 70.17 (tol=0.05172380265861024): -307.7565377549111 -307.5129235732581 -307.1068048087054 -306.9230285559278
 Davidson iteration 70.18 (tol=0.05174262024199475): -307.7565380811786 -307.5136066192188 -307.1153667145388 -306.9420689706682
 Davidson iteration 70.19 (tol=0.05190167988249753): -307.7565399350627 -307.5138427529064 -307.1229918587635 -306.9577017722752
 Davidson iteration 71.0 (tol=0.05190167907031247): -307.7565330323922
 Davidson iteration 71.1 (tol=0.05162908253268696): -307.7565330548113 -304.7196729227709
 Davidson iteration 71.2 (tol=0.05163089753648242): -307.7565330570007 -304.7386883963526 -304.6300183478754
 Davidson iteration 71.3 (tol=0.05163153814882301): -307.7565331942636 -304.9166647102031 -304.7046211668008 -304.0770934403478
 Davidson iteration 71.4 (tol=0.05163771137468091): -307.7565333436128 -305.610574613976 -304.7266463608735 -304.4349231904519
 Davidson iteration 71.5 (tol=0.05164366178216816): -307.7565334898222 -306.6902227267817 -304.7697578018404 -304.6229611795906
 Davidson iteration 71.6 (tol=0.0516469784231035): -307.7565339661608 -307.1801904789429 -304.8542242609367 -304.682498759541
 Davidson iteration 71.7 (tol=0.05164602411204419): -307.7565339676881 -307.2847054867693 -305.0891482232825 -304.7149280745826
 Davidson iteration 71.8 (tol=0.05164611910213636): -307.7565339773046 -307.3330188120644 -306.1787331686234 -304.8209525867427
 Davidson iteration 71.9 (tol=0.0516468932882028): -307.7565340883484 -307.4223571573349 -307.0409404380406 -304.9003987676083
 Davidson iteration 71.10 (tol=0.05164778937290577): -307.7565340919028 -307.477836972131 -307.166729429461 -305.0151824030182
 Davidson iteration 71.11 (tol=0.05164793826716919): -307.7565341412583 -307.4989795152712 -307.2045374192989 -305.3601985399786
 Davidson iteration 71.12 (tol=0.05165095609751509): -307.756534268217 -307.507211497358 -307.2260402609217 -306.3061309634497
 Davidson iteration 71.13 (tol=0.05165075859748606): -307.7565343262044 -307.5115475395277 -307.2453572010696 -306.7154895647249
 Davidson iteration 71.14 (tol=0.05165923639315171): -307.7565344140712 -307.5132792302452 -307.2590167216962 -306.8958139557217
 Davidson iteration 71.15 (tol=0.05166933933601689): -307.7565346325085 -307.5135598637772 -307.2619605459648 -306.9341689260229
 Davidson iteration 71.16 (tol=0.05170193632533818): -307.756535462495 -307.5136415243186 -307.2630269978491 -306.9488827722528
 Davidson iteration 71.17 (tol=0.05171214782435041): -307.7565360519934 -307.5136628199922 -307.2632208634352 -306.9620975415996
 Davidson iteration 71.18 (tol=0.05170606220156567): -307.7565361036451 -307.5136724501345 -307.2632336716105 -306.990350492405
 Davidson iteration 71.19 (tol=0.05173219245472117): -307.7565365868784 -307.5136742247171 -307.2633263492453 -307.0424588078162
 Davidson iteration 72.0 (tol=0.05173219242334184): -307.756538393651
 Davidson iteration 72.1 (tol=0.05177136025393205): -307.7565383941135 -304.716878385693
 Davidson iteration 72.2 (tol=0.05177223108088738): -307.7565383947066 -304.7821727533185 -304.6591189546023
 Davidson iteration 72.3 (tol=0.05177226919538185): -307.7565383947149 -304.8437510932465 -304.6792917550969 -304.5020593103894
 Davidson iteration 72.4 (tol=0.0517722683438346): -307.7565383947154 -305.0562557510549 -304.6954899384822 -304.5355862913007
 Davidson iteration 72.5 (tol=0.0517722064339777): -307.756538394779 -305.7492793541215 -304.7268134202674 -304.6080978061705
 Davidson iteration 72.6 (tol=0.05177143950775828): -307.7565384019965 -306.6387032750209 -304.9019444374496 -304.7021990760126
 Davidson iteration 72.7 (tol=0.05177128185996835): -307.7565384330828 -306.979087955556 -304.9267940139196 -304.7961321735877
 Davidson iteration 72.8 (tol=0.05177153396844578): -307.7565384409849 -307.0459515607086 -305.1030810746348 -304.8059986642322
 Davidson iteration 72.9 (tol=0.05177225401580907): -307.7565384458513 -307.0793883536975 -305.6445285725192 -304.8136286700418
 Davidson iteration 72.10 (tol=0.05177243854091969): -307.7565384468745 -307.1081771203534 -306.3436280055415 -305.0168272146962
 Davidson iteration 72.11 (tol=0.05177509952568936): -307.7565384787761 -307.1821602030013 -306.8827816732359 -305.1319864072995
 Davidson iteration 72.12 (tol=0.05177482447485415): -307.7565384885778 -307.345754980843 -307.0384981304583 -305.8192087371685
 Davidson iteration 72.13 (tol=0.0517752413324866): -307.7565384900964 -307.4510501796139 -307.076544852002 -306.2979987376134
 Davidson iteration 72.14 (tol=0.05177857776748247): -307.7565385550828 -307.497049920235 -307.0940299619363 -306.5619169907733
 Davidson iteration 72.15 (tol=0.05177743224316102): -307.7565385661532 -307.5079056476558 -307.1021213936372 -306.6861299428863
 Davidson iteration 72.16 (tol=0.05177748273067903): -307.7565385661631 -307.5116960925748 -307.11030299318 -306.7806039560513
 Davidson iteration 72.17 (tol=0.05178674176362254): -307.7565387315486 -307.513293003355 -307.1237106997232 -306.9102903091062
 Davidson iteration 72.18 (tol=0.05178812526157252): -307.7565390087824 -307.5137485286284 -307.1459081523396 -307.0026503037888
 Davidson iteration 72.19 (tol=0.05178547061789275): -307.7565390189869 -307.5139869467643 -307.2050903674281 -307.056780354452
 Davidson iteration 73.0 (tol=0.05178547060771994): -307.7565379094393
 Davidson iteration 73.1 (tol=0.051800650135152): -307.7565379095087 -304.7178356435988
 Davidson iteration 73.2 (tol=0.05180113128988328): -307.7565379097065 -304.7678192913676 -304.6549401063362
 Davidson iteration 73.3 (tol=0.05180070341691409): -307.756537911412 -304.8509455848882 -304.6904114996665 -304.4346423038187
 Davidson iteration 73.4 (tol=0.05180097451891338): -307.7565379144942 -305.1261009700054 -304.7078187448963 -304.4473520124693
 Davidson iteration 73.5 (tol=0.05180257755131937): -307.7565379287199 -306.0176693866256 -304.7495724364439 -304.6097969089053
 Davidson iteration 73.6 (tol=0.05180225348282872): -307.7565380103344 -306.9255153550633 -304.8823797516361 -304.6848918109179
 Davidson iteration 73.7 (tol=0.05180132737334554): -307.7565380549747 -307.1684974020313 -304.9494386526554 -304.6949233422832
 Davidson iteration 73.8 (tol=0.05180230840025421): -307.7565380732387 -307.2121988246113 -305.0708295397 -304.7085067397846
 Davidson iteration 73.9 (tol=0.05180224426736876): -307.7565380733392 -307.239874573403 -305.9877611931229 -304.8784103618289
 Davidson iteration 73.10 (tol=0.05180272855826192): -307.7565380818004 -307.2856760080247 -306.8997027263824 -305.0135167869815
 Davidson iteration 73.11 (tol=0.05180355364803121): -307.7565380909994 -307.3932704006921 -307.1419563452 -305.1084007297824
 Davidson iteration 73.12 (tol=0.05180353370498662): -307.756538092386 -307.4502100081644 -307.1843885446151 -305.7573308798738
 Davidson iteration 73.13 (tol=0.05180495543964093): -307.7565381033534 -307.4806726427951 -307.2136533424769 -306.4989196644901
 Davidson iteration 73.14 (tol=0.05180618607807747): -307.7565381347684 -307.5047748189622 -307.2526948687417 -306.9023892187521
 Davidson iteration 73.15 (tol=0.05180579751390753): -307.7565381392568 -307.511285618642 -307.270806912815 -306.9911541593437
 Davidson iteration 73.16 (tol=0.05180779736072742): -307.7565381507127 -307.5133085119785 -307.2803309604005 -307.0140260615445
 Davidson iteration 73.17 (tol=0.05181420826164467): -307.7565382287494 -307.513899889957 -307.2860852852748 -307.0307906401123
 Davidson iteration 73.18 (tol=0.05182037673099472): -307.7565384690162 -307.5140275863834 -307.2886488648812 -307.0432398421981
 Davidson iteration 73.19 (tol=0.05182111856731223): -307.7565388598974 -307.5140723457503 -307.291267437168 -307.0543852705754
 Davidson iteration 74.0 (tol=0.05182111856638771): -307.7565381453384
 Davidson iteration 74.1 (tol=0.0518569647062924): -307.7565381457256 -304.7166510233961
 Davidson iteration 74.2 (tol=0.05185669409195066): -307.7565381457955 -304.7654337613009 -304.6555567630776
 Davidson iteration 74.3 (tol=0.0518562571285694): -307.7565381471835 -304.880341403374 -304.6915154290426 -304.3189481672196
 Davidson iteration 74.4 (tol=0.05185659143982635): -307.7565381514687 -305.1898390887331 -304.705749002797 -304.3307955946502
 Davidson iteration 74.5 (tol=0.05185899251052577): -307.756538181979 -306.1149737537585 -304.7488153298947 -304.6194692554417
 Davidson iteration 74.6 (tol=0.05185735369686775): -307.7565382599782 -306.8059446459761 -304.8779558342305 -304.6856961639654
 Davidson iteration 74.7 (tol=0.05185671884781363): -307.7565383004254 -307.0067965839546 -304.9551916794733 -304.6945779603918
 Davidson iteration 74.8 (tol=0.05185795399640467): -307.7565383229715 -307.0423203884416 -305.0585568597032 -304.701519628024
 Davidson iteration 74.9 (tol=0.05185846354598684): -307.7565383259513 -307.05853223183 -305.7715188680365 -304.8639186623716
 Davidson iteration 74.10 (tol=0.05185850266102009): -307.7565383263411 -307.0892742077466 -306.6934272376465 -305.0137958057867
 Davidson iteration 74.11 (tol=0.05185973291417347): -307.7565383348867 -307.2765499747729 -307.0083570750414 -305.1186518722938
 Davidson iteration 74.12 (tol=0.05186031289460461): -307.756538345585 -307.3965082342995 -307.0360415861098 -305.6764563635805
 Davidson iteration 74.13 (tol=0.051860033637692): -307.756538347403 -307.4573280915944 -307.0528801101824 -306.5136551664751
 Davidson iteration 74.14 (tol=0.05186072547724366): -307.7565383522026 -307.4986595004721 -307.0819029288445 -306.8352720046745
 Davidson iteration 74.15 (tol=0.05186251518188794): -307.7565383917795 -307.5082034913568 -307.0978344015043 -306.8983104044148
 Davidson iteration 74.16 (tol=0.05186234144182517): -307.7565384165283 -307.5113048703622 -307.1098383823866 -306.933322163942
 Davidson iteration 74.17 (tol=0.05186142177029816): -307.7565384286285 -307.5129203914124 -307.1249816976379 -306.9673708110356
 Davidson iteration 74.18 (tol=0.05186241680705941): -307.7565384439986 -307.5135674654741 -307.1401186140592 -307.0031540579658
 Davidson iteration 74.19 (tol=0.05186540930579832): -307.7565386053461 -307.5139085350599 -307.1623363137313 -307.0408770346671
 Davidson iteration 75.0 (tol=0.05186540929563505): -307.7565377224423
 Davidson iteration 75.1 (tol=0.05186512476911293): -307.7565377224423 -304.7162852040656
 Davidson iteration 75.2 (tol=0.05186556791131976): -307.7565377226218 -304.7510980544097 -304.6356083749851
 Davidson iteration 75.3 (tol=0.05186515722628277): -307.7565377237337 -304.8439671189574 -304.6810697823466 -304.1394451944922
 Davidson iteration 75.4 (tol=0.05186515996519429): -307.756537723736 -304.9817533180035 -304.6921659438394 -304.1680591081901
 Davidson iteration 75.5 (tol=0.05186503485763593): -307.7565377244022 -305.2395175453721 -304.7024463718358 -304.3401430168403
 Davidson iteration 75.6 (tol=0.05186471684945738): -307.7565377251439 -306.1367988156665 -304.8196456202749 -304.683281774838
 Davidson iteration 75.7 (tol=0.05186544685105098): -307.7565377282287 -306.8667167266653 -304.9478495468401 -304.6952087336467
 Davidson iteration 75.8 (tol=0.05186552393107186): -307.7565377284534 -307.0418992979165 -305.029702084011 -304.6984110820884
 Davidson iteration 75.9 (tol=0.05186511095281915): -307.7565377357443 -307.0864293741337 -305.1997597826525 -304.7031421066914
 Davidson iteration 75.10 (tol=0.05186534062253804): -307.7565377361212 -307.1051579658781 -305.8005951442692 -304.9646868974734
 Davidson iteration 75.11 (tol=0.05186530268091155): -307.7565377365215 -307.2278251230243 -306.9729607763185 -305.1076723428985
 Davidson iteration 75.12 (tol=0.05186529501369111): -307.75653773653 -307.4583558512743 -307.0653569616887 -305.1892333544938
 Davidson iteration 75.13 (tol=0.05186896873403003): -307.7565377821561 -307.4957133713335 -307.0726808082166 -305.4035087967292
 Davidson iteration 75.14 (tol=0.05186905091123327): -307.7565377823497 -307.509270370451 -307.0765060833187 -305.815840568926
 Davidson iteration 75.15 (tol=0.05186940403657116): -307.7565377841108 -307.5124126586772 -307.077663998921 -306.237683894294
 Davidson iteration 75.16 (tol=0.05187119386228663): -307.756537795104 -307.5134502231489 -307.0789939516956 -306.5361093371897
 Davidson iteration 75.17 (tol=0.051910808813654): -307.7565381529635 -307.5137913802536 -307.0799978494331 -306.7361557476236
 Davidson iteration 75.18 (tol=0.05220022043237788): -307.7565408439639 -307.5139103268882 -307.0804199456367 -306.8682503959319
 Davidson iteration 75.19 (tol=0.0542254971786665): -307.7565622029767 -307.5140028802639 -307.0852585094353 -307.0427997505872
 Davidson iteration 76.0 (tol=0.05422543354781193): -307.7564822730953
 Davidson iteration 76.1 (tol=0.05116213539998963): -307.756485090718 -304.7250493987278
 Davidson iteration 76.2 (tol=0.05117768517004182): -307.7564851701867 -304.7899777451343 -304.3599604416675
 Davidson iteration 76.3 (tol=0.05136978715464854): -307.7564891018599 -305.6814178075035 -304.7159789090057 -302.8094330013382
 Davidson iteration 76.4 (tol=0.05154048856657022): -307.7564969861837 -306.8695745835957 -304.7189204879109 -304.5313012981576
 Davidson iteration 76.5 (tol=0.05151081194431582): -307.7564986777761 -307.1052609666212 -304.7613614359971 -304.6597969989108
 Davidson iteration 76.6 (tol=0.05150273582550338): -307.7564992815011 -307.1646634540419 -304.8887090206686 -304.6954355027241
 Davidson iteration 76.7 (tol=0.05151433106434532): -307.756499342141 -307.1795150172518 -305.3644269172805 -304.7245680019066
 Davidson iteration 76.8 (tol=0.05151290039724374): -307.7564994783106 -307.1921415583936 -306.4450253972468 -304.848259609235
 Davidson iteration 76.9 (tol=0.05152137166910974): -307.756500045109 -307.2830394773072 -307.1160105186387 -304.9508652960785
 Davidson iteration 76.10 (tol=0.05153104116946797): -307.75650012442 -307.4394311669938 -307.1636659510652 -305.3271861477023
 Davidson iteration 76.11 (tol=0.0515313515797412): -307.7565003328564 -307.4969951483728 -307.1708397960842 -305.6774771747762
 Davidson iteration 76.12 (tol=0.05153537398007874): -307.756500509506 -307.509167720401 -307.1725199263968 -306.0127375520739
 Davidson iteration 76.13 (tol=0.05153886503032779): -307.7565005581829 -307.511820900103 -307.1729813550331 -306.2370184058558
 Davidson iteration 76.14 (tol=0.05153887025946345): -307.7565005604114 -307.5129199803083 -307.1731540899605 -306.5586450270766
 Davidson iteration 76.15 (tol=0.05153914230555393): -307.7565005637128 -307.5133020466951 -307.1731877566432 -306.7955779258382
 Davidson iteration 76.16 (tol=0.05153889910879048): -307.7565005850672 -307.5134364815036 -307.1731877726302 -306.9143204398034
 Davidson iteration 76.17 (tol=0.05154040160438942): -307.7565006366428 -307.5134583733894 -307.173224926899 -306.9542388931945
 Davidson iteration 76.18 (tol=0.05153983831601303): -307.7565006470292 -307.5134643144027 -307.1734591082364 -306.985002804969
 Davidson iteration 76.19 (tol=0.05153799709144669): -307.7565009295548 -307.5134659898856 -307.1745475705694 -307.0135476615454
 Davidson iteration 77.0 (tol=0.05153798392925008): -307.7565377630194
 Davidson iteration 77.1 (tol=0.05157273932729155): -307.7565377633831 -304.7149487395357
 Davidson iteration 77.2 (tol=0.05156980747632217): -307.756537774966 -304.7339061323705 -304.588626895551
 Davidson iteration 77.3 (tol=0.05156848147959654): -307.7565377890898 -304.7963578703075 -304.6681400309589 -304.0886261429339
 Davidson iteration 77.4 (tol=0.05156856896174682): -307.7565377912218 -304.9259649198885 -304.6917245684805 -304.1195786285019
 Davidson iteration 77.5 (tol=0.0515695666570787): -307.7565377998129 -305.6311384937902 -304.7376766604889 -304.5719525903241
 Davidson iteration 77.6 (tol=0.05157056041792397): -307.7565378956105 -306.5114575323604 -304.7993990149316 -304.6631610680387
 Davidson iteration 77.7 (tol=0.0515694419502547): -307.7565379007808 -307.026112326672 -304.8923906988759 -304.6895443245509
 Davidson iteration 77.8 (tol=0.05157061473755611): -307.7565379122375 -307.173335728377 -305.0385493703533 -304.7067461386098
 Davidson iteration 77.9 (tol=0.05157066519315816): -307.7565379122972 -307.233008163726 -305.638668247175 -304.761519265403
 Davidson iteration 77.10 (tol=0.05157458092477026): -307.7565379743334 -307.2784766137538 -306.3558037334979 -304.8836284234161
 Davidson iteration 77.11 (tol=0.05157460296434672): -307.7565379757189 -307.3150932912841 -306.7090882795754 -305.0117266314481
 Davidson iteration 77.12 (tol=0.05157468125717571): -307.7565379762955 -307.3450942104778 -306.9874978263085 -305.5402143379388
 Davidson iteration 77.13 (tol=0.05157542893659579): -307.7565379787497 -307.3766249059601 -307.1467887405327 -306.1474492612794
 Davidson iteration 77.14 (tol=0.05157691274490698): -307.7565379962733 -307.43435735533 -307.2612181001112 -306.5844971044313
 Davidson iteration 77.15 (tol=0.05157673425795565): -307.7565380757889 -307.4855161500013 -307.3082353263069 -306.7572747769315
 Davidson iteration 77.16 (tol=0.05158135531063611): -307.7565380963346 -307.5064878112613 -307.3221757948125 -306.86509054107
 Davidson iteration 77.17 (tol=0.05160071502873173): -307.7565384318739 -307.5114182608444 -307.327060335049 -306.9154359468195
 Davidson iteration 77.18 (tol=0.05159517941459871): -307.7565387668209 -307.5131614778625 -307.3297304771054 -306.9484554419946
 Davidson iteration 77.19 (tol=0.05158661539472947): -307.7565393116628 -307.5137435895151 -307.330496466937 -306.9837264768689
 Davidson iteration 78.0 (tol=0.05158661536190314): -307.7565375910442
 Davidson iteration 78.1 (tol=0.05159845348207794): -307.7565375910864 -304.7152191205473
 Davidson iteration 78.2 (tol=0.05159788827297439): -307.7565375914591 -304.7248946008442 -304.5671479281506
 Davidson iteration 78.3 (tol=0.05159655732699642): -307.7565376119469 -304.8365441903246 -304.6905940255687 -303.7631344042358
 Davidson iteration 78.4 (tol=0.05159828481604371): -307.756537642162 -305.1850067022453 -304.7112889605942 -304.2744443424834
 Davidson iteration 78.5 (tol=0.05160667541006158): -307.7565377962254 -306.3171505240533 -304.7674046941247 -304.6307276225483
 Davidson iteration 78.6 (tol=0.05160917782801141): -307.756538096249 -306.8050508607721 -304.8255233129326 -304.6761155325166
 Davidson iteration 78.7 (tol=0.05160627436617598): -307.7565381180866 -307.0087889758323 -304.9580163046517 -304.6995511646902
 Davidson iteration 78.8 (tol=0.05160709995335892): -307.7565381277315 -307.1026213800708 -305.522506115364 -304.7401634891938
 Davidson iteration 78.9 (tol=0.05160713021173541): -307.7565381420279 -307.1777582798438 -306.4774767126957 -304.8439229642529
 Davidson iteration 78.10 (tol=0.05161136490707816): -307.7565382286575 -307.298575910729 -306.8584765916468 -304.9968652841484
 Davidson iteration 78.11 (tol=0.05161208664074891): -307.75653823446 -307.3936079569359 -306.9951180927047 -305.5027130469517
 Davidson iteration 78.12 (tol=0.0516141469431327): -307.7565382754382 -307.4627812592788 -307.0955700293681 -306.2187785823912
 Davidson iteration 78.13 (tol=0.05161424236093703): -307.7565382795477 -307.4943855643815 -307.1257425376083 -306.500792690964
 Davidson iteration 78.14 (tol=0.05161484536735442): -307.7565382974597 -307.5068682193596 -307.1509348057875 -306.6733858001118
 Davidson iteration 78.15 (tol=0.05161986874412171): -307.7565383344764 -307.5111568028776 -307.1700556338012 -306.770133485943
 Davidson iteration 78.16 (tol=0.0516297995744941): -307.7565385096679 -307.5131564531828 -307.1763700710606 -306.8981858192977
 Davidson iteration 78.17 (tol=0.05162858718027426): -307.7565385259249 -307.5136848408897 -307.1831749445013 -306.9663679775555
 Davidson iteration 78.18 (tol=0.05162791966550941): -307.7565386211317 -307.5138810871869 -307.186702301272 -307.0042019743499
 Davidson iteration 78.19 (tol=0.0516304807494299): -307.7565386263239 -307.5139662411646 -307.1872401747517 -307.0324467943372
 Davidson iteration 79.0 (tol=0.05163048074043013): -307.7565376549503
 Davidson iteration 79.1 (tol=0.05162657118549364): -307.7565376549549 -304.7140065767798
 Davidson iteration 79.2 (tol=0.05162703403121213): -307.7565376551833 -304.7277269447947 -304.5670368408543
 Davidson iteration 79.3 (tol=0.05162657529792182): -307.7565376562974 -304.7991005826345 -304.6727466798783 -304.0775548776846
 Davidson iteration 79.4 (tol=0.05162657888218901): -307.7565376563175 -304.932052008192 -304.691783125258 -304.139157447523
 Davidson iteration 79.5 (tol=0.05162712404407128): -307.7565376583429 -305.5008990958809 -304.7337392327165 -304.5607423708843
 Davidson iteration 79.6 (tol=0.05162735467214882): -307.7565376935689 -306.5232343585741 -304.8107120155424 -304.6656995812766
 Davidson iteration 79.7 (tol=0.05162621395649517): -307.756537714693 -306.9705919945829 -304.8813902906221 -304.6852562679707
 Davidson iteration 79.8 (tol=0.05162857174103395): -307.7565377460237 -307.0777637937513 -304.9905021983764 -304.6964007173685
 Davidson iteration 79.9 (tol=0.05162941062957253): -307.7565377521541 -307.1056097716952 -305.398994906654 -304.7343351623223
 Davidson iteration 79.10 (tol=0.05162939197789297): -307.756537752202 -307.126371632041 -306.2351919746367 -304.8725865839141
 Davidson iteration 79.11 (tol=0.05162986938342829): -307.7565377546756 -307.1588355690531 -306.8161823437819 -304.9848785432263
 Davidson iteration 79.12 (tol=0.05163015799878718): -307.7565377594489 -307.1872034990821 -306.9700800718987 -305.1000214679181
 Davidson iteration 79.13 (tol=0.05163020385136751): -307.7565377594657 -307.2123964930076 -307.0216390406558 -305.5491466333853
 Davidson iteration 79.14 (tol=0.05163387572377386): -307.756537786576 -307.2586919099415 -307.0801199866675 -306.6247850274552
 Davidson iteration 79.15 (tol=0.0516340107085577): -307.7565378342545 -307.4042406807884 -307.1596277608885 -306.916171712891
 Davidson iteration 79.16 (tol=0.05163231827958784): -307.7565378443145 -307.4896025636723 -307.1793165019168 -306.9799276022651
 Davidson iteration 79.17 (tol=0.05164102772150904): -307.7565379310088 -307.505757228685 -307.1836596652854 -306.9892828838206
 Davidson iteration 79.18 (tol=0.05164541248766344): -307.7565382306116 -307.5109687079127 -307.1856095747231 -306.9932256643118
 Davidson iteration 79.19 (tol=0.05163124406496387): -307.7565385430008 -307.5128282391574 -307.1866663894335 -307.0031787321989
 Davidson iteration 80.0 (tol=0.05163124410877737): -307.7565383456865
 Davidson iteration 80.1 (tol=0.05167343984638127): -307.7565383462222 -304.7155652648344
 Davidson iteration 80.2 (tol=0.05167445616236051): -307.7565383473836 -304.7262769941534 -304.5733601030285
 Davidson iteration 80.3 (tol=0.05167377735193402): -307.7565383512772 -304.7925915726991 -304.6834384806041 -304.103376892481
 Davidson iteration 80.4 (tol=0.05167470598337321): -307.7565383632817 -305.0032674305926 -304.7094438986321 -304.257080395413
 Davidson iteration 80.5 (tol=0.05167874825082204): -307.7565384009043 -305.9237644150145 -304.7745500473678 -304.6292372372375
 Davidson iteration 80.6 (tol=0.05168651009796386): -307.7565386704501 -306.7358293274459 -304.8447496303786 -304.6754382280133
 Davidson iteration 80.7 (tol=0.05168621571559545): -307.7565388471955 -306.9924257736275 -304.914212315467 -304.689835519913
 Davidson iteration 80.8 (tol=0.05168836164587573): -307.7565389047847 -307.061957817545 -305.0689287226335 -304.7024542657397
 Davidson iteration 80.9 (tol=0.0516907153913227): -307.7565389331289 -307.1004201806859 -305.9888930678826 -304.8599434501469
 Davidson iteration 80.10 (tol=0.05169133612052871): -307.7565389357213 -307.1687979373969 -306.7747064912338 -304.9744108052392
 Davidson iteration 80.11 (tol=0.05169513134217871): -307.7565389773644 -307.3310061854139 -307.0131860826892 -305.1714359250031
 Davidson iteration 80.12 (tol=0.05169497920484584): -307.7565389909541 -307.4431309465001 -307.0604370043267 -305.8656057973243
 Davidson iteration 80.13 (tol=0.0516945874484369): -307.7565389956508 -307.4870773634637 -307.0789653247188 -306.3164016443068
 Davidson iteration 80.14 (tol=0.0516980470813977): -307.7565390278697 -307.5060628708349 -307.0927479604562 -306.5871835264761
 Davidson iteration 80.15 (tol=0.05170071511085435): -307.7565391296193 -307.5105407547637 -307.0984951726781 -306.7240554239867
 Davidson iteration 80.16 (tol=0.05169969012874277): -307.756539132026 -307.5126768894193 -307.1071663367169 -306.8862994869614
 Davidson iteration 80.17 (tol=0.051699865437785): -307.7565391489574 -307.5135278773575 -307.1214778979287 -307.0020783915175
 Davidson iteration 80.18 (tol=0.05170638037720302): -307.7565393039681 -307.513814120722 -307.1402612566719 -307.0450485681294
 Davidson iteration 80.19 (tol=0.05170554695563981): -307.7565398257767 -307.5139191392283 -307.155258929775 -307.0591708804305
 Davidson iteration 81.0 (tol=0.05170554693245002): -307.7565380832006
 Davidson iteration 81.1 (tol=0.05173747279949426): -307.7565380835074 -304.7146853259646
 Davidson iteration 81.2 (tol=0.05173775954911856): -307.756538083612 -304.7274239202635 -304.5934512186672
 Davidson iteration 81.3 (tol=0.05173647554526915): -307.7565380987197 -304.816911608764 -304.683509782862 -304.0442237117787
 Davidson iteration 81.4 (tol=0.0517372502688211): -307.7565381136127 -304.9893806819425 -304.6993205833073 -304.2077624281677
 Davidson iteration 81.5 (tol=0.05173737318924228): -307.7565381138641 -305.4291291096289 -304.727192271836 -304.5282831367783
 Davidson iteration 81.6 (tol=0.05174086150810865): -307.7565382691445 -306.5375999140241 -304.8366152336908 -304.6806664799274
 Davidson iteration 81.7 (tol=0.05173839975482737): -307.7565383287507 -306.9914114357986 -304.9309705647132 -304.6965506842373
 Davidson iteration 81.8 (tol=0.05173867809981655): -307.756538331621 -307.1002691885957 -305.070166982165 -304.7053617311998
 Davidson iteration 81.9 (tol=0.05173804914574664): -307.7565383364665 -307.1472041860332 -305.5615837078113 -304.7932012084349
 Davidson iteration 81.10 (tol=0.05173905519744434): -307.7565383698019 -307.1888086886988 -306.4863070301579 -304.9728895143674
 Davidson iteration 81.11 (tol=0.05174022683059387): -307.7565383954744 -307.2741517649073 -306.9556275274107 -305.1290204104761
 Davidson iteration 81.12 (tol=0.051741283903252): -307.756538405837 -307.361368851657 -307.0640358003089 -305.5183303102812
 Davidson iteration 81.13 (tol=0.05174326250813661): -307.7565384421866 -307.4372582615383 -307.1149146983727 -306.2438334908933
 Davidson iteration 81.14 (tol=0.05174380969028333): -307.7565384696077 -307.4898644147978 -307.1524336800233 -306.7171591942721
 Davidson iteration 81.15 (tol=0.05174521873803107): -307.7565384764821 -307.5064086840999 -307.169595918173 -306.835978349238
 Davidson iteration 81.16 (tol=0.05175312732508582): -307.7565385899721 -307.5125562140342 -307.1798659220406 -306.8953531259626
 Davidson iteration 81.17 (tol=0.05175647267558283): -307.7565386607621 -307.51366408593 -307.182787914331 -306.9144913319486
 Davidson iteration 81.18 (tol=0.05175904272418384): -307.7565388017823 -307.513952104305 -307.1840934553578 -306.9318062776485
 Davidson iteration 81.19 (tol=0.05175394254037709): -307.7565389711204 -307.5140281233132 -307.1848166181128 -306.9435272175504
 Davidson iteration 82.0 (tol=0.05175394253285525): -307.7565378175806
 Davidson iteration 82.1 (tol=0.05176280614483422): -307.7565378176043 -304.7152707079201
 Davidson iteration 82.2 (tol=0.05176339096264097): -307.7565378180104 -304.729225318345 -304.5959615749958
 Davidson iteration 82.3 (tol=0.05176262169554103): -307.7565378231466 -304.8124230220097 -304.6830767501225 -303.9866221146335
 Davidson iteration 82.4 (tol=0.05176293051547389): -307.7565378274559 -304.982792169421 -304.7003660041261 -304.1352322088701
 Davidson iteration 82.5 (tol=0.0517635727172887): -307.7565378308526 -305.4061221413697 -304.7284726424322 -304.5303999567281
 Davidson iteration 82.6 (tol=0.05176565474360242): -307.7565379418332 -306.3345888033644 -304.8276758774385 -304.6774095944679
 Davidson iteration 82.7 (tol=0.05176432624542891): -307.7565380357286 -306.7958886455419 -304.9173994298046 -304.6954503069181
 Davidson iteration 82.8 (tol=0.05176470625593777): -307.756538049359 -306.9311395735983 -305.0369938886117 -304.706552128133
 Davidson iteration 82.9 (tol=0.05176472395860322): -307.756538049381 -307.0119135055663 -305.5903804673083 -304.8226263201339
 Davidson iteration 82.10 (tol=0.05176529525118743): -307.7565380558601 -307.0981747495185 -306.4647744934546 -304.9744693581865
 Davidson iteration 82.11 (tol=0.05177294016831199): -307.756538164826 -307.2699892144544 -306.8404061679053 -305.1211100812548
 Davidson iteration 82.12 (tol=0.05177299837316099): -307.7565381954422 -307.4035155457341 -306.9378549117144 -305.7469241757383
 Davidson iteration 82.13 (tol=0.05177471422256722): -307.7565382030805 -307.4724687565194 -307.0006038845496 -306.2326869845763
 Davidson iteration 82.14 (tol=0.05178039734899628): -307.7565382896619 -307.5041375884202 -307.0369956707103 -306.5135227209805
 Davidson iteration 82.15 (tol=0.0517817670519067): -307.7565383782126 -307.5101765503102 -307.0462624979634 -306.6286551778216
 Davidson iteration 82.16 (tol=0.05178128660762446): -307.7565384534627 -307.5126278335567 -307.0583365128696 -306.7136006866358
 Davidson iteration 82.17 (tol=0.05177967578221407): -307.7565384848347 -307.5136383095953 -307.0700267152022 -306.8680556583375
 Davidson iteration 82.18 (tol=0.05178482549394191): -307.7565385642707 -307.5139934221341 -307.0922198498019 -306.9798152541484
 Davidson iteration 82.19 (tol=0.05178369945695669): -307.7565388758178 -307.5140899294418 -307.1164923778017 -307.012546254679
 Davidson iteration 83.0 (tol=0.05178369945690473): -307.7565381382289
 Davidson iteration 83.1 (tol=0.05180804850831493): -307.7565381384073 -304.7146906910702
 Davidson iteration 83.2 (tol=0.05180964077869736): -307.7565381411591 -304.7244627970364 -304.5702014032004
 Davidson iteration 83.3 (tol=0.05180879434368811): -307.7565381604221 -304.8234404379854 -304.6833634169349 -303.6997388873457
 Davidson iteration 83.4 (tol=0.05180911677287871): -307.7565381657271 -304.9693654463194 -304.6955324764052 -303.9561440730147
 Davidson iteration 83.5 (tol=0.05181005172457148): -307.756538190904 -305.1935767701805 -304.7085760740558 -304.3846398310453
 Davidson iteration 83.6 (tol=0.05181388698250885): -307.7565382883294 -306.0039216658843 -304.7923410138515 -304.6773833031672
 Davidson iteration 83.7 (tol=0.05181148755253838): -307.7565383164665 -306.7391619233928 -304.9281674070256 -304.6983627358555
 Davidson iteration 83.8 (tol=0.05181232765780841): -307.7565383297515 -306.9546965019134 -305.0359452856442 -304.7035316217514
 Davidson iteration 83.9 (tol=0.05181179566494534): -307.7565383347662 -307.0312783616569 -305.2565511595113 -304.7270682979698
 Davidson iteration 83.10 (tol=0.05181176416726042): -307.7565383365584 -307.0737391606397 -305.9085035108211 -304.9603187350738
 Davidson iteration 83.11 (tol=0.05182131457462709): -307.7565384804248 -307.1598187301694 -306.7019983378619 -305.0995979112865
 Davidson iteration 83.12 (tol=0.05182085043998694): -307.7565384965347 -307.3257061119901 -306.9715263400666 -305.4143870837591
 Davidson iteration 83.13 (tol=0.05182416833376275): -307.7565385315162 -307.4341163495813 -307.0280902528859 -305.9545283330061
 Davidson iteration 83.14 (tol=0.05182513816307129): -307.7565385637491 -307.4959056152074 -307.0631011224428 -306.3643382185134
 Davidson iteration 83.15 (tol=0.0518259336499725): -307.7565385866015 -307.5095248083747 -307.0755291944735 -306.4898388430576
 Davidson iteration 83.16 (tol=0.05182747756042781): -307.7565385939259 -307.5130253728661 -307.0796790073781 -306.5583632192262
 Davidson iteration 83.17 (tol=0.05182729125021361): -307.7565386242669 -307.5137515380654 -307.0817904421895 -306.6027429819807
 Davidson iteration 83.18 (tol=0.05183797471748316): -307.7565388179581 -307.5139383505802 -307.0834853961095 -306.6629245252585
 Davidson iteration 83.19 (tol=0.05184180142026129): -307.7565395138352 -307.5140499652088 -307.0898298647891 -306.9562561510123
 Davidson iteration 84.0 (tol=0.0518418013529611): -307.7565375634887
 Davidson iteration 84.1 (tol=0.05184586744534387): -307.7565375634937 -304.7163637956508
 Davidson iteration 84.2 (tol=0.05184573623223788): -307.7565375635145 -304.7351664112868 -304.6349785821922
 Davidson iteration 84.3 (tol=0.05184498132096716): -307.7565375723428 -304.8896393325835 -304.7010255803014 -304.1295578116471
 Davidson iteration 84.4 (tol=0.05184650427803136): -307.7565375985554 -305.3510837006758 -304.7144153570502 -304.3624505682748
 Davidson iteration 84.5 (tol=0.05184953052589361): -307.7565376564676 -306.4872684007049 -304.7899418428647 -304.6600723823882
 Davidson iteration 84.6 (tol=0.05185202056775685): -307.7565378776863 -306.988538228725 -304.8797807922714 -304.6889251051728
 Davidson iteration 84.7 (tol=0.05185047700520547): -307.7565379578876 -307.1311887282149 -304.9913256843926 -304.7005262322535
 Davidson iteration 84.8 (tol=0.05185048433824547): -307.7565379585561 -307.1554049748428 -305.2269339862805 -304.713205679268
 Davidson iteration 84.9 (tol=0.05185064282623501): -307.7565379587718 -307.1774499520382 -306.2487489901594 -304.9196078947702
 Davidson iteration 84.10 (tol=0.05185083866203279): -307.7565379600535 -307.2551928710579 -307.019266825563 -305.0778129619189
 Davidson iteration 84.11 (tol=0.05185371544815725): -307.7565379962872 -307.380963143405 -307.1201549983192 -305.2253852973081
 Davidson iteration 84.12 (tol=0.05185363436249783): -307.7565379964291 -307.4561043928189 -307.1428943296066 -305.8651831882609
 Davidson iteration 84.13 (tol=0.05185883636211379): -307.7565380638177 -307.4911784074205 -307.1541446438544 -306.4515685382631
 Davidson iteration 84.14 (tol=0.05185857599424267): -307.7565380675952 -307.5068199315419 -307.163692558284 -306.736062642874
 Davidson iteration 84.15 (tol=0.05185902728350452): -307.7565380698588 -307.5108675157963 -307.1689305536944 -306.8467859408905
 Davidson iteration 84.16 (tol=0.05185912282836749): -307.756538070286 -307.5128416282084 -307.1738428144545 -306.9458802324556
 Davidson iteration 84.17 (tol=0.05186713793564487): -307.7565382139543 -307.5137301695302 -307.1807045805235 -307.0338334373347
 Davidson iteration 84.18 (tol=0.05186584504061842): -307.7565383221915 -307.5139065203043 -307.1842725055498 -307.0612743266917
 Davidson iteration 84.19 (tol=0.05186740458192408): -307.7565386361676 -307.5139615035484 -307.1857593406725 -307.0754805687314
 Davidson iteration 85.0 (tol=0.05186740454411825): -307.7565377364647
 Davidson iteration 85.1 (tol=0.05187447286929712): -307.7565377364797 -304.7149651356033
 Davidson iteration 85.2 (tol=0.05187450557198842): -307.7565377364811 -304.7388475122783 -304.6337085533694
 Davidson iteration 85.3 (tol=0.05187381872828203): -307.7565377404811 -304.8584878601214 -304.6903430781286 -304.1099478246251
 Davidson iteration 85.4 (tol=0.05187398827958087): -307.7565377436807 -305.0866293909435 -304.7007527278477 -304.2189313846467
 Davidson iteration 85.5 (tol=0.05187438749451107): -307.756537747519 -305.7404010892415 -304.7293967168872 -304.5874154477846
 Davidson iteration 85.6 (tol=0.05187390663004388): -307.7565377944359 -306.6095966386781 -304.8548581990444 -304.6867493942207
 Davidson iteration 85.7 (tol=0.05187269379800945): -307.7565378112156 -307.0284123816998 -304.9975643055603 -304.6987670939968
 Davidson iteration 85.8 (tol=0.05187283463257865): -307.7565378115631 -307.1009183109621 -305.1417155330729 -304.7038122427973
 Davidson iteration 85.9 (tol=0.05187255946342559): -307.7565378130243 -307.1448301751436 -305.7899069060298 -304.8649663275688
 Davidson iteration 85.10 (tol=0.05187300959930039): -307.7565378211695 -307.2351165976013 -306.8494819739328 -305.0770182877462
 Davidson iteration 85.11 (tol=0.05187304021053003): -307.7565378225858 -307.3728041676279 -307.0381900901607 -305.1990861190989
 Davidson iteration 85.12 (tol=0.05187306555652881): -307.7565378227652 -307.461581496187 -307.0862615363828 -305.5458479671483
 Davidson iteration 85.13 (tol=0.05187433558991084): -307.7565378487431 -307.4947160707396 -307.1098054831442 -306.1779477920066
 Davidson iteration 85.14 (tol=0.05187460077806092): -307.7565378600255 -307.5078572611421 -307.1237619116833 -306.5304992030478
 Davidson iteration 85.15 (tol=0.05187554817362114): -307.7565378666437 -307.5116418183719 -307.1305772081269 -306.6859461505722
 Davidson iteration 85.16 (tol=0.05187651090317592): -307.756537877215 -307.5129152423812 -307.1367423222821 -306.7919879454182
 Davidson iteration 85.17 (tol=0.05187759251387106): -307.7565378977142 -307.513603437354 -307.1442684654627 -306.9340109004724
 Davidson iteration 85.18 (tol=0.05187926174156154): -307.7565379395937 -307.5138736772694 -307.1515093715277 -307.0273476844843
 Davidson iteration 85.19 (tol=0.05187955552939014): -307.7565379408869 -307.5139814094677 -307.1664312446825 -307.0782812629947
 Davidson iteration 86.0 (tol=0.05187955553054139): -307.7565376822914
 Davidson iteration 86.1 (tol=0.0518770484761543): -307.7565376822934 -304.7149394381135
 Davidson iteration 86.2 (tol=0.05187727393087808): -307.7565376823539 -304.7378970902158 -304.6249228854839
 Davidson iteration 86.3 (tol=0.05187707255504029): -307.7565376825812 -304.8435871214174 -304.6857068750687 -304.0511059108143
 Davidson iteration 86.4 (tol=0.05187706924249422): -307.7565376825871 -305.0133465889775 -304.6959098397164 -304.1467744182271
 Davidson iteration 86.5 (tol=0.05187698978682993): -307.7565376835829 -305.3949441069588 -304.7093116180349 -304.4622664715022
 Davidson iteration 86.6 (tol=0.05187649601533967): -307.7565376861809 -306.3085053505905 -304.8279845908452 -304.685480415655
 Davidson iteration 86.7 (tol=0.05187645807518441): -307.756537686195 -306.9660274578368 -304.9757771098876 -304.6973646340927
 Davidson iteration 86.8 (tol=0.05187650784771992): -307.7565376862304 -307.0651920664825 -305.0532916164601 -304.6993790017921
 Davidson iteration 86.9 (tol=0.05187716767255818): -307.7565376886095 -307.0970513107085 -305.1613330338484 -304.7013800553729
 Davidson iteration 86.10 (tol=0.05187716727904924): -307.756537688611 -307.105854810336 -305.5871984656919 -304.929335449969
 Davidson iteration 86.11 (tol=0.05187716748695244): -307.7565376889099 -307.1141160122158 -306.5525229469575 -305.1005706780689
 Davidson iteration 86.12 (tol=0.05187715203939222): -307.7565376890108 -307.2805299632264 -307.0814768350178 -305.1939146257731
 Davidson iteration 86.13 (tol=0.0518772236812942): -307.7565376913424 -307.4024901547307 -307.0932074062743 -305.4150408695534
 Davidson iteration 86.14 (tol=0.05187723782484856): -307.7565376913468 -307.4502983486773 -307.0975935684634 -306.1468455892414
 Davidson iteration 86.15 (tol=0.05187746614520374): -307.7565376959656 -307.4892260265009 -307.1037013349502 -306.8348606019939
 Davidson iteration 86.16 (tol=0.05187874492694748): -307.7565377112281 -307.5054303821557 -307.1128178099266 -307.0079634179193
 Davidson iteration 86.17 (tol=0.05188425549105557): -307.7565378398057 -307.5118325709464 -307.1358150714293 -307.0611837275163
 Davidson iteration 86.18 (tol=0.05192285696776655): -307.7565389877039 -307.5132390959389 -307.1496149609047 -307.0725895194039
 Davidson iteration 86.19 (tol=0.05203146280943027): -307.7565432519204 -307.513777458599 -307.1639353215687 -307.0782309809793
 Davidson iteration 87.0 (tol=0.05203146100822829): -307.7565329996553
 Davidson iteration 87.1 (tol=0.05179106253874392): -307.7565330170394 -304.716120446919
 Davidson iteration 87.2 (tol=0.05179678288381903): -307.7565330434273 -304.7165008393818 -304.6038121368787
 Davidson iteration 87.3 (tol=0.05181754127543277): -307.7565336125289 -305.1499120100991 -304.7164822356965 -303.874962072468
 Davidson iteration 87.4 (tol=0.05184785511038136): -307.7565344601297 -306.2467013806507 -304.7252321583578 -304.490738579885
 Davidson iteration 87.5 (tol=0.05184928443575955): -307.7565348098112 -306.9014371003332 -304.8009841587877 -304.6663162207537
 Davidson iteration 87.6 (tol=0.05187376950903835): -307.7565360521201 -307.1483853450086 -304.978603803369 -304.7047420912407
 Davidson iteration 87.7 (tol=0.0518677066479255): -307.7565361283791 -307.2362319815552 -305.7495204224341 -304.7528589119395
 Davidson iteration 87.8 (tol=0.05187275289506034): -307.756536202174 -307.3386444654831 -306.7068932955673 -304.8611625259347
 Davidson iteration 87.9 (tol=0.05187193721187243): -307.7565362690837 -307.4568840873446 -307.0117012278836 -305.0054215875973
 Davidson iteration 87.10 (tol=0.05187231446704781): -307.7565362793595 -307.4885540147044 -307.0599365575885 -305.2209668050654
 Davidson iteration 87.11 (tol=0.05187253040937631): -307.7565362826618 -307.5023303387233 -307.0918943176063 -306.0755297000421
 Davidson iteration 87.12 (tol=0.05187660132258426): -307.7565363374396 -307.5096383964098 -307.1283635214314 -306.6791743887817
 Davidson iteration 87.13 (tol=0.05188093459482325): -307.756536432409 -307.5123516122963 -307.154074799229 -306.8285772364704
 Davidson iteration 87.14 (tol=0.05188091453224592): -307.7565364402648 -307.5128550443812 -307.1636192181959 -306.8678038805086
 Davidson iteration 87.15 (tol=0.05188105773249115): -307.7565364449138 -307.5129384729024 -307.1669804786272 -306.8825298634059
 Davidson iteration 87.16 (tol=0.05188141674446185): -307.756536448444 -307.5129975045512 -307.1709690358099 -306.9118644183222
 Davidson iteration 87.17 (tol=0.05188394989061499): -307.7565364866674 -307.5130296562342 -307.176057536655 -306.9817473456442
 Davidson iteration 87.18 (tol=0.05188457252333788): -307.756536496479 -307.5130355667811 -307.1796353202597 -307.0289873552203
 Davidson iteration 87.19 (tol=0.05188617094936541): -307.7565365075355 -307.5130383042965 -307.1808154029568 -307.0444897578537
 Davidson iteration 88.0 (tol=0.05188617093452864): -307.7565377516086
 Davidson iteration 88.1 (tol=0.0518936582603947): -307.7565377516254 -304.7140985348444
 Davidson iteration 88.2 (tol=0.05189306321039011): -307.7565377520796 -304.7397356165193 -304.6308573681962
 Davidson iteration 88.3 (tol=0.05189300643953949): -307.7565377520993 -304.8433300555719 -304.6854886592748 -304.1054869776411
 Davidson iteration 88.4 (tol=0.0518930048263543): -307.7565377521656 -304.9880688307203 -304.693819205924 -304.1683585773253
 Davidson iteration 88.5 (tol=0.05189301299528795): -307.7565377531114 -305.1688735462233 -304.6990252369166 -304.2630162480929
 Davidson iteration 88.6 (tol=0.05189387562943847): -307.7565377567745 -305.6296744312831 -304.7417766367707 -304.6716271598892
 Davidson iteration 88.7 (tol=0.05189580990741363): -307.7565377693497 -306.7559191838943 -304.9937292090542 -304.6974921804701
 Davidson iteration 88.8 (tol=0.05189545421857384): -307.75653777537 -307.089655780122 -305.107278337642 -304.6987886863641
 Davidson iteration 88.9 (tol=0.05189523908634174): -307.7565377758232 -307.1858236349115 -305.2758469681238 -304.7000784470875
 Davidson iteration 88.10 (tol=0.05189616019314371): -307.7565377841707 -307.2582076603923 -306.4002395666795 -305.067017718563
 Davidson iteration 88.11 (tol=0.0518964071565747): -307.7565377953892 -307.413593676892 -307.0070692113771 -305.1473007471039
 Davidson iteration 88.12 (tol=0.05189614251584825): -307.7565378002519 -307.4917487236017 -307.0828893468329 -305.1936814083102
 Davidson iteration 88.13 (tol=0.05189666843921078): -307.7565378025702 -307.5059490231623 -307.0961463835368 -305.248766053555
 Davidson iteration 88.14 (tol=0.05190002447378707): -307.7565378566599 -307.5104048369572 -307.10268542953 -305.8182417439897
 Davidson iteration 88.15 (tol=0.051901891698555): -307.7565379090382 -307.5123928739486 -307.1100712288116 -306.6772934068382
 Davidson iteration 88.16 (tol=0.05190089442308683): -307.7565379288506 -307.5133895400052 -307.1236978029515 -306.9592783912476
 Davidson iteration 88.17 (tol=0.05190447394967287): -307.7565379622937 -307.5137706700627 -307.1465719253935 -307.0421395283643
 Davidson iteration 88.18 (tol=0.05193182383899148): -307.7565386271666 -307.5138707365163 -307.161896484847 -307.0607191291772
 Davidson iteration 88.19 (tol=0.05204649543411431): -307.7565425860509 -307.5139148282056 -307.1741769425041 -307.0710908532652
 Davidson iteration 89.0 (tol=0.05204649448132843): -307.7565353446743
 Davidson iteration 89.1 (tol=0.05191495257774138): -307.7565353498741 -304.7100650458822
 Davidson iteration 89.2 (tol=0.05192065417436383): -307.7565353796836 -304.7101255281718 -304.5582977315156
 Davidson iteration 89.3 (tol=0.05193009880300117): -307.7565356979225 -304.971846727228 -304.7061616934985 -303.5341980740763
 Davidson iteration 89.4 (tol=0.05193893240559846): -307.7565359614454 -305.6228951902496 -304.7147648984939 -304.3724492712482
 Davidson iteration 89.5 (tol=0.05194111197729355): -307.7565360875093 -306.3586935877588 -304.7758078448256 -304.6514918138441
 Davidson iteration 89.6 (tol=0.05196316055327894): -307.7565369889402 -306.8399805461654 -304.9340193496803 -304.6936443569001
 Davidson iteration 89.7 (tol=0.05195818227659674): -307.7565370739934 -306.9978754786105 -305.2445529058483 -304.7070153785452
 Davidson iteration 89.8 (tol=0.05195810634741609): -307.7565370771782 -307.0812770227164 -305.7946643894282 -304.7424086029191
 Davidson iteration 89.9 (tol=0.05195844757019873): -307.7565371245815 -307.1725969911689 -306.4730056132731 -304.9280226810237
 Davidson iteration 89.10 (tol=0.0519597520383895): -307.756537165844 -307.2364580911711 -306.7234287968965 -305.1682516286234
 Davidson iteration 89.11 (tol=0.0519626318438255): -307.756537207866 -307.2976571151062 -306.9106457049798 -305.8460876908215
 Davidson iteration 89.12 (tol=0.05196453759253039): -307.7565372236397 -307.4012216784415 -307.0883070181492 -306.4186608755828
 Davidson iteration 89.13 (tol=0.05196518998155743): -307.7565372353291 -307.482755833139 -307.1538694305966 -306.5762299157012
 Davidson iteration 89.14 (tol=0.05196525975404394): -307.756537240724 -307.5065822958696 -307.1713525787252 -306.6423265996422
 Davidson iteration 89.15 (tol=0.05196512721221359): -307.7565372450975 -307.5115561455839 -307.1767012741641 -306.6790701163643
 Davidson iteration 89.16 (tol=0.05196579174237337): -307.7565372497098 -307.5133388777467 -307.1801740406108 -306.7329342024842
 Davidson iteration 89.17 (tol=0.05196989903721737): -307.7565373192827 -307.5138027593742 -307.1820582192996 -306.7963453588723
 Davidson iteration 89.18 (tol=0.05197024903505244): -307.7565373666366 -307.5139658896877 -307.1831724184627 -306.8530644070842
 Davidson iteration 89.19 (tol=0.05197275299163465): -307.7565373819902 -307.5140057907712 -307.1836440821331 -306.8834249839603
 Davidson iteration 90.0 (tol=0.05197275299147774): -307.7565375176974
 Davidson iteration 90.1 (tol=0.05196332026891062): -307.7565375177242 -304.712940025159
 Davidson iteration 90.2 (tol=0.05196295509963355): -307.756537517918 -304.7410728337164 -304.6437658792505
 Davidson iteration 90.3 (tol=0.05196317736579019): -307.7565375181373 -304.8583019122837 -304.6884959464738 -304.0830702839875
 Davidson iteration 90.4 (tol=0.05196317882027945): -307.7565375181415 -305.0222443194429 -304.6955992132945 -304.1625082225493
 Davidson iteration 90.5 (tol=0.0519633609562145): -307.7565375197121 -305.2482854980598 -304.7025493718227 -304.3457977334221
 Davidson iteration 90.6 (tol=0.05196429971969434): -307.7565375222507 -305.6561738183889 -304.7544593814147 -304.6698008937371
 Davidson iteration 90.7 (tol=0.05196395851943358): -307.7565375252333 -306.3470217588271 -304.9712694384278 -304.6961853001202
 Davidson iteration 90.8 (tol=0.05196490999186996): -307.7565375334564 -306.7025600111411 -305.1209724107062 -304.6985869580482
 Davidson iteration 90.9 (tol=0.05196506458472223): -307.7565375338187 -306.8564156470513 -305.3226244039478 -304.7010840820997
 Davidson iteration 90.10 (tol=0.05196570022836296): -307.7565375408371 -306.966285700272 -305.8872841393638 -304.9949459425584
 Davidson iteration 90.11 (tol=0.05196552840434867): -307.7565375515603 -307.1471878243266 -306.5634172446116 -305.1833003608598
 Davidson iteration 90.12 (tol=0.05196558569866122): -307.7565375516415 -307.3286798046082 -306.7715690395318 -305.3251115755962
 Davidson iteration 90.13 (tol=0.05196562571890599): -307.7565375527332 -307.4268244715325 -306.8483965193967 -305.6338342158538
 Davidson iteration 90.14 (tol=0.05196556723994321): -307.7565375532972 -307.4826259236746 -306.9278229572267 -306.2924655272888
 Davidson iteration 90.15 (tol=0.05196575420644906): -307.7565375619056 -307.5032147018546 -307.0042574002102 -306.5948156870149
 Davidson iteration 90.16 (tol=0.05196572239833701): -307.7565375620298 -307.5096669893406 -307.0485496983623 -306.6947509702555
 Davidson iteration 90.17 (tol=0.05196557465483968): -307.7565375715909 -307.512610472907 -307.0896771257557 -306.7792649539155
 Davidson iteration 90.18 (tol=0.05197226335732617): -307.7565376845751 -307.513362033601 -307.1113696709924 -306.8229528718871
 Davidson iteration 90.19 (tol=0.05197320908468155): -307.7565377803004 -307.5137714316428 -307.134422637398 -306.8727144200527
 Davidson iteration 91.0 (tol=0.05197320908246482): -307.7565376808957
 Davidson iteration 91.1 (tol=0.05197356811679289): -307.7565376808957 -304.712325974195
 Davidson iteration 91.2 (tol=0.05197341797796038): -307.756537680928 -304.7451473883262 -304.6521358721606
 Davidson iteration 91.3 (tol=0.05197339262400923): -307.7565376809312 -304.8765884907963 -304.6903656873561 -304.1434816587102
 Davidson iteration 91.4 (tol=0.05197339150511228): -307.7565376809348 -305.0741131112904 -304.6966981089137 -304.216709139935
 Davidson iteration 91.5 (tol=0.05197365146167837): -307.7565376832265 -305.5373418909626 -304.7128372321564 -304.5354271603413
 Davidson iteration 91.6 (tol=0.05197300823400089): -307.7565376863785 -306.4126009875079 -304.8937955032471 -304.6900774598498
 Davidson iteration 91.7 (tol=0.05197254412053198): -307.7565376932998 -306.9670069366061 -305.0519853730643 -304.6966465056454
 Davidson iteration 91.8 (tol=0.05197396882151625): -307.7565377063427 -307.1179592598147 -305.2079880802285 -304.6989534298781
 Davidson iteration 91.9 (tol=0.05197471403587749): -307.7565377101756 -307.1740204176483 -305.6261015015425 -304.7884861283819
 Davidson iteration 91.10 (tol=0.05197486186619967): -307.7565377122921 -307.2195386750221 -306.4944475793941 -305.0972515048458
 Davidson iteration 91.11 (tol=0.05197472095830084): -307.7565377131692 -307.3134907032173 -306.9878435266406 -305.2735747237424
 Davidson iteration 91.12 (tol=0.05197504659209895): -307.7565377171829 -307.4048327458583 -307.094341491289 -305.5262601291275
 Davidson iteration 91.13 (tol=0.05197532398105466): -307.7565377315584 -307.4651069461427 -307.1351535237643 -306.1123543801374
 Davidson iteration 91.14 (tol=0.05197540731209997): -307.7565377594018 -307.5006024185221 -307.1637019807436 -306.6461888400793
 Davidson iteration 91.15 (tol=0.05197760203382326): -307.756537850136 -307.5101349204808 -307.1762023283823 -306.7878555372155
 Davidson iteration 91.16 (tol=0.05198628554991255): -307.756538176544 -307.5131437146625 -307.1821562818183 -306.8554658664116
 Davidson iteration 91.17 (tol=0.05207436964639899): -307.7565409823404 -307.5137393948903 -307.183882447896 -306.8833072201505
 Davidson iteration 91.18 (tol=0.05272572567721388): -307.7565620591143 -307.5138733229714 -307.184525263287 -306.897885965279
 Davidson iteration 91.19 (tol=0.05776659073415641): -307.7567650717884 -307.5139295351215 -307.1848580289919 -306.9109698133424
 Davidson iteration 92.0 (tol=0.05776494615915597): -307.756334802847
 Davidson iteration 92.1 (tol=0.04638641133916425): -307.7563715367812 -304.5256177868516
 Davidson iteration 92.2 (tol=0.04723884568380998): -307.7563775879996 -305.0005889923776 -302.6687204036675
 Davidson iteration 92.3 (tol=0.04962197101280848): -307.756422761213 -306.1416318569959 -304.6023658004956 -301.7847450120451
 Davidson iteration 92.4 (tol=0.05064166331530412): -307.7564786694505 -306.5765830397604 -304.6730465807116 -303.5296136969093
 Davidson iteration 92.5 (tol=0.05030546921956023): -307.756488177787 -306.7654765023275 -304.7549133431998 -304.5795802482951
 Davidson iteration 92.6 (tol=0.05047330280015714): -307.7564899144755 -306.8963615695636 -305.5283761022443 -304.6679378922658
 Davidson iteration 92.7 (tol=0.05054689041661027): -307.7564929184815 -307.0448503418149 -306.2664380985381 -304.668677328731
 Davidson iteration 92.8 (tol=0.05053374232302239): -307.7564932835233 -307.2320386702634 -306.6478861982202 -304.9787823973472
 Davidson iteration 92.9 (tol=0.0505420914922034): -307.7564933613646 -307.3696550668978 -306.8037802565902 -305.5496133766024
 Davidson iteration 92.10 (tol=0.0505605490182167): -307.7564937830807 -307.4565020207361 -306.9024897270356 -306.0581296785783
 Davidson iteration 92.11 (tol=0.05056172923664921): -307.7564939388548 -307.4875021973682 -306.9612314011178 -306.3455951041474
 Davidson iteration 92.12 (tol=0.05056096104097065): -307.7564939988784 -307.5007666863345 -307.0088755563189 -306.506769150849
 Davidson iteration 92.13 (tol=0.05056376791995668): -307.7564940120724 -307.5054992683412 -307.0429341633366 -306.6342606765382
 Davidson iteration 92.14 (tol=0.05056375818576254): -307.7564940149991 -307.5070956431557 -307.06286859363 -306.7220126837719
 Davidson iteration 92.15 (tol=0.05057084717941201): -307.7564942801197 -307.5077843158239 -307.0839641847289 -306.81910920314
 Davidson iteration 92.16 (tol=0.05057458621310775): -307.7564948689838 -307.5079465677106 -307.0982517597052 -306.8789977920512
 Davidson iteration 92.17 (tol=0.05057484068405782): -307.7564949036819 -307.5080144414545 -307.1125156935004 -306.9275079145641
 Davidson iteration 92.18 (tol=0.05064084310263246): -307.7564967184366 -307.5080650862634 -307.1298191009386 -306.9724187803566
 Davidson iteration 92.19 (tol=0.05062761563014179): -307.7564968364865 -307.5080702295957 -307.1426393094132 -306.9980424050463
 Davidson iteration 93.0 (tol=0.0506275997820748): -307.7565368951843
 Davidson iteration 93.1 (tol=0.0506444259081372): -307.7565368952681 -304.6736730909637
 Davidson iteration 93.2 (tol=0.05064257331822131): -307.7565369301909 -304.6759619790485 -304.6020714259379
 Davidson iteration 93.3 (tol=0.05064119523219836): -307.7565370526381 -304.9246496183955 -304.6700770944284 -304.0367451726663
 Davidson iteration 93.4 (tol=0.05064087678361528): -307.756537262718 -305.5731945668513 -304.6722478623751 -304.1787934258824
 Davidson iteration 93.5 (tol=0.05064582296769711): -307.756537389353 -306.4784344718473 -304.6983465805199 -304.5746081237646
 Davidson iteration 93.6 (tol=0.0506511793890207): -307.756537658391 -306.9746471325464 -304.8880281345672 -304.6595710193593
 Davidson iteration 93.7 (tol=0.05064914871008001): -307.7565376697914 -307.143720848502 -305.2680862400693 -304.6736199524959
 Davidson iteration 93.8 (tol=0.05065096104471455): -307.7565376881769 -307.2257705036479 -305.9855534574326 -304.7247640212549
 Davidson iteration 93.9 (tol=0.05065177919338953): -307.7565377567988 -307.3682350369957 -306.867222798287 -305.0398237443652
 Davidson iteration 93.10 (tol=0.05065092249670483): -307.7565377598371 -307.4482735611408 -307.004536246943 -305.1889343148476
 Davidson iteration 93.11 (tol=0.05065319823262225): -307.7565377844833 -307.4856484385765 -307.0585028684896 -305.567330358556
 Davidson iteration 93.12 (tol=0.05065767932175973): -307.7565379942353 -307.4992879917247 -307.0873694598696 -306.3277495599341
 Davidson iteration 93.13 (tol=0.05065040078640982): -307.7565381532057 -307.510360066716 -307.1390221136028 -306.8184678005701
 Davidson iteration 93.14 (tol=0.05066786350646577): -307.756538367637 -307.5129634342227 -307.163452597938 -306.8999204206516
 Davidson iteration 93.15 (tol=0.05069097390135455): -307.7565394612482 -307.5135728754155 -307.1731080149091 -306.9243935900472
 Davidson iteration 93.16 (tol=0.05070386127055542): -307.756541384996 -307.5137415377284 -307.176641610168 -306.9382248836047
 Davidson iteration 93.17 (tol=0.05068729483154431): -307.7565417798876 -307.5137960154674 -307.1789078672525 -306.9504739069684
 Davidson iteration 93.18 (tol=0.05076049606417596): -307.7565436923231 -307.5137990916725 -307.1809757007877 -306.9673213454286
 Davidson iteration 93.19 (tol=0.05076338087389953): -307.7565461781148 -307.5138006704663 -307.1825547235082 -306.9938066111786
 Davidson iteration 94.0 (tol=0.05076338007902763): -307.7565372987973
 Davidson iteration 94.1 (tol=0.0507705360025457): -307.7565372988125 -304.6842120765132
 Davidson iteration 94.2 (tol=0.05077151237156505): -307.7565373053591 -304.6855985482157 -304.4455091997315
 Davidson iteration 94.3 (tol=0.05077708445589371): -307.7565375595541 -304.7960025069191 -304.6855460355671 -303.6450215175101
 Davidson iteration 94.4 (tol=0.05079438571419737): -307.7565382908048 -305.2988810397252 -304.6859483250078 -304.1097851574787
 Davidson iteration 94.5 (tol=0.05079806888423037): -307.7565384603075 -306.2026333567773 -304.709354327505 -304.597944769723
 Davidson iteration 94.6 (tol=0.05081397816678802): -307.7565390473705 -306.7986622820223 -304.8396562114939 -304.6723007846058
 Davidson iteration 94.7 (tol=0.05080807768711252): -307.7565391726247 -306.9801014239075 -304.9842857377423 -304.682035667183
 Davidson iteration 94.8 (tol=0.05081413019499986): -307.7565392273033 -307.0299838528973 -305.165797620433 -304.6883599222304
 Davidson iteration 94.9 (tol=0.05084132704309584): -307.7565399667113 -307.0472066539759 -305.6097228830529 -304.7444985091569
 Davidson iteration 94.10 (tol=0.05082992302958845): -307.756540294989 -307.0714321085272 -306.477407925696 -304.9980852678343
 Davidson iteration 94.11 (tol=0.05085043237291317): -307.7565405245801 -307.1021668929008 -306.8185469399747 -305.1011415978561
 Davidson iteration 94.12 (tol=0.05086086874273432): -307.7565408541388 -307.1225432109783 -306.8978718035103 -305.1755831682006
 Davidson iteration 94.13 (tol=0.05086398435038574): -307.7565412540449 -307.1406844671747 -306.9418671279944 -305.8692425240085
 Davidson iteration 94.14 (tol=0.05085585603053276): -307.7565415359408 -307.1578626136891 -306.9787113535513 -306.4828076524437
 Davidson iteration 94.15 (tol=0.05085560872224684): -307.7565415360447 -307.1991424103118 -307.0524391300399 -306.8113631510107
 Davidson iteration 94.16 (tol=0.05092730624665166): -307.7565435248192 -307.288217500832 -307.1087755554503 -306.9032542831463
 Davidson iteration 94.17 (tol=0.0509009853922096): -307.7565450191012 -307.3997633076482 -307.1347785568851 -306.9480944227445
 Davidson iteration 94.18 (tol=0.05101150612603713): -307.756546874433 -307.4582476831835 -307.1470995822418 -306.976570910086
 Davidson iteration 94.19 (tol=0.05099233555707232): -307.7565492223848 -307.4945986026155 -307.1604759327507 -307.0165157714709
 Davidson iteration 95.0 (tol=0.05099233468222237): -307.7565395131054
 Davidson iteration 95.1 (tol=0.05115163242969484): -307.7565395206677 -304.6927168562852
 Davidson iteration 95.2 (tol=0.05115178521499949): -307.7565395214431 -304.695655407143 -304.6441463148246
 Davidson iteration 95.3 (tol=0.051153500880512): -307.7565396602623 -305.0347755255394 -304.6939175524863 -304.0042144266213
 Davidson iteration 95.4 (tol=0.05116802432029562): -307.7565402987925 -305.9776234379498 -304.6939347456653 -304.3121684611557
 Davidson iteration 95.5 (tol=0.05117125281211037): -307.7565404885251 -306.8585207958693 -304.7648897980345 -304.6784104929005
 Davidson iteration 95.6 (tol=0.05117294222164041): -307.7565408084758 -307.1684316893198 -305.0673491424084 -304.6924226192545
 Davidson iteration 95.7 (tol=0.0511681975868746): -307.7565408795737 -307.322345285388 -305.9201912151208 -304.7084800727663
 Davidson iteration 95.8 (tol=0.05117930667538111): -307.7565410566083 -307.4110785173807 -306.6110434997976 -304.8233201134031
 Davidson iteration 95.9 (tol=0.05117640626832387): -307.7565413425631 -307.4790098973643 -306.9304519494501 -305.0502476514714
 Davidson iteration 95.10 (tol=0.05118959226179303): -307.7565414521799 -307.5010256047772 -307.0155541455949 -305.3129637880837
 Davidson iteration 95.11 (tol=0.05120365465001246): -307.756542166434 -307.5101339624908 -307.066588541132 -305.8494781271847
 Davidson iteration 95.12 (tol=0.05120159662106625): -307.7565421816467 -307.5121893595984 -307.0866116320558 -306.2435895655165
 Davidson iteration 95.13 (tol=0.05120272121104125): -307.7565421912783 -307.5131184746499 -307.1067977161632 -306.6024641764619
 Davidson iteration 95.14 (tol=0.05120284364429545): -307.7565421913924 -307.5133868741705 -307.121695038556 -306.8009380303996
 Davidson iteration 95.15 (tol=0.05120401122247557): -307.7565422647516 -307.5135057413357 -307.1391810467703 -306.9353041586917
 Davidson iteration 95.16 (tol=0.05123546633227941): -307.7565433199492 -307.513532028259 -307.1505883185764 -306.9785753292515
 Davidson iteration 95.17 (tol=0.05123229674677104): -307.7565433484857 -307.5135448498962 -307.1566353290967 -306.9983141273356
 Davidson iteration 95.18 (tol=0.05128376223977245): -307.7565450511023 -307.5135591563856 -307.164601774919 -307.0226553364824
 Davidson iteration 95.19 (tol=0.05126578199589394): -307.7565452696571 -307.513566318001 -307.1756119629086 -307.0547569081566
 Davidson iteration 96.0 (tol=0.05126578137027616): -307.756537256933
 Davidson iteration 96.1 (tol=0.05126102967415625): -307.7565372569397 -304.6992916858948
 Davidson iteration 96.2 (tol=0.05126118307540482): -307.7565372571593 -304.6993164829271 -304.5594063616533
 Davidson iteration 96.3 (tol=0.05126164851093606): -307.7565373557443 -304.8360818750417 -304.6966391890251 -303.7688207223767
 Davidson iteration 96.4 (tol=0.05126471005815625): -307.7565375335507 -305.3406486478204 -304.6988736244183 -304.1605170859335
 Davidson iteration 96.5 (tol=0.05126515489755638): -307.7565375420564 -306.2008754358495 -304.7208821103212 -304.6015226064554
 Davidson iteration 96.6 (tol=0.05127821923978813): -307.7565379276435 -306.8085571444576 -304.8497023103633 -304.6853396299202
 Davidson iteration 96.7 (tol=0.05127647229658075): -307.7565381616175 -306.981676458767 -304.9992915242071 -304.6946809264172
 Davidson iteration 96.8 (tol=0.05127823420878194): -307.7565381725773 -307.0346286278688 -305.2835334780625 -304.702095239013
 Davidson iteration 96.9 (tol=0.05128591840638699): -307.7565384028851 -307.0680710259533 -306.1447350024518 -304.8446753874662
 Davidson iteration 96.10 (tol=0.05128590541994821): -307.7565384028855 -307.132912621587 -306.7506798195151 -305.0041720788363
 Davidson iteration 96.11 (tol=0.05128936578312478): -307.7565384906844 -307.1836270870908 -306.8764696385113 -305.1151396869397
 Davidson iteration 96.12 (tol=0.0512889959468246): -307.7565384914261 -307.2046212161218 -306.9145390712424 -305.3316597035528
 Davidson iteration 96.13 (tol=0.05128896507970816): -307.756538497344 -307.2637803086137 -307.0346318464444 -306.7452192587786
 Davidson iteration 96.14 (tol=0.05128931311863363): -307.7565386052767 -307.4285870617632 -307.1534356912144 -306.8726853777272
 Davidson iteration 96.15 (tol=0.05129050983564192): -307.7565386195732 -307.4894574546469 -307.1694476634025 -306.8843521731678
 Davidson iteration 96.16 (tol=0.0513297778251399): -307.7565397334114 -307.5036275904766 -307.1737872708862 -306.8902548398884
 Davidson iteration 96.17 (tol=0.05131579071582476): -307.756540089904 -307.5104458848124 -307.1771298995455 -306.9004575675672
 Davidson iteration 96.18 (tol=0.05136479986533198): -307.756540944333 -307.5129563887312 -307.1795670436584 -306.9110127174954
 Davidson iteration 96.19 (tol=0.05137927278726982): -307.7565430010602 -307.5137402653915 -307.1815932241809 -306.9431455078618
 Davidson iteration 97.0 (tol=0.05137927250077916): -307.7565376365717
 Davidson iteration 97.1 (tol=0.05139255648263974): -307.7565376366246 -304.7028608752464
 Davidson iteration 97.2 (tol=0.05139276738793306): -307.7565376369232 -304.7029828415341 -304.5266085085171
 Davidson iteration 97.3 (tol=0.05139300515653603): -307.7565377083984 -304.8300218087632 -304.6963535009394 -303.5230681546082
 Davidson iteration 97.4 (tol=0.05139415092475491): -307.7565378133986 -305.2928178376594 -304.7000001367016 -304.1204194148297
 Davidson iteration 97.5 (tol=0.05139402528661182): -307.7565378156596 -306.1953312131735 -304.7200643645281 -304.6175066743405
 Davidson iteration 97.6 (tol=0.05140319612702441): -307.7565380717684 -306.8249861495568 -304.8269084328194 -304.6910908494123
 Davidson iteration 97.7 (tol=0.05140094166468222): -307.7565380798582 -307.0104731680375 -304.9642649703322 -304.6996773776776
 Davidson iteration 97.8 (tol=0.0514022221451785): -307.7565381028208 -307.0616412406535 -305.2036490732223 -304.7069836561156
 Davidson iteration 97.9 (tol=0.05140473133527263): -307.7565382668909 -307.089484081873 -306.0101516991936 -304.829098640155
 Davidson iteration 97.10 (tol=0.05140255906508143): -307.7565383065886 -307.1710371010116 -306.8629553174257 -305.0139304542476
 Davidson iteration 97.11 (tol=0.05140425992855483): -307.7565383388122 -307.3662189770147 -307.0305483505965 -305.2672962703414
 Davidson iteration 97.12 (tol=0.05140356065943727): -307.7565383668863 -307.4551240485879 -307.0551884971657 -305.7340289236061
 Davidson iteration 97.13 (tol=0.05140396538393979): -307.7565383895555 -307.495841158784 -307.0693381323478 -306.2834950335938
 Davidson iteration 97.14 (tol=0.05140427750799693): -307.7565383916427 -307.5079312061659 -307.0765885874887 -306.5322212470729
 Davidson iteration 97.15 (tol=0.05140497141054608): -307.7565384153224 -307.5119862799 -307.0817436295704 -306.7245571085613
 Davidson iteration 97.16 (tol=0.05140856086853522): -307.7565385557816 -307.5132379493961 -307.0862026789729 -306.8446870311894
 Davidson iteration 97.17 (tol=0.05140699520619105): -307.7565385765263 -307.513632737624 -307.0903275109525 -306.9183260216454
 Davidson iteration 97.18 (tol=0.05141045757883679): -307.7565386544865 -307.5137717616304 -307.0940304546459 -306.9605107646913
 Davidson iteration 97.19 (tol=0.05140732326110816): -307.7565388106661 -307.5138708480058 -307.1069505238715 -307.0310855348671
 Davidson iteration 98.0 (tol=0.05140732325915262): -307.7565373972872
 Davidson iteration 98.1 (tol=0.05139043597116007): -307.7565373973727 -304.7062738754621
 Davidson iteration 98.2 (tol=0.05139053679275538): -307.7565373974278 -304.7087561501504 -304.5617205452999
 Davidson iteration 98.3 (tol=0.05139003877402516): -307.7565373997836 -304.7724680469199 -304.687437988124 -303.9365404748345
 Davidson iteration 98.4 (tol=0.05138989537495377): -307.7565374086516 -305.0479392518167 -304.6986984755084 -304.0610020471794
 Davidson iteration 98.5 (tol=0.05139035979065807): -307.7565374122101 -305.9755516206883 -304.7264524878776 -304.6242794878597
 Davidson iteration 98.6 (tol=0.05139096457584601): -307.7565374781508 -306.7342695042096 -304.8240530671692 -304.6893683942561
 Davidson iteration 98.7 (tol=0.0513897578651363): -307.7565374968069 -307.0033716314696 -304.9235534057053 -304.6977860645822
 Davidson iteration 98.8 (tol=0.05139008302615037): -307.7565374996611 -307.0760503809176 -305.0737879537926 -304.7024633650371
 Davidson iteration 98.9 (tol=0.05138950487067093): -307.7565375245047 -307.1080564386172 -305.8765011315852 -304.8304352379919
 Davidson iteration 98.10 (tol=0.05138906280502319): -307.756537533729 -307.1398103773167 -306.5659935979338 -304.9501289914879
 Davidson iteration 98.11 (tol=0.05138904829808332): -307.7565375338183 -307.1870369738377 -306.8769254766919 -305.0446738706556
 Davidson iteration 98.12 (tol=0.05138942691089982): -307.7565375433279 -307.2107264295415 -306.946836677399 -305.337452741507
 Davidson iteration 98.13 (tol=0.05139190394245016): -307.7565375934984 -307.291996424573 -307.0814206277967 -306.6524706222842
 Davidson iteration 98.14 (tol=0.05139069874666878): -307.7565376188003 -307.4489327788615 -307.155181143229 -306.8315959136331
 Davidson iteration 98.15 (tol=0.05139149489154334): -307.7565376275871 -307.4938335619521 -307.1658912372267 -306.8597894381011
 Davidson iteration 98.16 (tol=0.05140513224836115): -307.7565380344249 -307.5036738030902 -307.1689121784113 -306.8753488703636
 Davidson iteration 98.17 (tol=0.0514095082857891): -307.756538641268 -307.510404057674 -307.173135579465 -306.9191326047301
 Davidson iteration 98.18 (tol=0.05142155974396914): -307.7565387431832 -307.5131417042336 -307.1782965586829 -307.0071874908484
 Davidson iteration 98.19 (tol=0.05142447499534938): -307.7565390237746 -307.5138789152356 -307.1820017312994 -307.0526246957755
 Davidson iteration 99.0 (tol=0.05142447499867275): -307.7565379459492
 Davidson iteration 99.1 (tol=0.05144406643699598): -307.7565379460643 -304.7074287639272
 Davidson iteration 99.2 (tol=0.05144397909884048): -307.7565379461086 -304.7123308094938 -304.6026583971109
 Davidson iteration 99.3 (tol=0.05144361938212003): -307.7565379469864 -304.7930468260608 -304.6897389696757 -304.0790877802502
 Davidson iteration 99.4 (tol=0.05144345089667199): -307.7565379504606 -305.103415848569 -304.698950328126 -304.1466276678972
 Davidson iteration 99.5 (tol=0.05144337516141429): -307.7565379507482 -306.0334488678389 -304.716274174286 -304.5870831880352
 Davidson iteration 99.6 (tol=0.0514426946691221): -307.7565379602913 -306.8288816852731 -304.8201658061275 -304.6896959860971
 Davidson iteration 99.7 (tol=0.05144245965816954): -307.7565379707746 -307.0777131022764 -304.9403013802627 -304.6976528318623
 Davidson iteration 99.8 (tol=0.0514427470416317): -307.7565379754327 -307.1504727667939 -305.3413784198813 -304.7062846076488
 Davidson iteration 99.9 (tol=0.05144251878674659): -307.7565379757945 -307.2567335265541 -306.6534540379128 -304.8676072704161
 Davidson iteration 99.10 (tol=0.05144301202858688): -307.7565379804016 -307.4232622459329 -306.9822982349127 -304.9737941049555
 Davidson iteration 99.11 (tol=0.0514425431313173): -307.7565379819064 -307.4886890755613 -307.0397248409605 -305.1219140096822
 Davidson iteration 99.12 (tol=0.05144253036733666): -307.7565379819719 -307.5028786180252 -307.0543977785908 -305.5893126148039
 Davidson iteration 99.13 (tol=0.05144290816932233): -307.7565379980665 -307.5106120426825 -307.0684003299231 -306.4053590903243
 Davidson iteration 99.14 (tol=0.05144295668940597): -307.7565379981184 -307.5129321166103 -307.0768210084565 -306.653583145663
 Davidson iteration 99.15 (tol=0.05144337789377385): -307.7565380036918 -307.5135862147305 -307.0813592705255 -306.7685156367613
 Davidson iteration 99.16 (tol=0.05144647540797989): -307.7565380576042 -307.5137774088642 -307.0835230805724 -306.8352206169592
 Davidson iteration 99.17 (tol=0.05144644247863654): -307.7565380576106 -307.5139090987489 -307.0868398506408 -306.9340345630472
 Davidson iteration 99.18 (tol=0.05145018538789328): -307.7565381449434 -307.5139411669301 -307.090020212101 -306.9847022416263
 Davidson iteration 99.19 (tol=0.05144887171822719): -307.7565381866884 -307.5139475324904 -307.0940991219866 -307.0164513488599
 Elapsed time for davidson 8770.193126 (sec) 
 Elapsed time for diagonalization 8770.193573999999 (sec) 
 Elapsed time for mult 1.361436 (sec) 
 Energy = -307.7565375154537
 Elapsed time for measurement 13.975694 (sec) 
 Sample-based diagonalization: Energy = -307.7565375154537
 Sample-based diagonalization: density = [1.997091491439626,1.997066145487311,1.997062753986502,1.997062759402615,1.989530018573054,1.984093305903957,1.982952505762977,1.978246244831157,1.978811502073435,1.967702850591416,1.976975956342946,1.973537757480073,1.973496330796942,1.973490597846261,1.900273606853081,1.98021975062145,0.1059160913684726,0.0259613053691443,0.02569383167424491,0.02283481453501469,0.02151077312731774,0.01921195840903245,0.02253745199165019,0.01906068669682464,0.0226110588170348,0.02056233672590748
 Sample-based diagonalization: carryover bitstrings = [], size = 0
 Elapse time for dumping one-particle rdm = 0.0008979999999999999
 Elapse time for dumping two-particle rdm = 0.412655
 Zero-Body energy = 0
 One-Body energy = -491.4801871173549
 Two-Body energy = 184.1698930492633
 One-Body + Two-Body energy = -307.3102940680917
 Zero-Body + One-Body + Two-Body energy = -307.3102940680917
