 &FCI NORB=  18,NELEC=22,MS2=0,
  ORBSYM=1,1,1,1,1,1,1,1,1,1,1,1,1,1,1,1,1,1
  ISYM=1,
 &END
 4.744711345927118    1    1    1    1
 -0.01616401488658651    2    1    1    1
 0.0001367763128517913    2    1    2    1
 0.2638918546260743    2    2    1    1
 0.0001330775507630017    2    2    2    1
 0.5085278526118988    2    2    2    2
 -0.3946068982562001    3    1    1    1
 0.002308809943515017    3    1    2    1
 0.0005179698503259212    3    1    2    2
 0.05237691823589621    3    1    3    1
 0.05741030504155099    3    2    1    1
 8.317550957945168e-05    3    2    2    1
 -0.01801688406679267    3    2    2    2
 -0.0001227081945684197    3    2    3    1
 0.01269378749559563    3    2    3    2
 0.9603123338589277    3    3    1    1
 0.0001329802363359623    3    3    2    1
 0.3062511709584584    3    3    2    2
 -0.009952292678194002    3    3    3    1
 0.04955315409611022    3    3    3    2
 0.7182181179049455    3    3    3    3
 -0.02293001983324234    4    1    1    1
 8.105074428520319e-05    4    1    2    1
 -0.0001150384339822917    4    1    2    2
 0.002822590121830305    4    1    3    1
 -9.702638546897762e-05    4    1    3    2
 -0.00134881724366183    4    1    3    3
 0.0003679686440212355    4    1    4    1
 -0.003017402916674421    4    2    1    1
 -2.49103147915286e-05    4    2    2    1
 -0.00474028238174002    4    2    2    2
 -3.07095435558361e-05    4    2    3    1
 -0.0005373394830510185    4    2    3    2
 -0.006471257923923634    4    2    3    3
 0.0001132949310072265    4    2    4    1
 0.03945776223185028    4    2    4    2
 0.02426951193557383    4    3    1    1
 -6.614367910550289e-05    4    3    2    1
 -0.000443231998046107    4    3    2    2
 -0.0008802702459878542    4    3    3    1
 0.0007395742117170518    4    3    3    2
 0.005686041382315054    4    3    3    3
 0.0002638988310494581    4    3    4    1
 0.001337918242735995    4    3    4    2
 0.005289579679672454    4    3    4    3
 0.2547697972983335    4    4    1    1
 0.0001161313940348158    4    4    2    1
 0.3903936208394242    4    4    2    2
 0.0003050056875913373    4    4    3    1
 -0.005098513272720479    4    4    3    2
 0.2799479267433137    4    4    3    3
 4.929001749843441e-05    4    4    4    1
 0.05288427598903835    4    4    4    2
 -0.002833425144855409    4    4    4    3
 0.5224642493368776    4    4    4    4
 0.1549170045138715    5    1    1    1
 -0.0006588169332148744    5    1    2    1
 0.0007120016559332758    5    1    2    2
 -0.01966955991551483    5    1    3    1
 0.0006605801454178536    5    1    3    2
 0.007322614508697859    5    1    3    3
 -0.001178830443616221    5    1    4    1
 3.584077044035027e-05    5    1    4    2
 0.0003304218024974901    5    1    4    3
 0.0006452952046027174    5    1    4    4
 0.008765995368270003    5    1    5    1
 0.04597271543338512    5    2    1    1
 4.722986854157931e-05    5    2    2    1
 0.02627423802209135    5    2    2    2
 0.0002680286423319931    5    2    3    1
 0.01946899658899305    5    2    3    2
 0.05605285457524958    5    2    3    3
 -1.150064319788499e-06    5    2    4    1
 -0.007953933372723395    5    2    4    2
 0.003497408130218583    5    2    4    3
 0.03203154107805103    5    2    4    4
 0.0001500453279617125    5    2    5    1
 0.08943244387794733    5    2    5    2
 -0.1816534580765111    5    3    1    1
 0.0003856335400622854    5    3    2    1
 0.04540316544834864    5    3    2    2
 0.005412020183655294    5    3    3    1
 -0.006115152415597324    5    3    3    2
 -0.06483013885299459    5    3    3    3
 0.0003494164045539552    5    3    4    1
 0.004370608316895165    5    3    4    2
 -0.002095304826151894    5    3    4    3
 0.03287943617060224    5    3    4    4
 -0.0007932274098093891    5    3    5    1
 -0.003053134065090889    5    3    5    2
 0.03955517378170821    5    3    5    3
 -0.008114679185384562    5    4    1    1
 3.780443400743002e-05    5    4    2    1
 -0.003284795272834529    5    4    2    2
 0.000446529170513438    5    4    3    1
 0.002927256219404742    5    4    3    2
 -0.002127798989528373    5    4    3    3
 -5.772087606562242e-06    5    4    4    1
 0.01637951529870794    5    4    4    2
 0.004368246276895715    5    4    4    3
 0.02167233057691155    5    4    4    4
 -8.089491465752038e-06    5    4    5    1
 0.009964169961469505    5    4    5    2
 0.003084322907873715    5    4    5    3
 0.02555152884138449    5    4    5    4
 0.3799288307225248    5    5    1    1
 -0.0001538296977860523    5    5    2    1
 0.4579816701094538    5    5    2    2
 -0.002426645710203353    5    5    3    1
 -0.00609957500294721    5    5    3    2
 0.3549280694907092    5    5    3    3
 -0.0001713520410181975    5    5    4    1
 0.01565352740767174    5    5    4    2
 0.002930519014975532    5    5    4    3
 0.3944782442328015    5    5    4    4
 0.0008306458880805908    5    5    5    1
 0.02912263661877324    5    5    5    2
 0.02802691756199023    5    5    5    3
 0.008046071722636893    5    5    5    4
 0.4683155148487979    5    5    5    5
 0.0960466671349791    6    1    1    1
 -0.0002976247357294809    6    1    2    1
 0.0005526647905336645    6    1    2    2
 -0.0116728875149269    6    1    3    1
 0.0005646820857562217    6    1    3    2
 0.006422638996332764    6    1    3    3
 -0.001538765238260597    6    1    4    1
 -0.0002961249636107343    6    1    4    2
 -0.001079557704303938    6    1    4    3
 9.689352982287127e-05    6    1    4    4
 0.005110731945348539    6    1    5    1
 2.144663793327559e-05    6    1    5    2
 -0.001205263599590533    6    1    5    3
 0.000133498940195553    6    1    5    4
 0.0007227387817314404    6    1    5    5
 0.00651757401985447    6    1    6    1
 -0.003594337178965188    6    2    1    1
 -9.554860710524846e-06    6    2    2    1
 -0.04284425456629792    6    2    2    2
 -2.218122699182989e-05    6    2    3    1
 0.0006268869326943654    6    2    3    2
 -0.007471565254164288    6    2    3    3
 -5.622963427157773e-05    6    2    4    1
 0.002904988723981404    6    2    4    2
 -0.00511202952331723    6    2    4    3
 0.0007241418357500372    6    2    4    4
 -0.0001476011805018722    6    2    5    1
 -0.02249478184822342    6    2    5    2
 -0.005733953483205158    6    2    5    3
 -0.008381348425744563    6    2    5    4
 -0.03284944461666777    6    2    5    5
 0.0002285945136015311    6    2    6    1
 0.02616190228096147    6    2    6    2
 -0.0780242840823106    6    3    1    1
 0.0003754938532881623    6    3    2    1
 0.009718059670729494    6    3    2    2
 0.003927986096959974    6    3    3    1
 0.0009117327932455127    6    3    3    2
 -0.003269229232027152    6    3    3    3
 -0.001001403910652556    6    3    4    1
 -0.01283377645439581    6    3    4    2
 -0.01366097857258416    6    3    4    3
 -0.0007967247470889723    6    3    4    4
 -0.0009108358703835951    6    3    5    1
 0.001547153090654404    6    3    5    2
 0.008344432808746997    6    3    5    3
 -0.005400155324274618    6    3    5    4
 -0.006266210707321423    6    3    5    5
 0.004222295920598992    6    3    6    1
 0.006518146617682836    6    3    6    2
 0.04694785982359444    6    3    6    3
 -0.07285077975644437    6    4    1    1
 1.268683193240572e-05    6    4    2    1
 0.01801311387644136    6    4    2    2
 0.0004829247737357535    6    4    3    1
 -0.01300082553768779    6    4    3    2
 -0.06197536427372419    6    4    3    3
 7.987465192750158e-05    6    4    4    1
 0.0445596611116017    6    4    4    2
 0.002592737392986847    6    4    4    3
 0.08717318459781725    6    4    4    4
 -0.0002669194568968753    6    4    5    1
 -0.02253516861169005    6    4    5    2
 0.01378425692788468    6    4    5    3
 0.01654342731818    6    4    5    4
 0.02181585947980045    6    4    5    5
 -0.0002352553495860646    6    4    6    1
 -0.003991474174537349    6    4    6    2
 -0.01777145799996059    6    4    6    3
 0.09090640330800605    6    4    6    4
 0.05487658471028637    6    5    1    1
 -0.0002228403133393352    6    5    2    1
 -0.05524025612186468    6    5    2    2
 -0.002050871896500253    6    5    3    1
 0.003578104118529558    6    5    3    2
 0.01279237975030584    6    5    3    3
 0.0002621752825215253    6    5    4    1
 -0.01538290832523398    6    5    4    2
 -0.0002057598444382439    6    5    4    3
 -0.03615653350538971    6    5    4    4
 5.150567360851475e-05    6    5    5    1
 -0.009872576386005695    6    5    5    2
 -0.01962964460207951    6    5    5    3
 -0.007113493566744799    6    5    5    4
 -0.05383576732395417    6    5    5    5
 -0.001245290461731793    6    5    6    1
 0.01778711656406184    6    5    6    2
 -0.0005095532479882741    6    5    6    3
 -0.0287025329408748    6    5    6    4
 0.03621399911506557    6    5    6    5
 0.4634617102060204    6    6    1    1
 -5.00534531379571e-05    6    6    2    1
 0.3616911863909643    6    6    2    2
 -0.002079342789807427    6    6    3    1
 0.01594289696318634    6    6    3    2
 0.4249426166803607    6    6    3    3
 6.074231578798458e-05    6    6    4    1
 -0.01302711885360669    6    6    4    2
 -0.0063893836086279    6    6    4    3
 0.3641551118328479    6    6    4    4
 0.001443066951647724    6    6    5    1
 0.05424843678510104    6    6    5    2
 -0.002583909857035681    6    6    5    3
 -0.0131344460464586    6    6    5    4
 0.3641397765591277    6    6    5    5
 -9.68606277270867e-05    6    6    6    1
 -1.576884180015086e-06    6    6    6    2
 0.01921253480244154    6    6    6    3
 -0.04385642655783995    6    6    6    4
 0.004174236017934575    6    6    6    5
 0.4368951354734043    6    6    6    6
 0.01919370151732488    7    1    1    1
 3.612919295967464e-05    7    1    2    1
 0.0005238485299312175    7    1    2    2
 -0.001978743110175117    7    1    3    1
 0.0003768497557242947    7    1    3    2
 0.002510590383352798    7    1    3    3
 -0.0002032437947961421    7    1    4    1
 2.868073626699351e-05    7    1    4    2
 -1.138382151537204e-05    7    1    4    3
 0.0004420128300062089    7    1    4    4
 0.001637177918441714    7    1    5    1
 0.0001588699110059797    7    1    5    2
 0.0006286566227717491    7    1    5    3
 0.0001054852696164649    7    1    5    4
 -1.405571583377973e-06    7    1    5    5
 0.000770836802050179    7    1    6    1
 -0.000100890051896826    7    1    6    2
 2.921627014652875e-05    7    1    6    3
 -6.890842160239698e-05    7    1    6    4
 -0.0003278349988084765    7    1    6    5
 0.0005250437339969838    7    1    6    6
 0.001861158757486282    7    1    7    1
 0.007436063133125345    7    2    1    1
 -2.242537271805284e-05    7    2    2    1
 -0.03425954658549345    7    2    2    2
 -8.155189057413177e-05    7    2    3    1
 0.003739522399353778    7    2    3    2
 0.0003943247968161495    7    2    3    3
 1.272096244394463e-05    7    2    4    1
 0.002947736278513792    7    2    4    2
 0.0002075157129277808    7    2    4    3
 -0.02430279834123325    7    2    4    4
 -3.309303891238351e-05    7    2    5    1
 -0.003509800744704012    7    2    5    2
 -0.006254537762074191    7    2    5    3
 0.001527529074991738    7    2    5    4
 -0.02805537474231907    7    2    5    5
 -4.694912406591745e-05    7    2    6    1
 0.003905508880386302    7    2    6    2
 -0.002857926864971637    7    2    6    3
 -0.001420226507206901    7    2    6    4
 0.004972407799756291    7    2    6    5
 -0.019626212721545    7    2    6    6
 0.0001960025019388372    7    2    7    1
 0.02711488597527857    7    2    7    2
 0.0003479778769286171    7    3    1    1
 0.0002121008502369261    7    3    2    1
 0.01368099682881659    7    3    2    2
 0.001159576659181539    7    3    3    1
 0.002682051496490377    7    3    3    2
 0.01700099204342394    7    3    3    3
 -5.848832916888817e-05    7    3    4    1
 0.0001579380079118837    7    3    4    2
 -0.0004441656670613778    7    3    4    3
 0.01021243603278808    7    3    4    4
 0.0007621321285725481    7    3    5    1
 0.00337064411794524    7    3    5    2
 0.00757725114704457    7    3    5    3
 0.0008302510656077894    7    3    5    4
 0.01032723885467026    7    3    5    5
 0.0001532695590192937    7    3    6    1
 -0.002273890275667782    7    3    6    2
 0.001375624437348459    7    3    6    3
 0.0002465488216854142    7    3    6    4
 -0.004347477577488914    7    3    6    5
 0.008583542474084757    7    3    6    6
 0.00243765079772511    7    3    7    1
 0.003478175120877137    7    3    7    2
 0.01944557569246598    7    3    7    3
 -0.0005571089044076912    7    4    1    1
 2.786082756995203e-05    7    4    2    1
 0.0147333447301764    7    4    2    2
 0.0001327971950944448    7    4    3    1
 -0.000745727388575115    7    4    3    2
 0.003585101374847007    7    4    3    3
 -6.047137304988661e-06    7    4    4    1
 -0.0008350296666554745    7    4    4    2
 0.0003308356894727776    7    4    4    3
 0.01346298948037948    7    4    4    4
 6.40093428219599e-05    7    4    5    1
 0.002642937400523203    7    4    5    2
 0.002680042893847482    7    4    5    3
 -0.0003486144976399172    7    4    5    4
 0.01211159879623587    7    4    5    5
 2.011789292713219e-05    7    4    6    1
 -0.0009007616939432143    7    4    6    2
 0.0003538425970852863    7    4    6    3
 0.002241046302422398    7    4    6    4
 -0.002155396560551452    7    4    6    5
 0.009491918732236699    7    4    6    6
 0.0001128537743582258    7    4    7    1
 -0.002396658990805268    7    4    7    2
 -0.001049453704797737    7    4    7    3
 0.01075111286543657    7    4    7    4
 0.03998251578888685    7    5    1    1
 -0.0001017550313857145    7    5    2    1
 -0.00308437548570799    7    5    2    2
 -0.0008172741800772126    7    5    3    1
 0.001171511680639662    7    5    3    2
 0.01983083004278653    7    5    3    3
 8.228445536902503e-06    7    5    4    1
 0.002686365795970605    7    5    4    2
 0.000893315387574841    7    5    4    3
 0.001183514111901688    7    5    4    4
 -0.0001070277449615437    7    5    5    1
 -0.005190184584567535    7    5    5    2
 -0.0053339724871037    7    5    5    3
 0.001188050871730716    7    5    5    4
 0.005538147320339916    7    5    5    5
 1.332920671811831e-05    7    5    6    1
 0.0009848899562136613    7    5    6    2
 -0.004089411797745811    7    5    6    3
 0.001725467557293387    7    5    6    4
 0.001967552730320346    7    5    6    5
 0.002324699828901787    7    5    6    6
 -0.00068967745009829    7    5    7    1
 0.008284533038954402    7    5    7    2
 0.001678184656516944    7    5    7    3
 -0.002715055744662205    7    5    7    4
 0.01356149154708768    7    5    7    5
 0.01207182814794528    7    6    1    1
 -7.039808176120722e-05    7    6    2    1
 0.0005117046586641878    7    6    2    2
 -0.0004710342216354551    7    6    3    1
 -0.0008597036744166824    7    6    3    2
 0.001696523440275287    7    6    3    3
 5.255551998259791e-05    7    6    4    1
 0.003224066526706921    7    6    4    2
 0.0009744040090279099    7    6    4    3
 0.0004006194594884979    7    6    4    4
 -0.0001264423632054007    7    6    5    1
 -0.0009937714089017918    7    6    5    2
 -0.002785764167804516    7    6    5    3
 0.001798032082449697    7    6    5    4
 0.002436923139188106    7    6    5    5
 -0.0002145996267723785    7    6    6    1
 -0.003162020615911239    7    6    6    2
 -0.003846813385454012    7    6    6    3
 0.006753753259520473    7    6    6    4
 -0.002216879443322843    7    6    6    5
 -0.006898986042735815    7    6    6    6
 -0.0004128877075705676    7    6    7    1
 0.003211376013103645    7    6    7    2
 0.001535031064721315    7    6    7    3
 -0.004664053249332448    7    6    7    4
 0.00368389056488172    7    6    7    5
 0.01234001427734118    7    6    7    6
 0.3119992810512374    7    7    1    1
 6.403391849515713e-05    7    7    2    1
 0.2962797265634864    7    7    2    2
 -0.0004121411684975799    7    7    3    1
 0.008239498954929368    7    7    3    2
 0.3073081126629867    7    7    3    3
 -0.0002175571445599909    7    7    4    1
 -0.0203722125744859    7    7    4    2
 -0.004431998566086781    7    7    4    3
 0.2718385033367907    7    7    4    4
 0.0006163562793546574    7    7    5    1
 0.03583692934282738    7    7    5    2
 0.003532891571999    7    7    5    3
 -0.009846245172898043    7    7    5    4
 0.2871885582994211    7    7    5    5
 0.0009491995295738354    7    7    6    1
 -0.003482814465095495    7    7    6    2
 0.01757636802456659    7    7    6    3
 -0.04166454846024641    7    7    6    4
 0.005239925247192434    7    7    6    5
 0.323946803477031    7    7    6    6
 0.0002383133593909425    7    7    7    1
 -0.01570230336398809    7    7    7    2
 0.004735758473228404    7    7    7    3
 0.001671282012902678    7    7    7    4
 -0.00185028308613192    7    7    7    5
 -0.006255773311478137    7    7    7    6
 0.3336601702509344    7    7    7    7
 -0.122942745104845    8    1    1    1
 4.334570227067208e-05    8    1    2    1
 -0.002049066950436336    8    1    2    2
 0.01375745494781476    8    1    3    1
 -0.001700856794313802    8    1    3    2
 -0.0123857811195383    8    1    3    3
 0.001202045088572524    8    1    4    1
 -2.41998223122401e-05    8    1    4    2
 7.408994972912047e-06    8    1    4    3
 -0.001691255786404487    8    1    4    4
 -0.008654224899619135    8    1    5    1
 -0.000601527946240606    8    1    5    2
 -0.001441283039606151    8    1    5    3
 -0.0003244255497229985    8    1    5    4
 -0.0004821613414974377    8    1    5    5
 -0.005834798420980185    8    1    6    1
 0.000318416700349894    8    1    6    2
 -0.00163377269269818    8    1    6    3
 0.0004292984294501401    8    1    6    4
 0.001594564033624016    8    1    6    5
 -0.002037853246412576    8    1    6    6
 -0.00133213516395112    8    1    7    1
 0.0003695292490280045    8    1    7    2
 -0.0006100918385208347    8    1    7    3
 -0.0001644533286672626    8    1    7    4
 0.0002622614646801359    8    1    7    5
 0.0003898698588459326    8    1    7    6
 -0.001535268542291048    8    1    7    7
 0.01434185619807266    8    1    8    1
 -0.02455797971442293    8    2    1    1
 8.294836223769902e-06    8    2    2    1
 0.02281083687097699    8    2    2    2
 6.002670155901504e-05    8    2    3    1
 -0.002254639350596305    8    2    3    2
 -0.01571545726674387    8    2    3    3
 -1.810140005615854e-05    8    2    4    1
 -0.00755728845857349    8    2    4    2
 -0.001038010211670161    8    2    4    3
 0.02238540071220338    8    2    4    4
 -9.887401894048299e-05    8    2    5    1
 0.01803770538443578    8    2    5    2
 0.00383263820427028    8    2    5    3
 -0.002985038886387108    8    2    5    4
 0.01309671113276999    8    2    5    5
 -2.958665356506089e-05    8    2    6    1
 -0.003901224227064447    8    2    6    2
 0.004213058478716067    8    2    6    3
 -0.00341102592239877    8    2    6    4
 -0.002357502615606883    8    2    6    5
 0.01723561150061384    8    2    6    6
 8.715142110955451e-05    8    2    7    1
 0.008774581623431152    8    2    7    2
 0.003099459322865603    8    2    7    3
 0.00424780589180142    8    2    7    4
 0.00250697511366882    8    2    7    5
 -0.0006658911266711037    8    2    7    6
 0.01217165162195966    8    2    7    7
 0.0004138210879151122    8    2    8    1
 0.02498373663229436    8    2    8    2
 0.0456108693307465    8    3    1    1
 -0.0009419561162277034    8    3    2    1
 -0.03407026778444144    8    3    2    2
 -0.006174374978680837    8    3    3    1
 -0.0123776786580145    8    3    3    2
 -0.05227160801329284    8    3    3    3
 0.0001624030507283424    8    3    4    1
 0.00152695912834014    8    3    4    2
 0.002311443661231379    8    3    4    3
 -0.02394353062779761    8    3    4    4
 -0.001967730706901924    8    3    5    1
 -0.01611267096020865    8    3    5    2
 -0.02790588504209202    8    3    5    3
 -0.002707360260095515    8    3    5    4
 -0.01846952826633888    8    3    5    5
 -0.00186982775178292    8    3    6    1
 0.005151958184837464    8    3    6    2
 -0.02088157743055913    8    3    6    3
 0.005815197943063075    8    3    6    4
 0.01472632697658867    8    3    6    5
 -0.02738047610799657    8    3    6    6
 -0.0005182382262923246    8    3    7    1
 0.007044005796331996    8    3    7    2
 -0.002216298960028521    8    3    7    3
 -0.003845338979251311    8    3    7    4
 0.00639517330705546    8    3    7    5
 0.005325029863328635    8    3    7    6
 -0.01793697103128826    8    3    7    7
 0.01160868718088398    8    3    8    1
 0.003657540063495732    8    3    8    2
 0.08345829367740105    8    3    8    3
 0.01324370976989754    8    4    1    1
 -0.0001016746646000128    8    4    2    1
 -0.01422872555929281    8    4    2    2
 -0.0006562258563387305    8    4    3    1
 -0.0006141692821170605    8    4    3    2
 -0.003130280048102    8    4    3    3
 0.000115643197924831    8    4    4    1
 0.01963888502066404    8    4    4    2
 0.001870734316450851    8    4    4    3
 0.01785413787347989    8    4    4    4
 -8.836641825979812e-05    8    4    5    1
 -0.007379849145024617    8    4    5    2
 -0.003667999039258627    8    4    5    3
 0.01250358032652309    8    4    5    4
 -0.002221927659956361    8    4    5    5
 -0.0004587041274470214    8    4    6    1
 -0.0004930326948702282    8    4    6    2
 -0.008505117256793903    8    4    6    3
 0.02748795379843893    8    4    6    4
 -0.004356408301477873    8    4    6    5
 -0.0170830920788047    8    4    6    6
 -8.150235359163215e-05    8    4    7    1
 0.006375025330141976    8    4    7    2
 -0.001837449510208537    8    4    7    3
 0.004118289012917171    8    4    7    4
 0.002558235026940804    8    4    7    5
 0.002916362330798203    8    4    7    6
 -0.01827015883837525    8    4    7    7
 0.0008473017018542857    8    4    8    1
 -0.002843878768298097    8    4    8    2
 0.006545222080739431    8    4    8    3
 0.02074521253172772    8    4    8    4
 -0.1772699611333534    8    5    1    1
 0.0004788508535185327    8    5    2    1
 0.04632308360812586    8    5    2    2
 0.003996710411425623    8    5    3    1
 -0.0116546967669643    8    5    3    2
 -0.08392128460280343    8    5    3    3
 -3.985819940647071e-06    8    5    4    1
 -0.002745205855838797    8    5    4    2
 -0.004622710622228745    8    5    4    3
 0.03622113926454934    8    5    4    4
 0.0003181743184312727    8    5    5    1
 -0.00487542123357042    8    5    5    2
 0.03438661522890264    8    5    5    3
 -0.0008877430090677289    8    5    5    4
 0.02279917496873157    8    5    5    5
 0.0003833168477091463    8    5    6    1
 -0.003393831566279413    8    5    6    2
 0.01617062978149936    8    5    6    3
 0.01239928816986778    8    5    6    4
 -0.01731089554276163    8    5    6    5
 -0.002966317295268431    8    5    6    6
 0.0004227189521341326    8    5    7    1
 -0.004599735547035173    8    5    7    2
 0.006245426720737402    8    5    7    3
 0.002536972846883031    8    5    7    4
 -0.0006549529351962443    8    5    7    5
 -0.003376821993538046    8    5    7    6
 0.006293391012291373    8    5    7    7
 -0.004167121128275688    8    5    8    1
 0.01658302187780759    8    5    8    2
 -0.02113534731228481    8    5    8    3
 -0.007128535287187038    8    5    8    4
 0.05531685096151587    8    5    8    5
 -0.1249842650861009    8    6    1    1
 0.0003508185444221442    8    6    2    1
 0.006072111721030509    8    6    2    2
 0.002910271843783019    8    6    3    1
 -0.002883143552198394    8    6    3    2
 -0.05693862690713537    8    6    3    3
 -0.0002410384752061584    8    6    4    1
 -0.005830340012299235    8    6    4    2
 -0.004149360981132492    8    6    4    3
 0.02069664508101939    8    6    4    4
 4.455055381253264e-05    8    6    5    1
 0.001201613636666076    8    6    5    2
 0.02138631162382332    8    6    5    3
 -0.002269740113596789    8    6    5    4
 -0.007801679644581882    8    6    5    5
 0.001233784387820217    8    6    6    1
 0.006014836879962644    8    6    6    2
 0.01448233775678897    8    6    6    3
 -0.00412910093543543    8    6    6    4
 -0.001371571415215435    8    6    6    5
 0.003553832896625156    8    6    6    6
 0.0002092761714558273    8    6    7    1
 -0.005018875308412158    8    6    7    2
 0.002654758909898269    8    6    7    3
 0.001498063545178388    8    6    7    4
 -0.006040415785329395    8    6    7    5
 -0.00268680179017357    8    6    7    6
 0.01467206308387832    8    6    7    7
 -0.002794495520899071    8    6    8    1
 0.007718785136474324    8    6    8    2
 -0.0160200195030317    8    6    8    3
 -0.01088957291000097    8    6    8    4
 0.02728563006157232    8    6    8    5
 0.03713478406268435    8    6    8    6
 -0.01666322506345511    8    7    1    1
 0.000124216325572665    8    7    2    1
 0.04810610131679376    8    7    2    2
 0.000928313102793767    8    7    3    1
 -0.001762076596409302    8    7    3    2
 0.008356614173151743    8    7    3    3
 6.978862654810298e-06    8    7    4    1
 0.01024873669181598    8    7    4    2
 -0.0005004713984962492    8    7    4    3
 0.0424637598737042    8    7    4    4
 0.0003394069461184098    8    7    5    1
 0.005383728296351523    8    7    5    2
 0.01334167798662016    8    7    5    3
 0.004408632546962065    8    7    5    4
 0.04172397370999959    8    7    5    5
 9.588141645988134e-05    8    7    6    1
 -0.007236451633067836    8    7    6    2
 0.0009559416464170258    8    7    6    3
 0.01697879199322204    8    7    6    4
 -0.01650131225823376    8    7    6    5
 0.0153077216741439    8    7    6    6
 0.0006480572289802906    8    7    7    1
 -0.004531212013092836    8    7    7    2
 0.003375265427093184    8    7    7    3
 0.002942701035894391    8    7    7    4
 -0.0007487533112129709    8    7    7    5
 0.001990841240783808    8    7    7    6
 -0.005701344715032155    8    7    7    7
 -0.00118518531058152    8    7    8    1
 0.003009849189067368    8    7    8    2
 -0.0128979066744664    8    7    8    3
 0.003674701708136953    8    7    8    4
 0.01178867410637988    8    7    8    5
 -0.0002970607485190646    8    7    8    6
 0.02398819541465235    8    7    8    7
 0.7002501547113253    8    8    1    1
 -0.0005291443887659144    8    8    2    1
 0.3378781106925956    8    8    2    2
 -0.006517581707669452    8    8    3    1
 0.02430174753293865    8    8    3    2
 0.5318578568950866    8    8    3    3
 -0.0002482107731572208    8    8    4    1
 -0.006813611451135702    8    8    4    2
 0.005524196209680835    8    8    4    3
 0.3086017755447124    8    8    4    4
 0.001116184172458834    8    8    5    1
 0.05289535845948787    8    8    5    2
 -0.04203521240478118    8    8    5    3
 -0.005508590361275931    8    8    5    4
 0.3685299585131176    8    8    5    5
 0.0007089301012345573    8    8    6    1
 -0.010555149374902    8    8    6    2
 -0.01283462345094376    8    8    6    3
 -0.03983568113560207    8    8    6    4
 0.007926686618853923    8    8    6    5
 0.394644609248851    8    8    6    6
 0.0002136622555134116    8    8    7    1
 -0.007033050701688162    8    8    7    2
 0.003539408346808157    8    8    7    3
 0.007065446425249017    8    8    7    4
 0.01359874415030398    8    8    7    5
 0.000736390347738595    8    8    7    6
 0.3036087153849679    8    8    7    7
 0.002544610398588772    8    8    8    1
 0.001750793497818026    8    8    8    2
 -0.003685582737581026    8    8    8    3
 -0.003920517527184063    8    8    8    4
 -0.06105740454351127    8    8    8    5
 -0.04418163222500258    8    8    8    6
 0.0116634531955663    8    8    8    7
 0.4909634876193386    8    8    8    8
 -0.0853170910106895    9    1    1    1
 5.608230723791815e-05    9    1    2    1
 -0.001378581855819918    9    1    2    2
 0.009617309842374485    9    1    3    1
 -0.00108651626084611    9    1    3    2
 -0.008321168288964748    9    1    3    3
 0.001034192167069736    9    1    4    1
 5.819797745823956e-05    9    1    4    2
 0.0003365889265109274    9    1    4    3
 -0.001041650179307512    9    1    4    4
 -0.005888397282122248    9    1    5    1
 -0.0003749130709216912    9    1    5    2
 -0.0008314107174259399    9    1    5    3
 -0.0002516456631373352    9    1    5    4
 -0.0003422536711060494    9    1    5    5
 -0.004420354539711705    9    1    6    1
 0.0001461169924019221    9    1    6    2
 -0.001659036572289744    9    1    6    3
 0.0002810447427291748    9    1    6    4
 0.00118008556657636    9    1    6    5
 -0.001203699200123144    9    1    6    6
 -0.003178284047283024    9    1    7    1
 -0.0001679626270336601    9    1    7    2
 -0.003624245474097567    9    1    7    3
 -0.0002044740887590694    9    1    7    4
 0.001017965179452506    9    1    7    5
 0.0007323155637013061    9    1    7    6
 -0.0009660267730440653    9    1    7    7
 0.006943877883026456    9    1    8    1
 -3.358850004647873e-05    9    1    8    2
 0.003897208121370902    9    1    8    3
 0.0004541013502330848    9    1    8    4
 -0.001643966885435007    9    1    8    5
 -0.001295481191340136    9    1    8    6
 -0.001215504273516796    9    1    8    7
 9.033259388631972e-06    9    1    8    8
 0.007443302682921045    9    1    9    1
 -0.01401709158706203    9    2    1    1
 -9.19385126629232e-06    9    2    2    1
 -0.01191501266985125    9    2    2    2
 -4.203854392529432e-05    9    2    3    1
 0.001084703532636489    9    2    3    2
 -0.01305719261519118    9    2    3    3
 8.678158861541891e-06    9    2    4    1
 -0.002063350318754926    9    2    4    2
 -3.47888630387854e-05    9    2    4    3
 -0.005766451667891437    9    2    4    4
 -0.000148851217406318    9    2    5    1
 0.01323693524114809    9    2    5    2
 -0.003862076490521657    9    2    5    3
 -0.0003159662811613672    9    2    5    4
 -0.01758379476998764    9    2    5    5
 -7.843009311592349e-05    9    2    6    1
 0.0008878366248300589    9    2    6    2
 0.001327947032143153    9    2    6    3
 -0.005417092211837819    9    2    6    4
 0.003531456264605051    9    2    6    5
 -0.003328766780831071    9    2    6    6
 -0.0002758239796921767    9    2    7    1
 -0.01486557387677673    9    2    7    2
 -0.005348155827967266    9    2    7    3
 -0.003201792871122897    9    2    7    4
 -0.01062338277062162    9    2    7    5
 -0.001175500205961507    9    2    7    6
 0.0008576917788429045    9    2    7    7
 0.0002021756568174025    9    2    8    1
 -0.01159156482925044    9    2    8    2
 0.0002438211541874369    9    2    8    3
 -0.006697696417872386    9    2    8    4
 -0.005770525072605754    9    2    8    5
 0.003204308164808814    9    2    8    6
 -0.003134275251660623    9    2    8    7
 -0.0102462977145042    9    2    8    8
 0.0004675696006920807    9    2    9    1
 0.0288190768030384    9    2    9    2
 0.03547884454874467    9    3    1    1
 -0.0006069443656477697    9    3    2    1
 -0.01852868721088312    9    3    2    2
 -0.004177497828441208    9    3    3    1
 -0.008028133194030453    9    3    3    2
 -0.03048341847139953    9    3    3    3
 0.0003762700041638258    9    3    4    1
 0.002459344578153732    9    3    4    2
 0.004124191463437957    9    3    4    3
 -0.01227623754329156    9    3    4    4
 -0.001166517114480954    9    3    5    1
 -0.0113738008404748    9    3    5    2
 -0.01760496399452875    9    3    5    3
 -0.001042274133320184    9    3    5    4
 -0.007465595783201153    9    3    5    5
 -0.001730656464330271    9    3    6    1
 0.002260549179434985    9    3    6    2
 -0.01739263734452896    9    3    6    3
 0.005851257324833338    9    3    6    4
 0.008814998712575512    9    3    6    5
 -0.01607700954558253    9    3    6    6
 -0.003428883871404472    9    3    7    1
 -0.003082830976887652    9    3    7    2
 -0.02498271828109393    9    3    7    3
 0.0002776644940244971    9    3    7    4
 0.002047635600452033    9    3    7    5
 0.001940649387067483    9    3    7    6
 -0.01427062365708959    9    3    7    7
 0.003830323374644658    9    3    8    1
 -0.00256653178751241    9    3    8    2
 0.02839261538858387    9    3    8    3
 0.005617492179821141    9    3    8    4
 -0.01411387022642193    9    3    8    5
 -0.01049784966292442    9    3    8    6
 -0.005587052219416689    9    3    8    7
 0.0002015666412076992    9    3    8    8
 0.006207871032101901    9    3    9    1
 0.003865232976365617    9    3    9    2
 0.04362334797419539    9    3    9    3
 0.02277507760353641    9    4    1    1
 -6.320195836305318e-05    9    4    2    1
 0.0037904716782897    9    4    2    2
 -0.0005001836224331385    9    4    3    1
 -4.794834365305531e-05    9    4    3    2
 0.01018886714770315    9    4    3    3
 8.522265311411226e-05    9    4    4    1
 0.0132777838142324    9    4    4    2
 0.001570421622469501    9    4    4    3
 0.02256863720884314    9    4    4    4
 2.844820748939056e-05    9    4    5    1
 -0.001662696758902301    9    4    5    2
 -0.00203174344291105    9    4    5    3
 0.008597912707573938    9    4    5    4
 0.00967327630378394    9    4    5    5
 -0.0003053016973204672    9    4    6    1
 -0.002053576990070103    9    4    6    2
 -0.006171671933562473    9    4    6    3
 0.01991526537636617    9    4    6    4
 -0.004322660198300424    9    4    6    5
 -0.002433076553190698    9    4    6    6
 -0.0001751193672698226    9    4    7    1
 -0.003892428612679672    9    4    7    2
 0.0005606605112067839    9    4    7    3
 -0.005506719087971382    9    4    7    4
 0.002088232223103254    9    4    7    5
 0.002344493726427445    9    4    7    6
 -0.01204849919409857    9    4    7    7
 0.0002110087317354963    9    4    8    1
 -0.007907651907185226    9    4    8    2
 0.002995830483047245    9    4    8    3
 0.003064261878886595    9    4    8    4
 -0.005169710807951208    9    4    8    5
 -0.008270275762079074    9    4    8    6
 0.004033655822247684    9    4    8    7
 0.004312350584151645    9    4    8    8
 0.0003875108003375669    9    4    9    1
 0.004634445415139263    9    4    9    2
 0.001897927690868243    9    4    9    3
 0.01788240927785035    9    4    9    4
 -0.1202188921604528    9    5    1    1
 0.0003168398439430399    9    5    2    1
 0.03746109909707714    9    5    2    2
 0.002685697034101413    9    5    3    1
 -0.01010809540688653    9    5    3    2
 -0.05739226804392521    9    5    3    3
 -8.761082662372024e-05    9    5    4    1
 0.0006709284182425334    9    5    4    2
 -0.003193623092271093    9    5    4    3
 0.02992762059017018    9    5    4    4
 0.0001933558547718397    9    5    5    1
 -0.01114862604286837    9    5    5    2
 0.0249019067746519    9    5    5    3
 8.662989527395182e-05    9    5    5    4
 0.02269506440096843    9    5    5    5
 0.0004239954818988101    9    5    6    1
 -0.001309178369555676    9    5    6    2
 0.01089865232244697    9    5    6    3
 0.01274942417410886    9    5    6    4
 -0.01309378544307304    9    5    6    5
 -0.001772201696199836    9    5    6    6
 0.001187761627773428    9    5    7    1
 -0.01581350806370016    9    5    7    2
 0.00265611051404457    9    5    7    3
 0.003514052790791608    9    5    7    4
 -0.01361223148928554    9    5    7    5
 -0.001849365542534281    9    5    7    6
 0.004141822378004614    9    5    7    7
 -0.00169851970356528    9    5    8    1
 0.001169755250266586    9    5    8    2
 -0.01441016961258306    9    5    8    3
 -0.004059577075370233    9    5    8    4
 0.02577761036285416    9    5    8    5
 0.01960683667663089    9    5    8    6
 0.01036419082853127    9    5    8    7
 -0.03848341767789998    9    5    8    8
 -0.002181200704340801    9    5    9    1
 0.002885030321943873    9    5    9    2
 -0.007976292545627468    9    5    9    3
 -0.001883424550219165    9    5    9    4
 0.03587987786465734    9    5    9    5
 -0.1016467198266789    9    6    1    1
 0.0002367897007139248    9    6    2    1
 0.00654720042151358    9    6    2    2
 0.002134077703480073    9    6    3    1
 -0.003468737589823534    9    6    3    2
 -0.04961761676787754    9    6    3    3
 -0.0002048944214956702    9    6    4    1
 -0.003493800121912947    9    6    4    2
 -0.002719432234521611    9    6    4    3
 0.01506159700558257    9    6    4    4
 -8.375933505036767e-05    9    6    5    1
 0.0007387205291386787    9    6    5    2
 0.01643074456757882    9    6    5    3
 -0.0001904466495336918    9    6    5    4
 -0.005186342338990897    9    6    5    5
 0.0008829846102401736    9    6    6    1
 0.001938349555802569    9    6    6    2
 0.01010534178754789    9    6    6    3
 0.001443494768009565    9    6    6    4
 -0.003174524084002269    9    6    6    5
 -0.003090472726754575    9    6    6    6
 0.0006895396679337002    9    6    7    1
 -0.002657197329186616    9    6    7    2
 0.002376723415847826    9    6    7    3
 0.000658317225132295    9    6    7    4
 -0.002896846563494247    9    6    7    5
 -0.006503306160212185    9    6    7    6
 0.006574777244208648    9    6    7    7
 -0.001046138790743422    9    6    8    1
 0.006921341318224725    9    6    8    2
 -0.009054248087897013    9    6    8    3
 -0.006699338345183931    9    6    8    4
 0.0219819778724006    9    6    8    5
 0.01949088390206256    9    6    8    6
 0.002934148435488976    9    6    8    7
 -0.03273563864015907    9    6    8    8
 -0.001475198634899075    9    6    9    1
 0.0005578983694814904    9    6    9    2
 -0.008145259760618383    9    6    9    3
 -0.004852063175073421    9    6    9    4
 0.01374929040055726    9    6    9    5
 0.02198859189889039    9    6    9    6
 -0.1504835038754907    9    7    1    1
 6.654974795101783e-05    9    7    2    1
 -0.08568750085843849    9    7    2    2
 0.00127844464577165    9    7    3    1
 -0.005726933801300676    9    7    3    2
 -0.1142736526986676    9    7    3    3
 2.228024887769091e-05    9    7    4    1
 -0.01525388112735809    9    7    4    2
 -0.003138289347967509    9    7    4    3
 -0.07084176791352785    9    7    4    4
 -0.0005857089961009188    9    7    5    1
 -0.02105968525970458    9    7    5    2
 0.003227262770774513    9    7    5    3
 -0.005169453968119192    9    7    5    4
 -0.09213392469878127    9    7    5    5
 -0.0002534815604150157    9    7    6    1
 0.01283250670168344    9    7    6    2
 0.009823914532223548    9    7    6    3
 -0.01712867123115649    9    7    6    4
 0.01963254671268178    9    7    6    5
 -0.05778699218291709    9    7    6    6
 0.0002355041398966247    9    7    7    1
 0.008198829313916701    9    7    7    2
 -0.005202524297214903    9    7    7    3
 -0.008617488647207596    9    7    7    4
 -0.00391661030072367    9    7    7    5
 -0.002486010919390754    9    7    7    6
 0.01129131857060864    9    7    7    7
 0.0009813038277444173    9    7    8    1
 0.001172487138506657    9    7    8    2
 0.01112999653359316    9    7    8    3
 -0.007022057909771935    9    7    8    4
 0.01333016808874638    9    7    8    5
 0.02169528389011644    9    7    8    6
 -0.0292431784255044    9    7    8    7
 -0.08691085530018434    9    7    8    8
 -2.110305128689951e-05    9    7    9    1
 0.003693923405017373    9    7    9    2
 0.002611927054000184    9    7    9    3
 -0.01351281787865875    9    7    9    4
 0.007238521343360585    9    7    9    5
 0.01700036441214232    9    7    9    6
 0.09240968833418066    9    7    9    7
 0.1790255100888809    9    8    1    1
 -0.000390738186551127    9    8    2    1
 -0.02947044265592749    9    8    2    2
 -0.003587153314075584    9    8    3    1
 0.009398925466023753    9    8    3    2
 0.08868415400653899    9    8    3    3
 4.382174123706661e-05    9    8    4    1
 -0.007807369911741002    9    8    4    2
 0.003931514290461771    9    8    4    3
 -0.02751292829991679    9    8    4    4
 -0.0001138400471266975    9    8    5    1
 0.001666823958031416    9    8    5    2
 -0.03091709453683757    9    8    5    3
 -0.004542319624871729    9    8    5    4
 -0.006543738908079562    9    8    5    5
 -0.000420561683991817    9    8    6    1
 0.005990111889458364    9    8    6    2
 -0.01147380438455196    9    8    6    3
 -0.02107423245486765    9    8    6    4
 0.02038229684363962    9    8    6    5
 0.02063911607571941    9    8    6    6
 -0.000921664725584355    9    8    7    1
 0.004735379191810531    9    8    7    2
 -0.003240205289492054    9    8    7    3
 -0.001927649968420519    9    8    7    4
 0.007553209096610961    9    8    7    5
 0.003464490675101199    9    8    7    6
 -0.006285660179565376    9    8    7    7
 0.002661025372736173    9    8    8    1
 -0.01038445208968383    9    8    8    2
 0.016226488635097    9    8    8    3
 -0.0001556102197709339    9    8    8    4
 -0.03949808102450622    9    8    8    5
 -0.02335573127291923    9    8    8    6
 -0.01544931102292177    9    8    8    7
 0.06365782519291957    9    8    8    8
 0.002008384393648796    9    8    9    1
 0.002598431138611996    9    8    9    2
 0.01077328755386297    9    8    9    3
 0.003201592541980937    9    8    9    4
 -0.02695655922806325    9    8    9    5
 -0.01893219338449835    9    8    9    6
 -0.01566307321460334    9    8    9    7
 0.0489514734917189    9    8    9    8
 0.4659626288842011    9    9    1    1
 -0.0001970598624707706    9    9    2    1
 0.3294239367670532    9    9    2    2
 -0.00312577977955366    9    9    3    1
 0.01043176405953832    9    9    3    2
 0.3895201536497183    9    9    3    3
 -9.888888405307339e-05    9    9    4    1
 -0.003369651013071224    9    9    4    2
 0.0007562323286246016    9    9    4    3
 0.3069900318838797    9    9    4    4
 0.0008760076288521273    9    9    5    1
 0.03508465408207295    9    9    5    2
 -0.01112551298593009    9    9    5    3
 -0.003326940563170663    9    9    5    4
 0.3371368908336036    9    9    5    5
 0.0004854067968668933    9    9    6    1
 -0.01004647062347276    9    9    6    2
 -0.0009366660246250405    9    9    6    3
 -0.02222396572326104    9    9    6    4
 -0.002285217820227674    9    9    6    5
 0.3464457666771712    9    9    6    6
 -0.0006160434216574385    9    9    7    1
 -0.01095192729227358    9    9    7    2
 0.005722316872993231    9    9    7    3
 0.001885918555557809    9    9    7    4
 0.008810248164993338    9    9    7    5
 0.003376584350873418    9    9    7    6
 0.3144877687610705    9    9    7    7
 -0.00074695918405145    9    9    8    1
 0.009632849728446224    9    9    8    2
 -0.01006830737469501    9    9    8    3
 -0.006835265634217832    9    9    8    4
 -0.0147954649089155    9    9    8    5
 -0.01084673446993193    9    9    8    6
 0.005412226579899306    9    9    8    7
 0.3654673669907467    9    9    8    8
 0.0005467430202014533    9    9    9    1
 -0.009809039983604636    9    9    9    2
 -0.005562755167852864    9    9    9    3
 0.0007179366054909601    9    9    9    4
 -0.01055685574367615    9    9    9    5
 -0.01235656961327316    9    9    9    6
 -0.04138796627044134    9    9    9    7
 0.01766697837152572    9    9    9    8
 0.3450879380688747    9    9    9    9
 0.006068476798024122   10    1    1    1
 -4.015545131123239e-05   10    1    2    1
 -0.0006914429019875541   10    1    2    2
 -0.0005963759129474567   10    1    3    1
 -0.0002956659143998173   10    1    3    2
 0.0009224715376834809   10    1    3    3
 -0.00185355224157979   10    1    4    1
 -0.000795862359726669   10    1    4    2
 -0.002897020289475398   10    1    4    3
 -0.00147060831681109   10    1    4    4
 -0.001520668292752216   10    1    5    1
 -0.0005351913546412821   10    1    5    2
 -0.00304252806727518   10    1    5    3
 0.000100820653034377   10    1    5    4
 0.0005582559925856573   10    1    5    5
 0.007428710007816567   10    1    6    1
 0.0009455012090936573   10    1    6    2
 0.01021081648057352   10    1    6    3
 -0.0001052728699978014   10    1    6    4
 -0.002054686003475213   10    1    6    5
 -0.002898695476384015   10    1    6    6
 -0.001386109784834277   10    1    7    1
 -5.463416934957293e-06   10    1    7    2
 -0.001894934608828062   10    1    7    3
 -0.0001477017505839966   10    1    7    4
 0.0006114168977667305   10    1    7    5
 -1.911743952176201e-05   10    1    7    6
 0.0008286916524188068   10    1    7    7
 0.00215664776939538   10    1    8    1
 0.0001663655767236586   10    1    8    2
 0.003131415355995365   10    1    8    3
 -0.0005985211586526493   10    1    8    4
 -0.001558915427832999   10    1    8    5
 0.001576496323695489   10    1    8    6
 -0.001024602243590691   10    1    8    7
 0.001638946901668092   10    1    8    8
 0.0002075587490971209   10    1    9    1
 0.0001916199463945263   10    1    9    2
 0.0005230988547102767   10    1    9    3
 -0.0005935012728735842   10    1    9    4
 -0.0005652590256938161   10    1    9    5
 0.001413499573731883   10    1    9    6
 0.0003597494964168105   10    1    9    7
 0.0008298266099176488   10    1    9    8
 0.0002205960716989324   10    1    9    9
 0.02133254163436243   10    1   10    1
 -0.0009902331970807689   10    2    1    1
 -5.123142091290111e-06   10    2    2    1
 0.0238381710304132   10    2    2    2
 3.612819500546655e-05   10    2    3    1
 -0.0002735018138137394   10    2    3    2
 0.002125252508776645   10    2    3    3
 -7.608963674120579e-05   10    2    4    1
 0.004121964728358373   10    2    4    2
 0.001111775769406464   10    2    4    3
 0.01092271284504811   10    2    4    4
 -7.454193517531927e-05   10    2    5    1
 0.01480157578190035   10    2    5    2
 0.002350059791891937   10    2    5    3
 0.007359242466639735   10    2    5    4
 0.01918340438886218   10    2    5    5
 0.0003157691109866198   10    2    6    1
 -0.01330056317884822   10    2    6    2
 0.0002114226044379857   10    2    6    3
 0.007750022213235444   10    2    6    4
 -0.01169904878029619   10    2    6    5
 0.002089550818651158   10    2    6    6
 -5.400673326635907e-05   10    2    7    1
 -0.002230268869653072   10    2    7    2
 0.0006129735631307978   10    2    7    3
 4.341969347049963e-05   10    2    7    4
 -0.0008945029176223848   10    2    7    5
 0.002418018775454777   10    2    7    6
 0.0009771774658709567   10    2    7    7
 4.96050803355938e-05   10    2    8    1
 0.002403556591992255   10    2    8    2
 -0.001864615784500294   10    2    8    3
 0.003244794553571182   10    2    8    4
 0.002345129134119751   10    2    8    5
 -0.004567616551770665   10    2    8    6
 0.006413990114470267   10    2    8    7
 0.005395566941650538   10    2    8    8
 -3.023062781575333e-06   10    2    9    1
 0.001253159042479724   10    2    9    2
 -0.001118861612635016   10    2    9    3
 0.003621644655774304   10    2    9    4
 0.0007850578014181277   10    2    9    5
 -0.001612569323365865   10    2    9    6
 -0.01014278078835331   10    2    9    7
 -0.005794314871172854   10    2    9    8
 0.006547404225192933   10    2    9    9
 0.0008332301055688027   10    2   10    1
 0.009743712588560341   10    2   10    2
 0.0003831624813196636   10    3    1    1
 -4.063523534115866e-05   10    3    2    1
 -0.003650506132026945   10    3    2    2
 0.0003787293951919369   10    3    3    1
 -0.002376838248317997   10    3    3    2
 0.004930661582655639   10    3    3    3
 -0.00217367726488175   10    3    4    1
 -0.004249950305180982   10    3    4    2
 -0.01443428056125882   10    3    4    3
 -0.008886116924623499   10    3    4    4
 -0.002229818110681393   10    3    5    1
 -0.005311825146457689   10    3    5    2
 -0.01403329699340902   10    3    5    3
 -0.001651447303625654   10    3    5    4
 0.0003458611430060224   10    3    5    5
 0.008566754381731989   10    3    6    1
 0.005874313075810578   10    3    6    2
 0.04728367720347018   10    3    6    3
 -0.002351762502701772   10    3    6    4
 -0.006849158171619192   10    3    6    5
 -0.007358239598122687   10    3    6    6
 -0.001671774574510862   10    3    7    1
 0.0003255049894368484   10    3    7    2
 -0.008288439027106362   10    3    7    3
 -0.001155110521315435   10    3    7    4
 0.001816330288933082   10    3    7    5
 0.0003929406713954948   10    3    7    6
 0.003672622791245739   10    3    7    7
 0.002797031973750303   10    3    8    1
 0.0002952300066763914   10    3    8    2
 0.01270396099546088   10    3    8    3
 -0.001520950287691029   10    3    8    4
 -0.004538212276759661   10    3    8    5
 0.00260728346067957   10    3    8    6
 -0.004100388070752219   10    3    8    7
 0.004702202703581071   10    3    8    8
 0.000442357847393054   10    3    9    1
 0.0008556800186553596   10    3    9    2
 0.001902255928762064   10    3    9    3
 -0.002153009273832041   10    3    9    4
 -0.001166357633825722   10    3    9    5
 0.002957686691730138   10    3    9    6
 0.00296921883477458   10    3    9    7
 0.002969064414453724   10    3    9    8
 0.000279592653464175   10    3    9    9
 0.02470977429901335   10    3   10    1
 0.003212415593252359   10    3   10    2
 0.1011687834521183   10    3   10    3
 -0.06318244509116806   10    4    1    1
 4.315056386492921e-05   10    4    2    1
 0.009748743393232536   10    4    2    2
 0.0008492481465462194   10    4    3    1
 -0.001238469710550173   10    4    3    2
 -0.02904299592538314   10    4    3    3
 -0.0001267652508542762   10    4    4    1
 -0.01140811113396584   10    4    4    2
 -0.00302771593077213   10    4    4    3
 -0.0009089167133295253   10    4    4    4
 -0.0004193088904995264   10    4    5    1
 0.009294196746213111   10    4    5    2
 0.009174120656082365   10    4    5    3
 -0.001844951326039699   10    4    5    4
 0.001424558175206426   10    4    5    5
 0.000450372585464376   10    4    6    1
 0.001658144934397523   10    4    6    2
 0.01250854929510292   10    4    6    3
 -0.0196538075910182   10    4    6    4
 0.003533154342606838   10    4    6    5
 0.01066908626311614   10    4    6    6
 -0.0001237052042529988   10    4    7    1
 -0.003927654438651118   10    4    7    2
 -0.0002253594497116294   10    4    7    3
 0.0004943833644367635   10    4    7    4
 -0.003639194733258311   10    4    7    5
 -0.003614666744740177   10    4    7    6
 0.01843660320279785   10    4    7    7
 0.0003074169935507196   10    4    8    1
 0.007014965606756114   10    4    8    2
 -0.003664577185838152   10    4    8    3
 -0.01032126876484284   10    4    8    4
 0.01331665017675524   10    4    8    5
 0.0150002514890243   10    4    8    6
 -0.002211258708632666   10    4    8    7
 -0.009821623026736606   10    4    8    8
 0.0001055928716483136   10    4    9    1
 0.003686072264555544   10    4    9    2
 -0.003657952993889646   10    4    9    3
 -0.007238648498387939   10    4    9    4
 0.008240140197796259   10    4    9    5
 0.01061905733260371   10    4    9    6
 0.01293935678810883   10    4    9    7
 -0.008352084733507686   10    4    9    8
 0.002540260426683496   10    4    9    9
 0.001721686495814258   10    4   10    1
 -0.001158980563663328   10    4   10    2
 0.006563525826323266   10    4   10    3
 0.01571557344014381   10    4   10    4
 -0.06434003075351209   10    5    1    1
 3.267971424991557e-05   10    5    2    1
 0.04128115757911863   10    5    2    2
 0.0006113556773754356   10    5    3    1
 -0.0061031831551796   10    5    3    2
 -0.03488345216736356   10    5    3    3
 0.0008851886084230958   10    5    4    1
 0.01436152135899288   10    5    4    2
 0.004834943267850958   10    5    4    3
 0.0355959136082641   10    5    4    4
 0.000570518565654706   10    5    5    1
 0.002019098960530072   10    5    5    2
 0.02106114531497257   10    5    5    3
 0.00779407204337523   10    5    5    4
 0.03819868976206808   10    5    5    5
 -0.003492647734234095   10    5    6    1
 -0.01210689565539087   10    5    6    2
 -0.01718452474549325   10    5    6    3
 0.02486318878793152   10    5    6    4
 -0.01911086805830406   10    5    6    5
 -0.002085188224630193   10    5    6    6
 0.0006162477413670232   10    5    7    1
 -0.00487616732235317   10    5    7    2
 0.004425885205530654   10    5    7    3
 0.001776257746828365   10    5    7    4
 -0.002401673248265939   10    5    7    5
 0.00274612749568093   10    5    7    6
 -0.008474839510313949   10    5    7    7
 -0.0008642427986485105   10    5    8    1
 0.002515381114036015   10    5    8    2
 -0.007903190583523411   10    5    8    3
 0.006994190091513359   10    5    8    4
 0.01866296860682433   10    5    8    5
 -0.003072880572565979   10    5    8    6
 0.01437237947086867   10    5    8    7
 -0.01673546635516963   10    5    8    8
 -1.013391767582472e-05   10    5    9    1
 -0.003370618794767491   10    5    9    2
 -0.001940670942919045   10    5    9    3
 0.005920847302820337   10    5    9    4
 0.01367246027256537   10    5    9    5
 -0.0005120599986717778   10    5    9    6
 -0.01218640559341876   10    5    9    7
 -0.01795334103589943   10    5    9    8
 -0.001638463870869272   10    5    9    9
 -0.009703017511555294   10    5   10    1
 0.007416320772283541   10    5   10    2
 -0.03606523094998495   10    5   10    3
 -0.002950248965617631   10    5   10    4
 0.03480954501466985   10    5   10    5
 0.2586291027981824   10    6    1    1
 -0.0001486651663359848   10    6    2    1
 -0.04152810224369344   10    6    2    2
 -0.003329036222068064   10    6    3    1
 0.01388253580023632   10    6    3    2
 0.1326036876388233   10    6    3    3
 0.0003760817655756726   10    6    4    1
 0.009072988375610562   10    6    4    2
 0.009971648675498221   10    6    4    3
 -0.03670454506423079   10    6    4    4
 0.001662009675095102   10    6    5    1
 -0.003036347677487972   10    6    5    2
 -0.03915572775005215   10    6    5    3
 0.005866065086954896   10    6    5    4
 -0.01281990208745801   10    6    5    5
 -0.001403142854006453   10    6    6    1
 -0.0008889341322257604   10    6    6    2
 -0.03013404676930282   10    6    6    3
 -0.002892142756105868   10    6    6    4
 0.01228302369644121   10    6    6    5
 -0.001270868086531548   10    6    6    6
 0.0004891874895847072   10    6    7    1
 0.01145766470224039   10    6    7    2
 0.0003399090163899722   10    6    7    3
 -0.003196756812084419   10    6    7    4
 0.009812245906312663   10    6    7    5
 0.006026647353302547   10    6    7    6
 -0.02195205356065082   10    6    7    7
 -0.001363966843777381   10    6    8    1
 -0.01623149130511325   10    6    8    2
 0.009523977285928279   10    6    8    3
 0.01372667216214462   10    6    8    4
 -0.0471817330082365   10    6    8    5
 -0.0411104454706502   10    6    8    6
 -0.003934974671438464   10    6    8    7
 0.06316394518989712   10    6    8    8
 -0.0005766492213298154   10    6    9    1
 -0.003230457340623926   10    6    9    2
 0.008550481873202329   10    6    9    3
 0.01120899880585501   10    6    9    4
 -0.03283210911758409   10    6    9    5
 -0.03152801890818346   10    6    9    6
 -0.02896753276301152   10    6    9    7
 0.03915826641829865   10    6    9    8
 0.01453355239970076   10    6    9    9
 -0.006002696101258239   10    6   10    1
 -0.00123723164780768   10    6   10    2
 -0.02044352583326182   10    6   10    3
 -0.0287702582667318   10    6   10    4
 -0.005964215992826524   10    6   10    5
 0.09178821651381011   10    6   10    6
 -0.05147769838644801   10    7    1    1
 3.085830201790517e-05   10    7    2    1
 -0.004311358454105726   10    7    2    2
 0.0006110293787999376   10    7    3    1
 -0.001829938382497231   10    7    3    2
 -0.028303082463376   10    7    3    3
 0.0001176745044371313   10    7    4    1
 -0.004155366875856231   10    7    4    2
 -0.001423170231405465   10    7    4    3
 -0.003484660237028242   10    7    4    4
 -0.0001243622109085449   10    7    5    1
 -0.001705852247433234   10    7    5    2
 0.006578056927783911   10    7    5    3
 -0.002400117487070935   10    7    5    4
 -0.009717123529219543   10    7    5    5
 -0.0004934539658722097   10    7    6    1
 0.003041409827213061   10    7    6    2
 0.004166831188762889   10    7    6    3
 -0.004406542647446689   10    7    6    4
 0.003138300037149122   10    7    6    5
 -0.001978816772760543   10    7    6    6
 2.669438974556445e-05   10    7    7    1
 -0.0009731660746125944   10    7    7    2
 -0.0007336651811376745   10    7    7    3
 0.00241960685263085   10    7    7    4
 -0.003091299706297148   10    7    7    5
 -0.004753037323513834   10    7    7    6
 0.005560710292240702   10    7    7    7
 -3.078004640326615e-05   10    7    8    1
 0.00358216129519544   10    7    8    2
 -0.0028698641421676   10    7    8    3
 -0.002413598439287099   10    7    8    4
 0.00918236777307941   10    7    8    5
 0.007024635103862658   10    7    8    6
 -0.003410986173537878   10    7    8    7
 -0.01702556969655335   10    7    8    8
 0.0001094136450462672   10    7    9    1
 -0.0006726474588009025   10    7    9    2
 -0.001320027407941809   10    7    9    3
 -0.003283167439310114   10    7    9    4
 0.004562732264875758   10    7    9    5
 0.003561515246122732   10    7    9    6
 0.01246350402244047   10    7    9    7
 -0.007971423232328925   10    7    9    8
 -0.006671210272746309   10    7    9    9
 -0.001109995468033621   10    7   10    1
 -0.002063433001310475   10    7   10    2
 -0.003345206254867257   10    7   10    3
 0.005329506147625422   10    7   10    4
 0.002502518516649833   10    7   10    5
 -0.01327149618607232   10    7   10    6
 0.01009998070553422   10    7   10    7
 0.07717882775765107   10    8    1    1
 -5.468341352370506e-05   10    8    2    1
 0.0004749554477523375   10    8    2    2
 -0.0009236430919036906   10    8    3    1
 0.002302308801404597   10    8    3    2
 0.03910726885575491   10    8    3    3
 -0.0006614431759601732   10    8    4    1
 0.007607506120189862   10    8    4    2
 0.0009851142503647546   10    8    4    3
 -0.004276069667693596   10    8    4    4
 -0.0002907094975042027   10    8    5    1
 -0.0003330308711971207   10    8    5    2
 -0.01240750149504456   10    8    5    3
 0.006136806411027132   10    8    5    4
 0.01269783230823504   10    8    5    5
 0.002691478213368964   10    8    6    1
 -0.005290731307321499   10    8    6    2
 -0.001266050757113118   10    8    6    3
 0.01008308528027149   10    8    6    4
 -0.00906496745794297   10    8    6    5
 -0.01244263747801444   10    8    6    6
 -0.0004859456100516362   10    8    7    1
 0.005101952872417103   10    8    7    2
 -0.001830559929803058   10    8    7    3
 -0.0002835171787028445   10    8    7    4
 0.005732828359099299   10    8    7    5
 0.003014710506301325   10    8    7    6
 -0.01069972194436329   10    8    7    7
 0.0006275426861554562   10    8    8    1
 -0.004034508827954056   10    8    8    2
 0.007430373158536326   10    8    8    3
 0.005713856635695303   10    8    8    4
 -0.01613622537501684   10    8    8    5
 -0.007876880470255294   10    8    8    6
 0.000741782854984578   10    8    8    7
 0.02662590060309427   10    8    8    8
 1.040172816098755e-05   10    8    9    1
 -0.004162264283697407   10    8    9    2
 0.003952572918304417   10    8    9    3
 0.00376637829557566   10    8    9    4
 -0.01123762417951222   10    8    9    5
 -0.005324282299049622   10    8    9    6
 -0.01659027638238212   10    8    9    7
 0.01057269117515295   10    8    9    8
 0.005550493311671241   10    8    9    9
 0.007409386753818407   10    8   10    1
 0.003232165582768691   10    8   10    2
 0.02420042809929267   10    8   10    3
 -0.008204547579645506   10    8   10    4
 -0.01350940888995293   10    8   10    5
 0.01500604441718593   10    8   10    6
 -0.008210835876830431   10    8   10    7
 0.03680188534984054   10    8   10    8
 0.006660003404501711   10    9    1    1
 -7.41381428689451e-06   10    9    2    1
 0.0005646422413352114   10    9    2    2
 -5.745714987912032e-05   10    9    3    1
 -0.0007144862668495161   10    9    3    2
 0.001545510418850759   10    9    3    3
 -0.0004400391804956687   10    9    4    1
 0.004429321433478415   10    9    4    2
 -0.0007185555760385286   10    9    4    3
 -0.00242710814112068   10    9    4    4
 -0.0003940108121422334   10    9    5    1
 -0.002755514083444086   10    9    5    2
 -0.002142863059965701   10    9    5    3
 0.003227906561092228   10    9    5    4
 0.004362001704495298   10    9    5    5
 0.001774348910525303   10    9    6    1
 -0.002021948178323047   10    9    6    2
 0.002907041279050605   10    9    6    3
 0.007530034147605827   10    9    6    4
 -0.006687438734817738   10    9    6    5
 -0.01354648099967675   10    9    6    6
 -0.0003163943679798723   10    9    7    1
 -0.001720989697902423   10    9    7    2
 -0.001538313724754121   10    9    7    3
 -0.0001857656924285949   10    9    7    4
 -0.0001225078910161414   10    9    7    5
 -0.0009501855238152047   10    9    7    6
 -0.002484462092187563   10    9    7    7
 0.0005576913433063271   10    9    8    1
 -0.004569065491688447   10    9    8    2
 0.003111560885716614   10    9    8    3
 0.001570248930034405   10    9    8    4
 -0.005223457378223468   10    9    8    5
 8.778715362069286e-05   10    9    8    6
 -0.001444493254171841   10    9    8    7
 0.0009761952127997694   10    9    8    8
 3.516069268386031e-05   10    9    9    1
 0.001969382729891296   10    9    9    2
 0.00115489740478868   10    9    9    3
 0.002272440381050689   10    9    9    4
 -0.0004879961383105695   10    9    9    5
 0.0002917357015965389   10    9    9    6
 -0.003337376162502064   10    9    9    7
 0.001048896504968211   10    9    9    8
 -0.0009729172085748484   10    9    9    9
 0.005158049587671349   10    9   10    1
 0.001621642494955464   10    9   10    2
 0.0168965255141674   10    9   10    3
 -0.001301119773521378   10    9   10    4
 -0.007507967543448605   10    9   10    5
 -0.002359285298732302   10    9   10    6
 -0.00678100827390296   10    9   10    7
 0.01430741316966075   10    9   10    8
 0.01604265853177201   10    9   10    9
 0.9468719591528493   10   10    1    1
 -0.0003669706320488172   10   10    2    1
 0.2843174380594686   10   10    2    2
 -0.009175469509082544   10   10    3    1
 0.03427389414789501   10   10    3    2
 0.6330510469382566   10   10    3    3
 -0.0004628477355773977   10   10    4    1
 -0.006552594863836656   10   10    4    2
 0.01085880969207191   10   10    4    3
 0.2754439737760537   10   10    4    4
 0.003637150938574144   10   10    5    1
 0.0466114538621985   10   10    5    2
 -0.08243778994602574   10   10    5    3
 -0.004055994678231543   10   10    5    4
 0.3408374292373953   10   10    5    5
 0.002024847561851021   10   10    6    1
 -0.004967206339744398   10   10    6    2
 -0.02924958098800902   10   10    6    3
 -0.05716439358277487   10   10    6    4
 0.02297835444950037   10   10    6    5
 0.4099441873521942   10   10    6    6
 0.0005153237089556129   10   10    7    1
 -0.002347091526707609   10   10    7    2
 0.002570859852940804   10   10    7    3
 0.003271725446570452   10   10    7    4
 0.02009552672871731   10   10    7    5
 0.001206975445798343   10   10    7    6
 0.2982405336314408   10   10    7    7
 -0.003004693435004256   10   10    8    1
 -0.006663893752652617   10   10    8    2
 0.01183158338208161   10   10    8    3
 -0.002020775898942039   10   10    8    4
 -0.08572317817617964   10   10    8    5
 -0.05309702069687272   10   10    8    6
 -0.00403684822493906   10   10    8    7
 0.5009282416911046   10   10    8    8
 -0.00205694558808979   10   10    9    1
 -0.00726233339999775   10   10    9    2
 0.01050084240418601   10   10    9    3
 0.008455902333858621   10   10    9    4
 -0.05801477851509445   10   10    9    5
 -0.04701883378529436   10   10    9    6
 -0.08897348239817225   10   10    9    7
 0.08885738409443079   10   10    9    8
 0.3738704947635103   10   10    9    9
 -0.0005373262276335677   10   10   10    1
 9.816491803096324e-05   10   10   10    2
 -0.001767227602091384   10   10   10    3
 -0.02927784773650019   10   10   10    4
 -0.03677776006198442   10   10   10    5
 0.1378015473267029   10   10   10    6
 -0.02838984524519871   10   10   10    7
 0.03887302777057152   10   10   10    8
 0.000419441252289793   10   10   10    9
 0.6643070015272358   10   10   10   10
 -0.0006972555236146919   11    1    1    1
 -3.396294443842983e-05   11    1    2    1
 -0.0002597575797696692   11    1    2    2
 -8.445611374355939e-05   11    1    3    1
 -7.030461022219326e-05   11    1    3    2
 -0.0005748705332061453   11    1    3    3
 0.0001968669934964608   11    1    4    1
 4.993806525898614e-05   11    1    4    2
 0.0002910239112289008   11    1    4    3
 -0.0001253553711632332   11    1    4    4
 -0.0003201307325203844   11    1    5    1
 -6.116452421251576e-05   11    1    5    2
 -0.0003800548037630072   11    1    5    3
 -8.26380715293924e-05   11    1    5    4
 7.496576800393807e-05   11    1    5    5
 -0.0001735174202499607   11    1    6    1
 9.020100749025909e-06   11    1    6    2
 -0.0001698429736219285   11    1    6    3
 3.163847112713097e-06   11    1    6    4
 0.0001730201266114759   11    1    6    5
 -0.0001090160987195418   11    1    6    6
 -0.00402881170858638   11    1    7    1
 -0.0006943251844177666   11    1    7    2
 -0.005643916372106084   11    1    7    3
 -0.0001758222483743016   11    1    7    4
 0.001499468220671184   11    1    7    5
 0.000833106612382001   11    1    7    6
 8.013990460096911e-05   11    1    7    7
 -0.003603874464039234   11    1    8    1
 -0.000489662943760163   11    1    8    2
 -0.005036005173389717   11    1    8    3
 -0.0001499736218286639   11    1    8    4
 0.001275914071828033   11    1    8    5
 0.000804931717378862   11    1    8    6
 -0.0009373825071339785   11    1    8    7
 -0.0022667910531886   11    1    8    8
 0.004944969380830177   11    1    9    1
 0.0006068792559047174   11    1    9    2
 0.006571210172469529   11    1    9    3
 0.0003813418011175052   11    1    9    4
 -0.002007414039576784   11    1    9    5
 -0.001314850822505233   11    1    9    6
 -0.001095257414297244   11    1    9    7
 0.0008067189211222243   11    1    9    8
 0.001835854735027498   11    1    9    9
 0.0002646123725770343   11    1   10    1
 2.739849234744135e-05   11    1   10    2
 0.000321589331413965   11    1   10    3
 9.777875522201834e-07   11    1   10    4
 -0.0001181764650043914   11    1   10    5
 -3.837495107497811e-05   11    1   10    6
 8.245375163886437e-05   11    1   10    7
 0.0001406485290926504   11    1   10    8
 3.32628873893425e-06   11    1   10    9
 -5.719592790483546e-05   11    1   10   10
 0.012143166404369   11    1   11    1
 0.0001718638976162233   11    2    1    1
 -4.460577899335636e-06   11    2    2    1
 -0.001498824877147987   11    2    2    2
 -1.325628049724663e-06   11    2    3    1
 0.0004277294290352529   11    2    3    2
 0.0002297364997980171   11    2    3    3
 1.3934662188888e-05   11    2    4    1
 -0.001168418553406063   11    2    4    2
 0.0002851110900812444   11    2    4    3
 -0.0005305107137184346   11    2    4    4
 -2.960754247318899e-05   11    2    5    1
 0.0007163388139820236   11    2    5    2
 -0.0002279733080689312   11    2    5    3
 -1.741910523865283e-06   11    2    5    4
 0.0002399397062116439   11    2    5    5
 -1.580263580456e-05   11    2    6    1
 -0.0003427296700688101   11    2    6    2
 -5.984156954316562e-05   11    2    6    3
 -0.0004591371718150428   11    2    6    4
 -1.354201904655302e-05   11    2    6    5
 0.0004844257763515921   11    2    6    6
 -0.0002088920470328575   11    2    7    1
 0.01690573323276174   11    2    7    2
 -0.003430967135262106   11    2    7    3
 0.007912468559937049   11    2    7    4
 0.002133774350116099   11    2    7    5
 -0.001519876841110113   11    2    7    6
 -0.001753751138990143   11    2    7    7
 -0.000151306058748859   11    2    8    1
 0.01656625241371318   11    2    8    2
 -0.002794496591541112   11    2    8    3
 0.008244362513864236   11    2    8    4
 0.00153569854782906   11    2    8    5
 -0.001335210369854323   11    2    8    6
 0.001572368481359877   11    2    8    7
 0.005821087683046937   11    2    8    8
 0.0002659243267640407   11    2    9    1
 -0.02183355481222932   11    2    9    2
 0.004193059719500491   11    2    9    3
 -0.01154879556392666   11    2    9    4
 -0.00215323765700298   11    2    9    5
 0.001271206090040709   11    2    9    6
 0.001332148677639167   11    2    9    7
 -0.004019319257091397   11    2    9    8
 0.002184548215913618   11    2    9    9
 2.358519362630539e-05   11    2   10    1
 -0.0007719971344436329   11    2   10    2
 0.0002538996552977868   11    2   10    3
 -0.0004971392729314381   11    2   10    4
 5.782045111503355e-05   11    2   10    5
 -0.0001100088730225775   11    2   10    6
 0.003024033860708774   11    2   10    7
 0.002997981262053633   11    2   10    8
 -0.003983476296942966   11    2   10    9
 0.0004285842463091393   11    2   10   10
 0.0005986555998760368   11    2   11    1
 0.03255613363432348   11    2   11    2
 -0.004890933651140396   11    3    1    1
 -4.004685319418939e-05   11    3    2    1
 -0.001322913301505262   11    3    2    2
 -0.0001566881171468528   11    3    3    1
 -0.0006849009379082834   11    3    3    2
 -0.00492254772527198   11    3    3    3
 0.0002402901269229098   11    3    4    1
 0.0008211717117332159   11    3    4    2
 0.00161592621116423   11    3    4    3
 -0.0005576955591818552   11    3    4    4
 -0.0003659280995923092   11    3    5    1
 -0.0006671032316253347   11    3    5    2
 -0.001464212067765911   11    3    5    3
 0.0001118870447774384   11    3    5    4
 -0.0004373527148974889   11    3    5    5
 -0.00018331063570161   11    3    6    1
 5.962902193562515e-05   11    3    6    2
 -0.0004120176744899035   11    3    6    3
 0.00080001455214995   11    3    6    4
 0.0003702445186404956   11    3    6    5
 -0.00139121164211246   11    3    6    6
 -0.005010429497969479   11    3    7    1
 -0.01037492631979122   11    3    7    2
 -0.03076346279948746   11    3    7    3
 0.0002703142780326968   11    3    7    4
 0.00202996561250981   11    3    7    5
 -0.0004999957112832402   11    3    7    6
 -0.001880669583041795   11    3    7    7
 -0.00454868467630901   11    3    8    1
 -0.007552571648881098   11    3    8    2
 -0.02740498173989033   11    3    8    3
 -0.0009132667318023514   11    3    8    4
 0.003275278034040513   11    3    8    5
 0.00161014675033478   11    3    8    6
 -0.0005143384645515131   11    3    8    7
 -0.005562575440122243   11    3    8    8
 0.006094107732884713   11    3    9    1
 0.009406622654665724   11    3    9    2
 0.03362634515097849   11    3    9    3
 0.002311465233904133   11    3    9    4
 -0.004527272295325907   11    3    9    5
 -0.003162786120165384   11    3    9    6
 -0.002668776884598933   11    3    9    7
 0.001820474401326525   11    3    9    8
 0.0004925470976322974   11    3    9    9
 0.0003277811623088386   11    3   10    1
 0.0003864226828919022   11    3   10    2
 0.001485696518596701   11    3   10    3
 0.0002254497696574021   11    3   10    4
 -0.0001733660249494402   11    3   10    5
 -0.0008898646301763911   11    3   10    6
 0.0006385152762170727   11    3   10    7
 -0.0002221405285167907   11    3   10    8
 0.0006042195286253531   11    3   10    9
 -0.002450393323855405   11    3   10   10
 0.01492179999785396   11    3   11    1
 -0.001114412165207079   11    3   11    2
 0.0719607515510248   11    3   11    3
 0.009039049707326451   11    4    1    1
 -4.881598106151825e-06   11    4    2    1
 -0.000873487471058971   11    4    2    2
 -8.871101091624825e-05   11    4    3    1
 0.0008575608016064792   11    4    3    2
 0.005762280021591151   11    4    3    3
 8.012398890256508e-06   11    4    4    1
 -0.0004869745705470489   11    4    4    2
 0.0002517743881955051   11    4    4    3
 -0.00105381096253383   11    4    4    4
 2.402120559541959e-05   11    4    5    1
 0.0005551674541050864   11    4    5    2
 -0.001005941427296454   11    4    5    3
 4.900735085729909e-05   11    4    5    4
 0.001540892047326085   11    4    5    5
 1.591461251870838e-05   11    4    6    1
 -0.0003216687751871165   11    4    6    2
 -0.0005880001259185619   11    4    6    3
 -0.0009813595852818445   11    4    6    4
 7.782986542288997e-05   11    4    6    5
 0.0008732939981355202   11    4    6    6
 -0.0001879636507441332   11    4    7    1
 0.01174392568470689   11    4    7    2
 0.0004877366832663183   11    4    7    3
 0.007688867829199447   11    4    7    4
 0.004446470940253516   11    4    7    5
 0.004049383717295289   11    4    7    6
 -0.0004203013711959849   11    4    7    7
 -0.0002200694431025042   11    4    8    1
 0.01018926629915778   11    4    8    2
 9.506281072523244e-05   11    4    8    3
 0.00881796608797414   11    4    8    4
 0.001756945835665775   11    4    8    5
 0.001663626009402012   11    4    8    6
 0.001212250789272059   11    4    8    7
 0.005877439935612677   11    4    8    8
 0.0002090995116769024   11    4    9    1
 -0.01398819514788905   11    4    9    2
 0.0004134957786569636   11    4    9    3
 -0.01176040662489389   11    4    9    4
 -0.004805664124632088   11    4    9    5
 -0.004694358658491266   11    4    9    6
 -0.00102908579066589   11    4    9    7
 -0.0008498918826856392   11    4    9    8
 0.002791884391894988   11    4    9    9
 1.903319888397652e-06   11    4   10    1
 -0.0004510106944902075   11    4   10    2
 5.92935003071934e-05   11    4   10    3
 -0.001110734919345466   11    4   10    4
 -0.0001598692122235756   11    4   10    5
 0.002265648273226512   11    4   10    6
 0.001047747107387199   11    4   10    7
 0.002640631969431444   11    4   10    8
 -0.002418727118267505   11    4   10    9
 0.004561409018036256   11    4   10   10
 0.0005828351681264013   11    4   11    1
 0.01767188271248704   11    4   11    2
 -0.002173329720145934   11    4   11    3
 0.02135716461775374   11    4   11    4
 -0.0121095757273263   11    5    1    1
 2.081365850671013e-05   11    5    2    1
 0.002627433637314024   11    5    2    2
 0.0002128022995286501   11    5    3    1
 -0.0007718743065352523   11    5    3    2
 -0.006120782527406369   11    5    3    3
 -7.624039285381362e-05   11    5    4    1
 0.0002188905824276467   11    5    4    2
 -0.0004832887517185334   11    5    4    3
 0.001821773302287509   11    5    4    4
 7.588412547309167e-05   11    5    5    1
 -0.0001829864748443547   11    5    5    2
 0.002624320786796743   11    5    5    3
 0.0007044483666996203   11    5    5    4
 0.001031014632546682   11    5    5    5
 2.695163766771288e-05   11    5    6    1
 -0.0003546089961279389   11    5    6    2
 0.0007790468142149223   11    5    6    3
 0.00107202496691984   11    5    6    4
 -0.001325481048114524   11    5    6    5
 -0.0009796075062553839   11    5    6    6
 0.001777709443445613   11    5    7    1
 -0.000106085662422866   11    5    7    2
 0.007680978043599617   11    5    7    3
 0.00193553702702967   11    5    7    4
 0.0007030588563124364   11    5    7    5
 -0.003634015944321615   11    5    7    6
 -0.0006366620441293204   11    5    7    7
 0.001653367487953863   11    5    8    1
 0.0005936339166693428   11    5    8    2
 0.006749595222324087   11    5    8    3
 0.001212768101742394   11    5    8    4
 0.004193935612922164   11    5    8    5
 -0.001747568451709614   11    5    8    6
 0.003728553018644235   11    5    8    7
 0.003651048644154808   11    5    8    8
 -0.002146534892340795   11    5    9    1
 -0.0001403660385599715   11    5    9    2
 -0.009529709579505129   11    5    9    3
 -0.001954717336219971   11    5    9    4
 -0.0002691965906348047   11    5    9    5
 0.005362876288539704   11    5    9    6
 0.004006569783196895   11    5    9    7
 -0.004488923706775205   11    5    9    8
 -0.007598072393020489   11    5    9    9
 -0.0001379003644483155   11    5   10    1
 0.0003017377833631655   11    5   10    2
 -0.000550609754328962   11    5   10    3
 0.0007632754895767757   11    5   10    4
 0.001295874256540101   11    5   10    5
 -0.002823291413896703   11    5   10    6
 0.002636274049629643   11    5   10    7
 0.001022473751639929   11    5   10    8
 -0.002718217892375181   11    5   10    9
 -0.006111698463629156   11    5   10   10
 -0.005332005496144572   11    5   11    1
 -0.001118896104571662   11    5   11    2
 -0.01862221651901788   11    5   11    3
 -0.0001145479520475666   11    5   11    4
 0.01733140006817909   11    5   11    5
 -0.005191899423354713   11    6    1    1
 1.531717010535523e-05   11    6    2    1
 -0.0006319188580238528   11    6    2    2
 0.0001264362718478218   11    6    3    1
 -2.729947282424971e-05   11    6    3    2
 -0.001869420567636798   11    6    3    3
 -5.035171060630119e-05   11    6    4    1
 -0.000876220103601497   11    6    4    2
 -0.0003137714571881172   11    6    4    3
 -0.001587873839764271   11    6    4    4
 5.137763960146696e-05   11    6    5    1
 -6.865045286819811e-07   11    6    5    2
 0.000809975546590069   11    6    5    3
 -0.0002830395788204019   11    6    5    4
 -0.00155042012495507   11    6    5    5
 3.999106130291003e-05   11    6    6    1
 0.0005038444417456052   11    6    6    2
 0.001046368140726514   11    6    6    3
 -0.001416741280359704   11    6    6    4
 0.0003161637153183699   11    6    6    5
 0.0003409936241244784   11    6    6    6
 0.001044732866266658   11    6    7    1
 -0.002074843440345897   11    6    7    2
 0.001851416016952519   11    6    7    3
 0.004613551240649457   11    6    7    4
 -0.004845478190913593   11    6    7    5
 -0.003431511392461745   11    6    7    6
 0.001115049517769854   11    6    7    7
 0.0009450729411399818   11    6    8    1
 -0.001154291213291578   11    6    8    2
 0.001504026284901644   11    6    8    3
 0.002958824760103152   11    6    8    4
 -0.00292021601656222   11    6    8    5
 -0.0005166825359995362   11    6    8    6
 0.001353237292177813   11    6    8    7
 0.002226432421485044   11    6    8    8
 -0.001277592295139493   11    6    9    1
 0.001602773008851823   11    6    9    2
 -0.003395416401238412   11    6    9    3
 -0.005378088296717762   11    6    9    4
 0.005281854201500624   11    6    9    5
 0.002166769533622044   11    6    9    6
 0.002271712721053247   11    6    9    7
 -0.0012955986249819   11    6    9    8
 -0.004689097007557588   11    6    9    9
 -3.580000131139774e-05   11    6   10    1
 -0.0004844553496098832   11    6   10    2
 -0.000115817389591801   11    6   10    3
 0.0008242304743779458   11    6   10    4
 -0.0005261847598973125   11    6   10    5
 -0.001604886240047923   11    6   10    6
 -0.002365392174111484   11    6   10    7
 -0.003949667168904605   11    6   10    8
 0.003853046176194857   11    6   10    9
 -0.001777761956110926   11    6   10   10
 -0.003129925217894659   11    6   11    1
 0.0004268867731541497   11    6   11    2
 -0.009385497196617444   11    6   11    3
 0.002354013739886585   11    6   11    4
 0.002661200906357077   11    6   11    5
 0.01197051371622966   11    6   11    6
 -0.1653660746410293   11    7    1    1
 5.933321563098137e-05   11    7    2    1
 0.04548848951895331   11    7    2    2
 0.001668684436127533   11    7    3    1
 -0.01643922662169202   11    7    3    2
 -0.1010025468428474   11    7    3    3
 0.0001438055592686939   11    7    4    1
 0.01653848639681066   11    7    4    2
 -0.001613568401744495   11    7    4    3
 0.04923284211185436   11    7    4    4
 -0.0006974867470223357   11    7    5    1
 -0.01080091397756883   11    7    5    2
 0.02833821761157229   11    7    5    3
 0.007132893112435213   11    7    5    4
 0.02670878459103126   11    7    5    5
 -0.0006387853835474671   11    7    6    1
 -0.006854471787574366   11    7    6    2
 0.00157804335049937   11    7    6    3
 0.03589472941185708   11    7    6    4
 -0.02215827944687587   11    7    6    5
 -0.01933611985259023   11    7    6    6
 9.815944637698067e-05   11    7    7    1
 -0.008937129056862806   11    7    7    2
 0.00117952746629549   11    7    7    3
 0.001727711477775873   11    7    7    4
 -0.004517264842240286   11    7    7    5
 0.001139548318717728   11    7    7    6
 -0.003949299817911905   11    7    7    7
 0.0009988295580816617   11    7    8    1
 0.007378650024768515   11    7    8    2
 0.0006770667527004807   11    7    8    3
 0.004845699883940826   11    7    8    4
 0.03315303645533903   11    7    8    5
 0.01537139233382362   11    7    8    6
 0.01311767734545643   11    7    8    7
 -0.04793023278701158   11    7    8    8
 0.0002852870720004691   11    7    9    1
 -0.001987185886656152   11    7    9    2
 -0.0003081842939594745   11    7    9    3
 0.002048380865490021   11    7    9    4
 0.02605885475579387   11    7    9    5
 0.01402340042160475   11    7    9    6
 0.007546836877653261   11    7    9    7
 -0.03626073343747684   11    7    9    8
 -0.01168905687884714   11    7    9    9
 -0.0004242592041722577   11    7   10    1
 0.007610430782139859   11    7   10    2
 -0.002408421023217539   11    7   10    3
 0.006025419888885215   11    7   10    4
 0.02279722201101748   11    7   10    5
 -0.03949776693574698   11    7   10    6
 0.004777226875719407   11    7   10    7
 -0.006717086414111323   11    7   10    8
 0.0009778186397092681   11    7   10    9
 -0.08312288784497783   11    7   10   10
 -0.0006723064175626197   11    7   11    1
 -0.000783347323422595   11    7   11    2
 -0.001062186780232455   11    7   11    3
 -0.001277403192510674   11    7   11    4
 0.004323256112223089   11    7   11    5
 0.0009787559516482973   11    7   11    6
 0.05220932318595862   11    7   11    7
 -0.1449955777750526   11    8    1    1
 4.816385153938219e-05   11    8    2    1
 0.05224580875596481   11    8    2    2
 0.001458626297267936   11    8    3    1
 -0.01496542773903   11    8    3    2
 -0.08602188386287307   11    8    3    3
 0.0002032659370025459   11    8    4    1
 0.01697796532036585   11    8    4    2
 -0.001413927839216073   11    8    4    3
 0.05471821955492972   11    8    4    4
 -0.0006924737535649162   11    8    5    1
 -0.00853852042365306   11    8    5    2
 0.02722233621047284   11    8    5    3
 0.006771966796911782   11    8    5    4
 0.03551279761149832   11    8    5    5
 -0.0006154070814874976   11    8    6    1
 -0.007397822267221008   11    8    6    2
 0.001124476673927049   11    8    6    3
 0.03543624560131903   11    8    6    4
 -0.02279088148572439   11    8    6    5
 -0.01169263359450379   11    8    6    6
 -0.001401147684857499   11    8    7    1
 -0.004807519837880689   11    8    7    2
 -0.0007451279341626303   11    8    7    3
 0.003857073042709683   11    8    7    4
 0.002001919378643268   11    8    7    5
 0.002952784636792448   11    8    7    6
 -0.004105385656936146   11    8    7    7
 -0.0005992081195080923   11    8    8    1
 0.01159410466461658   11    8    8    2
 -0.004041787884362441   11    8    8    3
 0.006723407016665693   11    8    8    4
 0.0360991259403648   11    8    8    5
 0.01457546313291291   11    8    8    6
 0.01152902388726328   11    8    8    7
 -0.04860223749102276   11    8    8    8
 0.002048967829113036   11    8    9    1
 -0.007822588890535526   11    8    9    2
 0.003055064288233392   11    8    9    3
 0.001524671376755663   11    8    9    4
 0.01744828406451979   11    8    9    5
 0.009839129095333432   11    8    9    6
 -0.008400004225566816   11    8    9    7
 -0.03020705135188299   11    8    9    8
 0.001145496432950595   11    8    9    9
 -0.0003574879538976519   11    8   10    1
 0.008005800469711159   11    8   10    2
 -0.002355311212796537   11    8   10    3
 0.00477562892145652   11    8   10    4
 0.02274603133340431   11    8   10    5
 -0.03578052016283543   11    8   10    6
 0.003235776217764818   11    8   10    7
 -0.004926311825634649   11    8   10    8
 0.001314461846094723   11    8   10    9
 -0.07139619907440403   11    8   10   10
 0.004007328668516112   11    8   11    1
 0.004342284532086601   11    8   11    2
 0.01067533092205253   11    8   11    3
 0.004386751403296717   11    8   11    4
 -0.004586972645108869   11    8   11    5
 -0.006423692196648075   11    8   11    6
 0.04558438630167063   11    8   11    7
 0.06304797618479745   11    8   11    8
 0.1897455828584033   11    9    1    1
 -9.393218750425867e-05   11    9    2    1
 -0.07207637724121588   11    9    2    2
 -0.002157767075428881   11    9    3    1
 0.019455684904659   11    9    3    2
 0.1080302648745638   11    9    3    3
 -0.0001355068218288645   11    9    4    1
 -0.02334729620140992   11    9    4    2
 0.002285069556248728   11    9    4    3
 -0.07439406243653027   11    9    4    4
 0.0007204238223287127   11    9    5    1
 0.01059383653720379   11    9    5    2
 -0.03649354334220195   11    9    5    3
 -0.009417978307993877   11    9    5    4
 -0.04787312412097655   11    9    5    5
 0.000675678272710157   11    9    6    1
 0.009791039433085421   11    9    6    2
 -0.002349533847732151   11    9    6    3
 -0.04771369089212266   11    9    6    4
 0.03136165481805876   11    9    6    5
 0.01366332685291889   11    9    6    6
 -0.000847473171799883   11    9    7    1
 0.009740891886199884   11    9    7    2
 -0.003801199209776892   11    9    7    3
 -0.004473934756793363   11    9    7    4
 0.007692492912830956   11    9    7    5
 0.0003602586071006037   11    9    7    6
 0.009961633253487243   11    9    7    7
 -0.001535979747681865   11    9    8    1
 -0.01096983863285761   11    9    8    2
 0.001990087935067345   11    9    8    3
 -0.007420690420253696   11    9    8    4
 -0.03867896276432701   11    9    8    5
 -0.01488648334829334   11    9    8    6
 -0.0248040898580952   11    9    8    7
 0.04304761671937445   11    9    8    8
 0.0006451847829157235   11    9    9    1
 0.00524283801777219   11    9    9    2
 0.003817097236801611   11    9    9    3
 -0.004035853038195217   11    9    9    4
 -0.03469579839491958   11    9    9    5
 -0.01747843013020065   11    9    9    6
 0.005864966076324771   11    9    9    7
 0.04552502016226566   11    9    9    8
 0.01279392298190443   11    9    9    9
 0.0006249528772358867   11    9   10    1
 -0.01094341442904312   11    9   10    2
 0.003248519429804083   11    9   10    3
 -0.005626854257724578   11    9   10    4
 -0.03071849760999959   11    9   10    5
 0.04569757965544029   11    9   10    6
 -0.003830812878667575   11    9   10    7
 0.00644367088099584   11    9   10    8
 -0.001654286438216271   11    9   10    9
 0.09234140654867165   11    9   10   10
 0.00283834472801281   11    9   11    1
 -0.003441567795921522   11    9   11    2
 0.007752255606317771   11    9   11    3
 0.001794604322665061   11    9   11    4
 -0.007438751039228715   11    9   11    5
 -0.004380166130418748   11    9   11    6
 -0.06479427165253387   11    9   11    7
 -0.05285541303425576   11    9   11    8
 0.0877819027174757   11    9   11    9
 0.009375712130788694   11   10    1    1
 -3.026439402587848e-06   11   10    2    1
 -0.002308958782016225   11   10    2    2
 -0.0001087276333246812   11   10    3    1
 0.0008935396025688212   11   10    3    2
 0.005116313767690404   11   10    3    3
 -1.339528430740685e-05   11   10    4    1
 -0.0006082029937603767   11   10    4    2
 0.0002876394284103705   11   10    4    3
 -0.002149924367810208   11   10    4    4
 4.490868966018721e-05   11   10    5    1
 0.0006338245218871183   11   10    5    2
 -0.001408197539780431   11   10    5    3
 7.03790824159529e-05   11   10    5    4
 -0.0005292197882816694   11   10    5    5
 4.916684070712361e-05   11   10    6    1
 -0.0001463160445259709   11   10    6    2
 -0.0006154577461091662   11   10    6    3
 -0.0008301443955525332   11   10    6    4
 0.0004218058547851713   11   10    6    5
 0.0001183126558303074   11   10    6    6
 8.058895281537732e-05   11   10    7    1
 0.004646943998881081   11   10    7    2
 0.0005816900065387506   11   10    7    3
 0.00142161704748591   11   10    7    4
 0.003749816529147255   11   10    7    5
 -0.003471386251858242   11   10    7    6
 0.000429851593788289   11   10    7    7
 4.00859421506345e-05   11   10    8    1
 0.003503587663772443   11   10    8    2
 0.0007778845863923979   11   10    8    3
 0.001930981918140176   11   10    8    4
 0.001211424767258117   11   10    8    5
 -0.004490528864518223   11   10    8    6
 -0.000458816839961783   11   10    8    7
 0.002443098788322194   11   10    8    8
 -0.0001233213092321009   11   10    9    1
 -0.005058873288791011   11   10    9    2
 -0.0004923155295295449   11   10    9    3
 -0.002358662539704758   11   10    9    4
 -0.00504945650500599   11   10    9    5
 0.003591032075734843   11   10    9    6
 -0.000282229110076351   11   10    9    7
 0.001627597010924167   11   10    9    8
 0.0008851871631232568   11   10    9    9
 5.83294568930444e-05   11   10   10    1
 -0.0002853924080442474   11   10   10    2
 3.773325206263381e-05   11   10   10    3
 -0.0003600012867457934   11   10   10    4
 -0.001444878939283108   11   10   10    5
 0.002253213353615966   11   10   10    6
 -0.006061924136041948   11   10   10    7
 -0.004268368868180802   11   10   10    8
 0.00665385809641315   11   10   10    9
 0.005107536547220906   11   10   10   10
 -0.0002400106704522634   11   10   11    1
 0.005194038666074108   11   10   11    2
 -0.001456029646416155   11   10   11    3
 0.0008711798138822183   11   10   11    4
 0.0007096538464637697   11   10   11    5
 0.005852416503654551   11   10   11    6
 -0.003578064976607479   11   10   11    7
 0.001404105438853548   11   10   11    8
 0.00266671732172987   11   10   11    9
 0.0206132637278444   11   10   11   10
 0.6663125116222227   11   11    1    1
 -0.0001365799987663281   11   11    2    1
 0.3858909579858594   11   11    2    2
 -0.004908661027399759   11   11    3    1
 0.01132112951119955   11   11    3    2
 0.500727943769797   11   11    3    3
 -0.0003084530174106883   11   11    4    1
 0.02725436505752168   11   11    4    2
 0.005451319420168167   11   11    4    3
 0.3726696061785157   11   11    4    4
 0.00242398794058529   11   11    5    1
 0.03172604137941842   11   11    5    2
 -0.02762953859143153   11   11    5    3
 0.007424743725161376   11   11    5    4
 0.4059523931957884   11   11    5    5
 0.001510160012803333   11   11    6    1
 -0.01815483287011426   11   11    6    2
 -0.02040279780982501   11   11    6    3
 0.01385808069212324   11   11    6    4
 -0.0210235985434045   11   11    6    5
 0.3761288382415017   11   11    6    6
 0.0005519567903845629   11   11    7    1
 -0.01380559514067974   11   11    7    2
 0.008486922483415213   11   11    7    3
 0.008292590221676877   11   11    7    4
 0.01461683309925873   11   11    7    5
 0.005684418468852788   11   11    7    6
 0.2903281281300263   11   11    7    7
 -0.002835642429612848   11   11    8    1
 0.005121294707582557   11   11    8    2
 -0.00746968159892289   11   11    8    3
 0.01110003585178722   11   11    8    4
 -0.02997514663448691   11   11    8    5
 -0.03750258322815777   11   11    8    6
 0.03794048685567132   11   11    8    7
 0.4409351159641606   11   11    8    8
 -0.001894918825225994   11   11    9    1
 -0.01737213049616886   11   11    9    2
 -0.0004964355688852099   11   11    9    3
 0.01598045080757769   11   11    9    4
 -0.01742852034539469   11   11    9    5
 -0.02883741952506906   11   11    9    6
 -0.1164131472346354   11   11    9    7
 0.02062885866839675   11   11    9    8
 0.3710247177183409   11   11    9    9
 -0.0004833962115574275   11   11   10    1
 0.01637461325059244   11   11   10    2
 -0.002791938235142261   11   11   10    3
 -0.01889234880088408   11   11   10    4
 0.0107628949122309   11   11   10    5
 0.0585065474209443   11   11   10    6
 -0.02052329145835184   11   11   10    7
 0.0270881482873566   11   11   10    8
 0.003823516156401046   11   11   10    9
 0.4705784911392623   11   11   10   10
 -8.894220032428887e-05   11   11   11    1
 0.004347745679237767   11   11   11    2
 -0.002578592885794206   11   11   11    3
 0.00627207393775104   11   11   11    4
 -0.002659678774152645   11   11   11    5
 -0.00283569409528065   11   11   11    6
 -0.01342871991921073   11   11   11    7
 -0.0003240373114547491   11   11   11    8
 -0.001958198381772322   11   11   11    9
 0.002204331852260959   11   11   11   10
 0.5146212660605658   11   11   11   11
 -0.008301280555452737   12    1    1    1
 7.130887719046732e-05   12    1    2    1
 -4.563529795909311e-05   12    1    2    2
 0.001175674875061653   12    1    3    1
 6.459658050925963e-05   12    1    3    2
 5.570592321934174e-05   12    1    3    3
 0.000177879479583991   12    1    4    1
 3.358379577013298e-05   12    1    4    2
 0.000173411670785745   12    1    4    3
 1.213449593938407e-05   12    1    4    4
 -0.0004888764367262477   12    1    5    1
 -6.452270299410233e-07   12    1    5    2
 -1.672862775013806e-05   12    1    5    3
 -2.24741595996375e-05   12    1    5    4
 4.324166248007182e-06   12    1    5    5
 -0.0001036227173351339   12    1    6    1
 -7.261831715977312e-06   12    1    6    2
 0.0002911023410156574   12    1    6    3
 -1.460234989095689e-05   12    1    6    4
 -9.464951964299303e-05   12    1    6    5
 -5.986824869046416e-05   12    1    6    6
 -0.003550324011585494   12    1    7    1
 -0.0006672295130858383   12    1    7    2
 -0.004804485618279983   12    1    7    3
 -0.0001223195451067114   12    1    7    4
 0.001223999761992373   12    1    7    5
 0.0006633148874319201   12    1    7    6
 0.0002070144748758732   12    1    7    7
 -0.003698431782032144   12    1    8    1
 -0.0004779013432877087   12    1    8    2
 -0.005497456175950722   12    1    8    3
 -0.0002283496515106471   12    1    8    4
 0.001572549046208142   12    1    8    5
 0.001074555463453408   12    1    8    6
 -0.0007128755611378423   12    1    8    7
 -0.002499776187913413   12    1    8    8
 0.004228989027741135   12    1    9    1
 0.000538691227596578   12    1    9    2
 0.005197832812517748   12    1    9    3
 0.0002828522072989396   12    1    9    4
 -0.001476928136587937   12    1    9    5
 -0.0009517652172727196   12    1    9    6
 -0.001004068867587863   12    1    9    7
 0.0003540857877406172   12    1    9    8
 0.001560084785111443   12    1    9    9
 0.000321892148654587   12    1   10    1
 3.345538393597358e-05   12    1   10    2
 0.0004018005922016366   12    1   10    3
 3.607167056762975e-05   12    1   10    4
 -0.0001373678031274474   12    1   10    5
 -0.0001473298825390633   12    1   10    6
 9.221107884789168e-05   12    1   10    7
 0.0001359641241250689   12    1   10    8
 2.500017934109004e-05   12    1   10    9
 -0.000203103090118466   12    1   10   10
 0.0110008353352812   12    1   11    1
 0.0005202638124368119   12    1   11    2
 0.01324163285101576   12    1   11    3
 0.0005057310753287263   12    1   11    4
 -0.004763923913904189   12    1   11    5
 -0.002808372924178173   12    1   11    6
 -0.0006230719886143459   12    1   11    7
 0.003659626364687898   12    1   11    8
 0.00256112654433609   12    1   11    9
 -0.0002298460801834559   12    1   11   10
 -5.9704086602713e-05   12    1   11   11
 0.0100635797463145   12    1   12    1
 0.002953518360961777   12    2    1    1
 -1.844117151344603e-06   12    2    2    1
 0.004117199961721247   12    2    2    2
 -1.860742154165121e-05   12    2    3    1
 -0.0002677223628039942   12    2    3    2
 0.002178576181360062   12    2    3    3
 -1.64594144687862e-06   12    2    4    1
 -0.0006969973206323296   12    2    4    2
 -0.000305827573380525   12    2    4    3
 0.002809808602337238   12    2    4    4
 8.22713488498572e-06   12    2    5    1
 0.0007935750307549921   12    2    5    2
 7.99925380985387e-05   12    2    5    3
 -0.0001999540746163545   12    2    5    4
 0.00314352081440397   12    2    5    5
 1.854995362218621e-05   12    2    6    1
 -0.0009615855750761534   12    2    6    2
 1.413772551312814e-05   12    2    6    3
 -0.0004042380897237418   12    2    6    4
 -0.0001654969329294759   12    2    6    5
 0.002289844501678742   12    2    6    6
 -3.079836043282111e-05   12    2    7    1
 0.002786437498577833   12    2    7    2
 0.006356693403546161   12    2    7    3
 -0.008166288808342517   12    2    7    4
 0.009000092501046929   12    2    7    5
 0.003966848417247501   12    2    7    6
 0.001212403249870439   12    2    7    7
 -4.574171732325189e-05   12    2    8    1
 0.001163413171356268   12    2    8    2
 0.005550858274817775   12    2    8    3
 -0.00622251056357554   12    2    8    4
 0.006893795617680149   12    2    8    5
 0.001036680505106538   12    2    8    6
 -0.0009131409911288651   12    2    8    7
 0.0001368314086936376   12    2    8    8
 1.722759981741475e-05   12    2    9    1
 0.0002655202596468437   12    2    9    2
 -0.005628636871329144   12    2    9    3
 0.007110035943675134   12    2    9    4
 -0.006989616213533478   12    2    9    5
 -0.0001702283274624087   12    2    9    6
 0.001517199090450696   12    2    9    7
 0.001488515201969752   12    2    9    8
 0.002763514383440961   12    2    9    9
 2.812879574086354e-05   12    2   10    1
 0.0008152662002970917   12    2   10    2
 -7.230814418825882e-06   12    2   10    3
 0.0005805594006541583   12    2   10    4
 0.0001719192595480191   12    2   10    5
 -0.000330528636894347   12    2   10    6
 -0.002337476278666332   12    2   10    7
 -0.000640270796933457   12    2   10    8
 0.0006977721616648286   12    2   10    9
 0.002607987177424386   12    2   10   10
 3.552730341631956e-05   12    2   11    1
 -0.01372496080090424   12    2   11    2
 -0.003271120153760456   12    2   11    3
 -0.004881102550040989   12    2   11    4
 0.0001571801812373664   12    2   11    5
 -0.003897209611417827   12    2   11    6
 0.001211946139969364   12    2   11    7
 0.0003289011019639474   12    2   11    8
 0.00143242196052732   12    2   11    9
 -0.0006370497084336292   12    2   11   10
 0.001258549436354811   12    2   11   11
 -2.795275948267752e-05   12    2   12    1
 0.02073724834149944   12    2   12    2
 0.01149613873124531   12    3    1    1
 2.259228483673694e-05   12    3    2    1
 -0.001138777953184851   12    3    2    2
 -0.0001847762378711924   12    3    3    1
 0.0007909344397196608   12    3    3    2
 0.005671347848148783   12    3    3    3
 9.847017352074481e-05   12    3    4    1
 -0.0001902582299774001   12    3    4    2
 0.0004726730239296584   12    3    4    3
 0.0003307186516548811   12    3    4    4
 7.217392203905423e-05   12    3    5    1
 3.158369852088169e-05   12    3    5    2
 -0.001637824638507308   12    3    5    3
 -0.0006384625876991638   12    3    5    4
 0.0007910432443692636   12    3    5    5
 0.0002636085487891143   12    3    6    1
 0.0001180674777820816   12    3    6    2
 9.047756914230348e-05   12    3    6    3
 -0.0005249488322984934   12    3    6    4
 0.0002502804582811618   12    3    6    5
 0.0008633562146663558   12    3    6    6
 -0.003533429420969709   12    3    7    1
 0.004729632473288912   12    3    7    2
 -0.0107021945384932   12    3    7    3
 -0.002660097216851226   12    3    7    4
 0.009499296297130045   12    3    7    5
 0.005844743318522261   12    3    7    6
 0.0009564083167581833   12    3    7    7
 -0.004257696434718897   12    3    8    1
 0.003871580659161867   12    3    8    2
 -0.01339450545842038   12    3    8    3
 -0.001308353374456745   12    3    8    4
 0.007500220167197732   12    3    8    5
 0.00426898287489173   12    3    8    6
 -0.004221483671499194   12    3    8    7
 -0.007896481164836017   12    3    8    8
 0.003937038007928106   12    3    9    1
 -0.004808809011095816   12    3    9    2
 0.01334556970892933   12    3    9    3
 0.001384090850948725   12    3    9    4
 -0.009577677700123485   12    3    9    5
 -0.005113368259194326   12    3    9    6
 -0.003756782152564849   12    3    9    7
 0.002923279854260956   12    3    9    8
 0.009573533435323868   12    3    9    9
 0.0003480418724482645   12    3   10    1
 -0.0001110633927878526   12    3   10    2
 0.001235947889080667   12    3   10    3
 -0.0004987825775870409   12    3   10    4
 -0.001003396900322805   12    3   10    5
 0.001726273425815577   12    3   10    6
 -0.0006102323302947069   12    3   10    7
 0.001171739311392448   12    3   10    8
 -0.0003467153619581965   12    3   10    9
 0.004828738268284631   12    3   10   10
 0.01101084579626486   12    3   11    1
 0.003428844452914169   12    3   11    2
 0.03758215667277898   12    3   11    3
 0.005249894274201055   12    3   11    4
 -0.01715093327477648   12    3   11    5
 -0.01135272489029806   12    3   11    6
 -0.003169331463788039   12    3   11    7
 0.01330565505223488   12    3   11    8
 0.01022747779251162   12    3   11    9
 0.0002863601464943604   12    3   11   10
 0.003237106334431045   12    3   11   11
 0.009826703304169642   12    3   12    1
 0.006790447758758375   12    3   12    2
 0.03906399622827473   12    3   12    3
 0.002055156400123238   12    4    1    1
 -2.904154456741916e-06   12    4    2    1
 -0.004134984260901457   12    4    2    2
 -8.09267944851455e-05   12    4    3    1
 -2.926744142006668e-05   12    4    3    2
 -0.00093518669038242   12    4    3    3
 1.443022192778468e-05   12    4    4    1
 0.001697633577629253   12    4    4    2
 0.0006201631472451855   12    4    4    3
 -0.00156714707661605   12    4    4    4
 3.458000583452479e-06   12    4    5    1
 -0.0002561682675863893   12    4    5    2
 -0.001444011517120473   12    4    5    3
 0.001715009849558727   12    4    5    4
 -0.003788513116171404   12    4    5    5
 -1.766730265826928e-05   12    4    6    1
 0.0002045380932812639   12    4    6    2
 -0.0007308142928810864   12    4    6    3
 0.001812876598715018   12    4    6    4
 0.0005583493336398814   12    4    6    5
 -0.00296119295154693   12    4    6    6
 -0.0003383684692712242   12    4    7    1
 -0.01191181309444613   12    4    7    2
 -0.005524380780256019   12    4    7    3
 -0.0003750036712083183   12    4    7    4
 -0.006363565412388899   12    4    7    5
 -0.005886485842700187   12    4    7    6
 -0.001253048460528076   12    4    7    7
 -0.0003298504083327472   12    4    8    1
 -0.01034818801845849   12    4    8    2
 -0.003617162860835491   12    4    8    3
 -0.001397451134325007   12    4    8    4
 -0.005321692896877784   12    4    8    5
 -0.003461163575918591   12    4    8    6
 -0.001993292984466536   12    4    8    7
 -0.004721285187086362   12    4    8    8
 0.0004168488086384439   12    4    9    1
 0.01230741769738593   12    4    9    2
 0.005050302850617529   12    4    9    3
 0.005665834154316166   12    4    9    4
 0.003657741051514335   12    4    9    5
 0.001723431729540472   12    4    9    6
 -0.002577272710887037   12    4    9    7
 0.002226773197510548   12    4    9    8
 -0.003087063133821007   12    4    9    9
 -2.377470206311199e-05   12    4   10    1
 0.0004153175153094728   12    4   10    2
 -9.774245936585563e-05   12    4   10    3
 -0.0006700030583735236   12    4   10    4
 -0.0002603415269122563   12    4   10    5
 0.001740463333964603   12    4   10    6
 0.00151313821374602   12    4   10    7
 0.0007071073107941193   12    4   10    8
 0.0007810063057119793   12    4   10    9
 -0.0004191465389453212   12    4   10   10
 0.001060040057366115   12    4   11    1
 -0.009308265127500817   12    4   11    2
 0.009750248296481908   12    4   11    3
 -0.01296605937628732   12    4   11    4
 -0.0005459274908067702   12    4   11    5
 -0.001081448803944537   12    4   11    6
 -0.001434632150740176   12    4   11    7
 -0.002661812498334768   12    4   11    8
 0.002272219923625611   12    4   11    9
 -0.003532152049297063   12    4   11   10
 -0.003030818587777344   12    4   11   11
 0.0009888724663889212   12    4   12    1
 -0.005238803801397075   12    4   12    2
 -0.003350474954030184   12    4   12    3
 0.01520822092083438   12    4   12    4
 -0.006351236615523287   12    5    1    1
 -5.557757045960787e-06   12    5    2    1
 0.00157535436264527   12    5    2    2
 0.0001102961327053554   12    5    3    1
 -0.0005048867210644133   12    5    3    2
 -0.003869096637154653   12    5    3    3
 -4.554830797711928e-05   12    5    4    1
 0.0003080542859590556   12    5    4    2
 -0.0009352048701206427   12    5    4    3
 0.003295351022714658   12    5    4    4
 4.463003313810015e-07   12    5    5    1
 -0.0002806848924046415   12    5    5    2
 0.001435546937403962   12    5    5    3
 -0.0005025530352517742   12    5    5    4
 0.001502154149783792   12    5    5    5
 -9.565436269398435e-05   12    5    6    1
 -0.0001000597116182299   12    5    6    2
 -0.000281154676554404   12    5    6    3
 0.001484811626156168   12    5    6    4
 -0.001073438380164549   12    5    6    5
 -0.0001851077454646345   12    5    6    6
 0.001676658986564323   12    5    7    1
 0.01410143978883892   12    5    7    2
 0.01372431637075029   12    5    7    3
 -0.004331036767036077   12    5    7    4
 0.006218442993325314   12    5    7    5
 0.003378502182551325   12    5    7    6
 -0.00181939722885116   12    5    7    7
 0.001893882684252777   12    5    8    1
 0.01087852668577722   12    5    8    2
 0.01348641469178112   12    5    8    3
 -0.001168978630369841   12    5    8    4
 0.004828146562311511   12    5    8    5
 0.0003872944443457402   12    5    8    6
 0.000689674873221325   12    5    8    7
 0.001599650047664555   12    5    8    8
 -0.001922966786847212   12    5    9    1
 -0.01217037659722735   12    5    9    2
 -0.01333581757831245   12    5    9    3
 0.0006167494033948919   12    5    9    4
 -0.002619486178992727   12    5    9    5
 0.001415699920808962   12    5    9    6
 0.004860433216200978   12    5    9    7
 -0.00258846184617864   12    5    9    8
 -0.0001204507954674477   12    5    9    9
 -0.0001926925841809425   12    5   10    1
 0.0001648463197473256   12    5   10    2
 -0.0007522961429320712   12    5   10    3
 0.0001048134563973549   12    5   10    4
 0.001375548727935245   12    5   10    5
 -0.001651736032870693   12    5   10    6
 -0.0009517000863906452   12    5   10    7
 4.937078465601017e-05   12    5   10    8
 -0.0008694045869126105   12    5   10    9
 -0.002815736873983771   12    5   10   10
 -0.005261208661766903   12    5   11    1
 0.003318673815370919   12    5   11    2
 -0.02791773291347589   12    5   11    3
 0.003896926820525044   12    5   11    4
 0.003285745451040688   12    5   11    5
 0.002104272315987264   12    5   11    6
 0.003835689845441178   12    5   11    7
 -0.003399780822795153   12    5   11    8
 -0.00799414680077835   12    5   11    9
 5.0645270110503e-05   12    5   11   10
 0.0001424528560635034   12    5   11   11
 -0.004788655472950314   12    5   12    1
 0.01280239562217295   12    5   12    2
 -0.005469426500894308   12    5   12    3
 -0.01246591910583128   12    5   12    4
 0.02655586435752741   12    5   12    5
 0.002166226684297657   12    6    1    1
 -6.252033259880521e-06   12    6    2    1
 -0.003160022527312188   12    6    2    2
 -1.388444407258163e-05   12    6    3    1
 0.0003006814239456659   12    6    3    2
 0.0001207316205020213   12    6    3    3
 -5.500372893710072e-05   12    6    4    1
 -0.0004965810794632794   12    6    4    2
 -0.0003931926227915508   12    6    4    3
 -0.0003539891750967037   12    6    4    4
 1.669748069058897e-05   12    6    5    1
 -2.093682271484574e-05   12    6    5    2
 -0.0006462857011567965   12    6    5    3
 -0.0001103377637428641   12    6    5    4
 -0.00248625038131192   12    6    5    5
 3.178516909647835e-05   12    6    6    1
 0.0006433264493595246   12    6    6    2
 -0.0004101033341431795   12    6    6    3
 -0.001123636637139469   12    6    6    4
 0.001383455057524746   12    6    6    5
 -0.0005170681989707868   12    6    6    6
 0.001083996445474495   12    6    7    1
 0.005187242398504613   12    6    7    2
 0.009228041573356638   12    6    7    3
 -0.006422287969469749   12    6    7    4
 0.002949557908319675   12    6    7    5
 0.005748699739338002   12    6    7    6
 0.0001371520334635969   12    6    7    7
 0.001228701767206085   12    6    8    1
 0.002247008259200817   12    6    8    2
 0.009592979139895876   12    6    8    3
 -0.003709092762001629   12    6    8    4
 0.0001940089734679151   12    6    8    5
 0.001809495356989407   12    6    8    6
 -0.0001492407836777528   12    6    8    7
 0.00258453974078342   12    6    8    8
 -0.001274742884738973   12    6    9    1
 -0.002015140827696401   12    6    9    2
 -0.008682073501071943   12    6    9    3
 0.003102022472113603   12    6    9    4
 -0.001270613738412992   12    6    9    5
 0.0003446346929899647   12    6    9    6
 0.005875411630903192   12    6    9    7
 0.0003767501439652842   12    6    9    8
 -0.0004313898097481578   12    6    9    9
 7.644934123615626e-05   12    6   10    1
 -0.0004670940837881168   12    6   10    2
 0.0001531843723921019   12    6   10    3
 0.0005745853680884726   12    6   10    4
 -0.001145902707616807   12    6   10    5
 0.0003695050867103856   12    6   10    6
 -0.003991491024618233   12    6   10    7
 -0.002789662243576137   12    6   10    8
 0.00169800314969109   12    6   10    9
 0.00138300101520177   12    6   10   10
 -0.003429105210358187   12    6   11    1
 -0.003157199185300869   12    6   11    2
 -0.01756312003583533   12    6   11    3
 -0.001867468533190152   12    6   11    4
 0.004366183723817093   12    6   11    5
 -3.919608536542511e-05   12    6   11    6
 0.0006816222433666075   12    6   11    7
 -0.005424456343903558   12    6   11    8
 -0.002194917580176218   12    6   11    9
 0.006188107547090159   12    6   11   10
 -0.001986963863248193   12    6   11   11
 -0.003132673082224444   12    6   12    1
 0.007777123375311912   12    6   12    2
 -0.003859110024863087   12    6   12    3
 -0.008274791646455937   12    6   12    4
 0.01131505319683682   12    6   12    5
 0.01885048665728013   12    6   12    6
 -0.06609920243716577   12    7    1    1
 0.0001190799932560806   12    7    2    1
 0.0318297624906879   12    7    2    2
 0.001849064668085252   12    7    3    1
 0.00597322586617296   12    7    3    2
 0.004515105390548646   12    7    3    3
 -2.317005634020428e-05   12    7    4    1
 -0.01772250908996125   12    7    4    2
 -0.004737100588768117   12    7    4    3
 0.007467733083954629   12    7    4    4
 -0.0002677703277236525   12    7    5    1
 0.02479438173618539   12    7    5    2
 0.01786116728078701   12    7    5    3
 -0.008257553974491778   12    7    5    4
 0.01824142623189727   12    7    5    5
 0.0001148022337294508   12    7    6    1
 -0.001439134554854157   12    7    6    2
 0.01845360172147154   12    7    6    3
 -0.02334045997219136   12    7    6    4
 -0.001417271555036535   12    7    6    5
 0.03352025367994429   12    7    6    6
 0.0004209057519873872   12    7    7    1
 -0.006133725702171745   12    7    7    2
 0.004168405874684809   12    7    7    3
 0.004774059145112457   12    7    7    4
 -0.007542522594061165   12    7    7    5
 -0.005909130402682707   12    7    7    6
 0.01767864200156733   12    7    7    7
 -0.0004143536846409965   12    7    8    1
 0.004954709553080366   12    7    8    2
 -0.02269839394753488   12    7    8    3
 -0.01252479641023106   12    7    8    4
 0.009349534967092021   12    7    8    5
 0.01064403942257054   12    7    8    6
 0.00876806701685647   12    7    8    7
 0.01105641816439422   12    7    8    8
 -0.0007266144824683874   12    7    9    1
 0.005226661833365478   12    7    9    2
 -0.01553564896410287   12    7    9    3
 -0.006589822326042452   12    7    9    4
 0.008233288617932405   12    7    9    5
 0.008323525513663279   12    7    9    6
 -0.01227780494498118   12    7    9    7
 -0.004585808353841744   12    7    9    8
 0.003756002748407248   12    7    9    9
 0.000143073346162897   12    7   10    1
 -0.0009777374358029742   12    7   10    2
 0.0009562769417316002   12    7   10    3
 0.01098918679253302   12    7   10    4
 -0.001092250257842198   12    7   10    5
 -0.02053326380422362   12    7   10    6
 0.004327233740973809   12    7   10    7
 -0.00770457364203443   12    7   10    8
 -0.004490536489243815   12    7   10    9
 -0.01591968761652357   12    7   10   10
 -0.0008292688561807654   12    7   11    1
 9.096707411725443e-05   12    7   11    2
 -0.00214725248472503   12    7   11    3
 -0.001640638207964327   12    7   11    4
 0.002721340470617234   12    7   11    5
 0.002512574635914226   12    7   11    6
 -0.006640687517581688   12    7   11    7
 -0.006738712479122005   12    7   11    8
 0.00291036427456657   12    7   11    9
 -0.001643781428775846   12    7   11   10
 -0.02056622353387657   12    7   11   11
 -0.0006018772973045838   12    7   12    1
 -0.003915801899273689   12    7   12    2
 -0.004918725574081481   12    7   12    3
 0.001570726504344961   12    7   12    4
 -0.003163798072301723   12    7   12    5
 -0.00269474650161261   12    7   12    6
 0.04607634782263848   12    7   12    7
 -0.09733576217587461   12    8    1    1
 0.0001157135552362823   12    8    2    1
 0.01170404644408431   12    8    2    2
 0.001916739906933325   12    8    3    1
 0.003828298432990588   12    8    3    2
 -0.02407282910099615   12    8    3    3
 5.913598178681487e-05   12    8    4    1
 -0.01619152514038349   12    8    4    2
 -0.004048161087750521   12    8    4    3
 -0.004852721046396432   12    8    4    4
 -0.0004675689346797166   12    8    5    1
 0.01766318340802012   12    8    5    2
 0.01789307757083456   12    8    5    3
 -0.006555620997717727   12    8    5    4
 -0.0007140930919251273   12    8    5    5
 4.197492002530253e-05   12    8    6    1
 -0.0006105262993867323   12    8    6    2
 0.01761072729521381   12    8    6    3
 -0.02022498609908967   12    8    6    4
 8.446815436578906e-05   12    8    6    5
 0.01461136459271261   12    8    6    6
 -0.001338954957040461   12    8    7    1
 -0.005436592344635221   12    8    7    2
 -0.006251543660938347   12    8    7    3
 -0.0008440629912542252   12    8    7    4
 -0.004141719211870483   12    8    7    5
 -0.002644323804657203   12    8    7    6
 0.01926949838729974   12    8    7    7
 -0.00190935167525275   12    8    8    1
 0.003648968613194672   12    8    8    2
 -0.02799635332937809   12    8    8    3
 -0.01334743038817087   12    8    8    4
 0.01503143567549617   12    8    8    5
 0.01668871004788298   12    8    8    6
 0.0003068883630177322   12    8    8    7
 -0.01743730231770166   12    8    8    8
 0.001461929171343243   12    8    9    1
 0.005847138017807107   12    8    9    2
 -0.003587480812497071   12    8    9    3
 -0.005353708656329422   12    8    9    4
 0.006404429331544982   12    8    9    5
 0.008388014558068145   12    8    9    6
 0.008298602089577813   12    8    9    7
 -0.008325338499233214   12    8    9    8
 0.0008416417470371692   12    8    9    9
 0.0003653000987559566   12    8   10    1
 -0.001458290212136543   12    8   10    2
 0.001579833021139757   12    8   10    3
 0.01205661106092926   12    8   10    4
 -0.001697061298656154   12    8   10    5
 -0.0254190714211322   12    8   10    6
 0.004724929138747992   12    8   10    7
 -0.01133216394077836   12    8   10    8
 -0.002063291374373414   12    8   10    9
 -0.03658094169431535   12    8   10   10
 0.004442520264965198   12    8   11    1
 -0.001177984889456203   12    8   11    2
 0.02021928891232968   12    8   11    3
 -0.002103005673110737   12    8   11    4
 -0.008063263595644556   12    8   11    5
 -0.004287418404885916   12    8   11    6
 -0.003489859919238991   12    8   11    7
 0.007124551598545051   12    8   11    8
 0.008667341851673831   12    8   11    9
 0.000644121024310956   12    8   11   10
 -0.04126119465609695   12    8   11   11
 0.004173772479153906   12    8   12    1
 -0.001455581371770134   12    8   12    2
 0.008409537973241359   12    8   12    3
 0.001130453266091488   12    8   12    4
 -0.01057233223545826   12    8   12    5
 -0.005913929639586737   12    8   12    6
 0.0310816184769097   12    8   12    7
 0.04647136526225243   12    8   12    8
 0.1021020034969579   12    9    1    1
 -0.0001237684137439652   12    9    2    1
 -0.0006341044287695914   12    9    2    2
 -0.002067472920918247   12    9    3    1
 -0.004675331448063493   12    9    3    2
 0.02783813132563062   12    9    3    3
 4.225384461118717e-05   12    9    4    1
 0.02036843156673439   12    9    4    2
 0.004678259854182036   12    9    4    3
 0.01977433412856234   12    9    4    4
 0.0003952746087766606   12    9    5    1
 -0.0181632846291828   12    9    5    2
 -0.01691847151594415   12    9    5    3
 0.00763368734460861   12    9    5    4
 0.01253537301467432   12    9    5    5
 -2.578140361393678e-05   12    9    6    1
 -0.0001525846188830544   12    9    6    2
 -0.01827014238990926   12    9    6    3
 0.02540868267545092   12    9    6    4
 -0.003158284714944535   12    9    6    5
 -0.008090051980213878   12    9    6    6
 -0.0011323019711382   12    9    7    1
 0.002547184626494004   12    9    7    2
 -0.007602879071739248   12    9    7    3
 -0.001467490442239881   12    9    7    4
 0.007590336797055168   12    9    7    5
 0.006441153619682945   12    9    7    6
 -0.02049410793416885   12    9    7    7
 -0.0006468190920296947   12    9    8    1
 -0.004084537167534235   12    9    8    2
 0.01346957040623697   12    9    8    3
 0.01251437976226703   12    9    8    4
 -0.01068251531883269   12    9    8    5
 -0.01373392363423561   12    9    8    6
 0.002918100330909834   12    9    8    7
 0.01471231603190824   12    9    8    8
 0.001465498997268072   12    9    9    1
 -0.005408337351185039   12    9    9    2
 0.01950949775033423   12    9    9    3
 0.009412509983757285   12    9    9    4
 -0.007838195543191415   12    9    9    5
 -0.01140548735827522   12    9    9    6
 -0.01912709248810492   12    9    9    7
 0.00847300565998926   12    9    9    8
 0.009243592357528641   12    9    9    9
 -0.0001953852067959355   12    9   10    1
 0.002857150690828422   12    9   10    2
 -0.001159001016830658   12    9   10    3
 -0.01255371852032232   12    9   10    4
 0.004237974207696161   12    9   10    5
 0.02435278790982755   12    9   10    6
 -0.007607845237943671   12    9   10    7
 0.01127266755787297   12    9   10    8
 0.003452298951659987   12    9   10    9
 0.04084205561152366   12    9   10   10
 0.003194268588987809   12    9   11    1
 0.002196839708447862   12    9   11    2
 0.0126662071201413   12    9   11    3
 0.002196638576050863   12    9   11    4
 -0.007437720925862131   12    9   11    5
 -0.00516570875220182   12    9   11    6
 0.003644362478360358   12    9   11    7
 0.01263909380357212   12    9   11    8
 -0.004461931017528948   12    9   11    9
 0.0004793088696459225   12    9   11   10
 0.05613682931853166   12    9   11   11
 0.002769405962135432   12    9   12    1
 0.0005559095687440052   12    9   12    2
 0.009215207214151049   12    9   12    3
 0.0003380918562635079   12    9   12    4
 -0.003260114489108854   12    9   12    5
 -0.003147049514068741   12    9   12    6
 -0.03706738662138043   12    9   12    7
 -0.02491628770193912   12    9   12    8
 0.04454147924297761   12    9   12    9
 0.01001039665833137   12   10    1    1
 -5.628417813921365e-06   12   10    2    1
 0.003684823355517253   12   10    2    2
 -0.0001372522737656983   12   10    3    1
 -5.328931715535321e-05   12   10    3    2
 0.005374142845594618   12   10    3    3
 -4.543714444131219e-05   12   10    4    1
 0.001414349955131381   12   10    4    2
 8.631449151297626e-05   12   10    4    3
 0.002729038105504586   12   10    4    4
 1.923373622287352e-05   12   10    5    1
 0.000236789881930266   12   10    5    2
 -0.0009446091711763815   12   10    5    3
 0.0005718785848210911   12   10    5    4
 0.004323703717209527   12   10    5    5
 0.000174205071804911   12   10    6    1
 -0.0007311925207202488   12   10    6    2
 -0.0001980068284709402   12   10    6    3
 0.002051529774859325   12   10    6    4
 -0.001530375405780973   12   10    6    5
 0.001545737055725793   12   10    6    6
 3.056366182442499e-05   12   10    7    1
 -0.002896365953977659   12   10    7    2
 -0.0006355706402250679   12   10    7    3
 0.002307274162268678   12   10    7    4
 -0.0009750569233114725   12   10    7    5
 -0.003860497703692714   12   10    7    6
 -0.0002986553858772669   12   10    7    7
 6.294831919280621e-05   12   10    8    1
 -0.00175109129183664   12   10    8    2
 -8.050882076661187e-05   12   10    8    3
 0.002064693216963212   12   10    8    4
 -0.001545001421787962   12   10    8    5
 -0.004703130933118588   12   10    8    6
 0.000750872544765768   12   10    8    7
 0.001575888462805987   12   10    8    8
 -8.070101838376907e-05   12   10    9    1
 0.001557788740264079   12   10    9    2
 0.0006975103307790971   12   10    9    3
 7.524864870552606e-05   12   10    9    4
 0.0003751744574734373   12   10    9    5
 0.001452325715974488   12   10    9    6
 -0.005922787053066542   12   10    9    7
 0.001633633045330546   12   10    9    8
 0.00125701286084042   12   10    9    9
 0.0004030301413091818   12   10   10    1
 0.0009202064692968728   12   10   10    2
 0.001460986861348339   12   10   10    3
 -0.0009838410356274925   12   10   10    4
 0.0002843375573611418   12   10   10    5
 0.002325513759018248   12   10   10    6
 -0.005328881466081497   12   10   10    7
 -0.004190173628002961   12   10   10    8
 0.006690408772784571   12   10   10    9
 0.005391867150835959   12   10   10   10
 -0.0001485636923766352   12   10   11    1
 -0.001616801837139336   12   10   11    2
 0.0006408781447923627   12   10   11    3
 -0.002856881209470516   12   10   11    4
 -0.001769201627558899   12   10   11    5
 0.007282161566108318   12   10   11    6
 -0.001235229204385453   12   10   11    7
 0.001593742642977703   12   10   11    8
 -0.0004829531135286051   12   10   11    9
 0.01394789156568503   12   10   11   10
 0.006208892368184475   12   10   11   11
 -0.0001304727984754413   12   10   12    1
 -0.001648442058986187   12   10   12    2
 -0.001693426330622595   12   10   12    3
 0.00204531931556893   12   10   12    4
 -0.002926341336449433   12   10   12    5
 0.0006039179577224922   12   10   12    6
 -0.0005020685531663752   12   10   12    7
 -0.0007722534231791332   12   10   12    8
 0.00133278126109442   12   10   12    9
 0.01415268000161078   12   10   12   10
 0.3231688799155363   12   11    1    1
 -0.0002958965389615871   12   11    2    1
 -0.08439007591210416   12   11    2    2
 -0.005189566976230545   12   11    3    1
 0.01699301219544042   12   11    3    2
 0.1395802321774688   12   11    3    3
 -0.000182050774486085   12   11    4    1
 -0.01079609524146731   12   11    4    2
 0.008695399714576054   12   11    4    3
 -0.07602819691909712   12   11    4    4
 0.001338724343014907   12   11    5    1
 0.001423202636291114   12   11    5    2
 -0.05975693506793471   12   11    5    3
 -0.002663961973062656   12   11    5    4
 -0.04495567961777986   12   11    5    5
 0.0006155702867107033   12   11    6    1
 0.006397501090368098   12   11    6    2
 -0.02446483134411482   12   11    6    3
 -0.03181405838599685   12   11    6    4
 0.03167919857404779   12   11    6    5
 0.0003135054637763686   12   11    6    6
 -0.000226436154208191   12   11    7    1
 0.01385028429114969   12   11    7    2
 -0.005795122041335424   12   11    7    3
 -0.00585965574035068   12   11    7    4
 0.01093136594204633   12   11    7    5
 0.003842276862212193   12   11    7    6
 -0.01047440112171807   12   11    7    7
 2.911760539907551e-05   12   11    8    1
 -0.01425439377155151   12   11    8    2
 0.02891009749750043   12   11    8    3
 0.002667168371315479   12   11    8    4
 -0.05863822120390689   12   11    8    5
 -0.03418112465459792   12   11    8    6
 -0.02413899148118701   12   11    8    7
 0.06965826034033017   12   11    8    8
 0.0001224083102971621   12   11    9    1
 0.002711859700326486   12   11    9    2
 0.01831402820942538   12   11    9    3
 0.003191105025086247   12   11    9    4
 -0.04343624343376875   12   11    9    5
 -0.02772066352515686   12   11    9    6
 -0.0035648471689893   12   11    9    7
 0.05745660879975917   12   11    9    8
 0.01293740397259483   12   11    9    9
 0.0002473128807851096   12   11   10    1
 -0.008125271617771233   12   11   10    2
 0.0009281649396857436   12   11   10    3
 -0.01793464649487763   12   11   10    4
 -0.02995266705810848   12   11   10    5
 0.07586359169414283   12   11   10    6
 -0.01104626245030078   12   11   10    7
 0.01817638099912394   12   11   10    8
 0.001382863756917204   12   11   10    9
 0.1420303541692568   12   11   10   10
 0.0003643445448648083   12   11   11    1
 -0.00149476936700307   12   11   11    2
 0.0001437637493746312   12   11   11    3
 0.001356866536577102   12   11   11    4
 -0.004323220529526441   12   11   11    5
 -0.00175749341510136   12   11   11    6
 -0.06736619384432671   12   11   11    7
 -0.06561508295888228   12   11   11    8
 0.0867286541476323   12   11   11    9
 0.003577381532247144   12   11   11   10
 0.04241620646697898   12   11   11   11
 9.283006495893357e-05   12   11   12    1
 0.00180451493271967   12   11   12    2
 0.003674140338998647   12   11   12    3
 0.002181354192524342   12   11   12    4
 -0.001922564269410577   12   11   12    5
 0.002789019202008069   12   11   12    6
 -0.02928684308913693   12   11   12    7
 -0.02927365039699615   12   11   12    8
 0.02554981871955292   12   11   12    9
 0.0007489710562398335   12   11   12   10
 0.1290007075055045   12   11   12   11
 0.6123328296267581   12   12    1    1
 -0.0001038257484172423   12   12    2    1
 0.387995683952969   12   12    2    2
 -0.003794688810697739   12   12    3    1
 0.02584854791725861   12   12    3    2
 0.512270958935847   12   12    3    3
 -0.0003658099703423869   12   12    4    1
 -0.01730088980111582   12   12    4    2
 -0.001908480056727258   12   12    4    3
 0.3347906848235919   12   12    4    4
 0.002165775426510867   12   12    5    1
 0.07149587859692542   12   12    5    2
 -0.01362102227258756   12   12    5    3
 -0.01354756363114609   12   12    5    4
 0.392794679730436   12   12    5    5
 0.001734364059863673   12   12    6    1
 -0.01312705884247384   12   12    6    2
 0.009038244584970444   12   12    6    3
 -0.04950232242133177   12   12    6    4
 -0.003706832165146534   12   12    6    5
 0.4215723376953676   12   12    6    6
 0.0004459313706178249   12   12    7    1
 -0.02027010095440369   12   12    7    2
 0.00761367667310615   12   12    7    3
 0.01115312014932666   12   12    7    4
 0.002958173969383326   12   12    7    5
 -0.004831098657164039   12   12    7    6
 0.3313948534495416   12   12    7    7
 -0.003365013085516823   12   12    8    1
 0.008679863573317331   12   12    8    2
 -0.03683581731433104   12   12    8    3
 -0.01595728485150954   12   12    8    4
 -0.02874855777060523   12   12    8    5
 -0.02011395654381267   12   12    8    6
 0.03205989048923812   12   12    8    7
 0.4554640618519497   12   12    8    8
 -0.001943450766763118   12   12    9    1
 -0.00263143005523091   12   12    9    2
 -0.01657941814455265   12   12    9    3
 9.182795993338929e-05   12   12    9    4
 -0.0159855156861538   12   12    9    5
 -0.01891540829452383   12   12    9    6
 -0.1037997717568631   12   12    9    7
 0.0279033979457985   12   12    9    8
 0.3737246009496621   12   12    9    9
 0.0001465864670928853   12   12   10    1
 0.007413759555051917   12   12   10    2
 0.0004239455931807398   12   12   10    3
 0.001238608573014823   12   12   10    4
 -0.007129999467632949   12   12   10    5
 0.03382638266287628   12   12   10    6
 -0.01163527863037341   12   12   10    7
 0.01036404449094275   12   12   10    8
 -0.003224632718946132   12   12   10    9
 0.4578096032733589   12   12   10   10
 0.0004067404139506573   12   12   11    1
 0.001445453726700902   12   12   11    2
 0.002367395806969255   12   12   11    3
 0.00248769366815344   12   12   11    4
 -0.002765779892016322   12   12   11    5
 0.001033716654271263   12   12   11    6
 -0.04788926895308113   12   12   11    7
 -0.03622680788380835   12   12   11    8
 0.04066325659419314   12   12   11    9
 0.001434205975149206   12   12   11   10
 0.4450753732253698   12   12   11   11
 0.0004880188476174939   12   12   12    1
 -0.003928149645550856   12   12   12    2
 -0.0007247704182073112   12   12   12    3
 0.0001816763715058387   12   12   12    4
 -0.00859060048156777   12   12   12    5
 -0.005796984727874503   12   12   12    6
 0.05283045927694148   12   12   12    7
 0.02072930418995728   12   12   12    8
 -0.01339224482592952   12   12   12    9
 0.004820187503020181   12   12   12   10
 0.02870320527121662   12   12   12   11
 0.5267944870168009   12   12   12   12
 0.006421767516938219   13    1    1    1
 1.316146344866706e-05   13    1    2    1
 0.0002955250655137176   13    1    2    2
 -0.0006834611851914166   13    1    3    1
 0.0001434698643735316   13    1    3    2
 0.0007048790158971967   13    1    3    3
 0.0001657705220362775   13    1    4    1
 7.65785821419469e-05   13    1    4    2
 0.0003653061999291597   13    1    4    3
 0.000302297547792037   13    1    4    4
 0.0007396168044768223   13    1    5    1
 0.0001381380273391542   13    1    5    2
 0.0004905534920855489   13    1    5    3
 -5.208450504337157e-06   13    1    5    4
 -3.717791415900014e-06   13    1    5    5
 -0.0005898958632253917   13    1    6    1
 -0.0001622442035714117   13    1    6    2
 -0.001164234368291444   13    1    6    3
 -2.857614975136725e-05   13    1    6    4
 0.000132182839805684   13    1    6    5
 0.000527350076661226   13    1    6    6
 0.0002558356317943386   13    1    7    1
 -4.405909478652455e-05   13    1    7    2
 0.0002604823496942049   13    1    7    3
 3.590168138718387e-05   13    1    7    4
 -0.0001045344370825339   13    1    7    5
 -2.329501930126331e-05   13    1    7    6
 1.764684484161687e-05   13    1    7    7
 -0.001284489928202567   13    1    8    1
 -3.372050936342527e-05   13    1    8    2
 -0.001215859876829831   13    1    8    3
 -7.735959049997068e-07   13    1    8    4
 0.0005223472110307111   13    1    8    5
 4.137954827363093e-06   13    1    8    6
 0.0002158335325640649   13    1    8    7
 -0.0004198918128242677   13    1    8    8
 -0.0004775904034603801   13    1    9    1
 -2.279099907133648e-05   13    1    9    2
 -0.0003093417525164384   13    1    9    3
 5.206358100677438e-05   13    1    9    4
 0.0002051366351431126   13    1    9    5
 -0.0001084785689030632   13    1    9    6
 -0.0001212207114124612   13    1    9    7
 -0.0003101515360229751   13    1    9    8
 3.274456849830422e-05   13    1    9    9
 -0.00293033742047766   13    1   10    1
 -9.988140037068844e-05   13    1   10    2
 -0.003297511176626222   13    1   10    3
 -0.000235660500358822   13    1   10    4
 0.001300019597643747   13    1   10    5
 0.0008600024770561834   13    1   10    6
 0.0001514035470378719   13    1   10    7
 -0.001018103648116941   13    1   10    8
 -0.0007152578127741088   13    1   10    9
 0.0002932741814585461   13    1   10   10
 0.0002704917176419507   13    1   11    1
 7.738826386479095e-06   13    1   11    2
 0.0003253318340710513   13    1   11    3
 1.546688856800165e-05   13    1   11    4
 -0.0001172102003805153   13    1   11    5
 -7.337956199777369e-05   13    1   11    6
 -2.060935200625909e-05   13    1   11    7
 0.000103333108041183   13    1   11    8
 4.338916145183214e-05   13    1   11    9
 -1.33688587328615e-05   13    1   11   10
 0.0002689489920922096   13    1   11   11
 0.0002729298817506763   13    1   12    1
 -6.142397120639752e-06   13    1   12    2
 0.0002863790694389902   13    1   12    3
 3.411291440229317e-05   13    1   12    4
 -0.0001354306099116224   13    1   12    5
 -0.000111083776736677   13    1   12    6
 1.530082191972847e-05   13    1   12    7
 0.0001132924955118584   13    1   12    8
 7.719965144765792e-05   13    1   12    9
 -5.326177362355444e-05   13    1   12   10
 -2.701530101756312e-05   13    1   12   11
 0.0002438389931055486   13    1   12   12
 0.0004735878885570576   13    1   13    1
 0.00465518652466902   13    2    1    1
 2.463026611515739e-05   13    2    2    1
 0.02072036495472215   13    2    2    2
 2.241586117913338e-06   13    2    3    1
 -0.001798382494386799   13    2    3    2
 0.006640973817221043   13    2    3    3
 -3.82511617189252e-05   13    2    4    1
 -0.01545368385199323   13    2    4    2
 -0.001832841659586593   13    2    4    3
 0.0009371347339714683   13    2    4    4
 2.758964702051002e-05   13    2    5    1
 0.0055524723423242   13    2    5    2
 -0.001312890686806189   13    2    5    3
 -0.01340146000099194   13    2    5    4
 0.00308993000137139   13    2    5    5
 8.169535819944407e-05   13    2    6    1
 -0.0003194344511357608   13    2    6    2
 0.005963973683236452   13    2    6    3
 -0.007699385088652212   13    2    6    4
 0.003199235757829408   13    2    6    5
 0.01563215575621758   13    2    6    6
 1.059549244581444e-06   13    2    7    1
 -0.003511205131794351   13    2    7    2
 0.0006717045416944591   13    2    7    3
 0.002167243243235483   13    2    7    4
 -0.002021425108877051   13    2    7    5
 -0.0006737251019967611   13    2    7    6
 0.009323500495222866   13    2    7    7
 -3.922602866504553e-05   13    2    8    1
 0.007871883167233171   13    2    8    2
 -0.001236165284189426   13    2    8    3
 -0.008522487594284433   13    2    8    4
 0.003845708739297971   13    2    8    5
 0.001347248722607521   13    2    8    6
 0.001789278760823416   13    2    8    7
 0.01032613552079471   13    2    8    8
 -4.607396957527547e-05   13    2    9    1
 0.001612136442431153   13    2    9    2
 -0.001348833652940819   13    2    9    3
 -0.003950490430726748   13    2    9    4
 0.001221107210912629   13    2    9    5
 0.0009345251476279115   13    2    9    6
 -0.00555075509968491   13    2    9    7
 -0.0002580373789010884   13    2    9    8
 0.007288979926954837   13    2    9    9
 0.0001844185438335829   13    2   10    1
 -0.0004848501850882657   13    2   10    2
 0.001136204362830148   13    2   10    3
 0.0009037910361186631   13    2   10    4
 -0.004596231967232773   13    2   10    5
 -0.004169525173216776   13    2   10    6
 0.0004937546207245632   13    2   10    7
 -0.002580745751800604   13    2   10    8
 -0.001929773470021951   13    2   10    9
 0.004858531974387497   13    2   10   10
 -2.303717362939969e-05   13    2   11    1
 0.0007534462593282896   13    2   11    2
 -0.0005817663845997926   13    2   11    3
 4.609207922746325e-05   13    2   11    4
 -0.0005197765734079763   13    2   11    5
 -2.815949564673894e-05   13    2   11    6
 -0.00282728811619268   13    2   11    7
 -0.001772386183185025   13    2   11    8
 0.001896433197890105   13    2   11    9
 1.818359413852197e-05   13    2   11   10
 0.005021717651302449   13    2   11   11
 -1.839024420715646e-05   13    2   12    1
 0.0001008045725069154   13    2   12    2
 0.000457917327478545   13    2   12    3
 -0.0009747745073801589   13    2   12    4
 0.000762354536986204   13    2   12    5
 -0.0002999662640293113   13    2   12    6
 0.01066024762484965   13    2   12    7
 0.006842006936453453   13    2   12    8
 -0.007419150842644126   13    2   12    9
 0.0001150512038509237   13    2   12   10
 -0.004113021049388786   13    2   12   11
 0.02352692903085561   13    2   12   12
 -2.676453829518582e-06   13    2   13    1
 0.02085814370922084   13    2   13    2
 -0.003992219989400742   13    3    1    1
 3.937628160867048e-05   13    3    2    1
 -0.004711649980134406   13    3    2    2
 0.0002522278792740154   13    3    3    1
 0.0001957848032924833   13    3    3    2
 0.0005394717943376835   13    3    3    3
 0.0001992516526153986   13    3    4    1
 -0.002510049404845677   13    3    4    2
 -0.001151411150310756   13    3    4    3
 -0.005189590914571402   13    3    4    4
 0.0002685253088142062   13    3    5    1
 -0.003465032597882094   13    3    5    2
 0.0005457921699325289   13    3    5    3
 -0.00272041373308574   13    3    5    4
 -0.006763114508550548   13    3    5    5
 -0.0007319244239394119   13    3    6    1
 0.003435019086760719   13    3    6    2
 0.001892284571827689   13    3    6    3
 -0.00492310969835797   13    3    6    4
 0.00440998239001023   13    3    6    5
 0.003421638895590477   13    3    6    6
 0.0001567142273872772   13    3    7    1
 0.000706096759756324   13    3    7    2
 0.0005273345482928747   13    3    7    3
 -0.0002545404736502205   13    3    7    4
 -0.0001699142193414962   13    3    7    5
 -0.0003634420314648422   13    3    7    6
 -0.0008463319467986482   13    3    7    7
 -0.0007452293339685833   13    3    8    1
 -0.0002643207764002702   13    3    8    2
 -0.002444288234647333   13    3    8    3
 -0.0007444870617847878   13    3    8    4
 0.00185140688429403   13    3    8    5
 -0.0005502600709642051   13    3    8    6
 0.0004046919778500421   13    3    8    7
 -0.004230747079121971   13    3    8    8
 -0.0001721233296580529   13    3    9    1
 -2.321825880287597e-05   13    3    9    2
 -0.001207026869475487   13    3    9    3
 -0.0001953045234032099   13    3    9    4
 0.0003371095538263602   13    3    9    5
 -0.001080960725269155   13    3    9    6
 0.0006308466436841743   13    3    9    7
 -0.0001868360619047284   13    3    9    8
 -0.002670897811246768   13    3    9    9
 -0.002421886889839668   13    3   10    1
 -0.002155757214926576   13    3   10    2
 -0.006932759688535606   13    3   10    3
 2.218077660305484e-05   13    3   10    4
 0.001265622004766072   13    3   10    5
 0.002199478365011888   13    3   10    6
 0.0009952873803912279   13    3   10    7
 -0.004162218721648316   13    3   10    8
 -0.002683310544047915   13    3   10    9
 -0.002096450493241062   13    3   10   10
 0.0002317686667968411   13    3   11    1
 -0.0001991692291582317   13    3   11    2
 0.0005554799498885661   13    3   11    3
 0.0001067472808811806   13    3   11    4
 -0.0004049791626209093   13    3   11    5
 -0.0001709648075094947   13    3   11    6
 -0.003140008613671354   13    3   11    7
 -0.002364503331004005   13    3   11    8
 0.003759102222141156   13    3   11    9
 1.649779535800211e-07   13    3   11   10
 -0.004774061218737345   13    3   11   11
 0.0002386474739128611   13    3   12    1
 0.0004152162069420674   13    3   12    2
 0.001000407807020727   13    3   12    3
 -0.0002143849368754336   13    3   12    4
 -7.001085895550453e-05   13    3   12    5
 -0.0002422297552980484   13    3   12    6
 0.00370740017504058   13    3   12    7
 0.002883398526876255   13    3   12    8
 -0.003016651491506721   13    3   12    9
 -0.000224131184968707   13    3   12   10
 6.358780451042791e-05   13    3   12   11
 0.00282656806788503   13    3   12   12
 0.0003556843878879366   13    3   13    1
 0.0006915215784958021   13    3   13    2
 0.003744986747755539   13    3   13    3
 -0.02430921036867033   13    4    1    1
 -4.001567946967931e-05   13    4    2    1
 -0.06650843299430685   13    4    2    2
 -0.0002324443964242803   13    4    3    1
 -0.001724280382298739   13    4    3    2
 -0.03847605265614062   13    4    3    3
 4.219190669828992e-05   13    4    4    1
 0.002042216316440888   13    4    4    2
 -3.541315452326692e-05   13    4    4    3
 -0.02917620287739604   13    4    4    4
 -0.0001330642355015926   13    4    5    1
 -0.02652648522481951   13    4    5    2
 -0.007703146074986721   13    4    5    3
 -0.003854721362206949   13    4    5    4
 -0.0590917966022572   13    4    5    5
 -0.0002283040370217856   13    4    6    1
 0.01178724265076057   13    4    6    2
 -0.005181626177351949   13    4    6    3
 0.01195226153317378   13    4    6    4
 0.01289922182773919   13    4    6    5
 -0.03683019784995435   13    4    6    6
 -0.0001248990728153359   13    4    7    1
 0.005230843628410538   13    4    7    2
 -0.003550814658091122   13    4    7    3
 -0.004181183002245219   13    4    7    4
 0.001796164799161423   13    4    7    5
 0.0005424597092420861   13    4    7    6
 -0.02091297207106559   13    4    7    7
 0.0004952321737384548   13    4    8    1
 -0.009028645653796583   13    4    8    2
 0.01094389171313696   13    4    8    3
 0.005154590288278087   13    4    8    4
 -0.007706106639647894   13    4    8    5
 0.00337720617603319   13    4    8    6
 -0.01370991854237823   13    4    8    7
 -0.041330437567014   13    4    8    8
 0.0003608237836448201   13    4    9    1
 -0.001039562330709344   13    4    9    2
 0.007104616554882287   13    4    9    3
 0.0007164880379599065   13    4    9    4
 -0.003334647993073339   13    4    9    5
 0.003149213294855846   13    4    9    6
 0.02985690527761061   13    4    9    7
 0.00524082566490442   13    4    9    8
 -0.03055061461192755   13    4    9    9
 -0.0001063809839517604   13    4   10    1
 -0.008944091811259606   13    4   10    2
 -0.0005410536206359637   13    4   10    3
 -0.006141289432063604   13    4   10    4
 -0.009279883336241185   13    4   10    5
 0.002194202759065172   13    4   10    6
 0.002114953191623715   13    4   10    7
 -0.003543609804427517   13    4   10    8
 -0.001461105832010009   13    4   10    9
 -0.02486056043948693   13    4   10   10
 8.570111607587283e-05   13    4   11    1
 -0.0007316294095724083   13    4   11    2
 0.000718896247947353   13    4   11    3
 -0.001915123965386763   13    4   11    4
 -0.0006206076008053838   13    4   11    5
 -0.000242290138874849   13    4   11    6
 -0.004740137233604811   13    4   11    7
 -0.008227929726973717   13    4   11    8
 0.01174915869086601   13    4   11    9
 9.364111027690042e-05   13    4   11   10
 -0.04820771706970704   13    4   11   11
 2.572109017087462e-05   13    4   12    1
 -0.0005190485422761913   13    4   12    2
 4.654262320808366e-05   13    4   12    3
 0.002117998059376849   13    4   12    4
 -0.0004856219483012369   13    4   12    5
 0.001916430925928565   13    4   12    6
 -0.0152981286466106   13    4   12    7
 -0.006544116672407257   13    4   12    8
 0.004919488570932933   13    4   12    9
 -0.001648752251007917   13    4   12   10
 0.01824217107217462   13    4   12   11
 -0.06142876776765087   13    4   12   12
 -3.993373807281876e-05   13    4   13    1
 -0.007013271375102324   13    4   13    2
 0.0002017186952209592   13    4   13    3
 0.0463738147792208   13    4   13    4
 0.006812347129522016   13    5    1    1
 -2.877339333721114e-05   13    5    2    1
 -0.007137280295499208   13    5    2    2
 -0.0003696191069646022   13    5    3    1
 -0.003120448202554994   13    5    3    2
 -0.001422094081878649   13    5    3    3
 -0.0001540572206079291   13    5    4    1
 -0.01962901870524396   13    5    4    2
 -0.002458699975218481   13    5    4    3
 -0.03163060580470104   13    5    4    4
 -0.0001324471850026878   13    5    5    1
 -0.01369248836603761   13    5    5    2
 -0.004969749200683148   13    5    5    3
 -0.01645776551551665   13    5    5    4
 -0.01649732495074797   13    5    5    5
 0.0004796418478142246   13    5    6    1
 0.006582052872782505   13    5    6    2
 0.00664474495368347   13    5    6    3
 -0.01230750439096973   13    5    6    4
 0.01034831652549435   13    5    6    5
 -0.008126508137605577   13    5    6    6
 -0.0001387826386020046   13    5    7    1
 -0.000881078047700124   13    5    7    2
 -0.0008046209861555728   13    5    7    3
 0.0009538172480958357   13    5    7    4
 -0.0002148301186711115   13    5    7    5
 -0.0009869667132144779   13    5    7    6
 -0.0069794822164095   13    5    7    7
 0.0005417713055134535   13    5    8    1
 5.670548454200369e-05   13    5    8    2
 0.004120526089874305   13    5    8    3
 -0.00875577879691748   13    5    8    4
 -0.0006306324451626062   13    5    8    5
 -0.001153061413121746   13    5    8    6
 -0.003836045669359133   13    5    8    7
 -0.002934905610347922   13    5    8    8
 0.0001615395868577667   13    5    9    1
 7.367218269418654e-05   13    5    9    2
 0.001319396191365208   13    5    9    3
 -0.004299113493517427   13    5    9    4
 -0.0001382025025888314   13    5    9    5
 -0.001366501116564088   13    5    9    6
 0.001523126933253391   13    5    9    7
 0.008708882921521702   13    5    9    8
 -0.01076819611133434   13    5    9    9
 0.001640766587299616   13    5   10    1
 -0.007871909495654569   13    5   10    2
 0.007421884027694531   13    5   10    3
 -0.0006120385610087935   13    5   10    4
 -0.01093393034431656   13    5   10    5
 0.003116356841859586   13    5   10    6
 0.0004058771089905286   13    5   10    7
 0.0004349294699970967   13    5   10    8
 6.55147818276181e-05   13    5   10    9
 -0.004108965512122069   13    5   10   10
 -0.0001204714572809126   13    5   11    1
 -0.0009033656298194026   13    5   11    2
 -0.0006687752661113412   13    5   11    3
 -0.0004197093428907852   13    5   11    4
 -0.0001829522916082631   13    5   11    5
 0.0003165147166939363   13    5   11    6
 -0.0125525278087889   13    5   11    7
 -0.01223578676838395   13    5   11    8
 0.01577222745546627   13    5   11    9
 0.0003126654753472408   13    5   11   10
 -0.02190931765105331   13    5   11   11
 -0.0001446987592906298   13    5   12    1
 0.000444447308806082   13    5   12    2
 -0.0002007890919422945   13    5   12    3
 -0.000298107405942698   13    5   12    4
 -0.0007370744028126047   13    5   12    5
 5.892038267138324e-05   13    5   12    6
 0.01123167061396586   13    5   12    7
 0.007400037045905488   13    5   12    8
 -0.01055603500502758   13    5   12    9
 -0.0002196177994794133   13    5   12   10
 0.009555739395692911   13    5   12   11
 0.005283768015064697   13    5   12   12
 -0.0002296982563883959   13    5   13    1
 0.01009797069749001   13    5   13    2
 0.004519512278184234   13    5   13    3
 0.004453299204518679   13    5   13    4
 0.03027674119466128   13    5   13    5
 0.004412855558915947   13    6    1    1
 1.647143435884386e-05   13    6    2    1
 0.0253551791813595   13    6    2    2
 0.0004068464684149779   13    6    3    1
 0.0034122667514379   13    6    3    2
 0.02376976727890599   13    6    3    3
 -4.074331992861574e-05   13    6    4    1
 0.008389424880468479   13    6    4    2
 -0.00139271557349597   13    6    4    3
 0.03292805845097865   13    6    4    4
 -2.720027191250553e-05   13    6    5    1
 0.0109615955752655   13    6    5    2
 0.006488222959278469   13    6    5    3
 0.003903755272137414   13    6    5    4
 0.02584174172566718   13    6    5    5
 0.0002350819343141805   13    6    6    1
 -0.00191261088066082   13    6    6    2
 0.003651252988291129   13    6    6    3
 0.01337244941915806   13    6    6    4
 -0.0113235518877928   13    6    6    5
 0.01419297415713839   13    6    6    6
 7.594849135965933e-05   13    6    7    1
 -0.000314105336662918   13    6    7    2
 0.002838446337138104   13    6    7    3
 0.003732706100122046   13    6    7    4
 -8.782143134729049e-05   13    6    7    5
 0.0007988138359407604   13    6    7    6
 -0.01464637800986872   13    6    7    7
 -0.0002603413172272449   13    6    8    1
 -0.000205568010828532   13    6    8    2
 -0.0111398564447643   13    6    8    3
 0.004907043317957246   13    6    8    4
 -0.001499339524917301   13    6    8    5
 -0.006855083204365057   13    6    8    6
 0.01401587293735758   13    6    8    7
 0.01614016472868489   13    6    8    8
 -0.0002383675048771543   13    6    9    1
 0.0005051944528920855   13    6    9    2
 -0.006756644374551681   13    6    9    3
 0.008051572478424375   13    6    9    4
 -0.00074316594593409   13    6    9    5
 -0.004817004614832351   13    6    9    6
 -0.03223728218973478   13    6    9    7
 0.001058691549300025   13    6    9    8
 0.0001613849117629726   13    6    9    9
 0.0004420384103131971   13    6   10    1
 0.003862807009094468   13    6   10    2
 0.001735752964628145   13    6   10    3
 -0.006489162866191657   13    6   10    4
 0.007320278185439764   13    6   10    5
 0.007117277028929966   13    6   10    6
 -0.004271460211399751   13    6   10    7
 0.006861725799173625   13    6   10    8
 0.002498164348368968   13    6   10    9
 0.0003994866954017967   13    6   10   10
 -9.39580547747481e-05   13    6   11    1
 -0.000456313455964378   13    6   11    2
 -0.0002276690580113926   13    6   11    3
 -8.723807569404331e-05   13    6   11    4
 6.751559618633568e-05   13    6   11    5
 -0.000383534173767407   13    6   11    6
 -0.002395857206630297   13    6   11    7
 0.00120833923883872   13    6   11    8
 -0.004096796179229818   13    6   11    9
 0.0001733978164414745   13    6   11   10
 0.01981171633417737   13    6   11   11
 -3.77388634020118e-05   13    6   12    1
 -0.0006623741618174197   13    6   12    2
 -0.0007003520172967565   13    6   12    3
 0.001074285736164687   13    6   12    4
 -0.0007269415468153746   13    6   12    5
 -0.001838735462501975   13    6   12    6
 0.01517024883369873   13    6   12    7
 0.005353932917571849   13    6   12    8
 -0.004051631458694858   13    6   12    9
 0.002017929027373632   13    6   12   10
 -0.01006624214679853   13    6   12   11
 0.03419053148635286   13    6   12   12
 -4.106715020424268e-05   13    6   13    1
 0.005309477175872917   13    6   13    2
 0.002601730646190787   13    6   13    3
 -0.01383612386695922   13    6   13    4
 0.005497032208250098   13    6   13    5
 0.04057226938031135   13    6   13    6
 0.001565510827947344   13    7    1    1
 -1.915018181371922e-05   13    7    2    1
 -0.01004611193703986   13    7    2    2
 -0.0001425071146603772   13    7    3    1
 0.0002381986343132206   13    7    3    2
 -0.003288131300645092   13    7    3    3
 -1.527903468865954e-05   13    7    4    1
 0.001163147127532784   13    7    4    2
 -0.0002810631562436046   13    7    4    3
 -0.004668394072476707   13    7    4    4
 -3.164660857872903e-05   13    7    5    1
 -0.00372982872860869   13    7    5    2
 -0.001521619953038573   13    7    5    3
 0.0008689853472220649   13    7    5    4
 -0.006503581896794673   13    7    5    5
 5.811227117954479e-05   13    7    6    1
 0.001731734989346507   13    7    6    2
 -0.0002815798713083231   13    7    6    3
 0.0002118489172780497   13    7    6    4
 0.002245652969925888   13    7    6    5
 -0.003704221035424915   13    7    6    6
 -2.288296915693813e-05   13    7    7    1
 0.002362311162296123   13    7    7    2
 0.001028244021759822   13    7    7    3
 -0.002446702211397828   13    7    7    4
 0.001581986396793781   13    7    7    5
 -0.001210196954309897   13    7    7    6
 -0.0003353401979190885   13    7    7    7
 0.0001714999754998271   13    7    8    1
 9.706081627769498e-05   13    7    8    2
 0.003872200027086727   13    7    8    3
 -0.001601909664832844   13    7    8    4
 -0.0004004231982076793   13    7    8    5
 0.002223337103687042   13    7    8    6
 -0.004331169288301442   13    7    8    7
 -0.003673029437431723   13    7    8    8
 4.736432194768196e-05   13    7    9    1
 -0.002824702618670517   13    7    9    2
 -0.0002226951343954298   13    7    9    3
 0.004184167630195489   13    7    9    4
 -0.002039532756785627   13    7    9    5
 -0.00236380545996087   13    7    9    6
 0.005136687388983719   13    7    9    7
 0.0001404953438220175   13    7    9    8
 -0.002444035135273082   13    7    9    9
 0.0002648043670125572   13    7   10    1
 -0.001086465441003971   13    7   10    2
 0.0009566399273696132   13    7   10    3
 0.0001296195292710842   13    7   10    4
 -0.001843861573320648   13    7   10    5
 -0.0004313089407278222   13    7   10    6
 0.00192894351197806   13    7   10    7
 -0.001309331997441785   13    7   10    8
 0.002527305264028736   13    7   10    9
 0.0005707248976924477   13    7   10   10
 -7.628581817455631e-05   13    7   11    1
 -0.001865260494229728   13    7   11    2
 -0.002164509771460304   13    7   11    3
 -0.001411149867356463   13    7   11    4
 -0.002348376096932278   13    7   11    5
 -0.001528290147549577   13    7   11    6
 -0.0003286841044535397   13    7   11    7
 -0.001025473641697695   13    7   11    8
 0.001351899729445295   13    7   11    9
 0.0004633114634508845   13    7   11   10
 -0.004543432069648224   13    7   11   11
 -9.784820689615004e-05   13    7   12    1
 0.00536647141284918   13    7   12    2
 0.002420887050023146   13    7   12    3
 -0.002892918028034866   13    7   12    4
 0.005490092568869611   13    7   12    5
 0.004620407682393518   13    7   12    6
 -0.005301450303270001   13    7   12    7
 -0.0009680165037000749   13    7   12    8
 0.002121580940729177   13    7   12    9
 -0.0007097073285830741   13    7   12   10
 0.003444074212129904   13    7   12   11
 -0.01015847395807934   13    7   12   12
 -5.683365653082544e-05   13    7   13    1
 -0.003418470208506852   13    7   13    2
 -2.065049491054965e-05   13    7   13    3
 0.005240736388284704   13    7   13    4
 -0.001658746890264656   13    7   13    5
 -0.005373440414407567   13    7   13    6
 0.01065177981541851   13    7   13    7
 -0.0226480257787629   13    8    1    1
 7.492598277183762e-05   13    8    2    1
 0.02172132795695472   13    8    2    2
 0.0006834069208131603   13    8    3    1
 -0.001010270043739548   13    8    3    2
 -0.001791720117837707   13    8    3    3
 0.0001048329980457496   13    8    4    1
 -0.003790078404473011   13    8    4    2
 0.0009088942045140901   13    8    4    3
 0.007559207832001051   13    8    4    4
 0.0001350926952858096   13    8    5    1
 0.003509272948572895   13    8    5    2
 0.008014487588156679   13    8    5    3
 -0.003546296177537032   13    8    5    4
 0.01313357279469746   13    8    5    5
 -0.000395109704249308   13    8    6    1
 -0.003971645018794694   13    8    6    2
 -0.001490480014595726   13    8    6    3
 0.005142079619160466   13    8    6    4
 -0.006708356445519276   13    8    6    5
 -0.001054050656515362   13    8    6    6
 0.0001811874582260332   13    8    7    1
 -0.0001286149270806484   13    8    7    2
 0.003823059134200568   13    8    7    3
 -0.0009234884842415223   13    8    7    4
 -0.0002744286368401238   13    8    7    5
 0.002994848559127705   13    8    7    6
 -0.009632791365984272   13    8    7    7
 -0.0007099157133238825   13    8    8    1
 0.00286981316835678   13    8    8    2
 -0.007914783947461727   13    8    8    3
 -0.004846593435658637   13    8    8    4
 0.006500827770579921   13    8    8    5
 0.0002524526827434131   13    8    8    6
 0.007363298974975826   13    8    8    7
 -0.001644701813353784   13    8    8    8
 -0.0002989589232894474   13    8    9    1
 -0.0004925309835149062   13    8    9    2
 -0.005463715028300711   13    8    9    3
 0.003448033928514296   13    8    9    4
 0.00392907543241542   13    8    9    5
 -0.000488296196789763   13    8    9    6
 -0.01271647940008795   13    8    9    7
 -0.001982886875784761   13    8    9    8
 -0.003927370227423436   13    8    9    9
 -0.001529788018787269   13    8   10    1
 0.0008933205119017056   13    8   10    2
 -0.006288639582915607   13    8   10    3
 -0.002327321839332441   13    8   10    4
 0.006910728862694302   13    8   10    5
 0.001177885398161345   13    8   10    6
 -0.00229034172082431   13    8   10    7
 -0.002079164029281638   13    8   10    8
 -0.0009626381392992386   13    8   10    9
 -0.01295841613241198   13    8   10   10
 5.344988425356806e-05   13    8   11    1
 -0.001989579119387917   13    8   11    2
 -0.001171524858345933   13    8   11    3
 -0.001889513411392172   13    8   11    4
 -0.00229156419310606   13    8   11    5
 -0.0015800273475557   13    8   11    6
 0.0008193702871686829   13    8   11    7
 0.002136031682413202   13    8   11    8
 -0.003896961786402863   13    8   11    9
 6.523199693934283e-05   13    8   11   10
 -0.001484045048109763   13    8   11   11
 0.0001012371735203925   13    8   12    1
 0.0040217978766997   13    8   12    2
 0.00183362900290297   13    8   12    3
 -0.002202840237307862   13    8   12    4
 0.00358618200397046   13    8   12    5
 0.002891816886315864   13    8   12    6
 0.00978149404611133   13    8   12    7
 0.007467583229638317   13    8   12    8
 -0.004998680799370322   13    8   12    9
 0.0002975195600708416   13    8   12   10
 -0.009091869469105436   13    8   12   11
 0.01070381732240206   13    8   12   12
 0.0002672659872970615   13    8   13    1
 0.00754861980009188   13    8   13    2
 0.001235587746453097   13    8   13    3
 -0.008251770934010595   13    8   13    4
 0.01092340275816732   13    8   13    5
 0.01708668310847879   13    8   13    6
 -0.00238268758127028   13    8   13    7
 0.01749109079196893   13    8   13    8
 -0.009963426160490091   13    9    1    1
 3.638840063692848e-05   13    9    2    1
 0.005419682230539374   13    9    2    2
 0.0002489222460731933   13    9    3    1
 -0.0007758211468248273   13    9    3    2
 -0.003681253837980204   13    9    3    3
 7.442526288597055e-05   13    9    4    1
 -0.0003773128925785819   13    9    4    2
 0.001307100092777843   13    9    4    3
 0.00245050106239401   13    9    4    4
 0.0001110041574028587   13    9    5    1
 -0.0005177847383563944   13    9    5    2
 0.003162592294967061   13    9    5    3
 -0.0005862749635787674   13    9    5    4
 0.003492024813202686   13    9    5    5
 -0.0002897581274867259   13    9    6    1
 -0.001128641028674822   13    9    6    2
 -0.002775180904303573   13    9    6    3
 0.006048715863011   13    9    6    4
 -0.002929691674021463   13    9    6    5
 -0.005055304770577676   13    9    6    6
 6.317680931515471e-05   13    9    7    1
 -0.003941972546176187   13    9    7    2
 -0.001100504267637624   13    9    7    3
 0.00705341836167488   13    9    7    4
 -0.002660839903747957   13    9    7    5
 -0.004717338035516281   13    9    7    6
 -0.007944137134105923   13    9    7    7
 -0.0004114450459757787   13    9    8    1
 -0.0009907699045226571   13    9    8    2
 -0.004853315215393403   13    9    8    3
 0.002841189812840045   13    9    8    4
 0.002201114247672854   13    9    8    5
 -0.001467745159494674   13    9    8    6
 0.002263748241794364   13    9    8    7
 -0.003089185787811083   13    9    8    8
 -9.501600758451263e-05   13    9    9    1
 0.0008615723973545657   13    9    9    2
 0.0003281495630380774   13    9    9    3
 -0.0009137061409524382   13    9    9    4
 0.001874736806449471   13    9    9    5
 -0.001076218691869504   13    9    9    6
 -0.008190499058770622   13    9    9    7
 -0.0009842818196900925   13    9    9    8
 -0.008141822873893112   13    9    9    9
 -0.001044223912770095   13    9   10    1
 -0.0004144660120794313   13    9   10    2
 -0.004377395333688476   13    9   10    3
 -0.002712468473893262   13    9   10    4
 0.003814700148490671   13    9   10    5
 0.002457027677719561   13    9   10    6
 0.003068225897464332   13    9   10    7
 -0.0003013671166170889   13    9   10    8
 -0.0005491887819588921   13    9   10    9
 -0.007505808895667383   13    9   10   10
 0.0001690271108248488   13    9   11    1
 0.001721994261038621   13    9   11    2
 0.002973869284655649   13    9   11    3
 0.002089759661529835   13    9   11    4
 0.00293603025082613   13    9   11    5
 0.001386285216478496   13    9   11    6
 -9.983929021976866e-05   13    9   11    7
 0.001238387617881067   13    9   11    8
 -0.001059813211967225   13    9   11    9
 -0.0002351740158937251   13    9   11   10
 -0.003000944319994089   13    9   11   11
 0.0001913503466546864   13    9   12    1
 -0.005647290924052669   13    9   12    2
 -0.002226799831078081   13    9   12    3
 0.003333175977250277   13    9   12    4
 -0.00643269313122986   13    9   12    5
 -0.005726651640087625   13    9   12    6
 0.004962646497377943   13    9   12    7
 0.0007247170070735983   13    9   12    8
 -0.00261740149696426   13    9   12    9
 0.0008914568448651643   13    9   12   10
 -0.002862241506128267   13    9   12   11
 0.00247628959055238   13    9   12   12
 0.0001768056636204415   13    9   13    1
 0.001965435484075575   13    9   13    2
 0.0005089804903820749   13    9   13    3
 -0.001735347388558671   13    9   13    4
 0.00643211103376592   13    9   13    5
 0.00938088715426926   13    9   13    6
 -0.001695053638470778   13    9   13    7
 0.003925682280859033   13    9   13    8
 0.01147419167529819   13    9   13    9
 -0.09277029956466222   13   10    1    1
 7.827070044305022e-05   13   10    2    1
 -0.01584709654090617   13   10    2    2
 0.001328267302110082   13   10    3    1
 -0.004114013024074405   13   10    3    2
 -0.05064504325099239   13   10    3    3
 3.198714596052298e-05   13   10    4    1
 -0.01152437754894403   13   10    4    2
 -0.003131415385322097   13   10    4    3
 -0.02128265230010355   13   10    4    4
 -0.000430371868737544   13   10    5    1
 -0.01072491241855281   13   10    5    2
 0.008711466676989401   13   10    5    3
 -0.006992441777202341   13   10    5    4
 -0.02599244802315476   13   10    5    5
 -0.0001692890870433759   13   10    6    1
 0.005559097784667017   13   10    6    2
 0.009883651885265651   13   10    6    3
 -0.01294040832087302   13   10    6    4
 0.008447255292302041   13   10    6    5
 -0.008649442561857842   13   10    6    6
 -1.578983747603692e-05   13   10    7    1
 -0.00164640282635903   13   10    7    2
 -0.0008141597775500791   13   10    7    3
 -0.001619448961459008   13   10    7    4
 -0.003003629631243768   13   10    7    5
 -0.003431809563797   13   10    7    6
 0.01280696722698285   13   10    7    7
 0.0001732944149577879   13   10    8    1
 0.00190254606414647   13   10    8    2
 -0.001599926253839342   13   10    8    3
 -0.007977729406164568   13   10    8    4
 0.01317961409061928   13   10    8    5
 0.01589915369200482   13   10    8    6
 -0.009304323465670119   13   10    8    7
 -0.03369742350234312   13   10    8    8
 0.0001157210608086778   13   10    9    1
 6.973123977343337e-05   13   10    9    2
 -0.00201842058892969   13   10    9    3
 -0.008796856188211273   13   10    9    4
 0.008916645129982711   13   10    9    5
 0.01138400729289029   13   10    9    6
 0.03195097687440427   13   10    9    7
 -0.009874552379255682   13   10    9    8
 -0.01046219873000863   13   10    9    9
 0.0001328394573924567   13   10   10    1
 -0.005350094586513123   13   10   10    2
 0.001277943617089346   13   10   10    3
 0.01156098679025872   13   10   10    4
 -0.004341511544032292   13   10   10    5
 -0.02840982746407698   13   10   10    6
 0.008178505337668408   13   10   10    7
 -0.01382287839384553   13   10   10    8
 -0.003536757982654023   13   10   10    9
 -0.0471839747749189   13   10   10   10
 -1.89837608546651e-05   13   10   11    1
 9.025408209587543e-05   13   10   11    2
 0.0001214223428609296   13   10   11    3
 -0.0008755806498695436   13   10   11    4
 0.0007789828529492173   13   10   11    5
 0.001104783828248442   13   10   11    6
 0.006985088491945828   13   10   11    7
 0.003584201313711685   13   10   11    8
 -0.003197655791379317   13   10   11    9
 -0.0002265824340764048   13   10   11   10
 -0.04214851229822103   13   10   11   11
 2.707017574241139e-05   13   10   12    1
 0.0001443751003926771   13   10   12    2
 -0.000401530031013064   13   10   12    3
 -0.0009095967452373365   13   10   12    4
 0.0003771902484532262   13   10   12    5
 0.001236568981428637   13   10   12    6
 0.001245400613790514   13   10   12    7
 0.008295214493970188   13   10   12    8
 -0.01009336613732721   13   10   12    9
 -0.001897206347978242   13   10   12   10
 -0.01336342163102108   13   10   12   11
 -0.0326619604574766   13   10   12   12
 -3.120276258402342e-05   13   10   13    1
 -0.001392788860340113   13   10   13    2
 0.0003348096209659276   13   10   13    3
 0.01385635993107889   13   10   13    4
 0.0009576943332906724   13   10   13    5
 -0.02376835382083042   13   10   13    6
 0.00402838001780794   13   10   13    7
 -0.009004738596220261   13   10   13    8
 -0.00474748540462906   13   10   13    9
 0.02527644818400811   13   10   13   10
 0.006639074426665024   13   11    1    1
 -7.698403997739115e-06   13   11    2    1
 0.0001794469355072964   13   11    2    2
 -0.0001303200143380341   13   11    3    1
 -0.0002779067823872298   13   11    3    2
 0.002358203164221294   13   11    3    3
 -5.885311634823859e-06   13   11    4    1
 -0.0005884413142042983   13   11    4    2
 0.0002137303111697047   13   11    4    3
 -0.003289749723099364   13   11    4    4
 3.089359191484716e-05   13   11    5    1
 -0.001290783645723727   13   11    5    2
 -0.001162364243137933   13   11    5    3
 -0.0005647207218492409   13   11    5    4
 -0.0001618197202074585   13   11    5    5
 1.188400613736139e-05   13   11    6    1
 -5.316524154349369e-05   13   11    6    2
 -0.000380205566927333   13   11    6    3
 -0.001035144725350425   13   11    6    4
 0.000494810714401996   13   11    6    5
 -0.0002628096648809373   13   11    6    6
 -5.517585529048249e-06   13   11    7    1
 -0.004255280729969322   13   11    7    2
 -0.00208960169689781   13   11    7    3
 -0.001165429669658709   13   11    7    4
 -0.003864065548496389   13   11    7    5
 -0.001593600967920344   13   11    7    6
 -0.0001479581208781871   13   11    7    7
 1.191422637806498e-05   13   11    8    1
 -0.003760696709220281   13   11    8    2
 -0.0007521047883062734   13   11    8    3
 -0.002308101353944574   13   11    8    4
 -0.004304604793483198   13   11    8    5
 -0.001509404328353775   13   11    8    6
 -0.000756881690115025   13   11    8    7
 0.0006375545800558854   13   11    8    8
 8.225095630879929e-06   13   11    9    1
 0.003815051495222127   13   11    9    2
 0.002259731270220113   13   11    9    3
 0.002904618195176807   13   11    9    4
 0.003725565389047446   13   11    9    5
 -0.0003631882375316314   13   11    9    6
 -0.001041393164632578   13   11    9    7
 0.001379706400447583   13   11    9    8
 0.0003132981102880707   13   11    9    9
 6.221227003440034e-06   13   11   10    1
 -6.533421270018836e-05   13   11   10    2
 0.0001482885143203137   13   11   10    3
 -0.0002676406621467082   13   11   10    4
 -0.0003284944933799047   13   11   10    5
 0.001469541554386255   13   11   10    6
 0.000332350404708507   13   11   10    7
 0.0003597669413215251   13   11   10    8
 0.0003301402366362226   13   11   10    9
 0.002593779781382525   13   11   10   10
 8.259998509188605e-06   13   11   11    1
 -0.002959567974779741   13   11   11    2
 0.001978242755316212   13   11   11    3
 -0.006080758759314004   13   11   11    4
 -0.002805826727128492   13   11   11    5
 1.224663635272273e-05   13   11   11    6
 -0.00108929816027013   13   11   11    7
 -0.003613495333329572   13   11   11    8
 0.0004216243593607807   13   11   11    9
 -0.003634688179240369   13   11   11   10
 0.0007056860086231628   13   11   11   11
 1.320910782738215e-05   13   11   12    1
 -0.001902707364652457   13   11   12    2
 -0.001984306616566138   13   11   12    3
 0.005598873545202547   13   11   12    4
 -0.002133495306327207   13   11   12    5
 -0.002946272545120702   13   11   12    6
 0.0004960962452937463   13   11   12    7
 -0.0003031657077455995   13   11   12    8
 0.0005208762985240004   13   11   12    9
 -0.0003060578864242635   13   11   12   10
 0.002182033728460542   13   11   12   11
 0.002101658327089877   13   11   12   12
 6.340435226448032e-07   13   11   13    1
 0.0001735510970071161   13   11   13    2
 -2.786049336568128e-06   13   11   13    3
 4.469256607559972e-05   13   11   13    4
 0.0008295811324488548   13   11   13    5
 -0.0002112193296819717   13   11   13    6
 0.0003584395251853194   13   11   13    7
 0.0005332021355963259   13   11   13    8
 -0.0004576116161940214   13   11   13    9
 -0.0003012499662827247   13   11   13   10
 0.004872604061125128   13   11   13   11
 0.009714423874549795   13   12    1    1
 -1.165773713199051e-05   13   12    2    1
 -0.001515335311639647   13   12    2    2
 -0.0001190900304675062   13   12    3    1
 0.001157380184718878   13   12    3    2
 0.005684670655380245   13   12    3    3
 3.264684862773158e-06   13   12    4    1
 0.001109008014747992   13   12    4    2
 0.0001299608288927306   13   12    4    3
 0.00122446311171313   13   12    4    4
 5.766960173988174e-05   13   12    5    1
 0.001320347356825168   13   12    5    2
 -0.0008573994171846142   13   12    5    3
 0.0004132059563979615   13   12    5    4
 0.0001863826611695182   13   12    5    5
 -1.184724078792457e-05   13   12    6    1
 -0.0008904963714506509   13   12    6    2
 -0.001629730863329951   13   12    6    3
 0.002360134225240068   13   12    6    4
 -0.0009012467477527324   13   12    6    5
 -0.001997555742155389   13   12    6    6
 0.0001474011086535728   13   12    7    1
 0.01019875658070092   13   12    7    2
 0.005546107660687781   13   12    7    3
 -0.004649829217603318   13   12    7    4
 0.008371563614464282   13   12    7    5
 0.007026472547290518   13   12    7    6
 -0.005726300884730504   13   12    7    7
 9.339447321220547e-05   13   12    8    1
 0.005975430707746808   13   12    8    2
 0.003974507991471823   13   12    8    3
 -0.0002833419752079346   13   12    8    4
 0.003007633828745024   13   12    8    5
 0.0004127569253484781   13   12    8    6
 0.002145220920131132   13   12    8    7
 0.004382680336787414   13   12    8    8
 -0.0001930287458943004   13   12    9    1
 -0.008084132541531839   13   12    9    2
 -0.004478310921633886   13   12    9    3
 0.002162730915050745   13   12    9    4
 -0.007863215975218163   13   12    9    5
 -0.003820046257914515   13   12    9    6
 -0.001035266873140283   13   12    9    7
 0.0005554666462632027   13   12    9    8
 -0.0003409446926482243   13   12    9    9
 -0.0001246037283946712   13   12   10    1
 0.0005260772915818523   13   12   10    2
 -0.0006352114210742844   13   12   10    3
 -0.002184858862579587   13   12   10    4
 0.0004458499918893767   13   12   10    5
 0.004358440700567665   13   12   10    6
 -0.002070966927810783   13   12   10    7
 0.002512643253019408   13   12   10    8
 -0.0009649293632973908   13   12   10    9
 0.002995044534340955   13   12   10   10
 -0.0004560358189169857   13   12   11    1
 0.001277663428923382   13   12   11    2
 -0.006337089302127773   13   12   11    3
 0.006076919962188343   13   12   11    4
 0.0006564497624595583   13   12   11    5
 -0.004034655668926394   13   12   11    6
 -0.000813834754979137   13   12   11    7
 -0.0002222976786680303   13   12   11    8
 0.001292800046731345   13   12   11    9
 2.625812204800528e-05   13   12   11   10
 0.003793236843400273   13   12   11   11
 -0.0004629190041355896   13   12   12    1
 0.01108013973743316   13   12   12    2
 0.005564403215928626   13   12   12    3
 -0.01181507541421539   13   12   12    4
 0.01245327296700357   13   12   12    5
 0.0097715702662317   13   12   12    6
 -0.003606548532927487   13   12   12    7
 -0.001456423896373142   13   12   12    8
 0.002274111675519389   13   12   12    9
 -0.004794406441322113   13   12   12   10
 0.00347844043222862   13   12   12   11
 -0.002034630428982526   13   12   12   12
 1.056777027552392e-06   13   12   13    1
 0.0006228436680936409   13   12   13    2
 0.0002812322215713349   13   12   13    3
 -0.0007787458612106986   13   12   13    4
 0.0005860997055183017   13   12   13    5
 0.00275572095447569   13   12   13    6
 0.004376450942866789   13   12   13    7
 0.005165767151363832   13   12   13    8
 -0.004131857151556494   13   12   13    9
 -0.002989752208650604   13   12   13   10
 -0.004992422062334827   13   12   13   11
 0.01574281585258384   13   12   13   12
 0.2633050418016422   13   13    1    1
 0.0001183884450659884   13   13    2    1
 0.3536478782384265   13   13    2    2
 0.0002710076856007969   13   13    3    1
 0.001851395792757634   13   13    3    2
 0.2903694850198564   13   13    3    3
 -0.0001708018414792151   13   13    4    1
 -0.01493428043860489   13   13    4    2
 -0.00558049267321912   13   13    4    3
 0.3551493766659881   13   13    4    4
 0.000552064080372005   13   13    5    1
 0.04226496771817324   13   13    5    2
 0.02180402179355057   13   13    5    3
 -0.004974586841555368   13   13    5    4
 0.3418621733386746   13   13    5    5
 0.0007527390851055671   13   13    6    1
 -0.002732420053775483   13   13    6    2
 0.02222948624457111   13   13    6    3
 -0.02517754773032609   13   13    6    4
 -0.004209736538099261   13   13    6    5
 0.3680433839337333   13   13    6    6
 0.0003473898111796296   13   13    7    1
 -0.02378901623826575   13   13    7    2
 0.007407532153119207   13   13    7    3
 0.00899529156102339   13   13    7    4
 -0.003379142897381953   13   13    7    5
 -0.008657862805470205   13   13    7    6
 0.3102339794719647   13   13    7    7
 -0.001666738031012161   13   13    8    1
 0.02464431510054646   13   13    8    2
 -0.02572191701365051   13   13    8    3
 -0.02010629309194256   13   13    8    4
 0.03099573273043553   13   13    8    5
 0.03044632968376291   13   13    8    6
 0.01273795706913664   13   13    8    7
 0.3096422502418268   13   13    8    8
 -0.001115788229565885   13   13    9    1
 -0.001500796166525531   13   13    9    2
 -0.01598950911584338   13   13    9    3
 -0.007664613732913795   13   13    9    4
 0.02195552301622896   13   13    9    5
 0.01871173379493891   13   13    9    6
 -0.02332210903905903   13   13    9    7
 -0.009551205459580882   13   13    9    8
 0.3057865456548369   13   13    9    9
 0.0003067789379366852   13   13   10    1
 0.001819184935041688   13   13   10    2
 0.0003398546080497908   13   13   10    3
 0.0256900539261901   13   13   10    4
 0.004350034659917479   13   13   10    5
 -0.05015379131821927   13   13   10    6
 0.006344150125457574   13   13   10    7
 -0.01780260922282886   13   13   10    8
 -0.00862519725158379   13   13   10    9
 0.288428146299382   13   13   10   10
 -0.0001084752116500482   13   13   11    1
 0.0001943872364350209   13   13   11    2
 -0.0005720372419151085   13   13   11    3
 -0.0007384356465846887   13   13   11    4
 0.001150141774296974   13   13   11    5
 0.0006491154072304783   13   13   11    6
 0.01183466621031238   13   13   11    7
 0.01452442024716397   13   13   11    8
 -0.01877581157976538   13   13   11    9
 -0.0009839626051054708   13   13   11   10
 0.3022460850362966   13   13   11   11
 5.0440479898347e-05   13   13   12    1
 0.002926073668518435   13   13   12    2
 0.0005082173179855136   13   13   12    3
 -0.003102440842850494   13   13   12    4
 0.001040371051283359   13   13   12    5
 0.0007580446183367382   13   13   12    6
 0.032369885390323   13   13   12    7
 0.02372283984501725   13   13   12    8
 -0.01811628792073858   13   13   12    9
 -0.0007708136303727877   13   13   12   10
 -0.04307387746786216   13   13   12   11
 0.3451067370596782   13   13   12   12
 0.0001064885469371897   13   13   13    1
 0.01120371373322145   13   13   13    2
 -0.001411434436754154   13   13   13    3
 -0.02791906837014542   13   13   13    4
 -0.01010624028374866   13   13   13    5
 -0.00336294268027372   13   13   13    6
 -0.001252076599262156   13   13   13    7
 -0.002257333979006754   13   13   13    8
 -0.004936458297099959   13   13   13    9
 0.0127301314873373   13   13   13   10
 -0.001491709805549069   13   13   13   11
 -0.003831573759052204   13   13   13   12
 0.3775788967124965   13   13   13   13
 0.06132129164696329   14    1    1    1
 -0.0004452192471127246   14    1    2    1
 -0.0004074405952298312   14    1    2    2
 -0.008529874166683918   14    1    3    1
 -0.0001629792032093418   14    1    3    2
 0.0005943283144326793   14    1    3    3
 -0.000463108740617292   14    1    4    1
 -1.168664561179537e-05   14    1    4    2
 7.407153770976373e-05   14    1    4    3
 -0.0003034360667699902   14    1    4    4
 0.002711770980338036   14    1    5    1
 -0.0001528628261967439   14    1    5    2
 -0.00128734987015965   14    1    5    3
 -0.0001099604594007935   14    1    5    4
 0.0003959902571987759   14    1    5    5
 0.001820703671194288   14    1    6    1
 8.782078732127456e-05   14    1    6    2
 -0.0005601505634970417   14    1    6    3
 -4.53493876326576e-05   14    1    6    4
 0.0005096834062896584   14    1    6    5
 5.05581163076766e-05   14    1    6    6
 6.703581558086392e-05   14    1    7    1
 4.399958692499435e-05   14    1    7    2
 -0.0004766128926612493   14    1    7    3
 -5.595890379498399e-05   14    1    7    4
 0.0002536153261970535   14    1    7    5
 0.0001533825084291145   14    1    7    6
 -7.459375468490197e-05   14    1    7    7
 -0.0009580112124385273   14    1    8    1
 1.385074006923236e-05   14    1    8    2
 0.002395073083881771   14    1    8    3
 0.0001999388886553325   14    1    8    4
 -0.001263283710414778   14    1    8    5
 -0.0007934215812118011   14    1    8    6
 -0.0003803358277018548   14    1    8    7
 0.001558166761382148   14    1    8    8
 -0.0008898423030854535   14    1    9    1
 3.506791147461773e-05   14    1    9    2
 0.001360994871186243   14    1    9    3
 0.0001091876698858561   14    1    9    4
 -0.0007763565341408319   14    1    9    5
 -0.0005037570688611866   14    1    9    6
 -0.000146024675206457   14    1    9    7
 0.00105629966297705   14    1    9    8
 0.0005594772860488835   14    1    9    9
 0.00114108138597063   14    1   10    1
 1.715229479613349e-05   14    1   10    2
 0.001095064419744333   14    1   10    3
 -6.502175549126913e-05   14    1   10    4
 -0.000564981711163206   14    1   10    5
 0.0002434839834144095   14    1   10    6
 -0.000158862186209824   14    1   10    7
 0.0005302498979770424   14    1   10    8
 0.0002712824849103221   14    1   10    9
 0.001292925681078608   14    1   10   10
 -8.688073010696207e-05   14    1   11    1
 1.468467020433575e-07   14    1   11    2
 -0.000106000424830659   14    1   11    3
 6.944926237220824e-06   14    1   11    4
 1.154211980172394e-05   14    1   11    5
 5.93510061851553e-06   14    1   11    6
 -0.0002283465776179107   14    1   11    7
 -0.0002548646719524195   14    1   11    8
 0.0003168610678412422   14    1   11    9
 2.246051613948579e-05   14    1   11   10
 0.0005460882548532208   14    1   11   11
 -0.0003717720734523834   14    1   12    1
 4.50094509573149e-06   14    1   12    2
 -0.0001589119607611371   14    1   12    3
 6.688460944055992e-07   14    1   12    4
 6.393202034538379e-05   14    1   12    5
 6.276112874572884e-05   14    1   12    6
 -0.0004038937053145971   14    1   12    7
 -0.0004518905545683952   14    1   12    8
 0.0003745639481412538   14    1   12    9
 3.969639522111336e-05   14    1   12   10
 0.0009557558188160061   14    1   12   11
 0.0002798148286279419   14    1   12   12
 -0.0001202304570448465   14    1   13    1
 -4.828799521316217e-06   14    1   13    2
 -0.0002094750879890476   14    1   13    3
 0.0001091855079200761   14    1   13    4
 0.0001762947242271003   14    1   13    5
 -8.799877165825897e-05   14    1   13    6
 5.801017126895179e-05   14    1   13    7
 -0.0002699159774855184   14    1   13    8
 -0.0001327678548936958   14    1   13    9
 -0.0002089344145758439   14    1   13   10
 2.392585995011303e-05   14    1   13   11
 1.941100276201759e-05   14    1   13   12
 -0.000249712401608477   14    1   13   13
 0.001580797894803595   14    1   14    1
 -0.009367751107619728   14    2    1    1
 -6.755329324759235e-06   14    2    2    1
 -0.02955780153504094   14    2    2    2
 0.0001362799811801327   14    2    3    1
 0.004608459988286359   14    2    3    2
 -0.005283819010988355   14    2    3    3
 1.642467562881276e-05   14    2    4    1
 -0.001725410832927945   14    2    4    2
 0.0009174129820058637   14    2    4    3
 -0.02364797459745702   14    2    4    4
 -3.956970413601507e-05   14    2    5    1
 -0.001752912390839242   14    2    5    2
 0.0008507005203682991   14    2    5    3
 0.003055699176872572   14    2    5    4
 -0.01518021127140415   14    2    5    5
 -5.730412207932627e-05   14    2    6    1
 0.003511258615342216   14    2    6    2
 -0.001045004172313691   14    2    6    3
 -0.007645661969833835   14    2    6    4
 0.003679279217857704   14    2    6    5
 -0.01494628464567942   14    2    6    6
 4.163214858906608e-06   14    2    7    1
 0.004507546457784979   14    2    7    2
 -6.20140716421771e-06   14    2    7    3
 -0.001091920080386726   14    2    7    4
 0.0004590905581665674   14    2    7    5
 -0.0009186605354713446   14    2    7    6
 -0.009180721929695431   14    2    7    7
 -2.906918826970006e-05   14    2    8    1
 -0.00472393378910283   14    2    8    2
 -0.002543236963193252   14    2    8    3
 -2.351403034806968e-05   14    2    8    4
 -0.003079521432982589   14    2    8    5
 0.001460057646341036   14    2    8    6
 -0.004656789094155447   14    2    8    7
 -0.01235298906822307   14    2    8    8
 2.269123241482496e-06   14    2    9    1
 -0.0001489939079961737   14    2    9    2
 -0.001503222935820993   14    2    9    3
 -0.001129045319895483   14    2    9    4
 -0.002267558904838555   14    2    9    5
 -1.21510623433343e-06   14    2    9    6
 0.009128925678632252   14    2    9    7
 0.006045096498944065   14    2    9    8
 -0.01404444765292718   14    2    9    9
 -0.0001359141755801779   14    2   10    1
 -0.004586094557765541   14    2   10    2
 -0.0008585528550924421   14    2   10    3
 0.001119972443933846   14    2   10    4
 -0.002532880930150204   14    2   10    5
 0.004030528850907687   14    2   10    6
 0.001301674907629344   14    2   10    7
 -0.00080810813940681   14    2   10    8
 -0.0001795380692536259   14    2   10    9
 -0.009530435902542787   14    2   10   10
 2.075035657147193e-05   14    2   11    1
 0.0001884497930452903   14    2   11    2
 8.407897188637074e-05   14    2   11    3
 0.0006188227492438916   14    2   11    4
 6.615345042288237e-05   14    2   11    5
 0.0002427278218426411   14    2   11    6
 -0.01053046459512306   14    2   11    7
 -0.01066233879343536   14    2   11    8
 0.01461463256691196   14    2   11    9
 0.0006325585835183341   14    2   11   10
 -0.0288239772755809   14    2   11   11
 2.599402701394183e-05   14    2   12    1
 -0.001071178673610395   14    2   12    2
 4.481026783700235e-05   14    2   12    3
 -2.025582231614926e-05   14    2   12    4
 -0.0009267101784497218   14    2   12    5
 0.0006615226329021263   14    2   12    6
 0.004525075778183361   14    2   12    7
 0.005911098403803405   14    2   12    8
 -0.007992871342653984   14    2   12    9
 -0.0009261343470858824   14    2   12   10
 0.0105781731042413   14    2   12   11
 -0.01261618619298886   14    2   12   12
 1.902967996559357e-05   14    2   13    1
 -0.009690136884861566   14    2   13    2
 0.001568025087325942   14    2   13    3
 0.006850420351491087   14    2   13    4
 0.006757076923102147   14    2   13    5
 -0.0005235108791114612   14    2   13    6
 0.001620723350127139   14    2   13    7
 0.0008933465413099729   14    2   13    8
 0.002342696818694851   14    2   13    9
 0.002643525448692072   14    2   13   10
 -0.0001746713048159143   14    2   13   11
 9.79790387058202e-05   14    2   13   12
 -0.01126808640027996   14    2   13   13
 -3.410829942080513e-05   14    2   14    1
 0.01787125617123103   14    2   14    2
 -0.07061217056374353   14    3    1    1
 -2.834150563459053e-05   14    3    2    1
 0.01279903240525776   14    3    2    2
 0.001693858670110103   14    3    3    1
 -0.001813711097865657   14    3    3    2
 -0.02640498875403476   14    3    3    3
 0.0001538688628165314   14    3    4    1
 0.001784566021813019   14    3    4    2
 -0.0002607477413733446   14    3    4    3
 0.009276676788655553   14    3    4    4
 -0.001226831151095857   14    3    5    1
 0.005194762544834226   14    3    5    2
 0.009762763563966374   14    3    5    3
 0.001347191686849347   14    3    5    4
 0.006887716710284582   14    3    5    5
 -0.0007517891800920955   14    3    6    1
 -0.00367869696864358   14    3    6    2
 0.001099456246007709   14    3    6    3
 0.004911697596852825   14    3    6    4
 -0.006099262894559673   14    3    6    5
 -0.002744248438674826   14    3    6    6
 -0.0003748468061588506   14    3    7    1
 -0.00129678508707908   14    3    7    2
 -5.86968942418259e-06   14    3    7    3
 0.000609140791590243   14    3    7    4
 -0.00155063673513009   14    3    7    5
 -0.0001787824704076424   14    3    7    6
 0.001414212265363079   14    3    7    7
 0.002038545182895988   14    3    8    1
 0.001753746650667767   14    3    8    2
 -0.00124522399345015   14    3    8    3
 -0.0006914426610645882   14    3    8    4
 0.00496277416435833   14    3    8    5
 0.004605445979034669   14    3    8    6
 0.002830596798909503   14    3    8    7
 -0.008051020040698645   14    3    8    8
 0.001224597774884827   14    3    9    1
 0.000744810147105976   14    3    9    2
 -0.001106192954467061   14    3    9    3
 -0.0004565459054007705   14    3    9    4
 0.003660465596275656   14    3    9    5
 0.004233941275158983   14    3    9    6
 0.0003404523118843035   14    3    9    7
 -0.007242583665115522   14    3    9    8
 -0.002150722723865438   14    3    9    9
 0.0005646072194327082   14    3   10    1
 0.002461573159012177   14    3   10    2
 0.0006872220997631951   14    3   10    3
 0.003276402412226037   14    3   10    4
 0.004194414954754409   14    3   10    5
 -0.01398562995143903   14    3   10    6
 0.001395542141552358   14    3   10    7
 -0.001471669232384228   14    3   10    8
 0.0007752808625427377   14    3   10    9
 -0.02718990686220871   14    3   10   10
 -7.361194837935856e-05   14    3   11    1
 -1.306446535158706e-05   14    3   11    2
 -6.191866280752379e-05   14    3   11    3
 -0.0004828267256914941   14    3   11    4
 0.0007235345941829756   14    3   11    5
 0.0002977733000088818   14    3   11    6
 0.009430692431114366   14    3   11    7
 0.008708319076796268   14    3   11    8
 -0.01207674636816721   14    3   11    9
 -0.0005285043442984339   14    3   11   10
 -0.009268156058550435   14    3   11   11
 -0.0001445831800706311   14    3   12    1
 -0.0001793696919428131   14    3   12    2
 -0.001420100069508088   14    3   12    3
 -0.0002563705985269813   14    3   12    4
 0.0004003355515971995   14    3   12    5
 -0.0001507718541860716   14    3   12    6
 0.005982199394665772   14    3   12    7
 0.005870928244730337   14    3   12    8
 -0.005603747338283243   14    3   12    9
 -0.0002566365152199249   14    3   12   10
 -0.01898755825609166   14    3   12   11
 -0.003814183549478653   14    3   12   12
 -0.0002076800450880274   14    3   13    1
 0.0008654928464998476   14    3   13    2
 -0.001908835306796375   14    3   13    3
 -0.003379823723914092   14    3   13    4
 -0.004206294292204734   14    3   13    5
 0.002011110319822704   14    3   13    6
 -0.0008773140669089049   14    3   13    7
 0.001693715407805885   14    3   13    8
 9.036349743584049e-05   14    3   13    9
 0.001974738203027078   14    3   13   10
 -0.000398996951522622   14    3   13   11
 -0.0002450220599324378   14    3   13   12
 0.005102474653519494   14    3   13   13
 -6.79191381133863e-05   14    3   14    1
 -0.002361845887630558   14    3   14    2
 0.0062949226468757   14    3   14    3
 0.005058790376526972   14    4    1    1
 1.234093330933829e-05   14    4    2    1
 0.003215908838493638   14    4    2    2
 0.0001538135364394275   14    4    3    1
 0.002506143954019734   14    4    3    2
 0.008922076194114887   14    4    3    3
 -2.999057734341686e-05   14    4    4    1
 -0.00304580090706824   14    4    4    2
 0.0009431376820953578   14    4    4    3
 0.0007287050074780691   14    4    4    4
 -2.836085336669703e-05   14    4    5    1
 0.01007129162829224   14    4    5    2
 -0.000395945856052397   14    4    5    3
 0.003571518936970606   14    4    5    4
 0.00190542331545374   14    4    5    5
 0.0001204140811187528   14    4    6    1
 -0.00373420718468637   14    4    6    2
 0.001456106056374652   14    4    6    3
 -0.003799538573717033   14    4    6    4
 0.0001381463727643184   14    4    6    5
 0.004912857793105263   14    4    6    6
 1.529662660031407e-05   14    4    7    1
 1.877557262522613e-05   14    4    7    2
 0.0004193333799814776   14    4    7    3
 0.001208224227615824   14    4    7    4
 -0.0006895515861156539   14    4    7    5
 -0.0005730971280027612   14    4    7    6
 -2.060050942715571e-06   14    4    7    7
 -6.109208120090185e-05   14    4    8    1
 0.001581399828921587   14    4    8    2
 -0.002912073647026391   14    4    8    3
 -0.000156609268714204   14    4    8    4
 -0.001598440006370116   14    4    8    5
 -0.0007102086829901228   14    4    8    6
 0.0004086022361685391   14    4    8    7
 0.005944516540562751   14    4    8    8
 -7.214801166780718e-05   14    4    9    1
 0.00117150759336052   14    4    9    2
 -0.001768918831353986   14    4    9    3
 0.0003980741697361325   14    4    9    4
 -0.001963972710235664   14    4    9    5
 -0.0005761595257472676   14    4    9    6
 -0.004284160902912599   14    4    9    7
 0.002116335125102343   14    4    9    8
 0.0005560331370562992   14    4    9    9
 0.0002814053592909912   14    4   10    1
 0.002138352187083036   14    4   10    2
 0.0003109251627533189   14    4   10    3
 0.000441272515912074   14    4   10    4
 -0.0007742363827815044   14    4   10    5
 0.001628880094665782   14    4   10    6
 -0.0002890384882841291   14    4   10    7
 0.001023584063242713   14    4   10    8
 -3.842405948482316e-06   14    4   10    9
 0.004809495077962534   14    4   10   10
 -3.289229711578733e-05   14    4   11    1
 0.0006694700078625929   14    4   11    2
 -8.51029777257243e-05   14    4   11    3
 0.0004680990899355858   14    4   11    4
 4.367093436614001e-05   14    4   11    5
 0.000157418725954311   14    4   11    6
 -0.003893086576652833   14    4   11    7
 -0.003226976519813356   14    4   11    8
 0.003987802503944127   14    4   11    9
 0.0002978348936054959   14    4   11   10
 9.630708846123222e-05   14    4   11   11
 -1.238984554961624e-05   14    4   12    1
 -0.0004480402708768495   14    4   12    2
 -0.0002657995969508772   14    4   12    3
 0.0004156888767728942   14    4   12    4
 -0.0005209372871076548   14    4   12    5
 -0.0004847152937277249   14    4   12    6
 0.004651333622293714   14    4   12    7
 0.002839799652744172   14    4   12    8
 -0.003380232218608325   14    4   12    9
 0.0002819412649761443   14    4   12   10
 0.002383855773804338   14    4   12   11
 0.008035760856367665   14    4   12   12
 -2.721490374872776e-05   14    4   13    1
 0.002275467936411064   14    4   13    2
 -0.0003103900476158203   14    4   13    3
 -0.00402933568093808   14    4   13    4
 -0.000274208842875372   14    4   13    5
 0.005688224431427605   14    4   13    6
 -0.001054161798838616   14    4   13    7
 0.002496450647223516   14    4   13    8
 0.001492631604515955   14    4   13    9
 -0.00356846396561517   14    4   13   10
 -0.0001791618168607787   14    4   13   11
 0.0004002938346468137   14    4   13   12
 0.003016758333499438   14    4   13   13
 -2.642549540626107e-05   14    4   14    1
 -0.0002060318380182731   14    4   14    2
 0.0006577381175009347   14    4   14    3
 0.003879193005276731   14    4   14    4
 0.03769833303916339   14    5    1    1
 7.875479784214878e-06   14    5    2    1
 0.01716450260472821   14    5    2    2
 -0.0003891025201830783   14    5    3    1
 0.006338217153478849   14    5    3    2
 0.03467696663945492   14    5    3    3
 -2.583493532282554e-05   14    5    4    1
 0.006792007196281603   14    5    4    2
 0.0007140744276835042   14    5    4    3
 0.02684486157423144   14    5    4    4
 0.0004169619271036164   14    5    5    1
 0.02046724317326512   14    5    5    2
 0.0007066757553776817   14    5    5    3
 0.002914107281389001   14    5    5    4
 0.01810337694430156   14    5    5    5
 0.0002059363141650568   14    5    6    1
 -0.004619644326722881   14    5    6    2
 -0.001978307671256604   14    5    6    3
 0.0009771519468410358   14    5    6    4
 -0.005739071114231854   14    5    6    5
 0.02588546345414262   14    5    6    6
 0.0001565215798196484   14    5    7    1
 -0.0003062508348773971   14    5    7    2
 0.001848897926279774   14    5    7    3
 0.0004216685451181871   14    5    7    4
 0.0001273528951880182   14    5    7    5
 0.0001120606805652446   14    5    7    6
 0.01600810000957317   14    5    7    7
 -0.0008609529278467469   14    5    8    1
 0.002043353200896834   14    5    8    2
 -0.0088247167059213   14    5    8    3
 0.0008464955575051128   14    5    8    4
 -0.005629319122561672   14    5    8    5
 -0.0004451821720504225   14    5    8    6
 0.004356154595254748   14    5    8    7
 0.02648292185306452   14    5    8    8
 -0.0004735338474666731   14    5    9    1
 0.001337006697969362   14    5    9    2
 -0.004920124756183041   14    5    9    3
 0.00113636909137654   14    5    9    4
 -0.004856950071368134   14    5    9    5
 -0.0007883216314830745   14    5    9    6
 -0.01117204141687802   14    5    9    7
 -0.0008284087768521811   14    5    9    8
 0.02062455680889249   14    5    9    9
 -0.0004474551905759063   14    5   10    1
 0.004248865950701482   14    5   10    2
 -0.0032475721723885   14    5   10    3
 -0.001013367920054557   14    5   10    4
 0.001334594213161161   14    5   10    5
 0.003511991093696405   14    5   10    6
 -0.001693568649979681   14    5   10    7
 0.0005171709332750903   14    5   10    8
 -0.0009584703633833739   14    5   10    9
 0.02727889871715469   14    5   10   10
 7.400966547262463e-05   14    5   11    1
 0.0005462452679983846   14    5   11    2
 0.0001604288669419622   14    5   11    3
 0.0004401944541254724   14    5   11    4
 -0.0005847028612576244   14    5   11    5
 -0.0001797341818076605   14    5   11    6
 -0.001483580204075702   14    5   11    7
 -0.0003230823656496467   14    5   11    8
 -9.801873883181511e-05   14    5   11    9
 7.607679282713411e-05   14    5   11   10
 0.02978159622518961   14    5   11   11
 0.0001109672068537032   14    5   12    1
 -0.0003826120410563108   14    5   12    2
 0.0004149170947368895   14    5   12    3
 -0.0002141049026014011   14    5   12    4
 -0.0001015440788159697   14    5   12    5
 -0.0001858947543311824   14    5   12    6
 0.003576832123748121   14    5   12    7
 0.001756614055949098   14    5   12    8
 1.520746381414091e-05   14    5   12    9
 0.0004191083016219067   14    5   12   10
 -0.001331888896633983   14    5   12   11
 0.03267615354634663   14    5   12   12
 0.0001163203446912713   14    5   13    1
 0.003181833271157679   14    5   13    2
 -0.00295365194903423   14    5   13    3
 -0.007154933422684534   14    5   13    4
 -0.01478512826155994   14    5   13    5
 0.004017251406379211   14    5   13    6
 -0.001348793600687724   14    5   13    7
 -0.001943917687926254   14    5   13    8
 -0.00284526377443449   14    5   13    9
 -0.005462342154025545   14    5   13   10
 -0.0005367260182735662   14    5   13   11
 0.0007352442483672374   14    5   13   12
 0.01551477279935749   14    5   13   13
 -4.001288157989827e-05   14    5   14    1
 -0.008497221937801006   14    5   14    2
 0.003763414074874774   14    5   14    3
 0.00200422729017789   14    5   14    4
 0.01862780854391781   14    5   14    5
 0.0009992656322165814   14    6    1    1
 -2.872282431499079e-05   14    6    2    1
 -0.006238490678182673   14    6    2    2
 -0.0005308321534645971   14    6    3    1
 -0.0022994522157872   14    6    3    2
 -0.0105868573169218   14    6    3    3
 0.0001249792702834916   14    6    4    1
 -0.003049675788430148   14    6    4    2
 0.001461427841663685   14    6    4    3
 -0.007121761461084082   14    6    4    4
 0.0001973168900494989   14    6    5    1
 -0.004346978569428578   14    6    5    2
 -0.00239589729376684   14    6    5    3
 0.0003907681126890359   14    6    5    4
 -0.009006050307297057   14    6    5    5
 -0.0005376977805621771   14    6    6    1
 -0.001012480220076341   14    6    6    2
 -0.003422924961540189   14    6    6    3
 3.83220941627387e-06   14    6    6    4
 0.004334528474565073   14    6    6    5
 -0.007023854789541886   14    6    6    6
 2.143316420864832e-05   14    6    7    1
 -0.000454797806866953   14    6    7    2
 -0.0006270816192507847   14    6    7    3
 -0.001061466986068969   14    6    7    4
 0.0004842495220961834   14    6    7    5
 0.001128114661475682   14    6    7    6
 0.0005340718028304551   14    6    7    7
 2.938824754171199e-05   14    6    8    1
 0.0009527591892716025   14    6    8    2
 0.00459974713920224   14    6    8    3
 7.788254733274438e-05   14    6    8    4
 0.001638685172607854   14    6    8    5
 0.0006628539053530361   14    6    8    6
 -0.002647740627589349   14    6    8    7
 -0.007592545888473588   14    6    8    8
 0.0001329666494161469   14    6    9    1
 -0.0006443116129438694   14    6    9    2
 0.003271294793214125   14    6    9    3
 -0.000714197641740389   14    6    9    4
 0.0009784574852170864   14    6    9    5
 0.001137358465878689   14    6    9    6
 0.008254339657235862   14    6    9    7
 -0.0008703526579293139   14    6    9    8
 -0.001942245965406439   14    6    9    9
 -0.001462571357712259   14    6   10    1
 -0.0001606183572755806   14    6   10    2
 -0.005456848981626498   14    6   10    3
 0.0002883564386400554   14    6   10    4
 0.0002739785703044058   14    6   10    5
 -7.884692831715349e-05   14    6   10    6
 0.0003861613027852351   14    6   10    7
 -0.002045210140891678   14    6   10    8
 -0.001410129624393291   14    6   10    9
 -0.001401070930611848   14    6   10   10
 5.989422072194751e-05   14    6   11    1
 0.0002267922536273834   14    6   11    2
 0.0001353054497917028   14    6   11    3
 3.916572767910465e-05   14    6   11    4
 -6.633486948415416e-05   14    6   11    5
 -0.0002340936341628178   14    6   11    6
 0.001757861255848391   14    6   11    7
 0.0008164852473327627   14    6   11    8
 -0.0002600111699516031   14    6   11    9
 1.028865395441155e-05   14    6   11   10
 -0.005189143545910209   14    6   11   11
 6.12764284431459e-06   14    6   12    1
 0.0006867323703522219   14    6   12    2
 0.0004008155423485593   14    6   12    3
 -0.0003162611895889641   14    6   12    4
 0.0005174900558123205   14    6   12    5
 0.0007541666878375567   14    6   12    6
 -0.005843112243299949   14    6   12    7
 -0.002797812649441896   14    6   12    8
 0.00302733352893022   14    6   12    9
 -0.0006689855998545323   14    6   12   10
 0.003204257516155465   14    6   12   11
 -0.01278395282415788   14    6   12   12
 0.0001807702082337598   14    6   13    1
 -0.0003077484562857856   14    6   13    2
 6.157398179911796e-05   14    6   13    3
 0.006403318544699993   14    6   13    4
 -0.0001727442521809937   14    6   13    5
 -0.009246242923841567   14    6   13    6
 0.0009519811656406156   14    6   13    7
 -0.003341897619400601   14    6   13    8
 -0.002028053290808671   14    6   13    9
 0.00499000017771702   14    6   13   10
 -2.974014728086644e-05   14    6   13   11
 -0.0002186691290859217   14    6   13   12
 -0.001233974709914656   14    6   13   13
 5.30771589269719e-05   14    6   14    1
 -0.001040843266922039   14    6   14    2
 -0.001340332433567422   14    6   14    3
 -0.0007978262860585486   14    6   14    4
 -0.003280319161899502   14    6   14    5
 0.0048252248836266   14    6   14    6
 -0.004042198859779677   14    7    1    1
 1.37989115729798e-06   14    7    2    1
 0.01165949406856948   14    7    2    2
 4.354630377379023e-05   14    7    3    1
 -0.0004443453400510239   14    7    3    2
 0.0008172470399670777   14    7    3    3
 5.483546083452338e-06   14    7    4    1
 -0.0008618741912721605   14    7    4    2
 -0.0002642529705958793   14    7    4    3
 0.008948936728744264   14    7    4    4
 -1.400354246341789e-05   14    7    5    1
 0.001988865727111354   14    7    5    2
 0.002616609111673452   14    7    5    3
 -0.0005089780548463517   14    7    5    4
 0.00804396958075802   14    7    5    5
 7.141717860863752e-06   14    7    6    1
 -0.001064178684372275   14    7    6    2
 0.001264151572140044   14    7    6    3
 -0.0006443290766644993   14    7    6    4
 -0.00111264857498006   14    7    6    5
 0.008197610637458979   14    7    6    6
 -0.000207671631630631   14    7    7    1
 -0.002748899543647036   14    7    7    2
 0.001000904912623704   14    7    7    3
 -0.0006101344641522235   14    7    7    4
 0.000730010404234442   14    7    7    5
 0.0002021912024390635   14    7    7    6
 0.006212864395429779   14    7    7    7
 -0.0002224966970805896   14    7    8    1
 0.0002351047255908669   14    7    8    2
 -0.00209107843742711   14    7    8    3
 -0.002500302871023329   14    7    8    4
 0.004233405882420891   14    7    8    5
 0.002426914127154464   14    7    8    6
 0.001699778490070278   14    7    8    7
 0.00150987027030906   14    7    8    8
 0.0002319760489571954   14    7    9    1
 0.002967240147929881   14    7    9    2
 -0.001473126345239365   14    7    9    3
 0.0006407444073341482   14    7    9    4
 0.0007125094336415148   14    7    9    5
 0.002316259436931727   14    7    9    6
 -0.001322113484329567   14    7    9    7
 -0.001202895998711032   14    7    9    8
 0.005711439910342057   14    7    9    9
 2.984705847637653e-05   14    7   10    1
 0.001073051018176247   14    7   10    2
 -0.0005963383905328845   14    7   10    3
 0.001817198034459973   14    7   10    4
 0.001028462860611418   14    7   10    5
 -0.004441630060101025   14    7   10    6
 1.376261117452956e-05   14    7   10    7
 -0.002007543376051537   14    7   10    8
 -0.0006946773333015212   14    7   10    9
 0.0007785386546232272   14    7   10   10
 0.0006172396590290695   14    7   11    1
 -0.004856018887613551   14    7   11    2
 0.002316418626146733   14    7   11    3
 -0.002137297689437036   14    7   11    4
 5.077567284437847e-05   14    7   11    5
 -0.0004793314435224192   14    7   11    6
 0.002459225944822227   14    7   11    7
 0.002976352238051658   14    7   11    8
 -0.002551836339727057   14    7   11    9
 -0.0008544188934388646   14    7   11   10
 0.004685608086617121   14    7   11   11
 0.0005465512211567739   14    7   12    1
 0.003254385887925632   14    7   12    2
 0.002328495419069176   14    7   12    3
 0.0008893569746899106   14    7   12    4
 0.0003152679917414176   14    7   12    5
 -0.0004919944221192191   14    7   12    6
 0.001516235156523864   14    7   12    7
 0.001157000269485127   14    7   12    8
 -0.001015695605052691   14    7   12    9
 0.0002227060265716875   14    7   12   10
 -0.004595040699629056   14    7   12   11
 0.00566619303248242   14    7   12   12
 1.585097586339413e-05   14    7   13    1
 0.001514657317608623   14    7   13    2
 -0.0002890657298625771   14    7   13    3
 -0.00182310073858475   14    7   13    4
 -0.001368204872568557   14    7   13    5
 -0.0004684366707140049   14    7   13    6
 -0.0005295117389467182   14    7   13    7
 4.062876183966785e-05   14    7   13    8
 -0.0004228752181311391   14    7   13    9
 0.001195475518092519   14    7   13   10
 -0.0001815427640827874   14    7   13   11
 -0.0002843170292455185   14    7   13   12
 0.009547084043343288   14    7   13   13
 -1.787540329175626e-05   14    7   14    1
 -0.0003217949996841664   14    7   14    2
 0.0007011521810763932   14    7   14    3
 -0.0003093462508269903   14    7   14    4
 0.0008769995169255301   14    7   14    5
 0.000388596107577016   14    7   14    6
 0.00485211491040902   14    7   14    7
 0.01338602314662327   14    8    1    1
 1.509163762010863e-05   14    8    2    1
 -0.01989293263207859   14    8    2    2
 1.564857101614037e-06   14    8    3    1
 0.0003232036746783501   14    8    3    2
 -0.001227095250092613   14    8    3    3
 -3.618667294108315e-05   14    8    4    1
 0.00114677223254996   14    8    4    2
 -0.0002550842844157789   14    8    4    3
 -0.01045056568875467   14    8    4    4
 -1.010380261918617e-05   14    8    5    1
 -0.00136923890211561   14    8    5    2
 -0.007879531502386797   14    8    5    3
 1.240256949323073e-05   14    8    5    4
 -0.01783341857242239   14    8    5    5
 0.0001841758286291148   14    8    6    1
 0.003182856352902572   14    8    6    2
 -0.0006199746999191062   14    8    6    3
 -0.0009802747535096361   14    8    6    4
 0.005199603989701775   14    8    6    5
 -0.007836844674806552   14    8    6    6
 -0.0001625798854056879   14    8    7    1
 0.001721550597358242   14    8    7    2
 -0.00145267708115578   14    8    7    3
 -0.002498667476780327   14    8    7    4
 0.001442791360070104   14    8    7    5
 0.0006624898451114604   14    8    7    6
 -0.002451313270292385   14    8    7    7
 -0.0002147238003183284   14    8    8    1
 -0.002641253361079237   14    8    8    2
 0.00718488759020971   14    8    8    3
 0.0007366346829544108   14    8    8    4
 -0.004525752246498897   14    8    8    5
 -0.00237368731517318   14    8    8    6
 -0.005605141914784189   14    8    8    7
 -0.004262377024496804   14    8    8    8
 0.0001287276529986043   14    8    9    1
 0.004771037637421032   14    8    9    2
 0.002898635480000396   14    8    9    3
 0.001420011823502109   14    8    9    4
 -0.005890653439157856   14    8    9    5
 -0.001550751194157167   14    8    9    6
 0.006523563430802809   14    8    9    7
 0.004327264569143291   14    8    9    8
 -0.004111336327572119   14    8    9    9
 0.0004491535470497705   14    8   10    1
 -0.0008038999388891477   14    8   10    2
 0.002928083609191818   14    8   10    3
 -0.0008604611381175094   14    8   10    4
 -0.005144164129645255   14    8   10    5
 0.004158536909270244   14    8   10    6
 -0.0008297411216472845   14    8   10    7
 0.001870837732718094   14    8   10    8
 0.001074973299612599   14    8   10    9
 0.004034357508079084   14    8   10   10
 0.0004729590165744789   14    8   11    1
 -0.004593015126883315   14    8   11    2
 0.001404750546150143   14    8   11    3
 -0.001998043543729086   14    8   11    4
 -7.284735255459054e-05   14    8   11    5
 -0.0004742307537970435   14    8   11    6
 -0.002734316080757553   14    8   11    7
 -0.003857409563947868   14    8   11    8
 0.005786877856409764   14    8   11    9
 -0.0006316903371644204   14    8   11   10
 -0.005911116395581341   14    8   11   11
 0.0004244081783781531   14    8   12    1
 0.003443154608565363   14    8   12    2
 0.001963310961380331   14    8   12    3
 0.00137669775448431   14    8   12    4
 0.0006814562521196458   14    8   12    5
 0.0004508633768238389   14    8   12    6
 -0.006364506655469435   14    8   12    7
 -0.005246922108687433   14    8   12    8
 0.003268714411656405   14    8   12    9
 -0.0002199110297259097   14    8   12   10
 0.01009214428583723   14    8   12   11
 -0.01255162621183291   14    8   12   12
 -4.925115879376712e-05   14    8   13    1
 -0.000287306545225118   14    8   13    2
 -2.318666167385742e-05   14    8   13    3
 0.005123142046736903   14    8   13    4
 -0.002577028185006397   14    8   13    5
 -0.004788180190586203   14    8   13    6
 0.0008599913559871335   14    8   13    7
 -0.004860246659273874   14    8   13    8
 -0.002746402007782449   14    8   13    9
 0.001109457233637135   14    8   13   10
 -0.0001037509457039627   14    8   13   11
 9.703060056126817e-05   14    8   13   12
 -0.009240245360315948   14    8   13   13
 8.135643082682635e-06   14    8   14    1
 -0.002632447563704079   14    8   14    2
 -0.001557131354770921   14    8   14    3
 -0.0005886684216007997   14    8   14    4
 0.00126473638768854   14    8   14    5
 0.001143895511802519   14    8   14    6
 -6.338369969931479e-05   14    8   14    7
 0.006249655126013646   14    8   14    8
 0.004159162816386734   14    9    1    1
 2.214227157332847e-05   14    9    2    1
 -0.005905296981338129   14    9    2    2
 0.0001470059336652997   14    9    3    1
 0.0003171698865283409   14    9    3    2
 -9.767174039446601e-05   14    9    3    3
 -5.801371186959868e-05   14    9    4    1
 -0.0006176834326558579   14    9    4    2
 -0.0005056673913703708   14    9    4    3
 -0.00169975819326394   14    9    4    4
 2.007908784028999e-06   14    9    5    1
 0.001030567905019867   14    9    5    2
 -0.003032621998606298   14    9    5    3
 -0.0006043182397089051   14    9    5    4
 -0.007122012750747631   14    9    5    5
 0.0002077341319303089   14    9    6    1
 0.001148957308247192   14    9    6    2
 0.001278738046967851   14    9    6    3
 -0.001715206135719768   14    9    6    4
 0.002630971377032272   14    9    6    5
 0.000805651110461684   14    9    6    6
 0.0002630979079914235   14    9    7    1
 0.00466884145255158   14    9    7    2
 -0.0006902596118181965   14    9    7    3
 0.0005086071265517424   14    9    7    4
 -0.001169293717303028   14    9    7    5
 0.0008816780305523239   14    9    7    6
 0.001634826956711483   14    9    7    7
 0.0001198811680759795   14    9    8    1
 0.003952564695246809   14    9    8    2
 0.002013721374154373   14    9    8    3
 0.001182674017899064   14    9    8    4
 -0.002541560582900649   14    9    8    5
 0.0005320341479066643   14    9    8    6
 -0.0009914843409787859   14    9    8    7
 0.001130372361255447   14    9    8    8
 -0.0004084196265423723   14    9    9    1
 -0.002236658673800702   14    9    9    2
 0.0008460871206381348   14    9    9    3
 -0.002834928836495487   14    9    9    4
 -0.0004249718302780032   14    9    9    5
 0.0008568924212786479   14    9    9    6
 0.004468770095699483   14    9    9    7
 0.000172125222492302   14    9    9    8
 0.001070226965233321   14    9    9    9
 0.0004269164159815015   14    9   10    1
 -7.534971642097264e-05   14    9   10    2
 0.002018296345142413   14    9   10    3
 0.0006736339744011226   14    9   10    4
 -0.003034094048625834   14    9   10    5
 -0.0009856806321248057   14    9   10    6
 5.687143541875276e-05   14    9   10    7
 0.0002619030351856369   14    9   10    8
 -0.0008134555847018811   14    9   10    9
 0.002361376196018247   14    9   10   10
 -0.0007607930835016144   14    9   11    1
 0.006777434334480604   14    9   11    2
 -0.003297981614201101   14    9   11    3
 0.003202738234087038   14    9   11    4
 -0.0002302879301331758   14    9   11    5
 0.000610213531880558   14    9   11    6
 -0.000830977835027844   14    9   11    7
 -0.0006382609772249784   14    9   11    8
 -3.649698861556648e-05   14    9   11    9
 0.001110009623778642   14    9   11   10
 -0.0003411416983729766   14    9   11   11
 -0.0006510682247074567   14    9   12    1
 -0.003984419030526164   14    9   12    2
 -0.001836946993429716   14    9   12    3
 -0.002359780585767791   14    9   12    4
 0.001235013420711465   14    9   12    5
 0.00111900800942048   14    9   12    6
 -0.001858778847114274   14    9   12    7
 -0.001214984159238622   14    9   12    8
 0.00151771024301204   14    9   12    9
 -0.0005595508054066717   14    9   12   10
 0.001984100052674576   14    9   12   11
 -0.002794871687545532   14    9   12   12
 -6.923883992502884e-05   14    9   13    1
 0.001539629303853072   14    9   13    2
 -0.0005303303757981347   14    9   13    3
 0.002282192024565437   14    9   13    4
 -0.003252215433355454   14    9   13    5
 -0.00380775175327319   14    9   13    6
 0.0003495657133083358   14    9   13    7
 -0.003258748915800515   14    9   13    8
 -0.00268098189051997   14    9   13    9
 0.002098369041862299   14    9   13   10
 -0.0002561937598359528   14    9   13   11
 6.461164381296669e-05   14    9   13   12
 0.001045730183798126   14    9   13   13
 -1.440818537026818e-05   14    9   14    1
 -0.001623832570406968   14    9   14    2
 -0.0002838521811158718   14    9   14    3
 -0.0003120143811048293   14    9   14    4
 0.002245760554491999   14    9   14    5
 0.001052298368924238   14    9   14    6
 0.0003152051990944792   14    9   14    7
 0.0005587008033213611   14    9   14    8
 0.00584906255872916   14    9   14    9
 0.03495671352640341   14   10    1    1
 -3.998654996503652e-05   14   10    2    1
 -0.007278220660059046   14   10    2    2
 -0.00058967579647723   14   10    3    1
 0.003080170275862558   14   10    3    2
 0.01716237915626934   14   10    3    3
 0.0002839164959622257   14   10    4    1
 0.002646207178999714   14   10    4    2
 0.002216895079883948   14   10    4    3
 -0.002716569613893941   14   10    4    4
 0.0003852142375590443   14   10    5    1
 0.004162259953439247   14   10    5    2
 -0.004624993121459376   14   10    5    3
 0.0004091791039353423   14   10    5    4
 -0.002744328284446596   14   10    5    5
 -0.001127005746334236   14   10    6    1
 0.0003862102591505158   14   10    6    2
 -0.0083024292652095   14   10    6    3
 -0.0009283660046510559   14   10    6    4
 0.002045272106696337   14   10    6    5
 0.001960252479239871   14   10    6    6
 0.0001822812640501195   14   10    7    1
 0.003000901154708767   14   10    7    2
 4.98396658256308e-05   14   10    7    3
 0.000229995022139949   14   10    7    4
 0.0003803742104228118   14   10    7    5
 -1.682156139574322e-05   14   10    7    6
 -0.003804835082895401   14   10    7    7
 -0.0002322002380381224   14   10    8    1
 -0.001610463823165124   14   10    8    2
 0.001170619700101013   14   10    8    3
 0.001849092548685093   14   10    8    4
 -0.007966906694669105   14   10    8    5
 -0.005272896548563435   14   10    8    6
 -0.000649687915439025   14   10    8    7
 0.01024455579412717   14   10    8    8
 2.579483613646357e-05   14   10    9    1
 0.00129120536480755   14   10    9    2
 0.001479714469810035   14   10    9    3
 0.001388103155643933   14   10    9    4
 -0.006281935256233344   14   10    9    5
 -0.004528707727288161   14   10    9    6
 -0.005773405052104419   14   10    9    7
 0.0061607044180172   14   10    9    8
 0.001081210494103719   14   10    9    9
 -0.003272940270213353   14   10   10    1
 -0.0006524935576331028   14   10   10    2
 -0.01102903445403403   14   10   10    3
 -0.003898218802284585   14   10   10    4
 0.00113255283848116   14   10   10    5
 0.01293789368964188   14   10   10    6
 -0.001587377578891391   14   10   10    7
 0.002161741267987006   14   10   10    8
 -0.000508463507493973   14   10   10    9
 0.01835982353940054   14   10   10   10
 -2.728375725789196e-05   14   10   11    1
 0.0004266907883019212   14   10   11    2
 -0.0001926808736851291   14   10   11    3
 0.000550440986987361   14   10   11    4
 -0.0003945410164650561   14   10   11    5
 -7.490749555175188e-05   14   10   11    6
 -0.006658389380554561   14   10   11    7
 -0.005824459335705925   14   10   11    8
 0.007191647518242729   14   10   11    9
 0.0001959404794696935   14   10   11   10
 0.006864147531536539   14   10   11   11
 -7.26845627459459e-05   14   10   12    1
 -0.0007351786186381285   14   10   12    2
 -0.0001468414332612576   14   10   12    3
 0.0004474885112769409   14   10   12    4
 -0.0002679064290792743   14   10   12    5
 -0.0005156904155511359   14   10   12    6
 -0.0004182061413175134   14   10   12    7
 -0.002408909640192155   14   10   12    8
 0.001854242579820473   14   10   12    9
 4.264063325327689e-05   14   10   12   10
 0.01046985564940561   14   10   12   11
 0.007806728893040231   14   10   12   12
 0.0004285557750262988   14   10   13    1
 0.0002619471973939026   14   10   13    2
 0.0008086219215464416   14   10   13    3
 -0.001948742855752564   14   10   13    4
 -0.001287634842997596   14   10   13    5
 0.004171374280314462   14   10   13    6
 -0.0004244965114786887   14   10   13    7
 0.001083490064050199   14   10   13    8
 0.001130841137242116   14   10   13    9
 -0.006129085908243639   14   10   13   10
 0.0001148714284531381   14   10   13   11
 0.00067537877078173   14   10   13   12
 -0.007074391710706684   14   10   13   13
 -3.470902826787014e-05   14   10   14    1
 0.0001867255674956232   14   10   14    2
 -0.0009816587633787496   14   10   14    3
 0.0007970919457726523   14   10   14    4
 0.003235690460000247   14   10   14    5
 -0.001349862609744793   14   10   14    6
 -0.0008594512106392727   14   10   14    7
 0.001129437733398966   14   10   14    8
 0.0002979655575322426   14   10   14    9
 0.004719712586247678   14   10   14   10
 -0.003030531259162144   14   11    1    1
 9.810128553765319e-06   14   11    2    1
 0.001171080590707146   14   11    2    2
 7.378110896357353e-05   14   11    3    1
 -4.275789691169174e-05   14   11    3    2
 -0.0009698398172382707   14   11    3    3
 -2.922166940987531e-05   14   11    4    1
 0.0009034880697077134   14   11    4    2
 -0.0002410565949258792   14   11    4    3
 0.001994625682384251   14   11    4    4
 3.994326139642735e-05   14   11    5    1
 0.0009825722759775706   14   11    5    2
 0.0007800877422526621   14   11    5    3
 0.0003882271756212096   14   11    5    4
 0.0003231120292736102   14   11    5    5
 2.209356762674532e-05   14   11    6    1
 -9.848689723066262e-05   14   11    6    2
 0.0003555572005444829   14   11    6    3
 0.000548348136641231   14   11    6    4
 -0.0005105096577173881   14   11    6    5
 0.0004466825214720212   14   11    6    6
 0.0006216821800786491   14   11    7    1
 -0.006703386257513644   14   11    7    2
 0.002774945140991675   14   11    7    3
 -0.002132786826204727   14   11    7    4
 -0.001253646574054533   14   11    7    5
 -0.0001997099832454903   14   11    7    6
 0.0008753018695327207   14   11    7    7
 0.0005335743771649474   14   11    8    1
 -0.005546397453396352   14   11    8    2
 0.001790568822983375   14   11    8    3
 -0.002350867942402559   14   11    8    4
 -0.0002215460205191524   14   11    8    5
 0.0003357466336334004   14   11    8    6
 0.0006449625574445864   14   11    8    7
 -0.001188386219853757   14   11    8    8
 -0.0007623475691763297   14   11    9    1
 0.007826542631111844   14   11    9    2
 -0.003678990430911234   14   11    9    3
 0.0033733713599176   14   11    9    4
 0.001471763922793193   14   11    9    5
 0.0006988764256476585   14   11    9    6
 -0.000542334259117323   14   11    9    7
 0.0002466931837024086   14   11    9    8
 -0.001597036027997429   14   11    9    9
 -5.031708413712539e-05   14   11   10    1
 0.0005921583506375251   14   11   10    2
 -0.0003005220863171094   14   11   10    3
 0.0004966003420971475   14   11   10    4
 0.0003870552714096242   14   11   10    5
 -0.0008741920643708616   14   11   10    6
 -0.001035730876556999   14   11   10    7
 -0.001392171162978412   14   11   10    8
 0.001320203405856454   14   11   10    9
 -0.001216933386540037   14   11   10   10
 -0.001828119984955575   14   11   11    1
 -0.01139162532113127   14   11   11    2
 -0.004145057280717031   14   11   11    3
 -0.006183319700081165   14   11   11    4
 0.003489512117696651   14   11   11    5
 0.0009484921839815946   14   11   11    6
 0.001321628345047862   14   11   11    7
 -0.001431318383268333   14   11   11    8
 -0.0006278794900340655   14   11   11    9
 -0.0009503184318272336   14   11   11   10
 -0.00102253830062342   14   11   11   11
 -0.001611512567438184   14   11   12    1
 0.003768791092558206   14   11   12    2
 -0.006331274921958062   14   11   12    3
 0.003321173502903422   14   11   12    4
 -0.001191697089104604   14   11   12    5
 0.001792061372231178   14   11   12    6
 0.000615239786353887   14   11   12    7
 0.0004056145570436661   14   11   12    8
 -0.001596179216730697   14   11   12    9
 0.001257805606643011   14   11   12   10
 -0.001371644698545988   14   11   12   11
 9.511376773652843e-06   14   11   12   12
 -3.618773697072956e-05   14   11   13    1
 -0.0002651917789378377   14   11   13    2
 -0.0001900275769580359   14   11   13    3
 -0.0003270012357461607   14   11   13    4
 -0.0005985658664792368   14   11   13    5
 0.0001689813458232416   14   11   13    6
 -0.0001146387652379092   14   11   13    7
 -0.0001140935140305   14   11   13    8
 -9.357388834142766e-05   14   11   13    9
 7.152423565998992e-05   14   11   13   10
 0.0002533031735287041   14   11   13   11
 -0.0007411614165593244   14   11   13   12
 0.001047909085579689   14   11   13   13
 3.140304355946569e-07   14   11   14    1
 -0.0006611467845904534   14   11   14    2
 0.000385175012592686   14   11   14    3
 -0.0002102131258216742   14   11   14    4
 0.0005372656325168057   14   11   14    5
 -0.0001262843191616672   14   11   14    6
 0.001688101586643131   14   11   14    7
 0.00145397419476149   14   11   14    8
 -0.002266387577006936   14   11   14    9
 -0.0002819964538568471   14   11   14   10
 0.005786141091628569   14   11   14   11
 -0.01259654578723412   14   12    1    1
 2.095994092660491e-06   14   12    2    1
 -0.004881271706767725   14   12    2    2
 0.000115400704707775   14   12    3    1
 -0.0007360824710841027   14   12    3    2
 -0.009283522705086681   14   12    3    3
 -1.249341347828548e-05   14   12    4    1
 -0.0005738552894072689   14   12    4    2
 -0.000508547360873844   14   12    4    3
 -0.002343730484375485   14   12    4    4
 -3.915587257041192e-05   14   12    5    1
 -0.001989719163030858   14   12    5    2
 0.001176948477460086   14   12    5    3
 -0.0005356661954206706   14   12    5    4
 -0.004229586637444123   14   12    5    5
 -5.39376561427181e-05   14   12    6    1
 0.001032728252699269   14   12    6    2
 0.000539431761297701   14   12    6    3
 0.0003056459045093282   14   12    6    4
 0.0004572261370370503   14   12    6    5
 -0.003909060130251604   14   12    6    6
 0.0005535273140064557   14   12    7    1
 0.004778676456013941   14   12    7    2
 0.003893546394413791   14   12    7    3
 0.00116749523631417   14   12    7    4
 0.001822954885646801   14   12    7    5
 -0.0009071660562454701   14   12    7    6
 -0.002336251270106554   14   12    7    7
 0.0006891649964041605   14   12    8    1
 0.005545677985086086   14   12    8    2
 0.004345530136854244   14   12    8    3
 0.001406876030562959   14   12    8    4
 0.003171673759165348   14   12    8    5
 0.0008508597723149847   14   12    8    6
 -0.001377871163706363   14   12    8    7
 -0.007847584803985248   14   12    8    8
 -0.0006122811419280241   14   12    9    1
 -0.007039023371458401   14   12    9    2
 -0.003608278963439672   14   12    9    3
 -0.002810748827398758   14   12    9    4
 0.0002672814813943156   14   12    9    5
 0.002044511741212689   14   12    9    6
 0.002951325166195085   14   12    9    7
 -0.001761363557028633   14   12    9    8
 -0.002777633205030293   14   12    9    9
 -4.320151002300871e-05   14   12   10    1
 -0.0009611201403847351   14   12   10    2
 -0.0001959960837134034   14   12   10    3
 0.0006118777094666574   14   12   10    4
 0.000236419028428472   14   12   10    5
 -0.002467460611255674   14   12   10    6
 0.001031778141609018   14   12   10    7
 -0.0008608530771177968   14   12   10    8
 -0.0007614775966997836   14   12   10    9
 -0.00760571849615635   14   12   10   10
 -0.001756505172676262   14   12   11    1
 0.00565977178560033   14   12   11    2
 -0.009124731282770861   14   12   11    3
 0.00353534143603416   14   12   11    4
 0.0007509859723517818   14   12   11    5
 0.001264259470300626   14   12   11    6
 0.001311999424054073   14   12   11    7
 0.002561055806721096   14   12   11    8
 -0.002047716770441951   14   12   11    9
 0.001990012568109837   14   12   11   10
 -0.005849866784332337   14   12   11   11
 -0.001584302107950396   14   12   12    1
 0.0002043225426760424   14   12   12    2
 -0.001358787630303964   14   12   12    3
 -0.003236808543920092   14   12   12    4
 0.006397854856210815   14   12   12    5
 0.0006952255186757609   14   12   12    6
 -0.0008778717480781973   14   12   12    7
 -0.002950626169123141   14   12   12    8
 -0.001326624515690939   14   12   12    9
 0.0004982973958806842   14   12   12   10
 -0.002183338217537766   14   12   12   11
 -0.008758533666687765   14   12   12   12
 -4.991064717296551e-05   14   12   13    1
 4.094859262130704e-05   14   12   13    2
 0.0001631735991845628   14   12   13    3
 0.001298586997365083   14   12   13    4
 0.0004679148032470608   14   12   13    5
 -0.001216312617823571   14   12   13    6
 0.0003758376927039642   14   12   13    7
 -0.000390236406721807   14   12   13    8
 -0.0004109146570035894   14   12   13    9
 0.001584567214709977   14   12   13   10
 -0.0007781444069108464   14   12   13   11
 0.001018167489131985   14   12   13   12
 -0.0009780717529127567   14   12   13   13
 1.473210633703842e-05   14   12   14    1
 0.00026558475188791   14   12   14    2
 -8.41741851495447e-05   14   12   14    3
 -0.0002778510827643602   14   12   14    4
 -0.001021080686083594   14   12   14    5
 0.0004375017748977206   14   12   14    6
 -0.0008293864597526376   14   12   14    7
 -0.0007329230797913315   14   12   14    8
 0.0009716767037522791   14   12   14    9
 -0.0005713940960366958   14   12   14   10
 -0.00201236078292019   14   12   14   11
 0.004652854892067164   14   12   14   12
 -0.01871595081028284   14   13    1    1
 -4.814026345897936e-05   14   13    2    1
 -0.07377625351846261   14   13    2    2
 -0.0001283542939353732   14   13    3    1
 0.004163547291422079   14   13    3    2
 -0.02960192689109018   14   13    3    3
 9.66995263804746e-06   14   13    4    1
 0.004652050559530935   14   13    4    2
 0.0008046325348973997   14   13    4    3
 -0.0531615885930868   14   13    4    4
 -0.0002944195825691337   14   13    5    1
 0.00348888645377067   14   13    5    2
 -0.01388240614495596   14   13    5    3
 0.002090052759620865   14   13    5    4
 -0.07002569549613866   14   13    5    5
 -6.890759152140359e-05   14   13    6    1
 0.003592027377357616   14   13    6    2
 -0.004318824233498918   14   13    6    3
 0.00303408549478317   14   13    6    4
 0.007570618004700757   14   13    6    5
 -0.05309567973554146   14   13    6    6
 -0.0002311788568531862   14   13    7    1
 0.009859817195998242   14   13    7    2
 -0.004330762181520686   14   13    7    3
 -0.003133757933444239   14   13    7    4
 -0.0008051196658654413   14   13    7    5
 0.001150988480047443   14   13    7    6
 -0.03923690847488646   14   13    7    7
 0.0007477916526273794   14   13    8    1
 -0.004516277927415189   14   13    8    2
 0.009118926361321009   14   13    8    3
 0.006183232809061994   14   13    8    4
 -0.0156771197046572   14   13    8    5
 -0.008443027865328709   14   13    8    6
 -0.007871191536063587   14   13    8    7
 -0.03750012273606752   14   13    8    8
 0.0005266275337766893   14   13    9    1
 0.007194025033462642   14   13    9    2
 0.005538972247397694   14   13    9    3
 0.002245782573243202   14   13    9    4
 -0.01394497191211668   14   13    9    5
 -0.005815098847740744   14   13    9    6
 0.008342154445893006   14   13    9    7
 0.006834709823312749   14   13    9    8
 -0.04123844145072426   14   13    9    9
 0.0005914936760374664   14   13   10    1
 -0.0002420648934822847   14   13   10    2
 0.002736439057337817   14   13   10    3
 -0.006266460379369852   14   13   10    4
 -0.008111649421261717   14   13   10    5
 0.01607708378304685   14   13   10    6
 -0.001359146126831871   14   13   10    7
 0.004669671551939369   14   13   10    8
 0.001975936432951437   14   13   10    9
 -0.02714838838494904   14   13   10   10
 0.0001622300293450143   14   13   11    1
 -0.0003097857615625447   14   13   11    2
 0.001566454412822439   14   13   11    3
 -0.0002607671164311124   14   13   11    4
 -0.001299951814111709   14   13   11    5
 -0.0002567742473125635   14   13   11    6
 -0.01037443268676895   14   13   11    7
 -0.01041281831499444   14   13   11    8
 0.01415524618876799   14   13   11    9
 0.0004897569321678239   14   13   11   10
 -0.04351268836005976   14   13   11   11
 8.171202005487052e-05   14   13   12    1
 -0.001134641942541123   14   13   12    2
 0.000437332806512492   14   13   12    3
 0.002153679618990928   14   13   12    4
 -0.0009452375288216582   14   13   12    5
 -0.0005549915148204787   14   13   12    6
 -0.006838184266462147   14   13   12    7
 -0.004552356183455822   14   13   12    8
 0.003007578854875084   14   13   12    9
 0.0002779120877251959   14   13   12   10
 0.01995157284799158   14   13   12   11
 -0.04728826423455593   14   13   12   12
 -0.0001385359489075661   14   13   13    1
 -0.001318191116381115   14   13   13    2
 0.0001609308879332444   14   13   13    3
 0.009887238164237233   14   13   13    4
 -0.00143376726044602   14   13   13    5
 0.001034737915992891   14   13   13    6
 0.0009406484153161699   14   13   13    7
 -0.002539916751481369   14   13   13    8
 -3.040925838701481e-05   14   13   13    9
 -0.004188455769991846   14   13   13   10
 0.0002852567934385529   14   13   13   11
 0.001747207430955276   14   13   13   12
 -0.0529951514648723   14   13   13   13
 0.0001317240931319001   14   13   14    1
 0.0002385683114718824   14   13   14    2
 -0.0008239041501063902   14   13   14    3
 0.001313502135054858   14   13   14    4
 0.002107194707032834   14   13   14    5
 -0.0006607672744610173   14   13   14    6
 -0.00330718641912855   14   13   14    7
 0.007227542575803344   14   13   14    8
 0.002808042116038258   14   13   14    9
 0.005061929505567755   14   13   14   10
 0.000416771965678572   14   13   14   11
 0.001209634815116517   14   13   14   12
 0.03982043051726355   14   13   14   13
 0.2225056006447804   14   14    1    1
 -4.088397643240495e-06   14   14    2    1
 0.2257074812334138   14   14    2    2
 -0.0003722310016415041   14   14    3    1
 -0.002247755152772739   14   14    3    2
 0.2147761941861931   14   14    3    3
 -4.352290837649071e-05   14   14    4    1
 -0.0007558906840155969   14   14    4    2
 0.0007553904537376827   14   14    4    3
 0.1927839336648773   14   14    4    4
 0.000229475884050559   14   14    5    1
 -0.00455926587378002   14   14    5    2
 0.001622440652043538   14   14    5    3
 -0.0004153883229258619   14   14    5    4
 0.2230795428607507   14   14    5    5
 0.0002267218859329885   14   14    6    1
 -0.005819392329770247   14   14    6    2
 -0.001207959240431449   14   14    6    3
 -0.002416556792606994   14   14    6    4
 -0.007782715757232511   14   14    6    5
 0.2015915207467738   14   14    6    6
 -1.152804342607569e-05   14   14    7    1
 -0.001050309358039999   14   14    7    2
 -9.547471089426305e-06   14   14    7    3
 0.001096880365758701   14   14    7    4
 0.0009844471417585418   14   14    7    5
 0.00118551759991953   14   14    7    6
 0.1873584199574793   14   14    7    7
 -0.0004453998759751848   14   14    8    1
 -0.003305972596095062   14   14    8    2
 -0.00208384751092253   14   14    8    3
 -0.001502911421104338   14   14    8    4
 -0.00084755277455736   14   14    8    5
 -0.006053556808020191   14   14    8    6
 0.005381043288480242   14   14    8    7
 0.2120612516948016   14   14    8    8
 -0.0001362589969829156   14   14    9    1
 -0.001631359676859788   14   14    9    2
 0.0008827195826289778   14   14    9    3
 0.001165152182750035   14   14    9    4
 0.0001866617448349197   14   14    9    5
 -0.004284258167437755   14   14    9    6
 -0.01909511283448835   14   14    9    7
 0.004800657198325721   14   14    9    8
 0.199618746687323   14   14    9    9
 8.348525648093282e-05   14   14   10    1
 0.00271695097611229   14   14   10    2
 0.002641982328428489   14   14   10    3
 -0.0008932272095895755   14   14   10    4
 0.004052594220084891   14   14   10    5
 0.004035006853167982   14   14   10    6
 -0.003657434167596516   14   14   10    7
 0.006104115362011972   14   14   10    8
 0.00213976548640417   14   14   10    9
 0.2097587061251034   14   14   10   10
 0.0002458902464664393   14   14   11    1
 -0.0008401908897501073   14   14   11    2
 0.002274904304141077   14   14   11    3
 -0.0001147707306108274   14   14   11    4
 -0.0007120232484324364   14   14   11    5
 -0.0007176555930726235   14   14   11    6
 0.0001165574732045041   14   14   11    7
 0.003192830538031611   14   14   11    8
 -0.003886341921668128   14   14   11    9
 -0.0001469504050974582   14   14   11   10
 0.2160533943469   14   14   11   11
 0.0002321545789437682   14   14   12    1
 0.0005081426023762298   14   14   12    2
 0.000871871963751529   14   14   12    3
 -8.417347738063044e-05   14   14   12    4
 -0.001051511811139217   14   14   12    5
 -0.001129867420593689   14   14   12    6
 0.001517239067992709   14   14   12    7
 -0.002734399011662687   14   14   12    8
 0.006240313235805282   14   14   12    9
 0.0009108062088742061   14   14   12   10
 -0.001123653750931245   14   14   12   11
 0.2113556110520747   14   14   12   12
 2.266470692312995e-05   14   14   13    1
 0.0001426520877918194   14   14   13    2
 -0.0006323668347017412   14   14   13    3
 -0.01297869020886173   14   14   13    4
 7.872280509729521e-05   14   14   13    5
 0.001926548619274571   14   14   13    6
 -0.002616631247759164   14   14   13    7
 0.003078190621320375   14   14   13    8
 8.144460399805876e-05   14   14   13    9
 -0.003948706630375631   14   14   13   10
 0.00103762102313698   14   14   13   11
 0.0009746364956362132   14   14   13   12
 0.2060917600664983   14   14   13   13
 4.524304180760786e-06   14   14   14    1
 -0.003831112988834428   14   14   14    2
 0.001016476975542358   14   14   14    3
 1.950680877870335e-05   14   14   14    4
 -0.0007022334396596015   14   14   14    5
 -0.00234524062168036   14   14   14    6
 0.0008450706852001936   14   14   14    7
 -0.0009824743717345261   14   14   14    8
 0.0001658800680761393   14   14   14    9
 0.00162871768793016   14   14   14   10
 0.0006365139065803901   14   14   14   11
 0.0008253748805248771   14   14   14   12
 0.01720277296684185   14   14   14   13
 0.265308684854045   14   14   14   14
 0.1183426240251605   15    1    1    1
 -0.0009711532689877682   15    1    2    1
 -0.001010705323855621   15    1    2    2
 -0.01697626091894261   15    1    3    1
 -0.000503577848429007   15    1    3    2
 -0.0005769554485029173   15    1    3    3
 -0.0003391988896524902   15    1    4    1
 0.0001993610743678124   15    1    4    2
 0.0009638819328454547   15    1    4    3
 -0.0005302258125400276   15    1    4    4
 0.005260752398813861   15    1    5    1
 -0.0002701933177887229   15    1    5    2
 -0.002285342958548737   15    1    5    3
 -0.0003156315925597165   15    1    5    4
 0.0006775903408043509   15    1    5    5
 0.001298113203983894   15    1    6    1
 -3.373806464399896e-05   15    1    6    2
 -0.004055538094881271   15    1    6    3
 1.15761898089301e-05   15    1    6    4
 0.001843301353589755   15    1    6    5
 0.0005521345273555666   15    1    6    6
 -0.0005517288097868726   15    1    7    1
 -1.641628399563586e-05   15    1    7    2
 -0.001868800483651501   15    1    7    3
 -0.0001452688065391576   15    1    7    4
 0.0007466547256528418   15    1    7    5
 0.0005814389910001258   15    1    7    6
 -0.0005699798899286187   15    1    7    7
 -0.00177707773579969   15    1    8    1
 -7.263886655247563e-05   15    1    8    2
 0.004693336951015179   15    1    8    3
 0.000675143361675261   15    1    8    4
 -0.002551187223351498   15    1    8    5
 -0.00232172475557893   15    1    8    6
 -0.0009061060129184268   15    1    8    7
 0.002709542072648665   15    1    8    8
 -6.809844802544279e-05   15    1    9    1
 0.0001919381198281671   15    1    9    2
 0.004732977963035314   15    1    9    3
 0.0005099352027486377   15    1    9    4
 -0.002178179953376445   15    1    9    5
 -0.001898728696998139   15    1    9    6
 -0.0005315188807424109   15    1    9    7
 0.002566990572942511   15    1    9    8
 0.001455699402235716   15    1    9    9
 -0.002833158828827701   15    1   10    1
 -0.000141901248274423   15    1   10    2
 -0.003505489160492108   15    1   10    3
 -0.0005584618250847498   15    1   10    4
 0.001172290641084821   15    1   10    5
 0.001930340004836006   15    1   10    6
 -2.652034630283279e-05   15    1   10    7
 -0.0007154014797162032   15    1   10    8
 -0.0007161033042434011   15    1   10    9
 0.002528159426112077   15    1   10   10
 0.002044358240709746   15    1   11    1
 0.0001057515390473655   15    1   11    2
 0.002427691118395045   15    1   11    3
 0.0001155413313435228   15    1   11    4
 -0.0009195877157451929   15    1   11    5
 -0.0005632708407504723   15    1   11    6
 -0.0004046292259873574   15    1   11    7
 0.0003691842809687904   15    1   11    8
 0.0009618070976273532   15    1   11    9
 -2.585467684705772e-05   15    1   11   10
 0.0009317094200067762   15    1   11   11
 0.001134460925500026   15    1   12    1
 -3.134187106585738e-06   15    1   12    2
 0.001483856994201221   15    1   12    3
 0.0002094165236207268   15    1   12    4
 -0.0007559584846534952   15    1   12    5
 -0.0004987418807135747   15    1   12    6
 -0.001160205448321309   15    1   12    7
 -0.0003249689129986182   15    1   12    8
 0.001501630155288837   15    1   12    9
 -4.245255392617007e-05   15    1   12   10
 0.002093881283348835   15    1   12   11
 0.0002131893939222064   15    1   12   12
 0.0004211636496665774   15    1   13    1
 -7.805216119637693e-05   15    1   13    2
 0.0001219403398749246   15    1   13    3
 0.0003433871852771154   15    1   13    4
 -9.349801307523683e-06   15    1   13    5
 -0.0003651504386176343   15    1   13    6
 5.70552544187147e-05   15    1   13    7
 -0.0002546916001090585   15    1   13    8
 -2.126678839595075e-05   15    1   13    9
 -0.000472588882777787   15    1   13   10
 5.615734863772815e-05   15    1   13   11
 -1.927861436522535e-05   15    1   13   12
 -0.0008778930528644051   15    1   13   13
 0.003039490499910349   15    1   14    1
 -3.115809042993124e-05   15    1   14    2
 -6.9494823869091e-05   15    1   14    3
 -0.0001448036884031313   15    1   14    4
 -5.281729851393471e-05   15    1   14    5
 0.0005051145297805274   15    1   14    6
 6.257710119004576e-05   15    1   14    7
 -2.676969645613877e-05   15    1   14    8
 -0.0003002395915035981   15    1   14    9
 0.0007250555632958486   15    1   14   10
 -0.0003259376899577516   15    1   14   11
 -0.0002639675398937891   15    1   14   12
 0.0002825139562232607   15    1   14   13
 2.07050082507886e-05   15    1   14   14
 0.007685863940033954   15    1   15    1
 -0.01670565691974315   15    2    1    1
 -5.491611210490242e-06   15    2    2    1
 -0.02056506303748315   15    2    2    2
 0.0002908378440926056   15    2    3    1
 0.004225713204970202   15    2    3    2
 -0.005968144987962284   15    2    3    3
 4.51237794927252e-05   15    2    4    1
 0.005172075710575507   15    2    4    2
 -0.001484208762933261   15    2    4    3
 -0.00352715227557692   15    2    4    4
 -9.81110494538208e-05   15    2    5    1
 -0.0005270643885267071   15    2    5    2
 0.002893061632752489   15    2    5    3
 0.0005233950330735502   15    2    5    4
 -0.009245178274781567   15    2    5    5
 -0.0001330151492746204   15    2    6    1
 0.007248355697209013   15    2    6    2
 0.001310291081446602   15    2    6    3
 -0.0003863147364471605   15    2    6    4
 0.0008716917854924251   15    2    6    5
 -0.006347370174831472   15    2    6    6
 -4.142588579533375e-05   15    2    7    1
 0.003264151524591931   15    2    7    2
 0.000963035119105378   15    2    7    3
 -0.001156915894744987   15    2    7    4
 0.0005949493452489568   15    2    7    5
 -0.0008027009014114493   15    2    7    6
 -0.007596510411087296   15    2    7    7
 -5.231912144835015e-06   15    2    8    1
 -0.002391342462077239   15    2    8    2
 -0.003969845491503075   15    2    8    3
 0.0008153358075851221   15    2    8    4
 0.0001893984151249379   15    2    8    5
 0.001804276791848706   15    2    8    6
 0.001302474484574546   15    2    8    7
 -0.01006326849296147   15    2    8    8
 8.578791361523431e-05   15    2    9    1
 0.001034618278160863   15    2    9    2
 -0.002907527520297496   15    2    9    3
 0.001097505356396084   15    2    9    4
 -0.00159475577791344   15    2    9    5
 3.37799972520894e-05   15    2    9    6
 0.0004559168424292119   15    2    9    7
 0.0005010467591479985   15    2    9    8
 -0.008822016273219007   15    2    9    9
 -0.0001963334108770749   15    2   10    1
 -0.003050904601799311   15    2   10    2
 -0.0008181259546197102   15    2   10    3
 2.455460314279781e-06   15    2   10    4
 -0.0002175555623017742   15    2   10    5
 0.001320588392000653   15    2   10    6
 0.0009055504532874409   15    2   10    7
 -0.00129648540687872   15    2   10    8
 0.0001948678627991096   15    2   10    9
 -0.01218622126635388   15    2   10   10
 0.0001226080858342007   15    2   11    1
 -0.001863908061674717   15    2   11    2
 0.0005639387790242393   15    2   11    3
 -0.0001629724148739942   15    2   11    4
 -9.776696275403302e-05   15    2   11    5
 -0.0002199800879971681   15    2   11    6
 -0.003857391852508418   15    2   11    7
 -0.002822142007774732   15    2   11    8
 0.004268971189753241   15    2   11    9
 7.571674338387645e-05   15    2   11   10
 -0.01360655123034481   15    2   11   11
 0.0001090781548321032   15    2   12    1
 0.000529916188046676   15    2   12    2
 0.001184505598190048   15    2   12    3
 -0.0002961620940903457   15    2   12    4
 0.0007552102621111546   15    2   12    5
 0.0002308403191882722   15    2   12    6
 0.004995029500312127   15    2   12    7
 0.005221009543817227   15    2   12    8
 -0.005706848882557378   15    2   12    9
 -0.0001651687565942754   15    2   12   10
 -0.001521587734240773   15    2   12   11
 -0.002197654587071476   15    2   12   12
 1.868914779582799e-05   15    2   13    1
 -0.002899447173187091   15    2   13    2
 0.001675616622837506   15    2   13    3
 -0.001158122460365045   15    2   13    4
 0.002046128881863464   15    2   13    5
 0.005986094507858526   15    2   13    6
 0.0009381466568301979   15    2   13    7
 0.002302144790348553   15    2   13    8
 0.001553725983417976   15    2   13    9
 -0.001997998124728496   15    2   13   10
 -0.000489030381204978   15    2   13   11
 0.001494038108183607   15    2   13   12
 -0.007502857178148813   15    2   13   13
 -5.584847557556876e-05   15    2   14    1
 0.009988032029519721   15    2   14    2
 -0.0006375005926865544   15    2   14    3
 -0.0006456783536975604   15    2   14    4
 -0.002185100315205662   15    2   14    5
 -0.00325273124595175   15    2   14    6
 0.002025586455807867   15    2   14    7
 -0.001854502918267222   15    2   14    8
 -0.0003497659365431735   15    2   14    9
 0.001434653045792857   15    2   14   10
 0.0003626641565891917   15    2   14   11
 0.0001359153596835489   15    2   14   12
 0.002014640726999974   15    2   14   13
 -0.004379142501297145   15    2   14   14
 -4.536382254389634e-05   15    2   15    1
 0.01440931182012034   15    2   15    2
 -0.1457578671346827   15    3    1    1
 -0.0001469305047775841   15    3    2    1
 0.01617031850945272   15    3    2    2
 0.003009195830457893   15    3    3    1
 -0.004270829202128248   15    3    3    2
 -0.05648944240130756   15    3    3    3
 0.0007660434288221255   15    3    4    1
 -0.003659662992955378   15    3    4    2
 -0.001910033711719795   15    3    4    3
 0.006869574496263533   15    3    4    4
 -0.002476168018845322   15    3    5    1
 0.004899145254713359   15    3    5    2
 0.0175388645339969   15    3    5    3
 -0.001648226762845279   15    3    5    4
 0.002940154406424757   15    3    5    5
 -0.003317354649872956   15    3    6    1
 -0.001645948511262666   15    3    6    2
 0.004753680368898562   15    3    6    3
 -0.002161007045657172   15    3    6    4
 -0.001529657357134642   15    3    6    5
 0.002733700107552524   15    3    6    6
 -0.001435932492906805   15    3    7    1
 -0.00158758994072844   15    3    7    2
 -0.003064198048264483   15    3    7    3
 0.0006517440790995667   15    3    7    4
 -0.002196807923656004   15    3    7    5
 -0.0003547118338958629   15    3    7    6
 0.00286648291738133   15    3    7    7
 0.004075169552764104   15    3    8    1
 0.004231231572979717   15    3    8    2
 -0.001649028020445704   15    3    8    3
 -0.003007972858927602   15    3    8    4
 0.01199259771124657   15    3    8    5
 0.007110298014938637   15    3    8    6
 0.002901929764872522   15    3    8    7
 -0.02082747501320398   15    3    8    8
 0.003953758155932244   15    3    9    1
 0.001377364496037044   15    3    9    2
 0.002744689478508704   15    3    9    3
 -0.00175920032439576   15    3    9    4
 0.005721748632945675   15    3    9    5
 0.005028477085660494   15    3    9    6
 0.004720304730037972   15    3    9    7
 -0.01073528084706706   15    3    9    8
 -0.006713856175392911   15    3    9    9
 -0.002808847202390019   15    3   10    1
 0.001113122647542633   15    3   10    2
 -0.008925229524330865   15    3   10    3
 0.008057544715641466   15    3   10    4
 0.009581769959029421   15    3   10    5
 -0.02534780122695545   15    3   10    6
 0.005231356264264715   15    3   10    7
 -0.01092112638596169   15    3   10    8
 -0.003727656428479412   15    3   10    9
 -0.05560013841362349   15    3   10   10
 0.00197521097293016   15    3   11    1
 0.0006577549658189186   15    3   11    2
 0.00707880929544152   15    3   11    3
 -0.0001126639272101239   15    3   11    4
 -0.001450929536834331   15    3   11    5
 -0.001013022799515693   15    3   11    6
 0.01275583376760614   15    3   11    7
 0.0139539797433277   15    3   11    8
 -0.0151714120491036   15    3   11    9
 -0.001136852124696248   15    3   11   10
 -0.02987691055127813   15    3   11   11
 0.001474543468620736   15    3   12    1
 0.0005925176960307051   15    3   12    2
 0.003419214409431314   15    3   12    3
 -0.0008485699432228856   15    3   12    4
 -0.000715212144041844   15    3   12    5
 -0.001542459138617998   15    3   12    6
 0.01637537284152852   15    3   12    7
 0.01733552259410832   15    3   12    8
 -0.01480491343751755   15    3   12    9
 -0.001327796556382682   15    3   12   10
 -0.03434061989424553   15    3   12   11
 -0.006204181834257834   15    3   12   12
 8.835558577435505e-05   15    3   13    1
 0.002772757531327327   15    3   13    2
 0.002181902803572135   15    3   13    3
 -0.005792268616295295   15    3   13    4
 -0.0003056124502851584   15    3   13    5
 0.005626226959759516   15    3   13    6
 -0.001277102281887286   15    3   13    7
 0.004265651486606354   15    3   13    8
 0.0006022314488126179   15    3   13    9
 0.006190951642098694   15    3   13   10
 -0.0008547578798390759   15    3   13   11
 -0.0002360669512470367   15    3   13   12
 0.01109230262317294   15    3   13   13
 -0.0001519108915809146   15    3   14    1
 -0.00091240430688644   15    3   14    2
 0.00929938609856569   15    3   14    3
 0.001156917961079727   15    3   14    4
 0.0004146919619529011   15    3   14    5
 -0.001447415129620079   15    3   14    6
 0.0013559425221169   15    3   14    7
 -0.00311818336561945   15    3   14    8
 -0.001691802512318072   15    3   14    9
 -0.001126566756613688   15    3   14   10
 -0.000711426862042225   15    3   14   11
 -0.0001557344192696533   15    3   14   12
 -0.002907457030139895   15    3   14   13
 0.0003120318312188784   15    3   14   14
 0.001300633885644274   15    3   15    1
 0.001094656560469807   15    3   15    2
 0.02499383793504886   15    3   15    3
 0.0003271374858971694   15    4    1    1
 -1.019594457423125e-05   15    4    2    1
 0.01824013316433024   15    4    2    2
 -0.0001028226701614287   15    4    3    1
 -0.003895097421703893   15    4    3    2
 -0.005565648988598796   15    4    3    3
 -1.229107212953218e-05   15    4    4    1
 0.003402575825670273   15    4    4    2
 0.001290560518166132   15    4    4    3
 0.009559634639524145   15    4    4    4
 -9.055856706748166e-05   15    4    5    1
 -0.002290244716838995   15    4    5    2
 0.001608449338277237   15    4    5    3
 0.001278133193242292   15    4    5    4
 0.01718800233654312   15    4    5    5
 2.727459801790179e-05   15    4    6    1
 -0.003483201293394398   15    4    6    2
 -0.004165935463686032   15    4    6    3
 0.0030920160326874   15    4    6    4
 -0.005597234885923867   15    4    6    5
 0.0006118722688762805   15    4    6    6
 -0.0001017689310009056   15    4    7    1
 -0.00331557345918395   15    4    7    2
 -0.0009010152374415541   15    4    7    3
 0.0001724035958270199   15    4    7    4
 -0.0002400244196870758   15    4    7    5
 0.0004684342937465108   15    4    7    6
 0.010027094949906   15    4    7    7
 0.0002818239962705021   15    4    8    1
 0.001253418249172983   15    4    8    2
 0.00344817022802104   15    4    8    3
 -0.0007117492212479221   15    4    8    4
 0.003900007205436208   15    4    8    5
 0.0007160277144540631   15    4    8    6
 0.0002858278487713016   15    4    8    7
 0.003882138701514205   15    4    8    8
 0.0002053378626113225   15    4    9    1
 -0.0005388183716364133   15    4    9    2
 0.003160473569830795   15    4    9    3
 -0.0015499005139164   15    4    9    4
 0.004177560186815771   15    4    9    5
 0.001432817535000231   15    4    9    6
 0.00261950149480539   15    4    9    7
 -0.004732847518214339   15    4    9    8
 0.01070405494172602   15    4    9    9
 0.0002932679684579468   15    4   10    1
 0.002240977312869279   15    4   10    2
 0.0007602696193452806   15    4   10    3
 0.003047404957818122   15    4   10    4
 0.004423665021933243   15    4   10    5
 -0.00529817655178282   15    4   10    6
 0.0005061952325121037   15    4   10    7
 -0.000347358932172573   15    4   10    8
 0.0004088855749973569   15    4   10    9
 0.00356967290718436   15    4   10   10
 8.768665039378352e-05   15    4   11    1
 -9.769924782121337e-05   15    4   11    2
 0.0008040512394855666   15    4   11    3
 -0.0002935564292520734   15    4   11    4
 0.0004336540175276312   15    4   11    5
 4.889475697763459e-05   15    4   11    6
 0.01024185298637932   15    4   11    7
 0.009400479337534262   15    4   11    8
 -0.0115616149315734   15    4   11    9
 -0.0007753729287273448   15    4   11   10
 0.01460410357505543   15    4   11   11
 5.933369262813023e-05   15    4   12    1
 -0.0002724365150823559   15    4   12    2
 -0.0003523498277514849   15    4   12    3
 -0.0001583869869882116   15    4   12    4
 -0.0004426762086664487   15    4   12    5
 -0.0007580504956103536   15    4   12    6
 -0.008584179803805764   15    4   12    7
 -0.00586891170499702   15    4   12    8
 0.007350554445380168   15    4   12    9
 5.940691413598867e-05   15    4   12   10
 -0.006322675084752403   15    4   12   11
 -0.003700097473485022   15    4   12   12
 -5.179118882846559e-05   15    4   13    1
 -0.003882155911480973   15    4   13    2
 -0.00299240000723598   15    4   13    3
 -0.007616089049969152   15    4   13    4
 -0.008806149551664271   15    4   13    5
 -0.01466261649093357   15    4   13    6
 0.0004492794857637086   15    4   13    7
 -0.006560261423487761   15    4   13    8
 -0.003782291033570437   15    4   13    9
 0.005292702443928712   15    4   13   10
 0.0005694776698673316   15    4   13   11
 -0.002406595926930878   15    4   13   12
 0.007404080110025053   15    4   13   13
 5.738039201029035e-05   15    4   14    1
 -0.004088838309454883   15    4   14    2
 0.001321466621745317   15    4   14    3
 -0.003576267581425042   15    4   14    4
 0.00160416873689141   15    4   14    5
 0.001962088138341524   15    4   14    6
 0.001255347390730245   15    4   14    7
 0.000536805763660257   15    4   14    8
 0.001094064362569105   15    4   14    9
 -0.001943938119139691   15    4   14   10
 0.0004166620187309463   15    4   14   11
 -0.0001344575369211169   15    4   14   12
 -0.005215809366568824   15    4   14   13
 0.00511898771389559   15    4   14   14
 0.0001133160165837565   15    4   15    1
 -0.004107921729682043   15    4   15    2
 -0.001964709975947657   15    4   15    3
 0.01500461882850897   15    4   15    4
 0.05067959061058762   15    5    1    1
 4.470823732973549e-05   15    5    2    1
 0.01678080519725261   15    5    2    2
 -0.0006550461474976156   15    5    3    1
 0.006286594951533314   15    5    3    2
 0.0435003433984483   15    5    3    3
 -0.0003133665986075376   15    5    4    1
 -0.002070344680282573   15    5    4    2
 -0.0008623918193680645   15    5    4    3
 0.01241944227025771   15    5    4    4
 0.0006472938816478368   15    5    5    1
 0.01557124012034314   15    5    5    2
 -0.0009454951233197461   15    5    5    3
 0.002188305319346244   15    5    5    4
 0.01660619791275936   15    5    5    5
 0.001353961111071005   15    5    6    1
 -0.002709123956842564   15    5    6    2
 0.005862361293118725   15    5    6    3
 -0.009511151355769158   15    5    6    4
 -0.001093481907397121   15    5    6    5
 0.02428395996389332   15    5    6    6
 0.0004712350191340815   15    5    7    1
 0.0007456499171237314   15    5    7    2
 0.003792676707915365   15    5    7    3
 0.0004996762301111462   15    5    7    4
 0.001095846043426604   15    5    7    5
 -0.0009056332229197287   15    5    7    6
 0.01469223945571796   15    5    7    7
 -0.001215936969145462   15    5    8    1
 0.002459943688146957   15    5    8    2
 -0.008524863287832451   15    5    8    3
 -0.002345253029021602   15    5    8    4
 -0.003896305674590929   15    5    8    5
 -0.0001331694843246257   15    5    8    6
 0.004188847789410937   15    5    8    7
 0.02842608226898737   15    5    8    8
 -0.001346717960194879   15    5    9    1
 -0.001070369489153692   15    5    9    2
 -0.008464933762756562   15    5    9    3
 -3.082002449432419e-05   15    5    9    4
 -0.004061531729694836   15    5    9    5
 -0.0009412617303123379   15    5    9    6
 -0.01238718780472246   15    5    9    7
 0.001645738399033215   15    5    9    8
 0.0176572481236765   15    5    9    9
 0.001766811163336529   15    5   10    1
 0.001919004453946801   15    5   10    2
 0.005680218342133015   15    5   10    3
 0.001081001283204979   15    5   10    4
 -0.004607415740020078   15    5   10    5
 0.005646469315336695   15    5   10    6
 -0.002146649675989033   15    5   10    7
 0.003693095975548557   15    5   10    8
 0.0007127980779804218   15    5   10    9
 0.03150695929287386   15    5   10   10
 -0.0007945053201822188   15    5   11    1
 0.0007136871202038775   15    5   11    2
 -0.003917321830803261   15    5   11    3
 0.001023765953938229   15    5   11    4
 0.0002028551462717611   15    5   11    5
 0.000388843119177574   15    5   11    6
 -0.008061837151053805   15    5   11    7
 -0.007428604960331964   15    5   11    8
 0.007154408271935571   15    5   11    9
 0.0004691423196026852   15    5   11   10
 0.02508424812857341   15    5   11   11
 -0.000606362663694206   15    5   12    1
 0.001487789695683555   15    5   12    2
 -0.0005784686661390798   15    5   12    3
 -0.001627211513591332   15    5   12    4
 0.002280472024781483   15    5   12    5
 0.001061437181083594   15    5   12    6
 0.009605602612988404   15    5   12    7
 0.004154765950036572   15    5   12    8
 -0.005529579410607738   15    5   12    9
 0.0002365223331116096   15    5   12   10
 0.003407781852830677   15    5   12   11
 0.0400253310424225   15    5   12   12
 -0.000141025395028847   15    5   13    1
 0.00299601028858142   15    5   13    2
 -0.0004193337662431864   15    5   13    3
 -0.01108250709114224   15    5   13    4
 -0.002240461436674103   15    5   13    5
 0.007372570912147467   15    5   13    6
 -0.001239400147574332   15    5   13    7
 0.002219508707337449   15    5   13    8
 -0.001012581882485013   15    5   13    9
 -0.006426495507454972   15    5   13   10
 -0.0003856283538684062   15    5   13   11
 0.002177403592289639   15    5   13   12
 0.01546781709371624   15    5   13   13
 2.202185448522347e-05   15    5   14    1
 -0.002329225023569827   15    5   14    2
 0.0004440934257082871   15    5   14    3
 0.003013321623011331   15    5   14    4
 0.008453965553136289   15    5   14    5
 -0.003216320778423372   15    5   14    6
 -0.0002506449072327782   15    5   14    7
 -0.00103767344984105   15    5   14    8
 -0.0005591057331050814   15    5   14    9
 0.001389210119284097   15    5   14   10
 0.0001665222392666761   15    5   14   11
 -3.258867959913858e-05   15    5   14   12
 -0.0014026323946446   15    5   14   13
 0.002059721030491849   15    5   14   14
 -0.0007295048821618039   15    5   15    1
 -0.0009933298114638406   15    5   15    2
 -0.001355066959584381   15    5   15    3
 -0.002062005306110534   15    5   15    4
 0.01069712587752165   15    5   15    5
 -0.01409564776712234   15    6    1    1
 6.415522357696797e-05   15    6    2    1
 0.03817992118643394   15    6    2    2
 0.0004121520609058194   15    6    3    1
 -0.000254383347346988   15    6    3    2
 0.015458788599212   15    6    3    3
 5.503322579913277e-05   15    6    4    1
 -0.002939524225678092   15    6    4    2
 -0.004005425932949037   15    6    4    3
 0.01702847041259763   15    6    4    4
 0.0003197386401393371   15    6    5    1
 0.00474557929599341   15    6    5    2
 0.00968773438318264   15    6    5    3
 -0.004209474147383104   15    6    5    4
 0.02611654907584334   15    6    5    5
 -0.0001274964066209619   15    6    6    1
 -0.00214100275464428   15    6    6    2
 0.01143203587539509   15    6    6    3
 -0.006267149523028663   15    6    6    4
 -0.006289875346479751   15    6    6    5
 0.0277713075930523   15    6    6    6
 0.0004246396587453091   15    6    7    1
 -0.003275128298950523   15    6    7    2
 0.003986090783397757   15    6    7    3
 0.001846371121844348   15    6    7    4
 -0.001883617772521621   15    6    7    5
 -0.001165352588151715   15    6    7    6
 0.009666919341442166   15    6    7    7
 -0.000835246586915193   15    6    8    1
 0.003457468830060049   15    6    8    2
 -0.01219618059476442   15    6    8    3
 -0.003721005853863777   15    6    8    4
 0.008530550489464073   15    6    8    5
 0.0007436045375489954   15    6    8    6
 0.01004008559794411   15    6    8    7
 0.01304487106604339   15    6    8    8
 -0.0007598049401665581   15    6    9    1
 -0.001328760247898612   15    6    9    2
 -0.009015467009413967   15    6    9    3
 -0.0005822287807761812   15    6    9    4
 0.005526911296704908   15    6    9    5
 0.0001144462737560316   15    6    9    6
 -0.01532496562504571   15    6    9    7
 -0.007411036243343171   15    6    9    8
 0.01091785210101745   15    6    9    9
 -0.001143971487062298   15    6   10    1
 0.002822159869890565   15    6   10    2
 -0.002305868560730615   15    6   10    3
 0.002246631838548778   15    6   10    4
 0.005410488039993444   15    6   10    5
 -0.00740472393574926   15    6   10    6
 -0.0007329191990271357   15    6   10    7
 5.669405021249176e-05   15    6   10    8
 0.0009891035462763378   15    6   10    9
 -0.0008429988954693161   15    6   10   10
 -0.0005359106147917444   15    6   11    1
 3.307372685346598e-05   15    6   11    2
 -0.002156737475922766   15    6   11    3
 0.0001946500804426888   15    6   11    4
 0.0009430239305647764   15    6   11    5
 0.0007785070436964634   15    6   11    6
 0.003039560668926817   15    6   11    7
 0.00436907351187025   15    6   11    8
 -0.008379000722258756   15    6   11    9
 0.0007259746281120978   15    6   11   10
 0.01930876212030639   15    6   11   11
 -0.0004028895074477711   15    6   12    1
 0.0003377419383204507   15    6   12    2
 -0.001214896460935669   15    6   12    3
 -0.001517035257015462   15    6   12    4
 0.001090841011711057   15    6   12    5
 -0.000241612788036464   15    6   12    6
 0.0137043764648129   15    6   12    7
 0.007532648826906661   15    6   12    8
 -0.007315150043531951   15    6   12    9
 0.001251629669525702   15    6   12   10
 -0.01835089652683712   15    6   12   11
 0.03435154156772361   15    6   12   12
 0.0001947033154272127   15    6   13    1
 0.007601639390547209   15    6   13    2
 0.00377573145785175   15    6   13    3
 -0.02084739707638191   15    6   13    4
 0.003096943364893389   15    6   13    5
 0.01438063741444656   15    6   13    6
 -0.003163196828731365   15    6   13    7
 0.006846309246687954   15    6   13    8
 0.001163337633064189   15    6   13    9
 -0.005921914438812817   15    6   13   10
 -0.000136511775629772   15    6   13   11
 0.001001249900681172   15    6   13   12
 0.01479694923712324   15    6   13   13
 -0.0002154217865683616   15    6   14    1
 -0.005142043648540734   15    6   14    2
 0.001667373928273477   15    6   14    3
 0.001720138341714553   15    6   14    4
 0.001578265416810772   15    6   14    5
 -0.004142317355821806   15    6   14    6
 0.0009191932880481036   15    6   14    7
 -0.00407423611635247   15    6   14    8
 -0.001806226641171882   15    6   14    9
 0.0006089028849240333   15    6   14   10
 0.0003882721743429191   15    6   14   11
 -0.0001585483829265967   15    6   14   12
 -0.006668358880245858   15    6   14   13
 0.006496689163143122   15    6   14   14
 -0.0004203558109670426   15    6   15    1
 0.001825704569412559   15    6   15    2
 0.008327688097602232   15    6   15    3
 -0.002050852758339994   15    6   15    4
 0.005316089410146102   15    6   15    5
 0.02077473594314347   15    6   15    6
 -0.03613967070404507   15    7    1    1
 7.809786955813991e-06   15    7    2    1
 0.002817933000406254   15    7    2    2
 0.0003871000995989445   15    7    3    1
 -0.000594310877484883   15    7    3    2
 -0.01762666569814171   15    7    3    3
 -1.148118411490402e-05   15    7    4    1
 -0.001510085251133988   15    7    4    2
 -0.00114441276027987   15    7    4    3
 -0.0008517787792063865   15    7    4    4
 -0.0001848590340469996   15    7    5    1
 0.001623206222194723   15    7    5    2
 0.005941214008731922   15    7    5    3
 -0.0002824290647304197   15    7    5    4
 -0.001854923794951031   15    7    5    5
 0.0001014933968301364   15    7    6    1
 -0.001420580888928276   15    7    6    2
 0.003813625251027482   15    7    6    3
 0.0003022837327855803   15    7    6    4
 -0.002956007327315029   15    7    6    5
 -0.004602661723919705   15    7    6    6
 -0.0003854783967104158   15    7    7    1
 0.001420355468572538   15    7    7    2
 0.002297490177715905   15    7    7    3
 4.668175972329165e-05   15    7    7    4
 0.001072057380295382   15    7    7    5
 0.0003705413537006039   15    7    7    6
 -0.002381171738555374   15    7    7    7
 -0.0002211512976747476   15    7    8    1
 0.004255462520403127   15    7    8    2
 -0.003038339130490472   15    7    8    3
 -0.001774001210992326   15    7    8    4
 0.008417630339393694   15    7    8    5
 0.005976160976053253   15    7    8    6
 0.0009649897489276503   15    7    8    7
 -0.01430806054675766   15    7    8    8
 0.0004442176665085712   15    7    9    1
 -0.001622079125601198   15    7    9    2
 -0.00343327808453739   15    7    9    3
 -0.000695081422254631   15    7    9    4
 0.0004400623744357784   15    7    9    5
 0.001061637000581264   15    7    9    6
 0.001443908604124579   15    7    9    7
 -0.005616201259873907   15    7    9    8
 -0.006217669489650806   15    7    9    9
 0.000510648547285191   15    7   10    1
 0.001190053659243226   15    7   10    2
 0.001196662976615759   15    7   10    3
 0.00236877351376507   15    7   10    4
 0.001477133528831378   15    7   10    5
 -0.008084470709770274   15    7   10    6
 0.002217349867274689   15    7   10    7
 -0.0028211021961437   15    7   10    8
 0.0009342310885238365   15    7   10    9
 -0.01810155091542546   15    7   10   10
 0.000997344326467328   15    7   11    1
 -0.0008428573813552146   15    7   11    2
 0.001197452049003359   15    7   11    3
 0.002317106609782704   15    7   11    4
 -0.001245115395958904   15    7   11    5
 -0.0008328502676137388   15    7   11    6
 0.004129162644553562   15    7   11    7
 0.005470907368060763   15    7   11    8
 -0.004834195964926479   15    7   11    9
 0.0005689011877845877   15    7   11   10
 -0.01200302012558769   15    7   11   11
 0.0008667680942815635   15    7   12    1
 0.004088098161491754   15    7   12    2
 0.006547843496290099   15    7   12    3
 -0.003985111063091571   15    7   12    4
 0.004280011643736703   15    7   12    5
 0.002763267529425472   15    7   12    6
 0.002879470420868486   15    7   12    7
 0.003634276795727974   15    7   12    8
 -0.005244475115942933   15    7   12    9
 -0.0003424743875065846   15    7   12   10
 -0.01021192357466836   15    7   12   11
 -0.007653047341575087   15    7   12   12
 -4.561446048623728e-05   15    7   13    1
 0.001495957242156345   15    7   13    2
 2.037321899139909e-05   15    7   13    3
 -0.0015071902872138   15    7   13    4
 -0.000407526265664179   15    7   13    5
 -0.0002193681983848785   15    7   13    6
 0.003615246177704149   15    7   13    7
 0.001358437990339553   15    7   13    8
 0.0001526047990032964   15    7   13    9
 0.0026851792895591   15    7   13   10
 -0.002152498053224043   15    7   13   11
 0.004449640436465179   15    7   13   12
 0.001264372918254563   15    7   13   13
 -5.394438976366698e-05   15    7   14    1
 0.002331939791546873   15    7   14    2
 0.001544830853270285   15    7   14    3
 0.000489225093167144   15    7   14    4
 -0.000572897829622848   15    7   14    5
 -0.0002023644978262258   15    7   14    6
 0.002800645316626771   15    7   14    7
 -0.001301362540968466   15    7   14    8
 -0.0002367853885706112   15    7   14    9
 -0.001216820750291703   15    7   14   10
 -0.0005185472488470722   15    7   14   11
 0.0009198315964277403   15    7   14   12
 -0.0007591043853261858   15    7   14   13
 -0.003172632487515235   15    7   14   14
 -5.407560988948757e-05   15    7   15    1
 0.005855932138820755   15    7   15    2
 0.003750797860380615   15    7   15    3
 -0.0006929713053735771   15    7   15    4
 -0.0008444250492187388   15    7   15    5
 0.002352103486960487   15    7   15    6
 0.01136041087306016   15    7   15    7
 0.0414756483969619   15    8    1    1
 1.194771963025722e-05   15    8    2    1
 -0.01148662290114947   15    8    2    2
 -0.0001074087893103112   15    8    3    1
 0.001433651528264306   15    8    3    2
 0.01588758851696922   15    8    3    3
 0.0001616475387410995   15    8    4    1
 0.001257251252271692   15    8    4    2
 0.002081636451446996   15    8    4    3
 -0.01180188751552155   15    8    4    4
 0.0001927285774179899   15    8    5    1
 0.0006186334662985097   15    8    5    2
 -0.009088290535603687   15    8    5    3
 -0.0001365115645828394   15    8    5    4
 -0.007300209143857123   15    8    5    5
 -0.0005194931796737165   15    8    6    1
 0.0008231864264284147   15    8    6    2
 -0.007695246188529705   15    8    6    3
 -0.001491251872198831   15    8    6    4
 0.004293448534816715   15    8    6    5
 -0.005750155002246984   15    8    6    6
 -0.000383590669404832   15    8    7    1
 0.007426969955214411   15    8    7    2
 -0.0007507877991484625   15    8    7    3
 -0.001784133304718324   15    8    7    4
 0.004116963582181134   15    8    7    5
 0.004361939551248382   15    8    7    6
 -0.007251339592417598   15    8    7    7
 -0.000868713020891062   15    8    8    1
 -0.0009214672974226216   15    8    8    2
 0.006383202539470996   15    8    8    3
 0.002344420754820613   15    8    8    4
 -0.007798427820349451   15    8    8    5
 -0.008149749511216171   15    8    8    6
 -0.003567449764391399   15    8    8    7
 0.009744042918965535   15    8    8    8
 0.0005062518411925386   15    8    9    1
 0.0004945614871573333   15    8    9    2
 0.004035610373758663   15    8    9    3
 0.001729025962827315   15    8    9    4
 -0.0109042381184593   15    8    9    5
 -0.008336633092344647   15    8    9    6
 -0.004460674475783488   15    8    9    7
 0.01031202918258479   15    8    9    8
 0.001022461698425471   15    8    9    9
 -0.001649680452799366   15    8   10    1
 -0.000294771825411312   15    8   10    2
 -0.004981455542188168   15    8   10    3
 -0.004370996476302584   15    8   10    4
 -0.0007313839082546006   15    8   10    5
 0.01505251665809106   15    8   10    6
 -0.003331820707077407   15    8   10    7
 0.002537217146084668   15    8   10    8
 -1.738074195746985e-05   15    8   10    9
 0.01570819392291604   15    8   10   10
 0.00156980029317984   15    8   11    1
 -0.0002693305403136117   15    8   11    2
 0.002574238108886396   15    8   11    3
 0.003035114582613351   15    8   11    4
 -0.002900706215379069   15    8   11    5
 -0.001615671920567138   15    8   11    6
 -0.006785673748071928   15    8   11    7
 -0.003861104072339564   15    8   11    8
 0.009228560760220791   15    8   11    9
 0.001111751332258985   15    8   11   10
 0.004715303026877516   15    8   11   11
 0.001383954649666424   15    8   12    1
 0.004154403455942039   15    8   12    2
 0.007078927507528164   15    8   12    3
 -0.003350308618390889   15    8   12    4
 0.00267873812080687   15    8   12    5
 0.002288870684436554   15    8   12    6
 -0.004750164178360435   15    8   12    7
 -0.005278391638954439   15    8   12    8
 0.005385074399554805   15    8   12    9
 7.583216941798516e-05   15    8   12   10
 0.01467479568769233   15    8   12   11
 -0.0006970645848433987   15    8   12   12
 0.0002679413448640611   15    8   13    1
 0.001162651847718674   15    8   13    2
 0.0008696180277567224   15    8   13    3
 -0.003293632979032979   15    8   13    4
 0.001080151201199762   15    8   13    5
 0.0028244412410847   15    8   13    6
 -7.288667395553191e-05   15    8   13    7
 0.002329859687565422   15    8   13    8
 -0.000833116904670221   15    8   13    9
 -0.006469260144998036   15    8   13   10
 -0.001612585406070052   15    8   13   11
 0.004796634905675924   15    8   13   12
 -0.01448833086187914   15    8   13   13
 -8.937460312269034e-05   15    8   14    1
 -0.001455777268675892   15    8   14    2
 -0.002380640303351928   15    8   14    3
 0.0006266269414391245   15    8   14    4
 0.0001921686883106743   15    8   14    5
 -0.0009398984678285778   15    8   14    6
 -0.001294750691245225   15    8   14    7
 0.00446092708657789   15    8   14    8
 0.0001563715088004739   15    8   14    9
 0.003867073820170372   15    8   14   10
 -0.001113547428250638   15    8   14   11
 -0.0009213724433319136   15    8   14   12
 0.00673049992589558   15    8   14   13
 0.004076162412422534   15    8   14   14
 0.0004723252871548402   15    8   15    1
 -0.001149675099263865   15    8   15    2
 -0.003119059255175454   15    8   15    3
 -0.00118351451869223   15    8   15    4
 0.0005012490305606789   15    8   15    5
 -0.001192515675575314   15    8   15    6
 -0.002097407392437326   15    8   15    7
 0.0127198417658606   15    8   15    8
 0.04934781657808103   15    9    1    1
 -1.560145317942233e-05   15    9    2    1
 -0.008916759639692576   15    9    2    2
 -0.000574649275680034   15    9    3    1
 0.0003935781543189327   15    9    3    2
 0.01475167957663841   15    9    3    3
 3.704440083506825e-05   15    9    4    1
 0.00358286348284774   15    9    4    2
 0.002357354500631567   15    9    4    3
 -0.009716929570591708   15    9    4    4
 0.0003209461388536569   15    9    5    1
 -0.002530972488745764   15    9    5    2
 -0.009038640039635644   15    9    5    3
 0.00163506256760293   15    9    5    4
 -0.005468768960772937   15    9    5    5
 -0.0001730287054213711   15    9    6    1
 -0.0006935587279965495   15    9    6    2
 -0.00768235009997192   15    9    6    3
 0.002654555562459303   15    9    6    4
 0.001651913701193977   15    9    6    5
 -0.008033281614898866   15    9    6    6
 0.0003670000167789337   15    9    7    1
 0.0002400842487354888   15    9    7    2
 -0.002431337966504871   15    9    7    3
 0.0007304457904687195   15    9    7    4
 -0.002345263152996532   15    9    7    5
 -0.001757626803256935   15    9    7    6
 -0.009976944892047028   15    9    7    7
 -1.731253890505744e-05   15    9    8    1
 -0.003684686342199684   15    9    8    2
 0.004797399084111399   15    9    8    3
 0.003593968907659456   15    9    8    4
 -0.01088781768468336   15    9    8    5
 -0.01033018742552907   15    9    8    6
 -0.001145893821158948   15    9    8    7
 0.007825940541123563   15    9    8    8
 -0.0004685176373080953   15    9    9    1
 0.002743689033856859   15    9    9    2
 0.005297556962126286   15    9    9    3
 0.003073335858255736   15    9    9    4
 -0.004414830976180051   15    9    9    5
 -0.006030747491991506   15    9    9    6
 -0.006777516692628393   15    9    9    7
 0.007069449197805678   15    9    9    8
 -0.002168534622067733   15    9    9    9
 -0.0009339528624598987   15    9   10    1
 0.001240904477144396   15    9   10    2
 -0.003412976095116136   15    9   10    3
 -0.005214240101559161   15    9   10    4
 0.0002907639611182681   15    9   10    5
 0.01485579071780217   15    9   10    6
 -0.0004973308322005554   15    9   10    7
 0.003671142984924951   15    9   10    8
 0.0005873262544509098   15    9   10    9
 0.01636109503388412   15    9   10   10
 -0.0008122153390041485   15    9   11    1
 0.0006810209824131611   15    9   11    2
 -0.0005201239759485474   15    9   11    3
 -0.002326654981162918   15    9   11    4
 0.0003984968418135603   15    9   11    5
 -0.0003977358680391805   15    9   11    6
 -0.004809047628466569   15    9   11    7
 -0.003605965866356458   15    9   11    8
 0.004143862325408303   15    9   11    9
 -0.0005729924790598542   15    9   11   10
 0.01119014023531559   15    9   11   11
 -0.0006980408400934302   15    9   12    1
 -0.005263668154878666   15    9   12    2
 -0.005080379866366456   15    9   12    3
 0.004839776627403743   15    9   12    4
 -0.004073785272674651   15    9   12    5
 -0.003448253013591256   15    9   12    6
 -0.008136351893113146   15    9   12    7
 -0.007361884808470834   15    9   12    8
 0.009694286940464258   15    9   12    9
 0.0008270172626433898   15    9   12   10
 0.01424307194919042   15    9   12   11
 -0.001757787160342615   15    9   12   12
 0.0001170177698992498   15    9   13    1
 0.0002138691783744933   15    9   13    2
 -0.0006990507557403705   15    9   13    3
 -0.001590880770746037   15    9   13    4
 -0.001738244997809991   15    9   13    5
 0.0003581211575775814   15    9   13    6
 -0.0001115255020736934   15    9   13    7
 -0.001549104532632039   15    9   13    8
 0.002066208135480082   15    9   13    9
 -0.005698220979513909   15    9   13   10
 0.002500029081080183   15    9   13   11
 -0.0037018611334619   15    9   13   12
 -0.01553541064331345   15    9   13   13
 5.122632305228424e-05   15    9   14    1
 -0.0005764438846950359   15    9   14    2
 -0.002931876758483153   15    9   14    3
 0.0004698575481022408   15    9   14    4
 -0.0002098683960422741   15    9   14    5
 -0.0001454192256237646   15    9   14    6
 -0.0009296043741717688   15    9   14    7
 0.001243464779225793   15    9   14    8
 0.002050464098311296   15    9   14    9
 0.002884212819874755   15    9   14   10
 0.0001750932672912192   15    9   14   11
 -0.001079124994297986   15    9   14   12
 0.005488063676076459   15    9   14   13
 0.001321948388739889   15    9   14   14
 0.0001806921339248347   15    9   15    1
 0.001533698473907046   15    9   15    2
 -0.007751043597213429   15    9   15    3
 0.001088113090160822   15    9   15    4
 -0.002095908923169915   15    9   15    5
 -0.001524908736047376   15    9   15    6
 -0.0006259233896377608   15    9   15    7
 0.002572102408358448   15    9   15    8
 0.01221805697119925   15    9   15    9
 -0.08563440460660617   15   10    1    1
 7.651272544876371e-05   15   10    2    1
 -0.01237756064090943   15   10    2    2
 0.001216975819732681   15   10    3    1
 -0.001706743784251151   15   10    3    2
 -0.04546288435196563   15   10    3    3
 0.0006021586749287731   15   10    4    1
 -0.000781082674323408   15   10    4    2
 0.001704544789623072   15   10    4    3
 -0.003155184289329285   15   10    4    4
 0.0001012470859743621   15   10    5    1
 -0.0009382470345266896   15   10    5    2
 0.01142195953370585   15   10    5    3
 0.0008270103726303883   15   10    5    4
 -0.01803108493981872   15   10    5    5
 -0.002408489805432703   15   10    6    1
 0.001994631429685498   15   10    6    2
 -0.005647209346562547   15   10    6    3
 0.000296077208557347   15   10    6    4
 0.003178203025701636   15   10    6    5
 -0.01366209115101208   15   10    6    6
 0.0004232275798158878   15   10    7    1
 0.0008462793790861146   15   10    7    2
 0.001467286407824104   15   10    7    3
 -0.0001351855244919237   15   10    7    4
 -0.003072109739048606   15   10    7    5
 -0.002220752122221026   15   10    7    6
 0.0002292358190565976   15   10    7    7
 -0.0003780695090044949   15   10    8    1
 0.001332982791221916   15   10    8    2
 -0.004411134669033195   15   10    8    3
 -0.002097212989353748   15   10    8    4
 0.009927414389585287   15   10    8    5
 0.01074601025838655   15   10    8    6
 -0.003364899025599341   15   10    8    7
 -0.02898712556575943   15   10    8    8
 3.849176983159648e-05   15   10    9    1
 0.002390457347368274   15   10    9    2
 -0.002721801665905259   15   10    9    3
 -0.003011591736076395   15   10    9    4
 0.006085528651309099   15   10    9    5
 0.008787434752259111   15   10    9    6
 0.0171529418099785   15   10    9    7
 -0.008721010533216814   15   10    9    8
 -0.01315930484725135   15   10    9    9
 -0.006192562687131882   15   10   10    1
 -0.003244483180823578   15   10   10    2
 -0.02181707787396817   15   10   10    3
 0.006344075090727323   15   10   10    4
 0.006840173761142154   15   10   10    5
 -0.01712093687969499   15   10   10    6
 0.004028508079318626   15   10   10    7
 -0.00979997330271393   15   10   10    8
 -0.001759853523392625   15   10   10    9
 -0.0449935413431129   15   10   10   10
 -0.0002093690575950876   15   10   11    1
 -0.0002525709885435495   15   10   11    2
 -0.0008443291800165056   15   10   11    3
 -0.001127367959199019   15   10   11    4
 0.0008311857403775898   15   10   11    5
 0.0016816375217669   15   10   11    6
 0.007788382506855876   15   10   11    7
 0.005761430838537927   15   10   11    8
 -0.007276143323125115   15   10   11    9
 0.001737835208862027   15   10   11   10
 -0.03184624979749657   15   10   11   11
 -0.0001821963974476209   15   10   12    1
 -0.0001943393226145517   15   10   12    2
 -0.001464323421033426   15   10   12    3
 -0.0001175896165267137   15   10   12    4
 0.0005730866489323705   15   10   12    5
 0.001125638488672628   15   10   12    6
 0.001825240109715114   15   10   12    7
 0.005289855468254745   15   10   12    8
 -0.006712003616255035   15   10   12    9
 5.503007428514183e-06   15   10   12   10
 -0.01378601864259007   15   10   12   11
 -0.02721515938417505   15   10   12   12
 0.0007972680225440583   15   10   13    1
 -0.003054770330413473   15   10   13    2
 0.001258320985366147   15   10   13    3
 0.007744914995203436   15   10   13    4
 -0.00396241030962338   15   10   13    5
 -0.008168831973982446   15   10   13    6
 0.001635262222756678   15   10   13    7
 -0.002495217724302945   15   10   13    8
 -0.001014782773959724   15   10   13    9
 0.01150066663740029   15   10   13   10
 -0.0007346635612408366   15   10   13   11
 -0.001760733645415336   15   10   13   12
 0.003057908677921897   15   10   13   13
 -0.0004673352197303581   15   10   14    1
 0.002604954054331106   15   10   14    2
 0.003159790555362167   15   10   14    3
 -0.0013966375451183   15   10   14    4
 -0.001031517409610547   15   10   14    5
 0.00267544799203862   15   10   14    6
 0.0006080971513965161   15   10   14    7
 0.0009585658206970087   15   10   14    8
 0.001232673971287233   15   10   14    9
 0.0005221914051530236   15   10   14   10
 0.0003168747567458041   15   10   14   11
 0.0006606187340402048   15   10   14   12
 0.0001867674501654536   15   10   14   13
 -0.004226508969449303   15   10   14   14
 0.0004576185450070048   15   10   15    1
 0.0005758829446570828   15   10   15    2
 0.008506498630525003   15   10   15    3
 0.001352202736079085   15   10   15    4
 -0.005014160844639545   15   10   15    5
 -0.003402649745607314   15   10   15    6
 0.001139454838374668   15   10   15    7
 -0.001748946735093635   15   10   15    8
 -0.003266465703884718   15   10   15    9
 0.01650638809459238   15   10   15   10
 0.05758446507895733   15   11    1    1
 -2.841230670555058e-05   15   11    2    1
 -0.005510972205056338   15   11    2    2
 -0.000846399081207613   15   11    3    1
 0.002911115549319864   15   11    3    2
 0.02791707760481448   15   11    3    3
 -9.276671415682748e-05   15   11    4    1
 1.28869954174407e-05   15   11    4    2
 0.001029112728092029   15   11    4    3
 -0.001940617133558991   15   11    4    4
 0.0004072701008882265   15   11    5    1
 0.001687163773163693   15   11    5    2
 -0.007583110573851747   15   11    5    3
 0.0002759005617876183   15   11    5    4
 0.0006257956266138232   15   11    5    5
 0.0001874985406127311   15   11    6    1
 0.000697619909061668   15   11    6    2
 -0.003317438270540713   15   11    6    3
 -0.002989835299439891   15   11    6    4
 0.003298482277998427   15   11    6    5
 0.006803702233637058   15   11    6    6
 0.001214510479147223   15   11    7    1
 -0.001582553021081814   15   11    7    2
 0.003141176153774532   15   11    7    3
 0.002103634370740602   15   11    7    4
 -0.001126095340126928   15   11    7    5
 -0.000582152588403468   15   11    7    6
 0.002278487995325729   15   11    7    7
 0.0008583840506303621   15   11    8    1
 -0.003136133053478436   15   11    8    2
 0.005279571867580041   15   11    8    3
 0.00278093506558835   15   11    8    4
 -0.01017664712781593   15   11    8    5
 -0.00507793455223619   15   11    8    6
 -0.001073523621166833   15   11    8    7
 0.01672420746365101   15   11    8    8
 -0.001573494663960716   15   11    9    1
 0.001395619239359288   15   11    9    2
 -0.002711841129008455   15   11    9    3
 -0.001234609872681267   15   11    9    4
 -0.002810318076186677   15   11    9    5
 -0.00435159309178313   15   11    9    6
 -0.004618757932601109   15   11    9    7
 0.007476427266949264   15   11    9    8
 0.005648832237347865   15   11    9    9
 -0.0001694888262020124   15   11   10    1
 -0.000759089760073867   15   11   10    2
 -0.0009331165201815893   15   11   10    3
 -0.0030305742297914   15   11   10    4
 -0.003022312216086634   15   11   10    5
 0.01126409637114082   15   11   10    6
 -0.0009999380046006028   15   11   10    7
 0.00290994148712545   15   11   10    8
 -0.0003570080986524991   15   11   10    9
 0.02614456738795658   15   11   10   10
 -0.003483902580230145   15   11   11    1
 -0.001563424428625956   15   11   11    2
 -0.01091017447790317   15   11   11    3
 0.001815512662980358   15   11   11    4
 0.003515760886157388   15   11   11    5
 0.003056872917113883   15   11   11    6
 -0.008856688078904636   15   11   11    7
 -0.009559928809978767   15   11   11    8
 0.01064747519677577   15   11   11    9
 -0.002043485300602949   15   11   11   10
 0.0149550025245516   15   11   11   11
 -0.003083752704626126   15   11   12    1
 -0.002941285774171729   15   11   12    2
 -0.01092441365846932   15   11   12    3
 0.001148891084620277   15   11   12    4
 -0.0004918821276057203   15   11   12    5
 -0.002171260843169928   15   11   12    6
 -0.002747994362790798   15   11   12    7
 -0.005020757099639279   15   11   12    8
 0.003138972280505499   15   11   12    9
 -0.0003187978245128692   15   11   12   10
 0.01629902571531669   15   11   12   11
 0.01299294017493062   15   11   12   12
 -4.752098426267642e-05   15   11   13    1
 -0.0006155843695025537   15   11   13    2
 -0.000280612111438013   15   11   13    3
 0.001180421370097824   15   11   13    4
 0.0005869039293259259   15   11   13    5
 0.0001470706179498606   15   11   13    6
 -0.001511377762812516   15   11   13    7
 -0.00264115968069119   15   11   13    8
 0.001893603233634863   15   11   13    9
 -0.003179954640102903   15   11   13   10
 9.088127860355617e-05   15   11   13   11
 -0.001622961282765246   15   11   13   12
 -0.001157060401437136   15   11   13   13
 0.0001560847393434458   15   11   14    1
 0.0008452124995174399   15   11   14    2
 -0.002766579279860658   15   11   14    3
 0.0005547793936808889   15   11   14    4
 0.0009597434765054607   15   11   14    5
 4.415342181232664e-05   15   11   14    6
 -0.001029046221476068   15   11   14    7
 0.0001824098358481988   15   11   14    8
 0.0003349871212752528   15   11   14    9
 0.001524207043654967   15   11   14   10
 0.002380168904422449   15   11   14   11
 0.0004446481526108004   15   11   14   12
 0.0009667903000317627   15   11   14   13
 -0.0007363622840423498   15   11   14   14
 -0.0002820201982369788   15   11   15    1
 -0.0003554167913406533   15   11   15    2
 -0.007331049448909228   15   11   15    3
 -0.0007857267002411714   15   11   15    4
 0.001638319113849414   15   11   15    5
 -0.001577057264225454   15   11   15    6
 -0.003473731539789689   15   11   15    7
 -0.000782364728408648   15   11   15    8
 0.003895533644914338   15   11   15    9
 -0.002973929314952955   15   11   15   10
 0.008979457363759562   15   11   15   11
 0.04372217397611074   15   12    1    1
 -2.482760602994748e-05   15   12    2    1
 0.01572211568138736   15   12    2    2
 -0.0005172942418499272   15   12    3    1
 0.002467780714723292   15   12    3    2
 0.02896932248324576   15   12    3    3
 -6.160200532281685e-05   15   12    4    1
 -0.001593184058473822   15   12    4    2
 -0.0004403886980425656   15   12    4    3
 0.01214075056391201   15   12    4    4
 0.0002999793417656716   15   12    5    1
 0.005740096070244011   15   12    5    2
 -0.0009239905876303681   15   12    5    3
 -0.001449088467925159   15   12    5    4
 0.01839227242057638   15   12    5    5
 7.79733674591749e-05   15   12    6    1
 -0.001666171934126927   15   12    6    2
 -0.0007310388136346523   15   12    6    3
 -0.003669329716122676   15   12    6    4
 -0.0005645913267259795   15   12    6    5
 0.01815288572219413   15   12    6    6
 0.001189209519762597   15   12    7    1
 0.005964849310212238   15   12    7    2
 0.01297265701266754   15   12    7    3
 -0.004124472148193727   15   12    7    4
 0.007527016020504402   15   12    7    5
 0.005124488211381347   15   12    7    6
 0.009926783511516898   15   12    7    7
 0.0008981070095859663   15   12    8    1
 0.007523412041575156   15   12    8    2
 0.00766758346909754   15   12    8    3
 -0.003731270526215351   15   12    8    4
 0.001667888075639274   15   12    8    5
 -0.0002524727023236154   15   12    8    6
 0.002092095595810833   15   12    8    7
 0.01979800240718233   15   12    8    8
 -0.001515298333631396   15   12    9    1
 -0.009394665355839309   15   12    9    2
 -0.01233726587360732   15   12    9    3
 0.002948511118183857   15   12    9    4
 -0.005273510465381434   15   12    9    5
 -0.003265474719243122   15   12    9    6
 -0.009285900305212908   15   12    9    7
 0.002605247551190639   15   12    9    8
 0.01851055918849629   15   12    9    9
 -0.0002999112911070536   15   12   10    1
 0.0005113222460963099   15   12   10    2
 -0.00172624706568357   15   12   10    3
 -0.0006447211091626573   15   12   10    4
 0.0003444355470660354   15   12   10    5
 0.00478283577491171   15   12   10    6
 -0.001965505680929569   15   12   10    7
 0.00164808607004481   15   12   10    8
 -0.001530867222995404   15   12   10    9
 0.02389092641536637   15   12   10   10
 -0.003503564448818264   15   12   11    1
 -0.001047837250272606   15   12   11    2
 -0.01994532380608418   15   12   11    3
 0.002296521005403179   15   12   11    4
 0.001579609104220237   15   12   11    5
 -0.003794143164324107   15   12   11    6
 -0.004267388369994293   15   12   11    7
 -0.001617586987383394   15   12   11    8
 0.004356103552837736   15   12   11    9
 -0.0001534462641609017   15   12   11   10
 0.02450512839398874   15   12   11   11
 -0.003170018473779666   15   12   12    1
 0.0109267801068606   15   12   12    2
 0.0004741152392073409   15   12   12    3
 -0.009067955639476447   15   12   12    4
 0.01534850497834577   15   12   12    5
 0.01085993136531413   15   12   12    6
 0.0009111875955954329   15   12   12    7
 -0.003870075735942679   15   12   12    8
 -0.001458558312518831   15   12   12    9
 -0.003279453726266056   15   12   12   10
 0.005109227060815845   15   12   12   11
 0.02373885246521983   15   12   12   12
 -3.685512367587856e-05   15   12   13    1
 0.002418689553326207   15   12   13    2
 0.0005800675813751818   15   12   13    3
 -0.005649975832593556   15   12   13    4
 0.001550001364561248   15   12   13    5
 0.003119224793984685   15   12   13    6
 0.004076178100967822   15   12   13    7
 0.005033326053883048   15   12   13    8
 -0.004462461967203069   15   12   13    9
 -0.003681152700476789   15   12   13   10
 -0.002450136251322831   15   12   13   11
 0.0115809219538598   15   12   13   12
 0.0117920384913374   15   12   13   13
 9.738224228372956e-05   15   12   14    1
 -0.0006376768194880896   15   12   14    2
 -0.001136817679588846   15   12   14    3
 0.0002884828474504544   15   12   14    4
 0.002278746210817492   15   12   14    5
 -0.0005400062222751853   15   12   14    6
 0.0007374841859854524   15   12   14    7
 -0.001542792761669822   15   12   14    8
 -0.0006651116062081077   15   12   14    9
 0.000229327345878844   15   12   14   10
 0.0005640141324056845   15   12   14   11
 0.003891762255846844   15   12   14   12
 -0.005589733671082499   15   12   14   13
 -0.001675737452677506   15   12   14   14
 -0.0003863283223224656   15   12   15    1
 0.001343823364806417   15   12   15    2
 -0.002451357123790868   15   12   15    3
 -0.001463050526542579   15   12   15    4
 0.005489728641841025   15   12   15    5
 0.003829394954298255   15   12   15    6
 0.003471278156608278   15   12   15    7
 0.001528474248853453   15   12   15    8
 -0.003625014702158333   15   12   15    9
 -0.003572311715692525   15   12   15   10
 0.001435194958353601   15   12   15   11
 0.01964687418524834   15   12   15   12
 0.03152186378862393   15   13    1    1
 1.445350494240439e-05   15   13    2    1
 0.006718708786076662   15   13    2    2
 -4.075732855462923e-05   15   13    3    1
 0.005506639187494449   15   13    3    2
 0.0345342560884101   15   13    3    3
 -0.0001800918472766176   15   13    4    1
 -0.02271673820892133   15   13    4    2
 -0.004979804075031572   15   13    4    3
 -0.01650194321667557   15   13    4    4
 7.220320445500121e-06   15   13    5    1
 0.01180408628610902   15   13    5    2
 -0.004526746829107008   15   13    5    3
 -0.01441860827198481   15   13    5    4
 -0.0007706619943708373   15   13    5    5
 0.0006726022106350921   15   13    6    1
 0.007865540951476886   15   13    6    2
 0.01587240735147544   15   13    6    3
 -0.04488546473587075   15   13    6    4
 0.01584045722185737   15   13    6    5
 0.04505012567522665   15   13    6    6
 6.649850101925774e-05   15   13    7    1
 0.001491693299947045   15   13    7    2
 0.0008090682811739338   15   13    7    3
 -0.000853545262890223   15   13    7    4
 -0.001671149560804972   15   13    7    5
 -0.004318420076947076   15   13    7    6
 0.04278312538831798   15   13    7    7
 -9.150504291299583e-05   15   13    8    1
 0.006068836900670602   15   13    8    2
 -0.003200743314060481   15   13    8    3
 -0.01686777741159321   15   13    8    4
 -0.0008461512335608626   15   13    8    5
 0.009392776473483131   15   13    8    6
 -0.009016171852335155   15   13    8    7
 0.03017804645485519   15   13    8    8
 -0.0003216133353873151   15   13    9    1
 0.003854692390362753   15   13    9    2
 -0.006140270250338831   15   13    9    3
 -0.01195119478512899   15   13    9    4
 -0.004254647098316979   15   13    9    5
 0.003606630772852992   15   13    9    6
 0.01429889413861206   15   13    9    7
 0.006219858360805647   15   13    9    8
 0.02657738537402943   15   13    9    9
 0.001558465791978996   15   13   10    1
 -0.006212949735339407   15   13   10    2
 0.007010205272804436   15   13   10    3
 0.01368115187469844   15   13   10    4
 -0.01603964376902477   15   13   10    5
 -0.0109528146881958   15   13   10    6
 0.004479547907782802   15   13   10    7
 -0.008597696853187752   15   13   10    8
 -0.004635909163952188   15   13   10    9
 0.03363852348985906   15   13   10   10
 -0.0002948203630484237   15   13   11    1
 0.0002294003813867134   15   13   11    2
 -0.002762413914282647   15   13   11    3
 0.0009036615317500145   15   13   11    4
 0.0001161285103008969   15   13   11    5
 0.0008755239626091443   15   13   11    6
 -0.01519881662407658   15   13   11    7
 -0.01596852538057323   15   13   11    8
 0.02085312544070044   15   13   11    9
 -7.090152993409386e-05   15   13   11   10
 0.001533556387250064   15   13   11   11
 -0.0002329396336156333   15   13   12    1
 0.001872110401778717   15   13   12    2
 0.0002058089304564917   15   13   12    3
 -0.003304320737344327   15   13   12    4
 0.001927732419348357   15   13   12    5
 0.002254831525006052   15   13   12    6
 0.01602335127296132   15   13   12    7
 0.01422396480055725   15   13   12    8
 -0.01782744349010133   15   13   12    9
 -0.002251939011317876   15   13   12   10
 0.007151632223827959   15   13   12   11
 0.04193885716155817   15   13   12   12
 -0.0001889023061846834   15   13   13    1
 0.006413890949449244   15   13   13    2
 0.002972133989332367   15   13   13    3
 -0.004754966377654318   15   13   13    4
 0.006472723336534268   15   13   13    5
 -0.01098336889495804   15   13   13    6
 0.001649308179664912   15   13   13    7
 -0.005320376147305522   15   13   13    8
 -0.005754487642434874   15   13   13    9
 0.01309492298795148   15   13   13   10
 -0.0004920298742104659   15   13   13   11
 -0.0008899841889819512   15   13   13   12
 0.03643568309951429   15   13   13   13
 3.864980282114899e-05   15   13   14    1
 0.001655175542416073   15   13   14    2
 -0.001421396789365029   15   13   14    3
 -0.0004436405387555563   15   13   14    4
 0.001882649985228538   15   13   14    5
 -0.000322386209110786   15   13   14    6
 0.00187639544716019   15   13   14    7
 0.001444995403996707   15   13   14    8
 0.002648333249987851   15   13   14    9
 -0.001161805575070611   15   13   14   10
 -0.0004345928834130599   15   13   14   11
 -0.0009601591441698302   15   13   14   12
 -0.01189420120769808   15   13   14   13
 -0.0104818727967831   15   13   14   14
 -0.0004261773037977649   15   13   15    1
 3.358469300168679e-05   15   13   15    2
 0.003503035537329443   15   13   15    3
 0.000979849587504941   15   13   15    4
 0.005368737613527303   15   13   15    5
 0.004063666280547649   15   13   15    6
 0.0006706504038370146   15   13   15    7
 -0.0006297139652322364   15   13   15    8
 -0.00510748560110524   15   13   15    9
 0.002444587598425861   15   13   15   10
 0.0001636914382715999   15   13   15   11
 0.003617935992391792   15   13   15   12
 0.03700064374296431   15   13   15   13
 0.05951831144257063   15   14    1    1
 2.198653006603582e-05   15   14    2    1
 0.04103516477202525   15   14    2    2
 -0.0006265890079660349   15   14    3    1
 -0.0006497370507435114   15   14    3    2
 0.04206710510952816   15   14    3    3
 -0.0001206559198733541   15   14    4    1
 0.00112448709329265   15   14    4    2
 0.001767006067394858   15   14    4    3
 0.01626720563539197   15   14    4    4
 0.0004782276074701398   15   14    5    1
 -0.003223584476645658   15   14    5    2
 -0.001681586676346064   15   14    5    3
 0.002355104145732906   15   14    5    4
 0.03665760402822985   15   14    5    5
 0.0005237357883869818   15   14    6    1
 -0.006201965834623808   15   14    6    2
 -0.00353807464761677   15   14    6    3
 0.003490268643721262   15   14    6    4
 -0.005892943843071317   15   14    6    5
 0.01788958854749038   15   14    6    6
 0.0003675656242344271   15   14    7    1
 0.006581110397043745   15   14    7    2
 0.002196959378726692   15   14    7    3
 0.00140470139424175   15   14    7    4
 -0.000316218814316571   15   14    7    5
 0.001537786589224633   15   14    7    6
 0.01583194054326434   15   14    7    7
 -0.0006442938444446992   15   14    8    1
 -0.003547976254214871   15   14    8    2
 0.0008652198309516504   15   14    8    3
 0.002133883268635627   15   14    8    4
 -0.004302117592137111   15   14    8    5
 -0.008185670331148516   15   14    8    6
 0.002966276352514897   15   14    8    7
 0.03610050570932911   15   14    8    8
 -0.0007992715590864417   15   14    9    1
 0.0004352687839647316   15   14    9    2
 -0.00241935348703859   15   14    9    3
 0.002808928836477631   15   14    9    4
 -0.00380900237767472   15   14    9    5
 -0.005047364178225855   15   14    9    6
 -0.01173673772108721   15   14    9    7
 0.003959672558543217   15   14    9    8
 0.02473860928206179   15   14    9    9
 0.0002658947136227277   15   14   10    1
 0.003531207706707167   15   14   10    2
 0.001719099430304296   15   14   10    3
 -0.00441888202242061   15   14   10    4
 0.002110415395923253   15   14   10    5
 0.01009208094628934   15   14   10    6
 -0.003191181013771498   15   14   10    7
 0.007622819573188217   15   14   10    8
 0.002879592022434005   15   14   10    9
 0.03618574450778513   15   14   10   10
 -0.0006303605041791685   15   14   11    1
 0.0005850484699046317   15   14   11    2
 -0.004493543972100546   15   14   11    3
 0.001031349139545389   15   14   11    4
 0.001309728538401664   15   14   11    5
 0.0003488475697565591   15   14   11    6
 -0.001824494583218752   15   14   11    7
 -0.001819362170941488   15   14   11    8
 -0.001153377645549388   15   14   11    9
 0.0001331786548717828   15   14   11   10
 0.03791610439182828   15   14   11   11
 -0.0005123062058345596   15   14   12    1
 0.0002788377906629114   15   14   12    2
 -0.002038022685462643   15   14   12    3
 -0.0009992526059738967   15   14   12    4
 0.002149582920318553   15   14   12    5
 0.0007457733184018103   15   14   12    6
 -0.001248152220869392   15   14   12    7
 -0.006973743157080585   15   14   12    8
 0.004163366560328089   15   14   12    9
 0.000330077544668218   15   14   12   10
 0.005424903773414485   15   14   12   11
 0.03068358630844295   15   14   12   12
 9.766401816469286e-06   15   14   13    1
 -0.000142964577876615   15   14   13    2
 -0.000969585877425358   15   14   13    3
 -0.006885989792990282   15   14   13    4
 0.0005160131766073034   15   14   13    5
 0.003997485287731149   15   14   13    6
 -0.0005552219216760793   15   14   13    7
 0.003010501371274466   15   14   13    8
 0.001446181491546267   15   14   13    9
 -0.006696624476206667   15   14   13   10
 -0.000123710207199976   15   14   13   11
 -0.0001341463815256267   15   14   13   12
 0.004892693497018321   15   14   13   13
 2.478658481476229e-05   15   14   14    1
 -0.0007821302592249528   15   14   14    2
 -0.0002448140635864796   15   14   14    3
 0.0009077174925860238   15   14   14    4
 -0.001191128071593461   15   14   14    5
 -0.0009751909484444219   15   14   14    6
 7.125657044534165e-05   15   14   14    7
 0.0005711585885302489   15   14   14    8
 -0.000230927508789169   15   14   14    9
 0.001926912860273286   15   14   14   10
 -0.001829967692761688   15   14   14   11
 -0.004677021487193954   15   14   14   12
 -0.0184645582944506   15   14   14   13
 -0.01198359473237891   15   14   14   14
 -0.0002394028513952771   15   14   15    1
 -0.003241046640301592   15   14   15    2
 -0.002476323779241567   15   14   15    3
 0.001521736965923373   15   14   15    4
 0.0005973571267183018   15   14   15    5
 0.001441928718260841   15   14   15    6
 -0.002285220268563751   15   14   15    7
 0.007330082553113882   15   14   15    8
 0.004125050226634832   15   14   15    9
 -0.002062427807160535   15   14   15   10
 1.212798221242747e-05   15   14   15   11
 -0.0004365129047164458   15   14   15   12
 0.007066130221588585   15   14   15   13
 0.04685653216268697   15   14   15   14
 0.3724881797059011   15   15    1    1
 5.107407866891264e-05   15   15    2    1
 0.2553543204964702   15   15    2    2
 -0.001769363251421863   15   15    3    1
 0.009523064711298417   15   15    3    2
 0.3225843635774772   15   15    3    3
 -0.0005091131437958454   15   15    4    1
 -0.009011934134161015   15   15    4    2
 -0.002418306758133609   15   15    4    3
 0.2312216627628838   15   15    4    4
 0.001207949115828986   15   15    5    1
 0.01939448687617813   15   15    5    2
 -0.0155056010737614   15   15    5    3
 -0.004296282731931068   15   15    5    4
 0.2473198450569307   15   15    5    5
 0.002143661436299862   15   15    6    1
 -0.0003594703246102372   15   15    6    2
 0.009463858390467842   15   15    6    3
 -0.0251359058484608   15   15    6    4
 0.005717355454822812   15   15    6    5
 0.2770552419758643   15   15    6    6
 0.0008905240593369733   15   15    7    1
 0.01302211062170329   15   15    7    2
 0.005429214932285842   15   15    7    3
 0.001358749757826654   15   15    7    4
 0.0003735418454670983   15   15    7    5
 0.001023495918571018   15   15    7    6
 0.243823994868054   15   15    7    7
 -0.001708073753553273   15   15    8    1
 0.0006320134781541802   15   15    8    2
 -0.002921571306177259   15   15    8    3
 -0.006154460428310163   15   15    8    4
 -0.01772758023431658   15   15    8    5
 -0.0100507037842607   15   15    8    6
 -0.0004768000181280795   15   15    8    7
 0.2946852814665509   15   15    8    8
 -0.002249742146834078   15   15    9    1
 0.006454648803977329   15   15    9    2
 -0.01142676108320347   15   15    9    3
 0.0006000363359865173   15   15    9    4
 -0.01785657330550295   15   15    9    5
 -0.008959997244958951   15   15    9    6
 -0.02426813895709002   15   15    9    7
 0.02173891696134477   15   15    9    8
 0.2573592611617255   15   15    9    9
 0.002658588841032669   15   15   10    1
 0.002111441352422091   15   15   10    2
 0.01312724239887285   15   15   10    3
 0.0005951098098913375   15   15   10    4
 -0.01404245373435602   15   15   10    5
 0.01704789537304398   15   15   10    6
 -0.005758132946791041   15   15   10    7
 0.009317617631116101   15   15   10    8
 -0.0001136895014060221   15   15   10    9
 0.306376061860846   15   15   10   10
 -0.001688470075190719   15   15   11    1
 7.30218336314131e-05   15   15   11    2
 -0.01064681379418046   15   15   11    3
 0.001875320126885236   15   15   11    4
 0.001077485720647606   15   15   11    5
 -0.0002520634126565281   15   15   11    6
 -0.02356024105339365   15   15   11    7
 -0.02087113522858144   15   15   11    8
 0.02236234530517643   15   15   11    9
 -5.102898022557304e-05   15   15   11   10
 0.2744066052598354   15   15   11   11
 -0.001363730842644323   15   15   12    1
 0.003586242246761181   15   15   12    2
 -0.002351147457829801   15   15   12    3
 -0.003961418429692807   15   15   12    4
 0.005805262792181311   15   15   12    5
 0.004042287770083359   15   15   12    6
 0.01137314666666208   15   15   12    7
 -0.003234456872854884   15   15   12    8
 -0.001125639094402822   15   15   12    9
 -0.001057887711075667   15   15   12   10
 0.02503536294437582   15   15   12   11
 0.2933150681942058   15   15   12   12
 -0.0002348589971244756   15   15   13    1
 0.006571681636436804   15   15   13    2
 0.0005603952027506483   15   15   13    3
 -0.01715552748046963   15   15   13    4
 -0.001665855930172356   15   15   13    5
 0.006463717816200633   15   15   13    6
 -0.0011733500696624   15   15   13    7
 -0.0005242128199668008   15   15   13    8
 -0.00493649200338187   15   15   13    9
 -0.00879824287844762   15   15   13   10
 -0.0006691261222030715   15   15   13   11
 0.002638210040721458   15   15   13   12
 0.2452207632639563   15   15   13   13
 0.0001506804011474102   15   15   14    1
 -0.007968988351073637   15   15   14    2
 -0.001973568204214645   15   15   14    3
 0.003470136547868338   15   15   14    4
 0.0108995598583343   15   15   14    5
 -0.004857638899359027   15   15   14    6
 0.002202932374091595   15   15   14    7
 0.005944340389636929   15   15   14    8
 0.005672018885211524   15   15   14    9
 0.006246259831987595   15   15   14   10
 -0.001365301481002202   15   15   14   11
 -0.005607064470420186   15   15   14   12
 -0.004888468565882301   15   15   14   13
 0.2253452455759999   15   15   14   14
 -0.0009475262646298825   15   15   15    1
 -0.008123828712157857   15   15   15    2
 -0.004324795870176409   15   15   15    3
 0.0008335192748957923   15   15   15    4
 0.01242996110058457   15   15   15    5
 0.007459084809258287   15   15   15    6
 -0.007945288892622247   15   15   15    7
 0.01457658779784943   15   15   15    8
 0.001775318986540672   15   15   15    9
 -0.005824007274992833   15   15   15   10
 0.002539856932597858   15   15   15   11
 0.003794899712962635   15   15   15   12
 0.0280666141139764   15   15   15   13
 0.04638998637812836   15   15   15   14
 0.3153184723358386   15   15   15   15
 -0.01849926965297687   16    1    1    1
 0.0004894527476377102   16    1    2    1
 0.001238095042047732   16    1    2    2
 0.004008087727645123   16    1    3    1
 0.0008498485662536407   16    1    3    2
 0.004618185093187443   16    1    3    3
 -0.0002248794717374363   16    1    4    1
 -9.602792917522267e-05   16    1    4    2
 -0.0004669614136162513   16    1    4    3
 0.0008952430905824275   16    1    4    4
 0.0003011991027092015   16    1    5    1
 0.0003729729654512235   16    1    5    2
 0.001657085375057001   16    1    5    3
 0.0002642260035216191   16    1    5    4
 -0.0001301228724528712   16    1    5    5
 0.001312181443777679   16    1    6    1
 -9.727343902419641e-05   16    1    6    2
 0.002558984038703082   16    1    6    3
 -0.0001756736282895829   16    1    6    4
 -0.001465919405463041   16    1    6    5
 0.0005030662739191844   16    1    6    6
 0.0006231460779615097   16    1    7    1
 -0.0001720756694171752   16    1    7    2
 0.001000800237989584   16    1    7    3
 0.0001307996824142399   16    1    7    4
 -0.0004197431448803574   16    1    7    5
 -0.0004093436996353069   16    1    7    6
 0.0008476155533073246   16    1    7    7
 -0.004257646660655686   16    1    8    1
 -0.0001184257804405836   16    1    8    2
 -0.006553863334898559   16    1    8    3
 -0.0006455640113523601   16    1    8    4
 0.002763250153766394   16    1    8    5
 0.002169628182564001   16    1    8    6
 0.0008514150450529194   16    1    8    7
 -0.002257223632577509   16    1    8    8
 -0.00223112211903012   16    1    9    1
 -0.0001639478040330327   16    1    9    2
 -0.003525849090105589   16    1    9    3
 -0.0003209267392093339   16    1    9    4
 0.001638009052062014   16    1    9    5
 0.001280050964838133   16    1    9    6
 -0.0001388971493372313   16    1    9    7
 -0.002189272141616176   16    1    9    8
 -0.0003852796761071001   16    1    9    9
 0.0005671380254017519   16    1   10    1
 4.489820921410447e-05   16    1   10    2
 0.0006812879651594617   16    1   10    3
 0.0001729164962660409   16    1   10    4
 -0.0002620838329594763   16    1   10    5
 -0.0004817238548464672   16    1   10    6
 2.667594188863333e-05   16    1   10    7
 0.0001429917893634396   16    1   10    8
 0.0001544916759996437   16    1   10    9
 -0.0001593385479815663   16    1   10   10
 0.0006297409843540482   16    1   11    1
 1.709996220869187e-05   16    1   11    2
 0.0007836446952587776   16    1   11    3
 3.474771858620405e-05   16    1   11    4
 -0.000264709853375767   16    1   11    5
 -0.000137246249883952   16    1   11    6
 -0.0001723596742339336   16    1   11    7
 0.0001301758588747172   16    1   11    8
 0.0001432099410856646   16    1   11    9
 -1.68546422138174e-05   16    1   11   10
 0.0005655986289903382   16    1   11   11
 0.001096667929761306   16    1   12    1
 1.219610910114795e-05   16    1   12    2
 0.00104386003642353   16    1   12    3
 4.446783413676366e-05   16    1   12    4
 -0.0004377609517156044   16    1   12    5
 -0.0002835492165421156   16    1   12    6
 0.0007246600400342803   16    1   12    7
 0.0009670733377489265   16    1   12    8
 -0.0004474278210474837   16    1   12    9
 -1.417987021184627e-05   16    1   12   10
 -0.001052576760697233   16    1   12   11
 0.001157125943310521   16    1   12   12
 0.0002638682693700587   16    1   13    1
 5.675018446032381e-05   16    1   13    2
 0.0002190955315406389   16    1   13    3
 -0.0003494109604935594   16    1   13    4
 -0.000189921221008138   16    1   13    5
 0.0002762749868721294   16    1   13    6
 -9.188234681131636e-05   16    1   13    7
 0.0003774687580159585   16    1   13    8
 0.0001639803103596135   16    1   13    9
 0.0001729248822829713   16    1   13   10
 -2.924317688166466e-05   16    1   13   11
 -3.883332436189226e-05   16    1   13   12
 0.001067649219483972   16    1   13   13
 -0.001258252256826165   16    1   14    1
 3.019473056276749e-05   16    1   14    2
 -0.0006744376546268438   16    1   14    3
 9.370308132901177e-05   16    1   14    4
 0.0003305002278589469   16    1   14    5
 -0.0002579371249209644   16    1   14    6
 6.562532254281269e-05   16    1   14    7
 9.688968729289881e-05   16    1   14    8
 8.745220426306942e-05   16    1   14    9
 -0.0002677454508450345   16    1   14   10
 -7.298758688296217e-05   16    1   14   11
 -0.0001561173090438766   16    1   14   12
 -0.0004182627674673331   16    1   14   13
 0.0001366647125234419   16    1   14   14
 -0.003285627646058446   16    1   15    1
 3.763623533221474e-05   16    1   15    2
 -0.001990693675420818   16    1   15    3
 -0.0001579244298180611   16    1   15    4
 0.0007604497572446233   16    1   15    5
 0.0005041675028465616   16    1   15    6
 0.0001354922251923472   16    1   15    7
 0.0001060717448879153   16    1   15    8
 -0.0001031854594549684   16    1   15    9
 -7.440143558849905e-05   16    1   15   10
 -0.000252154200490298   16    1   15   11
 -0.0002107272606452851   16    1   15   12
 0.0002315682150732437   16    1   15   13
 0.0002648637086293002   16    1   15   14
 0.0009208235843977744   16    1   15   15
 0.003227073232930237   16    1   16    1
 -2.526021457069267e-05   16    2    1    1
 1.098930306319385e-05   16    2    2    1
 0.02492265720640482   16    2    2    2
 -0.0001063082692246813   16    2    3    1
 -0.005062519914306314   16    2    3    2
 -0.004470006731371997   16    2    3    3
 -9.886952906514915e-06   16    2    4    1
 -0.00157933278170249   16    2    4    2
 0.001110809839033245   16    2    4    3
 0.005209594256386438   16    2    4    4
 0.000173358510809252   16    2    5    1
 -0.004003171594195339   16    2    5    2
 0.002062600655778726   16    2    5    3
 -0.0006993464390788451   16    2    5    4
 0.007447551606402037   16    2    5    5
 5.481615643861107e-05   16    2    6    1
 -0.009052190719293609   16    2    6    2
 -0.001315600734191122   16    2    6    3
 0.006454133176015319   16    2    6    4
 -0.004783842070807492   16    2    6    5
 0.0009086065482365869   16    2    6    6
 3.183819459132765e-05   16    2    7    1
 -0.002972009208907048   16    2    7    2
 0.000445246255905605   16    2    7    3
 0.0003538261677229015   16    2    7    4
 -0.0006334890804534039   16    2    7    5
 0.001064667319059314   16    2    7    6
 0.004153772195695075   16    2    7    7
 -0.000366922362650595   16    2    8    1
 0.002809937563710468   16    2    8    2
 -0.001297212645348477   16    2    8    3
 -0.0003520617549659517   16    2    8    4
 0.003257887804677175   16    2    8    5
 -2.275804706739105e-05   16    2    8    6
 0.002577983796567625   16    2    8    7
 -0.001080095146062272   16    2    8    8
 -0.0001577977131758861   16    2    9    1
 -0.001727893171061961   16    2    9    2
 0.0006971241995649605   16    2    9    3
 9.638971173015982e-05   16    2    9    4
 0.002440421916144186   16    2    9    5
 0.001183262957180978   16    2    9    6
 -0.000236945852281774   16    2    9    7
 -0.005910484771136024   16    2    9    8
 0.006380307517098593   16    2    9    9
 -0.0002325704895624165   16    2   10    1
 0.005657158580099733   16    2   10    2
 -0.002304648764597478   16    2   10    3
 -0.001066007913884088   16    2   10    4
 0.00338982513055118   16    2   10    5
 -0.004566965214987154   16    2   10    6
 0.0001259489588800843   16    2   10    7
 -0.0007023284060577047   16    2   10    8
 0.0001333116447767269   16    2   10    9
 -0.0007407087750283243   16    2   10   10
 0.0001069295999664148   16    2   11    1
 0.0004485348275655273   16    2   11    2
 0.00084993072156947   16    2   11    3
 -0.0003782023937126181   16    2   11    4
 -0.0003219283254554261   16    2   11    5
 -0.000484566022775812   16    2   11    6
 0.009747790285574645   16    2   11    7
 0.009932153521211821   16    2   11    8
 -0.01257144644311571   16    2   11    9
 -0.0002165939184939829   16    2   11   10
 0.01339615289166268   16    2   11   11
 0.0001136027989305403   16    2   12    1
 -0.0001758609179304353   16    2   12    2
 0.0006619084423583787   16    2   12    3
 -0.0002116793316855661   16    2   12    4
 0.0006796302701357512   16    2   12    5
 -0.000285394993611958   16    2   12    6
 -0.008467409556253009   16    2   12    7
 -0.005101136349829462   16    2   12    8
 0.007430474352884584   16    2   12    9
 0.0003242427580092939   16    2   12   10
 -0.007469852568033051   16    2   12   11
 -0.005350320978736044   16    2   12   12
 5.491951382293921e-05   16    2   13    1
 0.005621135409710896   16    2   13    2
 -0.00273632760581836   16    2   13    3
 0.001965175746528481   16    2   13    4
 -0.008233013196834114   16    2   13    5
 -0.006881845323959333   16    2   13    6
 0.0007822249343039314   16    2   13    7
 -0.003407407073062206   16    2   13    8
 -0.002634440204668866   16    2   13    9
 0.003160228759459135   16    2   13   10
 0.000252774708954272   16    2   13   11
 -0.0004496076330906063   16    2   13   12
 0.002536146487790582   16    2   13   13
 -2.264902265853648e-05   16    2   14    1
 -0.00971209596817711   16    2   14    2
 0.001904737137774201   16    2   14    3
 -0.0002262730890433776   16    2   14    4
 0.005324891719711232   16    2   14    5
 0.003804283763867154   16    2   14    6
 0.004298798227138956   16    2   14    7
 0.0002819267492816196   16    2   14    8
 0.004388804661631644   16    2   14    9
 -0.00190807902119188   16    2   14   10
 0.0001163269651339232   16    2   14   11
 -8.632340773250606e-05   16    2   14   12
 -0.002024344014266486   16    2   14   13
 0.0009500814951360864   16    2   14   14
 -8.286375960357774e-06   16    2   15    1
 -0.005165835644363028   16    2   15    2
 -0.001175298277368452   16    2   15    3
 0.0057177837845469   16    2   15    4
 -0.002205261510194048   16    2   15    5
 -8.656748095693724e-07   16    2   15    6
 0.005832446448980917   16    2   15    7
 -0.003881411941675045   16    2   15    8
 0.004696081802982948   16    2   15    9
 0.0001944516327658812   16    2   15   10
 -0.0009241799054903299   16    2   15   11
 -0.0006868939761738712   16    2   15   12
 -0.003286328219641212   16    2   15   13
 0.0003487310593278551   16    2   15   14
 -0.002631008168947307   16    2   15   15
 0.0001425235698052469   16    2   16    1
 0.02274175421569932   16    2   16    2
 0.05183102777849505   16    3    1    1
 0.000324710515609329   16    3    2    1
 -0.01273085851569578   16    3    2    2
 0.0002432187770277584   16    3    3    1
 0.00397876950986585   16    3    3    2
 0.02856153539887284   16    3    3    3
 -0.0003722195849743478   16    3    4    1
 0.002291908723495692   16    3    4    2
 0.001686311154876727   16    3    4    3
 -0.007964226192719909   16    3    4    4
 0.001660716780358768   16    3    5    1
 -0.002813922996836751   16    3    5    2
 -0.003969690367304458   16    3    5    3
 0.002020321435161317   16    3    5    4
 -0.007236679717185125   16    3    5    5
 0.001934027066935476   16    3    6    1
 0.0005457835328100107   16    3    6    2
 -0.001923409143605964   16    3    6    3
 0.001982730374240254   16    3    6    4
 -0.001482631491038301   16    3    6    5
 -0.009018799023013531   16    3    6    6
 0.0007182544791071059   16    3    7    1
 0.001887285572503046   16    3    7    2
 0.001588478496956038   16    3    7    3
 -0.0004585286893687252   16    3    7    4
 0.0006475924140061705   16    3    7    5
 -0.0001060501307158052   16    3    7    6
 -0.004209823109571045   16    3    7    7
 -0.00501855324417129   16    3    8    1
 -0.004248475733804019   16    3    8    2
 -0.01383130054970335   16    3    8    3
 0.0006245172893094385   16    3    8    4
 -0.001415776100401958   16    3    8    5
 0.0005869752352209824   16    3    8    6
 -0.001908758463808682   16    3    8    7
 0.001332774780219547   16    3    8    8
 -0.002725229810419057   16    3    9    1
 -0.0005558245552277682   16    3    9    2
 -0.005722165797914252   16    3    9    3
 0.0003628317260528154   16    3    9    4
 -0.00109460653128955   16    3    9    5
 -0.000468786838990642   16    3    9    6
 0.0001986915836636538   16    3    9    7
 0.002832938972766429   16    3    9    8
 -0.002110524931244888   16    3    9    9
 0.0002630903512833973   16    3   10    1
 -0.001485524231408043   16    3   10    2
 -0.0001505050178420383   16    3   10    3
 -0.003978862279733352   16    3   10    4
 -0.003375793492605795   16    3   10    5
 0.01190274825491404   16    3   10    6
 -0.002084370831247043   16    3   10    7
 0.005175880626257495   16    3   10    8
 0.001805963138554231   16    3   10    9
 0.01775948163221918   16    3   10   10
 0.0006830058439280558   16    3   11    1
 -4.433657944296835e-05   16    3   11    2
 0.002993608224102799   16    3   11    3
 0.0002695195793841559   16    3   11    4
 -0.001150870867473737   16    3   11    5
 -0.0005733995632413183   16    3   11    6
 -0.006396546750457324   16    3   11    7
 -0.006226680076682442   16    3   11    8
 0.00856573247068726   16    3   11    9
 0.0001961057268630971   16    3   11   10
 0.005944419049349625   16    3   11   11
 0.001002321062109087   16    3   12    1
 -0.0001765746114368295   16    3   12    2
 0.003307064317070418   16    3   12    3
 0.0008106017918897553   16    3   12    4
 -0.00181487608091971   16    3   12    5
 -0.0004613843586630328   16    3   12    6
 -0.007190681025451119   16    3   12    7
 -0.005506314787210106   16    3   12    8
 0.006310165208187034   16    3   12    9
 -5.706798907770829e-05   16    3   12   10
 0.01482111136388207   16    3   12   11
 -0.004627696131897499   16    3   12   12
 0.0003134236176121473   16    3   13    1
 -0.003587984013265271   16    3   13    2
 -0.0008378106588603201   16    3   13    3
 0.004522901231035342   16    3   13    4
 0.0003457304791059215   16    3   13    5
 -0.003572635460830672   16    3   13    6
 0.0006380563643052724   16    3   13    7
 -0.0005526878912352518   16    3   13    8
 0.0008233525358577912   16    3   13    9
 -0.001391533823069342   16    3   13   10
 0.0003317431657241579   16    3   13   11
 2.606189967250667e-05   16    3   13   12
 -0.008995440606100427   16    3   13   13
 -0.0005729601022318306   16    3   14    1
 0.002811892456316116   16    3   14    2
 -0.004854403460434999   16    3   14    3
 -0.0006714916527236798   16    3   14    4
 -0.001219114044134582   16    3   14    5
 0.0005293080919298918   16    3   14    6
 -0.001158112706891273   16    3   14    7
 0.001678458193322606   16    3   14    8
 -0.0001305431933712145   16    3   14    9
 0.0007402873916610088   16    3   14   10
 -0.0005212118429763903   16    3   14   11
 -0.0008597708999357095   16    3   14   12
 0.001964876640827789   16    3   14   13
 0.0007774694342374847   16    3   14   14
 -0.001761336570287575   16    3   15    1
 -0.0004319652281299541   16    3   15    2
 -0.01335137981426985   16    3   15    3
 0.0007056591768978307   16    3   15    4
 0.0001471502537357589   16    3   15    5
 -0.005498666278249599   16    3   15    6
 -0.00227964877536832   16    3   15    7
 0.003249398606863855   16    3   15    8
 0.002573368567995758   16    3   15    9
 -0.001169380242179613   16    3   15   10
 0.001463901518954596   16    3   15   11
 -0.001454998682497092   16    3   15   12
 -0.002695579211044075   16    3   15   13
 0.003305830238408481   16    3   15   14
 0.003178420916449729   16    3   15   15
 0.002644364458012957   16    3   16    1
 -0.001942074596038785   16    3   16    2
 0.01238259559240409   16    3   16    3
 -0.0005715075014873661   16    4    1    1
 3.185078006150431e-05   16    4    2    1
 -0.01457436609404923   16    4    2    2
 0.0002637325545609356   16    4    3    1
 0.003098957277607034   16    4    3    2
 0.007136120268383596   16    4    3    3
 -3.02482731174147e-05   16    4    4    1
 -0.006135946955297168   16    4    4    2
 -0.001943196886483033   16    4    4    3
 -0.01451891804254566   16    4    4    4
 7.132519084150697e-05   16    4    5    1
 -0.0006470415423111338   16    4    5    2
 -0.001169285014495477   16    4    5    3
 -0.006499568267196673   16    4    5    4
 -0.01564551938804562   16    4    5    5
 0.0001416032997169193   16    4    6    1
 0.004745323860813938   16    4    6    2
 0.005022043653014656   16    4    6    3
 -0.005447639160658815   16    4    6    4
 0.004954821852277418   16    4    6    5
 0.0001071172987257913   16    4    6    6
 6.691894137140072e-05   16    4    7    1
 0.001727187057307224   16    4    7    2
 0.0004729455569141038   16    4    7    3
 0.0001387544506839461   16    4    7    4
 -0.0006442397013979736   16    4    7    5
 -0.001217025114757146   16    4    7    6
 -0.00997935766264558   16    4    7    7
 -0.0004345340268735369   16    4    8    1
 -0.002250760337919478   16    4    8    2
 -0.004634804097958776   16    4    8    3
 -0.002377700447161225   16    4    8    4
 -0.003772862625442249   16    4    8    5
 -0.0004746595044767382   16    4    8    6
 -0.000188524698171569   16    4    8    7
 -0.002924680849092124   16    4    8    8
 -0.0002400989470376369   16    4    9    1
 0.001568554317944621   16    4    9    2
 -0.003147721109625247   16    4    9    3
 0.0004008583328662087   16    4    9    4
 -0.003015728290850953   16    4    9    5
 -0.001300754213585991   16    4    9    6
 -0.004167296952983914   16    4    9    7
 0.00549864946527725   16    4    9    8
 -0.01089526538594305   16    4    9    9
 7.759937678386678e-05   16    4   10    1
 -0.003713386154837235   16    4   10    2
 0.0006849281008694683   16    4   10    3
 -0.003315484364435616   16    4   10    4
 -0.005650679942318761   16    4   10    5
 0.004977787947622215   16    4   10    6
 -0.0004229292628742823   16    4   10    7
 0.0006402607330450471   16    4   10    8
 -0.0003454916203669302   16    4   10    9
 -0.003270772364514324   16    4   10   10
 4.611934570479379e-05   16    4   11    1
 -0.0009026462708804905   16    4   11    2
 0.0002045220000696493   16    4   11    3
 -0.0009152589258367284   16    4   11    4
 -0.0006106127391983185   16    4   11    5
 -0.0001960068857654173   16    4   11    6
 -0.01128610574426355   16    4   11    7
 -0.0104236845193898   16    4   11    8
 0.01261788976951533   16    4   11    9
 0.0001105358929126257   16    4   11   10
 -0.01520517863696441   16    4   11   11
 8.598040209400881e-05   16    4   12    1
 -0.0003212073223256126   16    4   12    2
 0.0001223607172037837   16    4   12    3
 0.001259721334132904   16    4   12    4
 -0.0008932809008568655   16    4   12    5
 -0.0001806988683233688   16    4   12    6
 0.01103685457494731   16    4   12    7
 0.007338265341712527   16    4   12    8
 -0.008691723710014067   16    4   12    9
 -6.135828846172754e-05   16    4   12   10
 0.00597336821505989   16    4   12   11
 0.007410186513976301   16    4   12   12
 2.360854700619995e-05   16    4   13    1
 0.006602074059584752   16    4   13    2
 0.003285521478245179   16    4   13    3
 0.007112227060586829   16    4   13    4
 0.01345600065652541   16    4   13    5
 0.01648134351399257   16    4   13    6
 -0.001538998378752398   16    4   13    7
 0.009088217527482623   16    4   13    8
 0.005363233479701105   16    4   13    9
 -0.005653763170032773   16    4   13   10
 0.0002041066207830294   16    4   13   11
 0.001266952772621847   16    4   13   12
 -0.008191820475216209   16    4   13   13
 -9.195555668468516e-05   16    4   14    1
 0.003989464834078719   16    4   14    2
 -0.001408525840014443   16    4   14    3
 0.002771218085785716   16    4   14    4
 -0.002640714411088874   16    4   14    5
 -0.003072185938696416   16    4   14    6
 -0.001190491258357931   16    4   14    7
 -0.001133023924440999   16    4   14    8
 -0.00182082625529592   16    4   14    9
 0.002009442411514687   16    4   14   10
 -0.0001918436777090508   16    4   14   11
 -0.0002830895340767712   16    4   14   12
 0.004217544989132098   16    4   14   13
 -0.003740145767304992   16    4   14   14
 -0.0002730275524775724   16    4   15    1
 0.004320017493965877   16    4   15    2
 0.001864611636247229   16    4   15    3
 -0.01568389627866525   16    4   15    4
 0.001765364530982519   16    4   15    5
 0.003292493453999233   16    4   15    6
 -0.0002698913909116347   16    4   15    7
 0.001327224670631635   16    4   15    8
 -0.001165815286975676   16    4   15    9
 -0.002469749670990578   16    4   15   10
 0.0007255667778196454   16    4   15   11
 0.0008873909140789002   16    4   15   12
 0.0006386046466679328   16    4   15   13
 -0.0008211643763959232   16    4   15   14
 1.484856996961436e-05   16    4   15   15
 0.0002942179739928216   16    4   16    1
 -0.006995887287168987   16    4   16    2
 -0.0002537166553849034   16    4   16    3
 0.01840529098120222   16    4   16    4
 0.01465586140554861   16    5    1    1
 -0.0001635974648952714   16    5    2    1
 -0.02786571195448368   16    5    2    2
 -0.0009805344725905406   16    5    3    1
 -0.002645555340566847   16    5    3    2
 -0.01142596508033305   16    5    3    3
 0.0001431858859840832   16    5    4    1
 -0.002273910904281239   16    5    4    2
 0.001513056184303853   16    5    4    3
 -0.02672440602765877   16    5    4    4
 -0.0003959091749345036   16    5    5    1
 -0.01836528503099185   16    5    5    2
 -0.007682578035909983   16    5    5    3
 -0.003114671986882948   16    5    5    4
 -0.01795603329492242   16    5    5    5
 -0.0007722898663590361   16    5    6    1
 0.004281730128642543   16    5    6    2
 -0.007026427653762884   16    5    6    3
 0.0004130108886447124   16    5    6    4
 0.007358510520590256   16    5    6    5
 -0.01883063502366113   16    5    6    6
 -0.0003059107845758207   16    5    7    1
 0.0008271839470940538   16    5    7    2
 -0.002577530270309704   16    5    7    3
 -0.001878246731927947   16    5    7    4
 0.002881109970835615   16    5    7    5
 0.001196211881449741   16    5    7    6
 -0.01258956651847144   16    5    7    7
 0.001948447407184203   16    5    8    1
 -0.006386260564907243   16    5    8    2
 0.01355680343279724   16    5    8    3
 0.001823247076626977   16    5    8    4
 -0.0073377947837966   16    5    8    5
 -0.005463851402344459   16    5    8    6
 -0.008407300028261991   16    5    8    7
 -0.008101109435485357   16    5    8    8
 0.001102787863961578   16    5    9    1
 -0.003304905975766394   16    5    9    2
 0.008557520292730924   16    5    9    3
 0.0001535155695260637   16    5    9    4
 -0.002681867989825399   16    5    9    5
 -0.003489364233775545   16    5    9    6
 0.01078294027395453   16    5    9    7
 0.01009391483799411   16    5    9    8
 -0.01129622293225329   16    5    9    9
 -0.0003687515240144078   16    5   10    1
 -0.004986443332526873   16    5   10    2
 -0.001191043947132984   16    5   10    3
 -0.003626977391862295   16    5   10    4
 -0.002884546509955263   16    5   10    5
 0.007047272840032859   16    5   10    6
 -0.0001816021546281258   16    5   10    7
 0.0009861478785921742   16    5   10    8
 0.00021495852305619   16    5   10    9
 -0.0009250077693082103   16    5   10   10
 -0.0001899396849506553   16    5   11    1
 -0.0006806931236902847   16    5   11    2
 -0.000355253357137952   16    5   11    3
 -0.0005217074216228724   16    5   11    4
 0.0001256587989186342   16    5   11    5
 3.140616614691837e-05   16    5   11    6
 -0.004221433893299474   16    5   11    7
 -0.005879042408499931   16    5   11    8
 0.008436976328206697   16    5   11    9
 0.0002164007147887208   16    5   11   10
 -0.01707553796140443   16    5   11   11
 -0.0003681599587959153   16    5   12    1
 0.0004263586079777578   16    5   12    2
 -0.0009665364256245385   16    5   12    3
 0.0006122285892271724   16    5   12    4
 -0.0004051830698075659   16    5   12    5
 0.0008227953728246317   16    5   12    6
 -0.01053620101799856   16    5   12    7
 -0.00742199782370618   16    5   12    8
 0.005858974388899264   16    5   12    9
 -0.000424205166374326   16    5   12   10
 0.01640292416280617   16    5   12   11
 -0.02829285307045019   16    5   12   12
 -0.0001010651573338175   16    5   13    1
 -0.007092180501019909   16    5   13    2
 0.001073379200249871   16    5   13    3
 0.0159932394484772   16    5   13    4
 0.009765601084639253   16    5   13    5
 -0.009241217520856906   16    5   13    6
 0.002803707673446922   16    5   13    7
 -0.002724022149759403   16    5   13    8
 0.0006388023676888879   16    5   13    9
 0.00583039472510428   16    5   13   10
 0.0007424462883750364   16    5   13   11
 -0.0005096236603622886   16    5   13   12
 -0.01792964822306035   16    5   13   13
 0.0003942513621929565   16    5   14    1
 0.007455181958740037   16    5   14    2
 -0.00408776258966849   16    5   14    3
 -0.00305160500887136   16    5   14    4
 -0.0129246729689593   16    5   14    5
 0.003715698177201838   16    5   14    6
 -0.002616710135066027   16    5   14    7
 0.0002654718075565906   16    5   14    8
 -0.002375813739291503   16    5   14    9
 -0.001692123529111337   16    5   14   10
 -0.0002830736482819583   16    5   14   11
 0.0008614515061032885   16    5   14   12
 -0.0003274267855395016   16    5   14   13
 -0.001201104877570252   16    5   14   14
 0.001142746354488412   16    5   15    1
 -0.001145862118400026   16    5   15    2
 -0.00400323997383573   16    5   15    3
 -0.0003366751706804837   16    5   15    4
 -0.008348745273600499   16    5   15    5
 -0.008132437085645006   16    5   15    6
 -0.003665457709097172   16    5   15    7
 0.0001524395470393966   16    5   15    8
 -0.0004216133582010911   16    5   15    9
 0.0005815041288240486   16    5   15   10
 0.001740853200044156   16    5   15   11
 -0.001470482722171555   16    5   15   12
 -0.002715459979296221   16    5   15   13
 -0.0009971197319531421   16    5   15   14
 -0.0113358307349539   16    5   15   15
 -0.001261280007714467   16    5   16    1
 -0.006071462350840147   16    5   16    2
 0.002420098721379413   16    5   16    3
 0.001097670920019734   16    5   16    4
 0.01809101148644002   16    5   16    5
 0.02504243271615101   16    6    1    1
 -0.0001498515973100637   16    6    2    1
 -0.03959749397393648   16    6    2    2
 -0.001211742286362657   16    6    3    1
 0.0001659222761696012   16    6    3    2
 -0.0137126043190083   16    6    3    3
 6.942004434159033e-05   16    6    4    1
 0.00392188533057791   16    6    4    2
 0.003871845092631501   16    6    4    3
 -0.01572414479720211   16    6    4    4
 -0.0002058737303035815   16    6    5    1
 -0.006120288908351427   16    6    5    2
 -0.01056391078425025   16    6    5    3
 0.002810584419635837   16    6    5    4
 -0.02482383510712795   16    6    5    5
 -0.0004582265718836142   16    6    6    1
 0.003400614420849283   16    6    6    2
 -0.01318220614180257   16    6    6    3
 0.005679844289390779   16    6    6    4
 0.007733916975834606   16    6    6    5
 -0.02359881276741922   16    6    6    6
 -0.0002736773429911572   16    6    7    1
 0.002887637456471723   16    6    7    2
 -0.003082501692911297   16    6    7    3
 -0.002637983304538159   16    6    7    4
 0.002379356687101609   16    6    7    5
 0.001266092881878238   16    6    7    6
 -0.006786165262200448   16    6    7    7
 0.001515365764418262   16    6    8    1
 -0.003380629414412498   16    6    8    2
 0.01517910408107655   16    6    8    3
 0.004006982741473934   16    6    8    4
 -0.00967208034161593   16    6    8    5
 -0.002556878478727409   16    6    8    6
 -0.01069488319261083   16    6    8    7
 -0.009201219499724559   16    6    8    8
 0.0008678256986530846   16    6    9    1
 0.0003604827458064649   16    6    9    2
 0.00935101462321394   16    6    9    3
 0.0007339124231526176   16    6    9    4
 -0.005969151418120356   16    6    9    5
 -0.001309788152988991   16    6    9    6
 0.01682678834428514   16    6    9    7
 0.008512775221257712   16    6    9    8
 -0.00789217162649517   16    6    9    9
 -0.0001255025546239795   16    6   10    1
 -0.003524847056793397   16    6   10    2
 -0.00164098002737385   16    6   10    3
 -0.002324906555809776   16    6   10    4
 -0.003885510226871395   16    6   10    5
 0.007755512958478093   16    6   10    6
 0.0008811213470552701   16    6   10    7
 -0.002847693837443545   16    6   10    8
 -0.001569135147115131   16    6   10    9
 0.004024874502224485   16    6   10   10
 -9.507835740723497e-05   16    6   11    1
 -0.000424610130069137   16    6   11    2
 -0.0002419548447582806   16    6   11    3
 -0.0005275962912252581   16    6   11    4
 -0.0002879499764201721   16    6   11    5
 -5.525708152027239e-05   16    6   11    6
 -0.003133547786411753   16    6   11    7
 -0.005515308054105397   16    6   11    8
 0.008427548419562359   16    6   11    9
 0.0006939713185755605   16    6   11   10
 -0.0160794366566017   16    6   11   11
 -0.0002610865386920702   16    6   12    1
 0.0002205016527466338   16    6   12    2
 -5.908200319830078e-05   16    6   12    3
 0.0007061795175145604   16    6   12    4
 0.0003174495339437013   16    6   12    5
 0.002292378533823546   16    6   12    6
 -0.01550517841501435   16    6   12    7
 -0.009365473944660571   16    6   12    8
 0.007810978493871587   16    6   12    9
 -0.0004848274292870462   16    6   12   10
 0.02001243635745862   16    6   12   11
 -0.03311019322160872   16    6   12   12
 -9.052022120097241e-05   16    6   13    1
 -0.008510103897300251   16    6   13    2
 -0.003282586472352646   16    6   13    3
 0.02285452192723212   16    6   13    4
 -0.004465340532609956   16    6   13    5
 -0.01735501770077433   16    6   13    6
 0.004725601889984323   16    6   13    7
 -0.009014622044931357   16    6   13    8
 -0.002574218126146449   16    6   13    9
 0.007854521060863914   16    6   13   10
 -0.0001400196812915224   16    6   13   11
 -0.0004969634734436224   16    6   13   12
 -0.01218371629803521   16    6   13   13
 0.0003880020490126652   16    6   14    1
 0.005219966626663486   16    6   14    2
 -0.002190679561884304   16    6   14    3
 -0.002944220184143499   16    6   14    4
 -0.001146837737255812   16    6   14    5
 0.004845339274049267   16    6   14    6
 -0.0008423397180663299   16    6   14    7
 0.004198427058555942   16    6   14    8
 0.002199339609399273   16    6   14    9
 -0.0004232408149032223   16    6   14   10
 4.453343286103153e-05   16    6   14   11
 0.0006781712876130636   16    6   14   12
 0.005891906674048666   16    6   14   13
 -0.008026650213648456   16    6   14   14
 0.00106421753413115   16    6   15    1
 -0.001147147523044276   16    6   15    2
 -0.008112518233655479   16    6   15    3
 0.002882794207367388   16    6   15    4
 -0.006294579240145629   16    6   15    5
 -0.02086665608359018   16    6   15    6
 -0.001605996813999644   16    6   15    7
 0.0001155418809426154   16    6   15    8
 0.001381946166400691   16    6   15    9
 0.004762698533524269   16    6   15   10
 0.002040696253557753   16    6   15   11
 -0.00222773332433101   16    6   15   12
 -0.002887322562674986   16    6   15   13
 -0.004082217086299604   16    6   15   14
 -0.01065654325691308   16    6   15   15
 -0.001077553050288535   16    6   16    1
 0.000781919365209283   16    6   16    2
 0.0040951450436342   16    6   16    3
 -0.00451799652719954   16    6   16    4
 0.009441330786609759   16    6   16    5
 0.02315138238528187   16    6   16    6
 0.0119362272191369   16    7    1    1
 -2.302064173616651e-05   16    7    2    1
 -0.004089141285009046   16    7    2    2
 -0.0003195571974722044   16    7    3    1
 0.0009199972730472276   16    7    3    2
 0.00304570972027005   16    7    3    3
 1.32716345343452e-05   16    7    4    1
 5.586552106419045e-05   16    7    4    2
 0.0005745730726162235   16    7    4    3
 -0.004496259813171023   16    7    4    4
 0.0001263217669250003   16    7    5    1
 7.558853939117304e-05   16    7    5    2
 -0.001003638295942328   16    7    5    3
 -0.0003893544599804377   16    7    5    4
 -0.002440673924439704   16    7    5    5
 -6.084263832150272e-05   16    7    6    1
 0.0003763609355192495   16    7    6    2
 -0.001326577884453277   16    7    6    3
 -0.0004296377922019681   16    7    6    4
 0.0006446702089638631   16    7    6    5
 -0.002866626203338807   16    7    6    6
 3.753836391088855e-05   16    7    7    1
 -0.000682690380686492   16    7    7    2
 -0.002017431053007182   16    7    7    3
 0.0005497484854455197   16    7    7    4
 -0.002481635149583123   16    7    7    5
 -0.0004756261079932689   16    7    7    6
 -0.004293685444198067   16    7    7    7
 -3.581627656792927e-05   16    7    8    1
 -0.001205919575279585   16    7    8    2
 -0.003011269519475536   16    7    8    3
 0.0007624085775913273   16    7    8    4
 -0.004262085426874905   16    7    8    5
 -0.00332569654131422   16    7    8    6
 0.001438780026856243   16    7    8    7
 -0.0002201365251717185   16    7    8    8
 -4.914373656308009e-05   16    7    9    1
 0.001923538467042027   16    7    9    2
 0.001766440024054627   16    7    9    3
 -0.0004714529170791081   16    7    9    4
 0.001223462038211827   16    7    9    5
 0.000372713104924572   16    7    9    6
 -0.002038608342323577   16    7    9    7
 0.003277509466554088   16    7    9    8
 -0.0007347941279042438   16    7    9    9
 -0.0002948063779577428   16    7   10    1
 -9.008085657309519e-05   16    7   10    2
 -0.001789883475813698   16    7   10    3
 -0.001242370887467581   16    7   10    4
 5.656029866989645e-05   16    7   10    5
 0.00411652076462125   16    7   10    6
 -0.00112628553451414   16    7   10    7
 0.001118764494367359   16    7   10    8
 -0.0007405983248196278   16    7   10    9
 0.0004206779322824444   16    7   10   10
 -3.724503184276337e-05   16    7   11    1
 0.00209186209160141   16    7   11    2
 0.001723040199524138   16    7   11    3
 -0.001676910602575343   16    7   11    4
 -0.0007754064714389334   16    7   11    5
 0.0002991949953804441   16    7   11    6
 -0.003180494273911147   16    7   11    7
 -0.001457962456569693   16    7   11    8
 0.002748853279698363   16    7   11    9
 -1.289758457062854e-05   16    7   11   10
 -0.001911134380065846   16    7   11   11
 -1.196115862157969e-05   16    7   12    1
 -0.006153648586079441   16    7   12    2
 -0.002735067017158852   16    7   12    3
 0.003918973603429091   16    7   12    4
 -0.004645592423043549   16    7   12    5
 -0.00388202067072993   16    7   12    6
 0.001913911721485392   16    7   12    7
 0.002535051984277754   16    7   12    8
 -0.0002637690306950405   16    7   12    9
 0.0008809505025423256   16    7   12   10
 0.002153278872524012   16    7   12   11
 0.002752031650079767   16    7   12   12
 4.075715302983536e-05   16    7   13    1
 0.001071547035251718   16    7   13    2
 0.000411799765768001   16    7   13    3
 -0.001170452192066695   16    7   13    4
 0.002381450105109674   16    7   13    5
 0.004450538011988006   16    7   13    6
 -0.004568040675624148   16    7   13    7
 0.001886998825398636   16    7   13    8
 0.001410492161153852   16    7   13    9
 -0.003657479733756349   16    7   13   10
 0.002219003111755364   16    7   13   11
 -0.004839341236402062   16    7   13   12
 -0.006759302243691057   16    7   13   13
 4.830343713703781e-05   16    7   14    1
 0.004219575692503765   16    7   14    2
 -0.001201155834397143   16    7   14    3
 9.329377253310886e-05   16    7   14    4
 -0.001421082523016788   16    7   14    5
 -0.0006213784123372113   16    7   14    6
 0.001498079912344905   16    7   14    7
 -0.002251771111244888   16    7   14    8
 0.002076707628203907   16    7   14    9
 0.0007086230526094686   16    7   14   10
 -0.0006631890136198318   16    7   14   11
 -1.861515718947771e-05   16    7   14   12
 -5.261728386405112e-05   16    7   14   13
 -0.003095121607380604   16    7   14   14
 0.0001702564849141495   16    7   15    1
 0.005848803682793704   16    7   15    2
 -0.001941710155915641   16    7   15    3
 -0.001475984974299844   16    7   15    4
 -0.001613589038893929   16    7   15    5
 0.0007546078364243259   16    7   15    6
 -0.0003631105645966354   16    7   15    7
 -0.002210694210855098   16    7   15    8
 0.004987731603263062   16    7   15    9
 -0.001346973045474653   16    7   15   10
 0.001560327600528017   16    7   15   11
 -0.003039476751421397   16    7   15   12
 -0.002127702222755443   16    7   15   13
 -0.001763398439395345   16    7   15   14
 -0.007124199635129879   16    7   15   15
 -5.996608361386801e-05   16    7   16    1
 0.002606335200447624   16    7   16    2
 -0.0001292988800155133   16    7   16    3
 0.002234563183605625   16    7   16    4
 -0.001112961710908955   16    7   16    5
 -0.001025469330080839   16    7   16    6
 0.01117212370392863   16    7   16    7
 -0.1433304312727343   16    8    1    1
 0.00016678941738443   16    8    2    1
 -0.008742840505976884   16    8    2    2
 0.002322316311618561   16    8    3    1
 -0.00652359753547263   16    8    3    2
 -0.07292745611689698   16    8    3    3
 -4.455054965716793e-05   16    8    4    1
 -0.002641369667191022   16    8    4    2
 -0.003463686667254249   16    8    4    3
 -0.01070027294667626   16    8    4    4
 -0.0005812552617344938   16    8    5    1
 -0.01105735815426743   16    8    5    2
 0.01550457255129779   16    8    5    3
 -0.0003489847066543047   16    8    5    4
 -0.02137479586369229   16    8    5    5
 0.0002007335686850186   16    8    6    1
 0.001880023650558791   16    8    6    2
 0.0111504274632591   16    8    6    3
 0.004133783481771708   16    8    6    4
 -0.003631780616124559   16    8    6    5
 -0.02476319679134467   16    8    6    6
 7.94300490446327e-05   16    8    7    1
 -0.001512690717425943   16    8    7    2
 -0.002046870278960218   16    8    7    3
 0.0007360324172903005   16    8    7    4
 -0.006893350326777763   16    8    7    5
 -0.004395051149047188   16    8    7    6
 -0.005152156996851115   16    8    7    7
 -0.0002529767643746311   16    8    8    1
 0.0006237223538044317   16    8    8    2
 -0.004268578998125105   16    8    8    3
 -0.00242257544799645   16    8    8    4
 0.01834160126868998   16    8    8    5
 0.01544169548223037   16    8    8    6
 -0.001310257821704927   16    8    8    7
 -0.05607109257870877   16    8    8    8
 -0.0002041962349928716   16    8    9    1
 0.001537173586796222   16    8    9    2
 -0.002083283259856449   16    8    9    3
 -0.003820022846841637   16    8    9    4
 0.01588411021915626   16    8    9    5
 0.01348755401320557   16    8    9    6
 0.02212376323456269   16    8    9    7
 -0.02050155150478919   16    8    9    8
 -0.02604958617349867   16    8    9    9
 0.0009003933697767685   16    8   10    1
 -0.001490002342664829   16    8   10    2
 0.005357178415536523   16    8   10    3
 0.007538569112250195   16    8   10    4
 0.002387055216249291   16    8   10    5
 -0.02793281964168598   16    8   10    6
 0.00670791143901561   16    8   10    7
 -0.007604795369256644   16    8   10    8
 -0.0005270663215888123   16    8   10    9
 -0.06669820703359221   16    8   10   10
 -4.923726216590489e-05   16    8   11    1
 0.002037729113145702   16    8   11    2
 0.0004524041839160096   16    8   11    3
 -0.002782949546586252   16    8   11    4
 0.0006800824156282775   16    8   11    5
 0.0007682696347400221   16    8   11    6
 0.01454417769832139   16    8   11    7
 0.01280955407037675   16    8   11    8
 -0.01569887627620662   16    8   11    9
 -0.001070648848575128   16    8   11   10
 -0.04773688911813941   16    8   11   11
 0.0001346231595561052   16    8   12    1
 -0.004315482221528922   16    8   12    2
 -0.003525327549579728   16    8   12    3
 0.003045313472696782   16    8   12    4
 -0.002882601974481859   16    8   12    5
 -0.002919295585453522   16    8   12    6
 0.004519082516341071   16    8   12    7
 0.009847745843932583   16    8   12    8
 -0.008389290284608617   16    8   12    9
 -0.0008099425202601611   16    8   12   10
 -0.027384855012895   16    8   12   11
 -0.04224624342016861   16    8   12   12
 -8.097140140673701e-05   16    8   13    1
 -0.003434645559524485   16    8   13    2
 0.0006544754963895137   16    8   13    3
 0.01063957157929163   16    8   13    4
 0.0002215839326652656   16    8   13    5
 -0.008668721983496648   16    8   13    6
 0.001424844682295886   16    8   13    7
 -0.002962547195506403   16    8   13    8
 0.0002415732702591221   16    8   13    9
 0.01523876219001304   16    8   13   10
 0.001408865626918412   16    8   13   11
 -0.006053912792508775   16    8   13   12
 -0.00181827565829017   16    8   13   13
 -0.0004485593623501716   16    8   14    1
 0.001886281427383505   16    8   14    2
 0.004484532164169545   16    8   14    3
 -0.001952551002384361   16    8   14    4
 -0.006199109516716746   16    8   14    5
 0.002248511483229011   16    8   14    6
 -0.0008528766334013519   16    8   14    7
 -0.0009433684891672975   16    8   14    8
 0.0006983345186688855   16    8   14    9
 -0.004899773060205459   16    8   14   10
 -0.0007410568173236488   16    8   14   11
 0.001016019164835924   16    8   14   12
 -0.0006799249027016141   16    8   14   13
 -0.001660475821250352   16    8   14   14
 -0.001240022084299569   16    8   15    1
 -0.002129940046120968   16    8   15    2
 0.009818811510668003   16    8   15    3
 0.001618546877835698   16    8   15    4
 -0.006131215355473165   16    8   15    5
 -0.002210837434919593   16    8   15    6
 0.0002182010177196394   16    8   15    7
 -0.008087069350755802   16    8   15    8
 -0.005175075535545345   16    8   15    9
 0.009681167218761801   16    8   15   10
 -0.004647345085409202   16    8   15   11
 -0.008159017879137424   16    8   15   12
 0.001526470791854212   16    8   15   13
 -0.0002087113383052534   16    8   15   14
 -0.006988452639890346   16    8   15   15
 0.0006978168729796566   16    8   16    1
 -0.0004514318281485273   16    8   16    2
 -0.002110117322175537   16    8   16    3
 -0.001432113578733966   16    8   16    4
 0.002417603012384513   16    8   16    5
 0.001047798913641221   16    8   16    6
 -0.002759778554384458   16    8   16    7
 0.02347415705106569   16    8   16    8
 -0.08438175759223281   16    9    1    1
 0.0001153104080192727   16    9    2    1
 -0.0103488873578754   16    9    2    2
 0.001378231304060587   16    9    3    1
 -0.002668285676609923   16    9    3    2
 -0.04347972253171416   16    9    3    3
 -3.171069934666559e-05   16    9    4    1
 -0.001112176655059239   16    9    4    2
 -0.002258723950745763   16    9    4    3
 -0.007675912810589255   16    9    4    4
 -0.0001882805253994827   16    9    5    1
 -0.006726230983863433   16    9    5    2
 0.01021269321405326   16    9    5    3
 -0.0001755667895226492   16    9    5    4
 -0.01592037884470264   16    9    5    5
 0.0001983290067540258   16    9    6    1
 0.00200271758072706   16    9    6    2
 0.006741710968519121   16    9    6    3
 0.002531259447804971   16    9    6    4
 -0.002025075341627109   16    9    6    5
 -0.0176879119754469   16    9    6    6
 4.05920885882762e-05   16    9    7    1
 0.00229432570499   16    9    7    2
 0.002430421052036568   16    9    7    3
 -0.002320624046849619   16    9    7    4
 0.0007302897270255052   16    9    7    5
 0.00217206765019107   16    9    7    6
 -0.006264983609701858   16    9    7    7
 -0.0006561045933695441   16    9    8    1
 0.001301212891935109   16    9    8    2
 -0.003266968326962996   16    9    8    3
 -0.002042185338007092   16    9    8    4
 0.01496038341740685   16    9    8    5
 0.01179593992682582   16    9    8    6
 0.001269816048403078   16    9    8    7
 -0.03716949846000368   16    9    8    8
 -0.0002714537183505201   16    9    9    1
 0.0007685027227332697   16    9    9    2
 -0.005273226006686797   16    9    9    3
 -0.002228260010925001   16    9    9    4
 0.006064755578189983   16    9    9    5
 0.007469730610244168   16    9    9    6
 0.01596645024350022   16    9    9    7
 -0.0119704472485681   16    9    9    8
 -0.0184096351790889   16    9    9    9
 0.0003395954371410268   16    9   10    1
 -0.001193433711168359   16    9   10    2
 0.001709614621310382   16    9   10    3
 0.004189909990981625   16    9   10    4
 0.001520153572216591   16    9   10    5
 -0.01539817507448629   16    9   10    6
 0.001873255109753071   16    9   10    7
 -0.005124575476699374   16    9   10    8
 -0.0006477584234080076   16    9   10    9
 -0.04306959767561302   16    9   10   10
 0.0002021286281171965   16    9   11    1
 -0.003394330545770698   16    9   11    2
 -0.0003742419480157227   16    9   11    3
 0.001331279801240482   16    9   11    4
 0.001650237951099408   16    9   11    5
 0.0001560723590742271   16    9   11    6
 0.007968452180011203   16    9   11    7
 0.005427844797310203   16    9   11    8
 -0.007203314978851029   16    9   11    9
 -0.0003830801712985888   16    9   11   10
 -0.03247279624667324   16    9   11   11
 0.0002596986187495714   16    9   12    1
 0.005228392282911723   16    9   12    2
 0.00290201798596118   16    9   12    3
 -0.004217623973230681   16    9   12    4
 0.00416610379394025   16    9   12    5
 0.003796891745372866   16    9   12    6
 0.001525925888447292   16    9   12    7
 0.004962957253549499   16    9   12    8
 -0.007121299604376167   16    9   12    9
 -0.001766349128644796   16    9   12   10
 -0.01435701125228957   16    9   12   11
 -0.02877476126284628   16    9   12   12
 7.899247009581266e-06   16    9   13    1
 -0.002426924603517573   16    9   13    2
 0.001281935806254141   16    9   13    3
 0.006741098868001019   16    9   13    4
 0.001866956359527264   16    9   13    5
 -0.00285460483779719   16    9   13    6
 0.0008792996819857905   16    9   13    7
 0.0009681704276221792   16    9   13    8
 -0.001415239675473273   16    9   13    9
 0.007843742716955891   16    9   13   10
 -0.002838218682721242   16    9   13   11
 0.00415945185099979   16    9   13   12
 -0.004694033978694405   16    9   13   13
 -0.0003198648761625025   16    9   14    1
 0.005803961894490655   16    9   14    2
 0.001493270412441008   16    9   14    3
 -0.001644220859791294   16    9   14    4
 -0.005340907309530688   16    9   14    5
 0.001398342907997193   16    9   14    6
 0.003194883035527939   16    9   14    7
 -0.0004099165101663072   16    9   14    8
 -0.0003499175453300689   16    9   14    9
 -0.003217518779653352   16    9   14   10
 0.001048664271781061   16    9   14   11
 0.0004314892198452944   16    9   14   12
 -0.001540500121289461   16    9   14   13
 -0.005071461690602515   16    9   14   14
 -0.0008199601043433271   16    9   15    1
 0.005689318139831178   16    9   15    2
 0.005034651003078177   16    9   15    3
 -0.001108043432049558   16    9   15    4
 -0.004125800289059929   16    9   15    5
 -0.0006283408360743008   16    9   15    6
 0.006376510549954829   16    9   15    7
 -0.003490613678492179   16    9   15    8
 -0.006229207445382513   16    9   15    9
 0.005615400066661209   16    9   15   10
 -0.00367026233676274   16    9   15   11
 0.0007658593170823899   16    9   15   12
 0.001150613904641625   16    9   15   13
 -0.002380835868026092   16    9   15   14
 -0.009899587985575034   16    9   15   15
 0.0006457415462027319   16    9   16    1
 0.001353008843174317   16    9   16    2
 -0.0009814307242539176   16    9   16    3
 0.000700973210341357   16    9   16    4
 0.0006807924294402965   16    9   16    5
 0.0006714911132951913   16    9   16    6
 0.0008684491799171833   16    9   16    7
 0.008001025199915281   16    9   16    8
 0.01413820107584876   16    9   16    9
 0.01993987096364954   16   10    1    1
 -5.334383576073855e-05   16   10    2    1
 0.008055044331807636   16   10    2    2
 -0.0003775581883380872   16   10    3    1
 -0.001474381225492557   16   10    3    2
 0.009445226111013682   16   10    3    3
 -7.800463640926404e-05   16   10    4    1
 -2.267029582709816e-05   16   10    4    2
 -0.000347350422231181   16   10    4    3
 -0.007200707056439618   16   10    4    4
 -0.0001166899482074324   16   10    5    1
 -0.003316192987858845   16   10    5    2
 -0.003816798238703861   16   10    5    3
 -0.001497791363198746   16   10    5    4
 0.005204450197712702   16   10    5    5
 0.000265976672125882   16   10    6    1
 -0.002576586518300685   16   10    6    2
 0.0004360281270977389   16   10    6    3
 0.002725815505911488   16   10    6    4
 -0.002650143845258521   16   10    6    5
 -0.002971864661879564   16   10    6    6
 -0.0001113164401565633   16   10    7    1
 0.001755520656759394   16   10    7    2
 -0.0005168759150925634   16   10    7    3
 0.0002514959931546207   16   10    7    4
 0.0004658223498864253   16   10    7    5
 0.00213740785381961   16   10    7    6
 -0.01052826387914469   16   10    7    7
 0.0004992283523846763   16   10    8    1
 -0.001639182295206606   16   10    8    2
 0.004393527501519335   16   10    8    3
 0.002453810667577175   16   10    8    4
 -0.003568589016688536   16   10    8    5
 -0.01041576416310403   16   10    8    6
 0.004059983155371641   16   10    8    7
 0.005105435608744409   16   10    8    8
 0.0001997387830532065   16   10    9    1
 -0.0001486563664078099   16   10    9    2
 0.002071102496353958   16   10    9    3
 0.002607575886819561   16   10    9    4
 -0.002767556628066474   16   10    9    5
 -0.006614746132368909   16   10    9    6
 -0.01122532207920548   16   10    9    7
 0.003078195673862675   16   10    9    8
 -0.002248669469280627   16   10    9    9
 0.0009679454894288436   16   10   10    1
 0.002843622835178503   16   10   10    2
 0.005511948611352172   16   10   10    3
 -0.005439065836496211   16   10   10    4
 0.002381053227141583   16   10   10    5
 0.0116328643966829   16   10   10    6
 -0.002443930877701547   16   10   10    7
 0.0003930335468593776   16   10   10    8
 -0.0009402976329463751   16   10   10    9
 0.007059063277410929   16   10   10   10
 -7.679539261578184e-05   16   10   11    1
 -7.531086278389235e-05   16   10   11    2
 -0.0006736340777464329   16   10   11    3
 0.0003333198460362138   16   10   11    4
 -9.734458031361509e-07   16   10   11    5
 0.0001104431771824846   16   10   11    6
 -0.002310143055055514   16   10   11    7
 -0.001168415174738229   16   10   11    8
 0.0002884576426818425   16   10   11    9
 0.0008961008423151703   16   10   11   10
 0.008949036344900371   16   10   11   11
 -0.0001098184969638397   16   10   12    1
 4.439585983261495e-06   16   10   12    2
 -0.0004431052446643871   16   10   12    3
 -0.0001317920875711502   16   10   12    4
 0.0001824738211579726   16   10   12    5
 -6.638132824875123e-05   16   10   12    6
 0.0004214380939694533   16   10   12    7
 -0.003118745982186606   16   10   12    8
 0.002803250912841438   16   10   12    9
 0.001969449095935777   16   10   12   10
 0.003696619854632868   16   10   12   11
 0.006853391052063668   16   10   12   12
 -0.0001376904790432548   16   10   13    1
 0.003743306377438586   16   10   13    2
 0.0008388885833191141   16   10   13    3
 -0.007210181662337617   16   10   13    4
 0.005441536746522039   16   10   13    5
 0.009676712336331982   16   10   13    6
 -0.002803001639682406   16   10   13    7
 0.006610345064266963   16   10   13    8
 0.002858848745204578   16   10   13    9
 -0.008845836380351956   16   10   13   10
 0.0002744568212672183   16   10   13   11
 0.001156117072775721   16   10   13   12
 -0.01431592798180179   16   10   13   13
 0.000136032443004083   16   10   14    1
 -0.001665971412794028   16   10   14    2
 -0.0008861619896454401   16   10   14    3
 0.001332219655808485   16   10   14    4
 -0.002351703319742407   16   10   14    5
 -0.002080651201576025   16   10   14    6
 -0.0006629529993034306   16   10   14    7
 -0.0009457513874526933   16   10   14    8
 -0.00145044227346589   16   10   14    9
 0.0008630878717969727   16   10   14   10
 -0.0003072617295353248   16   10   14   11
 -0.0007425531051333246   16   10   14   12
 0.002143172691576434   16   10   14   13
 0.00555624024218129   16   10   14   14
 0.0001278614136663555   16   10   15    1
 6.345569316282363e-05   16   10   15    2
 -0.0006583228919549879   16   10   15    3
 -0.002521097741200158   16   10   15    4
 0.000723830988391586   16   10   15    5
 0.004943524881494263   16   10   15    6
 -0.0008158664392523423   16   10   15    7
 0.004665368507216491   16   10   15    8
 0.0034724087992256   16   10   15    9
 -0.008469398374260648   16   10   15   10
 0.0002179876564556287   16   10   15   11
 0.0003268571776281481   16   10   15   12
 -0.00468836607410963   16   10   15   13
 0.007027566887397043   16   10   15   14
 0.007188326341174363   16   10   15   15
 -0.0002643511752822045   16   10   16    1
 -0.0008042206871392844   16   10   16    2
 -0.0008600085939686214   16   10   16    3
 0.003846614376289058   16   10   16    4
 -0.0003732252768418061   16   10   16    5
 -0.006491158620302406   16   10   16    6
 0.001457537216978005   16   10   16    7
 -0.004052642971673299   16   10   16    8
 -0.002344154695789108   16   10   16    9
 0.01070288438739414   16   10   16   10
 0.01787035009473143   16   11    1    1
 -2.931461989960912e-06   16   11    2    1
 0.003519751039635692   16   11    2    2
 -0.0002303846241370733   16   11    3    1
 0.0005537118951630714   16   11    3    2
 0.01003694499224674   16   11    3    3
 -1.052991297784034e-05   16   11    4    1
 -0.001009797546826684   16   11    4    2
 0.0002349104172677474   16   11    4    3
 0.00132483497265107   16   11    4    4
 0.000136893012893879   16   11    5    1
 2.97030984071174e-06   16   11    5    2
 -0.001124246320417307   16   11    5    3
 -0.0006547564410944994   16   11    5    4
 0.00465655717921255   16   11    5    5
 8.631064084947089e-05   16   11    6    1
 -0.0005714363090432677   16   11    6    2
 -0.0005472034508102643   16   11    6    3
 -0.001442143683732053   16   11    6    4
 0.0001338304165274194   16   11    6    5
 0.004505077421641765   16   11    6    6
 -0.0001346062979013908   16   11    7    1
 0.003242630932814153   16   11    7    2
 5.65951811672108e-05   16   11    7    3
 -0.001824300763024231   16   11    7    4
 0.001463870835780074   16   11    7    5
 0.0006599167087756901   16   11    7    6
 0.001621870734741521   16   11    7    7
 -0.0003942629646067591   16   11    8    1
 0.003533195239369514   16   11    8    2
 -0.001292634250268109   16   11    8    3
 -0.001758505300928295   16   11    8    4
 -0.0005727251465374587   16   11    8    5
 -0.001150088977513875   16   11    8    6
 0.001157145234405082   16   11    8    7
 0.008395621973672317   16   11    8    8
 6.264870454101453e-05   16   11    9    1
 -0.005649056786930951   16   11    9    2
 0.0006571601046205914   16   11    9    3
 0.001171681322153652   16   11    9    4
 -0.0001098572633286399   16   11    9    5
 7.022399335740776e-05   16   11    9    6
 -0.0005571886621929073   16   11    9    7
 -3.421655940976635e-05   16   11    9    8
 0.004550194609119999   16   11    9    9
 -5.115977711918019e-05   16   11   10    1
 -0.0001491243612830213   16   11   10    2
 -0.0004041104932945576   16   11   10    3
 -0.0004447644813171465   16   11   10    4
 -0.0001632310285910914   16   11   10    5
 0.002295709566180516   16   11   10    6
 -0.0006605542376035999   16   11   10    7
 0.0004980984260886423   16   11   10    8
 -0.0006131632237547426   16   11   10    9
 0.008743391695926521   16   11   10   10
 0.0004849511085173432   16   11   11    1
 0.005101295750024848   16   11   11    2
 0.0005227657234378946   16   11   11    3
 -0.0003746354758743653   16   11   11    4
 -0.001947496485357696   16   11   11    5
 -0.001274352511866944   16   11   11    6
 -0.001345918873756559   16   11   11    7
 -0.004089804088924759   16   11   11    8
 -0.0008102949673015957   16   11   11    9
 0.00133712394138565   16   11   11   10
 0.008193398878465515   16   11   11   11
 0.0003870394314599871   16   11   12    1
 0.0009378220008124559   16   11   12    2
 0.003932568562680563   16   11   12    3
 -0.002276397108545136   16   11   12    4
 0.004434669229308446   16   11   12    5
 0.003955001598436995   16   11   12    6
 -0.0009595030386084014   16   11   12    7
 -0.003302882900823716   16   11   12    8
 0.0006697873277673583   16   11   12    9
 -0.0005496198208261247   16   11   12   10
 0.00358377619723739   16   11   12   11
 0.006229212436422371   16   11   12   12
 3.287407878853319e-05   16   11   13    1
 0.0005452338959458839   16   11   13    2
 0.0001059569038573258   16   11   13    3
 -0.0005525270619889647   16   11   13    4
 0.0004905161942705475   16   11   13    5
 -0.0004808582943366526   16   11   13    6
 0.002101818867281887   16   11   13    7
 0.001790745945655827   16   11   13    8
 -0.002687073415280295   16   11   13    9
 -0.000485823554621153   16   11   13   10
 0.001245905649895694   16   11   13   11
 0.002476301557745859   16   11   13   12
 0.002651308390645346   16   11   13   13
 9.227218824489206e-06   16   11   14    1
 -0.0001111611461654724   16   11   14    2
 -0.000912487953561223   16   11   14    3
 -0.0001686685279175485   16   11   14    4
 0.0002355401739745729   16   11   14    5
 0.0003488486927643285   16   11   14    6
 -0.0007557041655737364   16   11   14    7
 -0.001314263211208064   16   11   14    8
 0.001110348804473454   16   11   14    9
 -0.0001432911381125932   16   11   14   10
 -0.003160653486451466   16   11   14   11
 0.001134164919594427   16   11   14   12
 -0.001873434129242794   16   11   14   13
 -0.0001725361539527109   16   11   14   14
 8.801532551729292e-05   16   11   15    1
 -0.0003427390239984654   16   11   15    2
 -0.001155591562757117   16   11   15    3
 8.934668539990691e-05   16   11   15    4
 0.001197661303899366   16   11   15    5
 0.0006321041301197194   16   11   15    6
 0.0007711287992886169   16   11   15    7
 -0.0001283108203964225   16   11   15    8
 -0.0009333381037557185   16   11   15    9
 -0.001168972794443718   16   11   15   10
 -0.003310303235850183   16   11   15   11
 0.003452469729622587   16   11   15   12
 0.0007068101456039207   16   11   15   13
 -0.0006307167982952657   16   11   15   14
 -0.0006351938603433658   16   11   15   15
 0.0001084204671926178   16   11   16    1
 0.0006300105844167697   16   11   16    2
 0.0006930340700334962   16   11   16    3
 -0.0002195939399343067   16   11   16    4
 0.0003571641419639953   16   11   16    5
 6.493001342069524e-05   16   11   16    6
 -8.460783341504066e-05   16   11   16    7
 -0.001865417899079704   16   11   16    8
 -0.0008224966960532124   16   11   16    9
 -9.221272082097905e-05   16   11   16   10
 0.006001102979156583   16   11   16   11
 0.02782148674566298   16   12    1    1
 1.431035134560706e-06   16   12    2    1
 0.006167575212463473   16   12    2    2
 -0.0003788492019871437   16   12    3    1
 0.001174537486556208   16   12    3    2
 0.01624510129814902   16   12    3    3
 -2.652565008062048e-05   16   12    4    1
 -0.0002957407231684925   16   12    4    2
 0.0004820494817378865   16   12    4    3
 0.008768573057293731   16   12    4    4
 0.0002447626338409847   16   12    5    1
 0.003024927801445006   16   12    5    2
 -0.001699293422705749   16   12    5    3
 -4.866687542462787e-05   16   12    5    4
 0.007758183647407442   16   12    5    5
 0.0001622233838569623   16   12    6    1
 0.0001715167483928589   16   12    6    2
 0.0002680890593686999   16   12    6    3
 -0.001770061216852764   16   12    6    4
 0.0008836397886842518   16   12    6    5
 0.0128387398023613   16   12    6    6
 -0.0001685238227738484   16   12    7    1
 -0.01224298280556762   16   12    7    2
 -0.006305506054684342   16   12    7    3
 0.005418006436059585   16   12    7    4
 -0.005890581014092598   16   12    7    5
 -0.006164197604878825   16   12    7    6
 0.008044688456736532   16   12    7    7
 -0.0006536325470054886   16   12    8    1
 -0.006032009062423149   16   12    8    2
 -0.007840144580934426   16   12    8    3
 0.001847596374768913   16   12    8    4
 -0.005294463332942125   16   12    8    5
 -0.002414954087469064   16   12    8    6
 0.00208256918741032   16   12    8    7
 0.01469719198567167   16   12    8    8
 3.772487604602572e-05   16   12    9    1
 0.00701724481366998   16   12    9    2
 0.005214882603506189   16   12    9    3
 -0.002477663837892244   16   12    9    4
 0.004685693489433028   16   12    9    5
 0.001428911682349714   16   12    9    6
 -0.004301090481226014   16   12    9    7
 0.001330410903431075   16   12    9    8
 0.00509589268056512   16   12    9    9
 -7.36671366628996e-05   16   12   10    1
 -0.000134386346008971   16   12   10    2
 -0.0006916504361833062   16   12   10    3
 0.0001409276688858009   16   12   10    4
 -0.000696447896747349   16   12   10    5
 0.001324757168129355   16   12   10    6
 0.0009944049439361161   16   12   10    7
 -0.0009581647834419233   16   12   10    8
 -0.000123008206241151   16   12   10    9
 0.01513405256503138   16   12   10   10
 0.0007683268842492768   16   12   11    1
 -0.001650696518439583   16   12   11    2
 0.009942914245861382   16   12   11    3
 -0.002940162075637426   16   12   11    4
 0.00222151699704286   16   12   11    5
 0.005039553986245124   16   12   11    6
 -0.001949512359611918   16   12   11    7
 -0.006003764653337147   16   12   11    8
 0.001140522525417699   16   12   11    9
 -0.0007238866153716222   16   12   11   10
 0.01187373780153487   16   12   11   11
 0.0007181989594078928   16   12   12    1
 -0.009482534261519564   16   12   12    2
 -0.005570922658098052   16   12   12    3
 0.009231041953212532   16   12   12    4
 -0.01294376665461808   16   12   12    5
 -0.00930386905617131   16   12   12    6
 0.00374078112560055   16   12   12    7
 -0.0002134368232085801   16   12   12    8
 -0.001212904631296271   16   12   12    9
 0.003417016369072105   16   12   12   10
 0.002444572828009837   16   12   12   11
 0.01854422431436873   16   12   12   12
 6.086187726985582e-05   16   12   13    1
 7.357475181724267e-05   16   12   13    2
 -0.000321725514793647   16   12   13    3
 -3.257249819452612e-05   16   12   13    4
 -0.0005262825610281433   16   12   13    5
 -0.0001368611896949076   16   12   13    6
 -0.005076475282960421   16   12   13    7
 -0.005004072343140612   16   12   13    8
 0.005180722534107013   16   12   13    9
 -0.000191976009759323   16   12   13   10
 0.002622892447519961   16   12   13   11
 -0.01141588586101217   16   12   13   12
 0.009491835575040039   16   12   13   13
 1.221272822367102e-05   16   12   14    1
 -0.0006335607834763381   16   12   14    2
 -0.0009465803711275138   16   12   14    3
 0.0003455200603862773   16   12   14    4
 0.00166204712564564   16   12   14    5
 -3.688661043345327e-05   16   12   14    6
 0.0005056993170228178   16   12   14    7
 -0.0007051561233483398   16   12   14    8
 -0.001121882071684571   16   12   14    9
 -0.0002087787188409671   16   12   14   10
 0.00164621430910895   16   12   14   11
 -0.002640880328067872   16   12   14   12
 -0.002710408192990441   16   12   14   13
 -0.001361843924473889   16   12   14   14
 0.0001371864693609284   16   12   15    1
 -0.001302351739474743   16   12   15    2
 -0.002424370094288097   16   12   15    3
 0.0009690155148566682   16   12   15    4
 0.0003221841625131958   16   12   15    5
 -0.0001693724781077601   16   12   15    6
 -0.003805337468624593   16   12   15    7
 -0.005139993811982151   16   12   15    8
 0.00260497845223556   16   12   15    9
 -0.001213022439809878   16   12   15   10
 0.003644107550290898   16   12   15   11
 -0.01091614592720584   16   12   15   12
 -0.000318563774411133   16   12   15   13
 -0.00421483781861801   16   12   15   14
 -0.0068646564971752   16   12   15   15
 0.0002012717262366973   16   12   16    1
 0.0007028049483429147   16   12   16    2
 0.0008097221777536003   16   12   16    3
 -0.0003028706782155844   16   12   16    4
 7.86070137901223e-05   16   12   16    5
 0.0003242978557506571   16   12   16    6
 0.003546805551312913   16   12   16    7
 -0.0006834442033571803   16   12   16    8
 -0.004277937919886514   16   12   16    9
 -0.001474557238071689   16   12   16   10
 -0.00220175984312967   16   12   16   11
 0.0152360705958081   16   12   16   12
 -0.01641583190206941   16   13    1    1
 -5.337594776528433e-05   16   13    2    1
 0.008852148581544893   16   13    2    2
 -0.0003147306648843219   16   13    3    1
 -0.009111178762553714   16   13    3    2
 -0.02991336481326947   16   13    3    3
 0.0001333839162287505   16   13    4    1
 0.03092239103242119   16   13    4    2
 0.005687069920643423   16   13    4    3
 0.02723318000019113   16   13    4    4
 -7.504603786360799e-05   16   13    5    1
 -0.0235226821966275   16   13    5    2
 0.004454847898314266   16   13    5    3
 0.01949038131655016   16   13    5    4
 0.01893734147410022   16   13    5    5
 -0.0004924174678553196   16   13    6    1
 -0.01006885432003182   16   13    6    2
 -0.01944220569355497   16   13    6    3
 0.05789913367536068   16   13    6    4
 -0.02210559350142444   16   13    6    5
 -0.0498640756494448   16   13    6    6
 -6.83215448785775e-05   16   13    7    1
 0.003295331278666224   16   13    7    2
 -2.870369408186189e-05   16   13    7    3
 0.0001202433592971277   16   13    7    4
 0.004035548377999194   16   13    7    5
 0.007998416134572795   16   13    7    6
 -0.04732313785930292   16   13    7    7
 0.0005712396207738428   16   13    8    1
 -0.009289861221982089   16   13    8    2
 0.009766079735099131   16   13    8    3
 0.02299538725331004   16   13    8    4
 0.0008089209542266192   16   13    8    5
 -0.01569798909030301   16   13    8    6
 0.01306266263573437   16   13    8    7
 -0.02447168968901394   16   13    8    8
 0.0003924175170145306   16   13    9    1
 -0.006798896773720821   16   13    9    2
 0.00808383149590354   16   13    9    3
 0.01662943241368674   16   13    9    4
 0.004032817100794747   16   13    9    5
 -0.007266681122759519   16   13    9    6
 -0.02033591855124862   16   13    9    7
 -0.007097555247076678   16   13    9    8
 -0.02234801288792889   16   13    9    9
 -0.0008333409677020282   16   13   10    1
 0.008754594235137631   16   13   10    2
 -0.00391036751240619   16   13   10    3
 -0.01849897255949122   16   13   10    4
 0.02084855204766814   16   13   10    5
 0.0169518267709349   16   13   10    6
 -0.00762121250818246   16   13   10    7
 0.01555978197674571   16   13   10    8
 0.007487948351855183   16   13   10    9
 -0.02755261464143896   16   13   10   10
 -1.169609519741413e-05   16   13   11    1
 0.0001334232824969147   16   13   11    2
 -6.014426049887813e-07   16   13   11    3
 0.0003236236398921769   16   13   11    4
 0.0008327938528245693   16   13   11    5
 -0.001613010520357593   16   13   11    6
 0.02060736254324614   16   13   11    7
 0.02112784311161116   16   13   11    8
 -0.02922484246397949   16   13   11    9
 -0.0002916682745134263   16   13   11   10
 0.01564260632906664   16   13   11   11
 -8.074155376214545e-05   16   13   12    1
 -0.0001909971060022332   16   13   12    2
 -0.0004666109707934845   16   13   12    3
 0.001444872928418771   16   13   12    4
 0.001141145578309064   16   13   12    5
 -0.0007050417244359611   16   13   12    6
 -0.02372587742136059   16   13   12    7
 -0.02328054452950909   16   13   12    8
 0.02659449022682932   16   13   12    9
 0.001889367307864413   16   13   12   10
 -0.007797746916676935   16   13   12   11
 -0.04393520316188522   16   13   12   12
 5.07250646503369e-05   16   13   13    1
 -0.01036686794530954   16   13   13    2
 -0.003375023093450636   16   13   13    3
 0.002691372006931912   16   13   13    4
 -0.008705075783911578   16   13   13    5
 0.01385783613081134   16   13   13    6
 -0.001582259795185175   16   13   13    7
 0.005984249219758144   16   13   13    8
 0.004953216923050438   16   13   13    9
 -0.0185312630619636   16   13   13   10
 -0.0001211451702438229   16   13   13   11
 0.002906518399503138   16   13   13   12
 -0.0459752107944245   16   13   13   13
 9.683330832241905e-05   16   13   14    1
 -0.00233938871836018   16   13   14    2
 0.0009149669976974914   16   13   14    3
 -0.0007059621091436659   16   13   14    4
 -0.005052286830406307   16   13   14    5
 0.0004759128832871486   16   13   14    6
 -0.002326551390475118   16   13   14    7
 -0.0008246453780891782   16   13   14    8
 -0.003161312717758302   16   13   14    9
 0.001236794026246794   16   13   14   10
 -0.0005138716915034326   16   13   14   11
 -0.0007822059693361287   16   13   14   12
 0.002506011779122052   16   13   14   13
 0.003466557410782686   16   13   14   14
 0.0005161439265992772   16   13   15    1
 -0.001256501417580116   16   13   15    2
 -0.005277533944335065   16   13   15    3
 0.001256288330340687   16   13   15    4
 -0.007391409284145813   16   13   15    5
 -0.003458632175137005   16   13   15    6
 -0.002105849160804107   16   13   15    7
 0.004707230000941515   16   13   15    8
 0.006964425668672581   16   13   15    9
 -0.00473501035202017   16   13   15   10
 -0.0009455908399599383   16   13   15   11
 -0.003115099801757734   16   13   15   12
 -0.04078498788504684   16   13   15   13
 0.01546353686821283   16   13   15   14
 -0.0139197120341872   16   13   15   15
 -0.0004890634441232969   16   13   16    1
 0.003506562108260393   16   13   16    2
 0.003755798386782761   16   13   16    3
 -0.003321954121104512   16   13   16    4
 0.004440827938169394   16   13   16    5
 0.001338934607678301   16   13   16    6
 0.001199432313810267   16   13   16    7
 -0.001274941975994213   16   13   16    8
 -0.0005537379014340397   16   13   16    9
 0.009315038492488485   16   13   16   10
 -0.000726683770327622   16   13   16   11
 -0.00383368215332317   16   13   16   12
 0.06040748432151411   16   13   16   13
 -0.002982227573600919   16   14    1    1
 -5.559605977474619e-05   16   14    2    1
 -0.04297759090266845   16   14    2    2
 0.0001000289910760646   16   14    3    1
 0.00637023844894345   16   14    3    2
 -0.001433497537167705   16   14    3    3
 5.361741886425633e-05   16   14    4    1
 -0.004786386736755525   16   14    4    2
 -0.0008601597382383259   16   14    4    3
 -0.0290988726459384   16   14    4    4
 -0.0005194243517867298   16   14    5    1
 0.01196694722821928   16   14    5    2
 -0.01246530139765087   16   14    5    3
 -0.003120068469786729   16   14    5    4
 -0.04573449429270946   16   14    5    5
 -0.0003410584000488593   16   14    6    1
 0.007984703748771055   16   14    6    2
 0.001302077027161706   16   14    6    3
 -0.01636450535754684   16   14    6    4
 0.01428972536470914   16   14    6    5
 -0.006823820192464447   16   14    6    6
 -0.0001502433267535874   16   14    7    1
 0.0148230297370771   16   14    7    2
 -0.003034308162002739   16   14    7    3
 -0.002269883805034505   16   14    7    4
 -0.003671356468176901   16   14    7    5
 -0.0007293563022155681   16   14    7    6
 0.001927494618158342   16   14    7    7
 0.001375537966035282   16   14    8    1
 -0.0007468298506373198   16   14    8    2
 0.008451864646089206   16   14    8    3
 -0.002433657677914515   16   14    8    4
 -0.01402042945651611   16   14    8    5
 -0.0001899537635396915   16   14    8    6
 -0.01235739426005343   16   14    8    7
 -0.002961456993021677   16   14    8    8
 0.0006527426299405848   16   14    9    1
 0.01299500573054797   16   14    9    2
 0.0009945489159972746   16   14    9    3
 -0.003424790311056386   16   14    9    4
 -0.01501635181866358   16   14    9    5
 -0.0008062034760396071   16   14    9    6
 0.01745730376129262   16   14    9    7
 0.009795538883346925   16   14    9    8
 -0.008981558979128165   16   14    9    9
 0.0004254262291710168   16   14   10    1
 -0.003418607167456536   16   14   10    2
 0.002839156299559675   16   14   10    3
 0.002450582863015667   16   14   10    4
 -0.01386155848189327   16   14   10    5
 0.005060251191793291   16   14   10    6
 0.001040553661796467   16   14   10    7
 -0.001005982718674778   16   14   10    8
 -0.00138462801372764   16   14   10    9
 0.002883737166074799   16   14   10   10
 -0.0003174252057759643   16   14   11    1
 0.0001175148585672301   16   14   11    2
 -0.002688463381913676   16   14   11    3
 0.0001869945439905113   16   14   11    4
 0.0001597782489808088   16   14   11    5
 0.0007826494090725067   16   14   11    6
 -0.01487452550443717   16   14   11    7
 -0.01678890091631958   16   14   11    8
 0.01995742190182915   16   14   11    9
 8.086629249060469e-05   16   14   11   10
 -0.027617383018634   16   14   11   11
 -0.0003703636321963286   16   14   12    1
 -0.0005050643987559348   16   14   12    2
 -0.001679767488931336   16   14   12    3
 -0.0001324356859291965   16   14   12    4
 0.001407255022150629   16   14   12    5
 0.001909620079802858   16   14   12    6
 0.002840197600897658   16   14   12    7
 0.002071864178251523   16   14   12    8
 -0.007313107448341942   16   14   12    9
 -0.001660793538340736   16   14   12   10
 0.01891896515549289   16   14   12   11
 -0.0102213464481878   16   14   12   12
 -0.0001544833298115466   16   14   13    1
 0.001003122975149891   16   14   13    2
 0.0006410519719494635   16   14   13    3
 0.006318858465899276   16   14   13    4
 -0.001070239411759978   16   14   13    5
 -0.00268952178531662   16   14   13    6
 0.0002630411011613213   16   14   13    7
 -0.003851512714993757   16   14   13    8
 -0.002956958422548318   16   14   13    9
 0.002471249034281219   16   14   13   10
 -0.0006291673453584627   16   14   13   11
 -0.0002529019959508705   16   14   13   12
 -0.01383796061441847   16   14   13   13
 0.0001294928068946313   16   14   14    1
 0.002164276203935143   16   14   14    2
 0.0006774713245957497   16   14   14    3
 0.001449538222934675   16   14   14    4
 0.00420188254718071   16   14   14    5
 -0.00161223913594888   16   14   14    6
 -0.0008330452882451521   16   14   14    7
 0.008247998659886287   16   14   14    8
 0.005059341562275686   16   14   14    9
 0.005375727295710384   16   14   14   10
 -0.0009241175128418095   16   14   14   11
 -0.002786565597859956   16   14   14   12
 0.01531403839695804   16   14   14   13
 -0.00633224975625534   16   14   14   14
 0.0002583106377124391   16   14   15    1
 0.001482799406143659   16   14   15    2
 0.002562833980319619   16   14   15    3
 -0.00391675868654873   16   14   15    4
 0.0004487410319764003   16   14   15    5
 -0.006093459050745215   16   14   15    6
 -0.002646149504380628   16   14   15    7
 0.009238203636741332   16   14   15    8
 0.00195508037128987   16   14   15    9
 0.00634107386185521   16   14   15   10
 -0.0002714144964406987   16   14   15   11
 -0.005728757553620313   16   14   15   12
 0.01710594903776991   16   14   15   13
 0.01767115288392117   16   14   15   14
 0.04277749771487269   16   14   15   15
 -0.0006824331259507274   16   14   16    1
 -0.005947259933391179   16   14   16    2
 0.0002764030531605297   16   14   16    3
 0.003937703606254878   16   14   16    4
 -0.003809954937349732   16   14   16    5
 0.00438901300686749   16   14   16    6
 -0.001496694768167027   16   14   16    7
 0.003933056395821775   16   14   16    8
 0.0008233740227570876   16   14   16    9
 7.196886617509787e-05   16   14   16   10
 -0.00272586251415527   16   14   16   11
 -0.005444161098840295   16   14   16   12
 -0.01359768767482145   16   14   16   13
 0.04348482637682835   16   14   16   14
 -0.07050659633734897   16   15    1    1
 -0.0001453396510071643   16   15    2    1
 -0.08899404635542933   16   15    2    2
 0.0003398817223189194   16   15    3    1
 -0.001715500667863159   16   15    3    2
 -0.06801505878934028   16   15    3    3
 0.0002247124937324621   16   15    4    1
 0.005835899185931675   16   15    4    2
 0.003712010223108419   16   15    4    3
 -0.1008456910870647   16   15    4    4
 -0.001312248993280867   16   15    5    1
 -0.0158235178872201   16   15    5    2
 -0.01666389795669253   16   15    5    3
 0.002880150255420982   16   15    5    4
 -0.09046346870854478   16   15    5    5
 -0.001168908502847223   16   15    6    1
 0.002856621054488027   16   15    6    2
 -0.01438678120675854   16   15    6    3
 0.004953266122840362   16   15    6    4
 0.006035779515718097   16   15    6    5
 -0.09967438351661678   16   15    6    6
 -0.0004941159553193035   16   15    7    1
 0.02827350152539957   16   15    7    2
 -0.007848150314305854   16   15    7    3
 -0.00498187475776533   16   15    7    4
 -0.00487976802984167   16   15    7    5
 0.003771695761743338   16   15    7    6
 -0.05867226709169582   16   15    7    7
 0.003415676662624303   16   15    8    1
 -0.01414952880061458   16   15    8    2
 0.02789704542191789   16   15    8    3
 0.008630341680821047   16   15    8    4
 -0.02169117503552004   16   15    8    5
 -0.01542717916943858   16   15    8    6
 -0.01512775134837988   16   15    8    7
 -0.06119232204495278   16   15    8    8
 0.001889752589696932   16   15    9    1
 0.01616681914442394   16   15    9    2
 0.01275856541359464   16   15    9    3
 0.001342494051569129   16   15    9    4
 -0.02024501463141809   16   15    9    5
 -0.008987184168086209   16   15    9    6
 0.02355741842131942   16   15    9    7
 0.00909332975425863   16   15    9    8
 -0.06498994608544757   16   15    9    9
 0.0003360039543435474   16   15   10    1
 -0.0007400261829599787   16   15   10    2
 0.004159541080307475   16   15   10    3
 -0.009417218540045227   16   15   10    4
 -0.008081250070094999   16   15   10    5
 0.02240281802808857   16   15   10    6
 -0.002648506964330598   16   15   10    7
 0.01247322954561484   16   15   10    8
 0.0063687345063585   16   15   10    9
 -0.05533096907245585   16   15   10   10
 -0.0004062109408758943   16   15   11    1
 -0.0003095530146735422   16   15   11    2
 -0.002967620015684663   16   15   11    3
 0.0002506702660762215   16   15   11    4
 0.001268886273224535   16   15   11    5
 0.0008935894631454252   16   15   11    6
 -0.009508220675098397   16   15   11    7
 -0.01392259153046766   16   15   11    8
 0.01312088926494707   16   15   11    9
 -0.0003279862772476972   16   15   11   10
 -0.07451176266608668   16   15   11   11
 -0.0005969276269725023   16   15   12    1
 -0.002346375604688171   16   15   12    2
 -0.00404420227398117   16   15   12    3
 0.001842307173142037   16   15   12    4
 0.001391751789091207   16   15   12    5
 0.001098012691168461   16   15   12    6
 -0.01508463978559718   16   15   12    7
 -0.01469778917301669   16   15   12    8
 0.006051652175991943   16   15   12    9
 -0.001245831609422481   16   15   12   10
 0.02860512036587867   16   15   12   11
 -0.08997431629300588   16   15   12   12
 -0.0002858234585871809   16   15   13    1
 -0.006104572754563135   16   15   13    2
 -0.001123074926285962   16   15   13    3
 0.01142671343873301   16   15   13    4
 0.001540261831535175   16   15   13    5
 -0.003277286451971499   16   15   13    6
 -0.0006028186632740799   16   15   13    7
 -0.0006126229717798188   16   15   13    8
 0.0008873748358508751   16   15   13    9
 -0.004157434146678025   16   15   13   10
 0.0003581356301331313   16   15   13   11
 0.0003336018817214572   16   15   13   12
 -0.0963277739539819   16   15   13   13
 0.0002913168210321266   16   15   14    1
 0.005567454394372496   16   15   14    2
 0.001545845333286409   16   15   14    3
 -0.0001563997008337293   16   15   14    4
 -0.007617477948460876   16   15   14    5
 -0.00127663166246175   16   15   14    6
 -0.005463820306942172   16   15   14    7
 0.01283005817422583   16   15   14    8
 0.003812456182347284   16   15   14    9
 0.009170231153056381   16   15   14   10
 -0.001925419969075314   16   15   14   11
 -0.004000434623697937   16   15   14   12
 0.03997285482095191   16   15   14   13
 0.01465747179465332   16   15   14   14
 0.0008912170500362854   16   15   15    1
 0.0008537013219484362   16   15   15    2
 0.000796944951036471   16   15   15    3
 -0.002667412783455325   16   15   15    4
 -0.009933359936862268   16   15   15    5
 -0.01253320597478464   16   15   15    6
 -0.005321628991146857   16   15   15    7
 0.02105137376215281   16   15   15    8
 0.01119715068146636   16   15   15    9
 0.006768787822898488   16   15   15   10
 -0.002642820691277154   16   15   15   11
 -0.01668525169820114   16   15   15   12
 -0.006541230513383158   16   15   15   13
 0.03326759749695953   16   15   15   14
 0.04666591617214742   16   15   15   15
 -0.001792662121409365   16   15   16    1
 -0.008860912084404085   16   15   16    2
 0.00484357020187096   16   15   16    3
 0.003944842034146689   16   15   16    4
 0.004669432157600725   16   15   16    5
 0.007160949454686773   16   15   16    6
 -0.002878406155059714   16   15   16    7
 0.01152384654849051   16   15   16    8
 0.001873142063130065   16   15   16    9
 0.01181693085379558   16   15   16   10
 -0.00584556158175537   16   15   16   11
 -0.0138196848645891   16   15   16   12
 0.02438285009885079   16   15   16   13
 0.05690569269378488   16   15   16   14
 0.1406239113294815   16   15   16   15
 0.3315584073752416   16   16    1    1
 -3.772465683515081e-06   16   16    2    1
 0.3021731437726636   16   16    2    2
 -0.00121603279772231   16   16    3    1
 0.0003844845961353872   16   16    3    2
 0.3004377171916178   16   16    3    3
 -0.0001748669964341638   16   16    4    1
 -0.01015614216434898   16   16    4    2
 -0.001559299836006402   16   16    4    3
 0.2665062060293201   16   16    4    4
 0.0006039048375716332   16   16    5    1
 0.009765413260073831   16   16    5    2
 -0.002966110303558418   16   16    5    3
 -0.004196699761792378   16   16    5    4
 0.2873942808900456   16   16    5    5
 0.0007281496956784791   16   16    6    1
 -0.003192741955523004   16   16    6    2
 0.007118357842364007   16   16    6    3
 -0.01814952947146443   16   16    6    4
 0.0005232347584337188   16   16    6    5
 0.2947641422247068   16   16    6    6
 0.0002540492042850182   16   16    7    1
 0.002768204054646311   16   16    7    2
 0.002764018999298729   16   16    7    3
 0.005088984958852614   16   16    7    4
 -0.001511514053766611   16   16    7    5
 -0.001248399215936883   16   16    7    6
 0.260911538944499   16   16    7    7
 -0.0006863285648789394   16   16    8    1
 0.003893960632088634   16   16    8    2
 -0.003188877471531766   16   16    8    3
 -0.007866190647698936   16   16    8    4
 -0.001889790017659289   16   16    8    5
 -0.002925627506933757   16   16    8    6
 0.00406932062790127   16   16    8    7
 0.2988766865090137   16   16    8    8
 -0.0006979001846182512   16   16    9    1
 0.003797051800081374   16   16    9    2
 -0.005267072653402522   16   16    9    3
 -0.0006434225118698782   16   16    9    4
 -0.003365338226211007   16   16    9    5
 -0.002776347119708139   16   16    9    6
 -0.0240219903168759   16   16    9    7
 0.01147089485238167   16   16    9    8
 0.2721799391818453   16   16    9    9
 0.0006942216069306866   16   16   10    1
 0.002655437368497291   16   16   10    2
 0.005596021177448058   16   16   10    3
 0.006179027151920953   16   16   10    4
 -0.002986312482120022   16   16   10    5
 -0.002409028098618063   16   16   10    6
 -0.002330960532747981   16   16   10    7
 0.002984240780652266   16   16   10    8
 -0.0010005460673768   16   16   10    9
 0.2945660866683803   16   16   10   10
 -0.0003748078602462434   16   16   11    1
 0.0006022816723773391   16   16   11    2
 -0.004087935302961938   16   16   11    3
 0.0009497982443934264   16   16   11    4
 0.001277238073721886   16   16   11    5
 0.0005483390088564645   16   16   11    6
 -0.005575813283212735   16   16   11    7
 -0.004011646661428987   16   16   11    8
 0.0003078279739270997   16   16   11    9
 -0.0004678157811342191   16   16   11   10
 0.2877921116386114   16   16   11   11
 -0.0003118909041794978   16   16   12    1
 0.001977153585899121   16   16   12    2
 -0.001462516261710644   16   16   12    3
 -0.00273992867658557   16   16   12    4
 0.002651906042540922   16   16   12    5
 0.001309901769185178   16   16   12    6
 0.01139063007747905   16   16   12    7
 -0.001810034501683525   16   16   12    8
 0.000296126815257437   16   16   12    9
 -0.0002496232995982511   16   16   12   10
 0.0008486461497521742   16   16   12   11
 0.2996829709646287   16   16   12   12
 -5.057879691736495e-05   16   16   13    1
 0.007109070833133132   16   16   13    2
 3.436028618603363e-05   16   16   13    3
 -0.02142090750541679   16   16   13    4
 -0.002198753523946431   16   16   13    5
 0.001819006776017809   16   16   13    6
 -0.001373859061095777   16   16   13    7
 -0.0006164602639014522   16   16   13    8
 -0.003014652916930075   16   16   13    9
 -0.002434534313124848   16   16   13   10
 -0.0001788193389734903   16   16   13   11
 -0.001797818155157777   16   16   13   12
 0.2757179684639492   16   16   13   13
 0.0001310716392414437   16   16   14    1
 -0.01101806861156335   16   16   14    2
 0.0003956766893107511   16   16   14    3
 0.00179602042001554   16   16   14    4
 0.006247881807446812   16   16   14    5
 -0.002257695134902697   16   16   14    6
 0.003994866335102266   16   16   14    7
 0.002013195349725264   16   16   14    8
 0.003611630893849002   16   16   14    9
 0.002108395503711387   16   16   14   10
 -0.001942962028960584   16   16   14   11
 -0.006675564377525266   16   16   14   12
 -0.02817155545038871   16   16   14   13
 0.2175317811148159   16   16   14   14
 -8.659998591114645e-05   16   16   15    1
 -0.01209242466606952   16   16   15    2
 0.001898413343423405   16   16   15    3
 0.007270660513667841   16   16   15    4
 0.008054337713138057   16   16   15    5
 0.009554225732095285   16   16   15    6
 -0.00720455062059138   16   16   15    7
 0.009898210665940703   16   16   15    8
 -0.0004734335965784295   16   16   15    9
 -0.001383621947454757   16   16   15   10
 -0.0007561389745200425   16   16   15   11
 0.0008366753872039567   16   16   15   12
 0.0295677740671118   16   16   15   13
 0.05591841221862945   16   16   15   14
 0.3084173585390533   16   16   15   15
 0.0001796926986026146   16   16   16    1
 0.001338413207407766   16   16   16    2
 -0.0004484764105690104   16   16   16    3
 -0.006359632264953533   16   16   16    4
 -0.009288987829399246   16   16   16    5
 -0.01210620839015204   16   16   16    6
 -0.008419727632941703   16   16   16    7
 -0.001892365694046697   16   16   16    8
 -0.009259671166887353   16   16   16    9
 0.004655986040034766   16   16   16   10
 -0.000246149810811213   16   16   16   11
 -0.002883588226450757   16   16   16   12
 -0.009309913979051886   16   16   16   13
 0.03049800745676335   16   16   16   14
 0.02553947682788132   16   16   16   15
 0.3239988846484073   16   16   16   16
 -0.0024945895807092   17    1    1    1
 7.659313929431376e-05   17    1    2    1
 0.0003997526813172143   17    1    2    2
 0.0005151715077758388   17    1    3    1
 0.0002289030149130664   17    1    3    2
 0.0005808372652891922   17    1    3    3
 0.0004822264756916003   17    1    4    1
 0.0002404308252584011   17    1    4    2
 0.0007232198042762951   17    1    4    3
 0.0005576621768526104   17    1    4    4
 0.0006114071031113185   17    1    5    1
 0.0002231690401793824   17    1    5    2
 0.001102690617354463   17    1    5    3
 3.774293135265227e-05   17    1    5    4
 -0.0001397950389331947   17    1    5    5
 -0.001888510520483123   17    1    6    1
 -0.0003061934632250248   17    1    6    2
 -0.00244724317897902   17    1    6    3
 3.141221172383065e-05   17    1    6    4
 0.000318382841699882   17    1    6    5
 0.0009099659837419659   17    1    6    6
 0.0006570260248677418   17    1    7    1
 7.769879541718567e-06   17    1    7    2
 0.0008809311767428731   17    1    7    3
 5.570801441437533e-05   17    1    7    4
 -0.0002833261663433805   17    1    7    5
 -6.920635763720451e-05   17    1    7    6
 -0.0001119448059792149   17    1    7    7
 -0.001245985749237941   17    1    8    1
 -6.559990917063332e-05   17    1    8    2
 -0.001730941253050291   17    1    8    3
 0.0001087764269814793   17    1    8    4
 0.000813795832646156   17    1    8    5
 -0.0001988673901277661   17    1    8    6
 0.0004736129066621031   17    1    8    7
 -0.000718346609838833   17    1    8    8
 -0.0006411217744198606   17    1    9    1
 -0.0001130542169357168   17    1    9    2
 -0.0009249522652871531   17    1    9    3
 0.0001282240355309435   17    1    9    4
 0.0004736041762064665   17    1    9    5
 -0.0001960030914780727   17    1    9    6
 -9.887246486576615e-05   17    1    9    7
 -0.0006059241935648466   17    1    9    8
 -0.0001673626437800922   17    1    9    9
 -0.006141227649446582   17    1   10    1
 -0.0001978065839947118   17    1   10    2
 -0.006791854030539837   17    1   10    3
 -0.000481633108775498   17    1   10    4
 0.002739776848385714   17    1   10    5
 0.001688624880719678   17    1   10    6
 0.000324373619521778   17    1   10    7
 -0.002149044740984514   17    1   10    8
 -0.001483148886062214   17    1   10    9
 0.0001711227242366084   17    1   10   10
 -0.000411282510597588   17    1   11    1
 -2.452332086252416e-05   17    1   11    2
 -0.0004816515464730777   17    1   11    3
 -1.331720708344007e-05   17    1   11    4
 0.0001819863137414144   17    1   11    5
 9.460060656414225e-05   17    1   11    6
 0.0001215603769620498   17    1   11    7
 -1.673224504953925e-05   17    1   11    8
 -0.0002630410321339584   17    1   11    9
 -1.174919835802113e-05   17    1   11   10
 0.0002673622968590008   17    1   11   11
 -0.0003211999453498786   17    1   12    1
 -2.269076613260899e-06   17    1   12    2
 -0.0003095829820782113   17    1   12    3
 -2.777466208540189e-05   17    1   12    4
 0.0001724249827180104   17    1   12    5
 6.10734708500525e-05   17    1   12    6
 9.218368528148776e-05   17    1   12    7
 -0.0001155302121421292   17    1   12    8
 -0.0001185752748653985   17    1   12    9
 -0.0001043146684944757   17    1   12   10
 -0.0002454001507654506   17    1   12   11
 0.000140648137772738   17    1   12   12
 0.0008912483676409801   17    1   13    1
 -7.272722775630052e-05   17    1   13    2
 0.0007041012594675522   17    1   13    3
 -2.157398038740295e-05   17    1   13    4
 -0.0005242832135590451   17    1   13    5
 -8.733342350737213e-05   17    1   13    6
 -8.080271778160214e-05   17    1   13    7
 0.0004856999392522134   17    1   13    8
 0.0003096558506712913   17    1   13    9
 -1.737354016858232e-05   17    1   13   10
 -7.782918913737971e-06   17    1   13   11
 5.371942854834184e-05   17    1   13   12
 4.397341539444614e-05   17    1   13   13
 -0.0004802255143640472   17    1   14    1
 5.083726651395981e-05   17    1   14    2
 -0.0002721126885153399   17    1   14    3
 -6.679389255210293e-05   17    1   14    4
 0.000196301079240906   17    1   14    5
 0.0003645289036106666   17    1   14    6
 -2.173437637996818e-05   17    1   14    7
 -0.0001296000487570359   17    1   14    8
 -8.225537365320781e-05   17    1   14    9
 0.000876056231933855   17    1   14   10
 6.592401721903418e-05   17    1   14   11
 4.514412117568225e-05   17    1   14   12
 -0.0002309997129552048   17    1   14   13
 4.271644590037736e-07   17    1   14   14
 0.0003334848955006669   17    1   15    1
 5.707231160962954e-05   17    1   15    2
 0.0003828682084852691   17    1   15    3
 -9.578509967278869e-05   17    1   15    4
 -0.0003420128112859923   17    1   15    5
 0.0003868025524135651   17    1   15    6
 -0.000156469169270863   17    1   15    7
 0.0004416740238808891   17    1   15    8
 0.0002852469850963322   17    1   15    9
 0.001703075270244476   17    1   15   10
 0.0001274903204967884   17    1   15   11
 0.0001760704534997009   17    1   15   12
 -0.0004191805604196127   17    1   15   13
 8.908325040361739e-06   17    1   15   14
 -0.0005311654287535434   17    1   15   15
 0.0002955323104510479   17    1   16    1
 8.96305751264499e-05   17    1   16    2
 0.0003254011153433953   17    1   16    3
 9.874125298485598e-08   17    1   16    4
 -8.93249581658176e-05   17    1   16    5
 -9.286599884475712e-05   17    1   16    6
 6.851416981394532e-05   17    1   16    7
 -0.0001517736119835246   17    1   16    8
 -7.816582860380529e-06   17    1   16    9
 -0.0002644995297749568   17    1   16   10
 1.821297924798783e-05   17    1   16   11
 2.23216608689408e-05   17    1   16   12
 0.0001985298231924883   17    1   16   13
 -0.0002272767126011382   17    1   16   14
 -0.000354052143187935   17    1   16   15
 -0.0001568921943093688   17    1   16   16
 0.001852686109382512   17    1   17    1
 -0.01038088586829116   17    2    1    1
 -1.027821482218014e-05   17    2    2    1
 0.02330395243494688   17    2    2    2
 -8.469943628246766e-05   17    2    3    1
 -0.007692842411386551   17    2    3    2
 -0.0148305596913757   17    2    3    3
 3.567251281976268e-05   17    2    4    1
 0.01080682849859308   17    2    4    2
 0.0001986228262746834   17    2    4    3
 0.02291461619325893   17    2    4    4
 -3.523751905917195e-05   17    2    5    1
 -0.00610255431083337   17    2    5    2
 -8.579107226124394e-05   17    2    5    3
 0.01352650564068512   17    2    5    4
 0.01095380350772431   17    2    5    5
 -9.832370236541539e-05   17    2    6    1
 -0.00740140345377095   17    2    6    2
 0.001647964249645778   17    2    6    3
 0.01429100094469835   17    2    6    4
 -0.004528580937619392   17    2    6    5
 -1.787951940914997e-05   17    2    6    6
 -4.26838459150744e-05   17    2    7    1
 -0.003719719699457301   17    2    7    2
 -0.0008336309135079261   17    2    7    3
 -0.0003818770798032145   17    2    7    4
 0.0006436083628501999   17    2    7    5
 0.002371828994479257   17    2    7    6
 -0.002288744458349072   17    2    7    7
 0.0002037395838877787   17    2    8    1
 0.002284459039990023   17    2    8    2
 0.006272926032770011   17    2    8    3
 0.008793446752598412   17    2    8    4
 0.007278814399671972   17    2    8    5
 -0.004035268340124801   17    2    8    6
 0.006688964194161554   17    2    8    7
 -0.005561310989743344   17    2    8    8
 0.0001337635327495096   17    2    9    1
 -0.001459907429384349   17    2    9    2
 0.004380217508956365   17    2    9    3
 0.006443134218661504   17    2    9    4
 0.004946175832772734   17    2    9    5
 0.0001142023679681922   17    2    9    6
 -0.005122114218092305   17    2    9    7
 -0.01171292233769362   17    2    9    8
 0.005615973282123248   17    2    9    9
 -8.636108051996761e-06   17    2   10    1
 0.01085229990487754   17    2   10    2
 0.0003170940684055269   17    2   10    3
 -0.0002876418616648806   17    2   10    4
 0.00970518695594101   17    2   10    5
 -0.00554725894775109   17    2   10    6
 -0.001726099629997048   17    2   10    7
 0.003088860586086557   17    2   10    8
 0.001918684966247881   17    2   10    9
 -0.004252513731881264   17    2   10   10
 1.498938706535206e-05   17    2   11    1
 -0.0005289759063214158   17    2   11    2
 0.0007325356749315202   17    2   11    3
 -0.001003086015667686   17    2   11    4
 0.00120414309285615   17    2   11    5
 -0.0007892523949987036   17    2   11    6
 0.02147156400537938   17    2   11    7
 0.02114694204813898   17    2   11    8
 -0.02769064359687972   17    2   11    9
 -0.0006905983137981015   17    2   11   10
 0.02850106355985125   17    2   11   11
 -5.439426007736653e-06   17    2   12    1
 0.001777690941241049   17    2   12    2
 -0.0003426670125691668   17    2   12    3
 0.001105575826310354   17    2   12    4
 0.001207480083771157   17    2   12    5
 -0.001055770812211129   17    2   12    6
 -0.01881072644623226   17    2   12    7
 -0.01558617790120211   17    2   12    8
 0.01953555566933875   17    2   12    9
 0.001309216609122507   17    2   12   10
 -0.0153330814829508   17    2   12   11
 -0.01750728081454337   17    2   12   12
 -4.122513629681543e-05   17    2   13    1
 -0.004119683193596103   17    2   13    2
 -0.00065494874921635   17    2   13    3
 -0.006667458495279001   17    2   13    4
 -0.01684622891918381   17    2   13    5
 -0.001852678900040104   17    2   13    6
 0.0007985324549937135   17    2   13    7
 -0.008044425561772393   17    2   13    8
 -0.004795365514780751   17    2   13    9
 -0.00270822890132066   17    2   13   10
 0.0001529135829557487   17    2   13   11
 -0.0009902939206334559   17    2   13   12
 0.001736867447173556   17    2   13   13
 5.550137202520853e-05   17    2   14    1
 -0.01520164810382455   17    2   14    2
 0.000126846130190534   17    2   14    3
 0.0003657852749450299   17    2   14    4
 -0.001234449734077363   17    2   14    5
 0.005823715775295012   17    2   14    6
 0.001921641908432294   17    2   14    7
 0.002375068386685702   17    2   14    8
 0.001890619413419798   17    2   14    9
 -0.003291382141250464   17    2   14   10
 0.0008946844226908076   17    2   14   11
 -0.0001108087315521313   17    2   14   12
 -0.002051458391822683   17    2   14   13
 0.003212469477836656   17    2   14   14
 0.0001334605975164944   17    2   15    1
 -0.008966693885681901   17    2   15    2
 -0.0001920810462148247   17    2   15    3
 0.007157335934130018   17    2   15    4
 -0.003456003159177934   17    2   15    5
 0.005767510268870684   17    2   15    6
 0.0003265838085987582   17    2   15    7
 -0.00105544859119326   17    2   15    8
 0.004254412604646735   17    2   15    9
 -0.00237168887659499   17    2   15   10
 -0.001559692646145893   17    2   15   11
 -0.002062935139196198   17    2   15   12
 -0.01011143930088719   17    2   15   13
 0.002838144683254555   17    2   15   14
 -0.0007681227028737477   17    2   15   15
 -0.0001401080468813704   17    2   16    1
 0.01528187008834143   17    2   16    2
 -0.003004849020283391   17    2   16    3
 -0.01134583570158233   17    2   16    4
 -0.00265418776928132   17    2   16    5
 -0.005604475813325835   17    2   16    6
 -0.001693619679142243   17    2   16    7
 0.001485405715569046   17    2   16    8
 -0.0009055410414088712   17    2   16    9
 0.002352704404937024   17    2   16   10
 -0.0002298744659125988   17    2   16   11
 0.0002185439190869761   17    2   16   12
 0.01769684583406244   17    2   16   13
 -0.00894872028587893   17    2   16   14
 -0.005602539619306473   17    2   16   15
 0.006824865569923325   17    2   16   16
 -2.725979499039787e-05   17    2   17    1
 0.04746256717193986   17    2   17    2
 0.006681527351272253   17    3    1    1
 7.11663589075474e-05   17    3    2    1
 -0.01158918280037732   17    3    2    2
 4.764532845910935e-05   17    3    3    1
 -0.0004897354868445763   17    3    3    2
 0.00336042177887662   17    3    3    3
 0.0003347035976902747   17    3    4    1
 -0.001770236797582803   17    3    4    2
 -0.002120890571776033   17    3    4    3
 -0.001881196219850278   17    3    4    4
 0.0006819922764656212   17    3    5    1
 -0.007582146307617471   17    3    5    2
 -0.002925821108446298   17    3    5    3
 -0.003995705991276806   17    3    5    4
 -0.01226118112028921   17    3    5    5
 -0.001274856417530374   17    3    6    1
 0.008250131764972692   17    3    6    2
 0.003653600895024349   17    3    6    3
 -0.006163321408524332   17    3    6    4
 0.008575792685336441   17    3    6    5
 0.01015561252601815   17    3    6    6
 0.0005618713289096249   17    3    7    1
 0.0002960482513430582   17    3    7    2
 0.0004239103302003346   17    3    7    3
 6.715734501530014e-05   17    3    7    4
 -0.001342708677203809   17    3    7    5
 -0.001118824366646927   17    3    7    6
 -0.0008095233512807384   17    3    7    7
 -0.001234141702796303   17    3    8    1
 0.0003573547470466718   17    3    8    2
 -0.001749545646960639   17    3    8    3
 0.0004847324302930087   17    3    8    4
 0.003027501454013101   17    3    8    5
 -0.002548526095048364   17    3    8    6
 -0.00183561353942387   17    3    8    7
 -0.004766279890329227   17    3    8    8
 -0.000693228481922374   17    3    9    1
 0.000694652764493518   17    3    9    2
 -0.0008653526484232364   17    3    9    3
 -0.000613745413651685   17    3    9    4
 0.002118225516206585   17    3    9    5
 -0.002243948669464426   17    3    9    6
 0.005223275566008971   17    3    9    7
 0.001265777897988229   17    3    9    8
 -0.003512409884608094   17    3    9    9
 -0.004553756053665272   17    3   10    1
 -0.003793867875869135   17    3   10    2
 -0.01106358283505798   17    3   10    3
 -0.0003671343571282444   17    3   10    4
 0.002237158688687884   17    3   10    5
 0.004736092236491581   17    3   10    6
 0.002131185205276572   17    3   10    7
 -0.008361015148491732   17    3   10    8
 -0.005422673468673052   17    3   10    9
 0.003527290631245187   17    3   10   10
 -0.0003371717565655117   17    3   11    1
 0.0003733804773203363   17    3   11    2
 -0.0006885408721468372   17    3   11    3
 -1.773773639460349e-05   17    3   11    4
 0.0004322688016122186   17    3   11    5
 0.0007482741680125499   17    3   11    6
 -0.002656352470231357   17    3   11    7
 -0.003371846388893366   17    3   11    8
 0.003362290242393438   17    3   11    9
 -3.682401720382632e-07   17    3   11   10
 -0.004239931344366222   17    3   11   11
 -0.0002529714992541245   17    3   12    1
 -0.0007466156606773879   17    3   12    2
 -0.001015449864039616   17    3   12    3
 0.0004178529030613343   17    3   12    4
 6.668224815972752e-05   17    3   12    5
 -0.0004965362301690241   17    3   12    6
 -0.001506058717437705   17    3   12    7
 -0.001674571239183775   17    3   12    8
 0.0009603928316642158   17    3   12    9
 -9.31598608252476e-05   17    3   12   10
 0.003599897257930623   17    3   12   11
 -0.004667358049666663   17    3   12   12
 0.0006589346122837864   17    3   13    1
 0.001838986647001373   17    3   13    2
 0.005217930792086519   17    3   13    3
 0.00180610198084533   17    3   13    4
 0.00263612895398877   17    3   13    5
 9.241055564222746e-06   17    3   13    6
 7.86716386724601e-06   17    3   13    7
 -0.001779960319068486   17    3   13    8
 -0.0003655160529432063   17    3   13    9
 0.001649715843657559   17    3   13   10
 0.0002418667217916258   17    3   13   11
 -0.001066510227767122   17    3   13   12
 0.0009466019174919877   17    3   13   13
 -0.0003073360690700037   17    3   14    1
 -0.0007734166140710028   17    3   14    2
 -0.004572875885296374   17    3   14    3
 -0.001041045988824048   17    3   14    4
 -0.003630331480526723   17    3   14    5
 0.001273910875071713   17    3   14    6
 -0.0006473675714394981   17    3   14    7
 0.001997614852769685   17    3   14    8
 0.001010933301768034   17    3   14    9
 0.001529203376459646   17    3   14   10
 -5.633683808726739e-05   17    3   14   11
 0.0006151346938650712   17    3   14   12
 0.0005959886470061061   17    3   14   13
 -0.00202365577571163   17    3   14   14
 0.0002767911219139261   17    3   15    1
 0.001173574547270363   17    3   15    2
 0.0003495244378371645   17    3   15    3
 -0.002549811660372218   17    3   15    4
 -0.002594247250918076   17    3   15    5
 0.004809691565342266   17    3   15    6
 -0.001414646715132604   17    3   15    7
 0.001243520913160409   17    3   15    8
 0.001128811588144749   17    3   15    9
 0.002505997533355774   17    3   15   10
 0.0009960004467347691   17    3   15   11
 -0.0009431287037477476   17    3   15   12
 0.004178108065711363   17    3   15   13
 -0.002612480320617668   17    3   15   14
 0.001323421972876562   17    3   15   15
 0.0002998341687039578   17    3   16    1
 -0.002409000515654176   17    3   16    2
 -0.0005160808942053216   17    3   16    3
 0.002488544076445652   17    3   16    4
 0.001572318751345454   17    3   16    5
 -0.002808953619950938   17    3   16    6
 0.0005489347627790792   17    3   16    7
 0.0005178964460003364   17    3   16    8
 0.0003208535186053966   17    3   16    9
 0.0001675137473703131   17    3   16   10
 -0.0001050126556814439   17    3   16   11
 0.0009049889162651272   17    3   16   12
 -0.004800670472649034   17    3   16   13
 0.001923334057165968   17    3   16   14
 -0.00206659622252397   17    3   16   15
 0.001352432475233978   17    3   16   16
 0.001336686154964143   17    3   17    1
 0.003410539221637941   17    3   17    2
 0.01334548290512144   17    3   17    3
 0.01110692763346417   17    4    1    1
 -2.023810841524306e-06   17    4    2    1
 0.02093332556621046   17    4    2    2
 -0.0002472185102358032   17    4    3    1
 0.000477992222979488   17    4    3    2
 0.003498213519688405   17    4    3    3
 4.503753307029754e-05   17    4    4    1
 0.001511362319326561   17    4    4    2
 0.003643961856519886   17    4    4    3
 0.01342818742095737   17    4    4    4
 0.0001111598386852438   17    4    5    1
 0.02045422578106805   17    4    5    2
 0.0007124052842225267   17    4    5    3
 0.01015928919653881   17    4    5    4
 0.02321704849445878   17    4    5    5
 -0.0002147521190764457   17    4    6    1
 -0.00873878285452971   17    4    6    2
 -0.005662101309772632   17    4    6    3
 -0.002999237232856768   17    4    6    4
 -0.00472145324294519   17    4    6    5
 0.001866696858933169   17    4    6    6
 4.091903830207674e-05   17    4    7    1
 -0.002571372595786448   17    4    7    2
 0.0009633576588358998   17    4    7    3
 0.000480680100714799   17    4    7    4
 -0.0008557458484741581   17    4    7    5
 0.0007118772621862813   17    4    7    6
 0.01061553348165316   17    4    7    7
 9.489861400867509e-06   17    4    8    1
 0.006799308860109736   17    4    8    2
 0.001465706742280846   17    4    8    3
 -0.0009074977377332696   17    4    8    4
 0.005569510934731478   17    4    8    5
 -0.000420562972584944   17    4    8    6
 0.004057720382944168   17    4    8    7
 0.01264617876901281   17    4    8    8
 7.512288078743729e-06   17    4    9    1
 0.003595323033171899   17    4    9    2
 0.0003032094778337951   17    4    9    3
 0.0008193314353345356   17    4    9    4
 0.001761127858347802   17    4    9    5
 0.0003077347411574682   17    4    9    6
 -0.007322872677888473   17    4    9    7
 -0.004211108066072945   17    4    9    8
 0.01324095991262396   17    4    9    9
 -0.0006947057691069569   17    4   10    1
 0.005560127002214761   17    4   10    2
 -0.003579736174510852   17    4   10    3
 0.005992692737081395   17    4   10    4
 0.006380515380493419   17    4   10    5
 -0.0001665053289501594   17    4   10    6
 -0.000602113394245295   17    4   10    7
 0.0006178776881028727   17    4   10    8
 0.0002930505768837705   17    4   10    9
 0.009896343061857344   17    4   10   10
 -6.062673388499991e-05   17    4   11    1
 -0.0008344839859989209   17    4   11    2
 -0.0004721075568246841   17    4   11    3
 -2.476180563505164e-05   17    4   11    4
 0.0006315556088451322   17    4   11    5
 -0.0003940854312268704   17    4   11    6
 0.006208948130850786   17    4   11    7
 0.006461083604448135   17    4   11    8
 -0.008257662537748515   17    4   11    9
 -0.0001505123933577704   17    4   11   10
 0.01886211551154375   17    4   11   11
 -7.690982144972926e-05   17    4   12    1
 0.001679947482372717   17    4   12    2
 0.0002557276443683133   17    4   12    3
 -0.0004381025627742794   17    4   12    4
 0.0008754499759531155   17    4   12    5
 0.0006132333068012964   17    4   12    6
 0.0006255348921588471   17    4   12    7
 -0.000577890980584285   17    4   12    8
 0.001034691969172127   17    4   12    9
 0.000193508466176689   17    4   12   10
 -0.00585796130605469   17    4   12   11
 0.01522892410935297   17    4   12   12
 0.0001035617511311222   17    4   13    1
 -0.003305466236374631   17    4   13    2
 -0.00217455531847256   17    4   13    3
 -0.01824550537171163   17    4   13    4
 -0.007444687379118039   17    4   13    5
 -0.004262334937323992   17    4   13    6
 -0.0007381109110046413   17    4   13    7
 -0.0004718527030332179   17    4   13    8
 -0.001181485430630876   17    4   13    9
 -0.003683210844014948   17    4   13   10
 -0.0003542516950981849   17    4   13   11
 0.0002433493649131814   17    4   13   12
 0.01402351361557706   17    4   13   13
 5.88237618098184e-06   17    4   14    1
 -0.0002695662987605091   17    4   14    2
 0.001078812538854271   17    4   14    3
 0.001222226130646423   17    4   14    4
 0.002418283527197074   17    4   14    5
 0.0007468133703468327   17    4   14    6
 0.0008941214505241272   17    4   14    7
 -0.0002820412042336194   17    4   14    8
 -0.0005349444807741778   17    4   14    9
 0.0003965920920559063   17    4   14   10
 0.0007118469607885249   17    4   14   11
 -0.0004720822696340524   17    4   14   12
 -0.002441070575429282   17    4   14   13
 0.002697388928449421   17    4   14   14
 0.0001922593900233928   17    4   15    1
 -0.0006054632586989643   17    4   15    2
 -0.0007446081516108461   17    4   15    3
 0.007966723441989464   17    4   15    4
 0.00353898480584069   17    4   15    5
 -0.001330494659922291   17    4   15    6
 0.0005293492305771924   17    4   15    7
 0.001578819511388235   17    4   15    8
 0.0009103733443378568   17    4   15    9
 0.00110940345957788   17    4   15   10
 -0.0006356679564467182   17    4   15   11
 0.002265771358020882   17    4   15   12
 -0.0001205703832183771   17    4   15   13
 0.001777331329407571   17    4   15   14
 0.00231384417546017   17    4   15   15
 -0.0001008672241913454   17    4   16    1
 -0.001784297537713463   17    4   16    2
 0.0003708810821868832   17    4   16    3
 -0.01016357893586166   17    4   16    4
 -0.006354178737718573   17    4   16    5
 0.000906941446390185   17    4   16    6
 -0.0004288041277592065   17    4   16    7
 -0.003745598082385942   17    4   16    8
 -0.002102082131043145   17    4   16    9
 -0.001678749420828052   17    4   16   10
 0.0001456531831308612   17    4   16   11
 -0.0004414449050605836   17    4   16   12
 0.0008522867897531613   17    4   16   13
 -0.001385068272382017   17    4   16   14
 -0.00200760099744927   17    4   16   15
 0.00578689527458275   17    4   16   16
 0.0001915146136130761   17    4   17    1
 0.003704559673968061   17    4   17    2
 -0.003391975900380143   17    4   17    3
 0.02180084397404135   17    4   17    4
 -0.009795565601891574   17    5    1    1
 -7.001332579451991e-05   17    5    2    1
 -0.001035649590700039   17    5    2    2
 -0.0005456367122954084   17    5    3    1
 -0.01012226077771741   17    5    3    2
 -0.03060782259532989   17    5    3    3
 -0.0001397814731228173   17    5    4    1
 0.02634670517298003   17    5    4    2
 -0.001442278909156487   17    5    4    3
 0.03460833977322319   17    5    4    4
 -0.0003780115164166755   17    5    5    1
 -0.02428833339873681   17    5    5    2
 -0.00282956138653452   17    5    5    3
 0.01313335023048839   17    5    5    4
 0.01285287633459429   17    5    5    5
 0.0005719677105970256   17    5    6    1
 0.005504638510882692   17    5    6    2
 -0.002330772443636123   17    5    6    3
 0.03168261724572349   17    5    6    4
 -0.008422541604766711   17    5    6    5
 -0.01623139665089133   17    5    6    6
 -0.0004089114629845879   17    5    7    1
 -0.0001901104950724719   17    5    7    2
 -0.003726872038152374   17    5    7    3
 -0.0005891916529424891   17    5    7    4
 0.003094755052112601   17    5    7    5
 0.003020982258578961   17    5    7    6
 -0.01743399464177387   17    5    7    7
 0.00113679408838028   17    5    8    1
 -0.001200562291914196   17    5    8    2
 0.01735360657361667   17    5    8    3
 0.01556384028809342   17    5    8    4
 0.007401568830941109   17    5    8    5
 -0.004688328806495046   17    5    8    6
 0.00425212969810375   17    5    8    7
 -0.01755430402424957   17    5    8    8
 0.0006669708018168159   17    5    9    1
 -0.004838562937360743   17    5    9    2
 0.01157279642662457   17    5    9    3
 0.008178540323839988   17    5    9    4
 0.007375361991489835   17    5    9    5
 -0.001245059152294875   17    5    9    6
 -0.001652898253424624   17    5    9    7
 -0.008863953033293548   17    5    9    8
 -0.005766118067697362   17    5    9    9
 0.002562574652302941   17    5   10    1
 0.004504336457785209   17    5   10    2
 0.01044626727312145   17    5   10    3
 -0.003956669672229182   17    5   10    4
 0.01008570517429068   17    5   10    5
 -0.004266949022690244   17    5   10    6
 -0.002716387199600463   17    5   10    7
 0.009455449280409606   17    5   10    8
 0.006251592668827234   17    5   10    9
 -0.01050722669140942   17    5   10   10
 0.0002102911279534301   17    5   11    1
 0.001334241351757876   17    5   11    2
 0.001106228136231085   17    5   11    3
 0.000561632117295786   17    5   11    4
 0.0006708808015763407   17    5   11    5
 -0.0008937104406192286   17    5   11    6
 0.02330036312079844   17    5   11    7
 0.02317487157147734   17    5   11    8
 -0.0293052534084612   17    5   11    9
 -0.0002876550761649446   17    5   11   10
 0.02142499441171561   17    5   11   11
 0.000102166420069667   17    5   12    1
 0.0003960696981592548   17    5   12    2
 0.0006605452362940498   17    5   12    3
 0.0005061708247322353   17    5   12    4
 0.002144112367231308   17    5   12    5
 -0.001001365352369028   17    5   12    6
 -0.02865344865299872   17    5   12    7
 -0.02357078573689566   17    5   12    8
 0.0284878730042728   17    5   12    9
 0.001541042312621319   17    5   12   10
 -0.01047961638896372   17    5   12   11
 -0.04106025764347863   17    5   12   12
 -0.0004431749131743474   17    5   13    1
 -0.01286073299297388   17    5   13    2
 -0.001512917676018843   17    5   13    3
 0.0008107824883082715   17    5   13    4
 -0.01745413175427146   17    5   13    5
 -0.002621994276377272   17    5   13    6
 0.002502497105121729   17    5   13    7
 -0.01118964467948662   17    5   13    8
 -0.004614468700759366   17    5   13    9
 -0.004593308045845903   17    5   13   10
 -0.000262340323830499   17    5   13   11
 -0.0008764325930886225   17    5   13   12
 -0.009275191144816205   17    5   13   13
 0.0003441541480182683   17    5   14    1
 -0.009000938216343745   17    5   14    2
 -0.002307007525108295   17    5   14    3
 -0.004308987135885612   17    5   14    4
 -0.006483387837519792   17    5   14    5
 0.004034719174318511   17    5   14    6
 -0.0006368033029068462   17    5   14    7
 0.003757869812929088   17    5   14    8
 0.00126826632005368   17    5   14    9
 -0.003023191172749508   17    5   14   10
 -0.000109166839047605   17    5   14   11
 0.001210188935371065   17    5   14   12
 -0.0009013400329170343   17    5   14   13
 0.002113788961635226   17    5   14   14
 0.0002542911898830475   17    5   15    1
 -0.002945701502381725   17    5   15    2
 -0.006116766525644042   17    5   15    3
 0.009431123099476265   17    5   15    4
 -0.009143516877754962   17    5   15    5
 -0.0001563197732213806   17    5   15    6
 -0.001906224717053204   17    5   15    7
 0.0002463293557465647   17    5   15    8
 0.004453448844142831   17    5   15    9
 -0.003325257014089377   17    5   15   10
 -0.001095319811951549   17    5   15   11
 -0.003651115078023195   17    5   15   12
 -0.01737207874221574   17    5   15   13
 0.001271113073517395   17    5   15   14
 -0.009524268466511587   17    5   15   15
 -0.0005374458253503384   17    5   16    1
 0.004602527959842458   17    5   16    2
 0.0004081006126854139   17    5   16    3
 -0.01289700240020694   17    5   16    4
 0.004313378081356562   17    5   16    5
 0.001721085327761637   17    5   16    6
 -0.001953810617748575   17    5   16    7
 0.002469031079884166   17    5   16    8
 -0.0001786127357703206   17    5   16    9
 0.0008116481074367868   17    5   16   10
 -0.0003604251944615404   17    5   16   11
 -0.0009030134552989847   17    5   16   12
 0.02967374022464196   17    5   16   13
 -0.01040880041594176   17    5   16   14
 0.002011947002128341   17    5   16   15
 -0.001397313612833559   17    5   16   16
 -0.0008200371296772804   17    5   17    1
 0.03822871579443268   17    5   17    2
 0.005526936125923585   17    5   17    3
 0.002765265714118778   17    5   17    4
 0.05780651662062689   17    5   17    5
 0.0007370782161589774   17    6    1    1
 7.584906075641487e-05   17    6    2    1
 -0.0005462586652107017   17    6    2    2
 0.001138010239603536   17    6    3    1
 0.01203995729713417   17    6    3    2
 0.04275115184826925   17    6    3    3
 -0.000237898513589295   17    6    4    1
 -0.01513459318088627   17    6    4    2
 -0.006081170765672963   17    6    4    3
 -0.01620849920909641   17    6    4    4
 -0.0002020678952348117   17    6    5    1
 0.01984773180046064   17    6    5    2
 0.003246773744747664   17    6    5    3
 -0.00513728868521893   17    6    5    4
 -0.002331312186899668   17    6    5    5
 0.001061346213392359   17    6    6    1
 0.004546568411121623   17    6    6    2
 0.02325855688838501   17    6    6    3
 -0.03761003629224782   17    6    6    4
 0.00790065943408892   17    6    6    5
 0.03866812182973484   17    6    6    6
 1.635242762947987e-05   17    6    7    1
 0.001355572053214298   17    6    7    2
 0.001614713434951731   17    6    7    3
 0.0004371354420798317   17    6    7    4
 -0.002254797632744678   17    6    7    5
 -0.005071421656520856   17    6    7    6
 0.019841877836537   17    6    7    7
 -0.0007005890815272819   17    6    8    1
 -0.001566611999579595   17    6    8    2
 -0.02055128583486716   17    6    8    3
 -0.01035417026224991   17    6    8    4
 -0.006229046568846351   17    6    8    5
 0.004661311193866245   17    6    8    6
 -0.002119378920172208   17    6    8    7
 0.02437981212401949   17    6    8    8
 -0.0005000909492525791   17    6    9    1
 0.003989524019058068   17    6    9    2
 -0.01375875153007114   17    6    9    3
 -0.006036582619105782   17    6    9    4
 -0.005524377787875343   17    6    9    5
 0.0007702743430765284   17    6    9    6
 -0.002630726123921125   17    6    9    7
 0.008446603061158459   17    6    9    8
 0.01073404849214499   17    6    9    9
 0.002439562545760922   17    6   10    1
 -0.0039683687085405   17    6   10    2
 0.01131196810299459   17    6   10    3
 0.009106996863525015   17    6   10    4
 -0.01394568074203232   17    6   10    5
 -0.005028499398330751   17    6   10    6
 0.002120804114011169   17    6   10    7
 -0.002752407935842447   17    6   10    8
 -0.001239647059989649   17    6   10    9
 0.01117009723726683   17    6   10   10
 0.0001032829260392185   17    6   11    1
 -0.0006808915497549201   17    6   11    2
 0.0008671517872622945   17    6   11    3
 -0.0003103778748151542   17    6   11    4
 -0.0006945090243130761   17    6   11    5
 0.001305417402431725   17    6   11    6
 -0.02052329677262704   17    6   11    7
 -0.01895819281996303   17    6   11    8
 0.02391956943337679   17    6   11    9
 9.735843881716877e-05   17    6   11   10
 -0.009020133371989213   17    6   11   11
 0.0002327470761851757   17    6   12    1
 -0.001467990667211551   17    6   12    2
 -0.0006291184826812302   17    6   12    3
 0.0005786879468060626   17    6   12    4
 -0.00285380655542577   17    6   12    5
 -0.001342394348194035   17    6   12    6
 0.02752269870845475   17    6   12    7
 0.02202424845425622   17    6   12    8
 -0.02403579545163818   17    6   12    9
 -0.0005944732324219379   17    6   12   10
 0.00241995369707012   17    6   12   11
 0.04594561982782244   17    6   12   12
 -0.0002587771125152076   17    6   13    1
 0.004338401214771245   17    6   13    2
 0.004072385580629802   17    6   13    3
 -0.01247737042439648   17    6   13    4
 0.00877683032663145   17    6   13    5
 0.01205397179308117   17    6   13    6
 -0.002642889946599608   17    6   13    7
 0.003962442323563275   17    6   13    8
 0.0005171581534747645   17    6   13    9
 0.001330767143435784   17    6   13   10
 0.0003184395872671387   17    6   13   11
 -0.0009723017334403944   17    6   13   12
 0.01920136923373345   17    6   13   13
 -0.0001902368322442453   17    6   14    1
 0.009218197731263833   17    6   14    2
 0.001115853471553421   17    6   14    3
 0.004583589712468358   17    6   14    4
 0.005036643770685261   17    6   14    5
 -0.008679399542524181   17    6   14    6
 0.000176084100110599   17    6   14    7
 -0.002813342431731099   17    6   14    8
 -0.001284257415380164   17    6   14    9
 0.001544454516098463   17    6   14   10
 0.0001346253336075573   17    6   14   11
 -0.001045313225288221   17    6   14   12
 -0.001426881084471531   17    6   14   13
 0.001374027314280055   17    6   14   14
 -0.001118277406864644   17    6   15    1
 0.008336801982836801   17    6   15    2
 0.009271014205715153   17    6   15    3
 -0.01009880577849891   17    6   15    4
 0.01143729150948677   17    6   15    5
 0.01338626513670433   17    6   15    6
 0.0009068408104366356   17    6   15    7
 -0.001554362379951953   17    6   15    8
 -0.004872019513518476   17    6   15    9
 -0.001658402592958358   17    6   15   10
 0.0007787627583708909   17    6   15   11
 0.001915388593597164   17    6   15   12
 0.02117857798365856   17    6   15   13
 -0.002533694045811742   17    6   15   14
 0.01787658203833274   17    6   15   15
 0.000816572414612166   17    6   16    1
 -0.01166292650398531   17    6   16    2
 -0.003919649571706156   17    6   16    3
 0.01166306041008095   17    6   16    4
 -0.007036741368135273   17    6   16    5
 -0.01443199753007571   17    6   16    6
 0.002280501422355084   17    6   16    7
 -0.001849778623964164   17    6   16    8
 7.678695692930681e-05   17    6   16    9
 0.0001095331822885095   17    6   16   10
 -0.0004517342157281831   17    6   16   11
 0.001875263664374798   17    6   16   12
 -0.02917511104574418   17    6   16   13
 0.01039517857435573   17    6   16   14
 -0.007047357881619785   17    6   16   15
 0.009094793547699669   17    6   16   16
 -0.000578046798887538   17    6   17    1
 -0.02295275450258991   17    6   17    2
 0.002819845068816537   17    6   17    3
 -0.00413730795541498   17    6   17    4
 -0.03231647493306847   17    6   17    5
 0.04784864875029264   17    6   17    6
 0.01517697852228661   17    7    1    1
 -1.817097032534523e-05   17    7    2    1
 -0.006161024525763067   17    7    2    2
 -0.0003302861839939781   17    7    3    1
 0.0005028671862552076   17    7    3    2
 0.004199991531948821   17    7    3    3
 -5.492008820018681e-05   17    7    4    1
 -0.002869554987069241   17    7    4    2
 0.0002178369955262194   17    7    4    3
 -0.005354372348467797   17    7    4    4
 2.027533648425271e-05   17    7    5    1
 0.0006404554739740527   17    7    5    2
 -0.0038606854962074   17    7    5    3
 -0.001577623732894054   17    7    5    4
 -0.003898015953891205   17    7    5    5
 0.0001889551755887059   17    7    6    1
 0.001683387042712633   17    7    6    2
 0.0001141937021077872   17    7    6    3
 -0.003793910666917627   17    7    6    4
 0.003031056243890213   17    7    6    5
 -0.0001037299164801409   17    7    6    6
 -0.0001059526593390951   17    7    7    1
 -3.791572432081613e-05   17    7    7    2
 -0.003309832587635608   17    7    7    3
 0.003345149327702985   17    7    7    4
 -0.002860642919647156   17    7    7    5
 -0.001042960448679512   17    7    7    6
 0.001782545876198241   17    7    7    7
 8.690040413247438e-05   17    7    8    1
 0.001450378405897242   17    7    8    2
 0.0002427520782221348   17    7    8    3
 0.001267374416133192   17    7    8    4
 -0.003754590144197084   17    7    8    5
 -0.0001447149614571087   17    7    8    6
 -0.002214143020683187   17    7    8    7
 0.004798010243409325   17    7    8    8
 0.0001096076519886218   17    7    9    1
 -0.0005424519501414724   17    7    9    2
 0.003951722347003564   17    7    9    3
 -0.004519708545281827   17    7    9    4
 -6.601988091968825e-05   17    7    9    5
 -0.0008037961903800215   17    7    9    6
 0.00199625962830753   17    7    9    7
 0.002434055142984615   17    7    9    8
 -8.969340286942853e-05   17    7    9    9
 0.0005255315501052083   17    7   10    1
 -0.001893018495990943   17    7   10    2
 0.002343606204244662   17    7   10    3
 0.0003866428931769937   17    7   10    4
 -0.003876695716917775   17    7   10    5
 0.0019522085315936   17    7   10    6
 0.001377101723721598   17    7   10    7
 0.001263978503373311   17    7   10    8
 -0.000313231121859736   17    7   10    9
 0.007044680053911243   17    7   10   10
 0.000178733496773183   17    7   11    1
 0.007974335143108047   17    7   11    2
 0.001780063141668005   17    7   11    3
 0.003580246095710374   17    7   11    4
 0.002245980451069841   17    7   11    5
 -0.0005209754332122808   17    7   11    6
 -0.004467653915310938   17    7   11    7
 -0.002765496869004363   17    7   11    8
 0.005243583530478745   17    7   11    9
 0.002943525767966408   17    7   11   10
 -0.001585848357082738   17    7   11   11
 0.0001601622728946803   17    7   12    1
 -0.009746715103393422   17    7   12    2
 -0.001600991512628977   17    7   12    3
 0.0005526872649822098   17    7   12    4
 -0.008015218158098015   17    7   12    5
 0.0009632478239584511   17    7   12    6
 0.001241859795189929   17    7   12    7
 0.0008228529037885659   17    7   12    8
 -0.0008962214023973655   17    7   12    9
 0.0001660619176945913   17    7   12   10
 0.005908457647163813   17    7   12   11
 0.003206737901908696   17    7   12   12
 -6.521203673129655e-05   17    7   13    1
 0.0006805393674307907   17    7   13    2
 -0.0002171381755377445   17    7   13    3
 0.001433537973772855   17    7   13    4
 0.002333309889183865   17    7   13    5
 -0.002505036392891914   17    7   13    6
 -0.00112691619032464   17    7   13    7
 -0.002834859059312844   17    7   13    8
 0.002898369208557568   17    7   13    9
 0.001133793440388129   17    7   13   10
 -0.001132978575063677   17    7   13   11
 -0.002860298692382206   17    7   13   12
 0.001121329917809285   17    7   13   13
 8.946825794848738e-05   17    7   14    1
 0.002092060128017457   17    7   14    2
 -0.001271760343032764   17    7   14    3
 0.0001046697295830799   17    7   14    4
 -0.0007513740435630864   17    7   14    5
 0.0001594308098789455   17    7   14    6
 -0.00201172804775267   17    7   14    7
 -0.001425890043356033   17    7   14    8
 0.003154071142546675   17    7   14    9
 0.0005568787790503971   17    7   14   10
 -0.002016689530997976   17    7   14   11
 -0.0007788353243356773   17    7   14   12
 0.0008713819843017746   17    7   14   13
 -0.0009756175936581572   17    7   14   14
 0.0001097335248171823   17    7   15    1
 -8.393333824020173e-07   17    7   15    2
 -0.002190974535201826   17    7   15    3
 -5.239239990926222e-05   17    7   15    4
 -0.0009393932525328425   17    7   15    5
 -0.001869035071377789   17    7   15    6
 -0.001010203141055821   17    7   15    7
 -0.001246583951175547   17    7   15    8
 0.002494871761831619   17    7   15    9
 0.0001237565679857847   17    7   15   10
 0.0009922160319605054   17    7   15   11
 -0.003326121136330717   17    7   15   12
 0.002140432764059556   17    7   15   13
 -0.0008678481231256688   17    7   15   14
 -0.0001612569497244318   17    7   15   15
 -7.753003533480698e-05   17    7   16    1
 -0.0009040064799106489   17    7   16    2
 0.0008537377631895347   17    7   16    3
 0.0003382778576991641   17    7   16    4
 0.0008023414776041707   17    7   16    5
 0.002338268444530267   17    7   16    6
 0.001886146466598087   17    7   16    7
 0.0006062941150882112   17    7   16    8
 -0.002440221792610336   17    7   16    9
 -0.001167116861761025   17    7   16   10
 0.0003302399076259093   17    7   16   11
 0.003075605829621606   17    7   16   12
 -0.004031001063905129   17    7   16   13
 0.001768150142428359   17    7   16   14
 0.0007601077735844334   17    7   16   15
 -0.000177093888646651   17    7   16   16
 -0.0001763220974675665   17    7   17    1
 -0.004737891133320357   17    7   17    2
 0.0007970682317857054   17    7   17    3
 0.0003839561972288007   17    7   17    4
 -0.003045257798111926   17    7   17    5
 0.001292558270404994   17    7   17    6
 0.01006241576219042   17    7   17    7
 -0.03096273040242632   17    8    1    1
 3.892962814204868e-05   17    8    2    1
 0.01303463804858743   17    8    2    2
 0.0006425767269132267   17    8    3    1
 0.0003794955770255292   17    8    3    2
 -0.009689063121637444   17    8    3    3
 0.0002887520732431798   17    8    4    1
 0.01122754550841239   17    8    4    2
 0.003112487388699593   17    8    4    3
 0.01467744905273235   17    8    4    4
 0.0001496022109465639   17    8    5    1
 0.003001584891856349   17    8    5    2
 0.01089343116405593   17    8    5    3
 0.009337491710509432   17    8    5    4
 0.01578489948949944   17    8    5    5
 -0.001063834251486696   17    8    6    1
 -0.006877172332446214   17    8    6    2
 -0.008840872630669143   17    8    6    3
 0.0109114511473839   17    8    6    4
 -0.01029723345503996   17    8    6    5
 -0.00300126975937625   17    8    6    6
 0.0002942395750857677   17    8    7    1
 0.001692775621121109   17    8    7    2
 0.0009408853458400502   17    8    7    3
 0.003015599626091256   17    8    7    4
 -0.001266431642162281   17    8    7    5
 0.0005766948499544753   17    8    7    6
 -0.004966738371165834   17    8    7    7
 -0.0005244390817287579   17    8    8    1
 -9.179471357598288e-05   17    8    8    2
 -0.007909109083832092   17    8    8    3
 0.007501849279993957   17    8    8    4
 0.003744183214244598   17    8    8    5
 0.0001467464628677221   17    8    8    6
 0.007952125576529601   17    8    8    7
 -0.004638302065997938   17    8    8    8
 -0.0002008228604922805   17    8    9    1
 -0.005600506030102302   17    8    9    2
 -0.001289947206850899   17    8    9    3
 0.0001957394752942022   17    8    9    4
 0.003998605692619517   17    8    9    5
 0.001316505750449256   17    8    9    6
 -0.006323622947509541   17    8    9    7
 -0.009704831779063504   17    8    9    8
 -0.0009771256549776055   17    8    9    9
 -0.003134005220170711   17    8   10    1
 0.004526833419285562   17    8   10    2
 -0.01380187469542835   17    8   10    3
 -0.001597760874111593   17    8   10    4
 0.0145611235532024   17    8   10    5
 -0.001072241923915347   17    8   10    6
 0.0009958293114716739   17    8   10    7
 -0.002753582796978139   17    8   10    8
 -0.003098769216279332   17    8   10    9
 -0.01371224556077174   17    8   10   10
 -0.0001122944488240784   17    8   11    1
 0.008612817622992078   17    8   11    2
 -8.228863246632594e-05   17    8   11    3
 0.00412469602933552   17    8   11    4
 0.003455046257582228   17    8   11    5
 -0.0008146112088605566   17    8   11    6
 0.009370757887869896   17    8   11    7
 0.01119149859274822   17    8   11    8
 -0.0141125986606746   17    8   11    9
 0.002633483850879292   17    8   11   10
 0.008572753855301625   17    8   11   11
 -5.612381660113529e-05   17    8   12    1
 -0.007716576042774644   17    8   12    2
 -0.001992472218303485   17    8   12    3
 -0.0009142742671430071   17    8   12    4
 -0.004704730853850792   17    8   12    5
 0.0008849190858354295   17    8   12    6
 -0.0009154459976893339   17    8   12    7
 -0.001691665283991534   17    8   12    8
 0.003099329814786938   17    8   12    9
 0.0004390168173798722   17    8   12   10
 -0.01340048806813107   17    8   12   11
 -0.002533402957672799   17    8   12   12
 0.0004328384131163753   17    8   13    1
 -0.00743274973321721   17    8   13    2
 -0.001524002378579976   17    8   13    3
 -0.004829222877663926   17    8   13    4
 -0.0117223862235723   17    8   13    5
 0.003402264908259389   17    8   13    6
 -0.002461217603817303   17    8   13    7
 -0.0001135353725039848   17    8   13    8
 0.002500534958522475   17    8   13    9
 -0.002865524544353735   17    8   13   10
 -0.001927474994233965   17    8   13   11
 -0.0008418660801799089   17    8   13   12
 -0.001724403776152714   17    8   13   13
 -0.0002959606083543668   17    8   14    1
 0.0003382813365072134   17    8   14    2
 0.00365481531541529   17    8   14    3
 0.0006601668895117177   17    8   14    4
 0.003693396879046947   17    8   14    5
 -0.0009883408664225625   17    8   14    6
 -0.001565407447993212   17    8   14    7
 -0.004786151737498939   17    8   14    8
 0.0005931162722481255   17    8   14    9
 0.0006492371806696055   17    8   14   10
 -0.0019601692335177   17    8   14   11
 -0.0003106047317428277   17    8   14   12
 -0.00248362985182029   17    8   14   13
 0.003317929003583562   17    8   14   14
 9.565578738530198e-05   17    8   15    1
 -0.0002696881237117268   17    8   15    2
 0.003360072140758604   17    8   15    3
 0.003141768544018228   17    8   15    4
 -0.0005046927435525042   17    8   15    5
 0.001235972576784206   17    8   15    6
 -0.0006278847285867001   17    8   15    7
 -0.001411962727767981   17    8   15    8
 0.001491440730923235   17    8   15    9
 0.001995762514754064   17    8   15   10
 -0.00137406347611343   17    8   15   11
 -0.002382489477737645   17    8   15   12
 -0.009163791810239245   17    8   15   13
 0.002671883497423044   17    8   15   14
 -0.004601542661188233   17    8   15   15
 0.0001376206647585946   17    8   16    1
 0.001905136978886872   17    8   16    2
 9.15259749349821e-06   17    8   16    3
 -0.004730098702835996   17    8   16    4
 -0.00239368523433071   17    8   16    5
 -0.001646461984946585   17    8   16    6
 0.0009560892815429324   17    8   16    7
 0.002262241256586818   17    8   16    8
 -0.0008673622136138523   17    8   16    9
 0.00133453369368661   17    8   16   10
 0.0004242296787905827   17    8   16   11
 0.0008751083407394743   17    8   16   12
 0.0122294220709559   17    8   16   13
 -0.00468048420491174   17    8   16   14
 0.0007262569133528658   17    8   16   15
 -0.001341721468411963   17    8   16   16
 0.0009474489172209805   17    8   17    1
 0.00685680945568283   17    8   17    2
 -0.004063600085400133   17    8   17    3
 0.002345308297344979   17    8   17    4
 0.006816083015094459   17    8   17    5
 -0.005262916642018453   17    8   17    6
 0.003459928730425105   17    8   17    7
 0.01916343354280114   17    8   17    8
 -0.01646999266453603   17    9    1    1
 2.102067863899491e-05   17    9    2    1
 0.006153985850244265   17    9    2    2
 0.0003465352184497364   17    9    3    1
 0.0003034190981296309   17    9    3    2
 -0.004838283101982431   17    9    3    3
 0.0001830534401523818   17    9    4    1
 0.007056361639672019   17    9    4    2
 0.001215315087939697   17    9    4    3
 0.009165943580708649   17    9    4    4
 0.0001267840402568618   17    9    5    1
 -0.0001260407722040667   17    9    5    2
 0.006455488610877397   17    9    5    3
 0.004032171169949394   17    9    5    4
 0.008466419553621714   17    9    5    5
 -0.0006798987371898299   17    9    6    1
 -0.001723761057587043   17    9    6    2
 -0.005265353862732481   17    9    6    3
 0.005598080430369616   17    9    6    4
 -0.004830109573021645   17    9    6    5
 -0.0009471644705471387   17    9    6    6
 0.0002319262871634473   17    9    7    1
 -0.002380835878741575   17    9    7    2
 0.003860875106382379   17    9    7    3
 -0.003711458766916494   17    9    7    4
 0.0007871418048997385   17    9    7    5
 0.0003639417559793595   17    9    7    6
 -0.001407490395478902   17    9    7    7
 -0.0003192829650590269   17    9    8    1
 -0.004921240246594205   17    9    8    2
 -0.001738531551463487   17    9    8    3
 -0.0008873285552602141   17    9    8    4
 0.002940152183822591   17    9    8    5
 0.001364870414570147   17    9    8    6
 0.002367195258868953   17    9    8    7
 -0.006274337554401721   17    9    8    8
 -0.0001930656232103157   17    9    9    1
 0.003536965845247932   17    9    9    2
 -0.004181482253108404   17    9    9    3
 0.006131755177299218   17    9    9    4
 0.001897420679083754   17    9    9    5
 -0.0002181289091856893   17    9    9    6
 -0.00309916058947779   17    9    9    7
 -0.00309774018361947   17    9    9    8
 -0.0001540979218646142   17    9    9    9
 -0.002046886946678245   17    9   10    1
 0.001683935622573067   17    9   10    2
 -0.008788850064779721   17    9   10    3
 -0.0005012646058300073   17    9   10    4
 0.007982474712363361   17    9   10    5
 -0.0001947254739916033   17    9   10    6
 -0.0004223064375384251   17    9   10    7
 -0.003928084939015034   17    9   10    8
 0.0001254199699795064   17    9   10    9
 -0.006381445008415455   17    9   10   10
 -0.0002258147191786866   17    9   11    1
 -0.01154342911227886   17    9   11    2
 -0.001285738653796914   17    9   11    3
 -0.005565904915810703   17    9   11    4
 -0.002911552015280956   17    9   11    5
 0.0009158691816482165   17    9   11    6
 0.005308551262267655   17    9   11    7
 0.002567168447478435   17    9   11    8
 -0.006226037165740573   17    9   11    9
 -0.004364225535626902   17    9   11   10
 0.001983232572680882   17    9   11   11
 -0.0001984015347713039   17    9   12    1
 0.009419297635235902   17    9   12    2
 0.0009096655060495793   17    9   12    3
 0.001355313780736977   17    9   12    4
 0.006745351895187034   17    9   12    5
 -0.0009927527542397548   17    9   12    6
 -0.001410186395500398   17    9   12    7
 -0.0009551654683522755   17    9   12    8
 0.0007354707572421905   17    9   12    9
 0.0001092584966405746   17    9   12   10
 -0.006671891620165635   17    9   12   11
 -0.00308510412129296   17    9   12   12
 0.0002773855585836628   17    9   13    1
 -0.004526768479968489   17    9   13    2
 -0.0002715805191385962   17    9   13    3
 -0.002235220118709509   17    9   13    4
 -0.005684857466721574   17    9   13    5
 0.0009448407053537583   17    9   13    6
 0.002893140212082548   17    9   13    7
 0.002252831294147739   17    9   13    8
 -0.001940600503724175   17    9   13    9
 -0.0009413112436745501   17    9   13   10
 0.002065807606491842   17    9   13   11
 0.001502637193042152   17    9   13   12
 0.0004770485609750783   17    9   13   13
 -0.0001788899223246547   17    9   14    1
 0.0007829652354352918   17    9   14    2
 0.001729614843066263   17    9   14    3
 -0.0006841069422922364   17    9   14    4
 0.001487244298502611   17    9   14    5
 -0.0007120943464191525   17    9   14    6
 0.003137951956668854   17    9   14    7
 0.0006255946442971535   17    9   14    8
 -0.003811285110254667   17    9   14    9
 0.0003834392408037317   17    9   14   10
 0.003279642095280485   17    9   14   11
 -0.0002805436827820197   17    9   14   12
 -0.001276177953241661   17    9   14   13
 0.002156397963531618   17    9   14   14
 5.894481946324789e-05   17    9   15    1
 0.002808110605716025   17    9   15    2
 0.001922505422413917   17    9   15    3
 0.001767123295479953   17    9   15    4
 0.0003649735151581951   17    9   15    5
 0.0001263640025744585   17    9   15    6
 0.002564389888685868   17    9   15    7
 0.0007928687794451671   17    9   15    8
 -0.001060859029323939   17    9   15    9
 0.001474334846454248   17    9   15   10
 -0.0005937003444396555   17    9   15   11
 0.00265337335700937   17    9   15   12
 -0.003529241079163042   17    9   15   13
 0.0008472104972138574   17    9   15   14
 -0.001713952847838228   17    9   15   15
 7.933315969141544e-05   17    9   16    1
 0.0003013629648787222   17    9   16    2
 -5.20052683073002e-06   17    9   16    3
 -0.002300653532594467   17    9   16    4
 -0.00122488337342143   17    9   16    5
 -0.0001412305842749223   17    9   16    6
 -0.002007902454431082   17    9   16    7
 -0.0007088509288585055   17    9   16    8
 0.002446213903270829   17    9   16    9
 0.0001650370623248564   17    9   16   10
 -0.0009427470731782672   17    9   16   11
 -0.002105856796319854   17    9   16   12
 0.005050317116725627   17    9   16   13
 -0.002323266377811773   17    9   16   14
 -0.0001703878309956884   17    9   16   15
 -0.0008719313833936751   17    9   16   16
 0.0006207597331352514   17    9   17    1
 0.002441524131628731   17    9   17    2
 -0.002140326782880981   17    9   17    3
 0.002142959468711319   17    9   17    4
 0.003044784786523713   17    9   17    5
 -0.002400356268900813   17    9   17    6
 -0.009877242241322335   17    9   17    7
 -0.0007063116058379196   17    9   17    8
 0.01407650552805589   17    9   17    9
 -0.1690269419753851   17   10    1    1
 0.0001839082071131183   17   10    2    1
 0.03909414240614847   17   10    2    2
 0.002882725750798386   17   10    3    1
 -0.01025679211400658   17   10    3    2
 -0.07731803684814197   17   10    3    3
 7.378599706347242e-05   17   10    4    1
 0.007126374323229393   17   10    4    2
 -0.002611550852468473   17   10    4    3
 0.03723695041070604   17   10    4    4
 -0.0007519987944462745   17   10    5    1
 -0.0001123050878401714   17   10    5    2
 0.02757650934142901   17   10    5    3
 0.005565445352752814   17   10    5    4
 0.02183834237185558   17   10    5    5
 -0.0002554142287731661   17   10    6    1
 -0.007063758049412697   17   10    6    2
 0.009288710793295732   17   10    6    3
 0.02220787320829624   17   10    6    4
 -0.01843666850417827   17   10    6    5
 -0.01165455553592178   17   10    6    6
 5.561584144865861e-05   17   10    7    1
 -0.007373769942858042   17   10    7    2
 0.002604102643778476   17   10    7    3
 0.001937859127613572   17   10    7    4
 -0.005220591376431915   17   10    7    5
 2.759521755799009e-05   17   10    7    6
 0.0008164223097780982   17   10    7    7
 -5.209590652416269e-05   17   10    8    1
 0.008025723302325627   17   10    8    2
 -0.01118613676355203   17   10    8    3
 0.0004761105899987513   17   10    8    4
 0.03217992562589941   17   10    8    5
 0.01505078806683635   17   10    8    6
 0.01088830998417448   17   10    8    7
 -0.04182177403616667   17   10    8    8
 -1.830691422573958e-06   17   10    9    1
 -0.0005354717166332509   17   10    9    2
 -0.007188093141177123   17   10    9    3
 0.0003419681087646908   17   10    9    4
 0.02265756245678546   17   10    9    5
 0.01342195368256932   17   10    9    6
 0.005030233185406755   17   10    9    7
 -0.02992190366429465   17   10    9    8
 -0.009958044887324692   17   10    9    9
 7.626516629810504e-05   17   10   10    1
 0.006976941424936181   17   10   10    2
 0.0004214883512386502   17   10   10    3
 0.009510893131096165   17   10   10    4
 0.01938639986354666   17   10   10    5
 -0.04255785689900025   17   10   10    6
 0.006155475130342511   17   10   10    7
 -0.009924374291418998   17   10   10    8
 -0.0005541040942460264   17   10   10    9
 -0.08667530363929449   17   10   10   10
 -3.438769796226412e-05   17   10   11    1
 -0.0003194856726597767   17   10   11    2
 0.0003984346310015559   17   10   11    3
 -0.001227020705072434   17   10   11    4
 0.002070591959767153   17   10   11    5
 -2.845596099071674e-06   17   10   11    6
 0.03359014948627165   17   10   11    7
 0.03174355887564693   17   10   11    8
 -0.04186876707867847   17   10   11    9
 -0.002165444859697682   17   10   11   10
 -0.0166428232282267   17   10   11   11
 9.35177740746664e-05   17   10   12    1
 0.0008960566739509949   17   10   12    2
 -0.0008517427823779549   17   10   12    3
 -0.0006594582566862491   17   10   12    4
 0.001868413507965081   17   10   12    5
 -0.0008726343222433407   17   10   12    6
 0.003767358815172504   17   10   12    7
 0.006510923152597653   17   10   12    8
 -0.004049628847846928   17   10   12    9
 -0.0006345997860422693   17   10   12   10
 -0.0529146182646741   17   10   12   11
 -0.02759190574376945   17   10   12   12
 -3.084950167299593e-06   17   10   13    1
 -0.001104072747471975   17   10   13    2
 -0.001642337697100211   17   10   13    3
 -0.006684922745757169   17   10   13    4
 -0.00988308948166948   17   10   13    5
 0.0007981358606409635   17   10   13    6
 -0.0004457839542124703   17   10   13    7
 0.002163136383949578   17   10   13    8
 0.0004126611286723534   17   10   13    9
 0.009098353882930085   17   10   13   10
 -0.0008725284373070901   17   10   13   11
 -0.001339938369070732   17   10   13   12
 0.01807195638254223   17   10   13   13
 -0.0005160767107009849   17   10   14    1
 -0.006586456554173026   17   10   14    2
 0.008671166892474106   17   10   14    3
 -0.001015419341162054   17   10   14    4
 -0.001196710380153846   17   10   14    5
 0.001043326155488695   17   10   14    6
 0.002677637469910284   17   10   14    7
 -0.003438245193399886   17   10   14    8
 -0.0006067269608540382   17   10   14    9
 -0.007074833740997985   17   10   14   10
 0.0008618958449270278   17   10   14   11
 0.001001667443868454   17   10   14   12
 -0.008866455801556084   17   10   14   13
 0.0005019728672030524   17   10   14   14
 -0.001139738192271109   17   10   15    1
 -0.002628197303046271   17   10   15    2
 0.01385093298284348   17   10   15    3
 0.006555348319197307   17   10   15    4
 -0.005141889362224352   17   10   15    5
 0.005201099631944339   17   10   15    6
 0.004694158699998789   17   10   15    7
 -0.007158190197170188   17   10   15    8
 -0.005565907404614736   17   10   15    9
 0.00894807826336097   17   10   15   10
 -0.007191250110514317   17   10   15   11
 -0.002782094934710144   17   10   15   12
 -0.008227530871645256   17   10   15   13
 -0.001776815092157074   17   10   15   14
 -0.01496863952909322   17   10   15   15
 0.0005798381159757792   17   10   16    1
 0.006930899597254457   17   10   16    2
 -0.005187835435481022   17   10   16    3
 -0.007764366919712646   17   10   16    4
 -0.006052481297353527   17   10   16    5
 -0.005486691297450898   17   10   16    6
 -0.002657467155523582   17   10   16    7
 0.01473745822818338   17   10   16    8
 0.007916684883668056   17   10   16    9
 -0.00282746167897122   17   10   16   10
 -0.001297381611282486   17   10   16   11
 -0.001668164922548928   17   10   16   12
 0.01036203216347551   17   10   16   13
 -0.01057257758892858   17   10   16   14
 -0.0108629338452608   17   10   16   15
 -0.001276392923563142   17   10   16   16
 7.508836953739898e-05   17   10   17    1
 0.01649188062029475   17   10   17    2
 -0.001964439475090084   17   10   17    3
 0.005449079081682402   17   10   17    4
 0.01628331036952832   17   10   17    5
 -0.01231902977804711   17   10   17    6
 -0.003783109835576398   17   10   17    7
 0.008089999444125371   17   10   17    8
 0.004259468761640235   17   10   17    9
 0.03516537211248033   17   10   17   10
 -0.008811273158648434   17   11    1    1
 1.220980257408771e-05   17   11    2    1
 0.0003361005882130995   17   11    2    2
 0.0002095968902615123   17   11    3    1
 0.0006276068292945519   17   11    3    2
 -0.00185624173423813   17   11    3    3
 4.849161882306748e-06   17   11    4    1
 -0.001718868526875296   17   11    4    2
 -0.0002650057040498041   17   11    4    3
 8.04306954297428e-05   17   11    4    4
 -3.284245385440657e-05   17   11    5    1
 0.002109850489396024   17   11    5    2
 0.001721581133729423   17   11    5    3
 8.252690850625425e-05   17   11    5    4
 0.0005983683861244177   17   11    5    5
 -1.00603821900085e-05   17   11    6    1
 -0.0006832397846636476   17   11    6    2
 0.00137580713699228   17   11    6    3
 -0.001270211010368179   17   11    6    4
 -0.0004968972779534557   17   11    6    5
 0.001298461490452144   17   11    6    6
 5.947521298564086e-05   17   11    7    1
 0.01305947101432014   17   11    7    2
 0.001377212556425981   17   11    7    3
 0.004187514212908512   17   11    7    4
 0.005964025883834725   17   11    7    5
 -0.001974090724903975   17   11    7    6
 -0.0008959926463681448   17   11    7    7
 -1.759215805695939e-05   17   11    8    1
 0.01281530099381456   17   11    8    2
 -0.0008201887991317645   17   11    8    3
 0.004102373687476775   17   11    8    4
 0.00696445407737691   17   11    8    5
 -0.0008170686061454518   17   11    8    6
 0.001420405166252362   17   11    8    7
 0.002764651075941457   17   11    8    8
 -8.675330254064557e-05   17   11    9    1
 -0.01572540446533871   17   11    9    2
 -0.001905282901242592   17   11    9    3
 -0.006903772129233259   17   11    9    4
 -0.006159068355052429   17   11    9    5
 0.003101893326534464   17   11    9    6
 0.001996630556720376   17   11    9    7
 -0.003782244284915953   17   11    9    8
 -0.0001690375539431637   17   11    9    9
 -3.144286784091717e-05   17   11   10    1
 -0.0002999044124776333   17   11   10    2
 -4.497054252619396e-05   17   11   10    3
 0.0004638190638859112   17   11   10    4
 0.0004259839440233982   17   11   10    5
 -0.001941520007288684   17   11   10    6
 0.004431198067918197   17   11   10    7
 0.003279752586004789   17   11   10    8
 -0.005674390527922532   17   11   10    9
 -0.003415557763645828   17   11   10   10
 -0.0001479590257525855   17   11   11    1
 0.0191872222339541   17   11   11    2
 -0.00405977430324091   17   11   11    3
 0.011570162488439   17   11   11    4
 0.005661764081606076   17   11   11    5
 -0.003324551327556852   17   11   11    6
 8.53050673466351e-05   17   11   11    7
 0.004085367464944359   17   11   11    8
 -0.001702019836088191   17   11   11    9
 0.002009771508158488   17   11   11   10
 -0.0003602324549698015   17   11   11   11
 -0.0001404920962494905   17   11   12    1
 -0.003775210496614112   17   11   12    2
 0.002445246116087818   17   11   12    3
 -0.007279077882383337   17   11   12    4
 0.004782069119730109   17   11   12    5
 -0.00105182537619328   17   11   12    6
 0.002037567439108529   17   11   12    7
 -0.001230488555982035   17   11   12    8
 -0.002130883049101222   17   11   12    9
 -0.005455590300565668   17   11   12   10
 -0.003056544978517812   17   11   12   11
 -0.0006411539452457636   17   11   12   12
 2.263913297554079e-06   17   11   13    1
 0.0006833393215217967   17   11   13    2
 0.0002257220215539119   17   11   13    3
 -0.001131549397042014   17   11   13    4
 -9.12696576174282e-05   17   11   13    5
 0.0004611800209351711   17   11   13    6
 -0.001492289386606061   17   11   13    7
 -0.001404483344106072   17   11   13    8
 0.002212129406154547   17   11   13    9
 0.0004661736359910765   17   11   13   10
 -0.004540673150608953   17   11   13   11
 0.004821658024492898   17   11   13   12
 0.002118724901658528   17   11   13   13
 -4.231522494030389e-05   17   11   14    1
 0.0007913427087583967   17   11   14    2
 0.000348081595106609   17   11   14    3
 0.0007641101113445106   17   11   14    4
 0.0001824434840347525   17   11   14    5
 -4.693532602429023e-05   17   11   14    6
 -0.001917173778900233   17   11   14    7
 -0.002371656388574044   17   11   14    8
 0.003139252305162608   17   11   14    9
 6.605888350923395e-05   17   11   14   10
 -0.006797723492797206   17   11   14   11
 0.004734359776066502   17   11   14   12
 -0.0006506409899619041   17   11   14   13
 -0.0006598836514482577   17   11   14   14
 -0.0001209006799329324   17   11   15    1
 -0.0001905252132846976   17   11   15    2
 0.001571070820714569   17   11   15    3
 -0.0008616980560620073   17   11   15    4
 0.001094000635555905   17   11   15    5
 0.0007162357340868374   17   11   15    6
 0.0009569196586216999   17   11   15    7
 -0.0002285511456601774   17   11   15    8
 -0.0009948523687393412   17   11   15    9
 -0.0002785280215550316   17   11   15   10
 -0.001511586580849175   17   11   15   11
 0.003212503332704884   17   11   15   12
 0.001251342041595356   17   11   15   13
 8.265301531016389e-05   17   11   15   14
 0.0008812598185273878   17   11   15   15
 6.406487383766628e-05   17   11   16    1
 -0.0002398685865741374   17   11   16    2
 -0.0006177855843961784   17   11   16    3
 2.54352001590511e-05   17   11   16    4
 -0.000912802345916906   17   11   16    5
 -0.001103119834546605   17   11   16    6
 -3.982590241172675e-05   17   11   16    7
 0.0008568260835630882   17   11   16    8
 -3.382605850591989e-05   17   11   16    9
 -0.000318698804170856   17   11   16   10
 0.002707078295844257   17   11   16   11
 -0.00340200411009488   17   11   16   12
 -0.0009247755972931254   17   11   16   13
 3.110473272696546e-05   17   11   16   14
 -0.001436572583368969   17   11   16   15
 0.0003731650651363953   17   11   16   16
 2.473801767683866e-05   17   11   17    1
 -0.0008752669716055329   17   11   17    2
 0.0001445889311255695   17   11   17    3
 -0.0001085749989508544   17   11   17    4
 -0.0005901746139066611   17   11   17    5
 0.001068466743621618   17   11   17    6
 0.004134128600115836   17   11   17    7
 0.005637932467890603   17   11   17    8
 -0.00762181454863835   17   11   17    9
 0.0007450649916160709   17   11   17   10
 0.0197904361937459   17   11   17   11
 -0.01248755491842977   17   12    1    1
 1.190906652722937e-05   17   12    2    1
 0.006210095505520642   17   12    2    2
 0.0001422427290163103   17   12    3    1
 -0.001793742724883596   17   12    3    2
 -0.00802650705043861   17   12    3    3
 2.312574261401972e-05   17   12    4    1
 0.003392630616725604   17   12    4    2
 0.0008021594373476312   17   12    4    3
 0.004524318582735055   17   12    4    4
 -3.170311656073622e-05   17   12    5    1
 -7.195084695100218e-05   17   12    5    2
 0.002335820701593744   17   12    5    3
 0.00190353994948711   17   12    5    4
 0.004436903384276829   17   12    5    5
 -8.772615742678865e-05   17   12    6    1
 -0.00216363297069238   17   12    6    2
 -0.0014713009729294   17   12    6    3
 0.004952208332994061   17   12    6    4
 -0.003727311927528849   17   12    6    5
 -0.00340000726816096   17   12    6    6
 -9.637715950880932e-05   17   12    7    1
 -0.01713097313192601   17   12    7    2
 -0.004622387367002001   17   12    7    3
 0.0001436133907291619   17   12    7    4
 -0.01203339313941048   17   12    7    5
 0.002877480315101775   17   12    7    6
 -0.0005438838147533294   17   12    7    7
 -0.0001080689259571037   17   12    8    1
 -0.0128096289471133   17   12    8    2
 -0.004534544357471243   17   12    8    3
 -0.0008973051246618894   17   12    8    4
 -0.00681258641778829   17   12    8    5
 0.003600966845128809   17   12    8    6
 0.002079310955457931   17   12    8    7
 -0.004508735064865624   17   12    8    8
 0.0001434057439081225   17   12    9    1
 0.01593459145822476   17   12    9    2
 0.0045287968496831   17   12    9    3
 0.003657268090753699   17   12    9    4
 0.01339978243006612   17   12    9    5
 -0.003014145058144473   17   12    9    6
 -0.002818427016846874   17   12    9    7
 -0.001861693267351594   17   12    9    8
 -0.002891659925447687   17   12    9    9
 -0.0001884837224087993   17   12   10    1
 0.001859303775731326   17   12   10    2
 -0.0008637880667812929   17   12   10    3
 -3.528431736331093e-05   17   12   10    4
 0.003432272856624236   17   12   10    5
 -0.002443676666926089   17   12   10    6
 -0.0001726694842065874   17   12   10    7
 -0.0003806090768282059   17   12   10    8
 0.001536463916542399   17   12   10    9
 -0.006662681428050613   17   12   10   10
 0.0003643320533059274   17   12   11    1
 -0.01067342075677049   17   12   11    2
 0.007051293725850888   17   12   11    3
 -0.007862569863882108   17   12   11    4
 -0.001221804844894392   17   12   11    5
 0.0002819951433959331   17   12   11    6
 0.00538686959974362   17   12   11    7
 -0.0004760631457903991   17   12   11    8
 -0.006181510173937644   17   12   11    9
 -0.008415239034173039   17   12   11   10
 -0.001209891728552592   17   12   11   11
 0.0003721316425965625   17   12   12    1
 -0.009389434900777554   17   12   12    2
 -0.00595740762770925   17   12   12    3
 0.009993447801223809   17   12   12    4
 -0.01549786417915652   17   12   12    5
 -0.0006388124175097546   17   12   12    6
 0.001616553031012482   17   12   12    7
 0.001394847513319037   17   12   12    8
 0.000425625707084534   17   12   12    9
 -0.001501910141009579   17   12   12   10
 -0.005592499668143209   17   12   12   11
 1.386527643674461e-06   17   12   12   12
 4.129427431918509e-05   17   12   13    1
 -0.001445639303473417   17   12   13    2
 -0.001166682042050168   17   12   13    3
 -0.0005723812577901754   17   12   13    4
 -0.002413018695889225   17   12   13    5
 0.000259561901604011   17   12   13    6
 -0.002608565382943553   17   12   13    7
 -0.0007824536546291622   17   12   13    8
 0.001977735093493178   17   12   13    9
 -0.0005791395608082229   17   12   13   10
 0.004805473980293073   17   12   13   11
 -0.008834476724610504   17   12   13   12
 -0.0007646863978330451   17   12   13   13
 -3.977838809545009e-05   17   12   14    1
 -0.001203471841693074   17   12   14    2
 0.001231856763574613   17   12   14    3
 -0.0002916311705748579   17   12   14    4
 0.0006598039830352088   17   12   14    5
 -0.0001762982432678222   17   12   14    6
 -0.0004118869842849004   17   12   14    7
 -0.0008259498493195307   17   12   14    8
 -0.000850454456902699   17   12   14    9
 -0.0003739440014635979   17   12   14   10
 0.004760520640864837   17   12   14   11
 -0.006875319870986789   17   12   14   12
 -0.0001909009767095878   17   12   14   13
 0.001865788139852616   17   12   14   14
 4.339487606938038e-05   17   12   15    1
 -0.001623335431977588   17   12   15    2
 -8.166859938838424e-05   17   12   15    3
 0.002434907681383328   17   12   15    4
 -0.002494824766096291   17   12   15    5
 -0.0002308976175452354   17   12   15    6
 -0.002922762859471023   17   12   15    7
 -0.00337396264529925   17   12   15    8
 0.003090162639953957   17   12   15    9
 -3.35966026794711e-05   17   12   15   10
 0.001867383083728661   17   12   15   11
 -0.008508237752467809   17   12   15   12
 -0.004636454826629604   17   12   15   13
 -0.001494884875550859   17   12   15   14
 -0.005995649619145629   17   12   15   15
 3.581002501310169e-05   17   12   16    1
 0.001427827388908947   17   12   16    2
 0.0004019938987964705   17   12   16    3
 -0.001417847311487491   17   12   16    4
 -0.0001612608629346954   17   12   16    5
 -2.01906459942772e-05   17   12   16    6
 0.002528827716918201   17   12   16    7
 0.002434053966410505   17   12   16    8
 -0.002071155540483682   17   12   16    9
 -0.0003464250469243706   17   12   16   10
 -0.002710140435279354   17   12   16   11
 0.008400239999790522   17   12   16   12
 0.003659682780392271   17   12   16   13
 -0.002986289004998374   17   12   16   14
 -0.0003946506965462564   17   12   16   15
 -0.002859057297047301   17   12   16   16
 4.714729162439178e-05   17   12   17    1
 0.002213499901910785   17   12   17    2
 -0.001009250159904171   17   12   17    3
 0.0007923575708628975   17   12   17    4
 0.001979680627648853   17   12   17    5
 -0.002582603024879217   17   12   17    6
 0.005302516885353869   17   12   17    7
 0.004568046417358551   17   12   17    8
 -0.00126243622753501   17   12   17    9
 0.003512853674279126   17   12   17   10
 -0.01424075660798948   17   12   17   11
 0.02795153098744903   17   12   17   12
 0.0306145121988712   17   13    1    1
 -3.69715971270821e-05   17   13    2    1
 -0.04097252889284533   17   13    2    2
 -0.0003748031272769725   17   13    3    1
 0.004770808152193593   17   13    3    2
 0.01833613612886627   17   13    3    3
 -7.077882066197232e-05   17   13    4    1
 -0.0149716767105611   17   13    4    2
 -0.00217156875789392   17   13    4    3
 -0.06147198556877623   17   13    4    4
 7.077335363451387e-05   17   13    5    1
 -0.01664693281227579   17   13    5    2
 -0.009613474878562647   17   13    5    3
 -0.01024555449371229   17   13    5    4
 -0.04225976337230496   17   13    5    5
 0.0002986648720791145   17   13    6    1
 0.00846027825880964   17   13    6    2
 0.006711767340706196   17   13    6    3
 -0.02930871536113395   17   13    6    4
 0.01695931605482612   17   13    6    5
 -0.004323031163274706   17   13    6    6
 -4.736796258336205e-05   17   13    7    1
 0.004649835909928212   17   13    7    2
 -0.00215853976592696   17   13    7    3
 -0.0026787945289725   17   13    7    4
 0.001470220136113306   17   13    7    5
 -0.002805345072510416   17   13    7    6
 -0.001964183966381704   17   13    7    7
 -8.900889463060033e-05   17   13    8    1
 -0.01045043842813288   17   13    8    2
 -0.0004640988290719629   17   13    8    3
 -0.006207881893120497   17   13    8    4
 -0.01637011841426893   17   13    8    5
 -0.002002325565133662   17   13    8    6
 -0.01288179097337021   17   13    8    7
 -0.00212739735456653   17   13    8    8
 -4.255168975008061e-05   17   13    9    1
 -0.001855205774135394   17   13    9    2
 0.0002758387702548884   17   13    9    3
 -0.006411567071778969   17   13    9    4
 -0.01001946633269094   17   13    9    5
 -0.003317499662385049   17   13    9    6
 0.01639974098591431   17   13    9    7
 0.01415468110630681   17   13    9    8
 -0.009877282653866528   17   13    9    9
 0.0006713200243134873   17   13   10    1
 -0.007995222323676179   17   13   10    2
 0.003844885969385371   17   13   10    3
 -0.0003046982159178047   17   13   10    4
 -0.01695209276473266   17   13   10    5
 0.01047122776593481   17   13   10    6
 0.001241262148707714   17   13   10    7
 -0.0007695198667457867   17   13   10    8
 -0.001019914456611018   17   13   10    9
 0.01343139182719285   17   13   10   10
 0.0001015391652295643   17   13   11    1
 6.870554854910467e-05   17   13   11    2
 0.0009895297706954546   17   13   11    3
 -0.0002073858098363587   17   13   11    4
 -0.001113677274920828   17   13   11    5
 0.0008491292117045207   17   13   11    6
 -0.01989819463852561   17   13   11    7
 -0.02061308668678768   17   13   11    8
 0.0274892513137261   17   13   11    9
 0.0005090970797066746   17   13   11   10
 -0.02588185377032877   17   13   11   11
 9.643725415994045e-05   17   13   12    1
 -0.001669967759995265   17   13   12    2
 -0.0003330620053377186   17   13   12    3
 0.0008116658105883686   17   13   12    4
 -0.002585653248558024   17   13   12    5
 -0.0004309492113015295   17   13   12    6
 0.0003223690186973818   17   13   12    7
 0.002605258568176733   17   13   12    8
 -0.00513216107673545   17   13   12    9
 -0.000806727925393895   17   13   12   10
 0.02492683613216298   17   13   12   11
 -0.0100214238145917   17   13   12   12
 -9.743442645130517e-05   17   13   13    1
 0.0003352540937479041   17   13   13    2
 0.002987735473578916   17   13   13    3
 0.01264644398300013   17   13   13    4
 0.009462539256066596   17   13   13    5
 -0.008754779894034099   17   13   13    6
 0.002231724339535018   17   13   13    7
 -0.005358215954306112   17   13   13    8
 -0.002254037388299196   17   13   13    9
 0.00982385426236356   17   13   13   10
 0.001400996603813379   17   13   13   11
 -0.001540821323288465   17   13   13   12
 -0.01905381551604116   17   13   13   13
 9.30676800339947e-05   17   13   14    1
 0.0054080943135266   17   13   14    2
 -0.003674556189778117   17   13   14    3
 -0.0006210474510330098   17   13   14    4
 -0.004359713510487407   17   13   14    5
 0.0003259815283010112   17   13   14    6
 -0.001407078706801379   17   13   14    7
 0.001648402432974496   17   13   14    8
 0.0008799348546618576   17   13   14    9
 0.0005501974223043865   17   13   14   10
 -0.0005244044675422846   17   13   14   11
 0.0002856063767249196   17   13   14   12
 0.007659479364976201   17   13   14   13
 0.008017220667026778   17   13   14   14
 2.500226003881943e-05   17   13   15    1
 0.0003922424884886919   17   13   15    2
 -0.001736368144054275   17   13   15    3
 -0.00353734877779238   17   13   15    4
 -0.000883231962750491   17   13   15    5
 -1.768946409985749e-05   17   13   15    6
 -0.001344350396069916   17   13   15    7
 -4.504584190051815e-05   17   13   15    8
 0.0005033134212930008   17   13   15    9
 -0.0009069458150222941   17   13   15   10
 0.002306075023514518   17   13   15   11
 -0.002674444963506484   17   13   15   12
 0.01300213048916809   17   13   15   13
 -0.005295748226825272   17   13   15   14
 0.005993852564451564   17   13   15   15
 2.442703539460196e-05   17   13   16    1
 -0.000215425855393932   17   13   16    2
 0.001328584298018612   17   13   16    3
 0.005227635888626595   17   13   16    4
 0.00945105478064655   17   13   16    5
 0.000231224526110888   17   13   16    6
 -0.0002461804627367458   17   13   16    7
 0.002276206281783364   17   13   16    8
 0.0001654970455573692   17   13   16    9
 0.0002236308273125499   17   13   16   10
 0.0002340526633146962   17   13   16   11
 0.0009531452485742741   17   13   16   12
 -0.01875599503909533   17   13   16   13
 0.006963423390911399   17   13   16   14
 0.009870143509467084   17   13   16   15
 -0.002648152346971972   17   13   16   16
 -0.0001968682619106195   17   13   17    1
 -0.007688646592856173   17   13   17    2
 0.003195182270350492   17   13   17    3
 -0.01629892245135189   17   13   17    4
 -0.01417469479077392   17   13   17    5
 0.01660286595323086   17   13   17    6
 0.001229734890559338   17   13   17    7
 -0.004697500004569876   17   13   17    8
 -0.002864069274460029   17   13   17    9
 -0.01785371258207469   17   13   17   10
 -0.0004591279210600142   17   13   17   11
 -0.001735488542953441   17   13   17   12
 0.03354198668501862   17   13   17   13
 -0.04016194227852177   17   14    1    1
 -4.24705192350757e-05   17   14    2    1
 -0.07305456406673147   17   14    2    2
 -6.463345049031923e-05   17   14    3    1
 -0.001577196809984809   17   14    3    2
 -0.04922994867278996   17   14    3    3
 -3.099473948452851e-05   17   14    4    1
 0.002247955082600346   17   14    4    2
 -0.0008930117381981023   17   14    4    3
 -0.04787274600032258   17   14    4    4
 -0.0004461451206148852   17   14    5    1
 -0.01463548549783881   17   14    5    2
 -0.01123984195652319   17   14    5    3
 -0.001307831067879058   17   14    5    4
 -0.06598252813954625   17   14    5    5
 3.787134405470217e-05   17   14    6    1
 0.01247161923162623   17   14    6    2
 -0.001145718802354434   17   14    6    3
 0.001377210077494845   17   14    6    4
 0.0122014745255925   17   14    6    5
 -0.05255291315705791   17   14    6    6
 -0.0003234036146400106   17   14    7    1
 0.009156365785253633   17   14    7    2
 -0.005111882841061414   17   14    7    3
 -0.003092979322955261   17   14    7    4
 -0.0002282943554956385   17   14    7    5
 0.0004326297356642105   17   14    7    6
 -0.03271177292092918   17   14    7    7
 0.001088743808738398   17   14    8    1
 -0.00284642078877916   17   14    8    2
 0.01492890432295266   17   14    8    3
 0.003906746351062056   17   14    8    4
 -0.005821634126987047   17   14    8    5
 -0.001728022569316628   17   14    8    6
 -0.01162351037627386   17   14    8    7
 -0.04744404433213899   17   14    8    8
 0.0006996043743995017   17   14    9    1
 0.004183568232893876   17   14    9    2
 0.00840219300491246   17   14    9    3
 -0.001476846682756836   17   14    9    4
 -0.006072179141682261   17   14    9    5
 -0.001150221379503675   17   14    9    6
 0.02233866120482338   17   14    9    7
 0.004203572831848777   17   14    9    8
 -0.04120240012904562   17   14    9    9
 0.001235675344213358   17   14   10    1
 -0.00597682648145675   17   14   10    2
 0.005982799368221719   17   14   10    3
 -0.001593525382031252   17   14   10    4
 -0.009030271144731023   17   14   10    5
 0.005262040835692064   17   14   10    6
 0.001478303474049969   17   14   10    7
 0.0005144145910238387   17   14   10    8
 0.0008591684057036699   17   14   10    9
 -0.03765338430950198   17   14   10   10
 0.0001572923674956668   17   14   11    1
 0.0009934425281304038   17   14   11    2
 0.0007631674406916598   17   14   11    3
 0.0005963913989868768   17   14   11    4
 -0.0005427848468066496   17   14   11    5
 2.733669035603871e-05   17   14   11    6
 -0.005295029109264425   17   14   11    7
 -0.006785515924896623   17   14   11    8
 0.0102197233314307   17   14   11    9
 0.000459180092489898   17   14   11   10
 -0.05308110901487158   17   14   11   11
 5.891992647842779e-05   17   14   12    1
 -0.0009577418904004067   17   14   12    2
 0.0007073287179943746   17   14   12    3
 0.000578452984306159   17   14   12    4
 0.0004943296926273505   17   14   12    5
 0.000420360483035188   17   14   12    6
 -0.01112888240226044   17   14   12    7
 -0.005995361272389412   17   14   12    8
 0.00382963858217944   17   14   12    9
 -0.0007062491508190105   17   14   12   10
 0.0156962627268591   17   14   12   11
 -0.06172095548428035   17   14   12   12
 -0.0002433573050511314   17   14   13    1
 -0.002688865893070923   17   14   13    2
 0.0008517160010970009   17   14   13    3
 0.0135603735967691   17   14   13    4
 0.001874279280764185   17   14   13    5
 -0.00798791793154729   17   14   13    6
 0.001743424449527883   17   14   13    7
 -0.005522683305223869   17   14   13    8
 -0.001734639533203194   17   14   13    9
 0.004243130252287874   17   14   13   10
 -0.0001165474340637362   17   14   13   11
 0.0004367408369628141   17   14   13   12
 -0.04169166259632631   17   14   13   13
 0.000185812074337735   17   14   14    1
 0.002697467546453792   17   14   14    2
 -0.002688163256113129   17   14   14    3
 -0.002097227545085683   17   14   14    4
 -0.005624871966708017   17   14   14    5
 0.001764750816978738   17   14   14    6
 -0.002850654061678816   17   14   14    7
 0.00703662077829556   17   14   14    8
 0.003116576987500873   17   14   14    9
 0.001837853788234393   17   14   14   10
 -0.0004619766212352867   17   14   14   11
 0.002205011506644599   17   14   14   12
 0.02663232814842506   17   14   14   13
 0.008736124114033118   17   14   14   14
 0.0002599943576859271   17   14   15    1
 0.002842204011927618   17   14   15    2
 -0.003428970886189753   17   14   15    3
 -0.001309954466733808   17   14   15    4
 -0.006284912865250757   17   14   15    5
 -0.008731106959870337   17   14   15    6
 -0.0009518696747901578   17   14   15    7
 0.004972717455417576   17   14   15    8
 0.003346349332005825   17   14   15    9
 0.003141786842382121   17   14   15   10
 -0.000139894452012026   17   14   15   11
 -0.006105189870646443   17   14   15   12
 -0.005499504620893695   17   14   15   13
 -0.01453585518876877   17   14   15   14
 -0.009450324464250408   17   14   15   15
 -0.0005331717345959994   17   14   16    1
 -0.004567509266101475   17   14   16    2
 0.002177304834780943   17   14   16    3
 0.0009535621868479735   17   14   16    4
 0.004728259446646063   17   14   16    5
 0.009127644426846989   17   14   16    6
 -0.000336787625936801   17   14   16    7
 0.004297712974362055   17   14   16    8
 0.00219964189348871   17   14   16    9
 -0.0005808508537948363   17   14   16   10
 -0.001459627727347483   17   14   16   11
 -0.00336778138807829   17   14   16   12
 0.0005861474919873268   17   14   16   13
 0.01237618051001739   17   14   16   14
 0.03435720217102337   17   14   16   15
 -0.02265157289177343   17   14   16   16
 -0.0004519857344177154   17   14   17    1
 -0.001671867633380363   17   14   17    2
 0.004806114070515212   17   14   17    3
 -0.00268405831425636   17   14   17    4
 0.008832326956289452   17   14   17    5
 -0.006954217984768899   17   14   17    6
 0.002189080536807189   17   14   17    7
 -0.005400643352761065   17   14   17    8
 -0.00256321856929018   17   14   17    9
 -0.004941323052123914   17   14   17   10
 0.0002181853093553825   17   14   17   11
 -0.001576842571140563   17   14   17   12
 0.006444507698209462   17   14   17   13
 0.02858780345988245   17   14   17   14
 0.021036008285392   17   15    1    1
 -2.702920215441186e-05   17   15    2    1
 -0.02116599313558929   17   15    2    2
 -0.0002237550457925123   17   15    3    1
 0.003412261962971911   17   15    3    2
 0.01487010239055386   17   15    3    3
 -0.0001621050790344461   17   15    4    1
 -0.001127204994706103   17   15    4    2
 -0.003557599953017385   17   15    4    3
 0.001796596975127844   17   15    4    4
 -0.0001893587179611822   17   15    5    1
 -0.001699055800395485   17   15    5    2
 -0.008169469189189671   17   15    5    3
 1.189613843749992e-06   17   15    5    4
 -0.01621717699191151   17   15    5    5
 0.0006371534574780036   17   15    6    1
 0.01192370563295432   17   15    6    2
 0.009903025384092389   17   15    6    3
 -0.01086634609045595   17   15    6    4
 0.01240398248589651   17   15    6    5
 0.01557451158133159   17   15    6    6
 -0.0002017196328800926   17   15    7    1
 0.002449909892455738   17   15    7    2
 -0.002904647362204943   17   15    7    3
 -0.000262084856608544   17   15    7    4
 -0.001675076175982386   17   15    7    5
 -0.001940574682944923   17   15    7    6
 0.006586479462817117   17   15    7    7
 0.0003972281278857861   17   15    8    1
 -0.002812280358300624   17   15    8    2
 0.002167989566861626   17   15    8    3
 0.0003006548328030629   17   15    8    4
 -0.006757492527401582   17   15    8    5
 0.0009202597975370416   17   15    8    6
 -0.006202481313324368   17   15    8    7
 0.006970467778649154   17   15    8    8
 0.0001875370331827183   17   15    9    1
 0.005732113475754374   17   15    9    2
 0.001067416773900936   17   15    9    3
 -0.0001233071061099355   17   15    9    4
 -0.003439831801825401   17   15    9    5
 -0.0009700256582750035   17   15    9    6
 0.007813162216956512   17   15    9    7
 0.007568733264787518   17   15    9    8
 0.001882506868734599   17   15    9    9
 0.002049730181204371   17   15   10    1
 -0.004878593158764887   17   15   10    2
 0.008998569590967124   17   15   10    3
 0.00235695796758814   17   15   10    4
 -0.01077083079641479   17   15   10    5
 0.00260196919435695   17   15   10    6
 0.001276520367950807   17   15   10    7
 -0.001401301392519933   17   15   10    8
 -0.001008926584962502   17   15   10    9
 0.01572872005104003   17   15   10   10
 0.0001155108467869286   17   15   11    1
 -0.001078557925480411   17   15   11    2
 0.001061833512426777   17   15   11    3
 -0.0009868785054925535   17   15   11    4
 -0.0001660013924072234   17   15   11    5
 0.0006742832904212558   17   15   11    6
 -0.009065703573633172   17   15   11    7
 -0.01031094457715973   17   15   11    8
 0.01200542362140981   17   15   11    9
 -0.0009020492801914149   17   15   11   10
 -0.004969999374655236   17   15   11   11
 9.586673985765456e-05   17   15   12    1
 -0.001860122385086333   17   15   12    2
 -0.001153800785440087   17   15   12    3
 0.002098687050690648   17   15   12    4
 -0.002409679059576684   17   15   12    5
 -0.0002140852019248375   17   15   12    6
 0.0009927280970721585   17   15   12    7
 0.0006788851871836523   17   15   12    8
 -0.001886458479385561   17   15   12    9
 -0.0006222557803636291   17   15   12   10
 0.01075944392623784   17   15   12   11
 0.003475129357018282   17   15   12   12
 -0.0002984795739771327   17   15   13    1
 -0.001556494237956643   17   15   13    2
 0.002623442087807897   17   15   13    3
 0.004567246959118314   17   15   13    4
 0.001683564879300957   17   15   13    5
 0.00213423195028119   17   15   13    6
 0.0007015947586865804   17   15   13    7
 -0.004479066561954195   17   15   13    8
 -0.001131684679164295   17   15   13    9
 0.001092370475625517   17   15   13   10
 0.0004658304537426137   17   15   13   11
 -0.002421320192434668   17   15   13   12
 0.006077980688936204   17   15   13   13
 0.0001623428790620038   17   15   14    1
 0.003226708611506783   17   15   14    2
 -0.003038122845716622   17   15   14    3
 0.0005278478896122211   17   15   14    4
 -0.001252568190077298   17   15   14    5
 -0.001407345183137748   17   15   14    6
 -0.0005603671126560974   17   15   14    7
 0.003241748124953183   17   15   14    8
 0.001501932047599826   17   15   14    9
 0.0009237136272361784   17   15   14   10
 5.48713780855812e-07   17   15   14   11
 -0.001704424846164549   17   15   14   12
 -0.0002341537890233749   17   15   14   13
 -0.01024147031702165   17   15   14   14
 -0.0001217178945329414   17   15   15    1
 0.003208753327863059   17   15   15    2
 -0.0001698302277832294   17   15   15    3
 -0.004948759095447202   17   15   15    4
 0.0006998586930531771   17   15   15    5
 6.064914640313267e-05   17   15   15    6
 -0.002232392511485616   17   15   15    7
 0.000856825765024814   17   15   15    8
 -6.702544832904068e-05   17   15   15    9
 -0.0001586460397833574   17   15   15   10
 0.001469768206012208   17   15   15   11
 -0.003031849003320483   17   15   15   12
 0.01116022215633178   17   15   15   13
 0.006009005193382291   17   15   15   14
 0.01626844339015926   17   15   15   15
 -9.558479905850972e-05   17   15   16    1
 -0.006903981078763147   17   15   16    2
 -0.0006920479913742528   17   15   16    3
 0.004538866675013687   17   15   16    4
 0.0004805983964866324   17   15   16    5
 0.0001457882664237418   17   15   16    6
 0.0003469128525099818   17   15   16    7
 0.001448152996475633   17   15   16    8
 0.0004085552132488289   17   15   16    9
 -0.0009608035794161141   17   15   16   10
 -0.0011225953105083   17   15   16   11
 0.001259374920381672   17   15   16   12
 -0.009042901091375437   17   15   16   13
 0.01499833600254174   17   15   16   14
 0.008339883550442934   17   15   16   15
 0.01393715974367963   17   15   16   16
 -0.000618189370145447   17   15   17    1
 -0.002154452081557872   17   15   17    2
 0.007264374589853306   17   15   17    3
 -0.00357188469473261   17   15   17    4
 0.001217482542342587   17   15   17    5
 0.01246843349284724   17   15   17    6
 0.002221855649244156   17   15   17    7
 -0.005542044404484575   17   15   17    8
 -0.003138097240583541   17   15   17    9
 -0.007919747783786242   17   15   17   10
 -0.00140248646758014   17   15   17   11
 0.0005861201842644217   17   15   17   12
 0.005554778872536644   17   15   17   13
 0.003848541333694719   17   15   17   14
 0.01678994104298859   17   15   17   15
 -0.001155873638566732   17   16    1    1
 -8.335944254943495e-06   17   16    2    1
 0.02667109998534541   17   16    2    2
 -0.0001947315000100863   17   16    3    1
 -0.005712874818580706   17   16    3    2
 -0.008141891441947087   17   16    3    3
 1.62831731983416e-05   17   16    4    1
 -0.005030526926019381   17   16    4    2
 0.002898228821578282   17   16    4    3
 -0.01053586763174798   17   16    4    4
 1.099275201074335e-05   17   16    5    1
 -0.003659279959545421   17   16    5    2
 0.001975438982331288   17   16    5    3
 -0.004056164936503842   17   16    5    4
 0.01476468460531068   17   16    5    5
 -0.0001324081397922419   17   16    6    1
 -0.01119099999099747   17   16    6    2
 -0.007288610788068485   17   16    6    3
 0.006884945379232361   17   16    6    4
 -0.008648526983755563   17   16    6    5
 -0.01462016391219848   17   16    6    6
 -3.828305753459073e-06   17   16    7    1
 -0.0005324663480244851   17   16    7    2
 0.0007229973293927465   17   16    7    3
 0.0002808418619799665   17   16    7    4
 -0.0003128106240781237   17   16    7    5
 0.002874861272059806   17   16    7    6
 -0.002737117454220697   17   16    7    7
 0.000202757247202816   17   16    8    1
 0.001044462256340551   17   16    8    2
 0.004315223962947603   17   16    8    3
 -0.002303399200305231   17   16    8    4
 0.003002328501425569   17   16    8    5
 -0.003808554046673278   17   16    8    6
 0.003370207514752849   17   16    8    7
 0.0006408953172170567   17   16    8    8
 9.709669839634559e-05   17   16    9    1
 -0.001183545857143931   17   16    9    2
 0.002273749313885298   17   16    9    3
 -0.0003948134794619943   17   16    9    4
 0.001625884062320437   17   16    9    5
 -0.001320529573532092   17   16    9    6
 -0.006060460008374555   17   16    9    7
 -0.00327854347681696   17   16    9    8
 0.001539885188662725   17   16    9    9
 -0.0002601699509559073   17   16   10    1
 0.004320311685968877   17   16   10    2
 -0.001734554356433078   17   16   10    3
 -0.003121310061149773   17   16   10    4
 0.004770598296470359   17   16   10    5
 0.0003424182750309447   17   16   10    6
 -0.002139413125351307   17   16   10    7
 0.004882634925707585   17   16   10    8
 0.002397877848639604   17   16   10    9
 -0.004870532756274745   17   16   10   10
 -7.630648022738284e-05   17   16   11    1
 -0.0001107303675785798   17   16   11    2
 -0.00107210598871094   17   16   11    3
 0.0002050323309200475   17   16   11    4
 0.0002458028519597913   17   16   11    5
 -0.0007164966221002506   17   16   11    6
 0.005901276650631019   17   16   11    7
 0.006048384016111711   17   16   11    8
 -0.008185524367366739   17   16   11    9
 -0.000322038998820533   17   16   11   10
 0.007596408961824395   17   16   11   11
 -9.694931858683576e-05   17   16   12    1
 0.001156552311296057   17   16   12    2
 0.000178398198520469   17   16   12    3
 -0.001206582698389276   17   16   12    4
 0.001262265409744127   17   16   12    5
 0.0004853674614068945   17   16   12    6
 -0.001703564539818364   17   16   12    7
 -0.003015299150454205   17   16   12    8
 0.00265501694541918   17   16   12    9
 -9.280274824294044e-05   17   16   12   10
 -0.003924373689106943   17   16   12   11
 0.0001196236491261804   17   16   12   12
 3.320573106490063e-05   17   16   13    1
 0.005601609413827715   17   16   13    2
 -0.0021729067791086   17   16   13    3
 -0.003417142101942355   17   16   13    4
 0.005142920660056227   17   16   13    5
 -0.003188627045107476   17   16   13    6
 -0.001440043387846194   17   16   13    7
 0.005241679651990909   17   16   13    8
 0.001532024169465287   17   16   13    9
 -0.001125847125842562   17   16   13   10
 0.0002705957684142795   17   16   13   11
 0.001119823913888377   17   16   13   12
 -0.009126105167388335   17   16   13   13
 3.553011398803501e-05   17   16   14    1
 -0.004410570373958598   17   16   14    2
 0.001632396847590174   17   16   14    3
 -0.0004210121000682423   17   16   14    4
 -0.002860077678056417   17   16   14    5
 0.00227494084384589   17   16   14    6
 0.0002983535606082803   17   16   14    7
 -0.0008813926372425773   17   16   14    8
 -0.0006294900113284938   17   16   14    9
 -0.000834636305591044   17   16   14   10
 -0.0004308087099207835   17   16   14   11
 -0.0009299610269624911   17   16   14   12
 -0.002925404402508225   17   16   14   13
 0.006988576920352948   17   16   14   14
 0.0001625629097404508   17   16   15    1
 -0.006001863829598642   17   16   15    2
 -0.001005225706396548   17   16   15    3
 0.004116804222303522   17   16   15    4
 -0.002359785497643036   17   16   15    5
 -0.0004631530435204643   17   16   15    6
 0.0002682715150310599   17   16   15    7
 0.002873799182897386   17   16   15    8
 0.002009201749401114   17   16   15    9
 -0.001223446580011218   17   16   15   10
 -0.001521848426167614   17   16   15   11
 0.0003499000357456757   17   16   15   12
 -0.004765938575158687   17   16   15   13
 0.0120325161990964   17   16   15   14
 0.006131249490292537   17   16   15   15
 -0.0001741041960923499   17   16   16    1
 0.006744819743585431   17   16   16    2
 0.001263402892474786   17   16   16    3
 -0.002410551942018905   17   16   16    4
 0.001361405296883777   17   16   16    5
 -0.001195224103865923   17   16   16    6
 -0.0008634739445959265   17   16   16    7
 0.000510066191135733   17   16   16    8
 -0.0008293447179408494   17   16   16    9
 0.004591107014126241   17   16   16   10
 0.000250546442715316   17   16   16   11
 -0.002773216979853262   17   16   16   12
 0.01058135211960342   17   16   16   13
 -0.002420805231749131   17   16   16   14
 0.01383766010048844   17   16   16   15
 0.0107536814408299   17   16   16   16
 5.397388256629273e-05   17   16   17    1
 0.002235968501269039   17   16   17    2
 -0.005990446013386025   17   16   17    3
 0.001964206308680855   17   16   17    4
 -0.002887542304097081   17   16   17    5
 -0.01260791792751176   17   16   17    6
 -0.0008417074742902916   17   16   17    7
 0.0007196219890789393   17   16   17    8
 -0.0002240999879437098   17   16   17    9
 0.004195769996437123   17   16   17   10
 -0.0002246988913537332   17   16   17   11
 0.0009984451660200397   17   16   17   12
 -0.003597884270199472   17   16   17   13
 -0.004492227277699051   17   16   17   14
 -0.01097808452638578   17   16   17   15
 0.01717850952435931   17   16   17   16
 0.3709772332252865   17   17    1    1
 0.0001316830945083699   17   17    2    1
 0.4939433044039821   17   17    2    2
 5.798501731137682e-05   17   17    3    1
 0.01004570363957203   17   17    3    2
 0.4036797308465817   17   17    3    3
 -0.0001993797648369951   17   17    4    1
 0.001991480306819992   17   17    4    2
 -0.001188327438412891   17   17    4    3
 0.4183144969162464   17   17    4    4
 0.001236957276718737   17   17    5    1
 0.09749430322483266   17   17    5    2
 0.03547462135847341   17   17    5    3
 0.008053112450827273   17   17    5    4
 0.4737658703661906   17   17    5    5
 0.001104756025969229   17   17    6    1
 -0.04851574641218061   17   17    6    2
 0.01541985799780831   17   17    6    3
 -0.005958174564219419   17   17    6    4
 -0.05813127547282206   17   17    6    5
 0.4261096947130286   17   17    6    6
 0.0007407955501214959   17   17    7    1
 -0.03123128830319999   17   17    7    2
 0.01648956133666361   17   17    7    3
 0.01479645079954529   17   17    7    4
 -0.002951682432782445   17   17    7    5
 -0.001911502043813669   17   17    7    6
 0.3228500921117824   17   17    7    7
 -0.003315344789619994   17   17    8    1
 0.02654518098352819   17   17    8    2
 -0.05520268101261178   17   17    8    3
 -0.0127846820769862   17   17    8    4
 0.02484577709591154   17   17    8    5
 0.0007042840141647892   17   17    8    6
 0.04980411080286742   17   17    8    7
 0.4024215623978373   17   17    8    8
 -0.002141926754146207   17   17    9    1
 -0.004861251398936165   17   17    9    2
 -0.03180507539995037   17   17    9    3
 0.005734174828181823   17   17    9    4
 0.01754419550355294   17   17    9    5
 0.0001329057750136419   17   17    9    6
 -0.1082451025538116   17   17    9    7
 -0.01429188121636244   17   17    9    8
 0.3632002844011905   17   17    9    9
 -0.0006406692809484708   17   17   10    1
 0.03112465221578111   17   17   10    2
 -0.003852167336587354   17   17   10    3
 0.01164638846090005   17   17   10    4
 0.03582812335589231   17   17   10    5
 -0.02472011433987517   17   17   10    6
 -0.008372570565297836   17   17   10    7
 0.005014499711320756   17   17   10    8
 -0.0006704544634173083   17   17   10    9
 0.3606157593112821   17   17   10   10
 -0.0001897150918710357   17   17   11    1
 -0.000440507399375101   17   17   11    2
 -0.0008736531763905816   17   17   11    3
 0.0006243242436141552   17   17   11    4
 0.001007648484815366   17   17   11    5
 -0.0001688567262311054   17   17   11    6
 0.01933367861881695   17   17   11    7
 0.02994524552215059   17   17   11    8
 -0.04343264772622376   17   17   11    9
 -0.0007414603743015935   17   17   11   10
 0.4247257804226253   17   17   11   11
 9.945445575084871e-05   17   17   12    1
 0.003206844466888494   17   17   12    2
 -0.0004914347302881782   17   17   12    3
 -0.003348173428841548   17   17   12    4
 0.000143948163638441   17   17   12    5
 -0.004282699094125361   17   17   12    6
 0.05194893470658835   17   17   12    7
 0.02539554620358737   17   17   12    8
 -0.01366342423496206   17   17   12    9
 0.004768334682346284   17   17   12   10
 -0.06628891828448495   17   17   12   11
 0.4668853441772848   17   17   12   12
 0.0003702943327897208   17   17   13    1
 0.01598033070895421   17   17   13    2
 -0.00515350513279119   17   17   13    3
 -0.0858595512453614   17   17   13    4
 -0.02488896140192936   17   17   13    5
 0.0432568944925582   17   17   13    6
 -0.01165983573106103   17   17   13    7
 0.01920117484144945   17   17   13    8
 0.002895775556354116   17   17   13    9
 -0.03176889196939901   17   17   13   10
 -0.0009158655380442071   17   17   13   11
 0.0002898557009185768   17   17   13   12
 0.3863950734478553   17   17   13   13
 -0.0004643416316232048   17   17   14    1
 -0.02403649707584829   17   17   14    2
 0.01384998972910849   17   17   14    3
 0.01097436712660032   17   17   14    4
 0.03998680713523869   17   17   14    5
 -0.01563905851114387   17   17   14    6
 0.01138353562509419   17   17   14    7
 -0.02062484136079054   17   17   14    8
 -0.005748861579609329   17   17   14    9
 8.25922218994259e-05   17   17   14   10
 0.002013605292652015   17   17   14   11
 -0.006343380156496278   17   17   14   12
 -0.06469793022079651   17   17   14   13
 0.2259766812466746   17   17   14   14
 -0.001280598576627516   17   17   15    1
 -0.01076211704823159   17   17   15    2
 0.01665660219221092   17   17   15    3
 0.01020072950199249   17   17   15    4
 0.03494949772685004   17   17   15    5
 0.04593131375941836   17   17   15    6
 0.002051103175864928   17   17   15    7
 -0.01090864926388227   17   17   15    8
 -0.01073539464604028   17   17   15    9
 -0.01838312819615387   17   17   15   10
 -0.0004485889407076137   17   17   15   11
 0.02209184026450239   17   17   15   12
 0.01745329755785172   17   17   15   13
 0.03045950272548814   17   17   15   14
 0.2755563300309241   17   17   15   15
 0.001856245050760616   17   17   16    1
 0.01112804672679305   17   17   16    2
 -0.01344477156669127   17   17   16    3
 -0.01002546487856621   17   17   16    4
 -0.04267595382930709   17   17   16    5
 -0.0468837410181795   17   17   16    6
 -0.00258023910356212   17   17   16    7
 -0.02526421703742452   17   17   16    8
 -0.01903950715286698   17   17   16    9
 0.004704198130221442   17   17   16   10
 0.003866499330060358   17   17   16   11
 0.0110278609047443   17   17   16   12
 -0.01402726481952129   17   17   16   13
 -0.0323994000569327   17   17   16   14
 -0.1097462661261482   17   17   16   15
 0.3038608725247587   17   17   16   16
 0.0005187986491393022   17   17   17    1
 0.01016381752616601   17   17   17    2
 -0.01334528244197632   17   17   17    3
 0.03027942909235779   17   17   17    4
 -0.01885865643811363   17   17   17    5
 0.03458409303892639   17   17   17    6
 -0.006222764025062618   17   17   17    7
 0.01781892941610388   17   17   17    8
 0.008487266273867252   17   17   17    9
 0.0257676298121354   17   17   17   10
 0.002285254811838034   17   17   17   11
 0.004341604538408823   17   17   17   12
 -0.04510277949719645   17   17   17   13
 -0.08418931568200512   17   17   17   14
 -0.01394840438511853   17   17   17   15
 0.007628874262013463   17   17   17   16
 0.5885082383405782   17   17   17   17
 0.1718999144028116   18    1    1    1
 -0.001775465925128666   18    1    2    1
 -0.002836723993372552   18    1    2    2
 -0.02609820657621264   18    1    3    1
 -0.001562238868197169   18    1    3    2
 -0.005308112723700025   18    1    3    3
 -0.0006294418456599978   18    1    4    1
 0.0001720146809092808   18    1    4    2
 0.001050918811178668   18    1    4    3
 -0.002023263458905688   18    1    4    4
 0.006065226367154181   18    1    5    1
 -0.0008522333020025851   18    1    5    2
 -0.005257270289145086   18    1    5    3
 -0.0006429684170826834   18    1    5    4
 0.001027328136363124   18    1    5    5
 0.001898785381190252   18    1    6    1
 0.0002891459235311878   18    1    6    2
 -0.00563850325146071   18    1    6    3
 0.0001227977411393501   18    1    6    4
 0.003469619819298301   18    1    6    5
 -0.0004574909957091064   18    1    6    6
 -0.001065155525631919   18    1    7    1
 0.0003039423388592943   18    1    7    2
 -0.002974219599543087   18    1    7    3
 -0.0003429353041821066   18    1    7    4
 0.001314585895236868   18    1    7    5
 0.0010430891533815   18    1    7    6
 -0.001459871963351972   18    1    7    7
 0.003466154550228986   18    1    8    1
 0.0001148262430970539   18    1    8    2
 0.0143550807932373   18    1    8    3
 0.001439201214159447   18    1    8    4
 -0.006781711877360208   18    1    8    5
 -0.005064109115738374   18    1    8    6
 -0.00216513195769756   18    1    8    7
 0.006626523316356317   18    1    8    8
 0.001636491187107157   18    1    9    1
 0.0003534354604042126   18    1    9    2
 0.008845445432771423   18    1    9    3
 0.0008015362123365811   18    1    9    4
 -0.004378007588918883   18    1    9    5
 -0.003277435945738319   18    1    9    6
 -0.0002540653721870447   18    1    9    7
 0.005713574478441411   18    1    9    8
 0.002021594251848767   18    1    9    9
 0.0005136365921165681   18    1   10    1
 -6.983513141006089e-05   18    1   10    2
 8.142586587673599e-05   18    1   10    3
 -0.0005083225485661425   18    1   10    4
 -0.0003394080883124957   18    1   10    5
 0.00163787979174072   18    1   10    6
 -0.0003189757146123479   18    1   10    7
 0.0005511603383380372   18    1   10    8
 6.849583940305077e-05   18    1   10    9
 0.003179683314948377   18    1   10   10
 6.350998624613744e-05   18    1   11    1
 3.037482423579423e-05   18    1   11    2
 2.432378707682565e-05   18    1   11    3
 2.157782767523911e-05   18    1   11    4
 -9.205710765629106e-05   18    1   11    5
 -8.887192440408196e-05   18    1   11    6
 -0.0003379968809057397   18    1   11    7
 -0.0003963693653320525   18    1   11    8
 0.0007873971778130068   18    1   11    9
 4.250766463872167e-05   18    1   11   10
 0.0003814710160386125   18    1   11   11
 -0.001415130999251269   18    1   12    1
 -3.023566515562955e-06   18    1   12    2
 -0.0008461175178539528   18    1   12    3
 3.753839792741366e-05   18    1   12    4
 0.0002953270565115913   18    1   12    5
 0.000227693234692621   18    1   12    6
 -0.002049533418548329   18    1   12    7
 -0.002023770162181761   18    1   12    8
 0.00179868072018583   18    1   12    9
 6.58499356359964e-05   18    1   12   10
 0.003753653604541751   18    1   12   11
 -0.001048621126155122   18    1   12   12
 -0.0004550217038054986   18    1   13    1
 -0.0001389996361032937   18    1   13    2
 -0.0006304349943812639   18    1   13    3
 0.0008064304166234863   18    1   13    4
 0.0005577123910759699   18    1   13    5
 -0.0006445777255070063   18    1   13    6
 0.0002574468308920713   18    1   13    7
 -0.001093762075014906   18    1   13    8
 -0.0004788686966638438   18    1   13    9
 -0.0007203775037262866   18    1   13   10
 9.772234638139721e-05   18    1   13   11
 7.124515172097155e-05   18    1   13   12
 -0.002222779857272677   18    1   13   13
 0.005516820060061581   18    1   14    1
 -8.321135295816519e-05   18    1   14    2
 0.0007714103478976197   18    1   14    3
 -0.0002175853592492797   18    1   14    4
 -0.0005352675440603622   18    1   14    5
 0.0005883107248224086   18    1   14    6
 -8.217384576596311e-05   18    1   14    7
 -0.0001022507785422963   18    1   14    8
 -0.0002590058735755401   18    1   14    9
 0.0004993066145890392   18    1   14   10
 -6.627381791981722e-05   18    1   14   11
 9.382932325055507e-05   18    1   14   12
 0.0009253032106517229   18    1   14   13
 -0.0001491595291833718   18    1   14   14
 0.01242683767879747   18    1   15    1
 -0.0001461950941233257   18    1   15    2
 0.002890429452966374   18    1   15    3
 0.0003443611426870438   18    1   15    4
 -0.001238680286100704   18    1   15    5
 -0.001226104762426975   18    1   15    6
 -0.0002533473238158303   18    1   15    7
 -9.435702297536898e-05   18    1   15    8
 0.0002525646805446251   18    1   15    9
 -0.0006134001156695364   18    1   15   10
 0.0003989980712168198   18    1   15   11
 0.000205850834058149   18    1   15   12
 -0.0003693668591630635   18    1   15   13
 -0.0004199412335326691   18    1   15   14
 -0.00130990796812012   18    1   15   15
 -0.007695689109078736   18    1   16    1
 -0.0002404948917308758   18    1   16    2
 -0.005110985083003483   18    1   16    3
 -0.0006405105632118568   18    1   16    4
 0.002777758810761184   18    1   16    5
 0.002489778018585493   18    1   16    6
 0.0002183256596248693   18    1   16    7
 -0.002136240009568146   18    1   16    8
 -0.001692109677397365   18    1   16    9
 0.0006357084195507798   18    1   16   10
 -8.696042582553971e-05   18    1   16   11
 -0.0001884288381984197   18    1   16   12
 0.0009749603205648621   18    1   16   13
 0.001239484548216218   18    1   16   14
 0.003228896531777675   18    1   16   15
 -5.675955717898934e-05   18    1   16   16
 -0.001213498767083536   18    1   17    1
 0.0003236403250319744   18    1   17    2
 -0.0009014251404147658   18    1   17    3
 0.0001719351600208064   18    1   17    4
 0.001426161269917013   18    1   17    5
 -0.001728447396004532   18    1   17    6
 0.0002962541667206203   18    1   17    7
 -0.0006891568490309545   18    1   17    8
 -0.0004139920723620386   18    1   17    9
 -0.002039454822653654   18    1   17   10
 -0.0001995260173422803   18    1   17   11
 -9.942382509841468e-05   18    1   17   12
 0.0001960075526973407   18    1   17   13
 0.001154807225276244   18    1   17   14
 0.0003965038690746664   18    1   17   15
 0.0003304631253684461   18    1   17   16
 -0.003822509841304183   18    1   17   17
 0.02436578468257866   18    1   18    1
 -0.01452436465486848   18    2    1    1
 -2.571613171200897e-05   18    2    2    1
 0.00896790396815773   18    2    2    2
 0.0005100585079195715   18    2    3    1
 0.0008102190199099092   18    2    3    2
 0.004051781112136594   18    2    3    3
 6.626932099541272e-05   18    2    4    1
 0.005368365713970592   18    2    4    2
 -4.237497103887246e-05   18    2    4    3
 -0.0002277891231104665   18    2    4    4
 -0.0002852472380423018   18    2    5    1
 -0.007614874571653062   18    2    5    2
 0.005363527939952239   18    2    5    3
 0.004359397961104378   18    2    5    4
 0.005670094315609954   18    2    5    5
 -0.0002140885254615584   18    2    6    1
 -0.004935711525811864   18    2    6    2
 0.0003040578976451584   18    2    6    3
 0.005452696609761461   18    2    6    4
 -0.005140359267172262   18    2    6    5
 -0.0002211560739333231   18    2    6    6
 -4.296471962926126e-05   18    2    7    1
 0.001256197364756667   18    2    7    2
 0.001543886375371277   18    2    7    3
 -0.001952832233249597   18    2    7    4
 0.002794904620366746   18    2    7    5
 0.00142679079205765   18    2    7    6
 0.002105377433144611   18    2    7    7
 0.0003539236887640824   18    2    8    1
 -0.006618920800527553   18    2    8    2
 -0.004388719740044775   18    2    8    3
 0.003847275201455081   18    2    8    4
 -0.003017665279047391   18    2    8    5
 -0.002400573234091042   18    2    8    6
 0.003317820054753162   18    2    8    7
 0.001782252022687954   18    2    8    8
 0.000218849409313913   18    2    9    1
 -0.006689732634540708   18    2    9    2
 -0.002656105702092142   18    2    9    3
 0.002828870170647881   18    2    9    4
 -0.001141078770374115   18    2    9    5
 -0.000608419666556948   18    2    9    6
 -0.002070352246462679   18    2    9    7
 -0.004710813371502082   18    2    9    8
 0.005159601181370428   18    2    9    9
 -4.531207579014146e-05   18    2   10    1
 0.003847266599104844   18    2   10    2
 -0.0005431038876282787   18    2   10    3
 -0.002978548045723683   18    2   10    4
 0.003290251514213428   18    2   10    5
 -0.0003075997082804945   18    2   10    6
 -0.001141747772620475   18    2   10    7
 0.001848041547372041   18    2   10    8
 0.001046455771399839   18    2   10    9
 -0.002515646077351373   18    2   10   10
 -2.768469844528909e-05   18    2   11    1
 0.0003537109024025775   18    2   11    2
 -0.0004737590208355432   18    2   11    3
 -0.000230418145645621   18    2   11    4
 -3.871315052689551e-05   18    2   11    5
 -0.0005457846021743908   18    2   11    6
 0.005681014326983934   18    2   11    7
 0.005522390531889328   18    2   11    8
 -0.007764800439477999   18    2   11    9
 -9.299018904975464e-05   18    2   11   10
 0.01091839206907071   18    2   11   11
 -2.914212742045747e-05   18    2   12    1
 0.001062230357575142   18    2   12    2
 -0.0001669986510565768   18    2   12    3
 -0.0006841391213778242   18    2   12    4
 0.0013235396310894   18    2   12    5
 0.0003502742898434426   18    2   12    6
 -0.003593281288103217   18    2   12    7
 -0.002032485622299312   18    2   12    8
 0.003835439417111546   18    2   12    9
 -3.980504529611363e-05   18    2   12   10
 -0.007821451774491187   18    2   12   11
 -0.0005238241359451187   18    2   12   12
 -4.136144666052514e-05   18    2   13    1
 -0.002376639534473815   18    2   13    2
 -0.001799603539621795   18    2   13    3
 0.004554620001495345   18    2   13    4
 -0.01136595511148049   18    2   13    5
 -0.00211026886968072   18    2   13    6
 0.001688906641418687   18    2   13    7
 -0.00431758578913034   18    2   13    8
 -0.004081672527972091   18    2   13    9
 0.002007181528203372   18    2   13   10
 -5.718191537123943e-05   18    2   13   11
 0.001067887303792048   18    2   13   12
 -0.005315604413377571   18    2   13   13
 -4.845119968310186e-05   18    2   14    1
 -0.006574966512050101   18    2   14    2
 0.003943041089656325   18    2   14    3
 -0.0001460498851991571   18    2   14    4
 0.006958522153130427   18    2   14    5
 0.001025941147300968   18    2   14    6
 0.0002077885747788946   18    2   14    7
 0.000110122119883646   18    2   14    8
 0.0006191379639969097   18    2   14    9
 -0.001005605397744176   18    2   14   10
 0.0001357294323978756   18    2   14   11
 -0.0003311599773430673   18    2   14   12
 -0.0007648520799539352   18    2   14   13
 0.004248825540105083   18    2   14   14
 -6.193310863520873e-05   18    2   15    1
 -0.005058600722869976   18    2   15    2
 0.003840760985540774   18    2   15    3
 0.002346294571557802   18    2   15    4
 0.001626499816938812   18    2   15    5
 0.001151873317943732   18    2   15    6
 -0.0001157699413188104   18    2   15    7
 -0.002393734808902843   18    2   15    8
 -0.001630662580410972   18    2   15    9
 0.0001486787753507563   18    2   15   10
 -0.001235486532494524   18    2   15   11
 0.0001179775266351863   18    2   15   12
 -0.004076939973882187   18    2   15   13
 0.003197615711370926   18    2   15   14
 0.003581945027494493   18    2   15   15
 -9.615497713065346e-05   18    2   16    1
 0.009713061520503783   18    2   16    2
 -0.002253719275862594   18    2   16    3
 -0.004002427755531348   18    2   16    4
 -0.001894103196327875   18    2   16    5
 -0.0009208271873873434   18    2   16    6
 -0.003850851586641934   18    2   16    7
 0.003287259696216129   18    2   16    8
 -0.0007089952057177719   18    2   16    9
 -0.000195024025724576   18    2   16   10
 0.000407636030235033   18    2   16   11
 -0.00100417205927312   18    2   16   12
 0.007623954842314723   18    2   16   13
 -0.003605288440733885   18    2   16   14
 -0.0003101592562302619   18    2   16   15
 0.0041333426093021   18    2   16   16
 2.781245724364906e-05   18    2   17    1
 0.01132433391387526   18    2   17    2
 -0.003647697114609131   18    2   17    3
 -0.006778182207349724   18    2   17    4
 0.004852508506400574   18    2   17    5
 -0.003241844634135837   18    2   17    6
 -0.003886167531200216   18    2   17    7
 0.006638286411053435   18    2   17    8
 0.00324006488749869   18    2   17    9
 0.003916314712479924   18    2   17   10
 0.0001436124202391365   18    2   17   11
 -4.446690595899252e-05   18    2   17   12
 0.007334631625900145   18    2   17   13
 -0.005160973796626371   18    2   17   14
 -0.004154964599694986   18    2   17   15
 0.002487419474893936   18    2   17   16
 0.007154386279607809   18    2   17   17
 5.658408271709663e-05   18    2   18    1
 0.02086518177419698   18    2   18    2
 -0.2237872579119191   18    3    1    1
 -0.0004468957821487089   18    3    2    1
 0.01924372060006681   18    3    2    2
 0.004005568249328564   18    3    3    1
 -0.004851761862983762   18    3    3    2
 -0.0832382372218959   18    3    3    3
 0.000929998644958545   18    3    4    1
 -0.004442755936016935   18    3    4    2
 -0.003859763940729028   18    3    4    3
 0.008374761821648325   18    3    4    4
 -0.004943534124488942   18    3    5    1
 0.008868418948515484   18    3    5    2
 0.02469799815343575   18    3    5    3
 -0.002375991721955427   18    3    5    4
 0.007006903095660188   18    3    5    5
 -0.004528024602177134   18    3    6    1
 -0.001333353560511659   18    3    6    2
 0.009642666473047573   18    3    6    3
 -0.002988573408683757   18    3    6    4
 -0.003085175161716245   18    3    6    5
 0.002071055025951177   18    3    6    6
 -0.002044231706311583   18    3    7    1
 -0.00268924985424118   18    3    7    2
 -0.002708024418579781   18    3    7    3
 0.001156755289298749   18    3    7    4
 -0.003463670406358022   18    3    7    5
 -0.001214187155581644   18    3    7    6
 0.003530040965640439   18    3    7    7
 0.01049244287886178   18    3    8    1
 0.004153240554969185   18    3    8    2
 0.005766103220175646   18    3    8    3
 -0.003886259667099601   18    3    8    4
 0.00956917617942759   18    3    8    5
 0.007698587767027677   18    3    8    6
 0.002728579134425385   18    3    8    7
 -0.02089341757039689   18    3    8    8
 0.006631743239127946   18    3    9    1
 0.001849345297579747   18    3    9    2
 0.002087575497125601   18    3    9    3
 -0.002894844418311284   18    3    9    4
 0.006786413818852363   18    3    9    5
 0.007122644774481418   18    3    9    6
 0.006725587140457951   18    3    9    7
 -0.009707301074721682   18    3    9    8
 -0.009575199293945284   18    3    9    9
 3.99290072217821e-05   18    3   10    1
 0.00115706186770955   18    3   10    2
 0.0007495124981236981   18    3   10    3
 0.01259272659795231   18    3   10    4
 0.009062395816215494   18    3   10    5
 -0.03975670489377452   18    3   10    6
 0.007305967500739221   18    3   10    7
 -0.01276132454978281   18    3   10    8
 -0.002559099935495423   18    3   10    9
 -0.08335552718220046   18    3   10   10
 3.972736856127734e-05   18    3   11    1
 -7.002157890080323e-05   18    3   11    2
 0.0003729735008207079   18    3   11    3
 -0.001070788377467252   18    3   11    4
 0.001611200925752022   18    3   11    5
 0.001046983770689611   18    3   11    6
 0.01682124805035686   18    3   11    7
 0.01573561713273175   18    3   11    8
 -0.02095683608185327   18    3   11    9
 -0.001225419757757816   18    3   11   10
 -0.04831181662555609   18    3   11   11
 -0.0006277796069542713   18    3   12    1
 -0.0005875210839701396   18    3   12    2
 -0.004516554899038849   18    3   12    3
 -0.00103701721552442   18    3   12    4
 0.0007980564515593742   18    3   12    5
 -0.000509919423024259   18    3   12    6
 0.02691893262139029   18    3   12    7
 0.02563896303094027   18    3   12    8
 -0.02646787701007218   18    3   12    9
 -0.00125713461786466   18    3   12   10
 -0.0498413031527241   18    3   12   11
 -0.007600352394125376   18    3   12   12
 -0.0007176712062273608   18    3   13    1
 0.001058136603759366   18    3   13    2
 0.0005476663712850793   18    3   13    3
 -0.007293114635042808   18    3   13    4
 0.002015041334125873   18    3   13    5
 0.009145165419547784   18    3   13    6
 -0.001649275809618974   18    3   13    7
 0.006243394887920624   18    3   13    8
 0.00179545843373391   18    3   13    9
 0.009402921037282323   18    3   13   10
 -0.001054650991568814   18    3   13   11
 -0.0009646065644379361   18    3   13   12
 0.01610479526795519   18    3   13   13
 0.000444151122870162   18    3   14    1
 0.004007907144612883   18    3   14    2
 0.01623106760747965   18    3   14    3
 0.001570237006967111   18    3   14    4
 -0.0005044287895235671   18    3   14    5
 -0.004034896505147953   18    3   14    6
 0.001856540906929984   18    3   14    7
 -0.007570332655796433   18    3   14    8
 -0.003260971591764869   18    3   14    9
 -0.003260517796460704   18    3   14   10
 0.0005548242916992909   18    3   14   11
 0.0007279485577721288   18    3   14   12
 -0.004994736873583598   18    3   14   13
 -0.001185919149788127   18    3   14   14
 0.002210673093079072   18    3   15    1
 0.005581708560617241   18    3   15    2
 0.03813756064322427   18    3   15    3
 -0.003120748583400924   18    3   15    4
 -0.001763170757771059   18    3   15    5
 0.01002509117391789   18    3   15    6
 0.006058823896922948   18    3   15    7
 -0.00987734384982175   18    3   15    8
 -0.01205002880647395   18    3   15    9
 0.009683335082962884   18    3   15   10
 -0.007710725867374487   18    3   15   11
 -0.001872886483582736   18    3   15   12
 0.005178583157392386   18    3   15   13
 -0.005801664478191438   18    3   15   14
 -0.01121170713565396   18    3   15   15
 -0.004747501008584308   18    3   16    1
 -0.004818029857579714   18    3   16    2
 -0.02338456837713623   18    3   16    3
 0.00336862648678546   18    3   16    4
 -0.002395138076682379   18    3   16    5
 -0.008844449341214214   18    3   16    6
 -0.0007685699177129989   18    3   16    7
 0.01382725013405164   18    3   16    8
 0.007566083041916087   18    3   16    9
 -0.001133718140391222   18    3   16   10
 -0.002552887024109307   18    3   16   11
 -0.002708261853121659   18    3   16   12
 -0.009176392906566468   18    3   16   13
 0.002858171568478347   18    3   16   14
 -0.001157412449037887   18    3   16   15
 -0.003740885504297132   18    3   16   16
 -0.0007947683275498404   18    3   17    1
 -0.007085806893906641   18    3   17    2
 -0.004461424073150821   18    3   17    3
 -0.00152071792306076   18    3   17    4
 -0.01219693047348029   18    3   17    5
 0.01822490722428695   18    3   17    6
 -0.002166385774493465   18    3   17    7
 0.004436399857719545   18    3   17    8
 0.002546860176156975   18    3   17    9
 0.0188868159244005   18    3   17   10
 0.001887911516344255   18    3   17   11
 0.0006507847934422648   18    3   17   12
 -0.001465898262549117   18    3   17   13
 -0.005836677853915352   18    3   17   14
 0.0002959424768253285   18    3   17   15
 -0.003268053179553974   18    3   17   16
 0.02557845910782952   18    3   17   17
 0.007929260089896136   18    3   18    1
 0.00472578188752353   18    3   18    2
 0.07052843707633186   18    3   18    3
 0.00525857321451753   18    4    1    1
 -2.756338215408779e-05   18    4    2    1
 -0.005658395072553214   18    4    2    2
 -0.0001258171453993409   18    4    3    1
 0.0008578345811140203   18    4    3    2
 0.0004244444832339343   18    4    3    3
 -6.057940279543007e-05   18    4    4    1
 -0.012978930026771   18    4    4    2
 0.001140619213043262   18    4    4    3
 -0.02089026077996003   18    4    4    4
 -0.0001980391011269357   18    4    5    1
 0.005053079646591883   18    4    5    2
 -0.003049510238027031   18    4    5    3
 -0.008446849498671628   18    4    5    4
 -0.008902791426937246   18    4    5    5
 8.808092006583401e-05   18    4    6    1
 -1.62633196899944e-05   18    4    6    2
 -0.000896487599450832   18    4    6    3
 -0.01051816121278367   18    4    6    4
 0.004179614216239491   18    4    6    5
 -0.003835502173233614   18    4    6    6
 -0.0001387529302944414   18    4    7    1
 -0.001655614028553544   18    4    7    2
 -0.0008661185909835857   18    4    7    3
 0.001118237681160683   18    4    7    4
 -0.001858084655938418   18    4    7    5
 -0.00149363247599498   18    4    7    6
 -0.005128945605373881   18    4    7    7
 0.0005897314240370742   18    4    8    1
 0.001324616752328551   18    4    8    2
 0.001317507508951768   18    4    8    3
 -0.007605911537146978   18    4    8    4
 -0.003175770867952191   18    4    8    5
 0.0003064606735502334   18    4    8    6
 -0.003508071324618376   18    4    8    7
 0.001557560182821551   18    4    8    8
 0.0002975953017957134   18    4    9    1
 0.003906139546645997   18    4    9    2
 0.001074923086876525   18    4    9    3
 -0.002897402975443682   18    4    9    4
 -0.001952098909810533   18    4    9    5
 -1.155405434587798e-05   18    4    9    6
 -0.0009050495023250881   18    4    9    7
 0.007943757841283676   18    4    9    8
 -0.007078014017930488   18    4    9    9
 0.0007268855044350923   18    4   10    1
 -0.003074671210375561   18    4   10    2
 0.001538632633109057   18    4   10    3
 0.0002782917728885425   18    4   10    4
 -0.005707340375015353   18    4   10    5
 0.001886033184540094   18    4   10    6
 0.0005663687915385774   18    4   10    7
 -0.001842301391446899   18    4   10    8
 -0.001465271708132394   18    4   10    9
 -3.599987334308105e-05   18    4   10   10
 -3.627154222320502e-05   18    4   11    1
 -0.001268924215263494   18    4   11    2
 0.0004339888524782752   18    4   11    3
 -0.001684700836289043   18    4   11    4
 -0.0003653236374994052   18    4   11    5
 2.523429704688777e-05   18    4   11    6
 -0.009442064270923074   18    4   11    7
 -0.009427956897242462   18    4   11    8
 0.01187030911551356   18    4   11    9
 7.050157907245731e-05   18    4   11   10
 -0.0164044505434295   18    4   11   11
 -7.086494203380597e-05   18    4   12    1
 -0.0006643511334244817   18    4   12    2
 -0.0008207688063887793   18    4   12    3
 0.001684483215653427   18    4   12    4
 -0.001752731044997053   18    4   12    5
 -2.217103356016987e-05   18    4   12    6
 0.008586279528569911   18    4   12    7
 0.006203409465807453   18    4   12    8
 -0.007811488759047918   18    4   12    9
 7.11772983405733e-05   18    4   12   10
 0.009074935937706821   18    4   12   11
 0.00372075668707562   18    4   12   12
 -0.0001044728450987214   18    4   13    1
 0.008278866607402681   18    4   13    2
 -0.0001113555050907252   18    4   13    3
 0.005679352764850669   18    4   13    4
 0.01390869960189235   18    4   13    5
 0.007735750407273451   18    4   13    6
 -0.002042014721542456   18    4   13    7
 0.009150828883830514   18    4   13    8
 0.005740001015727366   18    4   13    9
 -0.002154439805900093   18    4   13   10
 0.0007177547428429431   18    4   13   11
 -0.0003811412346751471   18    4   13   12
 -0.002415328507794108   18    4   13   13
 0.0001032140869238902   18    4   14    1
 0.003590595806239931   18    4   14    2
 -0.0003641290326324675   18    4   14    3
 0.002708800790776959   18    4   14    4
 -0.002767311728080309   18    4   14    5
 -0.001277644766654259   18    4   14    6
 -0.0003583967352087336   18    4   14    7
 -0.00144770375354054   18    4   14    8
 -0.001417953825868479   18    4   14    9
 0.000715221689388872   18    4   14   10
 7.252904723654086e-05   18    4   14   11
 -0.0003759880924067532   18    4   14   12
 0.001706534907534681   18    4   14   13
 -0.002787316387466014   18    4   14   14
 0.0001109586843578091   18    4   15    1
 0.0006068535807016448   18    4   15    2
 -0.0002660098580005419   18    4   15    3
 -0.009545699145523572   18    4   15    4
 0.0001288108234180874   18    4   15    5
 -0.003610735002017308   18    4   15    6
 -0.0005494219467108123   18    4   15    7
 0.0008915386117605254   18    4   15    8
 -0.0001439236201908382   18    4   15    9
 -0.00153047013019057   18    4   15   10
 0.001019598564703751   18    4   15   11
 -9.480192460258056e-05   18    4   15   12
 0.002639408329745627   18    4   15   13
 -0.0006564203669973068   18    4   15   14
 -0.002028274936153845   18    4   15   15
 -0.0002657091535196237   18    4   16    1
 -0.003813192685475578   18    4   16    2
 0.0005031842246278532   18    4   16    3
 0.01295369754743599   18    4   16    4
 0.002358542834115401   18    4   16    5
 0.002138127452989028   18    4   16    6
 0.002370675119683092   18    4   16    7
 -0.001835933892118093   18    4   16    8
 -0.0007152405231231038   18    4   16    9
 0.00253290503547701   18    4   16   10
 -0.0002168486784688024   18    4   16   11
 0.0006839449387017756   18    4   16   12
 -0.007371564173753984   18    4   16   13
 0.003514662888898761   18    4   16   14
 0.003669119352319815   18    4   16   15
 -0.004761217909060205   18    4   16   16
 -0.0002582856179985442   18    4   17    1
 -0.01477350802857256   18    4   17    2
 -0.002123708234382835   18    4   17    3
 -0.003590667167006317   18    4   17    4
 -0.0174349077904764   18    4   17    5
 0.005109228183714475   18    4   17    6
 0.001963144041794996   18    4   17    7
 -0.005432132207757494   18    4   17    8
 -0.003044826538038375   18    4   17    9
 -0.006329262190201821   18    4   17   10
 -0.0006821209500440344   18    4   17   11
 0.0001979648667914966   18    4   17   12
 0.002039666743150792   18    4   17   13
 0.000225701291634639   18    4   17   14
 -0.0001000900238692281   18    4   17   15
 0.003038968449435132   18    4   17   16
 -0.008046035200894971   18    4   17   17
 0.0005676519281622678   18    4   18    1
 -0.007610881353626106   18    4   18    2
 0.002291238539282312   18    4   18    3
 0.01751995673619417   18    4   18    4
 0.006468612479739704   18    5    1    1
 0.0002006749569380222   18    5    2    1
 -0.02217308452745192   18    5    2    2
 0.0001772965307544897   18    5    3    1
 0.007348387458001524   18    5    3    2
 0.01792643036284118   18    5    3    3
 -0.0003220029022222864   18    5    4    1
 0.00224562216944391   18    5    4    2
 -0.001021063183939525   18    5    4    3
 -0.0204499110619258   18    5    4    4
 0.001182567362113431   18    5    5    1
 -0.00436094328414166   18    5    5    2
 0.004252795162659969   18    5    5    3
 0.002715071889245877   18    5    5    4
 -0.01603505824126011   18    5    5    5
 0.001643578261181191   18    5    6    1
 0.001243572906653426   18    5    6    2
 0.005206559693996199   18    5    6    3
 -0.003902759084085664   18    5    6    4
 -0.001936966149165864   18    5    6    5
 -0.008911776637177298   18    5    6    6
 0.0006530990706925936   18    5    7    1
 0.004674594998298145   18    5    7    2
 0.003335228803674221   18    5    7    3
 -0.002052068272923674   18    5    7    4
 0.001349536202548333   18    5    7    5
 -0.00114116105259811   18    5    7    6
 -0.006202831942370629   18    5    7    7
 -0.003575463417390295   18    5    8    1
 -0.0084989278212381   18    5    8    2
 -0.0177734638410926   18    5    8    3
 0.000638184960429513   18    5    8    4
 -0.002739521452035101   18    5    8    5
 0.003193402605027519   18    5    8    6
 0.0007204151514570768   18    5    8    7
 -0.01149138578846605   18    5    8    8
 -0.002217807454856732   18    5    9    1
 -0.00350883563549952   18    5    9    2
 -0.01090230756310381   18    5    9    3
 0.0003757476683854979   18    5    9    4
 -0.002065648493787407   18    5    9    5
 0.00122872603946178   18    5    9    6
 0.003185736858012072   18    5    9    7
 -0.001522141500537704   18    5    9    8
 -0.01008872595322346   18    5    9    9
 0.0007196411682345596   18    5   10    1
 -0.002039813783410769   18    5   10    2
 0.002142757070252519   18    5   10    3
 -0.003106263650411713   18    5   10    4
 -0.003504816899422167   18    5   10    5
 0.007422924723053715   18    5   10    6
 -0.0004901526102907832   18    5   10    7
 0.001539619571449463   18    5   10    8
 0.0006071745315118111   18    5   10    9
 -0.0003514310882051427   18    5   10   10
 8.110729247664904e-05   18    5   11    1
 -0.0003086855898368646   18    5   11    2
 0.0001535153262136086   18    5   11    3
 0.0001461406980309839   18    5   11    4
 -0.0003647269552502488   18    5   11    5
 -6.769855910872628e-05   18    5   11    6
 -0.009804413397364535   18    5   11    7
 -0.009715185958318487   18    5   11    8
 0.01215751268408907   18    5   11    9
 0.0004754971443323603   18    5   11   10
 -0.01167573089631592   18    5   11   11
 0.0003748010321859376   18    5   12    1
 0.0002075168874983764   18    5   12    2
 0.001182032435595014   18    5   12    3
 -0.0001702320851349183   18    5   12    4
 -0.0006578254331786689   18    5   12    5
 0.0002645842137866858   18    5   12    6
 0.003425149380454618   18    5   12    7
 0.004661078106638089   18    5   12    8
 -0.004857030339267771   18    5   12    9
 -0.0004073111300184332   18    5   12   10
 0.007385758384242354   18    5   12   11
 -0.002730005646331751   18    5   12   12
 0.0001496645767904341   18    5   13    1
 -0.009533773627592203   18    5   13    2
 0.001487855754405696   18    5   13    3
 0.009418374842075541   18    5   13    4
 0.00230044768103854   18    5   13    5
 0.001310289820413493   18    5   13    6
 0.002192463657298467   18    5   13    7
 0.0003285978653526115   18    5   13    8
 0.0007499682180650455   18    5   13    9
 0.002033041889445042   18    5   13   10
 9.093666752452502e-06   18    5   13   11
 0.001171318765224867   18    5   13   12
 -0.01456846947903174   18    5   13   13
 -0.000409509884973332   18    5   14    1
 0.01107616225025303   18    5   14    2
 -0.001893611614068488   18    5   14    3
 -0.0003328240142046059   18    5   14    4
 -0.002672039394257782   18    5   14    5
 -0.001422163294284623   18    5   14    6
 -0.0006945239177129922   18    5   14    7
 -0.002779229171234326   18    5   14    8
 -0.002259784347106662   18    5   14    9
 -0.0006279827477176133   18    5   14   10
 -0.0003464010765023011   18    5   14   11
 -0.0002756437350353824   18    5   14   12
 0.000896748470998797   18    5   14   13
 -0.001558870502371411   18    5   14   14
 -0.001473402998674589   18    5   15    1
 0.005652412706358525   18    5   15    2
 -0.003856592003280228   18    5   15    3
 -0.004608413904756409   18    5   15    4
 0.001516696859562036   18    5   15    5
 -0.001274982857051598   18    5   15    6
 0.001299530216298741   18    5   15    7
 -0.003517728366588899   18    5   15    8
 -0.002711815958670579   18    5   15    9
 -0.0007771818285979017   18    5   15   10
 0.0007173601300999215   18    5   15   11
 0.0003574240833635816   18    5   15   12
 0.000276082884553654   18    5   15   13
 0.0009262073582868125   18    5   15   14
 -0.002411831446645609   18    5   15   15
 0.00198271145969325   18    5   16    1
 -0.004830955229616701   18    5   16    2
 0.006601357659651466   18    5   16    3
 0.004827923678595986   18    5   16    4
 0.005063182024925418   18    5   16    5
 0.0003407645796539416   18    5   16    6
 0.0005531479236844623   18    5   16    7
 0.004658516507216865   18    5   16    8
 0.005657145406384581   18    5   16    9
 -0.000261231048151447   18    5   16   10
 0.0006905725462026815   18    5   16   11
 -0.0003663723764688987   18    5   16   12
 -0.0003148437709572468   18    5   16   13
 -0.0005378860611214044   18    5   16   14
 0.001506758852236422   18    5   16   15
 -0.009519027527306614   18    5   16   16
 0.0001410310882377322   18    5   17    1
 -0.00713798273112221   18    5   17    2
 -0.002585175537074152   18    5   17    3
 -0.008193271353276958   18    5   17    4
 -0.007511063199637313   18    5   17    5
 0.008715664774513082   18    5   17    6
 -0.00138778856552588   18    5   17    7
 0.004104786126744557   18    5   17    8
 0.003074331002106275   18    5   17    9
 -0.005779483901723555   18    5   17   10
 0.0003385517033733017   18    5   17   11
 -0.001385639275766751   18    5   17   12
 0.01235209421895281   18    5   17   13
 -0.00203011903566151   18    5   17   14
 0.0005271216102022597   18    5   17   15
 -0.002980090993834082   18    5   17   16
 -0.01506113833279229   18    5   17   17
 -0.003823439655193635   18    5   18    1
 0.004777607886352239   18    5   18    2
 -0.003561474443825387   18    5   18    3
 -0.00036362405425047   18    5   18    4
 0.02132130536816272   18    5   18    5
 -0.03780862815603458   18    6    1    1
 0.0001584802009352377   18    6    2    1
 -0.01462005186182036   18    6    2    2
 0.0007886925408373386   18    6    3    1
 0.003020189398128164   18    6    3    2
 -0.004586844683591746   18    6    3    3
 0.0001463151309944458   18    6    4    1
 -0.003991898085523311   18    6    4    2
 -0.003361429123229419   18    6    4    3
 -0.0100788636210893   18    6    4    4
 0.0006939113967471302   18    6    5    1
 -0.0009909767890153242   18    6    5    2
 0.005669091712112724   18    6    5    3
 -0.001883224487436573   18    6    5    4
 -0.01876880863348201   18    6    5    5
 -0.0003952405022657529   18    6    6    1
 0.004598251344397683   18    6    6    2
 0.01064708259547636   18    6    6    3
 -0.009224123246965581   18    6    6    4
 0.00426373660900338   18    6    6    5
 0.00460176312033217   18    6    6    6
 0.0005464783909603548   18    6    7    1
 0.0009399638345313176   18    6    7    2
 0.002145535352096822   18    6    7    3
 -0.001258605873236861   18    6    7    4
 -0.002078475524049321   18    6    7    5
 -0.002216355815860597   18    6    7    6
 0.003697841316607759   18    6    7    7
 -0.002181303352318135   18    6    8    1
 -0.001096161385088749   18    6    8    2
 -0.01370880562728306   18    6    8    3
 -0.002334537845320244   18    6    8    4
 0.006511012216632049   18    6    8    5
 0.006789014815229541   18    6    8    6
 -0.0008442154647081157   18    6    8    7
 -0.01738089486344662   18    6    8    8
 -0.001153019057263193   18    6    9    1
 0.0009540587478179719   18    6    9    2
 -0.008585030757698649   18    6    9    3
 -0.001870801579330173   18    6    9    4
 0.00362650694302099   18    6    9    5
 0.004025535687470919   18    6    9    6
 0.01038775478674442   18    6    9    7
 -0.006209021735802229   18    6    9    8
 -0.008347554024257547   18    6    9    9
 -0.00281712103850923   18    6   10    1
 -0.003274354148956071   18    6   10    2
 -0.007558463738638175   18    6   10    3
 0.002666887185310521   18    6   10    4
 -0.001829017154910935   18    6   10    5
 -0.005769821471527203   18    6   10    6
 0.002161214073829405   18    6   10    7
 -0.003383017117951386   18    6   10    8
 -0.001005655191252444   18    6   10    9
 -0.01395951706945371   18    6   10   10
 2.742893145663489e-05   18    6   11    1
 -0.0005532765959246848   18    6   11    2
 0.0003433964280107259   18    6   11    3
 -0.0007157554691307523   18    6   11    4
 5.86362676345103e-05   18    6   11    5
 0.000385498271060627   18    6   11    6
 -0.003890562523128424   18    6   11    7
 -0.004774386378317746   18    6   11    8
 0.005632666034225503   18    6   11    9
 -0.0001197815065445692   18    6   11   10
 -0.01965479886807667   18    6   11   11
 0.0001968103611348702   18    6   12    1
 3.50259948514153e-05   18    6   12    2
 0.000108522210595437   18    6   12    3
 0.0003330736038548458   18    6   12    4
 -0.0003532094879112699   18    6   12    5
 -0.0001122959182779158   18    6   12    6
 0.007616811864229268   18    6   12    7
 0.009021912327129763   18    6   12    8
 -0.009233820409146087   18    6   12    9
 -0.001369310425224847   18    6   12   10
 -0.004648025991694778   18    6   12   11
 -0.003484187675416717   18    6   12   12
 0.0004926674862564978   18    6   13    1
 -0.0004009418394830568   18    6   13    2
 0.004773651315663544   18    6   13    3
 0.007872514810247816   18    6   13    4
 0.001802042594154253   18    6   13    5
 -0.0001963422914312886   18    6   13    6
 0.001544069271722738   18    6   13    7
 -0.002561203235018833   18    6   13    8
 -0.00148825290301142   18    6   13    9
 0.006486629701050638   18    6   13   10
 -0.0003018403003812011   18    6   13   11
 -0.0004393378218099632   18    6   13   12
 0.003266889660373444   18    6   13   13
 -0.0004740725162838712   18    6   14    1
 0.003192764608020775   18    6   14    2
 -0.001110380140695331   18    6   14    3
 -0.0002456434665111852   18    6   14    4
 -0.001011005500234752   18    6   14    5
 0.001023595033755702   18    6   14    6
 -5.113682909730942e-05   18    6   14    7
 0.0006199319133379528   18    6   14    8
 0.0005552918448153305   18    6   14    9
 0.0003157046899626779   18    6   14   10
 0.0001949138303438158   18    6   14   11
 0.0002524413172662413   18    6   14   12
 0.001138316491663825   18    6   14   13
 -0.005361185461383452   18    6   14   14
 -0.0006010722213054456   18    6   15    1
 0.002641691879622787   18    6   15    2
 0.00543839809557792   18    6   15    3
 -0.006595063560089245   18    6   15    4
 0.0002901010437350189   18    6   15    5
 0.004902978858680065   18    6   15    6
 0.001345790270340628   18    6   15    7
 -0.004865546944567348   18    6   15    8
 -0.005180929187841169   18    6   15    9
 0.007096721387181881   18    6   15   10
 -0.0008025986740353642   18    6   15   11
 -0.0006369966230602539   18    6   15   12
 0.007107933633497189   18    6   15   13
 -0.004377287897293353   18    6   15   14
 -0.000672988107898255   18    6   15   15
 0.001087301536204269   18    6   16    1
 -0.002551940131034483   18    6   16    2
 -0.0007953371500757663   18    6   16    3
 0.006040457008350194   18    6   16    4
 -0.0006893529987670275   18    6   16    5
 -0.003177517754873376   18    6   16    6
 -0.0007599222682478951   18    6   16    7
 0.008140246627754375   18    6   16    8
 0.006095628626771746   18    6   16    9
 -0.005595414955834685   18    6   16   10
 -0.0002103046072268562   18    6   16   11
 0.0001509253965793475   18    6   16   12
 -0.0100882521643371   18    6   16   13
 0.003921699159243873   18    6   16   14
 -0.003631996729317822   18    6   16   15
 -0.003756749676056801   18    6   16   16
 0.0009157810125907541   18    6   17    1
 -0.002586680800956958   18    6   17    2
 0.008609269610796114   18    6   17    3
 -0.005495739406416848   18    6   17    4
 -0.004335422229550165   18    6   17    5
 0.01165294501440399   18    6   17    6
 0.0003518269421036212   18    6   17    7
 -0.003960120118944239   18    6   17    8
 -0.0016151037148239   18    6   17    9
 -0.0001296834998920118   18    6   17   10
 0.0005374212430168894   18    6   17   11
 -0.001274008929033637   18    6   17   12
 0.005744529511030813   18    6   17   13
 0.002058442912533522   18    6   17   14
 0.007368530440004867   18    6   17   15
 -0.007630409367389289   18    6   17   16
 -0.008726590914154189   18    6   17   17
 -0.002508560426150752   18    6   18    1
 0.0009702536606915783   18    6   18    2
 0.005094250379238717   18    6   18    3
 -0.001550792231205844   18    6   18    4
 0.006118225111044556   18    6   18    5
 0.01880415740993113   18    6   18    6
 -0.03697083593222252   18    7    1    1
 4.604812616810243e-05   18    7    2    1
 0.01197481746482358   18    7    2    2
 0.0007227859054086854   18    7    3    1
 -3.278675366467801e-05   18    7    3    2
 -0.00831788354769135   18    7    3    3
 -2.102420559793213e-05   18    7    4    1
 -0.004394642273368788   18    7    4    2
 -0.001317780371055767   18    7    4    3
 0.005181012334964689   18    7    4    4
 -0.0002451346232628427   18    7    5    1
 0.005902717530941261   18    7    5    2
 0.006796715861082851   18    7    5    3
 -0.002251754085842736   18    7    5    4
 0.006260652321777894   18    7    5    5
 0.0001534654033829411   18    7    6    1
 -0.00101198133579148   18    7    6    2
 0.005293008147457599   18    7    6    3
 -0.003244125128342001   18    7    6    4
 -0.002864417951623229   18    7    6    5
 0.00485667369266882   18    7    6    6
 -0.0005302936002668838   18    7    7    1
 0.0009823670394540544   18    7    7    2
 0.002399461737224743   18    7    7    3
 -0.0001288453554690246   18    7    7    4
 3.291349207194249e-05   18    7    7    5
 0.0006223872154592374   18    7    7    6
 0.004999664843880523   18    7    7    7
 -0.0005200545760489649   18    7    8    1
 0.00492990883588314   18    7    8    2
 -0.005479792706246725   18    7    8    3
 -0.004512419526237026   18    7    8    4
 0.00870202886715305   18    7    8    5
 0.006040925449797559   18    7    8    6
 0.001113974416151204   18    7    8    7
 -0.006704930025995935   18    7    8    8
 0.0005827300214985736   18    7    9    1
 -0.001036643842104281   18    7    9    2
 -0.004841679219637031   18    7    9    3
 -0.001727625419903641   18    7    9    4
 0.00309075484193664   18    7    9    5
 0.003850474670890401   18    7    9    6
 -0.001092282587260939   18    7    9    7
 -0.004762288000319317   18    7    9    8
 0.002218227657478535   18    7    9    9
 0.0006142005387608002   18    7   10    1
 4.011088719425091e-05   18    7   10    2
 0.002216059612700546   18    7   10    3
 0.003660415609330374   18    7   10    4
 0.0009872166629922964   18    7   10    5
 -0.008828867167594696   18    7   10    6
 0.001024995062077491   18    7   10    7
 -0.002652051786627654   18    7   10    8
 -0.001632717438823092   18    7   10    9
 -0.01283822488011988   18    7   10   10
 0.001519440725287765   18    7   11    1
 0.00130113256059693   18    7   11    2
 0.001465781599153452   18    7   11    3
 -4.425212444456467e-05   18    7   11    4
 -0.002144892331684121   18    7   11    5
 -0.001660484749274615   18    7   11    6
 0.001990897857663613   18    7   11    7
 0.002862002178884427   18    7   11    8
 -0.002786908420538862   18    7   11    9
 -8.280918037647821e-05   18    7   11   10
 -0.006342322823502475   18    7   11   11
 0.001353532007771198   18    7   12    1
 0.002277829923144199   18    7   12    2
 0.008031271264476281   18    7   12    3
 -0.001203253080517666   18    7   12    4
 0.002659138180489018   18    7   12    5
 0.002077358681839992   18    7   12    6
 0.009255526256268458   18    7   12    7
 0.003748954990042156   18    7   12    8
 -0.009076041091864466   18    7   12    9
 -0.0004163539171563977   18    7   12   10
 -0.01020045602683687   18    7   12   11
 0.006200526896857747   18    7   12   12
 -2.072146463800628e-05   18    7   13    1
 0.003109223119066849   18    7   13    2
 0.0005021170454471161   18    7   13    3
 -0.004791480571082225   18    7   13    4
 0.00342736696021528   18    7   13    5
 0.00426922523774396   18    7   13    6
 -0.001887009418468495   18    7   13    7
 0.005347688200198752   18    7   13    8
 0.0004164341347163222   18    7   13    9
 0.000462837555863282   18    7   13   10
 1.997126776772237e-06   18    7   13   11
 0.0005480450557916777   18    7   13   12
 0.008921354781127105   18    7   13   13
 -0.0001429855255633621   18    7   14    1
 0.0003944846529684386   18    7   14    2
 0.002330276256533807   18    7   14    3
 0.0007845424219084613   18    7   14    4
 0.0003365244084031777   18    7   14    5
 -0.001481241665751575   18    7   14    6
 0.00107990994296041   18    7   14    7
 -0.001612031873785075   18    7   14    8
 -0.001953165855218948   18    7   14    9
 -0.001097643286516044   18    7   14   10
 -0.002057375486131377   18    7   14   11
 0.001407991541657376   18    7   14   12
 -0.00313961633466611   18    7   14   13
 3.493565349157653e-05   18    7   14   14
 -0.0001916156059406285   18    7   15    1
 0.0002725733034739313   18    7   15    2
 0.006299184563894616   18    7   15    3
 -0.001528938082910499   18    7   15    4
 0.002512790811635602   18    7   15    5
 0.003397763629849411   18    7   15    6
 0.001970376709804612   18    7   15    7
 -0.000250266705848813   18    7   15    8
 -0.006991858455724199   18    7   15    9
 0.0006040089160647022   18    7   15   10
 -0.005446658561016352   18    7   15   11
 0.00346860029067101   18    7   15   12
 0.003164472723534555   18    7   15   13
 -0.00011820609230855   18    7   15   14
 0.001791617808766708   18    7   15   15
 0.0003113188778162237   18    7   16    1
 -0.00347653232157925   18    7   16    2
 -0.001533402703133144   18    7   16    3
 0.002603945084040914   18    7   16    4
 -0.002844887415255637   18    7   16    5
 -0.004378649093096546   18    7   16    6
 -0.001057505756204073   18    7   16    7
 0.002435755261555616   18    7   16    8
 0.003184322762483366   18    7   16    9
 0.000617816798036445   18    7   16   10
 0.002883617112642121   18    7   16   11
 -0.002819015189280947   18    7   16   12
 -0.004332280767426052   18    7   16   13
 0.0006578251625753782   18    7   16   14
 -0.002655188657245123   18    7   16   15
 0.002418452386261708   18    7   16   16
 -0.0001816885399682343   18    7   17    1
 -0.005117955674381404   18    7   17    2
 -0.001490442129054317   18    7   17    3
 0.00147728937476962   18    7   17    4
 -0.006624602878572931   18    7   17    5
 0.005338553321410887   18    7   17    6
 -0.001074761211257169   18    7   17    7
 -0.0003296251127623104   18    7   17    8
 0.0003809944024268874   18    7   17    9
 0.003955920796107805   18    7   17   10
 0.001843673812770085   18    7   17   11
 -0.001877498233963906   18    7   17   12
 -0.002799141814918049   18    7   17   13
 -0.002819637579741689   18    7   17   14
 -0.0006084451759220524   18    7   17   15
 0.0005801165383528848   18    7   17   16
 0.01413354195535158   18    7   17   17
 -0.0006924604326187822   18    7   18    1
 -0.001852626851166126   18    7   18    2
 0.008782018906190526   18    7   18    3
 0.002959457375096016   18    7   18    4
 0.0004893209417311147   18    7   18    5
 0.001337127560102451   18    7   18    6
 0.01043777624183799   18    7   18    7
 0.1731551862243755   18    8    1    1
 -0.0002592086765146336   18    8    2    1
 -0.05351483744352589   18    8    2    2
 -0.003393970974073944   18    8    3    1
 0.0008303097176014944   18    8    3    2
 0.04000536809043712   18    8    3    3
 0.0001182662249289062   18    8    4    1
 0.006160497360070644   18    8    4    2
 0.005496102818670768   18    8    4    3
 -0.03437397846532245   18    8    4    4
 0.0005266865830889699   18    8    5    1
 -0.01824173552651211   18    8    5    2
 -0.03427315407644459   18    8    5    3
 0.001400386810011986   18    8    5    4
 -0.02717011040668763   18    8    5    5
 -0.000484797377791543   18    8    6    1
 0.005638266697598504   18    8    6    2
 -0.02261322927631338   18    8    6    3
 0.002352644294746938   18    8    6    4
 0.01703619680988015   18    8    6    5
 -0.01911240242388609   18    8    6    6
 -0.0007647583765624942   18    8    7    1
 0.009149292054291245   18    8    7    2
 -0.005651404015248484   18    8    7    3
 -0.005082389084116604   18    8    7    4
 0.009961637299996858   18    8    7    5
 0.005541952771132566   18    8    7    6
 -0.01742174169751303   18    8    7    7
 0.0005902843369798292   18    8    8    1
 -0.007735451994781916   18    8    8    2
 0.03260053453990305   18    8    8    3
 0.01024455520740407   18    8    8    4
 -0.031228466806072   18    8    8    5
 -0.02417448573926958   18    8    8    6
 -0.01554223160716534   18    8    8    7
 0.02387398949594369   18    8    8    8
 0.001335514864448077   18    8    9    1
 -0.004951658703414306   18    8    9    2
 0.02130623557752832   18    8    9    3
 0.006578413231427702   18    8    9    4
 -0.02281587659593694   18    8    9    5
 -0.01767240100625119   18    8    9    6
 0.001627660426053326   18    8    9    7
 0.03038345809831316   18    8    9    8
 0.003500525309296545   18    8    9    9
 -0.0009785568407078423   18    8   10    1
 -0.003711556729259101   18    8   10    2
 -0.003741521497960146   18    8   10    3
 -0.0135956882963893   18    8   10    4
 -0.009626736502193986   18    8   10    5
 0.03957758897165947   18    8   10    6
 -0.006160711559643799   18    8   10    7
 0.01209402719562559   18    8   10    8
 0.00229950141148305   18    8   10    9
 0.06133102692585527   18    8   10   10
 0.001603255136617307   18    8   11    1
 0.0015163112155169   18    8   11    2
 0.002422160469441443   18    8   11    3
 0.000663874645277191   18    8   11    4
 -0.004320726227681764   18    8   11    5
 -0.002932830629949543   18    8   11    6
 -0.01750469983288833   18    8   11    7
 -0.01672816221455493   18    8   11    8
 0.02449458605319748   18    8   11    9
 0.00156206970803093   18    8   11   10
 0.01879599905828123   18    8   11   11
 0.001136082446314786   18    8   12    1
 0.002599627413398405   18    8   12    2
 0.00911053744411792   18    8   12    3
 0.0006230020007447214   18    8   12    4
 0.002782974869051858   18    8   12    5
 0.003246061191332602   18    8   12    6
 -0.03078808025636361   18    8   12    7
 -0.03086012567654832   18    8   12    8
 0.02509685502537137   18    8   12    9
 0.0003134599233618624   18    8   12   10
 0.05621615494126524   18    8   12   11
 -0.02209146025227709   18    8   12   12
 3.409217118820637e-05   18    8   13    1
 -0.007392269347805219   18    8   13    2
 0.000191884416387724   18    8   13    3
 0.01991382038492762   18    8   13    4
 0.0002626639164140346   18    8   13    5
 -0.01339772124258318   18    8   13    6
 0.005657415463718066   18    8   13    7
 -0.01205406402234266   18    8   13    8
 -0.005281780341728669   18    8   13    9
 -0.00465525853778711   18    8   13   10
 0.001519273967422071   18    8   13   11
 0.001818721759593704   18    8   13   12
 -0.03716756472470038   18    8   13   13
 0.0007332936392979802   18    8   14    1
 0.001144554202468126   18    8   14    2
 -0.01214033077950676   18    8   14    3
 -0.003133934525874068   18    8   14    4
 -0.006290801885221021   18    8   14    5
 0.005643882085638352   18    8   14    6
 -0.002971165659745014   18    8   14    7
 0.01033771737791195   18    8   14    8
 0.003097455629573714   18    8   14    9
 0.004102358222125384   18    8   14   10
 -0.002891999287615505   18    8   14   11
 0.001032199626882384   18    8   14   12
 0.01156562927623153   18    8   14   13
 -0.002136781466407786   18    8   14   14
 0.002252097944800338   18    8   15    1
 -0.003573288879424098   18    8   15    2
 -0.02144860496977259   18    8   15    3
 0.001377613853706644   18    8   15    4
 -0.007404931160876091   18    8   15    5
 -0.01656627955937631   18    8   15    6
 -0.004833476413091075   18    8   15    7
 0.01448637426743148   18    8   15    8
 0.01134393909858657   18    8   15    9
 -0.005593248531535754   18    8   15   10
 0.003427673908932885   18    8   15   11
 0.001619632253496772   18    8   15   12
 -0.006557595011776899   18    8   15   13
 0.002241644874067081   18    8   15   14
 0.0006963677062372912   18    8   15   15
 -0.001283821419274117   18    8   16    1
 0.00158436177027111   18    8   16    2
 0.008484275913533582   18    8   16    3
 -0.00321560036582492   18    8   16    4
 0.0165918589017857   18    8   16    5
 0.01937387697071852   18    8   16    6
 0.0003017334661659193   18    8   16    7
 -0.01657524691032421   18    8   16    8
 -0.009507771876098092   18    8   16    9
 0.0008973064986743891   18    8   16   10
 0.004153491789330752   18    8   16   11
 -0.001223861760156692   18    8   16   12
 0.01207075317941176   18    8   16   13
 0.002490017528281377   18    8   16   14
 0.015495832326877   18    8   16   15
 -0.004754329410323558   18    8   16   16
 4.109583898400822e-05   18    8   17    1
 0.006899979205007698   18    8   17    2
 0.003752143092203255   18    8   17    3
 -0.00409907778259522   18    8   17    4
 0.01636207478705781   18    8   17    5
 -0.01932535946499011   18    8   17    6
 0.00162974785947343   18    8   17    7
 -0.006101637813567998   18    8   17    8
 -0.002336338402059227   18    8   17    9
 -0.02281054845873898   18    8   17   10
 -0.0007961912521044202   18    8   17   11
 -0.003554539551964056   18    8   17   12
 0.009272943082525456   18    8   17   13
 0.01324745004758144   18    8   17   14
 0.002191371536478981   18    8   17   15
 0.00138492435828176   18    8   17   16
 -0.06472657797894436   18    8   17   17
 0.003844330925803433   18    8   18    1
 -0.001452386143768186   18    8   18    2
 -0.03729450209251045   18    8   18    3
 -0.002294354747033187   18    8   18    4
 -0.003432331896072023   18    8   18    5
 -0.008791636136005677   18    8   18    6
 -0.009094711009238912   18    8   18    7
 0.06200924494808056   18    8   18    8
 0.1032418942172579   18    9    1    1
 -0.0001678103972310693   18    9    2    1
 -0.03693654980584218   18    9    2    2
 -0.002022241516629309   18    9    3    1
 0.0006588548829314953   18    9    3    2
 0.02252197362238173   18    9    3    3
 2.361846904807849e-06   18    9    4    1
 0.005353925681665945   18    9    4    2
 0.003411012016587162   18    9    4    3
 -0.02084690419288679   18    9    4    4
 0.000221408345369159   18    9    5    1
 -0.01128072720057238   18    9    5    2
 -0.02147685322328203   18    9    5    3
 0.001736924590238289   18    9    5    4
 -0.0189027927811356   18    9    5    5
 -0.0002021246871712949   18    9    6    1
 0.004423063746671561   18    9    6    2
 -0.01395359615003391   18    9    6    3
 0.00304086427486622   18    9    6    4
 0.01050919630234117   18    9    6    5
 -0.01433803396385789   18    9    6    6
 0.000435683197903431   18    9    7    1
 0.00312240801304583   18    9    7    2
 -0.003809290909733266   18    9    7    3
 -0.002386217094489403   18    9    7    4
 0.003916162152391974   18    9    7    5
 0.003274432934464798   18    9    7    6
 -0.01334878774441885   18    9    7    7
 0.001648697138535967   18    9    8    1
 -0.008507067700244239   18    9    8    2
 0.02181882793125983   18    9    8    3
 0.008146998547674865   18    9    8    4
 -0.02211018280042542   18    9    8    5
 -0.0158002772054168   18    9    8    6
 -0.007690591396343024   18    9    8    7
 0.0167375485603288   18    9    8    8
 -0.0001765401999762093   18    9    9    1
 0.001149894253601686   18    9    9    2
 0.0123555232885564   18    9    9    3
 0.00295805551963538   18    9    9    4
 -0.01248979419018394   18    9    9    5
 -0.01083295355270546   18    9    9    6
 0.002444809204895568   18    9    9    7
 0.01926283863521874   18    9    9    8
 -0.002508370387870631   18    9    9    9
 -0.000133149061638756   18    9   10    1
 -0.002528302833855282   18    9   10    2
 -0.000549561129558843   18    9   10    3
 -0.008724985047635655   18    9   10    4
 -0.006240909262982493   18    9   10    5
 0.02494359535429767   18    9   10    6
 -0.004758773740454431   18    9   10    7
 0.007334026462796525   18    9   10    8
 0.001681989028548559   18    9   10    9
 0.03555317123737795   18    9   10   10
 -0.001928433949021229   18    9   11    1
 -0.002017757005232441   18    9   11    2
 -0.004227969826853212   18    9   11    3
 0.0009593556801347013   18    9   11    4
 0.002056963364651685   18    9   11    5
 0.001146224355329708   18    9   11    6
 -0.01069579418112402   18    9   11    7
 -0.01139483256742085   18    9   11    8
 0.01557115565289115   18    9   11    9
 0.0005610021033823705   18    9   11   10
 0.008995084115071907   18    9   11   11
 -0.001851581250058381   18    9   12    1
 -0.0009176484563716104   18    9   12    2
 -0.007822211084083366   18    9   12    3
 0.0007133064773258772   18    9   12    4
 -0.00163536598647942   18    9   12    5
 0.0001297568378799086   18    9   12    6
 -0.01924499221042115   18    9   12    7
 -0.01435558898722818   18    9   12    8
 0.01724964018255007   18    9   12    9
 0.000390870040970651   18    9   12   10
 0.03428080370528142   18    9   12   11
 -0.01520163332821166   18    9   12   12
 -0.0001331105831721376   18    9   13    1
 -0.006205873415613144   18    9   13    2
 -0.000437940202054029   18    9   13    3
 0.01307614602917163   18    9   13    4
 0.000648736824442857   18    9   13    5
 -0.007009631240156462   18    9   13    6
 0.001470059829761864   18    9   13    7
 -0.007578627180857081   18    9   13    8
 -0.001743340468178416   18    9   13    9
 -0.003665380941322422   18    9   13   10
 -0.0002249669849835351   18    9   13   11
 0.0007193780410300522   18    9   13   12
 -0.02560133606568858   18    9   13   13
 0.0005239485425809879   18    9   14    1
 0.00158125798588995   18    9   14    2
 -0.007062366361758328   18    9   14    3
 -0.001975590719520445   18    9   14    4
 -0.004343496041798275   18    9   14    5
 0.003014853897701611   18    9   14    6
 -0.003443046667293519   18    9   14    7
 0.005633150559373619   18    9   14    8
 0.00196884876550187   18    9   14    9
 0.002449980057583615   18    9   14   10
 0.002087022043661153   18    9   14   11
 -0.001072655796903026   18    9   14   12
 0.007917620200941925   18    9   14   13
 -0.00136414790713715   18    9   14   14
 0.0009415828573283618   18    9   15    1
 -0.00274334461397745   18    9   15    2
 -0.01483707891232807   18    9   15    3
 0.0007089147220405966   18    9   15    4
 -0.004919473840208025   18    9   15    5
 -0.01144079675906632   18    9   15    6
 -0.00841835628068331   18    9   15    7
 0.007485206278188552   18    9   15    8
 0.008651031253336286   18    9   15    9
 -0.00372489454428862   18    9   15   10
 0.008605581082553042   18    9   15   11
 -0.002187028247868681   18    9   15   12
 -0.005148932913065162   18    9   15   13
 0.001568272167912594   18    9   15   14
 0.0006649292594442915   18    9   15   15
 -0.001104130691751381   18    9   16    1
 -0.001983231235260204   18    9   16    2
 0.005049099539432293   18    9   16    3
 -0.001534664272062821   18    9   16    4
 0.01184706720833885   18    9   16    5
 0.01278028627984027   18    9   16    6
 0.001602166972620197   18    9   16    7
 -0.009132827639148083   18    9   16    8
 -0.00634525111099395   18    9   16    9
 0.001155278566405824   18    9   16   10
 -0.002925554949192114   18    9   16   11
 0.001714304589445981   18    9   16   12
 0.008974260397221689   18    9   16   13
 0.003002669214000066   18    9   16   14
 0.0128809451744851   18    9   16   15
 -0.003832162977511879   18    9   16   16
 -5.207674954498982e-05   18    9   17    1
 0.003132920469214992   18    9   17    2
 0.002335505162541285   18    9   17    3
 -0.002697195251676308   18    9   17    4
 0.0103905747882292   18    9   17    5
 -0.01139602912114538   18    9   17    6
 0.001694335104846065   18    9   17    7
 -0.00286113095682091   18    9   17    8
 -0.002398784475302422   18    9   17    9
 -0.01439236094398716   18    9   17   10
 -0.002798535563833254   18    9   17   11
 0.0009855767667501338   18    9   17   12
 0.005488542681519029   18    9   17   13
 0.008870519172607321   18    9   17   14
 0.002644457691840818   18    9   17   15
 6.156162515514583e-05   18    9   17   16
 -0.04288707756129576   18    9   17   17
 0.002682808660768073   18    9   18    1
 -0.001640309124038067   18    9   18    2
 -0.02151230535703542   18    9   18    3
 -0.0004194561101438004   18    9   18    4
 -0.001794725352947688   18    9   18    5
 -0.006079685193161768   18    9   18    6
 -0.0124871057631129   18    9   18    7
 0.0311122953576774   18    9   18    8
 0.02820193251132607   18    9   18    9
 0.01022167472748081   18   10    1    1
 3.969350951998767e-05   18   10    2    1
 0.01517871934331666   18   10    2    2
 -0.0001578669189821144   18   10    3    1
 0.0003413235490813165   18   10    3    2
 0.00827267379746289   18   10    3    3
 0.0007879666371296793   18   10    4    1
 -0.001092655848710937   18   10    4    2
 0.004789146371135952   18   10    4    3
 0.005579474399966804   18   10    4    4
 0.0009850380347765427   18   10    5    1
 0.002263082005510945   18   10    5    2
 0.005997806610983743   18   10    5    3
 -0.001686116787533526   18   10    5    4
 0.01099573484493299   18   10    5    5
 -0.003080182428213888   18   10    6    1
 -0.003968077517438392   18   10    6    2
 -0.01513105731668589   18   10    6    3
 0.0004347535093014642   18   10    6    4
 -0.001042784632022407   18   10    6    5
 0.005426019278812886   18   10    6    6
 0.0006873494991521526   18   10    7    1
 -0.00166666155659223   18   10    7    2
 0.003519772820576773   18   10    7    3
 0.001555348097878351   18   10    7    4
 -0.0003385872759280721   18   10    7    5
 -0.0006052671818621262   18   10    7    6
 0.0004485062570714822   18   10    7    7
 -0.001416120288454547   18   10    8    1
 0.0001866141895882012   18   10    8    2
 -0.007475888359143586   18   10    8    3
 -0.002208608547328494   18   10    8    4
 0.001304744579353156   18   10    8    5
 0.001429387441483248   18   10    8    6
 0.002841779494911984   18   10    8    7
 0.008770877800031038   18   10    8    8
 -0.0003860291967867687   18   10    9    1
 -0.0009903769588866349   18   10    9    2
 -0.002173871136614381   18   10    9    3
 -0.0002987756772830764   18   10    9    4
 0.000935381339724179   18   10    9    5
 0.0004993930950877658   18   10    9    6
 -0.008208201092060342   18   10    9    7
 0.0004173313539216623   18   10    9    8
 0.004311640594708002   18   10    9    9
 -0.009221975727037139   18   10   10    1
 -0.001292340365611657   18   10   10    2
 -0.03327650103777614   18   10   10    3
 -0.002023027506436157   18   10   10    4
 0.009026483681325937   18   10   10    5
 0.003960181342258058   18   10   10    6
 -0.001919587495327459   18   10   10    7
 0.003676698848589192   18   10   10    8
 0.001048158486520862   18   10   10    9
 0.006503118767130156   18   10   10   10
 -0.0001009807440791161   18   10   11    1
 -0.0001126627525391405   18   10   11    2
 -0.0002621548415502756   18   10   11    3
 8.842760594106979e-05   18   10   11    4
 8.814131535241536e-05   18   10   11    5
 -3.917300278315545e-05   18   10   11    6
 0.0003338878213673771   18   10   11    7
 0.001233242757483038   18   10   11    8
 -0.001653580822145496   18   10   11    9
 -0.0001026148773967735   18   10   11   10
 0.009151988434541349   18   10   11   11
 -0.0001036858409065828   18   10   12    1
 -0.0001199855069135286   18   10   12    2
 -0.0003876859124539228   18   10   12    3
 8.381270372832365e-05   18   10   12    4
 -0.0002093458843319586   18   10   12    5
 -0.001075136245858365   18   10   12    6
 0.002858865648236274   18   10   12    7
 0.0006764855449199891   18   10   12    8
 -0.0002800404280314158   18   10   12    9
 -0.0009159285775670128   18   10   12   10
 -0.002017875927571646   18   10   12   11
 0.01129928552871204   18   10   12   12
 0.001249154656353234   18   10   13    1
 0.002922306865617128   18   10   13    2
 0.002413135390044293   18   10   13    3
 -0.005330887897947457   18   10   13    4
 0.001852382179616542   18   10   13    5
 0.004201451038475941   18   10   13    6
 -0.00177635327692851   18   10   13    7
 0.004834958344770195   18   10   13    8
 0.002480986547389008   18   10   13    9
 -0.004104980237197079   18   10   13   10
 0.000206386159634283   18   10   13   11
 0.0004352036712231007   18   10   13   12
 0.002723760611342365   18   10   13   13
 -0.000432333232799517   18   10   14    1
 -0.0008183812214765915   18   10   14    2
 1.435454601774836e-05   18   10   14    3
 0.0004212859712261382   18   10   14    4
 3.210544527120828e-05   18   10   14    5
 0.001009613129022927   18   10   14    6
 7.797879630416085e-06   18   10   14    7
 -0.001912713652911199   18   10   14    8
 -0.001507026652819769   18   10   14    9
 0.00522409367701326   18   10   14   10
 7.797205436859606e-05   18   10   14   11
 -0.0002279386845870217   18   10   14   12
 -0.003721467432180352   18   10   14   13
 0.002861397992052075   18   10   14   14
 0.00117708621742257   18   10   15    1
 -0.0001442526657430875   18   10   15    2
 0.003252665942970313   18   10   15    3
 -0.001280747233229463   18   10   15    4
 -0.0006035282449047631   18   10   15    5
 0.006499951733801773   18   10   15    6
 -0.0007003229185813529   18   10   15    7
 0.001358605509198939   18   10   15    8
 0.0005827516920998931   18   10   15    9
 0.008651473165819755   18   10   15   10
 0.0003914697566229941   18   10   15   11
 0.001595274280010535   18   10   15   12
 -0.003226997307055386   18   10   15   13
 0.001395099788565266   18   10   15   14
 -0.002958708622817056   18   10   15   15
 -3.1396778673596e-05   18   10   16    1
 0.0004582242433690531   18   10   16    2
 0.0005287175236573065   18   10   16    3
 0.002069931756532576   18   10   16    4
 -0.0001782516961040819   18   10   16    5
 -0.006040001150038405   18   10   16    6
 0.001489464709261662   18   10   16    7
 -0.003702198236925155   18   10   16    8
 -0.001557869986203178   18   10   16    9
 -0.003823216296120926   18   10   16   10
 0.0002442877396563485   18   10   16   11
 0.000441425495162185   18   10   16   12
 0.002761943079792474   18   10   16   13
 -0.004334207408289277   18   10   16   14
 -0.003274842224680381   18   10   16   15
 0.001064518421936589   18   10   16   16
 0.002515475592960092   18   10   17    1
 -0.0008591961121092937   18   10   17    2
 0.002979938873328168   18   10   17    3
 0.0008829667827556159   18   10   17    4
 -0.005032651122888222   18   10   17    5
 -0.001565476248771773   18   10   17    6
 -0.0003790026153872043   18   10   17    7
 0.00149610004019367   18   10   17    8
 0.0007875232621669449   18   10   17    9
 -0.0009969599253764629   18   10   17   10
 -4.269869842155033e-05   18   10   17   11
 0.000811536180107548   18   10   17   12
 -0.00119900643189051   18   10   17   13
 -0.005594530211910396   18   10   17   14
 -0.005827733664278888   18   10   17   15
 0.004650425095764636   18   10   17   16
 0.01462676999703218   18   10   17   17
 -0.0004351665637649032   18   10   18    1
 -0.0006914841839338289   18   10   18    2
 -0.000195861146775722   18   10   18    3
 0.0007282897130694178   18   10   18    4
 -0.001861529765846681   18   10   18    5
 0.00418978863051649   18   10   18    6
 -8.866436043320194e-05   18   10   18    7
 -0.001393692335426694   18   10   18    8
 -0.00187643960099334   18   10   18    9
 0.02310123449037375   18   10   18   10
 0.0004262165534083272   18   11    1    1
 6.970246614151576e-06   18   11    2    1
 -0.00188988094003283   18   11    2    2
 1.016240658428484e-05   18   11    3    1
 6.709330371322227e-05   18   11    3    2
 -0.000137663401625999   18   11    3    3
 -8.332690683780715e-05   18   11    4    1
 -0.00141084903214489   18   11    4    2
 -0.0002600901242256252   18   11    4    3
 -0.004847101516494944   18   11    4    4
 9.806467692423046e-05   18   11    5    1
 -0.000674899161625342   18   11    5    2
 -0.000153724044055143   18   11    5    3
 -0.0004473414124768311   18   11    5    4
 -0.002401505532863423   18   11    5    5
 4.393257303182514e-05   18   11    6    1
 -9.862572482042208e-05   18   11    6    2
 0.0004113330052096228   18   11    6    3
 -0.001690198633810905   18   11    6    4
 0.0006716821838378197   18   11    6    5
 -0.001370285587312305   18   11    6    6
 0.001729289347565239   18   11    7    1
 0.001587900944962048   18   11    7    2
 0.005114849959837959   18   11    7    3
 -0.0008194367485331109   18   11    7    4
 -0.00309654601295173   18   11    7    5
 -0.001599106897300159   18   11    7    6
 -0.0005073809579188176   18   11    7    7
 0.001690126587409252   18   11    8    1
 0.0008878211729761699   18   11    8    2
 0.005522853481386912   18   11    8    3
 -0.001205327981795032   18   11    8    4
 -0.003614044287644665   18   11    8    5
 -0.001876153063264614   18   11    8    6
 -0.00103841780091415   18   11    8    7
 -0.001040035674309056   18   11    8    8
 -0.002056869221644875   18   11    9    1
 -0.001745109919211241   18   11    9    2
 -0.006225493579514275   18   11    9    3
 0.0006221613741384769   18   11    9    4
 0.003071499824554776   18   11    9    5
 0.00143260868664524   18   11    9    6
 0.000983221652836953   18   11    9    7
 0.0009637709832199284   18   11    9    8
 -4.214969174242094e-05   18   11    9    9
 -6.834932327272962e-05   18   11   10    1
 -0.0003298630519924274   18   11   10    2
 -4.789471091143864e-05   18   11   10    3
 0.0001042997187088189   18   11   10    4
 -0.0005917098082210655   18   11   10    5
 0.0004432507345671309   18   11   10    6
 6.474406117081523e-05   18   11   10    7
 8.03831356280516e-05   18   11   10    8
 4.266230859781156e-05   18   11   10    9
 -0.0003837846975042436   18   11   10   10
 -0.005161123989991052   18   11   11    1
 0.001917020163743852   18   11   11    2
 -0.0180188695147761   18   11   11    3
 -0.002968883787328605   18   11   11    4
 0.002415345744207448   18   11   11    5
 0.0006674808030679525   18   11   11    6
 -0.001949381085650478   18   11   11    7
 -0.0004930815260673471   18   11   11    8
 0.001001227562510139   18   11   11    9
 0.0006016807571287302   18   11   11   10
 -0.002498557256242407   18   11   11   11
 -0.004523408858523172   18   11   12    1
 -0.003648183971773891   18   11   12    2
 -0.01546547025224232   18   11   12    3
 0.001288761628525875   18   11   12    4
 0.003060716885496429   18   11   12    5
 0.0008983032322786262   18   11   12    6
 0.0004359051903503913   18   11   12    7
 0.003107020130454532   18   11   12    8
 0.0002654274623614841   18   11   12    9
 0.0001720132600642557   18   11   12   10
 0.0003142219112288854   18   11   12   11
 -0.001873663343872163   18   11   12   12
 -0.0001231212123237008   18   11   13    1
 0.0002022404410428926   18   11   13    2
 -0.0002826345526718027   18   11   13    3
 0.000631191561696899   18   11   13    4
 0.0008069612796928866   18   11   13    5
 -0.0005904145491427826   18   11   13    6
 0.0007895916251465343   18   11   13    7
 0.0008195235736406705   18   11   13    8
 -0.001246177574669472   18   11   13    9
 0.0005192902323237441   18   11   13   10
 0.002110396464634034   18   11   13   11
 -0.001891829888898155   18   11   13   12
 -0.001749045381036675   18   11   13   13
 5.773253729651468e-05   18   11   14    1
 0.0004446000206021677   18   11   14    2
 1.418468544304014e-05   18   11   14    3
 7.613799365354984e-05   18   11   14    4
 -0.000671984800249673   18   11   14    5
 0.0001188357878943625   18   11   14    6
 -0.002280214540939876   18   11   14    7
 -0.001959555785770873   18   11   14    8
 0.002661282342125234   18   11   14    9
 8.9175469618051e-05   18   11   14   10
 0.001451914192693409   18   11   14   11
 0.002393293708903255   18   11   14   12
 0.0003399916900810714   18   11   14   13
 9.368174249043936e-05   18   11   14   14
 -0.0007907577392073651   18   11   15    1
 -0.0006966138877320872   18   11   15    2
 -0.002512492910283705   18   11   15    3
 7.760962093565597e-05   18   11   15    4
 0.0001019977585631515   18   11   15    5
 -1.968595078154304e-05   18   11   15    6
 -0.004217365667496312   18   11   15    7
 -0.003111443935939386   18   11   15    8
 0.00466724551467372   18   11   15    9
 0.0003542247169048537   18   11   15   10
 0.005655640762785608   18   11   15   11
 0.00345265793679542   18   11   15   12
 0.0005746491186471557   18   11   15   13
 0.0008796228509137928   18   11   15   14
 0.00226095691161698   18   11   15   15
 -0.0003417442726005428   18   11   16    1
 6.659033653789592e-05   18   11   16    2
 -0.001007557910955232   18   11   16    3
 0.0001421751387063657   18   11   16    4
 0.0009478711545668054   18   11   16    5
 0.0002665165137917386   18   11   16    6
 0.003242921815334069   18   11   16    7
 0.003357693021979572   18   11   16    8
 -0.003598236682345862   18   11   16    9
 0.000104429181405055   18   11   16   10
 -0.001566341700164122   18   11   16   11
 -0.002936470755519441   18   11   16   12
 -0.000627511383582995   18   11   16   13
 0.000981568797500945   18   11   16   14
 0.001692281489686002   18   11   16   15
 1.85381717715242e-05   18   11   16   16
 0.0001404356093268433   18   11   17    1
 -0.0004663564427321844   18   11   17    2
 0.0006397223896599249   18   11   17    3
 -0.0005722568985644418   18   11   17    4
 -0.0008027283366205177   18   11   17    5
 0.000583982588535467   18   11   17    6
 0.001057028321085649   18   11   17    7
 0.0004391466093341118   18   11   17    8
 -0.00142394236857386   18   11   17    9
 -0.000736609303235509   18   11   17   10
 0.0001141841549347687   18   11   17   11
 -8.916038779799069e-05   18   11   17   12
 0.001417266100571369   18   11   17   13
 0.0003828168861501386   18   11   17   14
 0.0001158678181543131   18   11   17   15
 0.0003035133864467743   18   11   17   16
 -0.002734368789550133   18   11   17   17
 0.0001386588582106137   18   11   18    1
 0.0001651425612717845   18   11   18    2
 0.0004288288437146611   18   11   18    3
 0.0007976600274194892   18   11   18    4
 -5.529190991181147e-05   18   11   18    5
 0.0001433803542390681   18   11   18    6
 -0.004925096749066248   18   11   18    7
 -0.003621775611501353   18   11   18    8
 0.005275969856381806   18   11   18    9
 0.0001405871421005794   18   11   18   10
 0.01553839781643589   18   11   18   11
 -0.03006613280880033   18   12    1    1
 4.332247383731599e-06   18   12    2    1
 0.00259657923592421   18   12    2    2
 0.0004254660145753594   18   12    3    1
 -0.001823732936424476   18   12    3    2
 -0.01664478440117141   18   12    3    3
 -2.320098552027229e-05   18   12    4    1
 -0.0008870656759980109   18   12    4    2
 -0.001267647995601168   18   12    4    3
 0.00281227698941989   18   12    4    4
 -0.0002032316389448881   18   12    5    1
 0.0001649519967757948   18   12    5    2
 0.00366572522201347   18   12    5    3
 -0.000854208653545913   18   12    5    4
 -0.001024163608832599   18   12    5    5
 -0.00022719788601881   18   12    6    1
 0.0001138435359079664   18   12    6    2
 0.0008787148070575326   18   12    6    3
 0.001499287494286383   18   12    6    4
 -0.0008400671889314576   18   12    6    5
 -0.002976682046819716   18   12    6    6
 0.001561506935769119   18   12    7    1
 0.003753048560791891   18   12    7    2
 0.01475496057710357   18   12    7    3
 0.0003536464353521152   18   12    7    4
 0.00219057617527677   18   12    7    5
 0.002502481919362691   18   12    7    6
 0.002627724982625587   18   12    7    7
 0.002154630395873859   18   12    8    1
 0.005222492737487993   18   12    8    2
 0.01501283428187406   18   12    8    3
 -5.591023265451237e-05   18   12    8    4
 0.006846926320910864   18   12    8    5
 0.004811292172542309   18   12    8    6
 -0.003909456629476155   18   12    8    7
 -0.01691922490273456   18   12    8    8
 -0.001646192968798998   18   12    9    1
 -0.00252860317742589   18   12    9    2
 -0.01452189548048481   18   12    9    3
 -0.001583783597057847   18   12    9    4
 5.10959079076585e-06   18   12    9    5
 0.001308644831534971   18   12    9    6
 6.946851422772933e-05   18   12    9    7
 -0.002068627651157862   18   12    9    8
 0.001700824494482234   18   12    9    9
 -0.0001216949324518515   18   12   10    1
 -7.629038178770142e-06   18   12   10    2
 -0.0005621705709125063   18   12   10    3
 0.0018652226725483   18   12   10    4
 0.001313050742348696   18   12   10    5
 -0.006654036635451019   18   12   10    6
 0.001146626151207757   18   12   10    7
 -0.001660637514275289   18   12   10    8
 -0.000418249902634194   18   12   10    9
 -0.01335286788452133   18   12   10   10
 -0.005018773823312037   18   12   11    1
 -0.003840478880292999   18   12   11    2
 -0.02658124158136026   18   12   11    3
 0.002688778999484403   18   12   11    4
 0.004467837226374653   18   12   11    5
 -0.0001244148452178333   18   12   11    6
 0.003633302371583216   18   12   11    7
 0.009575238643715827   18   12   11    8
 -0.002031616459735115   18   12   11    9
 0.0002306633268027221   18   12   11   10
 -0.007307037209514009   18   12   11   11
 -0.004496714107348795   18   12   12    1
 0.005684879195012485   18   12   12    2
 -0.004178836333188297   18   12   12    3
 -0.004311248513869832   18   12   12    4
 0.0105912232665396   18   12   12    5
 0.006318009256130732   18   12   12    6
 0.001186084142737296   18   12   12    7
 -0.006290087696926456   18   12   12    8
 -0.006230639544583101   18   12   12    9
 8.736562628672119e-05   18   12   12   10
 -0.007154251879209987   18   12   12   11
 -0.01057341050099409   18   12   12   12
 -0.0001470247754085252   18   12   13    1
 0.001283538916466305   18   12   13    2
 0.0001521057703025618   18   12   13    3
 -0.0003216140863005493   18   12   13    4
 0.0006459671229701281   18   12   13    5
 -0.0005428842155468675   18   12   13    6
 0.0002356351727667677   18   12   13    7
 0.0003098753777139993   18   12   13    8
 -0.0001772108836929879   18   12   13    9
 0.002019155059632026   18   12   13   10
 -0.003063473267981956   18   12   13   11
 0.002678595394894163   18   12   13   12
 0.002376492324350414   18   12   13   13
 3.397518795674584e-05   18   12   14    1
 -0.0008040792641523521   18   12   14    2
 0.001230127758937304   18   12   14    3
 -0.0002349358852565363   18   12   14    4
 -0.0009338484053656191   18   12   14    5
 0.0002356487521439692   18   12   14    6
 0.001585206528455371   18   12   14    7
 0.001177848144164998   18   12   14    8
 -0.0006378570118293753   18   12   14    9
 -0.0007192856090371194   18   12   14   10
 0.002507844810893404   18   12   14   11
 0.005859572635673525   18   12   14   12
 -0.0005179835681933369   18   12   14   13
 -0.0009498927924373706   18   12   14   14
 -0.0007470690826459004   18   12   15    1
 0.000302838875657946   18   12   15    2
 0.00126202601927484   18   12   15    3
 -2.906470172001478e-05   18   12   15    4
 0.0001791207835931241   18   12   15    5
 0.0007002527241341118   18   12   15    6
 0.003622004881545334   18   12   15    7
 0.0009814931489430286   18   12   15    8
 -0.003124171657200174   18   12   15    9
 0.002172216458899402   18   12   15   10
 0.002773694246816361   18   12   15   11
 0.01298570228908747   18   12   15   12
 0.00141202193562548   18   12   15   13
 0.001011216729071866   18   12   15   14
 0.00345566224580446   18   12   15   15
 -0.0005321191036452304   18   12   16    1
 -0.0001202269140669861   18   12   16    2
 -0.002985558091687958   18   12   16    3
 -0.0003896248792766829   18   12   16    4
 -0.0007063678749951841   18   12   16    5
 -0.0002252503387357538   18   12   16    6
 -0.00287063649921354   18   12   16    7
 0.001618684111962302   18   12   16    8
 0.003416893589835973   18   12   16    9
 -0.0002864880420217382   18   12   16   10
 -0.003598861722672641   18   12   16   11
 -0.008788244628106444   18   12   16   12
 -0.0005879377344653744   18   12   16   13
 0.001853658576977293   18   12   16   14
 0.00210631180147198   18   12   16   15
 0.001361721314967276   18   12   16   16
 0.0001158676267111897   18   12   17    1
 0.0001717026052375312   18   12   17    2
 -0.0004174454194771067   18   12   17    3
 0.001055375383537773   18   12   17    4
 5.733400378651725e-05   18   12   17    5
 -0.00190670371483553   18   12   17    6
 -0.001962551368641415   18   12   17    7
 -0.001290895318392328   18   12   17    8
 0.00208412675061476   18   12   17    9
 0.00373855356000078   18   12   17   10
 0.001039732820823619   18   12   17   11
 -0.004400791136669588   18   12   17   12
 -0.002746060168419196   18   12   17   13
 0.0006015237222900798   18   12   17   14
 -0.00138950771950918   18   12   17   15
 0.00150700146545539   18   12   17   16
 -0.001075489505807932   18   12   17   17
 0.0003631522179459881   18   12   18    1
 -0.0007836595287483031   18   12   18    2
 0.004021231060953658   18   12   18    3
 -0.0001767180659279896   18   12   18    4
 -0.002164299234366719   18   12   18    5
 -0.000225345994343894   18   12   18    6
 0.004647235261594552   18   12   18    7
 -0.001358152973230168   18   12   18    8
 -0.003276376469506042   18   12   18    9
 4.317868638674804e-05   18   12   18   10
 0.004695795746941582   18   12   18   11
 0.0271547747962483   18   12   18   12
 -0.02994229364671059   18   13    1    1
 -2.000450324369418e-05   18   13    2    1
 -0.006185200678057416   18   13    2    2
 0.0002259454694827109   18   13    3    1
 -0.006101728416308917   18   13    3    2
 -0.0259825106051512   18   13    3    3
 -2.591504403424262e-05   18   13    4    1
 0.02344710390935659   18   13    4    2
 -0.000878519214479163   18   13    4    3
 0.02222662514101229   18   13    4    4
 -0.0002443299009115927   18   13    5    1
 -0.02396326253430925   18   13    5    2
 0.003604851184259523   18   13    5    3
 0.01428287318628106   18   13    5    4
 0.002906021017553937   18   13    5    5
 0.0002058827209441708   18   13    6    1
 0.000321730884173535   18   13    6    2
 -0.001802579990550979   18   13    6    3
 0.03554091423090976   18   13    6    4
 -0.009261740393795074   18   13    6    5
 -0.02444173385430925   18   13    6    6
 -5.986654649612241e-05   18   13    7    1
 0.002365758575659301   18   13    7    2
 -8.392724099440775e-05   18   13    7    3
 -0.001820977876928194   18   13    7    4
 0.004322542224937828   18   13    7    5
 0.004561826388830901   18   13    7    6
 -0.0258031597003888   18   13    7    7
 0.0004062663977917325   18   13    8    1
 -0.006838059010892425   18   13    8    2
 0.007066945883530959   18   13    8    3
 0.0177789455323995   18   13    8    4
 0.003732991732811163   18   13    8    5
 -0.00712848576515781   18   13    8    6
 0.008289199980375358   18   13    8    7
 -0.02587211860718279   18   13    8    8
 0.0001253379537645293   18   13    9    1
 -0.007926653913902579   18   13    9    2
 0.00399143711276041   18   13    9    3
 0.01143242016075103   18   13    9    4
 0.004623127543481211   18   13    9    5
 -0.00297036355876636   18   13    9    6
 -0.005398639593524989   18   13    9    7
 -0.009710916445326439   18   13    9    8
 -0.01469046371571086   18   13    9    9
 0.000976961092520319   18   13   10    1
 0.00441963549889451   18   13   10    2
 0.004224492109883023   18   13   10    3
 -0.009690935628986267   18   13   10    4
 0.01089624189021754   18   13   10    5
 0.004366058636390418   18   13   10    6
 -0.002958365382950007   18   13   10    7
 0.006079785768410474   18   13   10    8
 0.003570825674969438   18   13   10    9
 -0.02389503067432411   18   13   10   10
 -0.000121680784189803   18   13   11    1
 0.0003758522548537749   18   13   11    2
 -0.0007619264082763567   18   13   11    3
 0.0005092968191747276   18   13   11    4
 0.0005985324623294314   18   13   11    5
 -0.001112793470370276   18   13   11    6
 0.01569967387956225   18   13   11    7
 0.01606010937040345   18   13   11    8
 -0.02086009733589279   18   13   11    9
 -7.111490657259939e-05   18   13   11   10
 0.007027301152920252   18   13   11   11
 -0.0001178539988206715   18   13   12    1
 0.001026598296698648   18   13   12    2
 0.0003832916290124296   18   13   12    3
 -5.013544163224824e-05   18   13   12    4
 0.002246512990052595   18   13   12    5
 0.0002596671146717405   18   13   12    6
 -0.01698939604350141   18   13   12    7
 -0.01424320670683438   18   13   12    8
 0.01720071257700835   18   13   12    9
 0.0009865347007135478   18   13   12   10
 -0.01083898654705139   18   13   12   11
 -0.03391027099159101   18   13   12   12
 -0.000190371747397897   18   13   13    1
 -0.0107643373673393   18   13   13    2
 0.0004513740567789158   18   13   13    3
 0.007423901009623733   18   13   13    4
 -0.01075197780325683   18   13   13    5
 0.00423950448470955   18   13   13    6
 0.002160926193690713   18   13   13    7
 -0.004613670953924397   18   13   13    8
 -0.001988252541083327   18   13   13    9
 -0.005375461672689427   18   13   13   10
 -0.000648995866234678   18   13   13   11
 0.002156281958876967   18   13   13   12
 -0.02384018084745843   18   13   13   13
 5.142897587244999e-05   18   13   14    1
 -0.002605647889970937   18   13   14    2
 -0.000721514272604808   18   13   14    3
 -0.002214218195610784   18   13   14    4
 -0.00371991986118704   18   13   14    5
 0.00180324325306012   18   13   14    6
 -0.00120274546228396   18   13   14    7
 0.001076814325153046   18   13   14    8
 -0.000471304808445019   18   13   14    9
 -0.002098082312810944   18   13   14   10
 -6.955808395286258e-05   18   13   14   11
 0.0009999771440431086   18   13   14   12
 0.001511470171923966   18   13   14   13
 8.026808448281558e-05   18   13   14   14
 -0.0001147313737607022   18   13   15    1
 0.0001767038339472733   18   13   15    2
 -0.001810235901017107   18   13   15    3
 0.0008588252193415493   18   13   15    4
 -0.0050544001852003   18   13   15    5
 9.09650976128953e-05   18   13   15    6
 1.047919704009729e-05   18   13   15    7
 -0.0006007567068930836   18   13   15    8
 0.001932652678958391   18   13   15    9
 -0.003274783895640236   18   13   15   10
 -0.001067195724166204   18   13   15   11
 -0.0008670278143178784   18   13   15   12
 -0.02283191632374795   18   13   15   13
 0.001811732123341278   18   13   15   14
 -0.01433758588390036   18   13   15   15
 -9.876083873311804e-05   18   13   16    1
 0.00385385597874781   18   13   16    2
 -0.0004047886711983091   18   13   16    3
 -0.004372175384927124   18   13   16    4
 0.003556390752283297   18   13   16    5
 0.0005364462150048891   18   13   16    6
 -0.0009419120707715642   18   13   16    7
 0.00343395978075289   18   13   16    8
 0.002779012932815732   18   13   16    9
 0.003465103678954055   18   13   16   10
 -0.000155898941570404   18   13   16   11
 -0.002304351034097263   18   13   16   12
 0.03442695753799056   18   13   16   13
 -0.01285300846688169   18   13   16   14
 0.001632569032224141   18   13   16   15
 -0.01162618428970964   18   13   16   16
 -0.0002509569544733969   18   13   17    1
 0.02106198074799005   18   13   17    2
 0.001995120604952666   18   13   17    3
 -0.004190630581624858   18   13   17    4
 0.0300243251793019   18   13   17    5
 -0.016742739789302   18   13   17    6
 -0.003895009789844242   18   13   17    7
 0.007358414086487679   18   13   17    8
 0.003723910382769658   18   13   17    9
 0.009262080223549423   18   13   17   10
 0.0001067392548299788   18   13   17   11
 0.0004007986412929078   18   13   17   12
 -0.006528852266886027   18   13   17   13
 0.00292876305912049   18   13   17   14
 -0.0007859415949706467   18   13   17   15
 -0.001672255525816027   18   13   17   16
 -0.01934357623494683   18   13   17   17
 0.0002117661471550543   18   13   18    1
 0.01053372234260935   18   13   18    2
 -0.005093499757634818   18   13   18    3
 -0.01356794932602328   18   13   18    4
 0.002885347148612382   18   13   18    5
 0.0004174194612899146   18   13   18    6
 -0.00489089152141648   18   13   18    7
 0.01063731283448199   18   13   18    8
 0.006701261976706474   18   13   18    9
 -0.004679521669612111   18   13   18   10
 -0.0004705017674028541   18   13   18   11
 0.0003982940721346568   18   13   18   12
 0.03362882248077146   18   13   18   13
 0.09642154160528635   18   14    1    1
 8.234837800018789e-05   18   14    2    1
 -0.003628656478075757   18   14    2    2
 -0.001006357479398998   18   14    3    1
 0.0126918303658498   18   14    3    2
 0.06728471592088349   18   14    3    3
 -0.0001813259546347599   18   14    4    1
 -0.002955525253330339   18   14    4    2
 0.001108240705761014   18   14    4    3
 0.00650136380084223   18   14    4    4
 0.001253968591941129   18   14    5    1
 0.02404265392679112   18   14    5    2
 -0.007184151651465998   18   14    5    3
 -0.001020590199860052   18   14    5    4
 0.004366975008355735   18   14    5    5
 0.0009369520345059148   18   14    6    1
 9.316173994515517e-05   18   14    6    2
 -0.0003872845431904258   18   14    6    3
 -0.01526389176057472   18   14    6    4
 0.004447118741450098   18   14    6    5
 0.03056855875305147   18   14    6    6
 0.0004988078839436856   18   14    7    1
 0.0002071945846709093   18   14    7    2
 0.002663054198738379   18   14    7    3
 0.0003672136381564275   18   14    7    4
 0.001105265626559284   18   14    7    5
 -0.001560165995994361   18   14    7    6
 0.01692453013814245   18   14    7    7
 -0.002684585122816267   18   14    8    1
 9.144794774822631e-05   18   14    8    2
 -0.01513622116787846   18   14    8    3
 -0.003687273674154575   18   14    8    4
 -0.01366264858733301   18   14    8    5
 -0.001873265867303402   18   14    8    6
 -0.001441133072485861   18   14    8    7
 0.04103968382685296   18   14    8    8
 -0.001606933909536698   18   14    9    1
 0.001652314836069724   18   14    9    2
 -0.008268297931653542   18   14    9    3
 -0.001283244507566454   18   14    9    4
 -0.01052287153788529   18   14    9    5
 -0.003358315522646216   18   14    9    6
 -0.0105966948916513   18   14    9    7
 0.01277756129118443   18   14    9    8
 0.02136308925814466   18   14    9    9
 -0.0005429634457399984   18   14   10    1
 -0.001086008459438973   18   14   10    2
 -0.003425190229600523   18   14   10    3
 -0.0007315394097276209   18   14   10    4
 -0.007762679330680607   18   14   10    5
 0.01458801195262602   18   14   10    6
 -0.002153297667553984   18   14   10    7
 0.001514151862578605   18   14   10    8
 -0.001628019830454227   18   14   10    9
 0.05119470765943594   18   14   10   10
 9.374960083706031e-05   18   14   11    1
 0.0001786027489398817   18   14   11    2
 0.0005751206840677341   18   14   11    3
 0.0005679613945958194   18   14   11    4
 -0.001359148804419745   18   14   11    5
 5.560467320566702e-05   18   14   11    6
 -0.01905006990244626   18   14   11    7
 -0.01728332924909667   18   14   11    8
 0.02243846569616317   18   14   11    9
 0.0008180088459669578   18   14   11   10
 0.02388571809821634   18   14   11   11
 0.0002449739550711861   18   14   12    1
 -0.0005536720680119618   18   14   12    2
 0.001081571890839376   18   14   12    3
 0.0002700393562922928   18   14   12    4
 -0.001752917766140995   18   14   12    5
 -0.0001271160800251047   18   14   12    6
 0.008824863473703698   18   14   12    7
 0.005771737327710484   18   14   12    8
 -0.005724241120512434   18   14   12    9
 0.0001484637411744606   18   14   12   10
 0.01946846077398456   18   14   12   11
 0.04505920438012131   18   14   12   12
 0.0002599852686581028   18   14   13    1
 0.001037712747160901   18   14   13    2
 -0.0004170643123842542   18   14   13    3
 -0.003773238574797369   18   14   13    4
 -0.001140358662627838   18   14   13    5
 0.004841953474759761   18   14   13    6
 -0.0008892679682120388   18   14   13    7
 0.0008670062289363532   18   14   13    8
 0.0001616161168356687   18   14   13    9
 -0.005678753355868413   18   14   13   10
 4.251980874301833e-06   18   14   13   11
 0.0008115321270585055   18   14   13   12
 0.01460455934561453   18   14   13   13
 -0.0001279581987126966   18   14   14    1
 0.002976990211237144   18   14   14    2
 -0.001876623153867955   18   14   14    3
 0.002690603163473408   18   14   14    4
 0.01013886326665428   18   14   14    5
 -0.003254150901679337   18   14   14    6
 0.0001381580037216703   18   14   14    7
 -0.0008222883752568312   18   14   14    8
 0.0001799451879261448   18   14   14    9
 0.003716055983685705   18   14   14   10
 0.0003000087842039574   18   14   14   11
 -0.0008404726389694176   18   14   14   12
 0.002002878609357893   18   14   14   13
 -0.003996921047987864   18   14   14   14
 -0.0004404391825787221   18   14   15    1
 0.002849893525374572   18   14   15    2
 -0.005871389506826351   18   14   15    3
 -0.003766100179033526   18   14   15    4
 0.009075204766676838   18   14   15    5
 -0.0002699941157878867   18   14   15    6
 -0.001193545582434496   18   14   15    7
 0.0003264035982413722   18   14   15    8
 -0.0002074013325368842   18   14   15    9
 -0.002967387455300677   18   14   15   10
 0.004115474244138646   18   14   15   11
 0.004239814782253345   18   14   15   12
 0.008296466293015788   18   14   15   13
 -0.005847782073307796   18   14   15   14
 0.00735015468052571   18   14   15   15
 0.00118963119842746   18   14   16    1
 -0.003725085626607581   18   14   16    2
 0.004197671436428017   18   14   16    3
 0.003982945320155852   18   14   16    4
 -0.004845279525126409   18   14   16    5
 0.0005581033328849666   18   14   16    6
 0.002169589859252382   18   14   16    7
 -0.01117539284048253   18   14   16    8
 -0.005069925258004565   18   14   16    9
 -0.003033869080034784   18   14   16   10
 0.001238634609464779   18   14   16   11
 0.003910619602811654   18   14   16   12
 -0.01703546412671637   18   14   16   13
 0.003443774940004425   18   14   16   14
 -0.0169836447093366   18   14   16   15
 -0.002425108239187699   18   14   16   16
 0.0003467680049507285   18   14   17    1
 -0.01251419062027605   18   14   17    2
 -0.00197409203662657   18   14   17    3
 0.001307908956648701   18   14   17    4
 -0.01714208702185312   18   14   17    5
 0.01429158665416951   18   14   17    6
 0.001523400852603482   18   14   17    7
 -0.001203656036273783   18   14   17    8
 -0.0004731113121176162   18   14   17    9
 -0.01325372060832597   18   14   17   10
 0.0001653535702745844   18   14   17   11
 -0.001051619869425076   18   14   17   12
 0.003362045173346692   18   14   17   13
 -0.005346947455041394   18   14   17   14
 0.001832889272506271   18   14   17   15
 -0.006834668421014193   18   14   17   16
 0.02676907678592164   18   14   17   17
 -0.001965492597328029   18   14   18    1
 -0.00272497594415959   18   14   18    2
 -0.0062914995978158   18   14   18    3
 0.004328747425034233   18   14   18    4
 0.005609184893965543   18   14   18    5
 0.001158375152621104   18   14   18    6
 0.0008522354670669384   18   14   18    7
 -0.001177557961063808   18   14   18    8
 -0.0004842495366668718   18   14   18    9
 0.001979082341741328   18   14   18   10
 -0.0002699153196474309   18   14   18   11
 -0.003164595399342504   18   14   18   12
 -0.01402636590194304   18   14   18   13
 0.02033386711225059   18   14   18   14
 0.2204269212385921   18   15    1    1
 0.0001370757482879566   18   15    2    1
 0.004816351330152478   18   15    2    2
 -0.00255991831272653   18   15    3    1
 0.01864418146969736   18   15    3    2
 0.1432150810351953   18   15    3    3
 -0.0006137998525937686   18   15    4    1
 -0.005484516000543786   18   15    4    2
 -0.0008309947584270954   18   15    4    3
 -0.006263041396637928   18   15    4    4
 0.002579708624181814   18   15    5    1
 0.01939216572641302   18   15    5    2
 -0.01744795068994347   18   15    5    3
 -0.003129880068069371   18   15    5    4
 0.02115850221790688   18   15    5    5
 0.002864994338972885   18   15    6    1
 -0.0001605517374606894   18   15    6    2
 0.00668817466506536   18   15    6    3
 -0.02782147685919334   18   15    6    4
 0.006068337289339424   18   15    6    5
 0.05254055199901007   18   15    6    6
 0.001228999208719326   18   15    7    1
 0.0005387562174185759   18   15    7    2
 0.007206136649629865   18   15    7    3
 -0.000653902196107989   18   15    7    4
 0.006003185408368177   18   15    7    5
 -2.863796610590888e-05   18   15    7    6
 0.02198260154933715   18   15    7    7
 -0.005046576198126071   18   15    8    1
 -0.006401417274919248   18   15    8    2
 -0.0217982538042444   18   15    8    3
 -0.002440377500116821   18   15    8    4
 -0.02644118241139148   18   15    8    5
 -0.01724421925010512   18   15    8    6
 0.0005125889533745813   18   15    8    7
 0.08065695731731679   18   15    8    8
 -0.003763171094539423   18   15    9    1
 -0.005007260408418259   18   15    9    2
 -0.01553780187017584   18   15    9    3
 0.0009821163240826066   18   15    9    4
 -0.01862753135168326   18   15    9    5
 -0.01568512385019518   18   15    9    6
 -0.02963758056125867   18   15    9    7
 0.02717301922416489   18   15    9    8
 0.04114777056930866   18   15    9    9
 0.001286530941115116   18   15   10    1
 -0.0007032088170668051   18   15   10    2
 0.005040031151397284   18   15   10    3
 -0.007513903502390324   18   15   10    4
 -0.01343870236509124   18   15   10    5
 0.03912831729515463   18   15   10    6
 -0.006903944875513766   18   15   10    7
 0.008886323744487371   18   15   10    8
 -0.0002964297591760267   18   15   10    9
 0.1068796341833535   18   15   10   10
 -0.0008098685535094923   18   15   11    1
 -0.0007093771411326171   18   15   11    2
 -0.003752271558376516   18   15   11    3
 0.001746509634960236   18   15   11    4
 -0.00178225823215463   18   15   11    5
 -0.0003307278424810659   18   15   11    6
 -0.03593416066708947   18   15   11    7
 -0.03052296305334972   18   15   11    8
 0.04068733289010931   18   15   11    9
 0.001877432599332568   18   15   11   10
 0.06176938259684592   18   15   11   11
 -0.0003882589679848749   18   15   12    1
 0.000586263691770808   18   15   12    2
 0.001242747603994588   18   15   12    3
 -0.0002993797093281372   18   15   12    4
 -0.001147414469999209   18   15   12    5
 0.000158525335154006   18   15   12    6
 0.009357508162245872   18   15   12    7
 0.001228045716929524   18   15   12    8
 -0.001991488230869523   18   15   12    9
 0.001703053221031154   18   15   12   10
 0.04122444470264369   18   15   12   11
 0.08415872474916031   18   15   12   12
 0.000175347481890457   18   15   13    1
 0.001539594689401275   18   15   13    2
 0.002252401140968445   18   15   13    3
 -0.009927532482070343   18   15   13    4
 0.004175972083156067   18   15   13    5
 0.01085555053605882   18   15   13    6
 -0.0009082658689236518   18   15   13    7
 0.0008802925091414528   18   15   13    8
 -0.0005138934764069055   18   15   13    9
 -0.01417592235961971   18   15   13   10
 0.0005446528110518729   18   15   13   11
 0.002667715271450613   18   15   13   12
 0.0100072689450523   18   15   13   13
 -5.131204009457177e-05   18   15   14    1
 0.004216881075040785   18   15   14    2
 -0.00850309559246985   18   15   14    3
 0.003288680859232428   18   15   14    4
 0.009426598776244268   18   15   14    5
 -0.00519070864180065   18   15   14    6
 -0.0009798244707227945   18   15   14    7
 -0.001636677050374911   18   15   14    8
 -0.001472089265108449   18   15   14    9
 0.00465020078496473   18   15   14   10
 0.0006245117412271204   18   15   14   11
 -0.0006558244487512543   18   15   14   12
 -0.001256616899388986   18   15   14   13
 0.0006784594232840638   18   15   14   14
 -0.00122816754194961   18   15   15    1
 0.004244195426785945   18   15   15    2
 -0.01559923059343354   18   15   15    3
 -0.007319860483877924   18   15   15    4
 0.01464087019385818   18   15   15    5
 0.007296224368669881   18   15   15    6
 -0.002274470457071034   18   15   15    7
 0.002348864632270615   18   15   15    8
 0.003240885707736873   18   15   15    9
 -0.01541249756784793   18   15   15   10
 0.009277000481199673   18   15   15   11
 0.01130521513089089   18   15   15   12
 0.01041216475517683   18   15   15   13
 -0.003012860957611703   18   15   15   14
 0.01460456456067707   18   15   15   15
 0.002392240428947321   18   15   16    1
 -0.004935252979817425   18   15   16    2
 0.007836915262985191   18   15   16    3
 0.008250741270610783   18   15   16    4
 -0.002594601618136629   18   15   16    5
 -0.005865628118728409   18   15   16    6
 0.003873051976185462   18   15   16    7
 -0.02271959289820669   18   15   16    8
 -0.01054569050683772   18   15   16    9
 0.003076547886022811   18   15   16   10
 0.002735514252428721   18   15   16   11
 0.005122007091390308   18   15   16   12
 -0.01691149171912941   18   15   16   13
 -0.006846925014127728   18   15   16   14
 -0.03127485524138354   18   15   16   15
 -0.00121319532993843   18   15   16   16
 7.866033328108759e-05   18   15   17    1
 -0.0119031384712566   18   15   17    2
 0.002205232996545051   18   15   17    3
 -0.00249954291564009   18   15   17    4
 -0.01791863855672923   18   15   17    5
 0.02447920440791106   18   15   17    6
 0.001273534815865468   18   15   17    7
 -0.004675197172544017   18   15   17    8
 -0.001776310103432015   18   15   17    9
 -0.02671958459314153   18   15   17   10
 -9.758085444215509e-05   18   15   17   11
 -0.00338878847609625   18   15   17   12
 0.01262564112464817   18   15   17   13
 -0.01064404441314468   18   15   17   14
 0.003828388975906613   18   15   17   15
 -0.008718268660458758   18   15   17   16
 0.04367648089215863   18   15   17   17
 -0.003697153471522532   18   15   18    1
 -2.970220888537082e-05   18   15   18    2
 -0.0201122954141986   18   15   18    3
 0.003201777560406155   18   15   18    4
 0.01223436016467132   18   15   18    5
 0.003563055278210627   18   15   18    6
 -0.001628164450294946   18   15   18    7
 0.009282247379638717   18   15   18    8
 0.005305354625391943   18   15   18    9
 0.0001952508550776246   18   15   18   10
 0.00123022563905452   18   15   18   11
 -0.003570535437040533   18   15   18   12
 -0.009460449564385584   18   15   18   13
 0.0263674128903838   18   15   18   14
 0.05757196687318877   18   15   18   15
 -0.1854435027835938   18   16    1    1
 3.021581100556114e-05   18   16    2    1
 0.0548804647109746   18   16    2    2
 0.002545309679293835   18   16    3    1
 -0.01663400286439156   18   16    3    2
 -0.09692534332620363   18   16    3    3
 0.0002852829416296789   18   16    4    1
 0.002318619241108077   18   16    4    2
 -0.001044690435587999   18   16    4    3
 0.0573215419002347   18   16    4    4
 -0.00144192876695606   18   16    5    1
 -0.008640283336780082   18   16    5    2
 0.03056796556323897   18   16    5    3
 0.002194590546659826   18   16    5    4
 0.03747281166758683   18   16    5    5
 -0.001367616171241456   18   16    6    1
 -0.005313100102947312   18   16    6    2
 0.002881693454393387   18   16    6    3
 0.02528990745907149   18   16    6    4
 -0.01604146786886775   18   16    6    5
 -0.00186015694335569   18   16    6    6
 -0.0003115782028327746   18   16    7    1
 -0.0166048389472004   18   16    7    2
 0.001147803732344539   18   16    7    3
 0.004440208687624398   18   16    7    4
 -0.004157907386261663   18   16    7    5
 -0.002289960557024427   18   16    7    6
 0.007114281532182887   18   16    7    7
 0.002297186800892877   18   16    8    1
 0.01282805809392879   18   16    8    2
 0.0003266798422222512   18   16    8    3
 -0.003092185577283475   18   16    8    4
 0.03972572153900148   18   16    8    5
 0.02482849427918679   18   16    8    6
 0.01115515584811629   18   16    8    7
 -0.04603056771159997   18   16    8    8
 0.001362134529002798   18   16    9    1
 -0.004723857377481084   18   16    9    2
 0.001200126983498558   18   16    9    3
 -0.002053850511764152   18   16    9    4
 0.03157256140152245   18   16    9    5
 0.01998545988014265   18   16    9    6
 0.008680990420875011   18   16    9    7
 -0.03385883412447778   18   16    9    8
 -0.006251328394396263   18   16    9    9
 -0.0006177754364955852   18   16   10    1
 0.002837126735981459   18   16   10    2
 -0.004233042129134405   18   16   10    3
 0.01164715114567861   18   16   10    4
 0.01952222327226868   18   16   10    5
 -0.04867996933818373   18   16   10    6
 0.007371623118655491   18   16   10    7
 -0.01306171323869058   18   16   10    8
 -0.001705819001644318   18   16   10    9
 -0.07747771217422836   18   16   10   10
 -0.0002458612081434267   18   16   11    1
 0.0001091381195834318   18   16   11    2
 0.0002938307518420839   18   16   11    3
 -0.001660846666955303   18   16   11    4
 0.002502979016950086   18   16   11    5
 0.0004775277968666532   18   16   11    6
 0.04046104303552087   18   16   11    7
 0.03842046705183136   18   16   11    8
 -0.04862082053907159   18   16   11    9
 -0.001671977848887269   18   16   11   10
 -0.01637553559194811   18   16   11   11
 -0.0002914610157754073   18   16   12    1
 0.0001046445111501632   18   16   12    2
 -0.002016377210924204   18   16   12    3
 -0.0006007937706045994   18   16   12    4
 0.0007280408028594226   18   16   12    5
 -0.0009065788000552028   18   16   12    6
 0.002771511891334566   18   16   12    7
 0.00773093248608902   18   16   12    8
 -0.0036723318048837   18   16   12    9
 -0.0002517515580366456   18   16   12   10
 -0.05988000445600196   18   16   12   11
 -0.02740964078044814   18   16   12   12
 -4.828042432369062e-05   18   16   13    1
 0.002807776118213386   18   16   13    2
 -0.002799105541641708   18   16   13    3
 -0.003793334025058518   18   16   13    4
 -0.003958456961756971   18   16   13    5
 -0.004563982557374914   18   16   13    6
 -0.0006777373169241168   18   16   13    7
 0.003921656316940989   18   16   13    8
 0.00260696962914607   18   16   13    9
 0.01248013264971095   18   16   13   10
 -0.0007008487505503698   18   16   13   11
 -0.002822453608676828   18   16   13   12
 0.03930108679599231   18   16   13   13
 -0.0002487679249789719   18   16   14    1
 -0.006488173589856748   18   16   14    2
 0.009061009927223515   18   16   14    3
 -0.002242542042381124   18   16   14    4
 -0.004144769785365485   18   16   14    5
 0.003555837092491262   18   16   14    6
 0.003902845126567626   18   16   14    7
 -0.007945389573199077   18   16   14    8
 -0.002307732466862796   18   16   14    9
 -0.009326391245211377   18   16   14   10
 0.001235812569356378   18   16   14   11
 0.003230923215663604   18   16   14   12
 -0.02103563029327172   18   16   14   13
 -0.003646590449339727   18   16   14   14
 -0.0001550291594552139   18   16   15    1
 -0.003456149443440028   18   16   15    2
 0.01465188972372807   18   16   15    3
 0.008800696304465738   18   16   15    4
 -0.006314086721778285   18   16   15    5
 0.00284460395997133   18   16   15    6
 0.005969494596815505   18   16   15    7
 -0.01480407565067094   18   16   15    8
 -0.008856700400285092   18   16   15    9
 0.008844115325912125   18   16   15   10
 -0.006611401971084893   18   16   15   11
 -0.0001451298131667007   18   16   15   12
 -0.009817601544844253   18   16   15   13
 -0.01360725967428447   18   16   15   14
 -0.04043798349717596   18   16   15   15
 -0.0006909670605383807   18   16   16    1
 0.009027333801198625   18   16   16    2
 -0.009170116558165842   18   16   16    3
 -0.009361530777995399   18   16   16    4
 -0.003090241682218271   18   16   16    5
 -0.002578080385029935   18   16   16    6
 -0.001674328107439127   18   16   16    7
 0.01591409556305197   18   16   16    8
 0.009087088338758978   18   16   16    9
 -0.006576394713412329   18   16   16   10
 -0.0003513217710873901   18   16   16   11
 0.0018329797539791   18   16   16   12
 0.006645238722946365   18   16   16   13
 -0.02790760339192379   18   16   16   14
 -0.04403616161627799   18   16   16   15
 -0.01542558697271302   18   16   16   16
 4.357288870790906e-05   18   16   17    1
 0.01128216049649215   18   16   17    2
 -0.004004350125887702   18   16   17    3
 0.005913417806567412   18   16   17    4
 0.01224552653483603   18   16   17    5
 -0.01719893863149076   18   16   17    6
 -0.001905044450319427   18   16   17    7
 0.006400997075082054   18   16   17    8
 0.003032399181760668   18   16   17    9
 0.03325646271121512   18   16   17   10
 0.0007774014370790232   18   16   17   11
 0.004417341425467116   18   16   17   12
 -0.0194918232334388   18   16   17   13
 -0.01069066875882771   18   16   17   14
 -0.01203959803647674   18   16   17   15
 0.003750279128313043   18   16   17   16
 0.03009655548345775   18   16   17   17
 0.000364095981407783   18   16   18    1
 0.000523212902123393   18   16   18    2
 0.02262257770639755   18   16   18    3
 -0.003453782500259742   18   16   18    4
 -0.01056783560544867   18   16   18    5
 -0.003151327387787316   18   16   18    6
 0.004961104154185429   18   16   18    7
 -0.02776205458554319   18   16   18    8
 -0.01761947513000478   18   16   18    9
 0.002223826521960536   18   16   18   10
 -0.0003305403409471961   18   16   18   11
 0.00527514166800877   18   16   18   12
 0.00647016232428213   18   16   18   13
 -0.01534484665277086   18   16   18   14
 -0.03509191863941175   18   16   18   15
 0.05954630816580002   18   16   18   16
 -0.0312424929224871   18   17    1    1
 1.929222949349297e-05   18   17    2    1
 0.02563374395369362   18   17    2    2
 0.0004111465307155845   18   17    3    1
 -0.007958126026920221   18   17    3    2
 -0.01447839308137066   18   17    3    3
 -0.0002378678487058654   18   17    4    1
 -0.01956304492156529   18   17    4    2
 -0.005892742917298831   18   17    4    3
 -0.005972740299813971   18   17    4    4
 -0.0004975262809313859   18   17    5    1
 -0.004651303531840022   18   17    5    2
 -0.0004940316152825024   18   17    5    3
 -0.01522067854177015   18   17    5    4
 0.003861139500069289   18   17    5    5
 0.0008052506984033248   18   17    6    1
 0.001525231475027042   18   17    6    2
 0.01910459188975904   18   17    6    3
 -0.01337261542522642   18   17    6    4
 0.003978326217953507   18   17    6    5
 0.01660057938850466   18   17    6    6
 -0.0003407746029533944   18   17    7    1
 -0.007993071102246972   18   17    7    2
 -0.002235014638591219   18   17    7    3
 0.002116924562138126   18   17    7    4
 -0.004129967972867434   18   17    7    5
 -0.001317750668842565   18   17    7    6
 0.01060660930372629   18   17    7    7
 0.0007232921100444065   18   17    8    1
 0.008604170659753553   18   17    8    2
 0.002554278156746303   18   17    8    3
 -0.009856344807136234   18   17    8    4
 0.01336850552229636   18   17    8    5
 0.002014751260172708   18   17    8    6
 0.0001832556156854579   18   17    8    7
 -0.003925175258035942   18   17    8    8
 0.0003927060696577519   18   17    9    1
 0.002517633131646085   18   17    9    2
 0.001457594356772515   18   17    9    3
 -0.006070799988265807   18   17    9    4
 0.009769684636649222   18   17    9    5
 0.002032701325637588   18   17    9    6
 0.003796930983829609   18   17    9    7
 -0.004645729829438908   18   17    9    8
 0.002237580955343999   18   17    9    9
 0.002978120522261409   18   17   10    1
 -0.0006491714556543774   18   17   10    2
 0.01390346483795436   18   17   10    3
 0.005909633830013946   18   17   10    4
 -0.004958921610853358   18   17   10    5
 -0.01524065529294566   18   17   10    6
 0.003159291166210532   18   17   10    7
 -0.007070735772562485   18   17   10    8
 -0.002660076833852538   18   17   10    9
 -0.01073059811728542   18   17   10   10
 0.0001893719509305251   18   17   11    1
 -0.000295105345823167   18   17   11    2
 0.001529442460589645   18   17   11    3
 -0.0009805609350142818   18   17   11    4
 0.0001163541893149973   18   17   11    5
 0.000775925440499883   18   17   11    6
 0.003666043525816262   18   17   11    7
 0.003062438692202955   18   17   11    8
 -0.004474399767934657   18   17   11    9
 -0.0005950457754624409   18   17   11   10
 -0.006016906904722767   18   17   11   11
 0.0001644056274097781   18   17   12    1
 -0.0002990754498608886   18   17   12    2
 -0.0003820701042621657   18   17   12    3
 7.658265177843238e-05   18   17   12    4
 -0.001087630653933212   18   17   12    5
 -0.001339912820710339   18   17   12    6
 0.008166600968761003   18   17   12    7
 0.006811193062413223   18   17   12    8
 -0.006812091347381824   18   17   12    9
 0.0004681425029540477   18   17   12   10
 -0.01139809629946321   18   17   12   11
 0.00822577140970872   18   17   12   12
 -0.000397728559067983   18   17   13    1
 0.01622429451794372   18   17   13    2
 0.003355378111716163   18   17   13    3
 -0.006242808214965962   18   17   13    4
 0.01587848936400972   18   17   13    5
 -0.0007911344758997174   18   17   13    6
 -0.002611404060852159   18   17   13    7
 0.003881365741519453   18   17   13    8
 0.001142650216944576   18   17   13    9
 0.006202743992344104   18   17   13   10
 0.0008726159727624106   18   17   13   11
 -0.002398343390906539   18   17   13   12
 0.01650905189156155   18   17   13   13
 0.0001052073098441459   18   17   14    1
 -0.007357932995370226   18   17   14    2
 -0.001503939847779315   18   17   14    3
 1.005540578589521e-06   18   17   14    4
 -0.007281245314905599   18   17   14    5
 0.001735924024848332   18   17   14    6
 0.001220226784876629   18   17   14    7
 -0.0004700576792983112   18   17   14    8
 0.0005368470629439898   18   17   14    9
 -0.004846562043821119   18   17   14   10
 7.227041515553478e-05   18   17   14   11
 0.0005244886160893374   18   17   14   12
 -0.006333619117175711   18   17   14   13
 0.001496432930681689   18   17   14   14
 -0.0004131017999995265   18   17   15    1
 -0.004613257499459325   18   17   15    2
 0.005120300440377917   18   17   15    3
 -0.001201867542134053   18   17   15    4
 -0.001766579864538358   18   17   15    5
 0.0105683183624812   18   17   15    6
 0.001273085103231989   18   17   15    7
 -0.00307698943935654   18   17   15    8
 -0.002186678740600418   18   17   15    9
 -0.004413875685301987   18   17   15   10
 -0.001697762256054278   18   17   15   11
 -0.0004771100115006167   18   17   15   12
 0.01093977275013973   18   17   15   13
 -0.002933796608235606   18   17   15   14
 0.001396864320119656   18   17   15   15
 -4.769000726771891e-05   18   17   16    1
 0.003447072260986642   18   17   16    2
 -0.005906040102786971   18   17   16    3
 0.004091663343775137   18   17   16    4
 -0.0005107919743073399   18   17   16    5
 -0.01016598325361648   18   17   16    6
 0.0001586889502573568   18   17   16    7
 0.004369793828478328   18   17   16    8
 0.001408305030218744   18   17   16    9
 0.004586093250796374   18   17   16   10
 0.0001886132391072778   18   17   16   11
 0.001632212139191072   18   17   16   12
 -0.01401121795530693   18   17   16   13
 -0.004582582425892808   18   17   16   14
 -0.01306691616316975   18   17   16   15
 0.007226192760536232   18   17   16   16
 -0.0008973081955670071   18   17   17    1
 0.00307354752387215   18   17   17    2
 0.008948895548981558   18   17   17    3
 -0.003135886568697094   18   17   17    4
 -0.003527258676111747   18   17   17    5
 0.005335623606765981   18   17   17    6
 0.001882698417278029   18   17   17    7
 -0.01270234619506193   18   17   17    8
 -0.007840557406143195   18   17   17    9
 0.005161173166290621   18   17   17   10
 -0.0001719127368021468   18   17   17   11
 0.0001699489661563924   18   17   17   12
 0.00168310986355196   18   17   17   13
 -0.0007693798708866081   18   17   17   14
 0.003223889510246192   18   17   17   15
 0.003959074959877585   18   17   17   16
 0.01069017013744754   18   17   17   17
 0.0001060229183141252   18   17   18    1
 -0.006856578118262596   18   17   18    2
 0.005452950128903623   18   17   18    3
 0.00534390812305751   18   17   18    4
 -0.0105853057755174   18   17   18    5
 0.004988209622738593   18   17   18    6
 0.003348192979622034   18   17   18    7
 -0.009178685215536168   18   17   18    8
 -0.006514997339138895   18   17   18    9
 -0.003588215436466509   18   17   18   10
 0.0003279468149977521   18   17   18   11
 0.0007843841644887172   18   17   18   12
 -0.006842734389664014   18   17   18   13
 -0.007692758007241667   18   17   18   14
 -0.003291701806915821   18   17   18   15
 0.009896762672756682   18   17   18   16
 0.03368331027614842   18   17   18   17
 0.723490677876787   18   18    1    1
 0.0002898356862454017   18   18    2    1
 0.3946327249704723   18   18    2    2
 -0.005640245318603571   18   18    3    1
 0.02976298618214037   18   18    3    2
 0.5690847224204335   18   18    3    3
 -0.001015177768845942   18   18    4    1
 -0.01597229341697909   18   18    4    2
 0.0009957397553187397   18   18    4    3
 0.3411583166853909   18   18    4    4
 0.005623091692374584   18   18    5    1
 0.0637233967090029   18   18    5    2
 -0.0149890553951388   18   18    5    3
 -0.007340989084187923   18   18    5    4
 0.3994154530402381   18   18    5    5
 0.004908598359371845   18   18    6    1
 -0.01610697422103768   18   18    6    2
 0.0112076263179291   18   18    6    3
 -0.04587351034940668   18   18    6    4
 -0.006882565909242471   18   18    6    5
 0.4294823721320226   18   18    6    6
 0.002154748209998901   18   18    7    1
 -0.01541795383371256   18   18    7    2
 0.01730395335071721   18   18    7    3
 0.01077944735719792   18   18    7    4
 0.007420410328808842   18   18    7    5
 -0.00240296815185204   18   18    7    6
 0.3235356261315553   18   18    7    7
 -0.01110370091271572   18   18    8    1
 0.003769511183170458   18   18    8    2
 -0.06326950611219138   18   18    8    3
 -0.0150631407184606   18   18    8    4
 -0.03026754482625851   18   18    8    5
 -0.02376401013938667   18   18    8    6
 0.02079719965416255   18   18    8    7
 0.4762212342178448   18   18    8    8
 -0.00706813651214934   18   18    9    1
 -0.008579774259145436   18   18    9    2
 -0.03554244436473573   18   18    9    3
 0.002634205296864547   18   18    9    4
 -0.01943734161215421   18   18    9    5
 -0.0228366182634917   18   18    9    6
 -0.1018426810694484   18   18    9    7
 0.04797862500679595   18   18    9    8
 0.3789925869911898   18   18    9    9
 -0.0002117710062611951   18   18   10    1
 0.007285589090275098   18   18   10    2
 -0.0006951736734084089   18   18   10    3
 -0.004545432247979787   18   18   10    4
 -0.009031357409596414   18   18   10    5
 0.05039380513227681   18   18   10    6
 -0.01462811185346253   18   18   10    7
 0.01519014614348664   18   18   10    8
 -0.00288998806167383   18   18   10    9
 0.4940033935745182   18   18   10   10
 -8.586269023705214e-05   18   18   11    1
 0.0002267693032618483   18   18   11    2
 -0.001325730153245397   18   18   11    3
 0.00326598179319188   18   18   11    4
 -0.002921828057141474   18   18   11    5
 -0.0004789299491210848   18   18   11    6
 -0.04958161918670477   18   18   11    7
 -0.03712271491150475   18   18   11    8
 0.04474776350763022   18   18   11    9
 0.002043352778650755   18   18   11   10
 0.4460436706390865   18   18   11   11
 0.0005662591523668897   18   18   12    1
 0.001119952018788361   18   18   12    2
 0.003422766336864873   18   18   12    3
 -0.001998928034665656   18   18   12    4
 -0.004069483227711703   18   18   12    5
 -0.002228436052087041   18   18   12    6
 0.03641133932183693   18   18   12    7
 0.007871872167128887   18   18   12    8
 -0.00270142366094484   18   18   12    9
 0.003988488217005665   18   18   12   10
 0.04078417702810146   18   18   12   11
 0.4975539053716141   18   18   12   12
 0.0008148856370085113   18   18   13    1
 0.01871928120387896   18   18   13    2
 -0.0007330760380163096   18   18   13    3
 -0.05809514220197302   18   18   13    4
 0.0009959198074188369   18   18   13    5
 0.03118868405508978   18   18   13    6
 -0.008626663422609083   18   18   13    7
 0.01264283737973723   18   18   13    8
 0.002595162348708487   18   18   13    9
 -0.03490411358393585   18   18   13   10
 0.0009609359994501931   18   18   13   11
 0.00146215392440219   18   18   13   12
 0.3495327637621591   18   18   13   13
 -0.0002224070936329279   18   18   14    1
 -0.0118319796917929   18   18   14    2
 -0.008580537919637345   18   18   14    3
 0.009693558983086692   18   18   14    4
 0.0325612134548186   18   18   14    5
 -0.0126364107365529   18   18   14    6
 0.006302935097872822   18   18   14    7
 -0.01135281245271356   18   18   14    8
 -0.0026944848489526   18   18   14    9
 0.0083395811955971   18   18   14   10
 -0.0001574873197788154   18   18   14   11
 -0.008232894819165806   18   18   14   12
 -0.05232454964534787   18   18   14   13
 0.2185110589685017   18   18   14   14
 -0.001799590497951932   18   18   15    1
 -0.007152768451742388   18   18   15    2
 -0.02108347434827498   18   18   15    3
 -0.0003367786309598762   18   18   15    4
 0.03920574771029289   18   18   15    5
 0.02910975613659157   18   18   15    6
 -0.008589910291478766   18   18   15    7
 0.004147297862075727   18   18   15    8
 0.001224894249617701   18   18   15    9
 -0.0288171997010045   18   18   15   10
 0.01393549616368081   18   18   15   11
 0.02428106770074055   18   18   15   12
 0.03627795015959748   18   18   15   13
 0.03908472910216432   18   18   15   14
 0.309406202602867   18   18   15   15
 0.004815615208909436   18   18   16    1
 0.0003805844084325776   18   18   16    2
 0.01086251987621811   18   18   16    3
 0.003527222781335897   18   18   16    4
 -0.02464354133225057   18   18   16    5
 -0.02906507476134336   18   18   16    6
 0.001799485680557054   18   18   16    7
 -0.05079542323960762   18   18   16    8
 -0.0321192047040102   18   18   16    9
 0.00559446705214792   18   18   16   10
 0.007001692659936938   18   18   16   11
 0.01517703391585459   18   18   16   12
 -0.035640835017847   18   18   16   13
 -0.01255804388971447   18   18   16   14
 -0.09292311449962369   18   18   16   15
 0.3144356252601045   18   18   16   16
 0.0008591485502351515   18   18   17    1
 -0.0145593749717685   18   18   17    2
 -0.001664184540027634   18   18   17    3
 0.0126885596295054   18   18   17    4
 -0.0385857705254997   18   18   17    5
 0.04542405599970491   18   18   17    6
 0.002263646037992317   18   18   17    7
 -0.003903249690321832   18   18   17    8
 -0.002573325369685125   18   18   17    9
 -0.03223584659945762   18   18   17   10
 0.0002669698560575309   18   18   17   11
 -0.002926273035199308   18   18   17   12
 -0.005206494753912753   18   18   17   13
 -0.06454841761471374   18   18   17   14
 0.005663028881984741   18   18   17   15
 -0.0008197961613681119   18   18   17   16
 0.4743890905332305   18   18   17   17
 -0.00751306316176988   18   18   18    1
 0.000459268884997131   18   18   18    2
 -0.02998781457458767   18   18   18    3
 0.003940229927976597   18   18   18    4
 0.0005652203510305917   18   18   18    5
 -0.006234275241058257   18   18   18    6
 0.004747808014762963   18   18   18    7
 -0.01334177865816099   18   18   18    8
 -0.01085041203457531   18   18   18    9
 0.01378082783217035   18   18   18   10
 -0.001462850867536101   18   18   18   11
 -0.01013480254896282   18   18   18   12
 -0.03650995830075557   18   18   18   13
 0.05279760855342393   18   18   18   14
 0.1015249094045627   18   18   18   15
 -0.03874085669364399   18   18   18   16
 0.004496467954108162   18   18   18   17
 0.55498832518457   18   18   18   18
 -35.69715137223444    1    1  0  0
 0.02115042777803643    2    1  0  0
 -9.275996776947565    2    2  0  0
 0.5238664094019798    3    1  0  0
 -0.3127718735728329    3    2  0  0
 -10.95469369531022    3    3  0  0
 0.03120523826966871    4    1  0  0
 0.007988051203576345    4    2  0  0
 -0.08052255737444862    4    3  0  0
 -7.570732308686797    4    4  0  0
 -0.2111978157509202    5    1  0  0
 -0.7748741722160737    5    2  0  0
 0.4896403056645244    5    3  0  0
 -0.0004913232934064059    5    4  0  0
 -8.299733516398584    5    5  0  0
 -0.1326621583294879    6    1  0  0
 0.2696200966527479    6    2  0  0
 0.1459474356391088    6    3  0  0
 0.3745084172125386    6    4  0  0
 0.1203644879001091    6    5  0  0
 -8.380936554802908    6    6  0  0
 -0.03094110682455573    7    1  0  0
 0.2439331131141595    7    2  0  0
 -0.1704626933130161    7    3  0  0
 -0.130439224517067    7    4  0  0
 -0.2094128326358594    7    5  0  0
 -0.02841804298170775    7    6  0  0
 -6.703191227683744    7    7  0  0
 0.1835101775834357    8    1  0  0
 -0.07588837075662154    8    2  0  0
 0.3310166258098409    8    3  0  0
 0.05822519359397062    8    4  0  0
 0.5966936175865555    8    5  0  0
 0.5112884378759788    8    6  0  0
 -0.3354705712732376    8    7  0  0
 -9.147543174490604    8    8  0  0
 0.1270305655018078    9    1  0  0
 0.1893666955226791    9    2  0  0
 0.1648652740868893    9    3  0  0
 -0.1483306715803565    9    4  0  0
 0.3682264167702994    9    5  0  0
 0.4424801658179794    9    6  0  0
 1.601432878129481    9    7  0  0
 -0.7330828030493364    9    8  0  0
 -7.681596048464464    9    9  0  0
 -0.002917185256992991   10    1  0  0
 -0.1597264279554647   10    2  0  0
 0.01686836487794059   10    3  0  0
 0.1904402321121485   10    4  0  0
 0.07029383535738619   10    5  0  0
 -0.9692337614286025   10    6  0  0
 0.2958556389978917   10    7  0  0
 -0.351319686631902   10    8  0  0
 0.005577519251143405   10    9  0  0
 -9.758816315317443   10   10  0  0
 0.003755454493875939   11    1  0  0
 -0.0106713284156779   11    2  0  0
 0.04876184354932315   11    3  0  0
 -0.05953583762345854   11    4  0  0
 0.04727930114142041   11    5  0  0
 0.02766320942429368   11    6  0  0
 0.6298175648333361   11    7  0  0
 0.4505319340335512   11    8  0  0
 -0.5448596895576695   11    9  0  0
 -0.03631742125660686   11   10  0  0
 -9.051809023621999   11   11  0  0
 0.0109633961949593   12    1  0  0
 -0.05237144785416268   12    2  0  0
 -0.05191504530915429   12    3  0  0
 0.04565885755811788   12    4  0  0
 0.01297144531257452   12    5  0  0
 0.004277824765830171   12    6  0  0
 -0.1246711242460737   12    7  0  0
 0.2709656765636621   12    8  0  0
 -0.4046421064167974   12    9  0  0
 -0.07474096077816762   12   10  0  0
 -0.9509882405690336   12   11  0  0
 -8.767434702700413   12   12  0  0
 -0.01072491084063752   13    1  0  0
 -0.1718387817956603   13    2  0  0
 0.0560294078151834   13    3  0  0
 0.7890808321773267   13    4  0  0
 0.1873771633289529   13    5  0  0
 -0.2896889771067878   13    6  0  0
 0.07374151852481621   13    7  0  0
 0.002869450810120731   13    8  0  0
 0.0616249928247709   13    9  0  0
 0.599920215505039   13   10  0  0
 -0.01880495776507238   13   11  0  0
 -0.03605164150710821   13   12  0  0
 -6.219036871384904   13   13  0  0
 -0.07414091239104244   14    1  0  0
 0.308754111079365   14    2  0  0
 0.1938454012715024   14    3  0  0
 -0.08388870350643043   14    4  0  0
 -0.5239667532759147   14    5  0  0
 0.1115781367169325   14    6  0  0
 -0.09320364027816838   14    7  0  0
 0.09940293143604884   14    8  0  0
 0.005480977212298555   14    9  0  0
 -0.1307503483728694   14   10  0  0
 0.00585659565962371   14   11  0  0
 0.1219848239163205   14   12  0  0
 0.9203008563640815   14   13  0  0
 -3.955782581976926   14   14  0  0
 -0.1385645133853247   15    1  0  0
 0.2187266611478378   15    2  0  0
 0.4911589868574796   15    3  0  0
 -0.1442687260655681   15    4  0  0
 -0.5301924728357846   15    5  0  0
 -0.3099136404777816   15    6  0  0
 0.204735254201605   15    7  0  0
 -0.1011894414662407   15    8  0  0
 -0.09370170595008434   15    9  0  0
 0.5286911679329109   15   10  0  0
 -0.273409247471906   15   11  0  0
 -0.4368978833100958   15   12  0  0
 -0.4466954043185962   15   13  0  0
 -0.6931390818840329   15   14  0  0
 -5.381876144540173   15   15  0  0
 0.007363418748687561   16    1  0  0
 -0.09526046578955863   16    2  0  0
 -0.1251420514533071   16    3  0  0
 0.1386982118248608   16    4  0  0
 0.2742336620411803   16    5  0  0
 0.2581401498419548   16    6  0  0
 0.0213978637953272   16    7  0  0
 0.8692429375319346   16    8  0  0
 0.5777897699515725   16    9  0  0
 -0.07497062023300237   16   10  0  0
 -0.1320936935066816   16   11  0  0
 -0.2513220751244898   16   12  0  0
 0.2824711473027429   16   13  0  0
 0.3043737016708308   16   14  0  0
 1.573231793798574   16   15  0  0
 -5.567816420348303   16   16  0  0
 -0.001133331197388931   17    1  0  0
 -0.07368319548931233   17    2  0  0
 0.03188671489435358   17    3  0  0
 -0.2424436010014477   17    4  0  0
 0.1304167911720756   17    5  0  0
 -0.2657387800078547   17    6  0  0
 -0.02287751100463474   17    7  0  0
 0.02641056943954026   17    8  0  0
 0.01728623634792353   17    9  0  0
 0.5470039045115671   17   10  0  0
 0.01915552181602287   17   11  0  0
 0.04651838454432818   17   12  0  0
 0.2327124324738268   17   13  0  0
 1.023217673160731   17   14  0  0
 -0.076305193850022   17   15  0  0
 -0.01704971308347348   17   16  0  0
 -7.847089386457053   17   17  0  0
 -0.1839952222565264   18    1  0  0
 -0.05771233640265806   18    2  0  0
 0.7614443302800737   18    3  0  0
 0.1029492587019672   18    4  0  0
 0.136656482290445   18    5  0  0
 0.2428077286517   18    6  0  0
 0.05713401576444196   18    7  0  0
 -0.2916466994901191   18    8  0  0
 -0.1354074539926559   18    9  0  0
 -0.151700956168949   18   10  0  0
 0.02674322632080042   18   11  0  0
 0.148195214739298   18   12  0  0
 0.277125593946608   18   13  0  0
 -0.6755486936404248   18   14  0  0
 -1.414866754949714   18   15  0  0
 0.5112546983066634   18   16  0  0
 0.02259597341558755   18   17  0  0
 -8.669460910417937   18   18  0  0
 0  0  0  0  0
