          |                                    ___       ___
          |  _______________________________  /   \ . . /   \
          |                                   \___/     \___/
          |              VAYESTA                  .  V  .   .
          |     Quantum Embedding Package          .___.  A  .___
          |  _______________________________       /   \ . . /   \
          |                    version 1.0.1       \___/     \___/ 
          |
No module named 'dyson'
Dyson required for self-energy calculations
[geomopt] optimizer=sella, 10 atoms, basis=sto-3g, mode=ewf, solver=multi-solver (norb<13 -> FCI, else SQD)
[geomopt] Working directory : /mnt/beegfs/merzk/kaliakd/EWF_Geom_Opt_Development/release_code_showcase_acetone/EWF-FCI_SQD/jobs_EWF
[geomopt] Per-step subfolder: step_{step:03d}
[geomopt] Sella params: {'order': 0, 'internal': True}  (fmax=0.1 eV/A, steps=25)
[geomopt] Trajectory will be written to: /mnt/beegfs/merzk/kaliakd/EWF_Geom_Opt_Development/release_code_showcase_acetone/EWF-FCI_SQD/jobs_EWF/ewf_geomopt_optim.xyz
DEPRECATED:2026-07-24 21:14:57,092:jax._src.xla_bridge:794: An NVIDIA GPU may be present on this machine, but a CUDA-enabled jaxlib is not installed. Falling back to cpu.
/home/kaliakd/isilon/Danil/Software/Executables/miniforge3/envs/ewf/lib/python3.10/site-packages/numpy/_core/getlimits.py:558: UserWarning: The value of the smallest subnormal for <class 'numpy.float64'> type is zero.
  setattr(self, word, getattr(machar, word).flat[0])
/home/kaliakd/isilon/Danil/Software/Executables/miniforge3/envs/ewf/lib/python3.10/site-packages/numpy/_core/getlimits.py:90: UserWarning: The value of the smallest subnormal for <class 'numpy.float64'> type is zero.
  return self._float_to_str(self.smallest_subnormal)

======================================================================
[geomopt step=000] Starting EWF-FCI/SQD single-point in /mnt/beegfs/merzk/kaliakd/EWF_Geom_Opt_Development/release_code_showcase_acetone/EWF-FCI_SQD/jobs_EWF/step_000
======================================================================
[geomopt step=000] Building mol + RHF
[geomopt step=000] HF energy: -189.5319968139
          |
          |  INITIALIZING EWF
          |  ================
          |      Initial E(mean-field)=    -189.53199681 Ha
          |      Calculated E(HF)=         -189.53199681 Ha
          |      Difference dE=              +0.00000000 Ha ( -0.0%)
          |      n(AO)=   26  n(MO)=   26  n(linear dep.)=    0
          |      Parameters of EWF:
          |      Options(store_eris=True, global_frag_chempot=None, dm_with_frozen=False, bath_options={'bathtype':
          |          'mp2', 'canonicalize': True, 'occupation_tolerance': 1e-06, 'dmet_threshold': 1e-08, 'rcut': None,
          |          'unit': 'Ang', 'local_aux_enable': False, 'local_aux_radius': 5.0, 'local_aux_unit': 'Ang',
          |          'local_aux_atom_weight_thresh': 0.0001, 'local_aux_print': False, 'order': None, 'max_order': 20,
          |          'threshold': 1e-05, 'truncation': 'occupation', 'project_dmet_order': 2, 'project_dmet_mode':
          |          'squared-entropy', 'addbuffer': False, 'bathtype_occ': None, 'bathtype_vir': None, 'rcut_occ': None,
          |          'rcut_vir': None, 'unit_occ': None, 'unit_vir': None, 'order_occ': None, 'order_vir': None,
          |          'max_order_occ': None, 'max_order_vir': None, 'threshold_occ': None, 'threshold_vir': None,
          |          'truncation_occ': None, 'truncation_vir': None, 'project_dmet_order_occ': None,
          |          'project_dmet_order_vir': None, 'project_dmet_mode_occ': None, 'project_dmet_mode_vir': None,
          |          'addbuffer_occ': None, 'addbuffer_dmet_vir': None, 'canonicalize_occ': None, 'canonicalize_vir':
          |          None}, bosonic_bath_options={'bathtype': None, 'target_orbitals': 'full', 'local_projection':
          |          'fragment', 'threshold': 1e-06, 'truncation': 'occupation'}, solver_options={'conv_tol': None,
          |          'n_moments': None, 'solve_lambda': True, 'conv_tol_normt': None, 'level_shift': None, 'diis_space':
          |          None, 'diis_start_cycle': None, 'iterative_damping': None, 'threads': 1, 'max_cycle': 300,
          |          'fix_spin': None, 'lindep': None, 'davidson_only': True, 'init_guess': 'default', 'max_boson_occ':
          |          2, 'ansatz': None, 'store_as_ccsd': None, 'dumpfile': '/dev/null', 'callback': None,
          |          'compress_cderi': False}, symmetry_tol=1e-06, symmetry_mf_tol=1e-05, screening=None,
          |          ext_rpa_correction=None, match_cluster_fock=False, iao_minao='auto', project_eris=False,
          |          project_init_guess=True, energy_functional='wf', calc_e_wf_corr=True, calc_e_dm_corr=False,
          |          calc_e_ccsd_t_corr=False, t_as_lambda=None, store_wf_type=None, bsse_correction=True, bsse_rmax=5.0,
          |          nelectron_target=None, sc_mode=0, coupled_iterations=False, _debug_wf=None)
          |      Time for EWF setup: 0.1 s
          |  IAO Fragmentation
          |  -----------------
          |  IAO:  computational basis= sto-3g  minimal reference basis= sto-3g (automatically chosen)
          |      IAO CACHE MISS: iao_cache.h5 not found
          |      IAO: building IAOs from scratch (cache miss).
          |      n(AO)=   26  n(MO)=   26  n(occ-MO)=   16  n(IAO)=   26
          |      IAO CACHE WRITE: saved C_iao to iao_cache.h5 (shape=(26, 26))
          |      Fragmentation: orthogonal= True, occupied-complete= True, virtual-complete= True
[geomopt step=000] Discovered 10 fragment(s) at threshold=1e-05
[geomopt step=000] === Wave 1/2 : submitting 10 DUMP job(s) ===
[driver] Submitted dump fragment   0  -> Slurm job 6039448  (/mnt/beegfs/merzk/kaliakd/EWF_Geom_Opt_Development/release_code_showcase_acetone/EWF-FCI_SQD/jobs_EWF/step_000/jobs_fragments_production/frag_dump_000.sh)
[driver] Submitted dump fragment   1  -> Slurm job 6039449  (/mnt/beegfs/merzk/kaliakd/EWF_Geom_Opt_Development/release_code_showcase_acetone/EWF-FCI_SQD/jobs_EWF/step_000/jobs_fragments_production/frag_dump_001.sh)
[driver] Submitted dump fragment   2  -> Slurm job 6039450  (/mnt/beegfs/merzk/kaliakd/EWF_Geom_Opt_Development/release_code_showcase_acetone/EWF-FCI_SQD/jobs_EWF/step_000/jobs_fragments_production/frag_dump_002.sh)
[driver] Submitted dump fragment   3  -> Slurm job 6039451  (/mnt/beegfs/merzk/kaliakd/EWF_Geom_Opt_Development/release_code_showcase_acetone/EWF-FCI_SQD/jobs_EWF/step_000/jobs_fragments_production/frag_dump_003.sh)
[driver] Submitted dump fragment   4  -> Slurm job 6039452  (/mnt/beegfs/merzk/kaliakd/EWF_Geom_Opt_Development/release_code_showcase_acetone/EWF-FCI_SQD/jobs_EWF/step_000/jobs_fragments_production/frag_dump_004.sh)
[driver] Submitted dump fragment   5  -> Slurm job 6039453  (/mnt/beegfs/merzk/kaliakd/EWF_Geom_Opt_Development/release_code_showcase_acetone/EWF-FCI_SQD/jobs_EWF/step_000/jobs_fragments_production/frag_dump_005.sh)
[driver] Submitted dump fragment   6  -> Slurm job 6039454  (/mnt/beegfs/merzk/kaliakd/EWF_Geom_Opt_Development/release_code_showcase_acetone/EWF-FCI_SQD/jobs_EWF/step_000/jobs_fragments_production/frag_dump_006.sh)
[driver] Submitted dump fragment   7  -> Slurm job 6039455  (/mnt/beegfs/merzk/kaliakd/EWF_Geom_Opt_Development/release_code_showcase_acetone/EWF-FCI_SQD/jobs_EWF/step_000/jobs_fragments_production/frag_dump_007.sh)
[driver] Submitted dump fragment   8  -> Slurm job 6039456  (/mnt/beegfs/merzk/kaliakd/EWF_Geom_Opt_Development/release_code_showcase_acetone/EWF-FCI_SQD/jobs_EWF/step_000/jobs_fragments_production/frag_dump_008.sh)
[driver] Submitted dump fragment   9  -> Slurm job 6039457  (/mnt/beegfs/merzk/kaliakd/EWF_Geom_Opt_Development/release_code_showcase_acetone/EWF-FCI_SQD/jobs_EWF/step_000/jobs_fragments_production/frag_dump_009.sh)
[driver] Waiting on 10 fragment status file(s) in '/mnt/beegfs/merzk/kaliakd/EWF_Geom_Opt_Development/release_code_showcase_acetone/EWF-FCI_SQD/jobs_EWF/step_000/jobs_fragments_production'
[driver]   done=0/10  running=0  queued=10  (poll 15s)
[driver]   done=5/10  running=2  queued=3  (poll 15s)
[driver] All fragment jobs reported DONE.
[geomopt step=000] === Wave 2/2 : submitting 10 solve (FCI/SCI) job(s) ===
[driver] Submitted CI fragment   0  -> Slurm job 6039459  (/mnt/beegfs/merzk/kaliakd/EWF_Geom_Opt_Development/release_code_showcase_acetone/EWF-FCI_SQD/jobs_EWF/step_000/jobs_ci_calculations/frag_solve_000.sh)
[driver] Submitted CI fragment   1  -> Slurm job 6039460  (/mnt/beegfs/merzk/kaliakd/EWF_Geom_Opt_Development/release_code_showcase_acetone/EWF-FCI_SQD/jobs_EWF/step_000/jobs_ci_calculations/frag_solve_001.sh)
[driver] Submitted CI fragment   2  -> Slurm job 6039461  (/mnt/beegfs/merzk/kaliakd/EWF_Geom_Opt_Development/release_code_showcase_acetone/EWF-FCI_SQD/jobs_EWF/step_000/jobs_ci_calculations/frag_solve_002.sh)
[driver] Submitted CI fragment   3  -> Slurm job 6039462  (/mnt/beegfs/merzk/kaliakd/EWF_Geom_Opt_Development/release_code_showcase_acetone/EWF-FCI_SQD/jobs_EWF/step_000/jobs_ci_calculations/frag_solve_003.sh)
[driver] Submitted CI fragment   4  -> Slurm job 6039463  (/mnt/beegfs/merzk/kaliakd/EWF_Geom_Opt_Development/release_code_showcase_acetone/EWF-FCI_SQD/jobs_EWF/step_000/jobs_ci_calculations/frag_solve_004.sh)
[driver] Submitted CI fragment   5  -> Slurm job 6039464  (/mnt/beegfs/merzk/kaliakd/EWF_Geom_Opt_Development/release_code_showcase_acetone/EWF-FCI_SQD/jobs_EWF/step_000/jobs_ci_calculations/frag_solve_005.sh)
[driver] Submitted CI fragment   6  -> Slurm job 6039465  (/mnt/beegfs/merzk/kaliakd/EWF_Geom_Opt_Development/release_code_showcase_acetone/EWF-FCI_SQD/jobs_EWF/step_000/jobs_ci_calculations/frag_solve_006.sh)
[driver] Submitted CI fragment   7  -> Slurm job 6039466  (/mnt/beegfs/merzk/kaliakd/EWF_Geom_Opt_Development/release_code_showcase_acetone/EWF-FCI_SQD/jobs_EWF/step_000/jobs_ci_calculations/frag_solve_007.sh)
[driver] Submitted CI fragment   8  -> Slurm job 6039467  (/mnt/beegfs/merzk/kaliakd/EWF_Geom_Opt_Development/release_code_showcase_acetone/EWF-FCI_SQD/jobs_EWF/step_000/jobs_ci_calculations/frag_solve_008.sh)
[driver] Submitted CI fragment   9  -> Slurm job 6039468  (/mnt/beegfs/merzk/kaliakd/EWF_Geom_Opt_Development/release_code_showcase_acetone/EWF-FCI_SQD/jobs_EWF/step_000/jobs_ci_calculations/frag_solve_009.sh)
[driver] Waiting on 10 fragment status file(s) in '/mnt/beegfs/merzk/kaliakd/EWF_Geom_Opt_Development/release_code_showcase_acetone/EWF-FCI_SQD/jobs_EWF/step_000/jobs_ci_calculations'
[driver]   done=0/10  running=0  queued=10  (poll 15s)
[driver]   done=0/10  running=6  queued=4  (poll 15s)
[driver]   done=6/10  running=0  queued=4  (poll 15s)
[driver]   done=6/10  running=0  queued=4  (poll 15s)
[driver]   done=6/10  running=0  queued=4  (poll 15s)
[driver]   done=6/10  running=0  queued=4  (poll 15s)
[driver]   done=6/10  running=0  queued=4  (poll 15s)
[driver]   done=6/10  running=0  queued=4  (poll 15s)
[driver]   done=6/10  running=0  queued=4  (poll 15s)
[driver]   done=6/10  running=0  queued=4  (poll 15s)
[driver]   done=6/10  running=0  queued=4  (poll 15s)
[driver]   done=6/10  running=0  queued=4  (poll 15s)
[driver]   done=6/10  running=0  queued=4  (poll 15s)
[driver]   done=6/10  running=0  queued=4  (poll 15s)
[driver]   done=6/10  running=0  queued=4  (poll 15s)
[driver]   done=6/10  running=0  queued=4  (poll 15s)
[driver]   done=6/10  running=0  queued=4  (poll 15s)
[driver]   done=6/10  running=0  queued=4  (poll 15s)
[driver]   done=6/10  running=0  queued=4  (poll 15s)
[driver]   done=6/10  running=0  queued=4  (poll 15s)
[driver]   done=6/10  running=0  queued=4  (poll 15s)
[driver]   done=6/10  running=0  queued=4  (poll 15s)
[driver]   done=6/10  running=0  queued=4  (poll 15s)
[driver]   done=6/10  running=0  queued=4  (poll 15s)
[driver]   done=6/10  running=0  queued=4  (poll 15s)
[driver]   done=6/10  running=0  queued=4  (poll 15s)
[driver]   done=6/10  running=0  queued=4  (poll 15s)
[driver]   done=6/10  running=0  queued=4  (poll 15s)
[driver]   done=6/10  running=0  queued=4  (poll 15s)
[driver]   done=6/10  running=0  queued=4  (poll 15s)
[driver]   done=6/10  running=0  queued=4  (poll 15s)
[driver]   done=6/10  running=0  queued=4  (poll 15s)
[driver]   done=6/10  running=0  queued=4  (poll 15s)
[driver]   done=6/10  running=0  queued=4  (poll 15s)
[driver]   done=6/10  running=0  queued=4  (poll 15s)
[driver]   done=6/10  running=0  queued=4  (poll 15s)
[driver]   done=6/10  running=0  queued=4  (poll 15s)
[driver]   done=6/10  running=0  queued=4  (poll 15s)
[driver]   done=6/10  running=0  queued=4  (poll 15s)
[driver]   done=6/10  running=0  queued=4  (poll 15s)
[driver]   done=6/10  running=0  queued=4  (poll 15s)
[driver]   done=6/10  running=0  queued=4  (poll 15s)
[driver]   done=6/10  running=0  queued=4  (poll 15s)
[driver]   done=6/10  running=0  queued=4  (poll 15s)
[driver]   done=6/10  running=0  queued=4  (poll 15s)
[driver]   done=6/10  running=0  queued=4  (poll 15s)
[driver]   done=6/10  running=0  queued=4  (poll 15s)
[driver]   done=6/10  running=0  queued=4  (poll 15s)
[driver]   done=6/10  running=0  queued=4  (poll 15s)
[driver]   done=6/10  running=1  queued=3  (poll 15s)
[driver]   done=6/10  running=1  queued=3  (poll 15s)
[driver]   done=6/10  running=1  queued=3  (poll 15s)
[driver]   done=6/10  running=1  queued=3  (poll 15s)
[driver]   done=6/10  running=1  queued=3  (poll 15s)
[driver]   done=6/10  running=1  queued=3  (poll 15s)
[driver]   done=6/10  running=1  queued=3  (poll 15s)
[driver]   done=6/10  running=1  queued=3  (poll 15s)
[driver]   done=6/10  running=1  queued=3  (poll 15s)
[driver]   done=6/10  running=1  queued=3  (poll 15s)
[driver]   done=6/10  running=1  queued=3  (poll 15s)
[driver]   done=6/10  running=1  queued=3  (poll 15s)
[driver]   done=6/10  running=1  queued=3  (poll 15s)
[driver]   done=6/10  running=1  queued=3  (poll 15s)
[driver]   done=6/10  running=1  queued=3  (poll 15s)
[driver]   done=6/10  running=1  queued=3  (poll 15s)
[driver]   done=6/10  running=1  queued=3  (poll 15s)
[driver]   done=6/10  running=1  queued=3  (poll 15s)
[driver]   done=6/10  running=1  queued=3  (poll 15s)
[driver]   done=6/10  running=1  queued=3  (poll 15s)
[driver]   done=6/10  running=1  queued=3  (poll 15s)
[driver]   done=6/10  running=1  queued=3  (poll 15s)
[driver]   done=6/10  running=1  queued=3  (poll 15s)
[driver]   done=6/10  running=1  queued=3  (poll 15s)
[driver]   done=6/10  running=1  queued=3  (poll 15s)
[driver]   done=6/10  running=1  queued=3  (poll 15s)
[driver]   done=6/10  running=1  queued=3  (poll 15s)
[driver]   done=6/10  running=1  queued=3  (poll 15s)
[driver]   done=6/10  running=1  queued=3  (poll 15s)
[driver]   done=6/10  running=1  queued=3  (poll 15s)
[driver]   done=6/10  running=1  queued=3  (poll 15s)
[driver]   done=6/10  running=1  queued=3  (poll 15s)
[driver]   done=6/10  running=1  queued=3  (poll 15s)
[driver]   done=6/10  running=1  queued=3  (poll 15s)
[driver]   done=6/10  running=1  queued=3  (poll 15s)
[driver]   done=6/10  running=1  queued=3  (poll 15s)
[driver]   done=6/10  running=1  queued=3  (poll 15s)
[driver]   done=6/10  running=1  queued=3  (poll 15s)
[driver]   done=6/10  running=1  queued=3  (poll 15s)
[driver]   done=6/10  running=1  queued=3  (poll 15s)
[driver]   done=6/10  running=1  queued=3  (poll 15s)
[driver]   done=6/10  running=1  queued=3  (poll 15s)
[driver]   done=6/10  running=1  queued=3  (poll 15s)
[driver]   done=6/10  running=1  queued=3  (poll 15s)
[driver]   done=6/10  running=1  queued=3  (poll 15s)
[driver]   done=6/10  running=1  queued=3  (poll 15s)
[driver]   done=6/10  running=1  queued=3  (poll 15s)
[driver]   done=6/10  running=1  queued=3  (poll 15s)
[driver]   done=6/10  running=1  queued=3  (poll 15s)
[driver]   done=6/10  running=1  queued=3  (poll 15s)
[driver]   done=6/10  running=1  queued=3  (poll 15s)
[driver]   done=6/10  running=1  queued=3  (poll 15s)
[driver]   done=6/10  running=1  queued=3  (poll 15s)
[driver]   done=6/10  running=1  queued=3  (poll 15s)
[driver]   done=6/10  running=1  queued=3  (poll 15s)
[driver]   done=6/10  running=1  queued=3  (poll 15s)
[driver]   done=6/10  running=1  queued=3  (poll 15s)
[driver]   done=6/10  running=1  queued=3  (poll 15s)
[driver]   done=6/10  running=1  queued=3  (poll 15s)
[driver]   done=6/10  running=1  queued=3  (poll 15s)
[driver]   done=6/10  running=1  queued=3  (poll 15s)
[driver]   done=6/10  running=1  queued=3  (poll 15s)
[driver]   done=6/10  running=1  queued=3  (poll 15s)
[driver]   done=6/10  running=1  queued=3  (poll 15s)
[driver]   done=6/10  running=1  queued=3  (poll 15s)
[driver]   done=6/10  running=1  queued=3  (poll 15s)
[driver]   done=6/10  running=1  queued=3  (poll 15s)
[driver]   done=6/10  running=1  queued=3  (poll 15s)
[driver]   done=6/10  running=1  queued=3  (poll 15s)
[driver]   done=6/10  running=1  queued=3  (poll 15s)
[driver]   done=6/10  running=1  queued=3  (poll 15s)
[driver]   done=6/10  running=1  queued=3  (poll 15s)
[driver]   done=6/10  running=1  queued=3  (poll 15s)
[driver]   done=6/10  running=1  queued=3  (poll 15s)
[driver]   done=6/10  running=1  queued=3  (poll 15s)
[driver]   done=6/10  running=1  queued=3  (poll 15s)
[driver]   done=6/10  running=1  queued=3  (poll 15s)
[driver]   done=6/10  running=1  queued=3  (poll 15s)
[driver]   done=6/10  running=1  queued=3  (poll 15s)
[driver]   done=6/10  running=1  queued=3  (poll 15s)
[driver]   done=6/10  running=1  queued=3  (poll 15s)
[driver]   done=6/10  running=1  queued=3  (poll 15s)
[driver]   done=6/10  running=1  queued=3  (poll 15s)
[driver]   done=6/10  running=1  queued=3  (poll 15s)
[driver]   done=6/10  running=1  queued=3  (poll 15s)
[driver]   done=6/10  running=1  queued=3  (poll 15s)
[driver]   done=6/10  running=1  queued=3  (poll 15s)
[driver]   done=6/10  running=1  queued=3  (poll 15s)
[driver]   done=6/10  running=1  queued=3  (poll 15s)
[driver]   done=6/10  running=1  queued=3  (poll 15s)
[driver]   done=6/10  running=1  queued=3  (poll 15s)
[driver]   done=6/10  running=1  queued=3  (poll 15s)
[driver]   done=6/10  running=1  queued=3  (poll 15s)
[driver]   done=6/10  running=1  queued=3  (poll 15s)
[driver]   done=6/10  running=1  queued=3  (poll 15s)
[driver]   done=6/10  running=1  queued=3  (poll 15s)
[driver]   done=6/10  running=1  queued=3  (poll 15s)
[driver]   done=6/10  running=1  queued=3  (poll 15s)
[driver]   done=6/10  running=1  queued=3  (poll 15s)
[driver]   done=6/10  running=1  queued=3  (poll 15s)
[driver]   done=6/10  running=1  queued=3  (poll 15s)
[driver]   done=6/10  running=1  queued=3  (poll 15s)
[driver]   done=6/10  running=1  queued=3  (poll 15s)
[driver]   done=6/10  running=1  queued=3  (poll 15s)
[driver]   done=6/10  running=1  queued=3  (poll 15s)
[driver]   done=6/10  running=1  queued=3  (poll 15s)
[driver]   done=6/10  running=1  queued=3  (poll 15s)
[driver]   done=6/10  running=1  queued=3  (poll 15s)
[driver]   done=6/10  running=1  queued=3  (poll 15s)
[driver]   done=6/10  running=1  queued=3  (poll 15s)
[driver]   done=6/10  running=1  queued=3  (poll 15s)
[driver]   done=6/10  running=1  queued=3  (poll 15s)
[driver]   done=6/10  running=1  queued=3  (poll 15s)
[driver]   done=6/10  running=1  queued=3  (poll 15s)
[driver]   done=6/10  running=1  queued=3  (poll 15s)
[driver]   done=6/10  running=1  queued=3  (poll 15s)
[driver]   done=6/10  running=1  queued=3  (poll 15s)
[driver]   done=6/10  running=1  queued=3  (poll 15s)
[driver]   done=6/10  running=1  queued=3  (poll 15s)
[driver]   done=6/10  running=1  queued=3  (poll 15s)
[driver]   done=6/10  running=1  queued=3  (poll 15s)
[driver]   done=6/10  running=1  queued=3  (poll 15s)
[driver]   done=6/10  running=1  queued=3  (poll 15s)
[driver]   done=6/10  running=1  queued=3  (poll 15s)
[driver]   done=6/10  running=1  queued=3  (poll 15s)
[driver]   done=6/10  running=1  queued=3  (poll 15s)
[driver]   done=6/10  running=1  queued=3  (poll 15s)
[driver]   done=6/10  running=1  queued=3  (poll 15s)
[driver]   done=6/10  running=1  queued=3  (poll 15s)
[driver]   done=6/10  running=1  queued=3  (poll 15s)
[driver]   done=6/10  running=1  queued=3  (poll 15s)
[driver]   done=6/10  running=1  queued=3  (poll 15s)
[driver]   done=6/10  running=1  queued=3  (poll 15s)
[driver]   done=6/10  running=1  queued=3  (poll 15s)
[driver]   done=6/10  running=1  queued=3  (poll 15s)
[driver]   done=6/10  running=1  queued=3  (poll 15s)
[driver]   done=6/10  running=1  queued=3  (poll 15s)
[driver]   done=6/10  running=1  queued=3  (poll 15s)
[driver]   done=6/10  running=1  queued=3  (poll 15s)
[driver]   done=6/10  running=1  queued=3  (poll 15s)
[driver]   done=6/10  running=1  queued=3  (poll 15s)
[driver]   done=6/10  running=1  queued=3  (poll 15s)
[driver]   done=6/10  running=1  queued=3  (poll 15s)
[driver]   done=6/10  running=1  queued=3  (poll 15s)
[driver]   done=6/10  running=1  queued=3  (poll 15s)
[driver]   done=6/10  running=1  queued=3  (poll 15s)
[driver]   done=6/10  running=1  queued=3  (poll 15s)
[driver]   done=6/10  running=1  queued=3  (poll 15s)
[driver]   done=6/10  running=1  queued=3  (poll 15s)
[driver]   done=6/10  running=1  queued=3  (poll 15s)
[driver]   done=6/10  running=1  queued=3  (poll 15s)
[driver]   done=6/10  running=1  queued=3  (poll 15s)
[driver]   done=6/10  running=1  queued=3  (poll 15s)
[driver]   done=6/10  running=1  queued=3  (poll 15s)
[driver]   done=6/10  running=1  queued=3  (poll 15s)
[driver]   done=6/10  running=1  queued=3  (poll 15s)
[driver]   done=6/10  running=1  queued=3  (poll 15s)
[driver]   done=6/10  running=1  queued=3  (poll 15s)
[driver]   done=6/10  running=1  queued=3  (poll 15s)
[driver]   done=6/10  running=1  queued=3  (poll 15s)
[driver]   done=6/10  running=1  queued=3  (poll 15s)
[driver]   done=6/10  running=1  queued=3  (poll 15s)
[driver]   done=6/10  running=1  queued=3  (poll 15s)
[driver]   done=6/10  running=1  queued=3  (poll 15s)
[driver]   done=6/10  running=1  queued=3  (poll 15s)
[driver]   done=6/10  running=1  queued=3  (poll 15s)
[driver]   done=6/10  running=1  queued=3  (poll 15s)
[driver]   done=6/10  running=1  queued=3  (poll 15s)
[driver]   done=6/10  running=1  queued=3  (poll 15s)
[driver]   done=6/10  running=1  queued=3  (poll 15s)
[driver]   done=6/10  running=1  queued=3  (poll 15s)
[driver]   done=6/10  running=1  queued=3  (poll 15s)
[driver]   done=6/10  running=1  queued=3  (poll 15s)
[driver]   done=6/10  running=1  queued=3  (poll 15s)
[driver]   done=6/10  running=1  queued=3  (poll 15s)
[driver]   done=6/10  running=1  queued=3  (poll 15s)
[driver]   done=6/10  running=1  queued=3  (poll 15s)
[driver]   done=6/10  running=1  queued=3  (poll 15s)
[driver]   done=6/10  running=1  queued=3  (poll 15s)
[driver]   done=6/10  running=1  queued=3  (poll 15s)
[driver]   done=6/10  running=1  queued=3  (poll 15s)
[driver]   done=6/10  running=1  queued=3  (poll 15s)
[driver]   done=6/10  running=1  queued=3  (poll 15s)
[driver]   done=6/10  running=1  queued=3  (poll 15s)
[driver]   done=6/10  running=1  queued=3  (poll 15s)
[driver]   done=6/10  running=1  queued=3  (poll 15s)
[driver]   done=6/10  running=1  queued=3  (poll 15s)
[driver]   done=6/10  running=1  queued=3  (poll 15s)
[driver]   done=6/10  running=1  queued=3  (poll 15s)
[driver]   done=6/10  running=1  queued=3  (poll 15s)
[driver]   done=6/10  running=1  queued=3  (poll 15s)
[driver]   done=6/10  running=1  queued=3  (poll 15s)
[driver]   done=6/10  running=1  queued=3  (poll 15s)
[driver]   done=6/10  running=1  queued=3  (poll 15s)
[driver]   done=6/10  running=1  queued=3  (poll 15s)
[driver]   done=6/10  running=1  queued=3  (poll 15s)
[driver]   done=6/10  running=1  queued=3  (poll 15s)
[driver]   done=6/10  running=1  queued=3  (poll 15s)
[driver]   done=6/10  running=1  queued=3  (poll 15s)
[driver]   done=6/10  running=1  queued=3  (poll 15s)
[driver]   done=6/10  running=1  queued=3  (poll 15s)
[driver]   done=6/10  running=1  queued=3  (poll 15s)
[driver]   done=6/10  running=1  queued=3  (poll 15s)
[driver]   done=6/10  running=1  queued=3  (poll 15s)
[driver]   done=6/10  running=1  queued=3  (poll 15s)
[driver]   done=6/10  running=1  queued=3  (poll 15s)
[driver]   done=6/10  running=1  queued=3  (poll 15s)
[driver]   done=6/10  running=1  queued=3  (poll 15s)
[driver]   done=6/10  running=1  queued=3  (poll 15s)
[driver]   done=6/10  running=1  queued=3  (poll 15s)
[driver]   done=6/10  running=1  queued=3  (poll 15s)
[driver]   done=6/10  running=1  queued=3  (poll 15s)
[driver]   done=6/10  running=1  queued=3  (poll 15s)
[driver]   done=6/10  running=1  queued=3  (poll 15s)
[driver]   done=6/10  running=1  queued=3  (poll 15s)
[driver]   done=6/10  running=1  queued=3  (poll 15s)
[driver]   done=6/10  running=1  queued=3  (poll 15s)
[driver]   done=6/10  running=1  queued=3  (poll 15s)
[driver]   done=6/10  running=1  queued=3  (poll 15s)
[driver]   done=6/10  running=1  queued=3  (poll 15s)
[driver]   done=6/10  running=1  queued=3  (poll 15s)
[driver]   done=6/10  running=1  queued=3  (poll 15s)
[driver]   done=6/10  running=1  queued=3  (poll 15s)
[driver]   done=6/10  running=1  queued=3  (poll 15s)
[driver]   done=6/10  running=1  queued=3  (poll 15s)
[driver]   done=6/10  running=1  queued=3  (poll 15s)
[driver]   done=6/10  running=1  queued=3  (poll 15s)
[driver]   done=6/10  running=1  queued=3  (poll 15s)
[driver]   done=6/10  running=1  queued=3  (poll 15s)
[driver]   done=6/10  running=1  queued=3  (poll 15s)
[driver]   done=6/10  running=1  queued=3  (poll 15s)
[driver]   done=6/10  running=1  queued=3  (poll 15s)
[driver]   done=6/10  running=1  queued=3  (poll 15s)
[driver]   done=6/10  running=1  queued=3  (poll 15s)
[driver]   done=6/10  running=1  queued=3  (poll 15s)
[driver]   done=6/10  running=1  queued=3  (poll 15s)
[driver]   done=6/10  running=1  queued=3  (poll 15s)
[driver]   done=6/10  running=1  queued=3  (poll 15s)
[driver]   done=6/10  running=1  queued=3  (poll 15s)
[driver]   done=6/10  running=1  queued=3  (poll 15s)
[driver]   done=6/10  running=1  queued=3  (poll 15s)
[driver]   done=6/10  running=1  queued=3  (poll 15s)
[driver]   done=6/10  running=1  queued=3  (poll 15s)
[driver]   done=6/10  running=1  queued=3  (poll 15s)
[driver]   done=6/10  running=1  queued=3  (poll 15s)
[driver]   done=6/10  running=1  queued=3  (poll 15s)
[driver]   done=6/10  running=1  queued=3  (poll 15s)
[driver]   done=6/10  running=1  queued=3  (poll 15s)
[driver]   done=6/10  running=1  queued=3  (poll 15s)
[driver]   done=6/10  running=1  queued=3  (poll 15s)
[driver]   done=6/10  running=1  queued=3  (poll 15s)
[driver]   done=6/10  running=1  queued=3  (poll 15s)
[driver]   done=6/10  running=1  queued=3  (poll 15s)
[driver]   done=6/10  running=1  queued=3  (poll 15s)
[driver]   done=6/10  running=1  queued=3  (poll 15s)
[driver]   done=6/10  running=1  queued=3  (poll 15s)
[driver]   done=6/10  running=1  queued=3  (poll 15s)
[driver]   done=6/10  running=1  queued=3  (poll 15s)
[driver]   done=6/10  running=1  queued=3  (poll 15s)
[driver]   done=6/10  running=1  queued=3  (poll 15s)
[driver]   done=6/10  running=1  queued=3  (poll 15s)
[driver]   done=6/10  running=1  queued=3  (poll 15s)
[driver]   done=6/10  running=1  queued=3  (poll 15s)
[driver]   done=6/10  running=1  queued=3  (poll 15s)
[driver]   done=6/10  running=1  queued=3  (poll 15s)
[driver]   done=6/10  running=1  queued=3  (poll 15s)
[driver]   done=6/10  running=1  queued=3  (poll 15s)
[driver]   done=6/10  running=1  queued=3  (poll 15s)
[driver]   done=6/10  running=1  queued=3  (poll 15s)
[driver]   done=6/10  running=1  queued=3  (poll 15s)
[driver]   done=6/10  running=1  queued=3  (poll 15s)
[driver]   done=6/10  running=1  queued=3  (poll 15s)
[driver]   done=6/10  running=1  queued=3  (poll 15s)
[driver]   done=6/10  running=1  queued=3  (poll 15s)
[driver]   done=6/10  running=1  queued=3  (poll 15s)
[driver]   done=6/10  running=1  queued=3  (poll 15s)
[driver]   done=6/10  running=1  queued=3  (poll 15s)
[driver]   done=6/10  running=1  queued=3  (poll 15s)
[driver]   done=6/10  running=1  queued=3  (poll 15s)
[driver]   done=6/10  running=1  queued=3  (poll 15s)
[driver]   done=6/10  running=1  queued=3  (poll 15s)
[driver]   done=6/10  running=1  queued=3  (poll 15s)
[driver]   done=6/10  running=1  queued=3  (poll 15s)
[driver]   done=6/10  running=1  queued=3  (poll 15s)
[driver]   done=6/10  running=1  queued=3  (poll 15s)
[driver]   done=6/10  running=1  queued=3  (poll 15s)
[driver]   done=6/10  running=1  queued=3  (poll 15s)
[driver]   done=6/10  running=1  queued=3  (poll 15s)
[driver]   done=6/10  running=1  queued=3  (poll 15s)
[driver]   done=6/10  running=1  queued=3  (poll 15s)
[driver]   done=6/10  running=1  queued=3  (poll 15s)
[driver]   done=6/10  running=1  queued=3  (poll 15s)
[driver]   done=6/10  running=1  queued=3  (poll 15s)
[driver]   done=6/10  running=1  queued=3  (poll 15s)
[driver]   done=6/10  running=1  queued=3  (poll 15s)
[driver]   done=6/10  running=1  queued=3  (poll 15s)
[driver]   done=6/10  running=1  queued=3  (poll 15s)
[driver]   done=6/10  running=1  queued=3  (poll 15s)
[driver]   done=6/10  running=1  queued=3  (poll 15s)
[driver]   done=6/10  running=1  queued=3  (poll 15s)
[driver]   done=6/10  running=1  queued=3  (poll 15s)
[driver]   done=6/10  running=1  queued=3  (poll 15s)
[driver]   done=6/10  running=1  queued=3  (poll 15s)
[driver]   done=6/10  running=1  queued=3  (poll 15s)
[driver]   done=6/10  running=1  queued=3  (poll 15s)
[driver]   done=6/10  running=1  queued=3  (poll 15s)
[driver]   done=6/10  running=1  queued=3  (poll 15s)
[driver]   done=6/10  running=1  queued=3  (poll 15s)
[driver]   done=6/10  running=1  queued=3  (poll 15s)
[driver]   done=6/10  running=1  queued=3  (poll 15s)
[driver]   done=6/10  running=1  queued=3  (poll 15s)
[driver]   done=6/10  running=1  queued=3  (poll 15s)
[driver]   done=6/10  running=1  queued=3  (poll 15s)
[driver]   done=6/10  running=1  queued=3  (poll 15s)
[driver]   done=6/10  running=1  queued=3  (poll 15s)
[driver]   done=6/10  running=1  queued=3  (poll 15s)
[driver]   done=6/10  running=1  queued=3  (poll 15s)
[driver]   done=6/10  running=1  queued=3  (poll 15s)
[driver]   done=6/10  running=1  queued=3  (poll 15s)
[driver]   done=6/10  running=1  queued=3  (poll 15s)
[driver]   done=6/10  running=1  queued=3  (poll 15s)
[driver]   done=6/10  running=1  queued=3  (poll 15s)
[driver]   done=6/10  running=1  queued=3  (poll 15s)
[driver]   done=6/10  running=1  queued=3  (poll 15s)
[driver]   done=6/10  running=1  queued=3  (poll 15s)
[driver]   done=6/10  running=1  queued=3  (poll 15s)
[driver]   done=6/10  running=1  queued=3  (poll 15s)
[driver]   done=6/10  running=1  queued=3  (poll 15s)
[driver]   done=6/10  running=1  queued=3  (poll 15s)
[driver]   done=6/10  running=1  queued=3  (poll 15s)
[driver]   done=6/10  running=1  queued=3  (poll 15s)
[driver]   done=6/10  running=1  queued=3  (poll 15s)
[driver]   done=6/10  running=1  queued=3  (poll 15s)
[driver]   done=6/10  running=1  queued=3  (poll 15s)
[driver]   done=6/10  running=1  queued=3  (poll 15s)
[driver]   done=6/10  running=1  queued=3  (poll 15s)
[driver]   done=6/10  running=1  queued=3  (poll 15s)
[driver]   done=6/10  running=1  queued=3  (poll 15s)
[driver]   done=6/10  running=1  queued=3  (poll 15s)
[driver]   done=6/10  running=1  queued=3  (poll 15s)
[driver]   done=6/10  running=1  queued=3  (poll 15s)
[driver]   done=6/10  running=1  queued=3  (poll 15s)
[driver]   done=6/10  running=1  queued=3  (poll 15s)
[driver]   done=6/10  running=1  queued=3  (poll 15s)
[driver]   done=6/10  running=1  queued=3  (poll 15s)
[driver]   done=6/10  running=1  queued=3  (poll 15s)
[driver]   done=6/10  running=1  queued=3  (poll 15s)
[driver]   done=6/10  running=1  queued=3  (poll 15s)
[driver]   done=6/10  running=1  queued=3  (poll 15s)
[driver]   done=6/10  running=1  queued=3  (poll 15s)
[driver]   done=6/10  running=1  queued=3  (poll 15s)
[driver]   done=6/10  running=1  queued=3  (poll 15s)
[driver]   done=6/10  running=1  queued=3  (poll 15s)
[driver]   done=6/10  running=1  queued=3  (poll 15s)
[driver]   done=6/10  running=1  queued=3  (poll 15s)
[driver]   done=6/10  running=1  queued=3  (poll 15s)
[driver]   done=6/10  running=1  queued=3  (poll 15s)
[driver]   done=6/10  running=1  queued=3  (poll 15s)
[driver]   done=6/10  running=2  queued=2  (poll 15s)
[driver]   done=6/10  running=2  queued=2  (poll 15s)
[driver]   done=6/10  running=2  queued=2  (poll 15s)
[driver]   done=6/10  running=2  queued=2  (poll 15s)
[driver]   done=6/10  running=2  queued=2  (poll 15s)
[driver]   done=6/10  running=2  queued=2  (poll 15s)
[driver]   done=6/10  running=2  queued=2  (poll 15s)
[driver]   done=6/10  running=2  queued=2  (poll 15s)
[driver]   done=6/10  running=2  queued=2  (poll 15s)
[driver]   done=6/10  running=2  queued=2  (poll 15s)
[driver]   done=6/10  running=2  queued=2  (poll 15s)
[driver]   done=6/10  running=2  queued=2  (poll 15s)
[driver]   done=6/10  running=3  queued=1  (poll 15s)
[driver]   done=6/10  running=3  queued=1  (poll 15s)
[driver]   done=6/10  running=3  queued=1  (poll 15s)
[driver]   done=6/10  running=3  queued=1  (poll 15s)
[driver]   done=6/10  running=3  queued=1  (poll 15s)
[driver]   done=6/10  running=3  queued=1  (poll 15s)
[driver]   done=6/10  running=3  queued=1  (poll 15s)
[driver]   done=6/10  running=3  queued=1  (poll 15s)
[driver]   done=6/10  running=3  queued=1  (poll 15s)
[driver]   done=6/10  running=3  queued=1  (poll 15s)
[driver]   done=6/10  running=3  queued=1  (poll 15s)
[driver]   done=6/10  running=3  queued=1  (poll 15s)
[driver]   done=6/10  running=3  queued=1  (poll 15s)
[driver]   done=6/10  running=3  queued=1  (poll 15s)
[driver]   done=6/10  running=3  queued=1  (poll 15s)
[driver]   done=6/10  running=3  queued=1  (poll 15s)
[driver]   done=6/10  running=3  queued=1  (poll 15s)
[driver]   done=6/10  running=3  queued=1  (poll 15s)
[driver]   done=6/10  running=3  queued=1  (poll 15s)
[driver]   done=6/10  running=3  queued=1  (poll 15s)
[driver]   done=6/10  running=3  queued=1  (poll 15s)
[driver]   done=6/10  running=3  queued=1  (poll 15s)
[driver]   done=6/10  running=3  queued=1  (poll 15s)
[driver]   done=6/10  running=3  queued=1  (poll 15s)
[driver]   done=6/10  running=3  queued=1  (poll 15s)
[driver]   done=6/10  running=3  queued=1  (poll 15s)
[driver]   done=6/10  running=3  queued=1  (poll 15s)
[driver]   done=6/10  running=3  queued=1  (poll 15s)
[driver]   done=6/10  running=3  queued=1  (poll 15s)
[driver]   done=6/10  running=3  queued=1  (poll 15s)
[driver]   done=6/10  running=3  queued=1  (poll 15s)
[driver]   done=6/10  running=3  queued=1  (poll 15s)
[driver]   done=6/10  running=3  queued=1  (poll 15s)
[driver]   done=6/10  running=3  queued=1  (poll 15s)
[driver]   done=6/10  running=3  queued=1  (poll 15s)
[driver]   done=6/10  running=3  queued=1  (poll 15s)
[driver]   done=6/10  running=3  queued=1  (poll 15s)
[driver]   done=6/10  running=3  queued=1  (poll 15s)
[driver]   done=6/10  running=3  queued=1  (poll 15s)
[driver]   done=6/10  running=3  queued=1  (poll 15s)
[driver]   done=6/10  running=3  queued=1  (poll 15s)
[driver]   done=6/10  running=3  queued=1  (poll 15s)
[driver]   done=6/10  running=3  queued=1  (poll 15s)
[driver]   done=6/10  running=3  queued=1  (poll 15s)
[driver]   done=6/10  running=3  queued=1  (poll 15s)
[driver]   done=6/10  running=3  queued=1  (poll 15s)
[driver]   done=6/10  running=3  queued=1  (poll 15s)
[driver]   done=6/10  running=3  queued=1  (poll 15s)
[driver]   done=6/10  running=3  queued=1  (poll 15s)
[driver]   done=6/10  running=3  queued=1  (poll 15s)
[driver]   done=6/10  running=3  queued=1  (poll 15s)
[driver]   done=6/10  running=3  queued=1  (poll 15s)
[driver]   done=6/10  running=3  queued=1  (poll 15s)
[driver]   done=6/10  running=3  queued=1  (poll 15s)
[driver]   done=6/10  running=3  queued=1  (poll 15s)
[driver]   done=6/10  running=3  queued=1  (poll 15s)
[driver]   done=6/10  running=3  queued=1  (poll 15s)
[driver]   done=6/10  running=3  queued=1  (poll 15s)
[driver]   done=6/10  running=3  queued=1  (poll 15s)
[driver]   done=6/10  running=3  queued=1  (poll 15s)
[driver]   done=6/10  running=3  queued=1  (poll 15s)
[driver]   done=6/10  running=3  queued=1  (poll 15s)
[driver]   done=6/10  running=3  queued=1  (poll 15s)
[driver]   done=6/10  running=3  queued=1  (poll 15s)
[driver]   done=6/10  running=3  queued=1  (poll 15s)
[driver]   done=6/10  running=3  queued=1  (poll 15s)
[driver]   done=6/10  running=3  queued=1  (poll 15s)
[driver]   done=6/10  running=3  queued=1  (poll 15s)
[driver]   done=6/10  running=3  queued=1  (poll 15s)
[driver]   done=6/10  running=3  queued=1  (poll 15s)
[driver]   done=6/10  running=3  queued=1  (poll 15s)
[driver]   done=6/10  running=3  queued=1  (poll 15s)
[driver]   done=6/10  running=3  queued=1  (poll 15s)
[driver]   done=6/10  running=3  queued=1  (poll 15s)
[driver]   done=6/10  running=3  queued=1  (poll 15s)
[driver]   done=6/10  running=3  queued=1  (poll 15s)
[driver]   done=6/10  running=3  queued=1  (poll 15s)
[driver]   done=6/10  running=3  queued=1  (poll 15s)
[driver]   done=6/10  running=3  queued=1  (poll 15s)
[driver]   done=6/10  running=3  queued=1  (poll 15s)
[driver]   done=6/10  running=3  queued=1  (poll 15s)
[driver]   done=6/10  running=3  queued=1  (poll 15s)
[driver]   done=6/10  running=3  queued=1  (poll 15s)
[driver]   done=6/10  running=3  queued=1  (poll 15s)
[driver]   done=6/10  running=3  queued=1  (poll 15s)
[driver]   done=6/10  running=3  queued=1  (poll 15s)
[driver]   done=6/10  running=3  queued=1  (poll 15s)
[driver]   done=6/10  running=3  queued=1  (poll 15s)
[driver]   done=6/10  running=3  queued=1  (poll 15s)
[driver]   done=6/10  running=3  queued=1  (poll 15s)
[driver]   done=6/10  running=3  queued=1  (poll 15s)
[driver]   done=6/10  running=3  queued=1  (poll 15s)
[driver]   done=6/10  running=3  queued=1  (poll 15s)
[driver]   done=6/10  running=3  queued=1  (poll 15s)
[driver]   done=6/10  running=3  queued=1  (poll 15s)
[driver]   done=6/10  running=3  queued=1  (poll 15s)
[driver]   done=6/10  running=3  queued=1  (poll 15s)
[driver]   done=6/10  running=3  queued=1  (poll 15s)
[driver]   done=6/10  running=3  queued=1  (poll 15s)
[driver]   done=6/10  running=3  queued=1  (poll 15s)
[driver]   done=6/10  running=3  queued=1  (poll 15s)
[driver]   done=6/10  running=3  queued=1  (poll 15s)
[driver]   done=6/10  running=3  queued=1  (poll 15s)
[driver]   done=6/10  running=3  queued=1  (poll 15s)
[driver]   done=6/10  running=3  queued=1  (poll 15s)
[driver]   done=6/10  running=3  queued=1  (poll 15s)
[driver]   done=6/10  running=3  queued=1  (poll 15s)
[driver]   done=6/10  running=3  queued=1  (poll 15s)
[driver]   done=6/10  running=3  queued=1  (poll 15s)
[driver]   done=6/10  running=3  queued=1  (poll 15s)
[driver]   done=6/10  running=3  queued=1  (poll 15s)
[driver]   done=6/10  running=3  queued=1  (poll 15s)
[driver]   done=6/10  running=3  queued=1  (poll 15s)
[driver]   done=6/10  running=3  queued=1  (poll 15s)
[driver]   done=6/10  running=3  queued=1  (poll 15s)
[driver]   done=6/10  running=3  queued=1  (poll 15s)
[driver]   done=6/10  running=3  queued=1  (poll 15s)
[driver]   done=6/10  running=3  queued=1  (poll 15s)
[driver]   done=6/10  running=3  queued=1  (poll 15s)
[driver]   done=6/10  running=3  queued=1  (poll 15s)
[driver]   done=6/10  running=3  queued=1  (poll 15s)
[driver]   done=6/10  running=3  queued=1  (poll 15s)
[driver]   done=6/10  running=3  queued=1  (poll 15s)
[driver]   done=6/10  running=3  queued=1  (poll 15s)
[driver]   done=6/10  running=3  queued=1  (poll 15s)
[driver]   done=6/10  running=3  queued=1  (poll 15s)
[driver]   done=6/10  running=3  queued=1  (poll 15s)
[driver]   done=6/10  running=3  queued=1  (poll 15s)
[driver]   done=6/10  running=3  queued=1  (poll 15s)
[driver]   done=6/10  running=3  queued=1  (poll 15s)
[driver]   done=6/10  running=3  queued=1  (poll 15s)
[driver]   done=6/10  running=3  queued=1  (poll 15s)
[driver]   done=6/10  running=3  queued=1  (poll 15s)
[driver]   done=6/10  running=3  queued=1  (poll 15s)
[driver]   done=6/10  running=3  queued=1  (poll 15s)
[driver]   done=6/10  running=3  queued=1  (poll 15s)
[driver]   done=6/10  running=3  queued=1  (poll 15s)
[driver]   done=6/10  running=3  queued=1  (poll 15s)
[driver]   done=6/10  running=3  queued=1  (poll 15s)
[driver]   done=6/10  running=3  queued=1  (poll 15s)
[driver]   done=6/10  running=3  queued=1  (poll 15s)
[driver]   done=6/10  running=3  queued=1  (poll 15s)
[driver]   done=6/10  running=3  queued=1  (poll 15s)
[driver]   done=6/10  running=3  queued=1  (poll 15s)
[driver]   done=6/10  running=3  queued=1  (poll 15s)
[driver]   done=6/10  running=3  queued=1  (poll 15s)
[driver]   done=6/10  running=3  queued=1  (poll 15s)
[driver]   done=6/10  running=3  queued=1  (poll 15s)
[driver]   done=6/10  running=3  queued=1  (poll 15s)
[driver]   done=6/10  running=3  queued=1  (poll 15s)
[driver]   done=6/10  running=3  queued=1  (poll 15s)
[driver]   done=6/10  running=3  queued=1  (poll 15s)
[driver]   done=6/10  running=3  queued=1  (poll 15s)
[driver]   done=6/10  running=3  queued=1  (poll 15s)
[driver]   done=6/10  running=3  queued=1  (poll 15s)
[driver]   done=6/10  running=3  queued=1  (poll 15s)
[driver]   done=6/10  running=3  queued=1  (poll 15s)
[driver]   done=6/10  running=3  queued=1  (poll 15s)
[driver]   done=6/10  running=3  queued=1  (poll 15s)
[driver]   done=6/10  running=3  queued=1  (poll 15s)
[driver]   done=6/10  running=3  queued=1  (poll 15s)
[driver]   done=6/10  running=3  queued=1  (poll 15s)
[driver]   done=6/10  running=3  queued=1  (poll 15s)
[driver]   done=6/10  running=3  queued=1  (poll 15s)
[driver]   done=6/10  running=3  queued=1  (poll 15s)
[driver]   done=6/10  running=3  queued=1  (poll 15s)
[driver]   done=6/10  running=3  queued=1  (poll 15s)
[driver]   done=6/10  running=3  queued=1  (poll 15s)
[driver]   done=6/10  running=3  queued=1  (poll 15s)
[driver]   done=6/10  running=3  queued=1  (poll 15s)
[driver]   done=6/10  running=3  queued=1  (poll 15s)
[driver]   done=6/10  running=3  queued=1  (poll 15s)
[driver]   done=6/10  running=3  queued=1  (poll 15s)
[driver]   done=6/10  running=3  queued=1  (poll 15s)
[driver]   done=6/10  running=3  queued=1  (poll 15s)
[driver]   done=6/10  running=3  queued=1  (poll 15s)
[driver]   done=6/10  running=3  queued=1  (poll 15s)
[driver]   done=6/10  running=3  queued=1  (poll 15s)
[driver]   done=6/10  running=3  queued=1  (poll 15s)
[driver]   done=6/10  running=3  queued=1  (poll 15s)
[driver]   done=6/10  running=3  queued=1  (poll 15s)
[driver]   done=6/10  running=3  queued=1  (poll 15s)
[driver]   done=6/10  running=3  queued=1  (poll 15s)
[driver]   done=6/10  running=3  queued=1  (poll 15s)
[driver]   done=6/10  running=3  queued=1  (poll 15s)
[driver]   done=6/10  running=3  queued=1  (poll 15s)
[driver]   done=6/10  running=3  queued=1  (poll 15s)
[driver]   done=6/10  running=3  queued=1  (poll 15s)
[driver]   done=6/10  running=3  queued=1  (poll 15s)
[driver]   done=6/10  running=3  queued=1  (poll 15s)
[driver]   done=6/10  running=3  queued=1  (poll 15s)
[driver]   done=6/10  running=3  queued=1  (poll 15s)
[driver]   done=6/10  running=3  queued=1  (poll 15s)
[driver]   done=6/10  running=3  queued=1  (poll 15s)
[driver]   done=6/10  running=3  queued=1  (poll 15s)
[driver]   done=6/10  running=3  queued=1  (poll 15s)
[driver]   done=6/10  running=3  queued=1  (poll 15s)
[driver]   done=6/10  running=3  queued=1  (poll 15s)
[driver]   done=6/10  running=3  queued=1  (poll 15s)
[driver]   done=6/10  running=3  queued=1  (poll 15s)
[driver]   done=6/10  running=3  queued=1  (poll 15s)
[driver]   done=6/10  running=3  queued=1  (poll 15s)
[driver]   done=6/10  running=3  queued=1  (poll 15s)
[driver]   done=6/10  running=3  queued=1  (poll 15s)
[driver]   done=6/10  running=3  queued=1  (poll 15s)
[driver]   done=6/10  running=3  queued=1  (poll 15s)
[driver]   done=6/10  running=3  queued=1  (poll 15s)
[driver]   done=6/10  running=3  queued=1  (poll 15s)
[driver]   done=6/10  running=3  queued=1  (poll 15s)
[driver]   done=6/10  running=3  queued=1  (poll 15s)
[driver]   done=6/10  running=3  queued=1  (poll 15s)
[driver]   done=6/10  running=3  queued=1  (poll 15s)
[driver]   done=6/10  running=3  queued=1  (poll 15s)
[driver]   done=6/10  running=3  queued=1  (poll 15s)
[driver]   done=6/10  running=3  queued=1  (poll 15s)
[driver]   done=6/10  running=3  queued=1  (poll 15s)
[driver]   done=6/10  running=3  queued=1  (poll 15s)
[driver]   done=6/10  running=3  queued=1  (poll 15s)
[driver]   done=6/10  running=3  queued=1  (poll 15s)
[driver]   done=6/10  running=3  queued=1  (poll 15s)
[driver]   done=6/10  running=3  queued=1  (poll 15s)
[driver]   done=6/10  running=3  queued=1  (poll 15s)
[driver]   done=6/10  running=3  queued=1  (poll 15s)
[driver]   done=6/10  running=3  queued=1  (poll 15s)
[driver]   done=6/10  running=3  queued=1  (poll 15s)
[driver]   done=6/10  running=3  queued=1  (poll 15s)
[driver]   done=6/10  running=3  queued=1  (poll 15s)
[driver]   done=6/10  running=3  queued=1  (poll 15s)
[driver]   done=6/10  running=3  queued=1  (poll 15s)
[driver]   done=6/10  running=3  queued=1  (poll 15s)
[driver]   done=6/10  running=3  queued=1  (poll 15s)
[driver]   done=6/10  running=3  queued=1  (poll 15s)
[driver]   done=6/10  running=3  queued=1  (poll 15s)
[driver]   done=6/10  running=3  queued=1  (poll 15s)
[driver]   done=6/10  running=3  queued=1  (poll 15s)
[driver]   done=6/10  running=3  queued=1  (poll 15s)
[driver]   done=6/10  running=3  queued=1  (poll 15s)
[driver]   done=6/10  running=3  queued=1  (poll 15s)
[driver]   done=6/10  running=3  queued=1  (poll 15s)
[driver]   done=6/10  running=3  queued=1  (poll 15s)
[driver]   done=6/10  running=3  queued=1  (poll 15s)
[driver]   done=6/10  running=3  queued=1  (poll 15s)
[driver]   done=6/10  running=3  queued=1  (poll 15s)
[driver]   done=6/10  running=3  queued=1  (poll 15s)
[driver]   done=6/10  running=3  queued=1  (poll 15s)
[driver]   done=6/10  running=3  queued=1  (poll 15s)
[driver]   done=6/10  running=3  queued=1  (poll 15s)
[driver]   done=6/10  running=3  queued=1  (poll 15s)
[driver]   done=6/10  running=3  queued=1  (poll 15s)
[driver]   done=6/10  running=3  queued=1  (poll 15s)
[driver]   done=6/10  running=3  queued=1  (poll 15s)
[driver]   done=6/10  running=3  queued=1  (poll 15s)
[driver]   done=6/10  running=3  queued=1  (poll 15s)
[driver]   done=6/10  running=3  queued=1  (poll 15s)
[driver]   done=6/10  running=3  queued=1  (poll 15s)
[driver]   done=6/10  running=3  queued=1  (poll 15s)
[driver]   done=6/10  running=3  queued=1  (poll 15s)
[driver]   done=6/10  running=3  queued=1  (poll 15s)
[driver]   done=6/10  running=3  queued=1  (poll 15s)
[driver]   done=6/10  running=3  queued=1  (poll 15s)
[driver]   done=6/10  running=3  queued=1  (poll 15s)
[driver]   done=6/10  running=3  queued=1  (poll 15s)
[driver]   done=6/10  running=3  queued=1  (poll 15s)
[driver]   done=6/10  running=3  queued=1  (poll 15s)
[driver]   done=6/10  running=3  queued=1  (poll 15s)
[driver]   done=6/10  running=3  queued=1  (poll 15s)
[driver]   done=6/10  running=3  queued=1  (poll 15s)
[driver]   done=6/10  running=3  queued=1  (poll 15s)
[driver]   done=6/10  running=3  queued=1  (poll 15s)
[driver]   done=6/10  running=3  queued=1  (poll 15s)
[driver]   done=6/10  running=3  queued=1  (poll 15s)
[driver]   done=6/10  running=3  queued=1  (poll 15s)
[driver]   done=6/10  running=3  queued=1  (poll 15s)
[driver]   done=6/10  running=3  queued=1  (poll 15s)
[driver]   done=6/10  running=3  queued=1  (poll 15s)
[driver]   done=6/10  running=3  queued=1  (poll 15s)
[driver]   done=6/10  running=3  queued=1  (poll 15s)
[driver]   done=6/10  running=3  queued=1  (poll 15s)
[driver]   done=6/10  running=3  queued=1  (poll 15s)
[driver]   done=6/10  running=3  queued=1  (poll 15s)
[driver]   done=6/10  running=4  queued=0  (poll 15s)
[driver]   done=6/10  running=4  queued=0  (poll 15s)
[driver]   done=6/10  running=4  queued=0  (poll 15s)
[driver]   done=6/10  running=4  queued=0  (poll 15s)
[driver]   done=6/10  running=4  queued=0  (poll 15s)
[driver]   done=6/10  running=4  queued=0  (poll 15s)
[driver]   done=6/10  running=4  queued=0  (poll 15s)
[driver]   done=6/10  running=4  queued=0  (poll 15s)
[driver]   done=6/10  running=4  queued=0  (poll 15s)
[driver]   done=6/10  running=4  queued=0  (poll 15s)
[driver]   done=6/10  running=4  queued=0  (poll 15s)
[driver]   done=6/10  running=4  queued=0  (poll 15s)
[driver]   done=6/10  running=4  queued=0  (poll 15s)
[driver]   done=6/10  running=4  queued=0  (poll 15s)
[driver]   done=6/10  running=4  queued=0  (poll 15s)
[driver]   done=6/10  running=4  queued=0  (poll 15s)
[driver]   done=6/10  running=4  queued=0  (poll 15s)
[driver]   done=6/10  running=4  queued=0  (poll 15s)
[driver]   done=6/10  running=4  queued=0  (poll 15s)
[driver]   done=6/10  running=4  queued=0  (poll 15s)
[driver]   done=6/10  running=4  queued=0  (poll 15s)
[driver]   done=6/10  running=4  queued=0  (poll 15s)
[driver]   done=6/10  running=4  queued=0  (poll 15s)
[driver]   done=6/10  running=4  queued=0  (poll 15s)
[driver]   done=6/10  running=4  queued=0  (poll 15s)
[driver]   done=6/10  running=4  queued=0  (poll 15s)
[driver]   done=6/10  running=4  queued=0  (poll 15s)
[driver]   done=6/10  running=4  queued=0  (poll 15s)
[driver]   done=6/10  running=4  queued=0  (poll 15s)
[driver]   done=6/10  running=4  queued=0  (poll 15s)
[driver]   done=6/10  running=4  queued=0  (poll 15s)
[driver]   done=6/10  running=4  queued=0  (poll 15s)
[driver]   done=6/10  running=4  queued=0  (poll 15s)
[driver]   done=6/10  running=4  queued=0  (poll 15s)
[driver]   done=6/10  running=4  queued=0  (poll 15s)
[driver]   done=6/10  running=4  queued=0  (poll 15s)
[driver]   done=6/10  running=4  queued=0  (poll 15s)
[driver]   done=6/10  running=4  queued=0  (poll 15s)
[driver]   done=6/10  running=4  queued=0  (poll 15s)
[driver]   done=6/10  running=4  queued=0  (poll 15s)
[driver]   done=6/10  running=4  queued=0  (poll 15s)
[driver]   done=6/10  running=4  queued=0  (poll 15s)
[driver]   done=6/10  running=4  queued=0  (poll 15s)
[driver]   done=6/10  running=4  queued=0  (poll 15s)
[driver]   done=6/10  running=4  queued=0  (poll 15s)
[driver]   done=6/10  running=4  queued=0  (poll 15s)
[driver]   done=6/10  running=4  queued=0  (poll 15s)
[driver]   done=6/10  running=4  queued=0  (poll 15s)
[driver]   done=6/10  running=4  queued=0  (poll 15s)
[driver]   done=6/10  running=4  queued=0  (poll 15s)
[driver]   done=6/10  running=4  queued=0  (poll 15s)
[driver]   done=6/10  running=4  queued=0  (poll 15s)
[driver]   done=6/10  running=4  queued=0  (poll 15s)
[driver]   done=6/10  running=4  queued=0  (poll 15s)
[driver]   done=6/10  running=4  queued=0  (poll 15s)
[driver]   done=6/10  running=4  queued=0  (poll 15s)
[driver]   done=6/10  running=4  queued=0  (poll 15s)
[driver]   done=6/10  running=4  queued=0  (poll 15s)
[driver]   done=6/10  running=4  queued=0  (poll 15s)
[driver]   done=6/10  running=4  queued=0  (poll 15s)
[driver]   done=6/10  running=4  queued=0  (poll 15s)
[driver]   done=6/10  running=4  queued=0  (poll 15s)
[driver]   done=6/10  running=4  queued=0  (poll 15s)
[driver]   done=6/10  running=4  queued=0  (poll 15s)
[driver]   done=6/10  running=4  queued=0  (poll 15s)
[driver]   done=6/10  running=4  queued=0  (poll 15s)
[driver]   done=6/10  running=4  queued=0  (poll 15s)
[driver]   done=6/10  running=4  queued=0  (poll 15s)
[driver]   done=6/10  running=4  queued=0  (poll 15s)
[driver]   done=6/10  running=4  queued=0  (poll 15s)
[driver]   done=6/10  running=4  queued=0  (poll 15s)
[driver]   done=6/10  running=4  queued=0  (poll 15s)
[driver]   done=6/10  running=4  queued=0  (poll 15s)
[driver]   done=6/10  running=4  queued=0  (poll 15s)
[driver]   done=6/10  running=4  queued=0  (poll 15s)
[driver]   done=6/10  running=4  queued=0  (poll 15s)
[driver]   done=6/10  running=4  queued=0  (poll 15s)
[driver]   done=6/10  running=4  queued=0  (poll 15s)
[driver]   done=6/10  running=4  queued=0  (poll 15s)
[driver]   done=6/10  running=4  queued=0  (poll 15s)
[driver]   done=6/10  running=4  queued=0  (poll 15s)
[driver]   done=6/10  running=4  queued=0  (poll 15s)
[driver]   done=6/10  running=4  queued=0  (poll 15s)
[driver]   done=6/10  running=4  queued=0  (poll 15s)
[driver]   done=6/10  running=4  queued=0  (poll 15s)
[driver]   done=6/10  running=4  queued=0  (poll 15s)
[driver]   done=6/10  running=4  queued=0  (poll 15s)
[driver]   done=6/10  running=4  queued=0  (poll 15s)
[driver]   done=6/10  running=4  queued=0  (poll 15s)
[driver]   done=6/10  running=4  queued=0  (poll 15s)
[driver]   done=6/10  running=4  queued=0  (poll 15s)
[driver]   done=6/10  running=4  queued=0  (poll 15s)
[driver]   done=6/10  running=4  queued=0  (poll 15s)
[driver]   done=6/10  running=4  queued=0  (poll 15s)
[driver]   done=6/10  running=4  queued=0  (poll 15s)
[driver]   done=6/10  running=4  queued=0  (poll 15s)
[driver]   done=6/10  running=4  queued=0  (poll 15s)
[driver]   done=6/10  running=4  queued=0  (poll 15s)
[driver]   done=6/10  running=4  queued=0  (poll 15s)
[driver]   done=6/10  running=4  queued=0  (poll 15s)
[driver]   done=6/10  running=4  queued=0  (poll 15s)
[driver]   done=6/10  running=4  queued=0  (poll 15s)
[driver]   done=6/10  running=4  queued=0  (poll 15s)
[driver]   done=6/10  running=4  queued=0  (poll 15s)
[driver]   done=6/10  running=4  queued=0  (poll 15s)
[driver]   done=6/10  running=4  queued=0  (poll 15s)
[driver]   done=6/10  running=4  queued=0  (poll 15s)
[driver]   done=6/10  running=4  queued=0  (poll 15s)
[driver]   done=6/10  running=4  queued=0  (poll 15s)
[driver]   done=6/10  running=4  queued=0  (poll 15s)
[driver]   done=6/10  running=4  queued=0  (poll 15s)
[driver]   done=6/10  running=4  queued=0  (poll 15s)
[driver]   done=6/10  running=4  queued=0  (poll 15s)
[driver]   done=6/10  running=4  queued=0  (poll 15s)
[driver]   done=6/10  running=4  queued=0  (poll 15s)
[driver]   done=6/10  running=4  queued=0  (poll 15s)
[driver]   done=6/10  running=4  queued=0  (poll 15s)
[driver]   done=6/10  running=4  queued=0  (poll 15s)
[driver]   done=6/10  running=4  queued=0  (poll 15s)
[driver]   done=6/10  running=4  queued=0  (poll 15s)
[driver]   done=6/10  running=4  queued=0  (poll 15s)
[driver]   done=6/10  running=4  queued=0  (poll 15s)
[driver]   done=6/10  running=4  queued=0  (poll 15s)
[driver]   done=6/10  running=4  queued=0  (poll 15s)
[driver]   done=6/10  running=4  queued=0  (poll 15s)
[driver]   done=6/10  running=4  queued=0  (poll 15s)
[driver]   done=6/10  running=4  queued=0  (poll 15s)
[driver]   done=6/10  running=4  queued=0  (poll 15s)
[driver]   done=6/10  running=4  queued=0  (poll 15s)
[driver]   done=6/10  running=4  queued=0  (poll 15s)
[driver]   done=6/10  running=4  queued=0  (poll 15s)
[driver]   done=6/10  running=4  queued=0  (poll 15s)
[driver]   done=6/10  running=4  queued=0  (poll 15s)
[driver]   done=6/10  running=4  queued=0  (poll 15s)
[driver]   done=6/10  running=4  queued=0  (poll 15s)
[driver]   done=6/10  running=4  queued=0  (poll 15s)
[driver]   done=6/10  running=4  queued=0  (poll 15s)
[driver]   done=6/10  running=4  queued=0  (poll 15s)
[driver]   done=6/10  running=4  queued=0  (poll 15s)
[driver]   done=6/10  running=4  queued=0  (poll 15s)
[driver]   done=6/10  running=4  queued=0  (poll 15s)
[driver]   done=6/10  running=4  queued=0  (poll 15s)
[driver]   done=6/10  running=4  queued=0  (poll 15s)
[driver]   done=6/10  running=4  queued=0  (poll 15s)
[driver]   done=6/10  running=4  queued=0  (poll 15s)
[driver]   done=6/10  running=4  queued=0  (poll 15s)
[driver]   done=6/10  running=4  queued=0  (poll 15s)
[driver]   done=6/10  running=4  queued=0  (poll 15s)
[driver]   done=6/10  running=4  queued=0  (poll 15s)
[driver]   done=6/10  running=4  queued=0  (poll 15s)
[driver]   done=6/10  running=4  queued=0  (poll 15s)
[driver]   done=6/10  running=4  queued=0  (poll 15s)
[driver]   done=6/10  running=4  queued=0  (poll 15s)
[driver]   done=6/10  running=4  queued=0  (poll 15s)
[driver]   done=6/10  running=4  queued=0  (poll 15s)
[driver]   done=6/10  running=4  queued=0  (poll 15s)
[driver]   done=6/10  running=4  queued=0  (poll 15s)
[driver]   done=6/10  running=4  queued=0  (poll 15s)
[driver]   done=6/10  running=4  queued=0  (poll 15s)
[driver]   done=6/10  running=4  queued=0  (poll 15s)
[driver]   done=6/10  running=4  queued=0  (poll 15s)
[driver]   done=6/10  running=4  queued=0  (poll 15s)
[driver]   done=6/10  running=4  queued=0  (poll 15s)
[driver]   done=6/10  running=4  queued=0  (poll 15s)
[driver]   done=6/10  running=4  queued=0  (poll 15s)
[driver]   done=6/10  running=4  queued=0  (poll 15s)
[driver]   done=6/10  running=4  queued=0  (poll 15s)
[driver]   done=6/10  running=4  queued=0  (poll 15s)
[driver]   done=6/10  running=4  queued=0  (poll 15s)
[driver]   done=6/10  running=4  queued=0  (poll 15s)
[driver]   done=6/10  running=4  queued=0  (poll 15s)
[driver]   done=6/10  running=4  queued=0  (poll 15s)
[driver]   done=6/10  running=4  queued=0  (poll 15s)
[driver]   done=6/10  running=4  queued=0  (poll 15s)
[driver]   done=6/10  running=4  queued=0  (poll 15s)
[driver]   done=6/10  running=4  queued=0  (poll 15s)
[driver]   done=6/10  running=4  queued=0  (poll 15s)
[driver]   done=6/10  running=4  queued=0  (poll 15s)
[driver]   done=6/10  running=4  queued=0  (poll 15s)
[driver]   done=6/10  running=4  queued=0  (poll 15s)
[driver]   done=6/10  running=4  queued=0  (poll 15s)
[driver]   done=6/10  running=4  queued=0  (poll 15s)
[driver]   done=6/10  running=4  queued=0  (poll 15s)
[driver]   done=6/10  running=4  queued=0  (poll 15s)
[driver]   done=6/10  running=4  queued=0  (poll 15s)
[driver]   done=6/10  running=4  queued=0  (poll 15s)
[driver]   done=6/10  running=4  queued=0  (poll 15s)
[driver]   done=6/10  running=4  queued=0  (poll 15s)
[driver]   done=6/10  running=4  queued=0  (poll 15s)
[driver]   done=6/10  running=4  queued=0  (poll 15s)
[driver]   done=6/10  running=4  queued=0  (poll 15s)
[driver]   done=6/10  running=4  queued=0  (poll 15s)
[driver]   done=6/10  running=4  queued=0  (poll 15s)
[driver]   done=6/10  running=4  queued=0  (poll 15s)
[driver]   done=6/10  running=4  queued=0  (poll 15s)
[driver]   done=6/10  running=4  queued=0  (poll 15s)
[driver]   done=6/10  running=4  queued=0  (poll 15s)
[driver]   done=6/10  running=4  queued=0  (poll 15s)
[driver]   done=6/10  running=4  queued=0  (poll 15s)
[driver]   done=6/10  running=4  queued=0  (poll 15s)
[driver]   done=6/10  running=4  queued=0  (poll 15s)
[driver]   done=6/10  running=4  queued=0  (poll 15s)
[driver]   done=6/10  running=4  queued=0  (poll 15s)
[driver]   done=6/10  running=4  queued=0  (poll 15s)
[driver]   done=6/10  running=4  queued=0  (poll 15s)
[driver]   done=6/10  running=4  queued=0  (poll 15s)
[driver]   done=6/10  running=4  queued=0  (poll 15s)
[driver]   done=6/10  running=4  queued=0  (poll 15s)
[driver]   done=6/10  running=4  queued=0  (poll 15s)
[driver]   done=6/10  running=4  queued=0  (poll 15s)
[driver]   done=6/10  running=4  queued=0  (poll 15s)
[driver]   done=6/10  running=4  queued=0  (poll 15s)
[driver]   done=6/10  running=4  queued=0  (poll 15s)
[driver]   done=6/10  running=4  queued=0  (poll 15s)
[driver]   done=6/10  running=4  queued=0  (poll 15s)
[driver]   done=6/10  running=4  queued=0  (poll 15s)
[driver]   done=6/10  running=4  queued=0  (poll 15s)
[driver]   done=6/10  running=4  queued=0  (poll 15s)
[driver]   done=6/10  running=4  queued=0  (poll 15s)
[driver]   done=6/10  running=4  queued=0  (poll 15s)
[driver]   done=6/10  running=4  queued=0  (poll 15s)
[driver]   done=6/10  running=4  queued=0  (poll 15s)
[driver]   done=6/10  running=4  queued=0  (poll 15s)
[driver]   done=6/10  running=4  queued=0  (poll 15s)
[driver]   done=6/10  running=4  queued=0  (poll 15s)
[driver]   done=6/10  running=4  queued=0  (poll 15s)
[driver]   done=6/10  running=4  queued=0  (poll 15s)
[driver]   done=6/10  running=4  queued=0  (poll 15s)
[driver]   done=6/10  running=4  queued=0  (poll 15s)
[driver]   done=6/10  running=4  queued=0  (poll 15s)
[driver]   done=6/10  running=4  queued=0  (poll 15s)
[driver]   done=6/10  running=4  queued=0  (poll 15s)
[driver]   done=6/10  running=4  queued=0  (poll 15s)
[driver]   done=6/10  running=4  queued=0  (poll 15s)
[driver]   done=6/10  running=4  queued=0  (poll 15s)
[driver]   done=6/10  running=4  queued=0  (poll 15s)
[driver]   done=6/10  running=4  queued=0  (poll 15s)
[driver]   done=6/10  running=4  queued=0  (poll 15s)
[driver]   done=6/10  running=4  queued=0  (poll 15s)
[driver]   done=6/10  running=4  queued=0  (poll 15s)
[driver]   done=6/10  running=4  queued=0  (poll 15s)
[driver]   done=6/10  running=4  queued=0  (poll 15s)
[driver]   done=6/10  running=4  queued=0  (poll 15s)
[driver]   done=6/10  running=4  queued=0  (poll 15s)
[driver]   done=6/10  running=4  queued=0  (poll 15s)
[driver]   done=6/10  running=4  queued=0  (poll 15s)
[driver]   done=6/10  running=4  queued=0  (poll 15s)
[driver]   done=6/10  running=4  queued=0  (poll 15s)
[driver]   done=6/10  running=4  queued=0  (poll 15s)
[driver]   done=6/10  running=4  queued=0  (poll 15s)
[driver]   done=6/10  running=4  queued=0  (poll 15s)
[driver]   done=6/10  running=4  queued=0  (poll 15s)
[driver]   done=6/10  running=4  queued=0  (poll 15s)
[driver]   done=6/10  running=4  queued=0  (poll 15s)
[driver]   done=6/10  running=4  queued=0  (poll 15s)
[driver]   done=6/10  running=4  queued=0  (poll 15s)
[driver]   done=6/10  running=4  queued=0  (poll 15s)
[driver]   done=6/10  running=4  queued=0  (poll 15s)
[driver]   done=6/10  running=4  queued=0  (poll 15s)
[driver]   done=6/10  running=4  queued=0  (poll 15s)
[driver]   done=6/10  running=4  queued=0  (poll 15s)
[driver]   done=6/10  running=4  queued=0  (poll 15s)
[driver]   done=6/10  running=4  queued=0  (poll 15s)
[driver]   done=6/10  running=4  queued=0  (poll 15s)
[driver]   done=6/10  running=4  queued=0  (poll 15s)
[driver]   done=6/10  running=4  queued=0  (poll 15s)
[driver]   done=6/10  running=4  queued=0  (poll 15s)
[driver]   done=6/10  running=4  queued=0  (poll 15s)
[driver]   done=6/10  running=4  queued=0  (poll 15s)
[driver]   done=6/10  running=4  queued=0  (poll 15s)
[driver]   done=6/10  running=4  queued=0  (poll 15s)
[driver]   done=6/10  running=4  queued=0  (poll 15s)
[driver]   done=6/10  running=4  queued=0  (poll 15s)
[driver]   done=6/10  running=4  queued=0  (poll 15s)
[driver]   done=6/10  running=4  queued=0  (poll 15s)
[driver]   done=6/10  running=4  queued=0  (poll 15s)
[driver]   done=6/10  running=4  queued=0  (poll 15s)
[driver]   done=6/10  running=4  queued=0  (poll 15s)
[driver]   done=6/10  running=4  queued=0  (poll 15s)
[driver]   done=6/10  running=4  queued=0  (poll 15s)
[driver]   done=6/10  running=4  queued=0  (poll 15s)
[driver]   done=6/10  running=4  queued=0  (poll 15s)
[driver]   done=6/10  running=4  queued=0  (poll 15s)
[driver]   done=6/10  running=4  queued=0  (poll 15s)
[driver]   done=6/10  running=4  queued=0  (poll 15s)
[driver]   done=6/10  running=4  queued=0  (poll 15s)
[driver]   done=6/10  running=4  queued=0  (poll 15s)
[driver]   done=6/10  running=4  queued=0  (poll 15s)
[driver]   done=6/10  running=4  queued=0  (poll 15s)
[driver]   done=6/10  running=4  queued=0  (poll 15s)
[driver]   done=6/10  running=4  queued=0  (poll 15s)
[driver]   done=6/10  running=4  queued=0  (poll 15s)
[driver]   done=6/10  running=4  queued=0  (poll 15s)
[driver]   done=6/10  running=4  queued=0  (poll 15s)
[driver]   done=6/10  running=4  queued=0  (poll 15s)
[driver]   done=6/10  running=4  queued=0  (poll 15s)
[driver]   done=6/10  running=4  queued=0  (poll 15s)
[driver]   done=6/10  running=4  queued=0  (poll 15s)
[driver]   done=6/10  running=4  queued=0  (poll 15s)
[driver]   done=6/10  running=4  queued=0  (poll 15s)
[driver]   done=6/10  running=4  queued=0  (poll 15s)
[driver]   done=6/10  running=4  queued=0  (poll 15s)
[driver]   done=6/10  running=4  queued=0  (poll 15s)
[driver]   done=6/10  running=4  queued=0  (poll 15s)
[driver]   done=6/10  running=4  queued=0  (poll 15s)
[driver]   done=6/10  running=4  queued=0  (poll 15s)
[driver]   done=6/10  running=4  queued=0  (poll 15s)
[driver]   done=6/10  running=4  queued=0  (poll 15s)
[driver]   done=6/10  running=4  queued=0  (poll 15s)
[driver]   done=6/10  running=4  queued=0  (poll 15s)
[driver]   done=6/10  running=4  queued=0  (poll 15s)
[driver]   done=6/10  running=4  queued=0  (poll 15s)
[driver]   done=6/10  running=4  queued=0  (poll 15s)
[driver]   done=6/10  running=4  queued=0  (poll 15s)
[driver]   done=6/10  running=4  queued=0  (poll 15s)
[driver]   done=6/10  running=4  queued=0  (poll 15s)
[driver]   done=6/10  running=4  queued=0  (poll 15s)
[driver]   done=6/10  running=4  queued=0  (poll 15s)
[driver]   done=6/10  running=4  queued=0  (poll 15s)
[driver]   done=6/10  running=4  queued=0  (poll 15s)
[driver]   done=6/10  running=4  queued=0  (poll 15s)
[driver]   done=6/10  running=4  queued=0  (poll 15s)
[driver]   done=6/10  running=4  queued=0  (poll 15s)
[driver]   done=6/10  running=4  queued=0  (poll 15s)
[driver]   done=6/10  running=4  queued=0  (poll 15s)
[driver]   done=6/10  running=4  queued=0  (poll 15s)
[driver]   done=6/10  running=4  queued=0  (poll 15s)
[driver]   done=6/10  running=4  queued=0  (poll 15s)
[driver]   done=6/10  running=4  queued=0  (poll 15s)
[driver]   done=6/10  running=4  queued=0  (poll 15s)
[driver]   done=6/10  running=4  queued=0  (poll 15s)
[driver]   done=6/10  running=4  queued=0  (poll 15s)
[driver]   done=6/10  running=4  queued=0  (poll 15s)
[driver]   done=6/10  running=4  queued=0  (poll 15s)
[driver]   done=6/10  running=4  queued=0  (poll 15s)
[driver]   done=6/10  running=4  queued=0  (poll 15s)
[driver]   done=6/10  running=4  queued=0  (poll 15s)
[driver]   done=6/10  running=4  queued=0  (poll 15s)
[driver]   done=6/10  running=4  queued=0  (poll 15s)
[driver]   done=6/10  running=4  queued=0  (poll 15s)
[driver]   done=6/10  running=4  queued=0  (poll 15s)
[driver]   done=6/10  running=4  queued=0  (poll 15s)
[driver]   done=6/10  running=4  queued=0  (poll 15s)
[driver]   done=6/10  running=4  queued=0  (poll 15s)
[driver]   done=6/10  running=4  queued=0  (poll 15s)
[driver]   done=6/10  running=4  queued=0  (poll 15s)
[driver]   done=6/10  running=4  queued=0  (poll 15s)
[driver]   done=6/10  running=4  queued=0  (poll 15s)
[driver]   done=6/10  running=4  queued=0  (poll 15s)
[driver]   done=6/10  running=4  queued=0  (poll 15s)
[driver]   done=6/10  running=4  queued=0  (poll 15s)
[driver]   done=6/10  running=4  queued=0  (poll 15s)
[driver]   done=6/10  running=4  queued=0  (poll 15s)
[driver]   done=6/10  running=4  queued=0  (poll 15s)
[driver]   done=6/10  running=4  queued=0  (poll 15s)
[driver]   done=6/10  running=4  queued=0  (poll 15s)
[driver]   done=6/10  running=4  queued=0  (poll 15s)
[driver]   done=6/10  running=4  queued=0  (poll 15s)
[driver]   done=6/10  running=4  queued=0  (poll 15s)
[driver]   done=6/10  running=4  queued=0  (poll 15s)
[driver]   done=6/10  running=4  queued=0  (poll 15s)
[driver]   done=6/10  running=4  queued=0  (poll 15s)
[driver]   done=6/10  running=4  queued=0  (poll 15s)
[driver]   done=6/10  running=4  queued=0  (poll 15s)
[driver]   done=6/10  running=4  queued=0  (poll 15s)
[driver]   done=6/10  running=4  queued=0  (poll 15s)
[driver]   done=6/10  running=4  queued=0  (poll 15s)
[driver]   done=6/10  running=4  queued=0  (poll 15s)
[driver]   done=6/10  running=4  queued=0  (poll 15s)
[driver]   done=6/10  running=4  queued=0  (poll 15s)
[driver]   done=6/10  running=4  queued=0  (poll 15s)
[driver]   done=6/10  running=4  queued=0  (poll 15s)
[driver]   done=6/10  running=4  queued=0  (poll 15s)
[driver]   done=6/10  running=4  queued=0  (poll 15s)
[driver]   done=6/10  running=4  queued=0  (poll 15s)
[driver]   done=6/10  running=4  queued=0  (poll 15s)
[driver]   done=6/10  running=4  queued=0  (poll 15s)
[driver]   done=6/10  running=4  queued=0  (poll 15s)
[driver]   done=6/10  running=4  queued=0  (poll 15s)
[driver]   done=6/10  running=4  queued=0  (poll 15s)
[driver]   done=6/10  running=4  queued=0  (poll 15s)
[driver]   done=6/10  running=4  queued=0  (poll 15s)
[driver]   done=6/10  running=4  queued=0  (poll 15s)
[driver]   done=6/10  running=4  queued=0  (poll 15s)
[driver]   done=6/10  running=4  queued=0  (poll 15s)
[driver]   done=6/10  running=4  queued=0  (poll 15s)
[driver]   done=6/10  running=4  queued=0  (poll 15s)
[driver]   done=6/10  running=4  queued=0  (poll 15s)
[driver]   done=6/10  running=4  queued=0  (poll 15s)
[driver]   done=6/10  running=4  queued=0  (poll 15s)
[driver]   done=6/10  running=4  queued=0  (poll 15s)
[driver]   done=6/10  running=4  queued=0  (poll 15s)
[driver]   done=6/10  running=4  queued=0  (poll 15s)
[driver]   done=6/10  running=4  queued=0  (poll 15s)
[driver]   done=6/10  running=4  queued=0  (poll 15s)
[driver]   done=6/10  running=4  queued=0  (poll 15s)
[driver]   done=6/10  running=4  queued=0  (poll 15s)
[driver]   done=6/10  running=4  queued=0  (poll 15s)
[driver]   done=6/10  running=4  queued=0  (poll 15s)
[driver]   done=6/10  running=4  queued=0  (poll 15s)
[driver]   done=6/10  running=4  queued=0  (poll 15s)
[driver]   done=6/10  running=4  queued=0  (poll 15s)
[driver]   done=6/10  running=4  queued=0  (poll 15s)
[driver]   done=6/10  running=4  queued=0  (poll 15s)
[driver]   done=6/10  running=4  queued=0  (poll 15s)
[driver]   done=6/10  running=4  queued=0  (poll 15s)
[driver]   done=6/10  running=4  queued=0  (poll 15s)
[driver]   done=6/10  running=4  queued=0  (poll 15s)
[driver]   done=6/10  running=4  queued=0  (poll 15s)
[driver]   done=6/10  running=4  queued=0  (poll 15s)
[driver]   done=6/10  running=4  queued=0  (poll 15s)
[driver]   done=6/10  running=4  queued=0  (poll 15s)
[driver]   done=6/10  running=4  queued=0  (poll 15s)
[driver]   done=6/10  running=4  queued=0  (poll 15s)
[driver]   done=6/10  running=4  queued=0  (poll 15s)
[driver]   done=6/10  running=4  queued=0  (poll 15s)
[driver]   done=6/10  running=4  queued=0  (poll 15s)
[driver]   done=6/10  running=4  queued=0  (poll 15s)
[driver]   done=6/10  running=4  queued=0  (poll 15s)
[driver]   done=6/10  running=4  queued=0  (poll 15s)
[driver]   done=6/10  running=4  queued=0  (poll 15s)
[driver]   done=6/10  running=4  queued=0  (poll 15s)
[driver]   done=6/10  running=4  queued=0  (poll 15s)
[driver]   done=6/10  running=4  queued=0  (poll 15s)
[driver]   done=6/10  running=4  queued=0  (poll 15s)
[driver]   done=6/10  running=4  queued=0  (poll 15s)
[driver]   done=6/10  running=4  queued=0  (poll 15s)
[driver]   done=6/10  running=4  queued=0  (poll 15s)
[driver]   done=6/10  running=4  queued=0  (poll 15s)
[driver]   done=6/10  running=4  queued=0  (poll 15s)
[driver]   done=6/10  running=4  queued=0  (poll 15s)
[driver]   done=6/10  running=4  queued=0  (poll 15s)
[driver]   done=6/10  running=4  queued=0  (poll 15s)
[driver]   done=6/10  running=4  queued=0  (poll 15s)
[driver]   done=6/10  running=4  queued=0  (poll 15s)
[driver]   done=6/10  running=4  queued=0  (poll 15s)
[driver]   done=6/10  running=4  queued=0  (poll 15s)
[driver]   done=6/10  running=4  queued=0  (poll 15s)
[driver]   done=6/10  running=4  queued=0  (poll 15s)
[driver]   done=6/10  running=4  queued=0  (poll 15s)
[driver]   done=6/10  running=4  queued=0  (poll 15s)
[driver]   done=6/10  running=4  queued=0  (poll 15s)
[driver]   done=6/10  running=4  queued=0  (poll 15s)
[driver]   done=6/10  running=4  queued=0  (poll 15s)
[driver]   done=6/10  running=4  queued=0  (poll 15s)
[driver]   done=6/10  running=4  queued=0  (poll 15s)
[driver]   done=6/10  running=4  queued=0  (poll 15s)
[driver]   done=6/10  running=4  queued=0  (poll 15s)
[driver]   done=6/10  running=4  queued=0  (poll 15s)
[driver]   done=6/10  running=4  queued=0  (poll 15s)
[driver]   done=6/10  running=4  queued=0  (poll 15s)
[driver]   done=6/10  running=4  queued=0  (poll 15s)
[driver]   done=6/10  running=4  queued=0  (poll 15s)
[driver]   done=6/10  running=4  queued=0  (poll 15s)
[driver]   done=6/10  running=4  queued=0  (poll 15s)
[driver]   done=6/10  running=4  queued=0  (poll 15s)
[driver]   done=6/10  running=4  queued=0  (poll 15s)
[driver]   done=6/10  running=4  queued=0  (poll 15s)
[driver]   done=6/10  running=4  queued=0  (poll 15s)
[driver]   done=6/10  running=4  queued=0  (poll 15s)
[driver]   done=6/10  running=4  queued=0  (poll 15s)
[driver]   done=6/10  running=4  queued=0  (poll 15s)
[driver]   done=6/10  running=4  queued=0  (poll 15s)
[driver]   done=6/10  running=4  queued=0  (poll 15s)
[driver]   done=6/10  running=4  queued=0  (poll 15s)
[driver]   done=6/10  running=4  queued=0  (poll 15s)
[driver]   done=6/10  running=4  queued=0  (poll 15s)
[driver]   done=6/10  running=4  queued=0  (poll 15s)
[driver]   done=6/10  running=4  queued=0  (poll 15s)
[driver]   done=6/10  running=4  queued=0  (poll 15s)
[driver]   done=6/10  running=4  queued=0  (poll 15s)
[driver]   done=6/10  running=4  queued=0  (poll 15s)
[driver]   done=6/10  running=4  queued=0  (poll 15s)
[driver]   done=6/10  running=4  queued=0  (poll 15s)
[driver]   done=6/10  running=4  queued=0  (poll 15s)
[driver]   done=6/10  running=4  queued=0  (poll 15s)
[driver]   done=6/10  running=4  queued=0  (poll 15s)
[driver]   done=6/10  running=4  queued=0  (poll 15s)
[driver]   done=6/10  running=4  queued=0  (poll 15s)
[driver]   done=6/10  running=4  queued=0  (poll 15s)
[driver]   done=6/10  running=4  queued=0  (poll 15s)
[driver]   done=6/10  running=4  queued=0  (poll 15s)
[driver]   done=6/10  running=4  queued=0  (poll 15s)
[driver]   done=6/10  running=4  queued=0  (poll 15s)
[driver]   done=6/10  running=4  queued=0  (poll 15s)
[driver]   done=6/10  running=4  queued=0  (poll 15s)
[driver]   done=6/10  running=4  queued=0  (poll 15s)
[driver]   done=6/10  running=4  queued=0  (poll 15s)
[driver]   done=6/10  running=4  queued=0  (poll 15s)
[driver]   done=6/10  running=4  queued=0  (poll 15s)
[driver]   done=6/10  running=4  queued=0  (poll 15s)
[driver]   done=6/10  running=4  queued=0  (poll 15s)
[driver]   done=6/10  running=4  queued=0  (poll 15s)
[driver]   done=6/10  running=4  queued=0  (poll 15s)
[driver]   done=6/10  running=4  queued=0  (poll 15s)
[driver]   done=6/10  running=4  queued=0  (poll 15s)
[driver]   done=6/10  running=4  queued=0  (poll 15s)
[driver]   done=6/10  running=4  queued=0  (poll 15s)
[driver]   done=6/10  running=4  queued=0  (poll 15s)
[driver]   done=6/10  running=4  queued=0  (poll 15s)
[driver]   done=6/10  running=4  queued=0  (poll 15s)
[driver]   done=6/10  running=4  queued=0  (poll 15s)
[driver]   done=6/10  running=4  queued=0  (poll 15s)
[driver]   done=6/10  running=4  queued=0  (poll 15s)
[driver]   done=6/10  running=4  queued=0  (poll 15s)
[driver]   done=6/10  running=4  queued=0  (poll 15s)
[driver]   done=6/10  running=4  queued=0  (poll 15s)
[driver]   done=6/10  running=4  queued=0  (poll 15s)
[driver]   done=6/10  running=4  queued=0  (poll 15s)
[driver]   done=6/10  running=4  queued=0  (poll 15s)
[driver]   done=6/10  running=4  queued=0  (poll 15s)
[driver]   done=6/10  running=4  queued=0  (poll 15s)
[driver]   done=6/10  running=4  queued=0  (poll 15s)
[driver]   done=6/10  running=4  queued=0  (poll 15s)
[driver]   done=6/10  running=4  queued=0  (poll 15s)
[driver]   done=6/10  running=4  queued=0  (poll 15s)
[driver]   done=6/10  running=4  queued=0  (poll 15s)
[driver]   done=6/10  running=4  queued=0  (poll 15s)
[driver]   done=6/10  running=4  queued=0  (poll 15s)
[driver]   done=6/10  running=4  queued=0  (poll 15s)
[driver]   done=6/10  running=4  queued=0  (poll 15s)
[driver]   done=6/10  running=4  queued=0  (poll 15s)
[driver]   done=6/10  running=4  queued=0  (poll 15s)
[driver]   done=6/10  running=4  queued=0  (poll 15s)
[driver]   done=6/10  running=4  queued=0  (poll 15s)
[driver]   done=6/10  running=4  queued=0  (poll 15s)
[driver]   done=6/10  running=4  queued=0  (poll 15s)
[driver]   done=6/10  running=4  queued=0  (poll 15s)
[driver]   done=6/10  running=4  queued=0  (poll 15s)
[driver]   done=6/10  running=4  queued=0  (poll 15s)
[driver]   done=6/10  running=4  queued=0  (poll 15s)
[driver]   done=6/10  running=4  queued=0  (poll 15s)
[driver]   done=6/10  running=4  queued=0  (poll 15s)
[driver]   done=6/10  running=4  queued=0  (poll 15s)
[driver]   done=6/10  running=4  queued=0  (poll 15s)
[driver]   done=6/10  running=4  queued=0  (poll 15s)
[driver]   done=6/10  running=4  queued=0  (poll 15s)
[driver]   done=6/10  running=4  queued=0  (poll 15s)
[driver]   done=6/10  running=4  queued=0  (poll 15s)
[driver]   done=6/10  running=4  queued=0  (poll 15s)
[driver]   done=6/10  running=4  queued=0  (poll 15s)
[driver]   done=6/10  running=4  queued=0  (poll 15s)
[driver]   done=6/10  running=4  queued=0  (poll 15s)
[driver]   done=6/10  running=4  queued=0  (poll 15s)
[driver]   done=6/10  running=4  queued=0  (poll 15s)
[driver]   done=6/10  running=4  queued=0  (poll 15s)
[driver]   done=6/10  running=4  queued=0  (poll 15s)
[driver]   done=6/10  running=4  queued=0  (poll 15s)
[driver]   done=6/10  running=4  queued=0  (poll 15s)
[driver]   done=6/10  running=4  queued=0  (poll 15s)
[driver]   done=6/10  running=4  queued=0  (poll 15s)
[driver]   done=6/10  running=4  queued=0  (poll 15s)
[driver]   done=6/10  running=4  queued=0  (poll 15s)
[driver]   done=6/10  running=4  queued=0  (poll 15s)
[driver]   done=6/10  running=4  queued=0  (poll 15s)
[driver]   done=6/10  running=4  queued=0  (poll 15s)
[driver]   done=6/10  running=4  queued=0  (poll 15s)
[driver]   done=6/10  running=4  queued=0  (poll 15s)
[driver]   done=6/10  running=4  queued=0  (poll 15s)
[driver]   done=6/10  running=4  queued=0  (poll 15s)
[driver]   done=6/10  running=4  queued=0  (poll 15s)
[driver]   done=6/10  running=4  queued=0  (poll 15s)
[driver]   done=6/10  running=4  queued=0  (poll 15s)
[driver]   done=6/10  running=4  queued=0  (poll 15s)
[driver]   done=6/10  running=4  queued=0  (poll 15s)
[driver]   done=6/10  running=4  queued=0  (poll 15s)
[driver]   done=6/10  running=4  queued=0  (poll 15s)
[driver]   done=6/10  running=4  queued=0  (poll 15s)
[driver]   done=6/10  running=4  queued=0  (poll 15s)
[driver]   done=6/10  running=4  queued=0  (poll 15s)
[driver]   done=6/10  running=4  queued=0  (poll 15s)
[driver]   done=6/10  running=4  queued=0  (poll 15s)
[driver]   done=6/10  running=4  queued=0  (poll 15s)
[driver]   done=6/10  running=4  queued=0  (poll 15s)
[driver]   done=6/10  running=4  queued=0  (poll 15s)
[driver]   done=6/10  running=4  queued=0  (poll 15s)
[driver]   done=6/10  running=4  queued=0  (poll 15s)
[driver]   done=6/10  running=4  queued=0  (poll 15s)
[driver]   done=6/10  running=4  queued=0  (poll 15s)
[driver]   done=6/10  running=4  queued=0  (poll 15s)
[driver]   done=6/10  running=4  queued=0  (poll 15s)
[driver]   done=6/10  running=4  queued=0  (poll 15s)
[driver]   done=6/10  running=4  queued=0  (poll 15s)
[driver]   done=6/10  running=4  queued=0  (poll 15s)
[driver]   done=6/10  running=4  queued=0  (poll 15s)
[driver]   done=6/10  running=4  queued=0  (poll 15s)
[driver]   done=6/10  running=4  queued=0  (poll 15s)
[driver]   done=6/10  running=4  queued=0  (poll 15s)
[driver]   done=6/10  running=4  queued=0  (poll 15s)
[driver]   done=6/10  running=4  queued=0  (poll 15s)
[driver]   done=6/10  running=4  queued=0  (poll 15s)
[driver]   done=6/10  running=4  queued=0  (poll 15s)
[driver]   done=6/10  running=4  queued=0  (poll 15s)
[driver]   done=6/10  running=4  queued=0  (poll 15s)
[driver]   done=6/10  running=4  queued=0  (poll 15s)
[driver]   done=6/10  running=4  queued=0  (poll 15s)
[driver]   done=6/10  running=4  queued=0  (poll 15s)
[driver]   done=6/10  running=4  queued=0  (poll 15s)
[driver]   done=6/10  running=4  queued=0  (poll 15s)
[driver]   done=6/10  running=4  queued=0  (poll 15s)
[driver]   done=6/10  running=4  queued=0  (poll 15s)
[driver]   done=6/10  running=4  queued=0  (poll 15s)
[driver]   done=6/10  running=4  queued=0  (poll 15s)
[driver]   done=6/10  running=4  queued=0  (poll 15s)
[driver]   done=6/10  running=4  queued=0  (poll 15s)
[driver]   done=6/10  running=4  queued=0  (poll 15s)
[driver]   done=6/10  running=4  queued=0  (poll 15s)
[driver]   done=6/10  running=4  queued=0  (poll 15s)
[driver]   done=6/10  running=4  queued=0  (poll 15s)
[driver]   done=6/10  running=4  queued=0  (poll 15s)
[driver]   done=6/10  running=4  queued=0  (poll 15s)
[driver]   done=6/10  running=4  queued=0  (poll 15s)
[driver]   done=6/10  running=4  queued=0  (poll 15s)
[driver]   done=6/10  running=4  queued=0  (poll 15s)
[driver]   done=6/10  running=4  queued=0  (poll 15s)
[driver]   done=6/10  running=4  queued=0  (poll 15s)
[driver]   done=6/10  running=4  queued=0  (poll 15s)
[driver]   done=6/10  running=4  queued=0  (poll 15s)
[driver]   done=6/10  running=4  queued=0  (poll 15s)
[driver]   done=6/10  running=4  queued=0  (poll 15s)
[driver]   done=6/10  running=4  queued=0  (poll 15s)
[driver]   done=6/10  running=4  queued=0  (poll 15s)
[driver]   done=6/10  running=4  queued=0  (poll 15s)
[driver]   done=6/10  running=4  queued=0  (poll 15s)
[driver]   done=6/10  running=4  queued=0  (poll 15s)
[driver]   done=6/10  running=4  queued=0  (poll 15s)
[driver]   done=6/10  running=4  queued=0  (poll 15s)
[driver]   done=6/10  running=4  queued=0  (poll 15s)
[driver]   done=6/10  running=4  queued=0  (poll 15s)
[driver]   done=6/10  running=4  queued=0  (poll 15s)
[driver]   done=6/10  running=4  queued=0  (poll 15s)
[driver]   done=6/10  running=4  queued=0  (poll 15s)
[driver]   done=6/10  running=4  queued=0  (poll 15s)
[driver]   done=6/10  running=4  queued=0  (poll 15s)
[driver]   done=6/10  running=4  queued=0  (poll 15s)
[driver]   done=6/10  running=4  queued=0  (poll 15s)
[driver]   done=6/10  running=4  queued=0  (poll 15s)
[driver]   done=6/10  running=4  queued=0  (poll 15s)
[driver]   done=6/10  running=4  queued=0  (poll 15s)
[driver]   done=6/10  running=4  queued=0  (poll 15s)
[driver]   done=6/10  running=4  queued=0  (poll 15s)
[driver]   done=6/10  running=4  queued=0  (poll 15s)
[driver]   done=6/10  running=4  queued=0  (poll 15s)
[driver]   done=6/10  running=4  queued=0  (poll 15s)
[driver]   done=6/10  running=4  queued=0  (poll 15s)
[driver]   done=6/10  running=4  queued=0  (poll 15s)
[driver]   done=6/10  running=4  queued=0  (poll 15s)
[driver]   done=6/10  running=4  queued=0  (poll 15s)
[driver]   done=6/10  running=4  queued=0  (poll 15s)
[driver]   done=6/10  running=4  queued=0  (poll 15s)
[driver]   done=6/10  running=4  queued=0  (poll 15s)
[driver]   done=6/10  running=4  queued=0  (poll 15s)
[driver]   done=6/10  running=4  queued=0  (poll 15s)
[driver]   done=6/10  running=4  queued=0  (poll 15s)
[driver]   done=6/10  running=4  queued=0  (poll 15s)
[driver]   done=6/10  running=4  queued=0  (poll 15s)
[driver]   done=6/10  running=4  queued=0  (poll 15s)
[driver]   done=6/10  running=4  queued=0  (poll 15s)
[driver]   done=6/10  running=4  queued=0  (poll 15s)
[driver]   done=6/10  running=4  queued=0  (poll 15s)
[driver]   done=6/10  running=4  queued=0  (poll 15s)
[driver]   done=6/10  running=4  queued=0  (poll 15s)
[driver]   done=6/10  running=4  queued=0  (poll 15s)
[driver]   done=6/10  running=4  queued=0  (poll 15s)
[driver]   done=6/10  running=4  queued=0  (poll 15s)
[driver]   done=6/10  running=4  queued=0  (poll 15s)
[driver]   done=6/10  running=4  queued=0  (poll 15s)
[driver]   done=6/10  running=4  queued=0  (poll 15s)
[driver]   done=6/10  running=4  queued=0  (poll 15s)
[driver]   done=6/10  running=4  queued=0  (poll 15s)
[driver]   done=6/10  running=4  queued=0  (poll 15s)
[driver]   done=6/10  running=4  queued=0  (poll 15s)
[driver]   done=6/10  running=4  queued=0  (poll 15s)
[driver]   done=6/10  running=4  queued=0  (poll 15s)
[driver]   done=6/10  running=4  queued=0  (poll 15s)
[driver]   done=6/10  running=4  queued=0  (poll 15s)
[driver]   done=6/10  running=4  queued=0  (poll 15s)
[driver]   done=6/10  running=4  queued=0  (poll 15s)
[driver]   done=6/10  running=4  queued=0  (poll 15s)
[driver]   done=6/10  running=4  queued=0  (poll 15s)
[driver]   done=6/10  running=4  queued=0  (poll 15s)
[driver]   done=6/10  running=4  queued=0  (poll 15s)
[driver]   done=6/10  running=4  queued=0  (poll 15s)
[driver]   done=6/10  running=4  queued=0  (poll 15s)
[driver]   done=6/10  running=4  queued=0  (poll 15s)
[driver]   done=6/10  running=4  queued=0  (poll 15s)
[driver]   done=6/10  running=4  queued=0  (poll 15s)
[driver]   done=6/10  running=4  queued=0  (poll 15s)
[driver]   done=6/10  running=4  queued=0  (poll 15s)
[driver]   done=6/10  running=4  queued=0  (poll 15s)
[driver]   done=6/10  running=4  queued=0  (poll 15s)
[driver]   done=6/10  running=4  queued=0  (poll 15s)
[driver]   done=6/10  running=4  queued=0  (poll 15s)
[driver]   done=6/10  running=4  queued=0  (poll 15s)
[driver]   done=6/10  running=4  queued=0  (poll 15s)
[driver]   done=6/10  running=4  queued=0  (poll 15s)
[driver]   done=6/10  running=4  queued=0  (poll 15s)
[driver]   done=6/10  running=4  queued=0  (poll 15s)
[driver]   done=6/10  running=4  queued=0  (poll 15s)
[driver]   done=6/10  running=4  queued=0  (poll 15s)
[driver]   done=6/10  running=4  queued=0  (poll 15s)
[driver]   done=6/10  running=4  queued=0  (poll 15s)
[driver]   done=6/10  running=4  queued=0  (poll 15s)
[driver]   done=6/10  running=4  queued=0  (poll 15s)
[driver]   done=6/10  running=4  queued=0  (poll 15s)
[driver]   done=6/10  running=4  queued=0  (poll 15s)
[driver]   done=6/10  running=4  queued=0  (poll 15s)
[driver]   done=6/10  running=4  queued=0  (poll 15s)
[driver]   done=6/10  running=4  queued=0  (poll 15s)
[driver]   done=6/10  running=4  queued=0  (poll 15s)
[driver]   done=6/10  running=4  queued=0  (poll 15s)
[driver]   done=6/10  running=4  queued=0  (poll 15s)
[driver]   done=6/10  running=4  queued=0  (poll 15s)
[driver]   done=6/10  running=4  queued=0  (poll 15s)
[driver]   done=6/10  running=4  queued=0  (poll 15s)
[driver]   done=6/10  running=4  queued=0  (poll 15s)
[driver]   done=6/10  running=4  queued=0  (poll 15s)
[driver]   done=6/10  running=4  queued=0  (poll 15s)
[driver]   done=6/10  running=4  queued=0  (poll 15s)
[driver]   done=6/10  running=4  queued=0  (poll 15s)
[driver]   done=6/10  running=4  queued=0  (poll 15s)
[driver]   done=6/10  running=4  queued=0  (poll 15s)
[driver]   done=6/10  running=4  queued=0  (poll 15s)
[driver]   done=6/10  running=4  queued=0  (poll 15s)
[driver]   done=6/10  running=4  queued=0  (poll 15s)
[driver]   done=6/10  running=4  queued=0  (poll 15s)
[driver]   done=6/10  running=4  queued=0  (poll 15s)
[driver]   done=6/10  running=4  queued=0  (poll 15s)
[driver]   done=6/10  running=4  queued=0  (poll 15s)
[driver]   done=6/10  running=4  queued=0  (poll 15s)
[driver]   done=6/10  running=4  queued=0  (poll 15s)
[driver]   done=6/10  running=4  queued=0  (poll 15s)
[driver]   done=6/10  running=4  queued=0  (poll 15s)
[driver]   done=6/10  running=4  queued=0  (poll 15s)
[driver]   done=6/10  running=4  queued=0  (poll 15s)
[driver]   done=6/10  running=4  queued=0  (poll 15s)
[driver]   done=6/10  running=4  queued=0  (poll 15s)
[driver]   done=6/10  running=4  queued=0  (poll 15s)
[driver]   done=6/10  running=4  queued=0  (poll 15s)
[driver]   done=6/10  running=4  queued=0  (poll 15s)
[driver]   done=6/10  running=4  queued=0  (poll 15s)
[driver]   done=6/10  running=4  queued=0  (poll 15s)
[driver]   done=6/10  running=4  queued=0  (poll 15s)
[driver]   done=6/10  running=4  queued=0  (poll 15s)
[driver]   done=6/10  running=4  queued=0  (poll 15s)
[driver]   done=6/10  running=4  queued=0  (poll 15s)
[driver]   done=6/10  running=4  queued=0  (poll 15s)
[driver]   done=6/10  running=4  queued=0  (poll 15s)
[driver]   done=6/10  running=4  queued=0  (poll 15s)
[driver]   done=6/10  running=4  queued=0  (poll 15s)
[driver]   done=6/10  running=4  queued=0  (poll 15s)
[driver]   done=6/10  running=4  queued=0  (poll 15s)
[driver]   done=6/10  running=4  queued=0  (poll 15s)
[driver]   done=6/10  running=4  queued=0  (poll 15s)
[driver]   done=6/10  running=4  queued=0  (poll 15s)
[driver]   done=6/10  running=4  queued=0  (poll 15s)
[driver]   done=6/10  running=4  queued=0  (poll 15s)
[driver]   done=6/10  running=4  queued=0  (poll 15s)
[driver]   done=6/10  running=4  queued=0  (poll 15s)
[driver]   done=6/10  running=4  queued=0  (poll 15s)
[driver]   done=6/10  running=4  queued=0  (poll 15s)
[driver]   done=6/10  running=4  queued=0  (poll 15s)
[driver]   done=6/10  running=4  queued=0  (poll 15s)
[driver]   done=6/10  running=4  queued=0  (poll 15s)
[driver]   done=6/10  running=4  queued=0  (poll 15s)
[driver]   done=6/10  running=4  queued=0  (poll 15s)
[driver]   done=6/10  running=4  queued=0  (poll 15s)
[driver]   done=6/10  running=4  queued=0  (poll 15s)
[driver]   done=6/10  running=4  queued=0  (poll 15s)
[driver]   done=6/10  running=4  queued=0  (poll 15s)
[driver]   done=6/10  running=4  queued=0  (poll 15s)
[driver]   done=6/10  running=4  queued=0  (poll 15s)
[driver]   done=6/10  running=4  queued=0  (poll 15s)
[driver]   done=6/10  running=4  queued=0  (poll 15s)
[driver]   done=6/10  running=4  queued=0  (poll 15s)
[driver]   done=6/10  running=4  queued=0  (poll 15s)
[driver]   done=6/10  running=4  queued=0  (poll 15s)
[driver]   done=6/10  running=4  queued=0  (poll 15s)
[driver]   done=6/10  running=4  queued=0  (poll 15s)
[driver]   done=6/10  running=4  queued=0  (poll 15s)
[driver]   done=6/10  running=4  queued=0  (poll 15s)
[driver]   done=6/10  running=4  queued=0  (poll 15s)
[driver]   done=6/10  running=4  queued=0  (poll 15s)
[driver]   done=6/10  running=4  queued=0  (poll 15s)
[driver]   done=6/10  running=4  queued=0  (poll 15s)
[driver]   done=6/10  running=4  queued=0  (poll 15s)
[driver]   done=6/10  running=4  queued=0  (poll 15s)
[driver]   done=6/10  running=4  queued=0  (poll 15s)
[driver]   done=6/10  running=4  queued=0  (poll 15s)
[driver]   done=6/10  running=4  queued=0  (poll 15s)
[driver]   done=6/10  running=4  queued=0  (poll 15s)
[driver]   done=6/10  running=4  queued=0  (poll 15s)
[driver]   done=6/10  running=4  queued=0  (poll 15s)
[driver]   done=6/10  running=4  queued=0  (poll 15s)
[driver]   done=6/10  running=4  queued=0  (poll 15s)
[driver]   done=6/10  running=4  queued=0  (poll 15s)
[driver]   done=6/10  running=4  queued=0  (poll 15s)
[driver]   done=6/10  running=4  queued=0  (poll 15s)
[driver]   done=6/10  running=4  queued=0  (poll 15s)
[driver]   done=6/10  running=4  queued=0  (poll 15s)
[driver]   done=6/10  running=4  queued=0  (poll 15s)
[driver]   done=6/10  running=4  queued=0  (poll 15s)
[driver]   done=6/10  running=4  queued=0  (poll 15s)
[driver]   done=6/10  running=4  queued=0  (poll 15s)
[driver]   done=6/10  running=4  queued=0  (poll 15s)
[driver]   done=6/10  running=4  queued=0  (poll 15s)
[driver]   done=6/10  running=4  queued=0  (poll 15s)
[driver]   done=6/10  running=4  queued=0  (poll 15s)
[driver]   done=6/10  running=4  queued=0  (poll 15s)
[driver]   done=6/10  running=4  queued=0  (poll 15s)
[driver]   done=6/10  running=4  queued=0  (poll 15s)
[driver]   done=6/10  running=4  queued=0  (poll 15s)
[driver]   done=6/10  running=4  queued=0  (poll 15s)
[driver]   done=6/10  running=4  queued=0  (poll 15s)
[driver]   done=6/10  running=4  queued=0  (poll 15s)
[driver]   done=6/10  running=4  queued=0  (poll 15s)
[driver]   done=6/10  running=4  queued=0  (poll 15s)
[driver]   done=6/10  running=4  queued=0  (poll 15s)
[driver]   done=6/10  running=4  queued=0  (poll 15s)
[driver]   done=6/10  running=4  queued=0  (poll 15s)
[driver]   done=6/10  running=4  queued=0  (poll 15s)
[driver]   done=6/10  running=4  queued=0  (poll 15s)
[driver]   done=6/10  running=4  queued=0  (poll 15s)
[driver]   done=6/10  running=4  queued=0  (poll 15s)
[driver]   done=6/10  running=4  queued=0  (poll 15s)
[driver]   done=6/10  running=4  queued=0  (poll 15s)
[driver]   done=6/10  running=4  queued=0  (poll 15s)
[driver]   done=6/10  running=4  queued=0  (poll 15s)
[driver]   done=6/10  running=4  queued=0  (poll 15s)
[driver]   done=6/10  running=4  queued=0  (poll 15s)
[driver]   done=6/10  running=4  queued=0  (poll 15s)
[driver]   done=6/10  running=4  queued=0  (poll 15s)
[driver]   done=6/10  running=4  queued=0  (poll 15s)
[driver]   done=6/10  running=4  queued=0  (poll 15s)
[driver]   done=6/10  running=4  queued=0  (poll 15s)
[driver]   done=6/10  running=4  queued=0  (poll 15s)
[driver]   done=6/10  running=4  queued=0  (poll 15s)
[driver]   done=6/10  running=4  queued=0  (poll 15s)
[driver]   done=6/10  running=4  queued=0  (poll 15s)
[driver]   done=6/10  running=4  queued=0  (poll 15s)
[driver]   done=6/10  running=4  queued=0  (poll 15s)
[driver]   done=6/10  running=4  queued=0  (poll 15s)
[driver]   done=6/10  running=4  queued=0  (poll 15s)
[driver]   done=6/10  running=4  queued=0  (poll 15s)
[driver]   done=6/10  running=4  queued=0  (poll 15s)
[driver]   done=6/10  running=4  queued=0  (poll 15s)
[driver]   done=6/10  running=4  queued=0  (poll 15s)
[driver]   done=6/10  running=4  queued=0  (poll 15s)
[driver]   done=6/10  running=4  queued=0  (poll 15s)
[driver]   done=6/10  running=4  queued=0  (poll 15s)
[driver]   done=6/10  running=4  queued=0  (poll 15s)
[driver]   done=6/10  running=4  queued=0  (poll 15s)
[driver]   done=6/10  running=4  queued=0  (poll 15s)
[driver]   done=6/10  running=4  queued=0  (poll 15s)
[driver]   done=6/10  running=4  queued=0  (poll 15s)
[driver]   done=6/10  running=4  queued=0  (poll 15s)
[driver]   done=6/10  running=4  queued=0  (poll 15s)
[driver]   done=6/10  running=4  queued=0  (poll 15s)
[driver]   done=6/10  running=4  queued=0  (poll 15s)
[driver]   done=6/10  running=4  queued=0  (poll 15s)
[driver]   done=6/10  running=4  queued=0  (poll 15s)
[driver]   done=6/10  running=4  queued=0  (poll 15s)
[driver]   done=6/10  running=4  queued=0  (poll 15s)
[driver]   done=6/10  running=4  queued=0  (poll 15s)
[driver]   done=6/10  running=4  queued=0  (poll 15s)
[driver]   done=6/10  running=4  queued=0  (poll 15s)
[driver]   done=6/10  running=4  queued=0  (poll 15s)
[driver]   done=6/10  running=4  queued=0  (poll 15s)
[driver]   done=6/10  running=4  queued=0  (poll 15s)
[driver]   done=6/10  running=4  queued=0  (poll 15s)
[driver]   done=6/10  running=4  queued=0  (poll 15s)
[driver]   done=6/10  running=4  queued=0  (poll 15s)
[driver]   done=6/10  running=4  queued=0  (poll 15s)
[driver]   done=6/10  running=4  queued=0  (poll 15s)
[driver]   done=6/10  running=4  queued=0  (poll 15s)
[driver]   done=6/10  running=4  queued=0  (poll 15s)
[driver]   done=6/10  running=4  queued=0  (poll 15s)
[driver]   done=6/10  running=4  queued=0  (poll 15s)
[driver]   done=6/10  running=4  queued=0  (poll 15s)
[driver]   done=6/10  running=4  queued=0  (poll 15s)
[driver]   done=6/10  running=4  queued=0  (poll 15s)
[driver]   done=6/10  running=4  queued=0  (poll 15s)
[driver]   done=6/10  running=4  queued=0  (poll 15s)
[driver]   done=6/10  running=4  queued=0  (poll 15s)
[driver]   done=6/10  running=4  queued=0  (poll 15s)
[driver]   done=6/10  running=4  queued=0  (poll 15s)
[driver]   done=6/10  running=4  queued=0  (poll 15s)
[driver]   done=6/10  running=4  queued=0  (poll 15s)
[driver]   done=6/10  running=4  queued=0  (poll 15s)
[driver]   done=6/10  running=4  queued=0  (poll 15s)
[driver]   done=6/10  running=4  queued=0  (poll 15s)
[driver]   done=6/10  running=4  queued=0  (poll 15s)
[driver]   done=6/10  running=4  queued=0  (poll 15s)
[driver]   done=6/10  running=4  queued=0  (poll 15s)
[driver]   done=6/10  running=4  queued=0  (poll 15s)
[driver]   done=6/10  running=4  queued=0  (poll 15s)
[driver]   done=6/10  running=4  queued=0  (poll 15s)
[driver]   done=6/10  running=4  queued=0  (poll 15s)
[driver]   done=6/10  running=4  queued=0  (poll 15s)
[driver]   done=6/10  running=4  queued=0  (poll 15s)
[driver]   done=6/10  running=4  queued=0  (poll 15s)
[driver]   done=6/10  running=4  queued=0  (poll 15s)
[driver]   done=6/10  running=4  queued=0  (poll 15s)
[driver]   done=6/10  running=4  queued=0  (poll 15s)
[driver]   done=6/10  running=4  queued=0  (poll 15s)
[driver]   done=6/10  running=4  queued=0  (poll 15s)
[driver]   done=6/10  running=4  queued=0  (poll 15s)
[driver]   done=6/10  running=4  queued=0  (poll 15s)
[driver]   done=6/10  running=4  queued=0  (poll 15s)
[driver]   done=6/10  running=4  queued=0  (poll 15s)
[driver]   done=6/10  running=4  queued=0  (poll 15s)
[driver]   done=6/10  running=4  queued=0  (poll 15s)
[driver]   done=6/10  running=4  queued=0  (poll 15s)
[driver]   done=6/10  running=4  queued=0  (poll 15s)
[driver]   done=6/10  running=4  queued=0  (poll 15s)
[driver]   done=6/10  running=4  queued=0  (poll 15s)
[driver]   done=6/10  running=4  queued=0  (poll 15s)
[driver]   done=6/10  running=4  queued=0  (poll 15s)
[driver]   done=6/10  running=4  queued=0  (poll 15s)
[driver]   done=6/10  running=4  queued=0  (poll 15s)
[driver]   done=6/10  running=4  queued=0  (poll 15s)
[driver]   done=6/10  running=4  queued=0  (poll 15s)
[driver]   done=6/10  running=4  queued=0  (poll 15s)
[driver]   done=6/10  running=4  queued=0  (poll 15s)
[driver]   done=6/10  running=4  queued=0  (poll 15s)
[driver]   done=6/10  running=4  queued=0  (poll 15s)
[driver]   done=6/10  running=4  queued=0  (poll 15s)
[driver]   done=6/10  running=4  queued=0  (poll 15s)
[driver]   done=6/10  running=4  queued=0  (poll 15s)
[driver]   done=6/10  running=4  queued=0  (poll 15s)
[driver]   done=6/10  running=4  queued=0  (poll 15s)
[driver]   done=6/10  running=4  queued=0  (poll 15s)
[driver]   done=6/10  running=4  queued=0  (poll 15s)
[driver]   done=6/10  running=4  queued=0  (poll 15s)
[driver]   done=6/10  running=4  queued=0  (poll 15s)
[driver]   done=6/10  running=4  queued=0  (poll 15s)
[driver]   done=6/10  running=4  queued=0  (poll 15s)
[driver]   done=6/10  running=4  queued=0  (poll 15s)
[driver]   done=6/10  running=4  queued=0  (poll 15s)
[driver]   done=6/10  running=4  queued=0  (poll 15s)
[driver]   done=6/10  running=4  queued=0  (poll 15s)
[driver]   done=6/10  running=4  queued=0  (poll 15s)
[driver]   done=6/10  running=4  queued=0  (poll 15s)
[driver]   done=6/10  running=4  queued=0  (poll 15s)
[driver]   done=6/10  running=4  queued=0  (poll 15s)
[driver]   done=6/10  running=4  queued=0  (poll 15s)
[driver]   done=6/10  running=4  queued=0  (poll 15s)
[driver]   done=6/10  running=4  queued=0  (poll 15s)
[driver]   done=6/10  running=4  queued=0  (poll 15s)
[driver]   done=6/10  running=4  queued=0  (poll 15s)
[driver]   done=6/10  running=4  queued=0  (poll 15s)
[driver]   done=6/10  running=4  queued=0  (poll 15s)
[driver]   done=6/10  running=4  queued=0  (poll 15s)
[driver]   done=6/10  running=4  queued=0  (poll 15s)
[driver]   done=6/10  running=4  queued=0  (poll 15s)
[driver]   done=6/10  running=4  queued=0  (poll 15s)
[driver]   done=6/10  running=4  queued=0  (poll 15s)
[driver]   done=6/10  running=4  queued=0  (poll 15s)
[driver]   done=6/10  running=4  queued=0  (poll 15s)
[driver]   done=6/10  running=4  queued=0  (poll 15s)
[driver]   done=6/10  running=4  queued=0  (poll 15s)
[driver]   done=6/10  running=4  queued=0  (poll 15s)
[driver]   done=6/10  running=4  queued=0  (poll 15s)
[driver]   done=6/10  running=4  queued=0  (poll 15s)
[driver]   done=6/10  running=4  queued=0  (poll 15s)
[driver]   done=6/10  running=4  queued=0  (poll 15s)
[driver]   done=6/10  running=4  queued=0  (poll 15s)
[driver]   done=6/10  running=4  queued=0  (poll 15s)
[driver]   done=6/10  running=4  queued=0  (poll 15s)
[driver]   done=6/10  running=4  queued=0  (poll 15s)
[driver]   done=6/10  running=4  queued=0  (poll 15s)
[driver]   done=6/10  running=4  queued=0  (poll 15s)
[driver]   done=6/10  running=4  queued=0  (poll 15s)
[driver]   done=6/10  running=4  queued=0  (poll 15s)
[driver]   done=6/10  running=4  queued=0  (poll 15s)
[driver]   done=6/10  running=4  queued=0  (poll 15s)
[driver]   done=6/10  running=4  queued=0  (poll 15s)
[driver]   done=6/10  running=4  queued=0  (poll 15s)
[driver]   done=6/10  running=4  queued=0  (poll 15s)
[driver]   done=6/10  running=4  queued=0  (poll 15s)
[driver]   done=6/10  running=4  queued=0  (poll 15s)
[driver]   done=6/10  running=4  queued=0  (poll 15s)
[driver]   done=6/10  running=4  queued=0  (poll 15s)
[driver]   done=6/10  running=4  queued=0  (poll 15s)
[driver]   done=6/10  running=4  queued=0  (poll 15s)
[driver]   done=6/10  running=4  queued=0  (poll 15s)
[driver]   done=6/10  running=4  queued=0  (poll 15s)
[driver]   done=6/10  running=4  queued=0  (poll 15s)
[driver]   done=6/10  running=4  queued=0  (poll 15s)
[driver]   done=6/10  running=4  queued=0  (poll 15s)
[driver]   done=6/10  running=4  queued=0  (poll 15s)
[driver]   done=6/10  running=4  queued=0  (poll 15s)
[driver]   done=6/10  running=4  queued=0  (poll 15s)
[driver]   done=6/10  running=4  queued=0  (poll 15s)
[driver]   done=6/10  running=4  queued=0  (poll 15s)
[driver]   done=6/10  running=4  queued=0  (poll 15s)
[driver]   done=6/10  running=4  queued=0  (poll 15s)
[driver]   done=6/10  running=4  queued=0  (poll 15s)
[driver]   done=6/10  running=4  queued=0  (poll 15s)
[driver]   done=6/10  running=4  queued=0  (poll 15s)
[driver]   done=6/10  running=4  queued=0  (poll 15s)
[driver]   done=6/10  running=4  queued=0  (poll 15s)
[driver]   done=6/10  running=4  queued=0  (poll 15s)
[driver]   done=6/10  running=4  queued=0  (poll 15s)
[driver]   done=6/10  running=4  queued=0  (poll 15s)
[driver]   done=6/10  running=4  queued=0  (poll 15s)
[driver]   done=6/10  running=4  queued=0  (poll 15s)
[driver]   done=6/10  running=4  queued=0  (poll 15s)
[driver]   done=6/10  running=4  queued=0  (poll 15s)
[driver]   done=6/10  running=4  queued=0  (poll 15s)
[driver]   done=6/10  running=4  queued=0  (poll 15s)
[driver]   done=6/10  running=4  queued=0  (poll 15s)
[driver]   done=6/10  running=4  queued=0  (poll 15s)
[driver]   done=6/10  running=4  queued=0  (poll 15s)
[driver]   done=6/10  running=4  queued=0  (poll 15s)
[driver]   done=6/10  running=4  queued=0  (poll 15s)
[driver]   done=6/10  running=4  queued=0  (poll 15s)
[driver]   done=6/10  running=4  queued=0  (poll 15s)
[driver]   done=6/10  running=4  queued=0  (poll 15s)
[driver]   done=6/10  running=4  queued=0  (poll 15s)
[driver]   done=6/10  running=4  queued=0  (poll 15s)
[driver]   done=6/10  running=4  queued=0  (poll 15s)
[driver]   done=6/10  running=4  queued=0  (poll 15s)
[driver]   done=6/10  running=4  queued=0  (poll 15s)
[driver]   done=6/10  running=4  queued=0  (poll 15s)
[driver]   done=6/10  running=4  queued=0  (poll 15s)
[driver]   done=6/10  running=4  queued=0  (poll 15s)
[driver]   done=6/10  running=4  queued=0  (poll 15s)
[driver]   done=6/10  running=4  queued=0  (poll 15s)
[driver]   done=6/10  running=4  queued=0  (poll 15s)
[driver]   done=6/10  running=4  queued=0  (poll 15s)
[driver]   done=6/10  running=4  queued=0  (poll 15s)
[driver]   done=6/10  running=4  queued=0  (poll 15s)
[driver]   done=6/10  running=4  queued=0  (poll 15s)
[driver]   done=6/10  running=4  queued=0  (poll 15s)
[driver]   done=6/10  running=4  queued=0  (poll 15s)
[driver]   done=6/10  running=4  queued=0  (poll 15s)
[driver]   done=6/10  running=4  queued=0  (poll 15s)
[driver]   done=6/10  running=4  queued=0  (poll 15s)
[driver]   done=6/10  running=4  queued=0  (poll 15s)
[driver]   done=6/10  running=4  queued=0  (poll 15s)
[driver]   done=6/10  running=4  queued=0  (poll 15s)
[driver]   done=6/10  running=4  queued=0  (poll 15s)
[driver]   done=6/10  running=4  queued=0  (poll 15s)
[driver]   done=6/10  running=4  queued=0  (poll 15s)
[driver]   done=6/10  running=4  queued=0  (poll 15s)
[driver]   done=6/10  running=4  queued=0  (poll 15s)
[driver]   done=6/10  running=4  queued=0  (poll 15s)
[driver]   done=6/10  running=4  queued=0  (poll 15s)
[driver]   done=6/10  running=4  queued=0  (poll 15s)
[driver]   done=6/10  running=4  queued=0  (poll 15s)
[driver]   done=6/10  running=4  queued=0  (poll 15s)
[driver]   done=6/10  running=4  queued=0  (poll 15s)
[driver]   done=6/10  running=4  queued=0  (poll 15s)
[driver]   done=6/10  running=4  queued=0  (poll 15s)
[driver]   done=6/10  running=4  queued=0  (poll 15s)
[driver]   done=6/10  running=4  queued=0  (poll 15s)
[driver]   done=6/10  running=4  queued=0  (poll 15s)
[driver]   done=6/10  running=4  queued=0  (poll 15s)
[driver]   done=6/10  running=4  queued=0  (poll 15s)
[driver]   done=6/10  running=4  queued=0  (poll 15s)
[driver]   done=6/10  running=4  queued=0  (poll 15s)
[driver]   done=6/10  running=4  queued=0  (poll 15s)
[driver]   done=6/10  running=4  queued=0  (poll 15s)
[driver]   done=6/10  running=4  queued=0  (poll 15s)
[driver]   done=6/10  running=4  queued=0  (poll 15s)
[driver]   done=6/10  running=4  queued=0  (poll 15s)
[driver]   done=6/10  running=4  queued=0  (poll 15s)
[driver]   done=6/10  running=4  queued=0  (poll 15s)
[driver]   done=6/10  running=4  queued=0  (poll 15s)
[driver]   done=6/10  running=4  queued=0  (poll 15s)
[driver]   done=6/10  running=4  queued=0  (poll 15s)
[driver]   done=6/10  running=4  queued=0  (poll 15s)
[driver]   done=6/10  running=4  queued=0  (poll 15s)
[driver]   done=6/10  running=4  queued=0  (poll 15s)
[driver]   done=6/10  running=4  queued=0  (poll 15s)
[driver]   done=6/10  running=4  queued=0  (poll 15s)
[driver]   done=6/10  running=4  queued=0  (poll 15s)
[driver]   done=6/10  running=4  queued=0  (poll 15s)
[driver]   done=6/10  running=4  queued=0  (poll 15s)
[driver]   done=6/10  running=4  queued=0  (poll 15s)
[driver]   done=6/10  running=4  queued=0  (poll 15s)
[driver]   done=6/10  running=4  queued=0  (poll 15s)
[driver]   done=6/10  running=4  queued=0  (poll 15s)
[driver]   done=6/10  running=4  queued=0  (poll 15s)
[driver]   done=6/10  running=4  queued=0  (poll 15s)
[driver]   done=6/10  running=4  queued=0  (poll 15s)
[driver]   done=6/10  running=4  queued=0  (poll 15s)
[driver]   done=6/10  running=4  queued=0  (poll 15s)
[driver]   done=6/10  running=4  queued=0  (poll 15s)
[driver]   done=6/10  running=4  queued=0  (poll 15s)
[driver]   done=6/10  running=4  queued=0  (poll 15s)
[driver]   done=6/10  running=4  queued=0  (poll 15s)
[driver]   done=6/10  running=4  queued=0  (poll 15s)
[driver]   done=6/10  running=4  queued=0  (poll 15s)
[driver]   done=6/10  running=4  queued=0  (poll 15s)
[driver]   done=6/10  running=4  queued=0  (poll 15s)
[driver]   done=6/10  running=4  queued=0  (poll 15s)
[driver]   done=6/10  running=4  queued=0  (poll 15s)
[driver]   done=6/10  running=4  queued=0  (poll 15s)
[driver]   done=6/10  running=4  queued=0  (poll 15s)
[driver]   done=6/10  running=4  queued=0  (poll 15s)
[driver]   done=6/10  running=4  queued=0  (poll 15s)
[driver]   done=6/10  running=4  queued=0  (poll 15s)
[driver]   done=6/10  running=4  queued=0  (poll 15s)
[driver]   done=6/10  running=4  queued=0  (poll 15s)
[driver]   done=6/10  running=4  queued=0  (poll 15s)
[driver]   done=6/10  running=4  queued=0  (poll 15s)
[driver]   done=6/10  running=4  queued=0  (poll 15s)
[driver]   done=6/10  running=4  queued=0  (poll 15s)
[driver]   done=6/10  running=4  queued=0  (poll 15s)
[driver]   done=6/10  running=4  queued=0  (poll 15s)
[driver]   done=6/10  running=4  queued=0  (poll 15s)
[driver]   done=6/10  running=4  queued=0  (poll 15s)
[driver]   done=6/10  running=4  queued=0  (poll 15s)
[driver]   done=6/10  running=4  queued=0  (poll 15s)
[driver]   done=6/10  running=4  queued=0  (poll 15s)
[driver]   done=6/10  running=4  queued=0  (poll 15s)
[driver]   done=6/10  running=4  queued=0  (poll 15s)
[driver]   done=6/10  running=4  queued=0  (poll 15s)
[driver]   done=6/10  running=4  queued=0  (poll 15s)
[driver]   done=6/10  running=4  queued=0  (poll 15s)
[driver]   done=6/10  running=4  queued=0  (poll 15s)
[driver]   done=6/10  running=4  queued=0  (poll 15s)
[driver]   done=6/10  running=4  queued=0  (poll 15s)
[driver]   done=6/10  running=4  queued=0  (poll 15s)
[driver]   done=6/10  running=4  queued=0  (poll 15s)
[driver]   done=6/10  running=4  queued=0  (poll 15s)
[driver]   done=6/10  running=4  queued=0  (poll 15s)
[driver]   done=6/10  running=4  queued=0  (poll 15s)
[driver]   done=6/10  running=4  queued=0  (poll 15s)
[driver]   done=6/10  running=4  queued=0  (poll 15s)
[driver]   done=6/10  running=4  queued=0  (poll 15s)
[driver]   done=6/10  running=4  queued=0  (poll 15s)
[driver]   done=6/10  running=4  queued=0  (poll 15s)
[driver]   done=6/10  running=4  queued=0  (poll 15s)
[driver]   done=6/10  running=4  queued=0  (poll 15s)
[driver]   done=6/10  running=4  queued=0  (poll 15s)
[driver]   done=6/10  running=4  queued=0  (poll 15s)
[driver]   done=6/10  running=4  queued=0  (poll 15s)
[driver]   done=6/10  running=4  queued=0  (poll 15s)
[driver]   done=6/10  running=4  queued=0  (poll 15s)
[driver]   done=6/10  running=4  queued=0  (poll 15s)
[driver]   done=6/10  running=4  queued=0  (poll 15s)
[driver]   done=6/10  running=4  queued=0  (poll 15s)
[driver]   done=6/10  running=4  queued=0  (poll 15s)
[driver]   done=6/10  running=4  queued=0  (poll 15s)
[driver]   done=6/10  running=4  queued=0  (poll 15s)
[driver]   done=6/10  running=4  queued=0  (poll 15s)
[driver]   done=6/10  running=4  queued=0  (poll 15s)
[driver]   done=6/10  running=4  queued=0  (poll 15s)
[driver]   done=6/10  running=4  queued=0  (poll 15s)
[driver]   done=6/10  running=4  queued=0  (poll 15s)
[driver]   done=6/10  running=4  queued=0  (poll 15s)
[driver]   done=6/10  running=4  queued=0  (poll 15s)
[driver]   done=6/10  running=4  queued=0  (poll 15s)
[driver]   done=6/10  running=4  queued=0  (poll 15s)
[driver]   done=6/10  running=4  queued=0  (poll 15s)
[driver]   done=6/10  running=4  queued=0  (poll 15s)
[driver]   done=6/10  running=4  queued=0  (poll 15s)
[driver]   done=6/10  running=4  queued=0  (poll 15s)
[driver]   done=6/10  running=4  queued=0  (poll 15s)
[driver]   done=6/10  running=4  queued=0  (poll 15s)
[driver]   done=6/10  running=4  queued=0  (poll 15s)
[driver]   done=6/10  running=4  queued=0  (poll 15s)
[driver]   done=6/10  running=4  queued=0  (poll 15s)
[driver]   done=6/10  running=4  queued=0  (poll 15s)
[driver]   done=6/10  running=4  queued=0  (poll 15s)
[driver]   done=6/10  running=4  queued=0  (poll 15s)
[driver]   done=6/10  running=4  queued=0  (poll 15s)
[driver]   done=6/10  running=4  queued=0  (poll 15s)
[driver]   done=6/10  running=4  queued=0  (poll 15s)
[driver]   done=6/10  running=4  queued=0  (poll 15s)
[driver]   done=6/10  running=4  queued=0  (poll 15s)
[driver]   done=6/10  running=4  queued=0  (poll 15s)
[driver]   done=7/10  running=3  queued=0  (poll 15s)
[driver]   done=7/10  running=3  queued=0  (poll 15s)
[driver]   done=7/10  running=3  queued=0  (poll 15s)
[driver]   done=7/10  running=3  queued=0  (poll 15s)
[driver]   done=7/10  running=3  queued=0  (poll 15s)
[driver]   done=7/10  running=3  queued=0  (poll 15s)
[driver]   done=7/10  running=3  queued=0  (poll 15s)
[driver]   done=7/10  running=3  queued=0  (poll 15s)
[driver]   done=7/10  running=3  queued=0  (poll 15s)
[driver]   done=7/10  running=3  queued=0  (poll 15s)
[driver]   done=7/10  running=3  queued=0  (poll 15s)
[driver]   done=7/10  running=3  queued=0  (poll 15s)
[driver]   done=7/10  running=3  queued=0  (poll 15s)
[driver]   done=7/10  running=3  queued=0  (poll 15s)
[driver]   done=7/10  running=3  queued=0  (poll 15s)
[driver]   done=7/10  running=3  queued=0  (poll 15s)
[driver]   done=7/10  running=3  queued=0  (poll 15s)
[driver]   done=7/10  running=3  queued=0  (poll 15s)
[driver]   done=7/10  running=3  queued=0  (poll 15s)
[driver]   done=7/10  running=3  queued=0  (poll 15s)
[driver]   done=8/10  running=2  queued=0  (poll 15s)
[driver]   done=8/10  running=2  queued=0  (poll 15s)
[driver]   done=8/10  running=2  queued=0  (poll 15s)
[driver]   done=8/10  running=2  queued=0  (poll 15s)
[driver]   done=8/10  running=2  queued=0  (poll 15s)
[driver]   done=8/10  running=2  queued=0  (poll 15s)
[driver]   done=8/10  running=2  queued=0  (poll 15s)
[driver]   done=9/10  running=1  queued=0  (poll 15s)
[driver]   done=9/10  running=1  queued=0  (poll 15s)
[driver]   done=9/10  running=1  queued=0  (poll 15s)
[driver]   done=9/10  running=1  queued=0  (poll 15s)
[driver]   done=9/10  running=1  queued=0  (poll 15s)
[driver]   done=9/10  running=1  queued=0  (poll 15s)
[driver]   done=9/10  running=1  queued=0  (poll 15s)
[driver]   done=9/10  running=1  queued=0  (poll 15s)
[driver]   done=9/10  running=1  queued=0  (poll 15s)
[driver]   done=9/10  running=1  queued=0  (poll 15s)
[driver]   done=9/10  running=1  queued=0  (poll 15s)
[driver]   done=9/10  running=1  queued=0  (poll 15s)
[driver]   done=9/10  running=1  queued=0  (poll 15s)
[driver]   done=9/10  running=1  queued=0  (poll 15s)
[driver]   done=9/10  running=1  queued=0  (poll 15s)
[driver]   done=9/10  running=1  queued=0  (poll 15s)
[driver]   done=9/10  running=1  queued=0  (poll 15s)
[driver]   done=9/10  running=1  queued=0  (poll 15s)
[driver]   done=9/10  running=1  queued=0  (poll 15s)
[driver]   done=9/10  running=1  queued=0  (poll 15s)
[driver]   done=9/10  running=1  queued=0  (poll 15s)
[driver]   done=9/10  running=1  queued=0  (poll 15s)
[driver]   done=9/10  running=1  queued=0  (poll 15s)
[driver]   done=9/10  running=1  queued=0  (poll 15s)
[driver]   done=9/10  running=1  queued=0  (poll 15s)
[driver]   done=9/10  running=1  queued=0  (poll 15s)
[driver]   done=9/10  running=1  queued=0  (poll 15s)
[driver]   done=9/10  running=1  queued=0  (poll 15s)
[driver]   done=9/10  running=1  queued=0  (poll 15s)
[driver]   done=9/10  running=1  queued=0  (poll 15s)
[driver]   done=9/10  running=1  queued=0  (poll 15s)
[driver]   done=9/10  running=1  queued=0  (poll 15s)
[driver]   done=9/10  running=1  queued=0  (poll 15s)
[driver]   done=9/10  running=1  queued=0  (poll 15s)
[driver]   done=9/10  running=1  queued=0  (poll 15s)
[driver]   done=9/10  running=1  queued=0  (poll 15s)
[driver]   done=9/10  running=1  queued=0  (poll 15s)
[driver]   done=9/10  running=1  queued=0  (poll 15s)
[driver]   done=9/10  running=1  queued=0  (poll 15s)
[driver]   done=9/10  running=1  queued=0  (poll 15s)
[driver]   done=9/10  running=1  queued=0  (poll 15s)
[driver]   done=9/10  running=1  queued=0  (poll 15s)
[driver]   done=9/10  running=1  queued=0  (poll 15s)
[driver]   done=9/10  running=1  queued=0  (poll 15s)
[driver]   done=9/10  running=1  queued=0  (poll 15s)
[driver]   done=9/10  running=1  queued=0  (poll 15s)
[driver]   done=9/10  running=1  queued=0  (poll 15s)
[driver]   done=9/10  running=1  queued=0  (poll 15s)
[driver]   done=9/10  running=1  queued=0  (poll 15s)
[driver]   done=9/10  running=1  queued=0  (poll 15s)
[driver]   done=9/10  running=1  queued=0  (poll 15s)
[driver]   done=9/10  running=1  queued=0  (poll 15s)
[driver]   done=9/10  running=1  queued=0  (poll 15s)
[driver]   done=9/10  running=1  queued=0  (poll 15s)
[driver]   done=9/10  running=1  queued=0  (poll 15s)
[driver]   done=9/10  running=1  queued=0  (poll 15s)
[driver]   done=9/10  running=1  queued=0  (poll 15s)
[driver]   done=9/10  running=1  queued=0  (poll 15s)
[driver]   done=9/10  running=1  queued=0  (poll 15s)
[driver]   done=9/10  running=1  queued=0  (poll 15s)
[driver]   done=9/10  running=1  queued=0  (poll 15s)
[driver]   done=9/10  running=1  queued=0  (poll 15s)
[driver]   done=9/10  running=1  queued=0  (poll 15s)
[driver]   done=9/10  running=1  queued=0  (poll 15s)
[driver]   done=9/10  running=1  queued=0  (poll 15s)
[driver]   done=9/10  running=1  queued=0  (poll 15s)
[driver]   done=9/10  running=1  queued=0  (poll 15s)
[driver]   done=9/10  running=1  queued=0  (poll 15s)
[driver]   done=9/10  running=1  queued=0  (poll 15s)
[driver]   done=9/10  running=1  queued=0  (poll 15s)
[driver]   done=9/10  running=1  queued=0  (poll 15s)
[driver]   done=9/10  running=1  queued=0  (poll 15s)
[driver]   done=9/10  running=1  queued=0  (poll 15s)
[driver]   done=9/10  running=1  queued=0  (poll 15s)
[driver]   done=9/10  running=1  queued=0  (poll 15s)
[driver]   done=9/10  running=1  queued=0  (poll 15s)
[driver]   done=9/10  running=1  queued=0  (poll 15s)
[driver]   done=9/10  running=1  queued=0  (poll 15s)
[driver]   done=9/10  running=1  queued=0  (poll 15s)
[driver]   done=9/10  running=1  queued=0  (poll 15s)
[driver]   done=9/10  running=1  queued=0  (poll 15s)
[driver]   done=9/10  running=1  queued=0  (poll 15s)
[driver]   done=9/10  running=1  queued=0  (poll 15s)
[driver]   done=9/10  running=1  queued=0  (poll 15s)
[driver]   done=9/10  running=1  queued=0  (poll 15s)
[driver]   done=9/10  running=1  queued=0  (poll 15s)
[driver]   done=9/10  running=1  queued=0  (poll 15s)
[driver]   done=9/10  running=1  queued=0  (poll 15s)
[driver]   done=9/10  running=1  queued=0  (poll 15s)
[driver]   done=9/10  running=1  queued=0  (poll 15s)
[driver]   done=9/10  running=1  queued=0  (poll 15s)
[driver]   done=9/10  running=1  queued=0  (poll 15s)
[driver]   done=9/10  running=1  queued=0  (poll 15s)
[driver]   done=9/10  running=1  queued=0  (poll 15s)
[driver]   done=9/10  running=1  queued=0  (poll 15s)
[driver]   done=9/10  running=1  queued=0  (poll 15s)
[driver]   done=9/10  running=1  queued=0  (poll 15s)
[driver]   done=9/10  running=1  queued=0  (poll 15s)
[driver]   done=9/10  running=1  queued=0  (poll 15s)
[driver]   done=9/10  running=1  queued=0  (poll 15s)
[driver]   done=9/10  running=1  queued=0  (poll 15s)
[driver] All fragment jobs reported DONE.
[geomopt step=000] Assembly route: Stage-1 Lagrangian (rdm_t amplitudes + Λ/Z-vector relaxed density; amplitude response, frozen-bath)
[lagrangian] global effective correlation energy (diagnostic): -0.0817659297 Ha
[lagrangian] Λ-relaxed (Z-vector) global density built; amplitude response included (frozen-bath approximation)
[geomopt step=000] Per-cluster energies (heff + eris):
                      O  E_cluster = -137.5460892519 Ha  [SQD, norb=16]
                      C  E_cluster = -148.0756154358 Ha  [SQD, norb=23]
                      C  E_cluster = -92.7984715947 Ha  [SQD, norb=16]
                      C  E_cluster = -92.7984522451 Ha  [SQD, norb=16]
                      H  E_cluster = -17.4261549090 Ha  [FCI, norb=8]
                      H  E_cluster = -17.4261549090 Ha  [FCI, norb=8]
                      H  E_cluster = -17.4326141155 Ha  [FCI, norb=8]
                      H  E_cluster = -17.4326141155 Ha  [FCI, norb=8]
                      H  E_cluster = -17.4326141155 Ha  [FCI, norb=8]
                      H  E_cluster = -17.4326141155 Ha  [FCI, norb=8]
[geomopt step=000] Global 1-RDM shape         : (26, 26)
[geomopt step=000] Global 2-RDM cumulant shape: (26, 26, 26, 26)
[geomopt step=000] Tr(dm1) = 32.000000 (expected: nelec = 32)
[geomopt step=000] EWF-FCI/SQD energy: -189.8109174753 Ha
[geomopt step=000] E = -189.8109174753 Ha   |grad| = 6.3770e-02
======================================================================

     Step     Time          Energy         fmax         cmax       rtrust          rho
Sella   0 05:36:37    -5165.018147       2.1284       0.0000       0.1000       1.0000
/home/kaliakd/isilon/Danil/Software/Executables/miniforge3/envs/ewf/lib/python3.10/site-packages/ase/optimize/optimize.py:92: FutureWarning: Log flushes by default now.  Please do not call flush().  If you want a different flushing behaviour please open logfile yourself and choose buffering mode as appropriate.  This flush() method currently does nothing.
  warnings.warn('Log flushes by default now.  Please do not call '

======================================================================
[geomopt step=001] Starting EWF-FCI/SQD single-point in /mnt/beegfs/merzk/kaliakd/EWF_Geom_Opt_Development/release_code_showcase_acetone/EWF-FCI_SQD/jobs_EWF/step_001
======================================================================
[geomopt step=001] Building mol + RHF
[geomopt step=001] HF energy: -189.5320014171
          |
          |  INITIALIZING EWF
          |  ================
          |      Initial E(mean-field)=    -189.53200142 Ha
          |      Calculated E(HF)=         -189.53200142 Ha
          |      Difference dE=              +0.00000000 Ha ( -0.0%)
          |      n(AO)=   26  n(MO)=   26  n(linear dep.)=    0
          |      Parameters of EWF:
          |      Options(store_eris=True, global_frag_chempot=None, dm_with_frozen=False, bath_options={'bathtype':
          |          'mp2', 'canonicalize': True, 'occupation_tolerance': 1e-06, 'dmet_threshold': 1e-08, 'rcut': None,
          |          'unit': 'Ang', 'local_aux_enable': False, 'local_aux_radius': 5.0, 'local_aux_unit': 'Ang',
          |          'local_aux_atom_weight_thresh': 0.0001, 'local_aux_print': False, 'order': None, 'max_order': 20,
          |          'threshold': 1e-05, 'truncation': 'occupation', 'project_dmet_order': 2, 'project_dmet_mode':
          |          'squared-entropy', 'addbuffer': False, 'bathtype_occ': None, 'bathtype_vir': None, 'rcut_occ': None,
          |          'rcut_vir': None, 'unit_occ': None, 'unit_vir': None, 'order_occ': None, 'order_vir': None,
          |          'max_order_occ': None, 'max_order_vir': None, 'threshold_occ': None, 'threshold_vir': None,
          |          'truncation_occ': None, 'truncation_vir': None, 'project_dmet_order_occ': None,
          |          'project_dmet_order_vir': None, 'project_dmet_mode_occ': None, 'project_dmet_mode_vir': None,
          |          'addbuffer_occ': None, 'addbuffer_dmet_vir': None, 'canonicalize_occ': None, 'canonicalize_vir':
          |          None}, bosonic_bath_options={'bathtype': None, 'target_orbitals': 'full', 'local_projection':
          |          'fragment', 'threshold': 1e-06, 'truncation': 'occupation'}, solver_options={'conv_tol': None,
          |          'n_moments': None, 'solve_lambda': True, 'conv_tol_normt': None, 'level_shift': None, 'diis_space':
          |          None, 'diis_start_cycle': None, 'iterative_damping': None, 'threads': 1, 'max_cycle': 300,
          |          'fix_spin': None, 'lindep': None, 'davidson_only': True, 'init_guess': 'default', 'max_boson_occ':
          |          2, 'ansatz': None, 'store_as_ccsd': None, 'dumpfile': '/dev/null', 'callback': None,
          |          'compress_cderi': False}, symmetry_tol=1e-06, symmetry_mf_tol=1e-05, screening=None,
          |          ext_rpa_correction=None, match_cluster_fock=False, iao_minao='auto', project_eris=False,
          |          project_init_guess=True, energy_functional='wf', calc_e_wf_corr=True, calc_e_dm_corr=False,
          |          calc_e_ccsd_t_corr=False, t_as_lambda=None, store_wf_type=None, bsse_correction=True, bsse_rmax=5.0,
          |          nelectron_target=None, sc_mode=0, coupled_iterations=False, _debug_wf=None)
          |      Time for EWF setup: 0.1 s
          |  IAO Fragmentation
          |  -----------------
          |  IAO:  computational basis= sto-3g  minimal reference basis= sto-3g (automatically chosen)
          |      IAO CACHE MISS: molecule fingerprint mismatch
          |      IAO: building IAOs from scratch (cache miss).
          |      n(AO)=   26  n(MO)=   26  n(occ-MO)=   16  n(IAO)=   26
          |      IAO CACHE WRITE: saved C_iao to iao_cache.h5 (shape=(26, 26))
          |      Fragmentation: orthogonal= True, occupied-complete= True, virtual-complete= True
[geomopt step=001] Discovered 10 fragment(s) at threshold=1e-05
[geomopt step=001] === Wave 1/2 : submitting 10 DUMP job(s) ===
[driver] Submitted dump fragment   0  -> Slurm job 6040351  (/mnt/beegfs/merzk/kaliakd/EWF_Geom_Opt_Development/release_code_showcase_acetone/EWF-FCI_SQD/jobs_EWF/step_001/jobs_fragments_production/frag_dump_000.sh)
[driver] Submitted dump fragment   1  -> Slurm job 6040352  (/mnt/beegfs/merzk/kaliakd/EWF_Geom_Opt_Development/release_code_showcase_acetone/EWF-FCI_SQD/jobs_EWF/step_001/jobs_fragments_production/frag_dump_001.sh)
[driver] Submitted dump fragment   2  -> Slurm job 6040353  (/mnt/beegfs/merzk/kaliakd/EWF_Geom_Opt_Development/release_code_showcase_acetone/EWF-FCI_SQD/jobs_EWF/step_001/jobs_fragments_production/frag_dump_002.sh)
[driver] Submitted dump fragment   3  -> Slurm job 6040354  (/mnt/beegfs/merzk/kaliakd/EWF_Geom_Opt_Development/release_code_showcase_acetone/EWF-FCI_SQD/jobs_EWF/step_001/jobs_fragments_production/frag_dump_003.sh)
[driver] Submitted dump fragment   4  -> Slurm job 6040355  (/mnt/beegfs/merzk/kaliakd/EWF_Geom_Opt_Development/release_code_showcase_acetone/EWF-FCI_SQD/jobs_EWF/step_001/jobs_fragments_production/frag_dump_004.sh)
[driver] Submitted dump fragment   5  -> Slurm job 6040356  (/mnt/beegfs/merzk/kaliakd/EWF_Geom_Opt_Development/release_code_showcase_acetone/EWF-FCI_SQD/jobs_EWF/step_001/jobs_fragments_production/frag_dump_005.sh)
[driver] Submitted dump fragment   6  -> Slurm job 6040357  (/mnt/beegfs/merzk/kaliakd/EWF_Geom_Opt_Development/release_code_showcase_acetone/EWF-FCI_SQD/jobs_EWF/step_001/jobs_fragments_production/frag_dump_006.sh)
[driver] Submitted dump fragment   7  -> Slurm job 6040358  (/mnt/beegfs/merzk/kaliakd/EWF_Geom_Opt_Development/release_code_showcase_acetone/EWF-FCI_SQD/jobs_EWF/step_001/jobs_fragments_production/frag_dump_007.sh)
[driver] Submitted dump fragment   8  -> Slurm job 6040359  (/mnt/beegfs/merzk/kaliakd/EWF_Geom_Opt_Development/release_code_showcase_acetone/EWF-FCI_SQD/jobs_EWF/step_001/jobs_fragments_production/frag_dump_008.sh)
[driver] Submitted dump fragment   9  -> Slurm job 6040360  (/mnt/beegfs/merzk/kaliakd/EWF_Geom_Opt_Development/release_code_showcase_acetone/EWF-FCI_SQD/jobs_EWF/step_001/jobs_fragments_production/frag_dump_009.sh)
[driver] Waiting on 10 fragment status file(s) in '/mnt/beegfs/merzk/kaliakd/EWF_Geom_Opt_Development/release_code_showcase_acetone/EWF-FCI_SQD/jobs_EWF/step_001/jobs_fragments_production'
[driver]   done=0/10  running=1  queued=9  (poll 15s)
[driver]   done=6/10  running=4  queued=0  (poll 15s)
[driver]   done=8/10  running=2  queued=0  (poll 15s)
[driver] All fragment jobs reported DONE.
[geomopt step=001] === Wave 2/2 : submitting 10 solve (FCI/SCI) job(s) ===
[driver] Submitted CI fragment   0  -> Slurm job 6040361  (/mnt/beegfs/merzk/kaliakd/EWF_Geom_Opt_Development/release_code_showcase_acetone/EWF-FCI_SQD/jobs_EWF/step_001/jobs_ci_calculations/frag_solve_000.sh)
[driver] Submitted CI fragment   1  -> Slurm job 6040362  (/mnt/beegfs/merzk/kaliakd/EWF_Geom_Opt_Development/release_code_showcase_acetone/EWF-FCI_SQD/jobs_EWF/step_001/jobs_ci_calculations/frag_solve_001.sh)
[driver] Submitted CI fragment   2  -> Slurm job 6040363  (/mnt/beegfs/merzk/kaliakd/EWF_Geom_Opt_Development/release_code_showcase_acetone/EWF-FCI_SQD/jobs_EWF/step_001/jobs_ci_calculations/frag_solve_002.sh)
[driver] Submitted CI fragment   3  -> Slurm job 6040364  (/mnt/beegfs/merzk/kaliakd/EWF_Geom_Opt_Development/release_code_showcase_acetone/EWF-FCI_SQD/jobs_EWF/step_001/jobs_ci_calculations/frag_solve_003.sh)
[driver] Submitted CI fragment   4  -> Slurm job 6040365  (/mnt/beegfs/merzk/kaliakd/EWF_Geom_Opt_Development/release_code_showcase_acetone/EWF-FCI_SQD/jobs_EWF/step_001/jobs_ci_calculations/frag_solve_004.sh)
[driver] Submitted CI fragment   5  -> Slurm job 6040366  (/mnt/beegfs/merzk/kaliakd/EWF_Geom_Opt_Development/release_code_showcase_acetone/EWF-FCI_SQD/jobs_EWF/step_001/jobs_ci_calculations/frag_solve_005.sh)
[driver] Submitted CI fragment   6  -> Slurm job 6040367  (/mnt/beegfs/merzk/kaliakd/EWF_Geom_Opt_Development/release_code_showcase_acetone/EWF-FCI_SQD/jobs_EWF/step_001/jobs_ci_calculations/frag_solve_006.sh)
[driver] Submitted CI fragment   7  -> Slurm job 6040368  (/mnt/beegfs/merzk/kaliakd/EWF_Geom_Opt_Development/release_code_showcase_acetone/EWF-FCI_SQD/jobs_EWF/step_001/jobs_ci_calculations/frag_solve_007.sh)
[driver] Submitted CI fragment   8  -> Slurm job 6040369  (/mnt/beegfs/merzk/kaliakd/EWF_Geom_Opt_Development/release_code_showcase_acetone/EWF-FCI_SQD/jobs_EWF/step_001/jobs_ci_calculations/frag_solve_008.sh)
[driver] Submitted CI fragment   9  -> Slurm job 6040370  (/mnt/beegfs/merzk/kaliakd/EWF_Geom_Opt_Development/release_code_showcase_acetone/EWF-FCI_SQD/jobs_EWF/step_001/jobs_ci_calculations/frag_solve_009.sh)
[driver] Waiting on 10 fragment status file(s) in '/mnt/beegfs/merzk/kaliakd/EWF_Geom_Opt_Development/release_code_showcase_acetone/EWF-FCI_SQD/jobs_EWF/step_001/jobs_ci_calculations'
[driver]   done=0/10  running=0  queued=10  (poll 15s)
[driver]   done=6/10  running=4  queued=0  (poll 15s)
[driver]   done=6/10  running=4  queued=0  (poll 15s)
[driver]   done=6/10  running=4  queued=0  (poll 15s)
[driver]   done=6/10  running=4  queued=0  (poll 15s)
[driver]   done=6/10  running=4  queued=0  (poll 15s)
[driver]   done=6/10  running=4  queued=0  (poll 15s)
[driver]   done=6/10  running=4  queued=0  (poll 15s)
[driver]   done=6/10  running=4  queued=0  (poll 15s)
[driver]   done=6/10  running=4  queued=0  (poll 15s)
[driver]   done=6/10  running=4  queued=0  (poll 15s)
[driver]   done=6/10  running=4  queued=0  (poll 15s)
[driver]   done=6/10  running=4  queued=0  (poll 15s)
[driver]   done=6/10  running=4  queued=0  (poll 15s)
[driver]   done=6/10  running=4  queued=0  (poll 15s)
[driver]   done=6/10  running=4  queued=0  (poll 15s)
[driver]   done=6/10  running=4  queued=0  (poll 15s)
[driver]   done=6/10  running=4  queued=0  (poll 15s)
[driver]   done=6/10  running=4  queued=0  (poll 15s)
[driver]   done=6/10  running=4  queued=0  (poll 15s)
[driver]   done=6/10  running=4  queued=0  (poll 15s)
[driver]   done=6/10  running=4  queued=0  (poll 15s)
[driver]   done=6/10  running=4  queued=0  (poll 15s)
[driver]   done=6/10  running=4  queued=0  (poll 15s)
[driver]   done=6/10  running=4  queued=0  (poll 15s)
[driver]   done=6/10  running=4  queued=0  (poll 15s)
[driver]   done=6/10  running=4  queued=0  (poll 15s)
[driver]   done=6/10  running=4  queued=0  (poll 15s)
[driver]   done=6/10  running=4  queued=0  (poll 15s)
[driver]   done=6/10  running=4  queued=0  (poll 15s)
[driver]   done=6/10  running=4  queued=0  (poll 15s)
[driver]   done=6/10  running=4  queued=0  (poll 15s)
[driver]   done=6/10  running=4  queued=0  (poll 15s)
[driver]   done=6/10  running=4  queued=0  (poll 15s)
[driver]   done=6/10  running=4  queued=0  (poll 15s)
[driver]   done=6/10  running=4  queued=0  (poll 15s)
[driver]   done=6/10  running=4  queued=0  (poll 15s)
[driver]   done=6/10  running=4  queued=0  (poll 15s)
[driver]   done=6/10  running=4  queued=0  (poll 15s)
[driver]   done=6/10  running=4  queued=0  (poll 15s)
[driver]   done=6/10  running=4  queued=0  (poll 15s)
[driver]   done=6/10  running=4  queued=0  (poll 15s)
[driver]   done=6/10  running=4  queued=0  (poll 15s)
[driver]   done=6/10  running=4  queued=0  (poll 15s)
[driver]   done=6/10  running=4  queued=0  (poll 15s)
[driver]   done=6/10  running=4  queued=0  (poll 15s)
[driver]   done=6/10  running=4  queued=0  (poll 15s)
[driver]   done=6/10  running=4  queued=0  (poll 15s)
[driver]   done=6/10  running=4  queued=0  (poll 15s)
[driver]   done=6/10  running=4  queued=0  (poll 15s)
[driver]   done=6/10  running=4  queued=0  (poll 15s)
[driver]   done=6/10  running=4  queued=0  (poll 15s)
[driver]   done=6/10  running=4  queued=0  (poll 15s)
[driver]   done=6/10  running=4  queued=0  (poll 15s)
[driver]   done=6/10  running=4  queued=0  (poll 15s)
[driver]   done=6/10  running=4  queued=0  (poll 15s)
[driver]   done=6/10  running=4  queued=0  (poll 15s)
[driver]   done=6/10  running=4  queued=0  (poll 15s)
[driver]   done=6/10  running=4  queued=0  (poll 15s)
[driver]   done=6/10  running=4  queued=0  (poll 15s)
[driver]   done=6/10  running=4  queued=0  (poll 15s)
[driver]   done=6/10  running=4  queued=0  (poll 15s)
[driver]   done=6/10  running=4  queued=0  (poll 15s)
[driver]   done=6/10  running=4  queued=0  (poll 15s)
[driver]   done=6/10  running=4  queued=0  (poll 15s)
[driver]   done=6/10  running=4  queued=0  (poll 15s)
[driver]   done=6/10  running=4  queued=0  (poll 15s)
[driver]   done=6/10  running=4  queued=0  (poll 15s)
[driver]   done=6/10  running=4  queued=0  (poll 15s)
[driver]   done=7/10  running=3  queued=0  (poll 15s)
[driver]   done=7/10  running=3  queued=0  (poll 15s)
[driver]   done=8/10  running=2  queued=0  (poll 15s)
[driver]   done=8/10  running=2  queued=0  (poll 15s)
[driver]   done=8/10  running=2  queued=0  (poll 15s)
[driver]   done=8/10  running=2  queued=0  (poll 15s)
[driver]   done=8/10  running=2  queued=0  (poll 15s)
[driver]   done=8/10  running=2  queued=0  (poll 15s)
[driver]   done=8/10  running=2  queued=0  (poll 15s)
[driver]   done=8/10  running=2  queued=0  (poll 15s)
[driver]   done=8/10  running=2  queued=0  (poll 15s)
[driver]   done=8/10  running=2  queued=0  (poll 15s)
[driver]   done=8/10  running=2  queued=0  (poll 15s)
[driver]   done=8/10  running=2  queued=0  (poll 15s)
[driver]   done=9/10  running=1  queued=0  (poll 15s)
[driver]   done=9/10  running=1  queued=0  (poll 15s)
[driver]   done=9/10  running=1  queued=0  (poll 15s)
[driver]   done=9/10  running=1  queued=0  (poll 15s)
[driver]   done=9/10  running=1  queued=0  (poll 15s)
[driver]   done=9/10  running=1  queued=0  (poll 15s)
[driver]   done=9/10  running=1  queued=0  (poll 15s)
[driver]   done=9/10  running=1  queued=0  (poll 15s)
[driver]   done=9/10  running=1  queued=0  (poll 15s)
[driver]   done=9/10  running=1  queued=0  (poll 15s)
[driver]   done=9/10  running=1  queued=0  (poll 15s)
[driver]   done=9/10  running=1  queued=0  (poll 15s)
[driver]   done=9/10  running=1  queued=0  (poll 15s)
[driver]   done=9/10  running=1  queued=0  (poll 15s)
[driver]   done=9/10  running=1  queued=0  (poll 15s)
[driver]   done=9/10  running=1  queued=0  (poll 15s)
[driver]   done=9/10  running=1  queued=0  (poll 15s)
[driver]   done=9/10  running=1  queued=0  (poll 15s)
[driver]   done=9/10  running=1  queued=0  (poll 15s)
[driver]   done=9/10  running=1  queued=0  (poll 15s)
[driver]   done=9/10  running=1  queued=0  (poll 15s)
[driver]   done=9/10  running=1  queued=0  (poll 15s)
[driver]   done=9/10  running=1  queued=0  (poll 15s)
[driver]   done=9/10  running=1  queued=0  (poll 15s)
[driver]   done=9/10  running=1  queued=0  (poll 15s)
[driver]   done=9/10  running=1  queued=0  (poll 15s)
[driver]   done=9/10  running=1  queued=0  (poll 15s)
[driver]   done=9/10  running=1  queued=0  (poll 15s)
[driver]   done=9/10  running=1  queued=0  (poll 15s)
[driver]   done=9/10  running=1  queued=0  (poll 15s)
[driver]   done=9/10  running=1  queued=0  (poll 15s)
[driver]   done=9/10  running=1  queued=0  (poll 15s)
[driver]   done=9/10  running=1  queued=0  (poll 15s)
[driver]   done=9/10  running=1  queued=0  (poll 15s)
[driver]   done=9/10  running=1  queued=0  (poll 15s)
[driver]   done=9/10  running=1  queued=0  (poll 15s)
[driver]   done=9/10  running=1  queued=0  (poll 15s)
[driver]   done=9/10  running=1  queued=0  (poll 15s)
[driver]   done=9/10  running=1  queued=0  (poll 15s)
[driver]   done=9/10  running=1  queued=0  (poll 15s)
[driver]   done=9/10  running=1  queued=0  (poll 15s)
[driver]   done=9/10  running=1  queued=0  (poll 15s)
[driver]   done=9/10  running=1  queued=0  (poll 15s)
[driver]   done=9/10  running=1  queued=0  (poll 15s)
[driver]   done=9/10  running=1  queued=0  (poll 15s)
[driver]   done=9/10  running=1  queued=0  (poll 15s)
[driver]   done=9/10  running=1  queued=0  (poll 15s)
[driver]   done=9/10  running=1  queued=0  (poll 15s)
[driver]   done=9/10  running=1  queued=0  (poll 15s)
[driver]   done=9/10  running=1  queued=0  (poll 15s)
[driver]   done=9/10  running=1  queued=0  (poll 15s)
[driver]   done=9/10  running=1  queued=0  (poll 15s)
[driver]   done=9/10  running=1  queued=0  (poll 15s)
[driver]   done=9/10  running=1  queued=0  (poll 15s)
[driver]   done=9/10  running=1  queued=0  (poll 15s)
[driver]   done=9/10  running=1  queued=0  (poll 15s)
[driver]   done=9/10  running=1  queued=0  (poll 15s)
[driver]   done=9/10  running=1  queued=0  (poll 15s)
[driver]   done=9/10  running=1  queued=0  (poll 15s)
[driver]   done=9/10  running=1  queued=0  (poll 15s)
[driver]   done=9/10  running=1  queued=0  (poll 15s)
[driver]   done=9/10  running=1  queued=0  (poll 15s)
[driver]   done=9/10  running=1  queued=0  (poll 15s)
[driver]   done=9/10  running=1  queued=0  (poll 15s)
[driver]   done=9/10  running=1  queued=0  (poll 15s)
[driver]   done=9/10  running=1  queued=0  (poll 15s)
[driver]   done=9/10  running=1  queued=0  (poll 15s)
[driver]   done=9/10  running=1  queued=0  (poll 15s)
[driver]   done=9/10  running=1  queued=0  (poll 15s)
[driver]   done=9/10  running=1  queued=0  (poll 15s)
[driver]   done=9/10  running=1  queued=0  (poll 15s)
[driver]   done=9/10  running=1  queued=0  (poll 15s)
[driver]   done=9/10  running=1  queued=0  (poll 15s)
[driver]   done=9/10  running=1  queued=0  (poll 15s)
[driver]   done=9/10  running=1  queued=0  (poll 15s)
[driver]   done=9/10  running=1  queued=0  (poll 15s)
[driver]   done=9/10  running=1  queued=0  (poll 15s)
[driver]   done=9/10  running=1  queued=0  (poll 15s)
[driver]   done=9/10  running=1  queued=0  (poll 15s)
[driver]   done=9/10  running=1  queued=0  (poll 15s)
[driver]   done=9/10  running=1  queued=0  (poll 15s)
[driver]   done=9/10  running=1  queued=0  (poll 15s)
[driver]   done=9/10  running=1  queued=0  (poll 15s)
[driver]   done=9/10  running=1  queued=0  (poll 15s)
[driver]   done=9/10  running=1  queued=0  (poll 15s)
[driver] All fragment jobs reported DONE.
[geomopt step=001] Assembly route: Stage-1 Lagrangian (rdm_t amplitudes + Λ/Z-vector relaxed density; amplitude response, frozen-bath)
[lagrangian] global effective correlation energy (diagnostic): -0.0846872989 Ha
[lagrangian] Λ-relaxed (Z-vector) global density built; amplitude response included (frozen-bath approximation)
[geomopt step=001] Per-cluster energies (heff + eris):
                      O  E_cluster = -136.7491498777 Ha  [SQD, norb=16]
                      C  E_cluster = -147.0529262642 Ha  [SQD, norb=22]
                      C  E_cluster = -92.2101441128 Ha  [SQD, norb=16]
                      C  E_cluster = -92.2101891207 Ha  [SQD, norb=16]
                      H  E_cluster = -17.4826189651 Ha  [FCI, norb=8]
                      H  E_cluster = -17.4826453350 Ha  [FCI, norb=8]
                      H  E_cluster = -17.4763492150 Ha  [FCI, norb=8]
                      H  E_cluster = -17.4763492150 Ha  [FCI, norb=8]
                      H  E_cluster = -17.4763782523 Ha  [FCI, norb=8]
                      H  E_cluster = -17.4763782523 Ha  [FCI, norb=8]
[geomopt step=001] Global 1-RDM shape         : (26, 26)
[geomopt step=001] Global 2-RDM cumulant shape: (26, 26, 26, 26)
[geomopt step=001] Tr(dm1) = 32.000000 (expected: nelec = 32)
[geomopt step=001] EWF-FCI/SQD energy: -189.8150832907 Ha
[geomopt step=001] E = -189.8150832907 Ha   |grad| = 2.4223e-02
======================================================================

Sella   1 06:19:28    -5165.131505       2.1284       0.0000       0.1000       1.1894
/home/kaliakd/isilon/Danil/Software/Executables/miniforge3/envs/ewf/lib/python3.10/site-packages/ase/optimize/optimize.py:92: FutureWarning: Log flushes by default now.  Please do not call flush().  If you want a different flushing behaviour please open logfile yourself and choose buffering mode as appropriate.  This flush() method currently does nothing.
  warnings.warn('Log flushes by default now.  Please do not call '

======================================================================
[geomopt step=002] Starting EWF-FCI/SQD single-point in /mnt/beegfs/merzk/kaliakd/EWF_Geom_Opt_Development/release_code_showcase_acetone/EWF-FCI_SQD/jobs_EWF/step_002
======================================================================
[geomopt step=002] Building mol + RHF
[geomopt step=002] HF energy: -189.5330697001
          |
          |  INITIALIZING EWF
          |  ================
          |      Initial E(mean-field)=    -189.53306970 Ha
          |      Calculated E(HF)=         -189.53306970 Ha
          |      Difference dE=              +0.00000000 Ha ( -0.0%)
          |      n(AO)=   26  n(MO)=   26  n(linear dep.)=    0
          |      Parameters of EWF:
          |      Options(store_eris=True, global_frag_chempot=None, dm_with_frozen=False, bath_options={'bathtype':
          |          'mp2', 'canonicalize': True, 'occupation_tolerance': 1e-06, 'dmet_threshold': 1e-08, 'rcut': None,
          |          'unit': 'Ang', 'local_aux_enable': False, 'local_aux_radius': 5.0, 'local_aux_unit': 'Ang',
          |          'local_aux_atom_weight_thresh': 0.0001, 'local_aux_print': False, 'order': None, 'max_order': 20,
          |          'threshold': 1e-05, 'truncation': 'occupation', 'project_dmet_order': 2, 'project_dmet_mode':
          |          'squared-entropy', 'addbuffer': False, 'bathtype_occ': None, 'bathtype_vir': None, 'rcut_occ': None,
          |          'rcut_vir': None, 'unit_occ': None, 'unit_vir': None, 'order_occ': None, 'order_vir': None,
          |          'max_order_occ': None, 'max_order_vir': None, 'threshold_occ': None, 'threshold_vir': None,
          |          'truncation_occ': None, 'truncation_vir': None, 'project_dmet_order_occ': None,
          |          'project_dmet_order_vir': None, 'project_dmet_mode_occ': None, 'project_dmet_mode_vir': None,
          |          'addbuffer_occ': None, 'addbuffer_dmet_vir': None, 'canonicalize_occ': None, 'canonicalize_vir':
          |          None}, bosonic_bath_options={'bathtype': None, 'target_orbitals': 'full', 'local_projection':
          |          'fragment', 'threshold': 1e-06, 'truncation': 'occupation'}, solver_options={'conv_tol': None,
          |          'n_moments': None, 'solve_lambda': True, 'conv_tol_normt': None, 'level_shift': None, 'diis_space':
          |          None, 'diis_start_cycle': None, 'iterative_damping': None, 'threads': 1, 'max_cycle': 300,
          |          'fix_spin': None, 'lindep': None, 'davidson_only': True, 'init_guess': 'default', 'max_boson_occ':
          |          2, 'ansatz': None, 'store_as_ccsd': None, 'dumpfile': '/dev/null', 'callback': None,
          |          'compress_cderi': False}, symmetry_tol=1e-06, symmetry_mf_tol=1e-05, screening=None,
          |          ext_rpa_correction=None, match_cluster_fock=False, iao_minao='auto', project_eris=False,
          |          project_init_guess=True, energy_functional='wf', calc_e_wf_corr=True, calc_e_dm_corr=False,
          |          calc_e_ccsd_t_corr=False, t_as_lambda=None, store_wf_type=None, bsse_correction=True, bsse_rmax=5.0,
          |          nelectron_target=None, sc_mode=0, coupled_iterations=False, _debug_wf=None)
          |      Time for EWF setup: 0.1 s
          |  IAO Fragmentation
          |  -----------------
          |  IAO:  computational basis= sto-3g  minimal reference basis= sto-3g (automatically chosen)
          |      IAO CACHE MISS: molecule fingerprint mismatch
          |      IAO: building IAOs from scratch (cache miss).
          |      n(AO)=   26  n(MO)=   26  n(occ-MO)=   16  n(IAO)=   26
          |      IAO CACHE WRITE: saved C_iao to iao_cache.h5 (shape=(26, 26))
          |      Fragmentation: orthogonal= True, occupied-complete= True, virtual-complete= True
[geomopt step=002] Discovered 10 fragment(s) at threshold=1e-05
[geomopt step=002] === Wave 1/2 : submitting 10 DUMP job(s) ===
[driver] Submitted dump fragment   0  -> Slurm job 6040488  (/mnt/beegfs/merzk/kaliakd/EWF_Geom_Opt_Development/release_code_showcase_acetone/EWF-FCI_SQD/jobs_EWF/step_002/jobs_fragments_production/frag_dump_000.sh)
[driver] Submitted dump fragment   1  -> Slurm job 6040489  (/mnt/beegfs/merzk/kaliakd/EWF_Geom_Opt_Development/release_code_showcase_acetone/EWF-FCI_SQD/jobs_EWF/step_002/jobs_fragments_production/frag_dump_001.sh)
[driver] Submitted dump fragment   2  -> Slurm job 6040490  (/mnt/beegfs/merzk/kaliakd/EWF_Geom_Opt_Development/release_code_showcase_acetone/EWF-FCI_SQD/jobs_EWF/step_002/jobs_fragments_production/frag_dump_002.sh)
[driver] Submitted dump fragment   3  -> Slurm job 6040491  (/mnt/beegfs/merzk/kaliakd/EWF_Geom_Opt_Development/release_code_showcase_acetone/EWF-FCI_SQD/jobs_EWF/step_002/jobs_fragments_production/frag_dump_003.sh)
[driver] Submitted dump fragment   4  -> Slurm job 6040492  (/mnt/beegfs/merzk/kaliakd/EWF_Geom_Opt_Development/release_code_showcase_acetone/EWF-FCI_SQD/jobs_EWF/step_002/jobs_fragments_production/frag_dump_004.sh)
[driver] Submitted dump fragment   5  -> Slurm job 6040493  (/mnt/beegfs/merzk/kaliakd/EWF_Geom_Opt_Development/release_code_showcase_acetone/EWF-FCI_SQD/jobs_EWF/step_002/jobs_fragments_production/frag_dump_005.sh)
[driver] Submitted dump fragment   6  -> Slurm job 6040494  (/mnt/beegfs/merzk/kaliakd/EWF_Geom_Opt_Development/release_code_showcase_acetone/EWF-FCI_SQD/jobs_EWF/step_002/jobs_fragments_production/frag_dump_006.sh)
[driver] Submitted dump fragment   7  -> Slurm job 6040495  (/mnt/beegfs/merzk/kaliakd/EWF_Geom_Opt_Development/release_code_showcase_acetone/EWF-FCI_SQD/jobs_EWF/step_002/jobs_fragments_production/frag_dump_007.sh)
[driver] Submitted dump fragment   8  -> Slurm job 6040496  (/mnt/beegfs/merzk/kaliakd/EWF_Geom_Opt_Development/release_code_showcase_acetone/EWF-FCI_SQD/jobs_EWF/step_002/jobs_fragments_production/frag_dump_008.sh)
[driver] Submitted dump fragment   9  -> Slurm job 6040497  (/mnt/beegfs/merzk/kaliakd/EWF_Geom_Opt_Development/release_code_showcase_acetone/EWF-FCI_SQD/jobs_EWF/step_002/jobs_fragments_production/frag_dump_009.sh)
[driver] Waiting on 10 fragment status file(s) in '/mnt/beegfs/merzk/kaliakd/EWF_Geom_Opt_Development/release_code_showcase_acetone/EWF-FCI_SQD/jobs_EWF/step_002/jobs_fragments_production'
[driver]   done=0/10  running=0  queued=10  (poll 15s)
[driver]   done=0/10  running=0  queued=10  (poll 15s)
[driver]   done=9/10  running=1  queued=0  (poll 15s)
[driver] All fragment jobs reported DONE.
[geomopt step=002] === Wave 2/2 : submitting 10 solve (FCI/SCI) job(s) ===
[driver] Submitted CI fragment   0  -> Slurm job 6040499  (/mnt/beegfs/merzk/kaliakd/EWF_Geom_Opt_Development/release_code_showcase_acetone/EWF-FCI_SQD/jobs_EWF/step_002/jobs_ci_calculations/frag_solve_000.sh)
[driver] Submitted CI fragment   1  -> Slurm job 6040500  (/mnt/beegfs/merzk/kaliakd/EWF_Geom_Opt_Development/release_code_showcase_acetone/EWF-FCI_SQD/jobs_EWF/step_002/jobs_ci_calculations/frag_solve_001.sh)
[driver] Submitted CI fragment   2  -> Slurm job 6040501  (/mnt/beegfs/merzk/kaliakd/EWF_Geom_Opt_Development/release_code_showcase_acetone/EWF-FCI_SQD/jobs_EWF/step_002/jobs_ci_calculations/frag_solve_002.sh)
[driver] Submitted CI fragment   3  -> Slurm job 6040502  (/mnt/beegfs/merzk/kaliakd/EWF_Geom_Opt_Development/release_code_showcase_acetone/EWF-FCI_SQD/jobs_EWF/step_002/jobs_ci_calculations/frag_solve_003.sh)
[driver] Submitted CI fragment   4  -> Slurm job 6040503  (/mnt/beegfs/merzk/kaliakd/EWF_Geom_Opt_Development/release_code_showcase_acetone/EWF-FCI_SQD/jobs_EWF/step_002/jobs_ci_calculations/frag_solve_004.sh)
[driver] Submitted CI fragment   5  -> Slurm job 6040504  (/mnt/beegfs/merzk/kaliakd/EWF_Geom_Opt_Development/release_code_showcase_acetone/EWF-FCI_SQD/jobs_EWF/step_002/jobs_ci_calculations/frag_solve_005.sh)
[driver] Submitted CI fragment   6  -> Slurm job 6040505  (/mnt/beegfs/merzk/kaliakd/EWF_Geom_Opt_Development/release_code_showcase_acetone/EWF-FCI_SQD/jobs_EWF/step_002/jobs_ci_calculations/frag_solve_006.sh)
[driver] Submitted CI fragment   7  -> Slurm job 6040506  (/mnt/beegfs/merzk/kaliakd/EWF_Geom_Opt_Development/release_code_showcase_acetone/EWF-FCI_SQD/jobs_EWF/step_002/jobs_ci_calculations/frag_solve_007.sh)
[driver] Submitted CI fragment   8  -> Slurm job 6040507  (/mnt/beegfs/merzk/kaliakd/EWF_Geom_Opt_Development/release_code_showcase_acetone/EWF-FCI_SQD/jobs_EWF/step_002/jobs_ci_calculations/frag_solve_008.sh)
[driver] Submitted CI fragment   9  -> Slurm job 6040508  (/mnt/beegfs/merzk/kaliakd/EWF_Geom_Opt_Development/release_code_showcase_acetone/EWF-FCI_SQD/jobs_EWF/step_002/jobs_ci_calculations/frag_solve_009.sh)
[driver] Waiting on 10 fragment status file(s) in '/mnt/beegfs/merzk/kaliakd/EWF_Geom_Opt_Development/release_code_showcase_acetone/EWF-FCI_SQD/jobs_EWF/step_002/jobs_ci_calculations'
[driver]   done=0/10  running=0  queued=10  (poll 15s)
[driver]   done=0/10  running=0  queued=10  (poll 15s)
[driver]   done=0/10  running=0  queued=10  (poll 15s)
[driver]   done=0/10  running=0  queued=10  (poll 15s)
[driver]   done=0/10  running=0  queued=10  (poll 15s)
[driver]   done=0/10  running=0  queued=10  (poll 15s)
[driver]   done=0/10  running=0  queued=10  (poll 15s)
[driver]   done=6/10  running=4  queued=0  (poll 15s)
[driver]   done=6/10  running=4  queued=0  (poll 15s)
[driver]   done=6/10  running=4  queued=0  (poll 15s)
[driver]   done=6/10  running=4  queued=0  (poll 15s)
[driver]   done=6/10  running=4  queued=0  (poll 15s)
[driver]   done=6/10  running=4  queued=0  (poll 15s)
[driver]   done=6/10  running=4  queued=0  (poll 15s)
[driver]   done=6/10  running=4  queued=0  (poll 15s)
[driver]   done=6/10  running=4  queued=0  (poll 15s)
[driver]   done=6/10  running=4  queued=0  (poll 15s)
[driver]   done=6/10  running=4  queued=0  (poll 15s)
[driver]   done=6/10  running=4  queued=0  (poll 15s)
[driver]   done=6/10  running=4  queued=0  (poll 15s)
[driver]   done=6/10  running=4  queued=0  (poll 15s)
[driver]   done=6/10  running=4  queued=0  (poll 15s)
[driver]   done=6/10  running=4  queued=0  (poll 15s)
[driver]   done=6/10  running=4  queued=0  (poll 15s)
[driver]   done=6/10  running=4  queued=0  (poll 15s)
[driver]   done=6/10  running=4  queued=0  (poll 15s)
[driver]   done=6/10  running=4  queued=0  (poll 15s)
[driver]   done=6/10  running=4  queued=0  (poll 15s)
[driver]   done=6/10  running=4  queued=0  (poll 15s)
[driver]   done=6/10  running=4  queued=0  (poll 15s)
[driver]   done=6/10  running=4  queued=0  (poll 15s)
[driver]   done=6/10  running=4  queued=0  (poll 15s)
[driver]   done=6/10  running=4  queued=0  (poll 15s)
[driver]   done=6/10  running=4  queued=0  (poll 15s)
[driver]   done=6/10  running=4  queued=0  (poll 15s)
[driver]   done=6/10  running=4  queued=0  (poll 15s)
[driver]   done=6/10  running=4  queued=0  (poll 15s)
[driver]   done=6/10  running=4  queued=0  (poll 15s)
[driver]   done=6/10  running=4  queued=0  (poll 15s)
[driver]   done=6/10  running=4  queued=0  (poll 15s)
[driver]   done=6/10  running=4  queued=0  (poll 15s)
[driver]   done=6/10  running=4  queued=0  (poll 15s)
[driver]   done=6/10  running=4  queued=0  (poll 15s)
[driver]   done=6/10  running=4  queued=0  (poll 15s)
[driver]   done=6/10  running=4  queued=0  (poll 15s)
[driver]   done=6/10  running=4  queued=0  (poll 15s)
[driver]   done=6/10  running=4  queued=0  (poll 15s)
[driver]   done=6/10  running=4  queued=0  (poll 15s)
[driver]   done=6/10  running=4  queued=0  (poll 15s)
[driver]   done=6/10  running=4  queued=0  (poll 15s)
[driver]   done=6/10  running=4  queued=0  (poll 15s)
[driver]   done=6/10  running=4  queued=0  (poll 15s)
[driver]   done=6/10  running=4  queued=0  (poll 15s)
[driver]   done=6/10  running=4  queued=0  (poll 15s)
[driver]   done=6/10  running=4  queued=0  (poll 15s)
[driver]   done=6/10  running=4  queued=0  (poll 15s)
[driver]   done=6/10  running=4  queued=0  (poll 15s)
[driver]   done=6/10  running=4  queued=0  (poll 15s)
[driver]   done=6/10  running=4  queued=0  (poll 15s)
[driver]   done=6/10  running=4  queued=0  (poll 15s)
[driver]   done=6/10  running=4  queued=0  (poll 15s)
[driver]   done=6/10  running=4  queued=0  (poll 15s)
[driver]   done=6/10  running=4  queued=0  (poll 15s)
[driver]   done=6/10  running=4  queued=0  (poll 15s)
[driver]   done=6/10  running=4  queued=0  (poll 15s)
[driver]   done=6/10  running=4  queued=0  (poll 15s)
[driver]   done=6/10  running=4  queued=0  (poll 15s)
[driver]   done=6/10  running=4  queued=0  (poll 15s)
[driver]   done=6/10  running=4  queued=0  (poll 15s)
[driver]   done=7/10  running=3  queued=0  (poll 15s)
[driver]   done=7/10  running=3  queued=0  (poll 15s)
[driver]   done=7/10  running=3  queued=0  (poll 15s)
[driver]   done=7/10  running=3  queued=0  (poll 15s)
[driver]   done=7/10  running=3  queued=0  (poll 15s)
[driver]   done=7/10  running=3  queued=0  (poll 15s)
[driver]   done=7/10  running=3  queued=0  (poll 15s)
[driver]   done=7/10  running=3  queued=0  (poll 15s)
[driver]   done=7/10  running=3  queued=0  (poll 15s)
[driver]   done=7/10  running=3  queued=0  (poll 15s)
[driver]   done=7/10  running=3  queued=0  (poll 15s)
[driver]   done=7/10  running=3  queued=0  (poll 15s)
[driver]   done=7/10  running=3  queued=0  (poll 15s)
[driver]   done=8/10  running=2  queued=0  (poll 15s)
[driver]   done=9/10  running=1  queued=0  (poll 15s)
[driver]   done=9/10  running=1  queued=0  (poll 15s)
[driver]   done=9/10  running=1  queued=0  (poll 15s)
[driver]   done=9/10  running=1  queued=0  (poll 15s)
[driver]   done=9/10  running=1  queued=0  (poll 15s)
[driver]   done=9/10  running=1  queued=0  (poll 15s)
[driver]   done=9/10  running=1  queued=0  (poll 15s)
[driver]   done=9/10  running=1  queued=0  (poll 15s)
[driver]   done=9/10  running=1  queued=0  (poll 15s)
[driver]   done=9/10  running=1  queued=0  (poll 15s)
[driver]   done=9/10  running=1  queued=0  (poll 15s)
[driver]   done=9/10  running=1  queued=0  (poll 15s)
[driver]   done=9/10  running=1  queued=0  (poll 15s)
[driver]   done=9/10  running=1  queued=0  (poll 15s)
[driver]   done=9/10  running=1  queued=0  (poll 15s)
[driver]   done=9/10  running=1  queued=0  (poll 15s)
[driver]   done=9/10  running=1  queued=0  (poll 15s)
[driver]   done=9/10  running=1  queued=0  (poll 15s)
[driver]   done=9/10  running=1  queued=0  (poll 15s)
[driver]   done=9/10  running=1  queued=0  (poll 15s)
[driver]   done=9/10  running=1  queued=0  (poll 15s)
[driver]   done=9/10  running=1  queued=0  (poll 15s)
[driver]   done=9/10  running=1  queued=0  (poll 15s)
[driver]   done=9/10  running=1  queued=0  (poll 15s)
[driver]   done=9/10  running=1  queued=0  (poll 15s)
[driver]   done=9/10  running=1  queued=0  (poll 15s)
[driver]   done=9/10  running=1  queued=0  (poll 15s)
[driver]   done=9/10  running=1  queued=0  (poll 15s)
[driver]   done=9/10  running=1  queued=0  (poll 15s)
[driver]   done=9/10  running=1  queued=0  (poll 15s)
[driver]   done=9/10  running=1  queued=0  (poll 15s)
[driver]   done=9/10  running=1  queued=0  (poll 15s)
[driver]   done=9/10  running=1  queued=0  (poll 15s)
[driver]   done=9/10  running=1  queued=0  (poll 15s)
[driver]   done=9/10  running=1  queued=0  (poll 15s)
[driver]   done=9/10  running=1  queued=0  (poll 15s)
[driver]   done=9/10  running=1  queued=0  (poll 15s)
[driver]   done=9/10  running=1  queued=0  (poll 15s)
[driver]   done=9/10  running=1  queued=0  (poll 15s)
[driver]   done=9/10  running=1  queued=0  (poll 15s)
[driver]   done=9/10  running=1  queued=0  (poll 15s)
[driver]   done=9/10  running=1  queued=0  (poll 15s)
[driver]   done=9/10  running=1  queued=0  (poll 15s)
[driver]   done=9/10  running=1  queued=0  (poll 15s)
[driver]   done=9/10  running=1  queued=0  (poll 15s)
[driver]   done=9/10  running=1  queued=0  (poll 15s)
[driver]   done=9/10  running=1  queued=0  (poll 15s)
[driver]   done=9/10  running=1  queued=0  (poll 15s)
[driver]   done=9/10  running=1  queued=0  (poll 15s)
[driver]   done=9/10  running=1  queued=0  (poll 15s)
[driver]   done=9/10  running=1  queued=0  (poll 15s)
[driver]   done=9/10  running=1  queued=0  (poll 15s)
[driver]   done=9/10  running=1  queued=0  (poll 15s)
[driver]   done=9/10  running=1  queued=0  (poll 15s)
[driver]   done=9/10  running=1  queued=0  (poll 15s)
[driver]   done=9/10  running=1  queued=0  (poll 15s)
[driver]   done=9/10  running=1  queued=0  (poll 15s)
[driver]   done=9/10  running=1  queued=0  (poll 15s)
[driver]   done=9/10  running=1  queued=0  (poll 15s)
[driver]   done=9/10  running=1  queued=0  (poll 15s)
[driver]   done=9/10  running=1  queued=0  (poll 15s)
[driver]   done=9/10  running=1  queued=0  (poll 15s)
[driver]   done=9/10  running=1  queued=0  (poll 15s)
[driver]   done=9/10  running=1  queued=0  (poll 15s)
[driver]   done=9/10  running=1  queued=0  (poll 15s)
[driver]   done=9/10  running=1  queued=0  (poll 15s)
[driver]   done=9/10  running=1  queued=0  (poll 15s)
[driver]   done=9/10  running=1  queued=0  (poll 15s)
[driver]   done=9/10  running=1  queued=0  (poll 15s)
[driver]   done=9/10  running=1  queued=0  (poll 15s)
[driver]   done=9/10  running=1  queued=0  (poll 15s)
[driver]   done=9/10  running=1  queued=0  (poll 15s)
[driver]   done=9/10  running=1  queued=0  (poll 15s)
[driver]   done=9/10  running=1  queued=0  (poll 15s)
[driver]   done=9/10  running=1  queued=0  (poll 15s)
[driver]   done=9/10  running=1  queued=0  (poll 15s)
[driver]   done=9/10  running=1  queued=0  (poll 15s)
[driver]   done=9/10  running=1  queued=0  (poll 15s)
[driver]   done=9/10  running=1  queued=0  (poll 15s)
[driver]   done=9/10  running=1  queued=0  (poll 15s)
[driver]   done=9/10  running=1  queued=0  (poll 15s)
[driver]   done=9/10  running=1  queued=0  (poll 15s)
[driver]   done=9/10  running=1  queued=0  (poll 15s)
[driver]   done=9/10  running=1  queued=0  (poll 15s)
[driver]   done=9/10  running=1  queued=0  (poll 15s)
[driver]   done=9/10  running=1  queued=0  (poll 15s)
[driver]   done=9/10  running=1  queued=0  (poll 15s)
[driver]   done=9/10  running=1  queued=0  (poll 15s)
[driver]   done=9/10  running=1  queued=0  (poll 15s)
[driver]   done=9/10  running=1  queued=0  (poll 15s)
[driver]   done=9/10  running=1  queued=0  (poll 15s)
[driver]   done=9/10  running=1  queued=0  (poll 15s)
[driver]   done=9/10  running=1  queued=0  (poll 15s)
[driver]   done=9/10  running=1  queued=0  (poll 15s)
[driver]   done=9/10  running=1  queued=0  (poll 15s)
[driver] All fragment jobs reported DONE.
[geomopt step=002] Assembly route: Stage-1 Lagrangian (rdm_t amplitudes + Λ/Z-vector relaxed density; amplitude response, frozen-bath)
[lagrangian] global effective correlation energy (diagnostic): -0.0838488178 Ha
[lagrangian] Λ-relaxed (Z-vector) global density built; amplitude response included (frozen-bath approximation)
[geomopt step=002] Per-cluster energies (heff + eris):
                      O  E_cluster = -137.3704008821 Ha  [SQD, norb=16]
                      C  E_cluster = -147.2089421983 Ha  [SQD, norb=22]
                      C  E_cluster = -92.2699278291 Ha  [SQD, norb=16]
                      C  E_cluster = -92.2699048423 Ha  [SQD, norb=16]
                      H  E_cluster = -17.4591553371 Ha  [FCI, norb=8]
                      H  E_cluster = -17.4591528189 Ha  [FCI, norb=8]
                      H  E_cluster = -17.4548793843 Ha  [FCI, norb=8]
                      H  E_cluster = -17.4548791144 Ha  [FCI, norb=8]
                      H  E_cluster = -17.4548690942 Ha  [FCI, norb=8]
                      H  E_cluster = -17.4548685969 Ha  [FCI, norb=8]
[geomopt step=002] Global 1-RDM shape         : (26, 26)
[geomopt step=002] Global 2-RDM cumulant shape: (26, 26, 26, 26)
[geomopt step=002] Tr(dm1) = 32.000000 (expected: nelec = 32)
[geomopt step=002] EWF-FCI/SQD energy: -189.8154395914 Ha
[geomopt step=002] E = -189.8154395914 Ha   |grad| = 7.6669e-03
======================================================================

Sella   2 07:04:49    -5165.141200       0.8727       0.0000       0.1000       1.2956
/home/kaliakd/isilon/Danil/Software/Executables/miniforge3/envs/ewf/lib/python3.10/site-packages/ase/optimize/optimize.py:92: FutureWarning: Log flushes by default now.  Please do not call flush().  If you want a different flushing behaviour please open logfile yourself and choose buffering mode as appropriate.  This flush() method currently does nothing.
  warnings.warn('Log flushes by default now.  Please do not call '

======================================================================
[geomopt step=003] Starting EWF-FCI/SQD single-point in /mnt/beegfs/merzk/kaliakd/EWF_Geom_Opt_Development/release_code_showcase_acetone/EWF-FCI_SQD/jobs_EWF/step_003
======================================================================
[geomopt step=003] Building mol + RHF
[geomopt step=003] HF energy: -189.5336376579
          |
          |  INITIALIZING EWF
          |  ================
          |      Initial E(mean-field)=    -189.53363766 Ha
          |      Calculated E(HF)=         -189.53363766 Ha
          |      Difference dE=              +0.00000000 Ha ( -0.0%)
          |      n(AO)=   26  n(MO)=   26  n(linear dep.)=    0
          |      Parameters of EWF:
          |      Options(store_eris=True, global_frag_chempot=None, dm_with_frozen=False, bath_options={'bathtype':
          |          'mp2', 'canonicalize': True, 'occupation_tolerance': 1e-06, 'dmet_threshold': 1e-08, 'rcut': None,
          |          'unit': 'Ang', 'local_aux_enable': False, 'local_aux_radius': 5.0, 'local_aux_unit': 'Ang',
          |          'local_aux_atom_weight_thresh': 0.0001, 'local_aux_print': False, 'order': None, 'max_order': 20,
          |          'threshold': 1e-05, 'truncation': 'occupation', 'project_dmet_order': 2, 'project_dmet_mode':
          |          'squared-entropy', 'addbuffer': False, 'bathtype_occ': None, 'bathtype_vir': None, 'rcut_occ': None,
          |          'rcut_vir': None, 'unit_occ': None, 'unit_vir': None, 'order_occ': None, 'order_vir': None,
          |          'max_order_occ': None, 'max_order_vir': None, 'threshold_occ': None, 'threshold_vir': None,
          |          'truncation_occ': None, 'truncation_vir': None, 'project_dmet_order_occ': None,
          |          'project_dmet_order_vir': None, 'project_dmet_mode_occ': None, 'project_dmet_mode_vir': None,
          |          'addbuffer_occ': None, 'addbuffer_dmet_vir': None, 'canonicalize_occ': None, 'canonicalize_vir':
          |          None}, bosonic_bath_options={'bathtype': None, 'target_orbitals': 'full', 'local_projection':
          |          'fragment', 'threshold': 1e-06, 'truncation': 'occupation'}, solver_options={'conv_tol': None,
          |          'n_moments': None, 'solve_lambda': True, 'conv_tol_normt': None, 'level_shift': None, 'diis_space':
          |          None, 'diis_start_cycle': None, 'iterative_damping': None, 'threads': 1, 'max_cycle': 300,
          |          'fix_spin': None, 'lindep': None, 'davidson_only': True, 'init_guess': 'default', 'max_boson_occ':
          |          2, 'ansatz': None, 'store_as_ccsd': None, 'dumpfile': '/dev/null', 'callback': None,
          |          'compress_cderi': False}, symmetry_tol=1e-06, symmetry_mf_tol=1e-05, screening=None,
          |          ext_rpa_correction=None, match_cluster_fock=False, iao_minao='auto', project_eris=False,
          |          project_init_guess=True, energy_functional='wf', calc_e_wf_corr=True, calc_e_dm_corr=False,
          |          calc_e_ccsd_t_corr=False, t_as_lambda=None, store_wf_type=None, bsse_correction=True, bsse_rmax=5.0,
          |          nelectron_target=None, sc_mode=0, coupled_iterations=False, _debug_wf=None)
          |      Time for EWF setup: 0.1 s
          |  IAO Fragmentation
          |  -----------------
          |  IAO:  computational basis= sto-3g  minimal reference basis= sto-3g (automatically chosen)
          |      IAO CACHE MISS: molecule fingerprint mismatch
          |      IAO: building IAOs from scratch (cache miss).
          |      n(AO)=   26  n(MO)=   26  n(occ-MO)=   16  n(IAO)=   26
          |      IAO CACHE WRITE: saved C_iao to iao_cache.h5 (shape=(26, 26))
          |      Fragmentation: orthogonal= True, occupied-complete= True, virtual-complete= True
[geomopt step=003] Discovered 10 fragment(s) at threshold=1e-05
[geomopt step=003] === Wave 1/2 : submitting 10 DUMP job(s) ===
[driver] Submitted dump fragment   0  -> Slurm job 6040604  (/mnt/beegfs/merzk/kaliakd/EWF_Geom_Opt_Development/release_code_showcase_acetone/EWF-FCI_SQD/jobs_EWF/step_003/jobs_fragments_production/frag_dump_000.sh)
[driver] Submitted dump fragment   1  -> Slurm job 6040605  (/mnt/beegfs/merzk/kaliakd/EWF_Geom_Opt_Development/release_code_showcase_acetone/EWF-FCI_SQD/jobs_EWF/step_003/jobs_fragments_production/frag_dump_001.sh)
[driver] Submitted dump fragment   2  -> Slurm job 6040606  (/mnt/beegfs/merzk/kaliakd/EWF_Geom_Opt_Development/release_code_showcase_acetone/EWF-FCI_SQD/jobs_EWF/step_003/jobs_fragments_production/frag_dump_002.sh)
[driver] Submitted dump fragment   3  -> Slurm job 6040607  (/mnt/beegfs/merzk/kaliakd/EWF_Geom_Opt_Development/release_code_showcase_acetone/EWF-FCI_SQD/jobs_EWF/step_003/jobs_fragments_production/frag_dump_003.sh)
[driver] Submitted dump fragment   4  -> Slurm job 6040608  (/mnt/beegfs/merzk/kaliakd/EWF_Geom_Opt_Development/release_code_showcase_acetone/EWF-FCI_SQD/jobs_EWF/step_003/jobs_fragments_production/frag_dump_004.sh)
[driver] Submitted dump fragment   5  -> Slurm job 6040609  (/mnt/beegfs/merzk/kaliakd/EWF_Geom_Opt_Development/release_code_showcase_acetone/EWF-FCI_SQD/jobs_EWF/step_003/jobs_fragments_production/frag_dump_005.sh)
[driver] Submitted dump fragment   6  -> Slurm job 6040610  (/mnt/beegfs/merzk/kaliakd/EWF_Geom_Opt_Development/release_code_showcase_acetone/EWF-FCI_SQD/jobs_EWF/step_003/jobs_fragments_production/frag_dump_006.sh)
[driver] Submitted dump fragment   7  -> Slurm job 6040611  (/mnt/beegfs/merzk/kaliakd/EWF_Geom_Opt_Development/release_code_showcase_acetone/EWF-FCI_SQD/jobs_EWF/step_003/jobs_fragments_production/frag_dump_007.sh)
[driver] Submitted dump fragment   8  -> Slurm job 6040612  (/mnt/beegfs/merzk/kaliakd/EWF_Geom_Opt_Development/release_code_showcase_acetone/EWF-FCI_SQD/jobs_EWF/step_003/jobs_fragments_production/frag_dump_008.sh)
[driver] Submitted dump fragment   9  -> Slurm job 6040613  (/mnt/beegfs/merzk/kaliakd/EWF_Geom_Opt_Development/release_code_showcase_acetone/EWF-FCI_SQD/jobs_EWF/step_003/jobs_fragments_production/frag_dump_009.sh)
[driver] Waiting on 10 fragment status file(s) in '/mnt/beegfs/merzk/kaliakd/EWF_Geom_Opt_Development/release_code_showcase_acetone/EWF-FCI_SQD/jobs_EWF/step_003/jobs_fragments_production'
[driver]   done=0/10  running=0  queued=10  (poll 15s)
[driver]   done=0/10  running=0  queued=10  (poll 15s)
[driver]   done=0/10  running=0  queued=10  (poll 15s)
[driver]   done=0/10  running=0  queued=10  (poll 15s)
[driver]   done=0/10  running=0  queued=10  (poll 15s)
[driver] All fragment jobs reported DONE.
[geomopt step=003] === Wave 2/2 : submitting 10 solve (FCI/SCI) job(s) ===
[driver] Submitted CI fragment   0  -> Slurm job 6040614  (/mnt/beegfs/merzk/kaliakd/EWF_Geom_Opt_Development/release_code_showcase_acetone/EWF-FCI_SQD/jobs_EWF/step_003/jobs_ci_calculations/frag_solve_000.sh)
[driver] Submitted CI fragment   1  -> Slurm job 6040615  (/mnt/beegfs/merzk/kaliakd/EWF_Geom_Opt_Development/release_code_showcase_acetone/EWF-FCI_SQD/jobs_EWF/step_003/jobs_ci_calculations/frag_solve_001.sh)
[driver] Submitted CI fragment   2  -> Slurm job 6040616  (/mnt/beegfs/merzk/kaliakd/EWF_Geom_Opt_Development/release_code_showcase_acetone/EWF-FCI_SQD/jobs_EWF/step_003/jobs_ci_calculations/frag_solve_002.sh)
[driver] Submitted CI fragment   3  -> Slurm job 6040617  (/mnt/beegfs/merzk/kaliakd/EWF_Geom_Opt_Development/release_code_showcase_acetone/EWF-FCI_SQD/jobs_EWF/step_003/jobs_ci_calculations/frag_solve_003.sh)
[driver] Submitted CI fragment   4  -> Slurm job 6040618  (/mnt/beegfs/merzk/kaliakd/EWF_Geom_Opt_Development/release_code_showcase_acetone/EWF-FCI_SQD/jobs_EWF/step_003/jobs_ci_calculations/frag_solve_004.sh)
[driver] Submitted CI fragment   5  -> Slurm job 6040619  (/mnt/beegfs/merzk/kaliakd/EWF_Geom_Opt_Development/release_code_showcase_acetone/EWF-FCI_SQD/jobs_EWF/step_003/jobs_ci_calculations/frag_solve_005.sh)
[driver] Submitted CI fragment   6  -> Slurm job 6040620  (/mnt/beegfs/merzk/kaliakd/EWF_Geom_Opt_Development/release_code_showcase_acetone/EWF-FCI_SQD/jobs_EWF/step_003/jobs_ci_calculations/frag_solve_006.sh)
[driver] Submitted CI fragment   7  -> Slurm job 6040621  (/mnt/beegfs/merzk/kaliakd/EWF_Geom_Opt_Development/release_code_showcase_acetone/EWF-FCI_SQD/jobs_EWF/step_003/jobs_ci_calculations/frag_solve_007.sh)
[driver] Submitted CI fragment   8  -> Slurm job 6040622  (/mnt/beegfs/merzk/kaliakd/EWF_Geom_Opt_Development/release_code_showcase_acetone/EWF-FCI_SQD/jobs_EWF/step_003/jobs_ci_calculations/frag_solve_008.sh)
[driver] Submitted CI fragment   9  -> Slurm job 6040623  (/mnt/beegfs/merzk/kaliakd/EWF_Geom_Opt_Development/release_code_showcase_acetone/EWF-FCI_SQD/jobs_EWF/step_003/jobs_ci_calculations/frag_solve_009.sh)
[driver] Waiting on 10 fragment status file(s) in '/mnt/beegfs/merzk/kaliakd/EWF_Geom_Opt_Development/release_code_showcase_acetone/EWF-FCI_SQD/jobs_EWF/step_003/jobs_ci_calculations'
[driver]   done=0/10  running=0  queued=10  (poll 15s)
[driver]   done=0/10  running=0  queued=10  (poll 15s)
[driver]   done=0/10  running=0  queued=10  (poll 15s)
[driver]   done=0/10  running=0  queued=10  (poll 15s)
[driver]   done=0/10  running=0  queued=10  (poll 15s)
[driver]   done=0/10  running=0  queued=10  (poll 15s)
[driver]   done=0/10  running=0  queued=10  (poll 15s)
[driver]   done=0/10  running=0  queued=10  (poll 15s)
[driver]   done=6/10  running=4  queued=0  (poll 15s)
[driver]   done=6/10  running=4  queued=0  (poll 15s)
[driver]   done=6/10  running=4  queued=0  (poll 15s)
[driver]   done=6/10  running=4  queued=0  (poll 15s)
[driver]   done=6/10  running=4  queued=0  (poll 15s)
[driver]   done=6/10  running=4  queued=0  (poll 15s)
[driver]   done=6/10  running=4  queued=0  (poll 15s)
[driver]   done=6/10  running=4  queued=0  (poll 15s)
[driver]   done=6/10  running=4  queued=0  (poll 15s)
[driver]   done=6/10  running=4  queued=0  (poll 15s)
[driver]   done=6/10  running=4  queued=0  (poll 15s)
[driver]   done=6/10  running=4  queued=0  (poll 15s)
[driver]   done=6/10  running=4  queued=0  (poll 15s)
[driver]   done=6/10  running=4  queued=0  (poll 15s)
[driver]   done=6/10  running=4  queued=0  (poll 15s)
[driver]   done=6/10  running=4  queued=0  (poll 15s)
[driver]   done=6/10  running=4  queued=0  (poll 15s)
[driver]   done=6/10  running=4  queued=0  (poll 15s)
[driver]   done=6/10  running=4  queued=0  (poll 15s)
[driver]   done=6/10  running=4  queued=0  (poll 15s)
[driver]   done=6/10  running=4  queued=0  (poll 15s)
[driver]   done=6/10  running=4  queued=0  (poll 15s)
[driver]   done=6/10  running=4  queued=0  (poll 15s)
[driver]   done=6/10  running=4  queued=0  (poll 15s)
[driver]   done=6/10  running=4  queued=0  (poll 15s)
[driver]   done=6/10  running=4  queued=0  (poll 15s)
[driver]   done=6/10  running=4  queued=0  (poll 15s)
[driver]   done=6/10  running=4  queued=0  (poll 15s)
[driver]   done=6/10  running=4  queued=0  (poll 15s)
[driver]   done=6/10  running=4  queued=0  (poll 15s)
[driver]   done=6/10  running=4  queued=0  (poll 15s)
[driver]   done=6/10  running=4  queued=0  (poll 15s)
[driver]   done=6/10  running=4  queued=0  (poll 15s)
[driver]   done=6/10  running=4  queued=0  (poll 15s)
[driver]   done=6/10  running=4  queued=0  (poll 15s)
[driver]   done=6/10  running=4  queued=0  (poll 15s)
[driver]   done=6/10  running=4  queued=0  (poll 15s)
[driver]   done=6/10  running=4  queued=0  (poll 15s)
[driver]   done=6/10  running=4  queued=0  (poll 15s)
[driver]   done=6/10  running=4  queued=0  (poll 15s)
[driver]   done=6/10  running=4  queued=0  (poll 15s)
[driver]   done=6/10  running=4  queued=0  (poll 15s)
[driver]   done=6/10  running=4  queued=0  (poll 15s)
[driver]   done=6/10  running=4  queued=0  (poll 15s)
[driver]   done=6/10  running=4  queued=0  (poll 15s)
[driver]   done=6/10  running=4  queued=0  (poll 15s)
[driver]   done=6/10  running=4  queued=0  (poll 15s)
[driver]   done=6/10  running=4  queued=0  (poll 15s)
[driver]   done=6/10  running=4  queued=0  (poll 15s)
[driver]   done=6/10  running=4  queued=0  (poll 15s)
[driver]   done=6/10  running=4  queued=0  (poll 15s)
[driver]   done=6/10  running=4  queued=0  (poll 15s)
[driver]   done=7/10  running=3  queued=0  (poll 15s)
[driver]   done=7/10  running=3  queued=0  (poll 15s)
[driver]   done=7/10  running=3  queued=0  (poll 15s)
[driver]   done=7/10  running=3  queued=0  (poll 15s)
[driver]   done=7/10  running=3  queued=0  (poll 15s)
[driver]   done=7/10  running=3  queued=0  (poll 15s)
[driver]   done=7/10  running=3  queued=0  (poll 15s)
[driver]   done=7/10  running=3  queued=0  (poll 15s)
[driver]   done=7/10  running=3  queued=0  (poll 15s)
[driver]   done=7/10  running=3  queued=0  (poll 15s)
[driver]   done=7/10  running=3  queued=0  (poll 15s)
[driver]   done=7/10  running=3  queued=0  (poll 15s)
[driver]   done=8/10  running=2  queued=0  (poll 15s)
[driver]   done=9/10  running=1  queued=0  (poll 15s)
[driver]   done=9/10  running=1  queued=0  (poll 15s)
[driver]   done=9/10  running=1  queued=0  (poll 15s)
[driver]   done=9/10  running=1  queued=0  (poll 15s)
[driver]   done=9/10  running=1  queued=0  (poll 15s)
[driver]   done=9/10  running=1  queued=0  (poll 15s)
[driver]   done=9/10  running=1  queued=0  (poll 15s)
[driver]   done=9/10  running=1  queued=0  (poll 15s)
[driver]   done=9/10  running=1  queued=0  (poll 15s)
[driver]   done=9/10  running=1  queued=0  (poll 15s)
[driver]   done=9/10  running=1  queued=0  (poll 15s)
[driver]   done=9/10  running=1  queued=0  (poll 15s)
[driver]   done=9/10  running=1  queued=0  (poll 15s)
[driver]   done=9/10  running=1  queued=0  (poll 15s)
[driver]   done=9/10  running=1  queued=0  (poll 15s)
[driver]   done=9/10  running=1  queued=0  (poll 15s)
[driver]   done=9/10  running=1  queued=0  (poll 15s)
[driver]   done=9/10  running=1  queued=0  (poll 15s)
[driver]   done=9/10  running=1  queued=0  (poll 15s)
[driver]   done=9/10  running=1  queued=0  (poll 15s)
[driver]   done=9/10  running=1  queued=0  (poll 15s)
[driver]   done=9/10  running=1  queued=0  (poll 15s)
[driver]   done=9/10  running=1  queued=0  (poll 15s)
[driver]   done=9/10  running=1  queued=0  (poll 15s)
[driver]   done=9/10  running=1  queued=0  (poll 15s)
[driver]   done=9/10  running=1  queued=0  (poll 15s)
[driver]   done=9/10  running=1  queued=0  (poll 15s)
[driver]   done=9/10  running=1  queued=0  (poll 15s)
[driver]   done=9/10  running=1  queued=0  (poll 15s)
[driver]   done=9/10  running=1  queued=0  (poll 15s)
[driver]   done=9/10  running=1  queued=0  (poll 15s)
[driver]   done=9/10  running=1  queued=0  (poll 15s)
[driver]   done=9/10  running=1  queued=0  (poll 15s)
[driver]   done=9/10  running=1  queued=0  (poll 15s)
[driver]   done=9/10  running=1  queued=0  (poll 15s)
[driver]   done=9/10  running=1  queued=0  (poll 15s)
[driver]   done=9/10  running=1  queued=0  (poll 15s)
[driver]   done=9/10  running=1  queued=0  (poll 15s)
[driver]   done=9/10  running=1  queued=0  (poll 15s)
[driver]   done=9/10  running=1  queued=0  (poll 15s)
[driver]   done=9/10  running=1  queued=0  (poll 15s)
[driver]   done=9/10  running=1  queued=0  (poll 15s)
[driver]   done=9/10  running=1  queued=0  (poll 15s)
[driver]   done=9/10  running=1  queued=0  (poll 15s)
[driver]   done=9/10  running=1  queued=0  (poll 15s)
[driver]   done=9/10  running=1  queued=0  (poll 15s)
[driver]   done=9/10  running=1  queued=0  (poll 15s)
[driver]   done=9/10  running=1  queued=0  (poll 15s)
[driver]   done=9/10  running=1  queued=0  (poll 15s)
[driver]   done=9/10  running=1  queued=0  (poll 15s)
[driver]   done=9/10  running=1  queued=0  (poll 15s)
[driver]   done=9/10  running=1  queued=0  (poll 15s)
[driver]   done=9/10  running=1  queued=0  (poll 15s)
[driver]   done=9/10  running=1  queued=0  (poll 15s)
[driver]   done=9/10  running=1  queued=0  (poll 15s)
[driver]   done=9/10  running=1  queued=0  (poll 15s)
[driver]   done=9/10  running=1  queued=0  (poll 15s)
[driver]   done=9/10  running=1  queued=0  (poll 15s)
[driver]   done=9/10  running=1  queued=0  (poll 15s)
[driver]   done=9/10  running=1  queued=0  (poll 15s)
[driver]   done=9/10  running=1  queued=0  (poll 15s)
[driver]   done=9/10  running=1  queued=0  (poll 15s)
[driver]   done=9/10  running=1  queued=0  (poll 15s)
[driver]   done=9/10  running=1  queued=0  (poll 15s)
[driver]   done=9/10  running=1  queued=0  (poll 15s)
[driver]   done=9/10  running=1  queued=0  (poll 15s)
[driver]   done=9/10  running=1  queued=0  (poll 15s)
[driver]   done=9/10  running=1  queued=0  (poll 15s)
[driver]   done=9/10  running=1  queued=0  (poll 15s)
[driver]   done=9/10  running=1  queued=0  (poll 15s)
[driver]   done=9/10  running=1  queued=0  (poll 15s)
[driver]   done=9/10  running=1  queued=0  (poll 15s)
[driver]   done=9/10  running=1  queued=0  (poll 15s)
[driver]   done=9/10  running=1  queued=0  (poll 15s)
[driver]   done=9/10  running=1  queued=0  (poll 15s)
[driver]   done=9/10  running=1  queued=0  (poll 15s)
[driver]   done=9/10  running=1  queued=0  (poll 15s)
[driver]   done=9/10  running=1  queued=0  (poll 15s)
[driver]   done=9/10  running=1  queued=0  (poll 15s)
[driver]   done=9/10  running=1  queued=0  (poll 15s)
[driver]   done=9/10  running=1  queued=0  (poll 15s)
[driver]   done=9/10  running=1  queued=0  (poll 15s)
[driver]   done=9/10  running=1  queued=0  (poll 15s)
[driver]   done=9/10  running=1  queued=0  (poll 15s)
[driver]   done=9/10  running=1  queued=0  (poll 15s)
[driver]   done=9/10  running=1  queued=0  (poll 15s)
[driver]   done=9/10  running=1  queued=0  (poll 15s)
[driver]   done=9/10  running=1  queued=0  (poll 15s)
[driver]   done=9/10  running=1  queued=0  (poll 15s)
[driver]   done=9/10  running=1  queued=0  (poll 15s)
[driver]   done=9/10  running=1  queued=0  (poll 15s)
[driver]   done=9/10  running=1  queued=0  (poll 15s)
[driver]   done=9/10  running=1  queued=0  (poll 15s)
[driver]   done=9/10  running=1  queued=0  (poll 15s)
[driver]   done=9/10  running=1  queued=0  (poll 15s)
[driver]   done=9/10  running=1  queued=0  (poll 15s)
[driver]   done=9/10  running=1  queued=0  (poll 15s)
[driver]   done=9/10  running=1  queued=0  (poll 15s)
[driver]   done=9/10  running=1  queued=0  (poll 15s)
[driver]   done=9/10  running=1  queued=0  (poll 15s)
[driver]   done=9/10  running=1  queued=0  (poll 15s)
[driver]   done=9/10  running=1  queued=0  (poll 15s)
[driver]   done=9/10  running=1  queued=0  (poll 15s)
[driver]   done=9/10  running=1  queued=0  (poll 15s)
[driver]   done=9/10  running=1  queued=0  (poll 15s)
[driver]   done=9/10  running=1  queued=0  (poll 15s)
[driver]   done=9/10  running=1  queued=0  (poll 15s)
[driver]   done=9/10  running=1  queued=0  (poll 15s)
[driver]   done=9/10  running=1  queued=0  (poll 15s)
[driver]   done=9/10  running=1  queued=0  (poll 15s)
[driver]   done=9/10  running=1  queued=0  (poll 15s)
[driver] All fragment jobs reported DONE.
[geomopt step=003] Assembly route: Stage-1 Lagrangian (rdm_t amplitudes + Λ/Z-vector relaxed density; amplitude response, frozen-bath)
[lagrangian] global effective correlation energy (diagnostic): -0.0832036143 Ha
[lagrangian] Λ-relaxed (Z-vector) global density built; amplitude response included (frozen-bath approximation)
[geomopt step=003] Per-cluster energies (heff + eris):
                      O  E_cluster = -137.7817976895 Ha  [SQD, norb=16]
                      C  E_cluster = -147.3039603633 Ha  [SQD, norb=22]
                      C  E_cluster = -92.3074846442 Ha  [SQD, norb=16]
                      C  E_cluster = -92.3074727288 Ha  [SQD, norb=16]
                      H  E_cluster = -17.4606884932 Ha  [FCI, norb=8]
                      H  E_cluster = -17.4606937389 Ha  [FCI, norb=8]
                      H  E_cluster = -17.4550964801 Ha  [FCI, norb=8]
                      H  E_cluster = -17.4550948254 Ha  [FCI, norb=8]
                      H  E_cluster = -17.4550897160 Ha  [FCI, norb=8]
                      H  E_cluster = -17.4550898382 Ha  [FCI, norb=8]
[geomopt step=003] Global 1-RDM shape         : (26, 26)
[geomopt step=003] Global 2-RDM cumulant shape: (26, 26, 26, 26)
[geomopt step=003] Tr(dm1) = 32.000000 (expected: nelec = 32)
[geomopt step=003] EWF-FCI/SQD energy: -189.8153048811 Ha
[geomopt step=003] E = -189.8153048811 Ha   |grad| = 1.7058e-03
======================================================================

Sella   3 07:52:11    -5165.137534       0.2806       0.0000       0.0098      -2.4413
/home/kaliakd/isilon/Danil/Software/Executables/miniforge3/envs/ewf/lib/python3.10/site-packages/ase/optimize/optimize.py:92: FutureWarning: Log flushes by default now.  Please do not call flush().  If you want a different flushing behaviour please open logfile yourself and choose buffering mode as appropriate.  This flush() method currently does nothing.
  warnings.warn('Log flushes by default now.  Please do not call '

######################################################################
  GEOMETRY OPTIMISATION SUMMARY
######################################################################
  Optimizer              : sella
  Converged              : True
  Cycles evaluated       : 4
  Final EWF-FCI/SQD      energy: -189.8153048811 Ha
  Final |grad|           : 1.7058e-03 Eh/Bohr
  Trajectory (multi-XYZ) : /mnt/beegfs/merzk/kaliakd/EWF_Geom_Opt_Development/release_code_showcase_acetone/EWF-FCI_SQD/jobs_EWF/ewf_geomopt_optim.xyz
  Per-step folders       : /mnt/beegfs/merzk/kaliakd/EWF_Geom_Opt_Development/release_code_showcase_acetone/EWF-FCI_SQD/jobs_EWF/<step_subdir_fmt>/
######################################################################

