"PluginInterface" error: Failure to initialize device 0: Error in cuDevicePrimaryCtxRetain: out of memory
"PluginInterface" error: Failure to initialize device 0: Error in cuDevicePrimaryCtxRetain: out of memory
"PluginInterface" error: Failure to initialize device 1: Error in cuDevicePrimaryCtxRetain: out of memory
"PluginInterface" error: Failure to initialize device 1: Error in cuDevicePrimaryCtxRetain: out of memory
"PluginInterface" error: Failure to initialize device 2: Error in cuDevicePrimaryCtxRetain: out of memory
"PluginInterface" error: Failure to initialize device 2: Error in cuDevicePrimaryCtxRetain: out of memory
"PluginInterface" error: Failure to initialize device 3: Error in cuDevicePrimaryCtxRetain: out of memory
"PluginInterface" error: Failure to initialize device 3: Error in cuDevicePrimaryCtxRetain: out of memory
 Elapsed time for helper construction 0.267937 (sec) 
 Elapsed time for init 1.524754 (sec) 
 Elapsed time for makeQChamDiagTerms 0.072031 (sec) 
 Davidson iteration 0.0 (tol=0.02390963251011753): -147.2264725388694
 Davidson iteration 0.1 (tol=0.02315119712990471): -147.2264726667563 -142.9542628540338
 Davidson iteration 0.2 (tol=0.02323005989529571): -147.2264737949844 -144.386512520483 -142.954246378326
 Davidson iteration 0.3 (tol=0.02322809670579352): -147.2264738378815 -145.0251926608041 -143.856619157564 -142.9541246574542
 Davidson iteration 0.4 (tol=0.02322691287638039): -147.2264738426057 -145.4337446911747 -143.9031855855431 -143.747329549675
 Davidson iteration 0.5 (tol=0.02322669374267715): -147.226473847169 -145.7446249051174 -144.1380234810833 -143.7854650801959
 Davidson iteration 0.6 (tol=0.02322884404536391): -147.226473852038 -146.1147525303885 -144.6603937864344 -143.7879480459426
 Davidson iteration 0.7 (tol=0.02323147418506316): -147.2264738600429 -146.3151756034461 -145.3341567760413 -144.1232775432719
 Davidson iteration 0.8 (tol=0.02323223295289859): -147.2264738648916 -146.6604022085582 -145.7784767339286 -144.4351301359198
 Davidson iteration 0.9 (tol=0.02323273784011408): -147.2264738668391 -146.8772817251059 -146.0818226257694 -144.7822357352233
 Davidson iteration 0.10 (tol=0.02323276818710725): -147.2264738668575 -146.967731913789 -146.203705838958 -145.1781194670377
 Davidson iteration 0.11 (tol=0.02323292466926348): -147.2264738672944 -146.9931611197687 -146.2650397760747 -145.4329754006374
 Davidson iteration 0.12 (tol=0.02323334973154677): -147.2264738688626 -146.9998374380363 -146.3445155705993 -145.664146147697
 Davidson iteration 0.13 (tol=0.02323358258248753): -147.2264738700104 -147.0019257173632 -146.4059965782841 -145.9349829870808
 Davidson iteration 0.14 (tol=0.02323368955953518): -147.2264738702689 -147.0028161146934 -146.4754631859222 -146.0822397126262
 Davidson iteration 0.15 (tol=0.02323370022190197): -147.2264738702919 -147.0031022777965 -146.5669464086243 -146.1972235738401
 Davidson iteration 0.16 (tol=0.02323372275332401): -147.2264738703488 -147.003165379906 -146.6050382393522 -146.2451297786932
 Davidson iteration 0.17 (tol=0.0232337345565743): -147.2264738704109 -147.0031859058053 -146.6305187930401 -146.2728442052117
 Davidson iteration 0.18 (tol=0.02323373728939382): -147.2264738704159 -147.003189432314 -146.6493606728991 -146.2979511643931
 Davidson iteration 0.19 (tol=0.02323373549117551): -147.2264738704359 -147.0031930650467 -146.6536863832337 -146.3215236258646
 Davidson iteration 1.0 (tol=0.02323373533337713): -147.2264765783023
 Davidson iteration 1.1 (tol=0.02300937581353724): -147.226476589476 -142.9312773610817
 Davidson iteration 1.2 (tol=0.0230086814715037): -147.2264765896158 -144.195507649637 -142.9162847816359
 Davidson iteration 1.3 (tol=0.02300868287338279): -147.2264765896158 -144.7848627386892 -144.1926971523772 -142.9122576630106
 Davidson iteration 1.4 (tol=0.02300868203058877): -147.2264765896198 -144.9472405623028 -144.4809592545787 -143.8363996076037
 Davidson iteration 1.5 (tol=0.02300867047904719): -147.2264765896211 -145.2714740909315 -144.5488967565753 -143.8720643071358
 Davidson iteration 1.6 (tol=0.02300869635619441): -147.2264765896231 -145.7377584856461 -144.6006659717198 -144.0311298202477
 Davidson iteration 1.7 (tol=0.02300869760936266): -147.2264765896231 -146.0116163120689 -144.6008529447934 -144.4995265803564
 Davidson iteration 1.8 (tol=0.02300869847744034): -147.2264765896232 -146.1973923295893 -145.0439200259565 -144.5932166509023
 Davidson iteration 1.9 (tol=0.02300868838615243): -147.2264765896263 -146.425930544282 -145.6454010012926 -144.5993997516449
 Davidson iteration 1.10 (tol=0.02300869081498137): -147.2264765896285 -146.7097342430554 -146.0305270267557 -144.7976206719993
 Davidson iteration 1.11 (tol=0.02300869315378433): -147.2264765896292 -146.9064610056321 -146.1759035602273 -145.1504140315353
 Davidson iteration 1.12 (tol=0.02300869444329794): -147.2264765896294 -146.9752262375849 -146.2515167735193 -145.3918976403371
 Davidson iteration 1.13 (tol=0.02300870285204432): -147.2264765896432 -146.9944018858855 -146.3200174972827 -145.6405472271815
 Davidson iteration 1.14 (tol=0.02300870449532923): -147.2264765897037 -147.0001860965655 -146.3712026876109 -145.8727752256134
 Davidson iteration 1.15 (tol=0.02300875474861269): -147.2264765898214 -147.0022028993799 -146.4356498369952 -146.0407855888701
 Davidson iteration 1.16 (tol=0.02300880777078052): -147.2264765900017 -147.0029021278148 -146.5218616116068 -146.1792496905819
 Davidson iteration 1.17 (tol=0.023008821240186): -147.2264765900854 -147.0031140470279 -146.5736990870641 -146.2302862740902
 Davidson iteration 1.18 (tol=0.02300889581176898): -147.2264765904232 -147.0031883838198 -146.6154019255939 -146.271139807115
 Davidson iteration 1.19 (tol=0.02300888408097022): -147.2264765904804 -147.0031966500077 -146.6377542866842 -146.293023746857
 Davidson iteration 2.0 (tol=0.02300888405262454): -147.226477731873
 Davidson iteration 2.1 (tol=0.02300644624564635): -147.2264777318744 -142.9311507831826
 Davidson iteration 2.2 (tol=0.02300643531845568): -147.2264777318744 -144.2063023934387 -142.916169567285
 Davidson iteration 2.3 (tol=0.02300643723713332): -147.2264777318744 -144.8118093670792 -144.2060677576535 -142.9121724128264
 Davidson iteration 2.4 (tol=0.02300643699551647): -147.2264777318746 -144.9503328842848 -144.5281607511974 -143.8355037018902
 Davidson iteration 2.5 (tol=0.02300643413108813): -147.2264777318746 -145.2699450292567 -144.6004719721649 -143.8751816883403
 Davidson iteration 2.6 (tol=0.02300643318907347): -147.2264777318746 -145.7395496629102 -144.6445438507545 -144.0390504813354
 Davidson iteration 2.7 (tol=0.02300642820039682): -147.2264777318757 -146.0090590341693 -144.6502016184379 -144.5122038189257
 Davidson iteration 2.8 (tol=0.0230064284409986): -147.2264777318757 -146.2015902492502 -145.060379219604 -144.6498779446669
 Davidson iteration 2.9 (tol=0.02300643800323326): -147.2264777318778 -146.4270080677543 -145.6489066376166 -144.6512237357452
 Davidson iteration 2.10 (tol=0.02300643851684057): -147.226477731878 -146.7158737042008 -146.0172269314645 -144.7484250554164
 Davidson iteration 2.11 (tol=0.02300643746280348): -147.2264777318784 -146.9156310642464 -146.1650191860187 -145.1121452795229
 Davidson iteration 2.12 (tol=0.02300643802775516): -147.2264777318782 -146.982174262931 -146.2367319428292 -145.3579994537268
 Davidson iteration 2.13 (tol=0.02300643641371641): -147.2264777318805 -146.9978502079004 -146.2901769428471 -145.5790501262416
 Davidson iteration 2.14 (tol=0.02300643302723557): -147.2264777318874 -147.0016759422149 -146.3244033055987 -145.7806401937981
 Davidson iteration 2.15 (tol=0.02300642788900266): -147.2264777318981 -147.0027881524035 -146.3591690407133 -145.9574770996969
 Davidson iteration 2.16 (tol=0.02300644017258965): -147.2264777320029 -147.0031021884484 -146.4119667821911 -146.1222670216877
 Davidson iteration 2.17 (tol=0.02300645827978565): -147.2264777321537 -147.003178918417 -146.4622166442301 -146.1990453229513
 Davidson iteration 2.18 (tol=0.02300663263391754): -147.2264777339206 -147.003206028199 -146.5186469542738 -146.2550538256243
 Davidson iteration 2.19 (tol=0.02300688830252203): -147.2264777391083 -147.0032068856462 -146.5615279133907 -146.2792320477958
 Davidson iteration 3.0 (tol=0.02300688830114389): -147.2264777350801
 Davidson iteration 3.1 (tol=0.02300509568994635): -147.2264777350808 -142.9313273662495
 Davidson iteration 3.2 (tol=0.02300525585564946): -147.2264777350882 -144.1915444401739 -142.9167168778768
 Davidson iteration 3.3 (tol=0.02300519788202325): -147.2264777351557 -144.7648816373125 -144.1880038463302 -142.9128820036213
 Davidson iteration 3.4 (tol=0.02300519611681589): -147.2264777351643 -144.9398036402534 -144.468206589815 -143.8292113004833
 Davidson iteration 3.5 (tol=0.02300516035129917): -147.2264777351802 -145.3128391997543 -144.527307964182 -143.8981745663736
 Davidson iteration 3.6 (tol=0.02300492705481235): -147.2264777354055 -145.7852251210573 -144.5621420616675 -144.1118396750776
 Davidson iteration 3.7 (tol=0.02300489192112509): -147.2264777355408 -146.0773304340113 -144.596986473955 -144.556265472643
 Davidson iteration 3.8 (tol=0.02300514076790379): -147.2264777362204 -146.3020507475402 -145.2128203089036 -144.5637364986126
 Davidson iteration 3.9 (tol=0.02300522375753362): -147.2264777363533 -146.5141171036713 -145.7149173938929 -144.5985360586913
 Davidson iteration 3.10 (tol=0.02300535851478946): -147.2264777372294 -146.7519673673077 -146.0709813951476 -144.770334983306
 Davidson iteration 3.11 (tol=0.02300536457686104): -147.2264777372318 -146.9138994175562 -146.210316525942 -145.1549741539293
 Davidson iteration 3.12 (tol=0.02300536733166551): -147.2264777372322 -146.9694967326469 -146.3169410558761 -145.5154232818228
 Davidson iteration 3.13 (tol=0.02300546596093158): -147.2264777380973 -146.9904801633004 -146.3833638942266 -145.800733967022
 Davidson iteration 3.14 (tol=0.02300548810060057): -147.2264777385667 -146.9986696676237 -146.474052888631 -146.0502341739803
 Davidson iteration 3.15 (tol=0.02300559099387348): -147.2264777397416 -147.0018541934379 -146.5498381819418 -146.175643462075
 Davidson iteration 3.16 (tol=0.02300558979997463): -147.2264777398549 -147.0029125383085 -146.5886571158034 -146.2271907394246
 Davidson iteration 3.17 (tol=0.02300559953752047): -147.2264777399035 -147.0031720624065 -146.6157485606995 -146.2570090996414
 Davidson iteration 3.18 (tol=0.02300565577162886): -147.2264777403827 -147.0032476125989 -146.6286493409137 -146.2795981136154
 Davidson iteration 3.19 (tol=0.02300644292253472): -147.2264777464005 -147.00326071002 -146.6335114346838 -146.2938030108577
 Davidson iteration 4.0 (tol=0.02300644292219025): -147.2264777413565
 Davidson iteration 4.1 (tol=0.02300584213343804): -147.2264777413566 -142.9312933485785
 Davidson iteration 4.2 (tol=0.02300590642483459): -147.2264777413578 -144.1953130577038 -142.9163935780394
 Davidson iteration 4.3 (tol=0.02300587796073519): -147.2264777413738 -144.7683363140453 -144.1924965596793 -142.912527448633
 Davidson iteration 4.4 (tol=0.02300587848483487): -147.226477741374 -144.9428986261479 -144.4469885475696 -143.8202319373148
 Davidson iteration 4.5 (tol=0.02300586511989574): -147.2264777413758 -145.2768792365913 -144.5198972762443 -143.8697630843533
 Davidson iteration 4.6 (tol=0.02300578608753649): -147.2264777413978 -145.7215988920674 -144.5667125801125 -144.0191990973612
 Davidson iteration 4.7 (tol=0.02300579125852658): -147.2264777413985 -145.9769362911216 -144.5723047561865 -144.3934651776522
 Davidson iteration 4.8 (tol=0.0230058510057451): -147.2264777414796 -146.1432906505802 -144.9555998180403 -144.5558249323235
 Davidson iteration 4.9 (tol=0.02300582153972984): -147.2264777415338 -146.308205582673 -145.5034339975473 -144.5880667980848
 Davidson iteration 4.10 (tol=0.02300586843772758): -147.2264777416406 -146.5815235153668 -145.9735812071096 -144.7230605862858
 Davidson iteration 4.11 (tol=0.02300591834831818): -147.2264777417727 -146.8658074765544 -146.1259006421481 -145.0406451013958
 Davidson iteration 4.12 (tol=0.02300591616452244): -147.2264777417738 -146.9690491628255 -146.2022882702642 -145.2907980529361
 Davidson iteration 4.13 (tol=0.02300591521033939): -147.2264777417786 -146.9944925868988 -146.2449333449898 -145.4706035927524
 Davidson iteration 4.14 (tol=0.02300591261743715): -147.2264777417806 -147.0005382482265 -146.2695246609141 -145.6346193211855
 Davidson iteration 4.15 (tol=0.0230059369348312): -147.2264777418236 -147.0024002804343 -146.298076144895 -145.8217360348261
 Davidson iteration 4.16 (tol=0.02300595133057061): -147.2264777418589 -147.0029862775773 -146.3333052462494 -146.0286669522967
 Davidson iteration 4.17 (tol=0.02300596765670329): -147.2264777419605 -147.0031483567984 -146.395654101166 -146.1705312801425
 Davidson iteration 4.18 (tol=0.0230059464060158): -147.2264777420817 -147.0032087591126 -146.4708595658183 -146.2323612682557
 Davidson iteration 4.19 (tol=0.02300578996521805): -147.2264777436033 -147.0032215903703 -146.5247522794456 -146.2621287735733
 Davidson iteration 5.0 (tol=0.02300578996498959): -147.2264777437654
 Davidson iteration 5.1 (tol=0.02300563180865457): -147.2264777437654 -142.9313310963392
 Davidson iteration 5.2 (tol=0.02300565241343437): -147.2264777437655 -144.1972227901646 -142.9164473004371
 Davidson iteration 5.3 (tol=0.02300564713657419): -147.226477743766 -144.7857750845737 -144.1952592307426 -142.9125740220485
 Davidson iteration 5.4 (tol=0.02300564679179531): -147.2264777437661 -144.9393460232974 -144.4732170266878 -143.8192653108465
 Davidson iteration 5.5 (tol=0.02300564573908437): -147.2264777437662 -145.2682176676986 -144.5464670648799 -143.868637414469
 Davidson iteration 5.6 (tol=0.02300564001226795): -147.2264777437663 -145.7291534189299 -144.5969633420831 -144.0262482625802
 Davidson iteration 5.7 (tol=0.02300563564871065): -147.2264777437669 -145.9941227878723 -144.597050312379 -144.4730395452414
 Davidson iteration 5.8 (tol=0.02300564027342442): -147.2264777437677 -146.2069543319624 -145.090744042092 -144.5917898919209
 Davidson iteration 5.9 (tol=0.02300563943152229): -147.2264777437678 -146.4753803440624 -145.7197225458081 -144.5954635059644
 Davidson iteration 5.10 (tol=0.02300564773492625): -147.2264777437893 -146.8065109641512 -146.044442088764 -144.7941928364449
 Davidson iteration 5.11 (tol=0.02300565821534486): -147.2264777437991 -146.9545601400887 -146.1485516563591 -145.0826135573301
 Davidson iteration 5.12 (tol=0.02300564075688497): -147.2264777438585 -146.9922911763705 -146.2119556146326 -145.3045379316724
 Davidson iteration 5.13 (tol=0.02300564263341455): -147.2264777438857 -147.0005648152594 -146.2416016965788 -145.4677428690895
 Davidson iteration 5.14 (tol=0.02300567433056776): -147.2264777440982 -147.0023441846774 -146.2628284783274 -145.615946189817
 Davidson iteration 5.15 (tol=0.02300566945666938): -147.2264777441465 -147.002845338874 -146.2727347378563 -145.752487633528
 Davidson iteration 5.16 (tol=0.023005636324948): -147.2264777479453 -147.003024356168 -146.2834380177325 -145.8967438353541
 Davidson iteration 5.17 (tol=0.02300436176453903): -147.2264777671061 -147.0031099673621 -146.2916762246369 -146.0291505079228
 Davidson iteration 5.18 (tol=0.02299678029303597): -147.2264779220355 -147.0032036837229 -146.3023667093798 -146.1499783855892
 Davidson iteration 5.19 (tol=0.0229472194799482): -147.2264788578821 -147.0032916819021 -146.3335146019035 -146.2414069962252
 Davidson iteration 6.0 (tol=0.02294721926492795): -147.2264773749895
 Davidson iteration 6.1 (tol=0.02286595632652828): -147.2264773764585 -142.9493576974262
 Davidson iteration 6.2 (tol=0.02290055288584225): -147.2264774538777 -143.6120062111176 -142.9482684376112
 Davidson iteration 6.3 (tol=0.0229254832458268): -147.2264776050748 -144.6149805244096 -142.9621260330671 -142.9478828648571
 Davidson iteration 6.4 (tol=0.02294039788223412): -147.2264777556261 -145.6142273039696 -143.8638131772686 -142.950777164868
 Davidson iteration 6.5 (tol=0.0229421716383804): -147.226477822027 -146.0838537562566 -144.058307659015 -143.6665212142287
 Davidson iteration 6.6 (tol=0.0229468953000393): -147.2264779007324 -146.3436015002015 -144.3529102101792 -143.6893713055914
 Davidson iteration 6.7 (tol=0.022947440647501): -147.2264779313376 -146.4533148799046 -144.8330458922115 -143.895882798426
 Davidson iteration 6.8 (tol=0.02294893968207491): -147.2264779375398 -146.4965697772686 -145.3624426245843 -144.0978562350552
 Davidson iteration 6.9 (tol=0.02295125648762026): -147.2264779504106 -146.5314117511859 -145.763297184728 -144.2567096891092
 Davidson iteration 6.10 (tol=0.02295119881224599): -147.226477950498 -146.5708140949675 -146.0323503344653 -144.7942735336746
 Davidson iteration 6.11 (tol=0.0229522552674471): -147.226477954182 -146.6074255675418 -146.2962942590038 -145.2713026858782
 Davidson iteration 6.12 (tol=0.02295322060654985): -147.2264779604295 -146.7019577457979 -146.4480320298655 -145.7028048340623
 Davidson iteration 6.13 (tol=0.02295391326318008): -147.2264779621297 -146.8193612184116 -146.5031098375726 -145.9933544954423
 Davidson iteration 6.14 (tol=0.02295497135448446): -147.22647796784 -146.939985583256 -146.5554667173033 -146.2278609701694
 Davidson iteration 6.15 (tol=0.02295565892216176): -147.2264779696459 -146.9895494665951 -146.5779552554721 -146.3321954449471
 Davidson iteration 6.16 (tol=0.02295691380598835): -147.2264779796857 -147.0001286567409 -146.5866600102788 -146.3642957088394
 Davidson iteration 6.17 (tol=0.02295786846909006): -147.2264779830628 -147.0023667725492 -146.5917721662553 -146.3750835756537
 Davidson iteration 6.18 (tol=0.02296481650326907): -147.2264780440144 -147.0030089388045 -146.5935612335996 -146.380875916801
 Davidson iteration 6.19 (tol=0.02296623704664988): -147.2264780767717 -147.0032138705105 -146.5968091313926 -146.3852627222572
 Davidson iteration 7.0 (tol=0.02296623704343567): -147.2264776920621
 Davidson iteration 7.1 (tol=0.02296140558746855): -147.2264776920673 -142.942075767875
 Davidson iteration 7.2 (tol=0.02296062742474309): -147.2264776923002 -144.1068798289314 -142.9313761290526
 Davidson iteration 7.3 (tol=0.02296038138602886): -147.2264776927995 -144.4469209167294 -143.9115235888404 -142.9250043346387
 Davidson iteration 7.4 (tol=0.02296063504965313): -147.226477694476 -144.821339034627 -144.0200742249363 -143.8004188789295
 Davidson iteration 7.5 (tol=0.02296057063612063): -147.2264776966471 -145.4897599489721 -144.2224739971449 -143.9117146104604
 Davidson iteration 7.6 (tol=0.02296019051371703): -147.2264777025213 -145.9193156629668 -144.2602768341607 -144.1265908843139
 Davidson iteration 7.7 (tol=0.02296163280351722): -147.2264777161349 -146.3306892926539 -144.7506229349739 -144.1280346753719
 Davidson iteration 7.8 (tol=0.02296207285619065): -147.226477718328 -146.5457956771185 -145.197621169982 -144.1408457802997
 Davidson iteration 7.9 (tol=0.02296222738920859): -147.2264777187577 -146.5913513904374 -145.3924342546078 -144.3533806984952
 Davidson iteration 7.10 (tol=0.0229622115835279): -147.2264777187888 -146.6253553092989 -145.5849345571864 -144.4823836545977
 Davidson iteration 7.11 (tol=0.02296240654370939): -147.2264777194519 -146.647265256646 -145.8131967411269 -145.0794423689993
 Davidson iteration 7.12 (tol=0.02296286325057716): -147.2264777226642 -146.6702792651125 -146.2953231346695 -145.427947017633
 Davidson iteration 7.13 (tol=0.02296322551121405): -147.2264777237733 -146.7747471305971 -146.5582046324101 -145.5837181847357
 Davidson iteration 7.14 (tol=0.02296348924986328): -147.2264777253041 -146.8900646044113 -146.6118834746814 -145.8272028304823
 Davidson iteration 7.15 (tol=0.02296351865080826): -147.2264777253213 -146.9629377805824 -146.6405075565624 -146.1535200639849
 Davidson iteration 7.16 (tol=0.02296357868548694): -147.2264777269028 -146.9930509845271 -146.6522883460626 -146.3027390268269
 Davidson iteration 7.17 (tol=0.02296413604895451): -147.2264777303552 -147.0008899689593 -146.6611920252041 -146.3622890900955
 Davidson iteration 7.18 (tol=0.02297186659415591): -147.2264777912653 -147.0025553606611 -146.6652975818102 -146.3871037397093
 Davidson iteration 7.19 (tol=0.02297149726950058): -147.2264777973984 -147.0030513302227 -146.6658822019043 -146.3984473660133
 Davidson iteration 8.0 (tol=0.02297149726856028): -147.2264777100549
 Davidson iteration 8.1 (tol=0.02296699621461171): -147.2264777100594 -142.9410506024581
 Davidson iteration 8.2 (tol=0.02296683853092738): -147.2264777100681 -144.1000540149812 -142.9298874568576
 Davidson iteration 8.3 (tol=0.02296662150622299): -147.226477710536 -144.411953318974 -143.9484634096033 -142.9232101492634
 Davidson iteration 8.4 (tol=0.02296666669084504): -147.2264777107486 -144.7702269692097 -143.9749515605 -143.8495009624259
 Davidson iteration 8.5 (tol=0.02296656470830574): -147.2264777113802 -145.1115514616532 -144.1294496249457 -143.8563576449814
 Davidson iteration 8.6 (tol=0.02296613383672941): -147.2264777147905 -145.6547570610857 -144.2147346400098 -144.1026621129092
 Davidson iteration 8.7 (tol=0.0229662098399355): -147.2264777178222 -146.1745325851797 -144.6738876535363 -144.1275840378393
 Davidson iteration 8.8 (tol=0.02296684128021273): -147.2264777209515 -146.4445878974866 -145.0257246772916 -144.3643573436404
 Davidson iteration 8.9 (tol=0.02296685935218043): -147.2264777209831 -146.6230203857043 -145.3313546054242 -144.4937121463312
 Davidson iteration 8.10 (tol=0.02296689408553056): -147.2264777210824 -146.7053455096532 -145.7005374050282 -144.7322165135168
 Davidson iteration 8.11 (tol=0.02296719346423067): -147.2264777219657 -146.8127266698931 -146.2890434492462 -145.1849457988792
 Davidson iteration 8.12 (tol=0.02296722482259378): -147.22647772236 -146.9516069777738 -146.4978173506681 -145.3344906471551
 Davidson iteration 8.13 (tol=0.02296736800140071): -147.2264777228808 -146.9867568195073 -146.548985074697 -145.4234849808766
 Davidson iteration 8.14 (tol=0.02296762929441644): -147.2264777243421 -146.9965237267848 -146.5688475319883 -145.546470269414
 Davidson iteration 8.15 (tol=0.02296762762659119): -147.2264777245418 -147.0003317834767 -146.5793814706007 -145.8643933410171
 Davidson iteration 8.16 (tol=0.02296762122949143): -147.2264777245668 -147.0024309032304 -146.6058351155755 -146.2596146629525
 Davidson iteration 8.17 (tol=0.02296808162491048): -147.2264777273334 -147.0032555002711 -146.629028010011 -146.3996138215987
 Davidson iteration 8.18 (tol=0.02296841803718627): -147.2264777365648 -147.0033712312765 -146.6395427284493 -146.4359239843226
 Davidson iteration 8.19 (tol=0.02297433391590824): -147.2264777940215 -147.0033918906669 -146.6472238948739 -146.4486479326265
 Davidson iteration 9.0 (tol=0.02297433391015313): -147.2264776862459
 Davidson iteration 9.1 (tol=0.0229649981276976): -147.2264776862653 -142.9408065601178
 Davidson iteration 9.2 (tol=0.02296499943758256): -147.2264776862653 -144.151334811446 -142.9303879728306
 Davidson iteration 9.3 (tol=0.02296479655590637): -147.2264776869038 -144.5151336707366 -144.138397382012 -142.9242711046469
 Davidson iteration 9.4 (tol=0.02296487604170938): -147.2264776874756 -144.673728697047 -144.3925246957386 -143.8000612072273
 Davidson iteration 9.5 (tol=0.02296482089899858): -147.2264776880389 -145.117505908272 -144.4287197360406 -143.9376861132068
 Davidson iteration 9.6 (tol=0.02296438361452111): -147.2264776923168 -145.6511125961494 -144.4318880251095 -144.1950448672853
 Davidson iteration 9.7 (tol=0.02296456028891001): -147.226477696646 -146.168313713921 -144.6183420657023 -144.4130689310063
 Davidson iteration 9.8 (tol=0.02296523572607648): -147.2264776999351 -146.4885970898705 -144.9881689076185 -144.4140070039971
 Davidson iteration 9.9 (tol=0.02296536734934923): -147.226477700346 -146.5667013992261 -145.1783284514891 -144.4424151343755
 Davidson iteration 9.10 (tol=0.02296539828863165): -147.2264777004143 -146.5922101581258 -145.3235260382257 -144.444875098457
 Davidson iteration 9.11 (tol=0.02296540429752681): -147.2264777004288 -146.6201593270941 -145.6715638209065 -144.9358646832468
 Davidson iteration 9.12 (tol=0.02296547669086244): -147.2264777007476 -146.6516820170162 -146.356707802588 -145.2388641582305
 Davidson iteration 9.13 (tol=0.02296556585092644): -147.2264777010879 -146.8064126528253 -146.5523427514182 -145.3443220603019
 Davidson iteration 9.14 (tol=0.02296556460200483): -147.226477701089 -146.9040290544029 -146.5851504812424 -145.564947786596
 Davidson iteration 9.15 (tol=0.0229655874465477): -147.2264777013082 -146.9545391483742 -146.6100281940105 -146.0923201943249
 Davidson iteration 9.16 (tol=0.02296590227085099): -147.2264777041948 -146.9886992249184 -146.6313781947412 -146.3756726746315
 Davidson iteration 9.17 (tol=0.02296634547190519): -147.2264777123134 -147.0007721615338 -146.6609616624592 -146.4669227209009
 Davidson iteration 9.18 (tol=0.02296734211445214): -147.2264777294825 -147.0025899936344 -146.6702596379346 -146.4827940248643
 Davidson iteration 9.19 (tol=0.02297434179325642): -147.2264778257311 -147.0030154184046 -146.6717322330028 -146.4884146868733
 Davidson iteration 10.0 (tol=0.02297434177101761): -147.2264775849617
 Davidson iteration 10.1 (tol=0.0229436104612425): -147.2264775851716 -142.9435538248095
 Davidson iteration 10.2 (tol=0.02294594826618366): -147.2264775865804 -144.0476271553516 -142.9347675278679
 Davidson iteration 10.3 (tol=0.02294669695211446): -147.2264775971514 -144.3506177314747 -143.7986095190304 -142.9296006002072
 Davidson iteration 10.4 (tol=0.02294673705447024): -147.226477598773 -144.9485287971232 -143.8738567511718 -143.7420734683753
 Davidson iteration 10.5 (tol=0.02294715522643237): -147.2264776037788 -145.7157312753767 -144.1094539365128 -143.8314302271932
 Davidson iteration 10.6 (tol=0.02294722015627311): -147.2264776192182 -146.5298944456601 -144.4138689093343 -143.8336032434183
 Davidson iteration 10.7 (tol=0.02294709645177138): -147.2264776237142 -146.8384417201013 -144.8221141090322 -143.9687701679003
 Davidson iteration 10.8 (tol=0.02294802579090625): -147.2264776267993 -146.9229407280465 -145.3423091007431 -144.1951050916966
 Davidson iteration 10.9 (tol=0.02294930873530403): -147.2264776336486 -146.9649967445991 -145.9647023973502 -144.5455372615951
 Davidson iteration 10.10 (tol=0.02294926360410786): -147.2264776339496 -146.9890853998083 -146.364030978885 -144.8169340608446
 Davidson iteration 10.11 (tol=0.02294958030601284): -147.2264776351488 -146.9998089952473 -146.5590317071504 -145.0632934087848
 Davidson iteration 10.12 (tol=0.02294956755261617): -147.2264776353296 -147.0019638858176 -146.5849035336393 -145.1704902021493
 Davidson iteration 10.13 (tol=0.02294970616836525): -147.2264776364784 -147.0025548608238 -146.6016971398965 -145.3239313365326
 Davidson iteration 10.14 (tol=0.02295064260427095): -147.2264776424252 -147.0027910643779 -146.622102115026 -145.8513762792999
 Davidson iteration 10.15 (tol=0.02295061242459031): -147.2264776424628 -147.0029215946179 -146.6308823993894 -146.2190387677831
 Davidson iteration 10.16 (tol=0.02295060244005414): -147.2264776429171 -147.0029879958643 -146.6547500661663 -146.4122045489244
 Davidson iteration 10.17 (tol=0.0229509194669346): -147.2264776457844 -147.0029961527008 -146.6667744168868 -146.4577652848884
 Davidson iteration 10.18 (tol=0.02295095495126626): -147.2264776459004 -147.0029966685199 -146.6677270628303 -146.4735855423018
 Davidson iteration 10.19 (tol=0.02295170362368312): -147.2264776548507 -147.0029967961307 -146.6715152330461 -146.482795374275
 Davidson iteration 11.0 (tol=0.02295170362366585): -147.2264777306622
 Davidson iteration 11.1 (tol=0.02294929708107706): -147.2264777306635 -142.945211558455
 Davidson iteration 11.2 (tol=0.02294932075341337): -147.2264777306637 -144.0882146090742 -142.9344727696645
 Davidson iteration 11.3 (tol=0.02294923889442117): -147.2264777307064 -144.3818179532318 -144.0290075917552 -142.9265222590305
 Davidson iteration 11.4 (tol=0.02294924163238402): -147.2264777307101 -144.5350840463686 -144.2172172864263 -143.7455250556615
 Davidson iteration 11.5 (tol=0.02294923955030436): -147.2264777307107 -144.7231349305586 -144.2299026234552 -143.745531650411
 Davidson iteration 11.6 (tol=0.02294897607745057): -147.2264777310515 -145.042788282155 -144.2345777806437 -143.827425215808
 Davidson iteration 11.7 (tol=0.02294889212850875): -147.2264777312246 -145.5893565588232 -144.4938628795931 -144.2255292873408
 Davidson iteration 11.8 (tol=0.02294900894194084): -147.2264777318528 -146.2392849804701 -144.8649025211227 -144.2450652582209
 Davidson iteration 11.9 (tol=0.02294917111768828): -147.2264777325385 -146.7257588062661 -145.1166565979042 -144.2515847023011
 Davidson iteration 11.10 (tol=0.02294916512344005): -147.2264777325668 -146.8568403077443 -145.3440693066829 -144.4115091230152
 Davidson iteration 11.11 (tol=0.02294922164465102): -147.2264777328487 -146.9265793491046 -146.0108947047135 -144.9684616108889
 Davidson iteration 11.12 (tol=0.02294935733704545): -147.2264777333551 -146.9765451608182 -146.4091299294182 -145.1107943347693
 Davidson iteration 11.13 (tol=0.02294937244460082): -147.2264777338545 -146.995234686834 -146.5714334885081 -145.1975653836416
 Davidson iteration 11.14 (tol=0.02294938771634055): -147.2264777338789 -147.0010788479471 -146.6282319246387 -145.3283883941993
 Davidson iteration 11.15 (tol=0.02294947380989625): -147.2264777341398 -147.0024827539144 -146.6425319163299 -145.5924655654153
 Davidson iteration 11.16 (tol=0.0229495597718414): -147.2264777343294 -147.0029705828415 -146.6638622984071 -145.9107495784552
 Davidson iteration 11.17 (tol=0.02294966566774393): -147.2264777344737 -147.0031512168224 -146.6726854677421 -146.1399925582092
 Davidson iteration 11.18 (tol=0.02294998377691855): -147.2264777392328 -147.0032081498726 -146.6738888602084 -146.2173820822137
 Davidson iteration 11.19 (tol=0.02294972139095594): -147.2264777647888 -147.0032379174551 -146.6785862751156 -146.2740971767436
 Davidson iteration 12.0 (tol=0.02294972138298151): -147.2264776942092
 Davidson iteration 12.1 (tol=0.02293999209234216): -147.2264776942303 -142.9467672182988
 Davidson iteration 12.2 (tol=0.02294040164907499): -147.2264776942901 -144.0682966050753 -142.9363811774682
 Davidson iteration 12.3 (tol=0.02294016215868921): -147.2264776948609 -144.3407333104215 -143.958925750188 -142.9287194276155
 Davidson iteration 12.4 (tol=0.02294023787780421): -147.2264776952826 -144.5262984972177 -144.1197910637978 -143.7188751255707
 Davidson iteration 12.5 (tol=0.02294022627259813): -147.2264776953318 -144.826412103615 -144.1285055675215 -143.7928469877057
 Davidson iteration 12.6 (tol=0.02293982564116783): -147.2264776966589 -145.4121491299164 -144.1716501377454 -144.1028858700001
 Davidson iteration 12.7 (tol=0.02293983032338437): -147.2264776988487 -146.2392473295317 -144.6080733249374 -144.1153621803387
 Davidson iteration 12.8 (tol=0.02294027338121947): -147.226477700848 -146.6730980641966 -144.9197203339187 -144.1170349591225
 Davidson iteration 12.9 (tol=0.02294027307623774): -147.226477700848 -146.8237184495636 -145.2975824770399 -144.270449999134
 Davidson iteration 12.10 (tol=0.02294035071695249): -147.2264777009743 -146.9012452953326 -145.933730211306 -144.7202969221337
 Davidson iteration 12.11 (tol=0.02294062486677883): -147.2264777020888 -146.9731155850521 -146.4298286132759 -144.968339097034
 Davidson iteration 12.12 (tol=0.02294071867501069): -147.2264777023471 -146.9957434932505 -146.5618278315999 -145.0812971708837
 Davidson iteration 12.13 (tol=0.02294075424460694): -147.2264777025581 -147.0011589530411 -146.5941106763731 -145.1627843440188
 Davidson iteration 12.14 (tol=0.02294075751892306): -147.2264777025972 -147.0025099669376 -146.6094886136042 -145.3768374910249
 Davidson iteration 12.15 (tol=0.02294083265883372): -147.2264777029386 -147.0029105815945 -146.6375786131379 -145.9794483988103
 Davidson iteration 12.16 (tol=0.0229408321720836): -147.226477704195 -147.0031615433089 -146.6773775010953 -146.3542312212607
 Davidson iteration 12.17 (tol=0.02294094864681685): -147.2264777044134 -147.0032787708912 -146.7118184906031 -146.4553019966334
 Davidson iteration 12.18 (tol=0.02294120930721767): -147.2264777079406 -147.0033207795438 -146.734277061568 -146.4800170088421
 Davidson iteration 12.19 (tol=0.02294614223528675): -147.2264777554982 -147.0033452883157 -146.7407897894835 -146.4905417539381
 Davidson iteration 13.0 (tol=0.02294614223380288): -147.2264777398615
 Davidson iteration 13.1 (tol=0.02294405121295519): -147.2264777398625 -142.9468438921681
 Davidson iteration 13.2 (tol=0.02294492878933205): -147.2264777401297 -143.9938998771198 -142.9362920622195
 Davidson iteration 13.3 (tol=0.02294458611616405): -147.2264777417318 -144.2528473557375 -143.4913853945827 -142.9230042597878
 Davidson iteration 13.4 (tol=0.02294458659028746): -147.2264777417885 -144.545441933697 -143.7701214097291 -143.4695061904325
 Davidson iteration 13.5 (tol=0.02294459278582561): -147.2264777417915 -144.7980805618214 -143.7936706061553 -143.59643778482
 Davidson iteration 13.6 (tol=0.02294432046333308): -147.2264777451711 -145.246178301557 -144.0573685483416 -143.7338864739888
 Davidson iteration 13.7 (tol=0.02294424009504495): -147.2264777452388 -145.8295378291977 -144.4565383279133 -143.8281528640462
 Davidson iteration 13.8 (tol=0.02294625644818011): -147.2264777536628 -146.3328100059766 -144.8493668237242 -143.9301394630092
 Davidson iteration 13.9 (tol=0.02294626235159701): -147.2264777540328 -146.6023723784635 -145.1834634105286 -144.1815846953977
 Davidson iteration 13.10 (tol=0.02294659639705136): -147.2264777551043 -146.7536069184119 -145.6350450257526 -144.6091828451838
 Davidson iteration 13.11 (tol=0.02294723175508208): -147.2264777574335 -146.8948365945857 -146.230845310834 -144.9701433392932
 Davidson iteration 13.12 (tol=0.02294727223114794): -147.2264777576876 -146.9676448284882 -146.4445404218974 -145.1468467100872
 Davidson iteration 13.13 (tol=0.02294745094241811): -147.2264777593753 -146.9902508491316 -146.5423125795876 -145.3221282030035
 Davidson iteration 13.14 (tol=0.0229475091830043): -147.226477759468 -146.9986128953591 -146.6367475560367 -145.7265293148151
 Davidson iteration 13.15 (tol=0.02294780009672828): -147.226477760879 -147.0015827430389 -146.7236710473109 -146.0631224648716
 Davidson iteration 13.16 (tol=0.02294787804373673): -147.2264777614093 -147.0028565901145 -146.7903091626226 -146.2016072385256
 Davidson iteration 13.17 (tol=0.02294819743366327): -147.2264777627814 -147.0031831228391 -146.8252292349516 -146.263941463399
 Davidson iteration 13.18 (tol=0.02294861070211623): -147.2264777651668 -147.0032817121566 -146.8517337247841 -146.3035309262841
 Davidson iteration 13.19 (tol=0.02294897140243406): -147.2264777735271 -147.0033122787965 -146.884926959346 -146.3653776600405
 Davidson iteration 14.0 (tol=0.02294897140094748): -147.2264777390101
 Davidson iteration 14.1 (tol=0.02294835504136276): -147.2264777390102 -142.9454812202276
 Davidson iteration 14.2 (tol=0.02294822911921303): -147.2264777390161 -144.1019688398187 -142.9342107806891
 Davidson iteration 14.3 (tol=0.02294825827264136): -147.2264777390211 -144.4326459107605 -144.0711861831674 -142.9270144861112
 Davidson iteration 14.4 (tol=0.0229482627591224): -147.2264777390317 -144.5552181274985 -144.2752345736094 -143.7588092870344
 Davidson iteration 14.5 (tol=0.02294824341091635): -147.2264777390856 -144.8180752951253 -144.3191846958302 -143.769482884593
 Davidson iteration 14.6 (tol=0.02294833765972637): -147.2264777391132 -145.3662084796007 -144.3375020434667 -144.0916059086625
 Davidson iteration 14.7 (tol=0.02294830127361417): -147.2264777391491 -146.2678133270013 -144.6189513025525 -144.3373943258269
 Davidson iteration 14.8 (tol=0.02294836461135388): -147.2264777393043 -146.7601189908031 -144.9284001378693 -144.3375858001858
 Davidson iteration 14.9 (tol=0.02294836536387324): -147.2264777393043 -146.9111172399826 -145.2270962275171 -144.3646060584207
 Davidson iteration 14.10 (tol=0.02294851459936077): -147.226477739654 -146.9493520608969 -145.8609454127099 -144.7153688852055
 Davidson iteration 14.11 (tol=0.02294850600186727): -147.2264777397529 -146.975583417684 -146.5986790078413 -144.9996020065298
 Davidson iteration 14.12 (tol=0.02294860919545385): -147.2264777399684 -146.9947623532719 -146.8164955890848 -145.1197451894891
 Davidson iteration 14.13 (tol=0.02294860587877892): -147.2264777400034 -147.0011277830223 -146.8623042642753 -145.1882996039366
 Davidson iteration 14.14 (tol=0.02294909265640237): -147.2264777425789 -147.0027345942011 -146.8809731520846 -145.3227337435426
 Davidson iteration 14.15 (tol=0.02294975371811271): -147.2264777485075 -147.0030490209001 -146.8926374262956 -145.6501018407619
 Davidson iteration 14.16 (tol=0.02295053725991653): -147.2264777614641 -147.0031679921946 -146.9067444170276 -146.1304864047579
 Davidson iteration 14.17 (tol=0.0229518453647146): -147.2264777901898 -147.0032215886323 -146.9180821954758 -146.3643526045718
 Davidson iteration 14.18 (tol=0.02295510284842558): -147.226477849705 -147.0032363413085 -146.922326013899 -146.4294092856322
 Davidson iteration 14.19 (tol=0.02298678822378917): -147.2264782913442 -147.0032414204601 -146.9248518937158 -146.4629147876161
 Davidson iteration 15.0 (tol=0.02298678809228051): -147.2264770596612
 Davidson iteration 15.1 (tol=0.02286078950704234): -147.2264770631926 -142.9573768962868
 Davidson iteration 15.2 (tol=0.02286830274071659): -147.2264770733525 -143.9131070912025 -142.9557133338501
 Davidson iteration 15.3 (tol=0.02287651843683658): -147.2264771326499 -144.5138615408638 -143.339628134215 -142.9550889345004
 Davidson iteration 15.4 (tol=0.02288401274757968): -147.2264772086483 -145.5996878212772 -143.8566016627352 -143.2495210024368
 Davidson iteration 15.5 (tol=0.02288885333113411): -147.2264772659931 -146.2804888592514 -144.0825105386451 -143.4044942614918
 Davidson iteration 15.6 (tol=0.02289048271817367): -147.2264773192426 -146.5695924963933 -144.3261197789176 -143.6587364491463
 Davidson iteration 15.7 (tol=0.02289041872199709): -147.2264773346038 -146.6624322676668 -144.6759257389689 -143.8135945109984
 Davidson iteration 15.8 (tol=0.02289207088523086): -147.2264773410418 -146.7042124631912 -145.2467467154716 -144.0644611135317
 Davidson iteration 15.9 (tol=0.02289531153178034): -147.226477361081 -146.7641208904485 -146.1641209011343 -144.4960363561131
 Davidson iteration 15.10 (tol=0.02289505620513373): -147.2264773625233 -146.8988671439016 -146.5602340392767 -144.7277141925092
 Davidson iteration 15.11 (tol=0.02289515735366135): -147.226477363441 -146.9774257417739 -146.6406204390697 -145.0586995177393
 Davidson iteration 15.12 (tol=0.0228952173339759): -147.2264773634944 -146.9901084730525 -146.6775439668423 -145.5422957536482
 Davidson iteration 15.13 (tol=0.02289533033781109): -147.2264773648989 -146.9968005673126 -146.7808933435979 -146.2856947777134
 Davidson iteration 15.14 (tol=0.02289688441971382): -147.2264773760955 -147.0013950399576 -146.8933702137401 -146.4628787621165
 Davidson iteration 15.15 (tol=0.02290059667489176): -147.226477395243 -147.0029232196747 -146.9182344413823 -146.4855169042796
 Davidson iteration 15.16 (tol=0.02290175524759802): -147.2264774200223 -147.0032750494433 -146.9245880190286 -146.4918570383125
 Davidson iteration 15.17 (tol=0.02290204909212449): -147.2264774263382 -147.0033300928079 -146.9257247053478 -146.4932073134139
 Davidson iteration 15.18 (tol=0.02290309541836674): -147.2264774339598 -147.0033446186302 -146.9260288224711 -146.4936794090856
 Davidson iteration 15.19 (tol=0.02290789055699305): -147.2264774844426 -147.0033515001467 -146.9261454334722 -146.4938840077504
 Davidson iteration 16.0 (tol=0.02290789055581077): -147.2264777224219
 Davidson iteration 16.1 (tol=0.0229034393583334): -147.2264777224263 -142.9534352038027
 Davidson iteration 16.2 (tol=0.02290407956537511): -147.226477722593 -143.9861964737733 -142.9446102579263
 Davidson iteration 16.3 (tol=0.02290367869245694): -147.2264777242019 -144.2444905968272 -143.8061015005058 -142.9345243468249
 Davidson iteration 16.4 (tol=0.02290373557217463): -147.2264777247358 -144.421706851382 -143.9916043313105 -143.5883157356784
 Davidson iteration 16.5 (tol=0.02290375121480526): -147.226477724898 -144.604746358151 -143.9930854595553 -143.6867625159549
 Davidson iteration 16.6 (tol=0.02290356365190075): -147.2264777274968 -145.0208663626609 -144.0403571739568 -143.8993833685824
 Davidson iteration 16.7 (tol=0.02290352110577551): -147.2264777315806 -145.7059517664857 -144.4252306632447 -143.9788603384886
 Davidson iteration 16.8 (tol=0.02290477570868694): -147.2264777395213 -146.3434325191006 -144.7636547052651 -143.9855878091662
 Davidson iteration 16.9 (tol=0.02290483532207599): -147.2264777398408 -146.687970283327 -145.1025374526517 -144.0955060088218
 Davidson iteration 16.10 (tol=0.02290485156902504): -147.2264777400522 -146.8474607255572 -145.6214301460809 -144.5863582739528
 Davidson iteration 16.11 (tol=0.02290509667446989): -147.2264777411819 -146.9604280658576 -146.1499973609485 -144.8345079142066
 Davidson iteration 16.12 (tol=0.02290576459788187): -147.2264777451754 -146.9916311118563 -146.3274990375276 -144.9755101302873
 Davidson iteration 16.13 (tol=0.02290573981328889): -147.226477745413 -146.9992216777081 -146.4104251275078 -145.1330014103313
 Davidson iteration 16.14 (tol=0.02290619501043837): -147.2264777485117 -147.0017388994793 -146.5046188292945 -145.6741768788308
 Davidson iteration 16.15 (tol=0.02290632177254723): -147.226477749272 -147.0027994304103 -146.6431292276492 -146.0995872538977
 Davidson iteration 16.16 (tol=0.02290632466650166): -147.2264777492735 -147.0033563488077 -146.7440251654709 -146.2124126825
 Davidson iteration 16.17 (tol=0.02290664088825364): -147.2264777504136 -147.003490397109 -146.7859235467683 -146.2573896431566
 Davidson iteration 16.18 (tol=0.02290899682103653): -147.226477761698 -147.0035045006633 -146.8081305046195 -146.2776572605641
 Davidson iteration 16.19 (tol=0.02290952907119408): -147.2264777714804 -147.0035056151011 -146.8270009607399 -146.3039633848549
 Davidson iteration 17.0 (tol=0.02290952906823241): -147.226477730491
 Davidson iteration 17.1 (tol=0.02290751492256976): -147.2264777304919 -142.9525074062774
 Davidson iteration 17.2 (tol=0.02290725209962676): -147.226477730522 -144.0552571528341 -142.9420760451859
 Davidson iteration 17.3 (tol=0.02290736867668724): -147.226477730578 -144.4062724230033 -144.0356756336284 -142.9340905688571
 Davidson iteration 17.4 (tol=0.02290736827682063): -147.2264777305782 -144.5048365641838 -144.258914211043 -143.7102538518565
 Davidson iteration 17.5 (tol=0.02290738122404276): -147.2264777306752 -144.7409753677069 -144.3228779992242 -143.767678357459
 Davidson iteration 17.6 (tol=0.02290757815583388): -147.2264777308143 -145.513859423541 -144.3473038967679 -144.1088866201146
 Davidson iteration 17.7 (tol=0.02290765976347293): -147.2264777309185 -146.3811319315411 -144.5517562826088 -144.3438637198169
 Davidson iteration 17.8 (tol=0.02290763933804226): -147.2264777310027 -146.7244773573368 -144.813603777634 -144.3667007789864
 Davidson iteration 17.9 (tol=0.02290793809703005): -147.2264777315341 -146.8570758438293 -145.2995318112635 -144.3668122865366
 Davidson iteration 17.10 (tol=0.02290797899178007): -147.2264777316094 -146.9106385810725 -146.0479609987701 -144.6309920011565
 Davidson iteration 17.11 (tol=0.02290796542973907): -147.226477731999 -146.9652645322606 -146.5889840951475 -144.8815168539077
 Davidson iteration 17.12 (tol=0.02290794091688247): -147.2264777327135 -146.989396563865 -146.7262058486371 -145.0757504495332
 Davidson iteration 17.13 (tol=0.0229083892735264): -147.226477734724 -146.9977156912999 -146.7974573358774 -145.420704608755
 Davidson iteration 17.14 (tol=0.02290901824788824): -147.2264777393196 -147.0014961935882 -146.8482232413877 -145.8912411958234
 Davidson iteration 17.15 (tol=0.02290898994196931): -147.2264777402535 -147.0028666172385 -146.8709921083284 -146.0978474994607
 Davidson iteration 17.16 (tol=0.02290893682717719): -147.2264777402947 -147.0032461808941 -146.8840022590745 -146.1932589324962
 Davidson iteration 17.17 (tol=0.02290960248749333): -147.2264777453381 -147.0032675148713 -146.8880638711342 -146.2238633830544
 Davidson iteration 17.18 (tol=0.02290965804252784): -147.2264777453985 -147.0032676505833 -146.8911138418293 -146.2551183748725
 Davidson iteration 17.19 (tol=0.02291140412187703): -147.2264777560856 -147.0032718691398 -146.8962308351163 -146.3306282469157
 Davidson iteration 18.0 (tol=0.02291140412367547): -147.2264777508396
 Davidson iteration 18.1 (tol=0.02291389122150613): -147.226477750841 -142.9509389628514
 Davidson iteration 18.2 (tol=0.02291365028522494): -147.2264777508652 -144.0566175474327 -142.940359944345
 Davidson iteration 18.3 (tol=0.0229135711477964): -147.2264777509003 -144.4062055490415 -144.0339749927062 -142.9327494388354
 Davidson iteration 18.4 (tol=0.02291357981922132): -147.2264777509265 -144.5289896966122 -144.2430888062924 -143.7374295448452
 Davidson iteration 18.5 (tol=0.02291358041332255): -147.2264777509429 -144.8113882690311 -144.265446302734 -143.8108303985529
 Davidson iteration 18.6 (tol=0.02291324895300844): -147.2264777519827 -145.4085347560547 -144.2672588076034 -144.0700083237403
 Davidson iteration 18.7 (tol=0.02291319491966559): -147.2264777520559 -145.9319853640925 -144.4343494610764 -144.2663535457514
 Davidson iteration 18.8 (tol=0.02291326970219501): -147.2264777522577 -146.2816448734477 -144.8319210724906 -144.2669398315256
 Davidson iteration 18.9 (tol=0.02291349218687357): -147.2264777528646 -146.574825845053 -145.4692674120251 -144.2683801901663
 Davidson iteration 18.10 (tol=0.02291348771112682): -147.2264777528664 -146.8421917756227 -145.939055035545 -144.5835906591251
 Davidson iteration 18.11 (tol=0.02291359801750499): -147.2264777531764 -146.9780150203841 -146.1247567210129 -144.7963932315342
 Davidson iteration 18.12 (tol=0.02291358648332303): -147.2264777531849 -146.9971917321756 -146.1817450372588 -144.9687296210755
 Davidson iteration 18.13 (tol=0.02291360506251696): -147.2264777532433 -147.0010918342359 -146.2122190620651 -145.2049002442766
 Davidson iteration 18.14 (tol=0.02291372758849583): -147.2264777538972 -147.0022604495116 -146.3009490479372 -145.8872122397983
 Davidson iteration 18.15 (tol=0.02291372947088753): -147.2264777540895 -147.0028406853671 -146.5676318075051 -146.1169061122648
 Davidson iteration 18.16 (tol=0.02291381995057825): -147.2264777542185 -147.0031511839325 -146.7221264943249 -146.1523071858317
 Davidson iteration 18.17 (tol=0.02291382957829071): -147.226477754331 -147.0031899066814 -146.7658543015874 -146.1587722989404
 Davidson iteration 18.18 (tol=0.02291382671480502): -147.2264777548457 -147.0031975297213 -146.793414150636 -146.1646633825971
 Davidson iteration 18.19 (tol=0.02291529727706738): -147.2264777742022 -147.0031990980655 -146.8169503116507 -146.1793392359069
 Davidson iteration 19.0 (tol=0.02291529727732147): -147.2264777379906
 Davidson iteration 19.1 (tol=0.02291467206437732): -147.2264777379906 -142.9515644946163
 Davidson iteration 19.2 (tol=0.0229148338456944): -147.226477738001 -144.0150093096312 -142.9411356700271
 Davidson iteration 19.3 (tol=0.02291457033002409): -147.226477738511 -144.2841721555744 -143.8516617227895 -142.9328049646944
 Davidson iteration 19.4 (tol=0.02291457040572693): -147.2264777385142 -144.5262583012038 -143.9128173120292 -143.7529198466964
 Davidson iteration 19.5 (tol=0.0229145841459021): -147.2264777386155 -144.917505929826 -143.918962089473 -143.882380068731
 Davidson iteration 19.6 (tol=0.02291421551851635): -147.2264777421721 -145.5881870494898 -144.133806435941 -143.9073086777221
 Davidson iteration 19.7 (tol=0.02291409862854432): -147.2264777429017 -146.1753399227878 -144.4458679076169 -143.9533559895626
 Davidson iteration 19.8 (tol=0.0229149519088908): -147.2264777467344 -146.5001863290111 -144.8146040951924 -144.0577211675659
 Davidson iteration 19.9 (tol=0.02291514061311296): -147.226477747651 -146.6771545289564 -145.2908852255053 -144.1186210515937
 Davidson iteration 19.10 (tol=0.02291524310614578): -147.226477747893 -146.8069912334544 -145.8923987979136 -144.5854244366891
 Davidson iteration 19.11 (tol=0.02291547805217215): -147.2264777486178 -146.9206855069064 -146.2702745224699 -144.8659049608113
 Davidson iteration 19.12 (tol=0.02291552801863267): -147.2264777487422 -146.9591228387948 -146.4638685437587 -145.1913395371183
 Davidson iteration 19.13 (tol=0.02291564393188816): -147.2264777494716 -146.9804061618256 -146.6503785913203 -145.712676365182
 Davidson iteration 19.14 (tol=0.02291561690855142): -147.2264777497932 -146.9948262104724 -146.7969315708431 -146.0397970801838
 Davidson iteration 19.15 (tol=0.02291563986363069): -147.2264777498282 -147.0009277635589 -146.8530860306184 -146.1190521010618
 Davidson iteration 19.16 (tol=0.02291586359070747): -147.2264777506437 -147.0026149599186 -146.8683159695819 -146.1609473851813
 Davidson iteration 19.17 (tol=0.02291587193363265): -147.2264777507453 -147.0029125137299 -146.8746436437369 -146.1823460988079
 Davidson iteration 19.18 (tol=0.02291610624885109): -147.2264777512245 -147.0030817098116 -146.8813384143156 -146.2113365364852
 Davidson iteration 19.19 (tol=0.02291712174247378): -147.2264777544264 -147.0032331416344 -146.8873051940795 -146.337494415821
 Davidson iteration 20.0 (tol=0.02291712174094677): -147.226477728966
 Davidson iteration 20.1 (tol=0.0229140117659676): -147.2264777289682 -142.951941125788
 Davidson iteration 20.2 (tol=0.02291406087387201): -147.2264777289692 -144.0374193945386 -142.9408853503737
 Davidson iteration 20.3 (tol=0.02291405668383263): -147.2264777289692 -144.3132749144796 -143.9415369502709 -142.932604740511
 Davidson iteration 20.4 (tol=0.02291406566523243): -147.2264777289874 -144.482304329067 -144.057366724249 -143.7452623806344
 Davidson iteration 20.5 (tol=0.02291406491806046): -147.2264777289964 -144.7698903908579 -144.0869979781835 -143.8223985999411
 Davidson iteration 20.6 (tol=0.02291400118058095): -147.226477729012 -145.4744671381153 -144.1203841685063 -144.0838745047548
 Davidson iteration 20.7 (tol=0.02291396795338002): -147.2264777293699 -146.3742839721073 -144.5527665741585 -144.0840084775784
 Davidson iteration 20.8 (tol=0.02291401920573875): -147.2264777295749 -146.7596975366021 -144.8697218651884 -144.0848226999407
 Davidson iteration 20.9 (tol=0.02291414251559523): -147.2264777298216 -146.900062412944 -145.3696930300432 -144.2524220487446
 Davidson iteration 20.10 (tol=0.02291415884755124): -147.2264777298364 -146.9540062553943 -146.0486855332599 -144.6497418654139
 Davidson iteration 20.11 (tol=0.02291419300532742): -147.2264777298745 -146.987132276652 -146.511314272484 -144.8989985748324
 Davidson iteration 20.12 (tol=0.02291431583295968): -147.2264777302132 -146.9975791862267 -146.6798708846558 -145.1179874238392
 Davidson iteration 20.13 (tol=0.02291436054729416): -147.2264777305183 -147.0006473734716 -146.7704545751947 -145.5009345627114
 Davidson iteration 20.14 (tol=0.02291441592363514): -147.2264777311354 -147.0022291575298 -146.8465827547453 -145.9349859347937
 Davidson iteration 20.15 (tol=0.02291440354854555): -147.2264777315249 -147.0028974052184 -146.8791831821474 -146.1000693532755
 Davidson iteration 20.16 (tol=0.02291434894742464): -147.2264777316215 -147.0031240346577 -146.8938996826325 -146.1875750438315
 Davidson iteration 20.17 (tol=0.02291432452802139): -147.2264777319224 -147.0031712200839 -146.8999084467119 -146.2227485303282
 Davidson iteration 20.18 (tol=0.02291432842475533): -147.2264777319636 -147.0032221896101 -146.9036401535759 -146.2598309574106
 Davidson iteration 20.19 (tol=0.02291427484585704): -147.2264777349359 -147.0032680272906 -146.9078617242919 -146.3380181458144
 Davidson iteration 21.0 (tol=0.02291427484374984): -147.2264777315307
 Davidson iteration 21.1 (tol=0.02291132635009295): -147.2264777315326 -142.9523560285638
 Davidson iteration 21.2 (tol=0.02291166634185995): -147.226477731578 -144.0073445150427 -142.9415532853007
 Davidson iteration 21.3 (tol=0.02291146083483102): -147.2264777318397 -144.268109643416 -143.7981125338082 -142.9326559741958
 Davidson iteration 21.4 (tol=0.02291146917743623): -147.2264777318642 -144.4815752155132 -143.8886131022957 -143.7174239478558
 Davidson iteration 21.5 (tol=0.02291147284308412): -147.2264777318765 -144.7999802195791 -143.8915283266138 -143.818281347253
 Davidson iteration 21.6 (tol=0.02291115107601163): -147.2264777327547 -145.4844548740984 -144.1176719309757 -143.8915234496794
 Davidson iteration 21.7 (tol=0.0229110734419791): -147.226477733161 -146.2983743869463 -144.5070948901824 -143.8916360965574
 Davidson iteration 21.8 (tol=0.02291142785538381): -147.2264777346716 -146.6687295793168 -144.812521823186 -143.9106450915136
 Davidson iteration 21.9 (tol=0.02291151444710553): -147.2264777349336 -146.8202773848962 -145.2849172197599 -144.1530385768231
 Davidson iteration 21.10 (tol=0.02291155961344316): -147.2264777349861 -146.9006117781951 -146.0008822521507 -144.6322267444944
 Davidson iteration 21.11 (tol=0.02291163067000082): -147.2264777351407 -146.9683342342332 -146.4800121451321 -144.8815961685683
 Davidson iteration 21.12 (tol=0.02291171319561148): -147.2264777353527 -146.989815803345 -146.6245716130886 -145.0562101136209
 Davidson iteration 21.13 (tol=0.02291190801442277): -147.226477736294 -146.9976371289385 -146.7085107175264 -145.4107398300792
 Davidson iteration 21.14 (tol=0.02291189694134891): -147.2264777364196 -147.0009201599082 -146.7957682639046 -145.978370806486
 Davidson iteration 21.15 (tol=0.02291197311113865): -147.2264777371563 -147.002426846134 -146.8514538196864 -146.1757931137152
 Davidson iteration 21.16 (tol=0.02291199748431221): -147.2264777371667 -147.0030185552677 -146.8787333830443 -146.2772198080941
 Davidson iteration 21.17 (tol=0.0229120949077186): -147.2264777373886 -147.0031423126544 -146.8909784350233 -146.3197015826563
 Davidson iteration 21.18 (tol=0.02291234573247091): -147.2264777408564 -147.0032171581547 -146.9001331354754 -146.3526080004227
 Davidson iteration 21.19 (tol=0.02291401571455581): -147.226477758793 -147.0032860311993 -146.9091120637669 -146.417348428265
 Davidson iteration 22.0 (tol=0.02291401571531563): -147.2264777566792
 Davidson iteration 22.1 (tol=0.02291711369646962): -147.2264777566813 -142.9524249685401
 Davidson iteration 22.2 (tol=0.02291711216744877): -147.2264777566813 -144.0032513913709 -142.9409389137689
 Davidson iteration 22.3 (tol=0.02291695110946921): -147.226477756822 -144.2601551944124 -143.6649924239608 -142.9313211245347
 Davidson iteration 22.4 (tol=0.02291695187571701): -147.2264777568222 -144.5235577749087 -143.7814578831736 -143.6590314699839
 Davidson iteration 22.5 (tol=0.02291694447932677): -147.2264777568672 -144.8904006743344 -143.9110946346543 -143.7813497137114
 Davidson iteration 22.6 (tol=0.02291655548293119): -147.2264777589206 -145.5283351146618 -144.1076178916741 -143.8191631348874
 Davidson iteration 22.7 (tol=0.02291648652023482): -147.2264777592836 -146.140384308036 -144.4707780145293 -143.8755579874871
 Davidson iteration 22.8 (tol=0.02291717556411074): -147.2264777621437 -146.4227382985399 -144.8069614410339 -144.0412466593524
 Davidson iteration 22.9 (tol=0.02291736320694722): -147.226477762798 -146.5994797028531 -145.3100374555682 -144.1790258285558
 Davidson iteration 22.10 (tol=0.02291738505379785): -147.2264777628294 -146.7639735222526 -145.9873973262993 -144.6277723721203
 Davidson iteration 22.11 (tol=0.02291739120377525): -147.2264777628321 -146.9219251322246 -146.3245899241258 -144.9043712772731
 Davidson iteration 22.12 (tol=0.02291758932238096): -147.2264777634781 -146.9766157076165 -146.4437976321263 -145.21293867555
 Davidson iteration 22.13 (tol=0.02291760179145136): -147.2264777637418 -146.9931872417833 -146.5336387524665 -145.6809972050437
 Davidson iteration 22.14 (tol=0.02291761207057208): -147.2264777642181 -147.000373860778 -146.630359873852 -146.0193824001845
 Davidson iteration 22.15 (tol=0.02291761945362719): -147.2264777645748 -147.0024493364625 -146.6895361269447 -146.145382879931
 Davidson iteration 22.16 (tol=0.02291780871981447): -147.2264777649616 -147.0029901349095 -146.7313347230059 -146.2062053322117
 Davidson iteration 22.17 (tol=0.02291787201029632): -147.2264777657509 -147.00308236368 -146.7813383440298 -146.2768453497577
 Davidson iteration 22.18 (tol=0.02291787360165688): -147.2264777657972 -147.0031563022789 -146.8462020276745 -146.3955625750036
 Davidson iteration 22.19 (tol=0.02291773507968829): -147.2264777672491 -147.0031951261596 -146.8895035607098 -146.4641029629306
 Davidson iteration 23.0 (tol=0.02291773507888143): -147.2264777387901
 Davidson iteration 23.1 (tol=0.02291629445556874): -147.2264777387906 -142.9527564472486
 Davidson iteration 23.2 (tol=0.02291653449586784): -147.2264777388125 -143.9984458028325 -142.9407525515331
 Davidson iteration 23.3 (tol=0.02291637446217507): -147.2264777389959 -144.2381451377053 -143.5783443340836 -142.9304691590675
 Davidson iteration 23.4 (tol=0.02291636927324952): -147.226477739012 -144.5098852170392 -143.7835010267779 -143.5084136599122
 Davidson iteration 23.5 (tol=0.02291637591397185): -147.2264777390149 -144.9270833610338 -144.0687722963838 -143.7810751356399
 Davidson iteration 23.6 (tol=0.0229161342869641): -147.2264777395183 -145.6866490915046 -144.1861186989093 -144.0377812840908
 Davidson iteration 23.7 (tol=0.0229162038709966): -147.2264777395835 -146.465156388185 -144.5393920115671 -144.0378284924839
 Davidson iteration 23.8 (tol=0.0229168803741037): -147.2264777416543 -146.7528491081708 -144.8673955296696 -144.1437609507902
 Davidson iteration 23.9 (tol=0.02291687942066974): -147.2264777416546 -146.8778407798848 -145.3588022014172 -144.2975365074157
 Davidson iteration 23.10 (tol=0.0229169929210893): -147.226477741908 -146.9338121743431 -146.1197895796269 -144.6661664703452
 Davidson iteration 23.11 (tol=0.02291699369888654): -147.226477741908 -146.9731051423103 -146.5773082812866 -144.9153204107265
 Davidson iteration 23.12 (tol=0.02291710447959858): -147.2264777421394 -146.9897318996119 -146.7370986180306 -145.1360656173787
 Davidson iteration 23.13 (tol=0.0229171252242855): -147.2264777423025 -146.9974213825591 -146.824035816044 -145.4871750379092
 Davidson iteration 23.14 (tol=0.02291717426118187): -147.2264777428082 -147.0014194157669 -146.8811170513069 -145.8985280910924
 Davidson iteration 23.15 (tol=0.02291715450659998): -147.2264777430412 -147.0028437167415 -146.9014594970322 -146.0574852167052
 Davidson iteration 23.16 (tol=0.02291716132896886): -147.2264777430449 -147.003169989679 -146.9081856156592 -146.1218732339328
 Davidson iteration 23.17 (tol=0.02291733067063437): -147.2264777438777 -147.0031949191176 -146.9102904394824 -146.1448522895583
 Davidson iteration 23.18 (tol=0.02291756460322889): -147.2264777525544 -147.0032052194951 -146.911431562642 -146.1649908647482
 Davidson iteration 23.19 (tol=0.02292470971356337): -147.2264778515759 -147.003215063033 -146.9127430452671 -146.2174160477787
 Davidson iteration 24.0 (tol=0.02292470970288046): -147.2264776778273
 Davidson iteration 24.1 (tol=0.02291452942594232): -147.2264776778503 -142.9531875356013
 Davidson iteration 24.2 (tol=0.02291496206372342): -147.2264776779169 -144.0212755843483 -142.9437768948019
 Davidson iteration 24.3 (tol=0.02291468278522099): -147.2264776807065 -144.3254478821559 -143.7689640648353 -142.9378057338139
 Davidson iteration 24.4 (tol=0.02291517808619526): -147.2264776836642 -144.7540953960103 -143.8948003056335 -143.7689627624224
 Davidson iteration 24.5 (tol=0.02291536186606891): -147.2264776870084 -145.5061270699379 -144.1336658052445 -143.8806261280017
 Davidson iteration 24.6 (tol=0.02291671435203031): -147.226477709512 -146.0932250576651 -144.2067375298552 -144.0269014665616
 Davidson iteration 24.7 (tol=0.02291714677421154): -147.2264777212293 -146.3832581424854 -144.4856634234362 -144.0679352032251
 Davidson iteration 24.8 (tol=0.02291845393522552): -147.2264777279516 -146.4984739303977 -144.7965680035126 -144.2660554546419
 Davidson iteration 24.9 (tol=0.0229186668372742): -147.2264777286584 -146.5487025313969 -145.204890008585 -144.4411371665357
 Davidson iteration 24.10 (tol=0.02291871497836256): -147.2264777288702 -146.5925244802772 -145.7965536231301 -144.5989524633106
 Davidson iteration 24.11 (tol=0.02291883286435568): -147.2264777293589 -146.665655215419 -146.2168625961598 -144.8410183621507
 Davidson iteration 24.12 (tol=0.0229196606417129): -147.2264777336067 -146.7714566329172 -146.4171149344074 -145.1235889647233
 Davidson iteration 24.13 (tol=0.02291965993359617): -147.2264777340929 -146.8743178077363 -146.5095625653997 -145.6634444530241
 Davidson iteration 24.14 (tol=0.02291991284897876): -147.2264777348609 -146.94948561322 -146.5858380637566 -146.1182546597791
 Davidson iteration 24.15 (tol=0.02291991410306845): -147.2264777348678 -146.9844049399059 -146.6579817026532 -146.2858175108515
 Davidson iteration 24.16 (tol=0.02292048952043724): -147.2264777386606 -146.9950251177039 -146.7288792637667 -146.3832537622844
 Davidson iteration 24.17 (tol=0.02292050187527085): -147.2264777394846 -146.9995425732488 -146.8083544729345 -146.4438286755918
 Davidson iteration 24.18 (tol=0.02292097066857504): -147.2264777412626 -147.0020950573708 -146.8646930087238 -146.4765242151745
 Davidson iteration 24.19 (tol=0.02292103266091678): -147.2264777416511 -147.0031309478758 -146.8904928182796 -146.4934631243537
 Davidson iteration 25.0 (tol=0.0229210326609568): -147.2264777495096
 Davidson iteration 25.1 (tol=0.02292226893488553): -147.2264777495099 -142.951995016287
 Davidson iteration 25.2 (tol=0.02292220683852918): -147.2264777495114 -144.0363446211999 -142.9401372894201
 Davidson iteration 25.3 (tol=0.02292219927089888): -147.2264777495117 -144.2666379010294 -143.866089575808 -142.9312844887514
 Davidson iteration 25.4 (tol=0.0229221960704634): -147.2264777495134 -144.4719392918161 -143.8810477958671 -143.7964016418662
 Davidson iteration 25.5 (tol=0.0229221938464855): -147.2264777495136 -144.7117501797532 -144.2607881428603 -143.8493770728981
 Davidson iteration 25.6 (tol=0.02292217592024418): -147.2264777495153 -145.0296052017719 -144.4697574315975 -143.8782665562565
 Davidson iteration 25.7 (tol=0.02292220700181385): -147.2264777495256 -145.6361817434983 -144.4986795898059 -144.2763918372381
 Davidson iteration 25.8 (tol=0.02292221067068088): -147.2264777495568 -146.3129843805002 -144.8123873144375 -144.4968268618757
 Davidson iteration 25.9 (tol=0.02292225970999696): -147.22647774961 -146.7345923684275 -144.9484695122694 -144.7557148244835
 Davidson iteration 25.10 (tol=0.02292227444941509): -147.2264777496272 -146.84116430089 -145.1248678081675 -144.7722899856256
 Davidson iteration 25.11 (tol=0.02292228954834802): -147.2264777497302 -146.8803272463497 -145.5313372319528 -144.8020359616897
 Davidson iteration 25.12 (tol=0.02292228935632791): -147.2264777497739 -146.9090537363548 -146.2549396585966 -144.9839582506954
 Davidson iteration 25.13 (tol=0.02292232444452097): -147.2264777498634 -146.9372452825474 -146.680260536554 -145.1202279837433
 Davidson iteration 25.14 (tol=0.02292231804658211): -147.2264777498998 -146.9667071824432 -146.8300720583891 -145.359042986049
 Davidson iteration 25.15 (tol=0.02292237836861003): -147.2264777507197 -146.9900562516482 -146.8791714242159 -145.7160190541676
 Davidson iteration 25.16 (tol=0.02292235009189298): -147.2264777511579 -147.0000765654365 -146.8962764680501 -145.9437712322012
 Davidson iteration 25.17 (tol=0.02292240650267545): -147.2264777530732 -147.0025434033608 -146.902413701552 -146.0628054945045
 Davidson iteration 25.18 (tol=0.02292312211708243): -147.2264777654308 -147.0030660474357 -146.9047884730156 -146.1325291599879
 Davidson iteration 25.19 (tol=0.0229280938150236): -147.2264778550452 -147.0032001728908 -146.9064514274446 -146.199822976663
 Davidson iteration 26.0 (tol=0.02292809379749271): -147.2264776517032
 Davidson iteration 26.1 (tol=0.02290983833829568): -147.2264776517773 -142.9523799737384
 Davidson iteration 26.2 (tol=0.02291129338465302): -147.2264776524827 -143.9777058127062 -142.9429959849859
 Davidson iteration 26.3 (tol=0.02291108018580877): -147.2264776577564 -144.2913175723176 -143.5469946058488 -142.9346938738151
 Davidson iteration 26.4 (tol=0.02291157772802403): -147.2264776606846 -144.7699030057401 -143.8952849465449 -143.5278664358441
 Davidson iteration 26.5 (tol=0.02291152660089029): -147.226477660818 -145.4519692400999 -144.0502927423557 -143.8639621730385
 Davidson iteration 26.6 (tol=0.02291259364608807): -147.2264776781453 -146.3371821387498 -144.3135353233821 -143.892291362517
 Davidson iteration 26.7 (tol=0.02291256184509995): -147.2264776830183 -146.6957806287063 -144.7128293209484 -143.9025212543243
 Davidson iteration 26.8 (tol=0.02291296832919401): -147.2264776845435 -146.8287949778475 -145.4126525619102 -144.1027505415043
 Davidson iteration 26.9 (tol=0.02291299361389683): -147.2264776849882 -146.9293535004572 -146.1500120942734 -144.4060817651093
 Davidson iteration 26.10 (tol=0.02291332011860257): -147.2264776868954 -146.9826850244388 -146.4475554047166 -144.6975582826009
 Davidson iteration 26.11 (tol=0.02291341868787718): -147.2264776872401 -146.99986585879 -146.5577920144451 -144.937224852932
 Davidson iteration 26.12 (tol=0.02291436584021821): -147.2264776907822 -147.0024462092232 -146.5959132077943 -145.3319187131292
 Davidson iteration 26.13 (tol=0.0229144969780103): -147.2264776911898 -147.0030732657144 -146.6556228086497 -145.8719339491423
 Davidson iteration 26.14 (tol=0.02291453958433587): -147.2264776913054 -147.003289562578 -146.7533881230774 -146.2646033254626
 Davidson iteration 26.15 (tol=0.02291499944215818): -147.2264776939988 -147.0033677775592 -146.8173744094028 -146.3867102848641
 Davidson iteration 26.16 (tol=0.02291542020474065): -147.226477694911 -147.0033917466247 -146.8547230653232 -146.4181404274278
 Davidson iteration 26.17 (tol=0.02291546094467088): -147.2264776949868 -147.0033936831521 -146.8755087212146 -146.4390957248299
 Davidson iteration 26.18 (tol=0.02291814936060637): -147.2264777118576 -147.0034074114859 -146.8887974221028 -146.4585883213444
 Davidson iteration 26.19 (tol=0.02291784909095642): -147.2264777127322 -147.0034253744061 -146.8976475032177 -146.4714571055421
 Davidson iteration 27.0 (tol=0.02291784909099614): -147.2264777348386
 Davidson iteration 27.1 (tol=0.02291639494692421): -147.2264777348391 -142.9515605696048
 Davidson iteration 27.2 (tol=0.02291642881908925): -147.2264777348395 -144.0464011493412 -142.9408772320093
 Davidson iteration 27.3 (tol=0.02291631466381835): -147.2264777349206 -144.3219775292986 -143.9847672887531 -142.9324908063704
 Davidson iteration 27.4 (tol=0.02291632186143214): -147.2264777349389 -144.4886453935922 -144.1220561270693 -143.7713561214582
 Davidson iteration 27.5 (tol=0.02291631941564429): -147.226477734944 -144.7644182759776 -144.1668786076194 -143.8906548337152
 Davidson iteration 27.6 (tol=0.02291605702107515): -147.2264777355337 -145.3156441322876 -144.1669722019615 -144.0490557889085
 Davidson iteration 27.7 (tol=0.02291596403545581): -147.2264777361169 -145.9707124681857 -144.4441521552531 -144.1645078192336
 Davidson iteration 27.8 (tol=0.02291613653261343): -147.2264777367734 -146.3738311379071 -144.7710392391181 -144.2074046215382
 Davidson iteration 27.9 (tol=0.02291625556852863): -147.2264777370182 -146.6136530510555 -145.2202559786498 -144.2945088622825
 Davidson iteration 27.10 (tol=0.02291629179038221): -147.2264777370761 -146.7840742006431 -145.9019415882201 -144.6206172647557
 Davidson iteration 27.11 (tol=0.0229164396476971): -147.2264777375118 -146.92980592543 -146.282144363178 -144.8609976255583
 Davidson iteration 27.12 (tol=0.02291644520549315): -147.2264777375215 -146.9792920756389 -146.4201124261509 -145.0686437309281
 Davidson iteration 27.13 (tol=0.02291652066404427): -147.2264777377936 -146.9938469301914 -146.5231664647438 -145.4715125872076
 Davidson iteration 27.14 (tol=0.0229165122996835): -147.2264777378132 -146.9999795861675 -146.6538354714787 -145.9614236260807
 Davidson iteration 27.15 (tol=0.02291660802587947): -147.2264777380356 -147.0024131527493 -146.7438719316852 -146.1342206360703
 Davidson iteration 27.16 (tol=0.02291660480053974): -147.2264777380746 -147.0031487547417 -146.7958909135772 -146.2091431237014
 Davidson iteration 27.17 (tol=0.02291680828889974): -147.2264777392008 -147.0032555817639 -146.8296355679916 -146.2530764155968
 Davidson iteration 27.18 (tol=0.02291678912136407): -147.2264777392128 -147.0032928888149 -146.8593022315176 -146.3089308823935
 Davidson iteration 27.19 (tol=0.02291673794080159): -147.2264777394707 -147.0033081143877 -146.8842909910538 -146.3809720646817
 Davidson iteration 28.0 (tol=0.02291673794087334): -147.2264777414452
 Davidson iteration 28.1 (tol=0.02291621103470465): -147.2264777414452 -142.9517165994408
 Davidson iteration 28.2 (tol=0.0229162047187769): -147.2264777414452 -144.0558107363838 -142.9409089317663
 Davidson iteration 28.3 (tol=0.02291620074273045): -147.2264777414453 -144.33424342947 -144.0138253296519 -142.9325436796134
 Davidson iteration 28.4 (tol=0.02291620025747758): -147.2264777414457 -144.4558190221964 -144.1614235212273 -143.7333096449113
 Davidson iteration 28.5 (tol=0.0229162007632671): -147.2264777414744 -144.6676470517408 -144.2298700116337 -143.7860575322863
 Davidson iteration 28.6 (tol=0.02291617773596098): -147.2264777414766 -145.0896475932288 -144.2442279921046 -143.9684679076634
 Davidson iteration 28.7 (tol=0.02291611204108104): -147.2264777415727 -145.8048481715034 -144.4243950344882 -144.2441652040397
 Davidson iteration 28.8 (tol=0.02291618799720055): -147.2264777418771 -146.4326802140502 -144.7743486479986 -144.2584728861474
 Davidson iteration 28.9 (tol=0.0229162138655576): -147.226477741903 -146.7550069135173 -145.0894474551835 -144.3376463055578
 Davidson iteration 28.10 (tol=0.02291633897825497): -147.2264777421981 -146.8798840363226 -145.6098516253872 -144.5674331276145
 Davidson iteration 28.11 (tol=0.0229164266788158): -147.2264777424421 -146.9568686692218 -146.1849119170564 -144.8360177135864
 Davidson iteration 28.12 (tol=0.02291644597779106): -147.2264777424804 -146.9854515763296 -146.4776023149435 -145.0156791767193
 Davidson iteration 28.13 (tol=0.02291656395885329): -147.226477742977 -146.9952894918389 -146.6514687045006 -145.2921768945936
 Davidson iteration 28.14 (tol=0.02291656747081293): -147.2264777432658 -146.9995889398921 -146.7910934343817 -145.7448404059584
 Davidson iteration 28.15 (tol=0.02291654371205126): -147.2264777436795 -147.0021391717673 -146.8682028047095 -145.9770822987259
 Davidson iteration 28.16 (tol=0.02291647371175044): -147.2264777441813 -147.0031053756697 -146.8958233119972 -146.0778976808177
 Davidson iteration 28.17 (tol=0.02291690905664022): -147.2264777494151 -147.0032115993668 -146.9016958008685 -146.108133472485
 Davidson iteration 28.18 (tol=0.02292213942972683): -147.2264777959278 -147.0032269343194 -146.9034581326532 -146.1187447078566
 Davidson iteration 28.19 (tol=0.02298868557601806): -147.2264784091339 -147.0032300324602 -146.9043391351211 -146.1302302087683
 Davidson iteration 29.0 (tol=0.02298868540803077): -147.2264768883482
 Davidson iteration 29.1 (tol=0.0228102328832614): -147.2264768954325 -142.9539468513813
 Davidson iteration 29.2 (tol=0.02282468231337116): -147.2264769260267 -143.7062509757899 -142.9516775862735
 Davidson iteration 29.3 (tol=0.02283238540100468): -147.2264769861787 -144.3038208607278 -143.1441597538246 -142.9360094485416
 Davidson iteration 29.4 (tol=0.02284102877812459): -147.2264770607847 -145.0692359465135 -143.8059691086604 -143.0962088693684
 Davidson iteration 29.5 (tol=0.02284087421304305): -147.2264770736689 -145.825257344237 -144.0156303260703 -143.577131223481
 Davidson iteration 29.6 (tol=0.0228426760926276): -147.2264771026065 -146.3313242600061 -144.2567435669702 -143.6207389536652
 Davidson iteration 29.7 (tol=0.02284265371069405): -147.2264771189429 -146.5429298269888 -144.5935797614671 -143.8941115845926
 Davidson iteration 29.8 (tol=0.02284333003773977): -147.2264771226224 -146.6550623909932 -145.3249486877243 -144.0501229763286
 Davidson iteration 29.9 (tol=0.02284724981935839): -147.2264771521371 -146.7994777539561 -146.1590433400243 -144.3763341184181
 Davidson iteration 29.10 (tol=0.02284711463841134): -147.2264771522448 -146.9349004435296 -146.4399453896808 -144.6405803113241
 Davidson iteration 29.11 (tol=0.02284799621748273): -147.2264771607712 -146.9817479161431 -146.5409825762188 -145.0973026032315
 Davidson iteration 29.12 (tol=0.02284891486145753): -147.2264771629441 -146.9926017323415 -146.624073585732 -145.7765934331499
 Davidson iteration 29.13 (tol=0.02284915809517433): -147.2264771643628 -146.9993394112212 -146.766407338801 -146.1971614403002
 Davidson iteration 29.14 (tol=0.02285027286066356): -147.2264771707922 -147.0024305262973 -146.840874966596 -146.2930953312097
 Davidson iteration 29.15 (tol=0.02285180538080737): -147.2264771822033 -147.0032814309652 -146.8700111888467 -146.3315865811514
 Davidson iteration 29.16 (tol=0.02285629633614162): -147.2264772327105 -147.0034191173473 -146.8842126315721 -146.3505412632634
 Davidson iteration 29.17 (tol=0.02285642624938176): -147.2264772327993 -147.0034668892913 -146.8925813060646 -146.3646967714736
 Davidson iteration 29.18 (tol=0.02286398449711738): -147.2264772912493 -147.0034810004975 -146.8971155945906 -146.3794383947244
 Davidson iteration 29.19 (tol=0.02286349462670662): -147.2264773028212 -147.0034810935884 -146.8990583716635 -146.3871420394934
 Davidson iteration 30.0 (tol=0.02286349462332741): -147.2264776960753
 Davidson iteration 30.1 (tol=0.0228554009181631): -147.2264776960899 -142.9607926008435
 Davidson iteration 30.2 (tol=0.02285527933806165): -147.226477696096 -144.0072934710103 -142.9501413210416
 Davidson iteration 30.3 (tol=0.02285514727033871): -147.2264776962189 -144.3433341550101 -143.9939069356137 -142.9422738640312
 Davidson iteration 30.4 (tol=0.02285524358388569): -147.2264776968632 -144.3806233388402 -144.2458379637106 -143.6656868421609
 Davidson iteration 30.5 (tol=0.02285526047214633): -147.2264776970043 -144.6122352058515 -144.2791973391655 -143.7619217916659
 Davidson iteration 30.6 (tol=0.02285518600220193): -147.2264776970434 -145.2646075263389 -144.289128640431 -144.024411948652
 Davidson iteration 30.7 (tol=0.02285508170377585): -147.2264776979479 -146.0106355503696 -144.3959998546582 -144.2577091000572
 Davidson iteration 30.8 (tol=0.0228551611176906): -147.2264776982975 -146.3697898235806 -144.6243810297078 -144.3249277780152
 Davidson iteration 30.9 (tol=0.02285512919632018): -147.2264776983188 -146.5749425619664 -145.2117079092258 -144.3254549153264
 Davidson iteration 30.10 (tol=0.02285507162393689): -147.2264776985829 -146.7682875047229 -145.9310327833585 -144.4688701231275
 Davidson iteration 30.11 (tol=0.0228551030878023): -147.2264776989485 -146.9466113043307 -146.2637459158661 -144.6865576613754
 Davidson iteration 30.12 (tol=0.02285502633289813): -147.2264776991316 -146.9857644545785 -146.3530546591496 -144.9109747789209
 Davidson iteration 30.13 (tol=0.02285544344129107): -147.2264777011848 -146.9969504090447 -146.4367286629887 -145.481109893091
 Davidson iteration 30.14 (tol=0.02285548056767655): -147.2264777017307 -147.0013642951218 -146.568759283027 -146.0076626266659
 Davidson iteration 30.15 (tol=0.02285544959295554): -147.2264777018771 -147.0028193225843 -146.6606389703473 -146.1446434414387
 Davidson iteration 30.16 (tol=0.02285535130305564): -147.2264777020646 -147.0031850007574 -146.7156202686207 -146.1985541411179
 Davidson iteration 30.17 (tol=0.0228553232962387): -147.2264777024201 -147.0032054659021 -146.7631766707079 -146.250648021372
 Davidson iteration 30.18 (tol=0.02285603704886128): -147.226477711766 -147.0032146469879 -146.8159777362206 -146.3357792720985
 Davidson iteration 30.19 (tol=0.02285721364723716): -147.2264777251954 -147.003225607541 -146.856381626062 -146.4091692484484
 Davidson iteration 31.0 (tol=0.02285721364767387): -147.2264777305499
 Davidson iteration 31.1 (tol=0.02285610729881913): -147.2264777305502 -142.9620276788767
 Davidson iteration 31.2 (tol=0.02285594046654961): -147.2264777305614 -144.0072592710068 -142.9510796504538
 Davidson iteration 31.3 (tol=0.02285580225736486): -147.2264777307196 -144.3470704527701 -143.9857896155032 -142.9442566106317
 Davidson iteration 31.4 (tol=0.02285582293418433): -147.2264777308367 -144.4627002765797 -144.2318562464149 -143.7081414230287
 Davidson iteration 31.5 (tol=0.02285586568643574): -147.2264777311308 -144.9852203505922 -144.2418254441471 -143.8899764842137
 Davidson iteration 31.6 (tol=0.02285566580391646): -147.2264777342999 -145.9306268625855 -144.2423779325352 -144.1149587840508
 Davidson iteration 31.7 (tol=0.02285565232064825): -147.2264777375737 -146.5026150571209 -144.4014247231896 -144.2254569427922
 Davidson iteration 31.8 (tol=0.02285592504151653): -147.2264777388506 -146.6992456968808 -144.6889920259009 -144.2462126013002
 Davidson iteration 31.9 (tol=0.02285607384918375): -147.2264777392039 -146.7925039512726 -145.2424124305238 -144.2478319795482
 Davidson iteration 31.10 (tol=0.02285608566328269): -147.2264777392134 -146.8566775858588 -145.9138313220688 -144.4342123526478
 Davidson iteration 31.11 (tol=0.02285625292740949): -147.2264777397338 -146.9079554126263 -146.3614812672131 -144.7794580785077
 Davidson iteration 31.12 (tol=0.02285630629281599): -147.2264777398176 -146.9353291342782 -146.6224812320113 -145.3362195057977
 Davidson iteration 31.13 (tol=0.02285631671182679): -147.2264777399836 -146.9677743026364 -146.8106692351479 -145.8580383487831
 Davidson iteration 31.14 (tol=0.0228563247082986): -147.2264777399873 -146.9933609689107 -146.8680005784827 -146.0385169234166
 Davidson iteration 31.15 (tol=0.02285652971409679): -147.2264777407497 -147.0009874255628 -146.88100096854 -146.0936590996394
 Davidson iteration 31.16 (tol=0.02285681143443123): -147.2264777417192 -147.0025871727357 -146.8854132470848 -146.1282536476702
 Davidson iteration 31.17 (tol=0.02285827985273642): -147.2264777527512 -147.0029247767523 -146.8888692853894 -146.1677402894289
 Davidson iteration 31.18 (tol=0.02286128308202668): -147.2264778019748 -147.0030742516944 -146.8918617357921 -146.2535023771028
 Davidson iteration 31.19 (tol=0.02286982707378354): -147.2264779324947 -147.0031680189401 -146.8941606415644 -146.3822975650075
 Davidson iteration 32.0 (tol=0.02286982704730365): -147.2264775673251
 Davidson iteration 32.1 (tol=0.02284285449921666): -147.2264775674871 -142.9677527506309
 Davidson iteration 32.2 (tol=0.02284410547719845): -147.2264775680005 -143.875489256346 -142.9612113142361
 Davidson iteration 32.3 (tol=0.02284543253582389): -147.2264775860951 -144.3015032273185 -143.1971499604749 -142.9566529928243
 Davidson iteration 32.4 (tol=0.02284709425857579): -147.2264776006709 -145.151863486334 -143.8271838919387 -143.127316393198
 Davidson iteration 32.5 (tol=0.02284969702755265): -147.2264776247205 -145.9823598993149 -143.9983054962757 -143.341392545255
 Davidson iteration 32.6 (tol=0.02285345035394326): -147.2264776792371 -146.3963679002212 -144.1539884413704 -143.5834404769414
 Davidson iteration 32.7 (tol=0.02285297624478384): -147.2264776914554 -146.5334833894383 -144.4028944370747 -143.7149198265458
 Davidson iteration 32.8 (tol=0.02285476678165935): -147.2264776988119 -146.5922965641192 -145.1207522073508 -143.9453822939455
 Davidson iteration 32.9 (tol=0.02285512318076163): -147.2264777007186 -146.6873915390283 -146.0991798528264 -144.2883759549352
 Davidson iteration 32.10 (tol=0.02285511476370717): -147.2264777007313 -146.8679383918298 -146.4469150026241 -144.5571736520794
 Davidson iteration 32.11 (tol=0.02285560318725516): -147.2264777023228 -146.9527895966247 -146.5169273605492 -144.9304996449847
 Davidson iteration 32.12 (tol=0.02285565715449808): -147.2264777024854 -146.9849046839301 -146.5658819273602 -145.5337640663946
 Davidson iteration 32.13 (tol=0.02285584976753146): -147.2264777031601 -146.997490788246 -146.626600559574 -146.0435168124202
 Davidson iteration 32.14 (tol=0.02285588597457321): -147.2264777032493 -147.0012000491538 -146.6797797628 -146.2394265568081
 Davidson iteration 32.15 (tol=0.02285643279027337): -147.2264777057272 -147.002439127948 -146.7475940660541 -146.3635256873816
 Davidson iteration 32.16 (tol=0.02285667608730189): -147.2264777062429 -147.0029755613201 -146.818206221941 -146.4387578625448
 Davidson iteration 32.17 (tol=0.02285711922696466): -147.2264777085764 -147.0032907822484 -146.8638329320384 -146.4776919505158
 Davidson iteration 32.18 (tol=0.02285850880027676): -147.2264777139862 -147.0033368873391 -146.8785432482936 -146.490195926223
 Davidson iteration 32.19 (tol=0.02285968121633855): -147.2264777213882 -147.0033370919066 -146.8847168254102 -146.4947597086522
 Davidson iteration 33.0 (tol=0.02285968121634697): -147.2264777356691
 Davidson iteration 33.1 (tol=0.02285877241243383): -147.2264777356693 -142.9632710115534
 Davidson iteration 33.2 (tol=0.02285852025614467): -147.2264777356952 -144.0105598908292 -142.9517784512658
 Davidson iteration 33.3 (tol=0.02285857752235359): -147.2264777357128 -144.302734630102 -143.9995562835683 -142.9434319899834
 Davidson iteration 33.4 (tol=0.02285857731045838): -147.2264777357279 -144.3244190486518 -144.2226520274271 -143.6322500848932
 Davidson iteration 33.5 (tol=0.0228586719965001): -147.2264777361507 -144.4753867449531 -144.2618791457704 -143.6854134605077
 Davidson iteration 33.6 (tol=0.02285859883198655): -147.2264777361926 -144.8633993017712 -144.270561390495 -143.8608974938218
 Davidson iteration 33.7 (tol=0.02285851565965698): -147.2264777362699 -145.6373071228663 -144.2757444196079 -144.248243251084
 Davidson iteration 33.8 (tol=0.02285907151372162): -147.2264777393142 -146.3522324121771 -144.6220769343654 -144.2663849083022
 Davidson iteration 33.9 (tol=0.02285908590893836): -147.2264777393653 -146.7294449863377 -144.9329510239316 -144.3370297856902
 Davidson iteration 33.10 (tol=0.02285919316871649): -147.2264777396296 -146.8976529257801 -145.4521056324386 -144.3659252185107
 Davidson iteration 33.11 (tol=0.02285936911821922): -147.2264777402384 -146.9705125850865 -145.9807634054862 -144.6530762972714
 Davidson iteration 33.12 (tol=0.02285980577621891): -147.2264777419219 -146.9909513261211 -146.3017546430542 -144.9228632680237
 Davidson iteration 33.13 (tol=0.02285978310582443): -147.2264777420176 -146.9978109971149 -146.5784608251815 -145.320395544918
 Davidson iteration 33.14 (tol=0.02285979411778995): -147.2264777422249 -147.0009712153599 -146.7515629502685 -145.6209994493576
 Davidson iteration 33.15 (tol=0.02285993479361654): -147.2264777426302 -147.0026127371938 -146.8268074728417 -145.7672669471585
 Davidson iteration 33.16 (tol=0.02286077845252974): -147.2264777465925 -147.0030443219351 -146.8503388155928 -145.8361789120003
 Davidson iteration 33.17 (tol=0.02286132049580699): -147.2264777512384 -147.0031354433465 -146.8633322907417 -145.8982284472411
 Davidson iteration 33.18 (tol=0.0228616927540945): -147.2264777614255 -147.0032237082577 -146.8739905982637 -146.0579069660727
 Davidson iteration 33.19 (tol=0.0228656535435206): -147.2264778001924 -147.0032902198055 -146.8807389316969 -146.232436214813
 Davidson iteration 34.0 (tol=0.02286565353693269): -147.2264776871698
 Davidson iteration 34.1 (tol=0.0228558111498188): -147.2264776871914 -142.9634146717807
 Davidson iteration 34.2 (tol=0.0228567323802392): -147.2264776874715 -143.9604134696905 -142.9541845778336
 Davidson iteration 34.3 (tol=0.02285672807314613): -147.2264776919984 -144.1737060906899 -143.7589998291758 -142.9467768480739
 Davidson iteration 34.4 (tol=0.02285674046609048): -147.2264776923062 -144.6342197591656 -143.8238385680639 -143.7132493521649
 Davidson iteration 34.5 (tol=0.02285748702030103): -147.2264776971286 -145.4057683151323 -144.101737816566 -143.8115845076377
 Davidson iteration 34.6 (tol=0.02285835265996177): -147.2264777126309 -146.2132925660147 -144.1511978199199 -143.9137888631784
 Davidson iteration 34.7 (tol=0.02285803428001608): -147.2264777171253 -146.5351215522261 -144.3473690355839 -144.0604960115558
 Davidson iteration 34.8 (tol=0.02285986724069688): -147.2264777252995 -146.6397936265732 -144.6807993542498 -144.2559638964948
 Davidson iteration 34.9 (tol=0.02286003003974591): -147.2264777263781 -146.6911937198176 -145.0566787012984 -144.4395010948063
 Davidson iteration 34.10 (tol=0.02285998815283832): -147.2264777264406 -146.7371577716995 -145.6666544053678 -144.5187108353752
 Davidson iteration 34.11 (tol=0.02286080248990887): -147.2264777301581 -146.7924313940794 -146.1325637240566 -144.6066000426651
 Davidson iteration 34.12 (tol=0.02286107769692088): -147.2264777316782 -146.8353705435107 -146.3107393900816 -144.7875700320963
 Davidson iteration 34.13 (tol=0.02286108690364222): -147.2264777316941 -146.8578092447461 -146.3842317350773 -145.0742019767515
 Davidson iteration 34.14 (tol=0.02286129308758348): -147.2264777326197 -146.8743476842739 -146.4453620555988 -145.5149013685823
 Davidson iteration 34.15 (tol=0.02286168161182553): -147.2264777347364 -146.8860721680855 -146.5209404975068 -146.0121922143977
 Davidson iteration 34.16 (tol=0.02286206783337856): -147.2264777371422 -146.8950276328912 -146.6571853686569 -146.2915676167426
 Davidson iteration 34.17 (tol=0.02286209979952929): -147.2264777371733 -146.9221536893913 -146.8391462353121 -146.4039958662857
 Davidson iteration 34.18 (tol=0.0228623383619156): -147.2264777384634 -146.9741627259772 -146.8757961741514 -146.4373534448463
 Davidson iteration 34.19 (tol=0.02286437058493053): -147.2264777497437 -146.9947929269038 -146.8821215913853 -146.450966992032
 Davidson iteration 35.0 (tol=0.0228643705846557): -147.2264777447518
 Davidson iteration 35.1 (tol=0.02286457813132488): -147.2264777447518 -142.9610629854682
 Davidson iteration 35.2 (tol=0.02286452481144643): -147.2264777447529 -144.0300143529821 -142.9503931481034
 Davidson iteration 35.3 (tol=0.02286455105966401): -147.2264777447566 -144.355500341082 -144.0288976065443 -142.9416657636047
 Davidson iteration 35.4 (tol=0.02286454940545411): -147.226477744759 -144.3700418409247 -144.2556512906511 -143.7066885819744
 Davidson iteration 35.5 (tol=0.02286455502855506): -147.2264777447781 -144.6081834968723 -144.3544234811056 -143.8503226431853
 Davidson iteration 35.6 (tol=0.02286449169243123): -147.2264777448181 -145.5425977236039 -144.3895515693117 -144.1274251785485
 Davidson iteration 35.7 (tol=0.02286442177573785): -147.2264777450556 -146.5779074842712 -144.4349954844127 -144.3741378151524
 Davidson iteration 35.8 (tol=0.02286456892613515): -147.2264777456026 -146.8764044210271 -144.7225967455418 -144.3787044002129
 Davidson iteration 35.9 (tol=0.02286468247719377): -147.2264777457636 -146.9517910966552 -145.1704343642919 -144.4925532693907
 Davidson iteration 35.10 (tol=0.02286468076795286): -147.2264777457658 -146.9801574175499 -145.9372082814972 -144.5468460092498
 Davidson iteration 35.11 (tol=0.02286487391755574): -147.2264777463867 -146.9967089410569 -146.3804181911754 -144.662852078179
 Davidson iteration 35.12 (tol=0.02286504163844189): -147.2264777469735 -147.0020350639799 -146.5031801531855 -144.7950948313954
 Davidson iteration 35.13 (tol=0.02286530668737265): -147.226477748816 -147.0028936587011 -146.5378983602146 -144.9231103027534
 Davidson iteration 35.14 (tol=0.02286571805951766): -147.2264777533956 -147.0030659611045 -146.5579535662775 -145.3671597012205
 Davidson iteration 35.15 (tol=0.02286656277281977): -147.2264777706122 -147.003203871729 -146.5918440778225 -146.0669865931586
 Davidson iteration 35.16 (tol=0.02286795425078046): -147.2264778269002 -147.0032602508212 -146.657293506313 -146.36398251556
 Davidson iteration 35.17 (tol=0.02288218655489611): -147.2264781276275 -147.0032657105308 -146.7437945951117 -146.4464007542872
 Davidson iteration 35.18 (tol=0.02303694343876498): -147.2264805989598 -147.0032690408703 -146.8082882834764 -146.4757211377806
 Davidson iteration 35.19 (tol=0.02372868780390161): -147.2264923789854 -147.0032693077579 -146.8467720081406 -146.4886216805756
 Davidson iteration 36.0 (tol=0.02372866715274351): -147.2264629481068
 Davidson iteration 36.1 (tol=0.02108361635029696): -147.2264645519296 -143.2801584967431
 Davidson iteration 36.2 (tol=0.02159934510061585): -147.22646578469 -143.9889019330304 -142.6453002879238
 Davidson iteration 36.3 (tol=0.0221332499183201): -147.2264692226677 -146.2863725012261 -143.0026727162655 -142.4322918359895
 Davidson iteration 36.4 (tol=0.02250766544403726): -147.2264736584051 -146.6527607980937 -143.1544287666942 -142.9866862811081
 Davidson iteration 36.5 (tol=0.02246072885220437): -147.22647422174 -146.7678020936322 -144.05874330636 -142.9913780149208
 Davidson iteration 36.6 (tol=0.02247854249205141): -147.2264742692963 -146.7997576869133 -144.6366084299902 -143.3508285696055
 Davidson iteration 36.7 (tol=0.02249466597818947): -147.2264743989343 -146.8186552517651 -145.3113820049397 -143.7155327473702
 Davidson iteration 36.8 (tol=0.0225024866970991): -147.2264744954578 -146.830632514916 -145.7634407641316 -144.0121700771579
 Davidson iteration 36.9 (tol=0.02250844226760935): -147.2264745720207 -146.8364020317536 -146.0292522997027 -144.4181497877549
 Davidson iteration 36.10 (tol=0.02250726892804408): -147.2264745782424 -146.8410864336697 -146.2790966672491 -145.1081034636425
 Davidson iteration 36.11 (tol=0.02250750679943521): -147.2264745806534 -146.8464800433062 -146.5899770554826 -145.6707159487901
 Davidson iteration 36.12 (tol=0.02251227550639731): -147.2264746163429 -146.8860998689018 -146.8125141888194 -145.9392948277429
 Davidson iteration 36.13 (tol=0.02251218798310479): -147.2264746163722 -146.9483160218005 -146.8335705819559 -146.0545642731753
 Davidson iteration 36.14 (tol=0.022512242569467): -147.2264746165644 -146.9824923828936 -146.8393889370352 -146.186534040549
 Davidson iteration 36.15 (tol=0.02251271076441941): -147.2264746248902 -146.9981136763448 -146.8428997443763 -146.3352227117516
 Davidson iteration 36.16 (tol=0.02251765151704364): -147.2264746704791 -147.0022792214491 -146.8447448952713 -146.4227514866718
 Davidson iteration 36.17 (tol=0.02251757647550004): -147.2264746706546 -147.0028953350618 -146.8453242228506 -146.4535707324198
 Davidson iteration 36.18 (tol=0.02253302106417195): -147.2264748142779 -147.0030783005742 -146.8457405968001 -146.4771483089341
 Davidson iteration 36.19 (tol=0.0225320843305357): -147.2264748265736 -147.0030890472436 -146.845839969777 -146.4888706477165
 Davidson iteration 37.0 (tol=0.02253208412466262): -147.2264778723797
 Davidson iteration 37.1 (tol=0.02257559066892572): -147.2264778728019 -142.9854440471772
 Davidson iteration 37.2 (tol=0.02257406881324349): -147.2264778750036 -143.9410201973505 -142.9835271724772
 Davidson iteration 37.3 (tol=0.02257431309101072): -147.2264778861663 -144.415184165185 -143.4758175027213 -142.9826456284127
 Davidson iteration 37.4 (tol=0.02257676938071106): -147.2264779112123 -145.5819606203409 -143.7970665171731 -143.4428710998081
 Davidson iteration 37.5 (tol=0.02258023247821333): -147.2264779424584 -146.4852650308445 -143.9921741144404 -143.56424767704
 Davidson iteration 37.6 (tol=0.02258247780333842): -147.226477978536 -146.7796869405097 -144.1677075617786 -143.5797303360885
 Davidson iteration 37.7 (tol=0.0225818069245598): -147.2264779815573 -146.8566279391009 -144.3825498708131 -143.6602088896471
 Davidson iteration 37.8 (tol=0.022581776409742): -147.226477981903 -146.8699577160149 -144.5553054747433 -143.7347955389411
 Davidson iteration 37.9 (tol=0.02258812940198967): -147.2264780243925 -146.8737077912517 -144.8376074147523 -144.0866276689421
 Davidson iteration 37.10 (tol=0.02258874564293677): -147.2264780500495 -146.875643617454 -145.306670482418 -144.3293885332567
 Davidson iteration 37.11 (tol=0.02259027329133674): -147.226478076813 -146.8767853790008 -145.8934666694058 -144.5237602072555
 Davidson iteration 37.12 (tol=0.02259025404461898): -147.2264780769021 -146.8772340544823 -146.0707940616469 -144.5879459833824
 Davidson iteration 37.13 (tol=0.022594115838269): -147.2264781184959 -146.8773334522791 -146.1447045206743 -144.7185752920109
 Davidson iteration 37.14 (tol=0.02259836398147431): -147.2264781943993 -146.8773941662454 -146.2379220714795 -145.5126724722628
 Davidson iteration 37.15 (tol=0.02259788835731841): -147.2264782076171 -146.877454972048 -146.6368893793051 -146.0573826383738
 Davidson iteration 37.16 (tol=0.02260958188561719): -147.226478293406 -146.8784576608805 -146.8692479020688 -146.1211440518443
 Davidson iteration 37.17 (tol=0.02261229151671566): -147.2264783750299 -146.9571603234484 -146.8773210303788 -146.1705294943596
 Davidson iteration 37.18 (tol=0.02262942163288063): -147.2264784605535 -146.9852561928962 -146.8773884292244 -146.2253030012143
 Davidson iteration 37.19 (tol=0.02265027725004105): -147.2264787607413 -146.9990899899585 -146.8773920024478 -146.3243914723502
 Davidson iteration 38.0 (tol=0.02265027722285867): -147.2264776997962
 Davidson iteration 38.1 (tol=0.02264993326088409): -147.2264776997963 -142.9847909466049
 Davidson iteration 38.2 (tol=0.02265054837257235): -147.2264776999925 -143.8397496146752 -142.9792390389847
 Davidson iteration 38.3 (tol=0.02265169347878009): -147.2264777204978 -144.2092827589635 -143.5470021619861 -142.9751274694094
 Davidson iteration 38.4 (tol=0.02265688926225803): -147.2264777630175 -144.9620364803474 -143.8895519436887 -143.4982379559418
 Davidson iteration 38.5 (tol=0.0226566965156363): -147.2264777668247 -146.0597866561342 -143.9266606516327 -143.8608239584699
 Davidson iteration 38.6 (tol=0.02265853836315714): -147.2264777907959 -146.6244177638094 -144.1421179559904 -143.8614171472567
 Davidson iteration 38.7 (tol=0.02265893670397355): -147.2264778063047 -146.809923939268 -144.7881374947855 -143.8698874129874
 Davidson iteration 38.8 (tol=0.022660417862286): -147.2264778131014 -146.905573925044 -145.8016379477551 -144.0359594342397
 Davidson iteration 38.9 (tol=0.02266127346392995): -147.2264778292507 -146.9781913707448 -146.3205227525647 -144.1882662998812
 Davidson iteration 38.10 (tol=0.02266219225457526): -147.2264778320601 -146.9985893059691 -146.4308570355602 -144.3114216151986
 Davidson iteration 38.11 (tol=0.02266352149238566): -147.2264778554137 -147.0017743596489 -146.4538009834344 -144.4766871294107
 Davidson iteration 38.12 (tol=0.02266459026069718): -147.2264778692255 -147.0022377205191 -146.4589627809716 -144.7700998188346
 Davidson iteration 38.13 (tol=0.02266474323356618): -147.2264778693215 -147.0025289508 -146.4672796596613 -145.9051088918266
 Davidson iteration 38.14 (tol=0.0226649337372881): -147.2264778712224 -147.0026746053082 -146.4799592997342 -146.267717863254
 Davidson iteration 38.15 (tol=0.02266529392624255): -147.2264778725642 -147.002717614333 -146.5038042292255 -146.3863056590882
 Davidson iteration 38.16 (tol=0.02266781452819345): -147.2264778887897 -147.0027191622137 -146.5165470939428 -146.4082237361037
 Davidson iteration 38.17 (tol=0.02267110233814576): -147.2264779157606 -147.00272196678 -146.5308009928623 -146.4264265276437
 Davidson iteration 38.18 (tol=0.02280605463067386): -147.2264792984792 -147.0027230355471 -146.5491197129324 -146.4439960409322
 Davidson iteration 38.19 (tol=0.0231783767121253): -147.2264847713585 -147.0027462558849 -146.5887809904257 -146.4716008616605
 Davidson iteration 39.0 (tol=0.02317837172074412): -147.2264710752823
 Davidson iteration 39.1 (tol=0.02210149719708319): -147.2264713362173 -143.1142940650722
 Davidson iteration 39.2 (tol=0.02217743095753926): -147.2264715209698 -143.5866337278943 -142.6859233480094
 Davidson iteration 39.3 (tol=0.0224383281791248): -147.2264732913841 -145.8228312855924 -143.032268659354 -141.5922416902749
 Davidson iteration 39.4 (tol=0.02262672317973919): -147.2264756692391 -146.4272079239599 -143.6272315000235 -142.9869960615391
 Davidson iteration 39.5 (tol=0.02260189899560054): -147.2264757994357 -146.5493699414107 -143.9171667834507 -143.0417136398904
 Davidson iteration 39.6 (tol=0.02260240034174058): -147.2264757996732 -146.5778997936619 -144.2938870953 -143.5102465394075
 Davidson iteration 39.7 (tol=0.02260290428072347): -147.2264758010442 -146.591336008525 -145.1715835446936 -143.8438085173369
 Davidson iteration 39.8 (tol=0.02260411540706125): -147.2264758157418 -146.6068768451053 -146.0043018939259 -143.9127199542681
 Davidson iteration 39.9 (tol=0.022613275448382): -147.2264758887565 -146.6174573328654 -146.2776039784199 -144.0197509728234
 Davidson iteration 39.10 (tol=0.02261259046291527): -147.226475895405 -146.62851587186 -146.3882856600457 -144.3574754187122
 Davidson iteration 39.11 (tol=0.0226180239368253): -147.226475934868 -146.6374972436479 -146.4595312437255 -145.4383986432858
 Davidson iteration 39.12 (tol=0.02262024178318685): -147.2264759934579 -146.721686119069 -146.5956777914493 -146.1670553121397
 Davidson iteration 39.13 (tol=0.02262292954971978): -147.2264760054836 -146.8574211251821 -146.6173269751773 -146.3008903830315
 Davidson iteration 39.14 (tol=0.02262854090377365): -147.2264760734759 -146.9338629711473 -146.624771120244 -146.3748307799137
 Davidson iteration 39.15 (tol=0.02262830806127578): -147.2264760737619 -146.981474769696 -146.6323747894924 -146.4453512721926
 Davidson iteration 39.16 (tol=0.02263579607223984): -147.226476123618 -146.9985746348719 -146.6391822357158 -146.4914351236592
 Davidson iteration 39.17 (tol=0.02263544903062889): -147.2264761241932 -147.0015269184081 -146.6411169591937 -146.5061741896173
 Davidson iteration 39.18 (tol=0.02263547236601048): -147.2264761243496 -147.0025197444843 -146.6434813238232 -146.5149154110035
 Davidson iteration 39.19 (tol=0.0226356190224925): -147.2264761247017 -147.0030950146765 -146.6460531080239 -146.5351818280943
 Davidson iteration 40.0 (tol=0.0226356189648875): -147.2264777394303
 Davidson iteration 40.1 (tol=0.02264077937778072): -147.2264777394362 -142.9994661906018
 Davidson iteration 40.2 (tol=0.02263955229311505): -147.2264777403111 -143.8221420960589 -142.9854279831836
 Davidson iteration 40.3 (tol=0.02263939001820789): -147.226477740483 -143.9946039518355 -143.6998642334968 -142.9784048887473
 Davidson iteration 40.4 (tol=0.0226394519519669): -147.2264777407576 -144.2261810112652 -143.8545861663993 -143.6356296404783
 Davidson iteration 40.5 (tol=0.02263988279170069): -147.2264777426212 -145.190172593973 -143.8785587061086 -143.8074709008806
 Davidson iteration 40.6 (tol=0.022639933194005): -147.2264777480155 -146.3428850870232 -143.9420211390055 -143.8201595003169
 Davidson iteration 40.7 (tol=0.02263992004856708): -147.2264777490495 -146.5751242988393 -144.0506360555635 -143.820743742308
 Davidson iteration 40.8 (tol=0.022640023544099): -147.2264777493847 -146.6349029877307 -144.2248523668893 -143.8883568869599
 Davidson iteration 40.9 (tol=0.02264023618073435): -147.2264777500925 -146.6492437131228 -145.2140367173798 -143.9813642296699
 Davidson iteration 40.10 (tol=0.02264033112003796): -147.2264777504332 -146.6867962359597 -146.3460826114082 -144.0992284306296
 Davidson iteration 40.11 (tol=0.02264043213740914): -147.2264777506389 -146.8643385881755 -146.6119739435554 -144.231833273187
 Davidson iteration 40.12 (tol=0.02264075132555715): -147.2264777515839 -146.9310797659947 -146.6263617730882 -145.1430167648768
 Davidson iteration 40.13 (tol=0.02264096983328105): -147.2264777522447 -146.9788375923041 -146.6439772544665 -146.0890335718045
 Davidson iteration 40.14 (tol=0.02264099897044505): -147.2264777530777 -146.9987800291472 -146.657047942409 -146.3721663153512
 Davidson iteration 40.15 (tol=0.02264151810297302): -147.2264777563585 -147.0021088549249 -146.6626552848787 -146.4223797799041
 Davidson iteration 40.16 (tol=0.02264212924080765): -147.2264777598677 -147.0028081164755 -146.6641399493162 -146.4402199712369
 Davidson iteration 40.17 (tol=0.02264392172148777): -147.2264777830695 -147.0030487928526 -146.6656961304681 -146.4579240825547
 Davidson iteration 40.18 (tol=0.022643769683138): -147.2264777918419 -147.003190328819 -146.6667391227801 -146.4857843017114
 Davidson iteration 40.19 (tol=0.02264519447211092): -147.2264777952543 -147.0032349677245 -146.6679926020468 -146.5070590985618
 Davidson iteration 41.0 (tol=0.02264519447158589): -147.2264777128374
 Davidson iteration 41.1 (tol=0.02264041780400929): -147.2264777128425 -142.9978740489219
 Davidson iteration 41.2 (tol=0.02264032877283104): -147.2264777128463 -143.8206991870571 -142.9838200427556
 Davidson iteration 41.3 (tol=0.02264014516683198): -147.2264777131058 -144.0282258283118 -143.7729292405577 -142.9754965817716
 Davidson iteration 41.4 (tol=0.02264024466488541): -147.2264777136624 -144.1650531489384 -143.9580047892914 -143.6212557498292
 Davidson iteration 41.5 (tol=0.02264038123126938): -147.2264777140697 -144.8620472663659 -143.9617572775295 -143.8188493926175
 Davidson iteration 41.6 (tol=0.02264040583095463): -147.2264777174738 -145.9837269260465 -143.9715631586197 -143.8903682153909
 Davidson iteration 41.7 (tol=0.02264043895897845): -147.2264777208464 -146.3394874903817 -144.0337482061399 -143.908876061628
 Davidson iteration 41.8 (tol=0.02264052936211141): -147.2264777213347 -146.4616359600312 -144.2152098186945 -143.9328142003748
 Davidson iteration 41.9 (tol=0.02264085798379977): -147.2264777236858 -146.4990331897085 -144.7427480488039 -143.9851640248155
 Davidson iteration 41.10 (tol=0.02264080151268849): -147.2264777237624 -146.5343032838925 -145.6393205868549 -144.0446403167013
 Davidson iteration 41.11 (tol=0.02264084174246397): -147.2264777238347 -146.5676531973725 -146.0748992133392 -144.1725406191322
 Davidson iteration 41.12 (tol=0.0226408981929896): -147.2264777239905 -146.5867498482056 -146.212116530709 -144.3141183845529
 Davidson iteration 41.13 (tol=0.02264092456017677): -147.2264777240638 -146.6125207039464 -146.3611030726991 -145.3150809315461
 Davidson iteration 41.14 (tol=0.02264191336233599): -147.2264777293832 -146.7041108779936 -146.5171808794464 -145.8999854757504
 Davidson iteration 41.15 (tol=0.02264187257489284): -147.2264777298635 -146.8563635775671 -146.5641996985023 -146.1057202393419
 Davidson iteration 41.16 (tol=0.02264245284979468): -147.2264777321341 -146.9358153754934 -146.5786992783435 -146.2246229564612
 Davidson iteration 41.17 (tol=0.02264245496081594): -147.2264777321363 -146.9861923798522 -146.5962998308504 -146.3597493363128
 Davidson iteration 41.18 (tol=0.02264266377846377): -147.226477734499 -146.9978245137719 -146.6047475603961 -146.4077260666427
 Davidson iteration 41.19 (tol=0.02264267906255811): -147.2264777365073 -147.0013352867268 -146.6100059963791 -146.4345019920303
 Davidson iteration 42.0 (tol=0.02264267906172226): -147.2264777316906
 Davidson iteration 42.1 (tol=0.02264050673793501): -147.2264777316916 -142.9975281423016
 Davidson iteration 42.2 (tol=0.02264040339797151): -147.2264777316968 -143.8230553094666 -142.9825671591724
 Davidson iteration 42.3 (tol=0.0226404172637628): -147.2264777316976 -144.0218418295459 -143.786379842004 -142.9731294284815
 Davidson iteration 42.4 (tol=0.02264041524318354): -147.2264777317175 -144.0799711571824 -143.9802589167326 -143.6046914041324
 Davidson iteration 42.5 (tol=0.02264041168162384): -147.2264777317179 -144.765389381244 -143.9845362246342 -143.8282798001594
 Davidson iteration 42.6 (tol=0.02264036256697166): -147.2264777317688 -146.4407426327773 -143.9909582772023 -143.9135060624144
 Davidson iteration 42.7 (tol=0.02264034433616182): -147.2264777319268 -146.8703419027619 -144.0998726529256 -143.931523299679
 Davidson iteration 42.8 (tol=0.02264046557150852): -147.2264777322782 -146.9633858000598 -144.3845783078348 -144.0114313784584
 Davidson iteration 42.9 (tol=0.02264078678376789): -147.2264777336212 -146.9872677736765 -145.52944033343 -144.0448308806473
 Davidson iteration 42.10 (tol=0.02264087697432726): -147.2264777344325 -146.9981637632365 -146.1645168019131 -144.0970609745375
 Davidson iteration 42.11 (tol=0.0226408898999376): -147.2264777344343 -147.0020718307227 -146.3883191288133 -144.194804019094
 Davidson iteration 42.12 (tol=0.02264102634443802): -147.2264777348708 -147.0025828407518 -146.4290656252672 -144.3993159943625
 Davidson iteration 42.13 (tol=0.02264112774337539): -147.2264777362778 -147.0028558305396 -146.4733549163108 -145.4482676083107
 Davidson iteration 42.14 (tol=0.02264113674070059): -147.2264777378002 -147.0030301780888 -146.5289588690307 -146.053009209828
 Davidson iteration 42.15 (tol=0.02264112330414548): -147.2264777378148 -147.0031214698132 -146.5733813225143 -146.2220850149045
 Davidson iteration 42.16 (tol=0.02264143777423367): -147.2264777403974 -147.0031677372662 -146.5961385898632 -146.2895732012356
 Davidson iteration 42.17 (tol=0.02264143769671764): -147.2264777404072 -147.003208485344 -146.6120528287132 -146.3322830056457
 Davidson iteration 42.18 (tol=0.02264345006624596): -147.2264777643846 -147.0032354083668 -146.6291008449726 -146.3895269936706
 Davidson iteration 42.19 (tol=0.02265820739298383): -147.226477957309 -147.0032367574014 -146.6361782711376 -146.4152672436788
 Davidson iteration 43.0 (tol=0.02265820736694306): -147.2264776146855
 Davidson iteration 43.1 (tol=0.02262335712685487): -147.2264776149571 -142.9964371073926
 Davidson iteration 43.2 (tol=0.02263172281671082): -147.2264776291535 -143.5445510690014 -142.9877814628101
 Davidson iteration 43.3 (tol=0.02263503965310542): -147.226477655167 -143.9685510254502 -143.0065369678783 -142.9136124481051
 Davidson iteration 43.4 (tol=0.02263663657591478): -147.2264776700985 -144.6135748518551 -143.6507777335439 -143.0060313708558
 Davidson iteration 43.5 (tol=0.02263666890161586): -147.2264776707995 -145.7129404104786 -143.8492290755457 -143.1278787150158
 Davidson iteration 43.6 (tol=0.02263923471497259): -147.2264776926438 -146.4209625385413 -143.9366113157774 -143.3337875677554
 Davidson iteration 43.7 (tol=0.02263876532750215): -147.2264777038458 -146.5522329415149 -144.0069107611813 -143.6006916197733
 Davidson iteration 43.8 (tol=0.02264002169154563): -147.2264777110262 -146.5936801994965 -144.3735294743082 -143.7463452958138
 Davidson iteration 43.9 (tol=0.02264286562966267): -147.2264777257093 -146.6136878961189 -145.3492784050633 -143.9577452835518
 Davidson iteration 43.10 (tol=0.02264272469263912): -147.226477728256 -146.648134746551 -146.2400314706353 -144.0610064308825
 Davidson iteration 43.11 (tol=0.02264279819960203): -147.2264777286202 -146.704936699909 -146.4833488056746 -144.2542869563794
 Davidson iteration 43.12 (tol=0.02264278978440328): -147.2264777286376 -146.7793439991597 -146.5626598814402 -145.2879862736897
 Davidson iteration 43.13 (tol=0.02264284834140341): -147.2264777289733 -146.8949235897858 -146.6190663149511 -146.1144929714267
 Davidson iteration 43.14 (tol=0.02264410917349548): -147.2264777348732 -146.9804325336932 -146.6488998292261 -146.3170879481961
 Davidson iteration 43.15 (tol=0.02264409662858593): -147.2264777348954 -146.9965223437995 -146.6568285144552 -146.3656392710321
 Davidson iteration 43.16 (tol=0.02264780439918293): -147.2264777576789 -147.0007395718667 -146.6611680430961 -146.3914566067512
 Davidson iteration 43.17 (tol=0.02264925194848857): -147.2264777713393 -147.0025895079982 -146.6652062556695 -146.427342214464
 Davidson iteration 43.18 (tol=0.02265251561727334): -147.2264777836404 -147.0030500348492 -146.6669089176863 -146.4475559578376
 Davidson iteration 43.19 (tol=0.02265265233974212): -147.2264777874564 -147.0031869035793 -146.667628231473 -146.4580035726149
 Davidson iteration 44.0 (tol=0.02265265233963695): -147.2264777453655
 Davidson iteration 44.1 (tol=0.02265327677865971): -147.2264777453656 -142.9957916358101
 Davidson iteration 44.2 (tol=0.02265313421464477): -147.2264777453751 -143.8491026463339 -142.9808354711807
 Davidson iteration 44.3 (tol=0.02265313361057728): -147.2264777453751 -144.0811607087281 -143.8418589955119 -142.9713489075555
 Davidson iteration 44.4 (tol=0.02265313516804519): -147.2264777454058 -144.0824822327279 -143.9930618847619 -143.5176671215491
 Davidson iteration 44.5 (tol=0.02265311344923759): -147.2264777454517 -144.1689712598859 -144.0573367945212 -143.6803804439948
 Davidson iteration 44.6 (tol=0.02265314977348309): -147.2264777454716 -145.1276114077486 -144.0620743700423 -143.8884720537636
 Davidson iteration 44.7 (tol=0.02265319716105409): -147.2264777455215 -146.0255116130399 -144.1089219366872 -143.9775974801603
 Davidson iteration 44.8 (tol=0.02265318752507604): -147.2264777455852 -146.4691473937376 -144.2715947656963 -144.0614250241027
 Davidson iteration 44.9 (tol=0.0226533135785222): -147.226477745875 -146.6632470650269 -145.1596548219157 -144.0838086136696
 Davidson iteration 44.10 (tol=0.02265352839519926): -147.2264777465853 -146.8716972446077 -146.0308851471911 -144.1215937616113
 Davidson iteration 44.11 (tol=0.02265364644447928): -147.2264777467334 -146.9714243171386 -146.2714674897028 -144.2418952415764
 Davidson iteration 44.12 (tol=0.02265364212278716): -147.2264777467529 -146.9913195424726 -146.3318808334398 -144.5048667891001
 Davidson iteration 44.13 (tol=0.02265368089304463): -147.2264777470154 -146.9997291005859 -146.4042317749195 -145.4119777535395
 Davidson iteration 44.14 (tol=0.02265376108923463): -147.2264777476307 -147.0024709803659 -146.4630996787612 -145.8118311194665
 Davidson iteration 44.15 (tol=0.02265431821099977): -147.2264777511791 -147.0031506317955 -146.489838782996 -145.9380516877732
 Davidson iteration 44.16 (tol=0.02265752881714801): -147.2264777788104 -147.0032485014502 -146.4970662065197 -145.9715754849683
 Davidson iteration 44.17 (tol=0.02268619259871207): -147.2264781182278 -147.0032488336728 -146.5011948582578 -146.0090148427932
 Davidson iteration 44.18 (tol=0.02281934386043132): -147.2264801693429 -147.003258801344 -146.5088778709571 -146.19911073248
 Davidson iteration 44.19 (tol=0.02312479095433197): -147.2264875485224 -147.0032653426608 -146.5420158036512 -146.4316108062372
 Davidson iteration 45.0 (tol=0.02312478081820926): -147.2264676177705
 Davidson iteration 45.1 (tol=0.02169356138907801): -147.2264680835211 -143.223258241113
 Davidson iteration 45.2 (tol=0.0217301200912365): -147.2264681307647 -144.0478623532102 -142.7844531179662
 Davidson iteration 45.3 (tol=0.02222475697897715): -147.2264718022711 -146.0483431384612 -143.0308115426185 -142.1288930544723
 Davidson iteration 45.4 (tol=0.02246235003416362): -147.2264751425724 -146.4353046748324 -143.3894593268131 -143.0006474540025
 Davidson iteration 45.5 (tol=0.02243137189608093): -147.2264756269467 -146.5353020065054 -143.952099357742 -143.008495008905
 Davidson iteration 45.6 (tol=0.02243437551956975): -147.2264756299306 -146.5666868482346 -144.7165212977942 -143.3680536529363
 Davidson iteration 45.7 (tol=0.02244334152281629): -147.2264756783125 -146.5934319477693 -145.7764414937001 -143.7721095610975
 Davidson iteration 45.8 (tol=0.02244607250153351): -147.2264757318464 -146.6213414509394 -146.2031732323329 -143.8752746419481
 Davidson iteration 45.9 (tol=0.02245228728462799): -147.2264757946916 -146.6362892893057 -146.313184510341 -144.1503069953174
 Davidson iteration 45.10 (tol=0.0224517257839372): -147.2264757998516 -146.6503025790692 -146.4163477895156 -145.32227732132
 Davidson iteration 45.11 (tol=0.02245182274194765): -147.2264758010685 -146.7364004128649 -146.5857539059691 -146.0783871528616
 Davidson iteration 45.12 (tol=0.02245833287167085): -147.2264758496059 -146.9104135226463 -146.6238311188234 -146.2380976152465
 Davidson iteration 45.13 (tol=0.02245857970028764): -147.2264758498302 -146.9674809814262 -146.630708495113 -146.2879926751306
 Davidson iteration 45.14 (tol=0.02246056294041787): -147.2264758702437 -146.9957624289486 -146.6369557686391 -146.3487843494176
 Davidson iteration 45.15 (tol=0.022460551506498): -147.2264758703012 -147.0018212496669 -146.6393338776899 -146.3789343648848
 Davidson iteration 45.16 (tol=0.02246117310980282): -147.2264758801367 -147.0029294386419 -146.6404627699452 -146.389923822434
 Davidson iteration 45.17 (tol=0.02246193382511802): -147.2264758862098 -147.0031636219356 -146.6410168179572 -146.4002135384315
 Davidson iteration 45.18 (tol=0.02246807756749446): -147.226475952623 -147.0033355889231 -146.6423647155688 -146.4374655860366
 Davidson iteration 45.19 (tol=0.0224707147804472): -147.2264759594891 -147.0033926609572 -146.6437068010902 -146.5105132538043
 Davidson iteration 46.0 (tol=0.02247071468764859): -147.2264780014866
 Davidson iteration 46.1 (tol=0.02252645660429835): -147.2264780021818 -143.0040036429766
 Davidson iteration 46.2 (tol=0.02252685958355507): -147.2264780022647 -143.6232591540765 -142.9925740928878
 Davidson iteration 46.3 (tol=0.02252743806800992): -147.226478012926 -143.9438442512929 -142.9933049350194 -142.5691262327981
 Davidson iteration 46.4 (tol=0.02252800103572013): -147.2264780172674 -144.767242684491 -143.7332942017208 -142.9905893482751
 Davidson iteration 46.5 (tol=0.02252792240651579): -147.2264780179078 -145.7998820179121 -143.8094169906233 -143.3470660148293
 Davidson iteration 46.6 (tol=0.02253126049299443): -147.2264780443029 -146.4631440481673 -143.9008861984496 -143.485141971771
 Davidson iteration 46.7 (tol=0.02253089876567872): -147.2264780451532 -146.5673831893403 -143.9627278850873 -143.6817240441262
 Davidson iteration 46.8 (tol=0.02253227557802751): -147.2264780508747 -146.5991619359344 -144.4052561336318 -143.7475200269791
 Davidson iteration 46.9 (tol=0.02253229360337006): -147.2264780511325 -146.612711729998 -145.0975608496249 -143.931265874277
 Davidson iteration 46.10 (tol=0.0225323575100787): -147.2264780512853 -146.6282417945985 -146.0030875748077 -144.0452655027792
 Davidson iteration 46.11 (tol=0.02253379179737246): -147.2264780566417 -146.6507551646271 -146.3931131544236 -144.4834370081339
 Davidson iteration 46.12 (tol=0.02253374481902105): -147.2264780575476 -146.83136821533 -146.5941788120009 -145.360699593987
 Davidson iteration 46.13 (tol=0.0225336729451744): -147.2264780575884 -146.9530046478398 -146.6113989087024 -145.7191912038335
 Davidson iteration 46.14 (tol=0.02253382372107298): -147.2264780582097 -146.9800998467438 -146.6151878972811 -145.8979802136772
 Davidson iteration 46.15 (tol=0.02253568016763296): -147.2264780812946 -146.9923333268902 -146.6186202390191 -146.203491098541
 Davidson iteration 46.16 (tol=0.02253534060555788): -147.2264780969274 -146.9996809545628 -146.6303933934114 -146.4755679102091
 Davidson iteration 46.17 (tol=0.02254016740762473): -147.2264781238216 -147.002498843626 -146.6503268347484 -146.562473471234
 Davidson iteration 46.18 (tol=0.0225655710169158): -147.2264783421325 -147.0028452731677 -146.6588873910776 -146.572069781471
 Davidson iteration 46.19 (tol=0.02258298915676626): -147.2264785718704 -147.0030189510372 -146.6625112719311 -146.576178008648
 Davidson iteration 47.0 (tol=0.02258298914057559): -147.2264777293089
 Davidson iteration 47.1 (tol=0.02259084516754932): -147.2264777293227 -143.0017909943729
 Davidson iteration 47.2 (tol=0.02259061134315477): -147.2264777293501 -143.7499834329338 -142.9933774959855
 Davidson iteration 47.3 (tol=0.0225921678393286): -147.2264777489006 -144.0654901449697 -143.2000776879999 -142.9907311743875
 Davidson iteration 47.4 (tol=0.02259583385743907): -147.2264777767052 -144.7490882983506 -143.697457080159 -143.2000757820715
 Davidson iteration 47.5 (tol=0.02259577534183045): -147.226477781465 -145.7356988982957 -143.8475907742707 -143.5129958484669
 Davidson iteration 47.6 (tol=0.02260432064185808): -147.2264778497991 -146.279635282062 -143.991711050521 -143.6309877161411
 Davidson iteration 47.7 (tol=0.02260374954010169): -147.2264778678195 -146.4472446321512 -144.2228152493056 -143.7522050127964
 Davidson iteration 47.8 (tol=0.02260381679256631): -147.2264778680905 -146.5501967166903 -145.2007775316352 -143.82495963897
 Davidson iteration 47.9 (tol=0.02260428067904318): -147.2264778750715 -146.6645945840166 -145.9445289713663 -143.9773999133666
 Davidson iteration 47.10 (tol=0.02260452419216133): -147.2264778777961 -146.8255660952794 -146.3098000658309 -144.4011084773136
 Davidson iteration 47.11 (tol=0.02260459405848019): -147.2264778781498 -146.9133433055293 -146.4148873190621 -144.9454826021287
 Davidson iteration 47.12 (tol=0.02260459488648367): -147.22647787815 -146.9736351619453 -146.4956860093934 -145.6924881968217
 Davidson iteration 47.13 (tol=0.02260483931183895): -147.2264778794898 -146.9908886182541 -146.5367294574153 -145.9814721843751
 Davidson iteration 47.14 (tol=0.02260632444509614): -147.2264778867161 -146.9987036384684 -146.570391236356 -146.1617962704103
 Davidson iteration 47.15 (tol=0.02260634547503928): -147.226477886727 -147.0017915394771 -146.6024607373594 -146.2841383118824
 Davidson iteration 47.16 (tol=0.02260637892671472): -147.2264778872455 -147.0029950917935 -146.6214746499979 -146.342884428365
 Davidson iteration 47.17 (tol=0.02260706110202165): -147.2264778912541 -147.0033397378758 -146.6327092665313 -146.3714278385439
 Davidson iteration 47.18 (tol=0.02260874371997051): -147.2264779012674 -147.0034223391989 -146.6370684026624 -146.3851541013327
 Davidson iteration 47.19 (tol=0.0226141142471461): -147.2264779458614 -147.003479661893 -146.6449605071324 -146.4125298728187
 Davidson iteration 48.0 (tol=0.02261411424475661): -147.2264777132289
 Davidson iteration 48.1 (tol=0.02261161689638149): -147.2264777132303 -142.9968479013386
 Davidson iteration 48.2 (tol=0.0226109048221901): -147.226477713494 -143.8373271381125 -142.9806349543015
 Davidson iteration 48.3 (tol=0.02261074299386548): -147.2264777136794 -144.0465762154834 -143.7247171831801 -142.9742316358455
 Davidson iteration 48.4 (tol=0.02261073931586638): -147.2264777138117 -144.369358377831 -143.8552067051847 -143.6291943936868
 Davidson iteration 48.5 (tol=0.02261077489305598): -147.2264777141051 -145.2797554842168 -143.8646335011931 -143.8047874619832
 Davidson iteration 48.6 (tol=0.02261072513036506): -147.2264777184648 -146.1608646162786 -143.9648556256377 -143.8310504221308
 Davidson iteration 48.7 (tol=0.02261065570118274): -147.2264777191308 -146.4253638058834 -144.2060271385668 -143.836830794392
 Davidson iteration 48.8 (tol=0.02261071287794407): -147.2264777192104 -146.5539913731663 -144.8776536659195 -143.8700182414721
 Davidson iteration 48.9 (tol=0.02261130342863305): -147.2264777209113 -146.6428213594759 -145.74762476436 -143.9820751760282
 Davidson iteration 48.10 (tol=0.02261129217240953): -147.2264777209946 -146.7880818419288 -146.2898285303779 -144.336475159924
 Davidson iteration 48.11 (tol=0.02261141420542559): -147.2264777212303 -146.906461928482 -146.4631847130181 -144.9821002696469
 Davidson iteration 48.12 (tol=0.02261142502234503): -147.2264777212476 -146.9682275738873 -146.5310173872998 -145.479662053624
 Davidson iteration 48.13 (tol=0.02261157510549134): -147.2264777221109 -146.9923400534761 -146.5728671528612 -145.8556721331892
 Davidson iteration 48.14 (tol=0.02261161199835878): -147.2264777223957 -146.999239731878 -146.5927967238278 -146.06107896432
 Davidson iteration 48.15 (tol=0.02261170007094501): -147.2264777228625 -147.0021706492439 -146.6146826684207 -146.2339926766082
 Davidson iteration 48.16 (tol=0.02261171222661044): -147.2264777228743 -147.0029098803404 -146.6257053119079 -146.3172491185299
 Davidson iteration 48.17 (tol=0.02261185223489576): -147.2264777231155 -147.0031091116486 -146.6339844132268 -146.3663549504107
 Davidson iteration 48.18 (tol=0.022612057141624): -147.2264777238092 -147.0031833400168 -146.6389234268519 -146.4006478869633
 Davidson iteration 48.19 (tol=0.02261318715432422): -147.2264777423197 -147.0032306422467 -146.6463347025799 -146.4430169901816
 Davidson iteration 49.0 (tol=0.02261318715215821): -147.2264777251126
 Davidson iteration 49.1 (tol=0.02260672377721947): -147.226477725122 -142.9964763355279
 Davidson iteration 49.2 (tol=0.02260809788675491): -147.2264777258462 -143.7787995696172 -142.9784921128286
 Davidson iteration 49.3 (tol=0.02260794775631554): -147.2264777280969 -143.9730282495696 -143.3448475175611 -142.9706849654441
 Davidson iteration 49.4 (tol=0.02260796960670133): -147.2264777284897 -144.2565365625804 -143.6170853308198 -143.3448238225747
 Davidson iteration 49.5 (tol=0.02260887771830934): -147.2264777316273 -144.9574112706356 -143.7831336185413 -143.5104431204926
 Davidson iteration 49.6 (tol=0.02260927370959678): -147.226477734982 -145.8565260263636 -143.9253450690981 -143.6092762486476
 Davidson iteration 49.7 (tol=0.02260909735484067): -147.2264777357889 -146.2041180148284 -144.0674889905461 -143.6957110110982
 Davidson iteration 49.8 (tol=0.02260916549966393): -147.2264777359944 -146.3791703848935 -144.5983423812053 -143.7388872751699
 Davidson iteration 49.9 (tol=0.02260932570589998): -147.2264777363044 -146.478392576177 -145.2918593932892 -143.8780750822463
 Davidson iteration 49.10 (tol=0.02260985197575418): -147.2264777387716 -146.6020854946249 -145.9348809803375 -144.1166853948592
 Davidson iteration 49.11 (tol=0.02261026875336766): -147.2264777396452 -146.6850927682556 -146.1556467346168 -144.4830549438446
 Davidson iteration 49.12 (tol=0.0226102681374819): -147.2264777396558 -146.7991734756748 -146.3849672804051 -145.3691250597356
 Davidson iteration 49.13 (tol=0.02261039500558827): -147.2264777400086 -146.9077143836107 -146.5162447216325 -145.7997559499243
 Davidson iteration 49.14 (tol=0.02261060593255558): -147.2264777407734 -146.968312712353 -146.5828415831901 -145.9802339224726
 Davidson iteration 49.15 (tol=0.02261076133701954): -147.2264777415102 -146.9953057963966 -146.6190232822986 -146.1108515205353
 Davidson iteration 49.16 (tol=0.02261113973364129): -147.2264777430392 -147.0013751824805 -146.63564608172 -146.1777788539156
 Davidson iteration 49.17 (tol=0.02261113939199055): -147.2264777430762 -147.0030532237727 -146.6435729897212 -146.2302715918187
 Davidson iteration 49.18 (tol=0.0226119693917001): -147.2264777513321 -147.0033319975028 -146.6487315800293 -146.271398208401
 Davidson iteration 49.19 (tol=0.02261226982212755): -147.2264777521371 -147.0033716335068 -146.6522397016818 -146.3248682216301
 Davidson iteration 50.0 (tol=0.02261226982214609): -147.2264777426169
 Davidson iteration 50.1 (tol=0.02261139889353232): -147.226477742617 -142.9958669106711
 Davidson iteration 50.2 (tol=0.02261174465130606): -147.2264777426707 -143.8107419147016 -142.9784529188492
 Davidson iteration 50.3 (tol=0.02261155575809581): -147.2264777430212 -143.9770624026004 -143.5519167540375 -142.9704256005927
 Davidson iteration 50.4 (tol=0.02261155022944932): -147.2264777431577 -144.1931037238628 -143.6409375302003 -143.527338128378
 Davidson iteration 50.5 (tol=0.02261176693606701): -147.2264777440157 -144.7561235403744 -143.7683691608986 -143.6358895378997
 Davidson iteration 50.6 (tol=0.02261169076605744): -147.2264777445295 -145.6220618035066 -143.9156380610782 -143.6957366925308
 Davidson iteration 50.7 (tol=0.02261168586856339): -147.2264777445297 -146.0550175232763 -144.0748909479587 -143.7402091379885
 Davidson iteration 50.8 (tol=0.02261175306942258): -147.2264777446345 -146.325387635344 -144.7218219042026 -143.7613020910406
 Davidson iteration 50.9 (tol=0.02261170537795775): -147.2264777447717 -146.6107320345702 -145.6597241441148 -143.9723280437945
 Davidson iteration 50.10 (tol=0.02261175000823814): -147.2264777449604 -146.872722691496 -146.0472070788792 -144.2276224956553
 Davidson iteration 50.11 (tol=0.02261172939239143): -147.2264777450325 -146.9491403996717 -146.1686013552225 -144.6369611564374
 Davidson iteration 50.12 (tol=0.02261173143607555): -147.2264777450333 -146.9848797265674 -146.2656561853437 -145.2000438906075
 Davidson iteration 50.13 (tol=0.02261174916486898): -147.2264777451653 -146.9967512213731 -146.3683847789652 -145.6891952019091
 Davidson iteration 50.14 (tol=0.02261178445273381): -147.2264777454523 -147.0006256679397 -146.4461669721827 -145.9126274003767
 Davidson iteration 50.15 (tol=0.0226117659103239): -147.2264777454622 -147.0024826024236 -146.5261900782439 -146.0751840128245
 Davidson iteration 50.16 (tol=0.02261182512158316): -147.2264777468068 -147.0031072597827 -146.5859698204129 -146.165852032206
 Davidson iteration 50.17 (tol=0.02261391357360277): -147.2264777622908 -147.003294414766 -146.6173742340587 -146.2166627420165
 Davidson iteration 50.18 (tol=0.02262357596074237): -147.2264778579262 -147.0033333802256 -146.6337824648103 -146.2500950429385
 Davidson iteration 50.19 (tol=0.02270032248098805): -147.2264787606672 -147.0033339681871 -146.6439110446337 -146.2857879453902
 Davidson iteration 51.0 (tol=0.02270032222836518): -147.2264766987951
 Davidson iteration 51.1 (tol=0.02248331803028339): -147.2264767093257 -143.0004384271232
 Davidson iteration 51.2 (tol=0.0225135997636497): -147.2264767957242 -143.2352740112924 -142.9943215491181
 Davidson iteration 51.3 (tol=0.02253762552428003): -147.2264769376764 -144.5156239507815 -143.0058230697521 -141.9877896075135
 Davidson iteration 51.4 (tol=0.02257005086854328): -147.2264771977962 -145.6799509114975 -143.6066421817217 -142.9791689260932
 Davidson iteration 51.5 (tol=0.02256631600912531): -147.226477252124 -146.3077173817736 -143.8436626668586 -142.9978175023668
 Davidson iteration 51.6 (tol=0.02256934436549889): -147.2264773034238 -146.486934674475 -144.0879498866745 -143.4672516137979
 Davidson iteration 51.7 (tol=0.02256995443845171): -147.2264773271378 -146.554273538236 -144.6347176041097 -143.7327853444568
 Davidson iteration 51.8 (tol=0.02256999062816532): -147.2264773272688 -146.6114932683048 -145.8118547636675 -143.8552518403526
 Davidson iteration 51.9 (tol=0.02257444148197719): -147.2264773564095 -146.6729352057207 -146.19700835161 -144.0434105047856
 Davidson iteration 51.10 (tol=0.02257420978619823): -147.2264773595936 -146.7396084593964 -146.4189560216747 -144.8062836827559
 Davidson iteration 51.11 (tol=0.02257438299325056): -147.2264773602511 -146.8478019288313 -146.5517928822949 -145.6779097041218
 Davidson iteration 51.12 (tol=0.02257445236881702): -147.2264773610615 -146.9587958710821 -146.6186562125917 -146.0400008705165
 Davidson iteration 51.13 (tol=0.02257544535375736): -147.226477365201 -146.990426701221 -146.6396536408281 -146.1455047302955
 Davidson iteration 51.14 (tol=0.02257588794735984): -147.2264773671518 -146.9998674954087 -146.6483210107753 -146.229715871037
 Davidson iteration 51.15 (tol=0.02257590216541209): -147.2264773671539 -147.0026397538441 -146.6577246064203 -146.2984145585746
 Davidson iteration 51.16 (tol=0.02257624384839439): -147.226477371957 -147.0033619966475 -146.6608261716626 -146.3502747768305
 Davidson iteration 51.17 (tol=0.02257644593183527): -147.226477372907 -147.0034665881258 -146.6631377543218 -146.3727988237804
 Davidson iteration 51.18 (tol=0.02258023533105103): -147.2264774040023 -147.0035059116177 -146.6637424240631 -146.3908934151935
 Davidson iteration 51.19 (tol=0.02257966638668193): -147.2264774123721 -147.0035104729575 -146.6644874572082 -146.4033200217635
 Davidson iteration 52.0 (tol=0.02257966638410003): -147.2264777515562
 Davidson iteration 52.1 (tol=0.0225837029962735): -147.2264777515599 -142.9976262155224
 Davidson iteration 52.2 (tol=0.02258343203491046): -147.2264777516028 -143.8058344949245 -142.9845923473902
 Davidson iteration 52.3 (tol=0.02258321702926747): -147.2264777520074 -143.9833738322479 -143.6377641371704 -142.9772744183245
 Davidson iteration 52.4 (tol=0.02258341548284201): -147.2264777539567 -144.1747593672664 -143.7463353042629 -143.5295206860843
 Davidson iteration 52.5 (tol=0.02258352801829019): -147.2264777547962 -144.6985995475634 -143.7700282106259 -143.7215555477387
 Davidson iteration 52.6 (tol=0.02258333465181124): -147.226477759204 -145.580281078347 -143.9015176619145 -143.7297713111241
 Davidson iteration 52.7 (tol=0.02258409457039138): -147.2264777666074 -145.9521166598505 -144.1156342184488 -143.7372212777102
 Davidson iteration 52.8 (tol=0.02258417356815277): -147.2264777674958 -146.2447176720575 -144.7475852426253 -143.7999389691752
 Davidson iteration 52.9 (tol=0.02258418828038267): -147.2264777675078 -146.5002188994002 -145.4050019729997 -143.923101231372
 Davidson iteration 52.10 (tol=0.02258437686567556): -147.2264777685323 -146.7247131355972 -145.8122155857022 -144.2183864616738
 Davidson iteration 52.11 (tol=0.02258471795268106): -147.2264777698458 -146.8560776472317 -146.1058090700094 -144.9395853616628
 Davidson iteration 52.12 (tol=0.02258471232286983): -147.2264777698467 -146.9639598415335 -146.3726293499061 -145.37344536519
 Davidson iteration 52.13 (tol=0.02258470102133363): -147.226477769879 -146.995468624031 -146.4539215546698 -145.5050240792472
 Davidson iteration 52.14 (tol=0.02258514060311026): -147.226477771975 -147.0018838557199 -146.4757681891924 -145.5648745019454
 Davidson iteration 52.15 (tol=0.02258564830933326): -147.2264777816535 -147.0030744795364 -146.4851510892575 -145.6274009836985
 Davidson iteration 52.16 (tol=0.02258536640364572): -147.2264777911436 -147.0032941641279 -146.4911296115702 -145.7782118862442
 Davidson iteration 52.17 (tol=0.02258528009784315): -147.2264777920208 -147.0033373783189 -146.4952641732693 -146.0459106207622
 Davidson iteration 52.18 (tol=0.02259268259140439): -147.2264778472384 -147.0033458080736 -146.4971506608027 -146.173328249979
 Davidson iteration 52.19 (tol=0.0225928242822365): -147.2264778473384 -147.0033493248902 -146.49830360278 -146.2728976712221
 Davidson iteration 53.0 (tol=0.02259282428450762): -147.2264777487093
 Davidson iteration 53.1 (tol=0.0225897654014072): -147.2264777487113 -142.9973076717152
 Davidson iteration 53.2 (tol=0.02259182575150589): -147.226477750531 -143.7245234373738 -142.9859186904979
 Davidson iteration 53.3 (tol=0.022591750917359): -147.226477754921 -143.9149764967318 -143.4382556311951 -142.9751063884959
 Davidson iteration 53.4 (tol=0.02259216913292452): -147.2264777586069 -144.0209400403165 -143.6420244703749 -143.1949400216825
 Davidson iteration 53.5 (tol=0.02259263282265478): -147.2264777608011 -144.2236563099083 -143.6742583899674 -143.6098938045057
 Davidson iteration 53.6 (tol=0.02259269084189131): -147.2264777614314 -144.934904213945 -143.8710781168539 -143.6737739496057
 Davidson iteration 53.7 (tol=0.02259288699755654): -147.2264777684711 -145.598912219218 -143.9514804476518 -143.7666251015536
 Davidson iteration 53.8 (tol=0.02259426753441512): -147.2264777780266 -146.0368716360396 -144.2438999314569 -143.7704082559934
 Davidson iteration 53.9 (tol=0.02259455574593253): -147.2264777791942 -146.2995773732706 -144.6932311575234 -143.8881140374286
 Davidson iteration 53.10 (tol=0.02259451897772799): -147.2264777794436 -146.5018049721236 -145.2477689499587 -143.9763932425839
 Davidson iteration 53.11 (tol=0.02259451975953786): -147.2264777794439 -146.6447332264649 -145.6629767568058 -144.2125694740591
 Davidson iteration 53.12 (tol=0.02259484798858768): -147.2264777807383 -146.7393097515235 -146.0981407962611 -144.9047754044037
 Davidson iteration 53.13 (tol=0.02259478903263249): -147.2264777809836 -146.8840840240376 -146.4401848111899 -145.3064828598337
 Davidson iteration 53.14 (tol=0.0225948339356286): -147.2264777810937 -146.9776589769111 -146.5457238920302 -145.4848711503566
 Davidson iteration 53.15 (tol=0.02259547233338841): -147.2264777846988 -146.9944906295801 -146.5642222651386 -145.5514313969123
 Davidson iteration 53.16 (tol=0.02259530765218087): -147.2264777874916 -147.0002508953232 -146.5773497494449 -145.7207272426768
 Davidson iteration 53.17 (tol=0.02259506810210377): -147.2264777904957 -147.0020323099582 -146.5848308324856 -146.034543877555
 Davidson iteration 53.18 (tol=0.02259561821483579): -147.2264777948484 -147.0027775345629 -146.5930762409816 -146.2591575430234
 Davidson iteration 53.19 (tol=0.02259561027319512): -147.2264777960588 -147.0030595308787 -146.5986419706782 -146.3694622102987
 Davidson iteration 54.0 (tol=0.02259561027011498): -147.2264777263259
 Davidson iteration 54.1 (tol=0.0225939789430725): -147.2264777263265 -142.9995095342258
 Davidson iteration 54.2 (tol=0.02259369136005345): -147.2264777263774 -143.8287313563711 -142.9874377354393
 Davidson iteration 54.3 (tol=0.02259365368136841): -147.2264777263865 -144.0612393426612 -143.7999558554097 -142.981129347379
 Davidson iteration 54.4 (tol=0.02259368310897856): -147.2264777267434 -144.2569553741788 -143.9667082110339 -143.5892159784748
 Davidson iteration 54.5 (tol=0.02259445403133175): -147.2264777300113 -145.1580697154494 -143.991684934693 -143.7844903152185
 Davidson iteration 54.6 (tol=0.02259437368739892): -147.2264777366882 -146.3622771492387 -143.9947344809397 -143.916972894982
 Davidson iteration 54.7 (tol=0.02259438053874863): -147.2264777389927 -146.672838343199 -144.2452626493443 -143.9715334464712
 Davidson iteration 54.8 (tol=0.02259459343365268): -147.2264777398163 -146.8017935942773 -145.2275207505976 -143.9836320099467
 Davidson iteration 54.9 (tol=0.02259465653572362): -147.2264777401783 -146.9104943803329 -146.1806209977082 -144.0977725439403
 Davidson iteration 54.10 (tol=0.02259485605973844): -147.226477741114 -146.9682691897365 -146.4374230864252 -144.2674326476902
 Davidson iteration 54.11 (tol=0.02259516003864383): -147.2264777425215 -146.9913817969729 -146.5259443284362 -144.7319220803616
 Davidson iteration 54.12 (tol=0.02259536351914768): -147.226477743191 -146.9998499368226 -146.580881693333 -145.3706550953094
 Davidson iteration 54.13 (tol=0.02259560017945016): -147.2264777442551 -147.0020607023741 -146.6031220703292 -145.7382863674651
 Davidson iteration 54.14 (tol=0.02259559616007891): -147.2264777442673 -147.0026988441922 -146.6191021672282 -145.9849018983636
 Davidson iteration 54.15 (tol=0.02259583650743617): -147.2264777465331 -147.0029175738464 -146.6316899213593 -146.2212043561495
 Davidson iteration 54.16 (tol=0.02259585743715647): -147.2264777465387 -147.00300323119 -146.6462024949584 -146.3692074968559
 Davidson iteration 54.17 (tol=0.02259587854343112): -147.2264777484743 -147.003040665083 -146.6573837262098 -146.4428945668928
 Davidson iteration 54.18 (tol=0.02260227132642042): -147.2264778281063 -147.0030526351735 -146.661739386222 -146.4635056607342
 Davidson iteration 54.19 (tol=0.02262172133459926): -147.2264781184894 -147.0030755778278 -146.666189398275 -146.4819300887391
 Davidson iteration 55.0 (tol=0.02262172129148989): -147.226477492066
 Davidson iteration 55.1 (tol=0.02258561203507788): -147.2264774923577 -143.0035557965923
 Davidson iteration 55.2 (tol=0.02258613444748287): -147.2264774924663 -143.7723361240498 -142.998700426001
 Davidson iteration 55.3 (tol=0.02258945500433672): -147.2264775236793 -144.1102346925243 -143.5430240146811 -142.9961724210559
 Davidson iteration 55.4 (tol=0.02259522959982791): -147.2264775741138 -145.0982553428466 -143.6826619630857 -143.5417106433492
 Davidson iteration 55.5 (tol=0.02259754688663427): -147.2264776015104 -145.9062617795493 -143.8366365094715 -143.5701215059264
 Davidson iteration 55.6 (tol=0.02259960057572899): -147.2264776463685 -146.3692006025433 -143.9640073495699 -143.5701660382101
 Davidson iteration 55.7 (tol=0.02259891975112605): -147.2264776552789 -146.4675669467075 -144.2065277825014 -143.7975360337745
 Davidson iteration 55.8 (tol=0.02259891105542782): -147.226477655713 -146.5312949165308 -145.0114794891109 -143.8797916748612
 Davidson iteration 55.9 (tol=0.02260824261916862): -147.2264777145719 -146.5696537401803 -145.5840297839858 -144.2086080434735
 Davidson iteration 55.10 (tol=0.0226077371189728): -147.2264777190749 -146.6010991265429 -145.9397440485683 -144.251364157759
 Davidson iteration 55.11 (tol=0.02260911099075853): -147.2264777255385 -146.617287885812 -146.0918940798491 -144.3972653486894
 Davidson iteration 55.12 (tol=0.02260929541328226): -147.2264777282323 -146.6258716063638 -146.2022570405666 -145.0023058647285
 Davidson iteration 55.13 (tol=0.02260994793086117): -147.2264777327985 -146.6418478492743 -146.3674852264569 -145.6434398589284
 Davidson iteration 55.14 (tol=0.02261167093124511): -147.2264777471187 -146.6714205025782 -146.524780862943 -145.9246465589412
 Davidson iteration 55.15 (tol=0.02261169013122859): -147.2264777471209 -146.7523464726998 -146.5963628868967 -146.0789432760537
 Davidson iteration 55.16 (tol=0.02261551544879147): -147.2264777713748 -146.8745636985067 -146.6289615995317 -146.2615663190033
 Davidson iteration 55.17 (tol=0.02261561658001824): -147.2264777808356 -146.9546869126425 -146.6412274838588 -146.3770591482265
 Davidson iteration 55.18 (tol=0.02261797979714464): -147.226477787947 -146.9885504458657 -146.6528911356667 -146.4422127398156
 Davidson iteration 55.19 (tol=0.02261899960748105): -147.2264777977813 -146.9997279538288 -146.6594367753597 -146.475876693771
 Davidson iteration 56.0 (tol=0.02261899960741516): -147.2264777382267
 Davidson iteration 56.1 (tol=0.02261713224610257): -147.2264777382275 -142.9977116479826
 Davidson iteration 56.2 (tol=0.02261720609974614): -147.2264777382302 -143.8734625058797 -142.9847674254832
 Davidson iteration 56.3 (tol=0.02261730180039347): -147.2264777382804 -144.3008773339281 -143.8636568472582 -142.9759574409276
 Davidson iteration 56.4 (tol=0.02261731422342781): -147.2264777383712 -144.3102909974947 -144.0511960996172 -143.5156132797632
 Davidson iteration 56.5 (tol=0.02261730787993227): -147.226477738374 -144.6427458877228 -144.2994792361031 -143.7870087104497
 Davidson iteration 56.6 (tol=0.02261729710745576): -147.2264777383764 -146.3887336938068 -144.3436814098209 -143.953368589162
 Davidson iteration 56.7 (tol=0.0226173778800987): -147.226477738892 -146.8250098257645 -144.4148373082685 -144.1897340551603
 Davidson iteration 56.8 (tol=0.02261748771696353): -147.2264777391943 -146.9164729896163 -144.9678309357964 -144.3860508883237
 Davidson iteration 56.9 (tol=0.02261761890155385): -147.2264777400789 -146.9752077116195 -146.0331800715315 -144.3861035152338
 Davidson iteration 56.10 (tol=0.02261776702718751): -147.226477740448 -146.9957742655006 -146.3226380566355 -144.3862183817489
 Davidson iteration 56.11 (tol=0.0226179809806854): -147.2264777415895 -147.0013258889069 -146.4053775473023 -144.3935072684846
 Davidson iteration 56.12 (tol=0.02261797159175468): -147.2264777418029 -147.0027079870664 -146.4430373152354 -144.8235332348416
 Davidson iteration 56.13 (tol=0.02261794401209082): -147.2264777421082 -147.0031041461192 -146.4799322112104 -145.7246918944689
 Davidson iteration 56.14 (tol=0.02261803069496121): -147.2264777423975 -147.0032083325918 -146.5204249217007 -146.0911055191929
 Davidson iteration 56.15 (tol=0.02261801769299785): -147.2264777432235 -147.0032321590664 -146.5486687644813 -146.2217003478562
 Davidson iteration 56.16 (tol=0.02261901875788046): -147.2264777462174 -147.0032323225475 -146.5747480118794 -146.2974756855294
 Davidson iteration 56.17 (tol=0.02262095267169363): -147.2264777696575 -147.0032433939218 -146.6066071828895 -146.3697997319257
 Davidson iteration 56.18 (tol=0.02262892001450887): -147.2264778927063 -147.0032437573179 -146.6314690137721 -146.4155435580819
 Davidson iteration 56.19 (tol=0.02264405455186014): -147.2264781222567 -147.0032437956978 -146.6469262682681 -146.4414044419611
 Davidson iteration 57.0 (tol=0.02264405449680827): -147.2264774271508
 Davidson iteration 57.1 (tol=0.02259624181982027): -147.2264774276622 -143.0047852542571
 Davidson iteration 57.2 (tol=0.02259865710791096): -147.2264774294075 -143.7902067566266 -143.0027400421592
 Davidson iteration 57.3 (tol=0.02260416088881681): -147.226477473211 -144.283393832977 -143.4453634227927 -143.0023066121679
 Davidson iteration 57.4 (tol=0.02261193660226259): -147.2264775429975 -145.718892909404 -143.7046961447515 -143.4255897294081
 Davidson iteration 57.5 (tol=0.02261656634617995): -147.2264775948415 -146.3427247886504 -143.8624248657732 -143.4263781409507
 Davidson iteration 57.6 (tol=0.02261822489796268): -147.2264776473184 -146.5749458454913 -143.9702539457643 -143.4282726509812
 Davidson iteration 57.7 (tol=0.02261752502890182): -147.2264776536421 -146.6079834898356 -144.1790681279239 -143.7594461787586
 Davidson iteration 57.8 (tol=0.02261761917810636): -147.2264776538484 -146.627082508448 -145.1033931730468 -143.8807917902366
 Davidson iteration 57.9 (tol=0.02262475260063879): -147.2264776924842 -146.641413906961 -145.9481539231119 -144.2687394666104
 Davidson iteration 57.10 (tol=0.02262452339812189): -147.2264776990238 -146.6807826635344 -146.4507885069985 -144.3446655998252
 Davidson iteration 57.11 (tol=0.02262480175989191): -147.2264777002858 -146.7468366224498 -146.5693019624898 -145.0441055615344
 Davidson iteration 57.12 (tol=0.0226250324610434): -147.226477702122 -146.8507058588995 -146.6219271553863 -145.926344617494
 Davidson iteration 57.13 (tol=0.0226251120456234): -147.2264777027857 -146.9661103985818 -146.6492995527325 -146.282394391913
 Davidson iteration 57.14 (tol=0.02262587398661082): -147.2264777081901 -146.9924326401949 -146.6581823345928 -146.3554670726382
 Davidson iteration 57.15 (tol=0.02262708751964001): -147.2264777125178 -146.9991242957135 -146.6616734575526 -146.393094460993
 Davidson iteration 57.16 (tol=0.0226317172362828): -147.2264777440378 -147.001973046034 -146.6667709516331 -146.4377202251521
 Davidson iteration 57.17 (tol=0.02263159592615329): -147.2264777484444 -147.0029542514319 -146.6691862426314 -146.4710144304181
 Davidson iteration 57.18 (tol=0.02263361659840844): -147.2264777567519 -147.0031060645534 -146.6702909555335 -146.4811045535923
 Davidson iteration 57.19 (tol=0.02263365550301462): -147.2264777600251 -147.0031266211251 -146.6704495056539 -146.484915916149
 Davidson iteration 58.0 (tol=0.02263365550302012): -147.2264777556962
 Davidson iteration 58.1 (tol=0.0226364456206248): -147.2264777556979 -142.9946119120476
 Davidson iteration 58.2 (tol=0.02263624750226747): -147.2264777557177 -143.9015143063447 -142.9813108154677
 Davidson iteration 58.3 (tol=0.02263630825919992): -147.2264777557386 -144.3724906396835 -143.8884406162506 -142.9731365863843
 Davidson iteration 58.4 (tol=0.02263633081086533): -147.2264777557919 -144.3734890256687 -144.0639386341975 -143.4608187094789
 Davidson iteration 58.5 (tol=0.02263639282180722): -147.2264777559102 -144.3735064425349 -144.3530368489312 -143.7050193350665
 Davidson iteration 58.6 (tol=0.02263627345705364): -147.2264777562168 -145.5100912376173 -144.3706509406565 -143.9031495798526
 Davidson iteration 58.7 (tol=0.02263638501250862): -147.2264777563672 -146.1159973273477 -144.3905012588605 -144.0841743448798
 Davidson iteration 58.8 (tol=0.02263651482832826): -147.2264777566833 -146.40645966356 -144.5915219866407 -144.3521101287447
 Davidson iteration 58.9 (tol=0.02263671294745924): -147.226477757246 -146.6812820821064 -145.6071753474543 -144.3792885872875
 Davidson iteration 58.10 (tol=0.02263676165639862): -147.2264777574013 -146.9240800063285 -146.0378005997561 -144.3837612696777
 Davidson iteration 58.11 (tol=0.02263691008526597): -147.226477758069 -146.9850075664467 -146.1486365928616 -144.4100216824247
 Davidson iteration 58.12 (tol=0.02263697637578164): -147.2264777583308 -146.99631835462 -146.1959686917551 -144.7848927376724
 Davidson iteration 58.13 (tol=0.02263704865591987): -147.2264777586566 -147.0006674493378 -146.2764767415831 -145.6574404140234
 Davidson iteration 58.14 (tol=0.02263711909237922): -147.2264777589875 -147.0024995117078 -146.3968406941012 -145.9685549437119
 Davidson iteration 58.15 (tol=0.02263714226121667): -147.2264777590447 -147.0030592283065 -146.4604583814772 -146.0375959854897
 Davidson iteration 58.16 (tol=0.0226372117011564): -147.2264777596936 -147.0031292310418 -146.4729286748719 -146.0544863548122
 Davidson iteration 58.17 (tol=0.02264044678268867): -147.2264777894855 -147.0031526638255 -146.4848511022513 -146.0810497565292
 Davidson iteration 58.18 (tol=0.02266103081571535): -147.226478040832 -147.0031663875025 -146.4943373469617 -146.1293663947682
 Davidson iteration 58.19 (tol=0.02270814396016631): -147.2264786461823 -147.003172924378 -146.499654006522 -146.1855821749599
 Davidson iteration 59.0 (tol=0.02270814377755223): -147.2264769292634
 Davidson iteration 59.1 (tol=0.02256407707882057): -147.2264769339085 -143.0032080147125
 Davidson iteration 59.2 (tol=0.0225761622208458): -147.22647695418 -143.522272847767 -143.0032046132584
 Davidson iteration 59.3 (tol=0.02259668150596471): -147.2264770904419 -144.3683608873325 -143.0226341623888 -142.9858852635611
 Davidson iteration 59.4 (tol=0.02261702983263155): -147.226477278147 -145.498182572016 -143.6128418356714 -143.0223745152458
 Davidson iteration 59.5 (tol=0.02262002346140578): -147.2264773593636 -146.0526808508567 -143.8488434057716 -143.0651720896073
 Davidson iteration 59.6 (tol=0.02262514312545062): -147.2264774411882 -146.3058715449011 -144.074203182278 -143.4850313214517
 Davidson iteration 59.7 (tol=0.02262398445371754): -147.2264774501755 -146.384304102894 -144.5614842802115 -143.7601594631302
 Davidson iteration 59.8 (tol=0.02262408334084445): -147.2264774506038 -146.5139659288131 -145.7133193931794 -143.8698063958849
 Davidson iteration 59.9 (tol=0.02262953475682365): -147.2264774865551 -146.6357459968167 -146.0826758213286 -144.1210497961817
 Davidson iteration 59.10 (tol=0.02262892220116626): -147.2264774891466 -146.7282553805431 -146.2149387377582 -144.5023629843762
 Davidson iteration 59.11 (tol=0.02262895921453811): -147.2264774892171 -146.7975479209103 -146.3320736864181 -145.5818431925553
 Davidson iteration 59.12 (tol=0.02262947617759344): -147.226477494044 -146.9160623774119 -146.5459937626756 -146.0439536921496
 Davidson iteration 59.13 (tol=0.02262992638360883): -147.2264774961298 -146.9807567258323 -146.6136925223243 -146.121121019955
 Davidson iteration 59.14 (tol=0.02263117641507686): -147.2264775009452 -146.9946482810198 -146.6316961572558 -146.1507957458927
 Davidson iteration 59.15 (tol=0.02263124824888863): -147.226477501675 -146.9999733725695 -146.6427903386146 -146.1868072255408
 Davidson iteration 59.16 (tol=0.0226313234682371): -147.2264775057093 -147.00219731666 -146.6552635656316 -146.2752638716186
 Davidson iteration 59.17 (tol=0.02263269898430607): -147.2264775154387 -147.00284408609 -146.6601614853446 -146.3491441528277
 Davidson iteration 59.18 (tol=0.0226354291549818): -147.2264775306604 -147.0030489436615 -146.6647313615368 -146.3945079699277
 Davidson iteration 59.19 (tol=0.02264174690013392): -147.2264775932479 -147.0031485373551 -146.6670150378676 -146.4342698420828
 Davidson iteration 60.0 (tol=0.02264174689971881): -147.2264777213338
 Davidson iteration 60.1 (tol=0.0226389665211225): -147.2264777213355 -142.9941165743221
 Davidson iteration 60.2 (tol=0.02263905929408978): -147.2264777213395 -143.8979298403977 -142.982589994434
 Davidson iteration 60.3 (tol=0.02263878072390463): -147.2264777225044 -144.2868226589752 -143.8941545803625 -142.9749064426474
 Davidson iteration 60.4 (tol=0.0226388623350475): -147.2264777234764 -144.2870306828298 -144.2230891078246 -143.5679385832507
 Davidson iteration 60.5 (tol=0.0226389035538309): -147.2264777236068 -144.781179274167 -144.2764525690727 -143.7840842906697
 Davidson iteration 60.6 (tol=0.02263932774464322): -147.2264777321058 -145.941228748583 -144.2766599309579 -143.9359246477741
 Davidson iteration 60.7 (tol=0.02263933949845885): -147.2264777357213 -146.2861473681367 -144.2815982267796 -144.0826296655902
 Davidson iteration 60.8 (tol=0.02263935153284013): -147.2264777359237 -146.4237996269572 -144.4840763793294 -144.2546847142797
 Davidson iteration 60.9 (tol=0.02263934533292558): -147.2264777360474 -146.5053667401159 -145.4589305567862 -144.2833708149072
 Davidson iteration 60.10 (tol=0.02263930646649305): -147.2264777361184 -146.7038751020703 -146.1983958918064 -144.2837884407305
 Davidson iteration 60.11 (tol=0.02263972545148193): -147.2264777378812 -146.8632194884168 -146.3503913867551 -144.6106472363919
 Davidson iteration 60.12 (tol=0.02264034290254122): -147.2264777408554 -146.9339345036256 -146.4198573127342 -145.4291101868999
 Davidson iteration 60.13 (tol=0.02264032989582935): -147.2264777410191 -146.9858340084421 -146.5088410147764 -146.0236107185783
 Davidson iteration 60.14 (tol=0.0226404495514888): -147.2264777413485 -146.999026475291 -146.5549291708358 -146.139723052952
 Davidson iteration 60.15 (tol=0.02264075735382714): -147.2264777435731 -147.0018628597007 -146.5699844059972 -146.1790371928007
 Davidson iteration 60.16 (tol=0.02264196672354601): -147.2264777555087 -147.0027384706835 -146.5823025271167 -146.2223789533573
 Davidson iteration 60.17 (tol=0.02264213802719011): -147.2264777637945 -147.0031091757438 -146.5991739524246 -146.3150161867005
 Davidson iteration 60.18 (tol=0.02264240091586275): -147.2264777645666 -147.0031970881409 -146.6140562670791 -146.3859970441943
 Davidson iteration 60.19 (tol=0.02264410729697979): -147.2264777775263 -147.0032422266133 -146.628509066908 -146.4440201394273
 Davidson iteration 61.0 (tol=0.0226441072978109): -147.2264777528128
 Davidson iteration 61.1 (tol=0.02264514286206054): -147.226477752813 -142.9940152249396
 Davidson iteration 61.2 (tol=0.02264540346067836): -147.2264777528445 -143.8947506538249 -142.9813199698305
 Davidson iteration 61.3 (tol=0.02264531862138944): -147.2264777528967 -144.2511265647392 -143.8885416677681 -142.9723472598273
 Davidson iteration 61.4 (tol=0.02264531883647888): -147.2264777528968 -144.2513728559435 -144.079399043096 -143.5185630300261
 Davidson iteration 61.5 (tol=0.02264533197163997): -147.2264777529069 -144.4303329133974 -144.2513147508231 -143.7362778430661
 Davidson iteration 61.6 (tol=0.02264524548748735): -147.226477753462 -145.7481663312997 -144.2626200922007 -143.937301644707
 Davidson iteration 61.7 (tol=0.02264518763736955): -147.2264777537749 -146.3736917932487 -144.2632893286836 -144.1089851733206
 Davidson iteration 61.8 (tol=0.02264541795978161): -147.2264777547146 -146.6131461161637 -144.6032881533291 -144.2468286107329
 Davidson iteration 61.9 (tol=0.02264541366017247): -147.2264777547483 -146.7452592336421 -145.5986552856345 -144.3297102237873
 Davidson iteration 61.10 (tol=0.02264552439016655): -147.2264777550386 -146.9125160603872 -146.2368027345597 -144.3340896216311
 Davidson iteration 61.11 (tol=0.02264579785839812): -147.226477755728 -146.9722533939032 -146.3848128840995 -144.3856739526298
 Davidson iteration 61.12 (tol=0.02264583212521637): -147.2264777558563 -146.9889226481296 -146.4424503629446 -144.9259887783707
 Davidson iteration 61.13 (tol=0.02264581812667847): -147.2264777559232 -146.9978042874768 -146.5126195037637 -145.8597320188209
 Davidson iteration 61.14 (tol=0.02264585384638259): -147.226477756182 -147.0019575542909 -146.5986329733566 -146.1620492619803
 Davidson iteration 61.15 (tol=0.02264589706035393): -147.2264777563959 -147.0028324802132 -146.6250683076515 -146.2244147494384
 Davidson iteration 61.16 (tol=0.02264589835626366): -147.2264777564885 -147.0030416663219 -146.635198036914 -146.2518592871226
 Davidson iteration 61.17 (tol=0.02264595570793866): -147.226477756605 -147.0031519029265 -146.6439146590391 -146.303436161575
 Davidson iteration 61.18 (tol=0.02264629063612808): -147.2264777585962 -147.0031844234396 -146.6526243795234 -146.3700503064603
 Davidson iteration 61.19 (tol=0.02264636412434863): -147.2264777609658 -147.0032012325539 -146.6577866205276 -146.4458586224511
 Davidson iteration 62.0 (tol=0.02264636412395838): -147.2264777460182
 Davidson iteration 62.1 (tol=0.02264656939549563): -147.2264777460182 -142.9939553011033
 Davidson iteration 62.2 (tol=0.02264661624212141): -147.2264777460193 -143.9048054037462 -142.9813087572576
 Davidson iteration 62.3 (tol=0.02264660982846224): -147.2264777460196 -144.3082488435863 -143.8931283874095 -142.9722575208514
 Davidson iteration 62.4 (tol=0.02264660829208721): -147.2264777460214 -144.314100503385 -144.0630768473987 -143.4821078963826
 Davidson iteration 62.5 (tol=0.02264662601802963): -147.2264777460373 -144.375139974474 -144.2649076187165 -143.6884664863747
 Davidson iteration 62.6 (tol=0.02264656773079459): -147.2264777461255 -145.4495784187163 -144.3412394982609 -143.9122412095275
 Davidson iteration 62.7 (tol=0.02264652518512402): -147.2264777462632 -146.1907669090278 -144.3430724853255 -144.076879401853
 Davidson iteration 62.8 (tol=0.02264664054738327): -147.2264777466365 -146.4663740179767 -144.4574634967787 -144.3077480334744
 Davidson iteration 62.9 (tol=0.02264665195025563): -147.2264777466416 -146.6217128696032 -145.4183766008587 -144.3635572085799
 Davidson iteration 62.10 (tol=0.02264677435794842): -147.226477747048 -146.8250287504281 -146.1342008847294 -144.3650509472092
 Davidson iteration 62.11 (tol=0.02264680949480287): -147.2264777470749 -146.9385082619658 -146.3152931090542 -144.3905255101512
 Davidson iteration 62.12 (tol=0.02264683803741458): -147.2264777471644 -146.9725737154546 -146.3933912950122 -145.063806205047
 Davidson iteration 62.13 (tol=0.02264685596849752): -147.2264777476173 -146.9911220794767 -146.491689460232 -145.8945802498699
 Davidson iteration 62.14 (tol=0.02264685565496515): -147.2264777477015 -146.9998591553635 -146.5918162158368 -146.1199222849451
 Davidson iteration 62.15 (tol=0.02264685413154558): -147.2264777477026 -147.002403429008 -146.6302580501874 -146.1842020788516
 Davidson iteration 62.16 (tol=0.02264706558401095): -147.2264777481612 -147.0028324184523 -146.6407559266442 -146.2063803255512
 Davidson iteration 62.17 (tol=0.02264881034085067): -147.2264777545087 -147.0030782540638 -146.6502374482536 -146.2427245813467
 Davidson iteration 62.18 (tol=0.0226555121058965): -147.226477776589 -147.0031518090417 -146.6555967423439 -146.2946915163033
 Davidson iteration 62.19 (tol=0.02268386504179828): -147.2264778779694 -147.0031823418722 -146.6606127409278 -146.3670987298108
 Davidson iteration 63.0 (tol=0.02268386501871816): -147.2264774895608
 Davidson iteration 63.1 (tol=0.02263087926890293): -147.2264774901884 -142.9942738162435
 Davidson iteration 63.2 (tol=0.02263509948423486): -147.2264774950737 -143.6848814768583 -142.9849613449321
 Davidson iteration 63.3 (tol=0.02263690081459927): -147.2264775121993 -144.0404861868123 -143.2450410388575 -142.9775618304929
 Davidson iteration 63.4 (tol=0.02263730298510134): -147.2264775179064 -144.9015313210047 -143.6997573575472 -143.2335806342474
 Davidson iteration 63.5 (tol=0.02263803928806738): -147.226477523579 -145.813045427602 -143.8476679959558 -143.265567144078
 Davidson iteration 63.6 (tol=0.02264048140643091): -147.2264775556167 -146.4315423494265 -143.9638224951256 -143.4556079756942
 Davidson iteration 63.7 (tol=0.02263999746056303): -147.2264775569458 -146.5208787195589 -144.0927674788575 -143.7142753963898
 Davidson iteration 63.8 (tol=0.02264154727750207): -147.2264775628901 -146.5619959313697 -144.6156928485121 -143.8282864983275
 Davidson iteration 63.9 (tol=0.02264158122966929): -147.2264775630691 -146.5887599349414 -145.5770757190104 -144.0525544274466
 Davidson iteration 63.10 (tol=0.02264162696928006): -147.2264775632109 -146.6430871871218 -146.2911352008494 -144.1811266434699
 Davidson iteration 63.11 (tol=0.02264190684032575): -147.2264775640253 -146.7247343141249 -146.463852876738 -144.544497112514
 Davidson iteration 63.12 (tol=0.02264196068278229): -147.2264775641736 -146.8405102120955 -146.5468861972791 -145.6037420217488
 Davidson iteration 63.13 (tol=0.02264198194804306): -147.2264775642001 -146.9375695259515 -146.5875941641505 -146.1181013026405
 Davidson iteration 63.14 (tol=0.02264198058226127): -147.2264775642073 -146.980378161068 -146.6158173336171 -146.2830191861954
 Davidson iteration 63.15 (tol=0.02264208318934419): -147.2264775648717 -146.9943085507101 -146.6291093622046 -146.3585092663455
 Davidson iteration 63.16 (tol=0.02264206000892988): -147.2264775650419 -147.0007133955543 -146.6479626542796 -146.4328777229054
 Davidson iteration 63.17 (tol=0.02264205081491715): -147.2264775650953 -147.0026714297855 -146.6591037485098 -146.4728692586868
 Davidson iteration 63.18 (tol=0.0226420681382637): -147.2264775651016 -147.0030289456927 -146.6642072577276 -146.4860451789825
 Davidson iteration 63.19 (tol=0.02264385619187246): -147.2264775780967 -147.0031733629531 -146.6674518678954 -146.5004825333565
 Davidson iteration 64.0 (tol=0.02264385619137308): -147.2264777403299
 Davidson iteration 64.1 (tol=0.02264453085856503): -147.22647774033 -142.9948586391489
 Davidson iteration 64.2 (tol=0.02264420862702457): -147.2264777403835 -143.8770897656399 -142.9816400277517
 Davidson iteration 64.3 (tol=0.02264418060064872): -147.226477740388 -144.1722483528264 -143.8770456872211 -142.9728298438662
 Davidson iteration 64.4 (tol=0.02264417896954962): -147.2264777403923 -144.1723468390847 -144.0394730840453 -143.474233800839
 Davidson iteration 64.5 (tol=0.0226443133029181): -147.2264777407577 -144.2805956023584 -144.1713121972107 -143.6704450678288
 Davidson iteration 64.6 (tol=0.02264416987955919): -147.2264777416605 -145.2268492592338 -144.1891436857049 -143.8948726662028
 Davidson iteration 64.7 (tol=0.02264406937877437): -147.2264777420723 -146.012042169965 -144.1896894977695 -144.0826451972942
 Davidson iteration 64.8 (tol=0.02264440445606965): -147.2264777435773 -146.3997505008545 -144.4437694864444 -144.1687962531595
 Davidson iteration 64.9 (tol=0.02264451628990724): -147.2264777442911 -146.5788942101308 -145.0347482511314 -144.2983676685128
 Davidson iteration 64.10 (tol=0.02264451695347512): -147.226477744291 -146.7498679014762 -145.8275350973705 -144.3046952275348
 Davidson iteration 64.11 (tol=0.02264469786015351): -147.2264777449531 -146.8789852570592 -146.2340650765973 -144.4947248343809
 Davidson iteration 64.12 (tol=0.02264470433922909): -147.2264777450428 -146.9583874698165 -146.4323434417664 -145.0124681382437
 Davidson iteration 64.13 (tol=0.02264494132101169): -147.226477745635 -146.9919752063674 -146.5211247908535 -145.4081416416368
 Davidson iteration 64.14 (tol=0.02264493225376504): -147.226477745666 -147.0003193231924 -146.5567686804297 -145.5782522232088
 Davidson iteration 64.15 (tol=0.02264502639635523): -147.2264777466032 -147.0022380741831 -146.5703771210721 -145.7556566198581
 Davidson iteration 64.16 (tol=0.02264505469970805): -147.2264777466692 -147.0027870231985 -146.583709215828 -146.0840763586752
 Davidson iteration 64.17 (tol=0.02264501977577401): -147.226477746817 -147.0031023202046 -146.6115823089021 -146.3943556081742
 Davidson iteration 64.18 (tol=0.02264576918132864): -147.2264777648188 -147.0031550922911 -146.6310509040466 -146.4557172933374
 Davidson iteration 64.19 (tol=0.0226440811284311): -147.2264777758791 -147.0031742288589 -146.64091993897 -146.4802004654881
 Davidson iteration 65.0 (tol=0.02264408112732356): -147.2264777447697
 Davidson iteration 65.1 (tol=0.02264585931212561): -147.2264777447704 -142.9944909235952
 Davidson iteration 65.2 (tol=0.02264559003013634): -147.2264777448066 -143.9154544672779 -142.982346036698
 Davidson iteration 65.3 (tol=0.02264551251260238): -147.2264777448478 -144.3470878069895 -143.9010474759967 -142.9742317718335
 Davidson iteration 65.4 (tol=0.02264552129164039): -147.2264777450335 -144.3492348736118 -144.122840650025 -143.5448933830237
 Davidson iteration 65.5 (tol=0.02264570478737891): -147.2264777456029 -144.6917912826954 -144.3472327563687 -143.7882194515765
 Davidson iteration 65.6 (tol=0.02264571122152203): -147.226477748708 -146.0832246627082 -144.3761747069084 -143.9546465493733
 Davidson iteration 65.7 (tol=0.02264576451892423): -147.2264777513444 -146.517733078264 -144.3779219109604 -144.1250426322991
 Davidson iteration 65.8 (tol=0.02264595932759281): -147.226477752216 -146.6461390707008 -144.566010235171 -144.3621092504158
 Davidson iteration 65.9 (tol=0.02264593962127803): -147.2264777523382 -146.7179666862686 -145.8360060844958 -144.3891434465799
 Davidson iteration 65.10 (tol=0.0226459332483935): -147.2264777525105 -146.8567960570771 -146.4332866654548 -144.3891443044155
 Davidson iteration 65.11 (tol=0.02264610558223446): -147.2264777530458 -146.9566641996769 -146.5560941864719 -144.4548217399106
 Davidson iteration 65.12 (tol=0.02264611210682051): -147.226477753059 -146.9873174174982 -146.5875432650594 -145.008602696534
 Davidson iteration 65.13 (tol=0.0226461318247804): -147.2264777530974 -146.9977858087995 -146.6112827414752 -145.7274089213495
 Davidson iteration 65.14 (tol=0.0226461395239523): -147.2264777532016 -147.001085650299 -146.6243945946796 -146.0545981919454
 Davidson iteration 65.15 (tol=0.02264614943419449): -147.2264777534184 -147.0025660295933 -146.6413477831909 -146.3077177948734
 Davidson iteration 65.16 (tol=0.02264616710539646): -147.2264777535539 -147.0030304225989 -146.654130189576 -146.4186745747985
 Davidson iteration 65.17 (tol=0.02264624688350146): -147.2264777542856 -147.0032004040598 -146.6665006632909 -146.4799254244172
 Davidson iteration 65.18 (tol=0.0226468730591405): -147.2264777578637 -147.0032187295729 -146.6696590850479 -146.4907971908143
 Davidson iteration 65.19 (tol=0.0226506733796387): -147.2264777782223 -147.003224889273 -146.6705395571252 -146.4963304722399
 Davidson iteration 66.0 (tol=0.02265067337643843): -147.2264777083638
 Davidson iteration 66.1 (tol=0.0226439791170314): -147.2264777083738 -142.9941867737289
 Davidson iteration 66.2 (tol=0.02264406149446173): -147.2264777083769 -143.9011637905279 -142.9817242849793
 Davidson iteration 66.3 (tol=0.02264390491617419): -147.2264777086267 -144.2612056889177 -143.8890129124605 -142.9726229699352
 Davidson iteration 66.4 (tol=0.02264389942392831): -147.2264777086708 -144.2666861659499 -144.0232483017412 -143.4290863181654
 Davidson iteration 66.5 (tol=0.02264389930855934): -147.2264777086707 -144.2913208087677 -144.1690751960526 -143.6382571700489
 Davidson iteration 66.6 (tol=0.02264384147625013): -147.2264777090642 -145.253243938979 -144.2811249510893 -143.9215479391971
 Davidson iteration 66.7 (tol=0.02264382702921438): -147.2264777090677 -146.2909933830838 -144.2893646782065 -144.1036585406384
 Davidson iteration 66.8 (tol=0.02264399174188625): -147.2264777097203 -146.6858509095224 -144.4499601960887 -144.2479389533885
 Davidson iteration 66.9 (tol=0.02264407435927484): -147.2264777105648 -146.8140883251199 -145.1164071040196 -144.3767871040433
 Davidson iteration 66.10 (tol=0.02264408108845216): -147.2264777105657 -146.9268365325149 -146.0600715045632 -144.3817393089729
 Davidson iteration 66.11 (tol=0.02264407666910005): -147.2264777105673 -146.9823916806064 -146.3799458153771 -144.3830816509368
 Davidson iteration 66.12 (tol=0.02264407024933179): -147.2264777105744 -146.9958120314337 -146.4550490599383 -144.5071287159991
 Davidson iteration 66.13 (tol=0.0226442142273465): -147.2264777111315 -147.0004154859073 -146.5064298218325 -145.2427316963594
 Davidson iteration 66.14 (tol=0.0226442465692643): -147.2264777111788 -147.00243897543 -146.5580061401715 -145.839987392513
 Davidson iteration 66.15 (tol=0.02264436344518173): -147.2264777116197 -147.0029721771128 -146.590334150942 -146.0780643179777
 Davidson iteration 66.16 (tol=0.02264438437072511): -147.2264777126872 -147.0031007879178 -146.6023336128363 -146.1744298128387
 Davidson iteration 66.17 (tol=0.02264499980345923): -147.2264777204318 -147.0031524621214 -146.6281838764747 -146.3375460644964
 Davidson iteration 66.18 (tol=0.02264530434813525): -147.2264777214801 -147.0031654396292 -146.6434458561551 -146.4175613633827
 Davidson iteration 66.19 (tol=0.02264557813369262): -147.2264777248151 -147.0031691513423 -146.6577788437752 -146.4619509208063
 Davidson iteration 67.0 (tol=0.02264557813377862): -147.2264777430368
 Davidson iteration 67.1 (tol=0.0226449341178522): -147.226477743037 -142.9941536549518
 Davidson iteration 67.2 (tol=0.02264504024525183): -147.2264777430423 -143.9102858965003 -142.9815313137323
 Davidson iteration 67.3 (tol=0.02264504012046441): -147.2264777430424 -144.345247469783 -143.8908894520059 -142.9723133394874
 Davidson iteration 67.4 (tol=0.02264503816398445): -147.226477743046 -144.3558819380442 -144.0297234234702 -143.4395995467924
 Davidson iteration 67.5 (tol=0.02264504193323678): -147.2264777430468 -144.3885790162341 -144.1917054166284 -143.6550575772363
 Davidson iteration 67.6 (tol=0.02264500885162628): -147.2264777430717 -145.3030562840182 -144.3834585329398 -143.9148538140535
 Davidson iteration 67.7 (tol=0.02264496619134899): -147.2264777431782 -146.231067843582 -144.3896050695495 -144.083104353586
 Davidson iteration 67.8 (tol=0.02264497595398773): -147.2264777431919 -146.5811863516445 -144.4483912062344 -144.376608730552
 Davidson iteration 67.9 (tol=0.0226450478147704): -147.2264777432807 -146.7503032697874 -145.5733399942179 -144.3869845822429
 Davidson iteration 67.10 (tol=0.02264504943256425): -147.2264777432968 -146.8975288896752 -146.2090333624285 -144.3990607636115
 Davidson iteration 67.11 (tol=0.02264503900786691): -147.2264777433092 -146.9702256172005 -146.3745227026343 -144.3995304353558
 Davidson iteration 67.12 (tol=0.02264504354783127): -147.2264777433185 -146.9902843480993 -146.4367222141993 -144.8156235037905
 Davidson iteration 67.13 (tol=0.02264505122205478): -147.2264777434165 -146.9987788939912 -146.5021601020848 -145.7770702271605
 Davidson iteration 67.14 (tol=0.02264505728282531): -147.2264777434682 -147.0018560815034 -146.5627306322468 -146.0689728556354
 Davidson iteration 67.15 (tol=0.02264519724143937): -147.2264777440363 -147.0029407331495 -146.5970898278016 -146.1836719656096
 Davidson iteration 67.16 (tol=0.022645199898992): -147.2264777440439 -147.0030834880871 -146.6091754337919 -146.2289558358763
 Davidson iteration 67.17 (tol=0.02264515280857803): -147.2264777444266 -147.003158668905 -146.6289100484521 -146.3222447945159
 Davidson iteration 67.18 (tol=0.02264444413361262): -147.2264777504932 -147.0031840384443 -146.6528084558669 -146.4393875327569
 Davidson iteration 67.19 (tol=0.02264506211125262): -147.2264778173865 -147.0031868848904 -146.6633856338604 -146.4669281254219
 Davidson iteration 68.0 (tol=0.02264506210137499): -147.2264777231111
 Davidson iteration 68.1 (tol=0.02263401149722176): -147.2264777231384 -142.9937043613206
 Davidson iteration 68.2 (tol=0.02263874593886377): -147.2264777291749 -143.6945656565815 -142.9830754342731
 Davidson iteration 68.3 (tol=0.02263996384337036): -147.2264777423058 -143.9554467451452 -143.403624204608 -142.9730581399724
 Davidson iteration 68.4 (tol=0.02264000071578014): -147.2264777433755 -144.2349756716297 -143.5583851735845 -143.3984608587658
 Davidson iteration 68.5 (tol=0.02264006342488897): -147.2264777436698 -144.9532978586847 -143.8093288079438 -143.4548409554571
 Davidson iteration 68.6 (tol=0.02264125253874715): -147.2264777531055 -146.16657332564 -143.9494968570356 -143.5215333984937
 Davidson iteration 68.7 (tol=0.02264089629735063): -147.2264777551355 -146.4522287970786 -144.0320267443619 -143.7385497900754
 Davidson iteration 68.8 (tol=0.02264175672094125): -147.2264777588079 -146.5576489723834 -144.3658897270601 -143.8621294857671
 Davidson iteration 68.9 (tol=0.02264199314459786): -147.2264777599868 -146.5897471636412 -144.9244918756016 -144.1231630889148
 Davidson iteration 68.10 (tol=0.02264263310216238): -147.2264777619518 -146.6228774952332 -145.7769199380122 -144.1517051697488
 Davidson iteration 68.11 (tol=0.02264289801765186): -147.2264777625326 -146.6476653665273 -146.1067243575906 -144.1862404235175
 Davidson iteration 68.12 (tol=0.0226432482190338): -147.2264777635681 -146.6560590464414 -146.2093637386719 -144.3069166913348
 Davidson iteration 68.13 (tol=0.02264361011666846): -147.2264777647997 -146.6610754579776 -146.25783828365 -144.6995234519243
 Davidson iteration 68.14 (tol=0.02264384327538855): -147.2264777660046 -146.664049610175 -146.3350864988734 -145.763720841934
 Davidson iteration 68.15 (tol=0.02264383469291825): -147.2264777660464 -146.6704869364297 -146.4410885182674 -146.0358393717927
 Davidson iteration 68.16 (tol=0.02264396941547394): -147.2264777666298 -146.674236532898 -146.5224782709095 -146.1276243671654
 Davidson iteration 68.17 (tol=0.02264414490097875): -147.2264777669821 -146.6870425205513 -146.6006477598879 -146.2464394021289
 Davidson iteration 68.18 (tol=0.02264444319035937): -147.2264777681731 -146.898653114395 -146.6676282980509 -146.4407462715139
 Davidson iteration 68.19 (tol=0.02264626891755681): -147.2264777804959 -146.9824383821707 -146.6700435219613 -146.4732585920313
 Davidson iteration 69.0 (tol=0.02264626891754034): -147.2264777420926
 Davidson iteration 69.1 (tol=0.0226464425720038): -147.2264777420926 -142.9942078742605
 Davidson iteration 69.2 (tol=0.02264637113260062): -147.2264777420951 -143.9068523123721 -142.9824032799304
 Davidson iteration 69.3 (tol=0.02264630686571749): -147.2264777421218 -144.3147976167796 -143.8904603162187 -142.9735075167196
 Davidson iteration 69.4 (tol=0.02264630280191842): -147.2264777421286 -144.3187459990961 -144.0931049190901 -143.533257749011
 Davidson iteration 69.5 (tol=0.02264634309773195): -147.2264777421742 -144.8131888204082 -144.3167937273707 -143.8295775668686
 Davidson iteration 69.6 (tol=0.02264629436699165): -147.2264777428424 -146.5778700750221 -144.3347866609467 -143.9803216273719
 Davidson iteration 69.7 (tol=0.02264623709657312): -147.2264777431895 -146.9263422233542 -144.3361084924714 -144.1377390271169
 Davidson iteration 69.8 (tol=0.02264658434599262): -147.2264777441547 -146.9831958856645 -144.5686611867991 -144.3151758906257
 Davidson iteration 69.9 (tol=0.02264663554171035): -147.2264777449001 -146.9961162516313 -145.3256256815903 -144.3967096981521
 Davidson iteration 69.10 (tol=0.02264669352701588): -147.226477745094 -147.0013279753643 -145.9469718290269 -144.4093303029634
 Davidson iteration 69.11 (tol=0.02264673012947324): -147.226477745125 -147.0026239819989 -146.1819176688834 -144.4248883968816
 Davidson iteration 69.12 (tol=0.02264678171838091): -147.2264777452471 -147.0028946387249 -146.2666642312581 -144.5550958673054
 Davidson iteration 69.13 (tol=0.0226469243005018): -147.2264777456361 -147.0029451905037 -146.3473474326544 -145.469789934414
 Davidson iteration 69.14 (tol=0.02264690840532627): -147.2264777457463 -147.0029574101703 -146.4716519759199 -145.9216556728139
 Davidson iteration 69.15 (tol=0.02264692107584175): -147.2264777467332 -147.0029632349959 -146.5436226075032 -146.0435277071779
 Davidson iteration 69.16 (tol=0.02264909231718638): -147.226477759394 -147.0029646697949 -146.5634945200077 -146.0803450569222
 Davidson iteration 69.17 (tol=0.02265703926269062): -147.2264778437587 -147.0029660924499 -146.5839623683868 -146.1590574494611
 Davidson iteration 69.18 (tol=0.02269731200325771): -147.2264782811624 -147.0029724264012 -146.6130594343823 -146.3234986580289
 Davidson iteration 69.19 (tol=0.02287430094506939): -147.2264800989057 -147.0029753608052 -146.6387112635484 -146.4158967779461
 Davidson iteration 70.0 (tol=0.02287429995456142): -147.2264747979072
 Davidson iteration 70.1 (tol=0.02235333985086831): -147.2264748588577 -143.03870204476
 Davidson iteration 70.2 (tol=0.02240331292822734): -147.2264749725339 -143.5017505810316 -142.9819749193134
 Davidson iteration 70.3 (tol=0.02247607623923463): -147.2264754122841 -145.1982821094666 -143.0228562036821 -142.5821217092513
 Davidson iteration 70.4 (tol=0.02255557956749351): -147.2264762394474 -146.2541359286252 -143.5994509024401 -142.9959263916463
 Davidson iteration 70.5 (tol=0.02255252810612883): -147.2264764798521 -146.5332219524418 -143.8658338682528 -143.0330430766124
 Davidson iteration 70.6 (tol=0.02255080780767545): -147.2264765065738 -146.5885541929719 -144.0950152150137 -143.4566974436325
 Davidson iteration 70.7 (tol=0.02255092131857599): -147.2264765065958 -146.6080056612307 -144.7355056930919 -143.7759765250555
 Davidson iteration 70.8 (tol=0.02255197088912477): -147.2264765216784 -146.6246898183724 -145.7319762073373 -143.8545305403929
 Davidson iteration 70.9 (tol=0.02256317146078435): -147.2264765971695 -146.6358322064675 -146.0683645290841 -143.9842081406879
 Davidson iteration 70.10 (tol=0.02256260460659081): -147.2264766023075 -146.641418455506 -146.1894575288386 -144.1946431897269
 Davidson iteration 70.11 (tol=0.02256260675935385): -147.2264766023108 -146.6446776740089 -146.2910330389246 -144.9107850692216
 Davidson iteration 70.12 (tol=0.02256282983906368): -147.2264766051335 -146.6502969345686 -146.4119538830717 -145.6845484671175
 Davidson iteration 70.13 (tol=0.02256473649549222): -147.2264766147713 -146.6569633580553 -146.522438585218 -145.9461868508103
 Davidson iteration 70.14 (tol=0.02256538750455263): -147.2264766170426 -146.6753871683627 -146.596311708844 -146.1138669131876
 Davidson iteration 70.15 (tol=0.02256583225941959): -147.2264766183911 -146.8143711462759 -146.6459486707306 -146.3835146598912
 Davidson iteration 70.16 (tol=0.02256618496676904): -147.2264766218016 -146.9786966355537 -146.6522867958587 -146.4750642797681
 Davidson iteration 70.17 (tol=0.02256639606953397): -147.2264766223171 -146.9981846585347 -146.6537184123625 -146.4854333232686
 Davidson iteration 70.18 (tol=0.02257197136706588): -147.2264766676086 -147.0020541535239 -146.6537929927416 -146.4887990859753
 Davidson iteration 70.19 (tol=0.02258554193331358): -147.2264768065046 -147.0029131597169 -146.654161568507 -146.4904346802563
 Davidson iteration 71.0 (tol=0.02258554190992368): -147.2264778337212
 Davidson iteration 71.1 (tol=0.02260546864317954): -147.22647783381 -142.9955792364128
 Davidson iteration 71.2 (tol=0.0226068033645422): -147.2264778345859 -143.7332591095871 -142.9872265414257
 Davidson iteration 71.3 (tol=0.0226072744830822): -147.2264778464128 -144.0049218006162 -143.3972555170553 -142.9766255681672
 Davidson iteration 71.4 (tol=0.02260861690098023): -147.2264778562752 -144.5847913078381 -143.7463571098314 -143.3916131904051
 Davidson iteration 71.5 (tol=0.02260856923888098): -147.2264778563902 -145.3389330203555 -143.8071397913481 -143.62539239568
 Davidson iteration 71.6 (tol=0.02261008452016301): -147.2264778718184 -146.0402997772252 -143.9353250475041 -143.633491178835
 Davidson iteration 71.7 (tol=0.02261039523736828): -147.2264778848596 -146.2652633493168 -144.0789056990352 -143.7407734561602
 Davidson iteration 71.8 (tol=0.0226118784122201): -147.2264778937209 -146.4229440267366 -145.2762171616839 -143.8260424210613
 Davidson iteration 71.9 (tol=0.02261268863070587): -147.2264778969312 -146.7223309430792 -146.044476806946 -144.015241697802
 Davidson iteration 71.10 (tol=0.02261264108721218): -147.2264778971291 -146.9309605276593 -146.1982990673466 -144.1346150642416
 Davidson iteration 71.11 (tol=0.02261284192741543): -147.2264778976559 -146.9720242834088 -146.2416262637269 -144.5687137474949
 Davidson iteration 71.12 (tol=0.0226130047836725): -147.2264778988875 -146.9898027167436 -146.3252366468717 -145.8083885110594
 Davidson iteration 71.13 (tol=0.02261295138343218): -147.2264778989712 -146.9991265796076 -146.4886302348163 -146.1119878530936
 Davidson iteration 71.14 (tol=0.02261335336856339): -147.226477900405 -147.0022819587977 -146.5884230118897 -146.160704899403
 Davidson iteration 71.15 (tol=0.02261398098269787): -147.2264779051782 -147.0029131140985 -146.6111445956479 -146.1724799868227
 Davidson iteration 71.16 (tol=0.02261407072701254): -147.2264779109532 -147.0032242457969 -146.6332040531211 -146.1955010157653
 Davidson iteration 71.17 (tol=0.02261391095104209): -147.2264779121308 -147.0032863816125 -146.6467707323876 -146.2294694596833
 Davidson iteration 71.18 (tol=0.02261479910711516): -147.2264779177432 -147.0033007538492 -146.655347317426 -146.2795249676875
 Davidson iteration 71.19 (tol=0.0226215678659353): -147.2264779850943 -147.0033039004264 -146.662147411327 -146.3604251899456
 Davidson iteration 72.0 (tol=0.02262156786474756): -147.2264777326789
 Davidson iteration 72.1 (tol=0.02261820153855887): -147.2264777326814 -142.9969941489045
 Davidson iteration 72.2 (tol=0.02261943334131673): -147.2264777333517 -143.7580609021928 -142.9852098883026
 Davidson iteration 72.3 (tol=0.02261929481015349): -147.2264777370889 -143.9673054883212 -143.5135953421259 -142.9759673365293
 Davidson iteration 72.4 (tol=0.02261968347240455): -147.2264777401117 -144.2352044405529 -143.7279555285404 -143.4453778915873
 Davidson iteration 72.5 (tol=0.02261974825753811): -147.2264777403642 -144.8561406061253 -143.8045590916692 -143.6508383141791
 Davidson iteration 72.6 (tol=0.02261989714296141): -147.2264777437546 -145.9760800619715 -143.9440985832786 -143.6580485528672
 Davidson iteration 72.7 (tol=0.02262047852580942): -147.2264777539226 -146.3205322059517 -144.0610823052809 -143.7126927543042
 Davidson iteration 72.8 (tol=0.02262188643888114): -147.2264777608007 -146.4730750845006 -144.5544644541282 -143.7821086630798
 Davidson iteration 72.9 (tol=0.0226236904823457): -147.2264777692106 -146.5617935457411 -145.3941613278469 -144.0525648955783
 Davidson iteration 72.10 (tol=0.0226236218454742): -147.2264777695081 -146.7129316616939 -146.1503366559638 -144.1632122353941
 Davidson iteration 72.11 (tol=0.02262394546396798): -147.2264777712996 -146.8681308995042 -146.3818651827969 -144.5444495078995
 Davidson iteration 72.12 (tol=0.02262497005554577): -147.2264777758142 -146.958831628768 -146.4847542678209 -145.2897065123566
 Davidson iteration 72.13 (tol=0.02262504050651188): -147.2264777758757 -146.9896357309184 -146.5252887286464 -145.6363812522207
 Davidson iteration 72.14 (tol=0.02262600758187296): -147.2264777808157 -146.9989066360325 -146.5503789826336 -145.8518295298076
 Davidson iteration 72.15 (tol=0.02262611106045593): -147.2264777815644 -147.0012063994121 -146.5616679799259 -145.9994999354704
 Davidson iteration 72.16 (tol=0.02262681762784205): -147.2264777844202 -147.0025674392741 -146.5933403107776 -146.3240911795314
 Davidson iteration 72.17 (tol=0.02262691526206197): -147.2264777851617 -147.0030550498352 -146.6265706869014 -146.4415347676162
 Davidson iteration 72.18 (tol=0.02262683539998894): -147.2264777853021 -147.0031748208564 -146.6519060948309 -146.4736383023889
 Davidson iteration 72.19 (tol=0.02264181394581013): -147.2264779129696 -147.0031926714251 -146.66340146796 -146.4877278917139
 Davidson iteration 73.0 (tol=0.0226418139390403): -147.2264776803238
 Davidson iteration 73.1 (tol=0.02262992985171694): -147.2264776803553 -142.9947833380298
 Davidson iteration 73.2 (tol=0.02263113102545546): -147.2264776809813 -143.7593849963983 -142.985025740086
 Davidson iteration 73.3 (tol=0.02263110155317385): -147.226477688116 -143.9961380926068 -143.5437167143455 -142.9754835813169
 Davidson iteration 73.4 (tol=0.02263165746005418): -147.2264776924497 -144.274665495318 -143.8302385669003 -143.3698492071459
 Davidson iteration 73.5 (tol=0.02263166102173357): -147.2264776924515 -145.0104094464993 -143.8306984036606 -143.8010575963886
 Davidson iteration 73.6 (tol=0.02263346549449266): -147.2264777086349 -146.0996365265041 -143.9813638455906 -143.8087269016259
 Davidson iteration 73.7 (tol=0.02263384907176551): -147.2264777219477 -146.4606452603446 -144.1265964238428 -143.8596573311733
 Davidson iteration 73.8 (tol=0.02263393327855848): -147.2264777228546 -146.6110343251157 -144.792725815906 -143.8750057124098
 Davidson iteration 73.9 (tol=0.02263499112341438): -147.2264777299808 -146.720653053226 -145.7250922389753 -144.0838201549221
 Davidson iteration 73.10 (tol=0.02263490200213312): -147.2264777304341 -146.8427717456117 -146.313731546785 -144.2893632007254
 Davidson iteration 73.11 (tol=0.02263530670161355): -147.2264777321928 -146.9290256105753 -146.4773324763888 -144.7446982940556
 Davidson iteration 73.12 (tol=0.02263530045529654): -147.2264777321961 -146.9816767887098 -146.579092060133 -145.4117039972168
 Davidson iteration 73.13 (tol=0.022635915789391): -147.2264777349548 -146.9964624508506 -146.6096932160614 -145.694954556195
 Davidson iteration 73.14 (tol=0.02263670555489978): -147.2264777404515 -147.0009114347216 -146.6297298281948 -145.9008821874563
 Davidson iteration 73.15 (tol=0.02263722097431102): -147.2264777445129 -147.0024448287867 -146.6420135062893 -146.1297687720369
 Davidson iteration 73.16 (tol=0.02263786911360265): -147.2264777461803 -147.0030714606041 -146.6552468918208 -146.329124546973
 Davidson iteration 73.17 (tol=0.02263786235235683): -147.2264777461906 -147.0032062897062 -146.6645440790743 -146.4161414653257
 Davidson iteration 73.18 (tol=0.02263791429233008): -147.2264777473263 -147.0032225569318 -146.6674932946154 -146.4411343751698
 Davidson iteration 73.19 (tol=0.02264064118199242): -147.2264777659701 -147.0032273133866 -146.6703832624711 -146.4669143530708
 Davidson iteration 74.0 (tol=0.0226406411818753): -147.2264777469433
 Davidson iteration 74.1 (tol=0.02264077219059163): -147.2264777469433 -142.9942114872663
 Davidson iteration 74.2 (tol=0.02264105314052026): -147.2264777469825 -143.8351638445695 -142.9813077001197
 Davidson iteration 74.3 (tol=0.02264085418226386): -147.2264777472873 -144.0362565400059 -143.8041990997258 -142.9714696291212
 Davidson iteration 74.4 (tol=0.02264084648904536): -147.2264777473238 -144.0807020786684 -143.9869448822871 -143.4221639200941
 Davidson iteration 74.5 (tol=0.02264083983639084): -147.2264777475222 -144.2879332143669 -143.9949659893188 -143.6568094404944
 Davidson iteration 74.6 (tol=0.0226408333386257): -147.226477747523 -145.2297869532424 -143.9969064190708 -143.8807165618085
 Davidson iteration 74.7 (tol=0.02264077677407795): -147.2264777476008 -145.9355500327145 -144.0722495289687 -143.978995603537
 Davidson iteration 74.8 (tol=0.02264086985921286): -147.2264777478561 -146.3412252534778 -144.4779634574406 -143.9793403982105
 Davidson iteration 74.9 (tol=0.02264098888082126): -147.2264777490887 -146.6244152092382 -145.325511774394 -144.1370329850189
 Davidson iteration 74.10 (tol=0.02264112338071118): -147.2264777493349 -146.896434866261 -145.8835081385825 -144.1383963750498
 Davidson iteration 74.11 (tol=0.02264109523325006): -147.2264777494016 -146.9823223640061 -146.0702717969075 -144.2958746011801
 Davidson iteration 74.12 (tol=0.02264119619593509): -147.226477749703 -146.9973762725471 -146.137183729054 -144.565507575839
 Davidson iteration 74.13 (tol=0.0226412430949525): -147.2264777498549 -147.0014146784544 -146.1898983070402 -145.1463565224812
 Davidson iteration 74.14 (tol=0.0226414336905576): -147.2264777508763 -147.0026034815849 -146.2511316010959 -145.62678194745
 Davidson iteration 74.15 (tol=0.02264164694692543): -147.2264777531605 -147.002954931388 -146.3015471167116 -145.8325119644006
 Davidson iteration 74.16 (tol=0.02264258863776978): -147.2264777629507 -147.0030903637944 -146.3583897882907 -145.9898311433028
 Davidson iteration 74.17 (tol=0.02265039765799131): -147.2264778470893 -147.0031323709655 -146.4535800955852 -146.1287824475418
 Davidson iteration 74.18 (tol=0.02269628957673998): -147.226478253464 -147.00314814827 -146.5027848267298 -146.1671896696786
 Davidson iteration 74.19 (tol=0.02298206667227606): -147.226480712582 -147.0031582043504 -146.5232319683685 -146.1831753074831
 Davidson iteration 75.0 (tol=0.02298206525378744): -147.2264741219088
 Davidson iteration 75.1 (tol=0.02227347911966254): -147.226474234473 -143.0167338935711
 Davidson iteration 75.2 (tol=0.02233724919352568): -147.2264744156154 -143.1860646659931 -142.9220929061546
 Davidson iteration 75.3 (tol=0.02238972841997928): -147.2264747137183 -144.7371022189617 -143.0195578531658 -142.2080434762974
 Davidson iteration 75.4 (tol=0.02248373911680118): -147.2264755474518 -145.9230738828019 -143.5047478106564 -142.9884412615116
 Davidson iteration 75.5 (tol=0.0224740592413962): -147.2264757012367 -146.3405601923341 -143.8134667709413 -142.9956651944199
 Davidson iteration 75.6 (tol=0.02247289620914019): -147.2264757060578 -146.4689716094406 -144.0926340269701 -143.4013050562942
 Davidson iteration 75.7 (tol=0.0224739227632247): -147.22647570808 -146.5147664786698 -144.5616976551395 -143.7627498172159
 Davidson iteration 75.8 (tol=0.02247394505085585): -147.2264757113115 -146.5442241092335 -145.4316303494625 -143.8344933138616
 Davidson iteration 75.9 (tol=0.02248077508774763): -147.2264757727595 -146.5781594906819 -145.993686267061 -144.0217670330823
 Davidson iteration 75.10 (tol=0.02248113773183491): -147.2264757847871 -146.6152814869431 -146.3120941487341 -144.7603111602906
 Davidson iteration 75.11 (tol=0.02248173145937324): -147.2264757884719 -146.7814332375912 -146.518674503548 -145.4929303633141
 Davidson iteration 75.12 (tol=0.02248512386310944): -147.2264758192156 -146.9285198675389 -146.5532528408405 -145.8397700880849
 Davidson iteration 75.13 (tol=0.02248659245816632): -147.2264758263534 -146.9695050899921 -146.5633875431112 -146.0210725776847
 Davidson iteration 75.14 (tol=0.02248655630652416): -147.2264758348667 -146.9930993228259 -146.5782560819019 -146.2818392003789
 Davidson iteration 75.15 (tol=0.02248775314704437): -147.22647584661 -147.0001478183225 -146.5913058844248 -146.3974600506426
 Davidson iteration 75.16 (tol=0.02248949946976618): -147.2264758723063 -147.0022725072653 -146.6018935657077 -146.445108122781
 Davidson iteration 75.17 (tol=0.02249354315400741): -147.226475895417 -147.0029962328005 -146.6120826367346 -146.4764226568821
 Davidson iteration 75.18 (tol=0.02250122465007572): -147.226475964656 -147.0032773679233 -146.6214155005076 -146.5015092313001
 Davidson iteration 75.19 (tol=0.02250072757883234): -147.2264759651586 -147.0033617195357 -146.632756589595 -146.5214649244559
 Davidson iteration 76.0 (tol=0.02250072750897157): -147.226477738132
 Davidson iteration 76.1 (tol=0.02250289115031652): -147.226477738133 -143.0028471600131
 Davidson iteration 76.2 (tol=0.02250272861464493): -147.2264777381485 -143.78288814253 -142.9912128858227
 Davidson iteration 76.3 (tol=0.02250241083051089): -147.2264777397453 -143.987276785648 -143.6596856882511 -142.9835640194119
 Davidson iteration 76.4 (tol=0.02250298040100032): -147.2264777446829 -144.4434006253386 -143.84869294188 -143.5770000797207
 Davidson iteration 76.5 (tol=0.02250303339159737): -147.2264777455189 -145.2868855636077 -143.8487100043784 -143.7583289388492
 Davidson iteration 76.6 (tol=0.02250302657615761): -147.2264777506999 -146.1777220000492 -143.9054683188961 -143.803675114371
 Davidson iteration 76.7 (tol=0.02250346377588735): -147.2264777563127 -146.3917960808836 -144.1165840887509 -143.8402769366214
 Davidson iteration 76.8 (tol=0.0225042414180123): -147.2264777597913 -146.4891411637249 -144.8640154914063 -143.8411651456754
 Davidson iteration 76.9 (tol=0.02250456545593845): -147.2264777611211 -146.553670865086 -145.5087443339553 -143.9489923744417
 Davidson iteration 76.10 (tol=0.02250472952434108): -147.2264777621442 -146.6006463470487 -145.8774503828346 -144.0174936467338
 Davidson iteration 76.11 (tol=0.02250473653087914): -147.2264777621522 -146.6148522630396 -145.9979802086322 -144.2409095976521
 Davidson iteration 76.12 (tol=0.02250483546890622): -147.22647776256 -146.6277488200001 -146.1227454689421 -144.9663667233491
 Davidson iteration 76.13 (tol=0.02250475721430502): -147.2264777650032 -146.6343158050243 -146.2230165415089 -145.4166590315711
 Davidson iteration 76.14 (tol=0.02250459274890897): -147.2264777663394 -146.6399250875939 -146.3171834425698 -145.6808347995257
 Davidson iteration 76.15 (tol=0.02250732308522811): -147.2264777892342 -146.6439224291079 -146.3953962030931 -145.8999619295834
 Davidson iteration 76.16 (tol=0.02251032876693348): -147.2264778449473 -146.6588783277678 -146.5518699674499 -146.137172865444
 Davidson iteration 76.17 (tol=0.02251114705379036): -147.2264778457107 -146.7499831083767 -146.6301665746294 -146.2432195662799
 Davidson iteration 76.18 (tol=0.02252233338697968): -147.2264779292403 -146.823285046031 -146.6352011474444 -146.2988951382362
 Davidson iteration 76.19 (tol=0.02252472633714522): -147.2264779923437 -146.9413023510254 -146.6481398296268 -146.4813743557289
 Davidson iteration 77.0 (tol=0.02252472634078797): -147.2264777578758
 Davidson iteration 77.1 (tol=0.0225354406677329): -147.2264777579015 -143.0056785810278
 Davidson iteration 77.2 (tol=0.02253588387031617): -147.2264777580075 -143.843741744362 -142.9990355292653
 Davidson iteration 77.3 (tol=0.0225359518785187): -147.2264777651108 -144.4113043267578 -143.474242441857 -142.9989506333391
 Davidson iteration 77.4 (tol=0.02253995707114908): -147.2264777954074 -146.1390684266441 -143.8111681580947 -143.4530611488159
 Davidson iteration 77.5 (tol=0.02254008122816213): -147.226477808917 -146.763239536532 -143.8665421503973 -143.7149271145001
 Davidson iteration 77.6 (tol=0.02254165676887411): -147.2264778438947 -146.9324752290673 -144.1397470271564 -143.7153027825042
 Davidson iteration 77.7 (tol=0.02254169841338055): -147.2264778491641 -146.9691699287921 -145.3339435404334 -143.828333272447
 Davidson iteration 77.8 (tol=0.02254241370271505): -147.2264778529413 -146.9885271608004 -146.1756888180666 -143.8938940277309
 Davidson iteration 77.9 (tol=0.02254452760977183): -147.2264778693463 -146.9970979449827 -146.4383350018299 -144.0504886949721
 Davidson iteration 77.10 (tol=0.0225445420746135): -147.2264778701558 -146.9999734558028 -146.5377732143026 -144.4588635197078
 Davidson iteration 77.11 (tol=0.02254461731999594): -147.2264778709427 -147.000756380896 -146.5705601665661 -145.0318503283295
 Davidson iteration 77.12 (tol=0.02254488351789002): -147.2264778725219 -147.0010617030421 -146.5938792698699 -145.5900798836026
 Davidson iteration 77.13 (tol=0.02254491843493779): -147.2264778726176 -147.0011668590732 -146.6038620717627 -145.8821524881602
 Davidson iteration 77.14 (tol=0.02254561751721589): -147.2264778769722 -147.0012249566867 -146.6131557471598 -146.178978595055
 Davidson iteration 77.15 (tol=0.02254575323935517): -147.2264778822914 -147.0012428888426 -146.627160720919 -146.4159139053116
 Davidson iteration 77.16 (tol=0.02254598539832153): -147.2264778825866 -147.0012472151468 -146.6425414918061 -146.4943010655506
 Davidson iteration 77.17 (tol=0.02254968623973585): -147.2264779076621 -147.0012490824305 -146.6500385947674 -146.514124772483
 Davidson iteration 77.18 (tol=0.02255453305593534): -147.2264779605772 -147.0012510266965 -146.6518662464568 -146.5204453928137
 Davidson iteration 77.19 (tol=0.02255500722560554): -147.2264779925093 -147.0012597889703 -146.6553447590377 -146.5270241001845
 Davidson iteration 78.0 (tol=0.02255500722480943): -147.2264777805902
 Davidson iteration 78.1 (tol=0.02256408708359554): -147.2264777806087 -143.0030578668918
 Davidson iteration 78.2 (tol=0.02256421525675911): -147.2264777806183 -143.8103582403726 -142.9907835701281
 Davidson iteration 78.3 (tol=0.02256401553636877): -147.2264777812219 -144.0257797462977 -143.6260746778399 -142.986374797437
 Davidson iteration 78.4 (tol=0.02256483488263984): -147.2264777871545 -144.716447133193 -143.7896950785587 -143.6103248504449
 Davidson iteration 78.5 (tol=0.0225651433438882): -147.2264777917025 -145.8931804469182 -143.8561198735497 -143.7343718911206
 Davidson iteration 78.6 (tol=0.02256542929974591): -147.2264778011198 -146.3373395708206 -143.958060919716 -143.7362409059794
 Davidson iteration 78.7 (tol=0.02256682705527905): -147.2264778126062 -146.4819767127144 -144.298654700253 -143.7448627485512
 Davidson iteration 78.8 (tol=0.02256682966008035): -147.2264778126082 -146.5392549685237 -145.0171066219901 -143.8241259815219
 Davidson iteration 78.9 (tol=0.02256747706591334): -147.2264778172225 -146.5912618658287 -145.7829027883752 -143.9976753224212
 Davidson iteration 78.10 (tol=0.02256746573932757): -147.2264778172296 -146.6275988558749 -146.0986884195195 -144.2475697397226
 Davidson iteration 78.11 (tol=0.02256749852068938): -147.2264778173156 -146.6746475027268 -146.3401575323308 -145.1065962417914
 Davidson iteration 78.12 (tol=0.02256765435739148): -147.2264778181883 -146.8362643000349 -146.5372819076912 -145.7495839523358
 Davidson iteration 78.13 (tol=0.02256790341963039): -147.226477818728 -146.9507502729251 -146.5824904300027 -145.9472643717724
 Davidson iteration 78.14 (tol=0.02256804834408194): -147.2264778195784 -146.9849840705061 -146.5941870305746 -146.0470339594685
 Davidson iteration 78.15 (tol=0.02256798340196161): -147.2264778197189 -146.9973309388521 -146.6022487564829 -146.1518338242243
 Davidson iteration 78.16 (tol=0.02256794898183793): -147.2264778199802 -147.0010046332029 -146.609268050066 -146.2300559611311
 Davidson iteration 78.17 (tol=0.02256830307909188): -147.2264778220952 -147.002240561843 -146.6132837096841 -146.3074960778395
 Davidson iteration 78.18 (tol=0.02256935663805616): -147.2264778364462 -147.002835585464 -146.6219843955095 -146.4185288754925
 Davidson iteration 78.19 (tol=0.02256960994958437): -147.2264778369139 -147.0031404029208 -146.6377111228396 -146.5244249696499
 Davidson iteration 79.0 (tol=0.02256960994984293): -147.2264777477382
 Davidson iteration 79.1 (tol=0.02256914323258326): -147.2264777477382 -143.0020474082164
 Davidson iteration 79.2 (tol=0.02256970383834622): -147.2264777479151 -143.7455336804766 -142.9892224456369
 Davidson iteration 79.3 (tol=0.02256951373992008): -147.2264777484268 -143.9171715998772 -143.4392237311093 -142.97996429843
 Davidson iteration 79.4 (tol=0.02256961568660366): -147.226477749174 -144.127792293285 -143.6980550779905 -143.3800070660002
 Davidson iteration 79.5 (tol=0.02256983090966098): -147.226477750047 -144.6153468299118 -143.789634623292 -143.6980507678237
 Davidson iteration 79.6 (tol=0.022569824649898): -147.2264777508896 -145.9636114987988 -143.9333460018621 -143.7468694443574
 Davidson iteration 79.7 (tol=0.02257006465320162): -147.2264777540894 -146.3911080460164 -144.0445150046304 -143.7470367549635
 Davidson iteration 79.8 (tol=0.02257063873023132): -147.2264777565353 -146.5876130876011 -144.4129921294424 -143.7582289978985
 Davidson iteration 79.9 (tol=0.022571425636575): -147.2264777603516 -146.6489573304865 -145.1563895947835 -143.9496222218397
 Davidson iteration 79.10 (tol=0.02257170004699756): -147.2264777610453 -146.7173507708931 -146.0074706544339 -144.1575606243308
 Davidson iteration 79.11 (tol=0.02257180482301728): -147.2264777617428 -146.8135337752906 -146.4414570643489 -144.5610402811254
 Davidson iteration 79.12 (tol=0.02257279374182959): -147.2264777656418 -146.946619580332 -146.5822437654011 -145.1015839983426
 Davidson iteration 79.13 (tol=0.02257284137333273): -147.2264777656719 -146.9907553951764 -146.6149300884011 -145.4200377470104
 Davidson iteration 79.14 (tol=0.02257337086204668): -147.2264777675386 -146.9985746210988 -146.622625644627 -145.5577376712243
 Davidson iteration 79.15 (tol=0.02257335975022108): -147.2264777678239 -147.0009496897786 -146.626127532012 -145.7413163273151
 Davidson iteration 79.16 (tol=0.02257328151417538): -147.226477768037 -147.0022407499498 -146.6342961047646 -146.1902288308562
 Davidson iteration 79.17 (tol=0.02257326386886855): -147.2264777680691 -147.0029438568354 -146.6431315419935 -146.4256561335709
 Davidson iteration 79.18 (tol=0.02257630359588524): -147.2264777918472 -147.0031823406065 -146.6525748882011 -146.4925672993146
 Davidson iteration 79.19 (tol=0.02259948367562389): -147.2264779682185 -147.0032328144419 -146.6565443114544 -146.5159035950808
 Davidson iteration 80.0 (tol=0.02259948365905328): -147.2264776145263
 Davidson iteration 80.1 (tol=0.02256945771184938): -147.226477614728 -143.0025229613427
 Davidson iteration 80.2 (tol=0.02257453636478383): -147.2264776227193 -143.491042967692 -142.9939891825956
 Davidson iteration 80.3 (tol=0.02257804795969852): -147.2264776513647 -143.9683217771129 -142.994226353154 -142.4258442563454
 Davidson iteration 80.4 (tol=0.02258083106288297): -147.2264776700609 -144.6183213126727 -143.666048659838 -142.9853888326308
 Davidson iteration 80.5 (tol=0.02258112152903885): -147.2264776703632 -145.6451992445422 -143.8157342963103 -143.3673238590616
 Davidson iteration 80.6 (tol=0.02258543860579822): -147.2264776986458 -146.3892467328253 -143.9703774416384 -143.5679847975694
 Davidson iteration 80.7 (tol=0.02258569482665105): -147.2264777147 -146.566343946438 -144.1109819045296 -143.7312617798558
 Davidson iteration 80.8 (tol=0.02258574865643934): -147.2264777155739 -146.6398264109964 -145.0013855975911 -143.8175170662838
 Davidson iteration 80.9 (tol=0.02258719206974971): -147.2264777250663 -146.7112276338521 -146.0128685331856 -143.9934364384382
 Davidson iteration 80.10 (tol=0.02258733097437057): -147.2264777290794 -146.8480151776415 -146.4645764902915 -144.2688087826012
 Davidson iteration 80.11 (tol=0.02258734064638988): -147.226477729106 -146.9398802174688 -146.5468545470765 -144.7697597259557
 Davidson iteration 80.12 (tol=0.02258751899989688): -147.226477730193 -146.98537532861 -146.591213913635 -145.5325324165589
 Davidson iteration 80.13 (tol=0.0225876567528557): -147.2264777307653 -146.9977400323363 -146.6073941912126 -145.8413402952404
 Davidson iteration 80.14 (tol=0.02258815580381099): -147.226477733544 -147.0012511914225 -146.6155225035481 -146.0116623794046
 Davidson iteration 80.15 (tol=0.02258930363817423): -147.2264777413585 -147.0023158222344 -146.6224137833785 -146.1359751694872
 Davidson iteration 80.16 (tol=0.02258925976889507): -147.2264777417168 -147.0028603378092 -146.6270513392434 -146.2664883553298
 Davidson iteration 80.17 (tol=0.02259053011699584): -147.226477747612 -147.0030937669648 -146.6348065544753 -146.377605642688
 Davidson iteration 80.18 (tol=0.02259052103383407): -147.2264777482729 -147.0031807930675 -146.6405642043414 -146.451668444432
 Davidson iteration 80.19 (tol=0.02259050115736113): -147.2264777483507 -147.0032494806399 -146.6525414959355 -146.5248243574231
 Davidson iteration 81.0 (tol=0.02259050115729654): -147.2264777411246
 Davidson iteration 81.1 (tol=0.02259018867894152): -147.2264777411246 -143.0016800876669
 Davidson iteration 81.2 (tol=0.02259010470821138): -147.2264777411288 -143.8107103057872 -142.9872737834091
 Davidson iteration 81.3 (tol=0.02259009318229452): -147.2264777411299 -143.9324462114533 -143.6697667620946 -142.9800966878435
 Davidson iteration 81.4 (tol=0.02259009417480247): -147.2264777411358 -144.0440527052018 -143.7535507950036 -143.4447809879306
 Davidson iteration 81.5 (tol=0.02259010831231068): -147.2264777411453 -144.3031594869775 -143.7698687017613 -143.6198098934979
 Davidson iteration 81.6 (tol=0.02259004555046917): -147.2264777412781 -145.1215465187326 -143.9043201071902 -143.73159981869
 Davidson iteration 81.7 (tol=0.0225901288040601): -147.2264777414806 -146.084674109355 -144.1254328885611 -143.7596940121985
 Davidson iteration 81.8 (tol=0.02259014869396747): -147.2264777419996 -146.6161173026829 -144.4936505894583 -143.7621291077169
 Davidson iteration 81.9 (tol=0.0225905910119136): -147.226477743416 -146.8764378357626 -145.447637544118 -144.0479621800219
 Davidson iteration 81.10 (tol=0.02259075253009674): -147.2264777439403 -146.9625246509647 -145.8544925146284 -144.1616104793478
 Davidson iteration 81.11 (tol=0.02259099330405632): -147.2264777452887 -146.9931851697631 -146.0749009458268 -144.3449724457902
 Davidson iteration 81.12 (tol=0.02259154071649002): -147.2264777477696 -146.9997654347816 -146.1843473909811 -144.7433693177416
 Davidson iteration 81.13 (tol=0.02259154121431413): -147.2264777480539 -147.0020582529372 -146.2848914271376 -145.325791289581
 Davidson iteration 81.14 (tol=0.02259189515820402): -147.2264777519573 -147.0026839309336 -146.3727441828706 -145.6956116465213
 Davidson iteration 81.15 (tol=0.02259262179832733): -147.2264777671485 -147.0029549775267 -146.4638231176372 -145.9445206224589
 Davidson iteration 81.16 (tol=0.02259404587086528): -147.2264778060791 -147.0030893476718 -146.5669685793229 -146.1217659602925
 Davidson iteration 81.17 (tol=0.0225996049278183): -147.2264779485119 -147.0031150450852 -146.6221702952242 -146.1814291060698
 Davidson iteration 81.18 (tol=0.02269013373564212): -147.2264792299362 -147.0031198067843 -146.6374238103618 -146.2037959917538
 Davidson iteration 81.19 (tol=0.0237061152591466): -147.2264914551187 -147.0031239834545 -146.6428595846888 -146.2148319510609
 Davidson iteration 82.0 (tol=0.02370609871056545): -147.2264653075195
 Davidson iteration 82.1 (tol=0.02083998369813297): -147.2264671626908 -142.9767914756458
 Davidson iteration 82.2 (tol=0.02172696937545662): -147.2264697441184 -143.2288073036608 -142.086221865843
 Davidson iteration 82.3 (tol=0.02185391424249947): -147.2264703808155 -145.1942978694345 -143.0124014922049 -141.9675849255435
 Davidson iteration 82.4 (tol=0.02221977983612469): -147.2264735802758 -146.1083940200709 -143.0209807285372 -142.599614748062
 Davidson iteration 82.5 (tol=0.02219808783211696): -147.2264742951716 -146.4754159441094 -143.6960872239823 -143.0186851766918
 Davidson iteration 82.6 (tol=0.02224876798432602): -147.2264744664109 -146.5573862238669 -144.2274746382527 -143.0196710742079
 Davidson iteration 82.7 (tol=0.02227320685967912): -147.2264746881936 -146.5897806208716 -144.9066730968624 -143.5181367175775
 Davidson iteration 82.8 (tol=0.02227163074638717): -147.2264746904338 -146.6168636713703 -145.7002632090847 -143.8947997514707
 Davidson iteration 82.9 (tol=0.02227251922524631): -147.2264746982081 -146.6406573511703 -146.2107728662615 -144.2471609466331
 Davidson iteration 82.10 (tol=0.02227231527446215): -147.2264746987566 -146.6989164505467 -146.4791707341551 -144.9033613399984
 Davidson iteration 82.11 (tol=0.02227616618117981): -147.2264747271078 -146.8437990108099 -146.5889646298701 -145.5972515892598
 Davidson iteration 82.12 (tol=0.02227983583144415): -147.2264747692713 -146.9466469608505 -146.6131853988044 -145.969461223623
 Davidson iteration 82.13 (tol=0.02228849021889881): -147.226474800252 -146.9820602732611 -146.6223230360344 -146.1306080408247
 Davidson iteration 82.14 (tol=0.02229377973392263): -147.2264748624328 -146.9954003429125 -146.6305360991307 -146.2612507336579
 Davidson iteration 82.15 (tol=0.02229313624268537): -147.2264748674384 -147.0007310085968 -146.6357939166947 -146.3591147305799
 Davidson iteration 82.16 (tol=0.02229697859102979): -147.2264748872138 -147.0021527740009 -146.6409077279002 -146.4171457638618
 Davidson iteration 82.17 (tol=0.02229750622663891): -147.2264748888614 -147.0024110692323 -146.6421225086958 -146.440256449969
 Davidson iteration 82.18 (tol=0.02229754554841088): -147.2264748890452 -147.0025300194342 -146.6441919932566 -146.4658084143818
 Davidson iteration 82.19 (tol=0.02231186235136119): -147.2264750062511 -147.0025583745569 -146.6448573202412 -146.4808360971214
 Davidson iteration 83.0 (tol=0.02231186221339096): -147.2264774873751
 Davidson iteration 83.1 (tol=0.022260947455967): -147.2264774879559 -143.0090591537389
 Davidson iteration 83.2 (tol=0.02226333746240174): -147.226477489758 -143.6498857969635 -142.9927113483572
 Davidson iteration 83.3 (tol=0.02226496264439083): -147.2264775132339 -143.9509875425158 -143.0061817874058 -142.9051773843221
 Davidson iteration 83.4 (tol=0.02226655209023566): -147.2264775262801 -144.2948819871596 -143.6134430109753 -142.9904575288984
 Davidson iteration 83.5 (tol=0.02226966816396077): -147.2264775372488 -145.1746076277962 -143.7917009213622 -143.4660738359975
 Davidson iteration 83.6 (tol=0.02227330812868611): -147.2264775543822 -146.0657285000964 -143.957152554262 -143.589149647833
 Davidson iteration 83.7 (tol=0.02227464390818641): -147.2264775760582 -146.4410011256736 -144.1423824325189 -143.7461012626809
 Davidson iteration 83.8 (tol=0.0222749554035191): -147.2264775765771 -146.5623451580954 -144.59907755605 -143.7471111025769
 Davidson iteration 83.9 (tol=0.02227620162081276): -147.2264775886131 -146.6559213424859 -145.6043337868664 -143.9633436187433
 Davidson iteration 83.10 (tol=0.02227668619884256): -147.2264775897007 -146.7916868607374 -146.3080962675413 -144.2608128057151
 Davidson iteration 83.11 (tol=0.02227669385010542): -147.2264775897201 -146.8802364979595 -146.4460933341368 -144.6210898926117
 Davidson iteration 83.12 (tol=0.02227742907223343): -147.2264775944982 -146.9481449822005 -146.551497903142 -145.6176224896637
 Davidson iteration 83.13 (tol=0.02227923111224459): -147.2264776059187 -146.9892311002415 -146.6243931162975 -146.0744584554857
 Davidson iteration 83.14 (tol=0.02227932112809023): -147.2264776121215 -147.0006002796848 -146.6558461618835 -146.18129914496
 Davidson iteration 83.15 (tol=0.02228286251386582): -147.2264776391964 -147.0024339387259 -146.6613633016595 -146.2149211667114
 Davidson iteration 83.16 (tol=0.02229255424887916): -147.2264777671908 -147.0030197025328 -146.6658476217612 -146.2409627460798
 Davidson iteration 83.17 (tol=0.02229173099989125): -147.2264777937293 -147.0031448193175 -146.6667287694082 -146.260552476121
 Davidson iteration 83.18 (tol=0.02230523678930015): -147.226477865346 -147.0031646903667 -146.6676756342167 -146.277912457985
 Davidson iteration 83.19 (tol=0.02234367747953814): -147.2264783482216 -147.003168879219 -146.6681361614074 -146.3002934954695
 Davidson iteration 84.0 (tol=0.02234367747281808): -147.2264777390457
 Davidson iteration 84.1 (tol=0.02233875449519336): -147.2264777390511 -143.0116371204161
 Davidson iteration 84.2 (tol=0.02234755023606195): -147.2264777538554 -143.5631320264228 -143.0027239691215
 Davidson iteration 84.3 (tol=0.02235277037341818): -147.2264777918375 -144.0645962370354 -143.002812289795 -142.7254128972367
 Davidson iteration 84.4 (tol=0.0223619656242906): -147.2264778662962 -144.9981530526701 -143.6290913833213 -142.9879929154152
 Davidson iteration 84.5 (tol=0.02236132402267954): -147.2264778755351 -145.8455574236368 -143.8135901011216 -143.031850474235
 Davidson iteration 84.6 (tol=0.0223665276516301): -147.2264779225745 -146.2773871835551 -143.9496004925141 -143.3490647975593
 Davidson iteration 84.7 (tol=0.02236639682682658): -147.2264779372755 -146.3725694056308 -144.0903735241035 -143.6454568689465
 Davidson iteration 84.8 (tol=0.02236639741624037): -147.2264779376409 -146.4216098491831 -144.6078978642547 -143.7429292950528
 Davidson iteration 84.9 (tol=0.02237213959600351): -147.2264779718872 -146.4487958949434 -145.3642253766152 -143.9481435675528
 Davidson iteration 84.10 (tol=0.02237155425820227): -147.2264779848392 -146.5268127446834 -146.1527224431899 -144.1635285222296
 Davidson iteration 84.11 (tol=0.02237225108702493): -147.2264779867783 -146.6696192399412 -146.3455189020492 -144.5483681923312
 Davidson iteration 84.12 (tol=0.0223737214634997): -147.226478003016 -146.8541729255692 -146.4207974105447 -145.4997807004477
 Davidson iteration 84.13 (tol=0.02237359668778642): -147.2264780048447 -146.9563299639052 -146.4576413342066 -145.9472495602357
 Davidson iteration 84.14 (tol=0.02237456695212236): -147.2264780085122 -146.9914767522354 -146.4804892207192 -146.109726219804
 Davidson iteration 84.15 (tol=0.02237672662460832): -147.2264780251288 -146.9992038509649 -146.4915501260893 -146.1774726300547
 Davidson iteration 84.16 (tol=0.02237833195757368): -147.2264780542578 -147.0019346634444 -146.5024843807915 -146.2480284221074
 Davidson iteration 84.17 (tol=0.02237828430693949): -147.2264780660974 -147.0027214204225 -146.5114586886957 -146.3070790211812
 Davidson iteration 84.18 (tol=0.0223840534134177): -147.2264780975184 -147.0029449705974 -146.5239431558303 -146.3722079651449
 Davidson iteration 84.19 (tol=0.02238894621756718): -147.2264781830923 -147.0030783464979 -146.5621445619212 -146.4564033477511
 Davidson iteration 85.0 (tol=0.02238894621527283): -147.2264778052397
 Davidson iteration 85.1 (tol=0.02239939689794092): -147.2264778052642 -143.0090831279553
 Davidson iteration 85.2 (tol=0.02240146930477359): -147.2264778067579 -143.7586419984125 -142.9925320091643
 Davidson iteration 85.3 (tol=0.02240146884635219): -147.2264778126753 -143.9740477506718 -143.2507919775467 -142.9852465723309
 Davidson iteration 85.4 (tol=0.02240355286669048): -147.2264778270849 -144.5642484110812 -143.7535243662175 -143.2406951259257
 Davidson iteration 85.5 (tol=0.0224037048224168): -147.2264778272264 -145.5177064781543 -143.819829168608 -143.6427328278113
 Davidson iteration 85.6 (tol=0.0224064526640442): -147.2264778481245 -146.2883268525793 -143.958481057367 -143.6608012464931
 Davidson iteration 85.7 (tol=0.02240702919979216): -147.2264778611752 -146.4962566865458 -144.1609404940736 -143.7669668571995
 Davidson iteration 85.8 (tol=0.02240706061516348): -147.2264778612091 -146.569127239968 -144.6406350726938 -143.7775518108203
 Davidson iteration 85.9 (tol=0.02241099630337708): -147.2264778916074 -146.6207459369173 -145.5309531791279 -143.9773405220478
 Davidson iteration 85.10 (tol=0.02241072917619926): -147.2264778921295 -146.6592541703338 -146.0750751273452 -144.1805662350283
 Davidson iteration 85.11 (tol=0.02241284844496054): -147.2264779023814 -146.70763242929 -146.3490906312634 -144.6645108403581
 Davidson iteration 85.12 (tol=0.02241281557269284): -147.2264779023969 -146.8004731734035 -146.549487628228 -145.5552772782043
 Davidson iteration 85.13 (tol=0.02241293075631386): -147.226477903354 -146.9303226542612 -146.6237043206378 -145.9626306087919
 Davidson iteration 85.14 (tol=0.02241299378907202): -147.2264779048594 -146.9811183279685 -146.6455497202738 -146.1049779422856
 Davidson iteration 85.15 (tol=0.02241501781031422): -147.2264779170468 -146.9968518092476 -146.6545880046313 -146.2025249394409
 Davidson iteration 85.16 (tol=0.02241756154459468): -147.2264779489543 -147.0014569497088 -146.6601811868207 -146.268026505918
 Davidson iteration 85.17 (tol=0.0224172694960454): -147.2264779525792 -147.0025908523914 -146.6621655296759 -146.3088720736884
 Davidson iteration 85.18 (tol=0.02242360165630768): -147.2264779957519 -147.0028962262434 -146.6635298597917 -146.3489176533078
 Davidson iteration 85.19 (tol=0.02243034314125904): -147.2264781122406 -147.0030339283276 -146.6654129543008 -146.4319426872446
 Davidson iteration 86.0 (tol=0.02243034313652425): -147.2264777475635
 Davidson iteration 86.1 (tol=0.02243162055208986): -147.2264777475639 -143.0079634771077
 Davidson iteration 86.2 (tol=0.02243387356564108): -147.2264777492788 -143.7132368065308 -142.9951182366394
 Davidson iteration 86.3 (tol=0.02243468329095807): -147.2264777616013 -144.0025913158031 -143.0398925653195 -142.9757568262533
 Davidson iteration 86.4 (tol=0.0224371294687503): -147.2264777810876 -144.7392258992962 -143.6946924433464 -143.0384791651617
 Davidson iteration 86.5 (tol=0.02243696868486107): -147.2264777826488 -145.6410230833015 -143.8087182122017 -143.401308756349
 Davidson iteration 86.6 (tol=0.02244066307908999): -147.2264778144406 -146.2786226018032 -143.9380967094954 -143.4603931558476
 Davidson iteration 86.7 (tol=0.02244080319612559): -147.226477826784 -146.4068087408901 -144.0856623452646 -143.690727452713
 Davidson iteration 86.8 (tol=0.02244091301642018): -147.2264778280088 -146.4700210042239 -144.5543054382402 -143.7445125622776
 Davidson iteration 86.9 (tol=0.02244370815750379): -147.2264778471652 -146.5078694550784 -145.4303479963338 -143.9500342468275
 Davidson iteration 86.10 (tol=0.02244338132276401): -147.226477848637 -146.55647089877 -146.0365864310394 -144.0954482050132
 Davidson iteration 86.11 (tol=0.0224437675212717): -147.2264778508475 -146.6023848042687 -146.2358379049001 -144.3084563661107
 Davidson iteration 86.12 (tol=0.02244400662772023): -147.2264778544655 -146.6454425292133 -146.3621872930228 -145.2725254600732
 Davidson iteration 86.13 (tol=0.02244439562632735): -147.2264778595329 -146.7854117265371 -146.5184960178159 -146.033495702406
 Davidson iteration 86.14 (tol=0.02244410699995247): -147.2264778611291 -146.9294672647169 -146.5696949916014 -146.1731825758802
 Davidson iteration 86.15 (tol=0.02244432762182326): -147.2264778617391 -146.9723844122576 -146.5824502063321 -146.219149920802
 Davidson iteration 86.16 (tol=0.02244526116477329): -147.2264778715577 -146.9931252904312 -146.5948855581368 -146.2864781188538
 Davidson iteration 86.17 (tol=0.0224457680360641): -147.2264778735552 -146.9996100456542 -146.6029177438483 -146.35864890185
 Davidson iteration 86.18 (tol=0.02246098671963669): -147.2264780186671 -147.0019030405716 -146.6152420607854 -146.4387610534482
 Davidson iteration 86.19 (tol=0.02251214220520822): -147.2264787754725 -147.0027544764728 -146.6262480705639 -146.498216360881
 Davidson iteration 87.0 (tol=0.02251214205803734): -147.2264772017965
 Davidson iteration 87.1 (tol=0.02240179645674794): -147.2264772045245 -143.0142806256389
 Davidson iteration 87.2 (tol=0.02242745836656302): -147.2264772684931 -143.3272125617815 -143.0138036948676
 Davidson iteration 87.3 (tol=0.02245141770916734): -147.2264774123199 -144.4458825974068 -143.0164044033091 -142.2154506708908
 Davidson iteration 87.4 (tol=0.02248052548967028): -147.2264776541188 -145.9055316961097 -143.6408622118647 -142.9878420558679
 Davidson iteration 87.5 (tol=0.02247640714876228): -147.2264776897864 -146.4929846195713 -143.903964509763 -143.0411970748762
 Davidson iteration 87.6 (tol=0.02247961723658459): -147.2264777327395 -146.6973101480101 -144.4827246562547 -143.6401430934846
 Davidson iteration 87.7 (tol=0.0224787348400027): -147.2264777364818 -146.8000197900957 -145.4856553067886 -143.8587156327651
 Davidson iteration 87.8 (tol=0.02248053255511007): -147.2264777508436 -146.9225365169278 -146.3151558395265 -143.9235821973481
 Davidson iteration 87.9 (tol=0.02248283922004599): -147.226477780372 -146.9710177991103 -146.4638448133582 -144.1410690594396
 Davidson iteration 87.10 (tol=0.02248332950542854): -147.2264777814114 -146.9910859308752 -146.5457926674266 -144.8639905583837
 Davidson iteration 87.11 (tol=0.02248914569486621): -147.2264778244786 -146.9979022257407 -146.5817217965122 -145.4960390656297
 Davidson iteration 87.12 (tol=0.02248891649998169): -147.2264778350487 -147.0006896463778 -146.616876333119 -145.98016735797
 Davidson iteration 87.13 (tol=0.02249145150692588): -147.2264778462444 -147.0012114499278 -146.6310834972994 -146.1369236538462
 Davidson iteration 87.14 (tol=0.0224919885501051): -147.2264778560344 -147.0014290943123 -146.6441190187744 -146.2697335496761
 Davidson iteration 87.15 (tol=0.02249247214992963): -147.2264778607967 -147.0014879098455 -146.6519140547534 -146.3529242780121
 Davidson iteration 87.16 (tol=0.02249247844204115): -147.2264778624782 -147.0014948235788 -146.6567547718336 -146.3983125533877
 Davidson iteration 87.17 (tol=0.02249245926875577): -147.226477862491 -147.0014950178396 -146.6596064364048 -146.4290975107805
 Davidson iteration 87.18 (tol=0.02249377825509544): -147.2264778709504 -147.0014955144066 -146.6619573845081 -146.4642625988863
 Davidson iteration 87.19 (tol=0.02249594544193624): -147.2264778914373 -147.0014955354096 -146.6637772870833 -146.4883511523057
 Davidson iteration 88.0 (tol=0.02249594544139459): -147.2264777275631
 Davidson iteration 88.1 (tol=0.02249318200544807): -147.2264777275648 -143.0060878625115
 Davidson iteration 88.2 (tol=0.02249325226200069): -147.2264777275672 -143.783361055384 -142.9895838524373
 Davidson iteration 88.3 (tol=0.02249305041052931): -147.2264777279139 -143.9143772690047 -143.5705069116561 -142.9801464525315
 Davidson iteration 88.4 (tol=0.02249309010582543): -147.2264777282087 -144.0425515801424 -143.7418766390215 -143.4281786195933
 Davidson iteration 88.5 (tol=0.02249315278572808): -147.2264777284749 -144.3908736293757 -143.7495567846213 -143.692184532041
 Davidson iteration 88.6 (tol=0.02249311929682889): -147.2264777292187 -145.7335438683112 -143.9217673079071 -143.71278983871
 Davidson iteration 88.7 (tol=0.02249308370823755): -147.2264777301466 -146.5103689724546 -144.1837453339779 -143.7611736797431
 Davidson iteration 88.8 (tol=0.02249311304482746): -147.2264777301856 -146.7448174334513 -144.8003356067539 -143.8114032141845
 Davidson iteration 88.9 (tol=0.02249324928142026): -147.2264777317209 -146.9027791612769 -145.7489570162314 -144.0085140990958
 Davidson iteration 88.10 (tol=0.02249324095643553): -147.2264777317262 -146.9845813394229 -146.1297413071944 -144.1021602155976
 Davidson iteration 88.11 (tol=0.02249331209746733): -147.2264777324497 -146.99898297943 -146.2126357608961 -144.1876910951804
 Davidson iteration 88.12 (tol=0.02249337133029094): -147.2264777332472 -147.0015202953306 -146.2384515721556 -144.4057232368169
 Davidson iteration 88.13 (tol=0.02249343197410734): -147.2264777340785 -147.0024149296026 -146.2932562001325 -145.8493767753912
 Davidson iteration 88.14 (tol=0.02249336479930077): -147.2264777343685 -147.0029474907708 -146.5086524009388 -146.1662102721933
 Davidson iteration 88.15 (tol=0.02249336079411493): -147.2264777343742 -147.0032012991124 -146.6103274489695 -146.1935858244909
 Davidson iteration 88.16 (tol=0.02249465691987153): -147.2264777483046 -147.0032236580154 -146.6303211915659 -146.1976847796737
 Davidson iteration 88.17 (tol=0.02250659803336873): -147.2264778646056 -147.0032244020736 -146.6364713816953 -146.1999439959166
 Davidson iteration 88.18 (tol=0.02250681085417435): -147.2264779326865 -147.0032257602577 -146.6458935502529 -146.2084141053691
 Davidson iteration 88.19 (tol=0.02250548858191601): -147.2264779438651 -147.003226450403 -146.6561679639501 -146.3895805878393
 Davidson iteration 89.0 (tol=0.0225054885669496): -147.2264776519844
 Davidson iteration 89.1 (tol=0.02250110032713792): -147.2264776519887 -143.0103831221138
 Davidson iteration 89.2 (tol=0.02249981379581625): -147.2264776529881 -143.8998921369759 -143.0020088760515
 Davidson iteration 89.3 (tol=0.02249959219509015): -147.2264776580222 -144.309267934643 -143.6723084740286 -143.0016968318343
 Davidson iteration 89.4 (tol=0.0225046631493675): -147.2264776969903 -145.6340734737505 -143.8359812004074 -143.6688212118938
 Davidson iteration 89.5 (tol=0.02250923120649526): -147.2264777459276 -146.3450171597653 -143.8644534464455 -143.7594351779531
 Davidson iteration 89.6 (tol=0.0225087841263997): -147.2264777702619 -146.515212407785 -143.9418111771007 -143.7748809744463
 Davidson iteration 89.7 (tol=0.02250883907512686): -147.2264777734887 -146.5552001441594 -144.3039296952482 -143.7951894858033
 Davidson iteration 89.8 (tol=0.02250881745833944): -147.2264777735723 -146.5714791703393 -145.3564403842889 -143.8580633686125
 Davidson iteration 89.9 (tol=0.02250940930352069): -147.2264777783069 -146.6262010808007 -146.3432649291701 -144.0547789031487
 Davidson iteration 89.10 (tol=0.02250935804942131): -147.226477778388 -146.737139302608 -146.5102654303649 -144.2223651469198
 Davidson iteration 89.11 (tol=0.02250936460149814): -147.2264777787904 -146.8409590628747 -146.5443452816941 -145.2713575879601
 Davidson iteration 89.12 (tol=0.02250948282163634): -147.2264777803203 -146.9244979410003 -146.5766116073663 -146.1556924622111
 Davidson iteration 89.13 (tol=0.02250948353923749): -147.2264777803215 -146.9821418948816 -146.6171131644916 -146.3975459837032
 Davidson iteration 89.14 (tol=0.02251048620184613): -147.2264777849005 -146.9955514672416 -146.6390719448251 -146.444034014381
 Davidson iteration 89.15 (tol=0.02251035362750781): -147.2264777855143 -147.0018710482765 -146.6554665640504 -146.4733671198828
 Davidson iteration 89.16 (tol=0.02251033746494122): -147.2264777864044 -147.0029163989795 -146.6616146459999 -146.4817739132748
 Davidson iteration 89.17 (tol=0.02251038560402039): -147.2264777864735 -147.0031506132686 -146.6640790951628 -146.4857281354468
 Davidson iteration 89.18 (tol=0.02251233247935408): -147.2264777998847 -147.0032164853676 -146.6653497752956 -146.4883425739833
 Davidson iteration 89.19 (tol=0.02251306589018313): -147.2264778117914 -147.0032313934802 -146.6666139971332 -146.4907430993014
 Davidson iteration 90.0 (tol=0.02251306589080256): -147.2264777488815
 Davidson iteration 90.1 (tol=0.022513583811026): -147.2264777488815 -143.0058634633417
 Davidson iteration 90.2 (tol=0.02251385475699639): -147.2264777489173 -143.7873898750601 -142.9903816537565
 Davidson iteration 90.3 (tol=0.02251371903308075): -147.2264777490342 -143.9441571996997 -143.6875745096884 -142.9813330539158
 Davidson iteration 90.4 (tol=0.02251374943468854): -147.2264777493354 -144.0888586113986 -143.8498081666992 -143.485562733329
 Davidson iteration 90.5 (tol=0.02251375159202675): -147.2264777493361 -144.5776441421072 -143.8567677176925 -143.7139391320913
 Davidson iteration 90.6 (tol=0.02251363394612522): -147.2264777501398 -145.8971128031728 -143.9053011306648 -143.8119391199884
 Davidson iteration 90.7 (tol=0.02251371944828868): -147.2264777517797 -146.3313340569919 -144.0385984729128 -143.8204406797619
 Davidson iteration 90.8 (tol=0.02251375517491476): -147.226477751892 -146.4832599677068 -144.4640721099351 -143.8339616425172
 Davidson iteration 90.9 (tol=0.02251378643804983): -147.2264777523158 -146.6319074936534 -145.7581646645735 -143.9963533355393
 Davidson iteration 90.10 (tol=0.02251379998544186): -147.2264777523211 -146.9154667033734 -146.2971112959869 -144.0733314071017
 Davidson iteration 90.11 (tol=0.02251411116492079): -147.2264777533129 -146.9789792066754 -146.3518200821654 -144.176621510689
 Davidson iteration 90.12 (tol=0.02251425471229599): -147.2264777538684 -146.9953756112574 -146.3729078222758 -144.5991657892413
 Davidson iteration 90.13 (tol=0.02251428375398955): -147.2264777539778 -147.0004698835198 -146.4063781397533 -145.9890574547765
 Davidson iteration 90.14 (tol=0.02251459005945336): -147.2264777560778 -147.0025347042944 -146.4940410285321 -146.2660966957496
 Davidson iteration 90.15 (tol=0.0225151160746223): -147.2264777643732 -147.0031551150064 -146.5529229314477 -146.3116305203738
 Davidson iteration 90.16 (tol=0.02252230438240611): -147.2264778361664 -147.0032307354934 -146.5665733273718 -146.322671266531
 Davidson iteration 90.17 (tol=0.02256830399039163): -147.2264785682426 -147.0032402913706 -146.5768625747818 -146.3353522674418
 Davidson iteration 90.18 (tol=0.0227593114855359): -147.2264813851921 -147.0032422923149 -146.5824493090025 -146.3497394991844
 Davidson iteration 90.19 (tol=0.02384837645492145): -147.2264980895027 -147.0032463956468 -146.5866456002481 -146.3710543989619
 Davidson iteration 91.0 (tol=0.0238483365041554): -147.2264563126865
 Davidson iteration 91.1 (tol=0.02047273519452698): -147.2264589343365 -143.2584438698639
 Davidson iteration 91.2 (tol=0.02057573395939795): -147.2264590804487 -143.9673621159203 -142.5217155369745
 Davidson iteration 91.3 (tol=0.02136233016929509): -147.2264645898962 -145.8586121787553 -143.029368630854 -142.0020944233249
 Davidson iteration 91.4 (tol=0.02177517286072181): -147.2264699415841 -146.2492216810163 -143.0323883123749 -142.8468067061188
 Davidson iteration 91.5 (tol=0.02173455375019726): -147.2264706565572 -146.3659490567779 -143.9889862951288 -143.0321416930737
 Davidson iteration 91.6 (tol=0.02178613729347079): -147.2264708589435 -146.4213796787058 -145.0926606070531 -143.2981819876164
 Davidson iteration 91.7 (tol=0.02181860284641619): -147.2264712095132 -146.5077974529059 -145.9496604230744 -143.682847384575
 Davidson iteration 91.8 (tol=0.02182135660103963): -147.2264712127674 -146.6181835639394 -146.2269486435989 -143.9669262318936
 Davidson iteration 91.9 (tol=0.02182132325584506): -147.2264712197548 -146.6713351423673 -146.2885594050557 -144.618902089467
 Davidson iteration 91.10 (tol=0.02182367076676726): -147.2264712395573 -146.7589356101536 -146.4105033990464 -145.8913777563309
 Davidson iteration 91.11 (tol=0.02182367543748005): -147.2264712401227 -146.8950605881063 -146.547295970088 -146.173971326145
 Davidson iteration 91.12 (tol=0.02182428792004415): -147.2264712425608 -146.9771870123998 -146.6025190838668 -146.2347016919408
 Davidson iteration 91.13 (tol=0.02182428607737834): -147.2264712425693 -146.9935688425061 -146.6162357673763 -146.2563127587564
 Davidson iteration 91.14 (tol=0.02182436239912813): -147.2264712428681 -146.9995713276065 -146.6269045115351 -146.2827571061051
 Davidson iteration 91.15 (tol=0.02182503662680549): -147.2264712501846 -147.0010928091151 -146.6327555710632 -146.306922386402
 Davidson iteration 91.16 (tol=0.02182705298424591): -147.2264712747862 -147.0015906008651 -146.6380796476963 -146.3431201248394
 Davidson iteration 91.17 (tol=0.02182712290137813): -147.2264712749462 -147.0016677276761 -146.6419457256209 -146.376711689032
 Davidson iteration 91.18 (tol=0.02183337601238138): -147.2264713284902 -147.0016901077533 -146.6467787112529 -146.4371858650208
 Davidson iteration 91.19 (tol=0.02183312956884214): -147.2264713414336 -147.0016905382514 -146.6494902483804 -146.4657176028734
 Davidson iteration 92.0 (tol=0.0218331285574244): -147.2264779870769
 Davidson iteration 92.1 (tol=0.0218912625484352): -147.2264779878354 -143.0223453494292
 Davidson iteration 92.2 (tol=0.02189000293921038): -147.2264779892535 -143.776392397521 -143.013472589902
 Davidson iteration 92.3 (tol=0.02188958517447996): -147.2264779904864 -144.1528373125077 -143.7763825017433 -143.0069889155301
 Davidson iteration 92.4 (tol=0.02188961146729915): -147.2264779972086 -144.4675745870526 -144.100289615235 -143.5418734952311
 Davidson iteration 92.5 (tol=0.02189091427135065): -147.2264780042698 -145.465689174686 -144.1124295789488 -143.7244736419238
 Davidson iteration 92.6 (tol=0.02189156460378668): -147.2264780129291 -146.3758913982842 -144.1224203681186 -143.8786307835937
 Davidson iteration 92.7 (tol=0.02189160467776639): -147.2264780167179 -146.5905918368722 -144.1705675889114 -144.0943939904109
 Davidson iteration 92.8 (tol=0.02189197257111367): -147.2264780177485 -146.6381317618697 -144.7052887581123 -144.1244363098403
 Davidson iteration 92.9 (tol=0.02189253484036991): -147.2264780227193 -146.685735788811 -146.0362691400012 -144.1373354398152
 Davidson iteration 92.10 (tol=0.02189240071916715): -147.2264780260551 -146.8128139227255 -146.4964605162807 -144.1929099219037
 Davidson iteration 92.11 (tol=0.02189230758757096): -147.2264780264289 -146.9120787786873 -146.5796037754071 -144.8159182646765
 Davidson iteration 92.12 (tol=0.02189372184081447): -147.2264780356308 -146.9603584111264 -146.6083079605602 -145.7272818497804
 Davidson iteration 92.13 (tol=0.02189411065305353): -147.2264780567516 -146.9971341901318 -146.6532353594826 -146.2737383697182
 Davidson iteration 92.14 (tol=0.02189587898257336): -147.2264780644406 -147.0015635330413 -146.6594285751528 -146.3236947152759
 Davidson iteration 92.15 (tol=0.02190928004769606): -147.2264781996054 -147.0027405691762 -146.6643616500703 -146.3492083660582
 Davidson iteration 92.16 (tol=0.02192729100792393): -147.2264784276422 -147.0029967862266 -146.6654280776104 -146.3604802333013
 Davidson iteration 92.17 (tol=0.02192508534356287): -147.2264784589348 -147.0030695017504 -146.6662328152633 -146.3708294192871
 Davidson iteration 92.18 (tol=0.02197380598390682): -147.2264787808324 -147.0030885925441 -146.6666459365298 -146.3741756943071
 Davidson iteration 92.19 (tol=0.02203746633265445): -147.2264795725529 -147.0031191955323 -146.6666697201921 -146.3771208842406
 Davidson iteration 93.0 (tol=0.02203746626642848): -147.2264778212133
 Davidson iteration 93.1 (tol=0.02203477528917957): -147.2264778212149 -143.0204468221154
 Davidson iteration 93.2 (tol=0.02206362876562047): -147.226477906969 -143.2239703493346 -143.0184717399115
 Davidson iteration 93.3 (tol=0.02207811044311836): -147.2264779842784 -144.2504430112102 -143.0239549411429 -142.5202768727694
 Davidson iteration 93.4 (tol=0.02210735215860504): -147.2264782213938 -145.4270126600999 -143.3072111051123 -142.9935605972598
 Davidson iteration 93.5 (tol=0.02210447039517036): -147.2264782650195 -146.2733818892986 -143.7288151753197 -143.0065261070955
 Davidson iteration 93.6 (tol=0.02210561211990981): -147.2264782832179 -146.4772921993815 -143.9192493558118 -143.0908658683565
 Davidson iteration 93.7 (tol=0.02210636988298829): -147.2264783004782 -146.5389401063528 -144.1915630085645 -143.5347125098466
 Davidson iteration 93.8 (tol=0.02210662965893422): -147.2264783036194 -146.5603506167072 -144.7398708040414 -143.6876372316538
 Davidson iteration 93.9 (tol=0.02211866827885518): -147.2264783698917 -146.5708709377965 -145.2980540667663 -143.8437739772917
 Davidson iteration 93.10 (tol=0.02211976821317862): -147.2264784044872 -146.5761262381942 -145.7351581387023 -144.0584252485307
 Davidson iteration 93.11 (tol=0.02211939540615939): -147.226478406329 -146.5809157134652 -146.1438310865974 -144.6813886505364
 Davidson iteration 93.12 (tol=0.02212288397114896): -147.2264784294776 -146.6915009074114 -146.5641150340946 -145.368727734757
 Davidson iteration 93.13 (tol=0.02212246030518003): -147.2264784333322 -146.9100848455531 -146.5750254388886 -145.614389934831
 Davidson iteration 93.14 (tol=0.02212479549305817): -147.226478446297 -146.9717199051648 -146.5765003637902 -145.7949479397122
 Davidson iteration 93.15 (tol=0.02212452421565581): -147.2264784485816 -146.9905911564651 -146.5776352419014 -146.0109678918416
 Davidson iteration 93.16 (tol=0.02212441919931694): -147.226478449487 -146.9997031455307 -146.5785209808534 -146.2707609800622
 Davidson iteration 93.17 (tol=0.02212438332603484): -147.2264784499127 -147.0022156620295 -146.5797279945495 -146.3844807632224
 Davidson iteration 93.18 (tol=0.02212528863860436): -147.2264784577041 -147.0027721115421 -146.581273124134 -146.4559635151102
 Davidson iteration 93.19 (tol=0.02212585791792284): -147.2264784835236 -147.0030278549608 -146.5878440986607 -146.5400037895733
 Davidson iteration 94.0 (tol=0.02212585790709313): -147.2264777814937
 Davidson iteration 94.1 (tol=0.02213271783994904): -147.2264777815043 -143.0206876759605
 Davidson iteration 94.2 (tol=0.02213360762337951): -147.2264777819629 -143.6494966567219 -143.0071269585978
 Davidson iteration 94.3 (tol=0.0221334772851685): -147.2264777846262 -143.868792190308 -143.2430756045703 -143.0024846384671
 Davidson iteration 94.4 (tol=0.02213389728984264): -147.2264777895028 -144.2990819758822 -143.6441356481203 -143.2347695893417
 Davidson iteration 94.5 (tol=0.02213444327984932): -147.2264777907191 -145.3530933261113 -143.7574365892418 -143.6159417844705
 Davidson iteration 94.6 (tol=0.02213791807598295): -147.2264778087506 -146.3153142690745 -143.904326720715 -143.7152696075554
 Davidson iteration 94.7 (tol=0.02213848757472284): -147.2264778187374 -146.5428136601792 -144.008460565667 -143.7705847391889
 Davidson iteration 94.8 (tol=0.02213880902859897): -147.226477819293 -146.6096134432337 -144.3364219680503 -143.7723044130871
 Davidson iteration 94.9 (tol=0.0221402135684854): -147.2264778318292 -146.6355053567946 -145.2890688211366 -143.8777139704235
 Davidson iteration 94.10 (tol=0.02214007223379008): -147.2264778339563 -146.6673191837363 -146.0356868151378 -144.0643058281601
 Davidson iteration 94.11 (tol=0.02214088770390467): -147.2264778370356 -146.690301199967 -146.3363829660125 -144.3451041719678
 Davidson iteration 94.12 (tol=0.02214087175672353): -147.2264778370563 -146.7441545279029 -146.5350880466045 -145.3517339747284
 Davidson iteration 94.13 (tol=0.02214089853670639): -147.2264778370769 -146.9360426674293 -146.6508540172702 -146.0375031092594
 Davidson iteration 94.14 (tol=0.02214244251614982): -147.2264778451812 -146.9895814693371 -146.6593423820063 -146.1123660894108
 Davidson iteration 94.15 (tol=0.02214313048841763): -147.2264778489292 -146.9981521158922 -146.6618359897749 -146.1478834831801
 Davidson iteration 94.16 (tol=0.02214566302374445): -147.2264778936556 -147.0011035744027 -146.6628073333589 -146.1866791725911
 Davidson iteration 94.17 (tol=0.02214717615416031): -147.2264779368583 -147.0025565090467 -146.6641208457006 -146.3344152415358
 Davidson iteration 94.18 (tol=0.02216639799157551): -147.2264780542785 -147.0029365167527 -146.6647867422605 -146.418688825995
 Davidson iteration 94.19 (tol=0.0222626504361649): -147.2264789722112 -147.0030380870413 -146.6651768056145 -146.4547574950253
 Davidson iteration 95.0 (tol=0.02226265035739382): -147.2264775267232
 Davidson iteration 95.1 (tol=0.02215785702301941): -147.2264775291858 -143.0064699255817
 Davidson iteration 95.2 (tol=0.02222249173744628): -147.2264777318701 -143.1794700068041 -143.0022751935755
 Davidson iteration 95.3 (tol=0.02223386166574129): -147.2264777835532 -143.9882231319763 -143.0316209471884 -142.8892137469947
 Davidson iteration 95.4 (tol=0.02225059761431493): -147.2264779255945 -144.8702992497437 -143.0679688791519 -142.9892679033582
 Davidson iteration 95.5 (tol=0.02225204116811156): -147.2264779694285 -146.0997834021572 -143.6821375414351 -143.023242370844
 Davidson iteration 95.6 (tol=0.02225153911190158): -147.2264779729851 -146.4554560159534 -143.8208299373126 -143.0233182525791
 Davidson iteration 95.7 (tol=0.02225572634950353): -147.226478012913 -146.5464709040856 -144.0150663810151 -143.5165418805102
 Davidson iteration 95.8 (tol=0.02225828716330462): -147.2264780347602 -146.5780413533898 -144.8392906626387 -143.760993493053
 Davidson iteration 95.9 (tol=0.02226960533719174): -147.2264780827801 -146.6105936398488 -145.8198618614886 -144.0163428557793
 Davidson iteration 95.10 (tol=0.02227130401750118): -147.2264781170748 -146.6797586488115 -146.3596221747399 -144.2494072932757
 Davidson iteration 95.11 (tol=0.02227177743832657): -147.2264781177636 -146.8091942534487 -146.517779190061 -144.8736090774819
 Davidson iteration 95.12 (tol=0.02227439343894548): -147.2264781414653 -146.9274677496651 -146.5689330872081 -145.6697180183227
 Davidson iteration 95.13 (tol=0.02227404969694455): -147.226478143258 -146.9853572291426 -146.5939793701493 -146.0038587073875
 Davidson iteration 95.14 (tol=0.02227534365480588): -147.2264781508321 -146.9976873090969 -146.6018657196622 -146.1132801709819
 Davidson iteration 95.15 (tol=0.02227555584871539): -147.226478153758 -147.0011316384465 -146.6083489825967 -146.2020513581479
 Davidson iteration 95.16 (tol=0.02227554541539506): -147.2264781546322 -147.0024799587181 -146.6138388590623 -146.3172188941836
 Davidson iteration 95.17 (tol=0.02227603992922737): -147.2264781604478 -147.0030417074031 -146.6219620785359 -146.4248331127393
 Davidson iteration 95.18 (tol=0.02227634460090174): -147.2264781611208 -147.0031727998391 -146.6277223830449 -146.4783122577065
 Davidson iteration 95.19 (tol=0.02227817670792495): -147.2264781787421 -147.0032438424863 -146.6402030071149 -146.5368600982622
 Davidson iteration 96.0 (tol=0.02227817670460993): -147.2264777949636
 Davidson iteration 96.1 (tol=0.02228695081967177): -147.2264777949809 -143.0142668698619
 Davidson iteration 96.2 (tol=0.02228748473786025): -147.2264777951674 -143.74710666825 -143.0041522044613
 Davidson iteration 96.3 (tol=0.02228729885672898): -147.2264777954048 -144.1082152717863 -143.7446546433585 -142.9943019506229
 Davidson iteration 96.4 (tol=0.02228722276270886): -147.2264777962493 -144.1329076164569 -143.8884712692056 -143.1293670838323
 Davidson iteration 96.5 (tol=0.02228726316872746): -147.2264777966616 -144.1332561823803 -144.0274808038419 -143.5165491412773
 Davidson iteration 96.6 (tol=0.02228730608995935): -147.2264777968086 -145.0750007349641 -144.13167041705 -143.8093541780055
 Davidson iteration 96.7 (tol=0.02228916849442987): -147.2264778076265 -146.0421069827104 -144.1638859104276 -143.9254233380819
 Davidson iteration 96.8 (tol=0.02228901207202693): -147.2264778086798 -146.5214334110082 -144.2109170609165 -144.0992225406861
 Davidson iteration 96.9 (tol=0.02229048754461601): -147.2264778176623 -146.7116899960894 -145.1219494778512 -144.1759918084427
 Davidson iteration 96.10 (tol=0.02229087667670099): -147.2264778182404 -146.8541461611377 -145.9078609038467 -144.219925700836
 Davidson iteration 96.11 (tol=0.02229085672272378): -147.2264778183634 -146.9411436854776 -146.2797183642446 -144.3880149070121
 Davidson iteration 96.12 (tol=0.02229096369561839): -147.2264778188906 -146.9768389373658 -146.4133798812709 -144.7635411940917
 Davidson iteration 96.13 (tol=0.02229133384370055): -147.2264778226098 -146.9964656468283 -146.5488485323032 -145.5987160339714
 Davidson iteration 96.14 (tol=0.02229286330335254): -147.2264778315983 -147.0010224915555 -146.5853604997574 -145.7763969880423
 Davidson iteration 96.15 (tol=0.02229722426810252): -147.2264778644314 -147.0023696871714 -146.6088647434699 -145.9182002977591
 Davidson iteration 96.16 (tol=0.02230014763120675): -147.2264778811233 -147.0028597311696 -146.6227652686341 -146.0647833414581
 Davidson iteration 96.17 (tol=0.02230388563243011): -147.2264779390119 -147.0030928248024 -146.6378243464253 -146.2424707270733
 Davidson iteration 96.18 (tol=0.02231581721158112): -147.2264780011935 -147.0031501624603 -146.6432465296473 -146.3017696361715
 Davidson iteration 96.19 (tol=0.02233766160710868): -147.2264782695594 -147.0031878692963 -146.6471943579936 -146.344868002437
 Davidson iteration 97.0 (tol=0.02233766159792068): -147.2264776995306
 Davidson iteration 97.1 (tol=0.02231795438559202): -147.2264776996177 -143.0148261287825
 Davidson iteration 97.2 (tol=0.0223292821867625): -147.226477724696 -143.375845241382 -143.011005141782
 Davidson iteration 97.3 (tol=0.02233484111876058): -147.2264777598061 -143.9182794207772 -143.0138867012604 -142.8280346301546
 Davidson iteration 97.4 (tol=0.02234052975586826): -147.2264778117148 -144.7258894526759 -143.4397797756454 -143.0001212249958
 Davidson iteration 97.5 (tol=0.02234025730643786): -147.2264778170678 -145.8969310208815 -143.7311526535905 -143.0314432023714
 Davidson iteration 97.6 (tol=0.02234273381316472): -147.2264778372418 -146.4203439425509 -143.8500365966091 -143.176989699784
 Davidson iteration 97.7 (tol=0.02234355061834212): -147.2264778597001 -146.5351248834466 -143.9744392053 -143.50131040375
 Davidson iteration 97.8 (tol=0.02234430185176899): -147.2264778672283 -146.5710211968663 -144.5232934717275 -143.7143939406365
 Davidson iteration 97.9 (tol=0.02235179255210544): -147.2264779023811 -146.5932268673274 -145.3696327263427 -143.8555318945349
 Davidson iteration 97.10 (tol=0.02235253828411406): -147.2264779256859 -146.6147242426532 -146.015460088651 -143.9488014439651
 Davidson iteration 97.11 (tol=0.02235249159229312): -147.2264779257251 -146.638280520548 -146.3180834504971 -144.4627778816965
 Davidson iteration 97.12 (tol=0.02235345026183604): -147.2264779324379 -146.7220480762728 -146.5467912577615 -145.5344550161915
 Davidson iteration 97.13 (tol=0.02235337746033676): -147.2264779331766 -146.9108770242634 -146.6034348672781 -145.9337408976708
 Davidson iteration 97.14 (tol=0.02235338495256481): -147.2264779332881 -146.9732841139666 -146.612757228537 -146.0558943783818
 Davidson iteration 97.15 (tol=0.02235349105370438): -147.2264779338834 -146.9895220026255 -146.6181450990439 -146.139930649724
 Davidson iteration 97.16 (tol=0.02235358096554099): -147.2264779355845 -146.9991441214725 -146.6293133006005 -146.3654922820503
 Davidson iteration 97.17 (tol=0.02235425902781612): -147.2264779417966 -147.0022690831723 -146.6433566190631 -146.4778791683529
 Davidson iteration 97.18 (tol=0.02235472102567246): -147.2264779437708 -147.0029390451826 -146.6511185305823 -146.5107375820177
 Davidson iteration 97.19 (tol=0.02235751020862565): -147.2264779724329 -147.0030824268367 -146.654959135118 -146.5225406771442
 Davidson iteration 98.0 (tol=0.02235751020779252): -147.2264777707803
 Davidson iteration 98.1 (tol=0.02235934630252272): -147.2264777707811 -143.0157746312391
 Davidson iteration 98.2 (tol=0.02236106337352169): -147.2264777722503 -143.5991366306285 -143.0010732597933
 Davidson iteration 98.3 (tol=0.02236096319443367): -147.2264777762833 -143.8171077959944 -143.0532243540014 -142.9646779027505
 Davidson iteration 98.4 (tol=0.02236128315183995): -147.2264777793748 -143.9128379677248 -143.5602408505522 -142.9989365283896
 Davidson iteration 98.5 (tol=0.02236313158399563): -147.2264777861009 -144.1618681678525 -143.6441782875532 -143.5582835239271
 Davidson iteration 98.6 (tol=0.02236339638838872): -147.2264777869736 -145.4607710205737 -143.8574798680378 -143.627818170271
 Davidson iteration 98.7 (tol=0.02236392977662992): -147.2264777921831 -146.2393735403285 -143.9246528944681 -143.7262204806728
 Davidson iteration 98.8 (tol=0.02236402186062687): -147.2264777944494 -146.621574624544 -144.2913407030606 -143.7262279058835
 Davidson iteration 98.9 (tol=0.02236483599195966): -147.2264777990435 -146.7773759204088 -145.3566177029697 -143.8679308507552
 Davidson iteration 98.10 (tol=0.02236471214678041): -147.2264777995974 -146.9266047377714 -146.1721211417625 -144.0159869019568
 Davidson iteration 98.11 (tol=0.02236496483028337): -147.2264778009788 -146.9755636977931 -146.3560736743625 -144.2036417012527
 Davidson iteration 98.12 (tol=0.02236504812714202): -147.2264778011167 -146.9938688262987 -146.4412020630135 -144.7942054284355
 Davidson iteration 98.13 (tol=0.02236541611060241): -147.2264778036183 -147.001076132986 -146.5145681814694 -145.6166489896702
 Davidson iteration 98.14 (tol=0.02236770624835508): -147.226477813548 -147.0027958784414 -146.5450102736834 -145.8548911660984
 Davidson iteration 98.15 (tol=0.02236842124584872): -147.2264778241927 -147.0031241683531 -146.5591675350071 -146.0036898091512
 Davidson iteration 98.16 (tol=0.02236843048303125): -147.2264778242327 -147.0032078125592 -146.5675959634567 -146.1387905734719
 Davidson iteration 98.17 (tol=0.02236974642321084): -147.2264778341579 -147.0032396471006 -146.5811367467399 -146.3207332560706
 Davidson iteration 98.18 (tol=0.02238768492611948): -147.2264779770691 -147.0032412593666 -146.5864196279846 -146.3733284546444
 Davidson iteration 98.19 (tol=0.02246151395288146): -147.2264788012041 -147.0032413916353 -146.590898360722 -146.4095652973533
 Davidson iteration 99.0 (tol=0.02246151379760878): -147.2264771085404
 Davidson iteration 99.1 (tol=0.02230354673321675): -147.2264771141364 -143.0143685035091
 Davidson iteration 99.2 (tol=0.0223478695470126): -147.2264772395201 -143.0992998530954 -142.9974715015937
 Davidson iteration 99.3 (tol=0.02236374960865441): -147.2264773186209 -144.1891912957683 -143.0217898876006 -142.5979441387086
 Davidson iteration 99.4 (tol=0.02238565636175611): -147.2264775119069 -145.5124850734096 -143.3836840067949 -143.0007509888796
 Davidson iteration 99.5 (tol=0.02238641508252072): -147.2264775735828 -146.2710164274148 -143.7087460591388 -143.0039110602517
 Davidson iteration 99.6 (tol=0.02238634974137295): -147.2264775872439 -146.4941408989873 -143.8653669388005 -143.0148917298103
 Davidson iteration 99.7 (tol=0.02238709143935438): -147.2264776115631 -146.5440793276221 -144.2232620218199 -143.6482572655167
 Davidson iteration 99.8 (tol=0.02238850755851548): -147.2264776218369 -146.5701211635158 -145.1038464494471 -143.7602762579739
 Davidson iteration 99.9 (tol=0.02240012952620504): -147.2264776810144 -146.5983163577746 -145.9264071128049 -143.8902521977434
 Davidson iteration 99.10 (tol=0.02240050932754419): -147.226477699514 -146.6186792264892 -146.1798860171081 -143.9942171515972
 Davidson iteration 99.11 (tol=0.02240086129883965): -147.2264777002962 -146.6362116340901 -146.3201033352199 -144.6286562604612
 Davidson iteration 99.12 (tol=0.02240149071114445): -147.2264777078732 -146.6602611233866 -146.4637634640104 -145.6358113674495
 Davidson iteration 99.13 (tol=0.0224014048297727): -147.2264777086373 -146.7974733672641 -146.5932349896431 -146.0818703230399
 Davidson iteration 99.14 (tol=0.02240140233752931): -147.226477708741 -146.8865732226112 -146.6156258729285 -146.2018143274925
 Davidson iteration 99.15 (tol=0.0224014073134294): -147.2264777087489 -146.958966132144 -146.6317267865869 -146.3402162553032
 Davidson iteration 99.16 (tol=0.02240140822766705): -147.22647770875 -146.9954314171552 -146.6515595255757 -146.4518276597264
 Davidson iteration 99.17 (tol=0.0224023350436708): -147.2264777132165 -147.0020015834007 -146.6566241602407 -146.4752777014205
 Davidson iteration 99.18 (tol=0.02240228481483394): -147.2264777134521 -147.0028819546821 -146.6591569724531 -146.4810821453654
 Davidson iteration 99.19 (tol=0.02240282420918053): -147.2264777161775 -147.0031337690735 -146.659939389979 -146.4849198772074
 Elapsed time for davidson 2460.875556 (sec) 
 Elapsed time for diagonalization 2460.875782 (sec) 
 Elapsed time for mult 0.7780889999999999 (sec) 
 Energy = -147.2264777730333
 Elapsed time for measurement 2.614257 (sec) 
 Sample-based diagonalization: Energy = -147.2264777730333
 Sample-based diagonalization: density = [1.998410501820573,1.991515519574073,1.990398349776724,1.991652828495009,1.98285589860872,1.983479018248871,1.982214025895155,1.974163665318545,1.98106710909658,1.975178808591785,1.980903021253111,1.891988527222765,1.981261340157365,0.1156131973186609,0.02684553408734547,0.02167668000605735,0.0227252346500767,0.01717484395803873,0.01086941981804186,0.0184885505372771,0.02035153319222343,0.0208632608610248
 Sample-based diagonalization: carryover bitstrings = [], size = 0
 Elapse time for dumping one-particle rdm = 0.0006079999999999999
 Elapse time for dumping two-particle rdm = 0.210737
 Zero-Body energy = 0
 One-Body energy = -255.2048414905665
 Two-Body energy = 108.0932167646699
 One-Body + Two-Body energy = -147.1116247258966
 Zero-Body + One-Body + Two-Body energy = -147.1116247258966
