          |                                    ___       ___
          |  _______________________________  /   \ . . /   \
          |                                   \___/     \___/
          |              VAYESTA                  .  V  .   .
          |     Quantum Embedding Package          .___.  A  .___
          |  _______________________________       /   \ . . /   \
          |                    version 1.0.1       \___/     \___/ 
          |
No module named 'dyson'
Dyson required for self-energy calculations
[geomopt] optimizer=sella, 10 atoms, basis=sto-3g, mode=ewf, solver=multi-solver (norb<13 -> FCI, else SCI_SBD)
[geomopt] Working directory : /mnt/beegfs/merzk/kaliakd/EWF_Geom_Opt_Development/release_code_showcase_acetone/EWF-FCI_SCI/jobs_EWF
[geomopt] Per-step subfolder: step_{step:03d}
[geomopt] Sella params: {'order': 0, 'internal': True}  (fmax=0.1 eV/A, steps=25)
[geomopt] Trajectory will be written to: /mnt/beegfs/merzk/kaliakd/EWF_Geom_Opt_Development/release_code_showcase_acetone/EWF-FCI_SCI/jobs_EWF/ewf_geomopt_optim.xyz
DEPRECATED:2026-07-24 15:25:01,384:jax._src.xla_bridge:794: An NVIDIA GPU may be present on this machine, but a CUDA-enabled jaxlib is not installed. Falling back to cpu.
/home/kaliakd/isilon/Danil/Software/Executables/miniforge3/envs/ewf/lib/python3.10/site-packages/numpy/_core/getlimits.py:558: UserWarning: The value of the smallest subnormal for <class 'numpy.float64'> type is zero.
  setattr(self, word, getattr(machar, word).flat[0])
/home/kaliakd/isilon/Danil/Software/Executables/miniforge3/envs/ewf/lib/python3.10/site-packages/numpy/_core/getlimits.py:90: UserWarning: The value of the smallest subnormal for <class 'numpy.float64'> type is zero.
  return self._float_to_str(self.smallest_subnormal)

======================================================================
[geomopt step=000] Starting EWF-FCI/SCI_SBD single-point in /mnt/beegfs/merzk/kaliakd/EWF_Geom_Opt_Development/release_code_showcase_acetone/EWF-FCI_SCI/jobs_EWF/step_000
======================================================================
[geomopt step=000] Building mol + RHF
[geomopt step=000] HF energy: -189.5319968139
          |
          |  INITIALIZING EWF
          |  ================
          |      Initial E(mean-field)=    -189.53199681 Ha
          |      Calculated E(HF)=         -189.53199681 Ha
          |      Difference dE=              +0.00000000 Ha ( -0.0%)
          |      n(AO)=   26  n(MO)=   26  n(linear dep.)=    0
          |      Parameters of EWF:
          |      Options(store_eris=True, global_frag_chempot=None, dm_with_frozen=False, bath_options={'bathtype':
          |          'mp2', 'canonicalize': True, 'occupation_tolerance': 1e-06, 'dmet_threshold': 1e-08, 'rcut': None,
          |          'unit': 'Ang', 'local_aux_enable': False, 'local_aux_radius': 5.0, 'local_aux_unit': 'Ang',
          |          'local_aux_atom_weight_thresh': 0.0001, 'local_aux_print': False, 'order': None, 'max_order': 20,
          |          'threshold': 1e-05, 'truncation': 'occupation', 'project_dmet_order': 2, 'project_dmet_mode':
          |          'squared-entropy', 'addbuffer': False, 'bathtype_occ': None, 'bathtype_vir': None, 'rcut_occ': None,
          |          'rcut_vir': None, 'unit_occ': None, 'unit_vir': None, 'order_occ': None, 'order_vir': None,
          |          'max_order_occ': None, 'max_order_vir': None, 'threshold_occ': None, 'threshold_vir': None,
          |          'truncation_occ': None, 'truncation_vir': None, 'project_dmet_order_occ': None,
          |          'project_dmet_order_vir': None, 'project_dmet_mode_occ': None, 'project_dmet_mode_vir': None,
          |          'addbuffer_occ': None, 'addbuffer_dmet_vir': None, 'canonicalize_occ': None, 'canonicalize_vir':
          |          None}, bosonic_bath_options={'bathtype': None, 'target_orbitals': 'full', 'local_projection':
          |          'fragment', 'threshold': 1e-06, 'truncation': 'occupation'}, solver_options={'conv_tol': None,
          |          'n_moments': None, 'solve_lambda': True, 'conv_tol_normt': None, 'level_shift': None, 'diis_space':
          |          None, 'diis_start_cycle': None, 'iterative_damping': None, 'threads': 1, 'max_cycle': 300,
          |          'fix_spin': None, 'lindep': None, 'davidson_only': True, 'init_guess': 'default', 'max_boson_occ':
          |          2, 'ansatz': None, 'store_as_ccsd': None, 'dumpfile': '/dev/null', 'callback': None,
          |          'compress_cderi': False}, symmetry_tol=1e-06, symmetry_mf_tol=1e-05, screening=None,
          |          ext_rpa_correction=None, match_cluster_fock=False, iao_minao='auto', project_eris=False,
          |          project_init_guess=True, energy_functional='wf', calc_e_wf_corr=True, calc_e_dm_corr=False,
          |          calc_e_ccsd_t_corr=False, t_as_lambda=None, store_wf_type=None, bsse_correction=True, bsse_rmax=5.0,
          |          nelectron_target=None, sc_mode=0, coupled_iterations=False, _debug_wf=None)
          |      Time for EWF setup: 0.2 s
          |  IAO Fragmentation
          |  -----------------
          |  IAO:  computational basis= sto-3g  minimal reference basis= sto-3g (automatically chosen)
          |      IAO CACHE MISS: iao_cache.h5 not found
          |      IAO: building IAOs from scratch (cache miss).
          |      n(AO)=   26  n(MO)=   26  n(occ-MO)=   16  n(IAO)=   26
          |      IAO CACHE WRITE: saved C_iao to iao_cache.h5 (shape=(26, 26))
          |      Fragmentation: orthogonal= True, occupied-complete= True, virtual-complete= True
[geomopt step=000] Discovered 10 fragment(s) at threshold=1e-05
[geomopt step=000] === Wave 1/2 : submitting 10 DUMP job(s) ===
[driver] Submitted dump fragment   0  -> Slurm job 6036523  (/mnt/beegfs/merzk/kaliakd/EWF_Geom_Opt_Development/release_code_showcase_acetone/EWF-FCI_SCI/jobs_EWF/step_000/jobs_fragments_production/frag_dump_000.sh)
[driver] Submitted dump fragment   1  -> Slurm job 6036524  (/mnt/beegfs/merzk/kaliakd/EWF_Geom_Opt_Development/release_code_showcase_acetone/EWF-FCI_SCI/jobs_EWF/step_000/jobs_fragments_production/frag_dump_001.sh)
[driver] Submitted dump fragment   2  -> Slurm job 6036525  (/mnt/beegfs/merzk/kaliakd/EWF_Geom_Opt_Development/release_code_showcase_acetone/EWF-FCI_SCI/jobs_EWF/step_000/jobs_fragments_production/frag_dump_002.sh)
[driver] Submitted dump fragment   3  -> Slurm job 6036526  (/mnt/beegfs/merzk/kaliakd/EWF_Geom_Opt_Development/release_code_showcase_acetone/EWF-FCI_SCI/jobs_EWF/step_000/jobs_fragments_production/frag_dump_003.sh)
[driver] Submitted dump fragment   4  -> Slurm job 6036527  (/mnt/beegfs/merzk/kaliakd/EWF_Geom_Opt_Development/release_code_showcase_acetone/EWF-FCI_SCI/jobs_EWF/step_000/jobs_fragments_production/frag_dump_004.sh)
[driver] Submitted dump fragment   5  -> Slurm job 6036528  (/mnt/beegfs/merzk/kaliakd/EWF_Geom_Opt_Development/release_code_showcase_acetone/EWF-FCI_SCI/jobs_EWF/step_000/jobs_fragments_production/frag_dump_005.sh)
[driver] Submitted dump fragment   6  -> Slurm job 6036529  (/mnt/beegfs/merzk/kaliakd/EWF_Geom_Opt_Development/release_code_showcase_acetone/EWF-FCI_SCI/jobs_EWF/step_000/jobs_fragments_production/frag_dump_006.sh)
[driver] Submitted dump fragment   7  -> Slurm job 6036530  (/mnt/beegfs/merzk/kaliakd/EWF_Geom_Opt_Development/release_code_showcase_acetone/EWF-FCI_SCI/jobs_EWF/step_000/jobs_fragments_production/frag_dump_007.sh)
[driver] Submitted dump fragment   8  -> Slurm job 6036531  (/mnt/beegfs/merzk/kaliakd/EWF_Geom_Opt_Development/release_code_showcase_acetone/EWF-FCI_SCI/jobs_EWF/step_000/jobs_fragments_production/frag_dump_008.sh)
[driver] Submitted dump fragment   9  -> Slurm job 6036532  (/mnt/beegfs/merzk/kaliakd/EWF_Geom_Opt_Development/release_code_showcase_acetone/EWF-FCI_SCI/jobs_EWF/step_000/jobs_fragments_production/frag_dump_009.sh)
[driver] Waiting on 10 fragment status file(s) in '/mnt/beegfs/merzk/kaliakd/EWF_Geom_Opt_Development/release_code_showcase_acetone/EWF-FCI_SCI/jobs_EWF/step_000/jobs_fragments_production'
[driver]   done=0/10  running=0  queued=10  (poll 15s)
[driver]   done=2/10  running=8  queued=0  (poll 15s)
[driver]   done=3/10  running=7  queued=0  (poll 15s)
[driver] All fragment jobs reported DONE.
[geomopt step=000] === Wave 2/2 : submitting 10 solve (FCI/SCI) job(s) ===
[driver] Submitted CI fragment   0  -> Slurm job 6036533  (/mnt/beegfs/merzk/kaliakd/EWF_Geom_Opt_Development/release_code_showcase_acetone/EWF-FCI_SCI/jobs_EWF/step_000/jobs_ci_calculations/frag_solve_000.sh)
[driver] Submitted CI fragment   1  -> Slurm job 6036534  (/mnt/beegfs/merzk/kaliakd/EWF_Geom_Opt_Development/release_code_showcase_acetone/EWF-FCI_SCI/jobs_EWF/step_000/jobs_ci_calculations/frag_solve_001.sh)
[driver] Submitted CI fragment   2  -> Slurm job 6036535  (/mnt/beegfs/merzk/kaliakd/EWF_Geom_Opt_Development/release_code_showcase_acetone/EWF-FCI_SCI/jobs_EWF/step_000/jobs_ci_calculations/frag_solve_002.sh)
[driver] Submitted CI fragment   3  -> Slurm job 6036536  (/mnt/beegfs/merzk/kaliakd/EWF_Geom_Opt_Development/release_code_showcase_acetone/EWF-FCI_SCI/jobs_EWF/step_000/jobs_ci_calculations/frag_solve_003.sh)
[driver] Submitted CI fragment   4  -> Slurm job 6036537  (/mnt/beegfs/merzk/kaliakd/EWF_Geom_Opt_Development/release_code_showcase_acetone/EWF-FCI_SCI/jobs_EWF/step_000/jobs_ci_calculations/frag_solve_004.sh)
[driver] Submitted CI fragment   5  -> Slurm job 6036538  (/mnt/beegfs/merzk/kaliakd/EWF_Geom_Opt_Development/release_code_showcase_acetone/EWF-FCI_SCI/jobs_EWF/step_000/jobs_ci_calculations/frag_solve_005.sh)
[driver] Submitted CI fragment   6  -> Slurm job 6036539  (/mnt/beegfs/merzk/kaliakd/EWF_Geom_Opt_Development/release_code_showcase_acetone/EWF-FCI_SCI/jobs_EWF/step_000/jobs_ci_calculations/frag_solve_006.sh)
[driver] Submitted CI fragment   7  -> Slurm job 6036540  (/mnt/beegfs/merzk/kaliakd/EWF_Geom_Opt_Development/release_code_showcase_acetone/EWF-FCI_SCI/jobs_EWF/step_000/jobs_ci_calculations/frag_solve_007.sh)
[driver] Submitted CI fragment   8  -> Slurm job 6036541  (/mnt/beegfs/merzk/kaliakd/EWF_Geom_Opt_Development/release_code_showcase_acetone/EWF-FCI_SCI/jobs_EWF/step_000/jobs_ci_calculations/frag_solve_008.sh)
[driver] Submitted CI fragment   9  -> Slurm job 6036542  (/mnt/beegfs/merzk/kaliakd/EWF_Geom_Opt_Development/release_code_showcase_acetone/EWF-FCI_SCI/jobs_EWF/step_000/jobs_ci_calculations/frag_solve_009.sh)
[driver] Waiting on 10 fragment status file(s) in '/mnt/beegfs/merzk/kaliakd/EWF_Geom_Opt_Development/release_code_showcase_acetone/EWF-FCI_SCI/jobs_EWF/step_000/jobs_ci_calculations'
[driver]   done=0/10  running=0  queued=10  (poll 15s)
[driver]   done=0/10  running=0  queued=10  (poll 15s)
[driver]   done=0/10  running=0  queued=10  (poll 15s)
[driver]   done=0/10  running=0  queued=10  (poll 15s)
[driver]   done=0/10  running=0  queued=10  (poll 15s)
[driver]   done=0/10  running=0  queued=10  (poll 15s)
[driver]   done=0/10  running=0  queued=10  (poll 15s)
[driver]   done=6/10  running=0  queued=4  (poll 15s)
[driver]   done=6/10  running=0  queued=4  (poll 15s)
[driver]   done=6/10  running=0  queued=4  (poll 15s)
[driver]   done=6/10  running=0  queued=4  (poll 15s)
[driver]   done=6/10  running=0  queued=4  (poll 15s)
[driver]   done=6/10  running=0  queued=4  (poll 15s)
[driver]   done=6/10  running=0  queued=4  (poll 15s)
[driver]   done=6/10  running=0  queued=4  (poll 15s)
[driver]   done=6/10  running=0  queued=4  (poll 15s)
[driver]   done=6/10  running=0  queued=4  (poll 15s)
[driver]   done=6/10  running=0  queued=4  (poll 15s)
[driver]   done=6/10  running=0  queued=4  (poll 15s)
[driver]   done=6/10  running=0  queued=4  (poll 15s)
[driver]   done=6/10  running=0  queued=4  (poll 15s)
[driver]   done=6/10  running=0  queued=4  (poll 15s)
[driver]   done=6/10  running=0  queued=4  (poll 15s)
[driver]   done=6/10  running=0  queued=4  (poll 15s)
[driver]   done=6/10  running=0  queued=4  (poll 15s)
[driver]   done=6/10  running=0  queued=4  (poll 15s)
[driver]   done=6/10  running=0  queued=4  (poll 15s)
[driver]   done=6/10  running=0  queued=4  (poll 15s)
[driver]   done=6/10  running=0  queued=4  (poll 15s)
[driver]   done=6/10  running=0  queued=4  (poll 15s)
[driver]   done=6/10  running=0  queued=4  (poll 15s)
[driver]   done=6/10  running=0  queued=4  (poll 15s)
[driver]   done=6/10  running=0  queued=4  (poll 15s)
[driver]   done=6/10  running=0  queued=4  (poll 15s)
[driver]   done=6/10  running=0  queued=4  (poll 15s)
[driver]   done=6/10  running=0  queued=4  (poll 15s)
[driver]   done=6/10  running=0  queued=4  (poll 15s)
[driver]   done=6/10  running=0  queued=4  (poll 15s)
[driver]   done=6/10  running=0  queued=4  (poll 15s)
[driver]   done=6/10  running=0  queued=4  (poll 15s)
[driver]   done=6/10  running=0  queued=4  (poll 15s)
[driver]   done=6/10  running=0  queued=4  (poll 15s)
[driver]   done=6/10  running=0  queued=4  (poll 15s)
[driver]   done=6/10  running=0  queued=4  (poll 15s)
[driver]   done=6/10  running=0  queued=4  (poll 15s)
[driver]   done=6/10  running=0  queued=4  (poll 15s)
[driver]   done=6/10  running=0  queued=4  (poll 15s)
[driver]   done=6/10  running=0  queued=4  (poll 15s)
[driver]   done=6/10  running=0  queued=4  (poll 15s)
[driver]   done=6/10  running=0  queued=4  (poll 15s)
[driver]   done=6/10  running=0  queued=4  (poll 15s)
[driver]   done=6/10  running=0  queued=4  (poll 15s)
[driver]   done=6/10  running=0  queued=4  (poll 15s)
[driver]   done=6/10  running=0  queued=4  (poll 15s)
[driver]   done=6/10  running=0  queued=4  (poll 15s)
[driver]   done=6/10  running=0  queued=4  (poll 15s)
[driver]   done=6/10  running=0  queued=4  (poll 15s)
[driver]   done=6/10  running=0  queued=4  (poll 15s)
[driver]   done=6/10  running=0  queued=4  (poll 15s)
[driver]   done=6/10  running=0  queued=4  (poll 15s)
[driver]   done=6/10  running=0  queued=4  (poll 15s)
[driver]   done=6/10  running=0  queued=4  (poll 15s)
[driver]   done=6/10  running=0  queued=4  (poll 15s)
[driver]   done=6/10  running=0  queued=4  (poll 15s)
[driver]   done=6/10  running=0  queued=4  (poll 15s)
[driver]   done=6/10  running=0  queued=4  (poll 15s)
[driver]   done=6/10  running=0  queued=4  (poll 15s)
[driver]   done=6/10  running=0  queued=4  (poll 15s)
[driver]   done=6/10  running=0  queued=4  (poll 15s)
[driver]   done=6/10  running=0  queued=4  (poll 15s)
[driver]   done=6/10  running=0  queued=4  (poll 15s)
[driver]   done=6/10  running=0  queued=4  (poll 15s)
[driver]   done=6/10  running=0  queued=4  (poll 15s)
[driver]   done=6/10  running=0  queued=4  (poll 15s)
[driver]   done=6/10  running=0  queued=4  (poll 15s)
[driver]   done=6/10  running=0  queued=4  (poll 15s)
[driver]   done=6/10  running=0  queued=4  (poll 15s)
[driver]   done=6/10  running=0  queued=4  (poll 15s)
[driver]   done=6/10  running=0  queued=4  (poll 15s)
[driver]   done=6/10  running=0  queued=4  (poll 15s)
[driver]   done=6/10  running=0  queued=4  (poll 15s)
[driver]   done=6/10  running=0  queued=4  (poll 15s)
[driver]   done=6/10  running=0  queued=4  (poll 15s)
[driver]   done=6/10  running=0  queued=4  (poll 15s)
[driver]   done=6/10  running=0  queued=4  (poll 15s)
[driver]   done=6/10  running=0  queued=4  (poll 15s)
[driver]   done=6/10  running=0  queued=4  (poll 15s)
[driver]   done=6/10  running=0  queued=4  (poll 15s)
[driver]   done=6/10  running=0  queued=4  (poll 15s)
[driver]   done=6/10  running=0  queued=4  (poll 15s)
[driver]   done=6/10  running=0  queued=4  (poll 15s)
[driver]   done=6/10  running=0  queued=4  (poll 15s)
[driver]   done=6/10  running=0  queued=4  (poll 15s)
[driver]   done=6/10  running=0  queued=4  (poll 15s)
[driver]   done=6/10  running=0  queued=4  (poll 15s)
[driver]   done=6/10  running=0  queued=4  (poll 15s)
[driver]   done=6/10  running=0  queued=4  (poll 15s)
[driver]   done=6/10  running=0  queued=4  (poll 15s)
[driver]   done=6/10  running=0  queued=4  (poll 15s)
[driver]   done=6/10  running=0  queued=4  (poll 15s)
[driver]   done=6/10  running=0  queued=4  (poll 15s)
[driver]   done=6/10  running=0  queued=4  (poll 15s)
[driver]   done=6/10  running=0  queued=4  (poll 15s)
[driver]   done=6/10  running=0  queued=4  (poll 15s)
[driver]   done=6/10  running=0  queued=4  (poll 15s)
[driver]   done=6/10  running=0  queued=4  (poll 15s)
[driver]   done=6/10  running=0  queued=4  (poll 15s)
[driver]   done=6/10  running=0  queued=4  (poll 15s)
[driver]   done=6/10  running=0  queued=4  (poll 15s)
[driver]   done=6/10  running=0  queued=4  (poll 15s)
[driver]   done=6/10  running=0  queued=4  (poll 15s)
[driver]   done=6/10  running=0  queued=4  (poll 15s)
[driver]   done=6/10  running=0  queued=4  (poll 15s)
[driver]   done=6/10  running=0  queued=4  (poll 15s)
[driver]   done=6/10  running=0  queued=4  (poll 15s)
[driver]   done=6/10  running=0  queued=4  (poll 15s)
[driver]   done=6/10  running=0  queued=4  (poll 15s)
[driver]   done=6/10  running=0  queued=4  (poll 15s)
[driver]   done=6/10  running=0  queued=4  (poll 15s)
[driver]   done=6/10  running=0  queued=4  (poll 15s)
[driver]   done=6/10  running=0  queued=4  (poll 15s)
[driver]   done=6/10  running=0  queued=4  (poll 15s)
[driver]   done=6/10  running=0  queued=4  (poll 15s)
[driver]   done=6/10  running=0  queued=4  (poll 15s)
[driver]   done=6/10  running=0  queued=4  (poll 15s)
[driver]   done=6/10  running=0  queued=4  (poll 15s)
[driver]   done=6/10  running=0  queued=4  (poll 15s)
[driver]   done=6/10  running=0  queued=4  (poll 15s)
[driver]   done=6/10  running=0  queued=4  (poll 15s)
[driver]   done=6/10  running=0  queued=4  (poll 15s)
[driver]   done=6/10  running=0  queued=4  (poll 15s)
[driver]   done=6/10  running=0  queued=4  (poll 15s)
[driver]   done=6/10  running=0  queued=4  (poll 15s)
[driver]   done=6/10  running=0  queued=4  (poll 15s)
[driver]   done=6/10  running=0  queued=4  (poll 15s)
[driver]   done=6/10  running=0  queued=4  (poll 15s)
[driver]   done=6/10  running=0  queued=4  (poll 15s)
[driver]   done=6/10  running=0  queued=4  (poll 15s)
[driver]   done=6/10  running=0  queued=4  (poll 15s)
[driver]   done=6/10  running=0  queued=4  (poll 15s)
[driver]   done=6/10  running=0  queued=4  (poll 15s)
[driver]   done=6/10  running=0  queued=4  (poll 15s)
[driver]   done=6/10  running=0  queued=4  (poll 15s)
[driver]   done=6/10  running=0  queued=4  (poll 15s)
[driver]   done=6/10  running=0  queued=4  (poll 15s)
[driver]   done=6/10  running=0  queued=4  (poll 15s)
[driver]   done=6/10  running=0  queued=4  (poll 15s)
[driver]   done=6/10  running=0  queued=4  (poll 15s)
[driver]   done=6/10  running=0  queued=4  (poll 15s)
[driver]   done=6/10  running=0  queued=4  (poll 15s)
[driver]   done=6/10  running=0  queued=4  (poll 15s)
[driver]   done=6/10  running=0  queued=4  (poll 15s)
[driver]   done=6/10  running=0  queued=4  (poll 15s)
[driver]   done=6/10  running=0  queued=4  (poll 15s)
[driver]   done=6/10  running=0  queued=4  (poll 15s)
[driver]   done=6/10  running=0  queued=4  (poll 15s)
[driver]   done=6/10  running=0  queued=4  (poll 15s)
[driver]   done=6/10  running=0  queued=4  (poll 15s)
[driver]   done=6/10  running=0  queued=4  (poll 15s)
[driver]   done=6/10  running=0  queued=4  (poll 15s)
[driver]   done=6/10  running=0  queued=4  (poll 15s)
[driver]   done=6/10  running=0  queued=4  (poll 15s)
[driver]   done=6/10  running=0  queued=4  (poll 15s)
[driver]   done=6/10  running=0  queued=4  (poll 15s)
[driver]   done=6/10  running=0  queued=4  (poll 15s)
[driver]   done=6/10  running=0  queued=4  (poll 15s)
[driver]   done=6/10  running=0  queued=4  (poll 15s)
[driver]   done=6/10  running=0  queued=4  (poll 15s)
[driver]   done=6/10  running=0  queued=4  (poll 15s)
[driver]   done=6/10  running=0  queued=4  (poll 15s)
[driver]   done=6/10  running=0  queued=4  (poll 15s)
[driver]   done=6/10  running=0  queued=4  (poll 15s)
[driver]   done=6/10  running=0  queued=4  (poll 15s)
[driver]   done=6/10  running=0  queued=4  (poll 15s)
[driver]   done=6/10  running=0  queued=4  (poll 15s)
[driver]   done=6/10  running=0  queued=4  (poll 15s)
[driver]   done=6/10  running=0  queued=4  (poll 15s)
[driver]   done=6/10  running=0  queued=4  (poll 15s)
[driver]   done=6/10  running=0  queued=4  (poll 15s)
[driver]   done=6/10  running=0  queued=4  (poll 15s)
[driver]   done=6/10  running=0  queued=4  (poll 15s)
[driver]   done=6/10  running=0  queued=4  (poll 15s)
[driver]   done=6/10  running=0  queued=4  (poll 15s)
[driver]   done=6/10  running=0  queued=4  (poll 15s)
[driver]   done=6/10  running=0  queued=4  (poll 15s)
[driver]   done=6/10  running=0  queued=4  (poll 15s)
[driver]   done=6/10  running=0  queued=4  (poll 15s)
[driver]   done=6/10  running=0  queued=4  (poll 15s)
[driver]   done=6/10  running=0  queued=4  (poll 15s)
[driver]   done=6/10  running=0  queued=4  (poll 15s)
[driver]   done=6/10  running=0  queued=4  (poll 15s)
[driver]   done=6/10  running=0  queued=4  (poll 15s)
[driver]   done=6/10  running=0  queued=4  (poll 15s)
[driver]   done=6/10  running=0  queued=4  (poll 15s)
[driver]   done=6/10  running=0  queued=4  (poll 15s)
[driver]   done=6/10  running=0  queued=4  (poll 15s)
[driver]   done=6/10  running=0  queued=4  (poll 15s)
[driver]   done=6/10  running=0  queued=4  (poll 15s)
[driver]   done=6/10  running=0  queued=4  (poll 15s)
[driver]   done=6/10  running=0  queued=4  (poll 15s)
[driver]   done=6/10  running=0  queued=4  (poll 15s)
[driver]   done=6/10  running=0  queued=4  (poll 15s)
[driver]   done=6/10  running=0  queued=4  (poll 15s)
[driver]   done=6/10  running=0  queued=4  (poll 15s)
[driver]   done=6/10  running=0  queued=4  (poll 15s)
[driver]   done=6/10  running=0  queued=4  (poll 15s)
[driver]   done=6/10  running=0  queued=4  (poll 15s)
[driver]   done=6/10  running=0  queued=4  (poll 15s)
[driver]   done=6/10  running=0  queued=4  (poll 15s)
[driver]   done=6/10  running=0  queued=4  (poll 15s)
[driver]   done=6/10  running=0  queued=4  (poll 15s)
[driver]   done=6/10  running=0  queued=4  (poll 15s)
[driver]   done=6/10  running=0  queued=4  (poll 15s)
[driver]   done=6/10  running=0  queued=4  (poll 15s)
[driver]   done=6/10  running=0  queued=4  (poll 15s)
[driver]   done=6/10  running=0  queued=4  (poll 15s)
[driver]   done=6/10  running=0  queued=4  (poll 15s)
[driver]   done=6/10  running=0  queued=4  (poll 15s)
[driver]   done=6/10  running=0  queued=4  (poll 15s)
[driver]   done=6/10  running=0  queued=4  (poll 15s)
[driver]   done=6/10  running=0  queued=4  (poll 15s)
[driver]   done=6/10  running=0  queued=4  (poll 15s)
[driver]   done=6/10  running=0  queued=4  (poll 15s)
[driver]   done=6/10  running=0  queued=4  (poll 15s)
[driver]   done=6/10  running=0  queued=4  (poll 15s)
[driver]   done=6/10  running=0  queued=4  (poll 15s)
[driver]   done=6/10  running=0  queued=4  (poll 15s)
[driver]   done=6/10  running=0  queued=4  (poll 15s)
[driver]   done=6/10  running=0  queued=4  (poll 15s)
[driver]   done=6/10  running=0  queued=4  (poll 15s)
[driver]   done=6/10  running=0  queued=4  (poll 15s)
[driver]   done=6/10  running=0  queued=4  (poll 15s)
[driver]   done=6/10  running=0  queued=4  (poll 15s)
[driver]   done=6/10  running=0  queued=4  (poll 15s)
[driver]   done=6/10  running=0  queued=4  (poll 15s)
[driver]   done=6/10  running=0  queued=4  (poll 15s)
[driver]   done=6/10  running=0  queued=4  (poll 15s)
[driver]   done=6/10  running=0  queued=4  (poll 15s)
[driver]   done=6/10  running=0  queued=4  (poll 15s)
[driver]   done=6/10  running=0  queued=4  (poll 15s)
[driver]   done=6/10  running=0  queued=4  (poll 15s)
[driver]   done=6/10  running=0  queued=4  (poll 15s)
[driver]   done=6/10  running=0  queued=4  (poll 15s)
[driver]   done=6/10  running=0  queued=4  (poll 15s)
[driver]   done=6/10  running=0  queued=4  (poll 15s)
[driver]   done=6/10  running=0  queued=4  (poll 15s)
[driver]   done=6/10  running=0  queued=4  (poll 15s)
[driver]   done=6/10  running=0  queued=4  (poll 15s)
[driver]   done=6/10  running=0  queued=4  (poll 15s)
[driver]   done=6/10  running=0  queued=4  (poll 15s)
[driver]   done=6/10  running=0  queued=4  (poll 15s)
[driver]   done=6/10  running=0  queued=4  (poll 15s)
[driver]   done=6/10  running=0  queued=4  (poll 15s)
[driver]   done=6/10  running=0  queued=4  (poll 15s)
[driver]   done=6/10  running=0  queued=4  (poll 15s)
[driver]   done=6/10  running=0  queued=4  (poll 15s)
[driver]   done=6/10  running=0  queued=4  (poll 15s)
[driver]   done=6/10  running=0  queued=4  (poll 15s)
[driver]   done=6/10  running=0  queued=4  (poll 15s)
[driver]   done=6/10  running=0  queued=4  (poll 15s)
[driver]   done=6/10  running=0  queued=4  (poll 15s)
[driver]   done=6/10  running=0  queued=4  (poll 15s)
[driver]   done=6/10  running=0  queued=4  (poll 15s)
[driver]   done=6/10  running=0  queued=4  (poll 15s)
[driver]   done=6/10  running=0  queued=4  (poll 15s)
[driver]   done=6/10  running=0  queued=4  (poll 15s)
[driver]   done=6/10  running=0  queued=4  (poll 15s)
[driver]   done=6/10  running=0  queued=4  (poll 15s)
[driver]   done=6/10  running=0  queued=4  (poll 15s)
[driver]   done=6/10  running=0  queued=4  (poll 15s)
[driver]   done=6/10  running=0  queued=4  (poll 15s)
[driver]   done=6/10  running=0  queued=4  (poll 15s)
[driver]   done=6/10  running=0  queued=4  (poll 15s)
[driver]   done=6/10  running=0  queued=4  (poll 15s)
[driver]   done=6/10  running=0  queued=4  (poll 15s)
[driver]   done=6/10  running=0  queued=4  (poll 15s)
[driver]   done=6/10  running=0  queued=4  (poll 15s)
[driver]   done=6/10  running=0  queued=4  (poll 15s)
[driver]   done=6/10  running=0  queued=4  (poll 15s)
[driver]   done=6/10  running=0  queued=4  (poll 15s)
[driver]   done=6/10  running=0  queued=4  (poll 15s)
[driver]   done=6/10  running=0  queued=4  (poll 15s)
[driver]   done=6/10  running=0  queued=4  (poll 15s)
[driver]   done=6/10  running=0  queued=4  (poll 15s)
[driver]   done=6/10  running=0  queued=4  (poll 15s)
[driver]   done=6/10  running=0  queued=4  (poll 15s)
[driver]   done=6/10  running=0  queued=4  (poll 15s)
[driver]   done=6/10  running=0  queued=4  (poll 15s)
[driver]   done=6/10  running=0  queued=4  (poll 15s)
[driver]   done=6/10  running=0  queued=4  (poll 15s)
[driver]   done=6/10  running=0  queued=4  (poll 15s)
[driver]   done=6/10  running=0  queued=4  (poll 15s)
[driver]   done=6/10  running=0  queued=4  (poll 15s)
[driver]   done=6/10  running=0  queued=4  (poll 15s)
[driver]   done=6/10  running=0  queued=4  (poll 15s)
[driver]   done=6/10  running=0  queued=4  (poll 15s)
[driver]   done=6/10  running=0  queued=4  (poll 15s)
[driver]   done=6/10  running=0  queued=4  (poll 15s)
[driver]   done=6/10  running=0  queued=4  (poll 15s)
[driver]   done=6/10  running=0  queued=4  (poll 15s)
[driver]   done=6/10  running=0  queued=4  (poll 15s)
[driver]   done=6/10  running=0  queued=4  (poll 15s)
[driver]   done=6/10  running=0  queued=4  (poll 15s)
[driver]   done=6/10  running=0  queued=4  (poll 15s)
[driver]   done=6/10  running=0  queued=4  (poll 15s)
[driver]   done=6/10  running=0  queued=4  (poll 15s)
[driver]   done=6/10  running=0  queued=4  (poll 15s)
[driver]   done=6/10  running=0  queued=4  (poll 15s)
[driver]   done=6/10  running=0  queued=4  (poll 15s)
[driver]   done=6/10  running=0  queued=4  (poll 15s)
[driver]   done=6/10  running=0  queued=4  (poll 15s)
[driver]   done=6/10  running=0  queued=4  (poll 15s)
[driver]   done=6/10  running=0  queued=4  (poll 15s)
[driver]   done=6/10  running=0  queued=4  (poll 15s)
[driver]   done=6/10  running=0  queued=4  (poll 15s)
[driver]   done=6/10  running=0  queued=4  (poll 15s)
[driver]   done=6/10  running=0  queued=4  (poll 15s)
[driver]   done=6/10  running=0  queued=4  (poll 15s)
[driver]   done=6/10  running=0  queued=4  (poll 15s)
[driver]   done=6/10  running=0  queued=4  (poll 15s)
[driver]   done=6/10  running=0  queued=4  (poll 15s)
[driver]   done=6/10  running=0  queued=4  (poll 15s)
[driver]   done=6/10  running=0  queued=4  (poll 15s)
[driver]   done=6/10  running=0  queued=4  (poll 15s)
[driver]   done=6/10  running=0  queued=4  (poll 15s)
[driver]   done=6/10  running=0  queued=4  (poll 15s)
[driver]   done=6/10  running=0  queued=4  (poll 15s)
[driver]   done=6/10  running=0  queued=4  (poll 15s)
[driver]   done=6/10  running=0  queued=4  (poll 15s)
[driver]   done=6/10  running=0  queued=4  (poll 15s)
[driver]   done=6/10  running=0  queued=4  (poll 15s)
[driver]   done=6/10  running=0  queued=4  (poll 15s)
[driver]   done=6/10  running=0  queued=4  (poll 15s)
[driver]   done=6/10  running=0  queued=4  (poll 15s)
[driver]   done=6/10  running=0  queued=4  (poll 15s)
[driver]   done=6/10  running=0  queued=4  (poll 15s)
[driver]   done=6/10  running=0  queued=4  (poll 15s)
[driver]   done=6/10  running=0  queued=4  (poll 15s)
[driver]   done=6/10  running=0  queued=4  (poll 15s)
[driver]   done=6/10  running=0  queued=4  (poll 15s)
[driver]   done=6/10  running=0  queued=4  (poll 15s)
[driver]   done=6/10  running=0  queued=4  (poll 15s)
[driver]   done=6/10  running=0  queued=4  (poll 15s)
[driver]   done=6/10  running=0  queued=4  (poll 15s)
[driver]   done=6/10  running=0  queued=4  (poll 15s)
[driver]   done=6/10  running=0  queued=4  (poll 15s)
[driver]   done=6/10  running=0  queued=4  (poll 15s)
[driver]   done=6/10  running=0  queued=4  (poll 15s)
[driver]   done=6/10  running=0  queued=4  (poll 15s)
[driver]   done=6/10  running=0  queued=4  (poll 15s)
[driver]   done=6/10  running=0  queued=4  (poll 15s)
[driver]   done=6/10  running=0  queued=4  (poll 15s)
[driver]   done=6/10  running=0  queued=4  (poll 15s)
[driver]   done=6/10  running=0  queued=4  (poll 15s)
[driver]   done=6/10  running=0  queued=4  (poll 15s)
[driver]   done=6/10  running=0  queued=4  (poll 15s)
[driver]   done=6/10  running=0  queued=4  (poll 15s)
[driver]   done=6/10  running=0  queued=4  (poll 15s)
[driver]   done=6/10  running=0  queued=4  (poll 15s)
[driver]   done=6/10  running=0  queued=4  (poll 15s)
[driver]   done=6/10  running=0  queued=4  (poll 15s)
[driver]   done=6/10  running=0  queued=4  (poll 15s)
[driver]   done=6/10  running=0  queued=4  (poll 15s)
[driver]   done=6/10  running=0  queued=4  (poll 15s)
[driver]   done=6/10  running=0  queued=4  (poll 15s)
[driver]   done=6/10  running=0  queued=4  (poll 15s)
[driver]   done=6/10  running=0  queued=4  (poll 15s)
[driver]   done=6/10  running=0  queued=4  (poll 15s)
[driver]   done=6/10  running=0  queued=4  (poll 15s)
[driver]   done=6/10  running=0  queued=4  (poll 15s)
[driver]   done=6/10  running=0  queued=4  (poll 15s)
[driver]   done=6/10  running=0  queued=4  (poll 15s)
[driver]   done=6/10  running=0  queued=4  (poll 15s)
[driver]   done=6/10  running=0  queued=4  (poll 15s)
[driver]   done=6/10  running=0  queued=4  (poll 15s)
[driver]   done=6/10  running=0  queued=4  (poll 15s)
[driver]   done=6/10  running=0  queued=4  (poll 15s)
[driver]   done=6/10  running=0  queued=4  (poll 15s)
[driver]   done=6/10  running=0  queued=4  (poll 15s)
[driver]   done=6/10  running=0  queued=4  (poll 15s)
[driver]   done=6/10  running=0  queued=4  (poll 15s)
[driver]   done=6/10  running=0  queued=4  (poll 15s)
[driver]   done=6/10  running=0  queued=4  (poll 15s)
[driver]   done=6/10  running=0  queued=4  (poll 15s)
[driver]   done=6/10  running=0  queued=4  (poll 15s)
[driver]   done=6/10  running=0  queued=4  (poll 15s)
[driver]   done=6/10  running=0  queued=4  (poll 15s)
[driver]   done=6/10  running=0  queued=4  (poll 15s)
[driver]   done=6/10  running=0  queued=4  (poll 15s)
[driver]   done=6/10  running=0  queued=4  (poll 15s)
[driver]   done=6/10  running=0  queued=4  (poll 15s)
[driver]   done=6/10  running=0  queued=4  (poll 15s)
[driver]   done=6/10  running=0  queued=4  (poll 15s)
[driver]   done=6/10  running=0  queued=4  (poll 15s)
[driver]   done=6/10  running=0  queued=4  (poll 15s)
[driver]   done=6/10  running=0  queued=4  (poll 15s)
[driver]   done=6/10  running=0  queued=4  (poll 15s)
[driver]   done=6/10  running=0  queued=4  (poll 15s)
[driver]   done=6/10  running=0  queued=4  (poll 15s)
[driver]   done=6/10  running=0  queued=4  (poll 15s)
[driver]   done=6/10  running=0  queued=4  (poll 15s)
[driver]   done=6/10  running=0  queued=4  (poll 15s)
[driver]   done=6/10  running=0  queued=4  (poll 15s)
[driver]   done=6/10  running=0  queued=4  (poll 15s)
[driver]   done=6/10  running=0  queued=4  (poll 15s)
[driver]   done=6/10  running=0  queued=4  (poll 15s)
[driver]   done=6/10  running=0  queued=4  (poll 15s)
[driver]   done=6/10  running=0  queued=4  (poll 15s)
[driver]   done=6/10  running=0  queued=4  (poll 15s)
[driver]   done=6/10  running=0  queued=4  (poll 15s)
[driver]   done=6/10  running=0  queued=4  (poll 15s)
[driver]   done=6/10  running=0  queued=4  (poll 15s)
[driver]   done=6/10  running=0  queued=4  (poll 15s)
[driver]   done=6/10  running=0  queued=4  (poll 15s)
[driver]   done=6/10  running=0  queued=4  (poll 15s)
[driver]   done=6/10  running=0  queued=4  (poll 15s)
[driver]   done=6/10  running=0  queued=4  (poll 15s)
[driver]   done=6/10  running=0  queued=4  (poll 15s)
[driver]   done=6/10  running=0  queued=4  (poll 15s)
[driver]   done=6/10  running=0  queued=4  (poll 15s)
[driver]   done=6/10  running=0  queued=4  (poll 15s)
[driver]   done=6/10  running=0  queued=4  (poll 15s)
[driver]   done=6/10  running=0  queued=4  (poll 15s)
[driver]   done=6/10  running=0  queued=4  (poll 15s)
[driver]   done=6/10  running=0  queued=4  (poll 15s)
[driver]   done=6/10  running=0  queued=4  (poll 15s)
[driver]   done=6/10  running=0  queued=4  (poll 15s)
[driver]   done=6/10  running=0  queued=4  (poll 15s)
[driver]   done=6/10  running=0  queued=4  (poll 15s)
[driver]   done=6/10  running=0  queued=4  (poll 15s)
[driver]   done=6/10  running=0  queued=4  (poll 15s)
[driver]   done=6/10  running=0  queued=4  (poll 15s)
[driver]   done=6/10  running=0  queued=4  (poll 15s)
[driver]   done=6/10  running=0  queued=4  (poll 15s)
[driver]   done=6/10  running=0  queued=4  (poll 15s)
[driver]   done=6/10  running=0  queued=4  (poll 15s)
[driver]   done=6/10  running=0  queued=4  (poll 15s)
[driver]   done=6/10  running=0  queued=4  (poll 15s)
[driver]   done=6/10  running=0  queued=4  (poll 15s)
[driver]   done=6/10  running=0  queued=4  (poll 15s)
[driver]   done=6/10  running=0  queued=4  (poll 15s)
[driver]   done=6/10  running=0  queued=4  (poll 15s)
[driver]   done=6/10  running=0  queued=4  (poll 15s)
[driver]   done=6/10  running=0  queued=4  (poll 15s)
[driver]   done=6/10  running=0  queued=4  (poll 15s)
[driver]   done=6/10  running=0  queued=4  (poll 15s)
[driver]   done=6/10  running=0  queued=4  (poll 15s)
[driver]   done=6/10  running=0  queued=4  (poll 15s)
[driver]   done=6/10  running=0  queued=4  (poll 15s)
[driver]   done=6/10  running=0  queued=4  (poll 15s)
[driver]   done=6/10  running=0  queued=4  (poll 15s)
[driver]   done=6/10  running=0  queued=4  (poll 15s)
[driver]   done=6/10  running=0  queued=4  (poll 15s)
[driver]   done=6/10  running=0  queued=4  (poll 15s)
[driver]   done=6/10  running=0  queued=4  (poll 15s)
[driver]   done=6/10  running=0  queued=4  (poll 15s)
[driver]   done=6/10  running=0  queued=4  (poll 15s)
[driver]   done=6/10  running=0  queued=4  (poll 15s)
[driver]   done=6/10  running=0  queued=4  (poll 15s)
[driver]   done=6/10  running=0  queued=4  (poll 15s)
[driver]   done=6/10  running=0  queued=4  (poll 15s)
[driver]   done=6/10  running=0  queued=4  (poll 15s)
[driver]   done=6/10  running=0  queued=4  (poll 15s)
[driver]   done=6/10  running=0  queued=4  (poll 15s)
[driver]   done=6/10  running=0  queued=4  (poll 15s)
[driver]   done=6/10  running=0  queued=4  (poll 15s)
[driver]   done=6/10  running=0  queued=4  (poll 15s)
[driver]   done=6/10  running=0  queued=4  (poll 15s)
[driver]   done=6/10  running=0  queued=4  (poll 15s)
[driver]   done=6/10  running=0  queued=4  (poll 15s)
[driver]   done=6/10  running=0  queued=4  (poll 15s)
[driver]   done=6/10  running=0  queued=4  (poll 15s)
[driver]   done=6/10  running=0  queued=4  (poll 15s)
[driver]   done=6/10  running=0  queued=4  (poll 15s)
[driver]   done=6/10  running=0  queued=4  (poll 15s)
[driver]   done=6/10  running=0  queued=4  (poll 15s)
[driver]   done=6/10  running=0  queued=4  (poll 15s)
[driver]   done=6/10  running=0  queued=4  (poll 15s)
[driver]   done=6/10  running=0  queued=4  (poll 15s)
[driver]   done=6/10  running=0  queued=4  (poll 15s)
[driver]   done=6/10  running=0  queued=4  (poll 15s)
[driver]   done=6/10  running=0  queued=4  (poll 15s)
[driver]   done=6/10  running=0  queued=4  (poll 15s)
[driver]   done=6/10  running=0  queued=4  (poll 15s)
[driver]   done=6/10  running=0  queued=4  (poll 15s)
[driver]   done=6/10  running=0  queued=4  (poll 15s)
[driver]   done=6/10  running=0  queued=4  (poll 15s)
[driver]   done=6/10  running=0  queued=4  (poll 15s)
[driver]   done=6/10  running=0  queued=4  (poll 15s)
[driver]   done=6/10  running=0  queued=4  (poll 15s)
[driver]   done=6/10  running=0  queued=4  (poll 15s)
[driver]   done=6/10  running=0  queued=4  (poll 15s)
[driver]   done=6/10  running=0  queued=4  (poll 15s)
[driver]   done=6/10  running=0  queued=4  (poll 15s)
[driver]   done=6/10  running=0  queued=4  (poll 15s)
[driver]   done=6/10  running=0  queued=4  (poll 15s)
[driver]   done=6/10  running=0  queued=4  (poll 15s)
[driver]   done=6/10  running=0  queued=4  (poll 15s)
[driver]   done=6/10  running=0  queued=4  (poll 15s)
[driver]   done=6/10  running=0  queued=4  (poll 15s)
[driver]   done=6/10  running=0  queued=4  (poll 15s)
[driver]   done=6/10  running=0  queued=4  (poll 15s)
[driver]   done=6/10  running=0  queued=4  (poll 15s)
[driver]   done=6/10  running=0  queued=4  (poll 15s)
[driver]   done=6/10  running=0  queued=4  (poll 15s)
[driver]   done=6/10  running=0  queued=4  (poll 15s)
[driver]   done=6/10  running=0  queued=4  (poll 15s)
[driver]   done=6/10  running=0  queued=4  (poll 15s)
[driver]   done=6/10  running=0  queued=4  (poll 15s)
[driver]   done=6/10  running=0  queued=4  (poll 15s)
[driver]   done=6/10  running=0  queued=4  (poll 15s)
[driver]   done=6/10  running=0  queued=4  (poll 15s)
[driver]   done=6/10  running=1  queued=3  (poll 15s)
[driver]   done=6/10  running=1  queued=3  (poll 15s)
[driver]   done=6/10  running=1  queued=3  (poll 15s)
[driver]   done=6/10  running=1  queued=3  (poll 15s)
[driver]   done=6/10  running=1  queued=3  (poll 15s)
[driver]   done=6/10  running=1  queued=3  (poll 15s)
[driver]   done=6/10  running=1  queued=3  (poll 15s)
[driver]   done=6/10  running=1  queued=3  (poll 15s)
[driver]   done=6/10  running=1  queued=3  (poll 15s)
[driver]   done=6/10  running=1  queued=3  (poll 15s)
[driver]   done=6/10  running=1  queued=3  (poll 15s)
[driver]   done=6/10  running=1  queued=3  (poll 15s)
[driver]   done=6/10  running=1  queued=3  (poll 15s)
[driver]   done=6/10  running=1  queued=3  (poll 15s)
[driver]   done=6/10  running=1  queued=3  (poll 15s)
[driver]   done=6/10  running=1  queued=3  (poll 15s)
[driver]   done=6/10  running=1  queued=3  (poll 15s)
[driver]   done=6/10  running=1  queued=3  (poll 15s)
[driver]   done=6/10  running=1  queued=3  (poll 15s)
[driver]   done=6/10  running=1  queued=3  (poll 15s)
[driver]   done=6/10  running=1  queued=3  (poll 15s)
[driver]   done=6/10  running=1  queued=3  (poll 15s)
[driver]   done=6/10  running=1  queued=3  (poll 15s)
[driver]   done=6/10  running=1  queued=3  (poll 15s)
[driver]   done=6/10  running=1  queued=3  (poll 15s)
[driver]   done=6/10  running=1  queued=3  (poll 15s)
[driver]   done=6/10  running=1  queued=3  (poll 15s)
[driver]   done=6/10  running=1  queued=3  (poll 15s)
[driver]   done=6/10  running=1  queued=3  (poll 15s)
[driver]   done=6/10  running=1  queued=3  (poll 15s)
[driver]   done=6/10  running=1  queued=3  (poll 15s)
[driver]   done=6/10  running=1  queued=3  (poll 15s)
[driver]   done=6/10  running=1  queued=3  (poll 15s)
[driver]   done=6/10  running=1  queued=3  (poll 15s)
[driver]   done=6/10  running=1  queued=3  (poll 15s)
[driver]   done=6/10  running=1  queued=3  (poll 15s)
[driver]   done=6/10  running=1  queued=3  (poll 15s)
[driver]   done=6/10  running=1  queued=3  (poll 15s)
[driver]   done=6/10  running=1  queued=3  (poll 15s)
[driver]   done=6/10  running=1  queued=3  (poll 15s)
[driver]   done=6/10  running=1  queued=3  (poll 15s)
[driver]   done=6/10  running=1  queued=3  (poll 15s)
[driver]   done=6/10  running=1  queued=3  (poll 15s)
[driver]   done=6/10  running=1  queued=3  (poll 15s)
[driver]   done=6/10  running=1  queued=3  (poll 15s)
[driver]   done=6/10  running=1  queued=3  (poll 15s)
[driver]   done=6/10  running=1  queued=3  (poll 15s)
[driver]   done=6/10  running=1  queued=3  (poll 15s)
[driver]   done=6/10  running=1  queued=3  (poll 15s)
[driver]   done=6/10  running=1  queued=3  (poll 15s)
[driver]   done=6/10  running=1  queued=3  (poll 15s)
[driver]   done=6/10  running=1  queued=3  (poll 15s)
[driver]   done=6/10  running=1  queued=3  (poll 15s)
[driver]   done=6/10  running=1  queued=3  (poll 15s)
[driver]   done=6/10  running=1  queued=3  (poll 15s)
[driver]   done=6/10  running=1  queued=3  (poll 15s)
[driver]   done=6/10  running=1  queued=3  (poll 15s)
[driver]   done=6/10  running=1  queued=3  (poll 15s)
[driver]   done=6/10  running=1  queued=3  (poll 15s)
[driver]   done=6/10  running=1  queued=3  (poll 15s)
[driver]   done=6/10  running=1  queued=3  (poll 15s)
[driver]   done=6/10  running=1  queued=3  (poll 15s)
[driver]   done=6/10  running=1  queued=3  (poll 15s)
[driver]   done=6/10  running=1  queued=3  (poll 15s)
[driver]   done=6/10  running=1  queued=3  (poll 15s)
[driver]   done=6/10  running=1  queued=3  (poll 15s)
[driver]   done=6/10  running=1  queued=3  (poll 15s)
[driver]   done=6/10  running=1  queued=3  (poll 15s)
[driver]   done=6/10  running=1  queued=3  (poll 15s)
[driver]   done=6/10  running=1  queued=3  (poll 15s)
[driver]   done=6/10  running=1  queued=3  (poll 15s)
[driver]   done=6/10  running=1  queued=3  (poll 15s)
[driver]   done=6/10  running=1  queued=3  (poll 15s)
[driver]   done=6/10  running=1  queued=3  (poll 15s)
[driver]   done=6/10  running=1  queued=3  (poll 15s)
[driver]   done=6/10  running=1  queued=3  (poll 15s)
[driver]   done=6/10  running=1  queued=3  (poll 15s)
[driver]   done=6/10  running=1  queued=3  (poll 15s)
[driver]   done=6/10  running=1  queued=3  (poll 15s)
[driver]   done=6/10  running=1  queued=3  (poll 15s)
[driver]   done=6/10  running=1  queued=3  (poll 15s)
[driver]   done=6/10  running=1  queued=3  (poll 15s)
[driver]   done=6/10  running=1  queued=3  (poll 15s)
[driver]   done=6/10  running=1  queued=3  (poll 15s)
[driver]   done=6/10  running=1  queued=3  (poll 15s)
[driver]   done=6/10  running=1  queued=3  (poll 15s)
[driver]   done=6/10  running=1  queued=3  (poll 15s)
[driver]   done=6/10  running=1  queued=3  (poll 15s)
[driver]   done=6/10  running=1  queued=3  (poll 15s)
[driver]   done=6/10  running=1  queued=3  (poll 15s)
[driver]   done=6/10  running=1  queued=3  (poll 15s)
[driver]   done=6/10  running=1  queued=3  (poll 15s)
[driver]   done=6/10  running=1  queued=3  (poll 15s)
[driver]   done=6/10  running=1  queued=3  (poll 15s)
[driver]   done=6/10  running=1  queued=3  (poll 15s)
[driver]   done=6/10  running=1  queued=3  (poll 15s)
[driver]   done=6/10  running=1  queued=3  (poll 15s)
[driver]   done=6/10  running=1  queued=3  (poll 15s)
[driver]   done=6/10  running=1  queued=3  (poll 15s)
[driver]   done=6/10  running=1  queued=3  (poll 15s)
[driver]   done=6/10  running=1  queued=3  (poll 15s)
[driver]   done=6/10  running=1  queued=3  (poll 15s)
[driver]   done=6/10  running=1  queued=3  (poll 15s)
[driver]   done=6/10  running=1  queued=3  (poll 15s)
[driver]   done=6/10  running=1  queued=3  (poll 15s)
[driver]   done=6/10  running=1  queued=3  (poll 15s)
[driver]   done=6/10  running=1  queued=3  (poll 15s)
[driver]   done=6/10  running=1  queued=3  (poll 15s)
[driver]   done=6/10  running=1  queued=3  (poll 15s)
[driver]   done=6/10  running=1  queued=3  (poll 15s)
[driver]   done=6/10  running=1  queued=3  (poll 15s)
[driver]   done=6/10  running=1  queued=3  (poll 15s)
[driver]   done=6/10  running=1  queued=3  (poll 15s)
[driver]   done=6/10  running=1  queued=3  (poll 15s)
[driver]   done=6/10  running=1  queued=3  (poll 15s)
[driver]   done=6/10  running=1  queued=3  (poll 15s)
[driver]   done=6/10  running=1  queued=3  (poll 15s)
[driver]   done=6/10  running=1  queued=3  (poll 15s)
[driver]   done=6/10  running=1  queued=3  (poll 15s)
[driver]   done=6/10  running=1  queued=3  (poll 15s)
[driver]   done=6/10  running=1  queued=3  (poll 15s)
[driver]   done=6/10  running=1  queued=3  (poll 15s)
[driver]   done=6/10  running=1  queued=3  (poll 15s)
[driver]   done=6/10  running=1  queued=3  (poll 15s)
[driver]   done=6/10  running=1  queued=3  (poll 15s)
[driver]   done=6/10  running=1  queued=3  (poll 15s)
[driver]   done=6/10  running=1  queued=3  (poll 15s)
[driver]   done=6/10  running=1  queued=3  (poll 15s)
[driver]   done=6/10  running=1  queued=3  (poll 15s)
[driver]   done=6/10  running=1  queued=3  (poll 15s)
[driver]   done=6/10  running=1  queued=3  (poll 15s)
[driver]   done=6/10  running=1  queued=3  (poll 15s)
[driver]   done=6/10  running=1  queued=3  (poll 15s)
[driver]   done=6/10  running=1  queued=3  (poll 15s)
[driver]   done=6/10  running=1  queued=3  (poll 15s)
[driver]   done=6/10  running=1  queued=3  (poll 15s)
[driver]   done=6/10  running=1  queued=3  (poll 15s)
[driver]   done=6/10  running=1  queued=3  (poll 15s)
[driver]   done=6/10  running=1  queued=3  (poll 15s)
[driver]   done=6/10  running=1  queued=3  (poll 15s)
[driver]   done=6/10  running=1  queued=3  (poll 15s)
[driver]   done=6/10  running=1  queued=3  (poll 15s)
[driver]   done=6/10  running=1  queued=3  (poll 15s)
[driver]   done=6/10  running=1  queued=3  (poll 15s)
[driver]   done=6/10  running=1  queued=3  (poll 15s)
[driver]   done=6/10  running=1  queued=3  (poll 15s)
[driver]   done=6/10  running=1  queued=3  (poll 15s)
[driver]   done=6/10  running=1  queued=3  (poll 15s)
[driver]   done=6/10  running=1  queued=3  (poll 15s)
[driver]   done=6/10  running=1  queued=3  (poll 15s)
[driver]   done=6/10  running=1  queued=3  (poll 15s)
[driver]   done=6/10  running=1  queued=3  (poll 15s)
[driver]   done=6/10  running=1  queued=3  (poll 15s)
[driver]   done=6/10  running=1  queued=3  (poll 15s)
[driver]   done=6/10  running=1  queued=3  (poll 15s)
[driver]   done=6/10  running=1  queued=3  (poll 15s)
[driver]   done=6/10  running=1  queued=3  (poll 15s)
[driver]   done=6/10  running=1  queued=3  (poll 15s)
[driver]   done=6/10  running=1  queued=3  (poll 15s)
[driver]   done=6/10  running=1  queued=3  (poll 15s)
[driver]   done=6/10  running=1  queued=3  (poll 15s)
[driver]   done=6/10  running=1  queued=3  (poll 15s)
[driver]   done=6/10  running=1  queued=3  (poll 15s)
[driver]   done=6/10  running=1  queued=3  (poll 15s)
[driver]   done=6/10  running=1  queued=3  (poll 15s)
[driver]   done=6/10  running=1  queued=3  (poll 15s)
[driver]   done=6/10  running=1  queued=3  (poll 15s)
[driver]   done=6/10  running=1  queued=3  (poll 15s)
[driver]   done=6/10  running=1  queued=3  (poll 15s)
[driver]   done=6/10  running=1  queued=3  (poll 15s)
[driver]   done=6/10  running=1  queued=3  (poll 15s)
[driver]   done=6/10  running=1  queued=3  (poll 15s)
[driver]   done=6/10  running=1  queued=3  (poll 15s)
[driver]   done=6/10  running=1  queued=3  (poll 15s)
[driver]   done=6/10  running=1  queued=3  (poll 15s)
[driver]   done=6/10  running=1  queued=3  (poll 15s)
[driver]   done=6/10  running=1  queued=3  (poll 15s)
[driver]   done=6/10  running=1  queued=3  (poll 15s)
[driver]   done=6/10  running=1  queued=3  (poll 15s)
[driver]   done=6/10  running=1  queued=3  (poll 15s)
[driver]   done=6/10  running=1  queued=3  (poll 15s)
[driver]   done=6/10  running=1  queued=3  (poll 15s)
[driver]   done=6/10  running=1  queued=3  (poll 15s)
[driver]   done=6/10  running=1  queued=3  (poll 15s)
[driver]   done=6/10  running=1  queued=3  (poll 15s)
[driver]   done=6/10  running=1  queued=3  (poll 15s)
[driver]   done=6/10  running=1  queued=3  (poll 15s)
[driver]   done=6/10  running=1  queued=3  (poll 15s)
[driver]   done=6/10  running=1  queued=3  (poll 15s)
[driver]   done=6/10  running=1  queued=3  (poll 15s)
[driver]   done=6/10  running=1  queued=3  (poll 15s)
[driver]   done=6/10  running=1  queued=3  (poll 15s)
[driver]   done=6/10  running=1  queued=3  (poll 15s)
[driver]   done=6/10  running=1  queued=3  (poll 15s)
[driver]   done=6/10  running=1  queued=3  (poll 15s)
[driver]   done=6/10  running=1  queued=3  (poll 15s)
[driver]   done=6/10  running=1  queued=3  (poll 15s)
[driver]   done=6/10  running=1  queued=3  (poll 15s)
[driver]   done=6/10  running=1  queued=3  (poll 15s)
[driver]   done=6/10  running=1  queued=3  (poll 15s)
[driver]   done=6/10  running=1  queued=3  (poll 15s)
[driver]   done=6/10  running=1  queued=3  (poll 15s)
[driver]   done=6/10  running=1  queued=3  (poll 15s)
[driver]   done=6/10  running=1  queued=3  (poll 15s)
[driver]   done=6/10  running=1  queued=3  (poll 15s)
[driver]   done=6/10  running=1  queued=3  (poll 15s)
[driver]   done=6/10  running=1  queued=3  (poll 15s)
[driver]   done=6/10  running=1  queued=3  (poll 15s)
[driver]   done=6/10  running=1  queued=3  (poll 15s)
[driver]   done=6/10  running=1  queued=3  (poll 15s)
[driver]   done=6/10  running=1  queued=3  (poll 15s)
[driver]   done=6/10  running=1  queued=3  (poll 15s)
[driver]   done=6/10  running=1  queued=3  (poll 15s)
[driver]   done=6/10  running=1  queued=3  (poll 15s)
[driver]   done=6/10  running=1  queued=3  (poll 15s)
[driver]   done=6/10  running=1  queued=3  (poll 15s)
[driver]   done=6/10  running=1  queued=3  (poll 15s)
[driver]   done=6/10  running=1  queued=3  (poll 15s)
[driver]   done=6/10  running=1  queued=3  (poll 15s)
[driver]   done=6/10  running=1  queued=3  (poll 15s)
[driver]   done=6/10  running=1  queued=3  (poll 15s)
[driver]   done=6/10  running=1  queued=3  (poll 15s)
[driver]   done=6/10  running=1  queued=3  (poll 15s)
[driver]   done=6/10  running=1  queued=3  (poll 15s)
[driver]   done=6/10  running=1  queued=3  (poll 15s)
[driver]   done=6/10  running=1  queued=3  (poll 15s)
[driver]   done=6/10  running=1  queued=3  (poll 15s)
[driver]   done=6/10  running=1  queued=3  (poll 15s)
[driver]   done=6/10  running=1  queued=3  (poll 15s)
[driver]   done=6/10  running=1  queued=3  (poll 15s)
[driver]   done=6/10  running=1  queued=3  (poll 15s)
[driver]   done=6/10  running=1  queued=3  (poll 15s)
[driver]   done=6/10  running=1  queued=3  (poll 15s)
[driver]   done=6/10  running=1  queued=3  (poll 15s)
[driver]   done=6/10  running=1  queued=3  (poll 15s)
[driver]   done=6/10  running=1  queued=3  (poll 15s)
[driver]   done=6/10  running=1  queued=3  (poll 15s)
[driver]   done=6/10  running=1  queued=3  (poll 15s)
[driver]   done=6/10  running=1  queued=3  (poll 15s)
[driver]   done=6/10  running=1  queued=3  (poll 15s)
[driver]   done=6/10  running=1  queued=3  (poll 15s)
[driver]   done=6/10  running=1  queued=3  (poll 15s)
[driver]   done=6/10  running=1  queued=3  (poll 15s)
[driver]   done=6/10  running=1  queued=3  (poll 15s)
[driver]   done=6/10  running=1  queued=3  (poll 15s)
[driver]   done=6/10  running=1  queued=3  (poll 15s)
[driver]   done=6/10  running=1  queued=3  (poll 15s)
[driver]   done=6/10  running=1  queued=3  (poll 15s)
[driver]   done=6/10  running=1  queued=3  (poll 15s)
[driver]   done=6/10  running=1  queued=3  (poll 15s)
[driver]   done=6/10  running=1  queued=3  (poll 15s)
[driver]   done=6/10  running=1  queued=3  (poll 15s)
[driver]   done=6/10  running=1  queued=3  (poll 15s)
[driver]   done=6/10  running=1  queued=3  (poll 15s)
[driver]   done=6/10  running=1  queued=3  (poll 15s)
[driver]   done=6/10  running=1  queued=3  (poll 15s)
[driver]   done=6/10  running=1  queued=3  (poll 15s)
[driver]   done=6/10  running=1  queued=3  (poll 15s)
[driver]   done=6/10  running=1  queued=3  (poll 15s)
[driver]   done=6/10  running=1  queued=3  (poll 15s)
[driver]   done=6/10  running=1  queued=3  (poll 15s)
[driver]   done=6/10  running=1  queued=3  (poll 15s)
[driver]   done=6/10  running=1  queued=3  (poll 15s)
[driver]   done=6/10  running=1  queued=3  (poll 15s)
[driver]   done=6/10  running=1  queued=3  (poll 15s)
[driver]   done=6/10  running=1  queued=3  (poll 15s)
[driver]   done=6/10  running=1  queued=3  (poll 15s)
[driver]   done=6/10  running=1  queued=3  (poll 15s)
[driver]   done=6/10  running=1  queued=3  (poll 15s)
[driver]   done=6/10  running=1  queued=3  (poll 15s)
[driver]   done=6/10  running=1  queued=3  (poll 15s)
[driver]   done=6/10  running=1  queued=3  (poll 15s)
[driver]   done=6/10  running=1  queued=3  (poll 15s)
[driver]   done=6/10  running=1  queued=3  (poll 15s)
[driver]   done=6/10  running=1  queued=3  (poll 15s)
[driver]   done=6/10  running=1  queued=3  (poll 15s)
[driver]   done=6/10  running=1  queued=3  (poll 15s)
[driver]   done=6/10  running=1  queued=3  (poll 15s)
[driver]   done=6/10  running=1  queued=3  (poll 15s)
[driver]   done=6/10  running=1  queued=3  (poll 15s)
[driver]   done=6/10  running=1  queued=3  (poll 15s)
[driver]   done=6/10  running=1  queued=3  (poll 15s)
[driver]   done=6/10  running=1  queued=3  (poll 15s)
[driver]   done=6/10  running=1  queued=3  (poll 15s)
[driver]   done=6/10  running=1  queued=3  (poll 15s)
[driver]   done=6/10  running=1  queued=3  (poll 15s)
[driver]   done=6/10  running=1  queued=3  (poll 15s)
[driver]   done=6/10  running=1  queued=3  (poll 15s)
[driver]   done=6/10  running=1  queued=3  (poll 15s)
[driver]   done=6/10  running=1  queued=3  (poll 15s)
[driver]   done=6/10  running=1  queued=3  (poll 15s)
[driver]   done=6/10  running=1  queued=3  (poll 15s)
[driver]   done=6/10  running=1  queued=3  (poll 15s)
[driver]   done=6/10  running=1  queued=3  (poll 15s)
[driver]   done=6/10  running=1  queued=3  (poll 15s)
[driver]   done=6/10  running=1  queued=3  (poll 15s)
[driver]   done=6/10  running=1  queued=3  (poll 15s)
[driver]   done=6/10  running=1  queued=3  (poll 15s)
[driver]   done=6/10  running=1  queued=3  (poll 15s)
[driver]   done=6/10  running=1  queued=3  (poll 15s)
[driver]   done=6/10  running=1  queued=3  (poll 15s)
[driver]   done=6/10  running=1  queued=3  (poll 15s)
[driver]   done=6/10  running=1  queued=3  (poll 15s)
[driver]   done=6/10  running=1  queued=3  (poll 15s)
[driver]   done=6/10  running=1  queued=3  (poll 15s)
[driver]   done=6/10  running=1  queued=3  (poll 15s)
[driver]   done=6/10  running=1  queued=3  (poll 15s)
[driver]   done=6/10  running=1  queued=3  (poll 15s)
[driver]   done=6/10  running=1  queued=3  (poll 15s)
[driver]   done=6/10  running=1  queued=3  (poll 15s)
[driver]   done=6/10  running=1  queued=3  (poll 15s)
[driver]   done=6/10  running=1  queued=3  (poll 15s)
[driver]   done=6/10  running=1  queued=3  (poll 15s)
[driver]   done=6/10  running=1  queued=3  (poll 15s)
[driver]   done=6/10  running=1  queued=3  (poll 15s)
[driver]   done=6/10  running=1  queued=3  (poll 15s)
[driver]   done=6/10  running=1  queued=3  (poll 15s)
[driver]   done=6/10  running=1  queued=3  (poll 15s)
[driver]   done=6/10  running=1  queued=3  (poll 15s)
[driver]   done=6/10  running=1  queued=3  (poll 15s)
[driver]   done=6/10  running=1  queued=3  (poll 15s)
[driver]   done=6/10  running=1  queued=3  (poll 15s)
[driver]   done=6/10  running=1  queued=3  (poll 15s)
[driver]   done=6/10  running=1  queued=3  (poll 15s)
[driver]   done=6/10  running=1  queued=3  (poll 15s)
[driver]   done=6/10  running=1  queued=3  (poll 15s)
[driver]   done=6/10  running=1  queued=3  (poll 15s)
[driver]   done=6/10  running=1  queued=3  (poll 15s)
[driver]   done=6/10  running=1  queued=3  (poll 15s)
[driver]   done=6/10  running=1  queued=3  (poll 15s)
[driver]   done=6/10  running=1  queued=3  (poll 15s)
[driver]   done=6/10  running=1  queued=3  (poll 15s)
[driver]   done=6/10  running=1  queued=3  (poll 15s)
[driver]   done=6/10  running=1  queued=3  (poll 15s)
[driver]   done=6/10  running=1  queued=3  (poll 15s)
[driver]   done=6/10  running=1  queued=3  (poll 15s)
[driver]   done=6/10  running=1  queued=3  (poll 15s)
[driver]   done=6/10  running=1  queued=3  (poll 15s)
[driver]   done=6/10  running=1  queued=3  (poll 15s)
[driver]   done=6/10  running=1  queued=3  (poll 15s)
[driver]   done=6/10  running=1  queued=3  (poll 15s)
[driver]   done=6/10  running=1  queued=3  (poll 15s)
[driver]   done=6/10  running=1  queued=3  (poll 15s)
[driver]   done=6/10  running=1  queued=3  (poll 15s)
[driver]   done=6/10  running=1  queued=3  (poll 15s)
[driver]   done=6/10  running=1  queued=3  (poll 15s)
[driver]   done=6/10  running=1  queued=3  (poll 15s)
[driver]   done=6/10  running=1  queued=3  (poll 15s)
[driver]   done=6/10  running=1  queued=3  (poll 15s)
[driver]   done=6/10  running=1  queued=3  (poll 15s)
[driver]   done=6/10  running=1  queued=3  (poll 15s)
[driver]   done=6/10  running=1  queued=3  (poll 15s)
[driver]   done=6/10  running=1  queued=3  (poll 15s)
[driver]   done=6/10  running=1  queued=3  (poll 15s)
[driver]   done=6/10  running=1  queued=3  (poll 15s)
[driver]   done=6/10  running=1  queued=3  (poll 15s)
[driver]   done=6/10  running=1  queued=3  (poll 15s)
[driver]   done=6/10  running=1  queued=3  (poll 15s)
[driver]   done=6/10  running=1  queued=3  (poll 15s)
[driver]   done=6/10  running=1  queued=3  (poll 15s)
[driver]   done=6/10  running=1  queued=3  (poll 15s)
[driver]   done=6/10  running=1  queued=3  (poll 15s)
[driver]   done=6/10  running=1  queued=3  (poll 15s)
[driver]   done=6/10  running=1  queued=3  (poll 15s)
[driver]   done=6/10  running=1  queued=3  (poll 15s)
[driver]   done=6/10  running=1  queued=3  (poll 15s)
[driver]   done=6/10  running=1  queued=3  (poll 15s)
[driver]   done=6/10  running=1  queued=3  (poll 15s)
[driver]   done=6/10  running=1  queued=3  (poll 15s)
[driver]   done=6/10  running=1  queued=3  (poll 15s)
[driver]   done=6/10  running=1  queued=3  (poll 15s)
[driver]   done=6/10  running=1  queued=3  (poll 15s)
[driver]   done=6/10  running=1  queued=3  (poll 15s)
[driver]   done=6/10  running=1  queued=3  (poll 15s)
[driver]   done=6/10  running=1  queued=3  (poll 15s)
[driver]   done=6/10  running=1  queued=3  (poll 15s)
[driver]   done=6/10  running=1  queued=3  (poll 15s)
[driver]   done=6/10  running=1  queued=3  (poll 15s)
[driver]   done=6/10  running=1  queued=3  (poll 15s)
[driver]   done=6/10  running=1  queued=3  (poll 15s)
[driver]   done=6/10  running=1  queued=3  (poll 15s)
[driver]   done=6/10  running=1  queued=3  (poll 15s)
[driver]   done=6/10  running=1  queued=3  (poll 15s)
[driver]   done=6/10  running=1  queued=3  (poll 15s)
[driver]   done=6/10  running=1  queued=3  (poll 15s)
[driver]   done=6/10  running=1  queued=3  (poll 15s)
[driver]   done=6/10  running=1  queued=3  (poll 15s)
[driver]   done=6/10  running=1  queued=3  (poll 15s)
[driver]   done=6/10  running=1  queued=3  (poll 15s)
[driver]   done=6/10  running=1  queued=3  (poll 15s)
[driver]   done=6/10  running=1  queued=3  (poll 15s)
[driver]   done=6/10  running=1  queued=3  (poll 15s)
[driver]   done=6/10  running=1  queued=3  (poll 15s)
[driver]   done=6/10  running=1  queued=3  (poll 15s)
[driver]   done=6/10  running=1  queued=3  (poll 15s)
[driver]   done=6/10  running=1  queued=3  (poll 15s)
[driver]   done=6/10  running=1  queued=3  (poll 15s)
[driver]   done=6/10  running=1  queued=3  (poll 15s)
[driver]   done=6/10  running=1  queued=3  (poll 15s)
[driver]   done=6/10  running=1  queued=3  (poll 15s)
[driver]   done=6/10  running=1  queued=3  (poll 15s)
[driver]   done=6/10  running=1  queued=3  (poll 15s)
[driver]   done=6/10  running=1  queued=3  (poll 15s)
[driver]   done=6/10  running=1  queued=3  (poll 15s)
[driver]   done=6/10  running=1  queued=3  (poll 15s)
[driver]   done=6/10  running=1  queued=3  (poll 15s)
[driver]   done=6/10  running=1  queued=3  (poll 15s)
[driver]   done=6/10  running=1  queued=3  (poll 15s)
[driver]   done=6/10  running=1  queued=3  (poll 15s)
[driver]   done=6/10  running=1  queued=3  (poll 15s)
[driver]   done=6/10  running=1  queued=3  (poll 15s)
[driver]   done=6/10  running=1  queued=3  (poll 15s)
[driver]   done=6/10  running=1  queued=3  (poll 15s)
[driver]   done=6/10  running=1  queued=3  (poll 15s)
[driver]   done=6/10  running=1  queued=3  (poll 15s)
[driver]   done=6/10  running=1  queued=3  (poll 15s)
[driver]   done=6/10  running=1  queued=3  (poll 15s)
[driver]   done=6/10  running=1  queued=3  (poll 15s)
[driver]   done=6/10  running=1  queued=3  (poll 15s)
[driver]   done=6/10  running=1  queued=3  (poll 15s)
[driver]   done=6/10  running=1  queued=3  (poll 15s)
[driver]   done=6/10  running=1  queued=3  (poll 15s)
[driver]   done=6/10  running=1  queued=3  (poll 15s)
[driver]   done=6/10  running=1  queued=3  (poll 15s)
[driver]   done=6/10  running=1  queued=3  (poll 15s)
[driver]   done=6/10  running=1  queued=3  (poll 15s)
[driver]   done=6/10  running=1  queued=3  (poll 15s)
[driver]   done=6/10  running=1  queued=3  (poll 15s)
[driver]   done=6/10  running=1  queued=3  (poll 15s)
[driver]   done=6/10  running=1  queued=3  (poll 15s)
[driver]   done=6/10  running=1  queued=3  (poll 15s)
[driver]   done=6/10  running=1  queued=3  (poll 15s)
[driver]   done=6/10  running=1  queued=3  (poll 15s)
[driver]   done=6/10  running=1  queued=3  (poll 15s)
[driver]   done=6/10  running=1  queued=3  (poll 15s)
[driver]   done=6/10  running=1  queued=3  (poll 15s)
[driver]   done=6/10  running=1  queued=3  (poll 15s)
[driver]   done=6/10  running=1  queued=3  (poll 15s)
[driver]   done=6/10  running=1  queued=3  (poll 15s)
[driver]   done=6/10  running=1  queued=3  (poll 15s)
[driver]   done=6/10  running=1  queued=3  (poll 15s)
[driver]   done=6/10  running=1  queued=3  (poll 15s)
[driver]   done=6/10  running=1  queued=3  (poll 15s)
[driver]   done=6/10  running=1  queued=3  (poll 15s)
[driver]   done=6/10  running=1  queued=3  (poll 15s)
[driver]   done=6/10  running=1  queued=3  (poll 15s)
[driver]   done=6/10  running=1  queued=3  (poll 15s)
[driver]   done=6/10  running=1  queued=3  (poll 15s)
[driver]   done=6/10  running=1  queued=3  (poll 15s)
[driver]   done=6/10  running=1  queued=3  (poll 15s)
[driver]   done=6/10  running=1  queued=3  (poll 15s)
[driver]   done=6/10  running=1  queued=3  (poll 15s)
[driver]   done=6/10  running=1  queued=3  (poll 15s)
[driver]   done=6/10  running=1  queued=3  (poll 15s)
[driver]   done=6/10  running=1  queued=3  (poll 15s)
[driver]   done=6/10  running=1  queued=3  (poll 15s)
[driver]   done=6/10  running=1  queued=3  (poll 15s)
[driver]   done=6/10  running=1  queued=3  (poll 15s)
[driver]   done=6/10  running=1  queued=3  (poll 15s)
[driver]   done=6/10  running=1  queued=3  (poll 15s)
[driver]   done=6/10  running=1  queued=3  (poll 15s)
[driver]   done=6/10  running=1  queued=3  (poll 15s)
[driver]   done=6/10  running=1  queued=3  (poll 15s)
[driver]   done=6/10  running=1  queued=3  (poll 15s)
[driver]   done=6/10  running=1  queued=3  (poll 15s)
[driver]   done=6/10  running=1  queued=3  (poll 15s)
[driver]   done=6/10  running=1  queued=3  (poll 15s)
[driver]   done=6/10  running=2  queued=2  (poll 15s)
[driver]   done=6/10  running=2  queued=2  (poll 15s)
[driver]   done=6/10  running=2  queued=2  (poll 15s)
[driver]   done=6/10  running=2  queued=2  (poll 15s)
[driver]   done=6/10  running=2  queued=2  (poll 15s)
[driver]   done=6/10  running=2  queued=2  (poll 15s)
[driver]   done=6/10  running=2  queued=2  (poll 15s)
[driver]   done=6/10  running=2  queued=2  (poll 15s)
[driver]   done=6/10  running=2  queued=2  (poll 15s)
[driver]   done=6/10  running=2  queued=2  (poll 15s)
[driver]   done=6/10  running=2  queued=2  (poll 15s)
[driver]   done=6/10  running=2  queued=2  (poll 15s)
[driver]   done=6/10  running=2  queued=2  (poll 15s)
[driver]   done=6/10  running=2  queued=2  (poll 15s)
[driver]   done=6/10  running=2  queued=2  (poll 15s)
[driver]   done=6/10  running=2  queued=2  (poll 15s)
[driver]   done=6/10  running=2  queued=2  (poll 15s)
[driver]   done=6/10  running=2  queued=2  (poll 15s)
[driver]   done=6/10  running=2  queued=2  (poll 15s)
[driver]   done=6/10  running=2  queued=2  (poll 15s)
[driver]   done=6/10  running=2  queued=2  (poll 15s)
[driver]   done=6/10  running=2  queued=2  (poll 15s)
[driver]   done=6/10  running=2  queued=2  (poll 15s)
[driver]   done=6/10  running=2  queued=2  (poll 15s)
[driver]   done=6/10  running=2  queued=2  (poll 15s)
[driver]   done=6/10  running=2  queued=2  (poll 15s)
[driver]   done=6/10  running=2  queued=2  (poll 15s)
[driver]   done=6/10  running=2  queued=2  (poll 15s)
[driver]   done=6/10  running=2  queued=2  (poll 15s)
[driver]   done=6/10  running=2  queued=2  (poll 15s)
[driver]   done=6/10  running=2  queued=2  (poll 15s)
[driver]   done=6/10  running=2  queued=2  (poll 15s)
[driver]   done=6/10  running=2  queued=2  (poll 15s)
[driver]   done=6/10  running=2  queued=2  (poll 15s)
[driver]   done=6/10  running=2  queued=2  (poll 15s)
[driver]   done=6/10  running=2  queued=2  (poll 15s)
[driver]   done=6/10  running=2  queued=2  (poll 15s)
[driver]   done=6/10  running=2  queued=2  (poll 15s)
[driver]   done=6/10  running=2  queued=2  (poll 15s)
[driver]   done=6/10  running=2  queued=2  (poll 15s)
[driver]   done=6/10  running=2  queued=2  (poll 15s)
[driver]   done=6/10  running=2  queued=2  (poll 15s)
[driver]   done=6/10  running=2  queued=2  (poll 15s)
[driver]   done=6/10  running=2  queued=2  (poll 15s)
[driver]   done=6/10  running=2  queued=2  (poll 15s)
[driver]   done=6/10  running=2  queued=2  (poll 15s)
[driver]   done=6/10  running=2  queued=2  (poll 15s)
[driver]   done=6/10  running=2  queued=2  (poll 15s)
[driver]   done=6/10  running=2  queued=2  (poll 15s)
[driver]   done=6/10  running=2  queued=2  (poll 15s)
[driver]   done=6/10  running=2  queued=2  (poll 15s)
[driver]   done=6/10  running=2  queued=2  (poll 15s)
[driver]   done=6/10  running=2  queued=2  (poll 15s)
[driver]   done=6/10  running=2  queued=2  (poll 15s)
[driver]   done=6/10  running=2  queued=2  (poll 15s)
[driver]   done=6/10  running=2  queued=2  (poll 15s)
[driver]   done=6/10  running=2  queued=2  (poll 15s)
[driver]   done=6/10  running=2  queued=2  (poll 15s)
[driver]   done=6/10  running=2  queued=2  (poll 15s)
[driver]   done=6/10  running=2  queued=2  (poll 15s)
[driver]   done=6/10  running=2  queued=2  (poll 15s)
[driver]   done=6/10  running=2  queued=2  (poll 15s)
[driver]   done=6/10  running=2  queued=2  (poll 15s)
[driver]   done=6/10  running=2  queued=2  (poll 15s)
[driver]   done=6/10  running=2  queued=2  (poll 15s)
[driver]   done=6/10  running=2  queued=2  (poll 15s)
[driver]   done=6/10  running=2  queued=2  (poll 15s)
[driver]   done=6/10  running=2  queued=2  (poll 15s)
[driver]   done=6/10  running=2  queued=2  (poll 15s)
[driver]   done=6/10  running=2  queued=2  (poll 15s)
[driver]   done=6/10  running=2  queued=2  (poll 15s)
[driver]   done=6/10  running=2  queued=2  (poll 15s)
[driver]   done=6/10  running=2  queued=2  (poll 15s)
[driver]   done=6/10  running=2  queued=2  (poll 15s)
[driver]   done=6/10  running=2  queued=2  (poll 15s)
[driver]   done=6/10  running=3  queued=1  (poll 15s)
[driver]   done=6/10  running=3  queued=1  (poll 15s)
[driver]   done=6/10  running=3  queued=1  (poll 15s)
[driver]   done=6/10  running=3  queued=1  (poll 15s)
[driver]   done=6/10  running=3  queued=1  (poll 15s)
[driver]   done=6/10  running=3  queued=1  (poll 15s)
[driver]   done=6/10  running=3  queued=1  (poll 15s)
[driver]   done=6/10  running=3  queued=1  (poll 15s)
[driver]   done=6/10  running=3  queued=1  (poll 15s)
[driver]   done=6/10  running=3  queued=1  (poll 15s)
[driver]   done=6/10  running=3  queued=1  (poll 15s)
[driver]   done=6/10  running=3  queued=1  (poll 15s)
[driver]   done=6/10  running=3  queued=1  (poll 15s)
[driver]   done=6/10  running=3  queued=1  (poll 15s)
[driver]   done=6/10  running=3  queued=1  (poll 15s)
[driver]   done=6/10  running=3  queued=1  (poll 15s)
[driver]   done=6/10  running=3  queued=1  (poll 15s)
[driver]   done=6/10  running=3  queued=1  (poll 15s)
[driver]   done=6/10  running=3  queued=1  (poll 15s)
[driver]   done=6/10  running=3  queued=1  (poll 15s)
[driver]   done=6/10  running=3  queued=1  (poll 15s)
[driver]   done=6/10  running=3  queued=1  (poll 15s)
[driver]   done=6/10  running=3  queued=1  (poll 15s)
[driver]   done=6/10  running=3  queued=1  (poll 15s)
[driver]   done=6/10  running=3  queued=1  (poll 15s)
[driver]   done=6/10  running=3  queued=1  (poll 15s)
[driver]   done=6/10  running=3  queued=1  (poll 15s)
[driver]   done=6/10  running=3  queued=1  (poll 15s)
[driver]   done=6/10  running=3  queued=1  (poll 15s)
[driver]   done=6/10  running=3  queued=1  (poll 15s)
[driver]   done=6/10  running=3  queued=1  (poll 15s)
[driver]   done=6/10  running=3  queued=1  (poll 15s)
[driver]   done=6/10  running=3  queued=1  (poll 15s)
[driver]   done=6/10  running=3  queued=1  (poll 15s)
[driver]   done=6/10  running=3  queued=1  (poll 15s)
[driver]   done=6/10  running=3  queued=1  (poll 15s)
[driver]   done=6/10  running=3  queued=1  (poll 15s)
[driver]   done=6/10  running=3  queued=1  (poll 15s)
[driver]   done=6/10  running=3  queued=1  (poll 15s)
[driver]   done=6/10  running=3  queued=1  (poll 15s)
[driver]   done=6/10  running=3  queued=1  (poll 15s)
[driver]   done=6/10  running=3  queued=1  (poll 15s)
[driver]   done=6/10  running=3  queued=1  (poll 15s)
[driver]   done=6/10  running=3  queued=1  (poll 15s)
[driver]   done=6/10  running=3  queued=1  (poll 15s)
[driver]   done=6/10  running=3  queued=1  (poll 15s)
[driver]   done=6/10  running=3  queued=1  (poll 15s)
[driver]   done=6/10  running=3  queued=1  (poll 15s)
[driver]   done=6/10  running=3  queued=1  (poll 15s)
[driver]   done=6/10  running=3  queued=1  (poll 15s)
[driver]   done=6/10  running=3  queued=1  (poll 15s)
[driver]   done=6/10  running=3  queued=1  (poll 15s)
[driver]   done=6/10  running=3  queued=1  (poll 15s)
[driver]   done=6/10  running=3  queued=1  (poll 15s)
[driver]   done=6/10  running=3  queued=1  (poll 15s)
[driver]   done=6/10  running=3  queued=1  (poll 15s)
[driver]   done=6/10  running=3  queued=1  (poll 15s)
[driver]   done=6/10  running=3  queued=1  (poll 15s)
[driver]   done=6/10  running=3  queued=1  (poll 15s)
[driver]   done=6/10  running=3  queued=1  (poll 15s)
[driver]   done=6/10  running=3  queued=1  (poll 15s)
[driver]   done=6/10  running=3  queued=1  (poll 15s)
[driver]   done=6/10  running=3  queued=1  (poll 15s)
[driver]   done=6/10  running=3  queued=1  (poll 15s)
[driver]   done=6/10  running=3  queued=1  (poll 15s)
[driver]   done=6/10  running=3  queued=1  (poll 15s)
[driver]   done=6/10  running=3  queued=1  (poll 15s)
[driver]   done=6/10  running=3  queued=1  (poll 15s)
[driver]   done=6/10  running=3  queued=1  (poll 15s)
[driver]   done=6/10  running=3  queued=1  (poll 15s)
[driver]   done=6/10  running=3  queued=1  (poll 15s)
[driver]   done=6/10  running=3  queued=1  (poll 15s)
[driver]   done=6/10  running=3  queued=1  (poll 15s)
[driver]   done=6/10  running=3  queued=1  (poll 15s)
[driver]   done=6/10  running=3  queued=1  (poll 15s)
[driver]   done=6/10  running=3  queued=1  (poll 15s)
[driver]   done=6/10  running=3  queued=1  (poll 15s)
[driver]   done=6/10  running=3  queued=1  (poll 15s)
[driver]   done=6/10  running=3  queued=1  (poll 15s)
[driver]   done=6/10  running=4  queued=0  (poll 15s)
[driver]   done=6/10  running=4  queued=0  (poll 15s)
[driver]   done=6/10  running=4  queued=0  (poll 15s)
[driver]   done=6/10  running=4  queued=0  (poll 15s)
[driver]   done=6/10  running=4  queued=0  (poll 15s)
[driver]   done=6/10  running=4  queued=0  (poll 15s)
[driver]   done=6/10  running=4  queued=0  (poll 15s)
[driver]   done=6/10  running=4  queued=0  (poll 15s)
[driver]   done=6/10  running=4  queued=0  (poll 15s)
[driver]   done=6/10  running=4  queued=0  (poll 15s)
[driver]   done=6/10  running=4  queued=0  (poll 15s)
[driver]   done=6/10  running=4  queued=0  (poll 15s)
[driver]   done=6/10  running=4  queued=0  (poll 15s)
[driver]   done=6/10  running=4  queued=0  (poll 15s)
[driver]   done=6/10  running=4  queued=0  (poll 15s)
[driver]   done=6/10  running=4  queued=0  (poll 15s)
[driver]   done=6/10  running=4  queued=0  (poll 15s)
[driver]   done=6/10  running=4  queued=0  (poll 15s)
[driver]   done=6/10  running=4  queued=0  (poll 15s)
[driver]   done=6/10  running=4  queued=0  (poll 15s)
[driver]   done=6/10  running=4  queued=0  (poll 15s)
[driver]   done=6/10  running=4  queued=0  (poll 15s)
[driver]   done=6/10  running=4  queued=0  (poll 15s)
[driver]   done=6/10  running=4  queued=0  (poll 15s)
[driver]   done=6/10  running=4  queued=0  (poll 15s)
[driver]   done=6/10  running=4  queued=0  (poll 15s)
[driver]   done=6/10  running=4  queued=0  (poll 15s)
[driver]   done=6/10  running=4  queued=0  (poll 15s)
[driver]   done=6/10  running=4  queued=0  (poll 15s)
[driver]   done=6/10  running=4  queued=0  (poll 15s)
[driver]   done=6/10  running=4  queued=0  (poll 15s)
[driver]   done=6/10  running=4  queued=0  (poll 15s)
[driver]   done=6/10  running=4  queued=0  (poll 15s)
[driver]   done=6/10  running=4  queued=0  (poll 15s)
[driver]   done=6/10  running=4  queued=0  (poll 15s)
[driver]   done=6/10  running=4  queued=0  (poll 15s)
[driver]   done=6/10  running=4  queued=0  (poll 15s)
[driver]   done=6/10  running=4  queued=0  (poll 15s)
[driver]   done=6/10  running=4  queued=0  (poll 15s)
[driver]   done=6/10  running=4  queued=0  (poll 15s)
[driver]   done=6/10  running=4  queued=0  (poll 15s)
[driver]   done=6/10  running=4  queued=0  (poll 15s)
[driver]   done=6/10  running=4  queued=0  (poll 15s)
[driver]   done=6/10  running=4  queued=0  (poll 15s)
[driver]   done=6/10  running=4  queued=0  (poll 15s)
[driver]   done=6/10  running=4  queued=0  (poll 15s)
[driver]   done=6/10  running=4  queued=0  (poll 15s)
[driver]   done=6/10  running=4  queued=0  (poll 15s)
[driver]   done=6/10  running=4  queued=0  (poll 15s)
[driver]   done=7/10  running=3  queued=0  (poll 15s)
[driver]   done=7/10  running=3  queued=0  (poll 15s)
[driver]   done=8/10  running=2  queued=0  (poll 15s)
[driver]   done=8/10  running=2  queued=0  (poll 15s)
[driver]   done=8/10  running=2  queued=0  (poll 15s)
[driver]   done=8/10  running=2  queued=0  (poll 15s)
[driver]   done=8/10  running=2  queued=0  (poll 15s)
[driver]   done=9/10  running=1  queued=0  (poll 15s)
[driver]   done=9/10  running=1  queued=0  (poll 15s)
[driver]   done=9/10  running=1  queued=0  (poll 15s)
[driver] All fragment jobs reported DONE.
[geomopt step=000] Assembly route: Stage-1 Lagrangian (rdm_t amplitudes + Λ/Z-vector relaxed density; amplitude response, frozen-bath)
[lagrangian] global effective correlation energy (diagnostic): -0.0797982263 Ha
[lagrangian] Λ-relaxed (Z-vector) global density built; amplitude response included (frozen-bath approximation)
[geomopt step=000] Per-cluster energies (heff + eris):
                      O  E_cluster = -137.5448315346 Ha  [SCI_SBD, norb=16]
                      C  E_cluster = -148.0672126965 Ha  [SCI_SBD, norb=23]
                      C  E_cluster = -92.7960878260 Ha  [SCI_SBD, norb=16]
                      C  E_cluster = -92.7960878260 Ha  [SCI_SBD, norb=16]
                      H  E_cluster = -17.4261549090 Ha  [FCI, norb=8]
                      H  E_cluster = -17.4261549090 Ha  [FCI, norb=8]
                      H  E_cluster = -17.4326141155 Ha  [FCI, norb=8]
                      H  E_cluster = -17.4326141155 Ha  [FCI, norb=8]
                      H  E_cluster = -17.4326141155 Ha  [FCI, norb=8]
                      H  E_cluster = -17.4326141155 Ha  [FCI, norb=8]
[geomopt step=000] Global 1-RDM shape         : (26, 26)
[geomopt step=000] Global 2-RDM cumulant shape: (26, 26, 26, 26)
[geomopt step=000] Tr(dm1) = 32.000000 (expected: nelec = 32)
[geomopt step=000] EWF-FCI/SCI_SBD energy: -189.8110623406 Ha
[geomopt step=000] E = -189.8110623406 Ha   |grad| = 6.3284e-02
======================================================================

     Step     Time          Energy         fmax         cmax       rtrust          rho
Sella   0 20:24:11    -5165.022089       2.1012       0.0000       0.1000       1.0000
/home/kaliakd/isilon/Danil/Software/Executables/miniforge3/envs/ewf/lib/python3.10/site-packages/ase/optimize/optimize.py:92: FutureWarning: Log flushes by default now.  Please do not call flush().  If you want a different flushing behaviour please open logfile yourself and choose buffering mode as appropriate.  This flush() method currently does nothing.
  warnings.warn('Log flushes by default now.  Please do not call '

======================================================================
[geomopt step=001] Starting EWF-FCI/SCI_SBD single-point in /mnt/beegfs/merzk/kaliakd/EWF_Geom_Opt_Development/release_code_showcase_acetone/EWF-FCI_SCI/jobs_EWF/step_001
======================================================================
[geomopt step=001] Building mol + RHF
[geomopt step=001] HF energy: -189.5320935254
          |
          |  INITIALIZING EWF
          |  ================
          |      Initial E(mean-field)=    -189.53209353 Ha
          |      Calculated E(HF)=         -189.53209353 Ha
          |      Difference dE=              +0.00000000 Ha ( -0.0%)
          |      n(AO)=   26  n(MO)=   26  n(linear dep.)=    0
          |      Parameters of EWF:
          |      Options(store_eris=True, global_frag_chempot=None, dm_with_frozen=False, bath_options={'bathtype':
          |          'mp2', 'canonicalize': True, 'occupation_tolerance': 1e-06, 'dmet_threshold': 1e-08, 'rcut': None,
          |          'unit': 'Ang', 'local_aux_enable': False, 'local_aux_radius': 5.0, 'local_aux_unit': 'Ang',
          |          'local_aux_atom_weight_thresh': 0.0001, 'local_aux_print': False, 'order': None, 'max_order': 20,
          |          'threshold': 1e-05, 'truncation': 'occupation', 'project_dmet_order': 2, 'project_dmet_mode':
          |          'squared-entropy', 'addbuffer': False, 'bathtype_occ': None, 'bathtype_vir': None, 'rcut_occ': None,
          |          'rcut_vir': None, 'unit_occ': None, 'unit_vir': None, 'order_occ': None, 'order_vir': None,
          |          'max_order_occ': None, 'max_order_vir': None, 'threshold_occ': None, 'threshold_vir': None,
          |          'truncation_occ': None, 'truncation_vir': None, 'project_dmet_order_occ': None,
          |          'project_dmet_order_vir': None, 'project_dmet_mode_occ': None, 'project_dmet_mode_vir': None,
          |          'addbuffer_occ': None, 'addbuffer_dmet_vir': None, 'canonicalize_occ': None, 'canonicalize_vir':
          |          None}, bosonic_bath_options={'bathtype': None, 'target_orbitals': 'full', 'local_projection':
          |          'fragment', 'threshold': 1e-06, 'truncation': 'occupation'}, solver_options={'conv_tol': None,
          |          'n_moments': None, 'solve_lambda': True, 'conv_tol_normt': None, 'level_shift': None, 'diis_space':
          |          None, 'diis_start_cycle': None, 'iterative_damping': None, 'threads': 1, 'max_cycle': 300,
          |          'fix_spin': None, 'lindep': None, 'davidson_only': True, 'init_guess': 'default', 'max_boson_occ':
          |          2, 'ansatz': None, 'store_as_ccsd': None, 'dumpfile': '/dev/null', 'callback': None,
          |          'compress_cderi': False}, symmetry_tol=1e-06, symmetry_mf_tol=1e-05, screening=None,
          |          ext_rpa_correction=None, match_cluster_fock=False, iao_minao='auto', project_eris=False,
          |          project_init_guess=True, energy_functional='wf', calc_e_wf_corr=True, calc_e_dm_corr=False,
          |          calc_e_ccsd_t_corr=False, t_as_lambda=None, store_wf_type=None, bsse_correction=True, bsse_rmax=5.0,
          |          nelectron_target=None, sc_mode=0, coupled_iterations=False, _debug_wf=None)
          |      Time for EWF setup: 0.1 s
          |  IAO Fragmentation
          |  -----------------
          |  IAO:  computational basis= sto-3g  minimal reference basis= sto-3g (automatically chosen)
          |      IAO CACHE MISS: molecule fingerprint mismatch
          |      IAO: building IAOs from scratch (cache miss).
          |      n(AO)=   26  n(MO)=   26  n(occ-MO)=   16  n(IAO)=   26
          |      IAO CACHE WRITE: saved C_iao to iao_cache.h5 (shape=(26, 26))
          |      Fragmentation: orthogonal= True, occupied-complete= True, virtual-complete= True
[geomopt step=001] Discovered 10 fragment(s) at threshold=1e-05
[geomopt step=001] === Wave 1/2 : submitting 10 DUMP job(s) ===
[driver] Submitted dump fragment   0  -> Slurm job 6038905  (/mnt/beegfs/merzk/kaliakd/EWF_Geom_Opt_Development/release_code_showcase_acetone/EWF-FCI_SCI/jobs_EWF/step_001/jobs_fragments_production/frag_dump_000.sh)
[driver] Submitted dump fragment   1  -> Slurm job 6038906  (/mnt/beegfs/merzk/kaliakd/EWF_Geom_Opt_Development/release_code_showcase_acetone/EWF-FCI_SCI/jobs_EWF/step_001/jobs_fragments_production/frag_dump_001.sh)
[driver] Submitted dump fragment   2  -> Slurm job 6038907  (/mnt/beegfs/merzk/kaliakd/EWF_Geom_Opt_Development/release_code_showcase_acetone/EWF-FCI_SCI/jobs_EWF/step_001/jobs_fragments_production/frag_dump_002.sh)
[driver] Submitted dump fragment   3  -> Slurm job 6038908  (/mnt/beegfs/merzk/kaliakd/EWF_Geom_Opt_Development/release_code_showcase_acetone/EWF-FCI_SCI/jobs_EWF/step_001/jobs_fragments_production/frag_dump_003.sh)
[driver] Submitted dump fragment   4  -> Slurm job 6038909  (/mnt/beegfs/merzk/kaliakd/EWF_Geom_Opt_Development/release_code_showcase_acetone/EWF-FCI_SCI/jobs_EWF/step_001/jobs_fragments_production/frag_dump_004.sh)
[driver] Submitted dump fragment   5  -> Slurm job 6038910  (/mnt/beegfs/merzk/kaliakd/EWF_Geom_Opt_Development/release_code_showcase_acetone/EWF-FCI_SCI/jobs_EWF/step_001/jobs_fragments_production/frag_dump_005.sh)
[driver] Submitted dump fragment   6  -> Slurm job 6038911  (/mnt/beegfs/merzk/kaliakd/EWF_Geom_Opt_Development/release_code_showcase_acetone/EWF-FCI_SCI/jobs_EWF/step_001/jobs_fragments_production/frag_dump_006.sh)
[driver] Submitted dump fragment   7  -> Slurm job 6038912  (/mnt/beegfs/merzk/kaliakd/EWF_Geom_Opt_Development/release_code_showcase_acetone/EWF-FCI_SCI/jobs_EWF/step_001/jobs_fragments_production/frag_dump_007.sh)
[driver] Submitted dump fragment   8  -> Slurm job 6038913  (/mnt/beegfs/merzk/kaliakd/EWF_Geom_Opt_Development/release_code_showcase_acetone/EWF-FCI_SCI/jobs_EWF/step_001/jobs_fragments_production/frag_dump_008.sh)
[driver] Submitted dump fragment   9  -> Slurm job 6038914  (/mnt/beegfs/merzk/kaliakd/EWF_Geom_Opt_Development/release_code_showcase_acetone/EWF-FCI_SCI/jobs_EWF/step_001/jobs_fragments_production/frag_dump_009.sh)
[driver] Waiting on 10 fragment status file(s) in '/mnt/beegfs/merzk/kaliakd/EWF_Geom_Opt_Development/release_code_showcase_acetone/EWF-FCI_SCI/jobs_EWF/step_001/jobs_fragments_production'
[driver]   done=0/10  running=0  queued=10  (poll 15s)
[driver] All fragment jobs reported DONE.
[geomopt step=001] === Wave 2/2 : submitting 10 solve (FCI/SCI) job(s) ===
[driver] Submitted CI fragment   0  -> Slurm job 6038917  (/mnt/beegfs/merzk/kaliakd/EWF_Geom_Opt_Development/release_code_showcase_acetone/EWF-FCI_SCI/jobs_EWF/step_001/jobs_ci_calculations/frag_solve_000.sh)
[driver] Submitted CI fragment   1  -> Slurm job 6038918  (/mnt/beegfs/merzk/kaliakd/EWF_Geom_Opt_Development/release_code_showcase_acetone/EWF-FCI_SCI/jobs_EWF/step_001/jobs_ci_calculations/frag_solve_001.sh)
[driver] Submitted CI fragment   2  -> Slurm job 6038919  (/mnt/beegfs/merzk/kaliakd/EWF_Geom_Opt_Development/release_code_showcase_acetone/EWF-FCI_SCI/jobs_EWF/step_001/jobs_ci_calculations/frag_solve_002.sh)
[driver] Submitted CI fragment   3  -> Slurm job 6038920  (/mnt/beegfs/merzk/kaliakd/EWF_Geom_Opt_Development/release_code_showcase_acetone/EWF-FCI_SCI/jobs_EWF/step_001/jobs_ci_calculations/frag_solve_003.sh)
[driver] Submitted CI fragment   4  -> Slurm job 6038921  (/mnt/beegfs/merzk/kaliakd/EWF_Geom_Opt_Development/release_code_showcase_acetone/EWF-FCI_SCI/jobs_EWF/step_001/jobs_ci_calculations/frag_solve_004.sh)
[driver] Submitted CI fragment   5  -> Slurm job 6038922  (/mnt/beegfs/merzk/kaliakd/EWF_Geom_Opt_Development/release_code_showcase_acetone/EWF-FCI_SCI/jobs_EWF/step_001/jobs_ci_calculations/frag_solve_005.sh)
[driver] Submitted CI fragment   6  -> Slurm job 6038923  (/mnt/beegfs/merzk/kaliakd/EWF_Geom_Opt_Development/release_code_showcase_acetone/EWF-FCI_SCI/jobs_EWF/step_001/jobs_ci_calculations/frag_solve_006.sh)
[driver] Submitted CI fragment   7  -> Slurm job 6038924  (/mnt/beegfs/merzk/kaliakd/EWF_Geom_Opt_Development/release_code_showcase_acetone/EWF-FCI_SCI/jobs_EWF/step_001/jobs_ci_calculations/frag_solve_007.sh)
[driver] Submitted CI fragment   8  -> Slurm job 6038925  (/mnt/beegfs/merzk/kaliakd/EWF_Geom_Opt_Development/release_code_showcase_acetone/EWF-FCI_SCI/jobs_EWF/step_001/jobs_ci_calculations/frag_solve_008.sh)
[driver] Submitted CI fragment   9  -> Slurm job 6038926  (/mnt/beegfs/merzk/kaliakd/EWF_Geom_Opt_Development/release_code_showcase_acetone/EWF-FCI_SCI/jobs_EWF/step_001/jobs_ci_calculations/frag_solve_009.sh)
[driver] Waiting on 10 fragment status file(s) in '/mnt/beegfs/merzk/kaliakd/EWF_Geom_Opt_Development/release_code_showcase_acetone/EWF-FCI_SCI/jobs_EWF/step_001/jobs_ci_calculations'
[driver]   done=0/10  running=0  queued=10  (poll 15s)
[driver]   done=6/10  running=4  queued=0  (poll 15s)
[driver]   done=6/10  running=4  queued=0  (poll 15s)
[driver]   done=6/10  running=4  queued=0  (poll 15s)
[driver]   done=6/10  running=4  queued=0  (poll 15s)
[driver]   done=6/10  running=4  queued=0  (poll 15s)
[driver]   done=6/10  running=4  queued=0  (poll 15s)
[driver]   done=6/10  running=4  queued=0  (poll 15s)
[driver]   done=6/10  running=4  queued=0  (poll 15s)
[driver]   done=6/10  running=4  queued=0  (poll 15s)
[driver]   done=6/10  running=4  queued=0  (poll 15s)
[driver]   done=6/10  running=4  queued=0  (poll 15s)
[driver]   done=6/10  running=4  queued=0  (poll 15s)
[driver]   done=6/10  running=4  queued=0  (poll 15s)
[driver]   done=6/10  running=4  queued=0  (poll 15s)
[driver]   done=6/10  running=4  queued=0  (poll 15s)
[driver]   done=6/10  running=4  queued=0  (poll 15s)
[driver]   done=6/10  running=4  queued=0  (poll 15s)
[driver]   done=6/10  running=4  queued=0  (poll 15s)
[driver]   done=6/10  running=4  queued=0  (poll 15s)
[driver]   done=6/10  running=4  queued=0  (poll 15s)
[driver]   done=6/10  running=4  queued=0  (poll 15s)
[driver]   done=6/10  running=4  queued=0  (poll 15s)
[driver]   done=6/10  running=4  queued=0  (poll 15s)
[driver]   done=6/10  running=4  queued=0  (poll 15s)
[driver]   done=6/10  running=4  queued=0  (poll 15s)
[driver]   done=6/10  running=4  queued=0  (poll 15s)
[driver]   done=6/10  running=4  queued=0  (poll 15s)
[driver]   done=6/10  running=4  queued=0  (poll 15s)
[driver]   done=6/10  running=4  queued=0  (poll 15s)
[driver]   done=6/10  running=4  queued=0  (poll 15s)
[driver]   done=6/10  running=4  queued=0  (poll 15s)
[driver]   done=6/10  running=4  queued=0  (poll 15s)
[driver]   done=6/10  running=4  queued=0  (poll 15s)
[driver]   done=6/10  running=4  queued=0  (poll 15s)
[driver]   done=7/10  running=3  queued=0  (poll 15s)
[driver]   done=7/10  running=3  queued=0  (poll 15s)
[driver]   done=7/10  running=3  queued=0  (poll 15s)
[driver]   done=8/10  running=2  queued=0  (poll 15s)
[driver]   done=8/10  running=2  queued=0  (poll 15s)
[driver]   done=8/10  running=2  queued=0  (poll 15s)
[driver]   done=8/10  running=2  queued=0  (poll 15s)
[driver]   done=8/10  running=2  queued=0  (poll 15s)
[driver]   done=9/10  running=1  queued=0  (poll 15s)
[driver]   done=9/10  running=1  queued=0  (poll 15s)
[driver]   done=9/10  running=1  queued=0  (poll 15s)
[driver] All fragment jobs reported DONE.
[geomopt step=001] Assembly route: Stage-1 Lagrangian (rdm_t amplitudes + Λ/Z-vector relaxed density; amplitude response, frozen-bath)
[lagrangian] global effective correlation energy (diagnostic): -0.0826255810 Ha
[lagrangian] Λ-relaxed (Z-vector) global density built; amplitude response included (frozen-bath approximation)
[geomopt step=001] Per-cluster energies (heff + eris):
                      O  E_cluster = -136.7601956833 Ha  [SCI_SBD, norb=16]
                      C  E_cluster = -147.0720234329 Ha  [SCI_SBD, norb=22]
                      C  E_cluster = -92.2220930290 Ha  [SCI_SBD, norb=16]
                      C  E_cluster = -92.2220930290 Ha  [SCI_SBD, norb=16]
                      H  E_cluster = -17.4853825486 Ha  [FCI, norb=8]
                      H  E_cluster = -17.4853825486 Ha  [FCI, norb=8]
                      H  E_cluster = -17.4791810453 Ha  [FCI, norb=8]
                      H  E_cluster = -17.4791810453 Ha  [FCI, norb=8]
                      H  E_cluster = -17.4791810453 Ha  [FCI, norb=8]
                      H  E_cluster = -17.4791810453 Ha  [FCI, norb=8]
[geomopt step=001] Global 1-RDM shape         : (26, 26)
[geomopt step=001] Global 2-RDM cumulant shape: (26, 26, 26, 26)
[geomopt step=001] Tr(dm1) = 32.000000 (expected: nelec = 32)
[geomopt step=001] EWF-FCI/SCI_SBD energy: -189.8151925221 Ha
[geomopt step=001] E = -189.8151925221 Ha   |grad| = 2.4320e-02
======================================================================

Sella   1 20:36:00    -5165.134477       2.1012       0.0000       0.1000       1.1952
/home/kaliakd/isilon/Danil/Software/Executables/miniforge3/envs/ewf/lib/python3.10/site-packages/ase/optimize/optimize.py:92: FutureWarning: Log flushes by default now.  Please do not call flush().  If you want a different flushing behaviour please open logfile yourself and choose buffering mode as appropriate.  This flush() method currently does nothing.
  warnings.warn('Log flushes by default now.  Please do not call '

======================================================================
[geomopt step=002] Starting EWF-FCI/SCI_SBD single-point in /mnt/beegfs/merzk/kaliakd/EWF_Geom_Opt_Development/release_code_showcase_acetone/EWF-FCI_SCI/jobs_EWF/step_002
======================================================================
[geomopt step=002] Building mol + RHF
[geomopt step=002] HF energy: -189.5331492727
          |
          |  INITIALIZING EWF
          |  ================
          |      Initial E(mean-field)=    -189.53314927 Ha
          |      Calculated E(HF)=         -189.53314927 Ha
          |      Difference dE=              +0.00000000 Ha ( -0.0%)
          |      n(AO)=   26  n(MO)=   26  n(linear dep.)=    0
          |      Parameters of EWF:
          |      Options(store_eris=True, global_frag_chempot=None, dm_with_frozen=False, bath_options={'bathtype':
          |          'mp2', 'canonicalize': True, 'occupation_tolerance': 1e-06, 'dmet_threshold': 1e-08, 'rcut': None,
          |          'unit': 'Ang', 'local_aux_enable': False, 'local_aux_radius': 5.0, 'local_aux_unit': 'Ang',
          |          'local_aux_atom_weight_thresh': 0.0001, 'local_aux_print': False, 'order': None, 'max_order': 20,
          |          'threshold': 1e-05, 'truncation': 'occupation', 'project_dmet_order': 2, 'project_dmet_mode':
          |          'squared-entropy', 'addbuffer': False, 'bathtype_occ': None, 'bathtype_vir': None, 'rcut_occ': None,
          |          'rcut_vir': None, 'unit_occ': None, 'unit_vir': None, 'order_occ': None, 'order_vir': None,
          |          'max_order_occ': None, 'max_order_vir': None, 'threshold_occ': None, 'threshold_vir': None,
          |          'truncation_occ': None, 'truncation_vir': None, 'project_dmet_order_occ': None,
          |          'project_dmet_order_vir': None, 'project_dmet_mode_occ': None, 'project_dmet_mode_vir': None,
          |          'addbuffer_occ': None, 'addbuffer_dmet_vir': None, 'canonicalize_occ': None, 'canonicalize_vir':
          |          None}, bosonic_bath_options={'bathtype': None, 'target_orbitals': 'full', 'local_projection':
          |          'fragment', 'threshold': 1e-06, 'truncation': 'occupation'}, solver_options={'conv_tol': None,
          |          'n_moments': None, 'solve_lambda': True, 'conv_tol_normt': None, 'level_shift': None, 'diis_space':
          |          None, 'diis_start_cycle': None, 'iterative_damping': None, 'threads': 1, 'max_cycle': 300,
          |          'fix_spin': None, 'lindep': None, 'davidson_only': True, 'init_guess': 'default', 'max_boson_occ':
          |          2, 'ansatz': None, 'store_as_ccsd': None, 'dumpfile': '/dev/null', 'callback': None,
          |          'compress_cderi': False}, symmetry_tol=1e-06, symmetry_mf_tol=1e-05, screening=None,
          |          ext_rpa_correction=None, match_cluster_fock=False, iao_minao='auto', project_eris=False,
          |          project_init_guess=True, energy_functional='wf', calc_e_wf_corr=True, calc_e_dm_corr=False,
          |          calc_e_ccsd_t_corr=False, t_as_lambda=None, store_wf_type=None, bsse_correction=True, bsse_rmax=5.0,
          |          nelectron_target=None, sc_mode=0, coupled_iterations=False, _debug_wf=None)
          |      Time for EWF setup: 0.1 s
          |  IAO Fragmentation
          |  -----------------
          |  IAO:  computational basis= sto-3g  minimal reference basis= sto-3g (automatically chosen)
          |      IAO CACHE MISS: molecule fingerprint mismatch
          |      IAO: building IAOs from scratch (cache miss).
          |      n(AO)=   26  n(MO)=   26  n(occ-MO)=   16  n(IAO)=   26
          |      IAO CACHE WRITE: saved C_iao to iao_cache.h5 (shape=(26, 26))
          |      Fragmentation: orthogonal= True, occupied-complete= True, virtual-complete= True
[geomopt step=002] Discovered 10 fragment(s) at threshold=1e-05
[geomopt step=002] === Wave 1/2 : submitting 10 DUMP job(s) ===
[driver] Submitted dump fragment   0  -> Slurm job 6038972  (/mnt/beegfs/merzk/kaliakd/EWF_Geom_Opt_Development/release_code_showcase_acetone/EWF-FCI_SCI/jobs_EWF/step_002/jobs_fragments_production/frag_dump_000.sh)
[driver] Submitted dump fragment   1  -> Slurm job 6038973  (/mnt/beegfs/merzk/kaliakd/EWF_Geom_Opt_Development/release_code_showcase_acetone/EWF-FCI_SCI/jobs_EWF/step_002/jobs_fragments_production/frag_dump_001.sh)
[driver] Submitted dump fragment   2  -> Slurm job 6038974  (/mnt/beegfs/merzk/kaliakd/EWF_Geom_Opt_Development/release_code_showcase_acetone/EWF-FCI_SCI/jobs_EWF/step_002/jobs_fragments_production/frag_dump_002.sh)
[driver] Submitted dump fragment   3  -> Slurm job 6038975  (/mnt/beegfs/merzk/kaliakd/EWF_Geom_Opt_Development/release_code_showcase_acetone/EWF-FCI_SCI/jobs_EWF/step_002/jobs_fragments_production/frag_dump_003.sh)
[driver] Submitted dump fragment   4  -> Slurm job 6038976  (/mnt/beegfs/merzk/kaliakd/EWF_Geom_Opt_Development/release_code_showcase_acetone/EWF-FCI_SCI/jobs_EWF/step_002/jobs_fragments_production/frag_dump_004.sh)
[driver] Submitted dump fragment   5  -> Slurm job 6038977  (/mnt/beegfs/merzk/kaliakd/EWF_Geom_Opt_Development/release_code_showcase_acetone/EWF-FCI_SCI/jobs_EWF/step_002/jobs_fragments_production/frag_dump_005.sh)
[driver] Submitted dump fragment   6  -> Slurm job 6038978  (/mnt/beegfs/merzk/kaliakd/EWF_Geom_Opt_Development/release_code_showcase_acetone/EWF-FCI_SCI/jobs_EWF/step_002/jobs_fragments_production/frag_dump_006.sh)
[driver] Submitted dump fragment   7  -> Slurm job 6038979  (/mnt/beegfs/merzk/kaliakd/EWF_Geom_Opt_Development/release_code_showcase_acetone/EWF-FCI_SCI/jobs_EWF/step_002/jobs_fragments_production/frag_dump_007.sh)
[driver] Submitted dump fragment   8  -> Slurm job 6038980  (/mnt/beegfs/merzk/kaliakd/EWF_Geom_Opt_Development/release_code_showcase_acetone/EWF-FCI_SCI/jobs_EWF/step_002/jobs_fragments_production/frag_dump_008.sh)
[driver] Submitted dump fragment   9  -> Slurm job 6038981  (/mnt/beegfs/merzk/kaliakd/EWF_Geom_Opt_Development/release_code_showcase_acetone/EWF-FCI_SCI/jobs_EWF/step_002/jobs_fragments_production/frag_dump_009.sh)
[driver] Waiting on 10 fragment status file(s) in '/mnt/beegfs/merzk/kaliakd/EWF_Geom_Opt_Development/release_code_showcase_acetone/EWF-FCI_SCI/jobs_EWF/step_002/jobs_fragments_production'
[driver]   done=0/10  running=0  queued=10  (poll 15s)
[driver] All fragment jobs reported DONE.
[geomopt step=002] === Wave 2/2 : submitting 10 solve (FCI/SCI) job(s) ===
[driver] Submitted CI fragment   0  -> Slurm job 6038982  (/mnt/beegfs/merzk/kaliakd/EWF_Geom_Opt_Development/release_code_showcase_acetone/EWF-FCI_SCI/jobs_EWF/step_002/jobs_ci_calculations/frag_solve_000.sh)
[driver] Submitted CI fragment   1  -> Slurm job 6038983  (/mnt/beegfs/merzk/kaliakd/EWF_Geom_Opt_Development/release_code_showcase_acetone/EWF-FCI_SCI/jobs_EWF/step_002/jobs_ci_calculations/frag_solve_001.sh)
[driver] Submitted CI fragment   2  -> Slurm job 6038984  (/mnt/beegfs/merzk/kaliakd/EWF_Geom_Opt_Development/release_code_showcase_acetone/EWF-FCI_SCI/jobs_EWF/step_002/jobs_ci_calculations/frag_solve_002.sh)
[driver] Submitted CI fragment   3  -> Slurm job 6038985  (/mnt/beegfs/merzk/kaliakd/EWF_Geom_Opt_Development/release_code_showcase_acetone/EWF-FCI_SCI/jobs_EWF/step_002/jobs_ci_calculations/frag_solve_003.sh)
[driver] Submitted CI fragment   4  -> Slurm job 6038986  (/mnt/beegfs/merzk/kaliakd/EWF_Geom_Opt_Development/release_code_showcase_acetone/EWF-FCI_SCI/jobs_EWF/step_002/jobs_ci_calculations/frag_solve_004.sh)
[driver] Submitted CI fragment   5  -> Slurm job 6038987  (/mnt/beegfs/merzk/kaliakd/EWF_Geom_Opt_Development/release_code_showcase_acetone/EWF-FCI_SCI/jobs_EWF/step_002/jobs_ci_calculations/frag_solve_005.sh)
[driver] Submitted CI fragment   6  -> Slurm job 6038988  (/mnt/beegfs/merzk/kaliakd/EWF_Geom_Opt_Development/release_code_showcase_acetone/EWF-FCI_SCI/jobs_EWF/step_002/jobs_ci_calculations/frag_solve_006.sh)
[driver] Submitted CI fragment   7  -> Slurm job 6038989  (/mnt/beegfs/merzk/kaliakd/EWF_Geom_Opt_Development/release_code_showcase_acetone/EWF-FCI_SCI/jobs_EWF/step_002/jobs_ci_calculations/frag_solve_007.sh)
[driver] Submitted CI fragment   8  -> Slurm job 6038990  (/mnt/beegfs/merzk/kaliakd/EWF_Geom_Opt_Development/release_code_showcase_acetone/EWF-FCI_SCI/jobs_EWF/step_002/jobs_ci_calculations/frag_solve_008.sh)
[driver] Submitted CI fragment   9  -> Slurm job 6038991  (/mnt/beegfs/merzk/kaliakd/EWF_Geom_Opt_Development/release_code_showcase_acetone/EWF-FCI_SCI/jobs_EWF/step_002/jobs_ci_calculations/frag_solve_009.sh)
[driver] Waiting on 10 fragment status file(s) in '/mnt/beegfs/merzk/kaliakd/EWF_Geom_Opt_Development/release_code_showcase_acetone/EWF-FCI_SCI/jobs_EWF/step_002/jobs_ci_calculations'
[driver]   done=0/10  running=0  queued=10  (poll 15s)
[driver]   done=5/10  running=5  queued=0  (poll 15s)
[driver]   done=6/10  running=4  queued=0  (poll 15s)
[driver]   done=6/10  running=4  queued=0  (poll 15s)
[driver]   done=6/10  running=4  queued=0  (poll 15s)
[driver]   done=6/10  running=4  queued=0  (poll 15s)
[driver]   done=6/10  running=4  queued=0  (poll 15s)
[driver]   done=6/10  running=4  queued=0  (poll 15s)
[driver]   done=6/10  running=4  queued=0  (poll 15s)
[driver]   done=6/10  running=4  queued=0  (poll 15s)
[driver]   done=6/10  running=4  queued=0  (poll 15s)
[driver]   done=6/10  running=4  queued=0  (poll 15s)
[driver]   done=6/10  running=4  queued=0  (poll 15s)
[driver]   done=6/10  running=4  queued=0  (poll 15s)
[driver]   done=6/10  running=4  queued=0  (poll 15s)
[driver]   done=6/10  running=4  queued=0  (poll 15s)
[driver]   done=6/10  running=4  queued=0  (poll 15s)
[driver]   done=6/10  running=4  queued=0  (poll 15s)
[driver]   done=6/10  running=4  queued=0  (poll 15s)
[driver]   done=6/10  running=4  queued=0  (poll 15s)
[driver]   done=6/10  running=4  queued=0  (poll 15s)
[driver]   done=6/10  running=4  queued=0  (poll 15s)
[driver]   done=6/10  running=4  queued=0  (poll 15s)
[driver]   done=6/10  running=4  queued=0  (poll 15s)
[driver]   done=6/10  running=4  queued=0  (poll 15s)
[driver]   done=6/10  running=4  queued=0  (poll 15s)
[driver]   done=6/10  running=4  queued=0  (poll 15s)
[driver]   done=6/10  running=4  queued=0  (poll 15s)
[driver]   done=6/10  running=4  queued=0  (poll 15s)
[driver]   done=6/10  running=4  queued=0  (poll 15s)
[driver]   done=6/10  running=4  queued=0  (poll 15s)
[driver]   done=6/10  running=4  queued=0  (poll 15s)
[driver]   done=6/10  running=4  queued=0  (poll 15s)
[driver]   done=6/10  running=4  queued=0  (poll 15s)
[driver]   done=6/10  running=4  queued=0  (poll 15s)
[driver]   done=6/10  running=4  queued=0  (poll 15s)
[driver]   done=6/10  running=4  queued=0  (poll 15s)
[driver]   done=6/10  running=4  queued=0  (poll 15s)
[driver]   done=6/10  running=4  queued=0  (poll 15s)
[driver]   done=8/10  running=2  queued=0  (poll 15s)
[driver]   done=8/10  running=2  queued=0  (poll 15s)
[driver]   done=8/10  running=2  queued=0  (poll 15s)
[driver]   done=8/10  running=2  queued=0  (poll 15s)
[driver]   done=8/10  running=2  queued=0  (poll 15s)
[driver]   done=9/10  running=1  queued=0  (poll 15s)
[driver]   done=9/10  running=1  queued=0  (poll 15s)
[driver]   done=9/10  running=1  queued=0  (poll 15s)
[driver]   done=9/10  running=1  queued=0  (poll 15s)
[driver]   done=9/10  running=1  queued=0  (poll 15s)
[driver]   done=9/10  running=1  queued=0  (poll 15s)
[driver]   done=9/10  running=1  queued=0  (poll 15s)
[driver]   done=9/10  running=1  queued=0  (poll 15s)
[driver]   done=9/10  running=1  queued=0  (poll 15s)
[driver]   done=9/10  running=1  queued=0  (poll 15s)
[driver]   done=9/10  running=1  queued=0  (poll 15s)
[driver]   done=9/10  running=1  queued=0  (poll 15s)
[driver]   done=9/10  running=1  queued=0  (poll 15s)
[driver]   done=9/10  running=1  queued=0  (poll 15s)
[driver]   done=9/10  running=1  queued=0  (poll 15s)
[driver]   done=9/10  running=1  queued=0  (poll 15s)
[driver]   done=9/10  running=1  queued=0  (poll 15s)
[driver]   done=9/10  running=1  queued=0  (poll 15s)
[driver]   done=9/10  running=1  queued=0  (poll 15s)
[driver]   done=9/10  running=1  queued=0  (poll 15s)
[driver]   done=9/10  running=1  queued=0  (poll 15s)
[driver]   done=9/10  running=1  queued=0  (poll 15s)
[driver]   done=9/10  running=1  queued=0  (poll 15s)
[driver]   done=9/10  running=1  queued=0  (poll 15s)
[driver]   done=9/10  running=1  queued=0  (poll 15s)
[driver]   done=9/10  running=1  queued=0  (poll 15s)
[driver]   done=9/10  running=1  queued=0  (poll 15s)
[driver]   done=9/10  running=1  queued=0  (poll 15s)
[driver]   done=9/10  running=1  queued=0  (poll 15s)
[driver]   done=9/10  running=1  queued=0  (poll 15s)
[driver]   done=9/10  running=1  queued=0  (poll 15s)
[driver]   done=9/10  running=1  queued=0  (poll 15s)
[driver]   done=9/10  running=1  queued=0  (poll 15s)
[driver]   done=9/10  running=1  queued=0  (poll 15s)
[driver]   done=9/10  running=1  queued=0  (poll 15s)
[driver]   done=9/10  running=1  queued=0  (poll 15s)
[driver]   done=9/10  running=1  queued=0  (poll 15s)
[driver]   done=9/10  running=1  queued=0  (poll 15s)
[driver]   done=9/10  running=1  queued=0  (poll 15s)
[driver]   done=9/10  running=1  queued=0  (poll 15s)
[driver]   done=9/10  running=1  queued=0  (poll 15s)
[driver]   done=9/10  running=1  queued=0  (poll 15s)
[driver]   done=9/10  running=1  queued=0  (poll 15s)
[driver]   done=9/10  running=1  queued=0  (poll 15s)
[driver]   done=9/10  running=1  queued=0  (poll 15s)
[driver]   done=9/10  running=1  queued=0  (poll 15s)
[driver]   done=9/10  running=1  queued=0  (poll 15s)
[driver]   done=9/10  running=1  queued=0  (poll 15s)
[driver]   done=9/10  running=1  queued=0  (poll 15s)
[driver]   done=9/10  running=1  queued=0  (poll 15s)
[driver]   done=9/10  running=1  queued=0  (poll 15s)
[driver]   done=9/10  running=1  queued=0  (poll 15s)
[driver]   done=9/10  running=1  queued=0  (poll 15s)
[driver]   done=9/10  running=1  queued=0  (poll 15s)
[driver]   done=9/10  running=1  queued=0  (poll 15s)
[driver]   done=9/10  running=1  queued=0  (poll 15s)
[driver]   done=9/10  running=1  queued=0  (poll 15s)
[driver]   done=9/10  running=1  queued=0  (poll 15s)
[driver]   done=9/10  running=1  queued=0  (poll 15s)
[driver]   done=9/10  running=1  queued=0  (poll 15s)
[driver]   done=9/10  running=1  queued=0  (poll 15s)
[driver]   done=9/10  running=1  queued=0  (poll 15s)
[driver]   done=9/10  running=1  queued=0  (poll 15s)
[driver]   done=9/10  running=1  queued=0  (poll 15s)
[driver]   done=9/10  running=1  queued=0  (poll 15s)
[driver]   done=9/10  running=1  queued=0  (poll 15s)
[driver]   done=9/10  running=1  queued=0  (poll 15s)
[driver]   done=9/10  running=1  queued=0  (poll 15s)
[driver]   done=9/10  running=1  queued=0  (poll 15s)
[driver]   done=9/10  running=1  queued=0  (poll 15s)
[driver]   done=9/10  running=1  queued=0  (poll 15s)
[driver]   done=9/10  running=1  queued=0  (poll 15s)
[driver]   done=9/10  running=1  queued=0  (poll 15s)
[driver]   done=9/10  running=1  queued=0  (poll 15s)
[driver]   done=9/10  running=1  queued=0  (poll 15s)
[driver]   done=9/10  running=1  queued=0  (poll 15s)
[driver]   done=9/10  running=1  queued=0  (poll 15s)
[driver]   done=9/10  running=1  queued=0  (poll 15s)
[driver]   done=9/10  running=1  queued=0  (poll 15s)
[driver]   done=9/10  running=1  queued=0  (poll 15s)
[driver]   done=9/10  running=1  queued=0  (poll 15s)
[driver]   done=9/10  running=1  queued=0  (poll 15s)
[driver]   done=9/10  running=1  queued=0  (poll 15s)
[driver]   done=9/10  running=1  queued=0  (poll 15s)
[driver]   done=9/10  running=1  queued=0  (poll 15s)
[driver]   done=9/10  running=1  queued=0  (poll 15s)
[driver]   done=9/10  running=1  queued=0  (poll 15s)
[driver]   done=9/10  running=1  queued=0  (poll 15s)
[driver]   done=9/10  running=1  queued=0  (poll 15s)
[driver]   done=9/10  running=1  queued=0  (poll 15s)
[driver]   done=9/10  running=1  queued=0  (poll 15s)
[driver]   done=9/10  running=1  queued=0  (poll 15s)
[driver]   done=9/10  running=1  queued=0  (poll 15s)
[driver]   done=9/10  running=1  queued=0  (poll 15s)
[driver]   done=9/10  running=1  queued=0  (poll 15s)
[driver]   done=9/10  running=1  queued=0  (poll 15s)
[driver]   done=9/10  running=1  queued=0  (poll 15s)
[driver]   done=9/10  running=1  queued=0  (poll 15s)
[driver]   done=9/10  running=1  queued=0  (poll 15s)
[driver]   done=9/10  running=1  queued=0  (poll 15s)
[driver]   done=9/10  running=1  queued=0  (poll 15s)
[driver]   done=9/10  running=1  queued=0  (poll 15s)
[driver]   done=9/10  running=1  queued=0  (poll 15s)
[driver]   done=9/10  running=1  queued=0  (poll 15s)
[driver]   done=9/10  running=1  queued=0  (poll 15s)
[driver]   done=9/10  running=1  queued=0  (poll 15s)
[driver]   done=9/10  running=1  queued=0  (poll 15s)
[driver]   done=9/10  running=1  queued=0  (poll 15s)
[driver]   done=9/10  running=1  queued=0  (poll 15s)
[driver]   done=9/10  running=1  queued=0  (poll 15s)
[driver]   done=9/10  running=1  queued=0  (poll 15s)
[driver]   done=9/10  running=1  queued=0  (poll 15s)
[driver]   done=9/10  running=1  queued=0  (poll 15s)
[driver]   done=9/10  running=1  queued=0  (poll 15s)
[driver]   done=9/10  running=1  queued=0  (poll 15s)
[driver]   done=9/10  running=1  queued=0  (poll 15s)
[driver]   done=9/10  running=1  queued=0  (poll 15s)
[driver]   done=9/10  running=1  queued=0  (poll 15s)
[driver]   done=9/10  running=1  queued=0  (poll 15s)
[driver]   done=9/10  running=1  queued=0  (poll 15s)
[driver]   done=9/10  running=1  queued=0  (poll 15s)
[driver]   done=9/10  running=1  queued=0  (poll 15s)
[driver]   done=9/10  running=1  queued=0  (poll 15s)
[driver]   done=9/10  running=1  queued=0  (poll 15s)
[driver]   done=9/10  running=1  queued=0  (poll 15s)
[driver]   done=9/10  running=1  queued=0  (poll 15s)
[driver]   done=9/10  running=1  queued=0  (poll 15s)
[driver]   done=9/10  running=1  queued=0  (poll 15s)
[driver]   done=9/10  running=1  queued=0  (poll 15s)
[driver]   done=9/10  running=1  queued=0  (poll 15s)
[driver]   done=9/10  running=1  queued=0  (poll 15s)
[driver]   done=9/10  running=1  queued=0  (poll 15s)
[driver]   done=9/10  running=1  queued=0  (poll 15s)
[driver]   done=9/10  running=1  queued=0  (poll 15s)
[driver]   done=9/10  running=1  queued=0  (poll 15s)
[driver]   done=9/10  running=1  queued=0  (poll 15s)
[driver]   done=9/10  running=1  queued=0  (poll 15s)
[driver]   done=9/10  running=1  queued=0  (poll 15s)
[driver]   done=9/10  running=1  queued=0  (poll 15s)
[driver]   done=9/10  running=1  queued=0  (poll 15s)
[driver]   done=9/10  running=1  queued=0  (poll 15s)
[driver]   done=9/10  running=1  queued=0  (poll 15s)
[driver]   done=9/10  running=1  queued=0  (poll 15s)
[driver]   done=9/10  running=1  queued=0  (poll 15s)
[driver]   done=9/10  running=1  queued=0  (poll 15s)
[driver]   done=9/10  running=1  queued=0  (poll 15s)
[driver]   done=9/10  running=1  queued=0  (poll 15s)
[driver]   done=9/10  running=1  queued=0  (poll 15s)
[driver]   done=9/10  running=1  queued=0  (poll 15s)
[driver]   done=9/10  running=1  queued=0  (poll 15s)
[driver]   done=9/10  running=1  queued=0  (poll 15s)
[driver]   done=9/10  running=1  queued=0  (poll 15s)
[driver]   done=9/10  running=1  queued=0  (poll 15s)
[driver]   done=9/10  running=1  queued=0  (poll 15s)
[driver]   done=9/10  running=1  queued=0  (poll 15s)
[driver]   done=9/10  running=1  queued=0  (poll 15s)
[driver]   done=9/10  running=1  queued=0  (poll 15s)
[driver]   done=9/10  running=1  queued=0  (poll 15s)
[driver]   done=9/10  running=1  queued=0  (poll 15s)
[driver]   done=9/10  running=1  queued=0  (poll 15s)
[driver]   done=9/10  running=1  queued=0  (poll 15s)
[driver]   done=9/10  running=1  queued=0  (poll 15s)
[driver] All fragment jobs reported DONE.
[geomopt step=002] Assembly route: Stage-1 Lagrangian (rdm_t amplitudes + Λ/Z-vector relaxed density; amplitude response, frozen-bath)
[lagrangian] global effective correlation energy (diagnostic): -0.0817507046 Ha
[lagrangian] Λ-relaxed (Z-vector) global density built; amplitude response included (frozen-bath approximation)
[geomopt step=002] Per-cluster energies (heff + eris):
                      O  E_cluster = -137.3822109772 Ha  [SCI_SBD, norb=16]
                      C  E_cluster = -147.2265996117 Ha  [SCI_SBD, norb=22]
                      C  E_cluster = -92.2809960808 Ha  [SCI_SBD, norb=16]
                      C  E_cluster = -92.2809797649 Ha  [SCI_SBD, norb=16]
                      H  E_cluster = -17.4614978270 Ha  [FCI, norb=8]
                      H  E_cluster = -17.4614981918 Ha  [FCI, norb=8]
                      H  E_cluster = -17.4572267149 Ha  [FCI, norb=8]
                      H  E_cluster = -17.4572264428 Ha  [FCI, norb=8]
                      H  E_cluster = -17.4572197844 Ha  [FCI, norb=8]
                      H  E_cluster = -17.4572192905 Ha  [FCI, norb=8]
[geomopt step=002] Global 1-RDM shape         : (26, 26)
[geomopt step=002] Global 2-RDM cumulant shape: (26, 26, 26, 26)
[geomopt step=002] Tr(dm1) = 32.000000 (expected: nelec = 32)
[geomopt step=002] EWF-FCI/SCI_SBD energy: -189.8155537201 Ha
[geomopt step=002] E = -189.8155537201 Ha   |grad| = 7.7090e-03
======================================================================

Sella   2 21:27:52    -5165.144306       0.8764       0.0000       0.1000       1.3066
/home/kaliakd/isilon/Danil/Software/Executables/miniforge3/envs/ewf/lib/python3.10/site-packages/ase/optimize/optimize.py:92: FutureWarning: Log flushes by default now.  Please do not call flush().  If you want a different flushing behaviour please open logfile yourself and choose buffering mode as appropriate.  This flush() method currently does nothing.
  warnings.warn('Log flushes by default now.  Please do not call '

======================================================================
[geomopt step=003] Starting EWF-FCI/SCI_SBD single-point in /mnt/beegfs/merzk/kaliakd/EWF_Geom_Opt_Development/release_code_showcase_acetone/EWF-FCI_SCI/jobs_EWF/step_003
======================================================================
[geomopt step=003] Building mol + RHF
[geomopt step=003] HF energy: -189.5337140205
          |
          |  INITIALIZING EWF
          |  ================
          |      Initial E(mean-field)=    -189.53371402 Ha
          |      Calculated E(HF)=         -189.53371402 Ha
          |      Difference dE=              +0.00000000 Ha ( -0.0%)
          |      n(AO)=   26  n(MO)=   26  n(linear dep.)=    0
          |      Parameters of EWF:
          |      Options(store_eris=True, global_frag_chempot=None, dm_with_frozen=False, bath_options={'bathtype':
          |          'mp2', 'canonicalize': True, 'occupation_tolerance': 1e-06, 'dmet_threshold': 1e-08, 'rcut': None,
          |          'unit': 'Ang', 'local_aux_enable': False, 'local_aux_radius': 5.0, 'local_aux_unit': 'Ang',
          |          'local_aux_atom_weight_thresh': 0.0001, 'local_aux_print': False, 'order': None, 'max_order': 20,
          |          'threshold': 1e-05, 'truncation': 'occupation', 'project_dmet_order': 2, 'project_dmet_mode':
          |          'squared-entropy', 'addbuffer': False, 'bathtype_occ': None, 'bathtype_vir': None, 'rcut_occ': None,
          |          'rcut_vir': None, 'unit_occ': None, 'unit_vir': None, 'order_occ': None, 'order_vir': None,
          |          'max_order_occ': None, 'max_order_vir': None, 'threshold_occ': None, 'threshold_vir': None,
          |          'truncation_occ': None, 'truncation_vir': None, 'project_dmet_order_occ': None,
          |          'project_dmet_order_vir': None, 'project_dmet_mode_occ': None, 'project_dmet_mode_vir': None,
          |          'addbuffer_occ': None, 'addbuffer_dmet_vir': None, 'canonicalize_occ': None, 'canonicalize_vir':
          |          None}, bosonic_bath_options={'bathtype': None, 'target_orbitals': 'full', 'local_projection':
          |          'fragment', 'threshold': 1e-06, 'truncation': 'occupation'}, solver_options={'conv_tol': None,
          |          'n_moments': None, 'solve_lambda': True, 'conv_tol_normt': None, 'level_shift': None, 'diis_space':
          |          None, 'diis_start_cycle': None, 'iterative_damping': None, 'threads': 1, 'max_cycle': 300,
          |          'fix_spin': None, 'lindep': None, 'davidson_only': True, 'init_guess': 'default', 'max_boson_occ':
          |          2, 'ansatz': None, 'store_as_ccsd': None, 'dumpfile': '/dev/null', 'callback': None,
          |          'compress_cderi': False}, symmetry_tol=1e-06, symmetry_mf_tol=1e-05, screening=None,
          |          ext_rpa_correction=None, match_cluster_fock=False, iao_minao='auto', project_eris=False,
          |          project_init_guess=True, energy_functional='wf', calc_e_wf_corr=True, calc_e_dm_corr=False,
          |          calc_e_ccsd_t_corr=False, t_as_lambda=None, store_wf_type=None, bsse_correction=True, bsse_rmax=5.0,
          |          nelectron_target=None, sc_mode=0, coupled_iterations=False, _debug_wf=None)
          |      Time for EWF setup: 0.1 s
          |  IAO Fragmentation
          |  -----------------
          |  IAO:  computational basis= sto-3g  minimal reference basis= sto-3g (automatically chosen)
          |      IAO CACHE MISS: molecule fingerprint mismatch
          |      IAO: building IAOs from scratch (cache miss).
          |      n(AO)=   26  n(MO)=   26  n(occ-MO)=   16  n(IAO)=   26
          |      IAO CACHE WRITE: saved C_iao to iao_cache.h5 (shape=(26, 26))
          |      Fragmentation: orthogonal= True, occupied-complete= True, virtual-complete= True
[geomopt step=003] Discovered 10 fragment(s) at threshold=1e-05
[geomopt step=003] === Wave 1/2 : submitting 10 DUMP job(s) ===
[driver] Submitted dump fragment   0  -> Slurm job 6039746  (/mnt/beegfs/merzk/kaliakd/EWF_Geom_Opt_Development/release_code_showcase_acetone/EWF-FCI_SCI/jobs_EWF/step_003/jobs_fragments_production/frag_dump_000.sh)
[driver] Submitted dump fragment   1  -> Slurm job 6039747  (/mnt/beegfs/merzk/kaliakd/EWF_Geom_Opt_Development/release_code_showcase_acetone/EWF-FCI_SCI/jobs_EWF/step_003/jobs_fragments_production/frag_dump_001.sh)
[driver] Submitted dump fragment   2  -> Slurm job 6039748  (/mnt/beegfs/merzk/kaliakd/EWF_Geom_Opt_Development/release_code_showcase_acetone/EWF-FCI_SCI/jobs_EWF/step_003/jobs_fragments_production/frag_dump_002.sh)
[driver] Submitted dump fragment   3  -> Slurm job 6039749  (/mnt/beegfs/merzk/kaliakd/EWF_Geom_Opt_Development/release_code_showcase_acetone/EWF-FCI_SCI/jobs_EWF/step_003/jobs_fragments_production/frag_dump_003.sh)
[driver] Submitted dump fragment   4  -> Slurm job 6039750  (/mnt/beegfs/merzk/kaliakd/EWF_Geom_Opt_Development/release_code_showcase_acetone/EWF-FCI_SCI/jobs_EWF/step_003/jobs_fragments_production/frag_dump_004.sh)
[driver] Submitted dump fragment   5  -> Slurm job 6039751  (/mnt/beegfs/merzk/kaliakd/EWF_Geom_Opt_Development/release_code_showcase_acetone/EWF-FCI_SCI/jobs_EWF/step_003/jobs_fragments_production/frag_dump_005.sh)
[driver] Submitted dump fragment   6  -> Slurm job 6039752  (/mnt/beegfs/merzk/kaliakd/EWF_Geom_Opt_Development/release_code_showcase_acetone/EWF-FCI_SCI/jobs_EWF/step_003/jobs_fragments_production/frag_dump_006.sh)
[driver] Submitted dump fragment   7  -> Slurm job 6039753  (/mnt/beegfs/merzk/kaliakd/EWF_Geom_Opt_Development/release_code_showcase_acetone/EWF-FCI_SCI/jobs_EWF/step_003/jobs_fragments_production/frag_dump_007.sh)
[driver] Submitted dump fragment   8  -> Slurm job 6039754  (/mnt/beegfs/merzk/kaliakd/EWF_Geom_Opt_Development/release_code_showcase_acetone/EWF-FCI_SCI/jobs_EWF/step_003/jobs_fragments_production/frag_dump_008.sh)
[driver] Submitted dump fragment   9  -> Slurm job 6039755  (/mnt/beegfs/merzk/kaliakd/EWF_Geom_Opt_Development/release_code_showcase_acetone/EWF-FCI_SCI/jobs_EWF/step_003/jobs_fragments_production/frag_dump_009.sh)
[driver] Waiting on 10 fragment status file(s) in '/mnt/beegfs/merzk/kaliakd/EWF_Geom_Opt_Development/release_code_showcase_acetone/EWF-FCI_SCI/jobs_EWF/step_003/jobs_fragments_production'
[driver]   done=0/10  running=0  queued=10  (poll 15s)
[driver]   done=0/10  running=0  queued=10  (poll 15s)
[driver]   done=0/10  running=0  queued=10  (poll 15s)
[driver]   done=0/10  running=0  queued=10  (poll 15s)
[driver]   done=0/10  running=0  queued=10  (poll 15s)
[driver]   done=0/10  running=0  queued=10  (poll 15s)
[driver]   done=0/10  running=0  queued=10  (poll 15s)
[driver]   done=0/10  running=0  queued=10  (poll 15s)
[driver]   done=0/10  running=0  queued=10  (poll 15s)
[driver]   done=0/10  running=0  queued=10  (poll 15s)
[driver]   done=0/10  running=0  queued=10  (poll 15s)
[driver]   done=0/10  running=0  queued=10  (poll 15s)
[driver]   done=0/10  running=0  queued=10  (poll 15s)
[driver]   done=0/10  running=0  queued=10  (poll 15s)
[driver]   done=0/10  running=0  queued=10  (poll 15s)
[driver]   done=0/10  running=0  queued=10  (poll 15s)
[driver]   done=0/10  running=0  queued=10  (poll 15s)
[driver]   done=0/10  running=0  queued=10  (poll 15s)
[driver]   done=0/10  running=0  queued=10  (poll 15s)
[driver]   done=0/10  running=0  queued=10  (poll 15s)
[driver]   done=0/10  running=0  queued=10  (poll 15s)
[driver]   done=0/10  running=0  queued=10  (poll 15s)
[driver]   done=0/10  running=0  queued=10  (poll 15s)
[driver]   done=0/10  running=0  queued=10  (poll 15s)
[driver]   done=0/10  running=0  queued=10  (poll 15s)
[driver]   done=0/10  running=0  queued=10  (poll 15s)
[driver]   done=0/10  running=0  queued=10  (poll 15s)
[driver]   done=0/10  running=0  queued=10  (poll 15s)
[driver]   done=0/10  running=0  queued=10  (poll 15s)
[driver]   done=0/10  running=0  queued=10  (poll 15s)
[driver]   done=0/10  running=0  queued=10  (poll 15s)
[driver]   done=0/10  running=0  queued=10  (poll 15s)
[driver]   done=0/10  running=0  queued=10  (poll 15s)
[driver]   done=0/10  running=0  queued=10  (poll 15s)
[driver]   done=0/10  running=0  queued=10  (poll 15s)
[driver]   done=0/10  running=0  queued=10  (poll 15s)
[driver]   done=0/10  running=0  queued=10  (poll 15s)
[driver]   done=0/10  running=0  queued=10  (poll 15s)
[driver]   done=0/10  running=0  queued=10  (poll 15s)
[driver]   done=0/10  running=0  queued=10  (poll 15s)
[driver]   done=0/10  running=0  queued=10  (poll 15s)
[driver]   done=0/10  running=0  queued=10  (poll 15s)
[driver]   done=0/10  running=0  queued=10  (poll 15s)
[driver]   done=0/10  running=0  queued=10  (poll 15s)
[driver]   done=0/10  running=0  queued=10  (poll 15s)
[driver]   done=0/10  running=0  queued=10  (poll 15s)
[driver]   done=0/10  running=0  queued=10  (poll 15s)
[driver]   done=0/10  running=0  queued=10  (poll 15s)
[driver]   done=0/10  running=0  queued=10  (poll 15s)
[driver]   done=0/10  running=0  queued=10  (poll 15s)
[driver]   done=0/10  running=0  queued=10  (poll 15s)
[driver]   done=0/10  running=0  queued=10  (poll 15s)
[driver]   done=0/10  running=0  queued=10  (poll 15s)
[driver]   done=0/10  running=0  queued=10  (poll 15s)
[driver]   done=0/10  running=0  queued=10  (poll 15s)
[driver]   done=0/10  running=0  queued=10  (poll 15s)
[driver]   done=0/10  running=0  queued=10  (poll 15s)
[driver]   done=0/10  running=0  queued=10  (poll 15s)
[driver]   done=0/10  running=0  queued=10  (poll 15s)
[driver]   done=0/10  running=0  queued=10  (poll 15s)
[driver]   done=0/10  running=0  queued=10  (poll 15s)
[driver]   done=0/10  running=0  queued=10  (poll 15s)
[driver]   done=0/10  running=0  queued=10  (poll 15s)
[driver]   done=0/10  running=0  queued=10  (poll 15s)
[driver]   done=0/10  running=0  queued=10  (poll 15s)
[driver]   done=0/10  running=0  queued=10  (poll 15s)
[driver]   done=0/10  running=0  queued=10  (poll 15s)
[driver]   done=0/10  running=0  queued=10  (poll 15s)
[driver]   done=0/10  running=0  queued=10  (poll 15s)
[driver]   done=0/10  running=0  queued=10  (poll 15s)
[driver]   done=0/10  running=0  queued=10  (poll 15s)
[driver]   done=0/10  running=0  queued=10  (poll 15s)
[driver]   done=0/10  running=0  queued=10  (poll 15s)
[driver]   done=0/10  running=0  queued=10  (poll 15s)
[driver]   done=0/10  running=0  queued=10  (poll 15s)
[driver]   done=0/10  running=0  queued=10  (poll 15s)
[driver]   done=0/10  running=0  queued=10  (poll 15s)
[driver]   done=0/10  running=0  queued=10  (poll 15s)
[driver]   done=0/10  running=0  queued=10  (poll 15s)
[driver]   done=0/10  running=0  queued=10  (poll 15s)
[driver]   done=0/10  running=0  queued=10  (poll 15s)
[driver]   done=0/10  running=0  queued=10  (poll 15s)
[driver]   done=0/10  running=0  queued=10  (poll 15s)
[driver]   done=0/10  running=0  queued=10  (poll 15s)
[driver]   done=0/10  running=0  queued=10  (poll 15s)
[driver]   done=0/10  running=0  queued=10  (poll 15s)
[driver]   done=0/10  running=0  queued=10  (poll 15s)
[driver]   done=0/10  running=0  queued=10  (poll 15s)
[driver]   done=0/10  running=0  queued=10  (poll 15s)
[driver]   done=0/10  running=0  queued=10  (poll 15s)
[driver]   done=0/10  running=0  queued=10  (poll 15s)
[driver]   done=0/10  running=0  queued=10  (poll 15s)
[driver]   done=0/10  running=0  queued=10  (poll 15s)
[driver]   done=0/10  running=0  queued=10  (poll 15s)
[driver]   done=0/10  running=0  queued=10  (poll 15s)
[driver]   done=0/10  running=0  queued=10  (poll 15s)
[driver]   done=1/10  running=0  queued=9  (poll 15s)
[driver]   done=1/10  running=0  queued=9  (poll 15s)
[driver]   done=1/10  running=0  queued=9  (poll 15s)
[driver]   done=1/10  running=0  queued=9  (poll 15s)
[driver]   done=1/10  running=0  queued=9  (poll 15s)
[driver]   done=1/10  running=0  queued=9  (poll 15s)
[driver]   done=1/10  running=0  queued=9  (poll 15s)
[driver]   done=1/10  running=0  queued=9  (poll 15s)
[driver]   done=2/10  running=0  queued=8  (poll 15s)
[driver]   done=2/10  running=0  queued=8  (poll 15s)
[driver]   done=2/10  running=0  queued=8  (poll 15s)
[driver]   done=2/10  running=0  queued=8  (poll 15s)
[driver]   done=2/10  running=0  queued=8  (poll 15s)
[driver]   done=2/10  running=0  queued=8  (poll 15s)
[driver]   done=2/10  running=0  queued=8  (poll 15s)
[driver]   done=2/10  running=0  queued=8  (poll 15s)
[driver]   done=3/10  running=0  queued=7  (poll 15s)
[driver]   done=3/10  running=0  queued=7  (poll 15s)
[driver]   done=3/10  running=0  queued=7  (poll 15s)
[driver]   done=3/10  running=0  queued=7  (poll 15s)
[driver]   done=3/10  running=0  queued=7  (poll 15s)
[driver]   done=3/10  running=0  queued=7  (poll 15s)
[driver]   done=3/10  running=0  queued=7  (poll 15s)
[driver]   done=3/10  running=0  queued=7  (poll 15s)
[driver]   done=4/10  running=0  queued=6  (poll 15s)
[driver]   done=4/10  running=0  queued=6  (poll 15s)
[driver]   done=4/10  running=0  queued=6  (poll 15s)
[driver]   done=4/10  running=0  queued=6  (poll 15s)
[driver]   done=4/10  running=0  queued=6  (poll 15s)
[driver]   done=4/10  running=0  queued=6  (poll 15s)
[driver]   done=4/10  running=0  queued=6  (poll 15s)
[driver]   done=4/10  running=0  queued=6  (poll 15s)
[driver]   done=5/10  running=0  queued=5  (poll 15s)
[driver]   done=5/10  running=0  queued=5  (poll 15s)
[driver]   done=5/10  running=0  queued=5  (poll 15s)
[driver]   done=5/10  running=0  queued=5  (poll 15s)
[driver]   done=5/10  running=0  queued=5  (poll 15s)
[driver]   done=5/10  running=0  queued=5  (poll 15s)
[driver]   done=5/10  running=0  queued=5  (poll 15s)
[driver]   done=5/10  running=0  queued=5  (poll 15s)
[driver]   done=6/10  running=1  queued=3  (poll 15s)
[driver]   done=6/10  running=1  queued=3  (poll 15s)
[driver]   done=7/10  running=0  queued=3  (poll 15s)
[driver]   done=7/10  running=0  queued=3  (poll 15s)
[driver]   done=7/10  running=0  queued=3  (poll 15s)
[driver]   done=7/10  running=0  queued=3  (poll 15s)
[driver]   done=7/10  running=0  queued=3  (poll 15s)
[driver]   done=7/10  running=0  queued=3  (poll 15s)
[driver]   done=9/10  running=0  queued=1  (poll 15s)
[driver]   done=9/10  running=0  queued=1  (poll 15s)
[driver]   done=9/10  running=0  queued=1  (poll 15s)
[driver]   done=9/10  running=0  queued=1  (poll 15s)
[driver]   done=9/10  running=0  queued=1  (poll 15s)
[driver]   done=9/10  running=0  queued=1  (poll 15s)
[driver]   done=9/10  running=0  queued=1  (poll 15s)
[driver]   done=9/10  running=0  queued=1  (poll 15s)
[driver] All fragment jobs reported DONE.
[geomopt step=003] === Wave 2/2 : submitting 10 solve (FCI/SCI) job(s) ===
[driver] Submitted CI fragment   0  -> Slurm job 6039848  (/mnt/beegfs/merzk/kaliakd/EWF_Geom_Opt_Development/release_code_showcase_acetone/EWF-FCI_SCI/jobs_EWF/step_003/jobs_ci_calculations/frag_solve_000.sh)
[driver] Submitted CI fragment   1  -> Slurm job 6039849  (/mnt/beegfs/merzk/kaliakd/EWF_Geom_Opt_Development/release_code_showcase_acetone/EWF-FCI_SCI/jobs_EWF/step_003/jobs_ci_calculations/frag_solve_001.sh)
[driver] Submitted CI fragment   2  -> Slurm job 6039850  (/mnt/beegfs/merzk/kaliakd/EWF_Geom_Opt_Development/release_code_showcase_acetone/EWF-FCI_SCI/jobs_EWF/step_003/jobs_ci_calculations/frag_solve_002.sh)
[driver] Submitted CI fragment   3  -> Slurm job 6039851  (/mnt/beegfs/merzk/kaliakd/EWF_Geom_Opt_Development/release_code_showcase_acetone/EWF-FCI_SCI/jobs_EWF/step_003/jobs_ci_calculations/frag_solve_003.sh)
[driver] Submitted CI fragment   4  -> Slurm job 6039852  (/mnt/beegfs/merzk/kaliakd/EWF_Geom_Opt_Development/release_code_showcase_acetone/EWF-FCI_SCI/jobs_EWF/step_003/jobs_ci_calculations/frag_solve_004.sh)
[driver] Submitted CI fragment   5  -> Slurm job 6039853  (/mnt/beegfs/merzk/kaliakd/EWF_Geom_Opt_Development/release_code_showcase_acetone/EWF-FCI_SCI/jobs_EWF/step_003/jobs_ci_calculations/frag_solve_005.sh)
[driver] Submitted CI fragment   6  -> Slurm job 6039854  (/mnt/beegfs/merzk/kaliakd/EWF_Geom_Opt_Development/release_code_showcase_acetone/EWF-FCI_SCI/jobs_EWF/step_003/jobs_ci_calculations/frag_solve_006.sh)
[driver] Submitted CI fragment   7  -> Slurm job 6039855  (/mnt/beegfs/merzk/kaliakd/EWF_Geom_Opt_Development/release_code_showcase_acetone/EWF-FCI_SCI/jobs_EWF/step_003/jobs_ci_calculations/frag_solve_007.sh)
[driver] Submitted CI fragment   8  -> Slurm job 6039856  (/mnt/beegfs/merzk/kaliakd/EWF_Geom_Opt_Development/release_code_showcase_acetone/EWF-FCI_SCI/jobs_EWF/step_003/jobs_ci_calculations/frag_solve_008.sh)
[driver] Submitted CI fragment   9  -> Slurm job 6039857  (/mnt/beegfs/merzk/kaliakd/EWF_Geom_Opt_Development/release_code_showcase_acetone/EWF-FCI_SCI/jobs_EWF/step_003/jobs_ci_calculations/frag_solve_009.sh)
[driver] Waiting on 10 fragment status file(s) in '/mnt/beegfs/merzk/kaliakd/EWF_Geom_Opt_Development/release_code_showcase_acetone/EWF-FCI_SCI/jobs_EWF/step_003/jobs_ci_calculations'
[driver]   done=0/10  running=0  queued=10  (poll 15s)
[driver]   done=0/10  running=0  queued=10  (poll 15s)
[driver]   done=0/10  running=0  queued=10  (poll 15s)
[driver]   done=0/10  running=0  queued=10  (poll 15s)
[driver]   done=0/10  running=0  queued=10  (poll 15s)
[driver]   done=0/10  running=0  queued=10  (poll 15s)
[driver]   done=0/10  running=0  queued=10  (poll 15s)
[driver]   done=0/10  running=0  queued=10  (poll 15s)
[driver]   done=6/10  running=0  queued=4  (poll 15s)
[driver]   done=6/10  running=0  queued=4  (poll 15s)
[driver]   done=6/10  running=0  queued=4  (poll 15s)
[driver]   done=6/10  running=0  queued=4  (poll 15s)
[driver]   done=6/10  running=0  queued=4  (poll 15s)
[driver]   done=6/10  running=0  queued=4  (poll 15s)
[driver]   done=6/10  running=0  queued=4  (poll 15s)
[driver]   done=6/10  running=0  queued=4  (poll 15s)
[driver]   done=6/10  running=0  queued=4  (poll 15s)
[driver]   done=6/10  running=0  queued=4  (poll 15s)
[driver]   done=6/10  running=0  queued=4  (poll 15s)
[driver]   done=6/10  running=0  queued=4  (poll 15s)
[driver]   done=6/10  running=0  queued=4  (poll 15s)
[driver]   done=6/10  running=0  queued=4  (poll 15s)
[driver]   done=6/10  running=0  queued=4  (poll 15s)
[driver]   done=6/10  running=0  queued=4  (poll 15s)
[driver]   done=6/10  running=0  queued=4  (poll 15s)
[driver]   done=6/10  running=0  queued=4  (poll 15s)
[driver]   done=6/10  running=0  queued=4  (poll 15s)
[driver]   done=6/10  running=0  queued=4  (poll 15s)
[driver]   done=6/10  running=0  queued=4  (poll 15s)
[driver]   done=6/10  running=0  queued=4  (poll 15s)
[driver]   done=6/10  running=0  queued=4  (poll 15s)
[driver]   done=6/10  running=0  queued=4  (poll 15s)
[driver]   done=6/10  running=0  queued=4  (poll 15s)
[driver]   done=6/10  running=0  queued=4  (poll 15s)
[driver]   done=6/10  running=0  queued=4  (poll 15s)
[driver]   done=6/10  running=0  queued=4  (poll 15s)
[driver]   done=6/10  running=0  queued=4  (poll 15s)
[driver]   done=6/10  running=0  queued=4  (poll 15s)
[driver]   done=6/10  running=0  queued=4  (poll 15s)
[driver]   done=6/10  running=0  queued=4  (poll 15s)
[driver]   done=6/10  running=0  queued=4  (poll 15s)
[driver]   done=6/10  running=0  queued=4  (poll 15s)
[driver]   done=6/10  running=0  queued=4  (poll 15s)
[driver]   done=6/10  running=0  queued=4  (poll 15s)
[driver]   done=6/10  running=0  queued=4  (poll 15s)
[driver]   done=6/10  running=0  queued=4  (poll 15s)
[driver]   done=6/10  running=0  queued=4  (poll 15s)
[driver]   done=6/10  running=0  queued=4  (poll 15s)
[driver]   done=6/10  running=0  queued=4  (poll 15s)
[driver]   done=6/10  running=0  queued=4  (poll 15s)
[driver]   done=6/10  running=0  queued=4  (poll 15s)
[driver]   done=6/10  running=0  queued=4  (poll 15s)
[driver]   done=6/10  running=0  queued=4  (poll 15s)
[driver]   done=6/10  running=0  queued=4  (poll 15s)
[driver]   done=6/10  running=0  queued=4  (poll 15s)
[driver]   done=6/10  running=0  queued=4  (poll 15s)
[driver]   done=6/10  running=0  queued=4  (poll 15s)
[driver]   done=6/10  running=0  queued=4  (poll 15s)
[driver]   done=6/10  running=0  queued=4  (poll 15s)
[driver]   done=6/10  running=0  queued=4  (poll 15s)
[driver]   done=6/10  running=0  queued=4  (poll 15s)
[driver]   done=6/10  running=0  queued=4  (poll 15s)
[driver]   done=6/10  running=0  queued=4  (poll 15s)
[driver]   done=6/10  running=0  queued=4  (poll 15s)
[driver]   done=6/10  running=0  queued=4  (poll 15s)
[driver]   done=6/10  running=0  queued=4  (poll 15s)
[driver]   done=6/10  running=0  queued=4  (poll 15s)
[driver]   done=6/10  running=0  queued=4  (poll 15s)
[driver]   done=6/10  running=0  queued=4  (poll 15s)
[driver]   done=6/10  running=0  queued=4  (poll 15s)
[driver]   done=6/10  running=0  queued=4  (poll 15s)
[driver]   done=6/10  running=0  queued=4  (poll 15s)
[driver]   done=6/10  running=0  queued=4  (poll 15s)
[driver]   done=6/10  running=0  queued=4  (poll 15s)
[driver]   done=6/10  running=0  queued=4  (poll 15s)
[driver]   done=6/10  running=0  queued=4  (poll 15s)
[driver]   done=6/10  running=0  queued=4  (poll 15s)
[driver]   done=6/10  running=0  queued=4  (poll 15s)
[driver]   done=6/10  running=0  queued=4  (poll 15s)
[driver]   done=6/10  running=0  queued=4  (poll 15s)
[driver]   done=6/10  running=0  queued=4  (poll 15s)
[driver]   done=6/10  running=0  queued=4  (poll 15s)
[driver]   done=6/10  running=0  queued=4  (poll 15s)
[driver]   done=6/10  running=0  queued=4  (poll 15s)
[driver]   done=6/10  running=0  queued=4  (poll 15s)
[driver]   done=6/10  running=0  queued=4  (poll 15s)
[driver]   done=6/10  running=0  queued=4  (poll 15s)
[driver]   done=6/10  running=0  queued=4  (poll 15s)
[driver]   done=6/10  running=0  queued=4  (poll 15s)
[driver]   done=6/10  running=0  queued=4  (poll 15s)
[driver]   done=6/10  running=0  queued=4  (poll 15s)
[driver]   done=6/10  running=0  queued=4  (poll 15s)
[driver]   done=6/10  running=0  queued=4  (poll 15s)
[driver]   done=6/10  running=0  queued=4  (poll 15s)
[driver]   done=6/10  running=0  queued=4  (poll 15s)
[driver]   done=6/10  running=0  queued=4  (poll 15s)
[driver]   done=6/10  running=0  queued=4  (poll 15s)
[driver]   done=6/10  running=0  queued=4  (poll 15s)
[driver]   done=6/10  running=0  queued=4  (poll 15s)
[driver]   done=6/10  running=0  queued=4  (poll 15s)
[driver]   done=6/10  running=0  queued=4  (poll 15s)
[driver]   done=6/10  running=0  queued=4  (poll 15s)
[driver]   done=6/10  running=0  queued=4  (poll 15s)
[driver]   done=6/10  running=0  queued=4  (poll 15s)
[driver]   done=6/10  running=0  queued=4  (poll 15s)
[driver]   done=6/10  running=0  queued=4  (poll 15s)
[driver]   done=6/10  running=0  queued=4  (poll 15s)
[driver]   done=6/10  running=0  queued=4  (poll 15s)
[driver]   done=6/10  running=0  queued=4  (poll 15s)
[driver]   done=6/10  running=0  queued=4  (poll 15s)
[driver]   done=6/10  running=0  queued=4  (poll 15s)
[driver]   done=6/10  running=0  queued=4  (poll 15s)
[driver]   done=6/10  running=0  queued=4  (poll 15s)
[driver]   done=6/10  running=0  queued=4  (poll 15s)
[driver]   done=6/10  running=0  queued=4  (poll 15s)
[driver]   done=6/10  running=0  queued=4  (poll 15s)
[driver]   done=6/10  running=0  queued=4  (poll 15s)
[driver]   done=6/10  running=0  queued=4  (poll 15s)
[driver]   done=6/10  running=0  queued=4  (poll 15s)
[driver]   done=6/10  running=0  queued=4  (poll 15s)
[driver]   done=6/10  running=0  queued=4  (poll 15s)
[driver]   done=6/10  running=0  queued=4  (poll 15s)
[driver]   done=6/10  running=0  queued=4  (poll 15s)
[driver]   done=6/10  running=0  queued=4  (poll 15s)
[driver]   done=6/10  running=0  queued=4  (poll 15s)
[driver]   done=6/10  running=0  queued=4  (poll 15s)
[driver]   done=6/10  running=0  queued=4  (poll 15s)
[driver]   done=6/10  running=0  queued=4  (poll 15s)
[driver]   done=6/10  running=0  queued=4  (poll 15s)
[driver]   done=6/10  running=0  queued=4  (poll 15s)
[driver]   done=6/10  running=0  queued=4  (poll 15s)
[driver]   done=6/10  running=0  queued=4  (poll 15s)
[driver]   done=6/10  running=0  queued=4  (poll 15s)
[driver]   done=6/10  running=0  queued=4  (poll 15s)
[driver]   done=6/10  running=0  queued=4  (poll 15s)
[driver]   done=6/10  running=0  queued=4  (poll 15s)
[driver]   done=6/10  running=0  queued=4  (poll 15s)
[driver]   done=6/10  running=0  queued=4  (poll 15s)
[driver]   done=6/10  running=0  queued=4  (poll 15s)
[driver]   done=6/10  running=0  queued=4  (poll 15s)
[driver]   done=6/10  running=0  queued=4  (poll 15s)
[driver]   done=6/10  running=0  queued=4  (poll 15s)
[driver]   done=6/10  running=0  queued=4  (poll 15s)
[driver]   done=6/10  running=0  queued=4  (poll 15s)
[driver]   done=6/10  running=0  queued=4  (poll 15s)
[driver]   done=6/10  running=0  queued=4  (poll 15s)
[driver]   done=6/10  running=0  queued=4  (poll 15s)
[driver]   done=6/10  running=0  queued=4  (poll 15s)
[driver]   done=6/10  running=0  queued=4  (poll 15s)
[driver]   done=6/10  running=0  queued=4  (poll 15s)
[driver]   done=6/10  running=0  queued=4  (poll 15s)
[driver]   done=6/10  running=0  queued=4  (poll 15s)
[driver]   done=6/10  running=0  queued=4  (poll 15s)
[driver]   done=6/10  running=0  queued=4  (poll 15s)
[driver]   done=6/10  running=0  queued=4  (poll 15s)
[driver]   done=6/10  running=0  queued=4  (poll 15s)
[driver]   done=6/10  running=0  queued=4  (poll 15s)
[driver]   done=6/10  running=0  queued=4  (poll 15s)
[driver]   done=6/10  running=0  queued=4  (poll 15s)
[driver]   done=6/10  running=0  queued=4  (poll 15s)
[driver]   done=6/10  running=0  queued=4  (poll 15s)
[driver]   done=6/10  running=0  queued=4  (poll 15s)
[driver]   done=6/10  running=0  queued=4  (poll 15s)
[driver]   done=6/10  running=0  queued=4  (poll 15s)
[driver]   done=6/10  running=0  queued=4  (poll 15s)
[driver]   done=6/10  running=0  queued=4  (poll 15s)
[driver]   done=6/10  running=0  queued=4  (poll 15s)
[driver]   done=6/10  running=0  queued=4  (poll 15s)
[driver]   done=6/10  running=0  queued=4  (poll 15s)
[driver]   done=6/10  running=0  queued=4  (poll 15s)
[driver]   done=6/10  running=0  queued=4  (poll 15s)
[driver]   done=6/10  running=0  queued=4  (poll 15s)
[driver]   done=6/10  running=0  queued=4  (poll 15s)
[driver]   done=6/10  running=0  queued=4  (poll 15s)
[driver]   done=6/10  running=0  queued=4  (poll 15s)
[driver]   done=6/10  running=0  queued=4  (poll 15s)
[driver]   done=6/10  running=0  queued=4  (poll 15s)
[driver]   done=6/10  running=0  queued=4  (poll 15s)
[driver]   done=6/10  running=0  queued=4  (poll 15s)
[driver]   done=6/10  running=0  queued=4  (poll 15s)
[driver]   done=6/10  running=0  queued=4  (poll 15s)
[driver]   done=6/10  running=0  queued=4  (poll 15s)
[driver]   done=6/10  running=0  queued=4  (poll 15s)
[driver]   done=6/10  running=0  queued=4  (poll 15s)
[driver]   done=6/10  running=0  queued=4  (poll 15s)
[driver]   done=6/10  running=0  queued=4  (poll 15s)
[driver]   done=6/10  running=0  queued=4  (poll 15s)
[driver]   done=6/10  running=0  queued=4  (poll 15s)
[driver]   done=6/10  running=0  queued=4  (poll 15s)
[driver]   done=6/10  running=0  queued=4  (poll 15s)
[driver]   done=6/10  running=0  queued=4  (poll 15s)
[driver]   done=6/10  running=0  queued=4  (poll 15s)
[driver]   done=6/10  running=0  queued=4  (poll 15s)
[driver]   done=6/10  running=0  queued=4  (poll 15s)
[driver]   done=6/10  running=0  queued=4  (poll 15s)
[driver]   done=6/10  running=0  queued=4  (poll 15s)
[driver]   done=6/10  running=0  queued=4  (poll 15s)
[driver]   done=6/10  running=0  queued=4  (poll 15s)
[driver]   done=6/10  running=0  queued=4  (poll 15s)
[driver]   done=6/10  running=0  queued=4  (poll 15s)
[driver]   done=6/10  running=0  queued=4  (poll 15s)
[driver]   done=6/10  running=0  queued=4  (poll 15s)
[driver]   done=6/10  running=0  queued=4  (poll 15s)
[driver]   done=6/10  running=0  queued=4  (poll 15s)
[driver]   done=6/10  running=0  queued=4  (poll 15s)
[driver]   done=6/10  running=0  queued=4  (poll 15s)
[driver]   done=6/10  running=0  queued=4  (poll 15s)
[driver]   done=6/10  running=0  queued=4  (poll 15s)
[driver]   done=6/10  running=0  queued=4  (poll 15s)
[driver]   done=6/10  running=0  queued=4  (poll 15s)
[driver]   done=6/10  running=0  queued=4  (poll 15s)
[driver]   done=6/10  running=0  queued=4  (poll 15s)
[driver]   done=6/10  running=0  queued=4  (poll 15s)
[driver]   done=6/10  running=0  queued=4  (poll 15s)
[driver]   done=6/10  running=0  queued=4  (poll 15s)
[driver]   done=6/10  running=0  queued=4  (poll 15s)
[driver]   done=6/10  running=0  queued=4  (poll 15s)
[driver]   done=6/10  running=0  queued=4  (poll 15s)
[driver]   done=6/10  running=0  queued=4  (poll 15s)
[driver]   done=6/10  running=0  queued=4  (poll 15s)
[driver]   done=6/10  running=0  queued=4  (poll 15s)
[driver]   done=6/10  running=0  queued=4  (poll 15s)
[driver]   done=6/10  running=0  queued=4  (poll 15s)
[driver]   done=6/10  running=0  queued=4  (poll 15s)
[driver]   done=6/10  running=0  queued=4  (poll 15s)
[driver]   done=6/10  running=0  queued=4  (poll 15s)
[driver]   done=6/10  running=0  queued=4  (poll 15s)
[driver]   done=6/10  running=0  queued=4  (poll 15s)
[driver]   done=6/10  running=0  queued=4  (poll 15s)
[driver]   done=6/10  running=0  queued=4  (poll 15s)
[driver]   done=6/10  running=0  queued=4  (poll 15s)
[driver]   done=6/10  running=0  queued=4  (poll 15s)
[driver]   done=6/10  running=0  queued=4  (poll 15s)
[driver]   done=6/10  running=0  queued=4  (poll 15s)
[driver]   done=6/10  running=0  queued=4  (poll 15s)
[driver]   done=6/10  running=0  queued=4  (poll 15s)
[driver]   done=6/10  running=0  queued=4  (poll 15s)
[driver]   done=6/10  running=0  queued=4  (poll 15s)
[driver]   done=6/10  running=0  queued=4  (poll 15s)
[driver]   done=6/10  running=0  queued=4  (poll 15s)
[driver]   done=6/10  running=0  queued=4  (poll 15s)
[driver]   done=6/10  running=0  queued=4  (poll 15s)
[driver]   done=6/10  running=0  queued=4  (poll 15s)
[driver]   done=6/10  running=0  queued=4  (poll 15s)
[driver]   done=6/10  running=0  queued=4  (poll 15s)
[driver]   done=6/10  running=0  queued=4  (poll 15s)
[driver]   done=6/10  running=0  queued=4  (poll 15s)
[driver]   done=6/10  running=0  queued=4  (poll 15s)
[driver]   done=6/10  running=0  queued=4  (poll 15s)
[driver]   done=6/10  running=0  queued=4  (poll 15s)
[driver]   done=6/10  running=0  queued=4  (poll 15s)
[driver]   done=6/10  running=0  queued=4  (poll 15s)
[driver]   done=6/10  running=0  queued=4  (poll 15s)
[driver]   done=6/10  running=0  queued=4  (poll 15s)
[driver]   done=6/10  running=0  queued=4  (poll 15s)
[driver]   done=6/10  running=0  queued=4  (poll 15s)
[driver]   done=6/10  running=0  queued=4  (poll 15s)
[driver]   done=6/10  running=0  queued=4  (poll 15s)
[driver]   done=6/10  running=0  queued=4  (poll 15s)
[driver]   done=6/10  running=0  queued=4  (poll 15s)
[driver]   done=6/10  running=0  queued=4  (poll 15s)
[driver]   done=6/10  running=0  queued=4  (poll 15s)
[driver]   done=6/10  running=0  queued=4  (poll 15s)
[driver]   done=6/10  running=0  queued=4  (poll 15s)
[driver]   done=6/10  running=0  queued=4  (poll 15s)
[driver]   done=6/10  running=0  queued=4  (poll 15s)
[driver]   done=6/10  running=0  queued=4  (poll 15s)
[driver]   done=6/10  running=0  queued=4  (poll 15s)
[driver]   done=6/10  running=0  queued=4  (poll 15s)
[driver]   done=6/10  running=0  queued=4  (poll 15s)
[driver]   done=6/10  running=0  queued=4  (poll 15s)
[driver]   done=6/10  running=0  queued=4  (poll 15s)
[driver]   done=6/10  running=0  queued=4  (poll 15s)
[driver]   done=6/10  running=0  queued=4  (poll 15s)
[driver]   done=6/10  running=0  queued=4  (poll 15s)
[driver]   done=6/10  running=0  queued=4  (poll 15s)
[driver]   done=6/10  running=0  queued=4  (poll 15s)
[driver]   done=6/10  running=0  queued=4  (poll 15s)
[driver]   done=6/10  running=0  queued=4  (poll 15s)
[driver]   done=6/10  running=0  queued=4  (poll 15s)
[driver]   done=6/10  running=0  queued=4  (poll 15s)
[driver]   done=6/10  running=0  queued=4  (poll 15s)
[driver]   done=6/10  running=0  queued=4  (poll 15s)
[driver]   done=6/10  running=0  queued=4  (poll 15s)
[driver]   done=6/10  running=0  queued=4  (poll 15s)
[driver]   done=6/10  running=0  queued=4  (poll 15s)
[driver]   done=6/10  running=0  queued=4  (poll 15s)
[driver]   done=6/10  running=0  queued=4  (poll 15s)
[driver]   done=6/10  running=0  queued=4  (poll 15s)
[driver]   done=6/10  running=0  queued=4  (poll 15s)
[driver]   done=6/10  running=0  queued=4  (poll 15s)
[driver]   done=6/10  running=0  queued=4  (poll 15s)
[driver]   done=6/10  running=0  queued=4  (poll 15s)
[driver]   done=6/10  running=0  queued=4  (poll 15s)
[driver]   done=6/10  running=0  queued=4  (poll 15s)
[driver]   done=6/10  running=0  queued=4  (poll 15s)
[driver]   done=6/10  running=0  queued=4  (poll 15s)
[driver]   done=6/10  running=0  queued=4  (poll 15s)
[driver]   done=6/10  running=0  queued=4  (poll 15s)
[driver]   done=6/10  running=0  queued=4  (poll 15s)
[driver]   done=6/10  running=0  queued=4  (poll 15s)
[driver]   done=6/10  running=0  queued=4  (poll 15s)
[driver]   done=6/10  running=0  queued=4  (poll 15s)
[driver]   done=6/10  running=0  queued=4  (poll 15s)
[driver]   done=6/10  running=0  queued=4  (poll 15s)
[driver]   done=6/10  running=0  queued=4  (poll 15s)
[driver]   done=6/10  running=0  queued=4  (poll 15s)
[driver]   done=6/10  running=0  queued=4  (poll 15s)
[driver]   done=6/10  running=0  queued=4  (poll 15s)
[driver]   done=6/10  running=0  queued=4  (poll 15s)
[driver]   done=6/10  running=0  queued=4  (poll 15s)
[driver]   done=6/10  running=0  queued=4  (poll 15s)
[driver]   done=6/10  running=0  queued=4  (poll 15s)
[driver]   done=6/10  running=0  queued=4  (poll 15s)
[driver]   done=6/10  running=0  queued=4  (poll 15s)
[driver]   done=6/10  running=0  queued=4  (poll 15s)
[driver]   done=6/10  running=0  queued=4  (poll 15s)
[driver]   done=6/10  running=0  queued=4  (poll 15s)
[driver]   done=6/10  running=0  queued=4  (poll 15s)
[driver]   done=6/10  running=0  queued=4  (poll 15s)
[driver]   done=6/10  running=0  queued=4  (poll 15s)
[driver]   done=6/10  running=0  queued=4  (poll 15s)
[driver]   done=6/10  running=0  queued=4  (poll 15s)
[driver]   done=6/10  running=0  queued=4  (poll 15s)
[driver]   done=6/10  running=0  queued=4  (poll 15s)
[driver]   done=6/10  running=0  queued=4  (poll 15s)
[driver]   done=6/10  running=0  queued=4  (poll 15s)
[driver]   done=6/10  running=0  queued=4  (poll 15s)
[driver]   done=6/10  running=0  queued=4  (poll 15s)
[driver]   done=6/10  running=0  queued=4  (poll 15s)
[driver]   done=6/10  running=0  queued=4  (poll 15s)
[driver]   done=6/10  running=0  queued=4  (poll 15s)
[driver]   done=6/10  running=0  queued=4  (poll 15s)
[driver]   done=6/10  running=0  queued=4  (poll 15s)
[driver]   done=6/10  running=0  queued=4  (poll 15s)
[driver]   done=6/10  running=0  queued=4  (poll 15s)
[driver]   done=6/10  running=0  queued=4  (poll 15s)
[driver]   done=6/10  running=0  queued=4  (poll 15s)
[driver]   done=6/10  running=0  queued=4  (poll 15s)
[driver]   done=6/10  running=0  queued=4  (poll 15s)
[driver]   done=6/10  running=0  queued=4  (poll 15s)
[driver]   done=6/10  running=0  queued=4  (poll 15s)
[driver]   done=6/10  running=0  queued=4  (poll 15s)
[driver]   done=6/10  running=0  queued=4  (poll 15s)
[driver]   done=6/10  running=0  queued=4  (poll 15s)
[driver]   done=6/10  running=0  queued=4  (poll 15s)
[driver]   done=6/10  running=0  queued=4  (poll 15s)
[driver]   done=6/10  running=0  queued=4  (poll 15s)
[driver]   done=6/10  running=0  queued=4  (poll 15s)
[driver]   done=6/10  running=0  queued=4  (poll 15s)
[driver]   done=6/10  running=0  queued=4  (poll 15s)
[driver]   done=6/10  running=0  queued=4  (poll 15s)
[driver]   done=6/10  running=0  queued=4  (poll 15s)
[driver]   done=6/10  running=0  queued=4  (poll 15s)
[driver]   done=6/10  running=0  queued=4  (poll 15s)
[driver]   done=6/10  running=0  queued=4  (poll 15s)
[driver]   done=6/10  running=0  queued=4  (poll 15s)
[driver]   done=6/10  running=0  queued=4  (poll 15s)
[driver]   done=6/10  running=0  queued=4  (poll 15s)
[driver]   done=6/10  running=0  queued=4  (poll 15s)
[driver]   done=6/10  running=0  queued=4  (poll 15s)
[driver]   done=6/10  running=0  queued=4  (poll 15s)
[driver]   done=6/10  running=0  queued=4  (poll 15s)
[driver]   done=6/10  running=0  queued=4  (poll 15s)
[driver]   done=6/10  running=0  queued=4  (poll 15s)
[driver]   done=6/10  running=0  queued=4  (poll 15s)
[driver]   done=6/10  running=0  queued=4  (poll 15s)
[driver]   done=6/10  running=0  queued=4  (poll 15s)
[driver]   done=6/10  running=0  queued=4  (poll 15s)
[driver]   done=6/10  running=0  queued=4  (poll 15s)
[driver]   done=6/10  running=0  queued=4  (poll 15s)
[driver]   done=6/10  running=0  queued=4  (poll 15s)
[driver]   done=6/10  running=0  queued=4  (poll 15s)
[driver]   done=6/10  running=0  queued=4  (poll 15s)
[driver]   done=6/10  running=0  queued=4  (poll 15s)
[driver]   done=6/10  running=0  queued=4  (poll 15s)
[driver]   done=6/10  running=0  queued=4  (poll 15s)
[driver]   done=6/10  running=0  queued=4  (poll 15s)
[driver]   done=6/10  running=0  queued=4  (poll 15s)
[driver]   done=6/10  running=0  queued=4  (poll 15s)
[driver]   done=6/10  running=0  queued=4  (poll 15s)
[driver]   done=6/10  running=0  queued=4  (poll 15s)
[driver]   done=6/10  running=0  queued=4  (poll 15s)
[driver]   done=6/10  running=0  queued=4  (poll 15s)
[driver]   done=6/10  running=0  queued=4  (poll 15s)
[driver]   done=6/10  running=0  queued=4  (poll 15s)
[driver]   done=6/10  running=0  queued=4  (poll 15s)
[driver]   done=6/10  running=0  queued=4  (poll 15s)
[driver]   done=6/10  running=0  queued=4  (poll 15s)
[driver]   done=6/10  running=0  queued=4  (poll 15s)
[driver]   done=6/10  running=0  queued=4  (poll 15s)
[driver]   done=6/10  running=0  queued=4  (poll 15s)
[driver]   done=6/10  running=0  queued=4  (poll 15s)
[driver]   done=6/10  running=0  queued=4  (poll 15s)
[driver]   done=6/10  running=0  queued=4  (poll 15s)
[driver]   done=6/10  running=0  queued=4  (poll 15s)
[driver]   done=6/10  running=0  queued=4  (poll 15s)
[driver]   done=6/10  running=0  queued=4  (poll 15s)
[driver]   done=6/10  running=0  queued=4  (poll 15s)
[driver]   done=6/10  running=0  queued=4  (poll 15s)
[driver]   done=6/10  running=0  queued=4  (poll 15s)
[driver]   done=6/10  running=0  queued=4  (poll 15s)
[driver]   done=6/10  running=0  queued=4  (poll 15s)
[driver]   done=6/10  running=0  queued=4  (poll 15s)
[driver]   done=6/10  running=0  queued=4  (poll 15s)
[driver]   done=6/10  running=0  queued=4  (poll 15s)
[driver]   done=6/10  running=0  queued=4  (poll 15s)
[driver]   done=6/10  running=0  queued=4  (poll 15s)
[driver]   done=6/10  running=0  queued=4  (poll 15s)
[driver]   done=6/10  running=0  queued=4  (poll 15s)
[driver]   done=6/10  running=0  queued=4  (poll 15s)
[driver]   done=6/10  running=0  queued=4  (poll 15s)
[driver]   done=6/10  running=0  queued=4  (poll 15s)
[driver]   done=6/10  running=0  queued=4  (poll 15s)
[driver]   done=6/10  running=0  queued=4  (poll 15s)
[driver]   done=6/10  running=0  queued=4  (poll 15s)
[driver]   done=6/10  running=0  queued=4  (poll 15s)
[driver]   done=6/10  running=0  queued=4  (poll 15s)
[driver]   done=6/10  running=0  queued=4  (poll 15s)
[driver]   done=6/10  running=0  queued=4  (poll 15s)
[driver]   done=6/10  running=0  queued=4  (poll 15s)
[driver]   done=6/10  running=0  queued=4  (poll 15s)
[driver]   done=6/10  running=0  queued=4  (poll 15s)
[driver]   done=6/10  running=0  queued=4  (poll 15s)
[driver]   done=6/10  running=0  queued=4  (poll 15s)
[driver]   done=6/10  running=0  queued=4  (poll 15s)
[driver]   done=6/10  running=0  queued=4  (poll 15s)
[driver]   done=6/10  running=0  queued=4  (poll 15s)
[driver]   done=6/10  running=0  queued=4  (poll 15s)
[driver]   done=6/10  running=0  queued=4  (poll 15s)
[driver]   done=6/10  running=0  queued=4  (poll 15s)
[driver]   done=6/10  running=0  queued=4  (poll 15s)
[driver]   done=6/10  running=0  queued=4  (poll 15s)
[driver]   done=6/10  running=0  queued=4  (poll 15s)
[driver]   done=6/10  running=0  queued=4  (poll 15s)
[driver]   done=6/10  running=0  queued=4  (poll 15s)
[driver]   done=6/10  running=0  queued=4  (poll 15s)
[driver]   done=6/10  running=0  queued=4  (poll 15s)
[driver]   done=6/10  running=0  queued=4  (poll 15s)
[driver]   done=6/10  running=0  queued=4  (poll 15s)
[driver]   done=6/10  running=0  queued=4  (poll 15s)
[driver]   done=6/10  running=0  queued=4  (poll 15s)
[driver]   done=6/10  running=0  queued=4  (poll 15s)
[driver]   done=6/10  running=0  queued=4  (poll 15s)
[driver]   done=6/10  running=0  queued=4  (poll 15s)
[driver]   done=6/10  running=0  queued=4  (poll 15s)
[driver]   done=6/10  running=0  queued=4  (poll 15s)
[driver]   done=6/10  running=0  queued=4  (poll 15s)
[driver]   done=6/10  running=0  queued=4  (poll 15s)
[driver]   done=6/10  running=0  queued=4  (poll 15s)
[driver]   done=6/10  running=0  queued=4  (poll 15s)
[driver]   done=6/10  running=0  queued=4  (poll 15s)
[driver]   done=6/10  running=0  queued=4  (poll 15s)
[driver]   done=6/10  running=0  queued=4  (poll 15s)
[driver]   done=6/10  running=0  queued=4  (poll 15s)
[driver]   done=6/10  running=0  queued=4  (poll 15s)
[driver]   done=6/10  running=0  queued=4  (poll 15s)
[driver]   done=6/10  running=0  queued=4  (poll 15s)
[driver]   done=6/10  running=0  queued=4  (poll 15s)
[driver]   done=6/10  running=0  queued=4  (poll 15s)
[driver]   done=6/10  running=0  queued=4  (poll 15s)
[driver]   done=6/10  running=0  queued=4  (poll 15s)
[driver]   done=6/10  running=0  queued=4  (poll 15s)
[driver]   done=6/10  running=0  queued=4  (poll 15s)
[driver]   done=6/10  running=0  queued=4  (poll 15s)
[driver]   done=6/10  running=0  queued=4  (poll 15s)
[driver]   done=6/10  running=0  queued=4  (poll 15s)
[driver]   done=6/10  running=0  queued=4  (poll 15s)
[driver]   done=6/10  running=0  queued=4  (poll 15s)
[driver]   done=6/10  running=0  queued=4  (poll 15s)
[driver]   done=6/10  running=0  queued=4  (poll 15s)
[driver]   done=6/10  running=0  queued=4  (poll 15s)
[driver]   done=6/10  running=0  queued=4  (poll 15s)
[driver]   done=6/10  running=0  queued=4  (poll 15s)
[driver]   done=6/10  running=0  queued=4  (poll 15s)
[driver]   done=6/10  running=0  queued=4  (poll 15s)
[driver]   done=6/10  running=0  queued=4  (poll 15s)
[driver]   done=6/10  running=0  queued=4  (poll 15s)
[driver]   done=6/10  running=0  queued=4  (poll 15s)
[driver]   done=6/10  running=0  queued=4  (poll 15s)
[driver]   done=6/10  running=0  queued=4  (poll 15s)
[driver]   done=6/10  running=0  queued=4  (poll 15s)
[driver]   done=6/10  running=0  queued=4  (poll 15s)
[driver]   done=6/10  running=0  queued=4  (poll 15s)
[driver]   done=6/10  running=0  queued=4  (poll 15s)
[driver]   done=6/10  running=0  queued=4  (poll 15s)
[driver]   done=6/10  running=0  queued=4  (poll 15s)
[driver]   done=6/10  running=0  queued=4  (poll 15s)
[driver]   done=6/10  running=0  queued=4  (poll 15s)
[driver]   done=6/10  running=0  queued=4  (poll 15s)
[driver]   done=6/10  running=0  queued=4  (poll 15s)
[driver]   done=6/10  running=0  queued=4  (poll 15s)
[driver]   done=6/10  running=0  queued=4  (poll 15s)
[driver]   done=6/10  running=0  queued=4  (poll 15s)
[driver]   done=6/10  running=0  queued=4  (poll 15s)
[driver]   done=6/10  running=0  queued=4  (poll 15s)
[driver]   done=6/10  running=0  queued=4  (poll 15s)
[driver]   done=6/10  running=0  queued=4  (poll 15s)
[driver]   done=6/10  running=0  queued=4  (poll 15s)
[driver]   done=6/10  running=0  queued=4  (poll 15s)
[driver]   done=6/10  running=0  queued=4  (poll 15s)
[driver]   done=6/10  running=0  queued=4  (poll 15s)
[driver]   done=6/10  running=0  queued=4  (poll 15s)
[driver]   done=6/10  running=0  queued=4  (poll 15s)
[driver]   done=6/10  running=0  queued=4  (poll 15s)
[driver]   done=6/10  running=0  queued=4  (poll 15s)
[driver]   done=6/10  running=0  queued=4  (poll 15s)
[driver]   done=6/10  running=0  queued=4  (poll 15s)
[driver]   done=6/10  running=0  queued=4  (poll 15s)
[driver]   done=6/10  running=0  queued=4  (poll 15s)
[driver]   done=6/10  running=0  queued=4  (poll 15s)
[driver]   done=6/10  running=0  queued=4  (poll 15s)
[driver]   done=6/10  running=0  queued=4  (poll 15s)
[driver]   done=6/10  running=0  queued=4  (poll 15s)
[driver]   done=6/10  running=0  queued=4  (poll 15s)
[driver]   done=6/10  running=0  queued=4  (poll 15s)
[driver]   done=6/10  running=0  queued=4  (poll 15s)
[driver]   done=6/10  running=1  queued=3  (poll 15s)
[driver]   done=6/10  running=1  queued=3  (poll 15s)
[driver]   done=6/10  running=1  queued=3  (poll 15s)
[driver]   done=6/10  running=1  queued=3  (poll 15s)
[driver]   done=6/10  running=1  queued=3  (poll 15s)
[driver]   done=6/10  running=1  queued=3  (poll 15s)
[driver]   done=6/10  running=1  queued=3  (poll 15s)
[driver]   done=6/10  running=2  queued=2  (poll 15s)
[driver]   done=6/10  running=2  queued=2  (poll 15s)
[driver]   done=6/10  running=2  queued=2  (poll 15s)
[driver]   done=6/10  running=2  queued=2  (poll 15s)
[driver]   done=6/10  running=2  queued=2  (poll 15s)
[driver]   done=6/10  running=2  queued=2  (poll 15s)
[driver]   done=6/10  running=2  queued=2  (poll 15s)
[driver]   done=6/10  running=2  queued=2  (poll 15s)
[driver]   done=6/10  running=2  queued=2  (poll 15s)
[driver]   done=6/10  running=2  queued=2  (poll 15s)
[driver]   done=6/10  running=2  queued=2  (poll 15s)
[driver]   done=6/10  running=2  queued=2  (poll 15s)
[driver]   done=6/10  running=2  queued=2  (poll 15s)
[driver]   done=6/10  running=2  queued=2  (poll 15s)
[driver]   done=6/10  running=2  queued=2  (poll 15s)
[driver]   done=6/10  running=2  queued=2  (poll 15s)
[driver]   done=6/10  running=2  queued=2  (poll 15s)
[driver]   done=6/10  running=2  queued=2  (poll 15s)
[driver]   done=7/10  running=1  queued=2  (poll 15s)
[driver]   done=7/10  running=2  queued=1  (poll 15s)
[driver]   done=7/10  running=2  queued=1  (poll 15s)
[driver]   done=7/10  running=2  queued=1  (poll 15s)
[driver]   done=7/10  running=2  queued=1  (poll 15s)
[driver]   done=7/10  running=2  queued=1  (poll 15s)
[driver]   done=7/10  running=2  queued=1  (poll 15s)
[driver]   done=7/10  running=2  queued=1  (poll 15s)
[driver]   done=7/10  running=2  queued=1  (poll 15s)
[driver]   done=7/10  running=2  queued=1  (poll 15s)
[driver]   done=7/10  running=2  queued=1  (poll 15s)
[driver]   done=7/10  running=2  queued=1  (poll 15s)
[driver]   done=7/10  running=2  queued=1  (poll 15s)
[driver]   done=8/10  running=1  queued=1  (poll 15s)
[driver]   done=8/10  running=2  queued=0  (poll 15s)
[driver]   done=8/10  running=2  queued=0  (poll 15s)
[driver]   done=8/10  running=2  queued=0  (poll 15s)
[driver]   done=8/10  running=2  queued=0  (poll 15s)
[driver]   done=8/10  running=2  queued=0  (poll 15s)
[driver]   done=8/10  running=2  queued=0  (poll 15s)
[driver]   done=8/10  running=2  queued=0  (poll 15s)
[driver]   done=8/10  running=2  queued=0  (poll 15s)
[driver]   done=8/10  running=2  queued=0  (poll 15s)
[driver]   done=8/10  running=2  queued=0  (poll 15s)
[driver]   done=8/10  running=2  queued=0  (poll 15s)
[driver]   done=8/10  running=2  queued=0  (poll 15s)
[driver]   done=9/10  running=1  queued=0  (poll 15s)
[driver]   done=9/10  running=1  queued=0  (poll 15s)
[driver]   done=9/10  running=1  queued=0  (poll 15s)
[driver]   done=9/10  running=1  queued=0  (poll 15s)
[driver]   done=9/10  running=1  queued=0  (poll 15s)
[driver]   done=9/10  running=1  queued=0  (poll 15s)
[driver]   done=9/10  running=1  queued=0  (poll 15s)
[driver]   done=9/10  running=1  queued=0  (poll 15s)
[driver]   done=9/10  running=1  queued=0  (poll 15s)
[driver]   done=9/10  running=1  queued=0  (poll 15s)
[driver]   done=9/10  running=1  queued=0  (poll 15s)
[driver]   done=9/10  running=1  queued=0  (poll 15s)
[driver]   done=9/10  running=1  queued=0  (poll 15s)
[driver]   done=9/10  running=1  queued=0  (poll 15s)
[driver] All fragment jobs reported DONE.
[geomopt step=003] Assembly route: Stage-1 Lagrangian (rdm_t amplitudes + Λ/Z-vector relaxed density; amplitude response, frozen-bath)
[lagrangian] global effective correlation energy (diagnostic): -0.0811313527 Ha
[lagrangian] Λ-relaxed (Z-vector) global density built; amplitude response included (frozen-bath approximation)
[geomopt step=003] Per-cluster energies (heff + eris):
                      O  E_cluster = -137.7956442326 Ha  [SCI_SBD, norb=16]
                      C  E_cluster = -147.3222328445 Ha  [SCI_SBD, norb=22]
                      C  E_cluster = -92.3189002638 Ha  [SCI_SBD, norb=16]
                      C  E_cluster = -92.3188886862 Ha  [SCI_SBD, norb=16]
                      H  E_cluster = -17.4628367893 Ha  [FCI, norb=8]
                      H  E_cluster = -17.4628400782 Ha  [FCI, norb=8]
                      H  E_cluster = -17.4572885335 Ha  [FCI, norb=8]
                      H  E_cluster = -17.4572868732 Ha  [FCI, norb=8]
                      H  E_cluster = -17.4572793932 Ha  [FCI, norb=8]
                      H  E_cluster = -17.4572795359 Ha  [FCI, norb=8]
[geomopt step=003] Global 1-RDM shape         : (26, 26)
[geomopt step=003] Global 2-RDM cumulant shape: (26, 26, 26, 26)
[geomopt step=003] Tr(dm1) = 32.000000 (expected: nelec = 32)
[geomopt step=003] EWF-FCI/SCI_SBD energy: -189.8154046774 Ha
[geomopt step=003] E = -189.8154046774 Ha   |grad| = 1.7631e-03
======================================================================

Sella   3 00:31:38    -5165.140250       0.2821       0.0000       0.0097      -2.6932
/home/kaliakd/isilon/Danil/Software/Executables/miniforge3/envs/ewf/lib/python3.10/site-packages/ase/optimize/optimize.py:92: FutureWarning: Log flushes by default now.  Please do not call flush().  If you want a different flushing behaviour please open logfile yourself and choose buffering mode as appropriate.  This flush() method currently does nothing.
  warnings.warn('Log flushes by default now.  Please do not call '

######################################################################
  GEOMETRY OPTIMISATION SUMMARY
######################################################################
  Optimizer              : sella
  Converged              : True
  Cycles evaluated       : 4
  Final EWF-FCI/SCI_SBD  energy: -189.8154046774 Ha
  Final |grad|           : 1.7631e-03 Eh/Bohr
  Trajectory (multi-XYZ) : /mnt/beegfs/merzk/kaliakd/EWF_Geom_Opt_Development/release_code_showcase_acetone/EWF-FCI_SCI/jobs_EWF/ewf_geomopt_optim.xyz
  Per-step folders       : /mnt/beegfs/merzk/kaliakd/EWF_Geom_Opt_Development/release_code_showcase_acetone/EWF-FCI_SCI/jobs_EWF/<step_subdir_fmt>/
######################################################################

