 &FCI NORB=  14,NELEC=16,MS2=0,
  ORBSYM=1,1,1,1,1,1,1,1,1,1,1,1,1,1
  ISYM=1,
 &END
 4.744282536696144    1    1    1    1
 -0.3888072071661333    2    1    1    1
 0.05067104469416574    2    1    2    1
 0.9318673000642987    2    2    1    1
 -0.01033632479739907    2    2    2    1
 0.6656950954913745    2    2    2    2
 0.1629623803130473    3    1    1    1
 -0.02088380196697277    3    1    2    1
 0.005837771600105584    3    1    2    2
 0.009884742986489134    3    1    3    1
 -0.211922096259107    3    2    1    1
 0.00506454928522257    3    2    2    1
 -0.08165518836398611    3    2    2    2
 -0.0001296141545880717    3    2    3    1
 0.07599477388295332    3    2    3    2
 0.4436400441917441    3    3    1    1
 -0.002399401584085442    3    3    2    1
 0.405208495362564    3    3    2    2
 0.0005086589166044949    3    3    3    1
 0.02800121034141131    3    3    3    2
 0.4509785370981031    3    3    3    3
 0.07686953265019576    4    1    1    1
 -0.009287815416189905    4    1    2    1
 0.004098525186646264    4    1    2    2
 0.002210651180431934    4    1    3    1
 -0.004936302402144432    4    1    3    2
 0.002264766616046777    4    1    3    3
 0.008063546667710366    4    1    4    1
 -0.07896193284244601    4    2    1    1
 0.002980121547574991    4    2    2    1
 -0.02726417246624089    4    2    2    2
 -0.004033008701581736    4    2    3    1
 -0.02336218868031498    4    2    3    2
 -0.002247955485003247    4    2    3    3
 0.008734725737941216    4    2    4    1
 0.08184809114626354    4    2    4    2
 -0.06966676017501311    4    3    1    1
 -0.0005222323764719944    4    3    2    1
 -0.05069228718196412    4    3    2    2
 0.0009034246545639028    4    3    3    1
 0.03423774449158917    4    3    3    2
 0.01949318339119867    4    3    3    3
 -0.002784330850681862    4    3    4    1
 0.005511261442696361    4    3    4    2
 0.0694613639516812    4    3    4    3
 0.5900983773620142    4    4    1    1
 -0.002972557493154509    4    4    2    1
 0.4926960510942943    4    4    2    2
 0.002569989029514093    4    4    3    1
 -0.01095830505612081    4    4    3    2
 0.4143586530064411    4    4    3    3
 -0.00184550216988825    4    4    4    1
 -0.01959597250140923    4    4    4    2
 0.007253854982095297    4    4    4    3
 0.4719404476207625    4    4    4    4
 0.008110567912638129    5    1    1    1
 -0.0009355483923614107    5    1    2    1
 0.0005612982557634146    5    1    2    2
 0.0002480551563414059    5    1    3    1
 -0.000495531512172183    5    1    3    2
 0.000234860475332865    5    1    3    3
 0.000428569117884587    5    1    4    1
 0.0002937989802489059    5    1    4    2
 -0.0001035068023739875    5    1    4    3
 2.367361387785798e-05    5    1    4    4
 0.003564054113675287    5    1    5    1
 -0.008130986625940804    5    2    1    1
 0.0003557819404592447    5    2    2    1
 -0.00288905219901603    5    2    2    2
 -0.000384419452641092    5    2    3    1
 -0.003177045904164338    5    2    3    2
 -0.004225134009457478    5    2    3    3
 0.0003046492354147767    5    2    4    1
 0.00281311397814782    5    2    4    2
 -0.001269901382903008    5    2    4    3
 -0.004179737325903343    5    2    4    4
 0.004838981434962571    5    2    5    1
 0.04327152982548203    5    2    5    2
 -0.01023297909624769    5    3    1    1
 -8.732372188634653e-05    5    3    2    1
 -0.01035779957003193    5    3    2    2
 6.30290450409956e-05    5    3    3    1
 -0.001130738838316409    5    3    3    2
 -0.01220633108528527    5    3    3    3
 -7.668459301255645e-05    5    3    4    1
 -0.0009979114561310118    5    3    4    2
 -0.0007688649691585548    5    3    4    3
 -0.01170073254560144    5    3    4    4
 -0.001197335549369505    5    3    5    1
 0.02829131968175708    5    3    5    2
 0.07695264766070326    5    3    5    3
 0.01382472374467736    5    4    1    1
 -0.0002083245413223753    5    4    2    1
 0.007033049379298686    5    4    2    2
 0.0001417863885166146    5    4    3    1
 -0.003167231172576214    5    4    3    2
 -0.0001163673978807603    5    4    3    3
 -0.0001285130485830092    5    4    4    1
 -0.002281437555736368    5    4    4    2
 -0.006288920391107616    5    4    4    3
 0.000980041411651316    5    4    4    4
 -0.00103733714594721    5    4    5    1
 -0.01099441413395421    5    4    5    2
 -0.01013221989030149    5    4    5    3
 0.01495729167834733    5    4    5    4
 0.4301742491632376    5    5    1    1
 -0.001152377747501446    5    5    2    1
 0.4023100759461046    5    5    2    2
 0.001488155722302352    5    5    3    1
 0.0401616465170832    5    5    3    2
 0.4275649416616324    5    5    3    3
 -0.0008585040951589423    5    5    4    1
 -0.03627794647755891    5    5    4    2
 -0.002680048768866031    5    5    4    3
 0.3844090081389561    5    5    4    4
 -7.442877333813176e-05    5    5    5    1
 0.004658053713999667    5    5    5    2
 0.01353247252884629    5    5    5    3
 -0.00117748934305012    5    5    5    4
 0.4674933867290562    5    5    5    5
 0.01625373278417946    6    1    1    1
 -0.00111513474506252    6    1    2    1
 0.004101712895777478    6    1    2    2
 0.003323210142091684    6    1    3    1
 0.004099707845365458    6    1    3    2
 -0.0008068280084567032    6    1    3    3
 -0.003120375064659092    6    1    4    1
 -0.005849264270070396    6    1    4    2
 0.001334157323144704    6    1    4    3
 0.003069853967694694    6    1    4    4
 0.000124698808604098    6    1    5    1
 2.143664403411954e-05    6    1    5    2
 -0.0001291619139713693    6    1    5    3
 -2.169170752757411e-06    6    1    5    4
 0.002453384308607843    6    1    5    5
 0.006516469177514007    6    1    6    1
 0.02730637935843786    6    2    1    1
 0.001558449533202182    6    2    2    1
 0.04856092302406458    6    2    2    2
 0.003509115152327746    6    2    3    1
 0.03450367703200002    6    2    3    2
 0.0160540742911847    6    2    3    3
 -0.005165999651465939    6    2    4    1
 -0.03510069602856413    6    2    4    2
 0.0216531494637606    6    2    4    3
 0.03803303684178076    6    2    4    4
 9.21859448732195e-05    6    2    5    1
 0.0008694116227835554    6    2    5    2
 0.001172692603314583    6    2    5    3
 -0.002510758370427369    6    2    5    4
 0.03250309107105448    6    2    5    5
 0.009171582977696239    6    2    6    1
 0.07082065810292071    6    2    6    2
 0.1459670509612661    6    3    1    1
 -0.001597516138420189    6    3    2    1
 0.08776528267338954    6    3    2    2
 -0.0009584458804004001    6    3    3    1
 -0.0500198843964316    6    3    3    2
 -0.01328525258308788    6    3    3    3
 0.003001404025362664    6    3    4    1
 0.02783397097712061    6    3    4    2
 0.002138480571855562    6    3    4    3
 0.04725278370588632    6    3    4    4
 7.44545512940638e-05    6    3    5    1
 0.002013583400733902    6    3    5    2
 0.002226813771105743    6    3    5    3
 -0.001676073021112197    6    3    5    4
 -0.03687865230492084    6    3    5    5
 -0.003466039520582995    6    3    6    1
 0.001871609151284702    6    3    6    2
 0.09298475867848993    6    3    6    3
 -0.1504781742304888    6    4    1    1
 0.001136511551929959    6    4    2    1
 -0.08321465185893255    6    4    2    2
 -0.0007701852887388644    6    4    3    1
 0.04648374125043495    6    4    3    2
 0.01568790057972235    6    4    3    3
 -0.000583882547861882    6    4    4    1
 0.004556903183502408    6    4    4    2
 0.03814981818483088    6    4    4    3
 -0.02286120196394796    6    4    4    4
 -0.0001751409838994773    6    4    5    1
 -0.002575537909204003    6    4    5    2
 -0.003008597477260894    6    4    5    3
 -0.003128110573940148    6    4    5    4
 0.01194194280051395    6    4    5    5
 -0.0006657699376416296    6    4    6    1
 0.005531525532008147    6    4    6    2
 -0.03133014652941697    6    4    6    3
 0.0555400391565727    6    4    6    4
 0.008341852021078107    6    5    1    1
 -7.888872664721046e-05    6    5    2    1
 0.007395928751275021    6    5    2    2
 1.677187758675731e-05    6    5    3    1
 0.002238841521678658    6    5    3    2
 0.009330088743996226    6    5    3    3
 -6.157306645511368e-05    6    5    4    1
 -0.003648094830812819    6    5    4    2
 -0.003215689985683421    6    5    4    3
 0.005611102681226913    6    5    4    4
 -0.0001314264664190333    6    5    5    1
 -0.01028024279344847    6    5    5    2
 -0.0343866609783236    6    5    5    3
 0.008471301459326392    6    5    5    4
 0.0002275664024907951    6    5    5    5
 -1.238724935880054e-05    6    5    6    1
 -0.0003555953487546197    6    5    6    2
 -0.006458246281464748    6    5    6    3
 0.002207551563752014    6    5    6    4
 0.0361731495056481    6    5    6    5
 0.5582927431859961    6    6    1    1
 -0.002335937677047679    6    6    2    1
 0.4768194641198754    6    6    2    2
 0.001500787535227437    6    6    3    1
 0.002905603886027102    6    6    3    2
 0.4308627117364759    6    6    3    3
 0.000907686983471547    6    6    4    1
 -0.02073920115002233    6    6    4    2
 -0.01325389832976692    6    6    4    3
 0.4270404613512465    6    6    4    4
 0.0001181234772126982    6    6    5    1
 -0.004066394772656827    6    6    5    2
 -0.01251349556918267    6    6    5    3
 0.003938302670929777    6    6    5    4
 0.4182786753522338    6    6    5    5
 0.001406651612243499    6    6    6    1
 0.03320867768322818    6    6    6    2
 0.008111754069948114    6    6    6    3
 -0.01362382231687791    6    6    6    4
 0.01345684323250157    6    6    6    5
 0.4599109376159617    6    6    6    6
 0.1508619181547    7    1    1    1
 -0.0169085134550527    7    1    2    1
 0.01306750122202908    7    1    2    2
 0.008728027193369093    7    1    3    1
 -0.001777148487543577    7    1    3    2
 0.002478863506892151    7    1    3    3
 0.00857587964241222    7    1    4    1
 0.005434832038513144    7    1    4    2
 -0.002452153214251487    7    1    4    3
 0.001779682603520352    7    1    4    4
 0.000427207604765243    7    1    5    1
 -0.0001072273520863982    7    1    5    2
 -0.0001618600464776612    7    1    5    3
 -8.075593104451524e-05    7    1    5    4
 0.002328439420866949    7    1    5    5
 0.004877230450803974    7    1    6    1
 0.005646824140954284    7    1    6    2
 -0.0002426364245236853    7    1    6    3
 -0.002026661290247298    7    1    6    4
 -0.000119410056802449    7    1    6    5
 0.003671733277077346    7    1    6    6
 0.02184357472506127    7    1    7    1
 -0.07893336680459861    7    2    1    1
 0.006806104857287018    7    2    2    1
 0.02299292430050098    7    2    2    2
 -0.0008892619252414513    7    2    3    1
 0.01388388586355994    7    2    3    2
 0.01135910366734179    7    2    3    3
 0.004850834971072001    7    2    4    1
 0.03139528939944888    7    2    4    2
 -0.01911765922567129    7    2    4    3
 0.003827834607508158    7    2    4    4
 -5.762092502741714e-05    7    2    5    1
 0.0001781987706309201    7    2    5    2
 -0.001875035634471958    7    2    5    3
 1.942976961617628e-05    7    2    5    4
 0.01585797026974288    7    2    5    5
 0.004671227281672376    7    2    6    1
 0.0256830015182843    7    2    6    2
 -0.008263100648716546    7    2    6    3
 -0.003163442411054128    7    2    6    4
 0.0006573620968679431    7    2    6    5
 0.01805121374500248    7    2    6    6
 0.01522271640201512    7    2    7    1
 0.08399962486007753    7    2    7    2
 0.1124599913268175    7    3    1    1
 -0.003727717246072187    7    3    2    1
 0.03790771726151654    7    3    2    2
 0.0004889978069293972    7    3    3    1
 -0.01858771265832862    7    3    3    2
 -0.009901368846840508    7    3    3    3
 -0.001825621039872978    7    3    4    1
 -0.03896754713867049    7    3    4    2
 -0.0354465678870467    7    3    4    3
 -0.005412292018998011    7    3    4    4
 4.466553876401723e-05    7    3    5    1
 -0.002011992135210656    7    3    5    2
 -0.002084380629593877    7    3    5    3
 0.004877849145398291    7    3    5    4
 0.01447933659005254    7    3    5    5
 -0.002416840741740089    7    3    6    1
 -0.01095892582889768    7    3    6    2
 -0.003267376121923694    7    3    6    3
 -0.01692293516700554    7    3    6    4
 0.005503981729483649    7    3    6    5
 0.01706910969884936    7    3    6    6
 -0.006878105278929298    7    3    7    1
 -0.03208102173865941    7    3    7    2
 0.0549865200702615    7    3    7    3
 0.2161935831123501    7    4    1    1
 -0.003928921050817147    7    4    2    1
 0.09219851943783791    7    4    2    2
 0.00134790369773288    7    4    3    1
 -0.06788884941207178    7    4    3    2
 -0.03872620400327423    7    4    3    3
 -0.001778078366396157    7    4    4    1
 -0.01106423236829663    7    4    4    2
 -0.04640694199125608    7    4    4    3
 0.01469411728331086    7    4    4    4
 5.198063470931652e-05    7    4    5    1
 0.001381053052686157    7    4    5    2
 0.002800419079026182    7    4    5    3
 0.006275182736900945    7    4    5    4
 -0.02540652417295129    7    4    5    5
 -0.000707676885980851    7    4    6    1
 -0.01914027685529423    7    4    6    2
 0.03409895153479333    7    4    6    3
 -0.05409821941044779    7    4    6    4
 -0.0007567440345241881    7    4    6    5
 -0.0004959300300859533    7    4    6    6
 -0.004074092870960062    7    4    7    1
 -0.02452825991895562    7    4    7    2
 0.03877077173744668    7    4    7    3
 0.1032585993331831    7    4    7    4
 0.005732846422957461    7    5    1    1
 -0.0002215959825973932    7    5    2    1
 0.00135790502248744    7    5    2    2
 6.496217646106965e-05    7    5    3    1
 -0.003196315662489261    7    5    3    2
 -0.003792312928175554    7    5    3    3
 -7.480503896099795e-05    7    5    4    1
 0.00188736525834816    7    5    4    2
 0.002497406998359251    7    5    4    3
 0.002404789490466213    7    5    4    4
 -0.001323706110437736    7    5    5    1
 0.002446181845693988    7    5    5    2
 0.01290076101874544    7    5    5    3
 -0.004465852183540108    7    5    5    4
 -0.003176671165380307    7    5    5    5
 -0.0002222601780793538    7    5    6    1
 9.127250277543746e-05    7    5    6    2
 0.006857881477611281    7    5    6    3
 -0.001585957596269374    7    5    6    4
 -0.005823972295641361    7    5    6    5
 -0.003709034335831714    7    5    6    6
 -0.0002805573169290956    7    5    7    1
 -0.00216529737089691    7    5    7    2
 -0.002716042354834799    7    5    7    3
 0.002333251126180765    7    5    7    4
 0.01235855630629014    7    5    7    5
 0.1510362261031916    7    6    1    1
 -0.002514741383290207    7    6    2    1
 0.06995699683186427    7    6    2    2
 5.525265437597675e-05    7    6    3    1
 -0.02850422539739631    7    6    3    2
 0.001761259744478187    7    6    3    3
 0.0009189280524467958    7    6    4    1
 -0.01448185148800009    7    6    4    2
 -0.01271795955598267    7    6    4    3
 0.01167158015077146    7    6    4    4
 -7.208620235030413e-06    7    6    5    1
 0.0009824044055859308    7    6    5    2
 0.004915732546523908    7    6    5    3
 0.001164169677044065    7    6    5    4
 0.005921866407831446    7    6    5    5
 -0.002215121959506996    7    6    6    1
 0.002350734457228031    7    6    6    2
 0.02498092764676598    7    6    6    3
 -0.02350477041444753    7    6    6    4
 -0.001892326993136105    7    6    6    5
 0.02535201556426286    7    6    6    6
 -0.001972821934724278    7    6    7    1
 -0.01746966180828803    7    6    7    2
 0.03037292581429749    7    6    7    3
 0.03125367255819182    7    6    7    4
 0.001692999068887656    7    6    7    5
 0.04230496831045726    7    6    7    6
 0.8598809446679814    7    7    1    1
 -0.01013259054075106    7    7    2    1
 0.575068950805391    7    7    2    2
 0.0029390663720857    7    7    3    1
 -0.07486027846647576    7    7    3    2
 0.3947224792311976    7    7    3    3
 -0.0022055732108376    7    7    4    1
 -0.03918869476113782    7    7    4    2
 -0.01325101057812408    7    7    4    3
 0.4723354649325014    7    7    4    4
 0.0001672851643046388    7    7    5    1
 -0.005178171473999221    7    7    5    2
 -0.01111609148979384    7    7    5    3
 0.00568504292356823    7    7    5    4
 0.3707099420093379    7    7    5    5
 -0.00275919997989199    7    7    6    1
 0.01133015697606711    7    7    6    2
 0.08008331862097634    7    7    6    3
 -0.05076993945516899    7    7    6    4
 0.007309936215073181    7    7    6    5
 0.4369794892333079    7    7    6    6
 -0.008087225975091128    7    7    7    1
 -0.05633487085524853    7    7    7    2
 0.05424543624622965    7    7    7    3
 0.09726569743048201    7    7    7    4
 0.003717879449666871    7    7    7    5
 0.07316827180033023    7    7    7    6
 0.6148401356888247    7    7    7    7
 0.01336152554030248    8    1    1    1
 -0.001587599684043285    8    1    2    1
 0.000764999045110993    8    1    2    2
 0.0004358421455863662    8    1    3    1
 -0.0007637196052814113    8    1    3    2
 0.0002127592293706141    8    1    3    3
 0.0001354804779983997    8    1    4    1
 -0.0003474936835486862    8    1    4    2
 8.001484130215e-05    8    1    4    3
 0.0001995874820230078    8    1    4    4
 0.008879146576670245    8    1    5    1
 0.01195031454929713    8    1    5    2
 -0.00277764566121817    8    1    5    3
 -0.002532634763651378    8    1    5    4
 -0.000177276064702941    8    1    5    5
 0.0005319836312619771    8    1    6    1
 0.0006169216410609734    8    1    6    2
 -4.724195792793499e-05    8    1    6    3
 -0.0003596690119903519    8    1    6    4
 -0.0004244452946708113    8    1    6    5
 5.715578786930233e-05    8    1    6    6
 -0.00015300969125656    8    1    7    1
 -0.00109547408867758    8    1    7    2
 0.0005145892417955731    8    1    7    3
 0.0004926102902551618    8    1    7    4
 -0.003256883107557831    8    1    7    5
 -1.4592887921797e-05    8    1    7    6
 0.0009393257395154913    8    1    7    7
 0.02224442209522034    8    1    8    1
 -0.01052198305812392    8    2    1    1
 0.0005198321450640327    8    2    2    1
 -0.001945221797149254    8    2    2    2
 -0.0005060796613194436    8    2    3    1
 -0.0008683477187830526    8    2    3    2
 0.001410978096357612    8    2    3    3
 -0.000309978790752627    8    2    4    1
 -0.0006606400247588787    8    2    4    2
 -4.83445953415386e-05    8    2    4    3
 0.0001270440537811956    8    2    4    4
 0.01022232164021537    8    2    5    1
 0.04885624681610004    8    2    5    2
 -0.01580470531014339    8    2    5    3
 -0.008940354377452558    8    2    5    4
 -0.001924982859045329    8    2    5    5
 0.0005019852596327335    8    2    6    1
 0.001941824861483391    8    2    6    2
 -0.002345105485453162    8    2    6    3
 -0.0001628353861646925    8    2    6    4
 0.003943714825288849    8    2    6    5
 0.0004024882738559243    8    2    6    6
 -0.001108109775329728    8    2    7    1
 -0.002699506508490551    8    2    7    2
 0.001035132322344969    8    2    7    3
 -0.000427380991366656    8    2    7    4
 -0.009924784819672119    8    2    7    5
 -0.002172185202185029    8    2    7    6
 -0.0007228107563307829    8    2    7    7
 0.02521185070099469    8    2    8    1
 0.101180513282791    8    2    8    2
 -0.00163487637892121    8    3    1    1
 -0.0001449430091277151    8    3    2    1
 -0.0003620546157019173    8    3    2    2
 0.0001551975092073148    8    3    3    1
 0.004917092569540769    8    3    3    2
 0.00802975082260397    8    3    3    3
 9.771706853086946e-05    8    3    4    1
 -0.0006957595904136909    8    3    4    2
 0.0008277366052125418    8    3    4    3
 0.00449190075577726    8    3    4    4
 -0.004344013379835168    8    3    5    1
 -0.03437659269747598    8    3    5    2
 -0.02959651578972044    8    3    5    3
 0.006814849415945977    8    3    5    4
 -0.003636504570209344    8    3    5    5
 -0.000248233903985539    8    3    6    1
 -0.001964091138696593    8    3    6    2
 -0.005466584903267025    8    3    6    3
 0.004595292119348278    8    3    6    4
 0.02278555330903822    8    3    6    5
 0.007945876387141858    8    3    6    6
 0.0003499030574493455    8    3    7    1
 0.002042540691469186    8    3    7    2
 0.0007321686926636625    8    3    7    3
 -0.005053390796491255    8    3    7    4
 -0.0001204587037563579    8    3    7    5
 -0.00348428674600474    8    3    7    6
 0.001619669471286584    8    3    7    7
 -0.01087163956163692    8    3    8    1
 -0.03834548774011628    8    3    8    2
 0.03774221474829437    8    3    8    3
 -0.003065494811624525    8    4    1    1
 -4.808864327245835e-05    8    4    2    1
 -0.00222754069652793    8    4    2    2
 9.0603422269328e-05    8    4    3    1
 -0.0003127228734540146    8    4    3    2
 -0.00175688087342299    8    4    3    3
 -5.419008547580824e-05    8    4    4    1
 0.002580838275916617    8    4    4    2
 0.002432678452235213    8    4    4    3
 -0.0001564583167316499    8    4    4    4
 -0.001873541784812583    8    4    5    1
 -0.007041851144180935    8    4    5    2
 0.002246423634879206    8    4    5    3
 0.004624672225242425    8    4    5    4
 -0.001955353785598333    8    4    5    5
 -6.74723227438321e-05    8    4    6    1
 -0.0003742046970218053    8    4    6    2
 0.003241237991948281    8    4    6    3
 0.0002886372814902316    8    4    6    4
 -0.007639921530760495    8    4    6    5
 -0.003669061641297242    8    4    6    6
 6.593011391917066e-05    8    4    7    1
 0.0002000472389319617    8    4    7    2
 -0.003103650250103698    8    4    7    3
 -0.0007807778061776339    8    4    7    4
 0.008064261349241611    8    4    7    5
 0.0001095731655761592    8    4    7    6
 -0.001654292618408018    8    4    7    7
 -0.00455489835407717    8    4    8    1
 -0.01485469130669604    8    4    8    2
 0.0004349927238530528    8    4    8    3
 0.01681291540713381    8    4    8    4
 0.2990926068136148    8    5    1    1
 -0.003800527794664479    8    5    2    1
 0.1436596360277283    8    5    2    2
 0.001368053533691418    8    5    3    1
 -0.07187311267646788    8    5    3    2
 -0.01579488395312581    8    5    3    3
 0.001036816145486746    8    5    4    1
 -0.007118597994573583    8    5    4    2
 -0.02226691406204717    8    5    4    3
 0.05259215431758122    8    5    4    4
 -0.0002987304897418783    8    5    5    1
 -0.005803883939745695    8    5    5    2
 -0.009525385885954111    8    5    5    3
 0.00476902820192516    8    5    5    4
 -0.02896400941784728    8    5    5    5
 -0.0004217890855334569    8    5    6    1
 0.001646853486793835    8    5    6    2
 0.06692369822021547    8    5    6    3
 -0.05068872383747489    8    5    6    4
 0.003162800227988672    8    5    6    5
 0.02314267119697015    8    5    6    6
 0.001138924935555924    8    5    7    1
 -0.02002351369935371    8    5    7    2
 0.02408449894285804    8    5    7    3
 0.0704946079063682    8    5    7    4
 0.003765705400780042    8    5    7    5
 0.04031055239511044    8    5    7    6
 0.1220480412099497    8    5    7    7
 -0.0008016067400736677    8    5    8    1
 -0.005082631921182111    8    5    8    2
 0.001739290164773189    8    5    8    3
 0.001411781058320886    8    5    8    4
 0.1129778484800172    8    5    8    5
 0.01262217170846693    8    6    1    1
 -0.0002652873087807428    8    6    2    1
 0.003068138583706555    8    6    2    2
 7.853814780663687e-06    8    6    3    1
 -0.005272525667532731    8    6    3    2
 -0.007331457563522749    8    6    3    3
 0.0001674108030410061    8    6    4    1
 0.0008107933444064656    8    6    4    2
 0.001482262828548575    8    6    4    3
 -0.001391758843971795    8    6    4    4
 -0.0004042647505434417    8    6    5    1
 0.009080587382387347    8    6    5    2
 0.02786939464696108    8    6    5    3
 -0.009459286504255631    8    6    5    4
 -0.0002077557725868003    8    6    5    5
 -0.0002835190252316545    8    6    6    1
 0.0007484320196859471    8    6    6    2
 0.008201518085758813    8    6    6    3
 -0.004212585627973809    8    6    6    4
 -0.01242920661576282    8    6    6    5
 -0.006594209703556429    8    6    6    6
 -9.132290765244954e-05    8    6    7    1
 -0.002969322194140165    8    6    7    2
 -0.001487043074800227    8    6    7    3
 0.00436705356362414    8    6    7    4
 0.009524046827471905    8    6    7    5
 0.004412631925650129    8    6    7    6
 0.002338689571803995    8    6    7    7
 -0.001087350315429937    8    6    8    1
 -0.006292797756025082    8    6    8    2
 -0.005420192716214518    8    6    8    3
 -0.003639089464145942    8    6    8    4
 0.003992113894461256    8    6    8    5
 0.02368592455072329    8    6    8    6
 -0.01576186321133479    8    7    1    1
 1.396125208059763e-05    8    7    2    1
 -0.007853266467821677    8    7    2    2
 3.853565794507819e-05    8    7    3    1
 0.004107069131591065    8    7    3    2
 0.0007701559659543055    8    7    3    3
 -0.0001071943959504319    8    7    4    1
 -0.0004602620126403182    8    7    4    2
 -0.001758455313003263    8    7    4    3
 -0.003244439621492108    8    7    4    4
 -0.003816943778937612    8    7    5    1
 -0.01601839361423783    8    7    5    2
 -0.000388731660137789    8    7    5    3
 0.0105998579592695    8    7    5    4
 0.001442865250640418    8    7    5    5
 -0.0003398610933802046    8    7    6    1
 -0.00256783430204257    8    7    6    2
 -0.005115728718138523    8    7    6    3
 0.002760315123875324    8    7    6    4
 0.008972853576196701    8    7    6    5
 0.000782051141887911    8    7    6    6
 -0.0001937353005750984    8    7    7    1
 0.00158172092364429    8    7    7    2
 0.0003771475119241849    8    7    7    3
 -0.002838552483289626    8    7    7    4
 0.01185136251311147    8    7    7    5
 -0.001784357585810799    8    7    7    6
 -0.007311343629563391    8    7    7    7
 -0.009519374821321038    8    7    8    1
 -0.02958859641208909    8    7    8    2
 0.01865081561416112    8    7    8    3
 0.0133873563677901    8    7    8    4
 -0.003861542088797883    8    7    8    5
 0.004996371229355896    8    7    8    6
 0.03768200622426063    8    7    8    7
 0.9733117230520141    8    8    1    1
 -0.00932977624836852    8    8    2    1
 0.6318955198547357    8    8    2    2
 0.003907838156510473    8    8    3    1
 -0.09533770199930032    8    8    3    2
 0.3901852024297759    8    8    3    3
 0.001774584011328677    8    8    4    1
 -0.04326728359270044    8    8    4    2
 -0.04487679552088011    8    8    4    3
 0.4562554823802518    8    8    4    4
 -0.0004513093963124773    8    8    5    1
 -0.006159072718921338    8    8    5    2
 -0.004728964068683747    8    8    5    3
 0.008082775008262943    8    8    5    4
 0.4058733459861519    8    8    5    5
 0.0004416285829163931    8    8    6    1
 0.01659011833203572    8    8    6    2
 0.06891965124712904    8    8    6    3
 -0.07496668032378621    8    8    6    4
 0.00691228562422729    8    8    6    5
 0.4466581810548733    8    8    6    6
 0.003655625878168137    8    8    7    1
 -0.02984303770734119    8    8    7    2
 0.06077120204358344    8    8    7    3
 0.1039725076910824    8    8    7    4
 0.00123167128060643    8    8    7    5
 0.07441513351602327    8    8    7    6
 0.5763787456734828    8    8    7    7
 -0.001298225722013466    8    8    8    1
 -0.009843580886718245    8    8    8    2
 0.0005091955824917936    8    8    8    3
 -0.001905163569092714    8    8    8    4
 0.1646511113807064    8    8    8    5
 0.00645601461377602    8    8    8    6
 -0.00644560421878322    8    8    8    7
 0.6928571379620242    8    8    8    8
 -0.1612758438838316    9    1    1    1
 0.02261446808335565    9    1    2    1
 -8.046961037574751e-05    9    1    2    2
 -0.008130646582543024    9    1    3    1
 0.002824415610871855    9    1    3    2
 -0.0003470495553795912    9    1    3    3
 -0.002359125479963892    9    1    4    1
 0.003010197532295968    9    1    4    2
 -0.001015390727608558    9    1    4    3
 -0.0005047025535958536    9    1    4    4
 0.0004537652984871001    9    1    5    1
 0.001227154388111093    9    1    5    2
 -0.0003512431050112988    9    1    5    3
 -0.0003825956478819694    9    1    5    4
 0.0008070466204669629    9    1    5    5
 0.002516070328471705    9    1    6    1
 0.004622146424703858    9    1    6    2
 -0.001693017614097046    9    1    6    3
 -0.0002005543718610739    9    1    6    4
 -0.0001451040716130397    9    1    6    5
 0.0003974122333597229    9    1    6    6
 2.91192553284676e-05    9    1    7    1
 0.01072932749911817    9    1    7    2
 -0.005307798130674367    9    1    7    3
 -0.004050167533334344    9    1    7    4
 -0.000577617514758182    9    1    7    5
 -0.002629986035456898    9    1    7    6
 -0.009412047647201546    9    1    7    7
 0.001100579474119563    9    1    8    1
 0.002142265773224447    9    1    8    2
 -0.0009538911808853424    9    1    8    3
 -0.0004155110103994043    9    1    8    4
 -0.001845330465801783    9    1    8    5
 -0.0003404934424621821    9    1    8    6
 -0.0009929523644676491    9    1    8    7
 -0.003639482089048469    9    1    8    8
 0.01399020367892307    9    1    9    1
 0.1943496382691488    9    2    1    1
 -0.003863550807221137    9    2    2    1
 0.079548370565865    9    2    2    2
 0.003026905302025301    9    2    3    1
 -0.02544585454361837    9    2    3    2
 0.01005130807741338    9    2    3    3
 0.002953132597698363    9    2    4    1
 -0.000484086031715133    9    2    4    2
 -0.004036712217449665    9    2    4    3
 0.02222929421473398    9    2    4    4
 0.0009288945146544309    9    2    5    1
 -0.0008069934220747292    9    2    5    2
 -0.00556146189121673    9    2    5    3
 0.001420409953298672    9    2    5    4
 0.0111249924783831    9    2    5    5
 0.003619838984702095    9    2    6    1
 0.01550436166744486    9    2    6    2
 0.009977535484374717    9    2    6    3
 -0.0176027074481762    9    2    6    4
 -0.0005809043951891346    9    2    6    5
 0.02470027912969986    9    2    6    6
 0.0103656768447195    9    2    7    1
 0.01343749087684725    9    2    7    2
 -0.0009416801801626366    9    2    7    3
 0.02022299355595326    9    2    7    4
 -0.001819825146226061    9    2    7    5
 0.01646921210729987    9    2    7    6
 0.04489330432163896    9    2    7    7
 0.001774454453823616    9    2    8    1
 0.003567983225160884    9    2    8    2
 -0.001984319000293869    9    2    8    3
 -0.001014763973804788    9    2    8    4
 0.03790951839885353    9    2    8    5
 0.0008163484658416087    9    2    8    6
 -0.005231207047365088    9    2    8    7
 0.08107151417199925    9    2    8    8
 0.00276627547757557    9    2    9    1
 0.04440770207378655    9    2    9    2
 -0.06419957980960318    9    3    1    1
 0.001182214751660432    9    3    2    1
 -0.04026349210707277    9    3    2    2
 -0.0008795387531340418    9    3    3    1
 -0.0008139212857955165    9    3    3    2
 -0.007714590046919339    9    3    3    3
 -0.001140702568927424    9    3    4    1
 0.01165921352416432    9    3    4    2
 0.008893836142160954    9    3    4    3
 -0.0238920358116251    9    3    4    4
 -0.0005252953619008929    9    3    5    1
 -0.004622704862674196    9    3    5    2
 -0.002727055361249767    9    3    5    3
 0.00108100635406655    9    3    5    4
 -0.01860759947473488    9    3    5    5
 -0.001164559890449224    9    3    6    1
 -0.01614332566828058    9    3    6    2
 -0.009862251069888653    9    3    6    3
 -0.001567098862394919    9    3    6    4
 -0.002439020882840472    9    3    6    5
 -0.01864334043006089    9    3    6    6
 -0.003605546797940072    9    3    7    1
 -0.009910657823344752    9    3    7    2
 -0.007469046407405987    9    3    7    3
 0.001996593672657135    9    3    7    4
 -0.0003823504645510309    9    3    7    5
 -0.002355417043066379    9    3    7    6
 -0.02221922024937032    9    3    7    7
 -0.001157221381698892    9    3    8    1
 -0.003798181062630237    9    3    8    2
 0.002519468954982    9    3    8    3
 0.001518148483737179    9    3    8    4
 -0.01193204947855309    9    3    8    5
 0.0002696995188103589    9    3    8    6
 0.002345084170302682    9    3    8    7
 -0.03250238630024682    9    3    8    8
 -0.001067713622638731    9    3    9    1
 -0.005580640682191228    9    3    9    2
 0.0238885432001042    9    3    9    3
 0.01669452462936554    9    4    1    1
 0.0001757397271061102    9    4    2    1
 0.0152735615433924    9    4    2    2
 -0.0004614060458147784    9    4    3    1
 0.01727829455336776    9    4    3    2
 0.03322435923141898    9    4    3    3
 0.0006697871624295215    9    4    4    1
 -0.02278408274396565    9    4    4    2
 -0.005333467940795348    9    4    4    3
 0.01314381404568535    9    4    4    4
 -0.0001033918905161911    9    4    5    1
 0.0002045177689127412    9    4    5    2
 0.00227999065667671    9    4    5    3
 -0.0005512502970743444    9    4    5    4
 0.04320733966485819    9    4    5    5
 -0.0008163621046991374    9    4    6    1
 0.005502397993950044    9    4    6    2
 -0.0242189285689281    9    4    6    3
 0.007839812972822824    9    4    6    4
 0.002234997028940204    9    4    6    5
 0.02637312622274475    9    4    6    6
 -0.0001969910333699581    9    4    7    1
 -0.0008268653334502084    9    4    7    2
 0.01463536124991559    9    4    7    3
 -0.01130136393213241    9    4    7    4
 -0.00105093035125335    9    4    7    5
 0.007000021102988645    9    4    7    6
 0.01572433698216816    9    4    7    7
 -0.0003286806610726216    9    4    8    1
 -0.0006730511045873213    9    4    8    2
 0.00125041832159705    9    4    8    3
 -0.001285432384558953    9    4    8    4
 -0.01302940783116631    9    4    8    5
 -0.001367223996790758    9    4    8    6
 0.001840678544672805    9    4    8    7
 0.01737320439976488    9    4    8    8
 -8.995269838967309e-05    9    4    9    1
 -4.383098263247109e-05    9    4    9    2
 -0.006950613204565709    9    4    9    3
 0.03257745602712556    9    4    9    4
 0.0003389751403677155    9    5    1    1
 -0.0003222122851066767    9    5    2    1
 -0.01511109262826477    9    5    2    2
 -8.537579110920661e-05    9    5    3    1
 -0.008496706914203228    9    5    3    2
 -0.01891467930381515    9    5    3    3
 0.0001975327979338035    9    5    4    1
 0.002680029489509191    9    5    4    2
 -0.0002861329143088554    9    5    4    3
 -0.01754665169425274    9    5    4    4
 0.001395115788368242    9    5    5    1
 0.0007436821718117121    9    5    5    2
 -0.003737789334984704    9    5    5    3
 0.004531998096981639    9    5    5    4
 -0.0217309751232786    9    5    5    5
 -0.000372903662902839    9    5    6    1
 -0.007357334637830249    9    5    6    2
 -0.001676072379360844    9    5    6    3
 -0.001231014491742537    9    5    6    4
 -0.002998016164057479    9    5    6    5
 -0.01754196004030307    9    5    6    6
 -0.0004354349322889015    9    5    7    1
 -0.00612050203992409    9    5    7    2
 0.000753375043336177    9    5    7    3
 0.006021034086588924    9    5    7    4
 -0.003092615721119797    9    5    7    5
 5.392938789741093e-05    9    5    7    6
 -0.009452238352395316    9    5    7    7
 0.003372830884092109    9    5    8    1
 0.01052714284674132    9    5    8    2
 -0.004086330340289005    9    5    8    3
 -0.001400648320032501    9    5    8    4
 0.003761416467717618    9    5    8    5
 0.002288556683579781    9    5    8    6
 0.001332418483878838    9    5    8    7
 -0.006463335466570842    9    5    8    8
 -0.000128075871481865    9    5    9    1
 0.006023076710617428    9    5    9    2
 0.006247886328768361    9    5    9    3
 -0.00641715280117148    9    5    9    4
 0.01721728931949654    9    5    9    5
 0.1036664798621587    9    6    1    1
 -0.0009228989108227497    9    6    2    1
 0.05358916075495851    9    6    2    2
 0.001075649916646678    9    6    3    1
 -0.02842646847824923    9    6    3    2
 -0.009908477081529444    9    6    3    3
 -0.0004981372201291453    9    6    4    1
 -0.003345306317976089    9    6    4    2
 -0.02390457200525232    9    6    4    3
 0.01699590171725543    9    6    4    4
 -5.766624815882992e-05    9    6    5    1
 -0.00341791537954855    9    6    5    2
 -0.005997491926665243    9    6    5    3
 0.00334501431394508    9    6    5    4
 -0.007665117325170634    9    6    5    5
 0.00161385152927065    9    6    6    1
 -0.00350146120960333    9    6    6    2
 0.01784291275075533    9    6    6    3
 -0.02384439070836902    9    6    6    4
 0.00259906617081964    9    6    6    5
 0.01033435592231238    9    6    6    6
 0.001605949303399273    9    6    7    1
 0.00198746759913416    9    6    7    2
 0.01430852099831731    9    6    7    3
 0.0339003918998678    9    6    7    4
 -3.412492204754656e-05    9    6    7    5
 0.01216108266842943    9    6    7    6
 0.04260926739454474    9    6    7    7
 -0.0001187170695618649    9    6    8    1
 -0.001249561543540935    9    6    8    2
 0.002227655722090491    9    6    8    3
 -0.000444121244382378    9    6    8    4
 0.03293210420625575    9    6    8    5
 -0.0004136336895673815    9    6    8    6
 0.0002715525052557037    9    6    8    7
 0.05024069645990572    9    6    8    8
 0.0003635004959311742    9    6    9    1
 0.01263186710343412    9    6    9    2
 -0.003701830498996203    9    6    9    3
 -0.007927756494641811    9    6    9    4
 -5.082195858897422e-05    9    6    9    5
 0.02684461313479461    9    6    9    6
 0.1277408221790055    9    7    1    1
 -0.001091557296761687    9    7    2    1
 0.04842032165864333    9    7    2    2
 0.0004620599280619427    9    7    3    1
 -0.02553069201556611    9    7    3    2
 -0.006241729208335428    9    7    3    3
 0.001347365523605984    9    7    4    1
 0.0007839126715860532    9    7    4    2
 0.003467831773271039    9    7    4    3
 0.01176222154867972    9    7    4    4
 -0.0004389044993701488    9    7    5    1
 -0.004695465154198157    9    7    5    2
 -0.002461868311480028    9    7    5    3
 0.001755955291247558    9    7    5    4
 -0.009875128929066033    9    7    5    5
 8.513873993999256e-05    9    7    6    1
 0.004173781465805601    9    7    6    2
 0.02217589397911598    9    7    6    3
 -0.006931977809830831    9    7    6    4
 -0.0001350976086258809    9    7    6    5
 0.006698553010152481    9    7    6    6
 0.002408189946189724    9    7    7    1
 -0.008565659635886581    9    7    7    2
 0.00616610861875184    9    7    7    3
 0.02181212725652429    9    7    7    4
 0.002215297975356991    9    7    7    5
 0.01886644780839045    9    7    7    6
 0.0528155769652888    9    7    7    7
 -0.001266449462446692    9    7    8    1
 -0.006340068800111476    9    7    8    2
 0.002218128414699508    9    7    8    3
 0.00171063566583846    9    7    8    4
 0.03298048313994718    9    7    8    5
 0.00263301147506331    9    7    8    6
 0.0005524895310844367    9    7    8    7
 0.05125595714170481    9    7    8    8
 0.0002741253641023417    9    7    9    1
 0.02549031989975079    9    7    9    2
 -0.006354030437641922    9    7    9    3
 -0.005817819011848818    9    7    9    4
 0.005620749582523478    9    7    9    5
 0.009318876959010037    9    7    9    6
 0.03065250949458712    9    7    9    7
 0.05060242837584573    9    8    1    1
 -0.000608953976105533    9    8    2    1
 0.02718030757821202    9    8    2    2
 5.805350293689066e-05    9    8    3    1
 -0.007629670621012386    9    8    3    2
 0.009601752590702747    9    8    3    3
 -3.798062903212318e-05    9    8    4    1
 -0.003403873568826394    9    8    4    2
 -0.001977227190973353    9    8    4    3
 0.01529862033822457    9    8    4    4
 0.003683443532313262    9    8    5    1
 0.01638670002477473    9    8    5    2
 -0.004284331804708676    9    8    5    3
 -0.003175912539464045    9    8    5    4
 0.008846876114629532    9    8    5    5
 1.596935398761727e-05    9    8    6    1
 0.002034703984324004    9    8    6    2
 0.00764139543984708    9    8    6    3
 -0.005719758532581672    9    8    6    4
 0.004947760403546606    9    8    6    5
 0.01299275175110234    9    8    6    6
 -0.0005269193842011633    9    8    7    1
 -0.005159255766879221    9    8    7    2
 0.005021175833878014    9    8    7    3
 0.007844305756803794    9    8    7    4
 0.002152167083176929    9    8    7    5
 0.006188946981856544    9    8    7    6
 0.02483657338471504    9    8    7    7
 0.00910277827233741    9    8    8    1
 0.03167073394042826    9    8    8    2
 -0.0102249583081295    9    8    8    3
 -0.0028514404182215    9    8    8    4
 0.01277288899099125    9    8    8    5
 0.002584696884738041    9    8    8    6
 -0.00168978693119274    9    8    8    7
 0.02855156512215394    9    8    8    8
 0.0002593219723175134    9    8    9    1
 0.005401222933181732    9    8    9    2
 -0.005321526653931134    9    8    9    3
 0.001795881096458524    9    8    9    4
 0.0001591971763129074    9    8    9    5
 0.004468983617038416    9    8    9    6
 0.001939125496263635    9    8    9    7
 0.01959782353030457    9    8    9    8
 0.4757616099191506    9    9    1    1
 -0.002773548010267603    9    9    2    1
 0.3925356035146087    9    9    2    2
 0.002554895127588567    9    9    3    1
 -0.002994570621851879    9    9    3    2
 0.3400617753511741    9    9    3    3
 0.0019332132193814    9    9    4    1
 -0.01288496824769427    9    9    4    2
 -0.01408976343646583    9    9    4    3
 0.3504809125623535    9    9    4    4
 0.0009995120628120289    9    9    5    1
 0.01351268212311006    9    9    5    2
 0.0183898453491732    9    9    5    3
 -0.005234834789507741    9    9    5    4
 0.3469756424099326    9    9    5    5
 0.003625430145666904    9    9    6    1
 0.02913161678400704    9    9    6    2
 0.007630651815585742    9    9    6    3
 -0.01764287011127409    9    9    6    4
 -0.0088691739427107    9    9    6    5
 0.3539129464625802    9    9    6    6
 0.0086053506330844    9    9    7    1
 0.02864078665401086    9    9    7    2
 0.00260651704423225    9    9    7    3
 0.006011788710303672    9    9    7    4
 0.003909236768111944    9    9    7    5
 0.01579875394678241    9    9    7    6
 0.3524708171148283    9    9    7    7
 0.002103565627488683    9    9    8    1
 0.005835953926009406    9    9    8    2
 -0.01233162414029027    9    9    8    3
 -0.0007829059669224123    9    9    8    4
 0.01824269383269534    9    9    8    5
 0.007759802106467394    9    9    8    6
 -0.004886878263530486    9    9    8    7
 0.3689606078737324    9    9    8    8
 0.002823987058972707    9    9    9    1
 0.02467957113333708    9    9    9    2
 -0.01619941560132775    9    9    9    3
 0.02129119951417331    9    9    9    4
 -0.01157944745487705    9    9    9    5
 0.007755562431013179    9    9    9    6
 0.003355003313431673    9    9    9    7
 0.009696933723644798    9    9    9    8
 0.3437138887375109    9    9    9    9
 0.1289764627285687   10    1    1    1
 -0.01777096481771024   10    1    2    1
 0.001404862789390527   10    1    2    2
 0.008337624371631932   10    1    3    1
 0.0009792160115661313   10    1    3    2
 -0.0005091640065933797   10    1    3    3
 -0.001823235036950452   10    1    4    1
 -0.007871226108862751   10    1    4    2
 0.002305879447498947   10    1    4    3
 0.002723840691326875   10    1    4    4
 0.0002639439978419308   10    1    5    1
 -0.0001891467300306098   10    1    5    2
 8.699537011127984e-05   10    1    5    3
 0.000169205264108705   10    1    5    4
 0.001002086315631087   10    1    5    5
 0.002409307871742262   10    1    6    1
 0.002308819477997227   10    1    6    2
 -0.001231831484323028   10    1    6    3
 -4.726031059433772e-05   10    1    6    4
 6.399727082864506e-05   10    1    6    5
 0.0002803865047319726   10    1    6    6
 0.0005432264283020457   10    1    7    1
 -0.007899901765081988   10    1    7    2
 0.003631534535172191   10    1    7    3
 0.003582170123832726   10    1    7    4
 0.0001415666748132256   10    1    7    5
 0.0007022833771911319   10    1    7    6
 0.007213974591998975   10    1    7    7
 0.001060028642347559   10    1    8    1
 0.0004175216617670543   10    1    8    2
 -0.0002037481658845253   10    1    8    3
 1.043012188375558e-06   10    1    8    4
 0.0009678427427943763   10    1    8    5
 -4.885326754257216e-06   10    1    8    6
 -5.588340015728618e-05   10    1    8    7
 0.00288558461275954   10    1    8    8
 -0.009869679375591894   10    1    9    1
 -0.0009735957813203824   10    1    9    2
 0.0004584493453591457   10    1    9    3
 -0.000506597762838847   10    1    9    4
 9.951686955049795e-05   10    1    9    5
 0.0006205404138395165   10    1    9    6
 -0.0006339614380194091   10    1    9    7
 0.0004820623436445343   10    1    9    8
 -0.000680328701166336   10    1    9    9
 0.01040045443918636   10    1   10    1
 -0.1468193133959422   10    2    1    1
 0.003286927806171191   10    2    2    1
 -0.05905201101806235   10    2    2    2
 -0.0006824477769179115   10    2    3    1
 0.0210255992501301   10    2    3    2
 -0.02036162077862386   10    2    3    3
 -0.005600337270216861   10    2    4    1
 -0.01106068161282811   10    2    4    2
 0.003749195901607019   10    2    4    3
 -0.0144494988490447   10    2    4    4
 -0.000214442956645057   10    2    5    1
 -0.001514732965724878   10    2    5    2
 -0.002039272387838218   10    2    5    3
 -3.53641017580487e-05   10    2    5    4
 -0.01761356996676977   10    2    5    5
 0.001091903761846215   10    2    6    1
 -0.0004179728740730941   10    2    6    2
 -0.0117491287075288   10    2    6    3
 0.007633759671488717   10    2    6    4
 -0.00162252792492744   10    2    6    5
 -0.02646676516777623   10    2    6    6
 -0.007566901787609817   10    2    7    1
 -0.008577802431086677   10    2    7    2
 -0.001872558967898933   10    2    7    3
 -0.006669750123622316   10    2    7    4
 -0.0001370708839385714   10    2    7    5
 -0.01696288607392009   10    2    7    6
 -0.03606331004992089   10    2    7    7
 0.0001830598677398275   10    2    8    1
 0.002344516806966561   10    2    8    2
 0.000362307225171235   10    2    8    3
 0.001007503006999866   10    2    8    4
 -0.02491275310415241   10    2    8    5
 -0.001940293845437383   10    2    8    6
 0.001727947565344015   10    2    8    7
 -0.0637379091028359   10    2    8    8
 -0.001058611764415695   10    2    9    1
 -0.02893686560267269   10    2    9    2
 0.007323547923284841   10    2    9    3
 -0.007209737035648009   10    2    9    4
 0.0003363047829727568   10    2    9    5
 -0.004098575359382444   10    2    9    6
 -0.01867917928702361   10    2    9    7
 -0.00446972744983939   10    2    9    8
 -0.02057158784577892   10    2    9    9
 0.002874025111530653   10    2   10    1
 0.0300081371801671   10    2   10    2
 0.08209441547046881   10    3    1    1
 -0.001959340671422968   10    3    2    1
 0.02689012782660731   10    3    2    2
 0.0002165510384107996   10    3    3    1
 -0.01634875471992448   10    3    3    2
 -0.01417920787475762   10    3    3    3
 0.002482055955846777   10    3    4    1
 -0.004268906507026111   10    3    4    2
 -0.01002299534215998   10    3    4    3
 0.00187441260818597   10    3    4    4
 2.176264150224098e-05   10    3    5    1
 -0.00329075595579541   10    3    5    2
 -0.002359489476249154   10    3    5    3
 -0.000670952085319307   10    3    5    4
 -0.009839377544315055   10    3    5    5
 -0.001124582731570886   10    3    6    1
 0.0002756537405612314   10    3    6    2
 0.01580098904652892   10    3    6    3
 -0.005705019933010185   10    3    6    4
 -0.003161090030327546   10    3    6    5
 -0.002461248855477198   10    3    6    6
 0.002372606701864526   10    3    7    1
 -0.002485204882295526   10    3    7    2
 0.01105984511198398   10    3    7    3
 0.008456285674519719   10    3    7    4
 0.001065421894256309   10    3    7    5
 0.009523602970577761   10    3    7    6
 0.01832679113326682   10    3    7    7
 -0.0002432513751109042   10    3    8    1
 -0.002500748353209099   10    3    8    2
 0.0005160250803591428   10    3    8    3
 0.0003669137054541646   10    3    8    4
 0.0219411898085458   10    3    8    5
 0.003288503166442744   10    3    8    6
 -0.001445758527533452   10    3    8    7
 0.03123516746381058   10    3    8    8
 -0.0003922080805416904   10    3    9    1
 0.01236261865838045   10    3    9    2
 -0.0129228159420954   10    3    9    3
 -0.0002410760153766772   10    3    9    4
 0.006350359916044702   10    3    9    5
 0.003616868490057714   10    3    9    6
 0.01576443256265161   10    3    9    7
 -0.0002728359495403231   10    3    9    8
 0.001745302629770492   10    3    9    9
 -0.0009258064819590566   10    3   10    1
 -0.01037059660467325   10    3   10    2
 0.02320333815866033   10    3   10    3
 -0.1114230396760684   10    4    1    1
 0.001451849460868928   10    4    2    1
 -0.05333084401669703   10    4    2    2
 -0.000740637285089406   10    4    3    1
 -0.004453882084083169   10    4    3    2
 -0.03645012740370733   10    4    3    3
 0.0003635701866189745   10    4    4    1
 0.0319968712537093   10    4    4    2
 0.003555044212174835   10    4    4    3
 -0.03197562256121299   10    4    4    4
 3.415670489467794e-05   10    4    5    1
 0.001361024444426041   10    4    5    2
 -0.002082643082434756   10    4    5    3
 -0.003041146229640445   10    4    5    4
 -0.04518734210117559   10    4    5    5
 -0.0003338058612747472   10    4    6    1
 -0.01269545938669823   10    4    6    2
 0.01047116423774107   10    4    6    3
 0.004412835808481231   10    4    6    4
 -0.003028001169276913   10    4    6    5
 -0.04006457442017172   10    4    6    6
 5.480069364512212e-05   10    4    7    1
 0.01229204360686405   10    4    7    2
 -0.01995250812231599   10    4    7    3
 -0.005103854557363599   10    4    7    4
 0.00270194004616163   10    4    7    5
 -0.01692690919115804   10    4    7    6
 -0.04934839643909661   10    4    7    7
 3.302667160372155e-05   10    4    8    1
 0.001650563810575854   10    4    8    2
 -0.0005338287355031213   10    4    8    3
 0.002880556161249794   10    4    8    4
 -0.009119295409469657   10    4    8    5
 6.775574700060076e-05   10    4    8    6
 -5.557057995151362e-05   10    4    8    7
 -0.05869016787585758   10    4    8    8
 0.0007914471491484618   10    4    9    1
 -0.01371851423599988   10    4    9    2
 0.007360054472045364   10    4    9    3
 -0.02972664851173055   10    4    9    4
 0.002893745608545008   10    4    9    5
 0.002828938451093369   10    4    9    6
 -0.004945220409986456   10    4    9    7
 -0.00397117308886556   10    4    9    8
 -0.02568060388594115   10    4    9    9
 -0.001013865615042628   10    4   10    1
 0.01479555688316156   10    4   10    2
 -0.003989614690153524   10    4   10    3
 0.0403626090337373   10    4   10    4
 -0.01273872917627332   10    5    1    1
 -0.0001037044830826867   10    5    2    1
 -0.01622766105279122   10    5    2    2
 -4.446258478581426e-05   10    5    3    1
 -0.004195472874946509   10    5    3    2
 -0.01432886250372598   10    5    3    3
 0.0002140297338174651   10    5    4    1
 0.002624185099468392   10    5    4    2
 -0.00364636136112065   10    5    4    3
 -0.01732436174008841   10    5    4    4
 -0.001194149437900873   10    5    5    1
 -0.006370818067613528   10    5    5    2
 -0.002696077065465219   10    5    5    3
 -0.001710715243008631   10    5    5    4
 -0.01469814061489512   10    5    5    5
 -0.000348707894272599   10    5    6    1
 -0.007244828037838602   10    5    6    2
 -0.005612427422419265   10    5    6    3
 -0.001738961026967934   10    5    6    4
 0.0003697911193991923   10    5    6    5
 -0.01287941394377021   10    5    6    6
 -3.57429551239393e-05   10    5    7    1
 -0.001026494169577419   10    5    7    2
 0.001235434542626473   10    5    7    3
 0.004359344494396092   10    5    7    4
 0.0005566151722454503   10    5    7    5
 -0.0009641521397790072   10    5    7    6
 -0.01412633281025009   10    5    7    7
 -0.003001888576131243   10    5    8    1
 -0.009780420204042885   10    5    8    2
 0.006352354420350921   10    5    8    3
 -0.0006374634269037213   10    5    8    4
 -0.001117241623374209   10    5    8    5
 0.001171056867045773   10    5    8    6
 0.0004045497504992318   10    5    8    7
 -0.009714725323685053   10    5    8    8
 -0.0003951915959017458   10    5    9    1
 0.0008597808963045381   10    5    9    2
 0.006940790909975122   10    5    9    3
 -0.002729341323797663   10    5    9    4
 0.003694631385818714   10    5    9    5
 -0.0005376882436019103   10    5    9    6
 0.0007456243868231016   10    5    9    7
 -0.007301271567325653   10    5    9    8
 -0.007526842590345815   10    5    9    9
 -0.0001456142403190104   10    5   10    1
 0.001188770595462738   10    5   10    2
 0.002879411694897421   10    5   10    3
 0.003658474195420699   10    5   10    4
 0.0101569591998595   10    5   10    5
 0.04302619655075143   10    6    1    1
 -0.001257482883002277   10    6    2    1
 0.01264512741752166   10    6    2    2
 -0.0002026514094472423   10    6    3    1
 0.004046124996041804   10    6    3    2
 0.02467719203389209   10    6    3    3
 0.0007295658784978226   10    6    4    1
 -0.008946598319453757   10    6    4    2
 0.008494708785378179   10    6    4    3
 0.01655258636688819   10    6    4    4
 -0.0001453143974868025   10    6    5    1
 -0.004813705815732823   10    6    5    2
 -0.007294993163156048   10    6    5    3
 -0.0006842824640421572   10    6    5    4
 0.01811935540541439   10    6    5    5
 -0.001646051870951341   10    6    6    1
 -0.0006602127271485884   10    6    6    2
 -0.005146839996082977   10    6    6    3
 0.0050174631951767   10    6    6    4
 0.004066662564613864   10    6    6    5
 0.01969445769158253   10    6    6    6
 -0.001272750858174843   10    6    7    1
 -0.01313346608332331   10    6    7    2
 0.004086071687859242   10    6    7    3
 -0.01057662329565786   10    6    7    4
 -0.0007749067802817103   10    6    7    5
 0.004271253644605916   10    6    7    6
 0.0200578379355068   10    6    7    7
 -0.000407103512435604   10    6    8    1
 -0.001763474939507856   10    6    8    2
 0.005643393972284194   10    6    8    3
 -0.0005893620778422707   10    6    8    4
 0.00107360435340374   10    6    8    5
 -0.00207578815057804   10    6    8    6
 0.0002290236166931395   10    6    8    7
 0.02098215192038727   10    6    8    8
 -0.001546673493475545   10    6    9    1
 0.003071417323239404   10    6    9    2
 -0.003909459555095223   10    6    9    3
 0.009490631181822053   10    6    9    4
 -0.002116072477266529   10    6    9    5
 -0.007446252257413296   10    6    9    6
 0.004370646586818179   10    6    9    7
 0.002270663611593726   10    6    9    8
 0.002274687118800359   10    6    9    9
 0.0002377922598296057   10    6   10    1
 -0.006860198819836252   10    6   10    2
 0.004641458516405441   10    6   10    3
 -0.01264095162819568   10    6   10    4
 -0.002517730317000172   10    6   10    5
 0.01676298219779921   10    6   10    6
 -0.07636449299937929   10    7    1    1
 0.0005120765686236759   10    7    2    1
 -0.025327395455534   10    7    2    2
 -0.001173609111157302   10    7    3    1
 0.00581930330882194   10    7    3    2
 0.006473415234333197   10    7    3    3
 0.00090701863553071   10    7    4    1
 0.01386426873100545   10    7    4    2
 -0.007042886992308036   10    7    4    3
 -0.00879104070495703   10    7    4    4
 3.191724641097395e-05   10    7    5    1
 0.001317930369672541   10    7    5    2
 0.001353845900173547   10    7    5    3
 0.001655583519997657   10    7    5    4
 0.0008723258695254021   10    7    5    5
 -0.002180619353445442   10    7    6    1
 -0.01406862212430807   10    7    6    2
 -0.004223273569126489   10    7    6    3
 -0.002072253427896371   10    7    6    4
 -6.312428410823856e-05   10    7    6    5
 -0.0004385181097249017   10    7    6    6
 -0.001868361669822935   10    7    7    1
 0.007193676544258713   10    7    7    2
 -0.003841973699468886   10    7    7    3
 -0.0103186575526433   10    7    7    4
 -0.001487528218339338   10    7    7    5
 -0.006412368917226563   10    7    7    6
 -0.0287922159445922   10    7    7    7
 1.257855613289209e-05   10    7    8    1
 0.001019021341661361   10    7    8    2
 -0.0006142609129013114   10    7    8    3
 0.0002084822118020965   10    7    8    4
 -0.01586853967799857   10    7    8    5
 -0.001394216369959752   10    7    8    6
 0.002700474518430352   10    7    8    7
 -0.0282175876598533   10    7    8    8
 -0.000819357531616593   10    7    9    1
 -0.01802602825902059   10    7    9    2
 0.01073880800204778   10    7    9    3
 -0.001839910535699662   10    7    9    4
 -0.002222586838369931   10    7    9    5
 -0.001127846237218458   10    7    9    6
 -0.02098262195523247   10    7    9    7
 -0.001581478814934333   10    7    9    8
 -0.002968121891990715   10    7    9    9
 -0.0007572565393951583   10    7   10    1
 0.01070866852252379   10    7   10    2
 -0.01366124995224957   10    7   10    3
 0.009048803866060735   10    7   10    4
 8.285906191338458e-05   10    7   10    5
 -0.006688721611917287   10    7   10    6
 0.02358096187156907   10    7   10    7
 0.0278131850074466   10    8    1    1
 -0.0003577784608261088   10    8    2    1
 0.01775710271351507   10    8    2    2
 0.0001590351835854655   10    8    3    1
 -0.00415095716228437   10    8    3    2
 0.005658921198564006   10    8    3    3
 0.0003876434664305879   10    8    4    1
 0.001382198707372377   10    8    4    2
 -0.001325942541950507   10    8    4    3
 0.01256650323105514   10    8    4    4
 -0.002929744960126383   10    8    5    1
 -0.0114749316394848   10    8    5    2
 0.003724679643299734   10    8    5    3
 -0.0001033273076282903   10    8    5    4
 0.003518115891714141   10    8    5    5
 -0.0002640392537483474   10    8    6    1
 0.0004654634770374397   10    8    6    2
 0.008717628820611625   10    8    6    3
 -0.003452644870398271   10    8    6    4
 0.001812872367050619   10    8    6    5
 0.007858058156190261   10    8    6    6
 0.0006286481447300678   10    8    7    1
 0.001257778317464985   10    8    7    2
 0.0001160239131955949   10    8    7    3
 0.003692380613208279   10    8    7    4
 0.0001332620655438722   10    8    7    5
 0.002407532300239829   10    8    7    6
 0.01540090512994338   10    8    7    7
 -0.00730624825439254   10    8    8    1
 -0.02511017146343301   10    8    8    2
 0.01156940114009482   10    8    8    3
 -0.00262124290663787   10    8    8    4
 0.009333448502100892   10    8    8    5
 0.003336547083557833   10    8    8    6
 0.001313604714112112   10    8    8    7
 0.01754070397854123   10    8    8    8
 -0.0006277004842527697   10    8    9    1
 -0.0001502250842095824   10    8    9    2
 -0.002641092342249075   10    8    9    3
 -0.000835265782605128   10    8    9    4
 -0.007207000184479284   10    8    9    5
 0.004255350485654882   10    8    9    6
 0.002338425376551581   10    8    9    7
 -0.00782243106820541   10    8    9    8
 0.002245974573594873   10    8    9    9
 -0.0002669684460518509   10    8   10    1
 -0.002539319715592765   10    8   10    2
 2.893519634080295e-05   10    8   10    3
 -0.0007608906493729896   10    8   10    4
 0.0006022268807126399   10    8   10    5
 0.001472358531477088   10    8   10    6
 -0.0004275990203583857   10    8   10    7
 0.01387535093650161   10    8   10    8
 -0.1938410792022749   10    9    1    1
 0.001830673918030351   10    9    2    1
 -0.1348224928205538   10    9    2    2
 -0.0008304758227925657   10    9    3    1
 0.02890477340540257   10    9    3    2
 -0.06961581636091925   10    9    3    3
 -0.003484679817148692   10    9    4    1
 -0.02031096977063986   10    9    4    2
 0.008982450313787159   10    9    4    3
 -0.1042657409919848   10    9    4    4
 -0.0002153741174953033   10    9    5    1
 0.00940078789631542   10    9    5    2
 0.02705970430393731   10    9    5    3
 -0.005110499799541837   10    9    5    4
 -0.03586455804906275   10    9    5    5
 -0.0004822302339424079   10    9    6    1
 -0.004697375566642677   10    9    6    2
 -0.03968929905829947   10    9    6    3
 0.02490305547692668   10    9    6    4
 -0.01502880822481184   10    9    6    5
 -0.08049863195726338   10    9    6    6
 -0.006492503555048929   10    9    7    1
 -0.02138848440719322   10    9    7    2
 0.01065975717475462   10    9    7    3
 -0.02088072390911047   10    9    7    4
 0.0009842722990373472   10    9    7    5
 -0.008134255796209635   10    9    7    6
 -0.1114469245948529   10    9    7    7
 -3.118169995390811e-06   10    9    8    1
 -0.0004638809643426991   10    9    8    2
 -0.01205522362139671   10    9    8    3
 -0.000355756349843371   10    9    8    4
 -0.04734013816227046   10    9    8    5
 0.008861492984077875   10    9    8    6
 -0.000196229365007241   10    9    8    7
 -0.1077759157550116   10    9    8    8
 -0.001767677315798913   10    9    9    1
 -0.01686050937872001   10    9    9    2
 0.008703581137892049   10    9    9    3
 0.00887290943483897   10    9    9    4
 0.009519016195436046   10    9    9    5
 -0.02249798905810806   10    9    9    6
 -0.009639671828979929   10    9    9    7
 -0.01036750684059832   10    9    9    8
 -0.03489463661361323   10    9    9    9
 0.002102903875349166   10    9   10    1
 0.01202475225038358   10    9   10    2
 0.002334550073370745   10    9   10    3
 -0.00381008742780243   10    9   10    4
 0.008564433149871683   10    9   10    5
 -0.001283394861129933   10    9   10    6
 -0.003129445137509433   10    9   10    7
 -0.0101335312584215   10    9   10    8
 0.09986963711940726   10    9   10    9
 0.4320885172085382   10   10    1    1
 -0.002515674659106314   10   10    2    1
 0.3599114058329856   10   10    2    2
 0.0008204255761838824   10   10    3    1
 -0.01759932997840584   10   10    3    2
 0.3207925916945352   10   10    3    3
 0.003609145766158034   10   10    4    1
 0.01250344315541702   10   10    4    2
 -0.01102244106346067   10   10    4    3
 0.3332141423038364   10   10    4    4
 0.0003014792020001123   10   10    5    1
 0.009005813965896569   10   10    5    2
 0.0184768390015556   10   10    5    3
 -0.001944346448431974   10   10    5    4
 0.3154339405574716   10   10    5    5
 -0.0001622262351898585   10   10    6    1
 0.00457074285881547   10   10    6    2
 0.01840911819021721   10   10    6    3
 -0.0205542444891616   10   10    6    4
 -0.01316573891198598   10   10    6    5
 0.3264343739804808   10   10    6    6
 0.005702340040621582   10   10    7    1
 0.01980006424912015   10   10    7    2
 -0.007937304366678003   10   10    7    3
 0.01531058381009168   10   10    7    4
 0.00313298487023218   10   10    7    5
 0.007023488103807418   10   10    7    6
 0.3347564926464071   10   10    7    7
 0.0002553044418803689   10   10    8    1
 -0.0005888144774624332   10   10    8    2
 -0.01129599493911801   10   10    8    3
 0.0007331065749492132   10   10    8    4
 0.01755055237218354   10   10    8    5
 0.008697058196092348   10   10    8    6
 -0.0038323981342419   10   10    8    7
 0.3439378123963462   10   10    8    8
 0.001000795366764902   10   10    9    1
 0.01737233252189282   10   10    9    2
 -0.002903754557477229   10   10    9    3
 0.004138034170321581   10   10    9    4
 -0.00397660113483769   10   10    9    5
 0.007937846493415401   10   10    9    6
 0.002223657029936528   10   10    9    7
 0.003544377063459288   10   10    9    8
 0.3206398281384904   10   10    9    9
 -0.001744042129237334   10   10   10    1
 -0.0146831438621591   10   10   10    2
 -0.001831247411550645   10   10   10    3
 -0.009226508306817092   10   10   10    4
 -0.004195997808469033   10   10   10    5
 -0.00132475612867178   10   10   10    6
 0.004347371658371876   10   10   10    7
 0.003907825320790499   10   10   10    8
 -0.03334028193057922   10   10   10    9
 0.3235506728792922   10   10   10   10
 0.007238280905054023   11    1    1    1
 -0.00140541742376227   11    1    2    1
 -0.001382358017680184   11    1    2    2
 -0.00099963034302755   11    1    3    1
 -0.002481078574411644   11    1    3    2
 0.0004660806874990956   11    1    3    3
 0.00234484298572637   11    1    4    1
 0.003191455035398478   11    1    4    2
 -0.0008693285714972405   11    1    4    3
 -0.001624303772596731   11    1    4    4
 0.0008633092401890888   11    1    5    1
 0.001147112433842927   11    1    5    2
 -0.0001853618386783545   11    1    5    3
 -0.0002446155811823551   11    1    5    4
 -0.001285616194459413   11    1    5    5
 -0.003430476934077116   11    1    6    1
 -0.004666832725337634   11    1    6    2
 0.001927298352292433   11    1    6    3
 0.0002117195434715639   11    1    6    4
 -4.941700097392499e-05   11    1    6    5
 -0.0005853810757480837   11    1    6    6
 -0.00152635426720446   11    1    7    1
 -0.002182937583203476   11    1    7    2
 0.001303462337530462   11    1    7    3
 0.0003585586683369673   11    1    7    4
 -0.0002094461870560376   11    1    7    5
 0.001304097105153698   11    1    7    6
 0.001539150202467076   11    1    7    7
 0.001972935836808006   11    1    8    1
 0.002132830436352322   11    1    8    2
 -0.0009314603159200444   11    1    8    3
 -0.0004038645105463945   11    1    8    4
 0.0003145730911472642   11    1    8    5
 4.408094434739546e-05   11    1    8    6
 -0.0007718431915384118   11    1    8    7
 -3.281747302031695e-05   11    1    8    8
 -0.001863020590450496   11    1    9    1
 -0.001319358513152821   11    1    9    2
 0.0003266014352483717   11    1    9    3
 0.0003691432169739917   11    1    9    4
 0.0005231540750106078   11    1    9    5
 -0.0007207538487862968   11    1    9    6
 -3.158273622144125e-05   11    1    9    7
 0.0008646436636452115   11    1    9    8
 -0.001368335589921621   11    1    9    9
 -0.0008164628250676986   11    1   10    1
 -0.0009144597282071057   11    1   10    2
 0.0007569983813845096   11    1   10    3
 0.0002210551029960772   11    1   10    4
 -9.36830507208158e-05   11    1   10    5
 0.0007769673368795984   11    1   10    6
 0.001133967284893604   11    1   10    7
 -0.0005453773127959536   11    1   10    8
 -2.535915336649024e-06   11    1   10    9
 0.0003519323873311925   11    1   10   10
 0.002126937680328991   11    1   11    1
 -0.02042736542522439   11    2    1    1
 3.470705674371661e-06   11    2    2    1
 -0.0123945197037871   11    2    2    2
 -0.001421282693235286   11    2    3    1
 -0.001120871075353611   11    2    3    2
 -0.002851573118328852   11    2    3    3
 0.001823042370663198   11    2    4    1
 0.01035840081126499   11    2    4    2
 0.00408433680259589   11    2    4    3
 -0.01342762287451976   11    2    4    4
 0.0006966498997665093   11    2    5    1
 -0.001083938259301602   11    2    5    2
 -0.006359980817473849   11    2    5    3
 -0.0001627526899940945   11    2    5    4
 -0.003376367329167291   11    2    5    5
 -0.00304250481968911   11    2    6    1
 -0.006499491289764668   11    2    6    2
 0.008074388469835551   11    2    6    3
 0.006387036641830733   11    2    6    4
 -0.0001647153753915984   11    2    6    5
 -0.004731799020070962   11    2    6    6
 -0.001748558130454576   11    2    7    1
 -0.005085758830385833   11    2    7    2
 0.002575518250535053   11    2    7    3
 -0.004345756639785627   11    2    7    4
 -0.002022477294507644   11    2    7    5
 0.003744597037670422   11    2    7    6
 -0.005747266865493136   11    2    7    7
 0.001553874895304922   11    2    8    1
 0.005062310715243592   11    2    8    2
 -0.0004881068622671078   11    2    8    3
 -0.0003759455553802572   11    2    8    4
 -0.004420000262538763   11    2    8    5
 -0.001188474308660228   11    2    8    6
 -0.001771547589814017   11    2    8    7
 -0.008772102418564907   11    2    8    8
 -0.001075247035535729   11    2    9    1
 -0.002993679959231344   11    2    9    2
 0.001331727344460706   11    2    9    3
 -0.001112485721790136   11    2    9    4
 0.003317551646806666   11    2    9    5
 -0.004937716635516897   11    2    9    6
 0.002127794587758193   11    2    9    7
 0.0005005010564132197   11    2    9    8
 -0.009917661384574837   11    2    9    9
 -0.00108388744603363   11    2   10    1
 -0.002465523071483965   11    2   10    2
 0.003791309600019771   11    2   10    3
 0.00183208328751609   11    2   10    4
 0.0005900927154248082   11    2   10    5
 0.001752726225500604   11    2   10    6
 0.000725764385721193   11    2   10    7
 -0.002424118647105537   11    2   10    8
 0.007207509633824546   11    2   10    9
 -0.00539062848734073   11    2   10   10
 0.001740115251015617   11    2   11    1
 0.0108624545971812   11    2   11    2
 -0.03688225711816964   11    3    1    1
 0.0007657557405225129   11    3    2    1
 -0.01746137700335867   11    3    2    2
 0.0002164076228257356   11    3    3    1
 -0.003871100288439261   11    3    3    2
 -0.04180806428500134   11    3    3    3
 -0.0005634363867950273   11    3    4    1
 0.005084075889565888   11    3    4    2
 -0.005638108848055491   11    3    4    3
 -0.02798672807963186   11    3    4    4
 -0.0004463945482276953   11    3    5    1
 -0.00704757633026059   11    3    5    2
 -0.008043727445218019   11    3    5    3
 0.0008390139787654678   11    3    5    4
 -0.01882834865048847   11    3    5    5
 0.001199201521620376   11    3    6    1
 0.006831218788537377   11    3    6    2
 0.01433872058729214   11    3    6    3
 -0.001596956361593299   11    3    6    4
 -0.0006031267538304764   11    3    6    5
 -0.03177275407504346   11    3    6    6
 0.001031014355122221   11    3    7    1
 0.0084247295297775   11    3    7    2
 0.0009093470756266014   11    3    7    3
 0.01149825880552336   11    3    7    4
 -0.0004439050779806697   11    3    7    5
 -0.005067217430835808   11    3    7    6
 -0.02864311862256604   11    3    7    7
 -0.001109315811438979   11    3    8    1
 -0.004031178327437661   11    3    8    2
 0.003209163538608099   11    3    8    3
 0.001367177461750979   11    3    8    4
 -0.002492944427091369   11    3    8    5
 0.0006482683513698419   11    3    8    6
 0.001532256810188221   11    3    8    7
 -0.01845212735207469   11    3    8    8
 0.0008675609836365589   11    3    9    1
 0.0006978320306935241   11    3    9    2
 -0.002138469474377495   11    3    9    3
 -0.01438399837688216   11    3    9    4
 0.006770099578551461   11    3    9    5
 0.004976940627969327   11    3    9    6
 0.005187932126775233   11    3    9    7
 -0.005371531507044705   11    3    9    8
 -0.01771408006805122   11    3    9    9
 -6.477275834000555e-05   11    3   10    1
 0.005805241769233012   11    3   10    2
 0.009776234054415864   11    3   10    3
 0.01426750187455765   11    3   10    4
 0.006538242374022136   11    3   10    5
 -0.01139851353701206   11    3   10    6
 -0.00471680691868811   11    3   10    7
 -0.001776555540941841   11    3   10    8
 0.01513516066750655   11    3   10    9
 -0.01061653841861174   11    3   10   10
 -0.0006917140455382503   11    3   11    1
 0.01021067845726552   11    3   11    2
 0.04541507406407624   11    3   11    3
 0.06902071253796446   11    4    1    1
 -0.0009339242755194121   11    4    2    1
 0.03788952631378002   11    4    2    2
 0.0009211576085478005   11    4    3    1
 -0.0005485492207404139   11    4    3    2
 0.01021800992843208   11    4    3    3
 -0.001053434698177013   11    4    4    1
 -0.01965712244077996   11    4    4    2
 -0.009809173853987123   11    4    4    3
 0.02321799950071739   11    4    4    4
 -0.0001277440235197829   11    4    5    1
 -0.0006006030006786155   11    4    5    2
 -0.0004447344900099037   11    4    5    3
 -0.001525393091229045   11    4    5    4
 0.01537287357715446   11    4    5    5
 0.001229977242221402   11    4    6    1
 0.01136837993483122   11    4    6    2
 0.003828753297847457   11    4    6    3
 -0.004186534422957481   11    4    6    4
 -0.0001510521389387172   11    4    6    5
 0.0236379064305308   11    4    6    6
 0.0001947333788686869   11    4    7    1
 -0.003577760810860898   11    4    7    2
 0.01441448587504105   11    4    7    3
 0.007261329081935478   11    4    7    4
 0.001833472498567205   11    4    7    5
 0.006849993346199288   11    4    7    6
 0.02829967060059913   11    4    7    7
 -0.000193280433228115   11    4    8    1
 -0.0006423104630498956   11    4    8    2
 0.0004952946080480474   11    4    8    3
 0.0003777866868766383   11    4    8    4
 0.01387997466650217   11    4    8    5
 0.0005372102834046271   11    4    8    6
 -0.0002338594240472228   11    4    8    7
 0.03464164895525794   11    4    8    8
 -0.000299003902268587   11    4    9    1
 0.004596458013382174   11    4    9    2
 -0.01175689504775091   11    4    9    3
 0.008684764501851077   11    4    9    4
 -0.004255915735485312   11    4    9    5
 0.005185866728420372   11    4    9    6
 0.003380644624195091   11    4    9    7
 0.003411730466955341   11    4    9    8
 0.01442845875157361   11    4    9    9
 0.001180041342965493   11    4   10    1
 -0.003261620326859914   11    4   10    2
 0.00827023699344725   11    4   10    3
 -0.01283949334336106   11    4   10    4
 -0.001834067185003274   11    4   10    5
 0.003701605721127448   11    4   10    6
 -0.006563798234404402   11    4   10    7
 0.001154928809565765   11    4   10    8
 -0.003397160294515251   11    4   10    9
 0.002664084021857483   11    4   10   10
 -0.0006475593894502362   11    4   11    1
 -0.00328626531140397   11    4   11    2
 -0.004473826969692768   11    4   11    3
 0.01640920322697506   11    4   11    4
 0.0007082903862539911   11    5    1    1
 -0.0004245270071494191   11    5    2    1
 -0.01816587245869053   11    5    2    2
 3.079324042254595e-05   11    5    3    1
 -0.01276614571419755   11    5    3    2
 -0.03080830124911941   11    5    3    3
 0.0001567348144751598   11    5    4    1
 0.00207801309160735   11    5    4    2
 -0.004107783714178891   11    5    4    3
 -0.02573312500176824   11    5    4    4
 0.0001662126942879718   11    5    5    1
 0.01341897328384061   11    5    5    2
 0.02956720034230707   11    5    5    3
 -0.006142097781280489   11    5    5    4
 -0.01670993814716826   11    5    5    5
 -0.0003510479535960115   11    5    6    1
 -0.007634266414533229   11    5    6    2
 0.001663451305999134   11    5    6    3
 -0.006162318938067647   11    5    6    4
 -0.02199996910457499   11    5    6    5
 -0.02758371420862306   11    5    6    6
 -0.0003063145674919303   11    5    7    1
 -0.006744980419149415   11    5    7    2
 0.001640166572831122   11    5    7    3
 0.01217172925180994   11    5    7    4
 0.007082635864465263   11    5    7    5
 0.00330431915909745   11    5    7    6
 -0.01532050058636121   11    5    7    7
 0.0004722988310853133   11    5    8    1
 -0.0001723512268579936   11    5    8    2
 -0.01863958046387361   11    5    8    3
 0.004008035531976022   11    5    8    4
 0.001003459867637111   11    5    8    5
 0.01315457633628689   11    5    8    6
 -0.005731428405386528   11    5    8    7
 -0.00477097420604482   11    5    8    8
 -0.0003854573090560629   11    5    9    1
 0.004320676858655992   11    5    9    2
 0.005867905444859873   11    5    9    3
 -0.006490213486632953   11    5    9    4
 0.008371511758555689   11    5    9    5
 -0.002052935029388729   11    5    9    6
 0.004960196294825385   11    5    9    7
 -0.003897999606634353   11    5    9    8
 0.001241143617521161   11    5    9    9
 0.000145602611445707   11    5   10    1
 -0.0002601519105361541   11    5   10    2
 0.007815837728789328   11    5   10    3
 0.004845006439742548   11    5   10    4
 0.007395755631986694   11    5   10    5
 -0.006707798642385841   11    5   10    6
 -0.003602708215868806   11    5   10    7
 -0.005130096599558256   11    5   10    8
 0.02813103320166985   11    5   10    9
 0.009225605499408016   11    5   10   10
 0.000266101911049007   11    5   11    1
 0.001566950152145774   11    5   11    2
 0.01292357123084582   11    5   11    3
 -0.003552066004075403   11    5   11    4
 0.04642936683187185   11    5   11    5
 -0.06458560895222476   11    6    1    1
 0.001676557548091552   11    6    2    1
 -0.001437777384917032   11    6    2    2
 -0.0003855716460481583   11    6    3    1
 0.02710276282371774   11    6    3    2
 0.04464872367223157   11    6    3    3
 -0.0001414702550314278   11    6    4    1
 0.007163039195818065   11    6    4    2
 0.01290465025406268   11    6    4    3
 0.0252060935793255   11    6    4    4
 -0.0001516024667022429   11    6    5    1
 -0.002277184694388811   11    6    5    2
 -0.003602737107160801   11    6    5    3
 -0.002098315870432086   11    6    5    4
 0.02211203261871129   11    6    5    5
 0.0006502362056859116   11    6    6    1
 0.01084588740061478   11    6    6    2
 -0.01461475336598347   11    6    6    3
 0.01648333144538015   11    6    6    4
 0.0004668543826862756   11    6    6    5
 0.03406241535539781   11    6    6    6
 0.0007905431574954102   11    6    7    1
 0.01679316611465758   11    6    7    2
 -0.01662619614980297   11    6    7    3
 -0.02655564684695245   11    6    7    4
 -0.0003252314468871426   11    6    7    5
 -0.01066988974170662   11    6    7    6
 -0.005755898876288474   11    6    7    7
 -0.0004314343049107625   11    6    8    1
 -0.0007638109081527648   11    6    8    2
 0.00420695678566364   11    6    8    3
 0.0001724325614871446   11    6    8    4
 -0.01729685372067323   11    6    8    5
 -0.002657266338089668   11    6    8    6
 0.001516652365148096   11    6    8    7
 -0.02125918938314082   11    6    8    8
 0.001412594544426635   11    6    9    1
 -0.01122715196554009   11    6    9    2
 0.002329734609892105   11    6    9    3
 0.009231996995864333   11    6    9    4
 -0.01026705406801033   11    6    9    5
 -0.01135949662259919   11    6    9    6
 -0.01599792583911353   11    6    9    7
 0.0008946970324106277   11    6    9    8
 0.01540979616362501   11    6    9    9
 -0.0008017491396004314   11    6   10    1
 0.005037889722327549   11    6   10    2
 -0.01673950186996832   11    6   10    3
 -0.001536993590815591   11    6   10    4
 -0.006677463159131442   11    6   10    5
 0.002770798046221191   11    6   10    6
 0.01106923428321425   11    6   10    7
 0.002772187173731924   11    6   10    8
 -0.01859919776545904   11    6   10    9
 0.00893291380402373   11    6   10   10
 -0.0004784559188317651   11    6   11    1
 -0.005120539003519567   11    6   11    2
 -0.03002156525221514   11    6   11    3
 0.003704310001292966   11    6   11    4
 -0.02065070464705869   11    6   11    5
 0.05056858907394757   11    6   11    6
 -0.06032540740122914   11    7    1    1
 0.0009085671764153343   11    7    2    1
 -0.02921386406720557   11    7    2    2
 0.0004742025877045732   11    7    3    1
 0.02063470596530601   11    7    3    2
 0.004741598730960835   11    7    3    3
 -0.001423070167792192   11    7    4    1
 -0.004711974279874518   11    7    4    2
 0.01558080222728035   11    7    4    3
 -0.00790300401206244   11    7    4    4
 -0.0004432165490172684   11    7    5    1
 -0.00344206173428406   11    7    5    2
 -0.001142545625657872   11    7    5    3
 0.001577263162556771   11    7    5    4
 0.008390636777261849   11    7    5    5
 0.001741573998871663   11    7    6    1
 0.009797028094340379   11    7    6    2
 -0.01757631580366955   11    7    6    3
 0.01152402933686129   11    7    6    4
 0.001390753705074847   11    7    6    5
 -0.006803382838245815   11    7    6    6
 0.0004335295538309972   11    7    7    1
 0.0027711388887757   11    7    7    2
 -0.01178314745305108   11    7    7    3
 -0.01837268452780548   11    7    7    4
 -0.001370684853112241   11    7    7    5
 -0.01115773465131809   11    7    7    6
 -0.02952180881711261   11    7    7    7
 -0.0009930503347941357   11    7    8    1
 -0.003178578643875021   11    7    8    2
 0.003076081374580956   11    7    8    3
 0.000733017908380931   11    7    8    4
 -0.0208823649205226   11    7    8    5
 -0.001282735491475816   11    7    8    6
 0.004092408198409002   11    7    8    7
 -0.02798335951230416   11    7    8    8
 0.0008710434398500392   11    7    9    1
 -0.002400635146227092   11    7    9    2
 0.003962595544169127   11    7    9    3
 0.003606407911120808   11    7    9    4
 0.001142523575647905   11    7    9    5
 -0.01180101011875026   11    7    9    6
 -0.005480031071266531   11    7    9    7
 -0.003274089145250857   11    7    9    8
 -0.006442651111414068   11    7    9    9
 0.0005272986657763834   11    7   10    1
 0.003784277865545085   11    7   10    2
 -0.006061315562473609   11    7   10    3
 -0.00320598099915574   11    7   10    4
 -0.0004954306878984332   11    7   10    5
 0.003751581564669812   11    7   10    6
 -0.001216077027099208   11    7   10    7
 -0.001695328419931416   11    7   10    8
 0.01189025083243354   11    7   10    9
 -0.006101389830728377   11    7   10   10
 -0.0011175927615086   11    7   11    1
 0.0004054939330995661   11    7   11    2
 0.001434327852823908   11    7   11    3
 -0.005831215862681863   11    7   11    4
 -0.002018071246785617   11    7   11    5
 0.003173372651128988   11    7   11    6
 0.0131018569217346   11    7   11    7
 0.06013467130633313   11    8    1    1
 -0.0008271538455578523   11    8    2    1
 0.03225313623708   11    8    2    2
 0.0003407568728362155   11    8    3    1
 -0.007228137856936542   11    8    3    2
 0.01259712713938012   11    8    3    3
 0.0001439898868117958   11    8    4    1
 -0.002424685482466192   11    8    4    2
 -0.002035523729650263   11    8    4    3
 0.01983187453871635   11    8    4    4
 -0.0002781157956396456   11    8    5    1
 -0.009994935005689766   11    8    5    2
 -0.02114711040230442   11    8    5    3
 0.006969674493382281   11    8    5    4
 0.003751128560977226   11    8    5    5
 1.899760533065891e-05   11    8    6    1
 0.001567354036481211   11    8    6    2
 0.008623317474365457   11    8    6    3
 -0.004934512619434514   11    8    6    4
 0.01282127985544633   11    8    6    5
 0.01691044943577531   11    8    6    6
 0.0003057904094273937   11    8    7    1
 -0.00232000346038948   11    8    7    2
 0.004800149110257446   11    8    7    3
 0.006972224457937486   11    8    7    4
 -0.005078949205128162   11    8    7    5
 0.004990780550241428   11    8    7    6
 0.02942865988828187   11    8    7    7
 -0.000680417558237907   11    8    8    1
 -0.001602343858951478   11    8    8    2
 0.009599505889940718   11    8    8    3
 0.001072441168071332   11    8    8    4
 0.01889411430460359   11    8    8    5
 -0.01305301620528545   11    8    8    6
 0.0001757024904289868   11    8    8    7
 0.0334913521188554   11    8    8    8
 -0.0003778251437042737   11    8    9    1
 0.005617148477213774   11    8    9    2
 -0.004829563268841846   11    8    9    3
 0.0008921200696615202   11    8    9    4
 -0.003704228920694717   11    8    9    5
 0.006807007571990958   11    8    9    6
 0.004273896758852079   11    8    9    7
 0.002259282710399599   11    8    9    8
 -0.0006961239378603258   11    8    9    9
 0.0002460513144068685   11    8   10    1
 -0.005132897195199413   11    8   10    2
 0.0001934711884678774   11    8   10    3
 -0.004280464767895559   11    8   10    4
 -0.003854100518521624   11    8   10    5
 0.004389616336230992   11    8   10    6
 -0.001946489160493953   11    8   10    7
 0.002786728105842319   11    8   10    8
 -0.02235210598969966   11    8   10    9
 -0.004097115268715156   11    8   10   10
 -5.847491203259663e-05   11    8   11    1
 -0.0008865316325332881   11    8   11    2
 -0.005414589847465628   11    8   11    3
 0.003389129900047555   11    8   11    4
 -0.02298966626165851   11    8   11    5
 0.003574288269009706   11    8   11    6
 -0.002291587129065178   11    8   11    7
 0.01865910559776437   11    8   11    8
 -0.0268747439609297   11    9    1    1
 0.0005660072997981135   11    9    2    1
 -0.004999389846924356   11    9    2    2
 -0.0007251927541948575   11    9    3    1
 0.001582435717581867   11    9    3    2
 0.003595653019547483   11    9    3    3
 0.00058298435667745   11    9    4    1
 0.003918957331214164   11    9    4    2
 -0.00961714463014372   11    9    4    3
 0.002729436394880466   11    9    4    4
 0.0003412098326959855   11    9    5    1
 0.007648709799701783   11    9    5    2
 0.01476509769527731   11    9    5    3
 -0.003528317552064138   11    9    5    4
 0.01383285388579762   11    9    5    5
 -0.001001972694169877   11    9    6    1
 -0.007066583944574967   11    9    6    2
 -0.003002660323796899   11    9    6    3
 0.001752751281907733   11    9    6    4
 -0.01004369037457398   11    9    6    5
 0.001403988812489396   11    9    6    6
 -0.0006587699238367488   11    9    7    1
 0.005089075620455625   11    9    7    2
 0.0007922126402617598   11    9    7    3
 -0.001012223605720666   11    9    7    4
 0.002728517728063813   11    9    7    5
 -0.00720745021983172   11    9    7    6
 -0.006273595266719619   11    9    7    7
 0.0008192409123417427   11    9    8    1
 0.001718199172411813   11    9    8    2
 -0.008628977334435049   11    9    8    3
 0.001013554276604819   11    9    8    4
 -0.01175098105114967   11    9    8    5
 0.005612140857545763   11    9    8    6
 -0.0007833659707993356   11    9    8    7
 -0.004596693695083386   11    9    8    8
 -1.112469329333e-05   11    9    9    1
 -0.008219928430525821   11    9    9    2
 -0.001134328618863155   11    9    9    3
 -0.0006798372540839882   11    9    9    4
 0.003194615231754603   11    9    9    5
 -0.001484544582828364   11    9    9    6
 -0.006482068626225333   11    9    9    7
 -0.003315998572464293   11    9    9    8
 0.007126075692033836   11    9    9    9
 -0.0005913915100232637   11    9   10    1
 0.00631590842803836   11    9   10    2
 0.003966320618256695   11    9   10    3
 0.006131148756888953   11    9   10    4
 0.004408165353802605   11    9   10    5
 -0.007781294033837525   11    9   10    6
 0.005035912206220863   11    9   10    7
 -0.004248221756710512   11    9   10    8
 0.002659629440621551   11    9   10    9
 0.00986744427408667   11    9   10   10
 0.0006267658445648731   11    9   11    1
 -0.0003179342966898258   11    9   11    2
 0.005744270008684093   11    9   11    3
 0.001945076889073326   11    9   11    4
 0.009728853832320996   11    9   11    5
 -0.00396803349829818   11    9   11    6
 -0.00405557974464977   11    9   11    7
 -0.008307123802869668   11    9   11    8
 0.02637329731582923   11    9   11    9
 -0.03811241202947643   11   10    1    1
 0.0006084756275540551   11   10    2    1
 -0.01495756408476247   11   10    2    2
 0.0003280917730548568   11   10    3    1
 0.02590868684581293   11   10    3    2
 0.03728854349340124   11   10    3    3
 -0.0006667012954378531   11   10    4    1
 -0.003589094869584706   11   10    4    2
 0.01954669720505372   11   10    4    3
 0.004426086272689889   11   10    4    4
 -0.0002795359009559354   11   10    5    1
 0.002689332886664175   11   10    5    2
 0.01508458957661961   11   10    5    3
 -0.001729440101839951   11   10    5    4
 0.0412902705170814   11   10    5    5
 0.001189150527345139   11   10    6    1
 0.008101373541289243   11   10    6    2
 -0.02844799789122336   11   10    6    3
 0.01712271672309103   11   10    6    4
 -0.009255461099081923   11   10    6    5
 0.02045942365725842   11   10    6    6
 0.0007567806746625965   11   10    7    1
 0.003022881606784546   11   10    7    2
 -0.01099446308795241   11   10    7    3
 -0.02748650856920235   11   10    7    4
 -0.0009593654322364201   11   10    7    5
 -0.004434591684107052   11   10    7    6
 -0.01127445349260221   11   10    7    7
 -0.0006643198359217475   11   10    8    1
 -0.004107202684806952   11   10    8    2
 -0.004986708798061371   11   10    8    3
 0.0001250901051530541   11   10    8    4
 -0.03043122955696928   11   10    8    5
 0.004344839747876366   11   10    8    6
 0.0006467507471171533   11   10    8    7
 -0.01025593522002612   11   10    8    8
 0.0008605348602919024   11   10    9    1
 0.0006405211610743914   11   10    9    2
 0.00922672061288345   11   10    9    3
 0.01153672249474936   11   10    9    4
 0.003853641649157441   11   10    9    5
 -0.01896822519976663   11   10    9    6
 -0.005353987540669038   11   10    9    7
 -0.006766521953305277   11   10    9    8
 0.01374815342977008   11   10    9    9
 0.0001043289928108919   11   10   10    1
 -0.001498412807774685   11   10   10    2
 -0.007303767520672856   11   10   10    3
 -0.01011712994506222   11   10   10    4
 0.002291659804292803   11   10   10    5
 0.004223800188458732   11   10   10    6
 0.001924772742311458   11   10   10    7
 -0.004473139721958245   11   10   10    8
 0.01231124682190443   11   10   10    9
 0.01063618626634564   11   10   10   10
 -0.0007485819942718506   11   10   11    1
 -0.0005030177384863715   11   10   11    2
 -0.01210516955385405   11   10   11    3
 -0.004850990166953154   11   10   11    4
 0.004081860575799136   11   10   11    5
 0.01314380415788757   11   10   11    6
 0.01121907064202891   11   10   11    7
 -0.008584186619901056   11   10   11    8
 0.01152920313825274   11   10   11    9
 0.03970616696625942   11   10   11   10
 0.3293583404363949   11   11    1    1
 -0.0006401215734828437   11   11    2    1
 0.331523800167863   11   11    2    2
 0.001095251698839044   11   11    3    1
 0.05410582467409488   11   11    3    2
 0.4138941032534662   11   11    3    3
 -0.00086804322086991   11   11    4    1
 -0.02918612543391287   11   11    4    2
 0.003479920843025563   11   11    4    3
 0.3495107106616144   11   11    4    4
 0.0001480954852076384   11   11    5    1
 0.01024524673703672   11   11    5    2
 0.02935168192351369   11   11    5    3
 -0.005757934642429727   11   11    5    4
 0.4324638828790561   11   11    5    5
 0.001920122047233831   11   11    6    1
 0.02086257421001613   11   11    6    2
 -0.06579762807497935   11   11    6    3
 0.02502941388359815   11   11    6    4
 -0.01662076918270694   11   11    6    5
 0.3989889575679186   11   11    6    6
 0.001447116921736843   11   11    7    1
 0.01602536141409385   11   11    7    2
 0.004111324363060338   11   11    7    3
 -0.0437354627271378   11   11    7    4
 -0.001748131633436143   11   11    7    5
 -0.004363087607514707   11   11    7    6
 0.318285836663896   11   11    7    7
 0.0003682893021461544   11   11    8    1
 -0.0005960494933131574   11   11    8    2
 -0.01164896693742734   11   11    8    3
 -0.001127250978900589   11   11    8    4
 -0.05825207118490745   11   11    8    5
 0.005022959193465838   11   11    8    6
 -0.0005236270456774482   11   11    8    7
 0.328507782994564   11   11    8    8
 0.0007609353389319491   11   11    9    1
 0.0003383739781914696   11   11    9    2
 -0.00282252799063083   11   11    9    3
 0.04701512349480502   11   11    9    4
 -0.01352291861285777   11   11    9    5
 -0.02027549281579485   11   11    9    6
 -0.02233527748142512   11   11    9    7
 0.0004641523014978162   11   11    9    8
 0.3441046628386228   11   11    9    9
 0.0008315157742863132   11   11   10    1
 -0.00844957108359984   11   11   10    2
 -0.01978269151044423   11   11   10    3
 -0.04235113256231854   11   11   10    4
 -0.008870818257517071   11   11   10    5
 0.01843060319827433   11   11   10    6
 0.01011871743851638   11   11   10    7
 -0.002140319561935754   11   11   10    8
 -0.005648705568841039   11   11   10    9
 0.3204895813813632   11   11   10   10
 -0.001032507020388074   11   11   11    1
 -0.006781161149079177   11   11   11    2
 -0.0399276686655876   11   11   11    3
 0.01176540280025546   11   11   11    4
 -0.003365833953357656   11   11   11    5
 0.04556389417294698   11   11   11    6
 0.01294692392141242   11   11   11    7
 -0.01142318359259658   11   11   11    8
 0.01433071611626529   11   11   11    9
 0.05801376514619381   11   11   11   10
 0.4763371696233694   11   11   11   11
 0.06577281534855181   12    1    1    1
 -0.009545313345654607   12    1    2    1
 -0.001161263877230006   12    1    2    2
 0.001888412174847362   12    1    3    1
 -0.003628618308997253   12    1    3    2
 0.0007516994090024245   12    1    3    3
 0.003685929827640607   12    1    4    1
 0.002786287283308909   12    1    4    2
 -0.000695209692960789   12    1    4    3
 -0.001571086039694872   12    1    4    4
 -0.0007024495740902633   12    1    5    1
 -0.001141661531399067   12    1    5    2
 0.0003187468049631447   12    1    5    3
 0.0002669799612396363   12    1    5    4
 -0.001565725788529428   12    1    5    5
 -0.004554543821443701   12    1    6    1
 -0.006640971037888557   12    1    6    2
 0.002659461077011051   12    1    6    3
 0.000292210973598655   12    1    6    4
 9.20659041703634e-05   12    1    6    5
 -0.0006307090918873443   12    1    6    6
 -0.0008608585702082437   12    1    7    1
 -0.005306831475042425   12    1    7    2
 0.002872167621714857   12    1    7    3
 0.00152433349476413   12    1    7    4
 0.0005069060994107225   12    1    7    5
 0.002252352380749134   12    1    7    6
 0.004444553213083074   12    1    7    7
 -0.002005106104480391   12    1    8    1
 -0.002561622207184028   12    1    8    2
 0.001154119613705346   12    1    8    3
 0.0004363802665140508   12    1    8    4
 0.001133129680620708   12    1    8    5
 0.000375871385529302   12    1    8    6
 0.001103330648614212   12    1    8    7
 0.00154416484233257   12    1    8    8
 -0.006971336074986413   12    1    9    1
 -0.002302929865115295   12    1    9    2
 0.0008199465234578133   12    1    9    3
 0.0005004339026585431   12    1    9    4
 6.324070811385462e-05   12    1    9    5
 -0.0008540994674030027   12    1    9    6
 0.0001657123669325015   12    1    9    7
 -0.0006451700288692764   12    1    9    8
 -0.002511969450567175   12    1    9    9
 0.0022669983872741   12    1   10    1
 -0.0009635106790045201   12    1   10    2
 0.00107370999831651   12    1   10    3
 -3.54398662632878e-05   12    1   10    4
 0.0005304937633151899   12    1   10    5
 0.001428646029479721   12    1   10    6
 0.001466906141594502   12    1   10    7
 0.0008535754523994122   12    1   10    8
 0.000315436576812473   12    1   10    9
 0.0002243361690894378   12    1   10   10
 0.002586597174396592   12    1   11    1
 0.001965898843971391   12    1   11    2
 -0.00086610864457094   12    1   11    3
 -0.0005966439788289868   12    1   11    4
 0.0003086911521432933   12    1   11    5
 -0.000861196143756645   12    1   11    6
 -0.001325438013459326   12    1   11    7
 0.0001802841848544479   12    1   11    8
 0.0005053120669466174   12    1   11    9
 -0.0009556407129042199   12    1   11   10
 -0.001368781927463748   12    1   11   11
 0.005526682804152613   12    1   12    1
 -0.0837937437166789   12    2    1    1
 0.001484830445074074   12    2    2    1
 -0.03112643126272532   12    2    2    2
 -0.002528251899164963   12    2    3    1
 0.01182780700384397   12    2    3    2
 0.007869470724109243   12    2    3    3
 0.001190387355506618   12    2    4    1
 0.01118053900471266   12    2    4    2
 0.006714066865303806   12    2    4    3
 -0.01188613654879241   12    2    4    4
 -0.0007500549882438173   12    2    5    1
 0.003883082825325055   12    2    5    2
 0.009467033206384626   12    2    5    3
 -0.0001470641361762   12    2    5    4
 0.006244933791285054   12    2    5    5
 -0.00439898085439468   12    2    6    1
 -0.008782910745258221   12    2    6    2
 0.003171702267869453   12    2    6    3
 0.01361800162238472   12    2    6    4
 0.004017197476761327   12    2    6    5
 0.0006018368917102272   12    2    6    6
 -0.004695821199297824   12    2    7    1
 -0.005963606316846714   12    2    7    2
 0.0007638808279434307   12    2    7    3
 -0.01567606064016895   12    2    7    4
 0.001446085330534327   12    2    7    5
 -0.0006386287959600117   12    2    7    6
 -0.01612684360834778   12    2    7    7
 -0.001854694367991052   12    2    8    1
 -0.005049719757637442   12    2    8    2
 0.0007488543216052817   12    2    8    3
 -0.0003175435227811813   12    2    8    4
 -0.01998886292616174   12    2    8    5
 0.0005075170273336018   12    2    8    6
 0.00462486524610893   12    2    8    7
 -0.0316162962023767   12    2    8    8
 -0.001926659923635398   12    2    9    1
 -0.02123673973844989   12    2    9    2
 0.001003964383291735   12    2    9    3
 0.004730146359265966   12    2    9    4
 -0.006467120585016706   12    2    9    5
 -0.01222115700286563   12    2    9    6
 -0.01014944575888762   12    2    9    7
 -0.001860155271766941   12    2    9    8
 -0.008639096480309288   12    2    9    9
 -0.001178933746098871   12    2   10    1
 0.00375166364511587   12    2   10    2
 -0.006971075413420696   12    2   10    3
 0.000971880597249394   12    2   10    4
 -0.00232501302215626   12    2   10    5
 0.0006626242213791539   12    2   10    6
 0.009936482700332811   12    2   10    7
 0.001631457558353082   12    2   10    8
 0.009035140351034261   12    2   10    9
 -0.006072870733847265   12    2   10   10
 0.001984925542881254   12    2   11    1
 0.007514478754475269   12    2   11    2
 -0.002002691737307987   12    2   11    3
 -0.003489172037401202   12    2   11    4
 -0.006133446628804562   12    2   11    5
 0.00777566836390843   12    2   11    6
 0.001368290929776457   12    2   11    7
 -0.0008361243878039009   12    2   11    8
 0.00255743511818748   12    2   11    9
 0.00376321569717006   12    2   11   10
 0.00736784755240576   12    2   11   11
 0.002969870519991613   12    2   12    1
 0.02385650978465328   12    2   12    2
 -0.001490963637068056   12    3    1    1
 0.0003737003542031757   12    3    2    1
 0.01688640180290892   12    3    2    2
 0.0006540456994775868   12    3    3    1
 0.009771532653214695   12    3    3    2
 0.008642273927308201   12    3    3    3
 -0.0004310849513151683   12    3    4    1
 -0.002325854284475277   12    3    4    2
 -0.001026259219878867   12    3    4    3
 0.008472312886881689   12    3    4    4
 0.0005151257309583509   12    3    5    1
 0.008128289389834056   12    3    5    2
 0.006202818542322315   12    3    5    3
 0.005818901168593677   12    3    5    4
 0.02070425140501073   12    3    5    5
 0.001943449153237165   12    3    6    1
 0.01773061502322723   12    3    6    2
 0.002942212449548294   12    3    6    3
 0.001179265099066935   12    3    6    4
 0.01078240138829459   12    3    6    5
 0.01512226219489857   12    3    6    6
 0.002272833283882278   12    3    7    1
 0.01399859800474579   12    3    7    2
 -0.001447978802914935   12    3    7    3
 -0.0005946714742426032   12    3    7    4
 -0.004433207039272703   12    3    7    5
 -0.001347788505868632   12    3    7    6
 -0.001638730162982412   12    3    7    7
 0.001327212644100278   12    3    8    1
 0.005087083067199301   12    3    8    2
 -0.003284540684677318   12    3    8    3
 -0.003921537145164288   12    3    8    4
 -0.004616923959538111   12    3    8    5
 -0.005410137438829941   12    3    8    6
 0.00117341529114524   12    3    8    7
 0.00550294235108968   12    3    8    8
 0.001568944266994371   12    3    9    1
 -0.0007649542052473001   12    3    9    2
 -0.007992954614202522   12    3    9    3
 0.004849601753279024   12    3    9    4
 -0.006638265905677629   12    3    9    5
 -0.0003586119467217485   12    3    9    6
 -0.005694218120072105   12    3    9    7
 0.003259367549222158   12    3    9    8
 0.008905320333416331   12    3    9    9
 -3.858069038412162e-05   12    3   10    1
 -0.002791716488972419   12    3   10    2
 -0.009260753511850526   12    3   10    3
 -0.007091131434278695   12    3   10    4
 -0.006774502456914184   12    3   10    5
 -0.005962558542836617   12    3   10    6
 0.003414067914995769   12    3   10    7
 0.0007338608600770501   12    3   10    8
 -0.005422471109710632   12    3   10    9
 0.001414068504766396   12    3   10   10
 -0.0008624061411509847   12    3   11    1
 -0.000571681429097174   12    3   11    2
 0.003722162364797875   12    3   11    3
 0.0006586824969799525   12    3   11    4
 -0.01742002142569429   12    3   11    5
 0.003315800281142337   12    3   11    6
 0.00315694700448858   12    3   11    7
 0.008653873824998748   12    3   11    8
 -0.001162217641346867   12    3   11    9
 0.0003731999376648506   12    3   11   10
 0.005928110272212416   12    3   11   11
 -0.001662019225229268   12    3   12    1
 0.01163867010797668   12    3   12    2
 0.03394561261815197   12    3   12    3
 0.07983998282566113   12    4    1    1
 -0.001217807799817689   12    4    2    1
 0.04285442154057775   12    4    2    2
 0.001254079842076226   12    4    3    1
 -0.004285188617005442   12    4    3    2
 0.01333658837826602   12    4    3    3
 -0.00148220837780743   12    4    4    1
 -0.0160814928846448   12    4    4    2
 -0.009764184349561883   12    4    4    3
 0.02045405933371259   12    4    4    4
 0.0001608789486103268   12    4    5    1
 0.004785162618524467   12    4    5    2
 0.013116806609444   12    4    5    3
 0.003903736109775499   12    4    5    4
 0.02366561280978226   12    4    5    5
 0.001684107571973947   12    4    6    1
 0.01032618244277745   12    4    6    2
 0.003676911132367703   12    4    6    3
 -0.01250679569574358   12    4    6    4
 -0.003791647558781347   12    4    6    5
 0.02669177207942578   12    4    6    6
 0.0001891458938611217   12    4    7    1
 -0.004004001144903051   12    4    7    2
 0.01279918686587989   12    4    7    3
 0.01612876177116595   12    4    7    4
 -0.002227597007916892   12    4    7    5
 0.01064090344794467   12    4    7    6
 0.02832757774930397   12    4    7    7
 0.0005799235252373535   12    4    8    1
 -7.430209160579746e-05   12    4    8    2
 -0.007273220956278584   12    4    8    3
 -0.002658811064084547   12    4    8    4
 0.01234005952047922   12    4    8    5
 0.003802818010094374   12    4    8    6
 -0.001579768943268698   12    4    8    7
 0.04222604637677217   12    4    8    8
 -0.000315535557891536   12    4    9    1
 0.008079948557861176   12    4    9    2
 -0.001573689784447558   12    4    9    3
 0.007181411723550272   12    4    9    4
 -0.001228047209081018   12    4    9    5
 0.006563181070018964   12    4    9    6
 -0.0004179193559760478   12    4    9    7
 0.00284278454651212   12    4    9    8
 0.01872210192847688   12    4    9    9
 0.001620300340204101   12    4   10    1
 -0.005300717559196219   12    4   10    2
 -0.002908721984905619   12    4   10    3
 -0.01813681126066117   12    4   10    4
 -0.003707463205932887   12    4   10    5
 -0.002032203842516771   12    4   10    6
 0.001805470912050217   12    4   10    7
 0.001841964529152527   12    4   10    8
 0.00102344308854643   12    4   10    9
 0.01432495741001713   12    4   10   10
 -0.0008375627201375513   12    4   11    1
 -0.003075063463937347   12    4   11    2
 -0.004324034650721895   12    4   11    3
 0.008669676809928648   12    4   11    4
 0.004135646489466949   12    4   11    5
 0.001258397471418653   12    4   11    6
 -0.002223967199595866   12    4   11    7
 -0.0009777975325173771   12    4   11    8
 -0.0009136005427769089   12    4   11    9
 0.002031189346920714   12    4   11   10
 0.02304577314165968   12    4   11   11
 -0.0009248922476273503   12    4   12    1
 -0.001234186130824624   12    4   12    2
 0.01004945836354052   12    4   12    3
 0.02411210532258115   12    4   12    4
 0.006887097818886217   12    5    1    1
 0.0004973812502257295   12    5    2    1
 0.03045528330879758   12    5    2    2
 0.0001365917440534762   12    5    3    1
 0.01653613591585369   12    5    3    2
 0.04047421583488926   12    5    3    3
 -0.0002278353301611927   12    5    4    1
 0.002236618645210233   12    5    4    2
 0.01854956844321621   12    5    4    3
 0.04126457963938857   12    5    4    4
 -0.0005038411889967082   12    5    5    1
 0.005727171075688342   12    5    5    2
 0.01105238432177183   12    5    5    3
 -0.001012102930391555   12    5    5    4
 0.03043965325221765   12    5    5    5
 0.0007599573113936886   12    5    6    1
 0.02059771926239294   12    5    6    2
 0.01601969847057973   12    5    6    3
 0.004735149956984214   12    5    6    4
 0.0005355899905897994   12    5    6    5
 0.03137751970399539   12    5    6    6
 0.0009097378574597132   12    5    7    1
 0.008645912824827101   12    5    7    2
 -0.01413541470578581   12    5    7    3
 -0.01898606286717652   12    5    7    4
 0.002233324345542046   12    5    7    5
 0.001756015735183519   12    5    7    6
 0.02364777663598547   12    5    7    7
 -0.001165543223885969   12    5    8    1
 -0.004180693857688319   12    5    8    2
 -0.003638621598282018   12    5    8    3
 0.001892008354047824   12    5    8    4
 -0.001082861126171158   12    5    8    5
 -0.0008676159839533747   12    5    8    6
 -0.001630259768461771   12    5    8    7
 0.008529326752702921   12    5    8    8
 0.0007043387625869829   12    5    9    1
 -0.006045293168169403   12    5    9    2
 -0.006752085678569467   12    5    9    3
 0.006250418574920137   12    5    9    4
 -0.01640586822926532   12    5    9    5
 -0.009300735721765761   12    5    9    6
 -0.005992412253467684   12    5    9    7
 0.002575547609153553   12    5    9    8
 0.02429731251717583   12    5    9    9
 -0.0001736993823295016   12    5   10    1
 -0.002210987479476411   12    5   10    2
 -0.009440673383885708   12    5   10    3
 -0.007281737454378735   12    5   10    4
 -0.01154204969775384   12    5   10    5
 0.001207097254480964   12    5   10    6
 0.004551584322586408   12    5   10    7
 0.005634868882669008   12    5   10    8
 -0.01998162253145358   12    5   10    9
 0.01423528037119237   12    5   10   10
 -0.000535191631970864   12    5   11    1
 -0.005147942015214438   12    5   11    2
 -0.02264755262954135   12    5   11    3
 0.005305329023242648   12    5   11    4
 -0.01586127082612421   12    5   11    5
 0.02869690046592475   12    5   11    6
 -0.0002892561502992551   12    5   11    7
 0.006058804119942292   12    5   11    8
 -0.001563199034069136   12    5   11    9
 0.008461369873049858   12    5   11   10
 0.02047476198582152   12    5   11   11
 -0.0006337326120829182   12    5   12    1
 0.01200288441199474   12    5   12    2
 0.0146041822935449   12    5   12    3
 0.006929562852328462   12    5   12    4
 0.04999226396229108   12    5   12    5
 -0.1032820090396589   12    6    1    1
 0.002120161831863029   12    6    2    1
 -0.02005950330060219   12    6    2    2
 -0.0008409832606067742   12    6    3    1
 0.03246774173149091   12    6    3    2
 0.0279820917442884   12    6    3    3
 -1.566427471581806e-05   12    6    4    1
 0.006122900557170853   12    6    4    2
 0.01160220512866793   12    6    4    3
 0.004085367729080273   12    6    4    4
 0.0003696744896742385   12    6    5    1
 0.01568300094883773   12    6    5    2
 0.02574346460875776   12    6    5    3
 -0.006214360621141768   12    6    5    4
 0.03442215529620846   12    6    5    5
 0.0001345689384362342   12    6    6    1
 0.01575254468481305   12    6    6    2
 -0.0115975001909214   12    6    6    3
 0.01909595150245472   12    6    6    4
 -0.01112311868999863   12    6    6    5
 0.01774793758102633   12    6    6    6
 0.0001760392173421293   12    6    7    1
 0.0178047317219031   12    6    7    2
 -0.01371884367533438   12    6    7    3
 -0.02668413062283238   12    6    7    4
 0.003542859945713038   12    6    7    5
 -0.01014344619807273   12    6    7    6
 -0.02922576382823673   12    6    7    7
 0.0009268127994501771   12    6    8    1
 0.004267398380431811   12    6    8    2
 -0.01405619095437263   12    6    8    3
 0.0009209710241667792   12    6    8    4
 -0.03400514841609516   12    6    8    5
 0.006509182214138672   12    6    8    6
 -0.002483909325155744   12    6    8    7
 -0.03585968127044055   12    6    8    8
 0.001427395471297803   12    6    9    1
 -0.01672938817149104   12    6    9    2
 -3.203615746356572e-05   12    6    9    3
 0.01153617529981379   12    6    9    4
 -0.01055457502289908   12    6    9    5
 -0.01977518792643491   12    6    9    6
 -0.01969448759087983   12    6    9    7
 -0.0003391534676035859   12    6    9    8
 0.0207780851670004   12    6    9    9
 -0.0009925586048216046   12    6   10    1
 0.005781426281541682   12    6   10    2
 -0.01468491499327221   12    6   10    3
 -0.003724740026482329   12    6   10    4
 -0.005617034520889326   12    6   10    5
 -0.005959457952943456   12    6   10    6
 0.01175224387484017   12    6   10    7
 -0.001811682075329135   12    6   10    8
 0.01230433917406778   12    6   10    9
 0.01498572855138331   12    6   10   10
 -7.528796092011588e-05   12    6   11    1
 0.001205058592875127   12    6   11    2
 -0.008341865498953192   12    6   11    3
 0.0004444887390946484   12    6   11    4
 0.009236726805442245   12    6   11    5
 0.02978024700761316   12    6   11    6
 0.005612640067166151   12    6   11    7
 -0.01388320981420058   12    6   11    8
 0.007032933052680865   12    6   11    9
 0.01771504939872011   12    6   11   10
 0.05183310018336471   12    6   11   11
 -0.0007226588186371134   12    6   12    1
 0.01765072401706393   12    6   12    2
 0.01096005912219526   12    6   12    3
 0.01009148666697321   12    6   12    4
 0.0268815639482397   12    6   12    5
 0.05309572319886762   12    6   12    6
 -0.08886712518613882   12    7    1    1
 0.001008194763968752   12    7    2    1
 -0.04016197789509099   12    7    2    2
 0.0003920122446608693   12    7    3    1
 0.02361181630776153   12    7    3    2
 -0.001783001663400887   12    7    3    3
 -0.001936799506030352   12    7    4    1
 -0.00343942497755226   12    7    4    2
 0.01623069551235268   12    7    4    3
 -0.005295250911272506   12    7    4    4
 0.0003953394127710073   12    7    5    1
 -0.0002073951405581157   12    7    5    2
 -0.008970352442275217   12    7    5    3
 -0.004158197949401731   12    7    5    4
 -0.002974606774258051   12    7    5    5
 0.001738951218189119   12    7    6    1
 0.01017505260059075   12    7    6    2
 -0.01317481344147998   12    7    6    3
 0.01556173845850285   12    7    6    4
 0.004514730966910701   12    7    6    5
 -0.01296313999571878   12    7    6    6
 -0.0005402029668279608   12    7    7    1
 0.003515778824072501   12    7    7    2
 -0.01497302086102929   12    7    7    3
 -0.02472781035862563   12    7    7    4
 -0.0006208730540667081   12    7    7    5
 -0.01958666301706856   12    7    7    6
 -0.03785478163681628   12    7    7    7
 0.001171574026442075   12    7    8    1
 0.005992163353871148   12    7    8    2
 0.003410670694462741   12    7    8    3
 -0.0009384354876502644   12    7    8    4
 -0.02173183044673281   12    7    8    5
 -0.004284039216832311   12    7    8    6
 -0.00255065044526705   12    7    8    7
 -0.04254479551987234   12    7    8    8
 0.0006978211953189167   12    7    9    1
 -0.0107697284168023   12    7    9    2
 -0.002210347234881436   12    7    9    3
 -0.002467065851770767   12    7    9    4
 -0.001787120658439933   12    7    9    5
 -0.01297552397892816   12    7    9    6
 -0.009021378718246984   12    7    9    7
 -0.001860083509382513   12    7    9    8
 -0.01232481104225862   12    7    9    9
 0.0009584141624703406   12    7   10    1
 0.01122842698706306   12    7   10    2
 -0.001766298875942101   12    7   10    3
 0.008106264256948091   12    7   10    4
 0.0004661907470200024   12    7   10    5
 0.003998787327981305   12    7   10    6
 -0.00251382008368459   12    7   10    7
 -0.002640242723676908   12    7   10    8
 0.006778592561088461   12    7   10    9
 -0.01370524725044318   12    7   10   10
 -0.0009249203225624221   12    7   11    1
 -0.000252630913398361   12    7   11    2
 0.003228120363758062   12    7   11    3
 -0.002597546781685845   12    7   11    4
 -0.006142281057446438   12    7   11    5
 0.005033841240581858   12    7   11    6
 0.009782698244491355   12    7   11    7
 -0.0001192898421362124   12    7   11    8
 0.0007010440172749225   12    7   11    9
 0.003819098164879259   12    7   11   10
 -0.001954965534021185   12    7   11   11
 -0.00146834105833879   12    7   12    1
 0.001869344622022466   12    7   12    2
 -0.0003043759158391435   12    7   12    3
 -0.01310370335963666   12    7   12    4
 0.001143680279688902   12    7   12    5
 0.002422197738706642   12    7   12    6
 0.0210756342121883   12    7   12    7
 -0.06857754008081754   12    8    1    1
 0.0009174369181333626   12    8    2    1
 -0.03802958541549147   12    8    2    2
 -0.0001677445609580987   12    8    3    1
 0.009446365632174041   12    8    3    2
 -0.01564511787614121   12    8    3    3
 -0.0003461244006118273   12    8    4    1
 -0.001206584944620731   12    8    4    2
 -0.004176963670215667   12    8    4    3
 -0.02667645748626904   12    8    4    4
 -0.001510976816553543   12    8    5    1
 -0.009172570339120731   12    8    5    2
 -0.003253346916293557   12    8    5    3
 0.00305042838224234   12    8    5    4
 -0.006578614934034046   12    8    5    5
 0.0002433014603063816   12    8    6    1
 -0.004368060341556138   12    8    6    2
 -0.0186652345715491   12    8    6    3
 0.007607152175405088   12    8    6    4
 -0.002458390089717826   12    8    6    5
 -0.01687540774606965   12    8    6    6
 -1.576973615086395e-05   12    8    7    1
 0.004576405516225703   12    8    7    2
 0.0008617323819069432   12    8    7    3
 -0.006638571061806331   12    8    7    4
 -0.002845515115774343   12    8    7    5
 -0.008533663202627252   12    8    7    6
 -0.03549521550782385   12    8    7    7
 -0.003668613023265297   12    8    8    1
 -0.01225750412249645   12    8    8    2
 0.004328196368155067   12    8    8    3
 0.004277268105155659   12    8    8    4
 -0.02097935326531653   12    8    8    5
 -0.00775525071854277   12    8    8    6
 0.0006586650205948676   12    8    8    7
 -0.0366425218646202   12    8    8    8
 0.0001923939040520607   12    8    9    1
 -0.005541408606155464   12    8    9    2
 0.003817736055684889   12    8    9    3
 8.012235998545256e-05   12    8    9    4
 0.002033856482022177   12    8    9    5
 -0.00254550196312837   12    8    9    6
 -0.003785682722331284   12    8    9    7
 -0.01184882140820341   12    8    9    8
 -0.01462127136646822   12    8    9    9
 -0.0002247935169834797   12    8   10    1
 0.006342823452501541   12    8   10    2
 -0.0002766766246266401   12    8   10    3
 0.00483272039114753   12    8   10    4
 0.005693263272648054   12    8   10    5
 -0.001360930649266053   12    8   10    6
 0.0006221047543283432   12    8   10    7
 -0.001227693431694764   12    8   10    8
 0.01692335628174257   12    8   10    9
 -0.01042981810154481   12    8   10   10
 -0.0004853947804223579   12    8   11    1
 0.002159757634535011   12    8   11    2
 0.01248586975030131   12    8   11    3
 -0.004361724543615111   12    8   11    4
 0.006101913041441338   12    8   11    5
 -0.009426853995357027   12    8   11    6
 0.004833593153995955   12    8   11    7
 -0.002351492263365204   12    8   11    8
 0.001966680200318229   12    8   11    9
 0.001736861013444248   12    8   11   10
 0.001769133079001008   12    8   11   11
 -1.155446950258726e-05   12    8   12    1
 -0.0002194923336569061   12    8   12    2
 -0.002717679197601422   12    8   12    3
 -0.005465003442134654   12    8   12    4
 -0.01763889740255209   12    8   12    5
 -0.004145231515368736   12    8   12    6
 0.004556076043371605   12    8   12    7
 0.01848891430105055   12    8   12    8
 -0.1465619681333602   12    9    1    1
 0.001570685155648565   12    9    2    1
 -0.0966047619215897   12    9    2    2
 -0.001680111917170602   12    9    3    1
 0.002504794924305052   12    9    3    2
 -0.05710419930088701   12    9    3    3
 -1.788866070855324e-05   12    9    4    1
 0.01294421841860431   12    9    4    2
 0.007983021496692406   12    9    4    3
 -0.06012245163166619   12    9    4    4
 -0.0005170809749974449   12    9    5    1
 -0.005576477303393333   12    9    5    2
 -0.003125949973712613   12    9    5    3
 -0.0004925588940880216   12    9    5    4
 -0.06513696411322951   12    9    5    5
 -0.002510792157903874   12    9    6    1
 -0.02108875050097869   12    9    6    2
 -0.007407069269809138   12    9    6    3
 0.01313145105572793   12    9    6    4
 -0.006905400153500621   12    9    6    5
 -0.07213660599837694   12    9    6    6
 -0.003838545729269116   12    9    7    1
 -0.01056286167004002   12    9    7    2
 -0.009563093179411624   12    9    7    3
 -0.009712305833618241   12    9    7    4
 -0.0006267672660208214   12    9    7    5
 -0.01712146020461281   12    9    7    6
 -0.0722946580794578   12    9    7    7
 -0.001230472755504619   12    9    8    1
 -0.00294800790210175   12    9    8    2
 0.001838606340533235   12    9    8    3
 0.001819972133000253   12    9    8    4
 -0.01635193775200728   12    9    8    5
 0.0003091555180990541   12    9    8    6
 0.0003693018216648544   12    9    8    7
 -0.08556182748113936   12    9    8    8
 -0.001238459853354341   12    9    9    1
 -0.01481112822130525   12    9    9    2
 0.009345324527182126   12    9    9    3
 -0.01136406205157842   12    9    9    4
 0.008923918917814414   12    9    9    5
 -0.005213542848976525   12    9    9    6
 -0.004889047048531337   12    9    9    7
 -0.008041476851175546   12    9    9    8
 -0.04209648193221249   12    9    9    9
 -0.0004442018913264355   12    9   10    1
 0.01364203415752554   12    9   10    2
 0.0007548935795426153   12    9   10    3
 0.01812367131448929   12    9   10    4
 0.004345402384634871   12    9   10    5
 -0.001894418631729784   12    9   10    6
 0.002342869079106038   12    9   10    7
 -0.001231785882920154   12    9   10    8
 0.03440806012670017   12    9   10    9
 -0.02380876987848692   12    9   10   10
 0.001061387721880307   12    9   11    1
 0.003831829722347309   12    9   11    2
 0.008785047077913843   12    9   11    3
 -0.009462669604924971   12    9   11    4
 0.01022819911048071   12    9   11    5
 -0.00728062733942975   12    9   11    6
 0.003715611508052581   12    9   11    7
 -0.007238206680400326   12    9   11    8
 -0.005492807012793421   12    9   11    9
 -0.01198464511264077   12    9   11   10
 -0.04429800774277533   12    9   11   11
 0.001670418829152711   12    9   12    1
 -0.0009893342213139482   12    9   12    2
 -0.01625014892929146   12    9   12    3
 -0.0124489626866145   12    9   12    4
 -0.01948711629975164   12    9   12    5
 -0.008908385599268792   12    9   12    6
 0.006596964356085117   12    9   12    7
 0.01092198734731892   12    9   12    8
 0.043218361734738   12    9   12    9
 -0.01734304253930122   12   10    1    1
 -7.520681211348476e-05   12   10    2    1
 -0.02658147045373692   12   10    2    2
 0.0003906763028280768   12   10    3    1
 -0.008690840692615151   12   10    3    2
 -0.04552198253271973   12   10    3    3
 0.0002489852390332225   12   10    4    1
 -0.006604752082313549   12   10    4    2
 -0.01662590749154871   12   10    4    3
 -0.04629232883607464   12   10    4    4
 0.000358386626817598   12   10    5    1
 0.000938652523737937   12   10    5    2
 -0.0009170374574087081   12   10    5    3
 -0.002118081340715559   12   10    5    4
 -0.03417750268703808   12   10    5    5
 0.0008668625031767886   12   10    6    1
 -0.004445166076999584   12   10    6    2
 -0.01070997350425764   12   10    6    3
 -0.008475274341401632   12   10    6    4
 -0.003494371864454333   12   10    6    5
 -0.0372773618957464   12   10    6    6
 0.001647288641315559   12   10    7    1
 0.002783513604908942   12   10    7    2
 0.01131137621578268   12   10    7    3
 0.01540774806075739   12   10    7    4
 0.0009095770228766669   12   10    7    5
 0.005829905202860678   12   10    7    6
 -0.03351310926200034   12   10    7    7
 0.0008212133118103795   12   10    8    1
 0.003366868471646006   12   10    8    2
 -0.002166572662780677   12   10    8    3
 0.0005055179492857385   12   10    8    4
 0.004940602118300873   12   10    8    5
 0.001265469644111765   12   10    8    6
 -0.00181587566130454   12   10    8    7
 -0.02108298759175955   12   10    8    8
 0.0008186033193194243   12   10    9    1
 0.006088625709827231   12   10    9    2
 0.00207445691982865   12   10    9    3
 0.00340901193278768   12   10    9    4
 0.002584941731440467   12   10    9    5
 0.00544623323631171   12   10    9    6
 0.0014342444300372   12   10    9    7
 0.0006146277565312062   12   10    9    8
 -0.008122787202339353   12   10    9    9
 -0.0002665990747034665   12   10   10    1
 -0.001551171026375898   12   10   10    2
 0.003596481674528655   12   10   10    3
 -0.0008083861372751706   12   10   10    4
 0.004792246710878621   12   10   10    5
 -0.003469485938267401   12   10   10    6
 -0.003362486254137109   12   10   10    7
 -0.002960181427165596   12   10   10    8
 0.02749315734596617   12   10   10    9
 -0.01091728155682306   12   10   10   10
 -0.000293203411248795   12   10   11    1
 -0.0001944804616055019   12   10   11    2
 0.007070553716912499   12   10   11    3
 0.0005763399532362631   12   10   11    4
 0.01224182308672741   12   10   11    5
 -0.009261940380467076   12   10   11    6
 -0.001731091891235168   12   10   11    7
 -0.0049796108080131   12   10   11    8
 -0.00890322926364286   12   10   11    9
 -0.01226665445178057   12   10   11   10
 -0.02242391474927552   12   10   11   11
 -0.0006727436146014975   12   10   12    1
 -0.008148677877595061   12   10   12    2
 -0.007796316231535109   12   10   12    3
 1.603677687059581e-05   12   10   12    4
 -0.01850662265880527   12   10   12    5
 -0.005335013839452432   12   10   12    6
 -0.004757119659012801   12   10   12    7
 0.006496153500228268   12   10   12    8
 0.01542237319580897   12   10   12    9
 0.02968894059203759   12   10   12   10
 0.07844768529629746   12   11    1    1
 -0.0009427145667312011   12   11    2    1
 0.04936763235431166   12   11    2    2
 0.0006549764194154755   12   11    3    1
 -0.003474566849704091   12   11    3    2
 0.03270630410639032   12   11    3    3
 -7.11175231790014e-05   12   11    4    1
 -0.003040519547157409   12   11    4    2
 -0.002186046212679175   12   11    4    3
 0.03829363035014847   12   11    4    4
 -0.0003385905620302424   12   11    5    1
 -0.01820191003305794   12   11    5    2
 -0.04108702955954457   12   11    5    3
 0.008954910748771711   12   11    5    4
 0.009631186152421346   12   11    5    5
 0.000596631108522575   12   11    6    1
 0.005952399800688873   12   11    6    2
 0.003978151731925131   12   11    6    3
 -0.002497646386462405   12   11    6    4
 0.02686204908131732   12   11    6    5
 0.04582994262685307   12   11    6    6
 0.0008579732567028254   12   11    7    1
 0.002102172187143698   12   11    7    2
 0.004790844622338884   12   11    7    3
 0.00322564909682584   12   11    7    4
 -0.006680995391773643   12   11    7    5
 0.003867505411724882   12   11    7    6
 0.04443321276079638   12   11    7    7
 -0.000911035569292854   12   11    8    1
 -0.0005064015983153394   12   11    8    2
 0.02250306651159197   12   11    8    3
 -0.00247683136531649   12   11    8    4
 0.01847869669487251   12   11    8    5
 -0.01659284752012982   12   11    8    6
 0.004774338124879515   12   11    8    7
 0.04045385153391176   12   11    8    8
 -0.0001729942934156152   12   11    9    1
 0.007449460829936774   12   11    9    2
 -0.002439294216389862   12   11    9    3
 -7.236007788211472e-05   12   11    9    4
 -0.001084133815514566   12   11    9    5
 0.006520613263442699   12   11    9    6
 0.005363057629242263   12   11    9    7
 0.002392071764520078   12   11    9    8
 0.001122274827551601   12   11    9    9
 0.0004017024601473294   12   11   10    1
 -0.004527218347648672   12   11   10    2
 0.0007678717200005133   12   11   10    3
 -0.004454382835431531   12   11   10    4
 0.0008988213216875564   12   11   10    5
 0.006774815281743698   12   11   10    6
 -0.001812000650566832   12   11   10    7
 0.002216696220158721   12   11   10    8
 -0.03885368957205897   12   11   10    9
 -0.004486558716250856   12   11   10   10
 -0.0003827490310728284   12   11   11    1
 -0.0003281785444770876   12   11   11    2
 -0.006950205960939499   12   11   11    3
 0.005915200553316056   12   11   11    4
 -0.02798950725823502   12   11   11    5
 0.01235618570601049   12   11   11    6
 -0.002248316698997022   12   11   11    7
 0.01992072160985904   12   11   11    8
 -0.0067884455759438   12   11   11    9
 -0.003814541602821168   12   11   11   10
 -0.004283078142179157   12   11   11   11
 -0.0001495844220948226   12   11   12    1
 -0.002287189296256499   12   11   12    2
 0.005086259808196557   12   11   12    3
 -0.002199523512469484   12   11   12    4
 0.002066423014619628   12   11   12    5
 -0.01460767371540883   12   11   12    6
 0.002856420288490564   12   11   12    7
 -0.003073757526162642   12   11   12    8
 -0.01721654369078786   12   11   12    9
 -0.01207449125403326   12   11   12   10
 0.04706068058524129   12   11   12   11
 0.4116872928714637   12   12    1    1
 -0.001377428710509641   12   12    2    1
 0.3885787786359293   12   12    2    2
 0.001980685243701933   12   12    3    1
 0.04543377219032387   12   12    3    2
 0.4122752836105963   12   12    3    3
 -0.0009550597728404904   12   12    4    1
 -0.02267171893342373   12   12    4    2
 0.02311000112460878   12   12    4    3
 0.388986061205735   12   12    4    4
 0.0005150357898477784   12   12    5    1
 0.0147347121734718   12   12    5    2
 0.01734382364497571   12   12    5    3
 -0.0009355583701422414   12   12    5    4
 0.4247153765384023   12   12    5    5
 0.003454746050380196   12   12    6    1
 0.05256190515096417   12   12    6    2
 -0.005192691101571863   12   12    6    3
 0.02151397661879227   12   12    6    4
 0.01105723580592916   12   12    6    5
 0.4119163140182966   12   12    6    6
 0.003748194272465508   12   12    7    1
 0.01938193326851096   12   12    7    2
 -0.005382312105148931   12   12    7    3
 -0.04179682346056646   12   12    7    4
 -0.0008451237304682843   12   12    7    5
 0.003788390288833888   12   12    7    6
 0.3628121582806283   12   12    7    7
 0.001337311320632057   12   12    8    1
 0.004642818071415157   12   12    8    2
 -0.005422613248763885   12   12    8    3
 -0.004523385655348922   12   12    8    4
 -0.02450849422071743   12   12    8    5
 -0.001631935012104841   12   12    8    6
 0.0003208074012589222   12   12    8    7
 0.3637488504603648   12   12    8    8
 0.001543274499240347   12   12    9    1
 0.006085941562245399   12   12    9    2
 -0.026101904686815   12   12    9    3
 0.03249203360389216   12   12    9    4
 -0.0276981823423143   12   12    9    5
 -0.01485612181284563   12   12    9    6
 -0.006053291480261513   12   12    9    7
 0.01269597483179286   12   12    9    8
 0.3457245795990581   12   12    9    9
 0.001066200181738316   12   12   10    1
 -0.01864947532221265   12   12   10    2
 -0.01402001884047334   12   12   10    3
 -0.03896813570373311   12   12   10    4
 -0.0224691414342366   12   12   10    5
 0.01625546648520196   12   12   10    6
 -0.001826732687727786   12   12   10    7
 0.006208999622460691   12   12   10    8
 -0.03753538896247072   12   12   10    9
 0.3140325462910854   12   12   10   10
 -0.001653306436489282   12   12   11    1
 -0.003047711025566686   12   12   11    2
 -0.02373517165017448   12   12   11    3
 0.01495765562079746   12   12   11    4
 -0.02304258839288088   12   12   11    5
 0.03310550682147438   12   12   11    6
 0.008767819677551704   12   12   11    7
 0.006065077036862213   12   12   11    8
 -0.0001445302888364889   12   12   11    9
 0.03004195925477838   12   12   11   10
 0.4062243520618629   12   12   11   11
 -0.002470935104574129   12   12   12    1
 0.02000038084995576   12   12   12    2
 0.03793817382498466   12   12   12    3
 0.0246715601785151   12   12   12    4
 0.05541744610805494   12   12   12    5
 0.05067950971972501   12   12   12    6
 0.0025667377918237   12   12   12    7
 -0.01652870892081114   12   12   12    8
 -0.06362899622559175   12   12   12    9
 -0.0416334805160733   12   12   12   10
 0.01464381175135735   12   12   12   11
 0.4580858778424042   12   12   12   12
 0.1018609643580073   13    1    1    1
 -0.01443758739934222   13    1    2    1
 -0.0002884810918027033   13    1    2    2
 0.005636037647392417   13    1    3    1
 -0.0008412262919350947   13    1    3    2
 -0.0001520629283480636   13    1    3    3
 -0.0001346703776914192   13    1    4    1
 -0.004188035530509659   13    1    4    2
 0.00132299909327475   13    1    4    3
 0.000956229664226914   13    1    4    4
 0.0007456227580352593   13    1    5    1
 0.0005817891014449868   13    1    5    2
 -3.957088761815177e-05   13    1    5    3
 -1.280820660858032e-05   13    1    5    4
 -0.0001827625160053912   13    1    5    5
 -0.0005558513538830147   13    1    6    1
 -0.001528418855116612   13    1    6    2
 0.0002711157161253085   13    1    6    3
 0.0001741909007819447   13    1    6    4
 2.736729337671201e-05   13    1    6    5
 -0.0003040350232947741   13    1    6    6
 -0.001281429956697576   13    1    7    1
 -0.008144609493270583   13    1    7    2
 0.003919908192666898   13    1    7    3
 0.003174911870848186   13    1    7    4
 -1.738067852000723e-05   13    1    7    5
 0.001490920668118116   13    1    7    6
 0.006930559175226622   13    1    7    7
 0.00209405752899622   13    1    8    1
 0.001698916440810217   13    1    8    2
 -0.0007567527819506691   13    1    8    3
 -0.0002547390151757676   13    1    8    4
 0.0009272185781154129   13    1    8    5
 1.280231103197408e-05   13    1    8    6
 -0.0005299812729702476   13    1    8    7
 0.002093423729194638   13    1    8    8
 -0.009047220017876393   13    1    9    1
 -0.001974075311395187   13    1    9    2
 0.0007295038990167425   13    1    9    3
 -0.0001315005854382528   13    1    9    4
 0.0004306515671749129   13    1    9    5
 -6.375232341127244e-05   13    1    9    6
 -0.0006017558875120758   13    1    9    7
 0.0009363340077411454   13    1    9    8
 -0.00173913254302338   13    1    9    9
 0.007642744681574818   13    1   10    1
 0.001870739560117845   13    1   10    2
 -0.0003296813983565744   13    1   10    3
 -0.0006513786572464242   13    1   10    4
 -0.0001639189882179337   13    1   10    5
 0.0007649464661369705   13    1   10    6
 0.0002368155005752974   13    1   10    7
 -0.0005697076266984744   13    1   10    8
 0.001834832541525956   13    1   10    9
 -0.001320551576315056   13    1   10   10
 0.000824565701636564   13    1   11    1
 0.0003498062220166299   13    1   11    2
 -0.0006146663582634726   13    1   11    3
 0.0004558967305044577   13    1   11    4
 0.0002859561729129936   13    1   11    5
 -0.0009299199572445905   13    1   11    6
 -0.0003296741343857265   13    1   11    7
 0.0001594844888165116   13    1   11    8
 -6.232835196934094e-05   13    1   11    9
 -0.0004123399477155727   13    1   11   10
 -6.099838455216914e-05   13    1   11   11
 0.003559564708225522   13    1   12    1
 0.000556048705611888   13    1   12    2
 -0.0006915500128507102   13    1   12    3
 0.000685932491786599   13    1   12    4
 -0.0005197808532122156   13    1   12    5
 -0.0008435434001928732   13    1   12    6
 0.0001481931487735029   13    1   12    7
 -0.0004823488896797624   13    1   12    8
 0.0004957611095889967   13    1   12    9
 -0.0004458006761739065   13    1   12   10
 4.939797093004227e-05   13    1   12   11
 -0.0004344915360888949   13    1   12   12
 0.006621421431741915   13    1   13    1
 -0.1172765737817288   13    2    1    1
 0.002466732655256056   13    2    2    1
 -0.03988509647472999   13    2    2    2
 -0.001435547362934565   13    2    3    1
 0.02279070198145553   13    2    3    2
 0.007207459221847061   13    2    3    3
 -0.0032138924108125   13    2    4    1
 -0.001542958569119859   13    2    4    2
 0.01098086860135661   13    2    4    3
 -0.005302265691017538   13    2    4    4
 0.0002354188261933207   13    2    5    1
 -0.003541029379872417   13    2    5    2
 -0.00760194567874613   13    2    5    3
 -0.000267636345808921   13    2    5    4
 0.003850568895666424   13    2    5    5
 -0.001163701596522366   13    2    6    1
 8.802526487186371e-05   13    2    6    2
 -0.005421440332362198   13    2    6    3
 0.01161304110965297   13    2    6    4
 -0.001614555070162855   13    2    6    5
 -0.003222168355202445   13    2    6    6
 -0.00712643709636915   13    2    7    1
 -0.008307311006256533   13    2    7    2
 -0.001722894797465695   13    2    7    3
 -0.01283396538960752   13    2    7    4
 -0.002227692417680291   13    2    7    5
 -0.007782514594128633   13    2    7    6
 -0.01982789883828508   13    2    7    7
 0.001016775002317867   13    2    8    1
 0.004496339600349102   13    2    8    2
 0.0009144785016734353   13    2    8    3
 0.0007414493729025214   13    2    8    4
 -0.02523087754485209   13    2    8    5
 -0.00314424905584557   13    2    8    6
 5.14758506634384e-05   13    2    8    7
 -0.04571817094245364   13    2    8    8
 -0.001607913575933967   13    2    9    1
 -0.02431318442731041   13    2    9    2
 0.01022594653377861   13    2    9    3
 0.0009207429229957693   13    2    9    4
 -0.002559461357510289   13    2    9    5
 -0.009051677496303293   13    2    9    6
 -0.01781308877021767   13    2    9    7
 -0.001504934898325378   13    2    9    8
 -0.01117128507359735   13    2    9    9
 0.001606495970972091   13    2   10    1
 0.01923511284219543   13    2   10    2
 -0.01349172494602777   13    2   10    3
 0.004494564840619634   13    2   10    4
 -0.001655053907618138   13    2   10    5
 -0.002859247248136807   13    2   10    6
 0.013845747825353   13    2   10    7
 -0.002257377357856908   13    2   10    8
 0.00796829792359522   13    2   10    9
 -0.006634192467037086   13    2   10   10
 0.0003885851159891201   13    2   11    1
 0.005186639645753247   13    2   11    2
 0.001539304725862617   13    2   11    3
 -0.003111294484501433   13    2   11    4
 -0.005658235647155877   13    2   11    5
 0.01562362404451239   13    2   11    6
 0.004434768802691863   13    2   11    7
 -0.002747690592447283   13    2   11    8
 0.001300671631132241   13    2   11    9
 0.00449563182887276   13    2   11   10
 0.01166593680692728   13    2   11   11
 0.0005581178994995421   13    2   12    1
 0.01130121140670967   13    2   12    2
 0.0008151624229596799   13    2   12    3
 0.0006598331515877631   13    2   12    4
 0.007781063907399332   13    2   12    5
 0.01751799870716931   13    2   12    6
 0.005086336783812197   13    2   12    7
 0.001280188737243939   13    2   12    8
 0.005806304331582771   13    2   12    9
 -0.004485597428020694   13    2   12   10
 -0.0006829988993172041   13    2   12   11
 0.004719277907429054   13    2   12   12
 0.001731007415475201   13    2   13    1
 0.02624574326788425   13    2   13    2
 0.06548469794057998   13    3    1    1
 -0.0008331768874875716   13    3    2    1
 0.05072784700749188   13    3    2    2
 0.0005234001072911144   13    3    3    1
 0.01049760670505972   13    3    3    2
 0.0512158153412015   13    3    3    3
 0.001423067457900267   13    3    4    1
 -0.002764287992385605   13    3    4    2
 0.005504561984666774   13    3    4    3
 0.03302528215651802   13    3    4    4
 -0.0002320829665788391   13    3    5    1
 -0.007466204649419553   13    3    5    2
 -0.00760383844667242   13    3    5    3
 -0.001578762803029471   13    3    5    4
 0.04896658410631471   13    3    5    5
 0.0005294817699065516   13    3    6    1
 0.01575050731982339   13    3    6    2
 -0.0006742673796416845   13    3    6    3
 -0.003752216002994723   13    3    6    4
 -0.003002053354983702   13    3    6    5
 0.04556302449535241   13    3    6    6
 0.003280357145392133   13    3    7    1
 0.01051306810029985   13    3    7    2
 -0.001218289991232207   13    3    7    3
 -0.005090606100454212   13    3    7    4
 -0.0008652693567026643   13    3    7    5
 0.01145087199875219   13    3    7    6
 0.02863939679849823   13    3    7    7
 -0.0008776297797131578   13    3    8    1
 -0.003866299884247667   13    3    8    2
 0.003632512078163058   13    3    8    3
 0.0009492126277028917   13    3    8    4
 0.0009504350458121874   13    3    8    5
 0.001545006879873629   13    3    8    6
 -0.0001852709017776319   13    3    8    7
 0.04107631488024593   13    3    8    8
 0.0009056278963667805   13    3    9    1
 0.01180163815429133   13    3    9    2
 0.005738873391346952   13    3    9    3
 0.02016248600499165   13    3    9    4
 -0.007663355889382825   13    3    9    5
 -0.00513621961600666   13    3    9    6
 -0.004893671833753617   13    3    9    7
 0.002940521298747503   13    3    9    8
 0.03274497727670943   13    3    9    9
 -0.0008555038423243761   13    3   10    1
 -0.01243554410100697   13    3   10    2
 -0.008193485174532398   13    3   10    3
 -0.0251256476349236   13    3   10    4
 -0.002940386098546201   13    3   10    5
 0.00409618521361107   13    3   10    6
 0.005934627082862171   13    3   10    7
 0.001955903700340508   13    3   10    8
 -0.01016845599700058   13    3   10    9
 0.02339308690593965   13    3   10   10
 -0.0003166782016779561   13    3   11    1
 0.002520075025482597   13    3   11    2
 -0.009783248704432415   13    3   11    3
 0.005902217087189327   13    3   11    4
 -0.004622915673885102   13    3   11    5
 0.02238183611153647   13    3   11    6
 0.003137974784615161   13    3   11    7
 0.0002810347781026702   13    3   11    8
 -0.00690614635981652   13    3   11    9
 0.0139421973423842   13    3   11   10
 0.04939298293119156   13    3   11   11
 -0.0003414125604248828   13    3   12    1
 0.000815672359469648   13    3   12    2
 0.002568321211768605   13    3   12    3
 0.0171442633157895   13    3   12    4
 0.01988342731188433   13    3   12    5
 0.02423457644243053   13    3   12    6
 -0.01032458387755913   13    3   12    7
 -0.009076664889831946   13    3   12    8
 -0.01891368584456777   13    3   12    9
 5.522724340170705e-05   13    3   12   10
 0.003806151887848694   13    3   12   11
 0.04159090551249665   13    3   12   12
 -0.000988539145542526   13    3   13    1
 0.01193643084829304   13    3   13    2
 0.05383135668249563   13    3   13    3
 -0.02854422901781389   13    4    1    1
 0.0006153871211924527   13    4    2    1
 0.001795980599699186   13    4    2    2
 0.0001795152570223411   13    4    3    1
 0.007651761575404118   13    4    3    2
 0.01442205532851442   13    4    3    3
 -0.0007824321538639066   13    4    4    1
 -0.0005758102770208911   13    4    4    2
 -0.01299712361616561   13    4    4    3
 -0.003130017099639228   13    4    4    4
 -5.535740689467077e-05   13    4    5    1
 -0.0001005597931040319   13    4    5    2
 -0.003725422727291834   13    4    5    3
 0.001511970110968819   13    4    5    4
 0.02058883199333266   13    4    5    5
 0.0009424592420305627   13    4    6    1
 -0.001104494400849284   13    4    6    2
 -0.01487271413115562   13    4    6    3
 -0.006613863638838292   13    4    6    4
 0.005135872251268219   13    4    6    5
 0.01663898902413316   13    4    6    6
 0.0001811903233977871   13    4    7    1
 0.01062621173357297   13    4    7    2
 0.00511075576263689   13    4    7    3
 0.00460979858400331   13    4    7    4
 -0.001946664525475582   13    4    7    5
 -0.0001677120465736543   13    4    7    6
 -0.013493128340544   13    4    7    7
 -8.975664977211234e-05   13    4    8    1
 0.001516803962057487   13    4    8    2
 0.00217000450193059   13    4    8    3
 -0.000592524680559867   13    4    8    4
 -0.01212645330825227   13    4    8    5
 -0.0044123988391488   13    4    8    6
 0.003010143827617206   13    4    8    7
 -0.002515975112395854   13    4    8    8
 0.0005852313776370322   13    4    9    1
 -0.005500602310149529   13    4    9    2
 0.01150370124938292   13    4    9    3
 0.008956691978850774   13    4    9    4
 -0.006296522888249861   13    4    9    5
 0.005523594549424269   13    4    9    6
 -0.01868053052855506   13    4    9    7
 0.0009981908172875989   13    4    9    8
 0.009077811114474636   13    4    9    9
 0.0001870693396504784   13    4   10    1
 0.004008593334622669   13    4   10    2
 -0.01906243857349962   13    4   10    3
 -0.006069793918960123   13    4   10    4
 0.00143772831020782   13    4   10    5
 -0.009100090728164371   13    4   10    6
 0.01895115085447561   13    4   10    7
 -0.001260518804681568   13    4   10    8
 -0.002135869882980865   13    4   10    9
 0.006263631527719356   13    4   10   10
 -0.0005242953639701811   13    4   11    1
 -0.001685072591329969   13    4   11    2
 -0.001630554812152166   13    4   11    3
 -0.0002128378851291736   13    4   11    4
 -0.008628870112594406   13    4   11    5
 0.01120658390223007   13    4   11    6
 -9.276648067860524e-05   13    4   11    7
 0.002066161283110905   13    4   11    8
 0.0003733015696011563   13    4   11    9
 0.00305969182265373   13    4   11   10
 0.02567366815962055   13    4   11   11
 -0.0007452284559576361   13    4   12    1
 0.005987797943606214   13    4   12    2
 0.01475208288967712   13    4   12    3
 0.01233996760972125   13    4   12    4
 0.00167642261656777   13    4   12    5
 0.0129320600925338   13    4   12    6
 -0.007621043272452744   13    4   12    7
 0.002289334458410341   13    4   12    8
 -0.01049533986504957   13    4   12    9
 0.004165091102615153   13    4   12   10
 0.004078597039599526   13    4   12   11
 0.01231659020345239   13    4   12   12
 -0.0001986034431958924   13    4   13    1
 0.01231786450261286   13    4   13    2
 0.02201145215579966   13    4   13    3
 0.03808258351388984   13    4   13    4
 -0.01063454044429986   13    5    1    1
 -0.0003863994714976866   13    5    2    1
 -0.02789016020803315   13    5    2    2
 -5.188441069270527e-05   13    5    3    1
 -0.01440265916789474   13    5    3    2
 -0.03660944822831873   13    5    3    3
 0.0002671563907418667   13    5    4    1
 0.003204782889032463   13    5    4    2
 -0.008235610350850268   13    5    4    3
 -0.03044599510046407   13    5    4    4
 -0.0009122789728596217   13    5    5    1
 0.001615363037169907   13    5    5    2
 0.008938438015950697   13    5    5    3
 0.00523250489993733   13    5    5    4
 -0.03178462071350294   13    5    5    5
 -0.0006385980228133816   13    5    6    1
 -0.0145265723196428   13    5    6    2
 -0.004931004741645408   13    5    6    3
 -0.001616094838286254   13    5    6    4
 0.005107829152944076   13    5    6    5
 -0.0283123800773828   13    5    6    6
 -0.0004425088642439781   13    5    7    1
 -0.007103478014305252   13    5    7    2
 0.004125126789915314   13    5    7    3
 0.01134510412721494   13    5    7    4
 -0.001758022630166129   13    5    7    5
 -0.003637666827980308   13    5    7    6
 -0.01968033404533229   13    5    7    7
 -0.002193038102610689   13    5    8    1
 -0.007802121813960687   13    5    8    2
 0.0007591070405636382   13    5    8    3
 -0.002259141564573645   13    5    8    4
 0.003289416005106555   13    5    8    5
 -0.001854248695124156   13    5    8    6
 0.001429466181259138   13    5    8    7
 -0.01193235569601358   13    5    8    8
 -0.0007098954637876277   13    5    9    1
 0.0006333058577232606   13    5    9    2
 -9.427257660557854e-06   13    5    9    3
 -0.0102710648790877   13    5    9    4
 0.007964288165339532   13    5    9    5
 0.004552015914873743   13    5    9    6
 0.006346807467546299   13    5    9    7
 -0.006813870680154787   13    5    9    8
 -0.02277078335590928   13    5    9    9
 1.277653414656413e-05   13    5   10    1
 -0.0001086801946672079   13    5   10    2
 0.004124480674920559   13    5   10    3
 0.009067169277733983   13    5   10    4
 0.005349228020356112   13    5   10    5
 -0.002201386552409272   13    5   10    6
 -0.004556818156596964   13    5   10    7
 0.001468416144435023   13    5   10    8
 0.01215246532049873   13    5   10    9
 -0.01294985976926184   13    5   10   10
 0.0001557944822783276   13    5   11    1
 -0.0008174767455126102   13    5   11    2
 0.009917905091387211   13    5   11    3
 -0.00708400854221834   13    5   11    4
 0.009160248844637293   13    5   11    5
 -0.02353953486214653   13    5   11    6
 0.0003553302118551513   13    5   11    7
 -0.0005978677419181653   13    5   11    8
 0.0002655091113763699   13    5   11    9
 -0.006815032517119179   13    5   11   10
 -0.02871743265148582   13    5   11   11
 0.00072919480296142   13    5   12    1
 3.584580108350015e-05   13    5   12    2
 0.00373387254740141   13    5   12    3
 -0.005063311455762334   13    5   12    4
 -0.023877152344618   13    5   12    5
 -0.01865369596332757   13    5   12    6
 0.001246585292170884   13    5   12    7
 0.01195549585113152   13    5   12    8
 0.01153437289770716   13    5   12    9
 0.003741483837694817   13    5   12   10
 -0.001431230935013478   13    5   12   11
 -0.02669743453423314   13    5   12   12
 0.0001589077370233593   13    5   13    1
 -0.01450849971707446   13    5   13    2
 -0.03358996896594091   13    5   13    3
 -0.007893594820814228   13    5   13    4
 0.03594476061971942   13    5   13    5
 -0.01657181006617691   13    6    1    1
 0.0001909382659346073   13    6    2    1
 0.0008245044602060964   13    6    2    2
 -0.0004430416411187654   13    6    3    1
 0.01455308902601689   13    6    3    2
 0.01231603942347967   13    6    3    3
 0.0003456258378591669   13    6    4    1
 -0.009398606887859408   13    6    4    2
 -0.007707151910492148   13    6    4    3
 -0.003764003300363698   13    6    4    4
 -0.0003400980644295214   13    6    5    1
 -0.008838840171779588   13    6    5    2
 -0.01251002717496614   13    6    5    3
 0.005022465553010188   13    6    5    4
 0.02340926648481997   13    6    5    5
 -0.000780387519657453   13    6    6    1
 0.006347809719424921   13    6    6    2
 -0.01165450536293799   13    6    6    3
 0.008791357226211804   13    6    6    4
 0.01032248223246003   13    6    6    5
 0.01833802537245623   13    6    6    6
 -0.0005368327559550977   13    6    7    1
 0.003960296561916509   13    6    7    2
 0.01252990647913384   13    6    7    3
 -0.005638299301102572   13    6    7    4
 -0.00614425744592645   13    6    7    5
 -0.0006189208893749077   13    6    7    6
 -0.00906378381767833   13    6    7    7
 -0.0008933344654601088   13    6    8    1
 -0.00335770516503358   13    6    8    2
 0.009423559450892672   13    6    8    3
 -0.002870274049670796   13    6    8    4
 -0.01299404143872797   13    6    8    5
 -0.00754731053819771   13    6    8    6
 0.004513330430934513   13    6    8    7
 0.0004842344332413819   13    6    8    8
 -0.0003417790928802677   13    6    9    1
 -0.003948840521853118   13    6    9    2
 -0.005162209063117177   13    6    9    3
 0.01473546346397173   13    6    9    4
 -0.001926614659188955   13    6    9    5
 -0.003176320637665785   13    6    9    6
 -0.006969695890443183   13    6    9    7
 -0.001459190035143205   13    6    9    8
 -0.002612364776867994   13    6    9    9
 -0.0002605128391387753   13    6   10    1
 -0.001838435195594017   13    6   10    2
 -0.001035318051388437   13    6   10    3
 -0.01458489126789824   13    6   10    4
 -0.0003691641419869987   13    6   10    5
 0.002681833807300948   13    6   10    6
 0.002586286663182616   13    6   10    7
 -6.068648416874321e-05   13    6   10    8
 0.008457818780440057   13    6   10    9
 -0.009120722845360153   13    6   10   10
 0.0002816942657574374   13    6   11    1
 0.007080258728783403   13    6   11    2
 0.009205972667598435   13    6   11    3
 0.005564698888683414   13    6   11    4
 -0.01671927819635382   13    6   11    5
 0.002553978390976649   13    6   11    6
 0.004329250245672209   13    6   11    7
 0.007264915244623138   13    6   11    8
 -0.001122199955015524   13    6   11    9
 0.0008551040865646676   13    6   11   10
 0.01843322020129256   13    6   11   11
 0.0005486013015646619   13    6   12    1
 0.01034000693972714   13    6   12    2
 0.01788755463051858   13    6   12    3
 0.006516819794369115   13    6   12    4
 -0.005065063163684804   13    6   12    5
 0.003807064643968241   13    6   12    6
 0.001017399181295314   13    6   12    7
 0.006576481759509219   13    6   12    8
 -0.006646972402044047   13    6   12    9
 -0.0004047842652661544   13    6   12   10
 0.0115704124891717   13    6   12   11
 0.02097756589702698   13    6   12   12
 -2.070363739422146e-05   13    6   13    1
 0.00732863481354194   13    6   13    2
 0.01046690559535655   13    6   13    3
 0.01608735949098708   13    6   13    4
 -0.000146912221941769   13    6   13    5
 0.03229144312216511   13    6   13    6
 -0.1208630344071753   13    7    1    1
 0.001369585490650026   13    7    2    1
 -0.05270578921048413   13    7    2    2
 -0.0007698117940262547   13    7    3    1
 0.01384176592599021   13    7    3    2
 -0.01591557087187848   13    7    3    3
 4.603025707316152e-05   13    7    4    1
 0.01819578909191966   13    7    4    2
 0.01623743222983345   13    7    4    3
 -0.01287460360061483   13    7    4    4
 -0.0002850060322506535   13    7    5    1
 -0.001190936884963851   13    7    5    2
 0.001160726657829843   13    7    5    3
 -0.002402693661004989   13    7    5    4
 -0.02613399627443526   13    7    5    5
 -0.0005489227709079599   13    7    6    1
 -0.0005611361491007923   13    7    6    2
 0.008012841662420406   13    7    6    3
 0.0138487348622487   13    7    6    4
 -0.006087118759283287   13    7    6    5
 -0.02769602251371056   13    7    6    6
 -0.0006954890259791892   13    7    7    1
 0.007623155341065059   13    7    7    2
 -0.02329936013007209   13    7    7    3
 -0.02881007102191621   13    7    7    4
 0.002353753132181649   13    7    7    5
 -0.02060229008012225   13    7    7    6
 -0.0495624284175238   13    7    7    7
 -0.0007134642115810574   13    7    8    1
 -0.00204629996175305   13    7    8    2
 -0.0001562415098384106   13    7    8    3
 0.003488846337842752   13    7    8    4
 -0.01737736586836684   13    7    8    5
 0.002220972854637735   13    7    8    6
 0.00207091969059093   13    7    8    7
 -0.05979166235193078   13    7    8    8
 0.0002917782248129831   13    7    9    1
 -0.01816074285301988   13    7    9    2
 -0.0001592491438847499   13    7    9    3
 -0.01911029627953542   13    7    9    4
 0.002069086776717678   13    7    9    5
 -0.01031527134460646   13    7    9    6
 -0.008066254200308806   13    7    9    7
 -0.004915221984334552   13    7    9    8
 -0.01968775984453501   13    7    9    9
 -0.0006465045628046005   13    7   10    1
 0.01553050467871557   13    7   10    2
 0.001403571164690155   13    7   10    3
 0.02713316604505473   13    7   10    4
 -0.001001164575161138   13    7   10    5
 -0.001926349418922865   13    7   10    6
 0.00555361517992393   13    7   10    7
 -5.757484870715579e-05   13    7   10    8
 0.002709821747846561   13    7   10    9
 -0.008516249256939246   13    7   10   10
 0.0001874812205017125   13    7   11    1
 0.002333779378405925   13    7   11    2
 0.006220151916593222   13    7   11    3
 -0.00759432456808918   13    7   11    4
 0.002817548909361763   13    7   11    5
 0.005663383034811055   13    7   11    6
 0.003860220954388643   13    7   11    7
 -0.005974247297045529   13    7   11    8
 0.00569133477502842   13    7   11    9
 -0.001546462614086396   13    7   11   10
 -0.02165247921587213   13    7   11   11
 0.0001961560017105304   13    7   12    1
 0.003944343344741797   13    7   12    2
 -0.009538473682863662   13    7   12    3
 -0.01565345540791272   13    7   12    4
 0.004599068278313418   13    7   12    5
 0.004979709330766547   13    7   12    6
 0.01532923880197619   13    7   12    7
 0.001478427141786039   13    7   12    8
 0.01810514113148371   13    7   12    9
 -0.008964158716438585   13    7   12   10
 -0.006335892919308454   13    7   12   11
 -0.01501963923951531   13    7   12   12
 -0.0003760407587477166   13    7   13    1
 0.008011714623907245   13    7   13    2
 -0.0182709750382384   13    7   13    3
 -0.01797810558415166   13    7   13    4
 0.0002298385048126686   13    7   13    5
 -0.01250315695215527   13    7   13    6
 0.03564442921512345   13    7   13    7
 0.05583081222777465   13    8    1    1
 -0.0008155205857281345   13    8    2    1
 0.0310104763298432   13    8    2    2
 0.0003137730706760769   13    8    3    1
 -0.006938920540191913   13    8    3    2
 0.01268702734270379   13    8    3    3
 0.0004392965564413299   13    8    4    1
 0.0005900435163711072   13    8    4    2
 -0.0002543421119049039   13    8    4    3
 0.01899065050916317   13    8    4    4
 -0.002315079294239645   13    8    5    1
 -0.01066631038645033   13    8    5    2
 0.001771908730927055   13    8    5    3
 -0.001752764057187862   13    8    5    4
 0.008512029467334514   13    8    5    5
 -0.0002519380273903573   13    8    6    1
 0.001656254203159411   13    8    6    2
 0.01229198324668304   13    8    6    3
 -0.007704896779008052   13    8    6    4
 -0.004789686304510815   13    8    6    5
 0.01317349349846678   13    8    6    6
 0.0006566006092834836   13    8    7    1
 -0.0007989530474393717   13    8    7    2
 0.001054578161042748   13    8    7    3
 0.007394516029535141   13    8    7    4
 0.001085651266415226   13    8    7    5
 0.007652160935891199   13    8    7    6
 0.02667659590912305   13    8    7    7
 -0.005775983485688588   13    8    8    1
 -0.02072338740274856   13    8    8    2
 0.006639867780381842   13    8    8    3
 0.001132915585030015   13    8    8    4
 0.01598965922511232   13    8    8    5
 0.002570124661503328   13    8    8    6
 -0.002698371674211498   13    8    8    7
 0.03213769605926069   13    8    8    8
 -0.0007088195256985873   13    8    9    1
 0.004313730857642081   13    8    9    2
 0.000703197739287872   13    8    9    3
 0.001589779583858942   13    8    9    4
 -0.006723604372196073   13    8    9    5
 0.002843930785490122   13    8    9    6
 0.002838259307170354   13    8    9    7
 -0.006278084289182769   13    8    9    8
 0.01135215210161359   13    8    9    9
 -6.875744795488971e-05   13    8   10    1
 -0.00468296906027737   13    8   10    2
 0.001388709569185743   13    8   10    3
 -0.004689324136082981   13    8   10    4
 0.001785311999143288   13    8   10    5
 0.0008848776665959831   13    8   10    6
 7.271270636398171e-05   13    8   10    7
 0.009868088834765219   13    8   10    8
 -0.01103241842337217   13    8   10    9
 0.01087329758481159   13    8   10   10
 -0.0004002598133167002   13    8   11    1
 -0.001997187165952292   13    8   11    2
 -0.005236501123132354   13    8   11    3
 0.004043584577267526   13    8   11    4
 -0.0002300163777579951   13    8   11    5
 0.007150220688504945   13    8   11    6
 -0.003936373852826905   13    8   11    7
 0.00224824906471391   13    8   11    8
 -0.00154898981967248   13    8   11    9
 0.0001096199861586042   13    8   11   10
 0.004454127013343688   13    8   11   11
 0.0007828835238882991   13    8   12    1
 -0.001685404948872847   13    8   12    2
 -0.00509172838253664   13    8   12    3
 0.004649926253081887   13    8   12    4
 0.01178797697321208   13    8   12    5
 0.003409147648144845   13    8   12    6
 -0.005719262933439207   13    8   12    7
 -0.004626245273441145   13    8   12    8
 -0.005325150405755443   13    8   12    9
 -0.001409027935330291   13    8   12   10
 0.0008489933463774449   13    8   12   11
 0.004631850655777667   13    8   12   12
 -0.000326597143883708   13    8   13    1
 0.0007451437110190152   13    8   13    2
 0.01513030450880658   13    8   13    3
 0.0009131416045428745   13    8   13    4
 -0.01123488650681513   13    8   13    5
 -0.004119487817103009   13    8   13    6
 -0.002709852250131337   13    8   13    7
 0.01571059376726504   13    8   13    8
 -0.1422388324378553   13    9    1    1
 0.001973902836832487   13    9    2    1
 -0.06813777406232119   13    9    2    2
 -0.001034040245446774   13    9    3    1
 0.04198384664916112   13    9    3    2
 0.02685614809354721   13    9    3    3
 -0.002330481479241673   13    9    4    1
 -0.003469573923070653   13    9    4    2
 0.03753158260000302   13    9    4    3
 -0.003811733001683623   13    9    4    4
 -0.0001555767803609451   13    9    5    1
 -0.002467986188277335   13    9    5    2
 -0.006094764020527142   13    9    5    3
 -0.005739986706877641   13    9    5    4
 0.01614638418027759   13    9    5    5
 -0.0007291206371556807   13    9    6    1
 0.003086351161188705   13    9    6    2
 -0.02705117006285259   13    9    6    3
 0.03667398917092565   13    9    6    4
 0.002973693706388092   13    9    6    5
 -0.004762602980362217   13    9    6    6
 -0.004948583178228309   13    9    7    1
 -0.01190504468319452   13    9    7    2
 -0.01796471398768999   13    9    7    3
 -0.05156148347639113   13    9    7    4
 0.0003605857388091318   13    9    7    5
 -0.0203681993569828   13    9    7    6
 -0.03928289863685502   13    9    7    7
 -7.518919260020381e-05   13    9    8    1
 0.001341072640189502   13    9    8    2
 0.00566291736645316   13    9    8    3
 0.000696262812378349   13    9    8    4
 -0.04372177832399828   13    9    8    5
 -0.003561822934114696   13    9    8    6
 0.001367439819495022   13    9    8    7
 -0.06177122305205533   13    9    8    8
 -0.001012658753328232   13    9    9    1
 -0.01999599015360056   13    9    9    2
 0.005227433786728293   13    9    9    3
 0.008747896558888633   13    9    9    4
 -0.004778109145922977   13    9    9    5
 -0.0249637966592247   13    9    9    6
 -0.01333127537712012   13    9    9    7
 -0.002958568430527408   13    9    9    8
 -0.01384187393823247   13    9    9    9
 0.00107978122172272   13    9   10    1
 0.01158167512718846   13    9   10    2
 -0.009390153600640804   13    9   10    3
 -0.0004565384355273189   13    9   10    4
 -0.001177314735905833   13    9   10    5
 0.01228977683779151   13    9   10    6
 0.002342840084359761   13    9   10    7
 -0.003220712765865572   13    9   10    8
 0.01651168790850044   13    9   10    9
 -0.0166633688396443   13    9   10   10
 9.216553408479335e-05   13    9   11    1
 0.001928221481180412   13    9   11    2
 -0.01257637682974909   13    9   11    3
 -0.004121154038328546   13    9   11    4
 -0.009445215021637339   13    9   11    5
 0.0168813893188413   13    9   11    6
 0.01365516592394757   13    9   11    7
 -0.002767868988694911   13    9   11    8
 -0.001182307589008258   13    9   11    9
 0.01847409522357034   13    9   11   10
 0.0288197984568195   13    9   11   11
 0.0002986285571758388   13    9   12    1
 0.01076782001194801   13    9   12    2
 -0.0052656882765738   13    9   12    3
 -0.01288975107649023   13    9   12    4
 0.01094163295421784   13    9   12    5
 0.01215575005098695   13    9   12    6
 0.02007230759313982   13    9   12    7
 0.003045656603394952   13    9   12    8
 0.009196454612742679   13    9   12    9
 -0.01220578063358838   13    9   12   10
 -0.0003847697230135079   13    9   12   11
 0.02190273250061108   13    9   12   12
 0.001084593854706684   13    9   13    1
 0.01408182106293418   13    9   13    2
 0.001659965460329891   13    9   13    3
 -0.004625096158382611   13    9   13    4
 -0.008542521790677641   13    9   13    5
 0.001181253231601425   13    9   13    6
 0.01462573744137592   13    9   13    7
 -0.003869859624712028   13    9   13    8
 0.0447210541509599   13    9   13    9
 0.1353615022328339   13   10    1    1
 -0.001827816394517978   13   10    2    1
 0.06942331107272816   13   10    2    2
 0.0004887714879374238   13   10    3    1
 -0.0411114025708844   13   10    3    2
 -0.0163414473615228   13   10    3    3
 0.002712085422802382   13   10    4    1
 0.004058897075965414   13   10    4    2
 -0.04459920980013181   13   10    4    3
 0.008593112154360455   13   10    4    4
 -0.000109254878688749   13   10    5    1
 -0.001994582724543548   13   10    5    2
 -0.002292542056683356   13   10    5    3
 0.006784115468015928   13   10    5    4
 -0.006095719312366117   13   10    5    5
 -0.0003757366682189859   13   10    6    1
 -0.01104199923851301   13   10    6    2
 0.02041451743536022   13   10    6    3
 -0.037894653068356   13   10    6    4
 0.002785197809677031   13   10    6    5
 0.01221051296840863   13   10    6    6
 0.003898565587382791   13   10    7    1
 0.0122170773369073   13   10    7    2
 0.0214373889116363   13   10    7    3
 0.05315998907672977   13   10    7    4
 -0.001895806828977245   13   10    7    5
 0.01733933362623531   13   10    7    6
 0.04166819552925749   13   10    7    7
 -0.0006192662958824001   13   10    8    1
 -0.002978178291384182   13   10    8    2
 0.0003371601221352925   13   10    8    3
 -0.001529070547081838   13   10    8    4
 0.03945911111377492   13   10    8    5
 -0.00025659991761967   13   10    8    6
 0.0003677421104894813   13   10    8    7
 0.0646746560101242   13   10    8    8
 0.0004435387272316681   13   10    9    1
 0.01505419741926118   13   10    9    2
 -0.003620942728584735   13   10    9    3
 -0.005657418140021209   13   10    9    4
 0.002190428674010173   13   10    9    5
 0.02598990173083869   13   10    9    6
 0.007667168175754938   13   10    9    7
 0.002679204697676049   13   10    9    8
 0.01285391259895482   13   10    9    9
 -0.001334680535656116   13   10   10    1
 -0.008981399928964181   13   10   10    2
 0.006777228871592031   13   10   10    3
 -1.334249474446706e-05   13   10   10    4
 0.002601526931133271   13   10   10    5
 -0.01134272450432111   13   10   10    6
 0.002392988247911093   13   10   10    7
 0.004035236579077504   13   10   10    8
 -0.02462442504825452   13   10   10    9
 0.0153851026871003   13   10   10   10
 0.000385530099479802   13   10   11    1
 -0.002398313935418262   13   10   11    2
 0.0100344917242405   13   10   11    3
 0.004524508723087637   13   10   11    4
 0.0006080666310099562   13   10   11    5
 -0.01353453665223936   13   10   11    6
 -0.01427758886560566   13   10   11    7
 0.006855352570973757   13   10   11    8
 0.00319030383708473   13   10   11    9
 -0.01952340375414773   13   10   11   10
 -0.02164860240227397   13   10   11   11
 0.0005078341647794048   13   10   12    1
 -0.008950899292372196   13   10   12    2
 0.006040209757990506   13   10   12    3
 0.01051585181308694   13   10   12    4
 -0.01100039834163641   13   10   12    5
 -0.01523584148057359   13   10   12    6
 -0.01867006482495431   13   10   12    7
 -0.002173925946039705   13   10   12    8
 -0.01226383022782569   13   10   12    9
 0.009577425223437545   13   10   12   10
 0.006107072929425258   13   10   12   11
 -0.0211545690508479   13   10   12   12
 -0.0009247364326161259   13   10   13    1
 -0.01116864782238596   13   10   13    2
 -0.0002690172015885128   13   10   13    3
 0.01093439566767908   13   10   13    4
 0.005890790819317288   13   10   13    5
 0.003496734517300701   13   10   13    6
 -0.01694619598355211   13   10   13    7
 0.004715685750275197   13   10   13    8
 -0.04206740064249263   13   10   13    9
 0.0464727353926749   13   10   13   10
 0.03303541594201857   13   11    1    1
 -8.972102938982334e-05   13   11    2    1
 0.03115939186524936   13   11    2    2
 0.0005267014069569218   13   11    3    1
 0.006157174478797936   13   11    3    2
 0.01187590675835923   13   11    3    3
 -0.0004852050275864399   13   11    4    1
 -0.005552279235621   13   11    4    2
 0.00596943735682511   13   11    4    3
 0.02211305024784533   13   11    4    4
 -0.0001591475568578647   13   11    5    1
 0.001858271219652076   13   11    5    2
 0.01184911653279158   13   11    5    3
 -0.006650542768713712   13   11    5    4
 0.01957037921698086   13   11    5    5
 0.001169990776304801   13   11    6    1
 0.0203220687194154   13   11    6    2
 0.01923112588466031   13   11    6    3
 0.002468539035967588   13   11    6    4
 -0.01561768986698446   13   11    6    5
 0.01709065790096147   13   11    6    6
 0.001058846617332339   13   11    7    1
 0.004570250557964112   13   11    7    2
 0.0003892073897901029   13   11    7    3
 -0.00439229464334577   13   11    7    4
 0.004007939466725905   13   11    7    5
 0.006866559231649813   13   11    7    6
 0.02120231629215856   13   11    7    7
 -0.0003629905264220891   13   11    8    1
 -0.003306431844527527   13   11    8    2
 -0.007327479897368414   13   11    8    3
 0.002615834419428747   13   11    8    4
 0.006292243117585021   13   11    8    5
 0.008558598287989966   13   11    8    6
 -0.004059434499736755   13   11    8    7
 0.0200187660674214   13   11    8    8
 0.0005268612488897173   13   11    9    1
 0.002457364331163248   13   11    9    2
 -0.01029939864497791   13   11    9    3
 0.002976064037924156   13   11    9    4
 -0.005067591009532775   13   11    9    5
 -0.0005429018936698667   13   11    9    6
 0.00402046871035331   13   11    9    7
 0.001011430505498948   13   11    9    8
 0.01852630779454085   13   11    9    9
 0.000291032927185481   13   11   10    1
 -0.002549322549800677   13   11   10    2
 0.007142896752394485   13   11   10    3
 -0.004677922548666577   13   11   10    4
 -0.004557470391573656   13   11   10    5
 -0.001116635783848738   13   11   10    6
 -0.004870368871065826   13   11   10    7
 0.002675363457596751   13   11   10    8
 -0.0002538942062893777   13   11   10    9
 0.01035372548712341   13   11   10   10
 -0.0006141117178952639   13   11   11    1
 0.002929617209212419   13   11   11    2
 0.005304972789094358   13   11   11    3
 0.009845001369417891   13   11   11    4
 0.003510784639876702   13   11   11    5
 0.006893220167277535   13   11   11    6
 -0.003275340271415273   13   11   11    7
 -0.003831286211893097   13   11   11    8
 0.004774614942822216   13   11   11    9
 0.001247032791309545   13   11   11   10
 0.0145769920429518   13   11   11   11
 -0.0007801350108293218   13   11   12    1
 0.0008410188537045806   13   11   12    2
 9.869115108201534e-05   13   11   12    3
 0.00668648840947258   13   11   12    4
 0.01396543558966171   13   11   12    5
 0.01491543442512661   13   11   12    6
 -0.002563093995790144   13   11   12    7
 -0.006346145516341434   13   11   12    8
 -0.007442036046481439   13   11   12    9
 -0.003043761379511461   13   11   12   10
 -0.009128746860836291   13   11   12   11
 0.02283728969331815   13   11   12   12
 -0.0002719241792862114   13   11   13    1
 0.004867876887060921   13   11   13    2
 0.01466331327889628   13   11   13    3
 -0.004507641074140197   13   11   13    4
 -0.01835487636402544   13   11   13    5
 0.002070685188757664   13   11   13    6
 0.003900456516324894   13   11   13    7
 0.008935375800851211   13   11   13    8
 -0.001991328075355012   13   11   13    9
 -0.002442284948456807   13   11   13   10
 0.02761081900354146   13   11   13   11
 0.0515756353409491   13   12    1    1
 -0.0005826027754487325   13   12    2    1
 0.0301348171662267   13   12    2    2
 0.0007084245895402736   13   12    3    1
 -0.007188426856595718   13   12    3    2
 0.001899940117659661   13   12    3    3
 0.0005314211873724409   13   12    4    1
 0.01436019093900732   13   12    4    2
 0.02810023413777203   13   12    4    3
 0.0329862453228906   13   12    4    4
 0.0002710964786741196   13   12    5    1
 0.007523807951049482   13   12    5    2
 0.01569298457481827   13   12    5    3
 -0.005981712386089668   13   12    5    4
 -0.0195680964687658   13   12    5    5
 0.001135086925679485   13   12    6    1
 0.01990296828431939   13   12    6    2
 0.04290509707611249   13   12    6    3
 0.003352504527405955   13   12    6    4
 -0.01473159812581739   13   12    6    5
 0.003905830999281978   13   12    6    6
 0.002675969376191579   13   12    7    1
 0.001254385152211671   13   12    7    2
 -0.02271479053661132   13   12    7    3
 -0.008640750371005352   13   12    7    4
 0.006930395986309508   13   12    7    5
 0.003245032803972887   13   12    7    6
 0.0305183114241207   13   12    7    7
 0.000610572711621506   13   12    8    1
 -0.0003266632606285956   13   12    8    2
 -0.01065588574201311   13   12    8    3
 0.003583906702219669   13   12    8    4
 0.02455247388031506   13   12    8    5
 0.01004802809092434   13   12    8    6
 -0.005428439892864367   13   12    8    7
 0.01394760599900998   13   12    8    8
 0.0009895289836952246   13   12    9    1
 0.008472439010586473   13   12    9    2
 -0.008795792049890042   13   12    9    3
 -0.0154801120463337   13   12    9    4
 0.0009079077707165939   13   12    9    5
 -0.002070766274477317   13   12    9    6
 0.01591074947951179   13   12    9    7
 0.002058711575998158   13   12    9    8
 0.01009636464024451   13   12    9    9
 -0.0003063516998255671   13   12   10    1
 -0.006028062073939821   13   12   10    2
 0.008654370314877757   13   12   10    3
 0.009066128220785044   13   12   10    4
 -0.006189669535849525   13   12   10    5
 -0.0007742686628212229   13   12   10    6
 -0.01062046683983443   13   12   10    7
 0.003390081269862654   13   12   10    8
 -0.0178506113675872   13   12   10    9
 0.01199436053973308   13   12   10   10
 -0.0004493512021022602   13   12   11    1
 3.643156808073767e-05   13   12   11    2
 -0.002739185086990568   13   12   11    3
 0.002161352763794297   13   12   11    4
 0.006470985589383776   13   12   11    5
 0.007089292564573793   13   12   11    6
 -0.003600752718391406   13   12   11    7
 -0.001999314139714205   13   12   11    8
 -0.001317447878070658   13   12   11    9
 -0.001935002196832133   13   12   11   10
 -0.02052153528698436   13   12   11   11
 -0.0008604825065255918   13   12   12    1
 -0.001502511704480321   13   12   12    2
 -0.00265804455139713   13   12   12    3
 -0.001813894391733079   13   12   12    4
 0.02011660028965023   13   12   12    5
 0.007056291284486797   13   12   12    6
 0.001548855614083699   13   12   12    7
 -0.0134639041987333   13   12   12    8
 -3.757690281411114e-05   13   12   12    9
 -0.01362717545977866   13   12   12   10
 -0.004055085154102344   13   12   12   11
 0.01155694373974269   13   12   12   12
 -0.0006511992625570858   13   12   13    1
 -0.005207852970369305   13   12   13    2
 -0.004090181370881743   13   12   13    3
 -0.02402955422752302   13   12   13    4
 -0.005019191110303698   13   12   13    5
 -0.01786928508206639   13   12   13    6
 0.01849220692382152   13   12   13    7
 0.006056821348089127   13   12   13    8
 0.0005305882162937087   13   12   13    9
 -0.01237466852148901   13   12   13   10
 0.01993961345527475   13   12   13   11
 0.05238082765532995   13   12   13   12
 0.4079724647191654   13   13    1    1
 -0.001128847278694042   13   13    2    1
 0.3948628196638577   13   13    2    2
 0.001438644836663508   13   13    3    1
 0.04691205411281329   13   13    3    2
 0.445500880255143   13   13    3    3
 0.001295725269640955   13   13    4    1
 0.005765991331374053   13   13    4    2
 0.05039739931480615   13   13    4    3
 0.4264299541390936   13   13    4    4
 -0.0004686855953245756   13   13    5    1
 -0.02720982100912887   13   13    5    2
 -0.05471944546502874   13   13    5    3
 -0.001346859259686328   13   13    5    4
 0.4071621439948453   13   13    5    5
 0.002476783732454214   13   13    6    1
 0.0455574897919442   13   13    6    2
 0.006562069508934266   13   13    6    3
 0.03394601292567367   13   13    6    4
 0.02141053321447147   13   13    6    5
 0.4214786096760887   13   13    6    6
 0.006105115469604273   13   13    7    1
 0.02655747434062091   13   13    7    2
 -0.03514246770177017   13   13    7    3
 -0.06345776253207362   13   13    7    4
 -0.006033187399311171   13   13    7    5
 -0.01320589665916349   13   13    7    6
 0.3821656020015364   13   13    7    7
 -0.001644298054442509   13   13    8    1
 -0.002518962669752001   13   13    8    2
 0.0295377370303442   13   13    8    3
 0.0005457116551531159   13   13    8    4
 -0.01684383928617694   13   13    8    5
 -0.01760919598099649   13   13    8    6
 0.002104565867463797   13   13    8    7
 0.3600439107343445   13   13    8    8
 0.002259582651367176   13   13    9    1
 0.01268953207913086   13   13    9    2
 -0.01403898248794091   13   13    9    3
 0.01889996247913879   13   13    9    4
 -0.0216454117451349   13   13    9    5
 -0.0134074373323081   13   13    9    6
 0.001316194766136926   13   13    9    7
 0.006693420751685359   13   13    9    8
 0.3276535933939128   13   13    9    9
 -0.0008920867878521085   13   13   10    1
 -0.01455684013531845   13   13   10    2
 -0.009100426467877355   13   13   10    3
 -0.01954510984462888   13   13   10    4
 -0.01457989488825675   13   13   10    5
 0.02646641811073193   13   13   10    6
 -0.00412176013508926   13   13   10    7
 0.008634711545982332   13   13   10    8
 -0.09109738862457571   13   13   10    9
 0.3081044522368149   13   13   10   10
 -0.001412372777675103   13   13   11    1
 0.003365465187816714   13   13   11    2
 -0.01907077912566995   13   13   11    3
 0.008065958415933992   13   13   11    4
 -0.05218118913660786   13   13   11    5
 0.05010827678481206   13   13   11    6
 0.01203441661495392   13   13   11    7
 0.02364255115272327   13   13   11    8
 -0.005030703691474966   13   13   11    9
 0.02822137212853353   13   13   11   10
 0.3800820861643545   13   13   11   11
 -0.00173885525715394   13   13   12    1
 0.002225426535212776   13   13   12    2
 0.00751523615720386   13   13   12    3
 -0.006736847082499328   13   13   12    4
 0.04485661124040621   13   13   12    5
 0.01783452758053346   13   13   12    6
 0.01844110147316328   13   13   12    7
 -0.01378467055620096   13   13   12    8
 -0.05076509020675012   13   13   12    9
 -0.05524251748916233   13   13   12   10
 0.0544018137471443   13   13   12   11
 0.4162776596668251   13   13   12   12
 -0.001872354376160941   13   13   13    1
 0.0157091737785951   13   13   13    2
 0.05334044054782872   13   13   13    3
 0.00131229231501014   13   13   13    4
 -0.05035984987338885   13   13   13    5
 0.01693611786854046   13   13   13    6
 0.005771629620319289   13   13   13    7
 0.01499795785827336   13   13   13    8
 0.0451649942822074   13   13   13    9
 -0.03452010088108683   13   13   13   10
 0.02323680411492866   13   13   13   11
 0.02142413720115956   13   13   13   12
 0.5296049608255771   13   13   13   13
 0.01197863470751709   14    1    1    1
 -0.001812951257118231   14    1    2    1
 -0.001105068394014915   14    1    2    2
 -0.003226135629875861   14    1    3    1
 -0.007052489681923554   14    1    3    2
 0.002068725488732872   14    1    3    3
 0.008803729046441028   14    1    4    1
 0.01224325268255585   14    1    4    2
 -0.003471727596296713   14    1    4    3
 -0.004604193157032653   14    1    4    4
 0.000808714512583603   14    1    5    1
 0.001098208432544448   14    1    5    2
 -0.0001566641397783519   14    1    5    3
 -0.0003077576812139399   14    1    5    4
 -0.003075192930734583   14    1    5    5
 -0.008605800309001019   14    1    6    1
 -0.01166084418827626   14    1    6    2
 0.005370726746162924   14    1    6    3
 0.0001140644535388644   14    1    6    4
 -7.283448476123356e-05   14    1    6    5
 -0.0007060179935508027   14    1    6    6
 0.001277053820880048   14    1    7    1
 0.0005999195978207604   14    1    7    2
 0.0003569762388351502   14    1    7    3
 -0.001328995469837266   14    1    7    4
 -0.0001364022094185845   14    1    7    5
 0.002605564848933089   14    1    7    6
 -0.0005014858794714435   14    1    7    7
 0.001097364261596002   14    1    8    1
 0.001137566257132189   14    1    8    2
 -0.0004936387340433049   14    1    8    3
 -0.0003226322806335478   14    1    8    4
 0.0008612884760150318   14    1    8    5
 0.0002811617554939448   14    1    8    6
 -0.0004900952000289579   14    1    8    7
 3.657497476721389e-06   14    1    8    8
 -0.001822748719512063   14    1    9    1
 -0.0009137203633826922   14    1    9    2
 9.188535804613954e-05   14    1    9    3
 0.001117589181807661   14    1    9    4
 0.0006900796829701943   14    1    9    5
 -0.001775992119844583   14    1    9    6
 0.000870040730098164   14    1    9    7
 0.0005213130753515658   14    1    9    8
 -0.001692015679501575   14    1    9    9
 -0.005547429896588677   14    1   10    1
 -0.0051622419254342   14    1   10    2
 0.002823504793956168   14    1   10    3
 0.0008528384575054099   14    1   10    4
 0.0002643131025642825   14    1   10    5
 0.001801315117969277   14    1   10    6
 0.002748255449136244   14    1   10    7
 1.218320346397608e-06   14    1   10    8
 -0.002271470656282029   14    1   10    9
 0.00281899072891848   14    1   10   10
 0.00510446584254236   14    1   11    1
 0.004222285185881249   14    1   11    2
 -0.001397986579546678   14    1   11    3
 -0.002022465706687676   14    1   11    4
 0.0004487839838710808   14    1   11    5
 -0.000673697309790362   14    1   11    6
 -0.002722006839486397   14    1   11    7
 -3.81457439706182e-05   14    1   11    8
 0.001444925072456841   14    1   11    9
 -0.001649396412587221   14    1   11   10
 -0.002627798263270359   14    1   11   11
 0.0061210940929428   14    1   12    1
 0.004736136383856633   14    1   12    2
 -0.001894729602160466   14    1   12    3
 -0.00273027955360077   14    1   12    4
 -0.000914802969138601   14    1   12    5
 3.435898685055544e-05   14    1   12    6
 -0.002967341772596234   14    1   12    7
 -0.0006298472445101993   14    1   12    8
 0.002201168346080409   14    1   12    9
 -0.0004684662274883942   14    1   12   10
 -0.0007128374374520343   14    1   12   11
 -0.003899155903170176   14    1   12   12
 -0.0009973985663937058   14    1   13    1
 -0.001344307249073891   14    1   13    2
 0.0004723520273348758   14    1   13    3
 -0.001359267950442833   14    1   13    4
 0.0006268814265241435   14    1   13    5
 0.0008607993373615672   14    1   13    6
 0.0006629502013273205   14    1   13    7
 6.548322477850849e-05   14    1   13    8
 -0.001194755667244868   14    1   13    9
 0.002383574264891783   14    1   13   10
 -0.001421154857975934   14    1   13   11
 -0.0005079706186862844   14    1   13   12
 -0.001472869404081384   14    1   13   13
 0.01524162604138637   14    1   14    1
 -0.01297179109317127   14    2    1    1
 0.0002452883701918164   14    2    2    1
 0.0004176101805838846   14    2    2    2
 -0.00350597031389312   14    2    3    1
 -0.0006069583593162642   14    2    3    2
 0.02504721935483117   14    2    3    3
 0.006991263363022385   14    2    4    1
 0.01902280200421346   14    2    4    2
 -0.007407167527746697   14    2    4    3
 -0.001691166701463291   14    2    4    4
 0.000610630600276384   14    2    5    1
 -0.0002052153591764941   14    2    5    2
 -0.003651152688210151   14    2    5    3
 -0.002292207684076877   14    2    5    4
 0.01463763237914845   14    2    5    5
 -0.007216331130659367   14    2    6    1
 -0.01961984815800835   14    2    6    2
 0.005945326296184981   14    2    6    3
 0.009606106037296239   14    2    6    4
 -0.0007214977662450331   14    2    6    5
 0.01610991693581489   14    2    6    6
 0.0003300267144525699   14    2    7    1
 0.004480245364783338   14    2    7    2
 0.006482803191687307   14    2    7    3
 -0.02165982071833114   14    2    7    4
 -0.001523143836271613   14    2    7    5
 0.007420647780408458   14    2    7    6
 0.0001107019960879758   14    2    7    7
 0.0007512111396090233   14    2    8    1
 0.002525520465056108   14    2    8    2
 0.0009527517593620121   14    2    8    3
 -0.001100217082105919   14    2    8    4
 -0.008579198140037032   14    2    8    5
 -0.000337894360067428   14    2    8    6
 -0.001179171794802071   14    2    8    7
 -0.001107353237496042   14    2    8    8
 -0.0007660715710318477   14    2    9    1
 -0.007469474058166858   14    2    9    2
 -0.007019921577809165   14    2    9    3
 0.01567707525791922   14    2    9    4
 -0.002312579751839835   14    2    9    5
 -0.01042337173893367   14    2    9    6
 -0.002613150984856201   14    2    9    7
 0.001227142713185801   14    2    9    8
 0.006088043022145676   14    2    9    9
 -0.004944141274029056   14    2   10    1
 -0.01163329642932248   14    2   10    2
 0.009697872363452088   14    2   10    3
 -0.007889054812325927   14    2   10    4
 -0.002031988678133353   14    2   10    5
 0.009586997102218182   14    2   10    6
 0.005879760781871394   14    2   10    7
 0.0001345510423401256   14    2   10    8
 -0.0008566455086010152   14    2   10    9
 0.003954950754869109   14    2   10   10
 0.003996416236220617   14    2   11    1
 0.01159044589074146   14    2   11    2
 -0.008503247876103869   14    2   11    3
 0.00217602541503295   14    2   11    4
 -0.004532856014055983   14    2   11    5
 0.008688687290025773   14    2   11    6
 -0.004919054992269962   14    2   11    7
 0.000101952591022895   14    2   11    8
 0.003828286307959176   14    2   11    9
 0.002609807448509146   14    2   11   10
 0.01763833745630044   14    2   11   11
 0.00457367017279716   14    2   12    1
 0.01493891156048979   14    2   12    2
 -0.005308811843952565   14    2   12    3
 -0.005330050245517152   14    2   12    4
 0.006170764663394228   14    2   12    5
 0.009476429707489029   14    2   12    6
 -0.003919546516033264   14    2   12    7
 -0.002722866326158545   14    2   12    8
 -0.0004814505745564294   14    2   12    9
 -0.002524623468951289   14    2   12   10
 0.0004898297159536981   14    2   12   11
 0.01217308812079471   14    2   12   12
 -0.00122295626740258   14    2   13    1
 0.002574470430969097   14    2   13    2
 0.01147312839380774   14    2   13    3
 -0.004225379813614731   14    2   13    4
 -0.01036890164191597   14    2   13    5
 0.008848388932757167   14    2   13    6
 0.002015364905644569   14    2   13    7
 0.002816719035233609   14    2   13    8
 0.006625773848044846   14    2   13    9
 -0.003507678350414429   14    2   13   10
 0.006219619830823296   14    2   13   11
 -0.001563534670424029   14    2   13   12
 0.02041021183995484   14    2   13   13
 0.01193338065799973   14    2   14    1
 0.0411202670197835   14    2   14    2
 -0.07169493598573395   14    3    1    1
 0.001736827980450189   14    3    2    1
 -0.00728111423112235   14    3    2    2
 0.001034312900996398   14    3    3    1
 0.02527825658152438   14    3    3    2
 0.003600106945161934   14    3    3    3
 -0.003467002219197569   14    3    4    1
 -0.01330444913734389   14    3    4    2
 -0.001321047508543574   14    3    4    3
 0.01421275523971198   14    3    4    4
 -0.0003420483084166573   14    3    5    1
 -0.003483695623595452   14    3    5    2
 -0.003213220402179364   14    3    5    3
 -0.003911302605199844   14    3    5    4
 0.008924919864456825   14    3    5    5
 0.003834200792892585   14    3    6    1
 0.02089194939750785   14    3    6    2
 -0.007722038666310536   14    3    6    3
 0.009563886815687537   14    3    6    4
 -0.004853587580993394   14    3    6    5
 0.003129748609338933   14    3    6    6
 0.0001500430302693035   14    3    7    1
 0.01749105595194555   14    3    7    2
 -0.004809268165333253   14    3    7    3
 -0.01303879147888374   14    3    7    4
 0.001920804516450367   14    3    7    5
 -0.01375726459017001   14    3    7    6
 -0.013776447101505   14    3    7    7
 -0.000545273003479483   14    3    8    1
 -0.0007181848973287964   14    3    8    2
 0.001693501154234942   14    3    8    3
 0.001686128484044231   14    3    8    4
 -0.01318310509653224   14    3    8    5
 0.001004736766087318   14    3    8    6
 0.0002825788259363474   14    3    8    7
 -0.02654647417831153   14    3    8    8
 0.00162370782514048   14    3    9    1
 -0.01440221147301071   14    3    9    2
 -0.008090349739697696   14    3    9    3
 0.001789714402857434   14    3    9    4
 -0.006378783602150755   14    3    9    5
 -0.001100374721565107   14    3    9    6
 -0.01315076218302752   14    3    9    7
 -0.001933220554977876   14    3    9    8
 0.01104647972114574   14    3    9    9
 0.001513249360249168   14    3   10    1
 0.01815258819151908   14    3   10    2
 -0.002052182758834073   14    3   10    3
 0.007849834433671259   14    3   10    4
 -0.002517647798514073   14    3   10    5
 -0.007457932978113725   14    3   10    6
 0.003382168752561612   14    3   10    7
 0.001126219506635074   14    3   10    8
 -0.004951993716435096   14    3   10    9
 0.001184959149026092   14    3   10   10
 -0.002128664117323951   14    3   11    1
 -0.006180759496467663   14    3   11    2
 0.0006330513440069937   14    3   11    3
 0.007649603274875541   14    3   11    4
 -0.003538966619634489   14    3   11    5
 0.02087561033342521   14    3   11    6
 -0.0004263994427059072   14    3   11    7
 -0.003896268949937708   14    3   11    8
 0.007609390855948592   14    3   11    9
 -0.0006520925953449987   14    3   11   10
 0.01246053216168102   14    3   11   11
 -0.002808934487453855   14    3   12    1
 -0.003638577229095908   14    3   12    2
 -0.003678195024848807   14    3   12    3
 -0.002699471496735069   14    3   12    4
 0.01286761781996191   14    3   12    5
 0.01787745422024538   14    3   12    6
 0.009034012429959024   14    3   12    7
 -0.001756188373470654   14    3   12    8
 2.126996314040715e-05   14    3   12    9
 -0.0006885535513525389   14    3   12   10
 -0.000868073999956699   14    3   12   11
 0.0082217492106933   14    3   12   12
 -0.0002701365979147393   14    3   13    1
 0.01288057993046362   14    3   13    2
 0.004767270652516265   14    3   13    3
 2.019065279821835e-05   14    3   13    4
 -0.01803713744516524   14    3   13    5
 -0.003021860390079396   14    3   13    6
 0.01397236017641917   14    3   13    7
 0.004782284659198202   14    3   13    8
 0.005905171880747161   14    3   13    9
 -0.004819112739677801   14    3   13   10
 0.01414620302502865   14    3   13   11
 0.005808433584535031   14    3   13   12
 0.02138418491780002   14    3   13   13
 -0.006011213608952237   14    3   14    1
 -0.00290641537657318   14    3   14    2
 0.03721393970581049   14    3   14    3
 0.1977843727328833   14    4    1    1
 -0.003874052661759755   14    4    2    1
 0.06103225453273965   14    4    2    2
 0.002211384381323218   14    4    3    1
 -0.033033264643759   14    4    3    2
 -0.01220274589915303   14    4    3    3
 -0.001580923308773633   14    4    4    1
 -0.01877933951668956   14    4    4    2
 0.003304243385948406   14    4    4    3
 0.02043523676428816   14    4    4    4
 -0.0001883933922429949   14    4    5    1
 -0.005893395980721462   14    4    5    2
 -0.008201474979457234   14    4    5    3
 0.001111484525369594   14    4    5    4
 -0.009658622484146288   14    4    5    5
 0.001280406121047115   14    4    6    1
 0.006084483040903561   14    4    6    2
 0.02463930514151746   14    4    6    3
 -0.02028532563933121   14    4    6    4
 0.00231441314581207   14    4    6    5
 0.008246584298203316   14    4    6    6
 -0.0004812247689724237   14    4    7    1
 -0.03198635174615524   14    4    7    2
 0.01502989398450319   14    4    7    3
 0.0379605517319283   14    4    7    4
 0.002213548784530639   14    4    7    5
 0.01920923806051983   14    4    7    6
 0.06430755992445299   14    4    7    7
 -0.0002384016015394503   14    4    8    1
 -0.003119506906116483   14    4    8    2
 0.003044572149500187   14    4    8    3
 0.00106047207083471   14    4    8    4
 0.04685766790139653   14    4    8    5
 0.00153153301262242   14    4    8    6
 -0.002293870021025271   14    4    8    7
 0.07972245046534006   14    4    8    8
 -0.002316420049851892   14    4    9    1
 0.03072226039068797   14    4    9    2
 -0.005514918174018647   14    4    9    3
 -0.008675393740517458   14    4    9    4
 0.007425999441474514   14    4    9    5
 0.01023632907082532   14    4    9    6
 0.03236831394525676   14    4    9    7
 0.004992069892403552   14    4    9    8
 -0.004021561551397234   14    4    9    9
 0.003088439426792737   14    4   10    1
 -0.0176565814503398   14    4   10    2
 0.02008809329959716   14    4   10    3
 -0.0135727443796134   14    4   10    4
 0.002599080123419902   14    4   10    5
 0.01309056177664883   14    4   10    6
 -0.02845344769866529   14    4   10    7
 0.0009528873511235633   14    4   10    8
 -0.0009699960366594987   14    4   10    9
 -0.002824001241555872   14    4   10   10
 -0.0007242044664917355   14    4   11    1
 0.001697499758555544   14    4   11    2
 0.01003175619174469   14    4   11    3
 0.008943825560147471   14    4   11    4
 0.006764419734341838   14    4   11    5
 -0.03021097725106289   14    4   11    6
 -0.001285634103910388   14    4   11    7
 0.007748836787125688   14    4   11    8
 -0.01132494132852807   14    4   11    9
 -0.01036016682751385   14    4   11   10
 -0.02950461322755246   14    4   11   11
 -2.738571385079249e-06   14    4   12    1
 -0.01596138648157068   14    4   12    2
 -0.00773564629363639   14    4   12    3
 0.004725473251610053   14    4   12    4
 -0.0153266236423452   14    4   12    5
 -0.03412295342465769   14    4   12    6
 -0.002399904421150275   14    4   12    7
 -0.00264392177363883   14    4   12    8
 -0.004843173137703892   14    4   12    9
 0.003082093356227266   14    4   12   10
 0.009225197669570338   14    4   12   11
 -0.01030614020517523   14    4   12   12
 0.001932456472721135   14    4   13    1
 -0.02014710389519412   14    4   13    2
 -0.00763539903036622   14    4   13    3
 -0.02048554166265077   14    4   13    4
 0.01175149942350431   14    4   13    5
 -0.002862668603783692   14    4   13    6
 -0.01282155392418832   14    4   13    7
 0.001633386866963163   14    4   13    8
 -0.01265436343824295   14    4   13    9
 0.007888414624681159   14    4   13   10
 0.000381527311883356   14    4   13   11
 0.009979977459442707   14    4   13   12
 -0.005404241027373032   14    4   13   13
 -0.002831254428712153   14    4   14    1
 -0.0149834897161338   14    4   14    2
 -0.02390824382549849   14    4   14    3
 0.0644991791396252   14    4   14    4
 0.00875663540933554   14    5    1    1
 -0.0004207686151008834   14    5    2    1
 -0.007861911374020855   14    5    2    2
 0.0001685047763813202   14    5    3    1
 -0.007268732557183549   14    5    3    2
 -0.01559151990589604   14    5    3    3
 -0.0001796030996565012   14    5    4    1
 -0.004840568046726432   14    5    4    2
 -0.009611701430383531   14    5    4    3
 -0.0143312017734637   14    5    4    4
 -0.0002065781830639525   14    5    5    1
 -0.0004477266732345275   14    5    5    2
 -0.00583451396681372   14    5    5    3
 0.002163524599090641   14    5    5    4
 -0.01138432081316877   14    5    5    5
 -6.55017452701891e-05   14    5    6    1
 -0.007323626785102017   14    5    6    2
 -0.008388891609391018   14    5    6    3
 -0.002569169475668156   14    5    6    4
 0.007817492309708381   14    5    6    5
 -0.008336542622823675   14    5    6    6
 -0.0003917075777291061   14    5    7    1
 -0.004734927970234132   14    5    7    2
 0.008544995872423923   14    5    7    3
 0.009206132989023053   14    5    7    4
 0.000849839984888761   14    5    7    5
 -6.230052177882583e-05   14    5    7    6
 -0.005430441540355747   14    5    7    7
 -0.0003856902093793197   14    5    8    1
 -0.000764502158530726   14    5    8    2
 0.002766453486220558   14    5    8    3
 0.003813189006638204   14    5    8    4
 0.003582402838047355   14    5    8    5
 -0.009167859577460153   14    5    8    6
 0.002039315967243866   14    5    8    7
 0.001679225881557718   14    5    8    8
 -0.0004492484098475271   14    5    9    1
 0.001426018065023504   14    5    9    2
 -0.001724214196005128   14    5    9    3
 0.0002043845144356968   14    5    9    4
 -0.000404282196062441   14    5    9    5
 0.004034044468362882   14    5    9    6
 0.002349959212077036   14    5    9    7
 -0.0001471663026636613   14    5    9    8
 -0.01033716672901198   14    5    9    9
 0.0003677746435041489   14    5   10    1
 -0.00108146047785359   14    5   10    2
 0.002039908828796172   14    5   10    3
 0.001130251930432451   14    5   10    4
 0.00431214931087091   14    5   10    5
 0.0009642673556320791   14    5   10    6
 -0.003733951266070919   14    5   10    7
 -0.003979129031942506   14    5   10    8
 0.00334860920478967   14    5   10    9
 -0.01231835219385573   14    5   10   10
 1.379121660117017e-05   14    5   11    1
 -0.001268257629134084   14    5   11    2
 0.003948028928833178   14    5   11    3
 0.0007304138335726939   14    5   11    4
 -0.002730202869328307   14    5   11    5
 -0.01265896549815622   14    5   11    6
 -0.001011320478986617   14    5   11    7
 0.006771713995756083   14    5   11    8
 0.0001150147676351827   14    5   11    9
 -0.00664416914585142   14    5   11   10
 -0.01359964579927681   14    5   11   11
 0.0001824578604165108   14    5   12    1
 -0.0004415126973629339   14    5   12    2
 0.004545898044960573   14    5   12    3
 -0.00570045606625203   14    5   12    4
 -0.01471326117281582   14    5   12    5
 -0.01490135871273837   14    5   12    6
 0.003161029956750216   14    5   12    7
 0.009380025691517038   14    5   12    8
 0.0002693255218433962   14    5   12    9
 0.005176490242267667   14    5   12   10
 0.007683215521110182   14    5   12   11
 -0.01409699811912372   14    5   12   12
 0.0003299701160790664   14    5   13    1
 -0.008834347439836129   14    5   13    2
 -0.01719869653131747   14    5   13    3
 0.002277178570281551   14    5   13    4
 0.01708076570443741   14    5   13    5
 0.005767536014519009   14    5   13    6
 -0.007207821258453269   14    5   13    7
 -0.007864861455478623   14    5   13    8
 -0.002576099705704006   14    5   13    9
 0.0051564051243258   14    5   13   10
 -0.01260861258219029   14    5   13   11
 -0.01185445955695578   14    5   13   12
 -0.02035683344403015   14    5   13   13
 -0.0001442428012375587   14    5   14    1
 -0.005639394236698904   14    5   14    2
 -0.0107068327152228   14    5   14    3
 0.01001337040204729   14    5   14    4
 0.02086891596306428   14    5   14    5
 -0.2216934289681592   14    6    1    1
 0.003829338699546463   14    6    2    1
 -0.08899905458107789   14    6    2    2
 -0.001181154947787529   14    6    3    1
 0.0356941649390134   14    6    3    2
 -0.01447936530393375   14    6    3    3
 -0.0008350225956293665   14    6    4    1
 0.01842124699146343   14    6    4    2
 0.01867856357087816   14    6    4    3
 -0.03933995970002329   14    6    4    4
 -0.0002286207031252441   14    6    5    1
 -0.004923793736311865   14    6    5    2
 -0.01136796542872786   14    6    5    3
 -6.147611181602396e-05   14    6    5    4
 -0.01307775048751014   14    6    5    5
 0.0007549634400063354   14    6    6    1
 0.004051378076140442   14    6    6    2
 -0.02352076111545431   14    6    6    3
 0.0272140150002944   14    6    6    4
 0.006308402445834469   14    6    6    5
 -0.03523869356459369   14    6    6    6
 -0.0001971050636072993   14    6    7    1
 0.02187735862025754   14    6    7    2
 -0.02667022321616463   14    6    7    3
 -0.03337417816401306   14    6    7    4
 -0.003145016353426539   14    6    7    5
 -0.02904784900759395   14    6    7    6
 -0.08227790769495555   14    6    7    7
 -0.0005480893620064877   14    6    8    1
 0.0005736986770987936   14    6    8    2
 0.007393002149553483   14    6    8    3
 0.0005620158851466797   14    6    8    4
 -0.0488879648765977   14    6    8    5
 -0.007647830866828158   14    6    8    6
 0.004312754174350848   14    6    8    7
 -0.09857874076940283   14    6    8    8
 0.002191568016328388   14    6    9    1
 -0.0239854262440683   14    6    9    2
 0.009040137030613307   14    6    9    3
 -0.007071347242367877   14    6    9    4
 -0.0003858148468456924   14    6    9    5
 -0.01714592334229898   14    6    9    6
 -0.01924845735951776   14    6    9    7
 -0.008042511212363809   14    6    9    8
 -0.02622036062487915   14    6    9    9
 -0.001294122665604565   14    6   10    1
 0.02047468582893237   14    6   10    2
 -0.01637898634701263   14    6   10    3
 0.02418893985811886   14    6   10    4
 0.00220981515891766   14    6   10    5
 -0.007778460087161002   14    6   10    6
 0.01090042513710691   14    6   10    7
 -0.003530395603044202   14    6   10    8
 0.01054924034813405   14    6   10    9
 -0.01872868229862619   14    6   10   10
 -0.0005764774196405141   14    6   11    1
 0.005123579320829913   14    6   11    2
 0.01636851710925582   14    6   11    3
 -0.01808618208048459   14    6   11    4
 -0.01026849096594958   14    6   11    5
 0.01055614111871505   14    6   11    6
 0.01449528633061249   14    6   11    7
 -0.002770777512695127   14    6   11    8
 0.001787174712760988   14    6   11    9
 0.00770582980241649   14    6   11   10
 -0.006620495648595141   14    6   11   11
 -0.001271051044476762   14    6   12    1
 0.01159115828862114   14    6   12    2
 0.009988945281365973   14    6   12    3
 -0.02023654778714604   14    6   12    4
 -0.004553905604124676   14    6   12    5
 0.01258237174856936   14    6   12    6
 0.02029622932064181   14    6   12    7
 0.0135334077415661   14    6   12    8
 0.0146478656802579   14    6   12    9
 -0.002518743485302218   14    6   12   10
 -0.001691198262883901   14    6   12   11
 -0.008753819752993939   14    6   12   12
 -0.001374721489762842   14    6   13    1
 0.01734496876749491   14    6   13    2
 -0.01020665412337362   14    6   13    3
 0.006744954896548403   14    6   13    4
 0.004496510290542739   14    6   13    5
 0.008849879645356775   14    6   13    6
 0.01986537593400557   14    6   13    7
 -0.01105460645585235   14    6   13    8
 0.01974884838973264   14    6   13    9
 -0.01655411090336538   14    6   13   10
 -0.00828620557074077   14    6   13   11
 -0.009060421296974958   14    6   13   12
 0.01309643695312821   14    6   13   13
 -0.001017742653226702   14    6   14    1
 -0.003667734307530712   14    6   14    2
 0.01140149500163396   14    6   14    3
 -0.03130838179742908   14    6   14    4
 0.002395297039611   14    6   14    5
 0.05521259616858952   14    6   14    6
 0.02942041462402427   14    7    1    1
 -0.0004407467762129739   14    7    2    1
 0.02384663990711092   14    7    2    2
 0.002182591277637484   14    7    3    1
 0.02686141125788832   14    7    3    2
 0.02886253629093014   14    7    3    3
 -0.004567697563275673   14    7    4    1
 -0.04112876065293317   14    7    4    2
 0.003162535196702605   14    7    4    3
 0.03319418808015058   14    7    4    4
 -0.0003867384946871207   14    7    5    1
 -0.001164286809758716   14    7    5    2
 0.00537041452183569   14    7    5    3
 0.001192125951554817   14    7    5    4
 0.04398968412165713   14    7    5    5
 0.00432077782958352   14    7    6    1
 0.02733037526945982   14    7    6    2
 -0.02326513142507578   14    7    6    3
 0.005656434726512308   14    7    6    4
 -0.0005946225978858661   14    7    6    5
 0.02600343310821502   14    7    6    6
 -0.0008418835758756387   14    7    7    1
 -0.003747378889941012   14    7    7    2
 0.008313998637551922   14    7    7    3
 -0.00355260403483183   14    7    7    4
 -0.0008827383930551587   14    7    7    5
 -0.003511821869407396   14    7    7    6
 0.02157175779719647   14    7    7    7
 -0.0004667619937415047   14    7    8    1
 -0.002364700276236347   14    7    8    2
 -0.0001335737278715501   14    7    8    3
 -0.001327689416499814   14    7    8    4
 -0.008035555219192981   14    7    8    5
 0.0009640205351346918   14    7    8    6
 0.001933320894784857   14    7    8    7
 0.02147470200333666   14    7    8    8
 6.793331752467599e-05   14    7    9    1
 0.0001314750414551723   14    7    9    2
 -0.01003367503587929   14    7    9    3
 0.02656798753296152   14    7    9    4
 -0.005670025590664748   14    7    9    5
 -0.008340016464612523   14    7    9    6
 -0.007365767467899456   14    7    9    7
 0.001429759530146014   14    7    9    8
 0.0234168665127711   14    7    9    9
 0.003531716207053415   14    7   10    1
 0.003358420199821402   14    7   10    2
 -0.002275131943848567   14    7   10    3
 -0.03073518742632201   14    7   10    4
 -0.00537848078622538   14    7   10    5
 0.006846162064580919   14    7   10    6
 -0.00869329440393141   14    7   10    7
 0.0003924576450619445   14    7   10    8
 0.006768579816594566   14    7   10    9
 0.005087620965577076   14    7   10   10
 -0.002529642365103362   14    7   11    1
 -0.008020090824778519   14    7   11    2
 -0.01172781020235775   14    7   11    3
 0.01341765233168779   14    7   11    4
 -0.005791006884957294   14    7   11    5
 0.01448523397788095   14    7   11    6
 0.009633958051744392   14    7   11    7
 -2.706734464364065e-05   14    7   11    8
 -0.0006333617400760342   14    7   11    9
 0.01249006382060688   14    7   11   10
 0.04582138595166015   14    7   11   11
 -0.002760198312494697   14    7   12    1
 -0.00327028761454951   14    7   12    2
 0.007984276907764258   14    7   12    3
 0.0142125981916633   14    7   12    4
 0.01354347176901945   14    7   12    5
 0.01671063848966426   14    7   12    6
 0.005233763893891685   14    7   12    7
 -0.003439586910104619   14    7   12    8
 -0.01255867016534341   14    7   12    9
 -0.001053430317605062   14    7   12   10
 -0.0005089470122402504   14    7   12   11
 0.03903257774121802   14    7   12   12
 0.001105356929786486   14    7   13    1
 0.00495491055012074   14    7   13    2
 0.01976571403823818   14    7   13    3
 0.00333971312934719   14    7   13    4
 -0.01421780102176076   14    7   13    5
 0.01105042780429752   14    7   13    6
 -0.01314507316689663   14    7   13    7
 0.003605473702726857   14    7   13    8
 0.009017548471766942   14    7   13    9
 -0.008290659900887469   14    7   13   10
 0.009183705836979878   14    7   13   11
 -0.005504274098379477   14    7   13   12
 0.02407022212972878   14    7   13   13
 -0.00781250271708178   14    7   14    1
 -0.00419813560080512   14    7   14    2
 0.01615181160724159   14    7   14    3
 -0.0003292133562124036   14    7   14    4
 -0.005600660392200766   14    7   14    5
 -0.006502310810696158   14    7   14    6
 0.0466856706482825   14    7   14    7
 0.03198812370668231   14    8    1    1
 -0.0004598118502110134   14    8    2    1
 0.01783185141847906   14    8    2    2
 0.0003193728903893342   14    8    3    1
 -0.00169725880550671   14    8    3    2
 0.008109286107159407   14    8    3    3
 -0.0002163266712702091   14    8    4    1
 -0.002607131254236748   14    8    4    2
 0.002417728647483244   14    8    4    3
 0.01303200750233249   14    8    4    4
 -0.0003201590691634922   14    8    5    1
 -0.001632349162623678   14    8    5    2
 0.003003241043852191   14    8    5    3
 0.004960876716059884   14    8    5    4
 0.007702832151587891   14    8    5    5
 0.0002637108033732661   14    8    6    1
 0.004122029430554442   14    8    6    2
 0.00746404832719506   14    8    6    3
 -0.002246595146472596   14    8    6    4
 -0.01104832880880277   14    8    6    5
 0.006892676588484183   14    8    6    6
 9.726901755091807e-05   14    8    7    1
 -0.00205446347140687   14    8    7    2
 0.0002389959458965872   14    8    7    3
 0.00147976029598177   14    8    7    4
 0.001407821254573394   14    8    7    5
 0.004672720254578014   14    8    7    6
 0.01634503295906924   14    8    7    7
 -0.000666797449743776   14    8    8    1
 -0.003569948645592383   14    8    8    2
 -0.008120326166685119   14    8    8    3
 0.01202376311285487   14    8    8    4
 0.008650948506282612   14    8    8    5
 -0.006640761719283064   14    8    8    6
 0.0002244762487383211   14    8    8    7
 0.01805588320094455   14    8    8    8
 -0.0002105436082617062   14    8    9    1
 0.003144962302873239   14    8    9    2
 -0.001518410251242011   14    8    9    3
 0.001928289373542019   14    8    9    4
 -0.000823727922741418   14    8    9    5
 -0.0003082820755357138   14    8    9    6
 0.002226767427955251   14    8    9    7
 -0.000969351493186482   14    8    9    8
 0.008877665099410459   14    8    9    9
 0.0003618784332468712   14    8   10    1
 -0.001739206054901498   14    8   10    2
 0.00162916295910734   14    8   10    3
 -0.00387115138865433   14    8   10    4
 -0.004912581831262527   14    8   10    5
 0.0001495489871800504   14    8   10    6
 -0.0006974747769798298   14    8   10    7
 -0.003680132468591596   14    8   10    8
 -0.003746489086538791   14    8   10    9
 0.007865195687732805   14    8   10   10
 -0.0001930629956937035   14    8   11    1
 -0.0006124958964947198   14    8   11    2
 -0.004358320193534246   14    8   11    3
 0.00330313061444349   14    8   11    4
 0.005866582310939932   14    8   11    5
 0.003640325279382446   14    8   11    6
 -0.001373035169006412   14    8   11    7
 0.002994546517878642   14    8   11    8
 -2.878186425085983e-05   14    8   11    9
 0.001601562256297362   14    8   11   10
 0.007489513610531377   14    8   11   11
 -6.254006770778107e-05   14    8   12    1
 -0.002569110147955715   14    8   12    2
 -0.00314077145871626   14    8   12    3
 0.004091415456057105   14    8   12    4
 0.01036712307118205   14    8   12    5
 0.006244163901654713   14    8   12    6
 -0.004119915926267498   14    8   12    7
 0.0004789124378258011   14    8   12    8
 -0.001909726674679096   14    8   12    9
 -0.0008436388402899975   14    8   12   10
 -0.004038882408241231   14    8   12   11
 0.00607341960254675   14    8   12   12
 0.0001545169752196549   14    8   13    1
 0.001605875843770886   14    8   13    2
 0.00842342318750147   14    8   13    3
 -0.002264867387889529   14    8   13    4
 -0.008554044953976303   14    8   13    5
 -0.005203472499548613   14    8   13    6
 0.0007332692106714619   14    8   13    7
 0.004643321413619264   14    8   13    8
 -0.001880194486571372   14    8   13    9
 -0.0007307253333097322   14    8   13   10
 0.007918067679472934   14    8   13   11
 0.008515887620170345   14    8   13   12
 0.006439771473520227   14    8   13   13
 -0.0005204884041638243   14    8   14    1
 0.001643132759817168   14    8   14    2
 0.00417672938086647   14    8   14    3
 0.0008878100217275407   14    8   14    4
 -0.002358023525720829   14    8   14    5
 -0.008492669093477559   14    8   14    6
 0.004850300876672911   14    8   14    7
 0.01974485801091908   14    8   14    8
 -0.05104822894805498   14    9    1    1
 0.0004843975628937479   14    9    2    1
 -0.0433952045270152   14    9    2    2
 -0.001911475892677248   14    9    3    1
 -0.0302245357716694   14    9    3    2
 -0.05564273041740306   14    9    3    3
 0.00330732288208654   14    9    4    1
 0.03634091989722333   14    9    4    2
 -0.01028668032171845   14    9    4    3
 -0.04983817063656179   14    9    4    4
 0.0002820318169764839   14    9    5    1
 0.001688383254033494   14    9    5    2
 -0.0007014544150878785   14    9    5    3
 0.002132834088356152   14    9    5    4
 -0.0606089418058754   14    9    5    5
 -0.003751912784071387   14    9    6    1
 -0.03074023979948809   14    9    6    2
 0.01556916443094958   14    9    6    3
 -0.01198978078024543   14    9    6    4
 -0.002711912853832502   14    9    6    5
 -0.05604933281943175   14    9    6    6
 -0.0002885176519527029   14    9    7    1
 -3.272993995388078e-05   14    9    7    2
 -0.008544577726111207   14    9    7    3
 0.028944997517924   14    9    7    4
 0.0009761458589985117   14    9    7    5
 -0.006315382591829846   14    9    7    6
 -0.03876708045524129   14    9    7    7
 0.0003682590395745171   14    9    8    1
 0.00164399098446792   14    9    8    2
 -0.003004569087616234   14    9    8    3
 0.002114366208752268   14    9    8    4
 0.008348418911954687   14    9    8    5
 0.0005512093299462682   14    9    8    6
 -0.000217113912325825   14    9    8    7
 -0.03630893601627751   14    9    8    8
 -0.0004296776024259563   14    9    9    1
 -0.00107204325366618   14    9    9    2
 0.01430748387735024   14    9    9    3
 -0.02448351691049089   14    9    9    4
 0.008479585712017569   14    9    9    5
 0.007470259408486577   14    9    9    6
 0.003221888380857332   14    9    9    7
 -0.002226892348440906   14    9    9    8
 -0.03164057597122379   14    9    9    9
 -0.002499657264645751   14    9   10    1
 0.002178359254928275   14    9   10    2
 -0.00217894836411586   14    9   10    3
 0.02578276250389155   14    9   10    4
 0.00632994099909811   14    9   10    5
 -0.01278759465489117   14    9   10    6
 0.00553609287015344   14    9   10    7
 -0.001724780272738254   14    9   10    8
 0.00827144317775047   14    9   10    9
 -0.00489438116819167   14    9   10   10
 0.002041522864360936   14    9   11    1
 0.005708453935990446   14    9   11    2
 0.01803578568674748   14    9   11    3
 -0.01448783526548853   14    9   11    4
 0.01324977120513009   14    9   11    5
 -0.01564658212607201   14    9   11    6
 -0.004236855793540194   14    9   11    7
 -0.0037284572717063   14    9   11    8
 -0.000877559537489668   14    9   11    9
 -0.01770173627529058   14    9   11   10
 -0.05722696449527016   14    9   11   11
 0.002329889083160064   14    9   12    1
 -0.0001656713677990645   14    9   12    2
 -0.00480239713858182   14    9   12    3
 -0.007457266210650859   14    9   12    4
 -0.01865143372457539   14    9   12    5
 -0.01014678535445415   14    9   12    6
 -0.005217264726137961   14    9   12    7
 0.005354322741775667   14    9   12    8
 0.02358670920559789   14    9   12    9
 0.01285472063233718   14    9   12   10
 -0.01135899396391162   14    9   12   11
 -0.06052888535983048   14    9   12   12
 -0.0005834339801038293   14    9   13    1
 -0.001182302827911285   14    9   13    2
 -0.01509867947992448   14    9   13    3
 0.001470154323004607   14    9   13    4
 0.014752676921798   14    9   13    5
 -0.007934703533483177   14    9   13    6
 0.006494425082442582   14    9   13    7
 -0.003402989521231745   14    9   13    8
 -0.01763323654258107   14    9   13    9
 0.01769708185057808   14    9   13   10
 -0.01209777576459617   14    9   13   11
 -0.003949177267418015   14    9   13   12
 -0.05874877321123044   14    9   13   13
 0.006033839103150362   14    9   14    1
 -0.006835192983991773   14    9   14    2
 -0.01366042427084487   14    9   14    3
 0.004193281942465627   14    9   14    4
 0.004659847915810774   14    9   14    5
 0.01030196359582751   14    9   14    6
 -0.03030537927807449   14    9   14    7
 -0.003223114683872086   14    9   14    8
 0.04799102093793052   14    9   14    9
 -0.1647789423601047   14   10    1    1
 0.002559986552249517   14   10    2    1
 -0.07578873460958119   14   10    2    2
 0.0004459475714100507   14   10    3    1
 0.05837750081822476   14   10    3    2
 0.01215559096020228   14   10    3    3
 -0.003305544825767908   14   10    4    1
 -0.0234247305781245   14   10    4    2
 0.03110219399388504   14   10    4    3
 -0.0276176646359462   14   10    4    4
 -0.0002626325730144805   14   10    5    1
 -0.0009225713635626277   14   10    5    2
 0.003484085311192922   14   10    5    3
 -0.002589132762169732   14   10    5    4
 0.02415165516260188   14   10    5    5
 0.003192540677874587   14   10    6    1
 0.02487535766569614   14   10    6    2
 -0.04491260985567612   14   10    6    3
 0.04275723194578207   14   10    6    4
 -0.0002159086940970045   14   10    6    5
 -0.01157661007419766   14   10    6    6
 -0.0005747368647887337   14   10    7    1
 0.004000800397643528   14   10    7    2
 -0.009288360413615171   14   10    7    3
 -0.06056563696019367   14   10    7    4
 -0.003551764269223748   14   10    7    5
 -0.01499436641853104   14   10    7    6
 -0.06516141273846392   14   10    7    7
 -0.0003462334251259608   14   10    8    1
 -0.0001131031761648563   14   10    8    2
 0.001595994942509435   14   10    8    3
 -0.001415077500409343   14   10    8    4
 -0.0539429877347108   14   10    8    5
 -0.002302827158419439   14   10    8    6
 0.00196615785770461   14   10    8    7
 -0.07391155323074863   14   10    8    8
 0.001714160010133569   14   10    9    1
 -0.01332569303213036   14   10    9    2
 -0.003415604937946113   14   10    9    3
 0.02291489999197821   14   10    9    4
 -0.002996011330647958   14   10    9    5
 -0.02672554309085211   14   10    9    6
 -0.01309157026747186   14   10    9    7
 -0.005956541160735889   14   10    9    8
 -0.003473402495551971   14   10    9    9
 0.001096191918165404   14   10   10    1
 0.007879699868869145   14   10   10    2
 -0.006684868248025714   14   10   10    3
 -0.01347504975663623   14   10   10    4
 -0.003604068952677967   14   10   10    5
 0.008874163822164884   14   10   10    6
 -0.002701671164825042   14   10   10    7
 -0.004234920915217063   14   10   10    8
 0.04372519802879755   14   10   10    9
 -0.02060293969793843   14   10   10   10
 -0.001855917669772398   14   10   11    1
 0.0009168228713354854   14   10   11    2
 -0.006894491474621614   14   10   11    3
 -0.0004013156628065413   14   10   11    4
 -0.005216525286850703   14   10   11    5
 0.01537855082559   14   10   11    6
 0.01790980656647622   14   10   11    7
 -0.007173222083783276   14   10   11    8
 -0.005628329660950145   14   10   11    9
 0.0237385333441062   14   10   11   10
 0.04286578177312436   14   10   11   11
 -0.002589830408023899   14   10   12    1
 0.00829937615053572   14   10   12    2
 0.004342896856794782   14   10   12    3
 -0.003771821664347327   14   10   12    4
 0.008842890038807928   14   10   12    5
 0.02192504658195478   14   10   12    6
 0.01583074245015507   14   10   12    7
 0.008030908515679754   14   10   12    8
 0.009475268310305589   14   10   12    9
 0.002084480377129396   14   10   12   10
 -0.01137487549062911   14   10   12   11
 0.03213732609201966   14   10   12   12
 -0.0003523524128301579   14   10   13    1
 0.01104075183787987   14   10   13    2
 0.007958822789477375   14   10   13    3
 -0.001870349333360724   14   10   13    4
 -0.007388922847955892   14   10   13    5
 0.01137335777674607   14   10   13    6
 0.005846322078384402   14   10   13    7
 -0.006697304334309571   14   10   13    8
 0.03731913856385211   14   10   13    9
 -0.04123042550408861   14   10   13   10
 0.004987950492338359   14   10   13   11
 -0.00464764631219776   14   10   13   12
 0.02237726383885646   14   10   13   13
 -0.005289888859538908   14   10   14    1
 0.006957994204749321   14   10   14    2
 0.01281548986193795   14   10   14    3
 -0.02171897371958145   14   10   14    4
 -0.005422073981675096   14   10   14    5
 0.02216467281232592   14   10   14    6
 0.02497961528219498   14   10   14    7
 -0.0001896859007282719   14   10   14    8
 -0.03041693298646858   14   10   14    9
 0.06493063907886298   14   10   14   10
 0.1403646246700131   14   11    1    1
 -0.002091737600970044   14   11    2    1
 0.07185080131345754   14   11    2    2
 0.0007439052648830817   14   11    3    1
 -0.02844615092262707   14   11    3    2
 0.01340478846837179   14   11    3    3
 0.0006809799526566087   14   11    4    1
 0.01029374581255451   14   11    4    2
 0.004606051078565493   14   11    4    3
 0.04114311375427555   14   11    4    4
 2.006256817161934e-05   14   11    5    1
 -0.0006873238933591103   14   11    5    2
 0.003131289187408562   14   11    5    3
 0.001520748977613246   14   11    5    4
 6.322111872757346e-06   14   11    5    5
 -0.0002630227507500078   14   11    6    1
 0.00552725696414284   14   11    6    2
 0.0433116280422168   14   11    6    3
 -0.02725788413215345   14   11    6    4
 -0.008797179445598824   14   11    6    5
 0.02373023047326344   14   11    6    6
 0.0008232843890805291   14   11    7    1
 -0.005687517273074283   14   11    7    2
 -0.004340605447355215   14   11    7    3
 0.02619612486669388   14   11    7    4
 0.00221575192183543   14   11    7    5
 0.0191362394175508   14   11    7    6
 0.06321852031003854   14   11    7    7
 -1.352226825990119e-05   14   11    8    1
 -0.002489524737715628   14   11    8    2
 -0.005449367362236709   14   11    8    3
 0.003132524413340312   14   11    8    4
 0.03987895192364354   14   11    8    5
 0.005355888860634   14   11    8    6
 -0.003190864443457786   14   11    8    7
 0.06364345960140878   14   11    8    8
 -0.0009134704102467582   14   11    9    1
 0.01554774965298924   14   11    9    2
 0.004833609957778359   14   11    9    3
 -0.01306765994973724   14   11    9    4
 0.002013920039143408   14   11    9    5
 0.009134730304442508   14   11    9    6
 0.01268869110183174   14   11    9    7
 0.003760918573064942   14   11    9    8
 0.0160548973469044   14   11    9    9
 0.0004576290311464087   14   11   10    1
 -0.009222083825117404   14   11   10    2
 0.002116427387498562   14   11   10    3
 -0.0005059011691578975   14   11   10    4
 -0.003280813645998363   14   11   10    5
 -0.0008498838494964161   14   11   10    6
 -0.000370232991772283   14   11   10    7
 0.003857551013312366   14   11   10    8
 -0.03087475733199725   14   11   10    9
 0.02421436189005613   14   11   10   10
 0.0001884691186048298   14   11   11    1
 0.001233218156837339   14   11   11    2
 -0.000739844950156064   14   11   11    3
 -0.00138323706399522   14   11   11    4
 0.002522316252050586   14   11   11    5
 -0.00210686583550507   14   11   11    6
 -0.005333832859758548   14   11   11    7
 0.004612921308588229   14   11   11    8
 -0.003260002195090855   14   11   11    9
 -0.001064358973948471   14   11   11   10
 -0.01490142606725882   14   11   11   11
 0.0005642652592426249   14   11   12    1
 -0.005320598863785859   14   11   12    2
 -0.001096558716114352   14   11   12    3
 0.008747815895790973   14   11   12    4
 0.01299184582746601   14   11   12    5
 -0.005295196255848436   14   11   12    6
 -0.01120020430063755   14   11   12    7
 -0.01315079670768542   14   11   12    8
 -0.01390019421211183   14   11   12    9
 -0.009666528230528397   14   11   12   10
 0.003959139181372003   14   11   12   11
 0.003744772666131923   14   11   12   12
 0.0004560284108463376   14   11   13    1
 -0.001481850853820335   14   11   13    2
 0.01412662716274321   14   11   13    3
 -0.002623906506012905   14   11   13    4
 -0.01037536286997572   14   11   13    5
 -0.01124928226228413   14   11   13    6
 -0.001353769083721967   14   11   13    7
 0.01151460490386431   14   11   13    8
 -0.01752546716821473   14   11   13    9
 0.01376431155204464   14   11   13   10
 0.01018245089824947   14   11   13   11
 0.02244417812321352   14   11   13   12
 0.01689805027506066   14   11   13   13
 0.0006364892775793622   14   11   14    1
 -0.005049759222721307   14   11   14    2
 -0.007896809726935183   14   11   14    3
 0.01872919982158611   14   11   14    4
 -0.010593697583174   14   11   14    5
 -0.0179451849807826   14   11   14    6
 -0.007768128049991488   14   11   14    7
 0.009037562859674315   14   11   14    8
 0.005772384337177685   14   11   14    9
 -0.03003779984774159   14   11   14   10
 0.04079687584427329   14   11   14   11
 0.1484753153666858   14   12    1    1
 -0.002538196410196757   14   12    2    1
 0.06175357818805569   14   12    2    2
 0.001411749578199384   14   12    3    1
 -0.03507760907734658   14   12    3    2
 -0.02509091270782003   14   12    3    3
 -0.0006247778676638664   14   12    4    1
 -0.01158063713669304   14   12    4    2
 -0.01958177456461259   14   12    4    3
 0.01241622946729562   14   12    4    4
 9.75753338718379e-05   14   12    5    1
 0.009084193914345076   14   12    5    2
 0.01962588678929635   14   12    5    3
 -0.006212705503470311   14   12    5    4
 -0.01835167915746357   14   12    5    5
 0.0008028331227977929   14   12    6    1
 0.005280818147083736   14   12    6    2
 0.03451312258051801   14   12    6    3
 -0.03622239832999659   14   12    6    4
 -0.01478858808926455   14   12    6    5
 0.002354772217049872   14   12    6    6
 0.000226525678204783   14   12    7    1
 -0.00957956871524426   14   12    7    2
 0.01803097615769766   14   12    7    3
 0.0422047312855955   14   12    7    4
 0.008086425065864562   14   12    7    5
 0.02683815950179793   14   12    7    6
 0.04781006824854849   14   12    7    7
 0.0003902355970417326   14   12    8    1
 -0.001306371201500442   14   12    8    2
 -0.01231393808809753   14   12    8    3
 0.001648221033259569   14   12    8    4
 0.04642345948490165   14   12    8    5
 0.01329600371538561   14   12    8    6
 -0.006249889406292949   14   12    8    7
 0.05935344269119468   14   12    8    8
 -0.001248772857745652   14   12    9    1
 0.01488983639706031   14   12    9    2
 -0.004236012691016187   14   12    9    3
 -0.005217586281896411   14   12    9    4
 -0.001206502975401878   14   12    9    5
 0.01633970323572084   14   12    9    6
 0.01226410387767181   14   12    9    7
 0.005996820616769607   14   12    9    8
 0.01923621873305197   14   12    9    9
 0.001646976343585226   14   12   10    1
 -0.008140235220649841   14   12   10    2
 0.01112345942858805   14   12   10    3
 -0.005748312082499631   14   12   10    4
 0.001242021647343616   14   12   10    5
 -0.003181808389188243   14   12   10    6
 -0.006161956924997197   14   12   10    7
 0.003160689869665567   14   12   10    8
 -0.001945897071487376   14   12   10    9
 0.01552841611629117   14   12   10   10
 -0.0002850259626361506   14   12   11    1
 -0.003258039715282242   14   12   11    2
 0.002364800450580531   14   12   11    3
 0.009866309595728732   14   12   11    4
 0.01844740032528584   14   12   11    5
 -0.01400998927152888   14   12   11    6
 -0.01244322092718383   14   12   11    7
 -0.003966859491785469   14   12   11    8
 -0.003267563326316326   14   12   11    9
 -0.01604329467643125   14   12   11   10
 -0.02105785710981616   14   12   11   11
 2.028612795394539e-05   14   12   12    1
 -0.009462325915574712   14   12   12    2
 -0.006421147036717062   14   12   12    3
 0.0125086787429767   14   12   12    4
 -0.001367498421153379   14   12   12    5
 -0.006414147934959943   14   12   12    6
 -0.01425377207709868   14   12   12    7
 -0.00914440541335235   14   12   12    8
 -0.006969257932828519   14   12   12    9
 0.01465652742540919   14   12   12   10
 -0.01212199503265584   14   12   12   11
 -0.01720094817310877   14   12   12   12
 0.001076766627325717   14   12   13    1
 -0.01011060093784242   14   12   13    2
 0.004196389221365733   14   12   13    3
 -0.002240239333897609   14   12   13    4
 -0.002467975337910553   14   12   13    5
 -0.01164026063479408   14   12   13    6
 -0.01040369749270204   14   12   13    7
 0.009752536877784861   14   12   13    8
 -0.02832860401174716   14   12   13    9
 0.02254090977403019   14   12   13   10
 0.01263523574049773   14   12   13   11
 0.01356548443031341   14   12   13   12
 -0.04335468531477917   14   12   13   13
 -0.001315006540447348   14   12   14    1
 -0.006967607229639304   14   12   14    2
 -0.003395649356135226   14   12   14    3
 0.02352311815808478   14   12   14    4
 -0.001240868141661564   14   12   14    5
 -0.03225254832049171   14   12   14    6
 -0.001885955423524403   14   12   14    7
 0.005099729321103332   14   12   14    8
 0.005563444353284082   14   12   14    9
 -0.02787630670238179   14   12   14   10
 0.02349527512772556   14   12   14   11
 0.04693457967570275   14   12   14   12
 -0.02527004433949757   14   13    1    1
 0.0005887163613511685   14   13    2    1
 -0.002920773264845516   14   13    2    2
 0.0008828361666869458   14   13    3    1
 0.02670101265108026   14   13    3    2
 0.01654666315271873   14   13    3    3
 -0.002335432720630811   14   13    4    1
 -0.02647286568683844   14   13    4    2
 -0.005449167969675557   14   13    4    3
 -0.009423033145182617   14   13    4    4
 -0.0003976774235614279   14   13    5    1
 -0.01717566128876375   14   13    5    2
 -0.02952273145785726   14   13    5    3
 0.00837462086630859   14   13    5    4
 0.03507720291816876   14   13    5    5
 0.002457882057015543   14   13    6    1
 0.01635671230137799   14   13    6    2
 -0.02991746605402105   14   13    6    3
 0.01161130530647812   14   13    6    4
 0.0172663815137938   14   13    6    5
 0.02179906545979005   14   13    6    6
 -5.707373852401479e-05   14   13    7    1
 0.004998362823406661   14   13    7    2
 0.01793523559030256   14   13    7    3
 -0.01378610762078056   14   13    7    4
 -0.01059619147700311   14   13    7    5
 0.002099954844840292   14   13    7    6
 -0.01255847327007942   14   13    7    7
 -0.0008476970278824387   14   13    8    1
 -0.001009799153993073   14   13    8    2
 0.01635284024993197   14   13    8    3
 -0.002980209840636575   14   13    8    4
 -0.02064158288168932   14   13    8    5
 -0.01401340207828401   14   13    8    6
 0.005504016492190204   14   13    8    7
 -0.001186369941217006   14   13    8    8
 0.0006022682414302325   14   13    9    1
 0.0004701479089050277   14   13    9    2
 -0.003276059673526238   14   13    9    3
 0.0168707050422145   14   13    9    4
 -0.0005578034930502599   14   13    9    5
 -0.00341749865436444   14   13    9    6
 -0.004742458863233239   14   13    9    7
 -0.002302365849733496   14   13    9    8
 -0.003458503540256963   14   13    9    9
 0.001318817059269308   14   13   10    1
 0.001202996314382427   14   13   10    2
 -0.0006605904752417556   14   13   10    3
 -0.01623391965519046   14   13   10    4
 0.000368002287533923   14   13   10    5
 0.006054340398099787   14   13   10    6
 -0.001229253918280287   14   13   10    7
 -0.00240756775301083   14   13   10    8
 0.01255937844773595   14   13   10    9
 -0.01853070417942235   14   13   10   10
 -0.001415386991498949   14   13   11    1
 0.005131176940609358   14   13   11    2
 0.009577414025906313   14   13   11    3
 0.00503014382171125   14   13   11    4
 -0.01900745164965959   14   13   11    5
 0.001177275159706158   14   13   11    6
 0.008258710062273912   14   13   11    7
 0.008852914391162465   14   13   11    8
 -0.006968901111216491   14   13   11    9
 0.006309602894184513   14   13   11   10
 0.02556019604789058   14   13   11   11
 -0.001613125805054487   14   13   12    1
 0.001001642227596064   14   13   12    2
 0.009778450355332121   14   13   12    3
 0.003519345701782653   14   13   12    4
 -0.007328629033994787   14   13   12    5
 -0.002943808558030016   14   13   12    6
 0.003853118748694511   14   13   12    7
 0.00996195365794875   14   13   12    8
 -0.008857176921979529   14   13   12    9
 0.003909428760242683   14   13   12   10
 0.0177370762310531   14   13   12   11
 0.02181374331517339   14   13   12   12
 7.002119449230316e-05   14   13   13    1
 0.008810669188163325   14   13   13    2
 0.0143486434085969   14   13   13    3
 0.01283449038164279   14   13   13    4
 -0.006615739933647902   14   13   13    5
 0.02812712626523035   14   13   13    6
 -0.01220434299363062   14   13   13    7
 -0.003857825990871919   14   13   13    8
 0.00663774805286778   14   13   13    9
 -0.001151803567673172   14   13   13   10
 -0.001016380717551332   14   13   13   11
 -0.02922654566631954   14   13   13   12
 0.03122726051186654   14   13   13   13
 -0.004006828888051224   14   13   14    1
 0.00396994475336517   14   13   14    2
 0.004191065246710575   14   13   14    3
 -0.001523427960633448   14   13   14    4
 0.003498514486662715   14   13   14    5
 0.01125159552101136   14   13   14    6
 0.01517552147227791   14   13   14    7
 -0.003126729889852905   14   13   14    8
 -0.018507267844714   14   13   14    9
 0.02541325206255308   14   13   14   10
 -0.01635086707751663   14   13   14   11
 -0.0187409310308709   14   13   14   12
 0.04826309189617072   14   13   14   13
 0.6928388572339836   14   14    1    1
 -0.006208021187302172   14   14    2    1
 0.5137693423070644   14   14    2    2
 0.00313148349649202   14   14    3    1
 -0.0206999063807118   14   14    3    2
 0.4143994622716189   14   14    3    3
 8.795332093963866e-05   14   14    4    1
 -0.03948754796437759   14   14    4    2
 -0.03850667825539197   14   14    4    3
 0.4502497814811311   14   14    4    4
 -2.852565787037928e-05   14   14    5    1
 -0.01196025872672904   14   14    5    2
 -0.02475629821326306   14   14    5    3
 0.01105190699608793   14   14    5    4
 0.4063649614786679   14   14    5    5
 0.001604979010180758   14   14    6    1
 0.02383469012692367   14   14    6    2
 0.02570814213252323   14   14    6    3
 -0.0412607575654302   14   14    6    4
 0.01744329236796772   14   14    6    5
 0.4488702644336104   14   14    6    6
 0.002597898125103406   14   14    7    1
 0.005617995788537515   14   14    7    2
 0.03599453530925992   14   14    7    3
 0.03339807661164434   14   14    7    4
 -0.006184064581843039   14   14    7    5
 0.03031236544958502   14   14    7    6
 0.4773441801804766   14   14    7    7
 -0.0001577094914992208   14   14    8    1
 -0.0006295528107169206   14   14    8    2
 0.01207540753589913   14   14    8    3
 -0.003435529256541512   14   14    8    4
 0.05523313318580174   14   14    8    5
 -0.010514992718997   14   14    8    6
 0.001652853102134561   14   14    8    7
 0.490242370324229   14   14    8    8
 -0.00212482247322621   14   14    9    1
 0.02585271340201724   14   14    9    2
 -0.02759347393715742   14   14    9    3
 0.03010749061535636   14   14    9    4
 -0.01707956052315151   14   14    9    5
 0.02898542805459368   14   14    9    6
 0.00492473012813681   14   14    9    7
 0.01629073174882   14   14    9    8
 0.3610471700388494   14   14    9    9
 0.002751599949887405   14   14   10    1
 -0.02196078427457497   14   14   10    2
 0.006645869880609194   14   14   10    3
 -0.04880059992241198   14   14   10    4
 -0.01536291860900747   14   14   10    5
 0.01912170880635836   14   14   10    6
 0.0002841395373281977   14   14   10    7
 0.01193433369511625   14   14   10    8
 -0.09962670691292808   14   14   10    9
 0.3346327282756708   14   14   10   10
 -0.0006875011970588273   14   14   11    1
 -0.01131756408592612   14   14   11    2
 -0.02915236539190728   14   14   11    3
 0.03183958929625172   14   14   11    4
 -0.03477364018233055   14   14   11    5
 0.01826552255502715   14   14   11    6
 -0.01489913655647952   14   14   11    7
 0.0276280042787412   14   14   11    8
 0.002469972079387339   14   14   11    9
 -0.001947995825094914   14   14   11   10
 0.3729888585572645   14   14   11   11
 9.702716221394519e-05   14   14   12    1
 -0.01157921713104138   14   14   12    2
 0.01318771521484724   14   14   12    3
 0.03229553924952307   14   14   12    4
 0.02786682099057018   14   14   12    5
 -0.006190783968282923   14   14   12    6
 -0.01892724704875032   14   14   12    7
 -0.02085688438409122   14   14   12    8
 -0.07052580393975953   14   14   12    9
 -0.0341729225874372   14   14   12   10
 0.04913832135468407   14   14   12   11
 0.3925550826020265   14   14   12   12
 0.001580010465578169   14   14   13    1
 -0.007234413683581644   14   14   13    2
 0.04241191525532698   14   14   13    3
 0.01508465637237568   14   14   13    4
 -0.029425392393966   14   14   13    5
 0.0172255842727727   14   14   13    6
 -0.03398474933886354   14   14   13    7
 0.01836277332885058   14   14   13    8
 -0.02289715029395069   14   14   13    9
 0.03592864580330924   14   14   13   10
 0.01463750458121326   14   14   13   11
 -0.005215229493587112   14   14   13   12
 0.4101942061878446   14   14   13   13
 -0.002031963362971493   14   14   14    1
 0.01303855602428565   14   14   14    2
 0.00890240900455831   14   14   14    3
 0.01645522012411751   14   14   14    4
 -0.006794718931126173   14   14   14    5
 -0.05364867925507932   14   14   14    6
 0.03792907936975599   14   14   14    7
 0.01141596021283163   14   14   14    8
 -0.05697076050138925   14   14   14    9
 -0.03245888381986133   14   14   14   10
 0.03143058052343967   14   14   14   11
 0.01636221367331852   14   14   14   12
 0.0213404420119039   14   14   14   13
 0.5015360406094564   14   14   14   14
 -34.42983153327575    1    1  0  0
 0.5188390576443701    2    1  0  0
 -9.276528829434731    2    2  0  0
 -0.2200911575371215    3    1  0  0
 0.6980401196083521    3    2  0  0
 -6.767163001960789    3    3  0  0
 -0.09343555356978724    4    1  0  0
 0.4683302628331891    4    2  0  0
 0.3386864232776331    4    3  0  0
 -7.213861525042859    4    4  0  0
 -0.01014825568910214    5    1  0  0
 0.05015874291152634    5    2  0  0
 0.1033210736250647    5    3  0  0
 -0.06827220285118642    5    4  0  0
 -6.422527305098469    5    5  0  0
 -0.0338369655413518    6    1  0  0
 -0.4460241327641676    6    2  0  0
 -0.7145025938156313    6    3  0  0
 0.7000875232891112    6    4  0  0
 -0.0977088711168439    6    5  0  0
 -7.03019449735352    6    6  0  0
 -0.204279562590162    7    1  0  0
 0.08135037240859121    7    2  0  0
 -0.4861567218576864    7    3  0  0
 -0.8174903838590937    7    4  0  0
 -0.007950598788537874    7    5  0  0
 -0.755679377502482    7    6  0  0
 -8.025355596358226    7    7  0  0
 -0.01621154750341501    8    1  0  0
 0.03668393534787648    8    2  0  0
 -0.02433351591307494    8    3  0  0
 0.02873933788869643    8    4  0  0
 -1.352981847462655    8    5  0  0
 -0.01938355676486543    8    6  0  0
 0.0667631537458474    8    7  0  0
 -8.441311705898793    8    8  0  0
 0.1972810618600986    9    1  0  0
 -0.8370252721906991    9    2  0  0
 0.4195061810803829    9    3  0  0
 -0.3431857686349902    9    4  0  0
 0.2050686316713566    9    5  0  0
 -0.4749390476751491    9    6  0  0
 -0.510262747270143    9    7  0  0
 -0.3174672985456262    9    8  0  0
 -5.200616558257018    9    9  0  0
 -0.1671273655975264   10    1  0  0
 0.6830056113688037   10    2  0  0
 -0.249258601419961   10    3  0  0
 0.7884245261489188   10    4  0  0
 0.2146394480062906   10    5  0  0
 -0.3123162094633124   10    6  0  0
 0.2964416991289713   10    7  0  0
 -0.1923776921103876   10    8  0  0
 1.562249636136724   10    9  0  0
 -4.737792584746914   10   10  0  0
 -0.001691785967162954   11    1  0  0
 0.1315627267368337   11    2  0  0
 0.4027006104839545   11    3  0  0
 -0.4612725623405215   11    4  0  0
 0.2682588579633779   11    5  0  0
 -0.07790764819235642   11    6  0  0
 0.2658623709997764   11    7  0  0
 -0.3702446073827914   11    8  0  0
 0.03784584256676544   11    9  0  0
 -0.05233595865567323   11   10  0  0
 -4.954737255347934   11   11  0  0
 -0.07331750240729658   12    1  0  0
 0.2854226977204949   12    2  0  0
 -0.1429971357800998   12    3  0  0
 -0.5228645500178525   12    4  0  0
 -0.4151474062091787   12    5  0  0
 0.1764184039905043   12    6  0  0
 0.4276394342495164   12    7  0  0
 0.4422758771876778   12    8  0  0
 1.224975998333174   12    9  0  0
 0.480957647690556   12   10  0  0
 -0.6344837930960479   12   11  0  0
 -5.398224198321229   12   12  0  0
 -0.1259231436153418   13    1  0  0
 0.3908103396873407   13    2  0  0
 -0.6821280446748984   13    3  0  0
 -0.02448138183643515   13    4  0  0
 0.3825736658517532   13    5  0  0
 -0.05428720669171137   13    6  0  0
 0.6702512186782134   13    7  0  0
 -0.3584564282445447   13    8  0  0
 0.525783853757809   13    9  0  0
 -0.582920902315024   13   10  0  0
 -0.3382939525694448   13   11  0  0
 -0.2703986090384355   13   12  0  0
 -5.475929035421625   13   13  0  0
 0.002598893058580434   14    1  0  0
 -0.07971564207902902   14    2  0  0
 0.1527725526960456   14    3  0  0
 -0.7345447913917047   14    4  0  0
 0.1061942094914354   14    5  0  0
 1.093563013372607   14    6  0  0
 -0.4242198790145447   14    7  0  0
 -0.2176147269857239   14    8  0  0
 0.7313739604943803   14    9  0  0
 0.7164099519393047   14   10  0  0
 -0.7879974899489549   14   11  0  0
 -0.5517525578394284   14   12  0  0
 -0.04084078068875313   14   13  0  0
 -6.686640616631178   14   14  0  0
 0  0  0  0  0
