 &FCI NORB=  17,NELEC=22,MS2=0,
  ORBSYM=1,1,1,1,1,1,1,1,1,1,1,1,1,1,1,1,1
  ISYM=1,
 &END
 4.745222468760648    1    1    1    1
 -0.01752919449237654    2    1    1    1
 0.0001462407674617292    2    1    2    1
 0.2554986673297523    2    2    1    1
 0.0001382288256383448    2    2    2    1
 0.5968105607350357    2    2    2    2
 -0.394660625492667    3    1    1    1
 0.002481574397238322    3    1    2    1
 0.0006031754665725835    3    1    2    2
 0.05245032049844812    3    1    3    1
 0.06012535164118434    3    2    1    1
 6.061063523503377e-05    3    2    2    1
 -0.03224560564809033    3    2    2    2
 -0.0002000777115989607    3    2    3    1
 0.01377089624684568    3    2    3    2
 0.9624464804842163    3    3    1    1
 6.611371150570935e-05    3    3    2    1
 0.303433924103538    3    3    2    2
 -0.009819068747054287    3    3    3    1
 0.04982026080300967    3    3    3    2
 0.7227152375549118    3    3    3    3
 -0.02834632888132101    4    1    1    1
 0.0001249697411327304    4    1    2    1
 -0.0001235482887020904    4    1    2    2
 0.003528725583854746    4    1    3    1
 -0.0001091730602292713    4    1    3    2
 -0.001551855298251434    4    1    3    3
 0.0004630626818198346    4    1    4    1
 -0.002873540404567686    4    2    1    1
 -2.673960985176173e-05    4    2    2    1
 0.008825338020415839    4    2    2    2
 -3.866476321649995e-05    4    2    3    1
 -0.002470485078432999    4    2    3    2
 -0.005822580946931977    4    2    3    3
 9.757390519444382e-05    4    2    4    1
 0.03043432658166707    4    2    4    2
 0.0312939603815636    4    3    1    1
 -7.170292220245637e-05    4    3    2    1
 -0.00276003305818312    4    3    2    2
 -0.00103898040145671    4    3    3    1
 0.001324704445631958    4    3    3    2
 0.009166067681975247    4    3    3    3
 0.0002406287686602376    4    3    4    1
 0.001482178642777353    4    3    4    2
 0.005383358525487176    4    3    4    3
 0.2418969032824048    4    4    1    1
 9.486779458958578e-05    4    4    2    1
 0.3933474274201795    4    4    2    2
 0.0002575503331187249    4    4    3    1
 -0.009606118884733571    4    4    3    2
 0.265229836738403    4    4    3    3
 5.326886074506019e-05    4    4    4    1
 0.0400831824902419    4    4    4    2
 -0.003266848454791093    4    4    4    3
 0.4790080984186654    4    4    4    4
 0.1628103395520693    5    1    1    1
 -0.0007538532825516074    5    1    2    1
 0.0008905034918429484    5    1    2    2
 -0.02054424529777429    5    1    3    1
 0.0006945610443809278    5    1    3    2
 0.008142602450382844    5    1    3    3
 -0.00160518088501836    5    1    4    1
 1.804421864452789e-05    5    1    4    2
 0.0003146395559092914    5    1    4    3
 0.0006427341127752898    5    1    4    4
 0.009768433162209489    5    1    5    1
 0.04257573559330835    5    2    1    1
 5.379446088004278e-05    5    2    2    1
 -0.00151512130684916    5    2    2    2
 0.0002879957857323072    5    2    3    1
 0.02074277592946167    5    2    3    2
 0.05222724445013593    5    2    3    3
 -9.536335426730421e-06    5    2    4    1
 -0.01003466457277452    5    2    4    2
 0.003277965091535525    5    2    4    3
 0.01713202212853989    5    2    4    4
 0.0001378141463547337    5    2    5    1
 0.09075838171097793    5    2    5    2
 -0.18320907745022    5    3    1    1
 0.0004312448781223268    5    3    2    1
 0.0528010439294768    5    3    2    2
 0.00582797379670975    5    3    3    1
 -0.007000518506609468    5    3    3    2
 -0.05968153163713801    5    3    3    3
 0.000311315496062187    5    3    4    1
 0.003188888696162994    5    3    4    2
 -0.004456243739994701    5    3    4    3
 0.03021325167582593    5    3    4    4
 -0.0007765131014307546    5    3    5    1
 -0.003905598151180014    5    3    5    2
 0.04046596567947815    5    3    5    3
 -0.01880492789023369    5    4    1    1
 4.598621603476128e-05    5    4    2    1
 -0.0008916902456345593    5    4    2    2
 0.0005877367970581485    5    4    3    1
 0.001502978620041568    5    4    3    2
 -0.009622528096557307    5    4    3    3
 3.626089507693634e-06    5    4    4    1
 0.01511634470708574    5    4    4    2
 0.004454896634178813    5    4    4    3
 0.02526565873603323    5    4    4    4
 -1.939387573120169e-05    5    4    5    1
 0.009958978229515754    5    4    5    2
 0.003719414027220946    5    4    5    3
 0.02833382772196627    5    4    5    4
 0.3978541447793627    5    5    1    1
 -0.0002041590634878525    5    5    2    1
 0.4745922359031672    5    5    2    2
 -0.002899299785660995    5    5    3    1
 -0.008121634914263322    5    5    3    2
 0.3635331982275224    5    5    3    3
 -0.0001758308847485054    5    5    4    1
 0.01636550008582235    5    5    4    2
 0.002317918763184571    5    5    4    3
 0.3700098634912172    5    5    4    4
 0.0008445523775908383    5    5    5    1
 0.02255222587842205    5    5    5    2
 0.02057505951183723    5    5    5    3
 0.008102113877300381    5    5    5    4
 0.4456097883399702    5    5    5    5
 -0.07472083965714595    6    1    1    1
 0.0002865220435211824    6    1    2    1
 -0.0003417411251115859    6    1    2    2
 0.009097293006478491    6    1    3    1
 -0.0003821569974001487    6    1    3    2
 -0.004946418428184173    6    1    3    3
 0.001517649177457669    6    1    4    1
 0.0002610517535891182    6    1    4    2
 0.001092202087324102    6    1    4    3
 4.748129294844752e-05    6    1    4    4
 -0.004248915612601267    6    1    5    1
 3.991145193176681e-06    6    1    5    2
 0.0008461162812079886    6    1    5    3
 -0.0001054685097269388    6    1    5    4
 -0.0004628235748018116    6    1    5    5
 0.005265944791418773    6    1    6    1
 0.01125049791065357    6    2    1    1
 9.916486491142167e-06    6    2    2    1
 0.03161630384438361    6    2    2    2
 1.2676651761164e-05    6    2    3    1
 0.002384071137439366    6    2    3    2
 0.01394986102637236    6    2    3    3
 6.125953310627496e-05    6    2    4    1
 -0.0002044400698823556    6    2    4    2
 0.005147894829746983    6    2    4    3
 -0.0007251838321458378    6    2    4    4
 0.0001434261922701805    6    2    5    1
 0.03019003892987791    6    2    5    2
 0.002133273709411048    6    2    5    3
 0.01251302523870002    6    2    5    4
 0.02347627192118779    6    2    5    5
 0.0002991559049676438    6    2    6    1
 0.02644614870377956    6    2    6    2
 0.05987426710138172    6    3    1    1
 -0.0002690682320833284    6    3    2    1
 -0.002930742948206567    6    3    2    2
 -0.003040539269258623    6    3    3    1
 -0.0006737511894173885    6    3    3    2
 0.001429502577283113    6    3    3    3
 0.001016909986170807    6    3    4    1
 0.01187509037927114    6    3    4    2
 0.01377674986017454    6    3    4    3
 0.003358922817517482    6    3    4    4
 0.0006429271453037416    6    3    5    1
 -0.003026168027610212    6    3    5    2
 -0.007954943276430782    6    3    5    3
 0.007128354986407467    6    3    5    4
 0.007953734254272595    6    3    5    5
 0.004443367851914124    6    3    6    1
 0.006998578358547628    6    3    6    2
 0.04469236982308211    6    3    6    3
 0.07967227996300372    6    4    1    1
 -2.174009593864485e-06    6    4    2    1
 -0.01193887271707059    6    4    2    2
 -0.0004373963115708517    6    4    3    1
 0.01418074525206761    6    4    3    2
 0.07062587649366642    6    4    3    3
 -8.707347107450613e-05    6    4    4    1
 -0.03598392451992282    6    4    4    2
 -0.001865829813310121    6    4    4    3
 -0.07112625840364151    6    4    4    4
 0.0003421945223551902    6    4    5    1
 0.0310673843386314    6    4    5    2
 -0.008711697605046935    6    4    5    3
 -0.01891120625126895    6    4    5    4
 0.001065981924422178    6    4    5    5
 -0.0001301955118873957    6    4    6    1
 0.002726920615190909    6    4    6    2
 -0.01702650935630868    6    4    6    3
 0.08578750575381516    6    4    6    4
 -0.05272786664888249    6    5    1    1
 0.0001681452565148227    6    5    2    1
 0.0711922696689702    6    5    2    2
 0.001718121308640569    6    5    3    1
 -0.007798614835843537    6    5    3    2
 -0.01737157061006449    6    5    3    3
 -0.0002625239841588132    6    5    4    1
 0.02239137687022942    6    5    4    2
 0.001381972710170485    6    5    4    3
 0.03635056687375392    6    5    4    4
 2.816748442172434e-06    6    5    5    1
 0.0001070621065787053    6    5    5    2
 0.01864407330996886    6    5    5    3
 0.01455870441887195    6    5    5    4
 0.05210693736491723    6    5    5    5
 -0.00122113262956733    6    5    6    1
 0.01590745972361062    6    5    6    2
 0.00689123545008541    6    5    6    3
 -0.03336645942694418    6    5    6    4
 0.04861876363147747    6    5    6    5
 0.4404356183183041    6    6    1    1
 3.447183557253677e-06    6    6    2    1
 0.3727185158011954    6    6    2    2
 -0.001526534441000543    6    6    3    1
 0.01205775037306911    6    6    3    2
 0.4119760720831168    6    6    3    3
 -2.429127570628527e-05    6    6    4    1
 -0.006839714493001786    6    6    4    2
 -0.005737596691466336    6    6    4    3
 0.3513549668092009    6    6    4    4
 0.001508623634178947    6    6    5    1
 0.04462131102884455    6    6    5    2
 0.005473155416613779    6    6    5    3
 -0.01421375079246271    6    6    5    4
 0.3697145568477679    6    6    5    5
 0.0001434942018806862    6    6    6    1
 0.003936752897386905    6    6    6    2
 -0.01627305520436685    6    6    6    3
 0.0422486056284872    6    6    6    4
 -0.006783785554912354    6    6    6    5
 0.4157513338073685    6    6    6    6
 -0.006030178407293402    7    1    1    1
 8.454717755858347e-06    7    1    2    1
 -0.00014623682390509    7    1    2    2
 0.0006904275041336782    7    1    3    1
 -8.335225861673089e-05    7    1    3    2
 -0.0005385725868784884    7    1    3    3
 4.872916985213151e-05    7    1    4    1
 -1.772373632510549e-05    7    1    4    2
 -3.765925538072672e-05    7    1    4    3
 -0.0001128377762137749    7    1    4    4
 -0.0004916551582319043    7    1    5    1
 -2.736521110067028e-05    7    1    5    2
 -0.0001516202274779631    7    1    5    3
 -2.598416152715882e-05    7    1    5    4
 3.566013109800226e-06    7    1    5    5
 -7.052470102392998e-05    7    1    6    1
 -4.951872523138168e-05    7    1    6    2
 -0.0003581555895321597    7    1    6    3
 -2.24955113216265e-05    7    1    6    4
 3.724007170269977e-05    7    1    6    5
 -0.0002059322403603731    7    1    6    6
 0.001322225090532001    7    1    7    1
 -0.002303651152986518    7    2    1    1
 1.549314987571986e-06    7    2    2    1
 -0.00212826301308027    7    2    2    2
 -9.286693445740158e-06    7    2    3    1
 -0.0004235760173072119    7    2    3    2
 -0.00211146212494395    7    2    3    3
 -6.976611526226691e-06    7    2    4    1
 -0.001155451677227938    7    2    4    2
 -0.0003501246622224394    7    2    4    3
 -0.001082175256950983    7    2    4    4
 -2.167377201263329e-05    7    2    5    1
 6.96086803684859e-05    7    2    5    2
 -0.0002971375441707055    7    2    5    3
 -0.001398841163579167    7    2    5    4
 -0.001362680962013065    7    2    5    5
 -3.838190888354413e-05    7    2    6    1
 -0.001848101192821407    7    2    6    2
 -0.00131247489392097    7    2    6    3
 0.001677579798334254    7    2    6    4
 -0.002078024773167404    7    2    6    5
 0.0007280596349494304    7    2    6    6
 0.0001812568837386646    7    2    7    1
 0.008801116601335734    7    2    7    2
 0.003663532795591241    7    3    1    1
 -4.3231580836605e-05    7    3    2    1
 -0.003004668315552361    7    3    2    2
 -0.0002816874748880975    7    3    3    1
 -0.0004649304175065034    7    3    3    2
 -0.0005695186807755068    7    3    3    3
 -2.18733059320675e-05    7    3    4    1
 -0.0002982922385693338    7    3    4    2
 -0.0001269348205423011    7    3    4    3
 -0.001883606655435985    7    3    4    4
 -0.0001580343488522957    7    3    5    1
 -0.0006542783699136014    7    3    5    2
 -0.002081621915323778    7    3    5    3
 -0.0004869579460003724    7    3    5    4
 -0.001201345869757035    7    3    5    5
 -0.0003297036628990226    7    3    6    1
 -0.0008810084814468596    7    3    6    2
 -0.002296557429926471    7    3    6    3
 0.000477943538726319    7    3    6    4
 -0.001184255252786345    7    3    6    5
 -0.000653122795525688    7    3    6    6
 0.00183467125028239    7    3    7    1
 0.004048178849566118    7    3    7    2
 0.01423993916354171    7    3    7    3
 -0.003385214769960016    7    4    1    1
 -8.399634566715231e-06    7    4    2    1
 -0.004390672271787886    7    4    2    2
 -3.63268661498794e-05    7    4    3    1
 -0.000388096070822902    7    4    3    2
 -0.004516952012977236    7    4    3    3
 5.141906205650015e-06    7    4    4    1
 0.000625554551361862    7    4    4    2
 -4.965970108165963e-05    7    4    4    3
 -0.003137900104564164    7    4    4    4
 -2.854643142190626e-05    7    4    5    1
 -0.002271479497765079    7    4    5    2
 -0.0004748507393956581    7    4    5    3
 0.0001198679366017707    7    4    5    4
 -0.004595937777727989    7    4    5    5
 4.055993558065512e-06    7    4    6    1
 -0.000270693001644177    7    4    6    2
 0.0005424119688175794    7    4    6    3
 -0.002158627642673105    7    4    6    4
 0.0005242858697953345    7    4    6    5
 -0.005371192960377256    7    4    6    6
 8.997160822246646e-05    7    4    7    1
 -0.002144726337491101    7    4    7    2
 -0.00137465786302424    7    4    7    3
 0.007797970809339332    7    4    7    4
 -0.01193582115038008    7    5    1    1
 2.72683684215971e-05    7    5    2    1
 -0.0001563337597674147    7    5    2    2
 0.0002153353834128217    7    5    3    1
 -0.0007660556750492891    7    5    3    2
 -0.006327021117426629    7    5    3    3
 9.143732512401529e-06    7    5    4    1
 -0.001615504149083521    7    5    4    2
 -0.0003875789278595815    7    5    4    3
 -0.0004928399687533204    7    5    4    4
 2.829135001176861e-05    7    5    5    1
 -4.0725742469796e-06    7    5    5    2
 0.001777240488596669    7    5    5    3
 -0.001165890420541891    7    5    5    4
 -0.001748855010540889    7    5    5    5
 0.0001141637026516076    7    5    6    1
 -0.001079195167969599    7    5    6    2
 -0.001139457582227326    7    5    6    3
 0.001049002607926828    7    5    6    4
 -0.001735174077544992    7    5    6    5
 -0.0003261215946964624    7    5    6    6
 -0.000526544133290439    7    5    7    1
 0.005712003074712284    7    5    7    2
 0.001646206485115184    7    5    7    3
 -0.002322394546716349    7    5    7    4
 0.008291037991343285    7    5    7    5
 -0.01253313956181816    7    6    1    1
 -1.348941894741708e-05    7    6    2    1
 -0.01100864392164101    7    6    2    2
 -1.223049918705173e-05    7    6    3    1
 -0.0006098343107560306    7    6    3    2
 -0.01220433694951403    7    6    3    3
 1.816494793814378e-05    7    6    4    1
 6.049393946639367e-05    7    6    4    2
 -0.000109843837678324    7    6    4    3
 -0.007029149786884013    7    6    4    4
 -0.0001079358365426024    7    6    5    1
 -0.002595031720652016    7    6    5    2
 -0.0006933201731933163    7    6    5    3
 0.0004246748947539988    7    6    5    4
 -0.01018775537687297    7    6    5    5
 3.339003229877567e-05    7    6    6    1
 -0.0007746392296445697    7    6    6    2
 0.0001809830935105451    7    6    6    3
 -0.001543022783995442    7    6    6    4
 -0.001021538882610919    7    6    6    5
 -0.009907015383372264    7    6    6    6
 0.0002220205682117874    7    6    7    1
 -0.001881352421820697    7    6    7    2
 -0.001683642504716101    7    6    7    3
 0.004756098832421138    7    6    7    4
 -0.003494815040062999    7    6    7    5
 0.009574692895512662    7    6    7    6
 0.2680463793735733    7    7    1    1
 7.223429135356263e-05    7    7    2    1
 0.2548894442158181    7    7    2    2
 -0.0001602572333802077    7    7    3    1
 0.00695108754176283    7    7    3    2
 0.2692545398818484    7    7    3    3
 -0.0002248154250981076    7    7    4    1
 -0.02103453164465179    7    7    4    2
 -0.00562002607361264    7    7    4    3
 0.2410744520300566    7    7    4    4
 0.0006306332675125934    7    7    5    1
 0.025777321320695    7    7    5    2
 0.00610664855769259    7    7    5    3
 -0.01267264106273001    7    7    5    4
 0.2518421107284682    7    7    5    5
 -0.0007647427123096488    7    7    6    1
 0.0001738621983153945    7    7    6    2
 -0.01899952598346233    7    7    6    3
 0.04501618235933619    7    7    6    4
 -0.02079071319710446    7    7    6    5
 0.2908413821786767    7    7    6    6
 -1.394007701111355e-05    7    7    7    1
 0.003290412905208047    7    7    7    2
 -0.0003324088155595823    7    7    7    3
 -0.002873886117734123    7    7    7    4
 0.000606537503133849    7    7    7    5
 0.001057181577592812    7    7    7    6
 0.3254960597075496    7    7    7    7
 0.1431645195633432    8    1    1    1
 -0.0001944101785156179    8    1    2    1
 0.002496941168863487    8    1    2    2
 -0.01605866089527527    8    1    3    1
 0.001689357047604833    8    1    3    2
 0.01418933582125483    8    1    3    3
 -0.00181468144085575    8    1    4    1
 -1.940677699580192e-05    8    1    4    2
 -0.0001724764587568938    8    1    4    3
 0.001655731820560175    8    1    4    4
 0.01067170171335725    8    1    5    1
 0.0005847143653106834    8    1    5    2
 0.001898275278021827    8    1    5    3
 0.0003993876157036704    8    1    5    4
 0.0001440891504162105    8    1    5    5
 -0.00511597154854464    8    1    6    1
 0.0003217541114706437    8    1    6    2
 -0.001261696488907387    8    1    6    3
 0.0006279551926718655    8    1    6    4
 0.00135473804137256    8    1    6    5
 0.002693413043479311    8    1    6    6
 -0.001560151867964987    8    1    7    1
 -0.0001767070925372658    8    1    7    2
 -0.001686518937465429    8    1    7    3
 -0.0001467135228095179    8    1    7    4
 0.0005199558872319482    8    1    7    5
 -0.0004132010873552779    8    1    7    6
 0.001606027117493243    8    1    7    7
 0.01672356692556531    8    1    8    1
 0.01820653822620073    8    2    1    1
 1.083620055037494e-07    8    2    2    1
 -0.01705411769913619    8    2    2    2
 5.399301438664924e-05    8    2    3    1
 0.001438707364374914    8    2    3    2
 0.0128780830689684    8    2    3    3
 2.620693075306516e-06    8    2    4    1
 0.006497684947651805    8    2    4    2
 0.0003914030349047025    8    2    4    3
 -0.01346709900907379    8    2    4    4
 0.0001718888821610962    8    2    5    1
 -0.0248532750913925    8    2    5    2
 -0.0005865244775047386    8    2    5    3
 0.0007256457512351136    8    2    5    4
 -0.01020552236899712    8    2    5    5
 -2.735691202829381e-05    8    2    6    1
 -0.007101205853688229    8    2    6    2
 0.003642259800052851    8    2    6    3
 -0.007048870055629116    8    2    6    4
 0.0004039030900460793    8    2    6    5
 -0.01335046726704    8    2    6    6
 -0.0001532772993126275    8    2    7    1
 -0.008464103617022217    8    2    7    2
 -0.002655030818493432    8    2    7    3
 0.0001415066136505552    8    2    7    4
 -0.005058985559906842    8    2    7    5
 0.0009563325882016398    8    2    7    6
 -0.009499937378973136    8    2    7    7
 0.0005838227635573464    8    2    8    1
 0.02343949497329518    8    2    8    2
 -0.05692501867641094    8    3    1    1
 0.0009774013258236917    8    3    2    1
 0.03928512847781131    8    3    2    2
 0.007102607237552999    8    3    3    1
 0.0112434029425437    8    3    3    2
 0.05504705141276654    8    3    3    3
 -0.0003512966274540132    8    3    4    1
 -0.002517345858278309    8    3    4    2
 -0.004712513549719285    8    3    4    3
 0.02296625800816861    8    3    4    4
 0.002464685520606758    8    3    5    1
 0.01667450239462241    8    3    5    2
 0.03484762938500773    8    3    5    3
 0.00283588413143412    8    3    5    4
 0.01655630544628387    8    3    5    5
 -0.001426673870102936    8    3    6    1
 0.00618500864154091    8    3    6    2
 -0.01780751699688014    8    3    6    3
 0.009052561174606786    8    3    6    4
 0.01219700017003041    8    3    6    5
 0.03131750273030602    8    3    6    6
 -0.001657989257363308    8    3    7    1
 -0.002537882160088321    8    3    7    2
 -0.01181837218372617    8    3    7    3
 -0.0006272262255213651    8    3    7    4
 0.0006612631792940183    8    3    7    5
 -0.002017351079196854    8    3    7    6
 0.01821817392098661    8    3    7    7
 0.01183660545403447    8    3    8    1
 0.003161473457489505    8    3    8    2
 0.0857756156446995    8    3    8    3
 -0.02900045270965205    8    4    1    1
 0.0001200014488246837    8    4    2    1
 0.01219237760206877    8    4    2    2
 0.0009093680102356255    8    4    3    1
 -0.0008135401610668111    8    4    3    2
 -0.007284313143136915    8    4    3    3
 -0.0001125307986517538    8    4    4    1
 -0.01260633896764585    8    4    4    2
 -0.002240797265308819    8    4    4    3
 -0.01058951870546725    8    4    4    4
 0.0001162085612286815    8    4    5    1
 0.003501666307661564    8    4    5    2
 0.006927548086304091    8    4    5    3
 -0.01240871146947839    8    4    5    4
 0.001465846364148461    8    4    5    5
 -0.0004094120085538254    8    4    6    1
 -0.002361588234203702    8    4    6    2
 -0.006775882921751348    8    4    6    3
 0.01857032686127045    8    4    6    4
 -0.00489753273946447    8    4    6    5
 0.01034334401989502    8    4    6    6
 -9.409294173989072e-05    8    4    7    1
 -0.0007760566123531351    8    4    7    2
 -6.223061777392081e-05    8    4    7    3
 -0.001851772980741171    8    4    7    4
 0.001598383083658542    8    4    7    5
 -0.001114617005122895    8    4    7    6
 0.01574936801935543    8    4    7    7
 0.0009986148169686888    8    4    8    1
 -0.001324671111676367    8    4    8    2
 0.007479995424429518    8    4    8    3
 0.01677070592652052    8    4    8    4
 0.2210028344953871    8    5    1    1
 -0.0005588123730241679    8    5    2    1
 -0.07155122344267698    8    5    2    2
 -0.004969028348904782    8    5    3    1
 0.01719514007864385    8    5    3    2
 0.1050655812207625    8    5    3    3
 4.859070439032093e-05    8    5    4    1
 -0.0003941330702182381    8    5    4    2
 0.007158827983704669    8    5    4    3
 -0.04467218692171685    8    5    4    4
 -0.00048835102539093    8    5    5    1
 0.0075083152666038    8    5    5    2
 -0.04345135481010254    8    5    5    3
 -0.002514127837470081    8    5    5    4
 -0.02314837378648118    8    5    5    5
 0.0002964970113228091    8    5    6    1
 -5.87846753639192e-05    8    5    6    2
 0.01435487014324121    8    5    6    3
 0.01527425648951238    8    5    6    4
 -0.02246604674930602    8    5    6    5
 -0.001164884157445694    8    5    6    6
 0.0005667540946868189    8    5    7    1
 -0.004433526928829557    8    5    7    2
 0.001024213958627383    8    5    7    3
 0.001490825106711708    8    5    7    4
 -0.008193917125482328    8    5    7    5
 0.00028166211394224    8    5    7    6
 -0.01049085989420372    8    5    7    7
 -0.004762456084806104    8    5    8    1
 0.01336016082826056    8    5    8    2
 -0.02888401079771247    8    5    8    3
 -0.01104161581165264    8    5    8    4
 0.07747586059087512    8    5    8    5
 -0.1069354923036126    8    6    1    1
 0.0002865724697999538    8    6    2    1
 -0.004598519854627324    8    6    2    2
 0.002530615574981735    8    6    3    1
 -0.001706608942106903    8    6    3    2
 -0.0496718481110003    8    6    3    3
 -0.0003001436824799484    8    6    4    1
 -0.008097252493852427    8    6    4    2
 -0.003948767658276639    8    6    4    3
 0.008508580131525105    8    6    4    4
 9.644375490678025e-05    8    6    5    1
 0.002487531006892193    8    6    5    2
 0.01764479501666335    8    6    5    3
 -0.002089729948061919    8    6    5    4
 -0.01535604629927043    8    6    5    5
 -0.001325102148450228    8    6    6    1
 -0.004945822768293044    8    6    6    2
 -0.01128580575782634    8    6    6    3
 0.005996994833296007    8    6    6    4
 -0.004611140225751583    8    6    6    5
 -0.0002390962029711886    8    6    6    6
 -0.0001610487806262564    8    6    7    1
 0.0009972652217822477    8    6    7    2
 -0.0008258435004033822    8    6    7    3
 -0.0006181654001998774    8    6    7    4
 0.001526497597004991    8    6    7    5
 -0.0008844656304981938    8    6    7    6
 0.01991729242450224    8    6    7    7
 0.002281202871292991    8    6    8    1
 -0.004679598663641904    8    6    8    2
 0.01464078689989436    8    6    8    3
 0.01107761051591754    8    6    8    4
 -0.02618402407435962    8    6    8    5
 0.03077509101341785    8    6    8    6
 -0.07437792628503646    8    7    1    1
 2.927084384669692e-05    8    7    2    1
 -0.04164782798871716    8    7    2    2
 0.0006073289217114903    8    7    3    1
 -0.00288700526361923    8    7    3    2
 -0.05692816500068484    8    7    3    3
 3.902398222313973e-05    8    7    4    1
 -0.004609407457465573    8    7    4    2
 -0.001740357188181969    8    7    4    3
 -0.02519610230875764    8    7    4    4
 -0.0002981003389879984    8    7    5    1
 -0.009355147021056822    8    7    5    2
 0.002634110526741481    8    7    5    3
 -0.001050594796191989    8    7    5    4
 -0.04080411157172157    8    7    5    5
 0.000172960624104645    8    7    6    1
 -0.005118113926476874    8    7    6    2
 -0.004000023961586469    8    7    6    3
 0.001022165235967929    8    7    6    4
 -0.008706287859515223    8    7    6    5
 -0.02825061855520228    8    7    6    6
 -0.000436917684636543    8    7    7    1
 -2.065245908158492e-05    8    7    7    2
 -0.0001508015531679572    8    7    7    3
 0.002080294198108401    8    7    7    4
 0.0001786780725734727    8    7    7    5
 0.005541978723103921    8    7    7    6
 0.01474026207544628    8    7    7    7
 -4.891129921140459e-05    8    7    8    1
 0.001521893772056326    8    7    8    2
 -0.004570749674768886    8    7    8    3
 0.002719105523348211    8    7    8    4
 -0.008694109523743252    8    7    8    5
 0.01037193876339205    8    7    8    6
 0.02283515188223895    8    7    8    7
 0.7313576565379584    8    8    1    1
 -0.0006643595828334923    8    8    2    1
 0.3306146677995545    8    8    2    2
 -0.007822776787841088    8    8    3    1
 0.02397308442269339    8    8    3    2
 0.5374235144049284    8    8    3    3
 -0.0001989443101026427    8    8    4    1
 -0.004318997333547706    8    8    4    2
 0.00853131566793754    8    8    4    3
 0.2855429522166234    8    8    4    4
 0.0008541463713491837    8    8    5    1
 0.0445298588351685    8    8    5    2
 -0.04869001679174492    8    8    5    3
 -0.01059864063858728    8    8    5    4
 0.3709491499601924    8    8    5    5
 -0.0003920592730358428    8    8    6    1
 0.01301867380178895    8    8    6    2
 0.01255540642752304    8    8    6    3
 0.04858662487461297    8    8    6    4
 -0.01282277024092653    8    8    6    5
 0.3773693711867634    8    8    6    6
 0.0007473394212847658    8    8    7    1
 0.0001872755742165211    8    8    7    2
 0.0008919209544366838    8    8    7    3
 -0.00336541609808258    8    8    7    4
 -0.005994717022474508    8    8    7    5
 -0.007182264078837313    8    8    7    6
 0.2660801571103175    8    8    7    7
 -0.003506126158205791    8    8    8    1
 -0.002377258175081737    8    8    8    2
 -0.007096279868646707    8    8    8    3
 -0.006422984143329637    8    8    8    4
 0.08347939275238841    8    8    8    5
 -0.04401596874843906    8    8    8    6
 -0.04802609008707461    8    8    8    7
 0.5020396197161646    8    8    8    8
 0.06878492451490512    9    1    1    1
 -8.288156497135214e-05    9    1    2    1
 0.001210316649610581    9    1    2    2
 -0.007662934777758739    9    1    3    1
 0.0008303320702321306    9    1    3    2
 0.007020745375989132    9    1    3    3
 -0.0007703693287033191    9    1    4    1
 1.524496862020949e-05    9    1    4    2
 8.360042727932458e-05    9    1    4    3
 0.0008395998971367197    9    1    4    4
 0.005202014797735369    9    1    5    1
 0.0003145715839783373    9    1    5    2
 0.001010270040452799    9    1    5    3
 0.0001732428929584255    9    1    5    4
 3.848658831561479e-05    9    1    5    5
 -0.002340253447063065    9    1    6    1
 0.0001776846746153143    9    1    6    2
 -0.000442078934116425    9    1    6    3
 0.0003316001691354627    9    1    6    4
 0.0006292674914377548    9    1    6    5
 0.001369844631621123    9    1    6    6
 0.001589603133314999    9    1    7    1
 0.0002363615652197113    9    1    7    2
 0.002473607317978795    9    1    7    3
 8.666359163563036e-05    9    1    7    4
 -0.0006796748332416626    9    1    7    5
 0.0001784360728169182    9    1    7    6
 0.0008284097521409891    9    1    7    7
 0.006676473233357609    9    1    8    1
 6.34589513536766e-05    9    1    8    2
 0.00383811280185681    9    1    8    3
 0.0003398322581836606    9    1    8    4
 -0.001769568182753179    9    1    8    5
 0.0007899947436620376    9    1    8    6
 -0.0008644810059765185    9    1    8    7
 -0.0007214276978691019    9    1    8    8
 0.006990160465309762    9    1    9    1
 0.005789332594778984    9    2    1    1
 1.538369197031323e-06    9    2    2    1
 -0.007713549080628637    9    2    2    2
 1.279091877542942e-05    9    2    3    1
 -0.0005962068779271296    9    2    3    2
 0.002960912849043856    9    2    3    3
 1.257110487228325e-05    9    2    4    1
 0.004705843664538574    9    2    4    2
 0.0006186226889432098    9    2    4    3
 -0.006723936980240645    9    2    4    4
 8.013417696955446e-05    9    2    5    1
 -0.01250154707853311    9    2    5    2
 -0.0001677510096408815    9    2    5    3
 0.001773707519752769    9    2    5    4
 -0.004146665529318579    9    2    5    5
 7.54555798686274e-06    9    2    6    1
 -0.00409825927814021    9    2    6    2
 0.002363605957906115    9    2    6    3
 -0.006198561350125579    9    2    6    4
 0.001522757421968811    9    2    6    5
 -0.009015255426670197    9    2    6    6
 0.0002469281983803302    9    2    7    1
 0.01430490645942805    9    2    7    2
 0.005250341313609254    9    2    7    3
 0.001565747851582312    9    2    7    4
 0.007757337645177479    9    2    7    5
 -0.000376285110236396    9    2    7    6
 -0.00735041795337473    9    2    7    7
 3.603892030967781e-05    9    2    8    1
 -0.01019209124438546    9    2    8    2
 -0.00156263954149626    9    2    8    3
 -0.008844631966468593    9    2    8    4
 -0.001336982609792225    9    2    8    5
 -0.002847858481302031    9    2    8    6
 -0.0008419927588133585    9    2    8    7
 -0.0002030801484467477    9    2    8    8
 0.0005170495882482548    9    2    9    1
 0.03527620466253653    9    2    9    2
 -0.0244697100843909    9    3    1    1
 0.0004803980761645785    9    3    2    1
 0.01656393375535588    9    3    2    2
 0.003464949934808378    9    3    3    1
 0.005908762847627356    9    3    3    2
 0.02967570548267459    9    3    3    3
 -2.862183674743286e-05    9    3    4    1
 -0.0006247077878041163    9    3    4    2
 -0.0007956716120501987    9    3    4    3
 0.01008539179978586    9    3    4    4
 0.001288466370122443    9    3    5    1
 0.008768364237895709    9    3    5    2
 0.01690582570558564    9    3    5    3
 0.001762865848933978    9    3    5    4
 0.007509195762981884    9    3    5    5
 -0.0005324046742358727    9    3    6    1
 0.003336092428289684    9    3    6    2
 -0.007397567195732787    9    3    6    3
 0.004643111803470547    9    3    6    4
 0.005696758194732492    9    3    6    5
 0.01481355992208929    9    3    6    6
 0.002422556322051684    9    3    7    1
 0.004698049894775108    9    3    7    2
 0.01837364627404492    9    3    7    3
 -0.001651163766258593    9    3    7    4
 0.002376381416757635    9    3    7    5
 -0.002421632767453214    9    3    7    6
 0.008649757669821944    9    3    7    7
 0.003813792754258003    9    3    8    1
 -0.001361133147627624    9    3    8    2
 0.02783621103250593    9    3    8    3
 0.004366217254151066    9    3    8    4
 -0.01416546502285907    9    3    8    5
 0.006070959092286179    9    3    8    6
 -0.002599119093730101    9    3    8    7
 -0.002558639822677553    9    3    8    8
 0.007033994485212022    9    3    9    1
 0.006750801337283309    9    3    9    2
 0.05027106533886464    9    3    9    3
 -0.006098496439351195    9    4    1    1
 6.072209740683309e-05    9    4    2    1
 0.008599135741445361    9    4    2    2
 0.0004205897294918692    9    4    3    1
 0.0004829951400818028    9    4    3    2
 0.003925671909828287    9    4    3    3
 -6.681156312035363e-05    9    4    4    1
 -0.009092767116686617    9    4    4    2
 -0.001509355684689206    9    4    4    3
 -0.008223735068706656    9    4    4    4
 0.0001012887296623358    9    4    5    1
 0.00468945848652125    9    4    5    2
 0.002870069983445162    9    4    5    3
 -0.007899527236021468    9    4    5    4
 0.003291192758499672    9    4    5    5
 -0.0002470790432871363    9    4    6    1
 -0.001622088971055559    9    4    6    2
 -0.004729249922955403    9    4    6    3
 0.01427684617980843    9    4    6    4
 -0.004636589972689257    9    4    6    5
 0.01066422843098905    9    4    6    6
 0.0001394093617694604    9    4    7    1
 0.003526426585950947    9    4    7    2
 -0.0005409443283522467    9    4    7    3
 0.00201899163302506    9    4    7    4
 -0.0001393101020793568    9    4    7    5
 0.001118398282029142    9    4    7    6
 0.01089833891091533    9    4    7    7
 0.000469896277464328    9    4    8    1
 -0.009037274029550828    9    4    8    2
 0.005806453972472275    9    4    8    3
 -0.001342340695008597    9    4    8    4
 -0.005550075753605331    9    4    8    5
 0.006508927611194317    9    4    8    6
 0.00043328231757806    9    4    8    7
 0.004908575547468413    9    4    8    8
 0.00050859604667343    9    4    9    1
 0.007939160028503119    9    4    9    2
 0.00111288950586855    9    4    9    3
 0.02073754493227398    9    4    9    4
 0.1099845712003505    9    5    1    1
 -0.0002726464964664964    9    5    2    1
 -0.03546412951692753    9    5    2    2
 -0.00244566564027445    9    5    3    1
 0.008596091565465799    9    5    3    2
 0.05291256011340918    9    5    3    3
 -2.409810315159842e-05    9    5    4    1
 0.00125709726608256    9    5    4    2
 0.003673488848452608    9    5    4    3
 -0.02206416782909027    9    5    4    4
 -0.0002516275429108944    9    5    5    1
 0.005720830542430265    9    5    5    2
 -0.0215379140826963    9    5    5    3
 -0.0002166187154136529    9    5    5    4
 -0.009542285031271965    9    5    5    5
 7.973231961887278e-05    9    5    6    1
 0.0006306496980464557    9    5    6    2
 0.007060990350650899    9    5    6    3
 0.006703698751904776    9    5    6    4
 -0.009794234948370218    9    5    6    5
 -0.001188292947609044    9    5    6    6
 -0.0006887399686379721    9    5    7    1
 0.006879916542829463    9    5    7    2
 0.002229357368584108    9    5    7    3
 -0.001461697323819801    9    5    7    4
 0.008170217361669296    9    5    7    5
 -0.000581917094164357    9    5    7    6
 -0.005387011700611043    9    5    7    7
 -0.001721371497996164    9    5    8    1
 -0.0008178056074561088    9    5    8    2
 -0.01480110378932446    9    5    8    3
 -0.006741513143191542    9    5    8    4
 0.02823825003704012    9    5    8    5
 -0.01473588729853891    9    5    8    6
 -0.003265067279313315    9    5    8    7
 0.04173149871002813    9    5    8    8
 -0.002394524612087882    9    5    9    1
 0.01334511808589876    9    5    9    2
 -0.004666945874144923    9    5    9    3
 -0.001917860301406444    9    5    9    4
 0.03539167334130899    9    5    9    5
 -0.0441138455265714    9    6    1    1
 0.000143103226904581    9    6    2    1
 0.0002709241437550711    9    6    2    2
 0.001193330649385221    9    6    3    1
 -0.0001127769017871545    9    6    3    2
 -0.01748281615360093    9    6    3    3
 -0.0001322954562289696    9    6    4    1
 -0.00541221628787907    9    6    4    2
 -0.001977078415931879    9    6    4    3
 0.007635445152368763    9    6    4    4
 0.0001021068569346116    9    6    5    1
 0.00279011697097694    9    6    5    2
 0.008318624775455835    9    6    5    3
 -0.002012278236982922    9    6    5    4
 -0.003798083188849553    9    6    5    5
 -0.0006375435823512652    9    6    6    1
 -0.00284359561493775    9    6    6    2
 -0.006048906691913117    9    6    6    3
 0.005305299752002584    9    6    6    4
 -0.003819102700427765    9    6    6    5
 0.00599805071066758    9    6    6    6
 0.0003708148378958795    9    6    7    1
 0.0005260405754639276    9    6    7    2
 -3.690439916914243e-05    9    6    7    3
 5.061465643515217e-05    9    6    7    4
 0.001028863493496209    9    6    7    5
 0.003617871585596508    9    6    7    6
 0.009432361177956899    9    6    7    7
 0.0009190233552590081    9    6    8    1
 -0.002838280528752619    9    6    8    2
 0.00745948177540805    9    6    8    3
 0.006493848149708928    9    6    8    4
 -0.01357094174229298    9    6    8    5
 0.01084161073831529    9    6    8    6
 0.002088478677374358    9    6    8    7
 -0.01443005000246043    9    6    8    8
 0.001148550249724342    9    6    9    1
 -0.001684556429900756    9    6    9    2
 0.004476661750304844    9    6    9    3
 0.003614248484051273    9    6    9    4
 -0.005473627375643259    9    6    9    5
 0.01562991316884314    9    6    9    6
 0.1061780324288614    9    7    1    1
 1.05218711289639e-05    9    7    2    1
 0.07208109897037486    9    7    2    2
 -0.0004537084565948519    9    7    3    1
 0.004664837725126708    9    7    3    2
 0.09018500864701899    9    7    3    3
 -5.257505814655989e-05    9    7    4    1
 0.009392374525667426    9    7    4    2
 0.002095296540348873    9    7    4    3
 0.04391306721206013    9    7    4    4
 0.0006279073912039874    9    7    5    1
 0.01564659000408278    9    7    5    2
 -0.0004228181664194121    9    7    5    3
 0.003122450530834207    9    7    5    4
 0.06732734706008382    9    7    5    5
 -0.0001480254288471375    9    7    6    1
 0.009276617685283588    9    7    6    2
 0.005175004142580411    9    7    6    3
 -0.00347995334067102    9    7    6    4
 0.01698523242415029    9    7    6    5
 0.04672082843253196    9    7    6    6
 -0.0002365108838893652    9    7    7    1
 -0.002378253466517643    9    7    7    2
 -5.193457045307794e-05    9    7    7    3
 -0.0009301327885771541    9    7    7    4
 -0.0008320866950812314    9    7    7    5
 -0.005497728355460333    9    7    7    6
 -0.02414716547969966    9    7    7    7
 0.001380360064261631    9    7    8    1
 -0.0009635840017792575    9    7    8    2
 0.01199914546379248    9    7    8    3
 -0.004415832811361127    9    7    8    4
 0.009011051392039726    9    7    8    5
 -0.01573621631397005    9    7    8    6
 -0.02813952231743577    9    7    8    7
 0.06325477894578792    9    7    8    8
 0.0003835083261293053    9    7    9    1
 -0.0008359297222759316    9    7    9    2
 0.006728718478092755    9    7    9    3
 -0.001918324925729369    9    7    9    4
 0.005978806008277043    9    7    9    5
 -0.006738925907382236    9    7    9    6
 0.05203624438130347    9    7    9    7
 0.1780850217893685    9    8    1    1
 -0.0003556631030423765    9    8    2    1
 -0.03617455601985973    9    8    2    2
 -0.003477160947012594    9    8    3    1
 0.01150377134876556    9    8    3    2
 0.09041290460790118    9    8    3    3
 -4.212143350769984e-05    9    8    4    1
 -0.01066237486844656    9    8    4    2
 0.004990785464203742    9    8    4    3
 -0.03064376034966594    9    8    4    4
 -0.0001953826407494799    9    8    5    1
 0.005103553041895104    9    8    5    2
 -0.03073562019542921    9    8    5    3
 -0.00812776558901703    9    8    5    4
 -0.0008894524632548595    9    8    5    5
 7.403999978910564e-05    9    8    6    1
 -0.002304599101479551    9    8    6    2
 0.006648417694184966    9    8    6    3
 0.02285460536598486    9    8    6    4
 -0.02119519847866656    9    8    6    5
 0.0164840098826734    9    8    6    6
 -0.0003810154581291964    9    8    7    1
 -0.0004425503945738467    9    8    7    2
 0.001567489222606455    9    8    7    3
 -0.0008751892007230108    9    8    7    4
 -0.0002860444341040271    9    8    7    5
 -0.002706860114028251    9    8    7    6
 -0.005268229360058898    9    8    7    7
 -0.0024942415556468    9    8    8    1
 0.005928307264244801    9    8    8    2
 -0.0173860695549822    9    8    8    3
 -0.00179586676874285    9    8    8    4
 0.04826471617391512    9    8    8    5
 -0.01674602369242516    9    8    8    6
 -0.004165729677433738    9    8    8    7
 0.07146772497788495    9    8    8    8
 -0.002271595706708423    9    8    9    1
 0.0006650480109450923    9    8    9    2
 -0.007705329589878237    9    8    9    3
 -0.0006371357029404208    9    8    9    4
 0.02490392626084467    9    8    9    5
 -0.00811860707237652    9    8    9    6
 0.008591946045800563    9    8    9    7
 0.05075790734213993    9    8    9    8
 0.4939427749420194    9    9    1    1
 -0.000116128073160913    9    9    2    1
 0.3825743982906478    9    9    2    2
 -0.002675457128772516    9    9    3    1
 0.01053555702705507    9    9    3    2
 0.4265222700769536    9    9    3    3
 -0.0002685232680049028    9    9    4    1
 0.006818704305500557    9    9    4    2
 0.001510462274700745    9    9    4    3
 0.3282009024945721    9    9    4    4
 0.001326141284945339    9    9    5    1
 0.04053730864094994    9    9    5    2
 -0.00476408181952694    9    9    5    3
 -0.0008868369564077866    9    9    5    4
 0.3751909776664641    9    9    5    5
 -0.0007613909510597233    9    9    6    1
 0.01625304359281448    9    9    6    2
 0.001118386090729142    9    9    6    3
 0.02284665110466404    9    9    6    4
 0.01429468412103665    9    9    6    5
 0.3626864685813013    9    9    6    6
 -0.0007031336481298014    9    9    7    1
 -0.001311967869936903    9    9    7    2
 -0.000339468317978654    9    9    7    3
 -0.004630333669137593    9    9    7    4
 -0.0008984418231618868    9    9    7    5
 -0.009496121414529412    9    9    7    6
 0.27432409416535    9    9    7    7
 0.002025248109247564    9    9    8    1
 -0.00711939360871428    9    9    8    2
 0.02246743791495666    9    9    8    3
 0.001645364887489365    9    9    8    4
 0.01647904337018637    9    9    8    5
 -0.01630487396336167    9    9    8    6
 -0.03128548800964358    9    9    8    7
 0.3893703381200905    9    9    8    8
 -0.0002298523969582516    9    9    9    1
 -0.007291636540357116    9    9    9    2
 0.01141486506304657    9    9    9    3
 0.002074881188398246    9    9    9    4
 0.01098573523790265    9    9    9    5
 -0.006759543929670392    9    9    9    6
 0.06159416000544076    9    9    9    7
 0.02001444777287139    9    9    9    8
 0.388485720422568    9    9    9    9
 -0.0007650606849078338   10    1    1    1
 1.750007949757957e-06   10    1    2    1
 0.0007190537933435116   10    1    2    2
 -0.0001064846281446783   10    1    3    1
 0.0001816423976292894   10    1    3    2
 -0.000799224507341131   10    1    3    3
 0.001840225395052556   10    1    4    1
 0.0006920398500174037   10    1    4    2
 0.002909549927091867   10    1    4    3
 0.001229548193442787   10    1    4    4
 0.001198950306597829   10    1    5    1
 0.0003735196533871007   10    1    5    2
 0.002000773731815308   10    1    5    3
 -0.0001075748328445819   10    1    5    4
 -0.0003159717986607277   10    1    5    5
 0.007863069237444573   10    1    6    1
 0.001008396315099942   10    1    6    2
 0.01103847050565618   10    1    6    3
 0.0001081197159765154   10    1    6    4
 -0.002499369099306297   10    1    6    5
 0.002458238831221861   10    1    6    6
 -0.0007540921055692461   10    1    7    1
 -0.0001272906658628091   10    1    7    2
 -0.0009942543078895235   10    1    7    3
 -3.598784037456375e-05   10    1    7    4
 0.0003288151350146735   10    1    7    5
 -8.202831156908133e-05   10    1    7    6
 -0.00086949991733977   10    1    7    7
 0.001499054056830217   10    1    8    1
 0.000226282635208429   10    1    8    2
 0.001964934686615538   10    1    8    3
 -0.0006525584387839844   10    1    8    4
 -0.00108235753013646   10    1    8    5
 -0.002590380871001826   10    1    8    6
 3.105787113684422e-05   10    1    8    7
 -0.001198972907806368   10    1    8    8
 0.001285155943471935   10    1    9    1
 0.0001628135236594406   10    1    9    2
 0.001687430147686185   10    1    9    3
 -0.0003579261119703572   10    1    9    4
 -0.0007662897510267902   10    1    9    5
 -0.001138117836052091   10    1    9    6
 0.0005847809859737488   10    1    9    7
 -0.0009330745427711337   10    1    9    8
 -0.000271752776676841   10    1    9    9
 0.02117108908016761   10    1   10    1
 -0.00205859527328917   10    2    1    1
 4.293361852196774e-06   10    2    2    1
 -0.02295639850463375   10    2    2    2
 -2.03370616121993e-05   10    2    3    1
 0.0002201567515344103   10    2    3    2
 -0.004195529189415747   10    2    3    3
 9.097027808730403e-05   10    2    4    1
 -0.004353033080631489   10    2    4    2
 -0.0009627615128023088   10    2    4    3
 -0.009102128841803028   10    2    4    4
 5.447828599124126e-05   10    2    5    1
 -0.01536848772847421   10    2    5    2
 -0.001024413993045881   10    2    5    3
 -0.009107423209849325   10    2    5    4
 -0.0160661323863398   10    2    5    5
 0.000392366530720555   10    2    6    1
 -0.01364975154897619   10    2    6    2
 0.0005274398073019707   10    2    6    3
 0.003777540597859956   10    2    6    4
 -0.01153965741429932   10    2    6    5
 -0.003632623391839605   10    2    6    6
 -3.217068826000628e-05   10    2    7    1
 0.0009231032670580955   10    2    7    2
 0.000173261697482446   10    2    7    3
 -0.0001339054944717736   10    2    7    4
 0.0008611253725846238   10    2    7    5
 0.000324620626565091   10    2    7    6
 0.001888023571414355   10    2    7    7
 3.895384675668086e-05   10    2    8    1
 0.004803704334306666   10    2    8    2
 -0.001999080180066809   10    2    8    3
 0.003903378364274166   10    2    8    4
 0.002034355195217509   10    2    8    5
 0.004375984366769416   10    2    8    6
 0.003564199721052624   10    2    8    7
 -0.006420305511269937   10    2    8    8
 5.056578199943245e-05   10    2    9    1
 0.001634817381790559   10    2    9    2
 -0.0005547824086007073   10    2    9    3
 0.001902096614230531   10    2    9    4
 0.0005588088108017512   10    2    9    5
 0.002662205253366568   10    2    9    6
 -0.006892934641011252   10    2    9    7
 0.004861642476385963   10    2    9    8
 -0.01192156822795614   10    2    9    9
 0.0009812154931100319   10    2   10    1
 0.009810562737118618   10    2   10    2
 -0.006924518875770932   10    3    1    1
 2.555027407174078e-05   10    3    2    1
 0.004225057398870741   10    3    2    2
 -0.0002103239876457067   10    3    3    1
 0.001394795907196268   10    3    3    2
 -0.007881219542605794   10    3    3    3
 0.002208346699246386   10    3    4    1
 0.003272915163231148   10    3    4    2
 0.01418781933061436   10    3    4    3
 0.007162766643707155   10    3    4    4
 0.001436089633531206   10    3    5    1
 0.004606011526639436   10    3    5    2
 0.01014342340488843   10    3    5    3
 0.001762506352902987   10    3    5    4
 7.813505683046755e-05   10    3    5    5
 0.009307134960507895   10    3    6    1
 0.006559796237700014   10    3    6    2
 0.05022377949879175   10    3    6    3
 -0.0008670148919787382   10    3    6    4
 -0.007568982566732862   10    3    6    5
 0.005983602288179971   10    3    6    6
 -0.0008752089948862083   10    3    7    1
 -0.0005897061343248289   10    3    7    2
 -0.00419539000621044   10    3    7    3
 -0.0002680658018789075   10    3    7    4
 0.001315804542943169   10    3    7    5
 -0.0005578931698439882   10    3    7    6
 -0.004012349660824721   10    3    7    7
 0.001702879411401112   10    3    8    1
 0.0002464674516392195   10    3    8    2
 0.008142386442813714   10    3    8    3
 -0.001215199810885372   10    3    8    4
 -0.004256252687092173   10    3    8    5
 -0.005151220483964034   10    3    8    6
 -0.0004004445348814705   10    3    8    7
 -0.005513133425151879   10    3    8    8
 0.001499010985250786   10    3    9    1
 0.0006539772017471756   10    3    9    2
 0.007465572611175992   10    3    9    3
 -0.0009155861370270273   10    3    9    4
 -0.002779104319297084   10    3    9    5
 -0.002046295974138169   10    3    9    6
 0.002368894931031852   10    3    9    7
 -0.004038155244443098   10    3    9    8
 -0.0005232444055890896   10    3    9    9
 0.02451230880761556   10    3   10    1
 0.003825179105758218   10    3   10    2
 0.1002827121164   10    3   10    3
 0.06059283955395313   10    4    1    1
 -4.817873564466612e-05   10    4    2    1
 -0.01302458283874747   10    4    2    2
 -0.0008569119321639663   10    4    3    1
 0.001213233970767805   10    4    3    2
 0.02609351444419332   10    4    3    3
 0.0001389534060876741   10    4    4    1
 0.01068123128109958   10    4    4    2
 0.003456501143188259   10    4    4    3
 0.000586455712036385   10    4    4    4
 0.0003913986444595252   10    4    5    1
 -0.01221191960379817   10    4    5    2
 -0.01032293654334698   10    4    5    3
 0.001856497970362824   10    4    5    4
 -0.006104461372347224   10    4    5    5
 0.0006135350880728358   10    4    6    1
 -0.0005507303979427234   10    4    6    2
 0.01223363936418559   10    4    6    3
 -0.02148701589530453   10    4    6    4
 0.005615022192477023   10    4    6    5
 -0.01121977884882586   10    4    6    6
 -7.833654820656794e-05   10    4    7    1
 -0.001279764361374455   10    4    7    2
 -0.0001858073501039595   10    4    7    3
 0.001133033045976123   10    4    7    4
 -0.001396793530348612   10    4    7    5
 0.0002061599401316234   10    4    7    6
 -0.02161701980015499   10    4    7    7
 0.0002710886580107987   10    4    8    1
 0.008019539888447381   10    4    8    2
 -0.005353008085650568   10    4    8    3
 -0.008798331363777419   10    4    8    4
 0.01667581346300421   10    4    8    5
 -0.01392119547111227   10    4    8    6
 -0.004499853797446488   10    4    8    7
 0.009542700403572314   10    4    8    8
 0.0001753327693654743   10    4    9    1
 0.003936247224633852   10    4    9    2
 -0.00211343580306677   10    4    9    3
 -0.006182021447376659   10    4    9    4
 0.008362519661835325   10    4    9    5
 -0.007022152521910819   10    4    9    6
 0.007693413513408934   10    4    9    7
 0.007524095932599337   10    4    9    8
 -0.001984816877225405   10    4    9    9
 0.001951497488642618   10    4   10    1
 0.0001159717822141778   10    4   10    2
 0.006588020091506491   10    4   10    3
 0.01706234388400419   10    4   10    4
 0.04616601767980219   10    5    1    1
 -1.856633783506212e-05   10    5    2    1
 -0.04487643718404052   10    5    2    2
 -0.0004212860800810987   10    5    3    1
 0.006800866477576005   10    5    3    2
 0.02629880432850593   10    5    3    3
 -0.0009437312447837783   10    5    4    1
 -0.01711753977735176   10    5    4    2
 -0.005406512081037909   10    5    4    3
 -0.03161743742630577   10    5    4    4
 -0.0003972806312181468   10    5    5    1
 0.001920557342099302   10    5    5    2
 -0.01504265463490335   10    5    5    3
 -0.01175700158575182   10    5    5    4
 -0.03107714451194895   10    5    5    5
 -0.003902494955753778   10    5    6    1
 -0.009886113701100761   10    5    6    2
 -0.02288552198509533   10    5    6    3
 0.02381615227437407   10    5    6    4
 -0.02318029406932291   10    5    6    5
 0.001599046207232456   10    5    6    6
 0.0003623445096605844   10    5    7    1
 0.001603065827725975   10    5    7    2
 0.002276724910950343   10    5    7    3
 -0.0004113564728077619   10    5    7    4
 0.0004056996965679978   10    5    7    5
 0.0003346736162954588   10    5    7    6
 0.0174948253048828   10    5    7    7
 -0.0005537461692524748   10    5    8    1
 -0.0001493761210631909   10    5    8    2
 -0.005432706370634196   10    5    8    3
 0.007460993626505487   10    5    8    4
 0.01775191590270956   10    5    8    5
 0.01151092369704862   10    5    8    6
 0.004536005094894365   10    5    8    7
 0.01410295925075665   10    5    8    8
 -0.0005294727216321552   10    5    9    1
 -0.0009319118576213412   10    5    9    2
 -0.003350175263930461   10    5    9    3
 0.005315586351565211   10    5    9    4
 0.008500563052778364   10    5    9    5
 0.006443373979546508   10    5    9    6
 -0.01098716028331843   10    5    9    7
 0.01668797334413406   10    5    9    8
 -0.005460465299846418   10    5    9    9
 -0.01019417358593369   10    5   10    1
 0.006416844591496234   10    5   10    2
 -0.0378015021522657   10    5   10    3
 -0.005991813865026435   10    5   10    4
 0.03691405900875684   10    5   10    5
 0.2795835065141365   10    6    1    1
 -0.0001707606672047956   10    6    2    1
 -0.05253155338293269   10    6    2    2
 -0.003534863533853808   10    6    3    1
 0.01712005812639063   10    6    3    2
 0.1451427455740289   10    6    3    3
 0.0001922047615673073   10    6    4    1
 0.004764967149242278   10    6    4    2
 0.01149735241838557   10    6    4    3
 -0.04206454370182942   10    6    4    4
 0.001553556611965421   10    6    5    1
 0.0004986812544893279   10    6    5    2
 -0.04466046527179472   10    6    5    3
 0.00272366649588407   10    6    5    4
 -0.01082234936532699   10    6    5    5
 0.001156386784765419   10    6    6    1
 0.003311178671935651   10    6    6    2
 0.02507138432611946   10    6    6    3
 0.008134228573663565   10    6    6    4
 -0.01185858104494464   10    6    6    5
 -0.001555440836101135   10    6    6    6
 -0.0002026297350508138   10    6    7    1
 -0.001495624097604938   10    6    7    2
 0.0002349622788496383   10    6    7    3
 0.000760426281865069   10    6    7    4
 -0.003333998388163283   10    6    7    5
 -0.0009383585338481549   10    6    7    6
 -0.02426149175094913   10    6    7    7
 0.001246695998838515   10    6    8    1
 0.01279556864524543   10    6    8    2
 -0.01404174067265848   10    6    8    3
 -0.01519171689763511   10    6    8    4
 0.06468046301968841   10    6    8    5
 -0.03598198229526029   10    6    8    6
 -0.01399266820524508   10    6    8    7
 0.08006236007372074   10    6    8    8
 0.0007234671173923287   10    6    9    1
 0.00625801545774466   10    6    9    2
 -0.005067712406951538   10    6    9    3
 -0.006906128232131266   10    6    9    4
 0.03259962658020399   10    6    9    5
 -0.01711418633820717   10    6    9    6
 0.02109124242538534   10    6    9    7
 0.04204986389992414   10    6    9    8
 0.02213349037791717   10    6    9    9
 0.004631562965985977   10    6   10    1
 0.001054148062873504   10    6   10    2
 0.01412257981747025   10    6   10    3
 0.02854971838811981   10    6   10    4
 0.002829552878939408   10    6   10    5
 0.09866333758747135   10    6   10    6
 -0.02573249799853843   10    7    1    1
 1.89198301336447e-05   10    7    2    1
 0.004123584765797575   10    7    2    2
 0.0003387850403230064   10    7    3    1
 -0.001300090296054282   10    7    3    2
 -0.01285166107582265   10    7    3    3
 4.622992621626441e-05   10    7    4    1
 -0.001221348895101131   10    7    4    2
 -0.0007212419536895374   10    7    4    3
 0.002848733690329706   10    7    4    4
 -9.331758274633662e-05   10    7    5    1
 0.0005045685771824503   10    7    5    2
 0.004318727977652886   10    7    5    3
 -0.0005350011655614675   10    7    5    4
 0.0003817191170382928   10    7    5    5
 0.0001711071844899838   10    7    6    1
 -0.0002145552579373816   10    7    6    2
 -0.001458898244113315   10    7    6    3
 0.000356030974303248   10    7    6    4
 -6.745165136788293e-05   10    7    6    5
 0.000390869465100191   10    7    6    6
 -1.90227552639052e-06   10    7    7    1
 0.001227809997837884   10    7    7    2
 0.0006205493509536172   10    7    7    3
 -0.002699175784372906   10    7    7    4
 0.002242239652485181   10    7    7    5
 -0.002925064456229258   10    7    7    6
 0.003109260627580393   10    7    7    7
 -3.875793681652262e-05   10    7    8    1
 -0.0009201683527246207   10    7    8    2
 0.001695550016576265   10    7    8    3
 0.001679552757172596   10    7    8    4
 -0.006004549857937495   10    7    8    5
 0.002239289121278913   10    7    8    6
 2.72507792590308e-05   10    7    8    7
 -0.008225186222152426   10    7    8    8
 8.02175418521365e-06   10    7    9    1
 -0.001179701206212301   10    7    9    2
 0.001492267589618975   10    7    9    3
 0.000411390606402433   10    7    9    4
 -0.003050194864579036   10    7    9    5
 0.002504211351360445   10    7    9    6
 -0.002859632974883547   10    7    9    7
 -0.003278853378043293   10    7    9    8
 -0.00119052094504877   10    7    9    9
 0.0003368742700588694   10    7   10    1
 0.0002079641167416093   10    7   10    2
 0.001287223761665336   10    7   10    3
 -0.002666237003361399   10    7   10    4
 -0.001157572849117345   10    7   10    5
 -0.008322664960678038   10    7   10    6
 0.005878645026994539   10    7   10    7
 0.04793603175987548   10    8    1    1
 -3.92987052377786e-05   10    8    2    1
 0.007164834355140463   10    8    2    2
 -0.0006047559784365232   10    8    3    1
 0.0003963413069312291   10    8    3    2
 0.0232286256115522   10    8    3    3
 -0.000762493877391063   10    8    4    1
 0.008571794067996949   10    8    4    2
 0.0001628149817875798   10    8    4    3
 0.001134819069499598   10    8    4    4
 -0.0002851593913983   10    8    5    1
 -0.001791415491996453   10    8    5    2
 -0.008085904288904858   10    8    5    3
 0.007309771483990334   10    8    5    4
 0.01311195958481293   10    8    5    5
 -0.003235598888342392   10    8    6    1
 0.004576744482960486   10    8    6    2
 -0.003284327266628251   10    8    6    3
 -0.01183186076062523   10    8    6    4
 0.01652567882564826   10    8    6    5
 -0.01176148204575232   10    8    6    6
 0.0003045950976661273   10    8    7    1
 3.429198571971942e-05   10    8    7    2
 0.001225185909700924   10    8    7    3
 0.0002507931264761129   10    8    7    4
 -0.001470239851047745   10    8    7    5
 -0.001023216704299533   10    8    7    6
 -0.01263256471024276   10    8    7    7
 -0.0005533930953059188   10    8    8    1
 0.001847666536249706   10    8    8    2
 -0.006281337486822537   10    8    8    3
 -0.004643060367976521   10    8    8    4
 0.01144544014834159   10    8    8    5
 -0.0006842633879584388   10    8    8    6
 -0.006698260582088317   10    8    8    7
 0.01832138612457786   10    8    8    8
 -0.0004909636542567083   10    8    9    1
 0.004055505430794336   10    8    9    2
 -0.003425745909850115   10    8    9    3
 -0.001861422583524774   10    8    9    4
 0.008275369328367744   10    8    9    5
 -0.001049362977231314   10    8    9    6
 0.008158310592105767   10    8    9    7
 0.005754379008478289   10    8    9    8
 0.00907309039553769   10    8    9    9
 -0.008529211554972582   10    8   10    1
 -0.00416260227866552   10    8   10    2
 -0.02793831286483574   10    8   10    3
 0.004827465243662667   10    8   10    4
 0.01209184345885348   10    8   10    5
 0.008271061260461272   10    8   10    6
 -0.004499783402654685   10    8   10    7
 0.03670751768698557   10    8   10    8
 0.04474613057011208   10    9    1    1
 -3.150505014944836e-05   10    9    2    1
 0.0005951115032323201   10    9    2    2
 -0.0005339206362864066   10    9    3    1
 0.001814953286381501   10    9    3    2
 0.0236623428003692   10    9    3    3
 -0.000380783693701793   10    9    4    1
 0.004529540216972434   10    9    4    2
 0.0008239359349337257   10    9    4    3
 -0.002631397202559511   10    9    4    4
 -3.654684727486688e-05   10    9    5    1
 -0.0001743280033233542   10    9    5    2
 -0.00693568825904612   10    9    5    3
 0.003696392956085457   10    9    5    4
 0.006674053739231493   10    9    5    5
 -0.001595460058736788   10    9    6    1
 0.002988877821286122   10    9    6    2
 -0.0001679209953131176   10    9    6    3
 -0.004603723251208251   10    9    6    4
 0.007869080431987511   10    9    6    5
 -0.005073455801511884   10    9    6    6
 0.0001419352837456999   10    9    7    1
 -0.002070296546008465   10    9    7    2
 0.0003739403509294895   10    9    7    3
 0.0006087973784232695   10    9    7    4
 -0.002217970979253543   10    9    7    5
 0.001197236318327661   10    9    7    6
 -0.008178489984206408   10    9    7    7
 -0.000172967814431047   10    9    8    1
 0.004412820987440729   10    9    8    2
 -0.003648658855811004   10    9    8    3
 -0.002091388660088547   10    9    8    4
 0.01207398892514704   10    9    8    5
 -0.002882590647584352   10    9    8    6
 -0.003715892076359415   10    9    8    7
 0.01459371742226443   10    9    8    8
 -0.0001866830951339565   10    9    9    1
 -0.002059643912998335   10    9    9    2
 -0.001754746909186445   10    9    9    3
 -0.003292183462249558   10    9    9    4
 0.004314886665762321   10    9    9    5
 -0.001408585343202639   10    9    9    6
 0.006909821967748298   10    9    9    7
 0.00695349805982974   10    9    9    8
 0.008487417569433522   10    9    9    9
 -0.004083184395056933   10    9   10    1
 -0.002109814533445009   10    9   10    2
 -0.01343649660846019   10    9   10    3
 0.00458857644234112   10    9   10    4
 0.006446870871365717   10    9   10    5
 0.01109993771022204   10    9   10    6
 0.001227941880245549   10    9   10    7
 0.01560076965458186   10    9   10    8
 0.01745341658694386   10    9   10    9
 0.9405506700199824   10   10    1    1
 -0.0003901808171217669   10   10    2    1
 0.2835053403982401   10   10    2    2
 -0.009102647607648595   10   10    3    1
 0.03455614844439169   10   10    3    2
 0.630479695718615   10   10    3    3
 -0.0006510333088002755   10   10    4    1
 -0.004947693557348254   10   10    4    2
 0.01322362642780622   10   10    4    3
 0.2649432489203267   10   10    4    4
 0.003752419558454094   10   10    5    1
 0.04187985655249227   10   10    5    2
 -0.08098319133655502   10   10    5    3
 -0.01071086821425511   10   10    5    4
 0.3515027915121469   10   10    5    5
 -0.00171712514140098   10   10    6    1
 0.009937695703161338   10   10    6    2
 0.02025689579554921   10   10    6    3
 0.06249428144798104   10   10    6    4
 -0.02503391592873326   10   10    6    5
 0.3961495243292788   10   10    6    6
 -0.0001517318335845895   10   10    7    1
 -0.0008340923755964561   10   10    7    2
 0.001469401306609251   10   10    7    3
 -0.004415610414596471   10   10    7    4
 -0.006076886934597703   10   10    7    5
 -0.01046416920591227   10   10    7    6
 0.2648275097894491   10   10    7    7
 0.00344593988393538   10   10    8    1
 0.002969676715480376   10   10    8    2
 -0.01577906280248532   10   10    8    3
 -0.008020585485161203   10   10    8    4
 0.1045656322952668   10   10    8    5
 -0.04617709130005995   10   10    8    6
 -0.04491424814583234   10   10    8    7
 0.5094408967943059   10   10    8    8
 0.001656680106947989   10   10    9    1
 -0.001240636867701204   10   10    9    2
 -0.006349979894518154   10   10    9    3
 0.002384618119889769   10   10    9    4
 0.05206556134118115   10   10    9    5
 -0.01574263964478514   10   10    9    6
 0.06583675449569817   10   10    9    7
 0.08895130400299092   10   10    9    8
 0.3943912058568314   10   10    9    9
 5.946785610806641e-05   10   10   10    1
 -0.002815095725012708   10   10   10    2
 -0.003074563660043405   10   10   10    3
 0.0262505773586552   10   10   10    4
 0.02748724068967159   10   10   10    5
 0.1482938311192054   10   10   10    6
 -0.01337784155312302   10   10   10    7
 0.02316423792117707   10   10   10    8
 0.02275526805371914   10   10   10    9
 0.6565863125972826   10   10   10   10
 -0.002138445878838787   11    1    1    1
 6.78658461712258e-05   11    1    2    1
 0.000301953125252727   11    1    2    2
 0.0004995665367903475   11    1    3    1
 0.0001361894098247382   11    1    3    2
 0.0006306814320382688   11    1    3    3
 -9.27251536670477e-05   11    1    4    1
 -1.812606285888951e-05   11    1    4    2
 -0.0001588402129851903   11    1    4    3
 0.0001591982530112208   11    1    4    4
 0.0001532851623549111   11    1    5    1
 4.748297655796452e-05   11    1    5    2
 0.0003728969083714298   11    1    5    3
 7.748513527316303e-05   11    1    5    4
 -6.74721640969772e-05   11    1    5    5
 9.016235840798376e-05   11    1    6    1
 5.299123599292927e-05   11    1    6    2
 6.8046152542519e-05   11    1    6    3
 1.842019457684745e-05   11    1    6    4
 0.0001023527538223078   11    1    6    5
 0.0002221817231876514   11    1    6    6
 -0.003665615357708499   11    1    7    1
 -0.0005183322391363257   11    1    7    2
 -0.005095256178838492   11    1    7    3
 -0.0002424769178157389   11    1    7    4
 0.001440193563510049   11    1    7    5
 -0.0006037068905343897   11    1    7    6
 3.038945541802308e-05   11    1    7    7
 0.003098721104903274   11    1    8    1
 0.0003972632132603127   11    1    8    2
 0.004268144110938442   11    1    8    3
 0.0003098276408251837   11    1    8    4
 -0.001482907354291166   11    1    8    5
 0.0006561237022676962   11    1    8    6
 0.001288222157103149   11    1    8    7
 -0.002166407284407045   11    1    8    8
 -0.005254713040922024   11    1    9    1
 -0.0007577818816585152   11    1    9    2
 -0.007122496430336619   11    1    9    3
 -0.0003599393854066486   11    1    9    4
 0.001999291327817725   11    1    9    5
 -0.0009731524421931669   11    1    9    6
 0.0005673799897714488   11    1    9    7
 0.001182143661761602   11    1    9    8
 0.00188945451771237   11    1    9    9
 0.000363591184773525   11    1   10    1
 4.144394459185543e-06   11    1   10    2
 0.000386992375602363   11    1   10    3
 1.849548829609804e-05   11    1   10    4
 -0.0001900676518516259   11    1   10    5
 2.30666018369822e-05   11    1   10    6
 -1.48120213138748e-05   11    1   10    7
 -0.0001735269458522434   11    1   10    8
 -8.843849207875912e-05   11    1   10    9
 -1.717478530720854e-05   11    1   10   10
 0.0104423616830835   11    1   11    1
 0.001150825915292741   11    2    1    1
 4.411065571118179e-06   11    2    2    1
 0.0003561821445651316   11    2    2    2
 -1.428354526923243e-05   11    2    3    1
 -0.0005125474886999377   11    2    3    2
 0.0002911368989862584   11    2    3    3
 -1.454253502181633e-05   11    2    4    1
 -0.0001709654498367425   11    2    4    2
 -0.0003142269697943479   11    2    4    3
 -2.630796779012476e-05   11    2    4    4
 2.872742343260108e-05   11    2    5    1
 -7.710741270607412e-06   11    2    5    2
 -0.0004593763252339873   11    2    5    3
 -0.000343027081153093   11    2    5    4
 -0.0004516970790460245   11    2    5    5
 -1.596464800492297e-05   11    2    6    1
 -0.001402598434215013   11    2    6    2
 -0.0002094763858840392   11    2    6    3
 -0.0008233275238355991   11    2    6    4
 -0.0004517478775993647   11    2    6    5
 9.448092108819374e-05   11    2    6    6
 -0.0002108012672403118   11    2    7    1
 0.01001619469480424   11    2    7    2
 -0.002571893156845136   11    2    7    3
 0.004211822462987277   11    2    7    4
 0.001678546181830925   11    2    7    5
 0.001197799790026277   11    2    7    6
 -5.76390912480373e-05   11    2    7    7
 0.0001910312372095759   11    2    8    1
 -0.01589066240206202   11    2    8    2
 0.002843816755684307   11    2    8    3
 -0.008938361246034263   11    2    8    4
 -0.001578080551506263   11    2    8    5
 0.000243279139390242   11    2    8    6
 -0.001131262006988787   11    2    8    7
 0.003702797896363441   11    2    8    8
 -0.0002975246785819904   11    2    9    1
 0.02760553872019395   11    2    9    2
 -0.005367129975533877   11    2    9    3
 0.01611895904453254   11    2    9    4
 0.002597248542703256   11    2    9    5
 -0.0001255682211077682   11    2    9    6
 -0.001450470540537524   11    2    9    7
 -0.00220200445969265   11    2    9    8
 -0.003341930872022656   11    2    9    9
 -1.884289268849755e-05   11    2   10    1
 -0.0003578667446917907   11    2   10    2
 -0.0001175920781599369   11    2   10    3
 -0.0002754639996147909   11    2   10    4
 0.0003084398317193882   11    2   10    5
 0.0002912679491879737   11    2   10    6
 -0.001702123996435053   11    2   10    7
 0.002397391654942314   11    2   10    8
 -0.004350591704438658   11    2   10    9
 0.0003048215130404231   11    2   10   10
 0.000592256965719328   11    2   11    1
 0.03702494138303918   11    2   11    2
 0.00999841309699267   11    3    1    1
 6.245600191895572e-05   11    3    2    1
 0.001188538049999037   11    3    2    2
 0.0001035815839224565   11    3    3    1
 0.001399559550500593   11    3    3    2
 0.008186990440200484   11    3    3    3
 -0.0001540296603716433   11    3    4    1
 -0.0005724847780610091   11    3    4    2
 -0.0007547799641816115   11    3    4    3
 0.0002450848378934748   11    3    4    4
 0.0003874586230484287   11    3    5    1
 0.0002331836911547547   11    3    5    2
 0.0003952046975717888   11    3    5    3
 -0.0001745064365925651   11    3    5    4
 0.0004768818208273204   11    3    5    5
 8.158178834779698e-06   11    3    6    1
 0.0003788470092186166   11    3    6    2
 0.0006745246972190214   11    3    6    3
 0.001012722146628766   11    3    6    4
 -0.0001678613510155205   11    3    6    5
 0.002230579503168529   11    3    6    6
 -0.004587584124892958   11    3    7    1
 -0.007227469294702622   11    3    7    2
 -0.02801914599158604   11    3    7    3
 -0.0001544252359871707   11    3    7    4
 0.001591127991985545   11    3    7    5
 0.0002516214905420147   11    3    7    6
 0.0008456327972946528   11    3    7    7
 0.003995855376188076   11    3    8    1
 0.006732848555041263   11    3    8    2
 0.02126657709566241   11    3    8    3
 0.001582373081273664   11    3    8    4
 -0.001739177387769367   11    3    8    5
 0.0007893148479443552   11    3    8    6
 0.001866608406412236   11    3    8    7
 -0.0006952177097699041   11    3    8    8
 -0.006498875743677688   11    3    9    1
 -0.01200039207097754   11    3    9    2
 -0.0388547376713065   11    3    9    3
 -0.002275067194573428   11    3    9    4
 0.004119649352789616   11    3    9    5
 -0.001635407546270099   11    3    9    6
 0.001341314267684642   11    3    9    7
 0.002840055352733269   11    3    9    8
 0.004864457507423883   11    3    9    9
 0.0003901083515861102   11    3   10    1
 0.0001261836406101935   11    3   10    2
 0.00112198983601799   11    3   10    3
 0.0006635398319195475   11    3   10    4
 -0.0002924658665363516   11    3   10    5
 0.002164763861054706   11    3   10    6
 -0.0005267461316517938   11    3   10    7
 -0.0007060959013619112   11    3   10    8
 0.0004185367501823213   11    3   10    9
 0.004677946804605705   11    3   10   10
 0.01288589247408995   11    3   11    1
 -0.001505958463582198   11    3   11    2
 0.06328817537225645   11    3   11    3
 -0.006953319209879164   11    4    1    1
 5.3633580996654e-06   11    4    2    1
 -0.00181637004587778   11    4    2    2
 5.196818553635359e-05   11    4    3    1
 -0.0007307661082576289   11    4    3    2
 -0.005201310199451582   11    4    3    3
 -6.960610448754167e-06   11    4    4    1
 -0.0002819822533357705   11    4    4    2
 -0.0004181572458828286   11    4    4    3
 -0.0008955733701663997   11    4    4    4
 -8.243878796013929e-06   11    4    5    1
 -0.000503751657247424   11    4    5    2
 0.0004513800591241295   11    4    5    3
 -0.0004291322525815029   11    4    5    4
 -0.002499570853735554   11    4    5    5
 1.087761764875086e-05   11    4    6    1
 -0.001353454180425987   11    4    6    2
 -0.0005195043700127517   11    4    6    3
 -0.001233199835118831   11    4    6    4
 -0.0007384480331083436   11    4    6    5
 -0.00116632668201163   11    4    6    6
 -0.0002265302305614132   11    4    7    1
 0.007727214014585745   11    4    7    2
 0.0004591555074638557   11    4    7    3
 0.003811826456377936   11    4    7    4
 0.004137614677200478   11    4    7    5
 -0.001736477520697819   11    4    7    6
 -5.250727565981122e-05   11    4    7    7
 0.0001555433502098386   11    4    8    1
 -0.01102788379191697   11    4    8    2
 0.0003792518418245843   11    4    8    3
 -0.008876076322509972   11    4    8    4
 -0.004690707886248515   11    4    8    5
 0.003895647041094836   11    4    8    6
 0.0005837556130292203   11    4    8    7
 -0.001826735228625497   11    4    8    8
 -0.0003415379258058051   11    4    9    1
 0.01934926871586349   11    4    9    2
 -0.0005463733390735708   11    4    9    3
 0.01640680098119447   11    4    9    4
 0.005789661239729163   11    4    9    5
 -0.004888326312369865   11    4    9    6
 -0.001846732342171966   11    4    9    7
 -0.001623372603283815   11    4    9    8
 -0.004831679325580384   11    4    9    9
 3.387067519134401e-06   11    4   10    1
 0.0001344407552655337   11    4   10    2
 5.492195155754748e-05   11    4   10    3
 -0.0007762393595104567   11    4   10    4
 0.0004053190590878303   11    4   10    5
 -0.001637193642950773   11    4   10    6
 -0.001023283025589795   11    4   10    7
 0.001132019191184208   11    4   10    8
 -0.003276857745095006   11    4   10    9
 -0.004168514882443666   11    4   10   10
 0.0006389444527719808   11    4   11    1
 0.02204441708385659   11    4   11    2
 -0.002487765245096822   11    4   11    3
 0.02607456746283402   11    4   11    4
 0.007535959898798016   11    5    1    1
 -2.924019330138761e-05   11    5    2    1
 -0.002715814127946505   11    5    2    2
 -0.0001970518348069097   11    5    3    1
 -5.647997323981874e-05   11    5    3    2
 0.002012944456728202   11    5    3    3
 4.572193873800914e-05   11    5    4    1
 -0.0002208721993257352   11    5    4    2
 0.0003098271414135648   11    5    4    3
 -0.002304271190258167   11    5    4    4
 -9.097164021101709e-05   11    5    5    1
 -0.001207465303208262   11    5    5    2
 -0.002268599186819184   11    5    5    3
 -0.0006153272715694599   11    5    5    4
 -0.001433531140904051   11    5    5    5
 -3.469396150203679e-05   11    5    6    1
 -0.0005426642228596168   11    5    6    2
 0.0002433200452824336   11    5    6    3
 -0.0002598529321274054   11    5    6    4
 -0.001145579222080104   11    5    6    5
 -0.001819049693928401   11    5    6    6
 0.001696367281138451   11    5    7    1
 -0.0001377424129801543   11    5    7    2
 0.006443652481373608   11    5    7    3
 0.001950950447114035   11    5    7    4
 -0.001660490789677065   11    5    7    5
 0.002985328600413797   11    5    7    6
 -0.001466861713850242   11    5    7    7
 -0.001454148787856694   11    5    8    1
 0.000385364220288402   11    5    8    2
 -0.006712972711362953   11    5    8    3
 -0.002330827224272303   11    5    8    4
 0.001452419528575683   11    5    8    5
 -0.003655808665522568   11    5    8    6
 -0.003941781925119217   11    5    8    7
 0.008942674689786309   11    5    8    8
 0.002415108408171764   11    5    9    1
 0.0002365676918677457   11    5    9    2
 0.009017178874160559   11    5    9    3
 0.003178466495032346   11    5    9    4
 0.002044682603964422   11    5    9    5
 0.004550405674338245   11    5    9    6
 -0.001891371040337894   11    5    9    7
 -0.003212412874438545   11    5    9    8
 -0.007349595497899724   11    5    9    9
 -0.0001757486514087587   11    5   10    1
 0.0002768375581695381   11    5   10    2
 -0.0007693878485200502   11    5   10    3
 0.0007828013219249866   11    5   10    4
 0.0007188431673298959   11    5   10    5
 0.002380994829679214   11    5   10    6
 -0.001744343520395367   11    5   10    7
 0.002383343950866593   11    5   10    8
 -0.002459588145866783   11    5   10    9
 0.00292154914858993   11    5   10   10
 -0.004785081157077183   11    5   11    1
 -0.0006532207850426857   11    5   11    2
 -0.01617307980281529   11    5   11    3
 0.0007283755573470152   11    5   11    4
 0.01680939738263634   11    5   11    5
 0.001581540454916144   11    6    1    1
 1.156530327246598e-05   11    6    2    1
 -0.005683613380989804   11    6    2    2
 1.280838384312099e-05   11    6    3    1
 0.0007416347947787907   11    6    3    2
 0.0009949658501588127   11    6    3    3
 -2.353266856634119e-05   11    6    4    1
 -0.00202376084181059   11    6    4    2
 -0.0001235434757423054   11    6    4    3
 -0.005098909805972088   11    6    4    4
 6.109330771328795e-05   11    6    5    1
 0.0003178513175744966   11    6    5    2
 -0.0007413150939085129   11    6    5    3
 -0.001295892992009671   11    6    5    4
 -0.004064058778672734   11    6    5    5
 1.063738754956595e-05   11    6    6    1
 -0.0006453094388569061   11    6    6    2
 -0.0008043201898724589   11    6    6    3
 0.003476672640797214   11    6    6    4
 -0.002801668850980128   11    6    6    5
 -0.0004797211975364359   11    6    6    6
 -0.0007381479274416976   11    6    7    1
 0.001011858692152196   11    6    7    2
 -0.001143055251071205   11    6    7    3
 -0.002431015965249163   11    6    7    4
 0.003584790050973734   11    6    7    5
 -0.002551525868433075   11    6    7    6
 0.002674733553260949   11    6    7    7
 0.0006378226910297559   11    6    8    1
 0.0002968167865710875   11    6    8    2
 0.001111854963292309   11    6    8    3
 0.004490672134745932   11    6    8    4
 -0.001992230649111889   11    6    8    5
 0.001115263539209968   11    6    8    6
 0.002238035632188712   11    6    8    7
 -0.002443550310267851   11    6    8    8
 -0.001049429647441014   11    6    9    1
 -0.0003923352882833158   11    6    9    2
 -0.001735051925040076   11    6    9    3
 -0.005915174234337563   11    6    9    4
 0.005934177480451703   11    6    9    5
 -0.0005888321291014474   11    6    9    6
 -0.001337733345938985   11    6    9    7
 0.002713328260631869   11    6    9    8
 -0.000226003594257469   11    6    9    9
 7.321944212469546e-05   11    6   10    1
 0.001005123486153792   11    6   10    2
 0.0003165938430194096   11    6   10    3
 -0.0006586245821687128   11    6   10    4
 0.002046955456875075   11    6   10    5
 0.0004690122665113093   11    6   10    6
 -0.002526271848362192   11    6   10    7
 0.001751683891731415   11    6   10    8
 -0.005058688743572982   11    6   10    9
 0.001148481955296567   11    6   10   10
 0.002081379893485648   11    6   11    1
 -0.002815498986201014   11    6   11    2
 0.006567164191208081   11    6   11    3
 -0.003974363938758235   11    6   11    4
 -0.0008390879659520356   11    6   11    5
 0.01078263088252661   11    6   11    6
 -0.1575447053680913   11    7    1    1
 5.517148887391236e-05   11    7    2    1
 0.0190614586537629   11    7    2    2
 0.001496882740128512   11    7    3    1
 -0.01378413911502886   11    7    3    2
 -0.1012757393014359   11    7    3    3
 0.0001492098645915534   11    7    4    1
 0.009135163372455133   11    7    4    2
 -0.002772117538896764   11    7    4    3
 0.01919579841393889   11    7    4    4
 -0.0007353293730836797   11    7    5    1
 -0.01204926206640778   11    7    5    2
 0.020732834004934   11    7    5    3
 0.006824417534588085   11    7    5    4
 -0.007090183233211225   11    7    5    5
 0.0004415060726681525   11    7    6    1
 -2.428174097603218e-05   11    7    6    2
 -0.001459500380509206   11    7    6    3
 -0.02280609559015718   11    7    6    4
 0.01460186439446988   11    7    6    5
 -0.02564682683656497   11    7    6    6
 -3.130997072123562e-05   11    7    7    1
 -0.0003302315737719868   11    7    7    2
 -0.001031567459189299   11    7    7    3
 0.0008496330206270052   11    7    7    4
 0.0005474276113339874   11    7    7    5
 0.002660034536806396   11    7    7    6
 -0.0018117471782025   11    7    7    7
 -0.0008715431297127696   11    7    8    1
 -0.003127378782924104   11    7    8    2
 -0.0006082181222212159   11    7    8    3
 0.001035267983181629   11    7    8    4
 -0.03345918924540748   11    7    8    5
 0.01208463653052647   11    7    8    6
 0.01207576684450209   11    7    8    7
 -0.06162648375318234   11    7    8    8
 -0.0005410775868505735   11    7    9    1
 -0.001767807314931601   11    7    9    2
 -0.00176405701695698   11    7    9    3
 -0.001877910358890404   11    7    9    4
 -0.01713556468095144   11    7    9    5
 0.004122515947331581   11    7    9    6
 -0.01763039203377196   11    7    9    7
 -0.02807508101755781   11    7    9    8
 -0.02595452787227498   11    7    9    9
 0.0001795483279646977   11    7   10    1
 -0.003017805699521728   11    7   10    2
 0.001834225158803017   11    7   10    3
 -0.006439936568032505   11    7   10    4
 -0.01233224850206224   11    7   10    5
 -0.03786535767720815   11    7   10    6
 0.003221831134686921   11    7   10    7
 -0.003700778371238546   11    7   10    8
 -0.004418719665057824   11    7   10    9
 -0.08250447964170761   11    7   10   10
 0.0001677314207851214   11    7   11    1
 -0.0005251961939831265   11    7   11    2
 -0.0005111079415147078   11    7   11    3
 0.000366795396412987   11    7   11    4
 -0.001589759292717619   11    7   11    5
 -0.001418533130599496   11    7   11    6
 0.03214444872332849   11    7   11    7
 0.1228437250408759   11    8    1    1
 -7.536881471508301e-05   11    8    2    1
 -0.05908058716547464   11    8    2    2
 -0.00141670825213965   11    8    3    1
 0.01466428422833435   11    8    3    2
 0.07037093716301489   11    8    3    3
 -0.0001005989259276207   11    8    4    1
 -0.01750698767030717   11    8    4    2
 0.002353007888493867   11    8    4    3
 -0.0503622622463779   11    8    4    4
 0.0004554254880211212   11    8    5    1
 0.01015897703315265   11    8    5    2
 -0.02246597332265197   11    8    5    3
 -0.01009513477110619   11    8    5    4
 -0.02649814248471157   11    8    5    5
 -0.0004217779723443783   11    8    6    1
 -0.002442599598052461   11    8    6    2
 -0.001387833372983537   11    8    6    3
 0.03120655437926266   11    8    6    4
 -0.02467416080383113   11    8    6    5
 0.004299379910510575   11    8    6    6
 0.001395754001983659   11    8    7    1
 -0.00106727437861212   11    8    7    2
 0.003416127206928161   11    8    7    3
 0.0002798961039987832   11    8    7    4
 -0.00550512560226387   11    8    7    5
 0.001809386766469628   11    8    7    6
 0.01197500649455486   11    8    7    7
 -0.0006317600872467252   11    8    8    1
 0.00595973802222605   11    8    8    2
 -0.005266308640233136   11    8    8    3
 0.002729691788271967   11    8    8    4
 0.0388227476402438   11    8    8    5
 -0.006920156501634437   11    8    8    6
 -0.00515890700489063   11    8    8    7
 0.04439434058867414   11    8    8    8
 0.00228298343673474   11    8    9    1
 -0.002644986082275412   11    8    9    2
 0.003531714539194626   11    8    9    3
 0.001915289564964822   11    8    9    4
 0.008709994319961467   11    8    9    5
 5.335189548031665e-05   11    8    9    6
 -0.0057356540156878   11    8    9    7
 0.02415691836252414   11    8    9    8
 -0.009560673563805869   11    8    9    9
 -0.0004993237694111876   11    8   10    1
 0.006398434349844215   11    8   10    2
 -0.003059165230684862   11    8   10    3
 0.00309484751744664   11    8   10    4
 0.01972197192628256   11    8   10    5
 0.03297275766530891   11    8   10    6
 -0.002658505396561474   11    8   10    7
 -0.0006484845932980553   11    8   10    8
 0.003045398795471667   11    8   10    9
 0.05866487803046512   11    8   10   10
 -0.004026179020340687   11    8   11    1
 -0.002337514951153463   11    8   11    2
 -0.009332275158794472   11    8   11    3
 -0.004783030237086574   11    8   11    4
 0.008040659549854879   11    8   11    5
 -0.002720998498170985   11    8   11    6
 -0.02945905734514912   11    8   11    7
 0.05253088354430054   11    8   11    8
 -0.2094040692899596   11    9    1    1
 7.89569895647217e-05   11    9    2    1
 0.1019593493610919   11    9    2    2
 0.002158320097145665   11    9    3    1
 -0.02600470410590556   11    9    3    2
 -0.1248630465721369   11    9    3    3
 0.0002670698631369118   11    9    4    1
 0.03117071160912674   11    9    4    2
 -0.003713192750822801   11    9    4    3
 0.0881636019564058   11    9    4    4
 -0.0009849815493110251   11    9    5    1
 -0.01874636733701154   11    9    5    2
 0.03751358820866238   11    9    5    3
 0.01747585603238793   11    9    5    4
 0.04633971626377315   11    9    5    5
 0.0006918104937764539   11    9    6    1
 0.00421992415184391   11    9    6    2
 0.003196066681036477   11    9    6    3
 -0.05485180856319784   11    9    6    4
 0.04297107644630938   11    9    6    5
 -0.008468317627154644   11    9    6    6
 0.0006975315468363457   11    9    7    1
 -0.002274959853902356   11    9    7    2
 -0.0002443907926920915   11    9    7    3
 4.645319415639491e-06   11    9    7    4
 -0.002048544409444972   11    9    7    5
 0.0002840363511456313   11    9    7    6
 -0.02013415245898499   11    9    7    7
 -0.001616831653017873   11    9    8    1
 -0.005663691084166548   11    9    8    2
 0.001639796788261414   11    9    8    3
 -0.003657305567058678   11    9    8    4
 -0.05599136700985513   11    9    8    5
 0.00980764496240337   11    9    8    6
 -0.003458015177008531   11    9    8    7
 -0.05778748696207178   11    9    8    8
 0.0004690600093431481   11    9    9    1
 -0.003704858340088701   11    9    9    2
 0.001403067244832363   11    9    9    3
 -0.007111163184560666   11    9    9    4
 -0.03321353593067451   11    9    9    5
 0.003559376660327227   11    9    9    6
 0.002589011062583906   11    9    9    7
 -0.05393143452596903   11    9    9    8
 -0.002403391394973777   11    9    9    9
 0.0005629657339151511   11    9   10    1
 -0.01122766519379265   11    9   10    2
 0.004226432057892814   11    9   10    3
 -0.005292185133437241   11    9   10    4
 -0.03374492074358563   11    9   10    5
 -0.05755457108773473   11    9   10    6
 0.004098087216148496   11    9   10    7
 0.001730574830397904   11    9   10    8
 -0.003866782195792284   11    9   10    9
 -0.1007743318258538   11    9   10   10
 -0.001921618222112576   11    9   11    1
 -0.001550685894216188   11    9   11    2
 -0.006836154524057701   11    9   11    3
 -0.002222472082097555   11    9   11    4
 0.001518110984244135   11    9   11    5
 -0.006532378346508015   11    9   11    6
 0.0516005755650537   11    9   11    7
 -0.05650869913337887   11    9   11    8
 0.1187401012476228   11    9   11    9
 0.01117696555574423   11   10    1    1
 -9.632561225690079e-06   11   10    2    1
 -0.001761372883925421   11   10    2    2
 -0.0001692448338662978   11   10    3    1
 0.000774002566291237   11   10    3    2
 0.005272586475837629   11   10    3    3
 2.554668188033584e-06   11   10    4    1
 0.0001304822128446277   11   10    4    2
 0.0005942096668870901   11   10    4    3
 -0.001278236738524919   11   10    4    4
 5.613075151513168e-05   11   10    5    1
 0.0003141522348684197   11   10    5    2
 -0.001629852130393249   11   10    5    3
 0.0002790294376222653   11   10    5    4
 5.773664622464499e-05   11   10    5    5
 2.389667846880765e-05   11   10    6    1
 0.0006364931861368646   11   10    6    2
 0.001319722420603261   11   10    6    3
 0.0002366125510954498   11   10    6    4
 0.0001025508994260958   11   10    6    5
 0.0001435903122215668   11   10    6    6
 -2.202398991252511e-05   11   10    7    1
 -0.002612624647130555   11   10    7    2
 -0.0002931006444061669   11   10    7    3
 -0.001196516357926681   11   10    7    4
 -0.00247032319335526   11   10    7    5
 -0.003410423968803116   11   10    7    6
 -0.0002898398030307968   11   10    7    7
 3.454630037516678e-05   11   10    8    1
 0.003483209026222082   11   10    8    2
 -0.0006183004228902703   11   10    8    3
 0.001095801211135821   11   10    8    4
 0.004929468063895979   11   10    8    5
 0.001777410252764562   11   10    8    6
 -0.0007317357767412945   11   10    8    7
 0.00262234651862623   11   10    8    8
 -1.849706707658737e-05   11   10    9    1
 -0.005397154492351234   11   10    9    2
 -0.0008295246394086676   11   10    9    3
 -0.003116038496417502   11   10    9    4
 -0.003222695718399225   11   10    9    5
 -0.005749319880979956   11   10    9    6
 0.0009101308437530485   11   10    9    7
 0.002271139861405438   11   10    9    8
 0.0007744490734156324   11   10    9    9
 0.0001027908122451507   11   10   10    1
 8.286387906990247e-05   11   10   10    2
 0.0005030107923497036   11   10   10    3
 0.0007808776015282139   11   10   10    4
 0.00063968366618099   11   10   10    5
 0.003209320136781888   11   10   10    6
 -0.005681211697795315   11   10   10    7
 0.004700270453181296   11   10   10    8
 -0.006386725372994835   11   10   10    9
 0.005825121083464154   11   10   10   10
 5.634105563979989e-05   11   10   11    1
 -0.005119547839153733   11   10   11    2
 0.0008246091506588156   11   10   11    3
 -0.001491850364156594   11   10   11    4
 -0.001629301494375135   11   10   11    5
 0.00513212382100944   11   10   11    6
 -0.001876846662271448   11   10   11    7
 0.003781226486449902   11   10   11    8
 -0.000573562454625011   11   10   11    9
 0.01812436027155717   11   10   11   10
 0.6030406503689065   11   11    1    1
 -0.0001228011808492274   11   11    2    1
 0.4130367557264779   11   11    2    2
 -0.004149658997608731   11   11    3    1
 0.004202543099770117   11   11    3    2
 0.4651041718108312   11   11    3    3
 -0.000329648524888393   11   11    4    1
 0.03455895624231373   11   11    4    2
 0.005282350593164888   11   11    4    3
 0.3681629535994023   11   11    4    4
 0.002306987711387206   11   11    5    1
 0.01930559770836782   11   11    5    2
 -0.01975846356916723   11   11    5    3
 0.01023457186921601   11   11    5    4
 0.4009559310169366   11   11    5    5
 -0.000960619896406116   11   11    6    1
 0.01504404331777406   11   11    6    2
 0.017445064322613   11   11    6    3
 -0.01252134706374691   11   11    6    4
 0.03240343792313992   11   11    6    5
 0.362995778325798   11   11    6    6
 -0.0002033160114281566   11   11    7    1
 -0.002802822207756086   11   11    7    2
 -0.001269219970482171   11   11    7    3
 -0.003490788023063252   11   11    7    4
 -0.004941577312647688   11   11    7    5
 -0.009671149773869528   11   11    7    6
 0.2416322098640125   11   11    7    7
 0.003048832230887147   11   11    8    1
 -0.002436727194351823   11   11    8    2
 0.008585729832174175   11   11    8    3
 -0.01333752216074602   11   11    8    4
 0.0249898491874113   11   11    8    5
 -0.03383678400889062   11   11    8    6
 -0.05033491016331663   11   11    8    7
 0.4172521889936091   11   11    8    8
 0.001389667768629811   11   11    9    1
 -0.002251071726820863   11   11    9    2
 0.002995657660848167   11   11    9    3
 -0.005780460414499937   11   11    9    4
 0.01275753943338785   11   11    9    5
 -0.01454102017735084   11   11    9    6
 0.08313851530486588   11   11    9    7
 0.009302936952966313   11   11    9    8
 0.4042314401492531   11   11    9    9
 0.0005670497366754487   11   11   10    1
 -0.01740906138105922   11   11   10    2
 0.001419275385851772   11   11   10    3
 0.01427933277762873   11   11   10    4
 -0.02086103608048305   11   11   10    5
 0.04775356343790565   11   11   10    6
 -0.00545682235416767   11   11   10    7
 0.02115403220470456   11   11   10    8
 0.01416736455424922   11   11   10    9
 0.437725866664069   11   11   10   10
 0.0002599125567397049   11   11   11    1
 -8.233750561061369e-05   11   11   11    2
 0.003578796661698864   11   11   11    3
 -0.004273923327261066   11   11   11    4
 0.0002136642567846268   11   11   11    5
 -0.004613869941073292   11   11   11    6
 -0.02786837315105877   11   11   11    7
 -0.01540775087862685   11   11   11    8
 0.02850145988560116   11   11   11    9
 0.002284401323008036   11   11   11   10
 0.4913425694475447   11   11   11   11
 0.004360656180851948   12    1    1    1
 -5.996188807493278e-05   12    1    2    1
 -5.322482419229466e-05   12    1    2    2
 -0.0007412207791342578   12    1    3    1
 -5.753533612364888e-05   12    1    3    2
 -0.000454320414796681   12    1    3    3
 -0.0001443289981376074   12    1    4    1
 -3.014661301991127e-05   12    1    4    2
 -0.0001641895905459541   12    1    4    3
 -8.350104323144784e-05   12    1    4    4
 7.246212113581224e-05   12    1    5    1
 -5.881837478297584e-05   12    1    5    2
 -0.0002530150642277003   12    1    5    3
 3.373356909986647e-07   12    1    5    4
 8.927478821936667e-05   12    1    5    5
 -5.782655674440378e-05   12    1    6    1
 -1.67776969139209e-05   12    1    6    2
 9.487655369373519e-05   12    1    6    3
 -4.16521854179882e-05   12    1    6    4
 -9.133126914287683e-05   12    1    6    5
 -8.402084388826154e-05   12    1    6    6
 -0.003713848534661244   12    1    7    1
 -0.000539508782899415   12    1    7    2
 -0.005057023785457476   12    1    7    3
 -0.0002209663501973474   12    1    7    4
 0.001395962498707722   12    1    7    5
 -0.0005708894964078158   12    1    7    6
 -0.0001429602990475173   12    1    7    7
 0.002139896593337423   12    1    8    1
 0.0003538044866887381   12    1    8    2
 0.002516945813165995   12    1    8    3
 0.0001630948177412688   12    1    8    4
 -0.0006166361268756243   12    1    8    5
 0.000325454186889316   12    1    8    6
 0.001350557845505101   12    1    8    7
 -0.001364665628035569   12    1    8    8
 -0.00597550372417651   12    1    9    1
 -0.0008333510264150835   12    1    9    2
 -0.008139794980866441   12    1    9    3
 -0.0004471244389897082   12    1    9    4
 0.00244444905458551   12    1    9    5
 -0.001174237889660989   12    1    9    6
 0.0004457872001583693   12    1    9    7
 0.001821204099131598   12    1    9    8
 0.001941337724875111   12    1    9    9
 -0.0004099667308588922   12    1   10    1
 -2.661226120800272e-05   12    1   10    2
 -0.0004914291763560487   12    1   10    3
 -1.554985004102075e-05   12    1   10    4
 0.0001848175651485519   12    1   10    5
 -5.002457413079101e-05   12    1   10    6
 -4.947084348647174e-05   12    1   10    7
 0.0001714086145915211   12    1   10    8
 7.438774962923007e-05   12    1   10    9
 8.713401049481157e-05   12    1   10   10
 0.01064838072331394   12    1   11    1
 0.0005887454736604184   12    1   11    2
 0.01290825564779523   12    1   11    3
 0.0006293716504429829   12    1   11    4
 -0.004820572568564879   12    1   11    5
 0.00210832299740697   12    1   11    6
 0.0001988230999729268   12    1   11    7
 -0.00411506639853654   12    1   11    8
 -0.001980419086964907   12    1   11    9
 7.569430628431911e-05   12    1   11   10
 0.0001169390679575708   12    1   11   11
 0.01109247710147061   12    1   12    1
 -0.002763227858632043   12    2    1    1
 -1.84829371588554e-06   12    2    2    1
 -0.007432691819708235   12    2    2    2
 1.892471473458512e-06   12    2    3    1
 0.0003540172813936058   12    2    3    2
 -0.002773798698850646   12    2    3    3
 4.190001767340255e-06   12    2    4    1
 0.001221348204418164   12    2    4    2
 0.0004342476178898111   12    2    4    3
 -0.002747270778009104   12    2    4    4
 -2.845566987647633e-05   12    2    5    1
 -0.001685267861399732   12    2    5    2
 8.050560982964364e-06   12    2    5    3
 0.001052927224177419   12    2    5    4
 -0.002245133725479517   12    2    5    5
 2.366449635451087e-05   12    2    6    1
 -0.0009393117700237255   12    2    6    2
 0.0005343946183839111   12    2    6    3
 -0.0004627361538972709   12    2    6    4
 -0.0002433656404506695   12    2    6    5
 -0.003747565656955102   12    2    6    6
 -7.544111545252853e-05   12    2    7    1
 0.004433456928706166   12    2    7    2
 0.004685177218757429   12    2    7    3
 -0.004907273160280131   12    2    7    4
 0.007706338091248288   12    2    7    5
 -0.002879520892355   12    2    7    6
 -0.001757132204623669   12    2    7    7
 -2.043526836636426e-05   12    2    8    1
 0.001536217303868239   12    2    8    2
 -0.003728145151227363   12    2    8    3
 0.003908352805837464   12    2    8    4
 -0.004198597143834298   12    2    8    5
 -0.0002877694453977699   12    2    8    6
 -0.0002705273211534254   12    2    8    7
 -0.0038101778196758   12    2    8    8
 -0.0001514786475061325   12    2    9    1
 0.001738800859367185   12    2    9    2
 0.006640597667495027   12    2    9    3
 -0.009180726843716227   12    2    9    4
 0.01038732399916532   12    2    9    5
 -0.0002181881039853407   12    2    9    6
 -0.0004943438064353553   12    2    9    7
 0.001248398221597775   12    2    9    8
 -0.002699058894468684   12    2    9    9
 1.179233008029516e-05   12    2   10    1
 0.001362418292900138   12    2   10    2
 0.0001390820094282022   12    2   10    3
 0.0004047434428280853   12    2   10    4
 0.0001839213344851578   12    2   10    5
 0.0007785987939199777   12    2   10    6
 0.00187270984336364   12    2   10    7
 -0.0004093499006642195   12    2   10    8
 0.001169303106502718   12    2   10    9
 -0.002651669165291466   12    2   10   10
 0.0001699075867019518   12    2   11    1
 -0.01307965818879308   12    2   11    2
 -0.002280258325946366   12    2   11    3
 -0.004936443947853585   12    2   11    4
 -0.001112468405938614   12    2   11    5
 0.004150320675396864   12    2   11    6
 -0.0007673456921403176   12    2   11    7
 6.216319500156366e-05   12    2   11    8
 -0.002277733216203697   12    2   11    9
 0.000279948531458255   12    2   11   10
 -0.004331300262404794   12    2   11   11
 0.0001258019048038051   12    2   12    1
 0.01786044555429132   12    2   12    2
 -0.01013921487511287   12    3    1    1
 -2.992464739659886e-05   12    3    2    1
 0.0004990847779247611   12    3    2    2
 1.401475933625936e-06   12    3    3    1
 -0.0007765289173689051   12    3    3    2
 -0.006899498335364461   12    3    3    3
 -9.121681727653547e-05   12    3    4    1
 0.0004133079618888758   12    3    4    2
 -0.0005842312497262661   12    3    4    3
 0.0004410519398655481   12    3    4    4
 -0.0002790198748490302   12    3    5    1
 0.0004491543035105699   12    3    5    2
 0.0005293617880292211   12    3    5    3
 0.0005574479977132305   12    3    5    4
 0.0002370834061412452   12    3    5    5
 0.0001107298539358378   12    3    6    1
 0.0001803165486886408   12    3    6    2
 -5.734709588415042e-05   12    3    6    3
 -0.0007770212511931461   12    3    6    4
 0.0003366011843212296   12    3    6    5
 -0.001002369059116117   12    3    6    6
 -0.003844603292303906   12    3    7    1
 0.002775506213818184   12    3    7    2
 -0.01322586424742256   12    3    7    3
 -0.002438426006666603   12    3    7    4
 0.009308998172043795   12    3    7    5
 -0.004346652735536434   12    3    7    6
 -0.0001751703905090409   12    3    7    7
 0.00185094820386794   12    3    8    1
 -0.002899703210094895   12    3    8    2
 0.00654509521966508   12    3    8    3
 0.0009485531076193254   12    3    8    4
 -0.006233854709748152   12    3    8    5
 0.00252570984374071   12    3    8    6
 0.005396438284275468   12    3    8    7
 -0.008973549550686407   12    3    8    8
 -0.006371803784554768   12    3    9    1
 0.00416726863621832   12    3    9    2
 -0.02239537519061214   12    3    9    3
 -0.002249957498988757   12    3    9    4
 0.01296412595309926   12    3    9    5
 -0.005374668970083054   12    3    9    6
 0.001700629439585735   12    3    9    7
 0.005546314377891862   12    3    9    8
 0.007022145942224212   12    3    9    9
 -0.0004161060744159648   12    3   10    1
 -0.0003197353654299802   12    3   10    2
 -0.00138738603805489   12    3   10    3
 -0.0007102602632421818   12    3   10    4
 0.0002272586631545266   12    3   10    5
 -0.002404270206056548   12    3   10    6
 0.0007885815492037184   12    3   10    7
 0.0004690466637726258   12    3   10    8
 -0.0001427839468042812   12    3   10    9
 -0.004274242104165636   12    3   10   10
 0.01090376583270217   12    3   11    1
 0.003579336050684347   12    3   11    2
 0.03878632067194776   12    3   11    3
 0.005409145353633429   12    3   11    4
 -0.01781389323799868   12    3   11    5
 0.008245345745343018   12    3   11    6
 0.001489619442135977   12    3   11    7
 -0.01603922191121382   12    3   11    8
 -0.005521303002118427   12    3   11    9
 -0.0006020862884029046   12    3   11   10
 -0.001292390219679842   12    3   11   11
 0.01112232362105178   12    3   12    1
 0.006254982698946168   12    3   12    2
 0.04254614150772084   12    3   12    3
 0.0002691858519694104   12    4    1    1
 2.760512755452152e-06   12    4    2    1
 0.00709667338067921   12    4    2    2
 6.320245500099421e-05   12    4    3    1
 0.0002900509673390695   12    4    3    2
 0.003036651686923436   12    4    3    3
 -1.253192450970421e-05   12    4    4    1
 -0.0007577990887022116   12    4    4    2
 -0.0002478783726519334   12    4    4    3
 0.003457009633203905   12    4    4    4
 -1.151032145742165e-05   12    4    5    1
 0.00179027833215623   12    4    5    2
 0.001236916964705542   12    4    5    3
 -5.794423205329748e-05   12    4    5    4
 0.005372381457653397   12    4    5    5
 -1.156129805493804e-05   12    4    6    1
 0.001143018795245185   12    4    6    2
 -0.0004626631676823332   12    4    6    3
 0.002312086033029981   12    4    6    4
 0.0009120371139438728   12    4    6    5
 0.00439708916671611   12    4    6    6
 -0.0003913224304602971   12    4    7    1
 -0.008151045563592904   12    4    7    2
 -0.005088508507295282   12    4    7    3
 0.0005888313918210976   12    4    7    4
 -0.005755544005956043   12    4    7    5
 0.004001232382915413   12    4    7    6
 0.002069443530075345   12    4    7    7
 0.0002822510337763781   12    4    8    1
 0.006825160506114621   12    4    8    2
 0.003827820416984249   12    4    8    3
 0.003685425305766822   12    4    8    4
 0.001901614318042323   12    4    8    5
 -0.00157119581092619   12    4    8    6
 0.001617444421717324   12    4    8    7
 0.001409060195340603   12    4    8    8
 -0.0006029965020588895   12    4    9    1
 -0.01487633143381304   12    4    9    2
 -0.006014782801841542   12    4    9    3
 -0.004063949055954196   12    4    9    4
 -0.007019270434443925   12    4    9    5
 0.004459251297768305   12    4    9    6
 0.002220121280437662   12    4    9    7
 0.001022166958886599   12    4    9    8
 0.006728769147777833   12    4    9    9
 -5.117345538689227e-05   12    4   10    1
 -0.0004701920085903062   12    4   10    2
 -0.0002735442886558788   12    4   10    3
 -0.001000351882002432   12    4   10    4
 -0.0005869629941638899   12    4   10    5
 -0.001511719688098935   12    4   10    6
 -0.002003138486943113   12    4   10    7
 -0.0002186351545370213   12    4   10    8
 -0.0006872066999859858   12    4   10    9
 0.002367249592968707   12    4   10   10
 0.001140943928763974   12    4   11    1
 -0.009541641136541771   12    4   11    2
 0.009684438688153083   12    4   11    3
 -0.0136277333702937   12    4   11    4
 -0.0007965265858893184   12    4   11    5
 0.001761379805457359   12    4   11    6
 0.0007608510709945349   12    4   11    7
 -0.0006020107619504341   12    4   11    8
 0.00180048438047117   12    4   11    9
 0.003270885056082141   12    4   11   10
 0.003973033152277667   12    4   11   11
 0.001196078297385036   12    4   12    1
 -0.004640324832430599   12    4   12    2
 -0.001439600871764096   12    4   12    3
 0.01438407702224159   12    4   12    4
 -4.709479786493506e-05   12    5    1    1
 1.64605736979417e-05   12    5    2    1
 0.0003652206566845218   12    5    2    2
 0.0001000632517934321   12    5    3    1
 0.0009578573729019713   12    5    3    2
 0.003354919415642608   12    5    3    3
 5.227939457635919e-05   12    5    4    1
 0.001255486158271278   12    5    4    2
 0.0005720319955834903   12    5    4    3
 0.002922572311195154   12    5    4    4
 7.344512689484648e-05   12    5    5    1
 0.005045085201341565   12    5    5    2
 0.001025113787490471   12    5    5    3
 0.001292851154281431   12    5    5    4
 0.002714211588717223   12    5    5    5
 -2.569528444320497e-05   12    5    6    1
 0.001022239465314067   12    5    6    2
 -0.0004989928818749949   12    5    6    3
 0.001157466159380666   12    5    6    4
 0.0005645551200300381   12    5    6    5
 0.003484695533939864   12    5    6    6
 0.001864145512505385   12    5    7    1
 0.01087204163826252   12    5    7    2
 0.01466058622313604   12    5    7    3
 -0.003970699297995857   12    5    7    4
 0.006950356398446897   12    5    7    5
 -0.003576048177384434   12    5    7    6
 0.003187038519057806   12    5    7    7
 -0.0009859716086739081   12    5    8    1
 -0.009119908516916617   12    5    8    2
 -0.006274243546519022   12    5    8    3
 0.0007482818231685188   12    5    8    4
 -0.003412648960046361   12    5    8    5
 0.0004338116400333453   12    5    8    6
 -0.00453713049833978   12    5    8    7
 0.004824055243164512   12    5    8    8
 0.003049468991269749   12    5    9    1
 0.01564609062943273   12    5    9    2
 0.02223702980991549   12    5    9    3
 -0.001975491948236818   12    5    9    4
 0.006770584271078291   12    5    9    5
 0.0001008443813691813   12    5    9    6
 0.000415905192775292   12    5    9    7
 -0.003795925490161878   12    5    9    8
 0.0003021392053919637   12    5    9    9
 0.0001977289257683148   12    5   10    1
 -0.0005652160960283828   12    5   10    2
 0.001177511145884265   12    5   10    3
 -0.0008888797083838048   12    5   10    4
 -0.0001257269463367804   12    5   10    5
 -0.0004095123195204372   12    5   10    6
 0.001969818671421731   12    5   10    7
 -0.0002746436797641374   12    5   10    8
 -0.0003954256950784958   12    5   10    9
 0.001456150064252342   12    5   10   10
 -0.005370056635985564   12    5   11    1
 0.002091624116828183   12    5   11    2
 -0.02863660187585348   12    5   11    3
 0.003760374399179605   12    5   11    4
 0.003424247719417162   12    5   11    5
 -0.001738451816293413   12    5   11    6
 -0.001583480452767909   12    5   11    7
 0.007658579558782354   12    5   11    8
 0.00292362362086394   12    5   11    9
 -0.0003229300991296545   12    5   11   10
 0.00262395739927206   12    5   11   11
 -0.005582447268854544   12    5   12    1
 0.01280345046387923   12    5   12    2
 -0.008757265081023239   12    5   12    3
 -0.01243575970962659   12    5   12    4
 0.02998663622643992   12    5   12    5
 0.001237777309521306   12    6    1    1
 -5.449626606889665e-06   12    6    2    1
 0.00126165629925939   12    6    2    2
 -2.201665501306934e-05   12    6    3    1
 0.0001103337625110672   12    6    3    2
 0.0005294876303666244   12    6    3    3
 -3.164465005922813e-05   12    6    4    1
 0.0005499372533526202   12    6    4    2
 -8.246087614802173e-05   12    6    4    3
 0.00397037834892762   12    6    4    4
 -2.736738843205502e-05   12    6    5    1
 0.0002560641712059922   12    6    5    2
 -8.19947710417983e-06   12    6    5    3
 0.0009251816881431609   12    6    5    4
 0.001705575999267976   12    6    5    5
 -1.713286490174407e-05   12    6    6    1
 -4.900571438216356e-05   12    6    6    2
 0.000627547025530215   12    6    6    3
 -0.001686934461503198   12    6    6    4
 0.000621003559641588   12    6    6    5
 0.001142401908016484   12    6    6    6
 -0.0008839981622256113   12    6    7    1
 -0.003086381433618867   12    6    7    2
 -0.007254647259554268   12    6    7    3
 0.003486226631130194   12    6    7    4
 -0.002949198259789333   12    6    7    5
 0.005010190186660009   12    6    7    6
 -0.001691540267470716   12    6    7    7
 0.0005131815785705738   12    6    8    1
 0.0005171038879179679   12    6    8    2
 0.003993752084486273   12    6    8    3
 -0.003238632541361625   12    6    8    4
 0.0007001836360859204   12    6    8    5
 -0.0002957283202364013   12    6    8    6
 0.00231746426095317   12    6    8    7
 -0.0002402301097705022   12    6    8    8
 -0.001429896621163965   12    6    9    1
 -0.001569559325541719   12    6    9    2
 -0.0103880906987713   12    6    9    3
 0.005277217381504205   12    6    9    4
 -0.001319078686715336   12    6    9    5
 0.00143973490984178   12    6    9    6
 0.001892989063177849   12    6    9    7
 0.00160383160658171   12    6    9    8
 0.002698105880125401   12    6    9    9
 -0.0001351206706658393   12    6   10    1
 -0.0002293220834180508   12    6   10    2
 -0.0005192415756230146   12    6   10    3
 0.0001240790599399246   12    6   10    4
 -0.0004786227021959472   12    6   10    5
 -7.953693402692493e-05   12    6   10    6
 -0.004732528100527734   12    6   10    7
 0.001467275277210491   12    6   10    8
 -0.003881330773799496   12    6   10    9
 0.0004523468488403075   12    6   10   10
 0.00255329512887344   12    6   11    1
 0.004063560498412152   12    6   11    2
 0.01290978072963116   12    6   11    3
 0.002545371585794737   12    6   11    4
 -0.003152237263605647   12    6   11    5
 -0.0007632572141212929   12    6   11    6
 0.0005415169938530088   12    6   11    7
 -0.004663743446170016   12    6   11    8
 -0.0005674115266023866   12    6   11    9
 0.006276232311082088   12    6   11   10
 0.002080731964017176   12    6   11   11
 0.002655930008436567   12    6   12    1
 -0.00600396094884337   12    6   12    2
 0.00437762967868088   12    6   12    3
 0.007398983950055897   12    6   12    4
 -0.01057566960147185   12    6   12    5
 0.01614527240218827   12    6   12    6
 -0.07934927943823178   12    7    1    1
 0.0001248071237881556   12    7    2    1
 0.04673155221385912   12    7    2    2
 0.001910302922443327   12    7    3    1
 0.001401387888795224   12    7    3    2
 -0.005839202487255483   12    7    3    3
 2.187906611744091e-05   12    7    4    1
 -0.01251939087831649   12    7    4    2
 -0.00519408763250844   12    7    4    3
 0.02306266358995344   12    7    4    4
 -0.000305086412648497   12    7    5    1
 0.01981625697573687   12    7    5    2
 0.02349227307325114   12    7    5    3
 -0.007220218669469038   12    7    5    4
 0.03089366365787066   12    7    5    5
 -2.26830055601282e-05   12    7    6    1
 0.002437930220399935   12    7    6    2
 -0.01470091609440288   12    7    6    3
 0.01717982330723247   12    7    6    4
 6.784622531360373e-05   12    7    6    5
 0.03736653559934934   12    7    6    6
 -9.107942274266404e-05   12    7    7    1
 0.001219933345297885   12    7    7    2
 -0.0002317393818874171   12    7    7    3
 -0.002635156465500708   12    7    7    4
 0.003349186531056441   12    7    7    5
 -0.003743733937209701   12    7    7    6
 0.01898902653018029   12    7    7    7
 0.0006189793180793813   12    7    8    1
 -0.008300575865791786   12    7    8    2
 0.02328186659566484   12    7    8    3
 0.01047452412639439   12    7    8    4
 -0.02262201959472097   12    7    8    5
 0.01274922860822387   12    7    8    6
 -0.006237055984022816   12    7    8    7
 0.002290600858622194   12    7    8    8
 0.0001796094868432207   12    7    9    1
 -0.003484757255322262   12    7    9    2
 0.01129583871547996   12    7    9    3
 0.007427511502677659   12    7    9    4
 -0.009504474611417508   12    7    9    5
 0.007867354160128234   12    7    9    6
 0.01185064996040525   12    7    9    7
 -0.009091222168425691   12    7    9    8
 0.02033929698062274   12    7    9    9
 -0.000149045963242413   12    7   10    1
 0.0002765671427378651   12    7   10    2
 0.0001660713860302019   12    7   10    3
 -0.0130893020406496   12    7   10    4
 0.00117831994984963   12    7   10    5
 -0.02908253028662532   12    7   10    6
 0.003804201461396985   12    7   10    7
 -0.008336979584878291   12    7   10    8
 -0.00539546761328469   12    7   10    9
 -0.01914464460259619   12    7   10   10
 0.0003080587924119118   12    7   11    1
 -0.0003417691400059771   12    7   11    2
 0.0002762223679179109   12    7   11    3
 0.0007873786716997787   12    7   11    4
 -0.001926956321551154   12    7   11    5
 0.0004498313332324102   12    7   11    6
 0.001491945643200535   12    7   11    7
 -0.005016002360580236   12    7   11    8
 0.005890631467262241   12    7   11    9
 -0.001683983377943952   12    7   11   10
 -0.008753749493844144   12    7   11   11
 0.0001269320494735001   12    7   12    1
 0.0007122477340852752   12    7   12    2
 0.001983966169631793   12    7   12    3
 0.001031975217533906   12    7   12    4
 0.0028844338037649   12    7   12    5
 -0.0006823700779286074   12    7   12    6
 0.03863276122467275   12    7   12    7
 0.04606312512085732   12    8    1    1
 -5.874187276152349e-05   12    8    2    1
 0.002525654750354936   12    8    2    2
 -0.00100282054929706   12    8    3    1
 -0.003595564089909766   12    8    3    2
 0.008997179002619964   12    8    3    3
 4.931010878898023e-05   12    8    4    1
 0.0104065758309302   12    8    4    2
 0.002773953722778094   12    8    4    3
 0.01167371732709057   12    8    4    4
 0.000221202060403281   12    8    5    1
 -0.01303871053639323   12    8    5    2
 -0.009280400116036973   12    8    5    3
 0.004824242682794475   12    8    5    4
 0.003864101810965507   12    8    5    5
 4.047932434541103e-05   12    8    6    1
 -0.001812379275002017   12    8    6    2
 0.008475386101644868   12    8    6    3
 -0.01484843934127481   12    8    6    4
 0.004350490850347387   12    8    6    5
 -0.004903605699036037   12    8    6    6
 0.001718953914320979   12    8    7    1
 -0.0006561714688965503   12    8    7    2
 0.008990467290379016   12    8    7    3
 0.002026330285926861   12    8    7    4
 -0.004635864735332098   12    8    7    5
 0.002513407974105125   12    8    7    6
 -0.01251511224094624   12    8    7    7
 -0.001300303968757231   12    8    8    1
 0.002693390977404769   12    8    8    2
 -0.01718240727453601   12    8    8    3
 -0.007257303590266512   12    8    8    4
 0.007595330752239946   12    8    8    5
 -0.007591919636772668   12    8    8    6
 -0.004653021539187216   12    8    8    7
 0.0110403292855019   12    8    8    8
 0.002593571491530043   12    8    9    1
 0.002988539373318735   12    8    9    2
 0.007453095440290416   12    8    9    3
 -0.001575065420015537   12    8    9    4
 -0.001986220513932897   12    8    9    5
 -0.000787636327288561   12    8    9    6
 0.00203877199929652   12    8    9    7
 -0.002328484689596913   12    8    9    8
 -0.002157785985919156   12    8    9    9
 0.0003447843013666756   12    8   10    1
 -0.001050137560435665   12    8   10    2
 0.001227307081138372   12    8   10    3
 0.006668614434695803   12    8   10    4
 -0.004679949924927257   12    8   10    5
 0.01074843533099202   12    8   10    6
 -0.002722158493646004   12    8   10    7
 0.004694366032296961   12    8   10    8
 0.001335511697034102   12    8   10    9
 0.01746273022621184   12    8   10   10
 -0.004974125798593886   12    8   11    1
 -0.0001488517874324882   12    8   11    2
 -0.0203652926165573   12    8   11    3
 -0.001010249485668083   12    8   11    4
 0.0111263327244334   12    8   11    5
 -0.005450109491219323   12    8   11    6
 0.0002030735842716412   12    8   11    7
 0.006586744185694634   12    8   11    8
 0.01501752078253448   12    8   11    9
 0.001153012262677445   12    8   11   10
 0.0281581673695574   12    8   11   11
 -0.005060885318245847   12    8   12    1
 -0.001238133453541782   12    8   12    2
 -0.01484135285142365   12    8   12    3
 -0.0009212942004022876   12    8   12    4
 0.008525314326642471   12    8   12    5
 -0.003242604777609443   12    8   12    6
 -0.0166667962730397   12    8   12    7
 0.03036646380882867   12    8   12    8
 -0.1576835530828381   12    9    1    1
 0.0001779446441189843   12    9    2    1
 0.01391155451019116   12    9    2    2
 0.002991631405518715   12    9    3    1
 0.003051728075460706   12    9    3    2
 -0.04686766812438446   12    9    3    3
 8.382498041936924e-05   12    9    4    1
 -0.0213089487378463   12    9    4    2
 -0.006731606982219622   12    9    4    3
 -0.01187657295231992   12    9    4    4
 -0.0006432708109863004   12    9    5    1
 0.02418852205848813   12    9    5    2
 0.03110500729084659   12    9    5    3
 -0.009503684916837736   12    9    5    4
 -0.001687656227159072   12    9    5    5
 3.841951771292299e-05   12    9    6    1
 0.003742069843756029   12    9    6    2
 -0.02076181204709347   12    9    6    3
 0.0259542586699597   12    9    6    4
 -0.003594242361648955   12    9    6    5
 0.01091098263830799   12    9    6    6
 0.0008133722027137368   12    9    7    1
 0.001586031968656444   12    9    7    2
 0.003922655186962886   12    9    7    3
 0.0002560004069977073   12    9    7    4
 0.001727645065750868   12    9    7    5
 0.0009637791574463256   12    9    7    6
 0.02561157260991701   12    9    7    7
 -5.870866302838135e-05   12    9    8    1
 -0.008472739416902806   12    9    8    2
 0.02668482142824601   12    9    8    3
 0.01400348666346985   12    9    8    4
 -0.02722284040465387   12    9    8    5
 0.01892346750283995   12    9    8    6
 0.004157426983812479   12    9    8    7
 -0.03140448850999432   12    9    8    8
 0.001530663040925379   12    9    9    1
 -0.00398772421381452   12    9    9    2
 0.02160584036701074   12    9    9    3
 0.01052970753687531   12    9    9    4
 -0.01425790765071251   12    9    9    5
 0.01117435218811491   12    9    9    6
 -0.006039714618530728   12    9    9    7
 -0.01660213126863114   12    9    9    8
 -0.01102166435035352   12    9    9    9
 -0.0002534677474825241   12    9   10    1
 0.001726509615756257   12    9   10    2
 -0.0002270126263229462   12    9   10    3
 -0.01736841719169315   12    9   10    4
 0.004592447070902779   12    9   10    5
 -0.03816549900381415   12    9   10    6
 0.003320320385234887   12    9   10    7
 -0.01193412509205828   12    9   10    8
 -0.008653043762872004   12    9   10    9
 -0.06415166183032968   12    9   10   10
 -0.002231004284797463   12    9   11    1
 -0.001051671114693198   12    9   11    2
 -0.01039100629235972   12    9   11    3
 0.001135992380514292   12    9   11    4
 0.003432074693219625   12    9   11    5
 -0.0006689897890032428   12    9   11    6
 0.005718872266481368   12    9   11    7
 0.00731982767165445   12    9   11    8
 -0.001797211595801732   12    9   11    9
 -0.0006226636558076296   12    9   11   10
 -0.06253136336478435   12    9   11   11
 -0.002547421196383193   12    9   12    1
 0.0007290484999958238   12    9   12    2
 -0.005294795362548557   12    9   12    3
 0.0004326469271920408   12    9   12    4
 0.008160238224149017   12    9   12    5
 -0.003063627020863714   12    9   12    6
 0.04114064426991997   12    9   12    7
 -0.01807696276814735   12    9   12    8
 0.07059494764394922   12    9   12    9
 -0.01206937220881547   12   10    1    1
 1.063521194093627e-05   12   10    2    1
 0.003593568943393589   12   10    2    2
 0.0001946957005330441   12   10    3    1
 -0.0008615913188841222   12   10    3    2
 -0.005120590314146948   12   10    3    3
 -1.164401551166985e-05   12   10    4    1
 5.271817593237559e-05   12   10    4    2
 -0.0005904837961783411   12   10    4    3
 0.0007265554939513147   12   10    4    4
 -6.53043605756064e-05   12   10    5    1
 -0.0003216051133643999   12   10    5    2
 0.002078008549590742   12   10    5    3
 -0.0003712301917986051   12   10    5    4
 0.0009210923362938827   12   10    5    5
 -6.493774278063587e-05   12   10    6    1
 9.833954569475545e-06   12   10    6    2
 -0.001438893827763278   12   10    6    3
 -0.0005761389506224248   12   10    6    4
 0.0009595304436429163   12   10    6    5
 -0.0001805609518444428   12   10    6    6
 8.26105032756288e-06   12   10    7    1
 0.002124233309149749   12   10    7    2
 0.001111309198396831   12   10    7    3
 -0.001885242047662729   12   10    7    4
 0.002067541107885704   12   10    7    5
 -0.004988450498379689   12   10    7    6
 0.0008946813763804614   12   10    7    7
 -1.966046830466126e-05   12   10    8    1
 -0.001631749607073095   12   10    8    2
 0.0006789632462011092   12   10    8    3
 0.001257937663298434   12   10    8    4
 -0.00349305702867316   12   10    8    5
 0.002287575156749981   12   10    8    6
 -0.001643162811113844   12   10    8    7
 -0.002225727578470674   12   10    8    8
 -1.601108526183811e-05   12   10    9    1
 0.002391603427448029   12   10    9    2
 0.001746934574295797   12   10    9    3
 -0.001923568097258273   12   10    9    4
 0.0002479342347240116   12   10    9    5
 -0.004511198778073091   12   10    9    6
 -0.0004574478641083368   12   10    9    7
 -0.002860966666496532   12   10    9    8
 -0.002090256869956886   12   10    9    9
 -0.0002143981284961147   12   10   10    1
 -0.0002462937610619398   12   10   10    2
 -0.0008426800087641498   12   10   10    3
 -0.0008953357387882902   12   10   10    4
 -0.0007273482757413719   12   10   10    5
 -0.003125091857919439   12   10   10    6
 -0.003819781576201585   12   10   10    7
 0.002748884261782176   12   10   10    8
 -0.009139464549189544   12   10   10    9
 -0.006461628918973772   12   10   10   10
 -1.186132406981736e-06   12   10   11    1
 0.001134888263797639   12   10   11    2
 -0.001404597329451059   12   10   11    3
 0.003061073614518271   12   10   11    4
 0.0010670079830438   12   10   11    5
 0.007602200200956703   12   10   11    6
 0.0004873382603997453   12   10   11    7
 -0.0007415409443386054   12   10   11    8
 0.003103910686484448   12   10   11    9
 0.01342795519150881   12   10   11   10
 -0.0007465415633179477   12   10   11   11
 -7.931329799043063e-06   12   10   12    1
 0.002134800317441519   12   10   12    2
 0.001567449172873733   12   10   12    3
 -0.002308759378834346   12   10   12    4
 0.003805464270111253   12   10   12    5
 0.001142752645596736   12   10   12    6
 0.001343455263585159   12   10   12    7
 -0.0008421809437699492   12   10   12    8
 0.002641468046208276   12   10   12    9
 0.01596306441437343   12   10   12   10
 0.3211201055988146   12   11    1    1
 -0.0002825070141299359   12   11    2    1
 -0.0881139297171309   12   11    2    2
 -0.005003494888584249   12   11    3    1
 0.01951506696229317   12   11    3    2
 0.1439119539412093   12   11    3    3
 -0.0002534958174893115   12   11    4    1
 -0.01224244375791909   12   11    4    2
 0.01018559489672721   12   11    4    3
 -0.06723367281404997   12   11    4    4
 0.001367504746298821   12   11    5    1
 0.004811993986803099   12   11    5    2
 -0.05816734005953837   12   11    5    3
 -0.006934420365379735   12   11    5    4
 -0.02865486663162181   12   11    5    5
 -0.0005394492362227387   12   11    6    1
 -0.001200761542255639   12   11    6    2
 0.01663894349593097   12   11    6    3
 0.02951893257653137   12   11    6    4
 -0.0310045008315102   12   11    6    5
 0.0005756160147200714   12   11    6    6
 2.347208117604197e-05   12   11    7    1
 -0.0008792794405670611   12   11    7    2
 0.001515809078991279   12   11    7    3
 0.0006579409537091549   12   11    7    4
 -0.00346460283199078   12   11    7    5
 0.0004188308653435946   12   11    7    6
 -0.003589768338337939   12   11    7    7
 0.0001185579321587429   12   11    8    1
 0.009640424813549717   12   11    8    2
 -0.03014225979774524   12   11    8    3
 -0.007353189793869646   12   11    8    4
 0.07210283927909689   12   11    8    5
 -0.02558253739825462   12   11    8    6
 -0.005895533544096405   12   11    8    7
 0.08516164499146237   12   11    8    8
 7.941201697051438e-05   12   11    9    1
 0.002141275380793155   12   11    9    2
 -0.01370724371595968   12   11    9    3
 -0.00133123299195494   12   11    9    4
 0.0345596985898942   12   11    9    5
 -0.01082376990276186   12   11    9    6
 0.004668775460453611   12   11    9    7
 0.05607724164763071   12   11    9    8
 0.01020242189647318   12   11    9    9
 -0.0001282164313437899   12   11   10    1
 0.006031670783043672   12   11   10    2
 -0.002192195632277115   12   11   10    3
 0.01724436904371359   12   11   10    4
 0.02340499890960739   12   11   10    5
 0.07999047806982819   12   11   10    6
 -0.007129739304210299   12   11   10    7
 0.008764029343728354   12   11   10    8
 0.01018393652499604   12   11   10    9
 0.1420777955951119   12   11   10   10
 -0.0002187213584202807   12   11   11    1
 -0.000617741556379877   12   11   11    2
 0.001958316728760274   12   11   11    3
 -0.00167484506485456   12   11   11    4
 0.003411196264070135   12   11   11    5
 0.002143438966645552   12   11   11    6
 -0.0500121994443884   12   11   11    7
 0.05437209408898871   12   11   11    8
 -0.09505103613700978   12   11   11    9
 0.003355927579126762   12   11   11   10
 0.02821368972717252   12   11   11   11
 5.560129820974586e-05   12   11   12    1
 0.0006392855111056454   12   11   12    2
 -0.003086677845685753   12   11   12    3
 -0.00113528255153442   12   11   12    4
 -0.002513964377735562   12   11   12    5
 0.0003315569391987681   12   11   12    6
 -0.03636980566329562   12   11   12    7
 0.01236661716078812   12   11   12    8
 -0.04550127746466819   12   11   12    9
 -0.004118412075154079   12   11   12   10
 0.1203728260997032   12   11   12   11
 0.6304700058384533   12   12    1    1
 -0.0001521845222972276   12   12    2    1
 0.3710830766456425   12   12    2    2
 -0.004324496512334374   12   12    3    1
 0.02422457600735129   12   12    3    2
 0.5098349253082145   12   12    3    3
 -0.0004482254813972102   12   12    4    1
 -0.01319274876140729   12   12    4    2
 0.000900905676419207   12   12    4    3
 0.3053707461665427   12   12    4    4
 0.002423111993694574   12   12    5    1
 0.06128116593208403   12   12    5    2
 -0.01744422664144598   12   12    5    3
 -0.01639474502890095   12   12    5    4
 0.3822763629726275   12   12    5    5
 -0.001319782455921984   12   12    6    1
 0.01472435453575945   12   12    6    2
 -0.004980668464953914   12   12    6    3
 0.05794609482415229   12   12    6    4
 -0.005839156406600782   12   12    6    5
 0.3968901379233273   12   12    6    6
 -4.870252656680139e-05   12   12    7    1
 0.001520370764627092   12   12    7    2
 0.001491410981651179   12   12    7    3
 -0.00496666221810732   12   12    7    4
 -8.916980928711303e-05   12   12    7    5
 -0.01119457448736868   12   12    7    6
 0.2882645001239401   12   12    7    7
 0.003330559777997647   12   12    8    1
 -0.01129302470605346   12   12    8    2
 0.02668098917647669   12   12    8    3
 0.006901186772663027   12   12    8    4
 0.03761375801261814   12   12    8    5
 -0.02088747195585609   12   12    8    6
 -0.04680865415514217   12   12    8    7
 0.4420142836032439   12   12    8    8
 0.001793171430500875   12   12    9    1
 -0.005050128375928707   12   12    9    2
 0.01638495730297214   12   12    9    3
 0.009876857686627842   12   12    9    4
 0.02244060793063941   12   12    9    5
 -0.005306244786887103   12   12    9    6
 0.0790549291299233   12   12    9    7
 0.03547058820774494   12   12    9    8
 0.4073570244428353   12   12    9    9
 -0.0001298696860752766   12   12   10    1
 -0.006690267108891379   12   12   10    2
 -0.001452316334586587   12   12   10    3
 -0.00245880245227613   12   12   10    4
 0.009831848664190226   12   12   10    5
 0.04645505178267559   12   12   10    6
 -0.00324522773907848   12   12   10    7
 0.00578530333317137   12   12   10    8
 0.008485826509192579   12   12   10    9
 0.4590985063081922   12   12   10   10
 -0.0001257146209309605   12   12   11    1
 0.0004307885452688684   12   12   11    2
 0.0007258745244889598   12   12   11    3
 -0.002267833913204676   12   12   11    4
 -0.0009716968611382621   12   12   11    5
 0.0002484989820557878   12   12   11    6
 -0.06025229535395402   12   12   11    7
 0.02974754322726004   12   12   11    8
 -0.05888671819123747   12   12   11    9
 0.0007140774492288586   12   12   11   10
 0.4167082156297919   12   12   11   11
 -0.0003017873063007126   12   12   12    1
 -0.001552949443744278   12   12   12    2
 -0.0008784563097097331   12   12   12    3
 0.002787000080141619   12   12   12    4
 0.00809571964909819   12   12   12    5
 -0.001037191040644647   12   12   12    6
 0.03584925631022548   12   12   12    7
 -0.008733450910452059   12   12   12    8
 0.00965094409032854   12   12   12    9
 -0.0008511026291925386   12   12   12   10
 0.04988022335213142   12   12   12   11
 0.4899924840624976   12   12   12   12
 0.0009813938324882176   13    1    1    1
 4.300398957815046e-06   13    1    2    1
 0.0001294590765467395   13    1    2    2
 -9.359613254497519e-05   13    1    3    1
 1.727559377437321e-05   13    1    3    2
 8.505274776338836e-05   13    1    3    3
 6.296615254136842e-05   13    1    4    1
 8.562928810871929e-06   13    1    4    2
 0.0001212164588537213   13    1    4    3
 7.900963101751999e-05   13    1    4    4
 0.0001558000999519388   13    1    5    1
 4.323613895802838e-05   13    1    5    2
 0.0001217486166605355   13    1    5    3
 -1.299317065800805e-05   13    1    5    4
 1.037950292556435e-05   13    1    5    5
 0.000331595262333426   13    1    6    1
 6.366856123148509e-05   13    1    6    2
 0.0005025220422780933   13    1    6    3
 2.187503372642464e-05   13    1    6    4
 -9.451700543778177e-05   13    1    6    5
 0.0001625895159430541   13    1    6    6
 -0.0003523747179469508   13    1    7    1
 -4.929085086688183e-05   13    1    7    2
 -0.0004688064854533523   13    1    7    3
 -2.29176254212132e-05   13    1    7    4
 0.0001367584362162505   13    1    7    5
 -5.632291419960632e-05   13    1    7    6
 -1.874772189591952e-05   13    1    7    7
 0.0004649041853897033   13    1    8    1
 2.319972019291882e-05   13    1    8    2
 0.0004821302978075558   13    1    8    3
 1.698633045934085e-05   13    1    8    4
 -0.0002219055205239663   13    1    8    5
 -4.861806615428433e-05   13    1    8    6
 0.0001091098090158737   13    1    8    7
 -0.0002615694995227038   13    1    8    8
 -0.000321577194790376   13    1    9    1
 -6.781011451799883e-05   13    1    9    2
 -0.0004929589660471662   13    1    9    3
 -3.319583946323297e-05   13    1    9    4
 0.0001048829318003266   13    1    9    5
 -0.0001240230036511287   13    1    9    6
 8.38779388368259e-05   13    1    9    7
 3.717626054342147e-05   13    1    9    8
 0.0001646030281241682   13    1    9    9
 0.001028656990651732   13    1   10    1
 4.234378656802475e-05   13    1   10    2
 0.00115021879039845   13    1   10    3
 8.784784994657784e-05   13    1   10    4
 -0.0004850234310773245   13    1   10    5
 0.000220914673108549   13    1   10    6
 1.459951841061474e-05   13    1   10    7
 -0.0004244669922715949   13    1   10    8
 -0.0002034990353369815   13    1   10    9
 4.925724017578143e-05   13    1   10   10
 0.0009101049407150765   13    1   11    1
 4.870278565877406e-05   13    1   11    2
 0.001087852850393505   13    1   11    3
 5.266186695767343e-05   13    1   11    4
 -0.0004104552697166723   13    1   11    5
 0.0001793757223456357   13    1   11    6
 1.419432459867448e-05   13    1   11    7
 -0.0003639344472639113   13    1   11    8
 -0.0001543297363213767   13    1   11    9
 8.50653508343944e-06   13    1   11   10
 7.459716763765798e-05   13    1   11   11
 0.0008834234921588322   13    1   12    1
 8.033297033980617e-06   13    1   12    2
 0.0008786051929909058   13    1   12    3
 9.626315319873358e-05   13    1   12    4
 -0.0004438451104743991   13    1   12    5
 0.0002096732334830527   13    1   12    6
 2.009922227497193e-05   13    1   12    7
 -0.0004061134890366617   13    1   12    8
 -0.0002025464437960626   13    1   12    9
 -1.065862710605378e-05   13    1   12   10
 -3.932040546102029e-06   13    1   12   11
 2.740328309751083e-05   13    1   12   12
 0.0001277308094274712   13    1   13    1
 0.009098214653938135   13    2    1    1
 2.623463507617988e-05   13    2    2    1
 0.02222035134501908   13    2    2    2
 2.632269445158307e-05   13    2    3    1
 9.02440800657116e-05   13    2    3    2
 0.01241005490818788   13    2    3    3
 -3.874016081975135e-05   13    2    4    1
 -0.0106273653998949   13    2    4    2
 -0.001700831726368044   13    2    4    3
 0.001309238149205597   13    2    4    4
 4.741518216428447e-05   13    2    5    1
 0.01153280885198401   13    2    5    2
 0.000122344859235064   13    2    5    3
 -0.01358689627938188   13    2    5    4
 0.009443959439056186   13    2    5    5
 -8.667073411069535e-05   13    2    6    1
 0.0006822062181245128   13    2    6    2
 -0.004532645450969802   13    2    6    3
 0.008935704219227351   13    2    6    4
 -0.003115621035782352   13    2    6    5
 0.01704001957609114   13    2    6    6
 -1.246416203528998e-06   13    2    7    1
 0.0007919436905494446   13    2    7    2
 0.0006469656949974947   13    2    7    3
 -0.0009710299670844279   13    2    7    4
 0.001638124507416217   13    2    7    5
 -0.0009014159581586759   13    2    7    6
 0.009748684609902192   13    2    7    7
 0.0001133561978491917   13    2    8    1
 -0.007444805024323827   13    2    8    2
 0.00312011622169945   13    2    8    3
 0.008343788758949561   13    2    8    4
 -0.003426646289187814   13    2    8    5
 0.001194444476357922   13    2    8    6
 -0.003566208686764135   13    2    8    7
 0.01390062236887919   13    2    8    8
 4.786131794364816e-05   13    2    9    1
 -0.004646239439277765   13    2    9    2
 0.002375734906030764   13    2    9    3
 0.004080051809362006   13    2    9    4
 -0.0002572645573410552   13    2    9    5
 0.001429504549169054   13    2    9    6
 0.006331729724641908   13    2    9    7
 0.001162448619372196   13    2    9    8
 0.01445625871009011   13    2    9    9
 -0.0001592814383719132   13    2   10    1
 0.0004648744951658562   13    2   10    2
 -0.0007832562310360401   13    2   10    3
 -0.001665122929371452   13    2   10    4
 0.004880226385552609   13    2   10    5
 -0.002927883127200161   13    2   10    6
 0.0003068885210190076   13    2   10    7
 -0.002795609941206407   13    2   10    8
 -0.001049304902283111   13    2   10    9
 0.009009552996114235   13    2   10   10
 1.611429825946693e-05   13    2   11    1
 -0.001830740643147647   13    2   11    2
 -9.088210088935729e-05   13    2   11    3
 -0.000882827409045651   13    2   11    4
 -0.0001651483189346031   13    2   11    5
 0.0007147933786583288   13    2   11    6
 -0.003895058998025431   13    2   11    7
 0.002637644785278971   13    2   11    8
 -0.005466571995193831   13    2   11    9
 -0.0001078717697663366   13    2   11   10
 0.00636886747457232   13    2   11   11
 -2.080717388884628e-06   13    2   12    1
 6.073316301226749e-05   13    2   12    2
 0.0007604325969698814   13    2   12    3
 0.0007298105251920132   13    2   12    4
 0.002154232730424688   13    2   12    5
 -0.0005262142727990762   13    2   12    6
 0.01039708942046189   13    2   12    7
 -0.005549752526784332   13    2   12    8
 0.01222241443257598   13    2   12    9
 0.0002764678357168558   13    2   12   10
 -0.003014946556289311   13    2   12   11
 0.02655447092266136   13    2   12   12
 1.614404784393407e-05   13    2   13    1
 0.02002465210454745   13    2   13    2
 -0.001606934066634449   13    3    1    1
 -3.279511927318895e-06   13    3    2    1
 -0.001255737458010597   13    3    2    2
 8.788418772583167e-06   13    3    3    1
 1.355278081530407e-05   13    3    3    2
 7.777874003622212e-05   13    3    3    3
 6.868902453257071e-05   13    3    4    1
 -0.001957010357651851   13    3    4    2
 -0.000680925362544033   13    3    4    3
 -0.003484428775597724   13    3    4    4
 3.742887525989341e-05   13    3    5    1
 -0.001572716655698255   13    3    5    2
 0.0006739484708631716   13    3    5    3
 -0.001848990780269931   13    3    5    4
 -0.001845720205488058   13    3    5    5
 0.0003252655237140889   13    3    6    1
 -0.001440641096438582   13    3    6    2
 -0.001095225325684472   13    3    6    3
 0.002599071498478646   13    3    6    4
 -0.002741912811559537   13    3    6    5
 0.0008987286010884955   13    3    6    6
 -0.0003229189979010415   13    3    7    1
 0.0006387683407126281   13    3    7    2
 -0.0004942043119829179   13    3    7    3
 -0.0003304823895172287   13    3    7    4
 0.001308583726462627   13    3    7    5
 -0.0006199167034884355   13    3    7    6
 -0.000643908280552267   13    3    7    7
 0.0002465746490873782   13    3    8    1
 3.935651849917241e-05   13    3    8    2
 0.0008229253395085769   13    3    8    3
 0.0001926662504283945   13    3    8    4
 -0.0007226285495108615   13    3    8    5
 -0.0006156656236377029   13    3    8    6
 2.228789421749752e-05   13    3    8    7
 -0.002170617563526429   13    3    8    8
 -0.0004049422818032045   13    3    9    1
 0.001069672629233504   13    3    9    2
 -0.0007717508744709424   13    3    9    3
 0.0002993000422920222   13    3    9    4
 0.001359721933930706   13    3    9    5
 -0.0006979960029830352   13    3    9    6
 0.001715221027186691   13    3    9    7
 0.0006896988049006213   13    3    9    8
 -3.56120557760721e-06   13    3    9    9
 0.0008221827549559304   13    3   10    1
 0.001105364076946869   13    3   10    2
 0.002278595069699076   13    3   10    3
 -4.134975920954244e-05   13    3   10    4
 -0.0001562768893618278   13    3   10    5
 0.000808165501747348   13    3   10    6
 0.0001799888015486309   13    3   10    7
 -0.001841830182293894   13    3   10    8
 -0.0008479175553982585   13    3   10    9
 -0.001432423209929392   13    3   10   10
 0.0008409584304725407   13    3   11    1
 0.0004146891541715748   13    3   11    2
 0.002395144690809569   13    3   11    3
 0.0007441536886776404   13    3   11    4
 -0.00142161215252809   13    3   11    5
 0.000850928585509242   13    3   11    6
 -0.001688794032415664   13    3   11    7
 0.0001074458896857419   13    3   11    8
 -0.003946563434809125   13    3   11    9
 -0.0002167292165794416   13    3   11   10
 -0.00288723846745318   13    3   11   11
 0.0008182394978465586   13    3   12    1
 0.00105352800901916   13    3   12    2
 0.003494938828419151   13    3   12    3
 -0.0004515497238856576   13    3   12    4
 -0.0002453529298629324   13    3   12    5
 5.924963667441752e-05   13    3   12    6
 0.002789508908810751   13    3   12    7
 -0.002343090347629193   13    3   12    8
 0.003223807077965319   13    3   12    9
 0.0002129211711930387   13    3   12   10
 -0.0002097918351789776   13    3   12   11
 0.003691452821791945   13    3   12   12
 0.0001049325598237884   13    3   13    1
 -0.0001528846767806352   13    3   13    2
 0.001844129898156963   13    3   13    3
 -0.02662805031374676   13    4    1    1
 -3.228157357223133e-05   13    4    2    1
 -0.06029245110557515   13    4    2    2
 -0.0001588408141831365   13    4    3    1
 -0.001580585665955163   13    4    3    2
 -0.03655381028922522   13    4    3    3
 1.761793280740697e-05   13    4    4    1
 -0.003911462899003787   13    4    4    2
 -0.0008767851360028324   13    4    4    3
 -0.03476985403255078   13    4    4    4
 -0.0001634014553839422   13    4    5    1
 -0.02658560501060106   13    4    5    2
 -0.006314126303349253   13    4    5    3
 -0.009901333348300251   13    4    5    4
 -0.05530461458661617   13    4    5    5
 7.622104949911827e-05   13    4    6    1
 -0.01130053013104495   13    4    6    2
 0.001207142304994255   13    4    6    3
 -0.01106293880590882   13    4    6    4
 -0.01194683107239727   13    4    6    5
 -0.03355586094286892   13    4    6    6
 1.891629710726993e-06   13    4    7    1
 0.0002574973692877282   13    4    7    2
 0.0002552976408255573   13    4    7    3
 0.002303376262719082   13    4    7    4
 0.0004493585556046221   13    4    7    5
 0.002734462403624465   13    4    7    6
 -0.005383164593918306   13    4    7    7
 -0.0004799112907111854   13    4    8    1
 0.01023836779709247   13    4    8    2
 -0.01006400781147371   13    4    8    3
 0.0009626057565384364   13    4    8    4
 0.00825735546866521   13    4    8    5
 0.003973479367249513   13    4    8    6
 0.01293279070963169   13    4    8    7
 -0.03704807522133464   13    4    8    8
 -0.0002814549648509036   13    4    9    1
 0.003702150726456668   13    4    9    2
 -0.004864056767228276   13    4    9    3
 -0.002520897277994428   13    4    9    4
 0.002948486550199734   13    4    9    5
 0.001613389537943585   13    4    9    6
 -0.02310338653140912   13    4    9    7
 0.004100223688132816   13    4    9    8
 -0.04329173216870025   13    4    9    9
 -0.0001127721513757211   13    4   10    1
 0.008607080668308136   13    4   10    2
 -0.001055256484741649   13    4   10    3
 0.007433324294745203   13    4   10    4
 0.009526065783662689   13    4   10    5
 0.000624039781637275   13    4   10    6
 0.0002436401601143274   13    4   10    7
 -0.003924327571625427   13    4   10    8
 -0.002327541883945081   13    4   10    9
 -0.02664633585530004   13    4   10   10
 1.480980019521163e-05   13    4   11    1
 -0.0009385756067220442   13    4   11    2
 0.0002560112244988333   13    4   11    3
 9.416989438557023e-05   13    4   11    4
 0.0007563567923871472   13    4   11    5
 0.001524087644059345   13    4   11    6
 0.002102390435696879   13    4   11    7
 0.008363898939199947   13    4   11    8
 -0.01387112934734676   13    4   11    9
 0.0003056164534388713   13    4   11   10
 -0.04844977129080301   13    4   11   11
 9.13664332139093e-05   13    4   12    1
 0.001462633095476473   13    4   12    2
 -0.0002538246726575078   13    4   12    3
 -0.002653136607051665   13    4   12    4
 -0.002410476623826561   13    4   12    5
 -0.000435099826873891   13    4   12    6
 -0.01208300805410092   13    4   12    7
 0.002019323354043117   13    4   12    8
 -0.006687017125372285   13    4   12    9
 4.896461754813361e-05   13    4   12   10
 0.01376653514565853   13    4   12   11
 -0.04885764436929688   13    4   12   12
 -1.770617720087705e-05   13    4   13    1
 -0.005547600097569732   13    4   13    2
 0.0001822865853840405   13    4   13    3
 0.04052010543329441   13    4   13    4
 0.003408108511421007   13    5    1    1
 9.669705129695503e-06   13    5    2    1
 0.004772844928337443   13    5    2    2
 -5.210652656684517e-05   13    5    3    1
 -0.001016021983273213   13    5    3    2
 0.005437893991688547   13    5    3    3
 -9.578233040023289e-05   13    5    4    1
 -0.02087119381342071   13    5    4    2
 -0.001697749743360524   13    5    4    3
 -0.03201746406896547   13    5    4    4
 2.543909797339035e-06   13    5    5    1
 -0.004181175255672944   13    5    5    2
 -0.0001236018211034825   13    5    5    3
 -0.01853633686071375   13    5    5    4
 -0.006872992975814345   13    5    5    5
 -0.0003057087579638824   13    5    6    1
 -0.003566372856019806   13    5    6    2
 -0.006774775218614728   13    5    6    3
 0.01531077068672404   13    5    6    4
 -0.009382738669853364   13    5    6    5
 -0.003693061685716616   13    5    6    6
 0.0001895115935156641   13    5    7    1
 0.002190536662846853   13    5    7    2
 0.001903927325080259   13    5    7    3
 -0.0002764948769080348   13    5    7    4
 0.002477658756662062   13    5    7    5
 -0.0005661097917761604   13    5    7    6
 -0.002209398379460905   13    5    7    7
 -0.0001112293817612125   13    5    8    1
 -0.002418806610280628   13    5    8    2
 0.001806803184436815   13    5    8    3
 0.009552921938513256   13    5    8    4
 -0.0004474938397040778   13    5    8    5
 0.0004698209615564169   13    5    8    6
 -0.002877101943781226   13    5    8    7
 0.002763059437481872   13    5    8    8
 0.000230704939290175   13    5    9    1
 0.001107966688358903   13    5    9    2
 0.003384429385543942   13    5    9    3
 0.006076858852717516   13    5    9    4
 0.001005657594828627   13    5    9    5
 0.0009857845547417059   13    5    9    6
 0.003939979822754331   13    5    9    7
 0.008066238231053935   13    5    9    8
 -0.006107910809616509   13    5    9    9
 -0.000767781481110066   13    5   10    1
 0.006540372301973804   13    5   10    2
 -0.003862434668455597   13    5   10    3
 -0.0003681515190152659   13    5   10    4
 0.0101457263134263   13    5   10    5
 0.003417089162486175   13    5   10    6
 -5.194110456439535e-05   13    5   10    7
 -0.002558007838665216   13    5   10    8
 -0.0005317885351565958   13    5   10    9
 -0.003650694288381049   13    5   10   10
 -0.0004706718193588935   13    5   11    1
 0.000522705225903547   13    5   11    2
 -0.002496922416733285   13    5   11    3
 0.001004205496248786   13    5   11    4
 0.0006356924953976283   13    5   11    5
 0.00094296307389776   13    5   11    6
 -0.009885262611448486   13    5   11    7
 0.01252870920385595   13    5   11    8
 -0.02216764275883285   13    5   11    9
 -0.000160073732238124   13    5   11   10
 -0.0238859428811365   13    5   11   11
 -0.0004671033957269233   13    5   12    1
 0.002215351758226303   13    5   12    2
 -0.000789637047133304   13    5   12    3
 -0.001790455337061945   13    5   12    4
 0.001672928185841854   13    5   12    5
 -0.001356147995764584   13    5   12    6
 0.0124432037498914   13    5   12    7
 -0.00804117939036319   13    5   12    8
 0.02044401420781599   13    5   12    9
 0.0007072213177233735   13    5   12   10
 0.006218377103366841   13    5   12   11
 0.01637430617147796   13    5   12   12
 -4.83257101617515e-05   13    5   13    1
 0.01103866050737306   13    5   13    2
 0.004115889671228631   13    5   13    3
 0.004248848316598216   13    5   13    4
 0.03498377772072484   13    5   13    5
 0.0004486256897198881   13    6    1    1
 -1.043045136579391e-05   13    6    2    1
 -0.02340607465940595   13    6    2    2
 -0.0002184490623910665   13    6    3    1
 0.0002020531816536838   13    6    3    2
 -0.009475716822866399   13    6    3    3
 -2.370582919559798e-05   13    6    4    1
 -0.009197806645916063   13    6    4    2
 -0.0002230968004579277   13    6    4    3
 -0.02923377667380298   13    6    4    4
 -4.129076527529735e-05   13    6    5    1
 -0.003708111082187136   13    6    5    2
 -0.005321503875653327   13    6    5    3
 -0.005253756726279694   13    6    5    4
 -0.01941411348158868   13    6    5    5
 -2.622165975797893e-05   13    6    6    1
 -0.002409949996729913   13    6    6    2
 -0.002698354574787695   13    6    6    3
 0.01775791950747563   13    6    6    4
 -0.0142078223048367   13    6    6    5
 -0.004737927925960238   13    6    6    6
 -5.093538402286928e-05   13    6    7    1
 0.001458384489193205   13    6    7    2
 -0.0001742113874358343   13    6    7    3
 0.0004436158893334551   13    6    7    4
 0.0007909094907755868   13    6    7    5
 0.001653095321585369   13    6    7    6
 0.02360123789475852   13    6    7    7
 -0.0001925652569443279   13    6    8    1
 -1.67698401461099e-05   13    6    8    2
 -0.006282285756115053   13    6    8    3
 0.005149923801725925   13    6    8    4
 0.001057927628458916   13    6    8    5
 0.007578843769858209   13    6    8    6
 0.01092681256133791   13    6    8    7
 -0.005460295332453873   13    6    8    8
 -0.0002239192538387625   13    6    9    1
 9.020949900898812e-05   13    6    9    2
 -0.003800663498051874   13    6    9    3
 0.003794140366412936   13    6    9    4
 0.0001328984618019492   13    6    9    5
 0.003493579530239185   13    6    9    6
 -0.02026342499094505   13    6    9    7
 0.002769302141733437   13    6    9    8
 -0.009522995767136383   13    6    9    9
 -0.0001802371267483926   13    6   10    1
 0.003529391023901802   13    6   10    2
 -0.001160182529967774   13    6   10    3
 -0.007393491442595628   13    6   10    4
 0.01082116791956178   13    6   10    5
 -0.005036184197341931   13    6   10    6
 0.00102602784672731   13    6   10    7
 -0.005814572262668525   13    6   10    8
 -0.004233260114633769   13    6   10    9
 0.003657487210695775   13    6   10   10
 0.000161839540819686   13    6   11    1
 0.0008712478433008427   13    6   11    2
 0.0006181153871126418   13    6   11    3
 0.001105572414781618   13    6   11    4
 -2.74515292035296e-06   13    6   11    5
 0.001564097327602526   13    6   11    6
 0.001581844087069743   13    6   11    7
 0.006591835652236483   13    6   11    8
 -0.01135881521594747   13    6   11    9
 0.0001398346747199632   13    6   11   10
 -0.0196234082481337   13    6   11   11
 0.0002135175764612833   13    6   12    1
 -6.561925191375317e-05   13    6   12    2
 0.0003901286348203377   13    6   12    3
 -0.0002045848613655826   13    6   12    4
 -0.0006844133257329642   13    6   12    5
 -0.0005813868023511899   13    6   12    6
 -0.00454755737619526   13    6   12    7
 -0.00106157341973656   13    6   12    8
 -0.001559749281199211   13    6   12    9
 0.0006464508253218014   13    6   12   10
 0.009814316686352182   13    6   12   11
 -0.01341659835992527   13    6   12   12
 6.919814230002141e-06   13    6   13    1
 -0.002676037297701317   13    6   13    2
 -0.001419525422561547   13    6   13    3
 0.008438516008424183   13    6   13    4
 -0.003534414831881837   13    6   13    5
 0.02839686224378674   13    6   13    6
 -0.008072987993997877   13    7    1    1
 8.209095169305654e-06   13    7    2    1
 -0.001387239726062395   13    7    2    2
 0.0001857110671328381   13    7    3    1
 0.0007434336278752555   13    7    3    2
 -0.001428274572773127   13    7    3    3
 1.384529828111157e-05   13    7    4    1
 0.002827074688446613   13    7    4    2
 9.299056613272e-05   13    7    4    3
 -0.004430891185808019   13    7    4    4
 -1.607621842436319e-05   13    7    5    1
 0.003012126020508735   13    7    5    2
 0.00162665112624256   13    7    5    3
 0.001372009257891688   13    7    5    4
 -0.001760826908292474   13    7    5    5
 2.079549060023935e-05   13    7    6    1
 0.002216685720104339   13    7    6    2
 0.0003977379284677878   13    7    6    3
 -0.002930933246773666   13    7    6    4
 0.005324985255924955   13    7    6    5
 -0.007986785721167556   13    7    6    6
 3.505030464225199e-05   13    7    7    1
 0.001624905282220853   13    7    7    2
 0.001444529457950864   13    7    7    3
 0.00250098554157472   13    7    7    4
 0.00124416647505447   13    7    7    5
 0.002248994038639985   13    7    7    6
 -0.01238869701027352   13    7    7    7
 5.233383922040433e-05   13    7    8    1
 -0.001485267403123527   13    7    8    2
 0.001676757683939078   13    7    8    3
 0.001014336574672512   13    7    8    4
 -0.000283628503012764   13    7    8    5
 -0.002472119889888009   13    7    8    6
 -0.001572582673523654   13    7    8    7
 -0.003464400429901614   13    7    8    8
 0.0001061271837288844   13    7    9    1
 0.003948089005108549   13    7    9    2
 0.004610442804513352   13    7    9    3
 -0.006066720952875857   13    7    9    4
 0.004671975716649499   13    7    9    5
 -0.004974820176228877   13    7    9    6
 0.006717363842099661   13    7    9    7
 -0.001708131457076365   13    7    9    8
 -0.003311745735892962   13    7    9    9
 7.094692368153979e-05   13    7   10    1
 -0.001651230371872513   13    7   10    2
 0.0001105268966778415   13    7   10    3
 0.002820062017653431   13    7   10    4
 -0.003376915030284421   13    7   10    5
 0.00453715362221298   13    7   10    6
 -0.002909264985318419   13    7   10    7
 0.001814127647636391   13    7   10    8
 0.004079893930915722   13    7   10    9
 -0.008531150087609683   13    7   10   10
 -0.0001173703412402247   13    7   11    1
 -0.001366098632709763   13    7   11    2
 -0.002605525618722841   13    7   11    3
 1.097748980608187e-05   13    7   11    4
 -0.002041885052900689   13    7   11    5
 0.001348300848740912   13    7   11    6
 -0.001032595953555173   13    7   11    7
 -7.83384570008117e-05   13    7   11    8
 0.000179189972140071   13    7   11    9
 -0.0005322261509554911   13    7   11   10
 -0.002510916606251189   13    7   11   11
 -0.0001595701366958574   13    7   12    1
 0.005345852666087654   13    7   12    2
 0.00224570278769608   13    7   12    3
 -0.004111404263152599   13    7   12    4
 0.006672051191309034   13    7   12    5
 -0.003521034463669142   13    7   12    6
 -0.001526816975335303   13    7   12    7
 -0.003570565832293743   13    7   12    8
 0.005448836392640018   13    7   12    9
 0.000998208479479346   13    7   12   10
 -0.003703695094246111   13    7   12   11
 0.001943664703932059   13    7   12   12
 -6.245559358828959e-06   13    7   13    1
 0.002657314593626531   13    7   13    2
 0.000788570178308989   13    7   13    3
 -0.003935859941472479   13    7   13    4
 0.004763177321918413   13    7   13    5
 -0.008067242642049803   13    7   13    6
 0.01894480312895535   13    7   13    7
 0.003078643195515215   13    8    1    1
 -4.703832445220028e-05   13    8    2    1
 -0.02107712863751076   13    8    2    2
 -0.0003021172146611842   13    8    3    1
 0.0004600937481620886   13    8    3    2
 -0.007643331099948704   13    8    3    3
 -2.203235792291741e-05   13    8    4    1
 0.008257846382089026   13    8    4    2
 -0.0005418624517314247   13    8    4    3
 0.0002152629107229274   13    8    4    4
 -0.0001216491365491133   13    8    5    1
 -0.004420855444364802   13    8    5    2
 -0.004453779618002819   13    8    5    3
 0.006341044927704945   13    8    5    4
 -0.01179294972579101   13    8    5    5
 -0.0001697322800208993   13    8    6    1
 -0.002019045624511217   13    8    6    2
 -8.045852204682883e-05   13    8    6    3
 -0.003489168351725143   13    8    6    4
 -0.001927344772300435   13    8    6    5
 -0.005554149615531611   13    8    6    6
 0.0001762090657855052   13    8    7    1
 -0.001023599113752989   13    8    7    2
 0.0003235000389931245   13    8    7    3
 0.003190244611430909   13    8    7    4
 -0.002177966804410126   13    8    7    5
 0.002948764647254617   13    8    7    6
 0.003849235072580222   13    8    7    7
 -0.0005241771890668563   13    8    8    1
 0.002955183664581641   13    8    8    2
 -0.007345526228495798   13    8    8    3
 -0.005870199527197147   13    8    8    4
 0.004744552802896527   13    8    8    5
 0.0002895529961724399   13    8    8    6
 0.005708135382854523   13    8    8    7
 -0.00556987656597605   13    8    8    8
 -1.889951256381125e-05   13    8    9    1
 0.00120993128725653   13    8    9    2
 -0.003194219922286592   13    8    9    3
 -0.000613949516171905   13    8    9    4
 0.001682108731193506   13    8    9    5
 -4.177954441272166e-05   13    8    9    6
 -0.008869869370680728   13    8    9    7
 -0.002632189479346051   13    8    9    8
 -0.006046363853016113   13    8    9    9
 -0.000654805277034844   13    8   10    1
 -0.00127185546448529   13    8   10    2
 -0.002945779528112669   13    8   10    3
 -0.0003256406745765843   13    8   10    4
 0.0009307757246095877   13    8   10    5
 -0.0005060633732127009   13    8   10    6
 -0.001412855195306486   13    8   10    7
 0.002298404701425334   13    8   10    8
 1.063918715865348e-05   13    8   10    9
 0.001101193779478652   13    8   10   10
 -0.0004427884599800229   13    8   11    1
 0.001919466735336476   13    8   11    2
 -0.001434191151853739   13    8   11    3
 0.002272499174997316   13    8   11    4
 0.003219727855749777   13    8   11    5
 -0.0006141481829715066   13    8   11    6
 0.004070956159731145   13    8   11    7
 -0.00166809465666463   13    8   11    8
 0.004614146047127663   13    8   11    9
 -0.0004671182952898337   13    8   11   10
 0.002019855201753082   13    8   11   11
 -0.0003575699304678928   13    8   12    1
 -0.002983135397721158   13    8   12    2
 -0.00189275668290919   13    8   12    3
 3.221797078389019e-05   13    8   12    4
 -0.002253149343141569   13    8   12    5
 0.0006588619263744137   13    8   12    6
 -0.01086293903974382   13    8   12    7
 0.006886304194760448   13    8   12    8
 -0.01037456931834731   13    8   12    9
 -0.0003047884722860103   13    8   12   10
 0.003201650861728941   13    8   12   11
 -0.01598339729975008   13    8   12   12
 -9.096577520858184e-05   13    8   13    1
 -0.008317473815971527   13    8   13    2
 -0.001650282712318033   13    8   13    3
 0.00462910089693188   13    8   13    4
 -0.01710291838302817   13    8   13    5
 0.008851164579011797   13    8   13    6
 -0.002571286953961086   13    8   13    7
 0.01454474638988324   13    8   13    8
 -0.004944394124353035   13    9    1    1
 2.986662171506928e-06   13    9    2    1
 -0.004471859893755128   13    9    2    2
 0.0001586880100695182   13    9    3    1
 0.001849574227964094   13    9    3    2
 0.001645739771312556   13    9    3    3
 -1.475471468569316e-05   13    9    4    1
 -0.0008604045350597383   13    9    4    2
 -0.0008059700775984742   13    9    4    3
 0.00231941522777731   13    9    4    4
 -7.76453513555774e-05   13    9    5    1
 0.003665172467869344   13    9    5    2
 0.001338633949575699   13    9    5    3
 0.001025009091860727   13    9    5    4
 0.0007363084011003855   13    9    5    5
 -0.0001068975167800929   13    9    6    1
 -0.0004662777740794384   13    9    6    2
 -0.003330810607879492   13    9    6    3
 0.006396729200874863   13    9    6    4
 -0.004442851906962581   13    9    6    5
 0.009298906547994581   13    9    6    6
 0.0001356137193088322   13    9    7    1
 0.003687657128476906   13    9    7    2
 0.00342570555928641   13    9    7    3
 -0.005926479259321302   13    9    7    4
 0.003727006219438736   13    9    7    5
 -0.004421587229336265   13    9    7    6
 0.01371584297715298   13    9    7    7
 -0.0001189513836192897   13    9    8    1
 -0.001204696871131941   13    9    8    2
 -0.0002901690450468259   13    9    8    3
 0.003058157174978661   13    9    8    4
 -0.001143166568899813   13    9    8    5
 0.004355429326201637   13    9    8    6
 0.0008947653608389821   13    9    8    7
 0.001288081410749339   13    9    8    8
 0.0001687040884584282   13    9    9    1
 0.002197258239560817   13    9    9    2
 0.00457694260413207   13    9    9    3
 -0.003622757990130957   13    9    9    4
 0.001403612281362079   13    9    9    5
 0.001599365388781793   13    9    9    6
 -0.004380849941246158   13    9    9    7
 0.0001269349487709115   13    9    9    8
 0.004459036849611325   13    9    9    9
 -0.0003381620529825802   13    9   10    1
 0.000491244573056119   13    9   10    2
 -0.001019844974844103   13    9   10    3
 -0.004230949300317347   13    9   10    4
 0.003619810128976827   13    9   10    5
 -0.006177586428192829   13    9   10    6
 0.003697229690643448   13    9   10    7
 -0.002623223487749823   13    9   10    8
 -0.0008661175661529799   13    9   10    9
 0.00413772802068465   13    9   10   10
 -0.000377397534199088   13    9   11    1
 -0.003567719594374965   13    9   11    2
 -0.00413244114046394   13    9   11    3
 -0.003288918244941881   13    9   11    4
 -0.004095071289740266   13    9   11    5
 0.001260337520027837   13    9   11    6
 4.788376154316957e-05   13    9   11    7
 0.002455572258222825   13    9   11    8
 -0.001573214093441201   13    9   11    9
 0.0006624605563761053   13    9   11   10
 -0.00159003877297344   13    9   11   11
 -0.0004045429704249229   13    9   12    1
 0.007296207638532047   13    9   12    2
 0.002260174408940562   13    9   12    3
 -0.002468425305345714   13    9   12    4
 0.01005420268429325   13    9   12    5
 -0.004507904135214257   13    9   12    6
 0.005710108884506795   13    9   12    7
 -0.001914150378050065   13    9   12    8
 0.00256517164281921   13    9   12    9
 0.001037229100605117   13    9   12   10
 -0.002011750650801122   13    9   12   11
 0.004620417588127957   13    9   12   12
 -6.008687782302792e-05   13    9   13    1
 -0.001428062911241522   13    9   13    2
 0.0001059313257890702   13    9   13    3
 0.0009607418265608335   13    9   13    4
 -0.00527768854328405   13    9   13    5
 0.007021945283423534   13    9   13    6
 -0.005131728444168444   13    9   13    7
 0.000625766346695655   13    9   13    8
 0.0142888709337263   13    9   13    9
 0.0348475942724446   13   10    1    1
 -3.033227189767888e-05   13   10    2    1
 0.01978996187224357   13   10    2    2
 -0.0004659825578470786   13   10    3    1
 0.0005880311097252943   13   10    3    2
 0.02070961790474156   13   10    3    3
 1.35880055333296e-05   13   10    4    1
 0.01087168028469169   13   10    4    2
 0.002292679009786697   13   10    4    3
 0.02373367476800162   13   10    4    4
 0.0001824688159514474   13   10    5    1
 0.006708423403894363   13   10    5    2
 -0.001737614338133699   13   10    5    3
 0.008424414573899558   13   10    5    4
 0.02151482104433148   13   10    5    5
 5.783258427456455e-05   13   10    6    1
 0.005606943601855755   13   10    6    2
 0.0068162457719428   13   10    6    3
 -0.01517725776234062   13   10    6    4
 0.01392405278337091   13   10    6    5
 0.002895340895365273   13   10    6    6
 -1.619548600780109e-05   13   10    7    1
 -0.001383098156165317   13   10    7    2
 -0.0001764220520295645   13   10    7    3
 0.0002532097858387578   13   10    7    4
 -0.0012855680841805   13   10    7    5
 -0.0008362030019722858   13   10    7    6
 -0.02066109329064245   13   10    7    7
 0.0001116109043611413   13   10    8    1
 -0.001003757535850447   13   10    8    2
 0.0003719914154767338   13   10    8    3
 -0.00711211026199223   13   10    8    4
 0.004148014408235943   13   10    8    5
 -0.01036241110656861   13   10    8    6
 -0.01022926673005343   13   10    8    7
 0.01549632749578897   13   10    8    8
 5.905134782060557e-05   13   10    9    1
 0.0004194152948424722   13   10    9    2
 0.0003304371775164467   13   10    9    3
 -0.004188095134663232   13   10    9    4
 0.003116339412875548   13   10    9    5
 -0.005541639253051093   13   10    9    6
 0.01873305722538997   13   10    9    7
 0.000313606321901395   13   10    9    8
 0.01387551235501996   13   10    9    9
 0.0003547572702010936   13   10   10    1
 -0.005261678213144493   13   10   10    2
 0.001521717941183008   13   10   10    3
 0.007781958847632561   13   10   10    4
 -0.01051048856559489   13   10   10    5
 0.01387337840171126   13   10   10    6
 -0.002774146258167993   13   10   10    7
 0.007967570409369493   13   10   10    8
 0.004628896209244824   13   10   10    9
 0.01600866894238021   13   10   10   10
 2.552572638317604e-08   13   10   11    1
 8.964865131968607e-05   13   10   11    2
 9.877863061062959e-05   13   10   11    3
 -0.000339774912178145   13   10   11    4
 0.0003015766706966031   13   10   11    5
 -0.0009238509642737761   13   10   11    6
 -0.002887815658628869   13   10   11    7
 -0.00529950587520047   13   10   11    8
 0.009021333426239165   13   10   11    9
 0.001526733417371601   13   10   11   10
 0.02870259704868161   13   10   11   11
 3.961352004432967e-06   13   10   12    1
 -0.0002875861816390094   13   10   12    2
 -3.549018141679524e-05   13   10   12    3
 0.0004686323431044544   13   10   12    4
 0.0005019964930232622   13   10   12    5
 0.001625301427761176   13   10   12    6
 -0.002143290250545207   13   10   12    7
 0.003482772567086671   13   10   12    8
 -0.006680883248687975   13   10   12    9
 0.000410969100975024   13   10   12   10
 -0.0007449981555861628   13   10   12   11
 0.01529277200118881   13   10   12   12
 1.882577258718125e-05   13   10   13    1
 0.0008531861710215314   13   10   13    2
 0.0001396512492275657   13   10   13    3
 -0.01219094114908246   13   10   13    4
 -0.001684347857922813   13   10   13    5
 -0.01964423014087537   13   10   13    6
 0.007328810844924915   13   10   13    7
 -0.004448600676882792   13   10   13    8
 -0.00639436905330702   13   10   13    9
 0.01768426411298208   13   10   13   10
 0.02380382996903016   13   11    1    1
 -2.931821594408046e-05   13   11    2    1
 -0.01405330259192756   13   11    2    2
 -0.0004480673212589285   13   11    3    1
 0.001896793503145281   13   11    3    2
 0.007894927026523476   13   11    3    3
 -1.934988342319555e-05   13   11    4    1
 -0.001509115079076011   13   11    4    2
 0.0009403977106586567   13   11    4    3
 -0.009500079191608451   13   11    4    4
 8.873055910594436e-05   13   11    5    1
 -0.0002305483398806805   13   11    5    2
 -0.005521405578563193   13   11    5    3
 -0.0004401293115656072   13   11    5    4
 -0.007616005379423422   13   11    5    5
 -3.507691101852424e-05   13   11    6    1
 -0.0002057909443380141   13   11    6    2
 0.001559998548503146   13   11    6    3
 0.002921378266341948   13   11    6    4
 -0.003282400313771963   13   11    6    5
 -0.003808417699185207   13   11    6    6
 -4.500382823851848e-05   13   11    7    1
 -0.003564356212141153   13   11    7    2
 -0.001780648930535173   13   11    7    3
 0.0004171467889425911   13   11    7    4
 -0.003935180615501128   13   11    7    5
 0.001497497124545325   13   11    7    6
 -0.001067426532169217   13   11    7    7
 -3.758653456059971e-05   13   11    8    1
 0.004687381627446767   13   11    8    2
 -0.002686366719776078   13   11    8    3
 0.002043737342335263   13   11    8    4
 0.01005075823285543   13   11    8    5
 -0.001692355171234003   13   11    8    6
 0.001733896198772487   13   11    8    7
 0.001877520813705494   13   11    8    8
 -0.0001164432305928552   13   11    9    1
 -0.006405729229649272   13   11    9    2
 -0.004163692886175249   13   11    9    3
 -0.004918291134390114   13   11    9    4
 -0.003174474115098901   13   11    9    5
 -0.001007553250761264   13   11    9    6
 -0.001764036548041358   13   11    9    7
 0.005939699843823388   13   11    9    8
 -0.002548785920896271   13   11    9    9
 -3.670779626032197e-05   13   11   10    1
 0.0008500364704919474   13   11   10    2
 -0.0004085448123680394   13   11   10    3
 0.001637696791726913   13   11   10    4
 0.002543889818641536   13   11   10    5
 0.006915570592066989   13   11   10    6
 -0.001080390714921043   13   11   10    7
 -0.0001844095137126463   13   11   10    8
 0.002158269772140477   13   11   10    9
 0.008873572052498646   13   11   10   10
 0.0001276491562650791   13   11   11    1
 -0.004743230423841257   13   11   11    2
 0.002598421679471498   13   11   11    3
 -0.007792164995570325   13   11   11    4
 -0.00365825637967833   13   11   11    5
 -0.0001628745218845437   13   11   11    6
 -0.003523547784253934   13   11   11    7
 0.007754028778330085   13   11   11    8
 -0.008198705287321783   13   11   11    9
 0.003351870518585406   13   11   11   10
 -0.003068689195386443   13   11   11   11
 0.0001823185420244779   13   11   12    1
 -0.001467057918268281   13   11   12    2
 -0.001691158701936817   13   11   12    3
 0.00500376371269563   13   11   12    4
 -0.003324884099786764   13   11   12    5
 0.001773948692717094   13   11   12    6
 -0.005420814346541705   13   11   12    7
 0.0003748171387416312   13   11   12    8
 -0.004515016824977383   13   11   12    9
 -0.001145132149354854   13   11   12   10
 0.01159338943813506   13   11   12   11
 -0.001586597443865349   13   11   12   12
 1.141313168836688e-05   13   11   13    1
 -0.0009825675964663914   13   11   13    2
 -0.0004449682130211106   13   11   13    3
 0.003323698101085386   13   11   13    4
 -5.759702156003087e-05   13   11   13    5
 0.001648170539287591   13   11   13    6
 0.000789721803935274   13   11   13    7
 -1.813947233710754e-05   13   11   13    8
 0.0003515988412475563   13   11   13    9
 -0.0008112637949514998   13   11   13   10
 0.00721351142981323   13   11   13   11
 0.03959550086586249   13   12    1    1
 -1.499924199742417e-05   13   12    2    1
 0.01195996371006829   13   12    2    2
 -0.0003446320159982263   13   12    3    1
 0.003039359865644582   13   12    3    2
 0.03016605713870392   13   12    3    3
 -2.409525209415425e-05   13   12    4    1
 0.001136452483456882   13   12    4    2
 0.0007784214184542313   13   12    4    3
 0.005547021810826155   13   12    4    4
 0.0002015043676097046   13   12    5    1
 0.007859896028627144   13   12    5    2
 -0.002033548031926656   13   12    5    3
 -0.0006154542789198565   13   12    5    4
 0.01470706470809103   13   12    5    5
 -7.190535673979655e-05   13   12    6    1
 0.002438388218366816   13   12    6    2
 0.0009548026321161153   13   12    6    3
 0.001917515481836791   13   12    6    4
 0.001899414461243583   13   12    6    5
 0.01238635000189335   13   12    6    6
 6.744916393711572e-05   13   12    7    1
 0.007001872392337345   13   12    7    2
 0.004719334777721258   13   12    7    3
 -0.004926666474704228   13   12    7    4
 0.0070889713584929   13   12    7    5
 -0.005103564281614512   13   12    7    6
 -0.005091808385640396   13   12    7    7
 0.0002280454937942409   13   12    8    1
 -0.006105092391716299   13   12    8    2
 0.0009980977369978799   13   12    8    3
 -0.001262019388668276   13   12    8    4
 0.001555453834862333   13   12    8    5
 -0.004557148613782556   13   12    8    6
 -0.009947458714072219   13   12    8    7
 0.02245035941582346   13   12    8    8
 0.0002726683957781033   13   12    9    1
 0.01081393863690558   13   12    9    2
 0.007760850849476474   13   12    9    3
 -0.0003884234113238618   13   12    9    4
 0.01396751523769625   13   12    9    5
 -0.003726393785273382   13   12    9    6
 0.01456087121790262   13   12    9    7
 0.003816629381200821   13   12    9    8
 0.01511350796589057   13   12    9    9
 9.338336909343589e-05   13   12   10    1
 -0.001285450832824907   13   12   10    2
 0.0005705971523755827   13   12   10    3
 0.002384972453332024   13   12   10    4
 -0.0006098870320524233   13   12   10    5
 0.00909129375595886   13   12   10    6
 7.616215098042987e-05   13   12   10    7
 0.00276825185364021   13   12   10    8
 0.001282625174723823   13   12   10    9
 0.02170183527927859   13   12   10   10
 -0.0002542524962182536   13   12   11    1
 0.001842102863165889   13   12   11    2
 -0.005109303991906595   13   12   11    3
 0.005307589340519014   13   12   11    4
 4.564815512058926e-05   13   12   11    5
 0.002334034911022593   13   12   11    6
 -0.008725940628801778   13   12   11    7
 0.001372003038933427   13   12   11    8
 -0.006877968078578219   13   12   11    9
 -0.001111316810858973   13   12   11   10
 0.01968027012688212   13   12   11   11
 -0.000323323210347093   13   12   12    1
 0.009879824209776089   13   12   12    2
 0.004808235094158264   13   12   12    3
 -0.00859647641926195   13   12   12    4
 0.01390961771057037   13   12   12    5
 -0.005132819016691243   13   12   12    6
 0.006445693759792966   13   12   12    7
 -0.001874464456531447   13   12   12    8
 0.001517534567568054   13   12   12    9
 0.00300116317359194   13   12   12   10
 0.004397252016923763   13   12   12   11
 0.02893931587319882   13   12   12   12
 -1.747156103879562e-05   13   12   13    1
 0.004635873175858413   13   12   13    2
 0.001643064830672271   13   12   13    3
 -0.007515471851369691   13   12   13    4
 0.005425237659109926   13   12   13    5
 -0.007533756672628013   13   12   13    6
 0.006356908896841652   13   12   13    7
 -0.006434088564810137   13   12   13    8
 0.004855396869239356   13   12   13    9
 0.006453670124367789   13   12   13   10
 -0.005912881351150599   13   12   13   11
 0.0196048248347349   13   12   13   12
 0.2389434388132265   13   13    1    1
 0.0001218410448787888   13   13    2    1
 0.3630645798011587   13   13    2    2
 0.0004130242035610262   13   13    3    1
 -0.003740829612874333   13   13    3    2
 0.2692115554656838   13   13    3    3
 -0.0001433103242091393   13   13    4    1
 -0.009142736407844505   13   13    4    2
 -0.005686767651871861   13   13    4    3
 0.3422150246101227   13   13    4    4
 0.0005764344801082172   13   13    5    1
 0.03304336875881355   13   13    5    2
 0.02597368650763332   13   13    5    3
 -0.002605290021562873   13   13    5    4
 0.3385092849498972   13   13    5    5
 -0.0004913994401531469   13   13    6    1
 0.005021187820193514   13   13    6    2
 -0.01678689219079261   13   13    6    3
 0.02169707475040414   13   13    6    4
 0.002778820772841086   13   13    6    5
 0.3464853929397372   13   13    6    6
 -2.856858134593254e-05   13   13    7    1
 0.005645833335970973   13   13    7    2
 0.0006727868754546753   13   13    7    3
 -0.005088635031302782   13   13    7    4
 0.005987049107936847   13   13    7    5
 -0.00890956253862292   13   13    7    6
 0.2982452446966832   13   13    7    7
 0.001699717561014254   13   13    8    1
 -0.0221501830849671   13   13    8    2
 0.02505528876907129   13   13    8    3
 0.0156525989399477   13   13    8    4
 -0.04467124766365355   13   13    8    5
 0.02305171381389994   13   13    8    6
 -0.009681304378927639   13   13    8    7
 0.2871302365342681   13   13    8    8
 0.0009075504839231799   13   13    9    1
 -0.007241849318968211   13   13    9    2
 0.01418321594007597   13   13    9    3
 0.009198168902556862   13   13    9    4
 -0.01861984384972294   13   13    9    5
 0.01380751893251101   13   13    9    6
 0.01140383842580503   13   13    9    7
 -0.0150760198628927   13   13    9    8
 0.3119020222407227   13   13    9    9
 -0.0002002935338610373   13   13   10    1
 -0.003835629175831962   13   13   10    2
 0.0006088694481518736   13   13   10    3
 -0.02608238517579853   13   13   10    4
 -0.00207002787572229   13   13   10    5
 -0.05252325975346651   13   13   10    6
 0.007760142741297166   13   13   10    7
 -0.01231065783180795   13   13   10    8
 -0.01050695079119751   13   13   10    9
 0.2708177856636981   13   13   10   10
 3.867604462827433e-05   13   13   11    1
 0.0009807792204873278   13   13   11    2
 -0.001912936137636757   13   13   11    3
 0.002639790004825336   13   13   11    4
 -0.002542023978101657   13   13   11    5
 0.0007525405374090728   13   13   11    6
 0.006702340823226461   13   13   11    7
 -0.0171005057137789   13   13   11    8
 0.02827787129510011   13   13   11    9
 -0.002206795931174996   13   13   11   10
 0.2970866361156523   13   13   11   11
 -0.0002101746697640574   13   13   12    1
 0.001391141342068259   13   13   12    2
 0.002321101083117817   13   13   12    3
 -0.001376768799077887   13   13   12    4
 0.008678714576168919   13   13   12    5
 -0.004011359775971845   13   13   12    6
 0.03956885844690112   13   13   12    7
 -0.009762312177280201   13   13   12    8
 0.02543323765187571   13   13   12    9
 0.004313767714797806   13   13   12   10
 -0.04314444790727491   13   13   12   11
 0.3195523973309691   13   13   12   12
 3.331665194668344e-05   13   13   13    1
 0.01145948657227406   13   13   13    2
 -0.001489275571725015   13   13   13    3
 -0.02602306589557466   13   13   13    4
 -0.008407034862545699   13   13   13    5
 0.009569604992333254   13   13   13    6
 -0.01295338736569102   13   13   13    7
 -0.002783102710474659   13   13   13    8
 0.0150004429912743   13   13   13    9
 -0.01021495007401067   13   13   13   10
 -0.008110986962863505   13   13   13   11
 0.002030360855492083   13   13   13   12
 0.373033284077715   13   13   13   13
 -0.004222642113293391   14    1    1    1
 7.25531504532471e-05   14    1    2    1
 0.0001526247206259683   14    1    2    2
 0.0007798101286998222   14    1    3    1
 8.364895142789156e-05   14    1    3    2
 0.0005948191290974723   14    1    3    3
 -4.195463916282717e-05   14    1    4    1
 -3.098469902932603e-05   14    1    4    2
 -0.0001142211668568404   14    1    4    3
 6.411766989351365e-05   14    1    4    4
 -6.856649121966401e-05   14    1    5    1
 4.201981917835226e-05   14    1    5    2
 0.0002236073932948425   14    1    5    3
 3.323113253551173e-05   14    1    5    4
 -5.90508594112288e-05   14    1    5    5
 -0.000321037224209629   14    1    6    1
 -1.668457638179937e-05   14    1    6    2
 -0.0005873126093641637   14    1    6    3
 3.638942994804614e-05   14    1    6    4
 0.000230325046953935   14    1    6    5
 3.676392776860003e-05   14    1    6    6
 0.0007278394738760105   14    1    7    1
 0.0001097422639160226   14    1    7    2
 0.0009699049016320381   14    1    7    3
 3.571791041490373e-05   14    1    7    4
 -0.0002611940410794502   14    1    7    5
 9.603619449007793e-05   14    1    7    6
 0.0001472970257062876   14    1    7    7
 -4.762997552792928e-05   14    1    8    1
 -5.86456929024889e-05   14    1    8    2
 0.0002014642602073406   14    1    8    3
 7.565385075216854e-05   14    1    8    4
 -0.0002181559161383051   14    1    8    5
 0.0002261649251050417   14    1    8    6
 -0.000270841612035244   14    1    8    7
 -5.615401056077157e-05   14    1    8    8
 0.001320819586232584   14    1    9    1
 0.0001654338668677667   14    1    9    2
 0.001869652241514232   14    1    9    3
 0.0001441728324878851   14    1    9    4
 -0.0006211107159030751   14    1    9    5
 0.0003678133385127407   14    1    9    6
 -4.889904077498249e-05   14    1    9    7
 -0.0005625857790253378   14    1    9    8
 -0.0003448295154438707   14    1    9    9
 -0.0006835987761961311   14    1   10    1
 -2.972767937224204e-05   14    1   10    2
 -0.0007608582970875618   14    1   10    3
 -8.313937072628877e-05   14    1   10    4
 0.0003231851832382855   14    1   10    5
 -0.0001933442010768731   14    1   10    6
 4.205737621346103e-06   14    1   10    7
 0.0002583736724958558   14    1   10    8
 0.0001241942555362395   14    1   10    9
 -4.295050474591378e-05   14    1   10   10
 -0.00201914224878778   14    1   11    1
 -0.0001078258776613312   14    1   11    2
 -0.002425525546514087   14    1   11    3
 -0.0001175555091964309   14    1   11    4
 0.0009080018652492382   14    1   11    5
 -0.0003986682298710141   14    1   11    6
 -5.997910850993483e-05   14    1   11    7
 0.0007976888830141584   14    1   11    8
 0.0003494011023111967   14    1   11    9
 -2.225453523161941e-05   14    1   11   10
 1.956928393514017e-05   14    1   11   11
 -0.002167499730870306   14    1   12    1
 -2.126697248762356e-05   14    1   12    2
 -0.002143883135548049   14    1   12    3
 -0.0002292343711348451   14    1   12    4
 0.001087598064232485   14    1   12    5
 -0.0005131862771676908   14    1   12    6
 6.538767032627726e-05   14    1   12    7
 0.0009291625633911646   14    1   12    8
 0.0006083753120168484   14    1   12    9
 1.436759576760465e-05   14    1   12   10
 -0.0001205459942928944   14    1   12   11
 0.0001564052630347977   14    1   12   12
 -0.0001998769077470228   14    1   13    1
 2.072932213282365e-05   14    1   13    2
 -0.0001836341335553553   14    1   13    3
 -4.869330863364126e-05   14    1   13    4
 0.0001289444102547196   14    1   13    5
 -5.272888716730112e-05   14    1   13    6
 3.948278257461023e-05   14    1   13    7
 5.704084610563583e-05   14    1   13    8
 9.351529121176347e-05   14    1   13    9
 -1.984788909900644e-05   14    1   13   10
 -4.995999500657435e-05   14    1   13   11
 7.077402454552106e-05   14    1   13   12
 0.0001664995507120648   14    1   13   13
 0.0004925735946932707   14    1   14    1
 0.003590554467285504   14    2    1    1
 6.788633916279747e-06   14    2    2    1
 0.006380357254510056   14    2    2    2
 -7.533625288324954e-06   14    2    3    1
 0.0002546427736192661   14    2    3    2
 0.003704389332495699   14    2    3    3
 -1.333638943804742e-05   14    2    4    1
 -0.003213662599758665   14    2    4    2
 7.855462106079621e-05   14    2    4    3
 -0.001691117590126097   14    2    4    4
 3.330286642256382e-05   14    2    5    1
 0.00490358048573474   14    2    5    2
 -0.0001105007275678278   14    2    5    3
 -0.002221184365267837   14    2    5    4
 0.002611480792240602   14    2    5    5
 -2.978444237303682e-05   14    2    6    1
 0.002536186705121021   14    2    6    2
 -0.0004631525258629441   14    2    6    3
 0.002930390757925628   14    2    6    4
 0.0001314023191272236   14    2    6    5
 0.003419470245865407   14    2    6    6
 4.683926307826761e-06   14    2    7    1
 -0.0002913268052917988   14    2    7    2
 -0.001493937367257102   14    2    7    3
 0.0006908392670522639   14    2    7    4
 -0.001518475102323043   14    2    7    5
 -0.0004871091096067443   14    2    7    6
 0.001842113063054885   14    2    7    7
 7.175124806574566e-05   14    2    8    1
 -0.002497974595073361   14    2    8    2
 0.00208531183256238   14    2    8    3
 0.0007406133475781608   14    2    8    4
 0.0009508647712486375   14    2    8    5
 0.0003430143943899043   14    2    8    6
 -0.001514083725458363   14    2    8    7
 0.004033517594022309   14    2    8    8
 4.45416650174675e-05   14    2    9    1
 -0.001162832039184184   14    2    9    2
 -0.001469693091607782   14    2    9    3
 0.003154148775638583   14    2    9    4
 -0.00287745740430416   14    2    9    5
 -9.218088607844101e-05   14    2    9    6
 0.0009821591529307241   14    2    9    7
 0.0003831345864402313   14    2    9    8
 0.002520277701211306   14    2    9    9
 -1.885539082682328e-05   14    2   10    1
 -0.001008736529832214   14    2   10    2
 0.0001091434883344105   14    2   10    3
 -0.0006851372471754673   14    2   10    4
 0.0007390910658074937   14    2   10    5
 -0.0003965133804957581   14    2   10    6
 0.0004026142660232678   14    2   10    7
 -0.0002785665107955374   14    2   10    8
 -0.0005012470562485823   14    2   10    9
 0.002967884220144244   14    2   10   10
 2.928023408140318e-06   14    2   11    1
 0.004136011142970165   14    2   11    2
 0.0007519888881261134   14    2   11    3
 0.001624300961155555   14    2   11    4
 5.395772303077443e-05   14    2   11    5
 -0.0007519187369879546   14    2   11    6
 -0.001083825660077998   14    2   11    7
 0.001434699887319116   14    2   11    8
 -0.001695688071757545   14    2   11    9
 -0.0001210695071667473   14    2   11   10
 0.0006500797936918812   14    2   11   11
 9.081286555127981e-06   14    2   12    1
 -0.004857509649927004   14    2   12    2
 -0.001477738186664354   14    2   12    3
 2.338272611346547e-05   14    2   12    4
 -0.002849162753173616   14    2   12    5
 0.0002547644124826342   14    2   12    6
 0.001878410267987308   14    2   12    7
 -0.001808894198724014   14    2   12    8
 0.002263548046264643   14    2   12    9
 0.0003752571048599049   14    2   12   10
 0.000431701647771259   14    2   12   11
 0.005190836667354775   14    2   12   12
 6.499323021529692e-06   14    2   13    1
 0.002747007355201793   14    2   13    2
 -0.0004026008666120322   14    2   13    3
 -0.0004995687738540621   14    2   13    4
 0.00184038110745565   14    2   13    5
 0.000778701766773939   14    2   13    6
 -0.001452790999268559   14    2   13    7
 -0.0007937715771130674   14    2   13    8
 -0.001901542387388861   14    2   13    9
 -0.0007233303186503032   14    2   13   10
 0.0004286410225296163   14    2   13   11
 -0.002509324313580967   14    2   13   12
 0.003478483363979829   14    2   13   13
 4.350872463290168e-06   14    2   14    1
 0.003387911385896654   14    2   14    2
 0.008028002765227886   14    3    1    1
 3.117417557103582e-05   14    3    2    1
 -0.0007595312141170958   14    3    2    2
 -2.480255536763209e-05   14    3    3    1
 0.0003584712249068855   14    3    3    2
 0.003768559933453307   14    3    3    3
 -8.472117226839027e-05   14    3    4    1
 0.0004200919548202744   14    3    4    2
 0.0001074282546061331   14    3    4    3
 -0.0004959078629502928   14    3    4    4
 0.0002318958490632731   14    3    5    1
 -0.0008390598045424906   14    3    5    2
 -0.0006392638437893948   14    3    5    3
 0.0002308311120626911   14    3    5    4
 -0.0003161388973542139   14    3    5    5
 -0.00041161111172989   14    3    6    1
 1.496600857528907e-05   14    3    6    2
 -0.0001276634208274131   14    3    6    3
 -0.0008747481196852111   14    3    6    4
 0.001048760808149961   14    3    6    5
 -0.001306212033620756   14    3    6    6
 0.0006598774948558295   14    3    7    1
 -0.001455260141447111   14    3    7    2
 0.001028171203754884   14    3    7    3
 0.0008675198653503987   14    3    7    4
 -0.002457817160203883   14    3    7    5
 0.0009541544200972659   14    3    7    6
 -0.0005495635563648199   14    3    7    7
 0.0001876544135872827   14    3    8    1
 0.001682989596758644   14    3    8    2
 0.0002457248635172633   14    3    8    3
 -0.0002546975118747107   14    3    8    4
 0.001873930442698732   14    3    8    5
 -0.0002519905590974201   14    3    8    6
 -0.001619582067823243   14    3    8    7
 0.001941916843070799   14    3    8    8
 0.001326764172196673   14    3    9    1
 -0.001845919280379039   14    3    9    2
 0.002409802583461529   14    3    9    3
 0.0002171429052568857   14    3    9    4
 -0.003290531648250238   14    3    9    5
 0.001219824446566151   14    3    9    6
 -0.0004651754907340637   14    3    9    7
 -0.001588969417835994   14    3    9    8
 -0.00204332205239696   14    3    9    9
 -0.0005770934879923067   14    3   10    1
 1.342432555413855e-05   14    3   10    2
 -0.001882746234046805   14    3   10    3
 0.0007331589903799401   14    3   10    4
 0.0006919032029469213   14    3   10    5
 0.001634130156702198   14    3   10    6
 -0.0003055489439873113   14    3   10    7
 0.001237369443508374   14    3   10    8
 0.0008445768872351371   14    3   10    9
 0.002683158840557402   14    3   10   10
 -0.001840604490028531   14    3   11    1
 -0.0007428627849099435   14    3   11    2
 -0.004827908860643385   14    3   11    3
 -0.001434346913664238   14    3   11    4
 0.003430507918994693   14    3   11    5
 -0.001718357872949397   14    3   11    6
 -0.0005848229986641163   14    3   11    7
 0.003822421209273387   14    3   11    8
 0.0008883555308644255   14    3   11    9
 0.0003055815941956609   14    3   11   10
 0.001401153751231054   14    3   11   11
 -0.001918331794684834   14    3   12    1
 -0.002076274559740069   14    3   12    2
 -0.008333855645019962   14    3   12    3
 0.0008637722587503728   14    3   12    4
 -0.0001841702463091041   14    3   12    5
 -0.0003642461925575028   14    3   12    6
 -0.001536382840937621   14    3   12    7
 0.002481680079743809   14    3   12    8
 -0.0006734123951249224   14    3   12    9
 -0.000368217480061538   14    3   12   10
 0.001967749629679763   14    3   12   11
 -0.0002865779773780526   14    3   12   12
 -0.0001750313848882625   14    3   13    1
 -0.0006903319490597208   14    3   13    2
 -0.0009517138373372232   14    3   13    3
 0.000732659846214494   14    3   13    4
 -9.929907930798862e-05   14    3   13    5
 7.079240972587414e-05   14    3   13    6
 -0.0006726171164236355   14    3   13    7
 0.000615677035843734   14    3   13    8
 -0.00123712992260046   14    3   13    9
 0.000128147344544919   14    3   13   10
 0.0008582963659289554   14    3   13   11
 -0.002010175300097759   14    3   13   12
 -0.001637204231028233   14    3   13   13
 0.0004203573517702937   14    3   14    1
 0.0005317790741010374   14    3   14    2
 0.00221644440645285   14    3   14    3
 -0.006387220705004418   14    4    1    1
 -1.060439337875116e-07   14    4    2    1
 -0.01552084082554254   14    4    2    2
 2.764560736946873e-05   14    4    3    1
 0.0003981230186816803   14    4    3    2
 -0.0063093418559665   14    4    3    3
 -8.993358703120445e-06   14    4    4    1
 -0.003330180922217047   14    4    4    2
 -0.0006555864683142269   14    4    4    3
 -0.0103884970793686   14    4    4    4
 -2.409046617483762e-05   14    4    5    1
 -0.004815031376081205   14    4    5    2
 -0.001204694151333178   14    4    5    3
 -0.004137315374679261   14    4    5    4
 -0.01422759818688363   14    4    5    5
 -3.851165304031207e-05   14    4    6    1
 -0.002988592206458303   14    4    6    2
 -0.001449527227583764   14    4    6    3
 -0.0006243066006101131   14    4    6    4
 -0.00444586983921781   14    4    6    5
 -0.00526639992574504   14    4    6    6
 5.402711339204569e-05   14    4    7    1
 8.457848858596103e-05   14    4    7    2
 0.0007361154999659834   14    4    7    3
 4.233761085992226e-05   14    4    7    4
 3.01079400822652e-05   14    4    7    5
 0.0009900551804196125   14    4    7    6
 -0.0007819562595007398   14    4    7    7
 -5.601414395376834e-05   14    4    8    1
 0.001077420531795311   14    4    8    2
 -0.0009968244010974399   14    4    8    3
 -4.658640641999074e-05   14    4    8    4
 0.001973269884178051   14    4    8    5
 0.001458216358363162   14    4    8    6
 0.003269441972248092   14    4    8    7
 -0.007936526488915322   14    4    8    8
 6.423710702458898e-05   14    4    9    1
 0.002487833304404869   14    4    9    2
 -0.0001568983970551994   14    4    9    3
 0.001983558031885295   14    4    9    4
 0.001397366631308926   14    4    9    5
 0.001069259548868348   14    4    9    6
 -0.004181003895177442   14    4    9    7
 0.002133043875815964   14    4    9    8
 -0.0110781284495869   14    4    9    9
 -0.0001303861299385577   14    4   10    1
 0.002430376795325665   14    4   10    2
 -0.0007226892938998613   14    4   10    3
 0.001848619506206337   14    4   10    4
 0.00370792703828947   14    4   10    5
 -0.0003264340005104307   14    4   10    6
 -0.0007454173270872124   14    4   10    7
 -0.001308605405821328   14    4   10    8
 -0.0008405761254347002   14    4   10    9
 -0.006005930230765542   14    4   10   10
 -0.000147463665162685   14    4   11    1
 0.001312865533527862   14    4   11    2
 -0.0007220435120331389   14    4   11    3
 0.001399011918349174   14    4   11    4
 0.000304414528619137   14    4   11    5
 -0.0001315974201227197   14    4   11    6
 -0.001100047671237741   14    4   11    7
 0.00376623988350825   14    4   11    8
 -0.00691398131216861   14    4   11    9
 -0.0003865001213352339   14    4   11   10
 -0.01466993723061649   14    4   11   11
 -0.0001525074179395157   14    4   12    1
 -0.0002940917557562533   14    4   12    2
 -9.772088100279874e-05   14    4   12    3
 0.0002920657804965629   14    4   12    4
 9.618892742305989e-05   14    4   12    5
 0.001121764971759306   14    4   12    6
 0.0002714212418914794   14    4   12    7
 0.0004396162996933541   14    4   12    8
 0.001532261835906129   14    4   12    9
 -0.001332781269252198   14    4   12   10
 0.004301831427445013   14    4   12   11
 -0.009039449772981769   14    4   12   12
 -1.899706502927144e-05   14    4   13    1
 0.0006471039922845059   14    4   13    2
 0.0007246573740231065   14    4   13    3
 0.009668923522386037   14    4   13    4
 0.004269027704121125   14    4   13    5
 -0.002086138016850075   14    4   13    6
 -0.001055314736859007   14    4   13    7
 -0.001810947125021216   14    4   13    8
 0.0004437154754522772   14    4   13    9
 -0.0009552167645652161   14    4   13   10
 -0.0005225263418045214   14    4   13   11
 0.002382504678939149   14    4   13   12
 -0.008400973422756282   14    4   13   13
 3.115354887577756e-05   14    4   14    1
 -0.001832684677609315   14    4   14    2
 -0.0001497047023762888   14    4   14    3
 0.01038004733579525   14    4   14    4
 0.002427990419745291   14    5    1    1
 -1.601704117316372e-05   14    5    2    1
 0.005190094523300283   14    5    2    2
 -9.966715350114674e-05   14    5    3    1
 -0.0008054672179591784   14    5    3    2
 0.0007399429643182416   14    5    3    3
 2.074170057081302e-05   14    5    4    1
 -0.003353328080901188   14    5    4    2
 -8.692202049619408e-05   14    5    4    3
 -0.005521484438259026   14    5    4    4
 -4.732049970088743e-05   14    5    5    1
 -0.001901873734569921   14    5    5    2
 -2.196950129428202e-05   14    5    5    3
 -0.004125049985142697   14    5    5    4
 0.001720295261882978   14    5    5    5
 0.0001578284312203726   14    5    6    1
 0.0001214706099960625   14    5    6    2
 0.0005475607856556074   14    5    6    3
 0.001951486093048418   14    5    6    4
 -6.890459372961547e-05   14    5    6    5
 0.0002300114832960082   14    5    6    6
 -0.0003739632808942053   14    5    7    1
 -0.002669230334437188   14    5    7    2
 -0.003368249494326221   14    5    7    3
 0.000439713697415795   14    5    7    4
 -0.001204139337157704   14    5    7    5
 -0.0009552777312030544   14    5    7    6
 0.001099750459368351   14    5    7    7
 2.937371698929895e-05   14    5    8    1
 0.002343313884304208   14    5    8    2
 0.00136620152743415   14    5    8    3
 0.001822044030290198   14    5    8    4
 0.001178610159406832   14    5    8    5
 -0.0008060620111964653   14    5    8    6
 -0.0002769104287058774   14    5    8    7
 0.001671562200830285   14    5    8    8
 -0.0006820940474170297   14    5    9    1
 -0.004672871694672716   14    5    9    2
 -0.005285363938255659   14    5    9    3
 0.001282307555184282   14    5    9    4
 -0.00264925485266235   14    5    9    5
 -0.0001666624487063669   14    5    9    6
 -0.0004666012364849717   14    5    9    7
 0.001924846063454486   14    5    9    8
 0.000836325368977738   14    5    9    9
 0.0002601117886322603   14    5   10    1
 0.0009005236436147612   14    5   10    2
 0.0005864867069934387   14    5   10    3
 0.000442996478361153   14    5   10    4
 0.000350573710054465   14    5   10    5
 0.0002634270423363993   14    5   10    6
 0.0007360213687808384   14    5   10    7
 -0.0006890940725748054   14    5   10    8
 -0.0004789269892471659   14    5   10    9
 0.0005360668259502901   14    5   10   10
 0.001062975575533027   14    5   11    1
 -0.0008639397371844371   14    5   11    2
 0.006390123551786355   14    5   11    3
 -0.001194710413860537   14    5   11    4
 -0.0002631425187603227   14    5   11    5
 0.000541105539592657   14    5   11    6
 -0.000689212351321038   14    5   11    7
 0.0002822113202686632   14    5   11    8
 -0.00300562386793669   14    5   11    9
 0.0002800291220753199   14    5   11   10
 -0.002211524741648753   14    5   11   11
 0.001125186340568224   14    5   12    1
 -0.003325372119993562   14    5   12    2
 0.00102226337434678   14    5   12    3
 0.002568799019126055   14    5   12    4
 -0.007311044983420526   14    5   12    5
 0.0009524229830330406   14    5   12    6
 0.0008349807647334439   14    5   12    7
 -0.003514066154086462   14    5   12    8
 0.0005971356323949153   14    5   12    9
 -4.265629021424132e-05   14    5   12   10
 0.001418731917956655   14    5   12   11
 0.001636337286745286   14    5   12   12
 0.0001071798574429512   14    5   13    1
 0.001489855655376271   14    5   13    2
 0.0002910456341648034   14    5   13    3
 0.002334667809280882   14    5   13    4
 0.004407864910171577   14    5   13    5
 0.001117415740072091   14    5   13    6
 -0.002448553335688359   14    5   13    7
 -0.001860526243230222   14    5   13    8
 -0.002818897998743398   14    5   13    9
 -0.001561274330789991   14    5   13   10
 0.0009317803742093201   14    5   13   11
 -0.003752597830561368   14    5   13   12
 4.149797860813948e-05   14    5   13   13
 -0.0002406095934361914   14    5   14    1
 0.001550429351833055   14    5   14    2
 0.000533334234113527   14    5   14    3
 0.0004030811643076809   14    5   14    4
 0.004206158840803349   14    5   14    5
 -0.00421486670180371   14    6    1    1
 2.536562498539182e-05   14    6    2    1
 0.01106321688091119   14    6    2    2
 0.0002444403456345523   14    6    3    1
 9.253058630721793e-05   14    6    3    2
 0.00455130476629578   14    6    3    3
 -1.289337680672481e-05   14    6    4    1
 -0.002406078121012176   14    6    4    2
 -0.0009043316619447597   14    6    4    3
 0.002485509183885997   14    6    4    4
 1.942480454152922e-05   14    6    5    1
 0.002506585734400241   14    6    5    2
 0.00283734638741346   14    6    5    3
 -0.00130510563350457   14    6    5    4
 0.007829137841745539   14    6    5    5
 -7.943518303462045e-05   14    6    6    1
 0.0006660565283235884   14    6    6    2
 -0.003054534499836044   14    6    6    3
 0.006093806420692608   14    6    6    4
 -0.0008208153527674793   14    6    6    5
 0.009733320071328728   14    6    6    6
 0.0001486423171988489   14    6    7    1
 -0.0008123863593723368   14    6    7    2
 0.0006714382463331248   14    6    7    3
 -0.0006099912317048404   14    6    7    4
 -0.001688637136196498   14    6    7    5
 0.001877351007631133   14    6    7    6
 0.006728418371714168   14    6    7    7
 0.000127790818835391   14    6    8    1
 -0.0007703908223574475   14    6    8    2
 0.003019036154042623   14    6    8    3
 0.001982603314671033   14    6    8    4
 -0.003286249565296254   14    6    8    5
 0.002529227002159425   14    6    8    6
 0.0008180321612910624   14    6    8    7
 0.005069193753904842   14    6    8    8
 0.0003534487254317008   14    6    9    1
 -0.001542779656480813   14    6    9    2
 0.002744534875467261   14    6    9    3
 0.001951969344580912   14    6    9    4
 -0.002121807793097235   14    6    9    5
 0.0008941306611660121   14    6    9    6
 0.001967655322551734   14    6    9    7
 -0.001341041682043069   14    6    9    8
 0.006103964147863235   14    6    9    9
 -0.0001113695269811388   14    6   10    1
 -0.0001922890018469088   14    6   10    2
 -0.0003478066577577845   14    6   10    3
 -0.003294078165318717   14    6   10    4
 0.000973167497554524   14    6   10    5
 -0.004592066642158589   14    6   10    6
 -0.001077073278521655   14    6   10    7
 -0.001506306388504196   14    6   10    8
 0.0002523954222329855   14    6   10    9
 0.002219252692388944   14    6   10   10
 -0.0004167971944126009   14    6   11    1
 -0.0008296647407824046   14    6   11    2
 -0.001579511825451577   14    6   11    3
 -0.0008734019636788584   14    6   11    4
 0.0005993525724544092   14    6   11    5
 -0.0002777099884469473   14    6   11    6
 -5.047348628626888e-05   14    6   11    7
 0.000193533668160616   14    6   11    8
 0.000978492314780419   14    6   11    9
 -0.001134631534388026   14    6   11   10
 0.003803856240017843   14    6   11   11
 -0.0004680975324426453   14    6   12    1
 -0.0008962217617180572   14    6   12    2
 -0.001387274583418292   14    6   12    3
 0.00169418510897555   14    6   12    4
 -0.0003909746863408123   14    6   12    5
 4.21380121736906e-05   14    6   12    6
 0.004992698962632628   14    6   12    7
 0.0008143801983244466   14    6   12    8
 0.004596712313057073   14    6   12    9
 -0.002026476715275253   14    6   12   10
 -0.003315543303675756   14    6   12   11
 0.008015935142495302   14    6   12   12
 -3.849882648159091e-05   14    6   13    1
 0.001823960490049655   14    6   13    2
 0.0002303856385706815   14    6   13    3
 -0.005688652005371803   14    6   13    4
 0.001259792468624288   14    6   13    5
 0.0009414294870486845   14    6   13    6
 1.660797526582298e-05   14    6   13    7
 -0.0009868614650991293   14    6   13    8
 0.001127309584840227   14    6   13    9
 -0.0008211114733921977   14    6   13   10
 -0.0008587843484798561   14    6   13   11
 0.001994674501608755   14    6   13   12
 0.002977410339895261   14    6   13   13
 0.0001128138389143593   14    6   14    1
 -0.000637651923818316   14    6   14    2
 -0.0003289191626056963   14    6   14    3
 0.0007038284839293873   14    6   14    4
 -0.001362865957909848   14    6   14    5
 0.006807733225317538   14    6   14    6
 0.0220578133288153   14    7    1    1
 -6.348453932666243e-06   14    7    2    1
 0.0162359986629654   14    7    2    2
 -0.0003501481722102249   14    7    3    1
 -0.001775426896493235   14    7    3    2
 0.01066995744466022   14    7    3    3
 -3.150270102836028e-05   14    7    4    1
 -0.004791992184053887   14    7    4    2
 -0.0002667380371506236   14    7    4    3
 0.02309429316387617   14    7    4    4
 7.879509527641614e-05   14    7    5    1
 -0.002695291192110995   14    7    5    2
 -0.001570517312452173   14    7    5    3
 -0.00259600388545013   14    7    5    4
 0.01620877689909695   14    7    5    5
 -6.249312682951758e-05   14    7    6    1
 -0.003928672129469599   14    7    6    2
 -0.00153218737635504   14    7    6    3
 0.005289261988349524   14    7    6    4
 -0.009042706976155977   14    7    6    5
 0.02807698375192142   14    7    6    6
 2.355500633385129e-05   14    7    7    1
 9.884320570065511e-05   14    7    7    2
 0.000221136482833923   14    7    7    3
 -0.001333137351849192   14    7    7    4
 0.00074199203099593   14    7    7    5
 -0.0007873474202082767   14    7    7    6
 0.02396749238015376   14    7    7    7
 -5.505350301320139e-05   14    7    8    1
 -0.002073449305396974   14    7    8    2
 -0.00387337161623233   14    7    8    3
 0.003625271191905588   14    7    8    4
 -0.004827521770239833   14    7    8    5
 0.00740190677986695   14    7    8    6
 0.00159061457732314   14    7    8    7
 0.01618405909245254   14    7    8    8
 7.249116941439355e-06   14    7    9    1
 -0.001700078599754095   14    7    9    2
 -0.002552028343898352   14    7    9    3
 0.002595345478206956   14    7    9    4
 -0.003944607176749806   14    7    9    5
 0.006152346780494659   14    7    9    6
 -0.004912747392636086   14    7    9    7
 0.002735513372271475   14    7    9    8
 0.01390990074047455   14    7    9    9
 -0.0001103393134251236   14    7   10    1
 0.002790181304754438   14    7   10    2
 -2.427226177283986e-07   14    7   10    3
 -0.005799553942053748   14    7   10    4
 0.005625315168765606   14    7   10    5
 -0.01107521582144923   14    7   10    6
 0.001341587598196221   14    7   10    7
 -0.005460617100643844   14    7   10    8
 -0.004554601337997299   14    7   10    9
 0.02293519310941738   14    7   10   10
 -7.035581199068114e-05   14    7   11    1
 -0.000418661827749647   14    7   11    2
 0.000119568754639907   14    7   11    3
 -0.0007664985316886804   14    7   11    4
 7.448212681385547e-05   14    7   11    5
 0.0001700313653155434   14    7   11    6
 0.001062425904079232   14    7   11    7
 -0.0009443849626323301   14    7   11    8
 0.002449061669073394   14    7   11    9
 0.0001469945547273438   14    7   11   10
 0.01523878319396449   14    7   11   11
 -3.884812574197589e-05   14    7   12    1
 -0.0003887226466714561   14    7   12    2
 -0.0007495567807796927   14    7   12    3
 0.002098891686291447   14    7   12    4
 -0.0009330022210085789   14    7   12    5
 0.002392595187947511   14    7   12    6
 0.00757268450287897   14    7   12    7
 0.005513426770527519   14    7   12    8
 -0.009336296454894097   14    7   12    9
 -0.0007936399097255166   14    7   12   10
 0.003657953052989796   14    7   12   11
 0.009663952987123459   14    7   12   12
 -7.084679833140939e-06   14    7   13    1
 -0.001905468111007218   14    7   13    2
 -0.0009235444257544101   14    7   13    3
 0.004813396468730675   14    7   13    4
 -0.005476769092116386   14    7   13    5
 0.01049515027330649   14    7   13    6
 -0.01788213404805462   14    7   13    7
 0.001728854134642627   14    7   13    8
 0.01033780371320481   14    7   13    9
 -0.009833613111991286   14    7   13   10
 -0.0009836247292333972   14    7   13   11
 -0.002610587534746797   14    7   13   12
 0.03429351655146507   14    7   13   13
 1.741536753243876e-06   14    7   14    1
 -9.366836857343771e-05   14    7   14    2
 -0.0001564412541914774   14    7   14    3
 0.002698822932172552   14    7   14    4
 -0.000560173143850901   14    7   14    5
 0.003866879297411461   14    7   14    6
 0.03986492370677377   14    7   14    7
 0.01152882356868413   14    8    1    1
 -7.291561357460535e-06   14    8    2    1
 0.004704988634371526   14    8    2    2
 -3.768731918134504e-05   14    8    3    1
 0.002156927747556592   14    8    3    2
 0.01209076090340464   14    8    3    3
 2.000375858715878e-05   14    8    4    1
 -0.002358337892625074   14    8    4    2
 -1.827677760313696e-05   14    8    4    3
 0.006711543133094293   14    8    4    4
 1.952394248648556e-05   14    8    5    1
 0.005156666846728238   14    8    5    2
 0.0006342296374650068   14    8    5    3
 -0.0003078488395369805   14    8    5    4
 0.00791315042133149   14    8    5    5
 0.0001366560523570895   14    8    6    1
 0.0004157383712370536   14    8    6    2
 -0.0005350714471891644   14    8    6    3
 0.005197880316787824   14    8    6    4
 -0.003458867011662973   14    8    6    5
 0.01319155914917876   14    8    6    6
 -0.0003989850866964429   14    8    7    1
 -0.001166303730496496   14    8    7    2
 -0.00299900526818764   14    8    7    3
 7.141709041970034e-05   14    8    7    4
 -0.0006307642995971711   14    8    7    5
 0.0007399201004778363   14    8    7    6
 0.006989833493019304   14    8    7    7
 0.0002698666696647481   14    8    8    1
 -0.000494564982005221   14    8    8    2
 0.004017103112943888   14    8    8    3
 0.0003120921965615271   14    8    8    4
 0.001138127667347543   14    8    8    5
 0.001745669031945969   14    8    8    6
 -0.0006580590806413543   14    8    8    7
 0.0110161729931559   14    8    8    8
 -0.0005821669186662751   14    8    9    1
 -0.001308464723599071   14    8    9    2
 -0.003243634622712592   14    8    9    3
 0.002178053308218979   14    8    9    4
 0.000577855822954978   14    8    9    5
 0.001042288263169315   14    8    9    6
 0.003155590156877038   14    8    9    7
 0.003208761522578599   14    8    9    8
 0.008685482957474816   14    8    9    9
 0.0003379544891691525   14    8   10    1
 0.0003539114161197861   14    8   10    2
 0.00157214655244846   14    8   10    3
 -0.002081085072571556   14    8   10    4
 0.001482983589376311   14    8   10    5
 -0.00132791310441726   14    8   10    6
 -0.0007338523405843475   14    8   10    7
 -0.002622396952431239   14    8   10    8
 -0.00102830444528112   14    8   10    9
 0.01100644017902557   14    8   10   10
 0.001110189660262483   14    8   11    1
 0.0009772514773442426   14    8   11    2
 0.005816298224262804   14    8   11    3
 0.0007107784152638161   14    8   11    4
 -0.001730407962970465   14    8   11    5
 0.0002578856750625654   14    8   11    6
 -0.002597417760390273   14    8   11    7
 0.000209355847456093   14    8   11    8
 -0.004757066911528961   14    8   11    9
 -0.0002727080946620181   14    8   11   10
 0.004224683923404461   14    8   11   11
 0.00113504942074214   14    8   12    1
 -0.001785683514217287   14    8   12    2
 0.002231295979609014   14    8   12    3
 0.002075309832264445   14    8   12    4
 -0.003950016324013729   14    8   12    5
 0.003453996937409888   14    8   12    6
 0.00706041637982893   14    8   12    7
 -0.004339694707784528   14    8   12    8
 0.001453132311157662   14    8   12    9
 -0.001329108810087982   14    8   12   10
 0.000926805497055201   14    8   12   11
 0.01222098338397394   14    8   12   12
 0.0001056736274211773   14    8   13    1
 0.0004783594111210616   14    8   13    2
 0.0003832381245982047   14    8   13    3
 -0.002198374579576832   14    8   13    4
 -0.0006590578058590582   14    8   13    5
 0.000822978498797485   14    8   13    6
 -0.003688595847596008   14    8   13    7
 -0.0009178775047811505   14    8   13    8
 0.002186690721325252   14    8   13    9
 -0.001040267527835593   14    8   13   10
 -0.000604471261034315   14    8   13   11
 0.001249508715754285   14    8   13   12
 0.00835355680575162   14    8   13   13
 -0.0002341262202753608   14    8   14    1
 0.0001670571096146568   14    8   14    2
 -0.0004527430019577736   14    8   14    3
 0.001413604193994447   14    8   14    4
 -0.0001920444559466909   14    8   14    5
 0.003311827898929145   14    8   14    6
 0.01032872796077432   14    8   14    7
 0.006347814463386506   14    8   14    8
 0.02153350490106644   14    9    1    1
 -6.300072908866428e-05   14    9    2    1
 -0.02062732093293692   14    9    2    2
 -0.0007756881329474645   14    9    3    1
 -0.001717430000897217   14    9    3    2
 -0.007229351815984272   14    9    3    3
 2.134028829196243e-05   14    9    4    1
 0.007755637152097045   14    9    4    2
 0.001890953093342298   14    9    4    3
 -0.01163333016280904   14    9    4    4
 4.333101146355464e-05   14    9    5    1
 -0.009374204989473561   14    9    5    2
 -0.008980170608996776   14    9    5    3
 0.003966601516356469   14    9    5    4
 -0.01583862729325624   14    9    5    5
 0.0001340098202699475   14    9    6    1
 -0.001135239799888291   14    9    6    2
 0.006673558617640082   14    9    6    3
 -0.00903551562204377   14    9    6    4
 0.002188841454081544   14    9    6    5
 -0.02218946537297361   14    9    6    6
 -0.0001496201241996537   14    9    7    1
 -0.0009249834747851218   14    9    7    2
 -0.001278980271419379   14    9    7    3
 0.0009520737514891551   14    9    7    4
 -0.001732546910358581   14    9    7    5
 0.002834834529039068   14    9    7    6
 -0.01340127520853785   14    9    7    7
 -0.0003472264822415559   14    9    8    1
 0.003957043922615801   14    9    8    2
 -0.01031744263888023   14    9    8    3
 -0.004163955870588676   14    9    8    4
 0.008255308294343672   14    9    8    5
 -0.00643925067667779   14    9    8    6
 0.003591807951324296   14    9    8    7
 -0.007331641729341106   14    9    8    8
 -0.0004771016029436249   14    9    9    1
 0.0004677795842954032   14    9    9    2
 -0.007187718960835495   14    9    9    3
 -0.005671986942633754   14    9    9    4
 0.004033646779424465   14    9    9    5
 -0.004599265535030632   14    9    9    6
 -0.004634839761411914   14    9    9    7
 0.001386068629279312   14    9    9    8
 -0.01160723487127281   14    9    9    9
 0.0002156647395536888   14    9   10    1
 -0.0008798417102933227   14    9   10    2
 0.0003449146783000568   14    9   10    3
 0.005715425676009785   14    9   10    4
 -0.002879189734287941   14    9   10    5
 0.0119584999613836   14    9   10    6
 -0.002252016929407693   14    9   10    7
 0.00398201017779427   14    9   10    8
 0.003333541318809443   14    9   10    9
 -0.000823569683090988   14    9   10   10
 0.0004076339086318275   14    9   11    1
 -0.001287307377083415   14    9   11    2
 0.002521088445193135   14    9   11    3
 -0.002275507986201998   14    9   11    4
 -0.0009962373697445181   14    9   11    5
 0.0004954246903272029   14    9   11    6
 0.002160074598862834   14    9   11    7
 -0.001811375054727278   14    9   11    8
 0.002687957764305873   14    9   11    9
 0.0007461170221352913   14    9   11   10
 0.001959250254726357   14    9   11   11
 0.0005235365687566166   14    9   12    1
 0.0004999656957144299   14    9   12    2
 0.0006568793248569797   14    9   12    3
 0.0005217355690771271   14    9   12    4
 -0.002069985598316315   14    9   12    5
 0.0008234858123753421   14    9   12    6
 -0.01911309039411689   14    9   12    7
 0.004197711931078954   14    9   12    8
 -0.01800233851178405   14    9   12    9
 -0.0007855702794932827   14    9   12   10
 0.01038907973433794   14    9   12   11
 -0.0209855440140135   14    9   12   12
 4.055666756855304e-05   14    9   13    1
 -0.004133564977271808   14    9   13    2
 -0.001151051752526984   14    9   13    3
 0.002406307774195985   14    9   13    4
 -0.006010090578296792   14    9   13    5
 -0.0004335698418762123   14    9   13    6
 0.006521477638247439   14    9   13    7
 0.004616105571563193   14    9   13    8
 -0.00461354431824145   14    9   13    9
 0.003625406970315367   14    9   13   10
 0.003244982304732037   14    9   13   11
 -0.00246716143057592   14    9   13   12
 -0.02520225878682166   14    9   13   13
 -0.0001569498029265615   14    9   14    1
 -0.001612727984278312   14    9   14    2
 0.0004280807703282216   14    9   14    3
 -0.001206868318590525   14    9   14    4
 -0.0008597548182114603   14    9   14    5
 -0.001980773916918325   14    9   14    6
 -0.01392019717077149   14    9   14    7
 -0.00536192798096039   14    9   14    8
 0.01459143190515278   14    9   14    9
 -0.02020585992087005   14   10    1    1
 1.749907037744776e-05   14   10    2    1
 -0.0008668841841906909   14   10    2    2
 0.0003038011855858673   14   10    3    1
 -0.0007914119892965759   14   10    3    2
 -0.01078425913296766   14   10    3    3
 5.270020465791326e-05   14   10    4    1
 0.002157738596039606   14   10    4    2
 0.0001674555285025721   14   10    4    3
 0.005107670625776069   14   10    4    4
 -7.884411115062211e-05   14   10    5    1
 2.082619874865227e-05   14   10    5    2
 0.002625003146619249   14   10    5    3
 0.002182156626933278   14   10    5    4
 -0.001757889597157873   14   10    5    5
 0.0001771316716814137   14   10    6    1
 0.0001907999476066763   14   10    6    2
 0.00105712141296861   14   10    6    3
 -0.005010795652635166   14   10    6    4
 0.002210784912568665   14   10    6    5
 -0.004274885288021771   14   10    6    6
 1.0971763654866e-05   14   10    7    1
 0.0009441611007015906   14   10    7    2
 0.0002929802793198509   14   10    7    3
 -0.0002603979711803556   14   10    7    4
 0.001625799712984263   14   10    7    5
 -0.001780685688084939   14   10    7    6
 -0.003110303334667074   14   10    7    7
 -4.27878437598001e-05   14   10    8    1
 -0.000481855067148543   14   10    8    2
 0.0007430051849256738   14   10    8    3
 -0.0004968210807801929   14   10    8    4
 -0.003161553994811204   14   10    8    5
 0.00074389851389415   14   10    8    6
 -0.0007944318382932346   14   10    8    7
 -0.008058323158987569   14   10    8    8
 2.975408476159897e-05   14   10    9    1
 0.0003918241970012812   14   10    9    2
 0.00119218627391419   14   10    9    3
 -0.001326929179202363   14   10    9    4
 -0.001306091063592617   14   10    9    5
 0.001092321409044392   14   10    9    6
 -0.001211195214004675   14   10    9    7
 -0.002758444075822626   14   10    9    8
 -0.00330415118790891   14   10    9    9
 0.0003544888081409876   14   10   10    1
 -0.0002732836416549652   14   10   10    2
 0.001917883809188919   14   10   10    3
 0.0001065848313541535   14   10   10    4
 -0.002200921441622809   14   10   10    5
 -0.003817274857901069   14   10   10    6
 0.003075187050902845   14   10   10    7
 -0.0001967347149698272   14   10   10    8
 0.001081547210996928   14   10   10    9
 -0.01148263447726909   14   10   10   10
 -5.119342600576624e-05   14   10   11    1
 -0.0001777879963072603   14   10   11    2
 -0.0008017406253841852   14   10   11    3
 8.38149189379779e-05   14   10   11    4
 -0.0004637357723751788   14   10   11    5
 -0.001149124595830198   14   10   11    6
 0.002729551283180607   14   10   11    7
 -0.002938116427800336   14   10   11    8
 0.00480139244036209   14   10   11    9
 -0.00259711835091108   14   10   11   10
 -0.003293350653941495   14   10   11   11
 -7.774496938462255e-05   14   10   12    1
 0.001209507688192989   14   10   12    2
 0.0003091170915663686   14   10   12    3
 -0.002116747994731957   14   10   12    4
 0.00150694237232424   14   10   12    5
 -0.002798338397405443   14   10   12    6
 0.0001182886381923907   14   10   12    7
 -0.0008378322930150789   14   10   12    8
 0.0001142025188703829   14   10   12    9
 -0.001113328648399313   14   10   12   10
 -0.004979819402349536   14   10   12   11
 -0.006307050899912869   14   10   12   12
 8.968746980251609e-06   14   10   13    1
 -0.001288105837274705   14   10   13    2
 -0.0001949093670288381   14   10   13    3
 0.001751189245912506   14   10   13    4
 -0.0019617306072498   14   10   13    5
 -0.0008132696375121492   14   10   13    6
 -0.0007376614736350735   14   10   13    7
 0.0004290440172799613   14   10   13    8
 0.000844454050242629   14   10   13    9
 -0.0002939785859066333   14   10   13   10
 -0.0004206830778768849   14   10   13   11
 -0.001451870676579203   14   10   13   12
 0.004577066954180231   14   10   13   13
 8.484640136917492e-06   14   10   14    1
 0.0007487632976444749   14   10   14    2
 6.643952372419616e-05   14   10   14    3
 -0.002051565367965577   14   10   14    4
 0.0004470813511527729   14   10   14    5
 -0.003728244734229799   14   10   14    6
 -0.0009339219147708499   14   10   14    7
 -0.002019456816293492   14   10   14    8
 -0.000692180802999628   14   10   14    9
 0.004127734872559644   14   10   14   10
 -0.05031608740414655   14   11    1    1
 6.535835057632572e-05   14   11    2    1
 0.03087542280400382   14   11    2    2
 0.00100375944242933   14   11    3    1
 -0.003430508122078853   14   11    3    2
 -0.01490332546658779   14   11    3    3
 3.506962478568901e-05   14   11    4    1
 0.002339830413178816   14   11    4    2
 -0.00207888895661557   14   11    4    3
 0.02125038573224953   14   11    4    4
 -0.0001917735785265341   14   11    5    1
 0.000641471085366691   14   11    5    2
 0.01227204679197005   14   11    5    3
 0.0009851358153661531   14   11    5    4
 0.01739348901690633   14   11    5    5
 5.783942347069015e-05   14   11    6    1
 0.001082856327393731   14   11    6    2
 -0.003722452728708942   14   11    6    3
 -0.003925255666692205   14   11    6    4
 0.006939181830213761   14   11    6    5
 0.01077624326407623   14   11    6    6
 -5.689640767059838e-05   14   11    7    1
 -0.0009120492699694244   14   11    7    2
 -0.0006467547905882887   14   11    7    3
 -0.001205768482838417   14   11    7    4
 0.0002024598052803995   14   11    7    5
 -0.0007658133332456838   14   11    7    6
 0.0045150604892885   14   11    7    7
 0.0002161409762071083   14   11    8    1
 -0.0009340423891524765   14   11    8    2
 0.008531838407843538   14   11    8    3
 0.003050130166483588   14   11    8    4
 -0.01389003773589702   14   11    8    5
 0.004352989920582666   14   11    8    6
 -0.001632252512281613   14   11    8    7
 -0.005956150592815408   14   11    8    8
 2.33966572812029e-05   14   11    9    1
 -0.003001580139127325   14   11    9    2
 0.003458830932529159   14   11    9    3
 -0.001297516214352511   14   11    9    4
 -0.007966342145385323   14   11    9    5
 0.002751170089807488   14   11    9    6
 0.003907088740719061   14   11    9    7
 -0.01027529523279149   14   11    9    8
 0.009394307234465616   14   11    9    9
 3.630336738314975e-05   14   11   10    1
 -0.001687074980151187   14   11   10    2
 0.0004748953420213308   14   11   10    3
 -0.003895547305620215   14   11   10    4
 -0.004928992368906402   14   11   10    5
 -0.01574036837154533   14   11   10    6
 0.001712668002901744   14   11   10    7
 -0.001993108694211457   14   11   10    8
 -0.001374195781168322   14   11   10    9
 -0.01711271528874702   14   11   10   10
 0.0001777773392879597   14   11   11    1
 -0.002514105154660093   14   11   11    2
 0.0007535017492024623   14   11   11    3
 -0.003197781298798521   14   11   11    4
 -0.001482750977745864   14   11   11    5
 -0.0002005353789674595   14   11   11    6
 0.008223206039216004   14   11   11    7
 -0.01062644286498539   14   11   11    8
 0.01999138994153501   14   11   11    9
 -0.0005298865672591497   14   11   11   10
 0.007154413232296574   14   11   11   11
 9.704933180524635e-05   14   11   12    1
 0.0003054317587227442   14   11   12    2
 0.0006704367892558903   14   11   12    3
 0.00238620327383777   14   11   12    4
 0.0002065981000918378   14   11   12    5
 -0.0002504368859813274   14   11   12    6
 0.01056692283939348   14   11   12    7
 -0.00196346851321989   14   11   12    8
 0.008669050272314934   14   11   12    9
 0.0001137360227674068   14   11   12   10
 -0.02432580104633666   14   11   12   11
 0.002817107667725832   14   11   12   12
 1.307992109749855e-05   14   11   13    1
 0.001556370284027268   14   11   13    2
 0.0001204978329336945   14   11   13    3
 -0.005440198050991152   14   11   13    4
 -0.001421592692187557   14   11   13    5
 -0.00249045130492088   14   11   13    6
 -0.0009606224017446217   14   11   13    7
 -0.001951391473927651   14   11   13    8
 0.002425151784445045   14   11   13    9
 0.0004479648388858916   14   11   13   10
 -0.001629674883110787   14   11   13   11
 -0.0001948302944415579   14   11   13   12
 0.01627713422789777   14   11   13   13
 1.5015801391298e-05   14   11   14    1
 -0.0001342401450047642   14   11   14    2
 -0.0004218408688329112   14   11   14    3
 -0.001181984358027811   14   11   14    4
 -0.0002013454656969353   14   11   14    5
 0.001929840727843316   14   11   14    6
 0.004277075341258115   14   11   14    7
 0.001600944745011568   14   11   14    8
 -0.004652832200759765   14   11   14    9
 0.0005983299180460421   14   11   14   10
 0.006933596225812883   14   11   14   11
 -0.09434223212198704   14   12    1    1
 3.973956976124992e-05   14   12    2    1
 -0.04557058365430117   14   12    2    2
 0.0008363384149888171   14   12    3    1
 -0.005213280492893502   14   12    3    2
 -0.07223342936155867   14   12    3    3
 6.485726378759595e-05   14   12    4    1
 -0.002499923197675647   14   12    4    2
 -0.001256268816151654   14   12    4    3
 -0.02165878288114221   14   12    4    4
 -0.0004949077403970959   14   12    5    1
 -0.01305639693464675   14   12    5    2
 0.002510298920005008   14   12    5    3
 0.0008438679267768543   14   12    5    4
 -0.04575885199376116   14   12    5    5
 0.000195764077033584   14   12    6    1
 -0.006377368904867869   14   12    6    2
 -0.002338820273543129   14   12    6    3
 -0.00442829331134211   14   12    6    4
 -0.007728023118414604   14   12    6    5
 -0.03507102699127041   14   12    6    6
 -6.756829945697329e-06   14   12    7    1
 0.001469141602642679   14   12    7    2
 -0.0004537581788178323   14   12    7    3
 0.002288736490945508   14   12    7    4
 0.0008784085727455774   14   12    7    5
 0.004769588823177335   14   12    7    6
 0.008063167641154032   14   12    7    7
 -0.0006858051906915391   14   12    8    1
 -0.0003133174139255185   14   12    8    2
 -0.007617199941318448   14   12    8    3
 0.001799299203113198   14   12    8    4
 -0.01165374091962109   14   12    8    5
 0.01181648779119408   14   12    8    6
 0.01929921238559958   14   12    8    7
 -0.05261116891255239   14   12    8    8
 -0.0004180892089914326   14   12    9    1
 0.001650839185021431   14   12    9    2
 -0.004707476056091585   14   12    9    3
 0.0005639173737793343   14   12    9    4
 -0.0056095299583088   14   12    9    5
 0.004473264448034582   14   12    9    6
 -0.03322104232075877   14   12    9    7
 -0.009547032401003248   14   12    9    8
 -0.04522371511555746   14   12    9    9
 -0.0001777975151996565   14   12   10    1
 0.003788798094593752   14   12   10    2
 -0.000443076828825128   14   12   10    3
 -0.004897695815387754   14   12   10    4
 0.003938800347559796   14   12   10    5
 -0.01800286222639531   14   12   10    6
 0.001352676979324239   14   12   10    7
 -0.005795236255942864   14   12   10    8
 -0.004705211162577351   14   12   10    9
 -0.05378345252534281   14   12   10   10
 8.51660880384238e-05   14   12   11    1
 0.001595926354382902   14   12   11    2
 -0.0001522741571613348   14   12   11    3
 0.002763467737634528   14   12   11    4
 0.0003820084720995885   14   12   11    5
 0.0002598030957876785   14   12   11    6
 0.01633821960167826   14   12   11    7
 -0.003500316506107467   14   12   11    8
 0.008191347466081876   14   12   11    9
 -0.0012653714092694   14   12   11   10
 -0.05428421535492389   14   12   11   11
 0.0001280281012808446   14   12   12    1
 0.0004134531853553846   14   12   12    2
 0.0005340364623156045   14   12   12    3
 -0.002048620178783378   14   12   12    4
 -0.0008629726390522402   14   12   12    5
 0.0001529248649416284   14   12   12    6
 -0.00997379362924211   14   12   12    7
 0.0009534889642397714   14   12   12    8
 -0.0009169772960033502   14   12   12    9
 -0.0002382388047669091   14   12   12   10
 -0.008798789073908041   14   12   12   11
 -0.06517371774202264   14   12   12   12
 -8.902983203851699e-06   14   12   13    1
 -0.006298830242050233   14   12   13    2
 -0.001566347124222442   14   12   13    3
 0.01675894968919359   14   12   13    4
 -0.006429659134188772   14   12   13    5
 0.0126726949530388   14   12   13    6
 -0.003776692244018233   14   12   13    7
 0.007739002853843401   14   12   13    8
 0.001811651998473813   14   12   13    9
 -0.01160921251940963   14   12   13   10
 0.0004997789959401599   14   12   13   11
 -0.01082031364856162   14   12   13   12
 -0.00841815740417666   14   12   13   13
 -3.961859586291967e-05   14   12   14    1
 -0.0012478265859006   14   12   14    2
 -8.140360656087053e-05   14   12   14    3
 0.00259998590505453   14   12   14    4
 -0.0008931926049863763   14   12   14    5
 -0.001440278865040671   14   12   14    6
 0.004332180820078815   14   12   14    7
 -0.002293537782993417   14   12   14    8
 0.004857411857672558   14   12   14    9
 0.001322311608970634   14   12   14   10
 -0.002001795593535522   14   12   14   11
 0.0257822278309835   14   12   14   12
 -0.009892020403496495   14   13    1    1
 -1.044770007916626e-05   14   13    2    1
 0.008575757498604685   14   13    2    2
 4.13354108330925e-05   14   13    3    1
 -0.002749332053570808   14   13    3    2
 -0.01001039182655472   14   13    3    3
 8.663718770432234e-05   14   13    4    1
 0.01523745561717466   14   13    4    2
 0.002755943699975652   14   13    4    3
 0.02449658164373706   14   13    4    4
 -3.387521048097854e-05   14   13    5    1
 -0.003302178466430879   14   13    5    2
 0.001537000896147432   14   13    5    3
 0.01115847487352185   14   13    5    4
 0.006375214116770922   14   13    5    5
 0.0002789434055467926   14   13    6    1
 0.003746518060195694   14   13    6    2
 0.009694772352316234   14   13    6    3
 -0.03263113845431938   14   13    6    4
 0.01789183374679292   14   13    6    5
 -0.01648148455990073   14   13    6    6
 -7.813446089387246e-05   14   13    7    1
 -0.005514600079664805   14   13    7    2
 -0.002292443811548836   14   13    7    3
 -0.0001632498290402239   14   13    7    4
 -0.005095634589246102   14   13    7    5
 0.00183860338987931   14   13    7    6
 -0.05218691896541616   14   13    7    7
 -9.658037057579015e-05   14   13    8    1
 0.003820885470548986   14   13    8    2
 2.369602801949069e-05   14   13    8    3
 -0.01142510444521479   14   13    8    4
 0.001467388603402909   14   13    8    5
 -0.01081629113398958   14   13    8    6
 -0.01095198065071399   14   13    8    7
 -0.011546119322884   14   13    8    8
 -0.0001575588227721929   14   13    9    1
 -0.002587069712471714   14   13    9    2
 -0.003894524529558658   14   13    9    3
 -0.004375326505231769   14   13    9    4
 -0.002815793275485051   14   13    9    5
 -0.003232211504693159   14   13    9    6
 0.02345923268524557   14   13    9    7
 -0.001516303812021485   14   13    9    8
 -0.009787341672793283   14   13    9    9
 0.0006319968997889883   14   13   10    1
 -0.004376203674494676   14   13   10    2
 0.003317956350637676   14   13   10    3
 0.01251319052326482   14   13   10    4
 -0.0144843474556222   14   13   10    5
 0.009499340617765636   14   13   10    6
 -0.003803522161786273   14   13   10    7
 0.007602249040312595   14   13   10    8
 0.005162143993294658   14   13   10    9
 -0.01416064630031007   14   13   10   10
 0.0001934585473919888   14   13   11    1
 -0.0009272703873986842   14   13   11    2
 0.003182627598945627   14   13   11    3
 -0.003403817757509501   14   13   11    4
 0.0003671730833488517   14   13   11    5
 -0.003419137894740899   14   13   11    6
 0.001093866645458258   14   13   11    7
 -0.01066894972893699   14   13   11    8
 0.01926748586544047   14   13   11    9
 0.0007999754913058688   14   13   11   10
 0.01166885101847473   14   13   11   11
 0.0002116533934207822   14   13   12    1
 -0.004358444851667834   14   13   12    2
 -0.001963522097700809   14   13   12    3
 0.006157308922458701   14   13   12    4
 -0.006718307695084053   14   13   12    5
 0.006637839981719101   14   13   12    6
 -0.004165050373915893   14   13   12    7
 0.007764745890752897   14   13   12    8
 -0.01153355057046918   14   13   12    9
 -0.003424592266819173   14   13   12   10
 -0.005518324129601231   14   13   12   11
 -0.01643794911326584   14   13   12   12
 4.527339756958326e-05   14   13   13    1
 -0.00160072245721306   14   13   13    2
 -0.0001792722279810486   14   13   13    3
 -0.004945301158029183   14   13   13    4
 -0.001690379501954913   14   13   13    5
 -0.02428971827049903   14   13   13    6
 0.006336362639853385   14   13   13    7
 -0.005377641677438693   14   13   13    8
 -0.01012771354580038   14   13   13    9
 0.02023828608070134   14   13   13   10
 0.0004214556969427411   14   13   13   11
 0.005664278044869834   14   13   13   12
 -0.03231764422916657   14   13   13   13
 -8.130831940548909e-05   14   13   14    1
 -0.0021019763228577   14   13   14    2
 0.0006738653399886549   14   13   14    3
 0.006778055631436103   14   13   14    4
 -0.001189595238066425   14   13   14    5
 0.0004392421221784524   14   13   14    6
 -0.01165177005324168   14   13   14    7
 6.022508279318217e-05   14   13   14    8
 0.005664847729437774   14   13   14    9
 -0.001663520727820363   14   13   14   10
 0.001182504417166579   14   13   14   11
 -0.0116387218848962   14   13   14   12
 0.05327624752275768   14   13   14   13
 0.2151764829278324   14   14    1    1
 6.133919436091357e-05   14   14    2    1
 0.2403652838465488   14   14    2    2
 6.130545025712301e-05   14   14    3    1
 0.002318975789985127   14   14    3    2
 0.2248128825089823   14   14    3    3
 -0.0001016232225049343   14   14    4    1
 -0.01357588971520786   14   14    4    2
 -0.003819959495265105   14   14    4    3
 0.2614029241178109   14   14    4    4
 0.0003700425564068984   14   14    5    1
 0.01666934888329726   14   14    5    2
 0.009741956023046483   14   14    5    3
 -0.004404694318281939   14   14    5    4
 0.2366399632661615   14   14    5    5
 -0.0003330026082200237   14   14    6    1
 -0.001699705258685833   14   14    6    2
 -0.0122899366205152   14   14    6    3
 0.01833775108001459   14   14    6    4
 -0.01610078058488242   14   14    6    5
 0.2717538140569844   14   14    6    6
 -3.080227805969286e-05   14   14    7    1
 0.001726445561070323   14   14    7    2
 -0.0006231831236032412   14   14    7    3
 -0.0002129365504866851   14   14    7    4
 0.0006539803089748303   14   14    7    5
 0.001853157939340332   14   14    7    6
 0.2970709123240461   14   14    7    7
 0.001022436252107056   14   14    8    1
 -0.008070889623669763   14   14    8    2
 0.01288458984211781   14   14    8    3
 0.01062581019609727   14   14    8    4
 -0.01711510440820483   14   14    8    5
 0.02246533290700031   14   14    8    6
 0.01592365563513826   14   14    8    7
 0.2335613175735201   14   14    8    8
 0.0005155754030242492   14   14    9    1
 -0.00668266389899119   14   14    9    2
 0.005902209953647223   14   14    9    3
 0.006388696913262251   14   14    9    4
 -0.01002979536992923   14   14    9    5
 0.01142188984496717   14   14    9    6
 -0.02557574766380141   14   14    9    7
 -0.008733523020039132   14   14    9    8
 0.2475571053237823   14   14    9    9
 -0.0002048444430899288   14   14   10    1
 0.002552746588945208   14   14   10    2
 0.0008895867090522232   14   14   10    3
 -0.01683504734062565   14   14   10    4
 0.01103397404912867   14   14   10    5
 -0.03240384183869593   14   14   10    6
 0.003321711928216245   14   14   10    7
 -0.01410798244752752   14   14   10    8
 -0.009619392063040034   14   14   10    9
 0.2320324251464624   14   14   10   10
 6.378136210076818e-05   14   14   11    1
 -0.0001871827358888679   14   14   11    2
 0.0004457268800225021   14   14   11    3
 0.0005704981319415136   14   14   11    4
 -0.00132365408188975   14   14   11    5
 0.001344031205922241   14   14   11    6
 0.007297070210125522   14   14   11    7
 0.001678560939606771   14   14   11    8
 -0.002911935627882784   14   14   11    9
 -0.0007391548723242779   14   14   11   10
 0.221712409806146   14   14   11   11
 -5.892250731539879e-05   14   14   12    1
 -0.002276962842438738   14   14   12    2
 -0.0001765328032830432   14   14   12    3
 0.00191677340946363   14   14   12    4
 0.0005578358045062195   14   14   12    5
 0.0007308313804534382   14   14   12    6
 0.01653089867842971   14   14   12    7
 -0.006772246885117965   14   14   12    8
 0.01750273095482715   14   14   12    9
 -5.108661143410388e-05   14   14   12   10
 -0.01335896512991356   14   14   12   11
 0.2485715404083484   14   14   12   12
 4.296449284516099e-06   14   14   13    1
 0.00377183038116401   14   14   13    2
 -0.001527608773301064   14   14   13    3
 0.008252472798413742   14   14   13    4
 -0.008479136781867293   14   14   13    5
 0.01716048429282974   14   14   13    6
 -0.01723683962943772   14   14   13    7
 0.004877263098969809   14   14   13    8
 0.01364564346892914   14   14   13    9
 -0.01814493442070663   14   14   13   10
 -0.001491900611473604   14   14   13   11
 -0.008126076053760161   14   14   13   12
 0.2989231948515657   14   14   13   13
 6.986591434573866e-05   14   14   14    1
 0.001134055759853148   14   14   14    2
 -0.0007252865347959471   14   14   14    3
 0.003668409793660095   14   14   14    4
 -0.001033123682571685   14   14   14    5
 0.003769914876215359   14   14   14    6
 0.03349515662333721   14   14   14    7
 0.008906151421076947   14   14   14    8
 -0.01516575217374783   14   14   14    9
 0.0005151689650235955   14   14   14   10
 0.005937110390652426   14   14   14   11
 0.01831210631632532   14   14   14   12
 -0.03039662061954854   14   14   14   13
 0.3218608430653802   14   14   14   14
 0.09044048845454923   15    1    1    1
 -0.000966910691991145   15    1    2    1
 -0.001558597050940384   15    1    2    2
 -0.01388129024547804   15    1    3    1
 -0.0007509895364829512   15    1    3    2
 -0.003410361070675943   15    1    3    3
 -0.0002219560515064497   15    1    4    1
 0.0001739454865589863   15    1    4    2
 0.0009851714790231137   15    1    4    3
 -0.0008226010375084761   15    1    4    4
 0.003221746555100066   15    1    5    1
 -0.0003986094112405026   15    1    5    2
 -0.003056250440318781   15    1    5    3
 -0.0004392218678848932   15    1    5    4
 0.0009810689528299088   15    1    5    5
 0.0002101740963758098   15    1    6    1
 -1.403326101760087e-05   15    1    6    2
 0.003691144755664576   15    1    6    3
 -0.0001797065652093424   15    1    6    4
 -0.001823695158426211   15    1    6    5
 -0.0004782072013676357   15    1    6    6
 0.000259852477979379   15    1    7    1
 5.494270057909831e-05   15    1    7    2
 0.0006057031322992477   15    1    7    3
 7.652224064911019e-05   15    1    7    4
 -0.0002442525234931934   15    1    7    5
 0.00019109651393889   15    1    7    6
 -0.000983012001321532   15    1    7    7
 -0.001890568108383495   15    1    8    1
 -0.0002413388761912292   15    1    8    2
 -0.008559413182015248   15    1    8    3
 -0.001024700258161697   15    1    8    4
 0.004360569703318673   15    1    8    5
 -0.002695638009410664   15    1    8    6
 -0.0001525921952880389   15    1    8    7
 0.004814978035281563   15    1    8    8
 -0.0004106236995410466   15    1    9    1
 -5.733620780164963e-06   15    1    9    2
 -0.003446249004620901   15    1    9    3
 -0.000520030984698576   15    1    9    4
 0.001910800396635935   15    1    9    5
 -0.001237714992821405   15    1    9    6
 -0.00045368101400133   15    1    9    7
 0.002694727014547238   15    1    9    8
 1.519915370116348e-06   15    1    9    9
 0.00279747811798206   15    1   10    1
 0.0001438519805563583   15    1   10    2
 0.003162279293527269   15    1   10    3
 0.0005457819426771617   15    1   10    4
 -0.001228308845491896   15    1   10    5
 0.001544077228180322   15    1   10    6
 -6.073187658512782e-05   15    1   10    7
 -0.0008983391779369939   15    1   10    8
 -0.0003815777748683247   15    1   10    9
 0.001696860646248015   15    1   10   10
 -0.001367591987562952   15    1   11    1
 -6.929824135296371e-05   15    1   11    2
 -0.001486204933349936   15    1   11    3
 -7.454530838392735e-05   15    1   11    4
 0.000607069105913162   15    1   11    5
 -0.0002421387420662227   15    1   11    6
 -9.209328752257301e-05   15    1   11    7
 0.0006566924319920871   15    1   11    8
 1.99416065792093e-05   15    1   11    9
 6.43455540440445e-05   15    1   11   10
 8.953679769396945e-05   15    1   11   11
 -0.0004166083514459913   15    1   12    1
 3.418871214082468e-05   15    1   12    2
 -0.0005421221981230813   15    1   12    3
 -0.0001396349980997672   15    1   12    4
 0.0002824757058769996   15    1   12    5
 -0.0001723912863262767   15    1   12    6
 -0.001138770251056838   15    1   12    7
 0.0009387528195501101   15    1   12    8
 -0.00133280392242408   15    1   12    9
 -9.755942828721591e-05   15    1   12   10
 0.001882390111325235   15    1   12   11
 -0.0002484594735642528   15    1   12   12
 -9.207551287221718e-07   15    1   13    1
 -0.0001205621777486095   15    1   13    2
 2.543475602275673e-05   15    1   13    3
 0.0003225180643184681   15    1   13    4
 -0.0001013293591157513   15    1   13    5
 0.0001753736503204966   15    1   13    6
 -8.806983291384986e-05   15    1   13    7
 0.0002861689952239931   15    1   13    8
 -6.928048579583805e-05   15    1   13    9
 0.0001791481206772364   15    1   13   10
 0.0001965440028034358   15    1   13   11
 1.414809697215688e-05   15    1   13   12
 -0.001189519863926529   15    1   13   13
 -0.0005268263567030577   15    1   14    1
 -4.637087005891147e-05   15    1   14    2
 -0.0002685196648383845   15    1   14    3
 -8.152639422779805e-06   15    1   14    4
 0.0001078900358121373   15    1   14    5
 -0.0002105215640713226   15    1   14    6
 0.0001314103265571782   15    1   14    7
 -2.527787076536978e-05   15    1   14    8
 0.0005686120965734398   15    1   14    9
 -3.870983930124448e-05   15    1   14   10
 -0.0004986159001423175   15    1   14   11
 4.122970928093175e-05   15    1   14   12
 0.0001621233704655772   15    1   14   13
 -0.0006470541289553763   15    1   14   14
 0.007497867464171745   15    1   15    1
 -0.01221181888633626   15    2    1    1
 -8.067347571330462e-06   15    2    2    1
 -0.04387194565943061   15    2    2    2
 0.0002349779669349759   15    2    3    1
 0.006891346542425579   15    2    3    2
 -0.003336384743442052   15    2    3    3
 3.576830750058709e-05   15    2    4    1
 -0.003200591246772181   15    2    4    2
 -0.001432861443264396   15    2    4    3
 -0.01245102697942714   15    2    4    4
 -0.0002083533989051977   15    2    5    1
 0.000878756592704538   15    2    5    2
 2.424070955630503e-05   15    2    5    3
 -0.002831606911651963   15    2    5    4
 -0.0166112509886486   15    2    5    5
 9.185268957543408e-05   15    2    6    1
 -0.01083830105397658   15    2    6    2
 -0.002712056418788748   15    2    6    3
 0.005161723413380492   15    2    6    4
 -0.008650841321562935   15    2    6    5
 -0.007755437482546806   15    2    6    6
 1.263400605275685e-05   15    2    7    1
 -0.0001181723805953861   15    2    7    2
 -0.0006446542018926436   15    2    7    3
 0.0006054848410838447   15    2    7    4
 -0.0004283097239053376   15    2    7    5
 0.0002643944762922241   15    2    7    6
 -0.005968011120822517   15    2    7    7
 -0.000326046782088519   15    2    8    1
 0.004059828800187029   15    2    8    2
 0.002069322762992214   15    2    8    3
 -0.0001105630956972274   15    2    8    4
 0.004595030673906209   15    2    8    5
 0.001968795337837026   15    2    8    6
 0.0006468842104405336   15    2    8    7
 -0.008422499471225392   15    2    8    8
 -0.0001672000043072465   15    2    9    1
 0.0007262847621956301   15    2    9    2
 -0.0002492127920972622   15    2    9    3
 0.001577565081817451   15    2    9    4
 0.0004040283734553239   15    2    9    5
 0.001515102745618409   15    2    9    6
 -0.00132982476169088   15    2    9    7
 0.005810616809811709   15    2    9    8
 -0.01503226290013278   15    2    9    9
 -6.484213763776055e-05   15    2   10    1
 0.00835812930898574   15    2   10    2
 -0.001303904698762448   15    2   10    3
 0.0003055758704986649   15    2   10    4
 0.005274687535394926   15    2   10    5
 0.004493535590562892   15    2   10    6
 -0.0002094339041122833   15    2   10    7
 -0.002223682297118583   15    2   10    8
 -0.0006292035684172046   15    2   10    9
 -0.01008493600567877   15    2   10   10
 -1.662716460409558e-06   15    2   11    1
 0.001265209297643625   15    2   11    2
 0.0008219151245259555   15    2   11    3
 0.0006696797493225807   15    2   11    4
 0.000326889604547069   15    2   11    5
 0.0003740560966798384   15    2   11    6
 -0.007555659723268906   15    2   11    7
 0.01087636803926682   15    2   11    8
 -0.01948788769183822   15    2   11    9
 0.0001060326172466565   15    2   11   10
 -0.02852951226103812   15    2   11   11
 3.278402108500375e-05   15    2   12    1
 0.0004924177854818087   15    2   12    2
 -0.001264721883379348   15    2   12    3
 -5.600638571924698e-05   15    2   12    4
 -0.002491058810495137   15    2   12    5
 0.0004846841787477675   15    2   12    6
 0.005770937908830483   15    2   12    7
 -0.006655574847889112   15    2   12    8
 0.0129216024149002   15    2   12    9
 -0.000214362355457696   15    2   12   10
 0.006441823800207021   15    2   12   11
 -0.000803558598647218   15    2   12   12
 -5.054056110559156e-06   15    2   13    1
 -0.003117342775325461   15    2   13    2
 0.002630532189081766   15    2   13    3
 0.000866423429579313   15    2   13    4
 0.01236123934729663   15    2   13    5
 -0.003292081834269715   15    2   13    6
 0.002459835205080643   15    2   13    7
 -0.005218129170334776   15    2   13    8
 -0.002841370754064207   15    2   13    9
 0.0004141340936914533   15    2   13   10
 0.001419434198531406   15    2   13   11
 -0.0002203299974867539   15    2   13   12
 -0.009805692784561894   15    2   13   13
 -1.419269350521675e-05   15    2   14    1
 -0.0009045187662303112   15    2   14    2
 0.0004571503296524265   15    2   14    3
 0.001408600517961418   15    2   14    4
 0.001651799053706589   15    2   14    5
 -0.0007781828429302366   15    2   14    6
 -0.005877126429779414   15    2   14    7
 0.0005410960088241583   15    2   14    8
 -0.002744449858450976   15    2   14    9
 0.0002291758885044943   15    2   14   10
 -0.002471157739566049   15    2   14   11
 -0.00202583824737373   15    2   14   12
 0.001815332485416286   15    2   14   13
 -0.007507876895930419   15    2   14   14
 5.520879430498803e-05   15    2   15    1
 0.0273176598159359   15    2   15    2
 -0.1304052274801643   15    3    1    1
 -0.0002597480899935216   15    3    2    1
 0.02098076787942773   15    3    2    2
 0.001819987813131977   15    3    3    1
 -0.005692222255547936   15    3    3    2
 -0.05547723595151446   15    3    3    3
 0.0008163465550288656   15    3    4    1
 -0.003018316241592611   15    3    4    2
 -0.003438539418321979   15    3    4    3
 0.009631926336297152   15    3    4    4
 -0.00308423417751374   15    3    5    1
 0.004773809873801766   15    3    5    2
 0.01435167341110965   15    3    5    3
 -0.002712015255820375   15    3    5    4
 0.007009442057666491   15    3    5    5
 0.002848245884656321   15    3    6    1
 0.0007862029765736125   15    3    6    2
 -0.004600781999471938   15    3    6    3
 0.003382204175927298   15    3    6    4
 -0.0015637517387166   15    3    6    5
 0.007379736014813515   15    3    6    6
 0.0004583417828333506   15    3    7    1
 -0.0003521939430708719   15    3    7    2
 0.0005048560061612164   15    3    7    3
 -7.848282317559039e-05   15    3    7    4
 -7.569352232360229e-05   15    3    7    5
 0.0002622223299006306   15    3    7    6
 0.00368762942863275   15    3    7    7
 -0.006988082417988321   15    3    8    1
 -0.004440670041377662   15    3    8    2
 -0.008001431064896859   15    3    8    3
 0.002008633196153368   15    3    8    4
 -0.009901856105250432   15    3    8    5
 0.001872011875228211   15    3    8    6
 0.0007058010159599502   15    3    8    7
 -0.01433153885433331   15    3    8    8
 -0.002930644457793989   15    3    9    1
 -0.003605159654816383   15    3    9    2
 -0.003915994003595932   15    3    9    3
 0.001495519105361791   15    3    9    4
 -0.006869383205875443   15    3    9    5
 0.001538520964862686   15    3    9    6
 -0.001075766463979483   15    3    9    7
 -0.01019247840248104   15    3    9    8
 -0.00367922104482695   15    3    9    9
 0.002261668581880391   15    3   10    1
 -0.001402972443697114   15    3   10    2
 0.007084242044497794   15    3   10    3
 -0.008028322581113368   15    3   10    4
 -0.006708205570999443   15    3   10    5
 -0.02618058913609204   15    3   10    6
 0.002668554480912925   15    3   10    7
 -0.008825952753497518   15    3   10    8
 -0.006064222308847188   15    3   10    9
 -0.04784038104952144   15    3   10   10
 -0.001118361036797443   15    3   11    1
 -0.0004089874776629405   15    3   11    2
 -0.00371200217553456   15    3   11    3
 -0.0003501602043026876   15    3   11    4
 0.0008430517622610387   15    3   11    5
 -0.00108961111022546   15    3   11    6
 0.01029863889864172   15    3   11    7
 -0.008567228127688627   15    3   11    8
 0.01818590495759995   15    3   11    9
 -0.0009755892524276654   15    3   11   10
 -0.01832223653326634   15    3   11   11
 -0.0004814426016383083   15    3   12    1
 -0.001683465575739743   15    3   12    2
 -0.001364711217655578   15    3   12    3
 0.001342974583560376   15    3   12    4
 0.0003418658946893024   15    3   12    5
 -0.000198017814796041   15    3   12    6
 0.01655404654581942   15    3   12    7
 -0.007199413779539572   15    3   12    8
 0.02269659388270758   15    3   12    9
 0.00120068217668503   15    3   12   10
 -0.03195229004089043   15    3   12   11
 -0.004949169045815328   15    3   12   12
 -2.898355311707189e-05   15    3   13    1
 0.004099926931526813   15    3   13    2
 0.001610723849164252   15    3   13    3
 -0.005415270721151327   15    3   13    4
 0.001869605848080395   15    3   13    5
 -0.00397476485650537   15    3   13    6
 0.001200000177056605   15    3   13    7
 -0.001870954886639074   15    3   13    8
 0.0009850320770114734   15    3   13    9
 -0.0008388045414514648   15    3   13   10
 -0.002718451263359375   15    3   13   11
 -0.000876588044168472   15    3   13   12
 0.01215601883076763   15    3   13   13
 -0.0003013609034378446   15    3   14    1
 0.0008992297254279053   15    3   14    2
 -0.001679758880190119   15    3   14    3
 -0.0006863131485954053   15    3   14    4
 0.000521558937118656   15    3   14    5
 0.001872102751671962   15    3   14    6
 -0.002117272470139162   15    3   14    7
 0.001006242768091943   15    3   14    8
 -0.005710936799017345   15    3   14    9
 0.001172793947993495   15    3   14   10
 0.006519376106770488   15    3   14   11
 -8.201062219215328e-07   15    3   14   12
 -0.0005186427318791114   15    3   14   13
 0.004200792368279858   15    3   14   14
 0.003241164565468078   15    3   15    1
 0.0003180513532521772   15    3   15    2
 0.0289116544752005   15    3   15    3
 -0.001432220196894113   15    4    1    1
 -3.623539583321412e-05   15    4    2    1
 0.007434492398183774   15    4    2    2
 -0.0002617699965773573   15    4    3    1
 -0.003661764495220312   15    4    3    2
 -0.01246927851191201   15    4    3    3
 3.017106618739518e-05   15    4    4    1
 0.007837718068415879   15    4    4    2
 0.002071671242344816   15    4    4    3
 0.01937744206808835   15    4    4    4
 -0.0001851467444336287   15    4    5    1
 -0.003836099328291544   15    4    5    2
 -0.001469183447536155   15    4    5    3
 0.007890487624415382   15    4    5    4
 0.008725706981550568   15    4    5    5
 0.0001078670642662701   15    4    6    1
 0.0006179487731063088   15    4    6    2
 0.006530704770000355   15    4    6    3
 -0.007981975496402324   15    4    6    4
 0.004299988552900708   15    4    6    5
 -0.001362519497488275   15    4    6    6
 4.688981738862219e-05   15    4    7    1
 0.0007527045965443862   15    4    7    2
 0.0003299102428871053   15    4    7    3
 -0.0003631967491180548   15    4    7    4
 -0.0002223263058449655   15    4    7    5
 0.000918309861267908   15    4    7    6
 0.009656438042210615   15    4    7    7
 -0.0006823196023509003   15    4    8    1
 -0.001492815853735593   15    4    8    2
 -0.008359071019749769   15    4    8    3
 -0.002321631649108917   15    4    8    4
 -0.004437981062938421   15    4    8    5
 0.002613432133029192   15    4    8    6
 0.004586346410676065   15    4    8    7
 0.0003421903734758592   15    4    8    8
 -0.0003093978825332919   15    4    9    1
 0.001547416697034356   15    4    9    2
 -0.003534470836260219   15    4    9    3
 -0.0008508129491422981   15    4    9    4
 -0.001431873380768683   15    4    9    5
 0.0003019249353238984   15    4    9    6
 -0.008318706384221827   15    4    9    7
 -0.004454112669496156   15    4    9    8
 0.003864197418660028   15    4    9    9
 -4.56061562334987e-05   15    4   10    1
 -0.001385139012785451   15    4   10    2
 0.000589482193429153   15    4   10    3
 -0.003646333372863231   15    4   10    4
 -0.003910487601411629   15    4   10    5
 -0.006412427988688545   15    4   10    6
 0.0004609509413299984   15    4   10    7
 -0.0006299807456186562   15    4   10    8
 -0.001479272536311977   15    4   10    9
 0.00316759125434617   15    4   10   10
 -0.0001144900301985087   15    4   11    1
 0.001124748083064497   15    4   11    2
 -0.001208250022203857   15    4   11    3
 0.001162109210064251   15    4   11    4
 -0.0001346849687912522   15    4   11    5
 -0.0006494875339466148   15    4   11    6
 0.008553134847835877   15    4   11    7
 -0.008330399289499664   15    4   11    8
 0.01564936593014569   15    4   11    9
 -0.0004639581104388438   15    4   11   10
 0.01297350502666185   15    4   11   11
 -2.233695770663772e-05   15    4   12    1
 -2.296993919584905e-05   15    4   12    2
 0.0006838404806198855   15    4   12    3
 0.0003135946411687817   15    4   12    4
 0.001072883665221894   15    4   12    5
 0.0002755041379437742   15    4   12    6
 -0.00765055056242824   15    4   12    7
 0.007334735604216961   15    4   12    8
 -0.01404842547405128   15    4   12    9
 -0.0005463994654671098   15    4   12   10
 -0.003121021331448193   15    4   12   11
 -0.01310879653840812   15    4   12   12
 -2.218615259928217e-05   15    4   13    1
 -0.007201840616968627   15    4   13    2
 -0.002858300083318787   15    4   13    3
 -0.004009674480841697   15    4   13    4
 -0.01692457491372662   15    4   13    5
 0.01432898777244299   15    4   13    6
 -0.006843472603378299   15    4   13    7
 0.009828816317516077   15    4   13    8
 0.006278456181824984   15    4   13    9
 -0.006311541353096832   15    4   13   10
 -0.001064978142053559   15    4   13   11
 -0.003285686793120649   15    4   13   12
 0.01103557021164316   15    4   13   13
 -4.041115821156518e-05   15    4   14    1
 -0.001441119627087214   15    4   14    2
 -0.0001737657991272703   15    4   14    3
 -0.004192065755875113   15    4   14    4
 -0.002692426205362886   15    4   14    5
 0.00274886219087571   15    4   14    6
 0.01174869960032628   15    4   14    7
 0.001881008181678859   15    4   14    8
 0.002399181407402775   15    4   14    9
 -0.0009811619502464817   15    4   14   10
 0.001282949525893181   15    4   14   11
 0.008085623626721584   15    4   14   12
 -0.008519867310069391   15    4   14   13
 0.01094430076943078   15    4   14   14
 0.000473087321267683   15    4   15    1
 -0.01077397619279168   15    4   15    2
 -0.003989937854341665   15    4   15    3
 0.02585955120680396   15    4   15    4
 0.02144993956992872   15    5    1    1
 0.0001325351926073521   15    5    2    1
 0.02945713111963398   15    5    2    2
 0.0003249305162877787   15    5    3    1
 0.005667915357236241   15    5    3    2
 0.03905220970690152   15    5    3    3
 -0.0003226229523231219   15    5    4    1
 -0.001516249940128701   15    5    4    2
 -0.00271521097853177   15    5    4    3
 0.02484927036598371   15    5    4    4
 0.0008422601527432621   15    5    5    1
 0.02208338056621919   15    5    5    2
 0.006672740206138643   15    5    5    3
 0.0002155315377633155   15    5    5    4
 0.02336256704673734   15    5    5    5
 -0.001250787718125224   15    5    6    1
 0.004382699605628863   15    5    6    2
 -0.009895153805696234   15    5    6    3
 0.009421279543671141   15    5    6    4
 0.002365849799523582   15    5    6    5
 0.03087488066436849   15    5    6    6
 -0.0001961200432388066   15    5    7    1
 -0.001119090172043995   15    5    7    2
 -0.001684748720924408   15    5    7    3
 -0.00095413634857667   15    5    7    4
 -0.0004465964818081473   15    5    7    5
 -0.002322918236904449   15    5    7    6
 0.01108937021886163   15    5    7    7
 0.002613450695901945   15    5    8    1
 -0.005260073655351933   15    5    8    2
 0.01980483938432276   15    5    8    3
 0.002686219442682248   15    5    8    4
 -0.00276402301372693   15    5    8    5
 0.002802289775132942   15    5    8    6
 -0.00883016874073022   15    5    8    7
 0.02066160798531244   15    5    8    8
 0.0009850415673691305   15    5    9    1
 -0.005508307473398447   15    5    9    2
 0.007236391482661949   15    5    9    3
 0.002798952757549434   15    5    9    4
 -0.001902332731173392   15    5    9    5
 0.002073020269197172   15    5    9    6
 0.01658557591311885   15    5    9    7
 -0.004298608978744791   15    5    9    8
 0.03015052750005265   15    5    9    9
 -0.001583624269331499   15    5   10    1
 -0.003426336829254709   15    5   10    2
 -0.005550283386548534   15    5   10    3
 -0.003528325031066905   15    5   10    4
 0.002661209961657776   15    5   10    5
 -2.052711650319837e-05   15    5   10    6
 7.174841596250452e-05   15    5   10    7
 0.001810098841806111   15    5   10    8
 0.001542914685932774   15    5   10    9
 0.0204176119116066   15    5   10   10
 0.0005985176735043674   15    5   11    1
 -0.0002281179052301671   15    5   11    2
 0.00323161890176147   15    5   11    3
 -0.0008498655510867894   15    5   11    4
 -0.001040386157673708   15    5   11    5
 2.549788286645627e-05   15    5   11    6
 -0.006526547777369651   15    5   11    7
 0.0001967928003569113   15    5   11    8
 -0.003196632366258988   15    5   11    9
 -2.032990070243417e-05   15    5   11   10
 0.02633334376356034   15    5   11   11
 0.0003355279611873144   15    5   12    1
 -0.002903310586105976   15    5   12    2
 0.0004152162186915929   15    5   12    3
 0.002227287725575661   15    5   12    4
 1.735005144998977e-05   15    5   12    5
 0.0004897651235589224   15    5   12    6
 0.01457526793927097   15    5   12    7
 -0.008113729645642222   15    5   12    8
 0.01467284234599532   15    5   12    9
 0.000252462752471512   15    5   12   10
 -0.008821195372384403   15    5   12   11
 0.0460861723952208   15    5   12   12
 4.100840360152298e-07   15    5   13    1
 0.01121987279941505   15    5   13    2
 0.0002879954302471438   15    5   13    3
 -0.01782568893244783   15    5   13    4
 0.0004778259116580673   15    5   13    5
 -0.0103435538113217   15    5   13    6
 0.003649146439034461   15    5   13    7
 -0.004525480370109999   15    5   13    8
 -0.001310518828136945   15    5   13    9
 0.007843976489362208   15    5   13   10
 -0.001455357582974113   15    5   13   11
 0.00499159950367015   15    5   13   12
 0.02013754965284213   15    5   13   13
 0.0001423812750980564   15    5   14    1
 0.002467434175228207   15    5   14    2
 2.671177664368133e-05   15    5   14    3
 -0.00351163176481731   15    5   14    4
 -0.0004149506702894176   15    5   14    5
 0.001361480096275729   15    5   14    6
 -0.006127259190468909   15    5   14    7
 0.001675782722701042   15    5   14    8
 -0.005330468030955752   15    5   14    9
 0.0002451393728437665   15    5   14   10
 0.003433295022402202   15    5   14   11
 -0.01326245549820265   15    5   14   12
 0.00283204509256707   15    5   14   13
 0.004398366515040995   15    5   14   14
 -0.001783915631339152   15    5   15    1
 -0.0006646805346256485   15    5   15    2
 0.004500754607681743   15    5   15    3
 -0.007795414996068483   15    5   15    4
 0.02442564789471474   15    5   15    5
 0.01685524748029731   15    6    1    1
 -0.0001176038242376765   15    6    2    1
 -0.05527779891569789   15    6    2    2
 -0.0009975186726012518   15    6    3    1
 0.0003758912325192661   15    6    3    2
 -0.02479294844231404   15    6    3    3
 -3.956870916483655e-05   15    6    4    1
 -0.0009036351404657407   15    6    4    2
 0.004842329312361747   15    6    4    3
 -0.02441466208136061   15    6    4    4
 -0.0003832045255651768   15    6    5    1
 -0.008077537128812946   15    6    5    2
 -0.01432679934424671   15    6    5    3
 0.002817829703026881   15    6    5    4
 -0.03489663602930661   15    6    5    5
 -0.0001008570091820007   15    6    6    1
 -0.002666075746161588   15    6    6    2
 0.01130821321397013   15    6    6    3
 -0.005812388240636832   15    6    6    4
 -0.009495814009133925   15    6    6    5
 -0.0324968380702069   15    6    6    6
 0.0001637087221154968   15    6    7    1
 -3.361568943040674e-05   15    6    7    2
 0.0007086742407725087   15    6    7    3
 0.000956517610377188   15    6    7    4
 -0.0008986783078161446   15    6    7    5
 0.003524260088071136   15    6    7    6
 0.002685239085103589   15    6    7    7
 -0.001631042246567454   15    6    8    1
 0.003302654403511929   15    6    8    2
 -0.02060502155399665   15    6    8    3
 -0.001639227379223475   15    6    8    4
 0.01167863910787369   15    6    8    5
 0.00327236850503136   15    6    8    6
 0.01178793879116142   15    6    8    7
 -0.01387066390678351   15    6    8    8
 -0.0007192395492165055   15    6    9    1
 0.001445267868117159   15    6    9    2
 -0.009331692708450781   15    6    9    3
 -0.00195541444507575   15    6    9    4
 0.004881315408854465   15    6    9    5
 0.0009810669659309865   15    6    9    6
 -0.02181909122327253   15    6    9    7
 0.008074804440075686   15    6    9    8
 -0.02739935733252076   15    6    9    9
 -0.0009627315370546133   15    6   10    1
 0.004085608630043018   15    6   10    2
 -0.001950967577020868   15    6   10    3
 0.00154598293653329   15    6   10    4
 0.007387854162072926   15    6   10    5
 0.006311347117956999   15    6   10    6
 -0.000607780418074314   15    6   10    7
 -0.004608947175391863   15    6   10    8
 -0.002409955165312215   15    6   10    9
 0.0001669671577344731   15    6   10   10
 -0.0003475759240008964   15    6   11    1
 -0.0003040761934173144   15    6   11    2
 -0.001192394444054777   15    6   11    3
 -0.0001406095517788095   15    6   11    4
 0.001055159361648246   15    6   11    5
 0.00059797852010734   15    6   11    6
 0.002383704324084562   15    6   11    7
 0.007164217253151405   15    6   11    8
 -0.01000151377586691   15    6   11    9
 -0.0001267735182626518   15    6   11   10
 -0.02812207712486955   15    6   11   11
 -7.647625902344202e-05   15    6   12    1
 0.0007657593305639011   15    6   12    2
 -0.0005834732105858953   15    6   12    3
 -0.000639811344062513   15    6   12    4
 -0.001250751697186032   15    6   12    5
 0.0007925720880803056   15    6   12    6
 -0.01529487525588871   15    6   12    7
 0.00690327402170664   15    6   12    8
 -0.01608930849384075   15    6   12    9
 -0.001953230028791048   15    6   12   10
 0.021489642162331   15    6   12   11
 -0.03884807513087131   15    6   12   12
 -7.845216529671309e-05   15    6   13    1
 -0.008089250110821577   15    6   13    2
 -0.003211812815917015   15    6   13    3
 0.02289275328553101   15    6   13    4
 -0.008655530818076979   15    6   13    5
 0.01764194980393189   15    6   13    6
 -0.008447780782549198   15    6   13    7
 0.00848626143279998   15    6   13    8
 0.005276698715460648   15    6   13    9
 -0.01167554858625259   15    6   13   10
 0.002985444259971663   15    6   13   11
 -0.0062055444384492   15    6   13   12
 -0.01267425531525591   15    6   13   13
 -6.540856413469039e-05   15    6   14    1
 -0.001224426185362671   15    6   14    2
 0.0008256483439097936   15    6   14    3
 0.005223064615344728   15    6   14    4
 -0.0006225054036478313   15    6   14    5
 -0.001526353502367163   15    6   14    6
 0.0141742522724616   15    6   14    7
 0.00218614438561875   15    6   14    8
 0.002913203428207845   15    6   14    9
 -0.0009693688708255498   15    6   14   10
 -0.005461940290439552   15    6   14   11
 0.01634678711160173   15    6   14   12
 -0.006441165309497635   15    6   14   13
 0.01429736268221898   15    6   14   14
 0.001131602668059949   15    6   15    1
 -0.002951166072614757   15    6   15    2
 -0.01223874167607499   15    6   15    3
 0.0149739427077997   15    6   15    4
 -0.01819982695552968   15    6   15    5
 0.0403932672751949   15    6   15    6
 0.01103120597876842   15    7    1    1
 -8.060992337849921e-06   15    7    2    1
 0.00127441220584496   15    7    2    2
 -0.0001776299812795417   15    7    3    1
 -0.0002676351678167219   15    7    3    2
 0.004637428382749068   15    7    3    3
 5.628716881938116e-06   15    7    4    1
 -0.0001548076166094146   15    7    4    2
 0.0001870607874927085   15    7    4    3
 0.002247114474960317   15    7    4    4
 4.314280148896459e-05   15    7    5    1
 -0.0007919575289856515   15    7    5    2
 -0.001691260473842648   15    7    5    3
 -0.0005562195840869812   15    7    5    4
 0.002360021484798112   15    7    5    5
 7.770274152394677e-05   15    7    6    1
 -0.001025940737657936   15    7    6    2
 0.0002061253964938533   15    7    6    3
 0.001162490079957455   15    7    6    4
 -0.00210262957613722   15    7    6    5
 0.005029714845835892   15    7    6    6
 -0.0002587815288774085   15    7    7    1
 0.001548291019658935   15    7    7    2
 0.002032690824213017   15    7    7    3
 -0.00163071932817235   15    7    7    4
 0.002423642009707925   15    7    7    5
 0.0001638778789815979   15    7    7    6
 0.003516084269975618   15    7    7    7
 0.0001313146397773702   15    7    8    1
 -0.00168401625186266   15    7    8    2
 -0.002690001266692189   15    7    8    3
 0.00045845278537188   15    7    8    4
 -0.001455279941302446   15    7    8    5
 0.001153273410347059   15    7    8    6
 0.001532330901754522   15    7    8    7
 0.004973444065077996   15    7    8    8
 -0.0003972798902943376   15    7    9    1
 0.002899151975450981   15    7    9    2
 0.00136502251112271   15    7    9    3
 -0.0007084798876433926   15    7    9    4
 0.005248370711373629   15    7    9    5
 -0.002041930799444993   15    7    9    6
 0.0007644060071768519   15    7    9    7
 0.001709273572899381   15    7    9    8
 0.002645488471896889   15    7    9    9
 0.0001907503213164244   15    7   10    1
 0.0005224491766971234   15    7   10    2
 0.0007065088653322767   15    7   10    3
 -0.0002835526384949377   15    7   10    4
 0.0008607109118780386   15    7   10    5
 0.00023481799894951   15    7   10    6
 -0.001345357935322165   15    7   10    7
 -0.0009672142335485313   15    7   10    8
 0.0009904602806271267   15    7   10    9
 0.006425876238183888   15    7   10   10
 0.0006741101530896047   15    7   11    1
 -0.002007106387265677   15    7   11    2
 -5.050636378091919e-05   15    7   11    3
 0.001633818540835324   15    7   11    4
 -0.001412239460368326   15    7   11    5
 0.0009947157236377656   15    7   11    6
 -0.0007715959694813125   15    7   11    7
 3.52509967702856e-05   15    7   11    8
 -0.0008420337926007393   15    7   11    9
 -0.0006759709165474061   15    7   11   10
 0.004627429604721946   15    7   11   11
 0.0006499506262267673   15    7   12    1
 0.005176320808702176   15    7   12    2
 0.005717628611756002   15    7   12    3
 -0.00236115424547622   15    7   12    4
 0.005350140602462107   15    7   12    5
 -0.001879691231717241   15    7   12    6
 0.001091045009109853   15    7   12    7
 0.003151123251052299   15    7   12    8
 -0.002268492425373851   15    7   12    9
 -0.0007797158373011044   15    7   12   10
 0.002554529864711361   15    7   12   11
 0.003055849548991506   15    7   12   12
 6.18646204409174e-05   15    7   13    1
 0.001396838243673492   15    7   13    2
 0.0006753469527904223   15    7   13    3
 -0.002015197658924734   15    7   13    4
 0.0003445293141399094   15    7   13    5
 -0.0009019783073172312   15    7   13    6
 0.001392623703325863   15    7   13    7
 -0.001450301877896976   15    7   13    8
 0.003475148753859811   15    7   13    9
 0.0008483993620917258   15    7   13   10
 -0.002122607467595832   15    7   13   11
 0.007324621437815084   15    7   13   12
 0.0001823891661466716   15    7   13   13
 -0.0001368240946120759   15    7   14    1
 -0.003512818722055825   15    7   14    2
 -0.001933015506033034   15    7   14    3
 0.004464267322757952   15    7   14    4
 -0.002828388051697256   15    7   14    5
 0.004821775378675992   15    7   14    6
 0.005816872243473947   15    7   14    7
 0.002698563824972492   15    7   14    8
 -0.0008840976049667387   15    7   14    9
 -0.003439943515082349   15    7   14   10
 0.0003939416228069879   15    7   14   11
 0.0003881181641285577   15    7   14   12
 0.002826536183054587   15    7   14   13
 0.004242548215964453   15    7   14   14
 7.051032896075999e-05   15    7   15    1
 -0.002216102048357177   15    7   15    2
 -0.001572521875370516   15    7   15    3
 0.002453390475125298   15    7   15    4
 -0.001706930974121186   15    7   15    5
 0.002031434531791681   15    7   15    6
 0.01130312064350684   15    7   15    7
 -0.134683232269326   15    8    1    1
 0.0001278000313448589   15    8    2    1
 0.01027188008330743   15    8    2    2
 0.001925163072978217   15    8    3    1
 -0.005149221620323692   15    8    3    2
 -0.05841400635867681   15    8    3    3
 -0.0001237153995963035   15    8    4    1
 -0.005058872687962124   15    8    4    2
 -0.005821275324462961   15    8    4    3
 0.002291828929270445   15    8    4    4
 -0.0004838338743393324   15    8    5    1
 -0.005858105493896817   15    8    5    2
 0.02072583019746481   15    8    5    3
 -0.0008561401873644858   15    8    5    4
 -0.008106229476262361   15    8    5    5
 -0.0006554192778588824   15    8    6    1
 -0.002004941266641687   15    8    6    2
 -0.01463055845874735   15    8    6    3
 0.000802898058432413   15    8    6    4
 0.003375222760001139   15    8    6    5
 -0.004038908303997217   15    8    6    6
 5.771752120363166e-05   15    8    7    1
 -0.001652416679607578   15    8    7    2
 -0.002754537975465593   15    8    7    3
 0.001244561864957612   15    8    7    4
 -0.001536681314305372   15    8    7    5
 0.003245843177797616   15    8    7    6
 0.01245667648694769   15    8    7    7
 0.0002355317374813673   15    8    8    1
 -0.0006053226313456535   15    8    8    2
 0.01352689485681414   15    8    8    3
 0.006118376032651278   15    8    8    4
 -0.02697993654532349   15    8    8    5
 0.01692542169512589   15    8    8    6
 0.009621812112512134   15    8    8    7
 -0.04853152137820925   15    8    8    8
 7.980838216638543e-05   15    8    9    1
 -0.002063326768434601   15    8    9    2
 0.001451055964143092   15    8    9    3
 0.004438023824514488   15    8    9    4
 -0.01785800063646456   15    8    9    5
 0.00982950816801338   15    8    9    6
 -0.01218866268768777   15    8    9    7
 -0.02127102115917976   15    8    9    8
 -0.01833594093920471   15    8    9    9
 -0.001957922521533889   15    8   10    1
 0.0008650670492085299   15    8   10    2
 -0.007474841427593874   15    8   10    3
 -0.01041621545191112   15    8   10    4
 0.00174172067209407   15    8   10    5
 -0.03488904089718405   15    8   10    6
 0.001625080650780857   15    8   10    7
 -0.004377289224138087   15    8   10    8
 -0.005376350714179284   15    8   10    9
 -0.05632256867142767   15    8   10   10
 7.496078924585194e-05   15    8   11    1
 0.002663544262324665   15    8   11    2
 0.001915188383239856   15    8   11    3
 -0.0007727656841683269   15    8   11    4
 -0.001249834579593791   15    8   11    5
 0.0002002282966335628   15    8   11    6
 0.01436416530400574   15    8   11    7
 -0.01085301484944369   15    8   11    8
 0.01602002280467747   15    8   11    9
 -0.0009698341257631652   15    8   11   10
 -0.03245662796841432   15    8   11   11
 2.164238315195206e-05   15    8   12    1
 -0.00509400033046506   15    8   12    2
 -0.002110930880308573   15    8   12    3
 0.00459211625134033   15    8   12    4
 -0.006058474285742269   15    8   12    5
 0.003950165508734846   15    8   12    6
 0.01324238800730149   15    8   12    7
 -0.007058261157122561   15    8   12    8
 0.01841317617804412   15    8   12    9
 -6.900726326567193e-06   15    8   12   10
 -0.031013514253272   15    8   12   11
 -0.02611819396164925   15    8   12   12
 -7.481349066469739e-05   15    8   13    1
 -0.003434802802119666   15    8   13    2
 0.0003864623754043803   15    8   13    3
 0.00661636155635931   15    8   13    4
 -0.000185946918736853   15    8   13    5
 0.006629979319214879   15    8   13    6
 -0.005471943107821661   15    8   13    7
 0.001665753695188974   15    8   13    8
 0.002900682770987586   15    8   13    9
 -0.009846487125679489   15    8   13   10
 -0.0008856183550620704   15    8   13   11
 -0.008225735965208127   15    8   13   12
 0.01245708556335139   15    8   13   13
 0.0001336606972923872   15    8   14    1
 0.0003834930899047429   15    8   14    2
 0.0003866669097827794   15    8   14    3
 0.00300145296793663   15    8   14    4
 0.001037631199404399   15    8   14    5
 0.003663704318738023   15    8   14    6
 0.008064848438723111   15    8   14    7
 0.002824945589225487   15    8   14    8
 -0.006805942015172165   15    8   14    9
 -0.0005872781032023641   15    8   14   10
 0.006566419225028877   15    8   14   11
 0.0095692005993345   15    8   14   12
 -0.004270110132171473   15    8   14   13
 0.01711192350702413   15    8   14   14
 -0.001267262485578881   15    8   15    1
 0.0004864454467805068   15    8   15    2
 0.01138070279149306   15    8   15    3
 0.002930140120593506   15    8   15    4
 -0.002181750496421549   15    8   15    5
 0.0009595957391803445   15    8   15    6
 -0.00168134901244879   15    8   15    7
 0.0287476514570913   15    8   15    8
 -0.0626956168258805   15    9    1    1
 3.687692340559223e-05   15    9    2    1
 -0.005518589257684334   15    9    2    2
 0.0006085115625625335   15    9    3    1
 -0.004376251565771319   15    9    3    2
 -0.03785117231877366   15    9    3    3
 -7.608177780750107e-05   15    9    4    1
 0.00130941289877446   15    9    4    2
 -0.001868565211603474   15    9    4    3
 -0.002046533517446355   15    9    4    4
 -0.0002632830005228399   15    9    5    1
 -0.009039986441977399   15    9    5    2
 0.006451609926251817   15    9    5    3
 0.001688787470455743   15    9    5    4
 -0.01174425196220141   15    9    5    5
 -0.0003032298735896559   15    9    6    1
 -0.002222777456429169   15    9    6    2
 -0.004263802446525209   15    9    6    3
 -0.005438380896697979   15    9    6    4
 0.001953208360775671   15    9    6    5
 -0.01246100808192178   15    9    6    6
 -0.0004156045868826928   15    9    7    1
 0.003908816180965181   15    9    7    2
 0.002388442598881249   15    9    7    3
 -0.002344248844686   15    9    7    4
 0.006543374465775769   15    9    7    5
 -0.003430344183832884   15    9    7    6
 0.001567513221614821   15    9    7    7
 0.0001097457914827607   15    9    8    1
 -0.0001998731663779067   15    9    8    2
 -0.001737638437078264   15    9    8    3
 0.002366634377436551   15    9    8    4
 -0.01560183434094191   15    9    8    5
 0.008663198940328701   15    9    8    6
 0.005731952089793146   15    9    8    7
 -0.03099913298544059   15    9    8    8
 -0.0008212543786442593   15    9    9    1
 0.003370565710498389   15    9    9    2
 0.002397196171365608   15    9    9    3
 -0.002808318256963799   15    9    9    4
 0.0007984941960454791   15    9    9    5
 -0.0001430592823578631   15    9    9    6
 -0.01034569941336299   15    9    9    7
 -0.01001682584361815   15    9    9    8
 -0.01605457457916907   15    9    9    9
 -0.001054464241733446   15    9   10    1
 0.0008085674316980689   15    9   10    2
 -0.003962933976225768   15    9   10    3
 -0.003297829574277695   15    9   10    4
 0.0003790836932516781   15    9   10    5
 -0.01483251860987624   15    9   10    6
 0.003622524673255066   15    9   10    7
 -0.001686472441998875   15    9   10    8
 -0.0006090686925458682   15    9   10    9
 -0.03049780676137539   15    9   10   10
 0.001244441060878419   15    9   11    1
 -0.004886931345752834   15    9   11    2
 0.0006604587874050965   15    9   11    3
 0.003400837324982835   15    9   11    4
 -0.002526049685546398   15    9   11    5
 0.001480061433215865   15    9   11    6
 0.008904358476457918   15    9   11    7
 -0.007367470668402076   15    9   11    8
 0.01042199077297292   15    9   11    9
 -0.001219751056451683   15    9   11   10
 -0.01676754796874122   15    9   11   11
 0.001219465250158078   15    9   12    1
 0.01025052625947831   15    9   12    2
 0.009497869889518463   15    9   12    3
 -0.007343364570571291   15    9   12    4
 0.00799160423848439   15    9   12    5
 -0.006297519428244921   15    9   12    6
 -0.0006281595869163122   15    9   12    7
 0.0006969915320017249   15    9   12    8
 0.00157772902457866   15    9   12    9
 0.00189569308480778   15    9   12   10
 -0.01187506198668927   15    9   12   11
 -0.02504954216336562   15    9   12   12
 4.943949364477008e-05   15    9   13    1
 -0.003780883558163974   15    9   13    2
 0.0006258018711267304   15    9   13    3
 0.007743710573003977   15    9   13    4
 -0.00252965678661147   15    9   13    5
 0.005551915001060526   15    9   13    6
 0.001233610754118574   15    9   13    7
 0.00260505911508606   15    9   13    8
 0.006090780715682756   15    9   13    9
 -0.006052427127525725   15    9   13   10
 -0.003753142868660644   15    9   13   11
 0.003491545068615501   15    9   13   12
 0.005029068897614984   15    9   13   13
 -0.0001780523654312076   15    9   14    1
 -0.00278350783748122   15    9   14    2
 -0.002451687702885157   15    9   14    3
 0.0004600265257618735   15    9   14    4
 -0.002341720598824664   15    9   14    5
 -0.0008494485969744111   15    9   14    6
 0.002102136556705175   15    9   14    7
 -0.002622380960576674   15    9   14    8
 -0.0002102472139651498   15    9   14    9
 0.002392596809783934   15    9   14   10
 0.001274820009945999   15    9   14   11
 0.009007903594552714   15    9   14   12
 -0.00883250261590504   15    9   14   13
 0.004494599968236359   15    9   14   14
 -0.0004199322978373461   15    9   15    1
 -0.003326951914511956   15    9   15    2
 0.00114840202438082   15    9   15    3
 0.005202477352339846   15    9   15    4
 -0.006957359585298938   15    9   15    5
 0.005187198796995555   15    9   15    6
 0.003443463496013048   15    9   15    7
 0.005545275290884694   15    9   15    8
 0.01773144879125425   15    9   15    9
 0.08376093127691708   15   10    1    1
 -9.217412803065063e-05   15   10    2    1
 0.01962579690803377   15   10    2    2
 -0.001253127611686276   15   10    3    1
 0.000780778778838632   15   10    3    2
 0.04442758558974567   15   10    3    3
 -0.0004777367357556111   15   10    4    1
 0.00414538380889633   15   10    4    2
 -0.0005371930949804186   15   10    4    3
 3.157225003664146e-05   15   10    4    4
 9.475716566330169e-05   15   10    5    1
 0.0004609622390633549   15   10    5    2
 -0.01076031495898928   15   10    5    3
 -0.0001895183298540458   15   10    5    4
 0.01958062981002271   15   10    5    5
 -0.001909167805566779   15   10    6    1
 0.003457742171012547   15   10    6    2
 -0.003758828746764854   15   10    6    3
 -0.002588880470094098   15   10    6    4
 0.008080942852022717   15   10    6    5
 0.007958458086516778   15   10    6    6
 0.0001684192491055732   15   10    7    1
 -0.0004276874133476335   15   10    7    2
 0.001179310477759145   15   10    7    3
 1.79743078299586e-05   15   10    7    4
 -0.0009086522691545008   15   10    7    5
 -0.001683162278720582   15   10    7    6
 -0.01528422262938126   15   10    7    7
 -0.0002627231278894655   15   10    8    1
 0.001116318452738256   15   10    8    2
 -0.005553575963609683   15   10    8    3
 -0.005174460206138525   15   10    8    4
 0.013301274460432   15   10    8    5
 -0.01619724528218698   15   10    8    6
 -0.01060631818881578   15   10    8    7
 0.02975233554875028   15   10    8    8
 -0.0002534582272759525   15   10    9    1
 0.0009857834314944791   15   10    9    2
 -0.002831109382609899   15   10    9    3
 -0.00278413367591089   15   10    9    4
 0.007499548181011946   15   10    9    5
 -0.007851692995203347   15   10    9    6
 0.01779776281389577   15   10    9    7
 0.008190614728519082   15   10    9    8
 0.01832323976998162   15   10    9    9
 -0.004621613704740773   15   10   10    1
 -0.005057622181205963   15   10   10    2
 -0.01795604763440255   15   10   10    3
 0.009018957630239096   15   10   10    4
 -0.0007970456243787267   15   10   10    5
 0.02414901333347391   15   10   10    6
 -0.001864748293513394   15   10   10    7
 0.006336697562799664   15   10   10    8
 0.00607285136974214   15   10   10    9
 0.04165970281683846   15   10   10   10
 -0.0001219054003623796   15   10   11    1
 -6.61841935045039e-05   15   10   11    2
 -0.0001328629047297209   15   10   11    3
 -0.0007964513025998839   15   10   11    4
 0.0003878212702246293   15   10   11    5
 -0.001278678216823773   15   10   11    6
 -0.009607371046379726   15   10   11    7
 0.002624782946800519   15   10   11    8
 -0.005125651945470051   15   10   11    9
 -0.0007372219750861518   15   10   11   10
 0.03173056326523975   15   10   11   11
 0.0001067128749001841   15   10   12    1
 7.643161024247354e-05   15   10   12    2
 0.0001367961601347863   15   10   12    3
 -0.0007298595631976783   15   10   12    4
 0.0003348647257649108   15   10   12    5
 -0.001196691965238211   15   10   12    6
 -0.00510387095765907   15   10   12    7
 0.002556519514407713   15   10   12    8
 -0.008971832889840062   15   10   12    9
 -0.0003724355404075056   15   10   12   10
 0.0129601354866998   15   10   12   11
 0.02691822263807808   15   10   12   12
 -0.0002091095559992451   15   10   13    1
 0.003355650106447764   15   10   13    2
 0.0005548261613534009   15   10   13    3
 -0.009867650611956394   15   10   13    4
 0.005675872143199446   15   10   13    5
 -0.01179161836253777   15   10   13    6
 0.006665622408438049   15   10   13    7
 -0.004641048924665112   15   10   13    8
 -0.006147791167951237   15   10   13    9
 0.01203827531150684   15   10   13   10
 0.0006646126626264938   15   10   13   11
 0.00557814012462158   15   10   13   12
 -0.0130655505496675   15   10   13   13
 0.0001143087354844745   15   10   14    1
 0.0006174176571081001   15   10   14    2
 0.0006797997923615616   15   10   14    3
 -0.002629297677498773   15   10   14    4
 0.0007780675408574291   15   10   14    5
 -0.001906377439621629   15   10   14    6
 -0.01188543174097131   15   10   14    7
 -0.003096090834546445   15   10   14    8
 0.00463422941185213   15   10   14    9
 -0.0008338027422863981   15   10   14   10
 -0.002306439809482407   15   10   14   11
 -0.01327356866027998   15   10   14   12
 0.009782711025807874   15   10   14   13
 -0.02244252880713362   15   10   14   14
 -0.0001185877297843907   15   10   15    1
 0.0001122555270194214   15   10   15    2
 -0.004566594745840067   15   10   15    3
 -0.008725245863947455   15   10   15    4
 0.006426476497978287   15   10   15    5
 -0.01313816469780599   15   10   15    6
 -0.001036746124660388   15   10   15    7
 -0.01303589178064055   15   10   15    8
 -0.006196183720079327   15   10   15    9
 0.02454844736740824   15   10   15   10
 -0.0337562221171963   15   11    1    1
 2.419581463326463e-05   15   11    2    1
 0.01174040177481343   15   11    2    2
 0.0005901292175403648   15   11    3    1
 -0.001813114734404059   15   11    3    2
 -0.01297405029904273   15   11    3    3
 5.263117206573956e-05   15   11    4    1
 0.001086152910082162   15   11    4    2
 -0.001174774195287483   15   11    4    3
 0.008503336776020816   15   11    4    4
 -0.0002145590912173222   15   11    5    1
 -6.379277672911469e-05   15   11    5    2
 0.006274501229554789   15   11    5    3
 0.0004524289218206797   15   11    5    4
 0.0048346403736807   15   11    5    5
 4.178448633483206e-05   15   11    6    1
 0.000486120831286572   15   11    6    2
 -0.002089229553738127   15   11    6    3
 -0.002540833112713181   15   11    6    4
 0.003374124739298733   15   11    6    5
 0.002215878471329475   15   11    6    6
 0.0008031433373738652   15   11    7    1
 -0.00431155630627315   15   11    7    2
 0.001367224546171828   15   11    7    3
 0.001432513310973681   15   11    7    4
 -0.003185385341253259   15   11    7    5
 0.001472869077936715   15   11    7    6
 0.001330265000177979   15   11    7    7
 -0.0006587277180568024   15   11    8    1
 0.003309131630217471   15   11    8    2
 0.00197005720523256   15   11    8    3
 0.0001400605424642915   15   11    8    4
 -0.005991653782984735   15   11    8    5
 0.003048033475566789   15   11    8    6
 0.001193678168450794   15   11    8    7
 -0.008079516476884379   15   11    8    8
 0.001158561783231419   15   11    9    1
 -0.008669298343642459   15   11    9    2
 0.004603370481457911   15   11    9    3
 0.002189878727084111   15   11    9    4
 -0.007582744165894735   15   11    9    5
 0.001409957160400966   15   11    9    6
 0.0007294974698216733   15   11    9    7
 -0.005561898301065831   15   11    9    8
 0.00176573948420228   15   11    9    9
 -7.036347133750459e-05   15   11   10    1
 -0.000745032884484164   15   11   10    2
 -0.0001483472196685268   15   11   10    3
 -0.002054923431915262   15   11   10    4
 -0.002431775129664937   15   11   10    5
 -0.008734371483121528   15   11   10    6
 -0.0002810261955385231   15   11   10    7
 -0.001161172937872328   15   11   10    8
 -0.001081079697767508   15   11   10    9
 -0.01316112508693363   15   11   10   10
 -0.002196138079667376   15   11   11    1
 -0.007250669523952742   15   11   11    2
 -0.005373204963727012   15   11   11    3
 -0.001155218837513345   15   11   11    4
 0.003190252263750453   15   11   11    5
 -0.002689512406262824   15   11   11    6
 0.005269714923371028   15   11   11    7
 -0.006350799335220127   15   11   11    8
 0.009867398699401944   15   11   11    9
 0.002774455973316149   15   11   11   10
 -0.0008397739702851537   15   11   11   11
 -0.002188169927292955   15   11   12    1
 -0.002510908141696304   15   11   12    2
 -0.009948144070615901   15   11   12    3
 0.003872453161855252   15   11   12    4
 -0.004348060852149217   15   11   12    5
 0.004067786476312561   15   11   12    6
 0.003985625052633516   15   11   12    7
 -0.001629835223263469   15   11   12    8
 0.004411512390821727   15   11   12    9
 7.629771646186628e-05   15   11   12   10
 -0.01189976304553672   15   11   12   11
 -0.003320905439902008   15   11   12   12
 -0.0001813905294296469   15   11   13    1
 0.0005332001092420689   15   11   13    2
 -0.0009288425285417009   15   11   13    3
 -0.00197129567197472   15   11   13    4
 -0.001495786420229029   15   11   13    5
 -0.0007080549906262568   15   11   13    6
 -0.002407544169079023   15   11   13    7
 0.0009619412077480459   15   11   13    8
 -0.002793957257677102   15   11   13    9
 9.606554713178722e-05   15   11   13   10
 -0.00102482874442607   15   11   13   11
 -0.00401116492530292   15   11   13   12
 0.004173715702446002   15   11   13   13
 0.0004221344193250258   15   11   14    1
 0.0001329428644209012   15   11   14    2
 0.002000703527804002   15   11   14    3
 -0.0004016233074986157   15   11   14    4
 0.001012050759881308   15   11   14    5
 0.0007455345368922986   15   11   14    6
 0.001046585817709282   15   11   14    7
 0.001128038565470819   15   11   14    8
 -0.001522116495011151   15   11   14    9
 -0.000309749241817956   15   11   14   10
 0.002341264977311325   15   11   14   11
 0.0001355166310987504   15   11   14   12
 0.002763641795448401   15   11   14   13
 0.002760021610694821   15   11   14   14
 -1.353661042237826e-05   15   11   15    1
 -0.0006175561064980315   15   11   15    2
 0.004686900221745807   15   11   15    3
 0.0002942823402543525   15   11   15    4
 0.001915416119767824   15   11   15    5
 -0.002489191545151531   15   11   15    6
 -0.002280791006426341   15   11   15    7
 0.005302072111023514   15   11   15    8
 -0.001891028728051739   15   11   15    9
 -0.001809137887198119   15   11   15   10
 0.01065339465919966   15   11   15   11
 -0.02839375932557994   15   12    1    1
 2.099077241254647e-05   15   12    2    1
 -0.008899785321998298   15   12    2    2
 0.0002176766703391778   15   12    3    1
 -0.003397915138560097   15   12    3    2
 -0.02344718589563563   15   12    3    3
 3.949761116944068e-05   15   12    4    1
 0.0004619390291504059   15   12    4    2
 0.0002886872145549586   15   12    4    3
 -0.004166765949072716   15   12    4    4
 -8.249562389932753e-05   15   12    5    1
 -0.007310331924477895   15   12    5    2
 0.001291107061737184   15   12    5    3
 0.001288951026825557   15   12    5    4
 -0.009931132854430806   15   12    5    5
 3.087485694965594e-05   15   12    6    1
 -0.002276081741447983   15   12    6    2
 -0.0003688984239160553   15   12    6    3
 -0.003046542184087933   15   12    6    4
 -0.001249502968876514   15   12    6    5
 -0.01023746603641231   15   12    6    6
 0.0009571907430499757   15   12    7    1
 0.009747411122275586   15   12    7    2
 0.01188251656788938   15   12    7    3
 -0.003544149204142812   15   12    7    4
 0.008723902337824604   15   12    7    5
 -0.004027431737371051   15   12    7    6
 0.002617687319353908   15   12    7    7
 -0.0007122949580182109   15   12    8    1
 -0.006701004191815421   15   12    8    2
 -0.009734860832378173   15   12    8    3
 0.002543648063969663   15   12    8    4
 -0.01018986446248988   15   12    8    5
 0.005176507429966889   15   12    8    6
 0.006810514087527429   15   12    8    7
 -0.01788295616857268   15   12    8    8
 0.001446834878885055   15   12    9    1
 0.01529444119781682   15   12    9    2
 0.01483582432513182   15   12    9    3
 -0.004989263053395742   15   12    9    4
 0.007402018791330162   15   12    9    5
 -0.003119712757404415   15   12    9    6
 -0.009140327345711312   15   12    9    7
 -0.001439038662766361   15   12    9    8
 -0.01095074730110285   15   12    9    9
 3.177476833911603e-05   15   12   10    1
 0.00122551466663678   15   12   10    2
 0.0004348225760227219   15   12   10    3
 -0.001734150357506798   15   12   10    4
 0.0003860567301307629   15   12   10    5
 -0.006804445989576011   15   12   10    6
 0.000990839352729701   15   12   10    7
 -0.001040798094342069   15   12   10    8
 -0.002150243456293476   15   12   10    9
 -0.01647984200784359   15   12   10   10
 -0.002742992253337094   15   12   11    1
 0.001161066318472124   15   12   11    2
 -0.01957336996619663   15   12   11    3
 0.004967761981068851   15   12   11    4
 -0.001358781850586138   15   12   11    5
 0.005057560217098171   15   12   11    6
 0.005656150080562405   15   12   11    7
 -0.00626848980777149   15   12   11    8
 0.003872913246972286   15   12   11    9
 -0.0003823542815352802   15   12   11   10
 -0.01485885955100373   15   12   11   11
 -0.002823514667528627   15   12   12    1
 0.01254561101470058   15   12   12    2
 0.001802508652378629   15   12   12    3
 -0.01192299358766393   15   12   12    4
 0.01999072923182034   15   12   12    5
 -0.01052495494563552   15   12   12    6
 -0.002322269973652945   15   12   12    7
 0.002407238733645311   15   12   12    8
 -0.001405527386731766   15   12   12    9
 0.005287041080182953   15   12   12   10
 -0.004997647391827132   15   12   12   11
 -0.01875029430642659   15   12   12   12
 -0.000230729252466622   15   12   13    1
 -0.001603629144126416   15   12   13    2
 0.0002131999117555239   15   12   13    3
 0.004394750862758919   15   12   13    4
 -4.457821952150532e-05   15   12   13    5
 0.003604158959432633   15   12   13    6
 0.006006820707110071   15   12   13    7
 -0.0003596418597161664   15   12   13    8
 0.008994860495704126   15   12   13    9
 -0.003222523378977307   15   12   13   10
 -0.003925316286186335   15   12   13   11
 0.01061059111426372   15   12   13   12
 0.002936392720198465   15   12   13   13
 0.0005405966920311172   15   12   14    1
 -0.004158339478447167   15   12   14    2
 -0.002236214802314448   15   12   14    3
 0.002328223723314856   15   12   14    4
 -0.005781393140802679   15   12   14    5
 0.001445032098640343   15   12   14    6
 0.002810261527633661   15   12   14    7
 -0.002323442315981121   15   12   14    8
 0.001373155566781004   15   12   14    9
 -0.0002023611252385901   15   12   14   10
 -0.0003107218506515371   15   12   14   11
 0.007813549764514415   15   12   14   12
 -0.009274224056235443   15   12   14   13
 0.004000851590471128   15   12   14   14
 0.0001934925958020748   15   12   15    1
 -0.004168047531408121   15   12   15    2
 -0.002109550738842057   15   12   15    3
 0.005993973532587719   15   12   15    4
 -0.00832259585753487   15   12   15    5
 0.00646591675218002   15   12   15    6
 0.008180671323955164   15   12   15    7
 -0.001169328062989082   15   12   15    8
 0.01222412238546418   15   12   15    9
 -0.004407766187192464   15   12   15   10
 -0.004477149774743567   15   12   15   11
 0.02923075086582071   15   12   15   12
 0.03341180703468468   15   13    1    1
 4.598299285393699e-05   15   13    2    1
 0.008664802523538075   15   13    2    2
 0.0001803240249067409   15   13    3    1
 0.008814669774737301   15   13    3    2
 0.04418134382902848   15   13    3    3
 -0.0001427752044302315   15   13    4    1
 -0.0266726365901634   15   13    4    2
 -0.004927646411660934   15   13    4    3
 -0.01336799780642427   15   13    4    4
 0.0001518386369389013   15   13    5    1
 0.02964618209329692   15   13    5    2
 -0.0002175308155010574   15   13    5    3
 -0.02167600743637673   15   13    5    4
 0.01080753107658106   15   13    5    5
 -0.0004748956290338222   15   13    6    1
 -0.002899901626015263   15   13    6    2
 -0.01797361940180436   15   13    6    3
 0.05355649832083201   15   13    6    4
 -0.02632550323706339   15   13    6    5
 0.05454424725197638   15   13    6    6
 8.314964915330035e-05   15   13    7    1
 0.003345051308223499   15   13    7    2
 0.001357579067338499   15   13    7    3
 -0.004585500304678538   15   13    7    4
 0.002629688546664602   15   13    7    5
 -0.003991486877941468   15   13    7    6
 0.04695960323509575   15   13    7    7
 0.0005544958945768992   15   13    8    1
 -0.01199888885215101   15   13    8    2
 0.01096663697623888   15   13    8    3
 0.01792864735402602   15   13    8    4
 0.0002916044963579631   15   13    8    5
 0.01324223803467049   15   13    8    6
 -0.00067056981304295   15   13    8    7
 0.0373153033874223   15   13    8    8
 0.0004018899132015417   15   13    9    1
 -0.007200667991655806   15   13    9    2
 0.006470998717273193   15   13    9    3
 0.01369180394866983   15   13    9    4
 -0.0002183143269338438   15   13    9    5
 0.009427718516464003   15   13    9    6
 -0.001473050481542439   15   13    9    7
 0.01090838070327187   15   13    9    8
 0.02953041657902149   15   13    9    9
 -0.0008907265360492407   15   13   10    1
 0.005088211188178002   15   13   10    2
 -0.003625438381036241   15   13   10    3
 -0.01877548498376067   15   13   10    4
 0.02111802053257515   15   13   10    5
 -0.01296258977551621   15   13   10    6
 0.003339028520623528   15   13   10    7
 -0.0125736345423653   15   13   10    8
 -0.007479666369879136   15   13   10    9
 0.03966082625838665   15   13   10   10
 -0.0001743213770810318   15   13   11    1
 0.0003044792408294646   15   13   11    2
 -0.0009677798309349589   15   13   11    3
 -0.0002306315757919817   15   13   11    4
 -0.0009361349155118086   15   13   11    5
 0.002588943494860008   15   13   11    6
 -0.0133995201059835   15   13   11    7
 0.01732418729458698   15   13   11    8
 -0.03156515387618328   15   13   11    9
 -0.0003434839649509243   15   13   11   10
 -0.002001140178816981   15   13   11   11
 -0.0002424614160089579   15   13   12    1
 -0.0006882022300449658   15   13   12    2
 -0.0001341326976806924   15   13   12    3
 0.001349570344686651   15   13   12    4
 0.003031099693781042   15   13   12    5
 -0.001625300154819699   15   13   12    6
 0.02497247829117389   15   13   12    7
 -0.01384097478288859   15   13   12    8
 0.02813343711301823   15   13   12    9
 0.0005885769748280859   15   13   12   10
 0.006020826183324645   15   13   12   11
 0.05757255583485584   15   13   12   12
 -3.424989541336885e-05   15   13   13    1
 0.01389836745500629   15   13   13    2
 0.001850592514694619   15   13   13    3
 -0.006952032981647211   15   13   13    4
 0.01270544363286886   15   13   13    5
 0.01410547782413593   15   13   13    6
 -0.007778759934566269   15   13   13    7
 -0.004937654962134408   15   13   13    8
 0.009717857882992805   15   13   13    9
 -0.01534122896894077   15   13   13   10
 -0.0004750934006494529   15   13   13   11
 0.003301249439871077   15   13   13   12
 0.04461219206907065   15   13   13   13
 0.0001305505984920104   15   13   14    1
 0.003839675266194514   15   13   14    2
 -0.001190901327507287   15   13   14    3
 -0.0009165161385585244   15   13   14    4
 0.00160094718160044   15   13   14    5
 0.005730402870352335   15   13   14    6
 0.01325766956748032   15   13   14    7
 0.00651633416132971   15   13   14    8
 -0.01493937570382289   15   13   14    9
 -0.002563064791590385   15   13   14   10
 0.001754790740780412   15   13   14   11
 -0.005131481768118533   15   13   14   12
 -0.02897908372220954   15   13   14   13
 0.02912071093329201   15   13   14   14
 -0.0005816908508278765   15   13   15    1
 0.003512352783815914   15   13   15    2
 0.006880242270553283   15   13   15    3
 -0.002752904865748807   15   13   15    4
 0.01244846587150901   15   13   15    5
 -0.00401419365680416   15   13   15    6
 0.0004275802939445152   15   13   15    7
 0.005727234523721344   15   13   15    8
 -0.002493664469955895   15   13   15    9
 -0.008567074011371778   15   13   15   10
 -0.0001885827082018156   15   13   15   11
 -0.002290230472366429   15   13   15   12
 0.05731164776579659   15   13   15   13
 -0.006100359851481136   15   14    1    1
 1.058069139265681e-05   15   14    2    1
 -0.001064454420482103   15   14    2    2
 0.0001838644211251059   15   14    3    1
 0.001625741820406157   15   14    3    2
 0.001107943942006182   15   14    3    3
 -1.83353773902027e-05   15   14    4    1
 -0.01026625044327268   15   14    4    2
 -0.001562400739693051   15   14    4    3
 -0.01310994207436977   15   14    4    4
 -9.545555883463612e-05   15   14    5    1
 0.005784869860218567   15   14    5    2
 0.000942435251268647   15   14    5    3
 -0.006674000268151055   15   14    5    4
 -0.001544182558194046   15   14    5    5
 -1.463015080624288e-05   15   14    6    1
 -0.00051711118864683   15   14    6    2
 -0.005066736300289031   15   14    6    3
 0.02014078487776647   15   14    6    4
 -0.009343116472420199   15   14    6    5
 0.01014666309976289   15   14    6    6
 -0.0001954906569523531   15   14    7    1
 -0.004409081332703734   15   14    7    2
 -0.003826123477615194   15   14    7    3
 0.004627670664194589   15   14    7    4
 -0.004165604053869377   15   14    7    5
 0.006960033553530129   15   14    7    6
 0.02955317385542993   15   14    7    7
 4.234393624434987e-05   15   14    8    1
 -0.0003531075702232333   15   14    8    2
 0.003522826890400271   15   14    8    3
 0.00708502111021595   15   14    8    4
 -0.0009673494804553413   15   14    8    5
 0.007872765092065494   15   14    8    6
 0.009087072120376599   15   14    8    7
 0.005835934188687093   15   14    8    8
 -0.0003600332848462938   15   14    9    1
 -0.007175461441998789   15   14    9    2
 -0.004206271069408016   15   14    9    3
 0.005515318392544667   15   14    9    4
 -0.005571225053963298   15   14    9    5
 0.004144291558171138   15   14    9    6
 -0.01097306290890603   15   14    9    7
 -0.001144042372176288   15   14    9    8
 0.00511116782124606   15   14    9    9
 -0.0001646409349122964   15   14   10    1
 0.001887796996834683   15   14   10    2
 -0.000951156540955778   15   14   10    3
 -0.008666624007762183   15   14   10    4
 0.007589119402202534   15   14   10    5
 -0.008623478862018927   15   14   10    6
 -0.00279906917744946   15   14   10    7
 -0.005852439202103402   15   14   10    8
 -0.002137040818051143   15   14   10    9
 0.003733487025181698   15   14   10   10
 0.0005874511921745227   15   14   11    1
 -0.0007478874889475082   15   14   11    2
 0.005400468979699174   15   14   11    3
 -0.001450121136106152   15   14   11    4
 0.0004428327086173118   15   14   11    5
 -0.0004178111040107341   15   14   11    6
 0.0005898703776863861   15   14   11    7
 0.006559937566824948   15   14   11    8
 -0.008932621857056653   15   14   11    9
 -2.602658616480572e-07   15   14   11   10
 -0.008236851968454683   15   14   11   11
 0.0006190721227693933   15   14   12    1
 -0.005856694458957427   15   14   12    2
 -0.001858524958794287   15   14   12    3
 0.00632901883351786   15   14   12    4
 -0.007815927830895587   15   14   12    5
 0.005163415652499831   15   14   12    6
 0.004748735785124406   15   14   12    7
 -0.003944157926022714   15   14   12    8
 0.0101163214351213   15   14   12    9
 -0.003128117566025656   15   14   12   10
 0.0009765626505621389   15   14   12   11
 0.009031932232899505   15   14   12   12
 4.975322064692828e-05   15   14   13    1
 0.003211436153176929   15   14   13    2
 -0.0004555605772468649   15   14   13    3
 -0.001679384850375445   15   14   13    4
 0.001586292246959853   15   14   13    5
 0.01114216726895695   15   14   13    6
 -0.002234066730498484   15   14   13    7
 0.002695245444952239   15   14   13    8
 -0.001083254788996098   15   14   13    9
 -0.008542662119416499   15   14   13   10
 0.002193725235837887   15   14   13   11
 -0.007894818177022551   15   14   13   12
 0.008692067132176046   15   14   13   13
 -0.0001136887697431305   15   14   14    1
 0.0003244489120031515   15   14   14    2
 0.0006387521319846294   15   14   14    3
 0.001093679913910957   15   14   14    4
 0.001353799870958176   15   14   14    5
 0.006887057464455516   15   14   14    6
 0.008065622242896869   15   14   14    7
 0.0053046434632202   15   14   14    8
 -0.002559899642257546   15   14   14    9
 -0.005603038761512372   15   14   14   10
 0.0007734045192501501   15   14   14   11
 0.005871805720779865   15   14   14   12
 -0.01586797865618305   15   14   14   13
 0.0187373146817741   15   14   14   14
 -0.0001181239366767911   15   14   15    1
 3.39555721367507e-05   15   14   15    2
 0.002194564219225794   15   14   15    3
 0.005535962442306196   15   14   15    4
 0.0003420875356758008   15   14   15    5
 0.005799229774384106   15   14   15    6
 0.00354808727365037   15   14   15    7
 0.009270939228624349   15   14   15    8
 -0.003697813005584872   15   14   15    9
 -0.008269509414809185   15   14   15   10
 0.002996473474352751   15   14   15   11
 -0.004594951347037057   15   14   15   12
 0.01558629927075595   15   14   15   13
 0.02481729176997157   15   14   15   14
 0.402916446636101   15   15    1    1
 0.0001548621668836695   15   15    2    1
 0.3886924276943488   15   15    2    2
 -0.00139996377185521   15   15    3    1
 0.004109384556126017   15   15    3    2
 0.3759777773325256   15   15    3    3
 -0.0006106953468288567   15   15    4    1
 -0.02306971202317329   15   15    4    2
 -0.008152074677945981   15   15    4    3
 0.3290717856980436   15   15    4    4
 0.002278259492424532   15   15    5    1
 0.02808251475533932   15   15    5    2
 0.01399459082405357   15   15    5    3
 -0.01742501408774703   15   15    5    4
 0.3591237906547277   15   15    5    5
 -0.002079939339901661   15   15    6    1
 0.001461829529036458   15   15    6    2
 -0.02714668840392099   15   15    6    3
 0.05170582672937536   15   15    6    4
 -0.01154653112814439   15   15    6    5
 0.3902446440626557   15   15    6    6
 -0.000328634026564902   15   15    7    1
 -0.002268737829778958   15   15    7    2
 -0.003738635291483198   15   15    7    3
 -0.002794785514545199   15   15    7    4
 -0.001952266139427011   15   15    7    5
 -0.005383501602364706   15   15    7    6
 0.3093223397244663   15   15    7    7
 0.005141935002716862   15   15    8    1
 -0.01133223774548609   15   15    8    2
 0.03962046968598783   15   15    8    3
 0.01783120310870958   15   15    8    4
 -0.01703462623666962   15   15    8    5
 0.01109466083977603   15   15    8    6
 -0.01913032724975416   15   15    8    7
 0.3546871965902301   15   15    8    8
 0.002176822665479291   15   15    9    1
 -0.0138841737134278   15   15    9    2
 0.01278046421147167   15   15    9    3
 0.01639605737691303   15   15    9    4
 -0.0143667093326341   15   15    9    5
 0.01249587312832225   15   15    9    6
 0.03168966406427563   15   15    9    7
 0.007254332795628712   15   15    9    8
 0.3516005592220638   15   15    9    9
 -0.001689706976443468   15   15   10    1
 -0.001432565836949212   15   15   10    2
 -0.007159182827820841   15   15   10    3
 -0.02352263838971518   15   15   10    4
 0.01080812481643119   15   15   10    5
 -0.02486658321329408   15   15   10    6
 0.001526999637662384   15   15   10    7
 -0.01205510576675096   15   15   10    8
 -0.007020946006408004   15   15   10    9
 0.3542783647861278   15   15   10   10
 0.0008228840193534069   15   15   11    1
 -0.0002328666160875858   15   15   11    2
 0.007217456255676962   15   15   11    3
 -0.002603759236060265   15   15   11    4
 -0.0008386884565187727   15   15   11    5
 -0.001251420695489394   15   15   11    6
 -0.01661902663025302   15   15   11    7
 0.002688794399932094   15   15   11    8
 -0.003426440697714643   15   15   11    9
 -0.0005543063835476392   15   15   11   10
 0.3400244789510475   15   15   11   11
 0.0003688673720584462   15   15   12    1
 -0.008976326344563652   15   15   12    2
 -0.003092384579588956   15   15   12    3
 0.01012396068169043   15   15   12    4
 -0.005054567281475424   15   15   12    5
 0.005287912161252894   15   15   12    6
 0.04406656781668324   15   15   12    7
 -0.008098842105340908   15   15   12    8
 0.0220471240457899   15   15   12    9
 -0.001838928286965266   15   15   12   10
 -0.01246989010549722   15   15   12   11
 0.3826504355270193   15   15   12   12
 3.095176411828845e-05   15   15   13    1
 0.0170634813105129   15   15   13    2
 0.001345837122108971   15   15   13    3
 -0.02965360627432154   15   15   13    4
 0.004799780115805018   15   15   13    5
 0.005606026349416644   15   15   13    6
 -0.01658775246404802   15   15   13    7
 -0.006513979622821221   15   15   13    8
 0.009747787250730517   15   15   13    9
 -0.008480705085255672   15   15   13   10
 -0.004040525274973745   15   15   13   11
 0.003413704115869566   15   15   13   12
 0.3570996965897251   15   15   13   13
 0.000232449775048567   15   15   14    1
 0.004204120049588756   15   15   14    2
 3.299418551830749e-05   15   15   14    3
 -0.003144750946952568   15   15   14    4
 0.002755066350305098   15   15   14    5
 0.0133722097554826   15   15   14    6
 0.04091538227295884   15   15   14    7
 0.01699545400872559   15   15   14    8
 -0.02808559433398927   15   15   14    9
 -0.006380473351685303   15   15   14   10
 0.01482364946681999   15   15   14   11
 -0.02572908309941905   15   15   14   12
 -0.02826680571749345   15   15   14   13
 0.294548830781372   15   15   14   14
 -0.002514478993639039   15   15   15    1
 -0.01395757809044836   15   15   15    2
 0.006154708351617153   15   15   15    3
 0.007655993877893181   15   15   15    4
 0.02630565326557176   15   15   15    5
 -0.02250432228049302   15   15   15    6
 0.00485438739562763   15   15   15    7
 0.01179714154481166   15   15   15    8
 -0.01036576085182784   15   15   15    9
 -0.003893113750474753   15   15   15   10
 0.006050422684532909   15   15   15   11
 -0.0123951583003364   15   15   15   12
 0.0631102365352513   15   15   15   13
 0.02589324680571789   15   15   15   14
 0.4209600103974345   15   15   15   15
 0.04848260877761021   16    1    1    1
 -0.0005168936424714017   16    1    2    1
 -0.001129185884176598   16    1    2    2
 -0.007363271561950486   16    1    3    1
 -0.0004634551013730962   16    1    3    2
 -0.001542130329629247   16    1    3    3
 -0.0008105304955045464   16    1    4    1
 -0.0001872998349488144   16    1    4    2
 -0.0005264043373461547   16    1    4    3
 -0.0008898642565910286   16    1    4    4
 0.001261416603797434   16    1    5    1
 -0.0003654669421933339   16    1    5    2
 -0.00235683687858521   16    1    5    3
 -0.0002199803500215037   16    1    5    4
 0.0006031970245415076   16    1    5    5
 -0.002831032727165539   16    1    6    1
 -0.0004069223601580278   16    1    6    2
 -0.002001462888673603   16    1    6    3
 -0.0001020943042123465   16    1    6    4
 -0.0001105997054744441   16    1    6    5
 -0.00114542209268659   16    1    6    6
 0.0002995523722331152   16    1    7    1
 5.990081012751896e-05   16    1    7    2
 0.0005162386406504514   16    1    7    3
 4.382105863702651e-05   16    1    7    4
 -0.0002024293773947997   16    1    7    5
 0.0001090260652765048   16    1    7    6
 -0.0001956864175298831   16    1    7    7
 -0.001508891115840972   16    1    8    1
 -0.0002017582379324736   16    1    8    2
 -0.00518414287691711   16    1    8    3
 -0.0002736712878114735   16    1    8    4
 0.002709059243488366   16    1    8    5
 -0.0004182164320661251   16    1    8    6
 -4.953736666568697e-05   16    1    8    7
 0.002980651166874131   16    1    8    8
 -0.000901268078198477   16    1    9    1
 -9.424882218349369e-05   16    1    9    2
 -0.002706688196078073   16    1    9    3
 -0.0001446509164117069   16    1    9    4
 0.001378539266180964   16    1    9    5
 -0.0002490360872661307   16    1    9    6
 -0.0004525840636238433   16    1    9    7
 0.001862116374102033   16    1    9    8
 0.0001617222614428133   16    1    9    9
 -0.00645844436709623   16    1   10    1
 -0.0002461213657183868   16    1   10    2
 -0.007141080213886007   16    1   10    3
 -0.0004382314214923413   16    1   10    4
 0.003116446668141013   16    1   10    5
 -0.0009075338388807241   16    1   10    6
 -0.0001582537459253213   16    1   10    7
 0.002733797244110502   16    1   10    8
 0.001337145469185356   16    1   10    9
 0.0008837613823224654   16    1   10   10
 -0.0005157367021621522   16    1   11    1
 -1.034482724553249e-05   16    1   11    2
 -0.000513395692886134   16    1   11    3
 -1.918258783628159e-05   16    1   11    4
 0.0002321646841153673   16    1   11    5
 -8.1014565931088e-05   16    1   11    6
 -0.0001176087088250802   16    1   11    7
 0.0004140278213847794   16    1   11    8
 -0.0002846389527964705   16    1   11    9
 5.155105471874334e-06   16    1   11   10
 -0.0001806882899659235   16    1   11   11
 0.0002957912889948223   16    1   12    1
 1.529896394953837e-05   16    1   12    2
 0.0002212748089976911   16    1   12    3
 -1.797776321169139e-05   16    1   12    4
 -0.0001082945816892207   16    1   12    5
 3.887197885104779e-05   16    1   12    6
 -0.0005376192563671647   16    1   12    7
 0.0002020117679174944   16    1   12    8
 -0.0006965497872110239   16    1   12    9
 1.724040978065142e-05   16    1   12   10
 0.001063335897277662   16    1   12   11
 -8.562622767307085e-05   16    1   12   12
 -0.0003575541295429645   16    1   13    1
 5.353973978083265e-06   16    1   13    2
 -0.0002542827679930438   16    1   13    3
 0.0002225330961198333   16    1   13    4
 0.0002309049214043956   16    1   13    5
 0.0001585709810970514   16    1   13    6
 -8.446175056412314e-05   16    1   13    7
 0.0003754827111597254   16    1   13    8
 7.559925756530749e-05   16    1   13    9
 -4.463403102593292e-05   16    1   13   10
 0.0001251328842656813   16    1   13   11
 -3.904123806735522e-05   16    1   13   12
 -0.0005499181484408457   16    1   13   13
 -9.541897986392498e-05   16    1   14    1
 -1.845525262531963e-05   16    1   14    2
 2.993327683454649e-06   16    1   14    3
 4.578228630614894e-05   16    1   14    4
 -5.167937757324395e-07   16    1   14    5
 -7.975181331759288e-05   16    1   14    6
 0.0001232992109151266   16    1   14    7
 -9.812512310997145e-05   16    1   14    8
 0.0002341165877063608   16    1   14    9
 -0.0001450676158159106   16    1   14   10
 -0.0002778348368607184   16    1   14   11
 9.784845739163557e-05   16    1   14   12
 -0.0001484609124155259   16    1   14   13
 -0.0002502904523856804   16    1   14   14
 0.002929550078391147   16    1   15    1
 6.709623930440487e-05   16    1   15    2
 0.0008969058216436559   16    1   15    3
 0.0002419224930754312   16    1   15    4
 -0.0003594611194391051   16    1   15    5
 0.0008990429205680656   16    1   15    6
 -3.927654859150258e-06   16    1   15    7
 4.575106732975579e-05   16    1   15    8
 0.0001971262765290032   16    1   15    9
 0.001553502601223851   16    1   15   10
 -5.353265462110753e-05   16    1   15   11
 1.670865235841393e-06   16    1   15   12
 4.681064660996155e-05   16    1   15   13
 2.44113461871026e-05   16    1   15   14
 -0.0006666232328660016   16    1   15   15
 0.003993414086878354   16    1   16    1
 0.003499095530059778   16    2    1    1
 -3.519608771341432e-06   16    2    2    1
 -0.0413884099413434   16    2    2    2
 0.0001956122575252391   16    2    3    1
 0.00980335804012389   16    2    3    2
 0.01126788031508449   16    2    3    3
 -7.807126984838313e-06   16    2    4    1
 -0.006650834513698784   16    2    4    2
 0.001161730133353129   16    2    4    3
 -0.02418060674562069   16    2    4    4
 -4.091116974304759e-05   16    2    5    1
 0.003039839814415642   16    2    5    2
 0.002168076920981512   16    2    5    3
 -0.008232423307340342   16    2    5    4
 -0.01098470519940379   16    2    5    5
 -1.045568364587772e-05   16    2    6    1
 -0.005841419259463766   16    2    6    2
 0.003716797334453262   16    2    6    3
 0.008793740802550453   16    2    6    4
 -0.003617891300898983   16    2    6    5
 -0.006008101041610069   16    2    6    6
 -1.352814776810579e-06   16    2    7    1
 0.000335614317908735   16    2    7    2
 -0.0005090311053914246   16    2    7    3
 0.000398974228240884   16    2    7    4
 0.0001942653164423237   16    2    7    5
 0.0005616136697319603   16    2    7    6
 0.002079701446397892   16    2    7    7
 9.346300135239351e-05   16    2    8    1
 0.006881729823657624   16    2    8    2
 0.006502165891027612   16    2    8    3
 0.004895690240194755   16    2    8    4
 0.009613304169647058   16    2    8    5
 0.004125076178701516   16    2    8    6
 0.001603923358890551   16    2    8    7
 -0.0001227896572248401   16    2    8    8
 5.297060470125669e-05   16    2    9    1
 0.00295044967721748   16    2    9    2
 0.003861873425199849   16    2    9    3
 0.003782077236506091   16    2    9    4
 0.005095159440275502   16    2    9    5
 0.003127406636224315   16    2    9    6
 -0.003339343604648809   16    2    9    7
 0.01197284450742716   16    2    9    8
 -0.0130182010606806   16    2    9    9
 5.023257022136235e-05   16    2   10    1
 0.01131408559743122   16    2   10    2
 0.0005890639386881194   16    2   10    3
 0.001472975300922893   16    2   10    4
 0.007873869485606835   16    2   10    5
 0.00791357944609326   16    2   10    6
 -0.0003607592770933583   16    2   10    7
 -0.00338582682028616   16    2   10    8
 -0.0007697919378942234   16    2   10    9
 -0.0009412785331984415   16    2   10   10
 9.780527862051898e-06   16    2   11    1
 3.064905828769164e-05   16    2   11    2
 0.0005295859905471045   16    2   11    3
 0.0003301426084267508   16    2   11    4
 4.308677603003566e-05   16    2   11    5
 0.001165587651807961   16    2   11    6
 -0.01276610292774715   16    2   11    7
 0.01875853283409644   16    2   11    8
 -0.03403706443601755   16    2   11    9
 0.0003509261882241334   16    2   11   10
 -0.03725879044248209   16    2   11   11
 -1.795555629636324e-05   16    2   12    1
 0.002702277365193128   16    2   12    2
 -0.0006154936582985718   16    2   12    3
 -0.0001613567938155751   16    2   12    4
 -5.635316688317439e-05   16    2   12    5
 0.0006703083555020715   16    2   12    6
 0.009337911453755988   16    2   12    7
 -0.009896461029214723   16    2   12    8
 0.01941886035659561   16    2   12    9
 -0.0006770974886828126   16    2   12   10
 0.01502418179116995   16    2   12   11
 0.007607144678726594   16    2   12   12
 1.361969206161314e-05   16    2   13    1
 0.0005545065859142676   16    2   13    2
 0.001360944829498738   16    2   13    3
 0.009410811955208159   16    2   13    4
 0.01722114296223892   16    2   13    5
 0.004283483756201789   16    2   13    6
 0.0007491228225955591   16    2   13    7
 -0.007926164634685099   16    2   13    8
 9.951386191361725e-05   16    2   13    9
 -0.005542166433861145   16    2   13   10
 0.001901451693988014   16    2   13   11
 0.001715582671037025   16    2   13   12
 -0.00938407669013654   16    2   13   13
 1.224087813548042e-05   16    2   14    1
 0.0001786578651351414   16    2   14    2
 0.0006252769955527758   16    2   14    3
 0.003642873751657858   16    2   14    4
 0.00322932410995249   16    2   14    5
 0.0001962643156365847   16    2   14    6
 -0.002383491352017556   16    2   14    7
 0.002475665899987924   16    2   14    8
 -0.006799783653784885   16    2   14    9
 -0.0008347985379421243   16    2   14   10
 -0.003705149821735902   16    2   14   11
 -0.002110428497256692   16    2   14   12
 -0.004018085487308675   16    2   14   13
 0.000830350047609487   16    2   14   14
 -0.0001263415327119498   16    2   15    1
 0.02457766685198285   16    2   15    2
 -0.003338248029987547   16    2   15    3
 -0.006206098914703442   16    2   15    4
 -0.0009543287684265042   16    2   15    5
 0.009579624886173298   16    2   15    6
 -0.00149125933141885   16    2   15    7
 0.001387251359062026   16    2   15    8
 -0.002692362726446151   16    2   15    9
 -0.005845624345188932   16    2   15   10
 -0.001609631697678169   16    2   15   11
 -0.002841445905351119   16    2   15   12
 0.009231784390148644   16    2   15   13
 0.004233963256453852   16    2   15   14
 -0.01193529176835797   16    2   15   15
 -0.0001134773432038769   16    2   16    1
 0.05023816463675776   16    2   16    2
 -0.0687954449722858   16    3    1    1
 -0.0001454370759223816   16    3    2    1
 0.01934970412236699   16    3    2    2
 0.001018273783188667   16    3    3    1
 -0.001973420385396807   16    3    3    2
 -0.02993539964676088   16    3    3    3
 -0.0001130551927031501   16    3    4    1
 0.002717195630589991   16    3    4    2
 0.001286696882810507   16    3    4    3
 0.005799107736788348   16    3    4    4
 -0.001997678731004825   16    3    5    1
 0.009136596003502757   16    3    5    2
 0.008953191327461398   16    3    5    3
 0.006069777391760881   16    3    5    4
 0.01358343843957852   16    3    5    5
 -0.0007810600272824191   16    3    6    1
 0.009679129370175085   16    3    6    2
 0.002114345899269147   16    3    6    3
 -0.006634840322298604   16    3    6    4
 0.01399123352380181   16    3    6    5
 -0.009693720185250288   16    3    6    6
 0.0003462788416155931   16    3    7    1
 -0.0007288793435383336   16    3    7    2
 -8.88581863552477e-05   16    3    7    3
 0.0001763839297621703   16    3    7    4
 -0.0007508323805880387   16    3    7    5
 0.0004113481969723754   16    3    7    6
 -0.001226846476807765   16    3    7    7
 -0.004071532851717284   16    3    8    1
 -0.00190366159422263   16    3    8    2
 -0.003931088061898211   16    3    8    3
 0.001181640834023174   16    3    8    4
 -0.002554090733819907   16    3    8    5
 0.006102532465640723   16    3    8    6
 -0.00132723805161179   16    3    8    7
 -0.004514523585915798   16    3    8    8
 -0.002110500776159482   16    3    9    1
 -0.000712789063486032   16    3    9    2
 -0.002326967729462597   16    3    9    3
 0.0004339122558747596   16    3    9    4
 -0.0006569681092300518   16    3    9    5
 0.002650437162302565   16    3    9    6
 0.00151033817123857   16    3    9    7
 -0.005369732681173604   16    3    9    8
 0.002684159982503798   16    3    9    9
 -0.004843032648835533   16    3   10    1
 -0.004985141423511815   16    3   10    2
 -0.01164782918847534   16    3   10    3
 -0.004115701273347425   16    3   10    4
 0.0004317970741236393   16    3   10    5
 -0.01628107700017898   16    3   10    6
 0.0008061207011052245   16    3   10    7
 0.008254797578674209   16    3   10    8
 0.003294943191107561   16    3   10    9
 -0.02700007690050063   16    3   10   10
 -0.0003699079961589755   16    3   11    1
 -0.000261225283343063   16    3   11    2
 -0.001377463177693646   16    3   11    3
 -0.0002147691910161439   16    3   11    4
 -0.0001569069260679555   16    3   11    5
 -0.001009526441144762   16    3   11    6
 0.007154572793244948   16    3   11    7
 -0.007546300300366401   16    3   11    8
 0.01399458048449186   16    3   11    9
 -0.0003259775079456059   16    3   11   10
 -0.004824830975592208   16    3   11   11
 0.0001907508312361905   16    3   12    1
 -0.0004428205294114797   16    3   12    2
 0.001208815932357564   16    3   12    3
 0.0009000025512329242   16    3   12    4
 0.0005018057426856213   16    3   12    5
 0.0007435176975799499   16    3   12    6
 0.007105377493284637   16    3   12    7
 -0.003385036600857683   16    3   12    8
 0.01028637234014641   16    3   12    9
 0.0004063026398937849   16    3   12   10
 -0.01777945832364204   16    3   12   11
 -0.003969073262519619   16    3   12   12
 -0.00027268531264863   16    3   13    1
 0.0002606875293978961   16    3   13    2
 -0.002191536620885405   16    3   13    3
 -0.003768329825890064   16    3   13    4
 -0.002037673214709843   16    3   13    5
 -0.001393874091242838   16    3   13    6
 0.001027051459566756   16    3   13    7
 -0.001251702562892485   16    3   13    8
 0.0003863880278999869   16    3   13    9
 0.001074568897992712   16    3   13   10
 -0.001693602803358292   16    3   13   11
 0.0002003432641678533   16    3   13   12
 0.004156883185339977   16    3   13   13
 -3.404567592209087e-05   16    3   14    1
 0.0009338778589318965   16    3   14    2
 -2.142842538398002e-05   16    3   14    3
 -0.001368594368453656   16    3   14    4
 0.0001296465852655037   16    3   14    5
 0.0002629594543401053   16    3   14    6
 -0.002006476271709506   16    3   14    7
 0.0005590214894852237   16    3   14    8
 -0.0027578060744275   16    3   14    9
 0.0008129879716026084   16    3   14   10
 0.003773873632575744   16    3   14   11
 -0.001062935249670766   16    3   14   12
 0.002045607326646004   16    3   14   13
 0.0004609729281960444   16    3   14   14
 0.0009237775046318191   16    3   15    1
 -0.003739492095250732   16    3   15    2
 0.008316927756219054   16    3   15    3
 0.003228820908575221   16    3   15    4
 0.001992168537283313   16    3   15    5
 0.003140032532077608   16    3   15    6
 -0.001538410727963642   16    3   15    7
 0.005481256834005786   16    3   15    8
 0.00132911717700378   16    3   15    9
 -0.0006137439963764892   16    3   15   10
 0.002340225039486615   16    3   15   11
 -0.001082448444653054   16    3   15   12
 -0.002945828236964492   16    3   15   13
 0.000828684033853302   16    3   15   14
 -0.006551761798080439   16    3   15   15
 0.002245214016506816   16    3   16    1
 0.004226241434362404   16    3   16    2
 0.02208016110258052   16    3   16    3
 -0.001598566400857748   16    4    1    1
 8.421283833945208e-06   16    4    2    1
 -0.003939841762464712   16    4    2    2
 0.0003231216347557027   16    4    3    1
 0.001517569081685219   16    4    3    2
 0.010124541350847   16    4    3    3
 -7.293847895276337e-05   16    4    4    1
 -0.00368250467095269   16    4    4    2
 -0.003062413998669013   16    4    4    3
 -0.007862308908940165   16    4    4    4
 -9.912574589293758e-05   16    4    5    1
 -0.007839209832828795   16    4    5    2
 0.002206060217616742   16    4    5    3
 -0.01102713085773373   16    4    5    4
 -0.006613070622793934   16    4    5    5
 -0.0003498626292400248   16    4    6    1
 -0.006013793292202581   16    4    6    2
 -0.006268621306104559   16    4    6    3
 0.002163076771054652   16    4    6    4
 -0.003296904641193736   16    4    6    5
 0.00857580413554709   16    4    6    6
 4.10829530341118e-05   16    4    7    1
 0.0009551050531203844   16    4    7    2
 0.0007242009956211952   16    4    7    3
 8.281485681511851e-05   16    4    7    4
 0.0009268748024050774   16    4    7    5
 -0.001168612918217009   16    4    7    6
 -0.002496361911590849   16    4    7    7
 5.501351700039348e-05   16    4    8    1
 0.003835193749046512   16    4    8    2
 0.005067924801578114   16    4    8    3
 0.002930706164570642   16    4    8    4
 0.004527207464646755   16    4    8    5
 8.292505367112393e-06   16    4    8    6
 -0.001068468811552598   16    4    8    7
 0.001310032812344793   16    4    8    8
 3.024325094908712e-05   16    4    9    1
 0.002980767731260355   16    4    9    2
 0.003244776624684764   16    4    9    3
 0.001949812800476607   16    4    9    4
 0.003090690894553315   16    4    9    5
 0.0004228573579423916   16    4    9    6
 0.001365705795721325   16    4    9    7
 0.004932407024429403   16    4    9    8
 -0.00403944064398146   16    4    9    9
 -0.000951646088896404   16    4   10    1
 0.003982994034365517   16    4   10    2
 -0.004197924244152545   16    4   10    3
 0.00391214451577089   16    4   10    4
 0.005515504505357634   16    4   10    5
 0.0003557972793922331   16    4   10    6
 8.232325281014422e-05   16    4   10    7
 -0.0004662427986418698   16    4   10    8
 7.034955729181804e-05   16    4   10    9
 -0.001137408549396076   16    4   10   10
 -3.69696896838409e-05   16    4   11    1
 0.000608061252485114   16    4   11    2
 -0.0004968403099291244   16    4   11    3
 0.001138008420956077   16    4   11    4
 9.281200286767412e-05   16    4   11    5
 0.0005021282861740437   16    4   11    6
 -0.005455771704826301   16    4   11    7
 0.006159546720499632   16    4   11    8
 -0.0116265365696985   16    4   11    9
 -0.0001759804113336898   16    4   11   10
 -0.01040655086260782   16    4   11   11
 -4.120021581225665e-05   16    4   12    1
 0.000713326618119101   16    4   12    2
 0.0003212736435157636   16    4   12    3
 -0.00169942994417741   16    4   12    4
 0.0009556239917653358   16    4   12    5
 -0.001032123146213499   16    4   12    6
 0.0038467380845406   16    4   12    7
 -0.003512410905710749   16    4   12    8
 0.007027550588344644   16    4   12    9
 0.0007560916769865191   16    4   12   10
 0.002953421679491238   16    4   12   11
 0.004867628271563896   16    4   12   12
 -4.966160595735482e-05   16    4   13    1
 0.005228538206692625   16    4   13    2
 0.001368098425607695   16    4   13    3
 0.007837559490401949   16    4   13    4
 0.009390502390704328   16    4   13    5
 -0.005246304895545895   16    4   13    6
 0.002565550115424423   16    4   13    7
 -0.004249645200885128   16    4   13    8
 -0.001686373208476049   16    4   13    9
 -0.0005604772324553182   16    4   13   10
 -2.588964402551929e-05   16    4   13   11
 0.00222656503750817   16    4   13   12
 -0.007136330899131773   16    4   13   13
 5.755596915489315e-05   16    4   14    1
 0.0006562032004808772   16    4   14    2
 -0.0002150639382143539   16    4   14    3
 0.003553838113780164   16    4   14    4
 0.001484026166396518   16    4   14    5
 -0.0006857282700468532   16    4   14    6
 -0.003823530478134062   16    4   14    7
 -0.0007529174599305447   16    4   14    8
 -0.002106609217832007   16    4   14    9
 -7.02508603606429e-05   16    4   14   10
 -0.001008079645660297   16    4   14   11
 -0.002592496887577977   16    4   14   12
 -0.0001331298518217377   16    4   14   13
 -0.004091927584717711   16    4   14   14
 -0.0003137360277609504   16    4   15    1
 0.004026776642150494   16    4   15    2
 0.002868508914881101   16    4   15    3
 -0.01080437920694761   16    4   15    4
 0.002176136747750369   16    4   15    5
 -0.009157988735940099   16    4   15    6
 -0.0003121239176806226   16    4   15    7
 -4.420268247849868e-05   16    4   15    8
 -0.0006940626042706557   16    4   15    9
 0.004382570001592417   16    4   15   10
 -0.0008122958637946863   16    4   15   11
 -0.0005210918202811187   16    4   15   12
 0.004000970559430998   16    4   15   13
 -0.00248132776006676   16    4   15   14
 0.001483013629050852   16    4   15   15
 0.0001922736980349093   16    4   16    1
 0.006423864633696879   16    4   16    2
 -0.001410379371199912   16    4   16    3
 0.01430593537835092   16    4   16    4
 0.01653456130331007   16    5    1    1
 9.918780941697915e-05   16    5    2    1
 -0.0008453681428474735   16    5    2    2
 0.0004681306506142983   16    5    3    1
 0.01229933023602255   16    5    3    2
 0.03744231281895914   16    5    3    3
 0.0001252372543570447   16    5    4    1
 -0.0158639979872306   16    5    4    2
 0.003220021742997979   16    5    4    3
 -0.02124070144731665   16    5    4    4
 0.0007369065977016572   16    5    5    1
 0.03111883804323038   16    5    5    2
 0.006775512870254555   16    5    5    3
 -0.006722079630473913   16    5    5    4
 0.001197222434661548   16    5    5    5
 0.0006686564669317282   16    5    6    1
 0.01305268363878991   16    5    6    2
 0.003153220846920079   16    5    6    3
 0.02494670352995969   16    5    6    4
 -0.005496475294680095   16    5    6    5
 0.01793782468913203   16    5    6    6
 -0.0001894804039153305   16    5    7    1
 4.74637668356081e-05   16    5    7    2
 -0.001406047652433041   16    5    7    3
 -0.0005354938351613247   16    5    7    4
 0.0008275941161333242   16    5    7    5
 -0.000555184675251374   16    5    7    6
 0.02055991750080792   16    5    7    7
 0.002077632827102094   16    5    8    1
 -0.003258544466202235   16    5    8    2
 0.02215191852606626   16    5    8    3
 0.008800124117373593   16    5    8    4
 0.007372669863255804   16    5    8    5
 0.00620577612502825   16    5    8    6
 -0.00240551918296558   16    5    8    7
 0.01742990427004423   16    5    8    8
 0.001099606901298563   16    5    9    1
 -0.002120285321655504   16    5    9    2
 0.01207077909199793   16    5    9    3
 0.006895299856262006   16    5    9    4
 0.004798678750035226   16    5    9    5
 0.004614167512039218   16    5    9    6
 0.004780422560136318   16    5    9    7
 0.005808209905964537   16    5    9    8
 0.01445480432815183   16    5    9    9
 0.00301982243086426   16    5   10    1
 0.0004679666628213688   16    5   10    2
 0.01337761587599278   16    5   10    3
 -0.003267178448522659   16    5   10    4
 0.005846771191644293   16    5   10    5
 0.006390927411723895   16    5   10    6
 0.0004070471551716914   16    5   10    7
 -0.01038943721676409   16    5   10    8
 -0.004315761965758251   16    5   10    9
 0.01540579046084242   16    5   10   10
 0.0002283031777293232   16    5   11    1
 -0.0002574279026217688   16    5   11    2
 0.001180904091636544   16    5   11    3
 -0.0001674999884796404   16    5   11    4
 -0.0007666447482241231   16    5   11    5
 0.001163133497415111   16    5   11    6
 -0.01312606279826473   16    5   11    7
 0.01609572075409843   16    5   11    8
 -0.03075169650082078   16    5   11    9
 3.960641925069581e-05   16    5   11   10
 -0.01283513476525143   16    5   11   11
 -0.0001383495021342187   16    5   12    1
 -0.0002145389514542214   16    5   12    2
 -0.000222790038768494   16    5   12    3
 0.0009403220438392317   16    5   12    4
 0.002731572309094083   16    5   12    5
 0.0006153288723308635   16    5   12    6
 0.01816243578095525   16    5   12    7
 -0.01373123086863103   16    5   12    8
 0.02832053146184795   16    5   12    9
 -0.0003419932606981405   16    5   12   10
 0.007376449365377889   16    5   12   11
 0.03927373047316545   16    5   12   12
 0.000189220929127049   16    5   13    1
 0.01268751622258465   16    5   13    2
 0.0003596262559576494   16    5   13    3
 -0.0004326716290344425   16    5   13    4
 0.01444354983759119   16    5   13    5
 0.005142812859476808   16    5   13    6
 0.001006043765937536   16    5   13    7
 -0.009505542822638921   16    5   13    8
 0.001830786934142748   16    5   13    9
 -0.005768215362050664   16    5   13   10
 0.0001976032552831128   16    5   13   11
 0.005080133661446232   16    5   13   12
 0.008751289135007006   16    5   13   13
 3.554429212410489e-05   16    5   14    1
 0.004100162736992819   16    5   14    2
 -0.0001431485437591753   16    5   14    3
 0.001684103139566541   16    5   14    4
 0.002568312462751349   16    5   14    5
 0.002478645823377496   16    5   14    6
 -0.001628109429428583   16    5   14    7
 0.004301730411180994   16    5   14    8
 -0.01078884152027212   16    5   14    9
 -0.001501791462993792   16    5   14   10
 -0.0003302730995558661   16    5   14   11
 -0.008076905771615833   16    5   14   12
 -0.009579181578862676   16    5   14   13
 0.01319528657689475   16    5   14   14
 -0.0008057085401276066   16    5   15    1
 0.003862936686801699   16    5   15    2
 0.002217471979331418   16    5   15    3
 -0.007755721906544102   16    5   15    4
 0.01352389791997182   16    5   15    5
 0.002409546308243682   16    5   15    6
 -0.001453831384435128   16    5   15    7
 0.001198720841468327   16    5   15    8
 -0.005179889626542033   16    5   15    9
 -0.005568890724403705   16    5   15   10
 -0.000239483785386998   16    5   15   11
 -0.00514737194696645   16    5   15   12
 0.0235227557865005   16    5   15   13
 0.008548022816769096   16    5   15   14
 0.01606815781468869   16    5   15   15
 -0.001570860787168627   16    5   16    1
 0.02924033423391836   16    5   16    2
 0.009421452137321845   16    5   16    3
 0.005735616812253251   16    5   16    4
 0.05106397838628998   16    5   16    5
 0.001439805024426798   16    6    1    1
 7.301259086825305e-05   16    6    2    1
 0.006656026450448727   16    6    2    2
 0.001315162964213777   16    6    3    1
 0.01286507559555452   16    6    3    2
 0.04827021188421938   16    6    3    3
 -0.0002449169441903244   16    6    4    1
 -0.01225860559161325   16    6    4    2
 -0.004449373963759559   16    6    4    3
 -0.005750472532371316   16    6    4    4
 -0.0002113844110142909   16    6    5    1
 0.02794222285546815   16    6    5    2
 0.009660161366730606   16    6    5    3
 -0.005022495961291278   16    6    5    4
 0.01461663333317739   16    6    5    5
 -0.001129561530470573   16    6    6    1
 0.003814266034769807   16    6    6    2
 -0.01835091468594116   16    6    6    3
 0.03125316438327669   16    6    6    4
 -0.005928620197413748   16    6    6    5
 0.03664024933167552   16    6    6    6
 0.0001010506171074869   16    6    7    1
 0.001080811740689621   16    6    7    2
 0.0007950597998773413   16    6    7    3
 -0.00195965650273941   16    6    7    4
 0.001445689088127958   16    6    7    5
 -0.003736302599827939   16    6    7    6
 0.01201027945436011   16    6    7    7
 0.000626328945872582   16    6    8    1
 -0.00220455327247217   16    6    8    2
 0.02465069448161723   16    6    8    3
 0.006172538891961042   16    6    8    4
 0.006899349063935757   16    6    8    5
 0.002961336349761651   16    6    8    6
 -0.008420982540701411   16    6    8    7
 0.02818269555973443   16    6    8    8
 0.0003179843424988773   16    6    9    1
 -0.0006433705605279704   16    6    9    2
 0.01332118416952509   16    6    9    3
 0.005410598683002517   16    6    9    4
 0.005193616836860726   16    6    9    5
 0.003061755553243454   16    6    9    6
 0.01399047499047447   16    6    9    7
 0.00858958127655373   16    6    9    8
 0.02164685802267729   16    6    9    9
 -0.002741399725714952   16    6   10    1
 0.0008323327924237817   16    6   10    2
 -0.0107185346315576   16    6   10    3
 -0.007532215838875304   16    6   10    4
 0.01099946518741781   16    6   10    5
 -0.001167725065006419   16    6   10    6
 0.000933958504561473   16    6   10    7
 -0.001826049002279255   16    6   10    8
 -0.0001279050330164879   16    6   10    9
 0.0106912687602366   16    6   10   10
 -4.824957596894205e-05   16    6   11    1
 6.842343704889875e-05   16    6   11    2
 -0.000470850361937584   16    6   11    3
 0.0001096586203492855   16    6   11    4
 -0.000589585208004585   16    6   11    5
 0.001252626465409128   16    6   11    6
 -0.01524971766236579   16    6   11    7
 0.01384472966370702   16    6   11    8
 -0.02636239553576744   16    6   11    9
 -0.0004988747774145021   16    6   11   10
 -0.003607845628466873   16    6   11   11
 -0.0001350788968710886   16    6   12    1
 0.001321122216690059   16    6   12    2
 0.0003877066581102453   16    6   12    3
 -0.0003502673250404891   16    6   12    4
 0.00384343842916593   16    6   12    5
 -0.001538510065683631   16    6   12    6
 0.02283958076968041   16    6   12    7
 -0.01538822254814194   16    6   12    8
 0.03164786521519018   16    6   12    9
 0.001163725899300943   16    6   12   10
 -0.001291860343870865   16    6   12   11
 0.04963730221473104   16    6   12   12
 -0.0001263013071353173   16    6   13    1
 0.009241712424168845   16    6   13    2
 0.00278237357015577   16    6   13    3
 -0.01339417397548568   16    6   13    4
 0.01622066677170769   16    6   13    5
 -0.008854080345083212   16    6   13    6
 0.006208111865292161   16    6   13    7
 -0.01071934519608677   16    6   13    8
 -0.0001065426909409435   16    6   13    9
 0.002376265868107736   16    6   13   10
 -0.001083125480975343   16    6   13   11
 0.008347974354740332   16    6   13   12
 0.01205325833341728   16    6   13   13
 0.0002021902123154636   16    6   14    1
 0.002067933645725622   16    6   14    2
 -0.0007117617415341077   16    6   14    3
 -0.000656624609058455   16    6   14    4
 0.001182364623339507   16    6   14    5
 0.0028810064506515   16    6   14    6
 -0.009777590962664284   16    6   14    7
 0.002251849047030929   16    6   14    8
 -0.009989252454158848   16    6   14    9
 -0.0004789309405385162   16    6   14   10
 0.001351189350396021   16    6   14   11
 -0.01474570093584906   16    6   14   12
 -0.00369108508940624   16    6   14   13
 0.0005372120938380924   16    6   14   14
 -0.001315530900405796   16    6   15    1
 0.01490282348637579   16    6   15    2
 0.01040128798844425   16    6   15    3
 -0.01901351604804028   16    6   15    4
 0.02107377511162935   16    6   15    5
 -0.02321674970628831   16    6   15    6
 -0.001529034312720018   16    6   15    7
 -0.0006744528077432052   16    6   15    8
 -0.006600764703866433   16    6   15    9
 0.006087793383037116   16    6   15   10
 -0.0002795948635386693   16    6   15   11
 -0.005997810601732799   16    6   15   12
 0.02366954441300147   16    6   15   13
 0.001164968688468414   16    6   15   14
 0.0254659833555134   16    6   15   15
 0.0002910860801723747   16    6   16    1
 0.02348884341721027   16    6   16    2
 0.00412187903810671   16    6   16    3
 0.01249629888919442   16    6   16    4
 0.03137548008312852   16    6   16    5
 0.05259220945306407   16    6   16    6
 0.003418764336854178   16    7    1    1
 -1.49869248647164e-05   16    7    2    1
 -0.004190906534179041   16    7    2    2
 -0.0002011011455899241   16    7    3    1
 -0.0008616425878392544   16    7    3    2
 -0.004035454371869591   16    7    3    3
 4.679797156994497e-07   16    7    4    1
 0.002251719384709864   16    7    4    2
 0.0007975620600192561   16    7    4    3
 -0.002269043137187254   16    7    4    4
 2.263639606350358e-06   16    7    5    1
 -0.001925370275764675   16    7    5    2
 -0.002017481186783735   16    7    5    3
 0.001569924430053081   16    7    5    4
 -0.003024900134805719   16    7    5    5
 2.870252344855703e-05   16    7    6    1
 0.000498981807288421   16    7    6    2
 0.002218070360435751   16    7    6    3
 -0.003992049370196846   16    7    6    4
 0.001837035246892636   16    7    6    5
 -0.007648419427739351   16    7    6    6
 -0.0001146101445612986   16    7    7    1
 0.001990839519146846   16    7    7    2
 0.001490545597206747   16    7    7    3
 -0.001258275690660467   16    7    7    4
 0.003101636384632623   16    7    7    5
 -0.0007158338606322896   16    7    7    6
 -0.004462482517905099   16    7    7    7
 -6.342603849477823e-05   16    7    8    1
 0.0002693461527601498   16    7    8    2
 -0.004016644621153586   16    7    8    3
 -0.0005651388329647645   16    7    8    4
 -0.000174638556608616   16    7    8    5
 -0.002580451410804823   16    7    8    6
 -0.0001296110678729751   16    7    8    7
 -0.003855560596837661   16    7    8    8
 -0.0002580031076629196   16    7    9    1
 0.001220379074042771   16    7    9    2
 0.0007137750866446174   16    7    9    3
 -0.002946306951512926   16    7    9    4
 0.004100952803522554   16    7    9    5
 3.568832153468997e-05   16    7    9    6
 -0.0009679734307872534   16    7    9    7
 0.000572316614216786   16    7    9    8
 -0.002015851107651088   16    7    9    9
 2.296879447320799e-05   16    7   10    1
 -0.0004247024148233762   16    7   10    2
 8.94050337468522e-05   16    7   10    3
 0.001733436200584558   16    7   10    4
 -0.001128387628313278   16    7   10    5
 0.002867340391212371   16    7   10    6
 0.000909039164205601   16    7   10    7
 0.001951626747751934   16    7   10    8
 0.0005678892283944461   16    7   10    9
 -0.001408630089976841   16    7   10   10
 0.0003037301445430632   16    7   11    1
 -0.004027518926380874   16    7   11    2
 -0.0003356137135480359   16    7   11    3
 -0.001505260633990848   16    7   11    4
 -0.001517471334201982   16    7   11    5
 -0.0002431289291152738   16    7   11    6
 0.0007701205027511197   16    7   11    7
 -0.0006611952877927673   16    7   11    8
 0.001551806367145337   16    7   11    9
 0.001879543811389656   16    7   11   10
 -0.0001041461653919073   16    7   11   11
 0.0003150722495170091   16    7   12    1
 0.00628800160063089   16    7   12    2
 0.003119089572873035   16    7   12    3
 -0.0009738252979263804   16    7   12    4
 0.005750712243996268   16    7   12    5
 0.001031938715379477   16    7   12    6
 -0.004044661458177947   16    7   12    7
 0.001569883040150599   16    7   12    8
 -0.002585413390802906   16    7   12    9
 0.001180381490928135   16    7   12   10
 0.001296638739929125   16    7   12   11
 -0.005096751101566077   16    7   12   12
 2.255716339920334e-05   16    7   13    1
 -0.0004041902411892736   16    7   13    2
 0.0001027127765481356   16    7   13    3
 0.001470496249811252   16    7   13    4
 -0.0005274110917085122   16    7   13    5
 0.0005428842068916544   16    7   13    6
 0.001073897186083831   16    7   13    7
 -7.114082659584297e-05   16    7   13    8
 0.002170641828921731   16    7   13    9
 0.000531793358377772   16    7   13   10
 0.0004693150924890863   16    7   13   11
 0.001688077151282831   16    7   13   12
 -0.002942182776894071   16    7   13   13
 -6.984927559921004e-05   16    7   14    1
 -0.0014513615136787   16    7   14    2
 -0.0008415598538895274   16    7   14    3
 -0.001474350918726703   16    7   14    4
 -0.001251579617954325   16    7   14    5
 -0.003285336623468544   16    7   14    6
 -0.003508689180784387   16    7   14    7
 -0.003129505929130463   16    7   14    8
 0.002694934649733921   16    7   14    9
 0.001662898395740189   16    7   14   10
 -0.0008698698513109941   16    7   14   11
 0.001047320101865044   16    7   14   12
 -0.001448790535895402   16    7   14   13
 -0.004550444649738326   16    7   14   14
 0.000141425139493399   16    7   15    1
 -0.001600634856942846   16    7   15    2
 -0.002003905010396866   16    7   15    3
 0.0005701573672676372   16    7   15    4
 -0.002205098415700447   16    7   15    5
 0.0005756462378328874   16    7   15    6
 -0.0009997074458626858   16    7   15    7
 -0.004072604757317923   16    7   15    8
 0.003896216882752316   16    7   15    9
 0.001269129589916574   16    7   15   10
 -0.0008897172463858449   16    7   15   11
 0.002416632149802595   16    7   15   12
 -0.003609236154690214   16    7   15   13
 -0.004957073588683129   16    7   15   14
 -0.01011369259241121   16    7   15   15
 7.386202989717498e-05   16    7   16    1
 -0.00171392743069958   16    7   16    2
 -0.0002084180728603287   16    7   16    3
 -0.0007657268884036109   16    7   16    4
 -0.002566602250015489   16    7   16    5
 -0.003491611394121197   16    7   16    6
 0.00662055606342852   16    7   16    7
 -0.07524332940868173   16    8    1    1
 8.719850313144901e-05   16    8    2    1
 0.03531540125737985   16    8    2    2
 0.001291300645705954   16    8    3    1
 -0.002945104816298817   16    8    3    2
 -0.02454348597477205   16    8    3    3
 0.0003464851909311615   16    8    4    1
 0.009726032682569189   16    8    4    2
 0.001780819742154533   16    8    4    3
 0.02407015105089192   16    8    4    4
 3.84623990503801e-05   16    8    5    1
 0.001798471700474676   16    8    5    2
 0.01958789404008743   16    8    5    3
 0.009048709748290893   16    8    5    4
 0.02074263851476858   16    8    5    5
 0.001327323985931973   16    8    6    1
 0.006851668149311621   16    8    6    2
 0.008705044148827034   16    8    6    3
 -0.01229238254120305   16    8    6    4
 0.01770620618693562   16    8    6    5
 0.001192475294822696   16    8    6    6
 -7.662253668788819e-05   16    8    7    1
 -5.544012181815646e-05   16    8    7    2
 -0.002431956688011769   16    8    7    3
 0.0005919901366778014   16    8    7    4
 -0.0004344873730950081   16    8    7    5
 -0.001684080834471795   16    8    7    6
 -0.007716308937079335   16    8    7    7
 0.0006850006707635747   16    8    8    1
 -0.001670240773912883   16    8    8    2
 0.01495838127001597   16    8    8    3
 -0.002886989232623611   16    8    8    4
 -0.01837007443801855   16    8    8    5
 0.002932588823407362   16    8    8    6
 -0.003761252680139221   16    8    8    7
 -0.01904521467976451   16    8    8    8
 0.0005705497926084669   16    8    9    1
 0.004534094173376039   16    8    9    2
 0.005946395950807352   16    8    9    3
 0.00177759843871565   16    8    9    4
 -0.009495473015969305   16    8    9    5
 0.0009269549726660254   16    8    9    6
 0.00702508817969425   16    8    9    7
 -0.01808781981251805   16    8    9    8
 0.002328072603188451   16    8    9    9
 0.00359536563198766   16    8   10    1
 -0.004569473602703458   16    8   10    2
 0.01622002403261094   16    8   10    3
 -0.0006038470568700989   16    8   10    4
 -0.01955791283987473   16    8   10    5
 -0.01269882980670112   16    8   10    6
 0.0018728336528054   16    8   10    7
 -0.005067102250641916   16    8   10    8
 -0.004582763000800591   16    8   10    9
 -0.0318664778165761   16    8   10   10
 -4.921977130396075e-05   16    8   11    1
 0.007233834524249696   16    8   11    2
 -0.0005175570131525507   16    8   11    3
 0.003955087325237448   16    8   11    4
 0.0009034374321320097   16    8   11    5
 -0.0007577923382218887   16    8   11    6
 0.009972116523286181   16    8   11    7
 -0.01612140857209017   16    8   11    8
 0.02440022261327138   16    8   11    9
 -0.003147241474399266   16    8   11   10
 0.006932102679458484   16    8   11   11
 -0.0003047081081721823   16    8   12    1
 -0.004771631612830627   16    8   12    2
 -0.001111131975100493   16    8   12    3
 -0.001263786535919072   16    8   12    4
 -0.002045159676271681   16    8   12    5
 -0.00147089320030577   16    8   12    6
 0.006542891874096022   16    8   12    7
 -0.001375411958029351   16    8   12    8
 0.007141963121977153   16    8   12    9
 0.001289187157041419   16    8   12   10
 -0.02735236586358717   16    8   12   11
 -0.005208479104790124   16    8   12   12
 0.0001675162388616574   16    8   13    1
 -0.004638135265486448   16    8   13    2
 -0.0004246285224647381   16    8   13    3
 -0.008815164997511346   16    8   13    4
 -0.00639217367371635   16    8   13    5
 -0.008881816524743001   16    8   13    6
 0.001974264660769396   16    8   13    7
 -0.00114350039505447   16    8   13    8
 -0.003730931276237303   16    8   13    9
 0.00620313202906231   16    8   13   10
 -0.004400116624208932   16    8   13   11
 -1.803308395015677e-05   16    8   13   12
 0.007463117593483525   16    8   13   13
 -1.060461478069329e-05   16    8   14    1
 0.001170510142140204   16    8   14    2
 0.0003044162691129978   16    8   14    3
 -0.00271787004230642   16    8   14    4
 0.0004838896021871029   16    8   14    5
 -0.0001409877142304998   16    8   14    6
 -0.006280382848856327   16    8   14    7
 -0.0007234387995114712   16    8   14    8
 -0.001363128449685505   16    8   14    9
 0.002198621575336751   16    8   14   10
 0.005121839476974839   16    8   14   11
 -0.00303807491806073   16    8   14   12
 0.007874902965531973   16    8   14   13
 -0.004958628073954334   16    8   14   14
 -0.0003042010697879994   16    8   15    1
 -0.001206975774088522   16    8   15    2
 0.007333459225978218   16    8   15    3
 0.0004911559970336061   16    8   15    4
 0.003660938063028518   16    8   15    5
 -0.009267409062922725   16    8   15    6
 -0.003414919425971981   16    8   15    7
 0.007009896540929252   16    8   15    8
 -0.0001707605214352181   16    8   15    9
 0.0008773154738225311   16    8   15   10
 0.001915477427165675   16    8   15   11
 -0.001558838349975739   16    8   15   12
 -0.01040198925507039   16    8   15   13
 -0.004632685214689809   16    8   15   14
 -0.003483738867436594   16    8   15   15
 -0.001522503206283124   16    8   16    1
 -0.002722461017610566   16    8   16    2
 0.009042027503040933   16    8   16    3
 -0.0009888277223152873   16    8   16    4
 0.0009838619792769711   16    8   16    5
 0.001370123316444678   16    8   16    6
 -0.003355220992835295   16    8   16    7
 0.02504948423747776   16    8   16    8
 -0.03712477865867219   16    9    1    1
 4.754731707716605e-05   16    9    2    1
 0.02179991343718789   16    9    2    2
 0.0007132364496568063   16    9    3    1
 -0.001054895587267515   16    9    3    2
 -0.009128561805310463   16    9    3    3
 0.0001645200854367412   16    9    4    1
 0.006059698962798925   16    9    4    2
 0.001176308853995131   16    9    4    3
 0.01614057286062599   16    9    4    4
 1.182674662166348e-05   16    9    5    1
 0.002208472990650951   16    9    5    2
 0.01110699100607422   16    9    5    3
 0.005644082175279707   16    9    5    4
 0.01544859756236117   16    9    5    5
 0.0006505219369229064   16    9    6    1
 0.004537297958298086   16    9    6    2
 0.00455033768571229   16    9    6    3
 -0.005988699952487215   16    9    6    4
 0.01048017068133422   16    9    6    5
 0.004225188836018496   16    9    6    6
 -0.0002840505071898265   16    9    7    1
 -0.001195611432014255   16    9    7    2
 0.0008128913784058089   16    9    7    3
 -0.001964348136137093   16    9    7    4
 0.002319032064599936   16    9    7    5
 0.0002152006534033392   16    9    7    6
 -0.003914074700411912   16    9    7    7
 0.0005382521043984926   16    9    8    1
 0.003637333498985485   16    9    8    2
 0.007021369426010545   16    9    8    3
 0.002565855248178068   16    9    8    4
 -0.01057094294669794   16    9    8    5
 0.00128767801651801   16    9    8    6
 -0.001589675429755313   16    9    8    7
 -0.009555148591423228   16    9    8    8
 -7.79358762648609e-05   16    9    9    1
 -0.004765820322179354   16    9    9    2
 0.007376226119165564   16    9    9    3
 -0.006621850264582994   16    9    9    4
 -0.001787680825698856   16    9    9    5
 0.001088104237439665   16    9    9    6
 0.007073180991129615   16    9    9    7
 -0.00730563107547484   16    9    9    8
 0.007617097674874918   16    9    9    9
 0.001762268612964613   16    9   10    1
 -0.002348197943659949   16    9   10    2
 0.00828583789481201   16    9   10    3
 -0.0003535290235136832   16    9   10    4
 -0.01046155092790051   16    9   10    5
 -0.006876132232355025   16    9   10    6
 0.0006243351041518046   16    9   10    7
 -0.003625138357142804   16    9   10    8
 -0.000239011729149655   16    9   10    9
 -0.01452224869893509   16    9   10   10
 0.0006391182305971547   16    9   11    1
 -0.01365539388966852   16    9   11    2
 0.001217687230911817   16    9   11    3
 -0.007129615168584668   16    9   11    4
 -0.004952120035299294   16    9   11    5
 -0.001200569347977166   16    9   11    6
 0.004904648060902649   16    9   11    7
 -0.006954939490380958   16    9   11    8
 0.01427474397019556   16    9   11    9
 0.004085779944335541   16    9   11   10
 0.007927105730391413   16    9   11   11
 0.0004795533146447796   16    9   12    1
 0.01036571504114793   16    9   12    2
 0.004277830470899549   16    9   12    3
 0.002914345982654827   16    9   12    4
 0.007618032099849677   16    9   12    5
 0.003056392082872009   16    9   12    6
 0.005088532198330942   16    9   12    7
 0.0002799503955428856   16    9   12    8
 0.005723430982995728   16    9   12    9
 0.0008722963104851683   16    9   12   10
 -0.01500315594687539   16    9   12   11
 0.001838270152709032   16    9   12   12
 0.000133109795216919   16    9   13    1
 -0.0003764715520889158   16    9   13    2
 0.0003384467255986353   16    9   13    3
 -0.005615448047916233   16    9   13    4
 -0.002188516894607682   16    9   13    5
 -0.005278674486836912   16    9   13    6
 0.004435470596254845   16    9   13    7
 -0.003573942410399988   16    9   13    8
 0.003506906568660739   16    9   13    9
 0.004035657491977726   16    9   13   10
 0.0009096602713824923   16    9   13   11
 0.003296135757830343   16    9   13   12
 0.005810696253344238   16    9   13   13
 -0.0001167138738678111   16    9   14    1
 -0.003647496137500285   16    9   14    2
 -0.001509709354035704   16    9   14    3
 -0.001933021949004875   16    9   14    4
 -0.003010477668949129   16    9   14    5
 -0.0002273980858461736   16    9   14    6
 -0.001075467417084157   16    9   14    7
 -0.0005062828912058109   16    9   14    8
 -0.0007119478803648674   16    9   14    9
 0.0006435913588521093   16    9   14   10
 0.00461303445698271   16    9   14   11
 -0.003132345589803724   16    9   14   12
 0.004978717527846298   16    9   14   13
 -0.002309459746479035   16    9   14   14
 -0.0002485606310277274   16    9   15    1
 -0.00240553963803312   16    9   15    2
 0.003295078222330529   16    9   15    3
 6.227694136346145e-05   16    9   15    4
 0.001546158365379854   16    9   15    5
 -0.006038995909476266   16    9   15    6
 0.002932323385970403   16    9   15    7
 0.0004485347598587461   16    9   15    8
 0.005210645730841452   16    9   15    9
 0.0006832419287604801   16    9   15   10
 0.003119609323431141   16    9   15   11
 0.001753323037148598   16    9   15   12
 -0.005337444139117671   16    9   15   13
 -0.002648102105753611   16    9   15   14
 4.072043686291888e-05   16    9   15   15
 -0.0007842476690295569   16    9   16    1
 -0.0007158500899410122   16    9   16    2
 0.005412079607522336   16    9   16    3
 -0.0003290801687269487   16    9   16    4
 0.002183888911065545   16    9   16    5
 0.00221943929316204   16    9   16    6
 0.006523660547681379   16    9   16    7
 0.004408803718203507   16    9   16    8
 0.02110924752190711   16    9   16    9
 -0.1845566038636589   16   10    1    1
 0.0001924616089365318   16   10    2    1
 0.04159970026795651   16   10    2    2
 0.003066001802245684   16   10    3    1
 -0.01295048107850683   16   10    3    2
 -0.08776810315631287   16   10    3    3
 -0.0001016207146807009   16   10    4    1
 0.005720467843799506   16   10    4    2
 -0.005683645400394669   16   10    4    3
 0.03088351999851053   16   10    4    4
 -0.0009521628052752205   16   10    5    1
 -0.006404187360942286   16   10    5    2
 0.02784309809271127   16   10    5    3
 0.006503179892564334   16   10    5    4
 0.009791274887348433   16   10    5    5
 -0.0007076245666265818   16   10    6    1
 0.001800659459891922   16   10    6    2
 -0.01240506792651635   16   10    6    3
 -0.0181314211327305   16   10    6    4
 0.0171141379228258   16   10    6    5
 -0.01046270023815401   16   10    6    6
 9.689172564757305e-05   16   10    7    1
 3.006605191120082e-05   16   10    7    2
 -0.0005729060888215418   16   10    7    3
 0.0002478273562387177   16   10    7    4
 0.001109545498214322   16   10    7    5
 0.001606284190995337   16   10    7    6
 0.005345216707560932   16   10    7    7
 -0.0002059596492835834   16   10    8    1
 -0.00566204537346132   16   10    8    2
 0.01199185294677138   16   10    8    3
 0.003029194227331727   16   10    8    4
 -0.04249812541615151   16   10    8    5
 0.01371281398833065   16   10    8    6
 0.007891992574682127   16   10    8    7
 -0.05450484708142826   16   10    8    8
 -0.0001515891470415593   16   10    9    1
 -0.002027391578972706   16   10    9    2
 0.00467529038414482   16   10    9    3
 0.0005041489973280692   16   10    9    4
 -0.02129868529769643   16   10    9    5
 0.005698304452872267   16   10    9    6
 -0.00982544715146748   16   10    9    7
 -0.03150941609136125   16   10    9    8
 -0.01324902336063335   16   10    9    9
 -0.002571028196401076   16   10   10    1
 -0.005275584227082373   16   10   10    2
 -0.008554621096225259   16   10   10    3
 -0.0122470657558005   16   10   10    4
 -0.01231016193962665   16   10   10    5
 -0.05277073497049916   16   10   10    6
 0.004408957430635197   16   10   10    7
 -0.007082185938619703   16   10   10    8
 -0.007622057024858861   16   10   10    9
 -0.09387196024282198   16   10   10   10
 4.509164279477405e-05   16   10   11    1
 0.0001642944677957288   16   10   11    2
 -0.001037646638365839   16   10   11    3
 0.0007130261426323368   16   10   11    4
 -0.001360430074926307   16   10   11    5
 -0.001516815820827401   16   10   11    6
 0.02758959102637919   16   10   11    7
 -0.02771006273794563   16   10   11    8
 0.04807789735087734   16   10   11    9
 -0.002379396586404861   16   10   11   10
 -0.01579820387536712   16   10   11   11
 -2.938233345530117e-05   16   10   12    1
 -0.001086033899851021   16   10   12    2
 0.00104988179163343   16   10   12    3
 0.001353508952614036   16   10   12    4
 -0.0003296286494951216   16   10   12    5
 0.0008979301792638644   16   10   12    6
 0.01043758219141117   16   10   12    7
 -0.0008133422540331663   16   10   12    8
 0.01264274384385019   16   10   12    9
 0.001930668633454106   16   10   12   10
 -0.05265511108851605   16   10   12   11
 -0.03965756833544944   16   10   12   12
 -0.0001195102133180509   16   10   13    1
 -0.003049971814250251   16   10   13    2
 -0.001487932637503781   16   10   13    3
 -0.002568715881457086   16   10   13    4
 -0.01014597187183796   16   10   13    5
 0.001464298625829753   16   10   13    6
 -0.002687775068299657   16   10   13    7
 0.003257861771236159   16   10   13    8
 0.002752199303273331   16   10   13    9
 -0.004653964009746419   16   10   13   10
 -0.004789164823217688   16   10   13   11
 -0.006255477335206268   16   10   13   12
 0.02465912555116719   16   10   13   13
 0.0001623362398904906   16   10   14    1
 -0.0006609460614697304   16   10   14    2
 -0.000625557874558306   16   10   14    3
 -0.001317818961537507   16   10   14    4
 -0.001364138574745882   16   10   14    5
 0.002049309300768891   16   10   14    6
 0.005842498570065405   16   10   14    7
 -0.0002470857600702452   16   10   14    8
 -0.003467204098245429   16   10   14    9
 0.002441407990838978   16   10   14   10
 0.0106003384454123   16   10   14   11
 0.01137316172907964   16   10   14   12
 0.0001126913238204425   16   10   14   13
 0.01327896292857838   16   10   14   14
 -0.001473327838896468   16   10   15    1
 -0.009494054362926727   16   10   15    2
 0.01228715163363564   16   10   15    3
 0.0100084830556965   16   10   15    4
 -0.003527397280020573   16   10   15    5
 -0.001082018396548623   16   10   15    6
 -0.0001608433178381642   16   10   15    7
 0.02050969782612539   16   10   15    8
 0.01005136903465361   16   10   15    9
 -0.01011981865618722   16   10   15   10
 0.005911815185843045   16   10   15   11
 0.004956322568681523   16   10   15   12
 -0.005721375679014448   16   10   15   13
 0.002139861463445505   16   10   15   14
 0.006427444564025533   16   10   15   15
 0.0001112886796809308   16   10   16    1
 -0.01568856794457193   16   10   16    2
 0.009231714558459097   16   10   16    3
 -0.005496835556894808   16   10   16    4
 -0.01349247425628813   16   10   16    5
 -0.0122063773829024   16   10   16    6
 -0.0005212232418791078   16   10   16    7
 0.01304985503991334   16   10   16    8
 0.006834447955475585   16   10   16    9
 0.04116860770778861   16   10   16   10
 -0.01251562141818787   16   11    1    1
 5.307132808473579e-06   16   11    2    1
 0.002883092980848647   16   11    2    2
 0.0002075321214861645   16   11    3    1
 -0.0005742227497665883   16   11    3    2
 -0.005519537654563988   16   11    3    3
 2.72413273054865e-05   16   11    4    1
 0.0009100440849134713   16   11    4    2
 -0.00036086412298599   16   11    4    3
 0.003143702517380055   16   11    4    4
 -9.428797521161468e-05   16   11    5    1
 -0.0008685919573280399   16   11    5    2
 0.002003602082249774   16   11    5    3
 0.0003993724477690689   16   11    5    4
 0.0004775705790085284   16   11    5    5
 2.298626354253924e-05   16   11    6    1
 0.0005068438565093845   16   11    6    2
 -0.0005976799832055735   16   11    6    3
 -0.001343582355665147   16   11    6    4
 0.001431832809433386   16   11    6    5
 -0.000266237215874089   16   11    6    6
 0.0004071175716348162   16   11    7    1
 -0.007645666683630866   16   11    7    2
 0.0006949445716488606   16   11    7    3
 -0.002126480502852199   16   11    7    4
 -0.004262578127316076   16   11    7    5
 -0.001343540918967882   16   11    7    6
 -0.0002729980427892659   16   11    7    7
 -0.0003583873424322379   16   11    8    1
 0.01011190461148046   16   11    8    2
 -0.0003571264712579932   16   11    8    3
 0.00477753424451643   16   11    8    4
 0.001857704473877136   16   11    8    5
 0.001568588572243441   16   11    8    6
 0.00112861668305708   16   11    8    7
 -0.00686656999510435   16   11    8    8
 0.0005744886466662062   16   11    9    1
 -0.01865729144517005   16   11    9    2
 0.00211129194964576   16   11    9    3
 -0.008758444040196085   16   11    9    4
 -0.009654055931054485   16   11    9    5
 -0.001886834015127596   16   11    9    6
 0.000731428248935984   16   11    9    7
 -0.0004022583977149727   16   11    9    8
 0.002387477810189406   16   11    9    9
 -2.508029250809106e-05   16   11   10    1
 -0.0001632759864283279   16   11   10    2
 -0.0001531481876517331   16   11   10    3
 -0.0001796517018731398   16   11   10    4
 -0.001262867297967109   16   11   10    5
 -0.002922331095248006   16   11   10    6
 0.003044200183856241   16   11   10    7
 -0.003578590206868758   16   11   10    8
 0.005576596537050993   16   11   10    9
 -0.005682864563562206   16   11   10   10
 -0.001118697765094896   16   11   11    1
 -0.02050739775348358   16   11   11    2
 -0.0006310931552854019   16   11   11    3
 -0.01320617176597736   16   11   11    4
 -0.003868425583892587   16   11   11    5
 -0.002820142469569184   16   11   11    6
 0.00267405405515434   16   11   11    7
 0.0002316016931618727   16   11   11    8
 0.00564814275917874   16   11   11    9
 0.001890680853009716   16   11   11   10
 0.0002304336327961795   16   11   11   11
 -0.001102306562236453   16   11   12    1
 0.003215691535074563   16   11   12    2
 -0.005933979097328422   16   11   12    3
 0.005974875707531101   16   11   12    4
 -0.00327998780629693   16   11   12    5
 -0.002985822584277085   16   11   12    6
 0.0003559702033041462   16   11   12    7
 -0.002005703036999235   16   11   12    8
 -0.0006619818542900821   16   11   12    9
 -0.004808914229438325   16   11   12   10
 -0.003556336871920361   16   11   12   11
 -0.002885760816469613   16   11   12   12
 -9.176546628292872e-05   16   11   13    1
 0.0005573827787305512   16   11   13    2
 -0.0007414920636466609   16   11   13    3
 4.406461398214434e-05   16   11   13    4
 -0.001379847274806312   16   11   13    5
 -0.001254087720296555   16   11   13    6
 0.000343396938855037   16   11   13    7
 -0.001749464660661655   16   11   13    8
 0.00240200810317374   16   11   13    9
 -0.0002605290714162142   16   11   13   10
 0.005488237093716108   16   11   13   11
 -0.005148319849297416   16   11   13   12
 -0.000539841898608526   16   11   13   13
 0.0002075334135831004   16   11   14    1
 -0.001049950798089058   16   11   14    2
 0.001504926381230529   16   11   14    3
 -0.001288114686087684   16   11   14    4
 0.001224420053121937   16   11   14    5
 0.000639908997757723   16   11   14    6
 -0.0004409013895185637   16   11   14    7
 -0.0003074646121059359   16   11   14    8
 0.001499928967378792   16   11   14    9
 0.00122174637637804   16   11   14   10
 0.00256579163307988   16   11   14   11
 -0.0007906251099074268   16   11   14   12
 0.001900050633483448   16   11   14   13
 0.0003639425106394296   16   11   14   14
 4.569026463259782e-05   16   11   15    1
 -0.0006154431675577527   16   11   15    2
 0.001907774216606139   16   11   15    3
 -0.0006742545382827395   16   11   15    4
 0.0008865196388582682   16   11   15    5
 -0.000868690776647472   16   11   15    6
 -0.0007088128986596393   16   11   15    7
 0.0005456180297455922   16   11   15    8
 0.001521497460738098   16   11   15    9
 0.0003348621909955887   16   11   15   10
 0.006770050339751954   16   11   15   11
 -0.003246756522719127   16   11   15   12
 -0.0008851217800661166   16   11   15   13
 0.001002391668100575   16   11   15   14
 0.0008799409659941017   16   11   15   15
 -2.476349511996495e-06   16   11   16    1
 -0.001617161799551173   16   11   16    2
 0.0003601161363225029   16   11   16    3
 -0.0007072049157441779   16   11   16    4
 -0.001541097059985525   16   11   16    5
 -0.0008827988836102738   16   11   16    6
 0.0004529466188743889   16   11   16    7
 -0.002839613623157359   16   11   16    8
 0.007085593234919562   16   11   16    9
 0.002059913376275774   16   11   16   10
 0.01958222784706886   16   11   16   11
 0.006630089754479254   16   12    1    1
 -3.742913235119563e-07   16   12    2    1
 0.00591897817718187   16   12    2    2
 -9.075317018460148e-05   16   12    3    1
 -0.0006841500725383907   16   12    3    2
 0.003654681669177763   16   12    3    3
 1.583452274170718e-05   16   12    4    1
 0.001998415514114276   16   12    4    2
 0.00106596506913347   16   12    4    3
 0.001300060896097452   16   12    4    4
 7.401306720644548e-05   16   12    5    1
 -0.0002226402832132349   16   12    5    2
 0.0001442027485276511   16   12    5    3
 0.001538599114305401   16   12    5    4
 0.005669844973371982   16   12    5    5
 1.337451731454909e-05   16   12    6    1
 0.001403357960351074   16   12    6    2
 0.001970490631708842   16   12    6    3
 -0.002694759688994169   16   12    6    4
 0.003510041107256899   16   12    6    5
 -0.0005684048064464299   16   12    6    6
 0.0005226675320975402   16   12    7    1
 0.009348450810796409   16   12    7    2
 0.006442066372352529   16   12    7    3
 0.0003830850949141203   16   12    7    4
 0.007627323083910921   16   12    7    5
 0.002330241376512212   16   12    7    6
 -0.004858451304006142   16   12    7    7
 -0.0002375161735245969   16   12    8    1
 -0.008564773343377395   16   12    8    2
 -0.003545587610297477   16   12    8    3
 -0.003326132101926602   16   12    8    4
 -0.005420536340115454   16   12    8    5
 -0.00433176508657836   16   12    8    6
 -0.001311087229380531   16   12    8    7
 0.002546347939637626   16   12    8    8
 0.0008842496550917558   16   12    9    1
 0.0179564084986086   16   12    9    2
 0.009588655211031093   16   12    9    3
 0.003797033670734164   16   12    9    4
 0.01251379154057996   16   12    9    5
 0.004327892900027001   16   12    9    6
 0.003552771770598729   16   12    9    7
 0.001014161668774707   16   12    9    8
 0.003577676417794729   16   12    9    9
 0.0001697071938478904   16   12   10    1
 -0.000919179109993629   16   12   10    2
 0.00098250941568664   16   12   10    3
 0.001480636858209383   16   12   10    4
 -0.001931282234087037   16   12   10    5
 0.002406883343812892   16   12   10    6
 0.0008335925548775253   16   12   10    7
 0.002126310197991984   16   12   10    8
 0.0007617104310786131   16   12   10    9
 0.002816813261072933   16   12   10   10
 -0.001523114911140828   16   12   11    1
 0.008804232827733509   16   12   11    2
 -0.01146756041152073   16   12   11    3
 0.007073827399617945   16   12   11    4
 0.001730221546265722   16   12   11    5
 -0.001810647885362495   16   12   11    6
 -0.0006507152981239332   16   12   11    7
 -0.00518583999635079   16   12   11    8
 -0.001033575533883083   16   12   11    9
 -0.007360245799687163   16   12   11   10
 0.00363023126482862   16   12   11   11
 -0.00158506310745124   16   12   12    1
 0.007174032979415579   16   12   12    2
 0.001217270420710757   16   12   12    3
 -0.006830030242605402   16   12   12    4
 0.0142353523553603   16   12   12    5
 0.0008112196116235566   16   12   12    6
 0.0001629137455718091   16   12   12    7
 0.002145702897895505   16   12   12    8
 9.549485839422552e-05   16   12   12    9
 -0.002922276602869758   16   12   12   10
 -0.0005418386954023284   16   12   12   11
 0.004196570159788855   16   12   12   12
 -0.0001192629108923591   16   12   13    1
 0.0004499663837579386   16   12   13    2
 0.0005393526865034994   16   12   13    3
 -0.00103826707359705   16   12   13    4
 0.002219672017559066   16   12   13    5
 -0.000621734169045026   16   12   13    6
 0.003104495129672223   16   12   13    7
 -0.001003269262286507   16   12   13    8
 0.001941318007683815   16   12   13    9
 0.001213539669707953   16   12   13   10
 -0.00509565022522677   16   12   13   11
 0.008906600276521709   16   12   13   12
 0.001963489683442481   16   12   13   13
 0.0003049888960185199   16   12   14    1
 -0.001920266177252128   16   12   14    2
 -0.001537550768634847   16   12   14    3
 5.753431219443796e-05   16   12   14    4
 -0.004215976385649245   16   12   14    5
 -0.001870729256866948   16   12   14    6
 -0.0008201392357049469   16   12   14    7
 -0.001636778371619032   16   12   14    8
 -0.0005507430772005005   16   12   14    9
 0.001589197898082173   16   12   14   10
 -0.001023319900601864   16   12   14   11
 -0.0009134000860836761   16   12   14   12
 -0.0007594161058909715   16   12   14   13
 -0.004444646737038781   16   12   14   14
 0.0001280575766989329   16   12   15    1
 -0.002203839871427356   16   12   15    2
 -0.00173562661467158   16   12   15    3
 0.0003829471913962257   16   12   15    4
 -0.002086439787704863   16   12   15    5
 -0.001498141217568064   16   12   15    6
 0.001512881459340076   16   12   15    7
 -0.003275809330880199   16   12   15    8
 0.00239665931036845   16   12   15    9
 0.00220880312009067   16   12   15   10
 -0.002943729163971239   16   12   15   11
 0.009923521446904596   16   12   15   12
 -0.002372242503882895   16   12   15   13
 -0.006443638404682778   16   12   15   14
 -0.005428316052849519   16   12   15   15
 -5.145295029099685e-05   16   12   16    1
 -5.175973159835133e-05   16   12   16    2
 0.001053979680505887   16   12   16    3
 0.001009861411903643   16   12   16    4
 0.0009385535416822316   16   12   16    5
 0.0003900740024606041   16   12   16    6
 0.006095058521580855   16   12   16    7
 -3.71965844931188e-05   16   12   16    8
 0.005328907393497446   16   12   16    9
 -0.0003504061691172963   16   12   16   10
 -0.0107598773350726   16   12   16   11
 0.02329982621805234   16   12   16   12
 -0.01018745570154405   16   13    1    1
 1.048530289555584e-05   16   13    2    1
 0.02797399765160353   16   13    2    2
 0.0001522842987935096   16   13    3    1
 -0.001780969669162808   16   13    3    2
 -0.00568631824051449   16   13    3    3
 5.190572413079604e-05   16   13    4    1
 0.01563777017629926   16   13    4    2
 0.002619422020306547   16   13    4    3
 0.03672629130844806   16   13    4    4
 -2.98890748464159e-05   16   13    5    1
 0.0170314708491808   16   13    5    2
 0.003728115681396139   16   13    5    3
 0.01491547720516262   16   13    5    4
 0.02726546265292224   16   13    5    5
 0.0001531772075689621   16   13    6    1
 0.01245774368618251   16   13    6    2
 0.008077159108417553   16   13    6    3
 -0.023507948514829   16   13    6    4
 0.02242510032115519   16   13    6    5
 -0.002544187487828986   16   13    6    6
 3.859821173448816e-05   16   13    7    1
 -0.0001840709620032052   16   13    7    2
 0.0001547935008961213   16   13    7    3
 0.001072780696778269   16   13    7    4
 3.036789990614067e-05   16   13    7    5
 0.0005239562023125452   16   13    7    6
 -0.0141771288070302   16   13    7    7
 -6.245681771932304e-05   16   13    8    1
 -0.007599516934750127   16   13    8    2
 0.0007066805138092625   16   13    8    3
 -0.008112732516630037   16   13    8    4
 -0.008338236279803603   16   13    8    5
 -0.007556425713691296   16   13    8    6
 -0.007250437916741894   16   13    8    7
 0.002060927885347169   16   13    8    8
 6.936748483032776e-05   16   13    9    1
 0.0004126206946850765   16   13    9    2
 0.001692187348631859   16   13    9    3
 -0.004882241199279723   16   13    9    4
 -0.0009168379948832071   16   13    9    5
 -0.003722270754379842   16   13    9    6
 0.01455548911622518   16   13    9    7
 -0.01035518047598823   16   13    9    8
 0.01447571982507681   16   13    9    9
 0.0004008808581373033   16   13   10    1
 -0.009672738141061734   16   13   10    2
 0.002450188550689169   16   13   10    3
 0.003873614922245812   16   13   10    4
 -0.01654419484537611   16   13   10    5
 0.0001155057788627597   16   13   10    6
 -0.0008442527373513737   16   13   10    7
 0.006897541562681988   16   13   10    8
 0.00355914789804678   16   13   10    9
 -0.006370095868871547   16   13   10   10
 -0.0001336913218832068   16   13   11    1
 0.001335767394482068   16   13   11    2
 -0.001634628240948274   16   13   11    3
 0.000638469944446633   16   13   11    4
 -0.0002571927511399811   16   13   11    5
 -0.002095145088287846   16   13   11    6
 0.006317738762292074   16   13   11    7
 -0.01449197639487616   16   13   11    8
 0.02400192677563266   16   13   11    9
 -0.0008165101589484717   16   13   11   10
 0.0282545730796645   16   13   11   11
 -0.0001546803209948155   16   13   12    1
 0.0003169774676236693   16   13   12    2
 0.0007331447072165763   16   13   12    3
 -0.00024194486124279   16   13   12    4
 0.003183020600013232   16   13   12    5
 0.001478739958179967   16   13   12    6
 -0.0006375691018394867   16   13   12    7
 0.003161058675445244   16   13   12    8
 -0.003948893103913276   16   13   12    9
 -0.0002846048363287435   16   13   12   10
 -0.01510135809879129   16   13   12   11
 0.006654837053634905   16   13   12   12
 1.16171867394102e-05   16   13   13    1
 -0.0005050331339906633   16   13   13    2
 -0.001447592608281637   16   13   13    3
 -0.01479770510639164   16   13   13    4
 -0.00989085210814567   16   13   13    5
 -0.01337494484376275   16   13   13    6
 0.006147211554872916   16   13   13    7
 -0.000379479424171366   16   13   13    8
 -0.00346805644735497   16   13   13    9
 0.01545098092176338   16   13   13   10
 -0.002370135844991008   16   13   13   11
 0.004465439293229932   16   13   13   12
 0.003175442488240567   16   13   13   13
 1.500191944530927e-05   16   13   14    1
 -0.0002509726242575586   16   13   14    2
 -0.0001187048294991811   16   13   14    3
 -0.004187400223498456   16   13   14    4
 -0.002820674558580582   16   13   14    5
 -0.001604618842142611   16   13   14    6
 -0.007869302209055046   16   13   14    7
 -0.00143749311446075   16   13   14    8
 0.002886465773515277   16   13   14    9
 0.002008476425353525   16   13   14   10
 0.003042057768186621   16   13   14   11
 -0.007099797062826795   16   13   14   12
 0.01685117529545799   16   13   14   13
 -0.008909224551383838   16   13   14   14
 4.177320664672836e-05   16   13   15    1
 -0.004184799199664601   16   13   15    2
 0.0006071907512228013   16   13   15    3
 0.002491403505157696   16   13   15    4
 0.007072849792095283   16   13   15    5
 -0.005046679905990319   16   13   15    6
 -0.0005511771348594623   16   13   15    7
 -0.005851037677539015   16   13   15    8
 -0.002601906344173387   16   13   15    9
 0.005959233846166679   16   13   15   10
 0.001135176437330309   16   13   15   11
 -0.00122350196360656   16   13   15   12
 -0.01772459061568787   16   13   15   13
 -0.007480003485725927   16   13   15   14
 -0.0126905874319051   16   13   15   15
 -0.000164894906534406   16   13   16    1
 -0.006985111627177341   16   13   16    2
 0.005878100040497367   16   13   16    3
 -0.009197017824135748   16   13   16    4
 -0.005239539435977752   16   13   16    5
 -0.005281136285565625   16   13   16    6
 0.002413025500101073   16   13   16    7
 0.008579527508369182   16   13   16    8
 0.006063513439943885   16   13   16    9
 0.007475778005228086   16   13   16   10
 -0.0008852737378407832   16   13   16   11
 0.004541402736541041   16   13   16   12
 0.02713185375281854   16   13   16   13
 0.007913777535770281   16   14    1    1
 -2.304979369860593e-06   16   14    2    1
 0.0121640558023777   16   14    2    2
 3.551978263093904e-05   16   14    3    1
 0.001119339891688056   16   14    3    2
 0.01034822120332919   16   14    3    3
 2.188653097073325e-05   16   14    4    1
 0.004609358626900427   16   14    4    2
 0.0005071037393866341   16   14    4    3
 0.01594488734651172   16   14    4    4
 2.396259240560561e-05   16   14    5    1
 0.006444198089494611   16   14    5    2
 0.001515829819158124   16   14    5    3
 0.003811672010286891   16   14    5    4
 0.01267126474881219   16   14    5    5
 7.397108673026289e-05   16   14    6    1
 0.003319994991267909   16   14    6    2
 0.001730520405775472   16   14    6    3
 -0.005953451195201561   16   14    6    4
 0.006151311366797791   16   14    6    5
 0.007560962636772716   16   14    6    6
 -0.0001096728673347443   16   14    7    1
 -0.002590789815121066   16   14    7    2
 -0.001735275545620827   16   14    7    3
 -0.0009530443596517156   16   14    7    4
 -0.001549973187961759   16   14    7    5
 -0.004050459178006884   16   14    7    6
 -0.009822770564323992   16   14    7    7
 0.000135157702096702   16   14    8    1
 0.001444696952175519   16   14    8    2
 0.003842897000092249   16   14    8    3
 -0.001848080470376716   16   14    8    4
 0.002177524426099395   16   14    8    5
 -0.002805598650778823   16   14    8    6
 -0.007724686701462972   16   14    8    7
 0.007402357673845766   16   14    8    8
 -0.0001164882771496583   16   14    9    1
 -0.005417111956861328   16   14    9    2
 -0.000807919794627154   16   14    9    3
 -0.003195047347894632   16   14    9    4
 -0.003321081434467026   16   14    9    5
 -0.002705441755389957   16   14    9    6
 0.01014661443047916   16   14    9    7
 -0.0003421536996320101   16   14    9    8
 0.008019142894055479   16   14    9    9
 0.0002289290856622434   16   14   10    1
 -0.002409354221265238   16   14   10    2
 0.001190376345377923   16   14   10    3
 0.002402569427244602   16   14   10    4
 -0.004686217058109816   16   14   10    5
 0.002913095986162761   16   14   10    6
 0.001024551591790721   16   14   10    7
 0.002024532206361459   16   14   10    8
 0.001390698122376852   16   14   10    9
 0.006282414534643284   16   14   10   10
 0.0003028786809295558   16   14   11    1
 -0.002590525196686514   16   14   11    2
 0.002660696822323074   16   14   11    3
 -0.002161790393945383   16   14   11    4
 -0.0004709547888159533   16   14   11    5
 -0.0001680245243871613   16   14   11    6
 -0.001649521532247972   16   14   11    7
 -0.001708668262508887   16   14   11    8
 0.005570968168728816   16   14   11    9
 0.001960913301112809   16   14   11   10
 0.01370419888991566   16   14   11   11
 0.0003004803661390725   16   14   12    1
 -0.00164546143349495   16   14   12    2
 -0.0007773666526011541   16   14   12    3
 0.0006418545201582105   16   14   12    4
 -0.002939366270857027   16   14   12    5
 -0.001767839713537775   16   14   12    6
 0.002165095707507922   16   14   12    7
 -0.0008602918081367098   16   14   12    8
 -0.001235851200797428   16   14   12    9
 0.001675620628963116   16   14   12   10
 -0.002915906804875304   16   14   12   11
 0.009728034836673853   16   14   12   12
 3.6923496826232e-05   16   14   13    1
 -7.175604142335317e-05   16   14   13    2
 -0.0001743628878189001   16   14   13    3
 -0.004455294421622256   16   14   13    4
 -0.002026014313502691   16   14   13    5
 -0.006826678131888054   16   14   13    6
 0.0003620597657859635   16   14   13    7
 -0.00164650242026155   16   14   13    8
 -0.001424950625640948   16   14   13    9
 0.0055777992946321   16   14   13   10
 0.0006860920005247749   16   14   13   11
 0.0001193777712074026   16   14   13   12
 0.004978018216574065   16   14   13   13
 -6.137949349721188e-05   16   14   14    1
 0.001803125640169818   16   14   14    2
 0.0006509306067150662   16   14   14    3
 -0.002970908875495231   16   14   14    4
 0.0014645348104004   16   14   14    5
 -0.002659974429467124   16   14   14    6
 -0.003589545734012546   16   14   14    7
 -0.000840351188694041   16   14   14    8
 -0.001012745607542811   16   14   14    9
 0.002826177690769339   16   14   14   10
 0.001282411701751459   16   14   14   11
 -0.006784194437182468   16   14   14   12
 0.007532089446781132   16   14   14   13
 -0.005270340116803812   16   14   14   14
 -4.203609112306571e-05   16   14   15    1
 0.001563109664304687   16   14   15    2
 0.001656737115149174   16   14   15    3
 -0.0040937313240793   16   14   15    4
 0.005675153568607831   16   14   15    5
 -0.006139807091817635   16   14   15    6
 -0.004093886260224531   16   14   15    7
 -0.003368349825562901   16   14   15    8
 -0.001976166606938556   16   14   15    9
 0.004242560973201851   16   14   15   10
 0.0009226776193002992   16   14   15   11
 -0.005914948805486296   16   14   15   12
 -0.003380377778116406   16   14   15   13
 -0.007908082873867371   16   14   15   14
 -9.770340875344015e-05   16   14   15   15
 -0.000100459020083034   16   14   16    1
 -0.0001789183182826414   16   14   16    2
 0.001081408059479426   16   14   16    3
 4.408173608959369e-05   16   14   16    4
 0.0003785130702323091   16   14   16    5
 0.005100857196737456   16   14   16    6
 -0.0006761899498830109   16   14   16    7
 0.004405469127345229   16   14   16    8
 0.0001166158660706244   16   14   16    9
 -0.001525642278313545   16   14   16   10
 0.003761227080806023   16   14   16   11
 -0.005570943549197942   16   14   16   12
 0.005666528031981559   16   14   16   13
 0.008555672327213833   16   14   16   14
 0.03171506085967951   16   15    1    1
 2.172248760079146e-05   16   15    2    1
 0.05797793185931409   16   15    2    2
 -0.000688891356397986   16   15    3    1
 -0.008019790370018168   16   15    3    2
 0.006778128778771278   16   15    3    3
 2.244727693332583e-05   16   15    4    1
 0.01447687700351668   16   15    4    2
 0.006308988129101974   16   15    4    3
 0.01059552172912151   16   15    4    4
 0.000748055071454793   16   15    5    1
 -0.008584779574015768   16   15    5    2
 0.002385273474352897   16   15    5    3
 0.008915864185248661   16   15    5    4
 0.03531119732291649   16   15    5    5
 0.0002212525126864027   16   15    6    1
 0.01601585678631325   16   15    6    2
 0.01904793178865677   16   15    6    3
 -0.0291694390183711   16   15    6    4
 0.03204188486863473   16   15    6    5
 -0.01939076268147952   16   15    6    6
 -0.0001680891371021861   16   15    7    1
 -0.003477180158033435   16   15    7    2
 -0.002377474387619775   16   15    7    3
 0.0007806836959566832   16   15    7    4
 -0.002908964496441188   16   15    7    5
 -0.001191352197793814   16   15    7    6
 -0.02761411922872363   16   15    7    7
 0.00132496422521113   16   15    8    1
 0.004162080617100374   16   15    8    2
 0.0001075634858846536   16   15    8    3
 -0.006771768141342844   16   15    8    4
 -0.002013933056415854   16   15    8    5
 -0.01397541029844603   16   15    8    6
 -0.0116054415530905   16   15    8    7
 0.008593350234293034   16   15    8    8
 0.0005731349450707163   16   15    9    1
 -0.0003418644140971736   16   15    9    2
 -0.001720130059433548   16   15    9    3
 -0.005659770473328584   16   15    9    4
 -0.002747237228212799   16   15    9    5
 -0.009108344234299945   16   15    9    6
 0.01914035445709817   16   15    9    7
 -0.006977455090146121   16   15    9    8
 0.01510038802615078   16   15    9    9
 0.00163911654543688   16   15   10    1
 -0.01022253207792979   16   15   10    2
 0.007349397989211549   16   15   10    3
 0.01239790068369789   16   15   10    4
 -0.02082178004323589   16   15   10    5
 0.01191933403671256   16   15   10    6
 -0.00122722434796336   16   15   10    7
 0.01275213256704823   16   15   10    8
 0.007513340283093431   16   15   10    9
 0.002353155366906245   16   15   10   10
 0.0002788554143815135   16   15   11    1
 -0.001322631132243566   16   15   11    2
 0.002237849092764684   16   15   11    3
 -0.001906768858167701   16   15   11    4
 0.0001552555768592176   16   15   11    5
 -0.002321754871681981   16   15   11    6
 0.004844574774548861   16   15   11    7
 -0.0141909793522225   16   15   11    8
 0.02668653884054482   16   15   11    9
 0.001445317291097689   16   15   11   10
 0.04012320791473239   16   15   11   11
 0.0001327686174294543   16   15   12    1
 -0.002341399652126003   16   15   12    2
 -0.0009156357112200407   16   15   12    3
 0.0009679119903461884   16   15   12    4
 -0.003362353049508228   16   15   12    5
 -0.0002784423088330425   16   15   12    6
 -0.009477280866757816   16   15   12    7
 0.007330096832159985   16   15   12    8
 -0.01612377236467317   16   15   12    9
 0.0008911303726453757   16   15   12   10
 -0.006467480459274278   16   15   12   11
 0.002180663295689454   16   15   12   12
 0.0001113360073322027   16   15   13    1
 -0.0005256123638722442   16   15   13    2
 -0.002044289705664024   16   15   13    3
 -0.007094030780567958   16   15   13    4
 -0.00174424976970833   16   15   13    5
 -0.009208993066387339   16   15   13    6
 0.004756064948603011   16   15   13    7
 -0.003432674306732785   16   15   13    8
 -0.008054449738747516   16   15   13    9
 0.01270753619768623   16   15   13   10
 -0.0004574320439993746   16   15   13   11
 0.001321443619874052   16   15   13   12
 -0.01608039058968953   16   15   13   13
 -4.277811074504514e-05   16   15   14    1
 0.001811939747123659   16   15   14    2
 0.001617401437767466   16   15   14    3
 -0.004786779718519707   16   15   14    4
 0.002629248449186089   16   15   14    5
 -0.003062620091264135   16   15   14    6
 -0.01185850288535731   16   15   14    7
 -0.004653161156911596   16   15   14    8
 0.007052130007629703   16   15   14    9
 0.001448986255802669   16   15   14   10
 0.001818459312085835   16   15   14   11
 -0.01089784561194419   16   15   14   12
 0.01754002914320291   16   15   14   13
 -0.02827129226816014   16   15   14   14
 -0.000112138950849093   16   15   15    1
 -0.01352946294476169   16   15   15    2
 -0.007465103483313544   16   15   15    3
 0.002199846333948066   16   15   15    4
 -0.003035804687836743   16   15   15    5
 -0.00437788931510518   16   15   15    6
 -0.003470438743137275   16   15   15    7
 -0.009424317172462972   16   15   15    8
 -0.003430109110572512   16   15   15    9
 0.01329567792799004   16   15   15   10
 0.001123672819379103   16   15   15   11
 -0.004438953320322449   16   15   15   12
 -0.03016158454199724   16   15   15   13
 -0.01106484667773894   16   15   15   14
 -0.02133059872620881   16   15   15   15
 -0.0007001567441247482   16   15   16    1
 -0.01248528095927236   16   15   16    2
 0.008570713965044602   16   15   16    3
 -0.004763979434484121   16   15   16    4
 -0.006509482337530865   16   15   16    5
 -0.01889885698676799   16   15   16    6
 0.002780328743715932   16   15   16    7
 0.01207551845454872   16   15   16    8
 0.004952597153059005   16   15   16    9
 0.004777077648149111   16   15   16   10
 0.002195920861317414   16   15   16   11
 0.001013769197511368   16   15   16   12
 0.01702711638164054   16   15   16   13
 0.005364120742350247   16   15   16   14
 0.04690461761888222   16   15   16   15
 0.417643699075209   16   16    1    1
 0.0001220374201847732   16   16    2    1
 0.5103629036482019   16   16    2    2
 -0.0004440881372317385   16   16    3    1
 0.00934159719680982   16   16    3    2
 0.4344377286887344   16   16    3    3
 -0.000184041610754561   16   16    4    1
 0.006255302589456889   16   16    4    2
 0.0007985117659077374   16   16    4    3
 0.383783451670405   16   16    4    4
 0.002005124138328408   16   16    5    1
 0.07918346545870947   16   16    5    2
 0.03613753305092975   16   16    5    3
 0.008910094532626889   16   16    5    4
 0.466896353461609   16   16    5    5
 -0.0005198616505089475   16   16    6    1
 0.04722674039887288   16   16    6    2
 -0.00371081280265113   16   16    6    3
 0.03290708284876955   16   16    6    4
 0.05278110050243003   16   16    6    5
 0.4292757049018499   16   16    6    6
 -0.0002610547897639073   16   16    7    1
 -0.002398719308765811   16   16    7    2
 -0.002756049463103343   16   16    7    3
 -0.006620579798682079   16   16    7    4
 -0.001817644969213474   16   16    7    5
 -0.01358490311685378   16   16    7    6
 0.2836456866906217   16   16    7    7
 0.004771413075014457   16   16    8    1
 -0.01901570436813334   16   16    8    2
 0.06371635241902324   16   16    8    3
 0.0088550495069017   16   16    8    4
 -0.02153043292577306   16   16    8    5
 -0.006444040663007121   16   16    8    6
 -0.04905837674591164   16   16    8    7
 0.4062981070507745   16   16    8    8
 0.002416955978847367   16   16    9    1
 -0.0101649638354443   16   16    9    2
 0.0319185849567229   16   16    9    3
 0.009393979155683879   16   16    9    4
 -0.007894649754794529   16   16    9    5
 0.001960618067281027   16   16    9    6
 0.08441380272693212   16   16    9    7
 -0.003682586148036684   16   16    9    8
 0.4209488516310858   16   16    9    9
 0.002009299130101984   16   16   10    1
 -0.02726062944659476   16   16   10    2
 0.01016478795741226   16   16   10    3
 -0.01464444769594739   16   16   10    4
 -0.02852043231493299   16   16   10    5
 -0.01456726599532261   16   16   10    6
 0.001124703269072626   16   16   10    7
 0.007999518007705014   16   16   10    8
 0.005040972427856174   16   16   10    9
 0.3843500552058472   16   16   10   10
 0.000373616336165673   16   16   11    1
 -0.001515473746030299   16   16   11    2
 0.002184280027009933   16   16   11    3
 -0.003540795172878187   16   16   11    4
 -0.003619944935384227   16   16   11    5
 -0.003473151530406536   16   16   11    6
 -0.01698500810070653   16   16   11    7
 -0.02041872888113353   16   16   11    8
 0.03338450765989009   16   16   11    9
 0.0003053680421645697   16   16   11   10
 0.426829878655064   16   16   11   11
 -0.0002443439622735644   16   16   12    1
 -0.004613153865451435   16   16   12    2
 3.235020244132546e-05   16   16   12    3
 0.007697304457015814   16   16   12    4
 0.007179055963587775   16   16   12    5
 0.001259376004150868   16   16   12    6
 0.05670798903558232   16   16   12    7
 -0.01024037930074138   16   16   12    8
 0.03000904235095569   16   16   12    9
 0.001286336751369114   16   16   12   10
 -0.04243920519364312   16   16   12   11
 0.4502052444358743   16   16   12   12
 0.0001757429909021706   16   16   13    1
 0.02022049532715766   16   16   13    2
 -0.001164186479051653   16   16   13    3
 -0.07276866371104404   16   16   13    4
 -0.006043292295000588   16   16   13    5
 -0.02434490552516386   16   16   13    6
 0.001438402195609911   16   16   13    7
 -0.01697542611299376   16   16   13    8
 0.005069228961909247   16   16   13    9
 0.02324101393575722   16   16   13   10
 -0.01006892235082694   16   16   13   11
 0.02312950403002274   16   16   13   12
 0.3719690809701367   16   16   13   13
 0.000228268962621014   16   16   14    1
 0.00661625908396907   16   16   14    2
 -0.001033172976959204   16   16   14    3
 -0.0153420666699445   16   16   14    4
 0.00085826917261322   16   16   14    5
 0.01323576805001351   16   16   14    6
 0.01276334958179632   16   16   14    7
 0.01304936984766151   16   16   14    8
 -0.02820300585814974   16   16   14    9
 -0.002978301371070179   16   16   14   10
 0.02353341568139852   16   16   14   11
 -0.06171045858363715   16   16   14   12
 -0.0004906327139408125   16   16   14   13
 0.2581874551286746   16   16   14   14
 -0.002147307492498706   16   16   15    1
 -0.02482812457787898   16   16   15    2
 0.01536641465923537   16   16   15    3
 -0.0009541006633431449   16   16   15    4
 0.04945929990675918   16   16   15    5
 -0.05887973069213166   16   16   15    6
 0.002258533800443588   16   16   15    7
 -0.00276003163859898   16   16   15    8
 -0.01730812403347465   16   16   15    9
 0.01962225237926922   16   16   15   10
 0.007413851888067011   16   16   15   11
 -0.0171770983460238   16   16   15   12
 0.04138255637242149   16   16   15   13
 0.005199044315678323   16   16   15   14
 0.412989360363049   16   16   15   15
 -0.001937676733235976   16   16   16    1
 -0.009591889886926618   16   16   16    2
 0.02242771879235823   16   16   16    3
 0.0005380682178888778   16   16   16    4
 0.04251063778501673   16   16   16    5
 0.05749961789354367   16   16   16    6
 -0.007423993269280677   16   16   16    7
 0.03262275205631658   16   16   16    8
 0.02432261313849417   16   16   16    9
 0.006353641504836111   16   16   16   10
 0.001075014095914633   16   16   16   11
 0.005631855369248173   16   16   16   12
 0.02937831978004313   16   16   16   13
 0.01785031661777558   16   16   16   14
 0.0273436984006327   16   16   16   15
 0.589513475089289   16   16   16   16
 -0.1817897152488901   17    1    1    1
 0.001846070450310345   17    1    2    1
 0.003013139402053258   17    1    2    2
 0.02746399726565816   17    1    3    1
 0.00126643784925549   17    1    3    2
 0.005051566405594532   17    1    3    3
 0.000940475896129974   17    1    4    1
 -0.0001902078322858965   17    1    4    2
 -0.001247152550561338   17    1    4    3
 0.00172162088818938   17    1    4    4
 -0.006655339807737399   17    1    5    1
 0.000783207184287385   17    1    5    2
 0.005963465351449244   17    1    5    3
 0.0007647342709174815   17    1    5    4
 -0.001848814067028905   17    1    5    5
 0.001544134066235119   17    1    6    1
 0.000218257248821016   17    1    6    2
 -0.004716112991216996   17    1    6    3
 0.0002656917335903987   17    1    6    4
 0.002883153776204629   17    1    6    5
 0.001159397725353853   17    1    6    6
 0.0001063481813820407   17    1    7    1
 -1.525749522173498e-05   17    1    7    2
 -0.0003607938167764668   17    1    7    3
 -0.0001072555073847528   17    1    7    4
 0.0002582491598838337   17    1    7    5
 -0.0002487115556210307   17    1    7    6
 0.001553129700797967   17    1    7    7
 0.002223416971756045   17    1    8    1
 0.0003389840984508555   17    1    8    2
 0.01494611984418636   17    1    8    3
 0.001697018499480373   17    1    8    4
 -0.007963554793489444   17    1    8    5
 0.004311689429066436   17    1    8    6
 6.216075533269854e-05   17    1    8    7
 -0.008799602614963728   17    1    8    8
 0.001523585621791384   17    1    9    1
 0.0001641798514786636   17    1    9    2
 0.007742292436471286   17    1    9    3
 0.0009405255280221721   17    1    9    4
 -0.004015017121557785   17    1    9    5
 0.002217651856176049   17    1    9    6
 0.0007836741321763842   17    1    9    7
 -0.005384535192387758   17    1    9    8
 -0.0005460429984400684   17    1    9    9
 -0.001160504409236106   17    1   10    1
 -9.965539031010378e-05   17    1   10    2
 -0.001359824452077844   17    1   10    3
 -0.0006589930834468808   17    1   10    4
 0.0003467884712077273   17    1   10    5
 -0.002076075555256041   17    1   10    6
 0.0001901854045801638   17    1   10    7
 3.735395111373088e-05   17    1   10    8
 -8.143554765405421e-05   17    1   10    9
 -0.003381613741394577   17    1   10   10
 0.0006192366625007282   17    1   11    1
 1.811646995451328e-05   17    1   11    2
 0.0004306382303041831   17    1   11    3
 2.669224103084266e-05   17    1   11    4
 -0.000264111421556179   17    1   11    5
 6.736874356684114e-05   17    1   11    6
 0.0002545308674005878   17    1   11    7
 -0.0006131880654536761   17    1   11    8
 0.0005673558398756183   17    1   11    9
 -0.0001183243869696938   17    1   11   10
 -0.0002346506045891136   17    1   11   11
 -0.001326328186346214   17    1   12    1
 -6.983171091320027e-05   17    1   12    2
 -0.001017042949799614   17    1   12    3
 2.478575139937915e-05   17    1   12    4
 0.0005202955216179521   17    1   12    5
 -0.0001850050033673563   17    1   12    6
 0.001995977041936464   17    1   12    7
 -0.0007155387868979123   17    1   12    8
 0.00282290173904785   17    1   12    9
 0.0001499790226405166   17    1   12   10
 -0.003536330479472956   17    1   12   11
 0.0002566528798354491   17    1   12   12
 2.04402800217275e-05   17    1   13    1
 0.0002232186236587663   17    1   13    2
 -5.146465586256821e-05   17    1   13    3
 -0.0006433742577410951   17    1   13    4
 0.000154812359705641   17    1   13    5
 -0.0003869750269870031   17    1   13    6
 0.0002110866728251047   17    1   13    7
 -0.0005932349783786857   17    1   13    8
 0.0001189069274837949   17    1   13    9
 -0.0002497979834259529   17    1   13   10
 -0.0004020199555151431   17    1   13   11
 3.903167000064096e-05   17    1   13   12
 0.00214779304869416   17    1   13   13
 0.001227172149903422   17    1   14    1
 8.18082692914375e-05   17    1   14    2
 0.0006895889260491757   17    1   14    3
 6.996125646107317e-06   17    1   14    4
 -0.0003379936827286804   17    1   14    5
 0.0004345137306958052   17    1   14    6
 -0.0002596787455051973   17    1   14    7
 -0.0001170570591495077   17    1   14    8
 -0.001066618059803376   17    1   14    9
 0.0001526384858812098   17    1   14   10
 0.0008994523150799685   17    1   14   11
 -8.625327709655497e-05   17    1   14   12
 -0.0001881383244404228   17    1   14   13
 0.00108481611392045   17    1   14   14
 -0.01336143637689275   17    1   15    1
 -0.0001118884997009512   17    1   15    2
 -0.005002585405017694   17    1   15    3
 -0.0008249585747437451   17    1   15    4
 0.002793959994852657   17    1   15    5
 -0.00214370777571975   17    1   15    6
 -0.0002068082694364148   17    1   15    7
 0.001974487578303874   17    1   15    8
 0.000401768126007826   17    1   15    9
 -0.0005977500246601366   17    1   15   10
 0.0004086986171446025   17    1   15   11
 0.0001651116524051789   17    1   15   12
 0.0008965801861780393   17    1   15   13
 7.422709059564425e-05   17    1   15   14
 0.00388332393713666   17    1   15   15
 -0.006722651446436725   17    1   16    1
 0.000236399763139871   17    1   16    2
 -0.002345967822263233   17    1   16    3
 0.000383799058921626   17    1   16    4
 0.001951243377389407   17    1   16    5
 0.001870759312418544   17    1   16    6
 -0.0002945025416803073   17    1   16    7
 0.001269506820439417   17    1   16    8
 0.000697790075188166   17    1   16    9
 0.002284775356175061   17    1   16   10
 0.000111735845263741   17    1   16   11
 7.995018232944758e-05   17    1   16   12
 7.406402886443036e-05   17    1   16   13
 7.004244168531922e-05   17    1   16   14
 0.0004332535947075201   17    1   16   15
 0.00410926932994433   17    1   16   16
 0.02500039244962952   17    1   17    1
 0.01713415026506932   17    2    1    1
 3.155823234192676e-05   17    2    2    1
 -0.01693745982838994   17    2    2    2
 -0.0004899463097165274   17    2    3    1
 0.0009728479088542564   17    2    3    2
 -0.0003613865734985268   17    2    3    3
 -8.988461322572945e-05   17    2    4    1
 -0.01087209407198221   17    2    4    2
 0.0002838429152425196   17    2    4    3
 -0.006796091878538156   17    2    4    4
 0.0003273288255441264   17    2    5    1
 0.009205644586080804   17    2    5    2
 -0.005358300459135906   17    2    5    3
 -0.0082412132274558   17    2    5    4
 -0.005840626155431799   17    2    5    5
 -0.0002151349503877977   17    2    6    1
 -0.004006573439976795   17    2    6    2
 -0.001033946121092452   17    2    6    3
 0.007898547328351579   17    2    6    4
 -0.008512756515511036   17    2    6    5
 -0.0004880708663234324   17    2    6    6
 -7.450833105184312e-06   17    2    7    1
 0.00130586821277705   17    2    7    2
 0.000386263255969994   17    2    7    3
 -0.0006949308245470982   17    2    7    4
 0.001527385711481602   17    2    7    5
 -0.0002623098532606186   17    2    7    6
 0.001081715304586227   17    2    7    7
 0.0004526670343254154   17    2    8    1
 -0.007179035981964971   17    2    8    2
 -0.003811757646289518   17    2    8    3
 0.0060562062930368   17    2    8    4
 -0.002228276937441965   17    2    8    5
 0.002817366308261059   17    2    8    6
 0.0003692043806649556   17    2    8    7
 0.0009286891488998653   17    2    8    8
 0.0002296020486031612   17    2    9    1
 -0.004216212909868663   17    2    9    2
 -0.001602467480518737   17    2    9    3
 0.003323043437845973   17    2    9    4
 -0.0006740867616763819   17    2    9    5
 0.002479213968494371   17    2    9    6
 -0.002561517368398183   17    2    9    7
 0.007276439081794751   17    2    9    8
 -0.007934849917165187   17    2    9    9
 -0.00011431033372366   17    2   10    1
 0.006021312291427435   17    2   10    2
 -0.0009328891415809344   17    2   10    3
 -0.002364639025751712   17    2   10    4
 0.006667513457849213   17    2   10    5
 0.002062414448054386   17    2   10    6
 0.0002667811487860016   17    2   10    7
 -0.00324985084016415   17    2   10    8
 -0.001426037115765749   17    2   10    9
 0.003614577833609677   17    2   10   10
 6.464933897473147e-06   17    2   11    1
 -0.0005066938235339276   17    2   11    2
 0.00014969617647365   17    2   11    3
 -4.868257550402125e-05   17    2   11    4
 0.0004522326430379955   17    2   11    5
 0.001182091336208533   17    2   11    6
 -0.006298347580724671   17    2   11    7
 0.009542316929686488   17    2   11    8
 -0.01704646061737399   17    2   11    9
 7.686207081146782e-05   17    2   11   10
 -0.01944270007108732   17    2   11   11
 -1.94286739854014e-05   17    2   12    1
 0.001864178780900339   17    2   12    2
 -0.0004116101378383582   17    2   12    3
 -0.0002905942201783055   17    2   12    4
 -0.0001825250020302068   17    2   12    5
 -0.000362669013722675   17    2   12    6
 0.004407519128403668   17    2   12    7
 -0.004752196332431124   17    2   12    8
 0.008295374155076586   17    2   12    9
 -0.0001442320266494457   17    2   12   10
 0.01057543949784056   17    2   12   11
 0.005128335868083519   17    2   12   12
 3.045641239481091e-05   17    2   13    1
 0.005718248028486946   17    2   13    2
 0.001404044190736975   17    2   13    3
 -0.002098520260696086   17    2   13    4
 0.01709788010608843   17    2   13    5
 0.0006442408871717544   17    2   13    6
 0.001174221463369587   17    2   13    7
 -0.009226682283833552   17    2   13    8
 -0.002992511265535115   17    2   13    9
 -0.0006998090010839314   17    2   13   10
 0.001235423789086144   17    2   13   11
 0.0009868496509587226   17    2   13   12
 0.005157275493771101   17    2   13   13
 2.713942651687219e-05   17    2   14    1
 0.0009953582533219648   17    2   14    2
 0.0002519331032094148   17    2   14    3
 0.0005478462387169285   17    2   14    4
 0.002413685816183025   17    2   14    5
 -0.0001891251002143947   17    2   14    6
 -0.000552757985663276   17    2   14    7
 4.967196921780837e-05   17    2   14    8
 -0.002761385547161577   17    2   14    9
 -0.0002410680874054895   17    2   14   10
 -0.002848796325915533   17    2   14   11
 -0.0004677462099991648   17    2   14   12
 -0.0009698856914359537   17    2   14   13
 -0.0003862665846491985   17    2   14   14
 -7.613896525780264e-05   17    2   15    1
 0.01570220346262293   17    2   15    2
 -0.004230256499489713   17    2   15    3
 -0.0062297256673374   17    2   15    4
 0.0003761651742183644   17    2   15    5
 0.001612468668691145   17    2   15    6
 1.245335730856135e-05   17    2   15    7
 -0.004445284052229353   17    2   15    8
 -0.003124953066374277   17    2   15    9
 -0.0003335846207850699   17    2   15   10
 -0.001451993296947258   17    2   15   11
 -0.0008313924201721543   17    2   15   12
 0.0113376323160915   17    2   15   13
 0.002030933985130591   17    2   15   14
 -0.001842167180751743   17    2   15   15
 1.471607745363332e-05   17    2   16    1
 0.0184135600938613   17    2   16    2
 -0.005067013489945427   17    2   16    3
 -0.0003742751577210555   17    2   16    4
 0.006676250900885404   17    2   16    5
 0.007583910729999997   17    2   16    6
 -8.901062677572773e-05   17    2   16    7
 -0.007811329789660555   17    2   16    8
 -0.003833253854771633   17    2   16    9
 -0.008168340348779035   17    2   16   10
 -0.0005192987008855582   17    2   16   11
 -0.000691817114717886   17    2   16   12
 -0.0002407800887232877   17    2   16   13
 0.0004206067486365216   17    2   16   14
 -0.009212565511605373   17    2   16   15
 -0.01539159313699171   17    2   16   16
 0.0001404835880086814   17    2   17    1
 0.02625804516389142   17    2   17    2
 0.2365211248370167   17    3    1    1
 0.0003513475859972395   17    3    2    1
 -0.01971748351358068   17    3    2    2
 -0.004268553329879886   17    3    3    1
 0.005866524073242355   17    3    3    2
 0.0888801396791892   17    3    3    3
 -0.001129794015046287   17    3    4    1
 0.004440320254023161   17    3    4    2
 0.005170976875090069   17    3    4    3
 -0.008606366814326704   17    3    4    4
 0.0055688938313547   17    3    5    1
 -0.007632962276432446   17    3    5    2
 -0.02659290659416312   17    3    5    3
 0.00230706160668532   17    3    5    4
 -0.005711894786565325   17    3    5    5
 -0.003745047898827301   17    3    6    1
 -0.0008109991530023336   17    3    6    2
 0.009126921678741188   17    3    6    3
 -0.003410879325996727   17    3    6    4
 -0.0009165574110768427   17    3    6    5
 -0.001910932714868777   17    3    6    6
 -0.0003137781078105454   17    3    7    1
 -0.00052227425915818   17    3    7    2
 -0.0001315826806418189   17    3    7    3
 0.0006124249321384399   17    3    7    4
 -0.001773927951110159   17    3    7    5
 3.230854451058552e-05   17    3    7    6
 -0.003771720882514343   17    3    7    7
 0.01134657612132009   17    3    8    1
 0.004230965478833118   17    3    8    2
 0.003673250466876783   17    3    8    3
 -0.004338815678714914   17    3    8    4
 0.01570623859003432   17    3    8    5
 -0.006832462527337741   17    3    8    6
 -0.004065241368834987   17    3    8    7
 0.02702705618761636   17    3    8    8
 0.005828710981607576   17    3    9    1
 0.002119618146348087   17    3    9    2
 0.002683372676968171   17    3    9    3
 -0.00218248005092325   17    3    9    4
 0.006916018917963878   17    3    9    5
 -0.00305637801320854   17    3    9    6
 0.004849635016521428   17    3    9    7
 0.01081591223917973   17    3    9    8
 0.01106719919315176   17    3    9    9
 -0.0009147219625010426   17    3   10    1
 0.0003953471351608999   17    3   10    2
 -0.003171721791707039   17    3   10    3
 0.01319619772628674   17    3   10    4
 0.006691514139535184   17    3   10    5
 0.04426025682861281   17    3   10    6
 -0.004416265123884364   17    3   10    7
 0.01062822483932247   17    3   10    8
 0.008065137967103382   17    3   10    9
 0.08773692363913103   17    3   10   10
 0.000323733912108678   17    3   11    1
 0.0006208976539040788   17    3   11    2
 0.002270888482201964   17    3   11    3
 -0.0005669253507422473   17    3   11    4
 0.001350461224908945   17    3   11    5
 0.0001370065018809163   17    3   11    6
 -0.01626070242795675   17    3   11    7
 0.01403594780059373   17    3   11    8
 -0.02333528897674002   17    3   11    9
 0.001738045330377236   17    3   11   10
 0.04401324612811447   17    3   11   11
 -0.0007748842898926387   17    3   12    1
 -0.0006421948107110917   17    3   12    2
 -0.004386194595000681   17    3   12    3
 -0.001097603593181055   17    3   12    4
 -0.0005779242918141595   17    3   12    5
 2.355527421538826e-05   17    3   12    6
 -0.02736716098294299   17    3   12    7
 0.01478262174825091   17    3   12    8
 -0.03950051558486178   17    3   12    9
 -0.002140373068569474   17    3   12   10
 0.05143393260684672   17    3   12   11
 0.01821216803269775   17    3   12   12
 5.23129179195154e-05   17    3   13    1
 -0.002552980106094509   17    3   13    2
 -0.002027587840710976   17    3   13    3
 0.005206543309028107   17    3   13    4
 -0.005475673933677161   17    3   13    5
 0.004148670412249961   17    3   13    6
 -0.00252164321845624   17    3   13    7
 0.005061187457904387   17    3   13    8
 -0.002461635539451691   17    3   13    9
 0.003522955540206062   17    3   13   10
 0.004683444944561218   17    3   13   11
 0.0006121208270383056   17    3   13   12
 -0.01597043975811299   17    3   13   13
 0.0006692094363983633   17    3   14    1
 -0.000169850393754615   17    3   14    2
 0.003871818763141121   17    3   14    3
 -2.944945622589013e-05   17    3   14    4
 -0.0009329016371114833   17    3   14    5
 -0.002809452418415413   17    3   14    6
 0.003564593185346277   17    3   14    7
 -0.001801490245530823   17    3   14    8
 0.01051468220115677   17    3   14    9
 -0.002083235820965462   17    3   14   10
 -0.010183277107037   17    3   14   11
 -0.002181535611172154   17    3   14   12
 0.001784712852703585   17    3   14   13
 -0.006046923428693968   17    3   14   14
 -0.004405400525090556   17    3   15    1
 -0.007175113598573746   17    3   15    2
 -0.04232275547189031   17    3   15    3
 0.005376387263293504   17    3   15    4
 -0.002849894664160256   17    3   15    5
 0.01381236693156804   17    3   15    6
 0.001546588168306305   17    3   15    7
 -0.02035227736192203   17    3   15    8
 -0.005609322595435537   17    3   15    9
 0.009693784145630232   17    3   15   10
 -0.005708160596843545   17    3   15   11
 0.0004200384577834582   17    3   15   12
 -0.009413296797448428   17    3   15   13
 -0.003277248037086613   17    3   15   14
 -0.0002254805374049411   17    3   15   15
 -0.002045329925301154   17    3   16    1
 -0.007348582654833261   17    3   16    2
 -0.0195683123592969   17    3   16    3
 -0.005359509686454597   17    3   16    4
 -0.008230703440025085   17    3   16    5
 -0.0208088329993346   17    3   16    6
 0.002492046464891547   17    3   16    7
 -0.0130877893302193   17    3   16    8
 -0.007894728474011962   17    3   16    9
 -0.02110967834297418   17    3   16   10
 -0.001690396338985716   17    3   16   11
 0.0009987818176692442   17    3   16   12
 0.0002889251463190908   17    3   16   13
 -0.001537377684622793   17    3   16   14
 0.01357572059663132   17    3   16   15
 -0.01967981963243072   17    3   16   16
 0.007311439874123539   17    3   17    1
 0.00363886006925386   17    3   17    2
 0.07408586875692993   17    3   17    3
 -0.004382937384904625   17    4    1    1
 2.653398057098361e-05   17    4    2    1
 -0.006729019585121654   17    4    2    2
 0.0001122999106633412   17    4    3    1
 0.0001408381588963083   17    4    3    2
 -6.495103290633262e-05   17    4    3    3
 3.901987757836387e-05   17    4    4    1
 0.009325776197423053   17    4    4    2
 -0.001938095150340119   17    4    4    3
 0.01633034253053872   17    4    4    4
 0.0002493869767440561   17    4    5    1
 -0.008817071466752768   17    4    5    2
 0.001527289634285074   17    4    5    3
 0.005707273394953774   17    4    5    4
 -0.00358054234752805   17    4    5    5
 8.269984991126326e-05   17    4    6    1
 -0.00419784746952458   17    4    6    2
 -0.002201230623476113   17    4    6    3
 -0.00922175289574486   17    4    6    4
 -0.0001806291709895558   17    4    6    5
 0.004099229474924089   17    4    6    6
 -2.877011057076747e-05   17    4    7    1
 -0.0007082189946528568   17    4    7    2
 -5.451979242994012e-05   17    4    7    3
 0.0001804595220343299   17    4    7    4
 -0.0009479577071891433   17    4    7    5
 0.0008186442306421079   17    4    7    6
 0.003493130309867151   17    4    7    7
 0.0006928000351180612   17    4    8    1
 0.005361507728682102   17    4    8    2
 0.00200155880692959   17    4    8    3
 -0.005095513658865987   17    4    8    4
 -0.0001021320062887728   17    4    8    5
 -0.0001716396820834718   17    4    8    6
 0.002857953468192581   17    4    8    7
 -0.005700067442942195   17    4    8    8
 0.0004047337960438705   17    4    9    1
 0.001612452689265562   17    4    9    2
 0.0008677186320651061   17    4    9    3
 -0.003865140378013453   17    4    9    4
 -0.0006507801905604875   17    4    9    5
 -9.528643666015584e-05   17    4    9    6
 -0.003177166135410096   17    4    9    7
 -0.005084024249734541   17    4    9    8
 0.0004578597643060239   17    4    9    9
 0.0006058279950257083   17    4   10    1
 6.024745363899245e-06   17    4   10    2
 0.000897592693502357   17    4   10    3
 0.001665111571063213   17    4   10    4
 -0.002102009298593457   17    4   10    5
 -0.00159913933657156   17    4   10    6
 -0.0002115167270085371   17    4   10    7
 0.001130789654461765   17    4   10    8
 0.0003350033123525711   17    4   10    9
 -0.0007100536012292764   17    4   10   10
 -7.928185331891152e-06   17    4   11    1
 -0.0006852545612104338   17    4   11    2
 0.0002005072438815335   17    4   11    3
 -0.00099987355621968   17    4   11    4
 -1.646609823894161e-05   17    4   11    5
 -4.114497769817584e-05   17    4   11    6
 0.003349906438708767   17    4   11    7
 -0.003894172548198376   17    4   11    8
 0.007340166027647633   17    4   11    9
 3.777678583529573e-05   17    4   11   10
 0.008163579326744984   17    4   11   11
 -0.0001126350478165156   17    4   12    1
 -4.205199289450067e-05   17    4   12    2
 -0.0005837790022181919   17    4   12    3
 0.0009777105291323819   17    4   12    4
 -0.0003346200712702951   17    4   12    5
 9.694556240777888e-05   17    4   12    6
 -0.004380728023171016   17    4   12    7
 0.003719491490034229   17    4   12    8
 -0.007334054966215002   17    4   12    9
 -0.0003904983509936014   17    4   12   10
 -0.0037400585885763   17    4   12   11
 -0.006797923904996057   17    4   12   12
 3.595146995128524e-06   17    4   13    1
 -0.007094626650667029   17    4   13    2
 -7.24305197800888e-06   17    4   13    3
 0.0002731861639929968   17    4   13    4
 -0.01250790071780552   17    4   13    5
 0.004448686089151862   17    4   13    6
 -0.002611751758183311   17    4   13    7
 0.008789664892156051   17    4   13    8
 0.004127291964082889   17    4   13    9
 -0.002387356815362685   17    4   13   10
 -0.0001097984327523386   17    4   13   11
 -0.002228011894708651   17    4   13   12
 -0.0003578042899437708   17    4   13   13
 3.212755498815205e-05   17    4   14    1
 -0.002058270258651186   17    4   14    2
 -2.487529439909717e-05   17    4   14    3
 -0.001650714408734699   17    4   14    4
 -0.002350680464696716   17    4   14    5
 0.00155786326012499   17    4   14    6
 0.003443101333879742   17    4   14    7
 0.0007442880758758441   17    4   14    8
 0.002096173495693209   17    4   14    9
 -0.0002358100951001018   17    4   14   10
 0.001149275018454467   17    4   14   11
 0.003081269511213533   17    4   14   12
 -0.002672024254485773   17    4   14   13
 0.003803723949365094   17    4   14   14
 -0.0003053589107248944   17    4   15    1
 -0.003066549647472592   17    4   15    2
 0.0002420714003581389   17    4   15    3
 0.009828438057109709   17    4   15    4
 -0.001835562964891371   17    4   15    5
 -0.0008586870817498166   17    4   15    6
 0.0006306652582228952   17    4   15    7
 0.004086385593813306   17    4   15    8
 0.002832276240128424   17    4   15    9
 -0.003730924629257017   17    4   15   10
 0.0007866124987515322   17    4   15   11
 0.001499010297323908   17    4   15   12
 -0.005524580843418888   17    4   15   13
 0.0007041413077109294   17    4   15   14
 0.003811367735266206   17    4   15   15
 -0.0003745162736083486   17    4   16    1
 -0.006355278657811721   17    4   16    2
 -0.004096294949795417   17    4   16    3
 -0.001083766605396529   17    4   16    4
 -0.009339073991070467   17    4   16    5
 -0.005958493791733293   17    4   16    6
 -5.036714902132919e-05   17    4   16    7
 0.0001520010467345854   17    4   16    8
 0.0002280560857035079   17    4   16    9
 0.003826048746538224   17    4   16   10
 0.0008933674919663679   17    4   16   11
 -0.0009919412775596284   17    4   16   12
 -0.0007807476957137397   17    4   16   13
 -0.00107426543478976   17    4   16   14
 -0.003602787574361416   17    4   16   15
 -0.004165509450881863   17    4   16   16
 0.0006059558286311887   17    4   17    1
 -0.009371754076040951   17    4   17    2
 0.001625812674778635   17    4   17    3
 0.01342754221526898   17    4   17    4
 -0.005533201992202814   17    5    1    1
 -0.0001728156346195647   17    5    2    1
 0.01689235492446701   17    5    2    2
 -0.0001476836221331131   17    5    3    1
 -0.006091767460581874   17    5    3    2
 -0.01867302721294021   17    5    3    3
 0.0003632541117398552   17    5    4    1
 -0.006259739542694813   17    5    4    2
 0.001410173667470836   17    5    4    3
 0.007918784108643259   17    5    4    4
 -0.001403025337236264   17    5    5    1
 0.006354719194527915   17    5    5    2
 -0.006516881170658717   17    5    5    3
 -0.00599141877831303   17    5    5    4
 0.01019308777302848   17    5    5    5
 0.001415700722938538   17    5    6    1
 0.0008849057983713918   17    5    6    2
 0.004931505076114966   17    5    6    3
 0.0004981428536893974   17    5    6    4
 -0.004369113221988177   17    5    6    5
 0.002607338524137797   17    5    6    6
 5.289704277921864e-05   17    5    7    1
 0.00125387182001865   17    5    7    2
 0.0001632163354966621   17    5    7    3
 -0.0006352021081213665   17    5    7    4
 0.001057313975204039   17    5    7    5
 -0.0001330800986566799   17    5    7    6
 0.002157186930201495   17    5    7    7
 -0.00382238159671557   17    5    8    1
 -0.01013789552772888   17    5    8    2
 -0.01833490597817032   17    5    8    3
 0.002894911522312891   17    5    8    4
 -0.0013044558769219   17    5    8    5
 -0.002743503455276157   17    5    8    6
 -0.0008606265438038701   17    5    8    7
 0.01309691299954851   17    5    8    8
 -0.002010051785278674   17    5    9    1
 -0.004068958072798584   17    5    9    2
 -0.01008263013309586   17    5    9    3
 0.001784975528410582   17    5    9    4
 -0.0004038862939143969   17    5    9    5
 -0.001234032085215463   17    5    9    6
 -0.001275850820316008   17    5    9    7
 0.004655315771540534   17    5    9    8
 0.004687662599780786   17    5    9    9
 0.001061021620026995   17    5   10    1
 -0.000214470223296293   17    5   10    2
 0.003772987839120005   17    5   10    3
 -0.003107998816659406   17    5   10    4
 -0.0004290719557314004   17    5   10    5
 -0.005262212842219235   17    5   10    6
 0.0007954023504242225   17    5   10    7
 -0.002790978028580661   17    5   10    8
 -0.002039397442542019   17    5   10    9
 -0.001367363891405132   17    5   10   10
 -6.182743417840618e-05   17    5   11    1
 0.0009399718936489743   17    5   11    2
 -0.0003441765304455827   17    5   11    3
 0.0005259310876498918   17    5   11    4
 5.357900986256377e-05   17    5   11    5
 -0.0001447814658527624   17    5   11    6
 0.003384939904743814   17    5   11    7
 -0.00314543460952972   17    5   11    8
 0.006879208518344142   17    5   11    9
 -0.0002551957080725819   17    5   11   10
 0.002386531417057795   17    5   11   11
 0.0003855600193045181   17    5   12    1
 -0.001059485573639649   17    5   12    2
 0.001399423722178808   17    5   12    3
 2.542100089289909e-05   17    5   12    4
 9.749708162449965e-05   17    5   12    5
 0.0002349346649292708   17    5   12    6
 0.001259970145632957   17    5   12    7
 -0.000894933074101978   17    5   12    8
 -0.0008996545843063163   17    5   12    9
 0.000134170057315268   17    5   12   10
 -0.0026260286381708   17    5   12   11
 0.002912192497048874   17    5   12   12
 4.33653691691341e-05   17    5   13    1
 0.01164467604732243   17    5   13    2
 -0.0009289010372016089   17    5   13    3
 -0.006687872113034351   17    5   13    4
 0.004862592910288365   17    5   13    5
 0.0004907556398684982   17    5   13    6
 -0.000245343134634588   17    5   13    7
 -0.004552734846853671   17    5   13    8
 -0.00200877403760341   17    5   13    9
 0.001187781376154433   17    5   13   10
 -0.0004655291760034214   17    5   13   11
 0.0002122205709157669   17    5   13   12
 0.01212350715196548   17    5   13   13
 -0.0003165513018840062   17    5   14    1
 0.002332217595389417   17    5   14    2
 -0.0009919995047358956   17    5   14    3
 -0.001896425256698261   17    5   14    4
 0.001299506066105232   17    5   14    5
 -2.18575761327839e-05   17    5   14    6
 0.002029783757699289   17    5   14    7
 -5.413510515185315e-06   17    5   14    8
 0.0001834469094697864   17    5   14    9
 0.0001947991909152773   17    5   14   10
 0.0004397036525235704   17    5   14   11
 0.0004805981265731076   17    5   14   12
 -0.0001429060170502721   17    5   14   13
 0.002604969780966581   17    5   14   14
 0.002244011067914688   17    5   15    1
 -0.003982649069326688   17    5   15    2
 0.005957656779020972   17    5   15    3
 0.001447446550229305   17    5   15    4
 0.001854447582571787   17    5   15    5
 0.001606765502833883   17    5   15    6
 0.0007168306807512207   17    5   15    7
 -0.00799236709771612   17    5   15    8
 -0.003759749051389003   17    5   15    9
 -0.000214712269745811   17    5   15   10
 -0.0001857638807667216   17    5   15   11
 0.0002353335681076908   17    5   15   12
 0.005698159984854614   17    5   15   13
 0.00138383982019957   17    5   15   14
 0.004774477513313932   17    5   15   15
 0.0008376302744375497   17    5   16    1
 -0.004402697253928143   17    5   16    2
 0.0006463005954534315   17    5   16    3
 -0.003873333038454404   17    5   16    4
 -0.0003772972938228383   17    5   16    5
 -0.003856121484553759   17    5   16    6
 0.0006285791241031065   17    5   16    7
 -0.006563835214145425   17    5   16    8
 -0.003719660409965104   17    5   16    9
 0.0004517593841926299   17    5   16   10
 -0.000268706503878326   17    5   16   11
 -0.0001640143257125156   17    5   16   12
 0.004754362121104151   17    5   16   13
 0.0003243993331112894   17    5   16   14
 0.001232841701338411   17    5   16   15
 -0.0006334069805972719   17    5   16   16
 -0.003706513055638625   17    5   17    1
 0.009078025012306831   17    5   17    2
 -0.004684175440033486   17    5   17    3
 -0.00682506804507785   17    5   17    4
 0.0213594334684826   17    5   17    5
 -0.02499205957629911   17    6    1    1
 0.0001250908252447697   17    6    2    1
 -0.01268803005025708   17    6    2    2
 0.0006935525676286131   17    6    3    1
 0.003930308724590278   17    6    3    2
 0.005456494710672965   17    6    3    3
 0.000171828300294282   17    6    4    1
 -0.008022119338444477   17    6    4    2
 -0.003940792746564677   17    6    4    3
 -0.01247226578817807   17    6    4    4
 0.0006440586277895087   17    6    5    1
 0.002461475023067539   17    6    5    2
 0.006347880488054318   17    6    5    3
 -0.005642715758810643   17    6    5    4
 -0.01392902501057954   17    6    5    5
 0.0007394087417755646   17    6    6    1
 -0.003650604669074785   17    6    6    2
 -0.0109739257059515   17    6    6    3
 0.01535172084157288   17    6    6    4
 -0.01084924969053225   17    6    6    5
 0.01174121653959935   17    6    6    6
 -0.0001519405686650424   17    6    7    1
 0.0006412380465921614   17    6    7    2
 -1.440877883183794e-05   17    6    7    3
 -0.0001028747882243001   17    6    7    4
 0.0009244231823176413   17    6    7    5
 0.0001064786327473199   17    6    7    6
 0.01164416382086932   17    6    7    7
 0.001919399301726848   17    6    8    1
 0.0002862881760364703   17    6    8    2
 0.01478646362359429   17    6    8    3
 0.003262933157052408   17    6    8    4
 -0.004683390028401479   17    6    8    5
 0.005072475758912184   17    6    8    6
 0.003326204978580812   17    6    8    7
 -0.01003526519077579   17    6    8    8
 0.00108253729777984   17    6    9    1
 0.0002741061355410545   17    6    9    2
 0.007717343504225904   17    6    9    3
 0.003140691661684666   17    6    9    4
 -0.00253098295019051   17    6    9    5
 0.003146733963751662   17    6    9    6
 -0.003479225463378065   17    6    9    7
 -0.002360856305985653   17    6    9    8
 -0.004730923679447914   17    6    9    9
 0.002854228566405748   17    6   10    1
 0.003543005114928165   17    6   10    2
 0.007525611014575606   17    6   10    3
 -0.003997150562981403   17    6   10    4
 0.005077408317919434   17    6   10    5
 -0.005302146941449499   17    6   10    6
 0.0005566497312784261   17    6   10    7
 -0.003794692333002483   17    6   10    8
 -0.002036173927386857   17    6   10    9
 -0.007087642894800395   17    6   10   10
 0.0001248112922116633   17    6   11    1
 0.0006249557431366634   17    6   11    2
 0.0002159202634599067   17    6   11    3
 0.0007120987638825788   17    6   11    4
 -0.0003133732791706995   17    6   11    5
 0.001088922384752941   17    6   11    6
 -0.003431305107468847   17    6   11    7
 0.006345865371532459   17    6   11    8
 -0.01251290105676681   17    6   11    9
 -0.0002563281011915705   17    6   11   10
 -0.01683012464272083   17    6   11   11
 -0.0002312391971047983   17    6   12    1
 -0.0001273378537404992   17    6   12    2
 -0.0005383722793812817   17    6   12    3
 -0.0001827457586335697   17    6   12    4
 0.0006829187764187182   17    6   12    5
 -0.0005360088532292491   17    6   12    6
 0.009022839453639304   17    6   12    7
 -0.005740619604849072   17    6   12    8
 0.01415845134640252   17    6   12    9
 -0.0003473125001330233   17    6   12   10
 -0.002377675780434192   17    6   12   11
 0.005346227308742889   17    6   12   12
 0.0001420367887492418   17    6   13    1
 0.001932975197192353   17    6   13    2
 0.002514495439057433   17    6   13    3
 0.004782802942436425   17    6   13    4
 0.004836962136614264   17    6   13    5
 0.00301405991194309   17    6   13    6
 -0.0007520977009158549   17    6   13    7
 5.896429869726456e-05   17    6   13    8
 0.003053519113014373   17    6   13    9
 -0.005901936251255134   17    6   13   10
 -0.0002006122815525724   17    6   13   11
 0.0002606876542710912   17    6   13   12
 0.004801204339957691   17    6   13   13
 5.757287941468535e-05   17    6   14    1
 4.756781873877468e-05   17    6   14    2
 -0.0008599506492670378   17    6   14    3
 0.003375504598599649   17    6   14    4
 -3.268645357799034e-06   17    6   14    5
 0.0022566617749571   17    6   14    6
 0.001371069287857324   17    6   14    7
 0.001333451024344466   17    6   14    8
 -0.0051789202198196   17    6   14    9
 -0.0002664247662190435   17    6   14   10
 0.0006553104490297154   17    6   14   11
 0.001112376696023988   17    6   14   12
 -0.005757062510851266   17    6   14   13
 0.009654033429525182   17    6   14   14
 -0.0008513390308241464   17    6   15    1
 0.004964625264066247   17    6   15    2
 0.006242128469263325   17    6   15    3
 -0.007771518162816898   17    6   15    4
 0.004253226307059749   17    6   15    5
 -0.007598224079422788   17    6   15    6
 0.0005160201278214808   17    6   15    7
 0.009563423820377843   17    6   15    8
 0.002180817361363272   17    6   15    9
 -0.008787873427132711   17    6   15   10
 0.0003247116208554212   17    6   15   11
 -0.0002924799686605234   17    6   15   12
 0.0122914077940096   17    6   15   13
 0.003752832593134671   17    6   15   14
 0.0121986932988547   17    6   15   15
 -0.00142940735185324   17    6   16    1
 0.004827354691485933   17    6   16    2
 -0.009438224901026644   17    6   16    3
 0.004102932745260807   17    6   16    4
 0.006805289648346629   17    6   16    5
 0.0128517418692654   17    6   16    6
 -0.001833131322447051   17    6   16    7
 -0.004844486594180066   17    6   16    8
 -0.00272959836583973   17    6   16    9
 -0.002721143663901172   17    6   16   10
 -0.0003121050305384009   17    6   16   11
 -0.001277452643669564   17    6   16   12
 -0.007264270275934101   17    6   16   13
 -0.000814762399170277   17    6   16   14
 -0.01674180923154121   17    6   16   15
 -0.001474075615341574   17    6   16   16
 0.001970494035549314   17    6   17    1
 0.00120616676685714   17    6   17    2
 -0.008250566289667119   17    6   17    3
 0.003651589213337534   17    6   17    4
 -0.004942649523355811   17    6   17    5
 0.02078402844351614   17    6   17    6
 -0.001729329941111877   17    7    1    1
 5.770447795219902e-06   17    7    2    1
 0.00614576442994359   17    7    2    2
 4.355231053033272e-05   17    7    3    1
 -0.0001575693283059615   17    7    3    2
 0.0008823743039663319   17    7    3    3
 -2.18838938948452e-05   17    7    4    1
 -0.001146499566413163   17    7    4    2
 -9.850923370543694e-05   17    7    4    3
 0.002623977324243724   17    7    4    4
 -1.084855457987383e-05   17    7    5    1
 0.002019201686221306   17    7    5    2
 0.0009879506874511774   17    7    5    3
 -0.0006625207482316418   17    7    5    4
 0.004323995751522022   17    7    5    5
 -0.0001552768898897568   17    7    6    1
 0.0006692917233527512   17    7    6    2
 -0.0005935793676062552   17    7    6    3
 0.001118712442603421   17    7    6    4
 0.0008313064399246042   17    7    6    5
 0.00308884487432935   17    7    6    6
 0.0005650372714467014   17    7    7    1
 -0.001517538210983515   17    7    7    2
 -0.0004392600684469766   17    7    7    3
 0.0001761368552664527   17    7    7    4
 -0.001735445204270242   17    7    7    5
 0.00125533546551347   17    7    7    6
 0.0009726494031510239   17    7    7    7
 -0.0003410072055743848   17    7    8    1
 -8.205929917368624e-05   17    7    8    2
 0.0009880849093857637   17    7    8    3
 0.001051960939918542   17    7    8    4
 -0.001042644947523736   17    7    8    5
 0.0006503359449777467   17    7    8    6
 -0.001976860872473511   17    7    8    7
 0.003037915165322258   17    7    8    8
 0.0008564173512762858   17    7    9    1
 -0.002889071241012055   17    7    9    2
 0.0002115346600420207   17    7    9    3
 0.0009295452238133965   17    7    9    4
 -0.003347079992948902   17    7    9    5
 0.00161061270559884   17    7    9    6
 0.001098966950948466   17    7    9    7
 -0.001903062459772758   17    7    9    8
 0.0006450362860832708   17    7    9    9
 -0.0003412512759051395   17    7   10    1
 -0.0002406984747795642   17    7   10    2
 -0.001063016642495955   17    7   10    3
 -0.0009438328690502231   17    7   10    4
 4.884810473442446e-05   17    7   10    5
 -0.001685561662342152   17    7   10    6
 -0.0003275968809683761   17    7   10    7
 -0.0006816091841168601   17    7   10    8
 -9.973549943605028e-06   17    7   10    9
 0.0007529762581054095   17    7   10   10
 -0.001537547731183274   17    7   11    1
 -0.001598227394076313   17    7   11    2
 -0.002329196761958579   17    7   11    3
 -0.001239305901909954   17    7   11    4
 0.001829803741905026   17    7   11    5
 -0.001476726698547254   17    7   11    6
 7.620537830017396e-05   17    7   11    7
 0.0004976602016104677   17    7   11    8
 0.001520175129496709   17    7   11    9
 0.0004924538609437012   17    7   11   10
 0.001629041414213027   17    7   11   11
 -0.001519953398523542   17    7   12    1
 -0.001399856116077094   17    7   12    2
 -0.007911902520271187   17    7   12    3
 0.001544903201723269   17    7   12    4
 -0.001308005117625756   17    7   12    5
 0.002153741289042799   17    7   12    6
 0.002163772120966604   17    7   12    7
 -0.002895006275030039   17    7   12    8
 -0.0002431573672421671   17    7   12    9
 -0.0004204758102630582   17    7   12   10
 -0.001068015188782374   17    7   12   11
 0.003104115296001272   17    7   12   12
 -0.0001325296382630242   17    7   13    1
 0.001369164821587304   17    7   13    2
 -0.0009359255414458187   17    7   13    3
 -0.002230125063164488   17    7   13    4
 0.001071324060854633   17    7   13    5
 -0.0009055136567159885   17    7   13    6
 -0.0007115975923681979   17    7   13    7
 -0.002107638808794088   17    7   13    8
 -0.0004631069572317773   17    7   13    9
 0.0007725894704152893   17    7   13   10
 8.581115553751278e-05   17    7   13   11
 0.0004099483359546758   17    7   13   12
 0.001823413550033685   17    7   13   13
 0.0003028810218545327   17    7   14    1
 9.479787874122241e-05   17    7   14    2
 0.001975033887178792   17    7   14    3
 0.0008463694564088424   17    7   14    4
 0.0006120873422233376   17    7   14    5
 0.001026971504890971   17    7   14    6
 0.001500663643274836   17    7   14    7
 0.001759483623183723   17    7   14    8
 -0.0001729864555081709   17    7   14    9
 -0.001058673172272211   17    7   14   10
 0.0004515329810986251   17    7   14   11
 -0.0007360916398811364   17    7   14   12
 0.002314398784089554   17    7   14   13
 0.001071929710924046   17    7   14   14
 2.372752210305173e-05   17    7   15    1
 0.0001369494398897208   17    7   15    2
 0.001255930390790738   17    7   15    3
 -0.0001805342917706657   17    7   15    4
 0.001408832669249753   17    7   15    5
 -0.000536639424671113   17    7   15    6
 -0.0001946678460651044   17    7   15    7
 0.002701628188319478   17    7   15    8
 -0.003624225121847984   17    7   15    9
 0.0002132260460210123   17    7   15   10
 0.004405568751138774   17    7   15   11
 -0.002122758986196319   17    7   15   12
 0.001080430173920947   17    7   15   13
 0.002714925036134405   17    7   15   14
 0.005084025187591097   17    7   15   15
 8.430302863590025e-05   17    7   16    1
 0.0005467067411720899   17    7   16    2
 0.001158935880744621   17    7   16    3
 -0.0004408427593975986   17    7   16    4
 0.001330877456289281   17    7   16    5
 0.0006866623453150452   17    7   16    6
 -0.001451346718739442   17    7   16    7
 0.0008033245747593913   17    7   16    8
 -5.370926808975819e-05   17    7   16    9
 0.0009122845578717677   17    7   16   10
 0.002573169270201989   17    7   16   11
 -0.001100139179501842   17    7   16   12
 0.0003913941262310034   17    7   16   13
 4.69258293038075e-07   17    7   16   14
 0.0004220834848894371   17    7   16   15
 0.005559449582390736   17    7   16   16
 0.0001722515956874696   17    7   17    1
 0.001086294550216404   17    7   17    2
 -0.0005444714816145885   17    7   17    3
 -0.001072849085490752   17    7   17    4
 0.0009270992801938044   17    7   17    5
 -0.0007925213465510221   17    7   17    6
 0.005691772709333495   17    7   17    7
 0.1691479801794045   17    8    1    1
 -0.0002574850036439881   17    8    2    1
 -0.05827897625505934   17    8    2    2
 -0.003222796269710314   17    8    3    1
 0.001796109727676251   17    8    3    2
 0.03603488153694001   17    8    3    3
 0.0001009217604730019   17    8    4    1
 0.009351837156645242   17    8    4    2
 0.007088127839339888   17    8    4    3
 -0.02949678728550365   17    8    4    4
 0.0003393020715562709   17    8    5    1
 -0.01929282209888521   17    8    5    2
 -0.03667195053695104   17    8    5    3
 0.003247597256902944   17    8    5    4
 -0.02474089970651598   17    8    5    5
 0.0006336385820870914   17    8    6    1
 -0.00527146999767664   17    8    6    2
 0.02062890789312661   17    8    6    3
 -0.008477811438500168   17    8    6    4
 -0.01191792647735413   17    8    6    5
 -0.02498980773258684   17    8    6    6
 -0.0004531642397971309   17    8    7    1
 -0.0001964016725336537   17    8    7    2
 0.0002755560801741437   17    8    7    3
 0.001794634900001073   17    8    7    4
 -0.001992931482803879   17    8    7    5
 0.002057650378175966   17    8    7    6
 -0.01928304540461867   17    8    7    7
 -0.001090340729496757   17    8    8    1
 0.008741545908904419   17    8    8    2
 -0.03731878407397399   17    8    8    3
 -0.0135737070524006   17    8    8    4
 0.04195703768856446   17    8    8    5
 -0.02138060429411427   17    8    8    6
 0.002011746190798881   17    8    8    7
 0.03312228900464841   17    8    8    8
 -0.001387753658500814   17    8    9    1
 0.007067019179314635   17    8    9    2
 -0.01995469168932077   17    8    9    3
 -0.00743006424808192   17    8    9    4
 0.02167497940582842   17    8    9    5
 -0.01128572614641109   17    8    9    6
 -0.005168742761382389   17    8    9    7
 0.0289828998964225   17    8    9    8
 -0.008344613047820752   17    8    9    9
 0.001358237063717498   17    8   10    1
 0.00211238916724785   17    8   10    2
 0.004236144763771614   17    8   10    3
 0.01522936249624443   17    8   10    4
 0.00294648044773129   17    8   10    5
 0.04264567209641926   17    8   10    6
 -0.004628791682788548   17    8   10    7
 0.008095092379331989   17    8   10    8
 0.006041432028779298   17    8   10    9
 0.05814297015252181   17    8   10   10
 0.001094860245417707   17    8   11    1
 0.002821121510844384   17    8   11    2
 0.00339424188092783   17    8   11    3
 0.0002381777684038491   17    8   11    4
 0.0007944097930277059   17    8   11    5
 0.0008502614220284846   17    8   11    6
 -0.01132736236593049   17    8   11    7
 0.01284278102598334   17    8   11    8
 -0.02035998392895643   17    8   11    9
 0.001034398570312611   17    8   11   10
 0.01505442416145065   17    8   11   11
 0.001418281135145709   17    8   12    1
 0.0001520016483033702   17    8   12    2
 0.004454251616165283   17    8   12    3
 -0.001349411732538461   17    8   12    4
 -0.003186147402722246   17    8   12    5
 0.0006031643099066728   17    8   12    6
 -0.0333066979933473   17    8   12    7
 0.01673121001638953   17    8   12    8
 -0.04385628296551551   17    8   12    9
 -0.002480614718186695   17    8   12   10
 0.0518666009369339   17    8   12   11
 -0.01639069738605506   17    8   12   12
 0.0001024418118920382   17    8   13    1
 -0.01192292214443464   17    8   13    2
 -0.0003354323119233959   17    8   13    3
 0.01564870702929031   17    8   13    4
 -0.01061327589612043   17    8   13    5
 0.007144938500728894   17    8   13    6
 -0.00384523782501035   17    8   13    7
 0.01219585613856351   17    8   13    8
 -0.0002267139489084336   17    8   13    9
 0.0004569814457732252   17    8   13   10
 0.005411028421155251   17    8   13   11
 -0.002180663751577607   17    8   13   12
 -0.0411512409239363   17    8   13   13
 -0.0004945774471093652   17    8   14    1
 -0.002593958390108209   17    8   14    2
 6.151350560090457e-05   17    8   14    3
 0.002465267902753447   17    8   14    4
 -0.0007977377130364427   17    8   14    5
 -0.004004466335309969   17    8   14    6
 0.00352953535931044   17    8   14    7
 -0.0009659308697731917   17    8   14    8
 0.01416232586877531   17    8   14    9
 -0.001966413454802731   17    8   14   10
 -0.01165149177432146   17    8   14   11
 0.004669255001187648   17    8   14   12
 0.00299022071312583   17    8   14   13
 -0.01556895275378884   17    8   14   14
 0.002214802212879707   17    8   15    1
 -0.00435788702177263   17    8   15    2
 -0.02168100951994845   17    8   15    3
 0.009198535955075917   17    8   15    4
 -0.02088408654161411   17    8   15    5
 0.02370684247619733   17    8   15    6
 0.003618625020224311   17    8   15    7
 -0.02529292059368492   17    8   15    8
 -0.005004139637376155   17    8   15    9
 0.005585238981245523   17    8   15   10
 -0.00929350005214751   17    8   15   11
 0.003279724397710574   17    8   15   12
 -0.01842348018143514   17    8   15   13
 -0.004638411670509975   17    8   15   14
 -0.03030993952099033   17    8   15   15
 0.0007342252759848449   17    8   16    1
 -0.007233791240608139   17    8   16    2
 -0.01224464315589408   17    8   16    3
 -0.004305407986287867   17    8   16    4
 -0.02044171489178109   17    8   16    5
 -0.02643134373595993   17    8   16    6
 0.003319689354911168   17    8   16    7
 -0.01713811374725741   17    8   16    8
 -0.01052813011933842   17    8   16    9
 -0.02123094286067025   17    8   16   10
 -0.004407083228322866   17    8   16   11
 0.001290111402580402   17    8   16   12
 -0.003539367231789565   17    8   16   13
 -0.003912345946244046   17    8   16   14
 0.008624204612554741   17    8   16   15
 -0.05993476314079182   17    8   16   16
 -0.004116339236871189   17    8   17    1
 -0.002990429268628772   17    8   17    2
 0.03924880394363519   17    8   17    3
 0.005096003714174783   17    8   17    4
 0.002440661717552432   17    8   17    5
 -0.01181245334300936   17    8   17    6
 -0.005280043266821518   17    8   17    7
 0.06641108049017233   17    8   17    8
 0.09070947370963135   17    9    1    1
 -0.0001359766119687081   17    9    2    1
 -0.03524302150455089   17    9    2    2
 -0.001756014983532629   17    9    3    1
 0.001654328030711374   17    9    3    2
 0.01907291952830181   17    9    3    3
 8.825686524106882e-05   17    9    4    1
 0.003369975731617517   17    9    4    2
 0.003711183365147959   17    9    4    3
 -0.01971959213612589   17    9    4    4
 0.0002278514119990351   17    9    5    1
 -0.009301393912981789   17    9    5    2
 -0.02016982931564473   17    9    5    3
 0.0008569257342640953   17    9    5    4
 -0.01630302524767535   17    9    5    5
 0.000349437018618593   17    9    6    1
 -0.002586597940961881   17    9    6    2
 0.01050934459150449   17    9    6    3
 -0.002204887579609541   17    9    6    4
 -0.007824118653027685   17    9    6    5
 -0.01409129074782958   17    9    6    6
 0.0008276211162578005   17    9    7    1
 -0.002561095936491214   17    9    7    2
 0.000598531902934093   17    9    7    3
 0.0009571505913837579   17    9    7    4
 -0.003782519894659872   17    9    7    5
 0.0021680226208246   17    9    7    6
 -0.008428024716689797   17    9    7    7
 -0.001200298107147284   17    9    8    1
 0.00795641918988216   17    9    8    2
 -0.02064125993268388   17    9    8    3
 -0.006277989451040626   17    9    8    4
 0.02436270227648649   17    9    8    5
 -0.01087318893417419   17    9    8    6
 -0.0001182024437266615   17    9    8    7
 0.01848227533378832   17    9    8    8
 0.0009706632292402677   17    9    9    1
 -0.002896842391960973   17    9    9    2
 -0.008953150387361487   17    9    9    3
 -0.004272969454030864   17    9    9    4
 0.007679692567854006   17    9    9    5
 -0.005195398445254516   17    9    9    6
 -0.005377049891761506   17    9    9    7
 0.0139050389874786   17    9    9    8
 -0.009077710302125459   17    9    9    9
 0.0008796982386784422   17    9   10    1
 0.001571532730241297   17    9   10    2
 0.002527864189656556   17    9   10    3
 0.007723701583751078   17    9   10    4
 0.002599730182674469   17    9   10    5
 0.02301593662642124   17    9   10    6
 -0.00206047020211119   17    9   10    7
 0.003286048400653701   17    9   10    8
 0.00394761085349536   17    9   10    9
 0.03087095397010608   17    9   10   10
 -0.002405233092707471   17    9   11    1
 -0.004952322501127102   17    9   11    2
 -0.0037375434417292   17    9   11    3
 -0.002175996223008688   17    9   11    4
 0.004072776032361239   17    9   11    5
 -0.001824433541185507   17    9   11    6
 -0.006451563166073663   17    9   11    7
 0.01045336893367347   17    9   11    8
 -0.01283378167259126   17    9   11    9
 0.002349255208813801   17    9   11   10
 0.003743148621172544   17    9   11   11
 -0.002227592926944492   17    9   12    1
 -0.0001020862188955901   17    9   12    2
 -0.01202777869698837   17    9   12    3
 -7.06476154590148e-06   17    9   12    4
 -0.003187252028829388   17    9   12    5
 0.00162319325925846   17    9   12    6
 -0.01831752914854165   17    9   12    7
 0.003672802070977915   17    9   12    8
 -0.02492870035250586   17    9   12    9
 -0.001311537615030468   17    9   12   10
 0.03029199731325487   17    9   12   11
 -0.009826339890564502   17    9   12   12
 -0.0001762527593207992   17    9   13    1
 -0.006207595993791231   17    9   13    2
 -0.00159628352543615   17    9   13    3
 0.009755854517138554   17    9   13    4
 -0.005020925846466821   17    9   13    5
 0.005133524160052266   17    9   13    6
 -0.002008695703104459   17    9   13    7
 0.005974378704175957   17    9   13    8
 -0.0008088958377994833   17    9   13    9
 -0.0008670232208268056   17    9   13   10
 0.003864489768390524   17    9   13   11
 -0.002447622088904956   17    9   13   12
 -0.0220786049278872   17    9   13   13
 0.0002994696181010821   17    9   14    1
 -0.0007359770564391727   17    9   14    2
 0.00360154075920701   17    9   14    3
 0.0008287842776852907   17    9   14    4
 0.0006809576051946685   17    9   14    5
 -0.002956241168929808   17    9   14    6
 0.001911681688174306   17    9   14    7
 0.000496714519261634   17    9   14    8
 0.008799997302157327   17    9   14    9
 -0.0007401377343221697   17    9   14   10
 -0.007265765819812559   17    9   14   11
 0.003538483191219482   17    9   14   12
 4.650116609718491e-05   17    9   14   13
 -0.007655355659879826   17    9   14   14
 0.001393458892930705   17    9   15    1
 -0.001188254872715564   17    9   15    2
 -0.01018977636983831   17    9   15    3
 0.003784895366746531   17    9   15    4
 -0.01085929146624999   17    9   15    5
 0.01280816462423362   17    9   15    6
 -0.002272387751528773   17    9   15    7
 -0.01138167940642278   17    9   15    8
 -0.005193713687255149   17    9   15    9
 0.002137971246969961   17    9   15   10
 0.003100052515192028   17    9   15   11
 -0.001046192819847988   17    9   15   12
 -0.008728730263921283   17    9   15   13
 -0.001016614249842313   17    9   15   14
 -0.0155322660200279   17    9   15   15
 0.000357157570819838   17    9   16    1
 -0.002660340550868586   17    9   16    2
 -0.007087416094865986   17    9   16    3
 -0.00224219200585642   17    9   16    4
 -0.009723301551152795   17    9   16    5
 -0.01360185462381177   17    9   16    6
 0.001061092747415349   17    9   16    7
 -0.0103991266355844   17    9   16    8
 -0.006170205281726516   17    9   16    9
 -0.01234685615399499   17    9   16   10
 0.004724877516658429   17    9   16   11
 -0.002131681733473773   17    9   16   12
 -0.003492991305308336   17    9   16   13
 -0.0008656699401005056   17    9   16   14
 0.004033249329371802   17    9   16   15
 -0.03503180239329163   17    9   16   16
 -0.002035241691135702   17    9   17    1
 -0.0003754370967503513   17    9   17    2
 0.02165375593210904   17    9   17    3
 0.002625351881084008   17    9   17    4
 0.001365578963864257   17    9   17    5
 -0.005351525497972728   17    9   17    6
 0.004467231015838746   17    9   17    7
 0.02986181758671613   17    9   17    8
 0.02800767676434551   17    9   17    9
 -0.02894313666554887   17   10    1    1
 6.071371337328055e-05   17   10    2    1
 0.02375316285490235   17   10    2    2
 0.0004885382047995093   17   10    3    1
 -0.002430221050671819   17   10    3    2
 -0.01091836080562241   17   10    3    3
 0.0008899296419728868   17   10    4    1
 0.002309755970419726   17   10    4    2
 0.004396835899059453   17   10    4    3
 0.01165245379923669   17   10    4    4
 0.0004992095488630049   17   10    5    1
 0.001819402284417206   17   10    5    2
 0.009875833751208245   17   10    5    3
 0.001064659570737359   17   10    5    4
 0.01225042134591562   17   10    5    5
 0.003706147922998555   17   10    6    1
 0.004574715739891283   17   10    6    2
 0.01682133424510921   17   10    6    3
 -0.004718642648157649   17   10    6    4
 0.00578821503150643   17   10    6    5
 0.001767372382748251   17   10    6    6
 -0.0003570071440130534   17   10    7    1
 -0.000252615638163345   17   10    7    2
 -0.001895756087507694   17   10    7    3
 -0.0003315962605987785   17   10    7    4
 0.0005650077837550061   17   10    7    5
 -0.000778340518784452   17   10    7    6
 -0.003534984607183227   17   10    7    7
 0.0008505326731835305   17   10    8    1
 -0.001696522551576025   17   10    8    2
 0.00748274577260804   17   10    8    3
 0.00175623923227173   17   10    8    4
 -0.009293067478201127   17   10    8    5
 0.002786872715649912   17   10    8    6
 -0.002754256968864273   17   10    8    7
 -0.003360989226255133   17   10    8    8
 0.0006779721697640499   17   10    9    1
 -0.0003979115357653543   17   10    9    2
 0.004519845718415735   17   10    9    3
 0.000577251950955709   17   10    9    4
 -0.004582605940900328   17   10    9    5
 0.001456814652414569   17   10    9    6
 0.004366676358859739   17   10    9    7
 -0.005955108533290726   17   10    9    8
 0.004734616270471676   17   10    9    9
 0.009688266146869738   17   10   10    1
 -2.071971508913351e-05   17   10   10    2
 0.0350232667570344   17   10   10    3
 0.0003202436202028353   17   10   10    4
 -0.01355525778158008   17   10   10    5
 -0.005576442635215315   17   10   10    6
 0.0009260772576886588   17   10   10    7
 0.001620563759523488   17   10   10    8
 0.0008276115148509076   17   10   10    9
 -0.01386262083325428   17   10   10   10
 0.0001948218870708085   17   10   11    1
 6.898750770574588e-05   17   10   11    2
 0.0005098872417307216   17   10   11    3
 3.753225308952141e-05   17   10   11    4
 -0.0004424814891712792   17   10   11    5
 -0.0002785420245357577   17   10   11    6
 0.004586804790728093   17   10   11    7
 -0.007099596292175712   17   10   11    8
 0.01243105799881795   17   10   11    9
 0.0001333353214039714   17   10   11   10
 0.006060645525184649   17   10   11   11
 -0.0002044291921354026   17   10   12    1
 -0.0003019321938942062   17   10   12    2
 -0.000399617714217394   17   10   12    3
 2.076460896333953e-06   17   10   12    4
 0.0003046119626798566   17   10   12    5
 -0.0007533873671142433   17   10   12    6
 0.00347147897082126   17   10   12    7
 -0.0007004051275724028   17   10   12    8
 0.003011854127522465   17   10   12    9
 -0.0005867428687240465   17   10   12   10
 -0.01222646240581433   17   10   12   11
 0.000866864555765566   17   10   12   12
 0.0004582258892624745   17   10   13    1
 0.001683736333380881   17   10   13    2
 0.0006501657791974787   17   10   13    3
 -0.005722061070547734   17   10   13    4
 0.0004115790064265696   17   10   13    5
 -0.00454720708826259   17   10   13    6
 0.001802753565531   17   10   13    7
 -0.003293112357257208   17   10   13    8
 -0.001989636326917594   17   10   13    9
 0.00329661486198786   17   10   13   10
 -0.001412006050704546   17   10   13   11
 0.0006553423742254172   17   10   13   12
 0.005481343706937033   17   10   13   13
 -0.0002717669609496843   17   10   14    1
 0.0005043281809109556   17   10   14    2
 -0.0007129000306461474   17   10   14    3
 -0.001681757191272537   17   10   14    4
 0.0006367652660175979   17   10   14    5
 0.0003588871286603067   17   10   14    6
 -0.002593982215139022   17   10   14    7
 -0.0006868881417147442   17   10   14    8
 -0.000460418382577772   17   10   14    9
 0.001940618682437335   17   10   14   10
 0.002692627719628347   17   10   14   11
 -0.002306071906348313   17   10   14   12
 0.003612141065726107   17   10   14   13
 -0.003370673976720807   17   10   14   14
 0.0009142330051880093   17   10   15    1
 -0.001962068399913328   17   10   15    2
 0.005155751490750448   17   10   15    3
 -0.001664359587124664   17   10   15    4
 0.0003061010923793835   17   10   15    5
 -0.009872511744655095   17   10   15    6
 -0.0001658789999432006   17   10   15    7
 -0.0004310669800837039   17   10   15    8
 -0.001078148749579191   17   10   15    9
 -0.009585077415223988   17   10   15   10
 0.001061676414401052   17   10   15   11
 -0.0003763431524183321   17   10   15   12
 -0.003540741155488224   17   10   15   13
 -0.001447215062832123   17   10   15   14
 -0.001159116500102548   17   10   15   15
 -0.002951539258222604   17   10   16    1
 -0.003731530516559558   17   10   16    2
 -0.001566971141751401   17   10   16    3
 -0.001202637793073648   17   10   16    4
 0.001348281118191907   17   10   16    5
 -0.003848533075190699   17   10   16    6
 0.000288656407881543   17   10   16    7
 0.006902113107051767   17   10   16    8
 0.003350182052768025   17   10   16    9
 0.0003176539910212857   17   10   16   10
 0.000229078573122727   17   10   16   11
 0.001170900808353389   17   10   16   12
 0.004089797641412416   17   10   16   13
 0.001392524987662704   17   10   16   14
 0.01005872517865766   17   10   16   15
 0.01887340018348889   17   10   16   16
 7.159191317622658e-05   17   10   17    1
 -0.0007933390599042774   17   10   17    2
 -0.005422685427214642   17   10   17    3
 -0.0003867613304478829   17   10   17    4
 0.003201688856776139   17   10   17    5
 0.004243092783295092   17   10   17    6
 -5.758537997757358e-05   17   10   17    7
 -0.005880005118842977   17   10   17    8
 -0.002966581325470967   17   10   17    9
 0.02497775032697642   17   10   17   10
 0.01351143351509013   17   11    1    1
 1.280326519076048e-05   17   11    2    1
 -0.003226325781809153   17   11    2    2
 -0.0001448755062983709   17   11    3    1
 0.001522764136004458   17   11    3    2
 0.007776278242712193   17   11    3    3
 -6.583430054231598e-05   17   11    4    1
 -0.001050292102047909   17   11    4    2
 0.0001958703475395093   17   11    4    3
 -0.003142841799548009   17   11    4    4
 0.0002024848532203726   17   11    5    1
 0.0014827780412139   17   11    5    2
 -0.001273867301087939   17   11    5    3
 -0.0003069367705091609   17   11    5    4
 -0.0007515199698346062   17   11    5    5
 -1.318571364247377e-05   17   11    6    1
 0.0005796964277858248   17   11    6    2
 0.0003258033417572684   17   11    6    3
 0.002478494658733449   17   11    6    4
 -0.001435260563304259   17   11    6    5
 0.001490733327184878   17   11    6    6
 -0.001698437845118552   17   11    7    1
 -0.002259188165573287   17   11    7    2
 -0.00536857602730267   17   11    7    3
 -0.000694391652636343   17   11    7    4
 0.001626038723426063   17   11    7    5
 -0.001345813053242384   17   11    7    6
 0.0006010513641981817   17   11    7    7
 0.001507493657011225   17   11    8    1
 0.003589895460569591   17   11    8    2
 0.004431739332658743   17   11    8    3
 0.0006666669711815412   17   11    8    4
 0.001731666112426237   17   11    8    5
 0.0002381911592213481   17   11    8    6
 1.610706610657515e-05   17   11    8    7
 0.003678096607778463   17   11    8    8
 -0.002382074468323127   17   11    9    1
 -0.005678214102469155   17   11    9    2
 -0.007372008551919231   17   11    9    3
 -0.001068082319777546   17   11    9    4
 0.004087715697522957   17   11    9    5
 -0.002356643516728612   17   11    9    6
 0.0008368691629713664   17   11    9    7
 0.003262072366423369   17   11    9    8
 0.001602271904684639   17   11    9    9
 0.0001629376935892208   17   11   10    1
 0.0003153830610795605   17   11   10    2
 0.0005605357490048602   17   11   10    3
 0.000394661079189779   17   11   10    4
 0.001016045520025497   17   11   10    5
 0.002994157238360909   17   11   10    6
 0.0003754544744513355   17   11   10    7
 -0.0005925691720360906   17   11   10    8
 0.001699336617579724   17   11   10    9
 0.005948847432535936   17   11   10   10
 0.004723825378066014   17   11   11    1
 -0.006339163063890613   17   11   11    2
 0.01708996787498167   17   11   11    3
 -0.0003590504490291098   17   11   11    4
 -0.0038305544690572   17   11   11    5
 0.0004430130655329647   17   11   11    6
 -0.002327378366217288   17   11   11    7
 0.003106331072166597   17   11   11    8
 -0.004436092187482981   17   11   11    9
 0.0009754521277010009   17   11   11   10
 0.0006100576909342552   17   11   11   11
 0.004683362081788711   17   11   12    1
 0.004181917851352589   17   11   12    2
 0.01565859108369636   17   11   12    3
 0.0007387044929771912   17   11   12    4
 -0.003535753639041093   17   11   12    5
 0.000379538191063311   17   11   12    6
 0.0005098677208162488   17   11   12    7
 0.0006068644270329663   17   11   12    8
 0.001764285319031937   17   11   12    9
 -0.001040087972493931   17   11   12   10
 0.003801744121802574   17   11   12   11
 0.002304652272365147   17   11   12   12
 0.0003918392876836135   17   11   13    1
 0.000715786184627611   17   11   13    2
 0.001389634109428941   17   11   13    3
 0.0002226123102846095   17   11   13    4
 0.0003925977273852838   17   11   13    5
 0.0002116448882329806   17   11   13    6
 -9.804540938823323e-05   17   11   13    7
 -5.187589533762484e-05   17   11   13    8
 0.0002917790640299935   17   11   13    9
 -0.0002043659370514054   17   11   13   10
 2.894871679761816e-05   17   11   13   11
 0.0007663139709512067   17   11   13   12
 -0.001089673698067901   17   11   13   13
 -0.0008783043741437145   17   11   14    1
 -0.001172198041626323   17   11   14    2
 -0.002878253832420082   17   11   14    3
 0.0002368867153831452   17   11   14    4
 0.0006759544950152264   17   11   14    5
 0.000126465812099378   17   11   14    6
 -0.0003549699812725226   17   11   14    7
 0.0002308360771783645   17   11   14    8
 -0.0009648885997104941   17   11   14    9
 -0.0001138517610908566   17   11   14   10
 -0.0001620038240848967   17   11   14   11
 -0.0004442568666178781   17   11   14   12
 -0.0004321365771483147   17   11   14   13
 -0.0001180448221948192   17   11   14   14
 -0.0004777108260100092   17   11   15    1
 5.056670561187659e-05   17   11   15    2
 -0.002451128587519781   17   11   15    3
 -0.0005577223696221402   17   11   15    4
 0.0004110559831473878   17   11   15    5
 0.0001733905692166791   17   11   15    6
 0.00411261195233846   17   11   15    7
 -0.004590188106425426   17   11   15    8
 0.005642520047962511   17   11   15    9
 0.000324626996581134   17   11   15   10
 -0.003819062889039799   17   11   15   11
 -0.005092875545124886   17   11   15   12
 0.0008172201788970473   17   11   15   13
 0.001103127123279487   17   11   15   14
 0.001648970539745781   17   11   15   15
 -0.0001606305946452492   17   11   16    1
 0.001176328435984313   17   11   16    2
 -0.0009147071200062925   17   11   16    3
 0.0004314375073851829   17   11   16    4
 0.001564921394748072   17   11   16    5
 0.001202374432105768   17   11   16    6
 0.002234899691061093   17   11   16    7
 -0.003790117520392375   17   11   16    8
 0.004769067748194473   17   11   16    9
 -0.002361695416816798   17   11   16   10
 0.001455710997282864   17   11   16   11
 -0.004216240289139842   17   11   16   12
 -0.001274564739801782   17   11   16   13
 0.0007259542698402716   17   11   16   14
 -0.0002018294695702162   17   11   16   15
 0.000938006767976503   17   11   16   16
 4.155183445008102e-05   17   11   17    1
 0.0006412368505608425   17   11   17    2
 0.001242266532634855   17   11   17    3
 -0.0004345428058707849   17   11   17    4
 -0.0004496829348343753   17   11   17    5
 0.0004932818888668392   17   11   17    6
 -0.00491616100711854   17   11   17    7
 0.004190759380073939   17   11   17    8
 -0.005224831720151232   17   11   17    9
 -0.0002507400324717921   17   11   17   10
 0.01501577057286646   17   11   17   11
 -0.03412245540277604   17   12    1    1
 1.409093263376319e-05   17   12    2    1
 0.007170176765158734   17   12    2    2
 0.0004360013548944178   17   12    3    1
 -0.002993113334063474   17   12    3    2
 -0.01954345603214662   17   12    3    3
 -2.015853751343798e-05   17   12    4    1
 0.0002050954281256603   17   12    4    2
 -0.001386019719741684   17   12    4    3
 0.004313559922199924   17   12    4    4
 -0.0002690328668857427   17   12    5    1
 -0.002936505372895965   17   12    5    2
 0.00425005817255926   17   12    5    3
 0.0001199312769056277   17   12    5    4
 0.0007409583938266259   17   12    5    5
 0.0001077853284280861   17   12    6    1
 -0.000553227522802552   17   12    6    2
 -0.001010403376393781   17   12    6    3
 -0.002880572408486879   17   12    6    4
 0.002143444521981203   17   12    6    5
 -0.002769346781232631   17   12    6    6
 -0.001771232838979369   17   12    7    1
 -0.001621566975220369   17   12    7    2
 -0.01387452557090389   17   12    7    3
 0.0005890419569463734   17   12    7    4
 -0.0008191779205399855   17   12    7    5
 0.002784525405570967   17   12    7    6
 0.002122006975511477   17   12    7    7
 0.0007759232546613782   17   12    8    1
 -0.0006024072994820483   17   12    8    2
 0.007908811359824184   17   12    8    3
 0.0009707537159516499   17   12    8    4
 -0.007437378192961313   17   12    8    5
 0.002387766739045015   17   12    8    6
 -0.001908425077933351   17   12    8    7
 -0.005845374657624267   17   12    8    8
 -0.002982750287073642   17   12    9    1
 -0.00182871456520269   17   12    9    2
 -0.02065513286772621   17   12    9    3
 9.700086284854636e-05   17   12    9    4
 -0.00522457951532102   17   12    9    5
 0.003249610565400834   17   12    9    6
 -0.005782640701532624   17   12    9    7
 -0.01058857706894729   17   12    9    8
 -0.01033072296414685   17   12    9    9
 -0.0001977695284250212   17   12   10    1
 -0.0003220865837805499   17   12   10    2
 -0.0008598440463168325   17   12   10    3
 -0.00206958510865964   17   12   10    4
 -0.001705883553491189   17   12   10    5
 -0.008793955008421122   17   12   10    6
 0.0005724535002412678   17   12   10    7
 -0.001435481181409575   17   12   10    8
 -0.001221586276478641   17   12   10    9
 -0.01530623525566419   17   12   10   10
 0.005056901494346888   17   12   11    1
 0.005595344840034373   17   12   11    2
 0.02515915553464738   17   12   11    3
 -0.0003655015090602796   17   12   11    4
 -0.003427254328930437   17   12   11    5
 -0.0002866979769668535   17   12   11    6
 0.005718251958277507   17   12   11    7
 -0.0009233674521529345   17   12   11    8
 0.01126694337679737   17   12   11    9
 -0.001504893126704378   17   12   11   10
 -0.00371132195408725   17   12   11   11
 0.005149681562681845   17   12   12    1
 -0.003136143409719335   17   12   12    2
 0.009153035642918776   17   12   12    3
 0.002457442866924543   17   12   12    4
 -0.009200134144075391   17   12   12    5
 0.00504021224539962   17   12   12    6
 0.001191746296396164   17   12   12    7
 -0.006947125392718119   17   12   12    8
 -0.001778013309032409   17   12   12    9
 -0.0002829323487851155   17   12   12   10
 -0.009407620760962855   17   12   12   11
 -0.01115726050130738   17   12   12   12
 0.0004098066149719032   17   12   13    1
 -0.0006203658650634243   17   12   13    2
 -0.000153535069488996   17   12   13    3
 0.0002509921108369729   17   12   13    4
 -0.001696283238508487   17   12   13    5
 0.001458377472980945   17   12   13    6
 -0.0005765340902985405   17   12   13    7
 -0.0006490720051051719   17   12   13    8
 -0.0008819820071283077   17   12   13    9
 -0.001287266759335522   17   12   13   10
 0.0006041635456474763   17   12   13   11
 -0.002867967858158918   17   12   13   12
 0.003516386498896635   17   12   13   13
 -0.0009842971461340353   17   12   14    1
 0.001129989933363968   17   12   14    2
 -2.020217569869911e-05   17   12   14    3
 -0.000384270436752207   17   12   14    4
 0.002377767665253765   17   12   14    5
 -0.0004794387621766844   17   12   14    6
 0.001564940565299839   17   12   14    7
 0.002356472550279935   17   12   14    8
 0.001413196177942358   17   12   14    9
 -9.829676043692657e-06   17   12   14   10
 0.002100691931822584   17   12   14   11
 0.004565164327457271   17   12   14   12
 -9.492935199798662e-05   17   12   14   13
 0.002202400052971292   17   12   14   14
 -0.0003813663245316679   17   12   15    1
 -0.0006935212032705195   17   12   15    2
 0.002838630855651681   17   12   15    3
 0.001694318373720585   17   12   15    4
 -0.000318902418284097   17   12   15    5
 2.011098011155921e-05   17   12   15    6
 -0.001311592373048937   17   12   15    7
 0.006214827302590365   17   12   15    8
 0.0003925386058116563   17   12   15    9
 -0.002217598125795047   17   12   15   10
 -0.003864777521761013   17   12   15   11
 -0.01122600375449913   17   12   15   12
 -0.002395311881681317   17   12   15   13
 0.004841983247324594   17   12   15   14
 0.003824204875982701   17   12   15   15
 3.422847487134061e-05   17   12   16    1
 -0.00217881207839713   17   12   16    2
 0.001549650581329332   17   12   16    3
 -0.001289529044835161   17   12   16    4
 -0.00246177975483571   17   12   16    5
 -0.003478414695841413   17   12   16    6
 -0.0009296670298444723   17   12   16    7
 0.002721139030107351   17   12   16    8
 -0.001043560070937612   17   12   16    9
 0.006052802047149715   17   12   16   10
 -0.003437821278913418   17   12   16   11
 -0.005526250869947424   17   12   16   12
 -0.0001772529147341868   17   12   16   13
 0.0005567214218082222   17   12   16   14
 0.001386393039867474   17   12   16   15
 -0.002230374375335318   17   12   16   16
 -0.0002104062129949522   17   12   17    1
 -0.0007212166172608018   17   12   17    2
 -0.003760294137994646   17   12   17    3
 0.0006094720544643768   17   12   17    4
 0.00177759697320396   17   12   17    5
 -0.0006716957028823613   17   12   17    6
 0.002561698025038413   17   12   17    7
 -0.003553314348748686   17   12   17    8
 -0.0002459309463760933   17   12   17    9
 0.0008290002890668997   17   12   17   10
 0.004856816589042009   17   12   17   11
 0.02630418755986047   17   12   17   12
 0.01708669415799996   17   13    1    1
 4.115334990479064e-05   17   13    2    1
 0.03317229984615034   17   13    2    2
 4.859215649017233e-05   17   13    3    1
 0.002649093194780553   17   13    3    2
 0.02375574196985474   17   13    3    3
 -2.597734375439293e-05   17   13    4    1
 -0.01555939046108011   17   13    4    2
 0.0001310376006762385   17   13    4    3
 0.004699006005757482   17   13    4    4
 0.0001454061777079853   17   13    5    1
 0.02726902108782897   17   13    5    2
 0.002497022180065925   17   13    5    3
 -0.01115601647615206   17   13    5    4
 0.02631232195259577   17   13    5    5
 6.165133930237614e-05   17   13    6    1
 0.006179632628732044   17   13    6    2
 -0.003316504038561377   17   13    6    3
 0.02403773017946174   17   13    6    4
 -0.003561488182022695   17   13    6    5
 0.03097704218436536   17   13    6    6
 -0.0001679468462740774   17   13    7    1
 0.001383744109854307   17   13    7    2
 -0.001720665388691311   17   13    7    3
 -0.002309138544086463   17   13    7    4
 0.001401627561136581   17   13    7    5
 -0.002188659509458102   17   13    7    6
 0.02006165856332748   17   13    7    7
 0.0004148010233457309   17   13    8    1
 -0.01305358307773014   17   13    8    2
 0.009143451477711296   17   13    8    3
 0.01195276510273021   17   13    8    4
 -0.006788084345288182   17   13    8    5
 0.005717115242024071   17   13    8    6
 -0.005919387817795792   17   13    8    7
 0.02882776425580588   17   13    8    8
 -5.777167707361516e-05   17   13    9    1
 -0.006652581601635103   17   13    9    2
 0.002035431604257908   17   13    9    3
 0.008766050427343049   17   13    9    4
 -0.003123658788510291   17   13    9    5
 0.004838238434530021   17   13    9    6
 0.006367957525013068   17   13    9    7
 0.003930370307550224   17   13    9    8
 0.02369140479610321   17   13    9    9
 0.0003748210807908583   17   13   10    1
 -0.0002552195930390475   17   13   10    2
 0.002076279576369076   17   13   10    3
 -0.009846153772740738   17   13   10    4
 0.004965351553609759   17   13   10    5
 -0.007851994566178983   17   13   10    6
 0.00161501678406915   17   13   10    7
 -0.004939556826004698   17   13   10    8
 -0.00300562454487425   17   13   10    9
 0.02050186094480759   17   13   10   10
 0.000452931645731853   17   13   11    1
 0.001153935295064764   17   13   11    2
 0.002533773052429034   17   13   11    3
 8.29103745525548e-05   17   13   11    4
 -0.0006143184914627048   17   13   11    5
 0.0005867229609171179   17   13   11    6
 -0.005815000931397746   17   13   11    7
 0.005525915078646669   17   13   11    8
 -0.009136790599594449   17   13   11    9
 -0.000399057215213372   17   13   11   10
 0.008569088445285675   17   13   11   11
 0.0004042054751859566   17   13   12    1
 -0.001257859174335013   17   13   12    2
 0.0004515492680945896   17   13   12    3
 0.001197847474461005   17   13   12    4
 0.0005725318008267632   17   13   12    5
 0.0003693838675386754   17   13   12    6
 0.01630165070581528   17   13   12    7
 -0.009278531859875171   17   13   12    8
 0.01727712800073409   17   13   12    9
 0.0002626378490834482   17   13   12   10
 -0.001986317391040408   17   13   12   11
 0.03929923414277543   17   13   12   12
 9.947383774695776e-05   17   13   13    1
 0.01408112507739765   17   13   13    2
 -0.0003011340636720253   17   13   13    3
 -0.01289639294875815   17   13   13    4
 0.01371421241417438   17   13   13    5
 0.0007871145993054189   17   13   13    6
 -0.0006542386972858971   17   13   13    7
 -0.01139748818976865   17   13   13    8
 -0.000528223084041628   17   13   13    9
 -0.001194378109733561   17   13   13   10
 -0.001062528952386518   17   13   13   11
 0.003881354998016821   17   13   13   12
 0.03020965457476481   17   13   13   13
 -5.997329407948668e-05   17   13   14    1
 0.004063991044109838   17   13   14    2
 -0.0004152737858718635   17   13   14    3
 -0.002484609264815597   17   13   14    4
 0.002524837093019146   17   13   14    5
 0.002899313945826559   17   13   14    6
 0.003148207216617036   17   13   14    7
 0.002867262663595091   17   13   14    8
 -0.008250837147303115   17   13   14    9
 -0.001069657992428073   17   13   14   10
 0.002095525633995536   17   13   14   11
 -0.007403756832472895   17   13   14   12
 -0.008522835177568893   17   13   14   13
 0.009975341314130923   17   13   14   14
 -0.0001961817041282432   17   13   15    1
 0.002288869363170605   17   13   15    2
 0.003577081573826344   17   13   15    3
 -0.004366501370943364   17   13   15    4
 0.01073371335338435   17   13   15    5
 -0.00599232498913804   17   13   15    6
 -0.0004096594084203035   17   13   15    7
 -0.0009568099022960542   17   13   15    8
 -0.004945262843927318   17   13   15    9
 -0.001077179992642996   17   13   15   10
 0.0001018627122486018   17   13   15   11
 -0.004578202995912951   17   13   15   12
 0.02826085805733784   17   13   15   13
 0.007642233256062495   17   13   15   14
 0.03360534150424604   17   13   15   15
 -0.0002174380896187995   17   13   16    1
 0.007984046206222889   17   13   16    2
 0.003246356455446382   17   13   16    3
 -0.0002403108130235801   17   13   16    4
 0.01839081390157765   17   13   16    5
 0.01472087095929312   17   13   16    6
 -0.001808741522595092   17   13   16    7
 -0.001283101425080955   17   13   16    8
 -0.0008138092407760142   17   13   16    9
 -0.002319331680979651   17   13   16   10
 -0.00111144368364504   17   13   16   11
 -0.00067900073221908   17   13   16   12
 0.0004019720704136679   17   13   16   13
 0.0008724011411883874   17   13   16   14
 -0.005189847489051012   17   13   16   15
 0.04475896399745419   17   13   16   16
 0.0004045655358727542   17   13   17    1
 0.01459059958578878   17   13   17    2
 -0.006916333439220633   17   13   17    3
 -0.0118929264986665   17   13   17    4
 0.01183267686482298   17   13   17    5
 0.0009636951048603587   17   13   17    6
 0.002812412112466215   17   13   17    7
 -0.01978148238738533   17   13   17    8
 -0.009166095882121621   17   13   17    9
 0.003764941987603891   17   13   17   10
 0.0004886899540530609   17   13   17   11
 0.002612612398286131   17   13   17   12
 0.02827464503301814   17   13   17   13
 0.03489410278130818   17   14    1    1
 8.179911781660638e-06   17   14    2    1
 0.006963919284367162   17   14    2    2
 -0.0003354036793340063   17   14    3    1
 0.002861850299267319   17   14    3    2
 0.02567744800507042   17   14    3    3
 -0.0001020446632593406   17   14    4    1
 -0.006736369031164563   17   14    4    2
 -0.0006833954058501033   17   14    4    3
 -0.00528845584306552   17   14    4    4
 0.0002847176390746864   17   14    5    1
 0.007178033547200956   17   14    5    2
 -0.002371670978560714   17   14    5    3
 -0.005118678769496335   17   14    5    4
 0.008606450941859101   17   14    5    5
 -0.0003785772518313517   17   14    6    1
 0.0006293058268281866   17   14    6    2
 -0.004461194942964767   17   14    6    3
 0.01534153090225337   17   14    6    4
 -0.005531807627521861   17   14    6    5
 0.0163537622820499   17   14    6    6
 0.0003480550073349148   17   14    7    1
 0.0005881272671022789   17   14    7    2
 0.003581713779642907   17   14    7    3
 0.0006463363687489566   17   14    7    4
 0.0006468627878709166   17   14    7    5
 -0.0001146694045663583   17   14    7    6
 0.01567334030827132   17   14    7    7
 0.0003129618135358927   17   14    8    1
 -0.00239357891481853   17   14    8    2
 0.001331899260402755   17   14    8    3
 0.004218760167426575   17   14    8    4
 0.002924724347399583   17   14    8    5
 0.0006760201083550842   17   14    8    6
 0.001285577420720816   17   14    8    7
 0.01861096670170822   17   14    8    8
 0.000808122801249005   17   14    9    1
 -0.0005421861196923121   17   14    9    2
 0.00686694174161087   17   14    9    3
 0.002594917670951356   17   14    9    4
 0.002473272123594658   17   14    9    5
 -0.0003579011810751678   17   14    9    6
 0.00115514333010231   17   14    9    7
 0.006565832651645266   17   14    9    8
 0.015760007079273   17   14    9    9
 -0.0005033058761956541   17   14   10    1
 0.0006043968160912893   17   14   10    2
 -0.00239975358248599   17   14   10    3
 -0.003625298088267933   17   14   10    4
 0.005382162555510738   17   14   10    5
 0.002237933835644448   17   14   10    6
 -0.0008573524162460098   17   14   10    7
 -0.001791385908262379   17   14   10    8
 -0.0003040430301678057   17   14   10    9
 0.02151621380977851   17   14   10   10
 -0.0009831285891049861   17   14   11    1
 -0.001405860550238321   17   14   11    2
 -0.005612015375421891   17   14   11    3
 0.0003363301005357762   17   14   11    4
 0.0005085966303852668   17   14   11    5
 0.0008335018915191049   17   14   11    6
 -0.005432695281194681   17   14   11    7
 0.005181890601879713   17   14   11    8
 -0.01195831362112567   17   14   11    9
 0.0002335998084080508   17   14   11   10
 0.007007967409620353   17   14   11   11
 -0.001034857990191456   17   14   12    1
 0.000770571213820429   17   14   12    2
 -0.001090379540767123   17   14   12    3
 -0.0001121634119767949   17   14   12    4
 0.002834189932329013   17   14   12    5
 -0.00137705327833776   17   14   12    6
 0.00392480915891266   17   14   12    7
 -0.0006638043577649979   17   14   12    8
 0.006247858992115249   17   14   12    9
 -0.0001855976492421206   17   14   12   10
 0.006393943431749535   17   14   12   11
 0.02246328903635304   17   14   12   12
 -9.451919528550385e-05   17   14   13    1
 0.00408032843802885   17   14   13    2
 0.0003677204864866734   17   14   13    3
 -0.004246628385589681   17   14   13    4
 0.004214036033053829   17   14   13    5
 0.004084743731328098   17   14   13    6
 0.0005712364929803074   17   14   13    7
 -0.0008066217483140925   17   14   13    8
 0.0009945756498186242   17   14   13    9
 -0.002848588514422487   17   14   13   10
 6.280087623098308e-05   17   14   13   11
 0.000999128978978338   17   14   13   12
 0.009856309359775824   17   14   13   13
 0.0002402366617767242   17   14   14    1
 -2.905070172301404e-07   17   14   14    2
 -0.0004631213293635687   17   14   14    3
 -0.0004765468015561963   17   14   14    4
 -8.733901492199049e-05   17   14   14    5
 0.002837381601486949   17   14   14    6
 0.002188426164146416   17   14   14    7
 0.0009319289036710921   17   14   14    8
 -0.002801850193982889   17   14   14    9
 -0.002189065934159285   17   14   14   10
 -0.0004780510351913793   17   14   14   11
 -0.00262398102844481   17   14   14   12
 -0.01093417792253277   17   14   14   13
 0.005724986094045279   17   14   14   14
 -0.0001683507079115578   17   14   15    1
 0.0003648045985205238   17   14   15    2
 -0.0008120841681422717   17   14   15    3
 0.0002100718856918355   17   14   15    4
 0.002654558564139808   17   14   15    5
 -0.001330702038517226   17   14   15    6
 0.002469563199792881   17   14   15    7
 -0.0013567309745216   17   14   15    8
 -0.001115674074708938   17   14   15    9
 0.0002203358867213095   17   14   15   10
 0.000308217878279734   17   14   15   11
 0.00341733546945463   17   14   15   12
 0.01243981784293136   17   14   15   13
 0.007942508907712326   17   14   15   14
 0.0186205954070997   17   14   15   15
 6.325164986278485e-05   17   14   16    1
 0.002896228139575149   17   14   16    2
 -0.001654010592009229   17   14   16    3
 0.0005414680507852203   17   14   16    4
 0.00636305618361145   17   14   16    5
 0.006510203174979034   17   14   16    6
 -0.0009173491608058248   17   14   16    7
 -0.004454182189330207   17   14   16    8
 -0.0008059990935964377   17   14   16    9
 -0.00379497564947781   17   14   16   10
 0.0001255841987564509   17   14   16   11
 0.0008981786653882816   17   14   16   12
 -0.003476584341199069   17   14   16   13
 -0.002939387696633503   17   14   16   14
 -0.005947862072162483   17   14   16   15
 0.01619500194423574   17   14   16   16
 0.0003626100840619338   17   14   17    1
 0.003040466126481416   17   14   17    2
 0.0006608138882272444   17   14   17    3
 -0.001259923805161517   17   14   17    4
 0.001210917296827899   17   14   17    5
 0.002769701675936319   17   14   17    6
 -0.0004310310440022858   17   14   17    7
 -0.002127245578663248   17   14   17    8
 -0.002506075766555553   17   14   17    9
 -0.001673465512848022   17   14   17   10
 0.0002126276100187066   17   14   17   11
 -0.006905330193934705   17   14   17   12
 0.006311182432540726   17   14   17   13
 0.008065114499183026   17   14   17   14
 -0.2684101047200191   17   15    1    1
 -3.723210631824851e-05   17   15    2    1
 0.05013667776746471   17   15    2    2
 0.003287479497936861   17   15    3    1
 -0.02498865475486413   17   15    3    2
 -0.1608035067681576   17   15    3    3
 0.0006947615401823042   17   15    4    1
 0.002240190468748174   17   15    4    2
 -0.001052055236201356   17   15    4    3
 0.03538643027885965   17   15    4    4
 -0.00294720218532688   17   15    5    1
 -0.01637598406863218   17   15    5    2
 0.02922570997067738   17   15    5    3
 0.003895948347284116   17   15    5    4
 0.005932527866089539   17   15    5    5
 0.00239307809940547   17   15    6    1
 0.0009514740638221701   17   15    6    2
 0.005776232417209262   17   15    6    3
 -0.02978016694735163   17   15    6    4
 0.0183954470398373   17   15    6    5
 -0.03119733553660137   17   15    6    6
 0.000278491897271084   17   15    7    1
 0.0008197877230517341   17   15    7    2
 0.0004886870270159508   17   15    7    3
 0.0004719799535586464   17   15    7    4
 0.002615728885376658   17   15    7    5
 0.002210505668095684   17   15    7    6
 -0.0006028891786794388   17   15    7    7
 -0.005632680662596166   17   15    8    1
 -0.01180803572212188   17   15    8    2
 -0.01638384395623442   17   15    8    3
 0.008007024599682064   17   15    8    4
 -0.0564018428920551   17   15    8    5
 0.02374169530060852   17   15    8    6
 0.01428191345217459   17   15    8    7
 -0.08766046170578522   17   15    8    8
 -0.002548419581711638   17   15    9    1
 -0.004293464402275052   17   15    9    2
 -0.007192325715741289   17   15    9    3
 0.001680989508011802   17   15    9    4
 -0.02838237996567214   17   15    9    5
 0.009944884316807918   17   15    9    6
 -0.02158986166972813   17   15    9    7
 -0.03974929211172533   17   15    9    8
 -0.03478031737742777   17   15    9    9
 0.00167440202788533   17   15   10    1
 -0.00180596804358084   17   15   10    2
 0.009235030240312971   17   15   10    3
 -0.0138408841646998   17   15   10    4
 -0.01719188700330104   17   15   10    5
 -0.06469058167115264   17   15   10    6
 0.005532686267521794   17   15   10    7
 -0.00805670947041244   17   15   10    8
 -0.009395942136683091   17   15   10    9
 -0.120665708344839   17   15   10   10
 -0.0005647909073137282   17   15   11    1
 -0.0005654336919408361   17   15   11    2
 -0.004709704407304437   17   15   11    3
 0.001552557831953342   17   15   11    4
 -0.001238368517565747   17   15   11    5
 -0.001329897834807053   17   15   11    6
 0.0413775925878884   17   15   11    7
 -0.03868923993292519   17   15   11    8
 0.0669006163068749   17   15   11    9
 -0.00205413118940355   17   15   11   10
 -0.03938003482523057   17   15   11   11
 -0.0001404714180775717   17   15   12    1
 -0.0005503535531137264   17   15   12    2
 0.00223229294165   17   15   12    3
 0.0007958283546370535   17   15   12    4
 -0.0003988812549102126   17   15   12    5
 0.0002961305765123638   17   15   12    6
 0.008864003732282447   17   15   12    7
 0.001990865115342415   17   15   12    8
 0.01261315325988835   17   15   12    9
 0.001760273071865309   17   15   12   10
 -0.06568896825123359   17   15   12   11
 -0.07214814746959504   17   15   12   12
 2.753059720286815e-05   17   15   13    1
 0.001808980582816899   17   15   13    2
 -0.002246402948540521   17   15   13    3
 0.001110514361409177   17   15   13    4
 -0.0043954980815478   17   15   13    5
 0.003839053031454517   17   15   13    6
 -0.004394193853799647   17   15   13    7
 -0.001079928524264556   17   15   13    8
 3.52143023037066e-05   17   15   13    9
 -0.006255591893339744   17   15   13   10
 -0.005646107635185886   17   15   13   11
 -0.01046067109350182   17   15   13   12
 0.02870562224277345   17   15   13   13
 -0.0002381059180727167   17   15   14    1
 -7.261591709206288e-05   17   15   14    2
 -0.001495937624358051   17   15   14    3
 -0.0006891779717233479   17   15   14    4
 0.000188060126122585   17   15   14    5
 0.001228696448269502   17   15   14    6
 0.01020278305344866   17   15   14    7
 -0.002008418370689002   17   15   14    8
 -0.002892255754106494   17   15   14    9
 0.003534410295450277   17   15   14   10
 0.01180452000211118   17   15   14   11
 0.02086721593743556   17   15   14   12
 0.001569026325559729   17   15   14   13
 0.01724405319142214   17   15   14   14
 0.001873881182974648   17   15   15    1
 -0.01180437969518923   17   15   15    2
 0.01961331145047217   17   15   15    3
 0.01507424233299388   17   15   15    4
 -0.01060854340615957   17   15   15    5
 0.00761799337160572   17   15   15    6
 0.0006834131087193959   17   15   15    7
 0.02359241319160866   17   15   15    8
 0.01420197813616088   17   15   15    9
 -0.01860385389259447   17   15   15   10
 0.007304984413036142   17   15   15   11
 0.01029341437674738   17   15   15   12
 -0.01121883126347391   17   15   15   13
 0.003414028669891842   17   15   15   14
 -0.00941918047277612   17   15   15   15
 0.000382045196696464   17   15   16    1
 -0.01468256721430959   17   15   16    2
 0.01650103418702024   17   15   16    3
 -0.009584490340860051   17   15   16    4
 -0.0142129241307769   17   15   16    5
 -0.02781905005995983   17   15   16    6
 0.0005805765968756278   17   15   16    7
 0.01588491840190299   17   15   16    8
 0.008232468318221393   17   15   16    9
 0.04273822104960808   17   15   16   10
 0.002601780384989158   17   15   16   11
 0.0002347311112494971   17   15   16   12
 0.00771930087333556   17   15   16   13
 -0.003617333928437212   17   15   16   14
 0.009502748098276219   17   15   16   15
 -0.01609260302001081   17   15   16   16
 -0.002615787018128726   17   15   17    1
 -0.00133690311259841   17   15   17    2
 -0.03011489958595809   17   15   17    3
 -0.00202231380836525   17   15   17    4
 0.01499804959991179   17   15   17    5
 -0.01001648672377856   17   15   17    6
 0.001318299262890667   17   15   17    7
 -0.024819644062049   17   15   17    8
 -0.01490535264897396   17   15   17    9
 0.01179345979154882   17   15   17   10
 -0.004045450121879288   17   15   17   11
 0.007455488992294705   17   15   17   12
 0.002773926377925053   17   15   17   13
 -0.006933321617135708   17   15   17   14
 0.08656856938955979   17   15   17   15
 -0.1219700800357927   17   16    1    1
 -2.368572872432915e-05   17   16    2    1
 0.05211543338702607   17   16    2    2
 0.00164860714777654   17   16    3    1
 -0.01610313787830506   17   16    3    2
 -0.06535791485928139   17   16    3    3
 6.632195398559524e-06   17   16    4    1
 -0.002653114201705425   17   16    4    2
 -0.007570990118605233   17   16    4    3
 0.01697147480878158   17   16    4    4
 -0.001688624030851872   17   16    5    1
 -0.008953054725212697   17   16    5    2
 0.01201548039608945   17   16    5    3
 -0.005133212201911791   17   16    5    4
 0.01548087674656682   17   16    5    5
 -0.0002345057791359104   17   16    6    1
 1.288818937314376e-05   17   16    6    2
 -0.01729060436432412   17   16    6    3
 -0.007911048999538631   17   16    6    4
 0.009247969149081721   17   16    6    5
 0.003382391500505697   17   16    6    6
 0.0002231253572356681   17   16    7    1
 0.001030301313035351   17   16    7    2
 0.001183843132177876   17   16    7    3
 -0.0003907450645618595   17   16    7    4
 0.001642359099113025   17   16    7    5
 -0.000372097609061125   17   16    7    6
 -0.0009095248010888717   17   16    7    7
 -0.003064370013231129   17   16    8    1
 -0.009895726886056996   17   16    8    2
 -0.007998582012303584   17   16    8    3
 0.003124123436343978   17   16    8    4
 -0.03220880757988858   17   16    8    5
 0.00155239544714125   17   16    8    6
 0.002501630049218355   17   16    8    7
 -0.03317863297863723   17   16    8    8
 -0.001598416411431643   17   16    9    1
 -0.003786756472137801   17   16    9    2
 -0.005566905456087928   17   16    9    3
 0.001277086721160012   17   16    9    4
 -0.0159540821461348   17   16    9    5
 -4.67530963007226e-05   17   16    9    6
 -0.002266767956872108   17   16    9    7
 -0.02150288535808512   17   16    9    8
 -0.006604088967955439   17   16    9    9
 -0.003014098397111132   17   16   10    1
 -0.005004671746523125   17   16   10    2
 -0.01329778406477033   17   16   10    3
 -0.006987655471508309   17   16   10    4
 -0.006435184475343374   17   16   10    5
 -0.03274577251764498   17   16   10    6
 0.002686499841901321   17   16   10    7
 -0.003077894219084982   17   16   10    8
 -0.004307614737632047   17   16   10    9
 -0.04978489602884858   17   16   10   10
 -0.0001920138232897294   17   16   11    1
 0.0006332487676978004   17   16   11    2
 -0.001742548832585229   17   16   11    3
 0.001067291999560617   17   16   11    4
 -0.0003439990738475351   17   16   11    5
 -0.0006891066318021967   17   16   11    6
 0.01873356157949555   17   16   11    7
 -0.02114590461192975   17   16   11    8
 0.03650545511020924   17   16   11    9
 -0.0015237507461852   17   16   11   10
 -0.004005978250823743   17   16   11   11
 0.0001631332140594342   17   16   12    1
 -0.001470327913148668   17   16   12    2
 0.001512966916366445   17   16   12    3
 7.924149742938335e-05   17   16   12    4
 -0.0007137806880088916   17   16   12    5
 -0.0009294933884829682   17   16   12    6
 0.007915046757451832   17   16   12    7
 -0.000359334764217046   17   16   12    8
 0.007998695695459381   17   16   12    9
 0.002386281254517644   17   16   12   10
 -0.03686593840591364   17   16   12   11
 -0.01939480203364892   17   16   12   12
 -0.0001516994913038729   17   16   13    1
 0.007262748814949757   17   16   13    2
 0.001111787270591864   17   16   13    3
 -0.005735474981071399   17   16   13    4
 0.004386049028180802   17   16   13    5
 -0.001939967079467351   17   16   13    6
 0.0005460869791396825   17   16   13    7
 -0.002172684838346786   17   16   13    8
 -0.001814782473007318   17   16   13    9
 -0.0005194242544223574   17   16   13   10
 -0.003813373635348694   17   16   13   11
 -0.00262403321524849   17   16   13   12
 0.01748734344614579   17   16   13   13
 -2.537570020476799e-05   17   16   14    1
 0.00126775305440098   17   16   14    2
 -0.001337772959489646   17   16   14    3
 -0.001448772746200651   17   16   14    4
 0.001154969766252974   17   16   14    5
 0.001885988441860727   17   16   14    6
 4.57807181732066e-06   17   16   14    7
 -0.003082016965778703   17   16   14    8
 -0.001216663705622146   17   16   14    9
 0.0007709515878825347   17   16   14   10
 0.007186670083963019   17   16   14   11
 0.003882487162724599   17   16   14   12
 0.001682733753769711   17   16   14   13
 -0.0004398445899888653   17   16   14   14
 0.0004296802931199339   17   16   15    1
 -0.008486312128562443   17   16   15    2
 0.0164475345258977   17   16   15    3
 -0.001339341179575995   17   16   15    4
 0.0001171006435132967   17   16   15    5
 -0.01485922144624388   17   16   15    6
 -3.598750314624201e-06   17   16   15    7
 0.0128361206767331   17   16   15    8
 0.006493231455554903   17   16   15    9
 0.004094946313602781   17   16   15   10
 0.003857385676323026   17   16   15   11
 0.002742580233770108   17   16   15   12
 -0.001278952652642211   17   16   15   13
 -0.001322637419980957   17   16   15   14
 0.01054671424203545   17   16   15   15
 0.001339139069875167   17   16   16    1
 -0.02140435838824688   17   16   16    2
 -0.002176649931734827   17   16   16    3
 -0.0001342127095438051   17   16   16    4
 -0.01777756845300312   17   16   16    5
 -0.006689770276622022   17   16   16    6
 0.000145878415439156   17   16   16    7
 0.0006547577687426024   17   16   16    8
 -0.000666466246471373   17   16   16    9
 0.02395538641102978   17   16   16   10
 0.001520448790242144   17   16   16   11
 -0.0003381339290480054   17   16   16   12
 0.004774922523318313   17   16   16   13
 0.0004458851121655599   17   16   16   14
 0.00397756881795974   17   16   16   15
 0.006441600390448148   17   16   16   16
 -0.001103286027618139   17   16   17    1
 -0.0008457934351688213   17   16   17    2
 -0.01793327779470107   17   16   17    3
 0.0007560540428232104   17   16   17    4
 0.01079548966934253   17   16   17    5
 0.004225881162817851   17   16   17    6
 0.0005476791150188056   17   16   17    7
 -0.01688625830581023   17   16   17    8
 -0.009350580742148616   17   16   17    9
 -0.0008826403346090564   17   16   17   10
 -0.002287384689249348   17   16   17   11
 0.004954732089730701   17   16   17   12
 0.001945002445268225   17   16   17   13
 -0.001231624035233233   17   16   17   14
 0.03217771498745627   17   16   17   15
 0.04423066789943029   17   16   17   16
 0.727036213127747   17   17    1    1
 0.0002579436695987863   17   17    2    1
 0.4150352186539381   17   17    2    2
 -0.005452901785218811   17   17    3    1
 0.02753267590839244   17   17    3    2
 0.5797329635619314   17   17    3    3
 -0.001291879455706603   17   17    4    1
 -0.01894439212006889   17   17    4    2
 0.0003234452674568355   17   17    4    3
 0.3228852506412059   17   17    4    4
 0.006335750246378211   17   17    5    1
 0.06434383537163134   17   17    5    2
 -0.01004726908736424   17   17    5    3
 -0.0173153674773737   17   17    5    4
 0.4090920027537421   17   17    5    5
 -0.004211775231444499   17   17    6    1
 0.01989017259392973   17   17    6    2
 -0.01638746700480451   17   17    6    3
 0.06492845278698411   17   17    6    4
 -0.0001143964151202137   17   17    6    5
 0.4306963800893819   17   17    6    6
 -0.0003452704640431278   17   17    7    1
 0.000619017273359267   17   17    7    2
 -0.0001393787693425839   17   17    7    3
 -0.006568226381668792   17   17    7    4
 -0.001011242664324516   17   17    7    5
 -0.01357313043045087   17   17    7    6
 0.2909141302166956   17   17    7    7
 0.01250800704296035   17   17    8    1
 -0.009796768132761879   17   17    8    2
 0.06866238949093029   17   17    8    3
 0.01080707022712451   17   17    8    4
 0.03327839481620266   17   17    8    5
 -0.02348991398424417   17   17    8    6
 -0.05129720779266   17   17    8    7
 0.4803427879985784   17   17    8    8
 0.006416811106796212   17   17    9    1
 -0.005557065594359756   17   17    9    2
 0.03674944102676712   17   17    9    3
 0.01306387709380533   17   17    9    4
 0.01847255082060565   17   17    9    5
 -0.004591814723827275   17   17    9    6
 0.08280874489705933   17   17    9    7
 0.05031770957041447   17   17    9    8
 0.4250566045449354   17   17    9    9
 -0.001043333263873981   17   17   10    1
 -0.008737703470837839   17   17   10    2
 -0.006166849335058941   17   17   10    3
 -0.001267715889451588   17   17   10    4
 0.01091828408588402   17   17   10    5
 0.05409437796885985   17   17   10    6
 -0.004011146317310064   17   17   10    7
 0.006372351044051529   17   17   10    8
 0.008651706945507794   17   17   10    9
 0.4979085829924786   17   17   10   10
 0.0003523382809549554   17   17   11    1
 0.0007519321121003628   17   17   11    2
 0.003608466472022662   17   17   11    3
 -0.0031465827205987   17   17   11    4
 -0.0004719366110256192   17   17   11    5
 1.659676013426749e-07   17   17   11    6
 -0.06181093203799059   17   17   11    7
 0.03100210679670263   17   17   11    8
 -0.05687334112696803   17   17   11    9
 0.001740025080324124   17   17   11   10
 0.4283181402852512   17   17   11   11
 -0.0008274559485282304   17   17   12    1
 -0.00379693903146798   17   17   12    2
 -0.004095895987110514   17   17   12    3
 0.004632937021045635   17   17   12    4
 0.006386179374319626   17   17   12    5
 -0.0002127548604940188   17   17   12    6
 0.03838450931734554   17   17   12    7
 -0.008582234516588752   17   17   12    8
 0.009272155624895686   17   17   12    9
 -0.0009363520124235926   17   17   12   10
 0.04617419025629492   17   17   12   11
 0.4951419722997884   17   17   12   12
 9.510037006300451e-05   17   17   13    1
 0.03055236745307426   17   17   13    2
 0.0007291299373950495   17   17   13    3
 -0.05605624151267569   17   17   13    4
 0.02011970579423865   17   17   13    5
 -0.01618913466333554   17   17   13    6
 7.19917366973299e-05   17   17   13    7
 -0.02379457526022633   17   17   13    8
 0.001508531768456409   17   17   13    9
 0.01745303675097765   17   17   13   10
 -0.002105293012312037   17   17   13   11
 0.02810721119608542   17   17   13   12
 0.340417628701676   17   17   13   13
 0.0007365797896822626   17   17   14    1
 0.007187496027708005   17   17   14    2
 0.0006900698988326313   17   17   14    3
 -0.009189245685281235   17   17   14    4
 0.003080500493862468   17   17   14    5
 0.01010156911315411   17   17   14    6
 0.01415036701959256   17   17   14    7
 0.01313148293901743   17   17   14    8
 -0.02463038001662613   17   17   14    9
 -0.007445606567827976   17   17   14   10
 0.005423947783730464   17   17   14   11
 -0.0675009899677818   17   17   14   12
 -0.01249616398519881   17   17   14   13
 0.2537409240345448   17   17   14   14
 -0.004653903662032088   17   17   15    1
 -0.007598076171350624   17   17   15    2
 -0.01802314914859178   17   17   15    3
 -0.01469404991359598   17   17   15    4
 0.05103025397028842   17   17   15    5
 -0.04738859147274642   17   17   15    6
 0.003797320043860907   17   17   15    7
 -0.03138104065520886   17   17   15    8
 -0.03046504983671502   17   17   15    9
 0.03135147368228472   17   17   15   10
 -0.003040146138481995   17   17   15   11
 -0.01916298365692462   17   17   15   12
 0.06268525110726332   17   17   15   13
 0.007117870906512669   17   17   15   14
 0.4228068962196959   17   17   15   15
 -0.002119425744147182   17   17   16    1
 0.004954579917764676   17   17   16    2
 -0.01182218485077941   17   17   16    3
 0.009691976310698302   17   17   16    4
 0.04502450244637458   17   17   16    5
 0.06172204423855138   17   17   16    6
 -0.0068511007849205   17   17   16    7
 -0.006716536919917157   17   17   16    8
 0.001147359394669233   17   17   16    9
 -0.0409996083531257   17   17   16   10
 -0.003204216990891373   17   17   16   11
 0.004197295999725756   17   17   16   12
 0.003456107139873006   17   17   16   13
 0.01186656216231428   17   17   16   14
 0.00479619307637908   17   17   16   15
 0.502580374458957   17   17   16   16
 0.007686438228762194   17   17   17    1
 0.007563840195680083   17   17   17    2
 0.03015585355075758   17   17   17    3
 -0.01016696781315613   17   17   17    4
 0.003039497315172248   17   17   17    5
 0.008132305380338673   17   17   17    6
 0.004247548737788414   17   17   17    7
 -0.02627830932631422   17   17   17    8
 -0.01521657552987899   17   17   17    9
 0.001893641771579951   17   17   17   10
 0.004248849942886625   17   17   17   11
 -0.01205717848643251   17   17   17   12
 0.0519158172710191   17   17   17   13
 0.02736476485070616   17   17   17   14
 -0.09182510586160381   17   17   17   15
 -0.02214823897419085   17   17   17   16
 0.5879762711037595   17   17   17   17
 -35.49279555487013    1    1  0  0
 0.02310296507892387    2    1  0  0
 -9.447171932263192    2    2  0  0
 0.5215030732297764    3    1  0  0
 -0.2635857851228803    3    2  0  0
 -10.78707173534004    3    3  0  0
 0.03836235620353321    4    1  0  0
 -0.0319550005409539    4    2  0  0
 -0.1029135487073569    4    3  0  0
 -7.224666556333298    4    4  0  0
 -0.2217629935509805    5    1  0  0
 -0.6167592786517162    5    2  0  0
 0.4503932654746391    5    3  0  0
 0.03295899384978492    5    4  0  0
 -8.228150782772193    5    5  0  0
 0.1024260621172883    6    1  0  0
 -0.2865815380195468    6    2  0  0
 -0.1200381053340128    6    3  0  0
 -0.5091456883302106    6    4  0  0
 -0.1303984235198853    6    5  0  0
 -8.10765058694138    6    6  0  0
 0.009291717302893649    7    1  0  0
 0.02038398261016703    7    2  0  0
 0.01066458122385083    7    3  0  0
 0.07689479067593394    7    4  0  0
 0.06657386387872072    7    5  0  0
 0.1741861236662793    7    6  0  0
 -5.933650466120008    7    7  0  0
 -0.2123566824370033    8    1  0  0
 0.05863049812395705    8    2  0  0
 -0.3380603117785162    8    3  0  0
 0.05444659851492181    8    4  0  0
 -0.6999172796179798    8    5  0  0
 0.5022176516468705    8    6  0  0
 0.7626249459620152    8    7  0  0
 -8.99962582824304    8    8  0  0
 -0.1020447677040743    9    1  0  0
 0.05886672646201353    9    2  0  0
 -0.1706348774572518    9    3  0  0
 -0.0515681666867635    9    4  0  0
 -0.3588544329920859    9    5  0  0
 0.1592712802844085    9    6  0  0
 -1.217979833305363    9    7  0  0
 -0.7189918695312856    9    8  0  0
 -8.114410292931629    9    9  0  0
 -0.002324952941402813   10    1  0  0
 0.1768131334849795   10    2  0  0
 0.0141725794538398   10    3  0  0
 -0.1440265193005932   10    4  0  0
 0.0002424181419126677   10    5  0  0
 -1.036845847980194   10    6  0  0
 0.09660085412783397   10    7  0  0
 -0.2401255940928495   10    8  0  0
 -0.2104423560429116   10    9  0  0
 -9.557779550057329   10   10  0  0
 -0.0001575966735154681   11    1  0  0
 -0.002266640519577211   11    2  0  0
 -0.06732627615549487   11    3  0  0
 0.06129407813136637   11    4  0  0
 -0.006188904053740694   11    5  0  0
 0.02681830364815888   11    6  0  0
 0.8461316337104698   11    7  0  0
 -0.3092802667526561   11    8  0  0
 0.5453379462389344   11    9  0  0
 -0.04130007802362257   11   10  0  0
 -8.62036437681715   11   11  0  0
 -0.004715149058625942   12    1  0  0
 0.06894864197018188   12    2  0  0
 0.04853949129781977   12    3  0  0
 -0.07873021044330145   12    4  0  0
 -0.04881144661734935   12    5  0  0
 -0.02447130215985319   12    6  0  0
 -0.1786654030250902   12    7  0  0
 -0.164896688479858   12    8  0  0
 0.545405665072248   12    9  0  0
 0.04061894758098971   12   10  0  0
 -1.014030612245162   12   11  0  0
 -8.494865519685316   12   12  0  0
 -0.001739708603495862   13    1  0  0
 -0.2415036226897731   13    2  0  0
 0.02787987843867978   13    3  0  0
 0.7620517459935218   13    4  0  0
 0.09871509007252101   13    5  0  0
 0.1789174767017989   13    6  0  0
 0.09956817243899808   13    7  0  0
 0.1054823627146873   13    8  0  0
 -0.05197639411035842   13    9  0  0
 -0.3196273439102281   13   10  0  0
 -0.003621668002949034   13   11  0  0
 -0.3536257276139754   13   12  0  0
 -5.962449183367283   13   13  0  0
 0.003393050294064296   14    1  0  0
 -0.06052794040020679   14    2  0  0
 -0.02391138769448507   14    3  0  0
 0.1757925581426151   14    4  0  0
 -0.0102500211591952   14    5  0  0
 -0.107275901043096   14    6  0  0
 -0.385005284278467   14    7  0  0
 -0.1915958170999593   14    8  0  0
 0.1849360099281936   14    9  0  0
 0.1081335826047536   14   10  0  0
 -0.01947796102684646   14   11  0  0
 0.9624043979144933   14   12  0  0
 0.1371734627371657   14   13  0  0
 -4.626148163425277   14   14  0  0
 -0.09618161545021041   15    1  0  0
 0.2972793870023547   15    2  0  0
 0.394945551360752   15    3  0  0
 -0.08409247759582826   15    4  0  0
 -0.5365521518457586   15    5  0  0
 0.4281910188351128   15    6  0  0
 -0.08797835378777144   15    7  0  0
 0.6070617033872634   15    8  0  0
 0.4241438909867043   15    9  0  0
 -0.5014646896123112   15   10  0  0
 0.07096666279638494   15   11  0  0
 0.2684345554722982   15   12  0  0
 -0.5466483201462508   15   13  0  0
 -0.05017059919655968   15   14  0  0
 -6.953544431811367   15   15  0  0
 -0.05022342638982429   16    1  0  0
 0.1912561159797824   16    2  0  0
 0.1816551418239662   16    3  0  0
 0.01044012087048474   16    4  0  0
 -0.2478210739394307   16    5  0  0
 -0.3671288042771885   16    6  0  0
 0.0628462454078679   16    7  0  0
 0.1170432584889605   16    8  0  0
 -0.001707413383443413   16    9  0  0
 0.6506038490664618   16   10  0  0
 0.0405385957624141   16   11  0  0
 -0.05825753027227877   16   12  0  0
 -0.1798795513324897   16   13  0  0
 -0.1752489341530908   16   14  0  0
 -0.2998881401605638   16   15  0  0
 -8.044387652540165   16   16  0  0
 0.1964093024378661   17    1  0  0
 0.07085641608392879   17    2  0  0
 -0.8077643054462984   17    3  0  0
 -0.01953247500743426   17    4  0  0
 -0.05720860401441252   17    5  0  0
 0.1222075717277862   17    6  0  0
 -0.04591553779860886   17    7  0  0
 -0.2455690965183027   17    8  0  0
 -0.1037679359327671   17    9  0  0
 -0.002746437489048794   17   10  0  0
 -0.05284157434667665   17   11  0  0
 0.1484365597769723   17   12  0  0
 -0.4494479005029037   17   13  0  0
 -0.3124382979877758   17   14  0  0
 1.224106675831482   17   15  0  0
 0.3682488524578503   17   16  0  0
 -8.699751388183502   17   17  0  0
 0  0  0  0  0
