 &FCI NORB=  15,NELEC=18,MS2=0,
  ORBSYM=1,1,1,1,1,1,1,1,1,1,1,1,1,1,1
  ISYM=1,
 &END
 4.74425932906799    1    1    1    1
 -0.397127724842434    2    1    1    1
 0.05283671556470784    2    1    2    1
 0.9516485722512803    2    2    1    1
 -0.01119880361118752    2    2    2    1
 0.6787762770705016    2    2    2    2
 0.1262142411367806    3    1    1    1
 -0.01657003834151223    3    1    2    1
 0.004473717672930173    3    1    2    2
 0.005851732585541371    3    1    3    1
 -0.1773403283510049    3    2    1    1
 0.004013003318197151    3    2    2    1
 -0.07784376909848431    3    2    2    2
 -0.0002146762160142355    3    2    3    1
 0.0510881324531186    3    2    3    2
 0.3601082247989608    3    3    1    1
 -0.001310865788420969    3    3    2    1
 0.350676801552157    3    3    2    2
 0.0004950374284215896    3    3    3    1
 0.04569609192821424    3    3    3    2
 0.4897536654395181    3    3    3    3
 -0.02023299567027348    4    1    1    1
 0.002450580206642858    4    1    2    1
 -0.001837709713003003    4    1    2    2
 -0.002839137134260781    4    1    3    1
 -0.003593151913900202    4    1    3    2
 0.0001993717230471759    4    1    3    3
 0.007417785704130079    4    1    4    1
 0.005222685042564312    4    2    1    1
 -0.0009250567112937747    4    2    2    1
 -0.01805689421652362    4    2    2    2
 -0.002986781777130759    4    2    3    1
 -0.04059402181762744    4    2    3    2
 -0.02378924192363055    4    2    3    3
 0.0114947723854281    4    2    4    1
 0.09551868843161529    4    2    4    2
 -0.1396702759150433    4    3    1    1
 0.00112015410967669    4    3    2    1
 -0.09473235527092809    4    3    2    2
 0.0005957371291609738    4    3    3    1
 0.03733977739112319    4    3    3    2
 0.03176392123029224    4    3    3    3
 -0.003228031133654223    4    3    4    1
 -0.01887362141615585    4    3    4    2
 0.05449308247851405    4    3    4    3
 0.61028439494442    4    4    1    1
 -0.002841584672339193    4    4    2    1
 0.49834356763607    4    4    2    2
 0.0009625902054169066    4    4    3    1
 -0.03428812096598251    4    4    3    2
 0.3531428281916669    4    4    3    3
 0.0002831128336374625    4    4    4    1
 -0.007113379410131218    4    4    4    2
 -0.0516462749107419    4    4    4    3
 0.4301826952495678    4    4    4    4
 -0.09333615704549221    5    1    1    1
 0.01131941057078777    5    1    2    1
 -0.006182177160545313    5    1    2    2
 -0.003561529745486471    5    1    3    1
 0.001924184512525113    5    1    3    2
 -0.001045500884972462    5    1    3    3
 -0.001018677764276673    5    1    4    1
 -0.00270544408360489    5    1    4    2
 0.00123288007784298    5    1    4    3
 -0.001986301398868888    5    1    4    4
 0.005981749689849354    5    1    5    1
 0.08062196932580157    5    2    1    1
 -0.004013255806641683    5    2    2    1
 0.01109986789168407    5    2    2    2
 0.00143069766120906    5    2    3    1
 -0.005013151111368216    5    2    3    2
 -0.008998876347013145    5    2    3    3
 -0.00271938560343673    5    2    4    1
 -0.01793802264339712    5    2    4    2
 -0.003297914718897943    5    2    4    3
 0.004114173700623383    5    2    4    4
 0.003671613107603406    5    2    5    1
 0.0442799580097629    5    2    5    2
 -0.03125214742104408    5    3    1    1
 0.001136985668659156    5    3    2    1
 -0.01778040615163006    5    3    2    2
 -0.0002406675494020473    5    3    3    1
 -0.001523035534590802    5    3    3    2
 -0.01241262167000648    5    3    3    3
 0.0001069674514756401    5    3    4    1
 0.001779346340739354    5    3    4    2
 -0.004178286661069638    5    3    4    3
 -0.01148480074847811    5    3    4    4
 -0.000672643595099679    5    3    5    1
 0.02062782433331614    5    3    5    2
 0.06902939174378737    5    3    5    3
 -0.0830160860085964    5    4    1    1
 0.0004946996343019624    5    4    2    1
 -0.05616432932917605    5    4    2    2
 -0.0006591227403836582    5    4    3    1
 0.01239269655565809    5    4    3    2
 -0.005749556509144567    5    4    3    3
 0.001740198450803971    5    4    4    1
 0.003851164103105079    5    4    4    2
 0.01786871528768253    5    4    4    3
 -0.03522220221294924    5    4    4    4
 -0.0001810314954307157    5    4    5    1
 -0.01177123578230523    5    4    5    2
 -0.00347190063973806    5    4    5    3
 0.02488141782173961    5    4    5    4
 0.4396625561791092    5    5    1    1
 -0.002229424547388351    5    5    2    1
 0.3964378950157962    5    5    2    2
 0.001292559569449194    5    5    3    1
 0.02560810185991943    5    5    3    2
 0.4216310091194287    5    5    3    3
 -0.002485886057467099    5    5    4    1
 -0.03909893846849812    5    5    4    2
 0.002402798348544408    5    5    4    3
 0.3647206307993287    5    5    4    4
 0.0005842762570545279    5    5    5    1
 -0.01100820078076297    5    5    5    2
 -0.04472911499999872    5    5    5    3
 -0.007999808942147302    5    5    5    4
 0.4399504206624085    5    5    5    5
 0.06054688462551201    6    1    1    1
 -0.007883017151653994    6    1    2    1
 0.00212259468543071    6    1    2    2
 0.001447912414598845    6    1    3    1
 -0.002779558048017244    6    1    3    2
 0.0005213097656091506    6    1    3    3
 0.003730352175760073    6    1    4    1
 0.00657101388884046    6    1    4    2
 -0.002082041733581447    6    1    4    3
 0.00105276509799957    6    1    4    4
 -0.002994845146479095    6    1    5    1
 -0.001273390243675257    6    1    5    2
 -1.710041412452742e-05    6    1    5    3
 0.0008222254761975555    6    1    5    4
 -0.0009233059819704327    6    1    5    5
 0.00458492175037466    6    1    6    1
 -0.07404241952262865    6    2    1    1
 0.00193774200624907    6    2    2    1
 -0.03571839412378296    6    2    2    2
 -0.002219688314947594    6    2    3    1
 -0.006924553913700695    6    2    3    2
 -0.001155881929882999    6    2    3    3
 0.006086862123287904    6    2    4    1
 0.04363700327754116    6    2    4    2
 -0.004587061849927439    6    2    4    3
 -0.01426441440101782    6    2    4    4
 -0.0009078897041321403    6    2    5    1
 -0.008157714941831758    6    2    5    2
 0.01415306489754384    6    2    5    3
 0.002688907192433007    6    2    5    4
 -0.02025266446218156    6    2    5    5
 0.004333136097288417    6    2    6    1
 0.03495918131032939    6    2    6    2
 -0.01785752512767666    6    3    1    1
 -0.0002917055497386989    6    3    2    1
 -0.009263380514368209    6    3    2    2
 0.0005772448547482219    6    3    3    1
 0.0232958222836043    6    3    3    2
 0.05331859920503475    6    3    3    3
 -0.001959537246932798    6    3    4    1
 -0.0226408754779324    6    3    4    2
 0.01235585567415094    6    3    4    3
 -0.005771105291487765    6    3    4    4
 0.0007570358651845512    6    3    5    1
 0.01849562875935672    6    3    5    2
 0.03755192334019478    6    3    5    3
 -0.001403709854582951    6    3    5    4
 0.0192598511088703    6    3    5    5
 -0.001474248625587779    6    3    6    1
 0.00169466265970759    6    3    6    2
 0.05363916771111312    6    3    6    3
 0.2090644277215021    6    4    1    1
 -0.001530897614118051    6    4    2    1
 0.1405870582979888    6    4    2    2
 0.0006686514294403632    6    4    3    1
 -0.03512269140430484    6    4    3    2
 0.01437785917718261    6    4    3    3
 -0.0004524704840566375    6    4    4    1
 0.005222806866457146    6    4    4    2
 -0.04602433552508277    6    4    4    3
 0.0826010233245993    6    4    4    4
 -0.0007630865921527742    6    4    5    1
 0.005781367058334819    6    4    5    2
 -0.0004281432195005221    6    4    5    3
 -0.02615056485923686    6    4    5    4
 0.02596582098320368    6    4    5    5
 0.0001867345959290104    6    4    6    1
 -0.006775510266156777    6    4    6    2
 -0.003273686980259367    6    4    6    3
 0.07088117332615812    6    4    6    4
 -0.04269149861543192    6    5    1    1
 0.001222310235140935    6    5    2    1
 -0.004272433338732175    6    5    2    2
 -0.0004250435348815105    6    5    3    1
 0.02519686105112759    6    5    3    2
 0.06190252928509786    6    5    3    3
 0.0005579739545022061    6    5    4    1
 -0.01412462161433898    6    5    4    2
 0.009275838909317421    6    5    4    3
 0.00283937420072796    6    5    4    4
 -0.0004723105242084513    6    5    5    1
 -0.001314339210477169    6    5    5    2
 0.01345781634994013    6    5    5    3
 0.00234198704357369    6    5    5    4
 0.03522687484161482    6    5    5    5
 0.0004472001889240562    6    5    6    1
 0.005028932378018194    6    5    6    2
 0.03300564133364731    6    5    6    3
 -0.004366568311469903    6    5    6    4
 0.03802679145438282    6    5    6    5
 0.3873887602787239    6    6    1    1
 -0.001558000562457135    6    6    2    1
 0.343854992211144    6    6    2    2
 0.001158677774158996    6    6    3    1
 0.01399079571649615    6    6    3    2
 0.3635718969729535    6    6    3    3
 -0.002172585881354509    6    6    4    1
 -0.02424490806491371    6    6    4    2
 0.00359181921108922    6    6    4    3
 0.3314459734604528    6    6    4    4
 -0.0005247221537158835    6    6    5    1
 0.007010215682842146    6    6    5    2
 0.01654596163927864    6    6    5    3
 -0.007699385486854936    6    6    5    4
 0.3446181547346949    6    6    5    5
 -0.001110061810111705    6    6    6    1
 -0.007566295279550566    6    6    6    2
 0.0348063496267528    6    6    6    3
 0.01261099840858549    6    6    6    4
 0.03026974251060246    6    6    6    5
 0.3461158303210076    6    6    6    6
 0.04775064021425626    7    1    1    1
 -0.005256979461506371    7    1    2    1
 0.004996971704821392    7    1    2    2
 0.002427173091377627    7    1    3    1
 2.645086637260616e-05    7    1    3    2
 0.0007326154531508722    7    1    3    3
 -0.00151200244716255    7    1    4    1
 -0.001849278174716171    7    1    4    2
 0.0001624969282600434    7    1    4    3
 0.001396705598136786    7    1    4    4
 -0.00186930278462166    7    1    5    1
 -8.177331630680656e-05    7    1    5    2
 0.0002251048746663495    7    1    5    3
 -0.0005636916977927299    7    1    5    4
 0.00105197689431981    7    1    5    5
 0.004092279199359559    7    1    6    1
 0.003522776847256859    7    1    6    2
 -0.001054620265548564    7    1    6    3
 0.0007301792592553534    7    1    6    4
 0.001045958789418414    7    1    6    5
 -0.0001793610547604027    7    1    6    6
 0.01538737368737021    7    1    7    1
 -0.01749786673124504    7    2    1    1
 0.002511491135119975    7    2    2    1
 0.01786252383135641    7    2    2    2
 0.0002173319163389982    7    2    3    1
 0.006598191325225078    7    2    3    2
 0.005879710454334296    7    2    3    3
 -0.001631578650870866    7    2    4    1
 -0.0137995222846453    7    2    4    2
 0.0007186152256589462    7    2    4    3
 0.008419281907966038    7    2    4    4
 -0.000204955110309025    7    2    5    1
 -0.004895253899993571    7    2    5    2
 -5.034094256730944e-05    7    2    5    3
 -0.001745914385040834    7    2    5    4
 0.009675599850865337    7    2    5    5
 0.003666388388612648    7    2    6    1
 0.01856855479715361    7    2    6    2
 -0.002737742173539475    7    2    6    3
 0.0005948134503957743    7    2    6    4
 0.006382135166256618    7    2    6    5
 0.001008970226609837    7    2    6    6
 0.01828047862623477    7    2    7    1
 0.09561022768238915    7    2    7    2
 0.03873411888188036    7    3    1    1
 -0.001093587722271859    7    3    2    1
 0.01432197126366037    7    3    2    2
 -5.529209214122336e-05    7    3    3    1
 -0.01304287394648814    7    3    3    2
 -0.02600975577511099    7    3    3    3
 0.0008024672876208663    7    3    4    1
 0.005958103504653696    7    3    4    2
 -0.01031738475021357    7    3    4    3
 0.00538884533579603    7    3    4    4
 -7.936776626622709e-05    7    3    5    1
 0.001285731122244097    7    3    5    2
 -0.005352006541191109    7    3    5    3
 -0.001628232968293619    7    3    5    4
 -0.01022530906973561    7    3    5    5
 -0.0007210615934059961    7    3    6    1
 -0.004946413755887256    7    3    6    2
 -0.007939797073854943    7    3    6    3
 0.003862988190167111    7    3    6    4
 -0.01203869530320227    7    3    6    5
 -0.008384612910876606    7    3    6    6
 -0.005000163398293418    7    3    7    1
 -0.01144798208225513    7    3    7    2
 0.0298374763718489    7    3    7    3
 -0.0661718000054729    7    4    1    1
 0.0006342483402000308    7    4    2    1
 -0.04492062359284643    7    4    2    2
 1.120926829589759e-05    7    4    3    1
 0.006853900428411798    7    4    3    2
 -0.01410689002458486    7    4    3    3
 -0.000713184626826337    7    4    4    1
 0.00263858249513115    7    4    4    2
 0.01253757491124006    7    4    4    3
 -0.02691973139437965    7    4    4    4
 0.000349153016310907    7    4    5    1
 -0.003550338228850593    7    4    5    2
 0.0002900593272935996    7    4    5    3
 0.006446691549286173    7    4    5    4
 -0.01389202127405631    7    4    5    5
 -0.0004506260770886059    7    4    6    1
 0.00162113554344504    7    4    6    2
 -0.004592639312282648    7    4    6    3
 -0.01466169285000042    7    4    6    4
 -0.004642906795908668    7    4    6    5
 -0.003734366657769678    7    4    6    6
 0.0002961643434712542    7    4    7    1
 -0.006046039406432146    7    4    7    2
 -0.008321249997615361    7    4    7    3
 0.02401444702156329    7    4    7    4
 -0.0400863541170863    7    5    1    1
 0.0009795213313519484    7    5    2    1
 -0.02119498730640184    7    5    2    2
 -0.0001081918962835944    7    5    3    1
 0.00496294121617927    7    5    3    2
 -0.005835547730041737    7    5    3    3
 -9.099043843984776e-05    7    5    4    1
 -0.00036686665485216    7    5    4    2
 0.006896438233653597    7    5    4    3
 -0.01026389030495443    7    5    4    4
 -0.0003598243025137604    7    5    5    1
 -0.005120056072501635    7    5    5    2
 -0.006148338144535268    7    5    5    3
 0.00360515280607985    7    5    5    4
 -0.003627632061416431    7    5    5    5
 0.0008719801777705907    7    5    6    1
 0.003630924913301223    7    5    6    2
 -0.008094718433181771    7    5    6    3
 -0.01143956501104374    7    5    6    4
 -0.001227219481341663    7    5    6    5
 -0.006864754659321751    7    5    6    6
 0.003808114019899842    7    5    7    1
 0.01252752060250784    7    5    7    2
 -0.00568914588605803    7    5    7    3
 0.001697420756568585    7    5    7    4
 0.01803292125750939    7    5    7    5
 0.1294421123934777    7    6    1    1
 -0.001819708718759934    7    6    2    1
 0.07100418627118781    7    6    2    2
 0.0005426883895798145    7    6    3    1
 -0.02022100581645556    7    6    3    2
 -0.001534945521803787    7    6    3    3
 -0.0003374487118272681    7    6    4    1
 0.001001474309349509    7    6    4    2
 -0.0208102703925604    7    6    4    3
 0.0324017085397702    7    6    4    4
 -0.0001126350773243889    7    6    5    1
 0.007122700063754502    7    6    5    2
 -0.008090625800296389    7    6    5    3
 -0.01287571324234206    7    6    5    4
 0.01114738804270071    7    6    5    5
 -0.0007180338394555372    7    6    6    1
 -0.01015584250592498    7    6    6    2
 -0.005023879611114405    7    6    6    3
 0.03041042642063102    7    6    6    4
 -0.007471328213254586    7    6    6    5
 0.002118074947046323    7    6    6    6
 -0.002808190525645344    7    6    7    1
 -0.01199929140050838    7    6    7    2
 0.009831243227203782    7    6    7    3
 -0.002755100502649505    7    6    7    4
 -0.006719322368532631    7    6    7    5
 0.02775387240899661    7    6    7    6
 0.7920837942155753    7    7    1    1
 -0.006534747662541145    7    7    2    1
 0.5695954282364152    7    7    2    2
 0.00227440186144457    7    7    3    1
 -0.04574631804349336    7    7    3    2
 0.3653303040368693    7    7    3    3
 -0.001223722537783307    7    7    4    1
 -0.02451267524755012    7    7    4    2
 -0.05827853850711533    7    7    4    3
 0.4330909654672561    7    7    4    4
 -0.001633452110805002    7    7    5    1
 0.0231719682653714    7    7    5    2
 -0.0186022913023167    7    7    5    3
 -0.03801726601384871    7    7    5    4
 0.3851373516687608    7    7    5    5
 -0.0003871598190888    7    7    6    1
 -0.03514927519531124    7    7    6    2
 0.01111435511040318    7    7    6    3
 0.09381909172347967    7    7    6    4
 0.006943909132668112    7    7    6    5
 0.3364375814848742    7    7    6    6
 -0.002239849897157683    7    7    7    1
 -0.005412752493913675    7    7    7    2
 0.01333758456397295    7    7    7    3
 -0.04046829287358587    7    7    7    4
 -0.02327460985537767    7    7    7    5
 0.0610705271294688    7    7    7    6
 0.5423084869984922    7    7    7    7
 -0.1223442184760367    8    1    1    1
 0.01371136525807098    8    1    2    1
 -0.01177897918632861    8    1    2    2
 -0.005508446413719443    8    1    3    1
 0.001185677581282003    8    1    3    2
 -0.001896538085919332    8    1    3    3
 0.001453800663388392    8    1    4    1
 0.0008657657732277124    8    1    4    2
 0.0005774974859753522    8    1    4    3
 -0.00351247606947413    8    1    4    4
 0.01016118470079197    8    1    5    1
 0.007789841106211197    8    1    5    2
 -0.001625424139064611    8    1    5    3
 0.0004651239289974026    8    1    5    4
 0.0004337895846297214    8    1    5    5
 -0.001872232425703675    8    1    6    1
 0.001928377446691377    8    1    6    2
 0.0004385358036443726    8    1    6    3
 -0.001585840561333381    8    1    6    4
 -0.0008372670578833416    8    1    6    5
 -0.002229584215135311    8    1    6    6
 -0.001151004992585048    8    1    7    1
 0.001272959709603827    8    1    7    2
 -0.0003394549043068    8    1    7    3
 0.0002671413264302044    8    1    7    4
 -0.0004443693506172658    8    1    7    5
 -0.0005548827328586673    8    1    7    6
 -0.003398163071481787    8    1    7    7
 0.02108707923124645    8    1    8    1
 0.05743883861689836    8    2    1    1
 -0.005997328636612172    8    2    2    1
 -0.02573055629549552    8    2    2    2
 0.0004926157467141293    8    2    3    1
 -0.008130529578318411    8    2    3    2
 -0.01120829990291245    8    2    3    3
 0.0007124532688516652    8    2    4    1
 0.008431541823012817    8    2    4    2
 0.003999637431718383    8    2    4    3
 -0.01527943528402556    8    2    4    4
 0.006934020611816911    8    2    5    1
 0.04298687854094925    8    2    5    2
 -0.01399654167168102    8    2    5    3
 9.778830187369784e-05    8    2    5    4
 -0.0005220464690275736    8    2    5    5
 0.00127017595247586    8    2    6    1
 0.002898125170095597    8    2    6    2
 -0.0001979175453732978    8    2    6    3
 -0.005799629056372788    8    2    6    4
 -0.009462618490832709    8    2    6    5
 -0.01255563761429045    8    2    6    6
 0.001350426207722629    8    2    7    1
 0.002204247964896446    8    2    7    2
 0.003239313595643006    8    2    7    3
 -0.0007525578604949418    8    2    7    4
 -0.001676311349268352    8    2    7    5
 0.004543234920021035    8    2    7    6
 0.004971277860795906    8    2    7    7
 0.01819324942511361    8    2    8    1
 0.09043818825895002    8    2    8    2
 -0.06792697591602584    8    3    1    1
 0.002525586174008082    8    3    2    1
 -0.01872594472594503    8    3    2    2
 -0.0002326698619899312    8    3    3    1
 0.0131199504982702    8    3    3    2
 0.02648210348301618    8    3    3    3
 -0.0003968526884734485    8    3    4    1
 0.004478282475568737    8    3    4    2
 0.01801371906829055    8    3    4    3
 -0.004391572382997018    8    3    4    4
 -0.002222789253835927    8    3    5    1
 -0.03044420228246691    8    3    5    2
 -0.02847204887229675    8    3    5    3
 0.002556446573059724    8    3    5    4
 0.0222622076468044    8    3    5    5
 -0.0004963023277862996    8    3    6    1
 0.001087882648120067    8    3    6    2
 -0.01290544849348985    8    3    6    3
 -0.01075078967306593    8    3    6    4
 -0.0006096117865507344    8    3    6    5
 -0.002319580807527304    8    3    6    6
 -0.0001470549630411874    8    3    7    1
 0.003658318108209922    8    3    7    2
 0.0009562308643895754    8    3    7    3
 0.003607615148811031    8    3    7    4
 0.006931291865206425    8    3    7    5
 -0.005017646476824208    8    3    7    6
 -0.01860210249705445    8    3    7    7
 -0.00612339855647464    8    3    8    1
 -0.02576166978753569    8    3    8    2
 0.0374825614159476    8    3    8    3
 0.04293002483625122    8    4    1    1
 -0.0007007490813322172    8    4    2    1
 0.0291157059239667    8    4    2    2
 -0.0001790505204151875    8    4    3    1
 0.006323822984794154    8    4    3    2
 0.02975751229727167    8    4    3    3
 0.001147079926627163    8    4    4    1
 -0.01492195190545129    8    4    4    2
 -0.002897397965580919    8    4    4    3
 0.02004201078030757    8    4    4    4
 3.314253569718982e-05    8    4    5    1
 0.005419789797432692    8    4    5    2
 -0.007358910717178688    8    4    5    3
 0.002231995159371646    8    4    5    4
 0.02099889513499143    8    4    5    5
 0.0007134451272955719    8    4    6    1
 -0.007840652109099235    8    4    6    2
 0.006849921877381654    8    4    6    3
 0.007106756172395715    8    4    6    4
 0.01405424319947997    8    4    6    5
 0.0114433277949311    8    4    6    6
 -0.0001698424727837842    8    4    7    1
 -4.867661292906314e-05    8    4    7    2
 -0.001327088782473184    8    4    7    3
 -0.005738158543548345    8    4    7    4
 -0.003484365723490054    8    4    7    5
 0.004640205249913206    8    4    7    6
 0.03025727820736282    8    4    7    7
 0.001011014411059263    8    4    8    1
 0.005065184722851165    8    4    8    2
 -0.007448564811654383    8    4    8    3
 0.02789541246187442    8    4    8    4
 0.277366654882477    8    5    1    1
 -0.004829154800834025    8    5    2    1
 0.1331141547449483    8    5    2    2
 0.001014559080760709    8    5    3    1
 -0.05876346018428977    8    5    3    2
 -0.04881909379195949    8    5    3    3
 0.0001008166630671934    8    5    4    1
 0.01439784176456789    8    5    4    2
 -0.05061420369481846    8    5    4    3
 0.05621847242768348    8    5    4    4
 0.001825977702842562    8    5    5    1
 0.03282487221274239    8    5    5    2
 0.01239330079680895    8    5    5    3
 -0.02479877836047893    8    5    5    4
 -0.02120296501710846    8    5    5    5
 0.0007015704811455509    8    5    6    1
 -0.00930783052201415    8    5    6    2
 -0.01084683049235516    8    5    6    3
 0.0593900869473163    8    5    6    4
 -0.02463826034372261    8    5    6    5
 -0.00714172487522679    8    5    6    6
 0.0002940696289118754    8    5    7    1
 -0.005041879657350365    8    5    7    2
 0.01465160520287026    8    5    7    3
 -0.01528232690896923    8    5    7    4
 -0.01286550541047589    8    5    7    5
 0.03388661938356103    8    5    7    6
 0.09037682949260575    8    5    7    7
 0.005626513127093282    8    5    8    1
 0.03076661632693492    8    5    8    2
 -0.03905189816524142    8    5    8    3
 0.0002369943006304507    8    5    8    4
 0.1126272160053338    8    5    8    5
 -0.01983230282010286    8    6    1    1
 0.000884800517563774    8    6    2    1
 -0.01078568327507683    8    6    2    2
 -0.0002712773097163955    8    6    3    1
 0.002041087086801176    8    6    3    2
 -0.01196614401105397    8    6    3    3
 0.0007259414089818881    8    6    4    1
 -0.00344721736142638    8    6    4    2
 0.00455605371613548    8    6    4    3
 -0.008499737031225712    8    6    4    4
 -0.001260397664696954    8    6    5    1
 -0.008268363430464271    8    6    5    2
 -0.00620121827654964    8    6    5    3
 0.01127631351793745    8    6    5    4
 -0.01042734045090675    8    6    5    5
 0.0006319021007005061    8    6    6    1
 -0.003474558045590937    8    6    6    2
 -0.008788034871846411    8    6    6    3
 -0.00839266308320756    8    6    6    4
 -0.004138110645484069    8    6    6    5
 -0.007652794131835093    8    6    6    6
 0.0009239381990365346    8    6    7    1
 0.003446885432048693    8    6    7    2
 0.001368521017495774    8    6    7    3
 0.002930095813392756    8    6    7    4
 0.006308074165939396    8    6    7    5
 -0.003221573587597774    8    6    7    6
 -0.01241666261057735    8    6    7    7
 -0.002492692438593627    8    6    8    1
 -0.008442698210427766    8    6    8    2
 0.003048605427787354    8    6    8    3
 0.006880287507548301    8    6    8    4
 -0.01012873251295065    8    6    8    5
 0.01428948808684372    8    6    8    6
 -0.0008000253271004731    8    7    1    1
 0.0009048364453503238    8    7    2    1
 0.006862923135355511    8    7    2    2
 0.0001386724044097142    8    7    3    1
 0.002984558879968156    8    7    3    2
 0.008399851798853523    8    7    3    3
 -0.0005317425641931868    8    7    4    1
 -0.003586798460529885    8    7    4    2
 0.000438597321206352    8    7    4    3
 0.001746458605516215    8    7    4    4
 -0.0009291770525224879    8    7    5    1
 -0.001531182921551795    8    7    5    2
 0.00576783944837965    8    7    5    3
 -0.002578831294498682    8    7    5    4
 0.001199929302668006    8    7    5    5
 0.0009037504525165729    8    7    6    1
 0.003443689740320807    8    7    6    2
 0.004445461137106942    8    7    6    3
 0.002223850919501061    8    7    6    4
 0.00782136871294957    8    7    6    5
 0.003866934316959065    8    7    6    6
 0.004779710334607441    8    7    7    1
 0.01414601630946899    8    7    7    2
 -0.007550516800719607    8    7    7    3
 0.002343400135138698    8    7    7    4
 0.009386910429981349    8    7    7    5
 -0.002465459093150765    8    7    7    6
 0.000309183550095453    8    7    7    7
 -0.001870347746900952    8    7    8    1
 -0.006919175630025766    8    7    8    2
 0.001805876192660271    8    7    8    3
 -0.0008988751603532016    8    7    8    4
 -0.004302072100078211    8    7    8    5
 0.004642244737028256    8    7    8    6
 0.0272581090267977    8    7    8    7
 0.874083577625357    8    8    1    1
 -0.009897987903193446    8    8    2    1
 0.5876671032238932    8    8    2    2
 0.002441721562436267    8    8    3    1
 -0.0659113969371283    8    8    3    2
 0.3511779697883922    8    8    3    3
 -0.0002550294433896281    8    8    4    1
 -0.006404252163267297    8    8    4    2
 -0.0671372620017887    8    8    4    3
 0.4462804703143807    8    8    4    4
 0.002239098945644701    8    8    5    1
 0.03791818322406255    8    8    5    2
 -0.0358966585323354    8    8    5    3
 -0.04187712706922719    8    8    5    4
 0.4026268158429634    8    8    5    5
 0.001539274369875862    8    8    6    1
 -0.03103250653882677    8    8    6    2
 -0.005455292896165648    8    8    6    3
 0.1050724351785171    8    8    6    4
 -0.006780251271510311    8    8    6    5
 0.3286961396280016    8    8    6    6
 0.001801085432058526    8    8    7    1
 -0.0003854510786359121    8    8    7    2
 0.01294326553263603    8    8    7    3
 -0.03418333073460576    8    8    7    4
 -0.01990088305816416    8    8    7    5
 0.05934341003868976    8    8    7    6
 0.5152456749780056    8    8    7    7
 0.007912168428366666    8    8    8    1
 0.04944708542869499    8    8    8    2
 -0.03149912625778455    8    8    8    3
 0.03133884412009413    8    8    8    4
 0.1377122857934246    8    8    8    5
 -0.01698740422096315    8    8    8    6
 -0.002445775610388566    8    8    8    7
 0.6152370439030939    8    8    8    8
 0.01713243570521952    9    1    1    1
 -0.001991747824906989    9    1    2    1
 0.001437072137641677    9    1    2    2
 0.0007116056736101446    9    1    3    1
 -0.0002825361696211024    9    1    3    2
 0.0002145496265038029    9    1    3    3
 4.390743204165245e-05    9    1    4    1
 0.0002463368931139102    9    1    4    2
 -0.0001954630803517459    9    1    4    3
 0.0004649415844372741    9    1    4    4
 0.00016151616845523    9    1    5    1
 0.001095766861485277    9    1    5    2
 -0.0001457253158930237    9    1    5    3
 -0.0001182532833939107    9    1    5    4
 0.0005696872410299922    9    1    5    5
 0.003235791453953112    9    1    6    1
 0.00358161214746695    9    1    6    2
 -0.0009142814092523722    9    1    6    3
 0.000226346750395232    9    1    6    4
 0.0006377039712131883    9    1    6    5
 -0.0007590805574568307    9    1    6    6
 0.01085748897975306    9    1    7    1
 0.01311516305508286    9    1    7    2
 -0.003500024403573524    9    1    7    3
 0.0001885247221882153    9    1    7    4
 0.002624892731925683    9    1    7    5
 -0.002109059949489673    9    1    7    6
 -0.002301489743539389    9    1    7    7
 0.002938858311748469    9    1    8    1
 0.004472089248579231    9    1    8    2
 -0.001301152192600859    9    1    8    3
 0.0002179718960491831    9    1    8    4
 0.001332418493408893    9    1    8    5
 0.000301271349202632    9    1    8    6
 0.003041642061735523    9    1    8    7
 0.00288574241770711    9    1    8    8
 0.008452642922311368    9    1    9    1
 -0.009771306123329188    9    2    1    1
 0.0007546755882844455    9    2    2    1
 0.001110562337697101    9    2    2    2
 -0.0001572256000686176    9    2    3    1
 0.0005434715317240183    9    2    3    2
 0.001062942795457486    9    2    3    3
 0.0002051057292180146    9    2    4    1
 0.0008360795432295065    9    2    4    2
 -0.001299799622024987    9    2    4    3
 0.001841586986107607    9    2    4    4
 0.0009070170511125105    9    2    5    1
 0.003454047284293163    9    2    5    2
 9.874612700117327e-05    9    2    5    3
 -0.0007962306633253591    9    2    5    4
 0.001127593166496862    9    2    5    5
 0.003180839558103322    9    2    6    1
 0.01415632150789153    9    2    6    2
 -0.005129322827527451    9    2    6    3
 0.001194043065643693    9    2    6    4
 0.002608229436928318    9    2    6    5
 -0.003190802381059827    9    2    6    6
 0.01181353588345699    9    2    7    1
 0.04752124985011404    9    2    7    2
 -0.02020597759351663    9    2    7    3
 0.003103837458021765    9    2    7    4
 0.009977663841482522    9    2    7    5
 -0.008659293684364083    9    2    7    6
 -0.0108067147407492    9    2    7    7
 0.004238257385185334    9    2    8    1
 0.01470685930103358    9    2    8    2
 -0.006064485967790861    9    2    8    3
 0.0008398882452150509    9    2    8    4
 0.002623436767439278    9    2    8    5
 0.0003306249076256646    9    2    8    6
 0.00949368061207246    9    2    8    7
 0.00506971583803036    9    2    8    8
 0.009236717844273113    9    2    9    1
 0.03785483809944992    9    2    9    2
 0.006359419439663131    9    3    1    1
 -0.0003179150388724534    9    3    2    1
 0.0006718090908202876    9    3    2    2
 6.75234380561811e-05    9    3    3    1
 0.0002047508392333607    9    3    3    2
 -0.0007469637484214743    9    3    3    3
 -0.0001280669541837468    9    3    4    1
 -0.002778382172621881    9    3    4    2
 -0.001652165634386811    9    3    4    3
 0.0001825321667746742    9    3    4    4
 -0.0002633329369076646    9    3    5    1
 -0.0003341836844920031    9    3    5    2
 -0.0007200774585432477    9    3    5    3
 0.0003715671613671252    9    3    5    4
 -0.0008482524329329789    9    3    5    5
 -0.001200857909534125    9    3    6    1
 -0.0097909530376332    9    3    6    2
 -0.004392212594324094    9    3    6    3
 0.0001046888887713208    9    3    6    4
 -0.001165258327547322    9    3    6    5
 -0.002429843901828369    9    3    6    6
 -0.004347834819696711    9    3    7    1
 -0.03073362667860307    9    3    7    2
 -0.01637296166900631    9    3    7    3
 4.413612148549366e-05    9    3    7    4
 -0.0003946649984436416    9    3    7    5
 -0.001687432159792238    9    3    7    6
 0.007014423452882459    9    3    7    7
 -0.001420147733528545    9    3    8    1
 -0.00794035863500457    9    3    8    2
 -0.005365358224027322    9    3    8    3
 0.0002670734400594544    9    3    8    4
 0.0007355652102000121    9    3    8    5
 -0.001599912842080243    9    3    8    6
 -0.004472394427767265    9    3    8    7
 -0.00152340476721611    9    3    8    8
 -0.003449387192782357    9    3    9    1
 -0.004394633993858452    9    3    9    2
 0.03665277849242397    9    3    9    3
 0.004268134217617081    9    4    1    1
 -2.162328551812973e-07    9    4    2    1
 0.002050048491736203    9    4    2    2
 2.11331424481007e-05    9    4    3    1
 -0.003575732638228364    9    4    3    2
 -0.00526260343094313    9    4    3    3
 -1.862354238176018e-05    9    4    4    1
 0.00403415821877513    9    4    4    2
 -0.002166484379917238    9    4    4    3
 0.0001051707224763744    9    4    4    4
 4.120255154529085e-05    9    4    5    1
 0.0001983095040118988    9    4    5    2
 0.001401782955072019    9    4    5    3
 -0.0005526983429881407    9    4    5    4
 -0.004521897955499917    9    4    5    5
 0.0002688098647063798    9    4    6    1
 0.003274655915125892    9    4    6    2
 -0.002255009680081645    9    4    6    3
 0.003583950552349026    9    4    6    4
 -0.001876039402760494    9    4    6    5
 0.0003307393183966819    9    4    6    6
 0.00104824286476263    9    4    7    1
 0.006645826585556378    9    4    7    2
 -0.003154853218376234    9    4    7    3
 0.004694480199233235    9    4    7    4
 -0.001669785103953092    9    4    7    5
 0.003791515602097331    9    4    7    6
 -0.002556825653716088    9    4    7    7
 0.000288526307667866    9    4    8    1
 0.001843023484763491    9    4    8    2
 -0.001913990900772412    9    4    8    3
 -0.0004404335853508713    9    4    8    4
 0.003428137113506679    9    4    8    5
 0.0003775441557853432    9    4    8    6
 1.623973420462954e-05    9    4    8    7
 0.0008766797647130718    9    4    8    8
 0.000840174267027281    9    4    9    1
 0.003614407732868469    9    4    9    2
 -0.001460448559220009    9    4    9    3
 0.009271180697462765    9    4    9    4
 0.01601683548751151    9    5    1    1
 -3.27675347895341e-05    9    5    2    1
 0.009402634669543681    9    5    2    2
 4.542858334859075e-05    9    5    3    1
 -0.002550564083831252    9    5    3    2
 -0.0006598785336532652    9    5    3    3
 5.283691483880926e-05    9    5    4    1
 -6.229506844342252e-05    9    5    4    2
 -0.001909345217039508    9    5    4    3
 0.00391833089319762    9    5    4    4
 3.425825678474295e-05    9    5    5    1
 0.001649186204947448    9    5    5    2
 -0.0003254526494276849    9    5    5    3
 -0.001876056422690544    9    5    5    4
 0.0006620472250332525    9    5    5    5
 0.0008263660150200238    9    5    6    1
 0.002417816416047154    9    5    6    2
 -0.001031175457618358    9    5    6    3
 0.002067463082489609    9    5    6    4
 -0.001595242835873777    9    5    6    5
 -0.002748690024725419    9    5    6    6
 0.002916595741670551    9    5    7    1
 0.01308642441441001    9    5    7    2
 0.0006882364196870744    9    5    7    3
 -0.00314512397906113    9    5    7    4
 -0.00290985162198543    9    5    7    5
 -0.003889796086912333    9    5    7    6
 0.003421125881823031    9    5    7    7
 0.0006592932154977993    9    5    8    1
 0.003977654951604788    9    5    8    2
 -0.001064579170538009    9    5    8    3
 0.0004182091646888192    9    5    8    4
 0.004163270342758561    9    5    8    5
 0.001394385308775668    9    5    8    6
 0.01048329995639672    9    5    8    7
 0.01289906267334318    9    5    8    8
 0.002237145127098747    9    5    9    1
 0.005842880155745014    9    5    9    2
 -0.005722873946925435    9    5    9    3
 0.0004930393523030171    9    5    9    4
 0.01550147668140441    9    5    9    5
 0.09937493841613078    9    6    1    1
 -0.001415373466785051    9    6    2    1
 0.04881435184545694    9    6    2    2
 0.0003668327765977    9    6    3    1
 -0.02032575949572066    9    6    3    2
 -0.01291356788398671    9    6    3    3
 8.43822935128401e-05    9    6    4    1
 0.006801431524500377    9    6    4    2
 -0.01585357009031356    9    6    4    3
 0.02271074021805881    9    6    4    4
 -0.0003939839699150946    9    6    5    1
 0.004313968462871028    9    6    5    2
 -0.004030566359471344    9    6    5    3
 -0.007237696655360556    9    6    5    4
 -0.0005318561589413969    9    6    5    5
 -0.000243983756862301    9    6    6    1
 -0.006694478888623664    9    6    6    2
 -0.01090821877324226    9    6    6    3
 0.01970948710303193    9    6    6    4
 -0.01211930291517382    9    6    6    5
 -0.002270560662060657    9    6    6    6
 -0.001860312620824886    9    6    7    1
 -0.01193819897054028    9    6    7    2
 0.0009948199467942759    9    6    7    3
 0.0009404649255017272    9    6    7    4
 -0.007758115130979966    9    6    7    5
 0.01201197268653694    9    6    7    6
 0.03915178553035275    9    6    7    7
 -0.000850696277540406    9    6    8    1
 0.002254960818788617    9    6    8    2
 -0.006758785556665539    9    6    8    3
 0.00111905849177398    9    6    8    4
 0.02570522323632824    9    6    8    5
 -0.001243936362372018    9    6    8    6
 -0.0009312212139998739    9    6    8    7
 0.04080563661912212    9    6    8    8
 -0.001453868717611392    9    6    9    1
 -0.003183100212308706    9    6    9    2
 0.009062313906144535    9    6    9    3
 0.002212259664185948    9    6    9    4
 0.003371684307308451    9    6    9    5
 0.02128829543746924    9    6    9    6
 0.3398880873880867    9    7    1    1
 -0.004852106793455958    9    7    2    1
 0.1625635058313991    9    7    2    2
 0.001187936391017181    9    7    3    1
 -0.06724221736427727    9    7    3    2
 -0.04231859724148773    9    7    3    3
 0.0006548574949625977    9    7    4    1
 0.01986760262577864    9    7    4    2
 -0.05125810496485673    9    7    4    3
 0.07168333280368756    9    7    4    4
 -0.001002964932146558    9    7    5    1
 0.02305024143724001    9    7    5    2
 -0.001924158309854475    9    7    5    3
 -0.02471751669586584    9    7    5    4
 -0.004571885730703521    9    7    5    5
 0.0005178191887898965    9    7    6    1
 -0.01528180656394246    9    7    6    2
 -0.02117402640468571    9    7    6    3
 0.05953216274928785    9    7    6    4
 -0.02995970162920663    9    7    6    5
 0.001227614336716531    9    7    6    6
 -0.002141170475824169    9    7    7    1
 -0.0163028640288895    9    7    7    2
 0.02166558338331406    9    7    7    3
 -0.01600039036827317    9    7    7    4
 -0.01180063761829222    9    7    7    5
 0.04347446586222048    9    7    7    6
 0.1288537493039711    9    7    7    7
 -0.001103166099873814    9    7    8    1
 0.01734372097548527    9    7    8    2
 -0.02459592876716449    9    7    8    3
 0.001185029755368254    9    7    8    4
 0.0934790671026286    9    7    8    5
 -0.004024690391078588    9    7    8    6
 -0.002358889921721729    9    7    8    7
 0.1359278085208811    9    7    8    8
 -0.001588530221796818    9    7    9    1
 -0.00828047067627115    9    7    9    2
 0.002637855054777588    9    7    9    3
 0.002235192152132115    9    7    9    4
 0.002992602295653608    9    7    9    5
 0.03609138024941779    9    7    9    6
 0.127750276947247    9    7    9    7
 0.10246652495423    9    8    1    1
 -0.001191048466623757    9    8    2    1
 0.05022952467697783    9    8    2    2
 0.0003748606523266431    9    8    3    1
 -0.01935462911277488    9    8    3    2
 -0.01107224070104451    9    8    3    3
 0.0001841785944789406    9    8    4    1
 0.005047271591706377    9    8    4    2
 -0.01481513106307963    9    8    4    3
 0.02121892413223047    9    8    4    4
 -0.0003060040219026325    9    8    5    1
 0.006962832001872531    9    8    5    2
 -0.001078761697157441    9    8    5    3
 -0.006488653005055707    9    8    5    4
 0.001603930486441668    9    8    5    5
 0.001306528078846688    9    8    6    1
 -0.000903364337243842    9    8    6    2
 -0.007662126192953541    9    8    6    3
 0.01683506945432937    9    8    6    4
 -0.004903587652500613    9    8    6    5
 0.0002669785690607678    9    8    6    6
 0.003759419613734376    9    8    7    1
 0.0103316226241414    9    8    7    2
 -0.0007871957395922471    9    8    7    3
 -0.004654490625328024    9    8    7    4
 0.00924290814402586    9    8    7    5
 0.009453763150054176    9    8    7    6
 0.03035713572567746    9    8    7    7
 0.000405091338624258    9    8    8    1
 0.008236374779420264    9    8    8    2
 -0.008608724097044605    9    8    8    3
 0.0008240986048633935    9    8    8    4
 0.03072760612333618    9    8    8    5
 0.002824902571278402    9    8    8    6
 0.01284880592613795    9    8    8    7
 0.0490687751828728    9    8    8    8
 0.002843083036115762    9    8    9    1
 0.008718725858738972    9    8    9    2
 -0.0008932206065468124    9    8    9    3
 0.002723220865595145    9    8    9    4
 0.002028201060618278    9    8    9    5
 0.007121639846411172    9    8    9    6
 0.03233688411782753    9    8    9    7
 0.02580982107406144    9    8    9    8
 0.5079048924930748    9    9    1    1
 -0.003476025415405886    9    9    2    1
 0.4001828257269858    9    9    2    2
 0.00136159123559284    9    9    3    1
 0.001264409202119203    9    9    3    2
 0.3747663789604938    9    9    3    3
 -0.0009979342545202979    9    9    4    1
 -0.02223077658013701    9    9    4    2
 -0.007200338769726373    9    9    4    3
 0.3485683705894346    9    9    4    4
 -0.00104416761993377    9    9    5    1
 0.006984295573765668    9    9    5    2
 -0.01155614483645826    9    9    5    3
 -0.0124024953402576    9    9    5    4
 0.3636113382666925    9    9    5    5
 -0.0001290013488292247    9    9    6    1
 -0.01643986781199571    9    9    6    2
 0.02387438627231792    9    9    6    3
 0.03290128630544716    9    9    6    4
 0.02475515161185187    9    9    6    5
 0.3273202823316507    9    9    6    6
 -0.0001388863679861409    9    9    7    1
 -0.0002830232014430358    9    9    7    2
 -0.003922646812356492    9    9    7    3
 -0.01516661330939962    9    9    7    4
 -0.007360303220723246    9    9    7    5
 0.0232081050125949    9    9    7    6
 0.4012657965224216    9    9    7    7
 -0.002265383118122459    9    9    8    1
 -0.0004892409251359609    9    9    8    2
 0.001448034802091496    9    9    8    3
 0.02099476723017328    9    9    8    4
 0.01203460732855727    9    9    8    5
 -0.005950540172520622    9    9    8    6
 0.009189098917924535    9    9    8    7
 0.3840315149110374    9    9    8    8
 -0.000581642726080653    9    9    9    1
 -0.00378712900964139    9    9    9    2
 0.0006563204608153433    9    9    9    3
 -0.002513334963149981    9    9    9    4
 0.0009332913266958094    9    9    9    5
 0.007405496655894368    9    9    9    6
 0.02866243717247489    9    9    9    7
 0.009443783920080322    9    9    9    8
 0.3687155949752816    9    9    9    9
 -0.01706054581504377   10    1    1    1
 0.002173106330351207   10    1    2    1
 -0.000858733074690795   10    1    2    2
 -0.0007762189840655828   10    1    3    1
 0.0001041656037727169   10    1    3    2
 -9.945422847272682e-05   10    1    3    3
 0.0002723539348845947   10    1    4    1
 0.0002152040934234355   10    1    4    2
 1.048123516309881e-05   10    1    4    3
 -0.0002445872971804062   10    1    4    4
 6.896240324246691e-05   10    1    5    1
 -0.0007539924900649697   10    1    5    2
 0.0001124563714568503   10    1    5    3
 0.000118977432256292   10    1    5    4
 -0.0003930341368620108   10    1    5    5
 -0.001519104739950015   10    1    6    1
 -0.001375646274126656   10    1    6    2
 0.0003328562216265838   10    1    6    3
 -0.0001509069898141669   10    1    6    4
 -0.000224339979742023   10    1    6    5
 0.0002415539879387727   10    1    6    6
 -0.005080398290946361   10    1    7    1
 -0.005838739565526816   10    1    7    2
 0.001540559544036162   10    1    7    3
 -0.0001182560474005678   10    1    7    4
 -0.001142331711280473   10    1    7    5
 0.0008768845467243954   10    1    7    6
 0.0009006730328982068   10    1    7    7
 -0.001164372638640278   10    1    8    1
 -0.002309932705660706   10    1    8    2
 0.0006869219696667085   10    1    8    3
 -9.002087331676481e-05   10    1    8    4
 -0.0007694975454209639   10    1    8    5
 -7.205438671330832e-05   10    1    8    6
 -0.001350160757416856   10    1    8    7
 -0.001628069053969146   10    1    8    8
 -0.00390421275812668   10    1    9    1
 -0.004114123321508643   10    1    9    2
 0.00157978463852733   10    1    9    3
 -0.0004062811215572238   10    1    9    4
 -0.001010939264651091   10    1    9    5
 0.0006254307838675036   10    1    9    6
 0.0006408002989308017   10    1    9    7
 -0.001310623948320384   10    1    9    8
 0.0001739120910190486   10    1    9    9
 0.001843335890147924   10    1   10    1
 0.01408858731655982   10    2    1    1
 -0.0005753841799549338   10    2    2    1
 0.003828334856073454   10    2    2    2
 0.0001112171325495044   10    2    3    1
 -0.001535228011915889   10    2    3    2
 -0.0002330602153473453   10    2    3    3
 0.0001239234272310857   10    2    4    1
 0.0005510053362653271   10    2    4    2
 0.0004860970034089924   10    2    4    3
 -0.0002435206551162413   10    2    4    4
 -0.0005985224282542529   10    2    5    1
 -0.001158261260800164   10    2    5    2
 0.00032578992627973   10    2    5    3
 0.0003233991323482276   10    2    5    4
 1.198828968504692e-05   10    2    5    5
 -0.001010030064686258   10    2    6    1
 -0.003162668770918509   10    2    6    2
 0.003919516846412779   10    2    6    3
 -0.001473878479135233   10    2    6    4
 -0.001079674045373117   10    2    6    5
 0.001283028390780019   10    2    6    6
 -0.004393392849002151   10    2    7    1
 -0.009259598377756443   10    2    7    2
 0.01490655567123175   10    2    7    3
 -0.006917154420169496   10    2    7    4
 -0.005098240480833668   10    2    7    5
 0.003864879613483209   10    2    7    6
 0.01042802951230637   10    2    7    7
 -0.001984583276452575   10    2    8    1
 -0.003880201504345808   10    2    8    2
 0.003709779859154676   10    2    8    3
 -0.001007254900462541   10    2    8    4
 0.0001008847426061026   10    2    8    5
 -0.0003463201679194489   10    2    8    6
 -0.005004426406663701   10    2    8    7
 0.0001372481848426183   10    2    8    8
 -0.003462485413548363   10    2    9    1
 -0.01663118026730794   10    2    9    2
 -0.006268648108870407   10    2    9    3
 0.0002053525783624988   10    2    9    4
 -0.0003448337681414627   10    2    9    5
 -0.0001204606694079171   10    2    9    6
 0.004963701807636081   10    2    9    7
 -0.002470369538778141   10    2    9    8
 0.003506536421449062   10    2    9    9
 0.001535453132880918   10    2   10    1
 0.01336492841341492   10    2   10    2
 -0.008606187172163951   10    3    1    1
 0.0002707013839720238   10    3    2    1
 -0.003247552765494795   10    3    2    2
 -6.704929570853652e-05   10    3    3    1
 -0.0006864909745996653   10    3    3    2
 -0.001982768515583369   10    3    3    3
 7.339869824125033e-05   10    3    4    1
 0.003073571281506496   10    3    4    2
 0.001609457977801229   10    3    4    3
 -0.002633435396456032   10    3    4    4
 0.0001718998378463952   10    3    5    1
 0.0004868230768251459   10    3    5    2
 0.002949703832189098   10    3    5    3
 -0.0001222824796354904   10    3    5    4
 -0.003256263886269773   10    3    5    5
 0.0006029419106639069   10    3    6    1
 0.007782341193004976   10    3    6    2
 0.005098261382897716   10    3    6    3
 -0.001054512496383444   10    3    6    4
 7.543758723242561e-05   10    3    6    5
 0.0001563531591945845   10    3    6    6
 0.002221304373729779   10    3    7    1
 0.02204095854163588   10    3    7    2
 0.01567415552424896   10    3    7    3
 -0.004342568257863669   10    3    7    4
 -0.001625753173712419   10    3    7    5
 0.001338034528045338   10    3    7    6
 -0.004532049725053815   10    3    7    7
 0.0007910872670282741   10    3    8    1
 0.005253130955073911   10    3    8    2
 0.004052265795238889   10    3    8    3
 -0.002266706129343567   10    3    8    4
 -0.0001323758195773928   10    3    8    5
 0.0004537034977082076   10    3    8    6
 0.001513892942983536   10    3    8    7
 -0.003058210745892221   10    3    8    8
 0.00180904167089816   10    3    9    1
 -0.000794455873828867   10    3    9    2
 -0.0248167363549216   10    3    9    3
 0.004492235174197939   10    3    9    4
 0.005430410948084247   10    3    9    5
 -0.006685160007053134   10    3    9    6
 -0.002560932762015529   10    3    9    7
 0.0004063419820575675   10    3    9    8
 -0.00151928825833763   10    3    9    9
 -0.0008495996579803058   10    3   10    1
 0.01153943567216643   10    3   10    2
 0.03201537979337619   10    3   10    3
 0.004969906227714972   10    4    1    1
 -0.0001515067462549867   10    4    2    1
 0.001987101627002805   10    4    2    2
 5.095416076116153e-05   10    4    3    1
 0.003262497294571425   10    4    3    2
 0.006715300280562929   10    4    3    3
 -0.0001020009697010371   10    4    4    1
 -0.005717005671256662   10    4    4    2
 0.0008788407805568208   10    4    4    3
 0.001946141964704831   10    4    4    4
 -5.176865394674414e-06   10    4    5    1
 0.001645354807727657   10    4    5    2
 0.0004104048286211155   10    4    5    3
 0.0001510149427851933   10    4    5    4
 0.004523521253594146   10    4    5    5
 -0.0003253291574112198   10    4    6    1
 -0.005448878383594704   10    4    6    2
 0.002615207864982776   10    4    6    3
 0.0001548304152856189   10    4    6    4
 0.002653285997492581   10    4    6    5
 0.00311206220238398   10    4    6    6
 -0.001053573523642954   10    4    7    1
 -0.01201137253404095   10    4    7    2
 -0.004237941374344911   10    4    7    3
 0.0008326844611229545   10    4    7    4
 -0.0005029596002778244   10    4    7    5
 -0.0001586910622766882   10    4    7    6
 0.003107841373961328   10    4    7    7
 -0.0002416589861684997   10    4    8    1
 -0.002213732982513491   10    4    8    2
 -0.002137764554408437   10    4    8    3
 0.002954609729916917   10    4    8    4
 -0.001106702091340362   10    4    8    5
 0.000548024246346294   10    4    8    6
 0.001443616763305773   10    4    8    7
 0.003219444047876613   10    4    8    8
 -0.0008404418931433436   10    4    9    1
 -0.001279729593488377   10    4    9    2
 0.009259718350201314   10    4    9    3
 -0.003855591525699148   10    4    9    4
 -0.0001263028965064823   10    4    9    5
 -0.001317635119101839   10    4    9    6
 -0.0002301822492413226   10    4    9    7
 -0.002682015916883385   10    4    9    8
 0.004646634770052163   10    4    9    9
 0.0003898758500942004   10    4   10    1
 -0.004345671646133599   10    4   10    2
 -0.007333094172093858   10    4   10    3
 0.009272429121349854   10    4   10    4
 -0.006291798119677959   10    5    1    1
 -4.258454039539138e-06   10    5    2    1
 -0.002692414081546633   10    5    2    2
 -3.598698055320643e-05   10    5    3    1
 0.001070786288319051   10    5    3    2
 0.002403194985558563   10    5    3    3
 4.249150334364402e-05   10    5    4    1
 0.0007733528348995389   10    5    4    2
 0.0005223681616012767   10    5    4    3
 -0.0002571855368613429   10    5    4    4
 -1.423697203235889e-05   10    5    5    1
 -0.001603311808845593   10    5    5    2
 -0.001384177544502141   10    5    5    3
 0.0006881357656899626   10    5    5    4
 0.001375044588924654   10    5    5    5
 -0.0003333096790879799   10    5    6    1
 -0.001242536063217257   10    5    6    2
 -0.0008662029089131784   10    5    6    3
 4.171355177973709e-05   10    5    6    4
 0.0009501949440917008   10    5    6    5
 0.001155290041883045   10    5    6    6
 -0.001322811188676156   10    5    7    1
 -0.007210056489523977   10    5    7    2
 -0.002647586796899929   10    5    7    3
 0.0008717872329529974   10    5    7    4
 0.001762076504984035   10    5    7    5
 0.002102923172311751   10    5    7    6
 -0.0009162168505233604   10    5    7    7
 -0.0002511753175176677   10    5    8    1
 -0.002173455174346306   10    5    8    2
 0.0007582056584119175   10    5    8    3
 -3.466581526657266e-05   10    5    8    4
 -0.001951557317432226   10    5    8    5
 -0.0005290808803062996   10    5    8    6
 -0.003732224636211912   10    5    8    7
 -0.003703659004209229   10    5    8    8
 -0.001005208358645797   10    5    9    1
 -0.001650046823735111   10    5    9    2
 0.005871691474389226   10    5    9    3
 0.0008186661891057309   10    5    9    4
 -0.004286034899995662   10    5    9    5
 -0.0007725688025087739   10    5    9    6
 -0.0006849756106244815   10    5    9    7
 -0.002586380192620842   10    5    9    8
 -0.0004257880740118159   10    5    9    9
 0.0004603989886708198   10    5   10    1
 -0.00148078360187188   10    5   10    2
 -0.004504004251878046   10    5   10    3
 0.001824193370365735   10    5   10    4
 0.009102249524633021   10    5   10    5
 -0.03089331487840634   10    6    1    1
 0.0006502784783728734   10    6    2    1
 -0.008000394947904251   10    6    2    2
 -9.713695209108346e-05   10    6    3    1
 0.01121040037788116   10    6    3    2
 0.01606727020237883   10    6    3    3
 -0.0002784767126354006   10    6    4    1
 -0.008720172740550303   10    6    4    2
 0.005320585786028818   10    6    4    3
 -0.0006641365407175008   10    6    4    4
 0.0001653858729181522   10    6    5    1
 -0.002595071281434432   10    6    5    2
 -0.002401869568993788   10    6    5    3
 0.001856430049021271   10    6    5    4
 0.0104386087487673   10    6    5    5
 -4.725592839178198e-05   10    6    6    1
 -0.0004947464512581409   10    6    6    2
 0.005394376190180176   10    6    6    3
 -0.004232988708391948   10    6    6    4
 0.00682765414470642   10    6    6    5
 0.003936492366590027   10    6    6    6
 0.0007935871387781833   10    6    7    1
 0.005264244336646697   10    6    7    2
 0.0008485607640970869   10    6    7    3
 -0.0007118273579951872   10    6    7    4
 0.003244574502358539   10    6    7    5
 -0.003168485238383004   10    6    7    6
 -0.004061118942382955   10    6    7    7
 0.00018371485824497   10    6    8    1
 -0.002633748133658104   10    6    8    2
 0.004388472628865484   10    6    8    3
 0.003341114814496223   10    6    8    4
 -0.01074211696742453   10    6    8    5
 0.001101298996058965   10    6    8    6
 0.001457353438103117   10    6    8    7
 -0.007320893318406094   10    6    8    8
 0.0005642320893737122   10    6    9    1
 0.0006552248959632116   10    6    9    2
 -0.005084967796465125   10    6    9    3
 -0.003669338564421989   10    6    9    4
 -0.001141844010072524   10    6    9    5
 -0.005095086700891158   10    6    9    6
 -0.01654758574168831   10    6    9    7
 -0.0035324177374503   10    6    9    8
 0.002931827316672432   10    6    9    9
 -0.0002493092044166965   10    6   10    1
 0.0006341191229135443   10    6   10    2
 0.004789697947003228   10    6   10    3
 -0.0001810885569152449   10    6   10    4
 0.001936199562297134   10    6   10    5
 0.01042623736741037   10    6   10    6
 -0.1020707800362482   10    7    1    1
 0.002389611041895188   10    7    2    1
 -0.01641119260582581   10    7    2    2
 -0.0003360160238545484   10    7    3    1
 0.03529654763547287   10    7    3    2
 0.05557907904599971   10    7    3    3
 -0.001082196942254826   10    7    4    1
 -0.0262212914213143   10    7    4    2
 0.009873366247546924   10    7    4    3
 0.003996462495986162   10    7    4    4
 0.0003666814971693576   10    7    5    1
 -0.01083814154328558   10    7    5    2
 -0.005014929612339054   10    7    5    3
 0.001838030884980601   10    7    5    4
 0.0349810197866581   10    7    5    5
 -0.0004663965514094205   10    7    6    1
 0.001224030808552872   10    7    6    2
 0.01734113671301156   10    7    6    3
 -0.005722507504630605   10    7    6    4
 0.02358029745850081   10    7    6    5
 0.01425646087192091   10    7    6    6
 0.001958315718949225   10    7    7    1
 0.01797831640187579   10    7    7    2
 -0.009404336810822738   10    7    7    3
 -0.003303498926771947   10    7    7    4
 0.001163359973668827   10    7    7    5
 -0.008690686594619962   10    7    7    6
 -0.006761965609520245   10    7    7    7
 -8.644500510323588e-05   10    7    8    1
 -0.01442920772902508   10    7    8    2
 0.01087501325899358   10    7    8    3
 0.01037172364721589   10    7    8    4
 -0.03327715940756833   10    7    8    5
 -2.479136867204e-05   10    7    8    6
 0.004335034663171729   10    7    8    7
 -0.02151857284116126   10    7    8    8
 0.001226410768697719   10    7    9    1
 0.004933188107256344   10    7    9    2
 -0.004284990307585028   10    7    9    3
 -0.0008204763629299349   10    7    9    4
 0.0008328694073367988   10    7    9    5
 -0.01629855570266745   10    7    9    6
 -0.05330709098949132   10    7    9    7
 -0.01310606256755835   10    7    9    8
 0.01055544751661195   10    7    9    9
 -0.0005329666746798262   10    7   10    1
 -0.000852410367440487   10    7   10    2
 0.002765724731442854   10    7   10    3
 0.0006394684853103815   10    7   10    4
 -1.36879466965827e-05   10    7   10    5
 0.01316956900615077   10    7   10    6
 0.05337964097502198   10    7   10    7
 -0.03259067617564138   10    8    1    1
 0.0005031332679481627   10    8    2    1
 -0.008004878099129703   10    8    2    2
 -0.0001531981916311636   10    8    3    1
 0.009057781472679086   10    8    3    2
 0.01295832921365736   10    8    3    3
 -0.0001535366765462537   10    8    4    1
 -0.005561943709497792   10    8    4    2
 0.001833624970334713   10    8    4    3
 0.0006070833988100007   10    8    4    4
 0.0001874439788933908   10    8    5    1
 -0.002926561859184219   10    8    5    2
 -0.0004153064758913337   10    8    5    3
 0.0003648994356079229   10    8    5    4
 0.006264133258065789   10    8    5    5
 -0.000667756782688155   10    8    6    1
 -0.001670551236553187   10    8    6    2
 0.004821810056425739   10    8    6    3
 -0.0003928468277197213   10    8    6    4
 0.00454735299616354   10    8    6    5
 0.003473227255431558   10    8    6    6
 -0.001825777562178545   10    8    7    1
 -0.007025212057221076   10    8    7    2
 -0.0008773088255764147   10    8    7    3
 0.001876298487939079   10    8    7    4
 -0.004066618414924165   10    8    7    5
 -0.0006887822314836722   10    8    7    6
 -0.001707656805016349   10    8    7    7
 -0.0001303419219323319   10    8    8    1
 -0.005884567399026595   10    8    8    2
 0.002599557574671302   10    8    8    3
 0.002963665524556047   10    8    8    4
 -0.009824928776563904   10    8    8    5
 -0.001543822503613373   10    8    8    6
 -0.004710660862116457   10    8    8    7
 -0.01130568956397332   10    8    8    8
 -0.001378953450615675   10    8    9    1
 -0.003513115155287078   10    8    9    2
 0.002191249650340019   10    8    9    3
 -0.002871641203449428   10    8    9    4
 -0.003648631377539332   10    8    9    5
 -0.002538490803963633   10    8    9    6
 -0.01254514205975236   10    8    9    7
 -0.009546580045906397   10    8    9    8
 0.001205158758191217   10    8    9    9
 0.0006335988981435862   10    8   10    1
 -0.0006708008664138289   10    8   10    2
 -0.002099489336643951   10    8   10    3
 0.003325647002840727   10    8   10    4
 -0.001285439313416233   10    8   10    5
 0.003136468235271208   10    8   10    6
 0.01181877188570671   10    8   10    7
 0.009003933834974054   10    8   10    8
 -0.1689701389581251   10    9    1    1
 0.00161518669314928   10    9    2    1
 -0.1207425576345351   10    9    2    2
 -0.0005818596247520723   10    9    3    1
 0.006816420851312823   10    9    3    2
 -0.05998798668308203   10    9    3    3
 0.0003962910564958879   10    9    4    1
 0.01497372305288949   10    9    4    2
 0.02912706314795412   10    9    4    3
 -0.07234161976562467   10    9    4    4
 0.000490806118040492   10    9    5    1
 -0.003601990708758732   10    9    5    2
 0.01237397221671281   10    9    5    3
 0.01918691443434907   10    9    5    4
 -0.05611240096859501   10    9    5    5
 0.0001029449537800522   10    9    6    1
 0.01085460904304144   10    9    6    2
 -0.009139201703757142   10    9    6    3
 -0.04583086692108782   10    9    6    4
 -0.01098364702741833   10    9    6    5
 -0.02519457636402674   10    9    6    6
 0.0003031247204514382   10    9    7    1
 -0.002037386069468188   10    9    7    2
 -0.003419389182547447   10    9    7    3
 0.01708114995181052   10    9    7    4
 0.009006405943396257   10    9    7    5
 -0.02666546171912451   10    9    7    6
 -0.1091171985839519   10    9    7    7
 0.001101108889229555   10    9    8    1
 0.003560803107680169   10    9    8    2
 0.003505405497762838   10    9    8    3
 -0.0179333915677131   10    9    8    4
 -0.03196615055281517   10    9    8    5
 0.004791468205528104   10    9    8    6
 -0.005416439294717397   10    9    8    7
 -0.09645291891675917   10    9    8    8
 0.0004421895317585508   10    9    9    1
 0.002428654654838382   10    9    9    2
 0.0008812557792718694   10    9    9    3
 0.001661535126055118   10    9    9    4
 -0.002729785324780751   10    9    9    5
 -0.01041648375640436   10    9    9    6
 -0.03286597031576258   10    9    9    7
 -0.008894263650365887   10    9    9    8
 -0.04773515133326738   10    9    9    9
 -0.0001607098899809688   10    9   10    1
 -0.002314442985019209   10    9   10    2
 2.364038502309733e-05   10    9   10    3
 -0.002683874827166945   10    9   10    4
 8.665804978925122e-05   10    9   10    5
 -0.008184016494842076   10    9   10    6
 -0.03274077023205307   10    9   10    7
 -0.008860708245884636   10    9   10    8
 0.08548843912020321   10    9   10    9
 0.327886217584432   10   10    1    1
 -0.0004582659732389816   10   10    2    1
 0.333781466966999   10   10    2    2
 0.0007395813726480473   10   10    3    1
 0.04580842486509946   10   10    3    2
 0.4166137580180465   10   10    3    3
 -0.001847346879883087   10   10    4    1
 -0.04741271715185694   10   10    4    2
 0.01375253929612977   10   10    4    3
 0.3279023914796119   10   10    4    4
 -0.0005164319349257448   10   10    5    1
 -0.007159885271452316   10   10    5    2
 -0.01182887396023708   10   10    5    3
 -0.001848437264459464   10   10    5    4
 0.3824152799107644   10   10    5    5
 -0.0008456454952890211   10   10    6    1
 -0.01247876587566344   10   10    6    2
 0.04034267099615031   10   10    6    3
 0.007916769535011404   10   10    6    4
 0.04705787228590712   10   10    6    5
 0.3363909356728355   10   10    6    6
 0.0007111713777274276   10   10    7    1
 0.01265501288828352   10   10    7    2
 -0.01358640989313834   10   10    7    3
 -0.01200371338693215   10   10    7    4
 -0.003836054686408001   10   10    7    5
 0.002828739463804555   10   10    7    6
 0.3536127266484559   10   10    7    7
 -0.002181784387678885   10   10    8    1
 -0.01789672184921098   10   10    8    2
 0.01416931345139131   10   10    8    3
 0.02721140289080041   10   10    8    4
 -0.03931242666315002   10   10    8    5
 -0.00336211567243582   10   10    8    6
 0.01029544303873687   10   10    8    7
 0.3210296009375558   10   10    8    8
 -0.0001089875674922823   10   10    9    1
 -0.0007032257099643353   10   10    9    2
 -0.002340971310811274   10   10    9    3
 -0.0054111000707604   10   10    9    4
 -0.000164988021922961   10   10    9    5
 -0.01506864640230225   10   10    9    6
 -0.0475149609221709   10   10    9    7
 -0.01267814530647073   10   10    9    8
 0.3649322145139917   10   10    9    9
 1.960631457298726e-06   10   10   10    1
 0.00192239685976418   10   10   10    2
 0.0006891118227991005   10   10   10    3
 0.006432984541400805   10   10   10    4
 0.0005431661394960672   10   10   10    5
 0.01815848802509752   10   10   10    6
 0.06225290669385122   10   10   10    7
 0.01452097324438878   10   10   10    8
 -0.05592239761771278   10   10   10    9
 0.4272771982759719   10   10   10   10
 -0.220694220859789   11    1    1    1
 0.03137292081265384   11    1    2    1
 -0.001071310048605455   11    1    2    2
 -0.008830592360373788   11    1    3    1
 0.002711100457382114   11    1    3    2
 0.0003639213559596824   11    1    3    3
 0.0001252378328664019   11    1    4    1
 -0.002411839277099749   11    1    4    2
 0.0009202087130637727   11    1    4    3
 -0.0001084340124063874   11    1    4    4
 0.00289216680309455   11    1    5    1
 -0.006613056235502937   11    1    5    2
 0.001693105573129594   11    1    5    3
 -0.0001218069731222268   11    1    5    4
 -0.001282212678595225   11    1    5    5
 -0.004020520375518704   11    1    6    1
 0.001155177369717489   11    1    6    2
 -0.0005230662320781257   11    1    6    3
 -0.0001994125128883799   11    1    6    4
 0.001662867801175764   11    1    6    5
 0.000107307160605162   11    1    6    6
 0.001525352695663287   11    1    7    1
 0.00679598024441484   11    1    7    2
 -0.002228688766417648   11    1    7    3
 0.0005143336954522335   11    1    7    4
 0.002105649219564717   11    1    7    5
 -0.001843139632496069   11    1    7    6
 -0.003551974239772188   11    1    7    7
 -0.0008409564613572952   11    1    8    1
 -0.0129674757497774   11    1    8    2
 0.004881931284120453   11    1    8    3
 -0.001144657226607923   11    1    8    4
 -0.006290793535554946   11    1    8    5
 0.002100878370621321   11    1    8    6
 0.003151833852439757   11    1    8    7
 -0.01049269978282906   11    1    8    8
 0.0003819132522773774   11    1    9    1
 0.001998517198362366   11    1    9    2
 -0.0008452839581539945   11    1    9    3
 0.0001784569874840149   11    1    9    4
 0.0005434799327599481   11    1    9    5
 -0.001169562841440301   11    1    9    6
 -0.003641882980569166   11    1    9    7
 9.93170916422333e-05   11    1    9    8
 -0.001192201438632338   11    1    9    9
 0.0006382069698585134   11    1   10    1
 -0.0007710509483672148   11    1   10    2
 0.000481879315881974   11    1   10    3
 -0.0003038330371659194   11    1   10    4
 -0.0002877925939801725   11    1   10    5
 0.0006406911511979552   11    1   10    6
 0.002442205694367174   11    1   10    7
 -0.0001288050042184093   11    1   10    8
 0.0005848578079738555   11    1   10    9
 0.001273015064350248   11    1   10   10
 0.0248140546040936   11    1   11    1
 0.2644655049816688   11    2    1    1
 -0.005710344036627601   11    2    2    1
 0.108380061494322   11    2    2    2
 0.003008115381264459   11    2    3    1
 -0.03035135414503569   11    2    3    2
 0.003332442414913985   11    2    3    3
 -0.001755763684972424   11    2    4    1
 -0.000578129329237584   11    2    4    2
 -0.01013026148164716   11    2    4    3
 0.0389600075309715   11    2    4    4
 -0.005959990388015276   11    2    5    1
 -0.001501092603764989   11    2    5    2
 -0.0003501180450099551   11    2    5    3
 -0.007741719964536767   11    2    5    4
 0.0106585205318388   11    2    5    5
 0.001664631726261024   11    2    6    1
 -0.01262238247192532   11    2    6    2
 -0.006455298803956479   11    2    6    3
 0.02445420384303233   11    2    6    4
 -0.009716064709397463   11    2    6    5
 0.014801717562096   11    2    6    6
 0.005974854511055398   11    2    7    1
 0.01262743925524077   11    2    7    2
 0.0006097822760270662   11    2    7    3
 -0.005957668930684967   11    2    7    4
 -2.381495259244221e-05   11    2    7    5
 0.01619920085406745   11    2    7    6
 0.0740583237698018   11    2    7    7
 -0.01240629484328284   11    2    8    1
 -0.01915867964994975   11    2    8    2
 0.0006967681388906289   11    2    8    3
 0.001376727816969059   11    2    8    4
 0.03542871547773302   11    2    8    5
 0.006456512628002276   11    2    8    6
 0.007699045739048779   11    2    8    7
 0.0721988805883122   11    2    8    8
 0.001930524245993308   11    2    9    1
 0.002800256003779173   11    2    9    2
 -0.0004689887865803166   11    2    9    3
 0.001536027014665705   11    2    9    4
 0.004484132500523604   11    2    9    5
 0.01584695321569644   11    2    9    6
 0.05715837987448626   11    2    9    7
 0.02091299948646311   11    2    9    8
 0.03478911137862344   11    2    9    9
 -0.0009239158145430345   11    2   10    1
 0.001514140176218045   11    2   10    2
 -0.0006056116726331459   11    2   10    3
 3.171881394044689e-05   11    2   10    4
 -0.002377728412972395   11    2   10    5
 -0.007078925197724984   11    2   10    6
 -0.02685236192707744   11    2   10    7
 -0.01081083217161686   11    2   10    8
 -0.01039748170246596   11    2   10    9
 -0.004304495672285886   11    2   10   10
 0.003879946249627361   11    2   11    1
 0.07641279388358174   11    2   11    2
 -0.07357122399143796   11    3    1    1
 0.001414460599337975   11    3    2    1
 -0.04416647432730831   11    3    2    2
 -0.0006857765040529721   11    3    3    1
 0.004559175430875937   11    3    3    2
 0.01724169427679087   11    3    3    3
 0.0003466063045526302   11    3    4    1
 0.01776522110598834   11    3    4    2
 0.02062247267390621   11    3    4    3
 -0.01626732516824315   11    3    4    4
 0.001691309214104702   11    3    5    1
 -0.0002450886241035083   11    3    5    2
 0.003147231803243573   11    3    5    3
 0.005404162135593033   11    3    5    4
 -0.00993464410742783   11    3    5    5
 -0.0005430403027253224   11    3    6    1
 0.009165472905955223   11    3    6    2
 0.005196103183880444   11    3    6    3
 -0.008037187303132421   11    3    6    4
 0.0005568325581581398   11    3    6    5
 -0.001631553487052105   11    3    6    6
 -0.001761681923903926   11    3    7    1
 -0.008921555510790566   11    3    7    2
 -0.005493840873867651   11    3    7    3
 0.003727566822353342   11    3    7    4
 -0.0001966811232094482   11    3    7    5
 -0.008244181725051552   11    3    7    6
 -0.03101496478230926   11    3    7    7
 0.003478722130956775   11    3    8    1
 0.01061651738186086   11    3    8    2
 0.006859627150052399   11    3    8    3
 -0.005286478308553297   11    3    8    4
 -0.01122324423458326   11    3    8    5
 -0.003124539605821268   11    3    8    6
 -0.003439316597938924   11    3    8    7
 -0.02381318006247171   11    3    8    8
 -0.0006236450872597072   11    3    9    1
 -0.00123025443292786   11    3    9    2
 8.961892117114526e-05   11    3    9    3
 0.0005355236908462763   11    3    9    4
 -0.001754677001328395   11    3    9    5
 -0.004383027742179737   11    3    9    6
 -0.01545698752277441   11    3    9    7
 -0.006358696122384738   11    3    9    8
 -0.008971829733062705   11    3    9    9
 0.0002912438139863372   11    3   10    1
 -0.0005927436116956859   11    3   10    2
 0.0006975376613984489   11    3   10    3
 -0.0009925964347618727   11    3   10    4
 0.001352478429239215   11    3   10    5
 -0.001529236018049558   11    3   10    6
 -0.005056291065845356   11    3   10    7
 8.004680841391693e-05   11    3   10    8
 0.01849935833650312   11    3   10    9
 -0.009569654009431404   11    3   10   10
 -0.001211480312308999   11    3   11    1
 -0.01159630553583946   11    3   11    2
 0.0286046472161774   11    3   11    3
 -0.01942921217354594   11    4    1    1
 0.0002725146491372483   11    4    2    1
 0.004518802542964068   11    4    2    2
 -0.0005013023138984785   11    4    3    1
 0.03034040920787982   11    4    3    2
 0.06738100605122448   11    4    3    3
 0.001578634210504035   11    4    4    1
 -0.02932761835701083   11    4    4    2
 0.01591316310299555   11    4    4    3
 0.01154492553314706   11    4    4    4
 -0.0004878820422248972   11    4    5    1
 0.001676936452422835   11    4    5    2
 -0.0006731809434116406   11    4    5    3
 0.004357675658346567   11    4    5    4
 0.05027355802575056   11    4    5    5
 0.0009362486304440073   11    4    6    1
 -0.005818955849609905   11    4    6    2
 0.02319923779835577   11    4    6    3
 -0.01355629469132866   11    4    6    4
 0.02595461631021438   11    4    6    5
 0.02928095822299235   11    4    6    6
 6.509773955927006e-05   11    4    7    1
 0.004923015906470717   11    4    7    2
 -0.008478795492559858   11    4    7    3
 -0.002660479976464968   11    4    7    4
 5.546333348593682e-05   11    4    7    5
 -0.004427258639086256   11    4    7    6
 0.02228479438100851   11    4    7    7
 -0.0002293121475088066   11    4    8    1
 -0.003404377974269669   11    4    8    2
 0.002584817946170974   11    4    8    3
 0.01632161821872074   11    4    8    4
 -0.0285814017744669   11    4    8    5
 0.0008038774698273868   11    4    8    6
 0.003976411078611183   11    4    8    7
 0.00696208236084836   11    4    8    8
 0.0001950126573106621   11    4    9    1
 0.0005851488669743361   11    4    9    2
 0.0005193370173522943   11    4    9    3
 -0.003728617471500915   11    4    9    4
 -0.0003389417669116874   11    4    9    5
 -0.01039270206332047   11    4    9    6
 -0.03113218641029672   11    4    9    7
 -0.007884214494739184   11    4    9    8
 0.0368423344917384   11    4    9    9
 -3.557993363082835e-05   11    4   10    1
 0.000316352671521036   11    4   10    2
 -0.001510261568018653   11    4   10    3
 0.005000105097015344   11    4   10    4
 -0.0002370586625836278   11    4   10    5
 0.009214094664417395   11    4   10    6
 0.0274540302914013   11    4   10    7
 0.005786155365497104   11    4   10    8
 -0.01444156602692   11    4   10    9
 0.06535663991341568   11    4   10   10
 0.0002639434346211496   11    4   11    1
 -0.007922539264248915   11    4   11    2
 -0.008173787493457926   11    4   11    3
 0.05187392839924754   11    4   11    4
 -0.04195386385503297   11    5    1    1
 9.72963747745305e-06   11    5    2    1
 -0.01529761977297648   11    5    2    2
 0.000151462029630327   11    5    3    1
 0.004523443368183912   11    5    3    2
 0.004690238073132678   11    5    3    3
 -0.0005707947710417188   11    5    4    1
 0.00559442964287345   11    5    4    2
 0.004532549964494217   11    5    4    3
 -0.002812791597142535   11    5    4    4
 0.0003774794532908905   11    5    5    1
 -0.01356500592257332   11    5    5    2
 -0.009251945108608835   11    5    5    3
 0.008476102362213659   11    5    5    4
 0.009148111071907716   11    5    5    5
 -5.453337647490873e-05   11    5    6    1
 0.003165819805392221   11    5    6    2
 -0.006327246813069807   11    5    6    3
 -0.000101666998279325   11    5    6    4
 2.362863786304248e-05   11    5    6    5
 -0.0004162294680020358   11    5    6    6
 0.001035781138856874   11    5    7    1
 0.005220465474793487   11    5    7    2
 -0.002457055910791818   11    5    7    3
 0.002545904342761207   11    5    7    4
 0.002524527978840614   11    5    7    5
 -0.0048427007197536   11    5    7    6
 -0.01270693229834826   11    5    7    7
 0.0006206554225397475   11    5    8    1
 -0.002214112157150669   11    5    8    2
 0.009294099882226618   11    5    8    3
 -0.00679839569244063   11    5    8    4
 -0.01374188753237947   11    5    8    5
 0.001150761177730235   11    5    8    6
 0.002949105168966046   11    5    8    7
 -0.01852467396541246   11    5    8    8
 0.0007942337095745299   11    5    9    1
 0.00304611450000004   11    5    9    2
 -0.001643058051200026   11    5    9    3
 0.00061919520714211   11    5    9    4
 -0.0002702907516997129   11    5    9    5
 -0.002725310999691959   11    5    9    6
 -0.01182182163905874   11    5    9    7
 -0.002265647055991253   11    5    9    8
 -0.0009038939788451407   11    5    9    9
 -0.0003796570156664779   11    5   10    1
 -0.001716017130992442   11    5   10    2
 0.001351517494805815   11    5   10    3
 -0.001540389613257739   11    5   10    4
 0.0005299265758256124   11    5   10    5
 0.0001820560861440807   11    5   10    6
 0.002204241460839995   11    5   10    7
 0.0003981168775591794   11    5   10    8
 0.007135753112036477   11    5   10    9
 0.003234104674731446   11    5   10   10
 1.083108901560177e-05   11    5   11    1
 -0.009905095660775144   11    5   11    2
 0.007949712505566135   11    5   11    3
 -0.006965941587321774   11    5   11    4
 0.02011046220336875   11    5   11    5
 -0.05824325575394899   11    6    1    1
 0.0006519089401249106   11    6    2    1
 -0.04322528788167172   11    6    2    2
 -0.0007282707178514582   11    6    3    1
 0.0118969304237565   11    6    3    2
 -0.0005339408302274739   11    6    3    3
 0.001652978645344119   11    6    4    1
 -0.0035718881180854   11    6    4    2
 0.01709953538027356   11    6    4    3
 -0.02844220133675017   11    6    4    4
 0.0005262854754515695   11    6    5    1
 8.020562840184985e-05   11    6    5    2
 6.095963826647713e-05   11    6    5    3
 0.01343422930470914   11    6    5    4
 -0.008618218806006391   11    6    5    5
 0.001120184788871913   11    6    6    1
 0.0003386689984873141   11    6    6    2
 0.003457971955444793   11    6    6    3
 -0.02083566283574236   11    6    6    4
 0.00306538107951237   11    6    6    5
 -0.004324591234646718   11    6    6    6
 0.0008884636197685218   11    6    7    1
 0.002483309958987799   11    6    7    2
 -0.0049748712264018   11    6    7    3
 0.005521372529921411   11    6    7    4
 0.001561688485164392   11    6    7    5
 -0.01022344192765856   11    6    7    6
 -0.02662850384534766   11    6    7    7
 0.002223465312033192   11    6    8    1
 0.008532776732178789   11    6    8    2
 -0.00124028261285229   11    6    8    3
 0.001102039927122926   11    6    8    4
 -0.01454653595397854   11    6    8    5
 0.005060886888095045   11    6    8    6
 -0.001557540588978176   11    6    8    7
 -0.03044413778114815   11    6    8    8
 0.001223958573394747   11    6    9    1
 0.004326777020568846   11    6    9    2
 0.0007070042097407141   11    6    9    3
 -0.001664427969048421   11    6    9    4
 -0.0005585026321986314   11    6    9    5
 -0.006270740817005177   11    6    9    6
 -0.01754781026933249   11    6    9    7
 -0.005752201709324084   11    6    9    8
 -0.009436402014994313   11    6    9    9
 -0.0004964345472684513   11    6   10    1
 -0.002473140618150155   11    6   10    2
 -0.00182657729416908   11    6   10    3
 0.002582936262374215   11    6   10    4
 -0.0003261890410982112   11    6   10    5
 0.002242848291311452   11    6   10    6
 0.002739503375622395   11    6   10    7
 0.001184161362989867   11    6   10    8
 0.01168700338106737   11    6   10    9
 -0.0006861132759172764   11    6   10   10
 -0.0004569101946516824   11    6   11    1
 -0.003593698446900099   11    6   11    2
 0.00185708147480236   11    6   11    3
 0.01348421951913378   11    6   11    4
 -7.120522444266029e-05   11    6   11    5
 0.02144139308870857   11    6   11    6
 0.1043775106606829   11    7    1    1
 -0.00101181447241018   11    7    2    1
 0.04830178949052708   11    7    2    2
 0.0004568093071694182   11    7    3    1
 -0.01820457904498693   11    7    3    2
 -0.007781920849091294   11    7    3    3
 -0.0002011957257529803   11    7    4    1
 0.004787270210637528   11    7    4    2
 -0.01291706013548887   11    7    4    3
 0.01999995138638945   11    7    4    4
 0.0001096031268578598   11    7    5    1
 0.008102610467757683   11    7    5    2
 -0.003243804238975613   11    7    5    3
 -0.006276292932445494   11    7    5    4
 0.00408504834979564   11    7    5    5
 0.001991417600742722   11    7    6    1
 0.001129558163059567   11    7    6    2
 -0.008368305197655572   11    7    6    3
 0.01609552485430961   11    7    6    4
 -0.007395418020627849   11    7    6    5
 -0.0004098816899648419   11    7    6    6
 0.007313115031103896   11    7    7    1
 0.01854626200997917   11    7    7    2
 -0.006474028418691482   11    7    7    3
 -0.0008143598842406047   11    7    7    4
 -0.0007417089387251686   11    7    7    5
 0.007100149433793354   11    7    7    6
 0.03365363739689551   11    7    7    7
 0.001754258900980247   11    7    8    1
 0.0131130689614326   11    7    8    2
 -0.009444157614471323   11    7    8    3
 0.001962824798845264   11    7    8    4
 0.02643285094772457   11    7    8    5
 -0.00261399471268117   11    7    8    6
 -0.002148888140371618   11    7    8    7
 0.04476125766651066   11    7    8    8
 0.005518273852730932   11    7    9    1
 0.01973774409489673   11    7    9    2
 0.0002453960870121153   11    7    9    3
 -0.001323051614029322   11    7    9    4
 0.001242954577810661   11    7    9    5
 0.00807337763499125   11    7    9    6
 0.03058836257228075   11    7    9    7
 0.007536668989470118   11    7    9    8
 0.01066976829749655   11    7    9    9
 -0.002473808774062929   11    7   10    1
 -0.0108469799616978   11    7   10    2
 -0.005505892403884084   11    7   10    3
 0.002970029741324019   11    7   10    4
 -0.000837714107140676   11    7   10    5
 -0.003916163623452694   11    7   10    6
 -0.01493660884022257   11    7   10    7
 -0.001803612808325095   11    7   10    8
 -0.00471487028771363   11    7   10    9
 -0.01002736828157841   11    7   10   10
 0.0006321251948074238   11    7   11    1
 0.02383334753636569   11    7   11    2
 -0.004664112545171519   11    7   11    3
 -0.008838596289504307   11    7   11    4
 -0.002393889326464568   11    7   11    5
 -0.001712036255638189   11    7   11    6
 0.03103658887118159   11    7   11    7
 -0.1676714790698082   11    8    1    1
 0.001319153974936802   11    8    2    1
 -0.07471322486987764   11    8    2    2
 -0.0005762195932078261   11    8    3    1
 0.02477730956680507   11    8    3    2
 0.005634827246704189   11    8    3    3
 -0.0001542428992163127   11    8    4    1
 -0.003892608102307403   11    8    4    2
 0.01336526364341343   11    8    4    3
 -0.02522131759561545   11    8    4    4
 0.002411927126460295   11    8    5    1
 -0.0008309048168710743   11    8    5    2
 0.005353993571155948   11    8    5    3
 0.00170860791788131   11    8    5    4
 -0.01278235108784556   11    8    5    5
 0.0002416938515024443   11    8    6    1
 0.01315242959327017   11    8    6    2
 0.005331894964325119   11    8    6    3
 -0.01824447885020397   11    8    6    4
 0.008722787791867873   11    8    6    5
 -0.006463255440219191   11    8    6    6
 0.002310437985562467   11    8    7    1
 0.01310070972069261   11    8    7    2
 -0.009741420778624795   11    8    7    3
 0.006349823387441438   11    8    7    4
 0.007571074449260129   11    8    7    5
 -0.01511391785815093   11    8    7    6
 -0.05302762434036994   11    8    7    7
 0.005574185062974187   11    8    8    1
 0.005030144072246207   11    8    8    2
 0.00530691138244168   11    8    8    3
 -0.003372034349997739   11    8    8    4
 -0.03616422672894835   11    8    8    5
 -0.002059353102692341   11    8    8    6
 0.006603617212489443   11    8    8    7
 -0.07105785972026808   11    8    8    8
 0.002624553307361957   11    8    9    1
 0.01162355182131011   11    8    9    2
 -0.003408797469096718   11    8    9    3
 -0.0006351994908234983   11    8    9    4
 -0.0001357077758094623   11    8    9    5
 -0.01288386658766499   11    8    9    6
 -0.04150659516443184   11    8    9    7
 -0.01108854497251115   11    8    9    8
 -0.02135557584734313   11    8    9    9
 -0.001200165038854604   11    8   10    1
 -0.006947841720545118   11    8   10    2
 0.001070638278034895   11    8   10    3
 -0.0002853029710401495   11    8   10    4
 0.0003810269909330214   11    8   10    5
 0.005732376376832863   11    8   10    6
 0.02031685733823319   11    8   10    7
 0.006216460763754944   11    8   10    8
 0.007103728035418477   11    8   10    9
 0.00655863353929615   11    8   10   10
 -0.001131003597494237   11    8   11    1
 -0.04259307046354133   11    8   11    2
 0.008591280844067217   11    8   11    3
 0.006597671023321743   11    8   11    4
 0.007191558349973966   11    8   11    5
 0.003723074608803975   11    8   11    6
 -0.01069664377101402   11    8   11    7
 0.0424872539157337   11    8   11    8
 0.03164821877257603   11    9    1    1
 -0.0003327921866104287   11    9    2    1
 0.01533443518512285   11    9    2    2
 8.633483469277473e-05   11    9    3    1
 -0.003692166654161636   11    9    3    2
 0.001817647924407757   11    9    3    3
 0.0001291506564344199   11    9    4    1
 -3.674545326204725e-05   11    9    4    2
 -0.002725753270934672   11    9    4    3
 0.005641066051900301   11    9    4    4
 0.0005687706147111818   11    9    5    1
 0.005332914691569803   11    9    5    2
 -0.0004949247134904452   11    9    5    3
 -0.001890870968028936   11    9    5    4
 0.003641386274535773   11    9    5    5
 0.001698232930106876   11    9    6    1
 0.006005857310390953   11    9    6    2
 0.0004536562247949518   11    9    6    3
 0.002470137566142958   11    9    6    4
 -0.0001950961494964983   11    9    6    5
 0.0005691783052781331   11    9    6    6
 0.005918371290087098   11    9    7    1
 0.02757536280849825   11    9    7    2
 3.956806803436246e-05   11    9    7    3
 -0.006832102023485563   11    9    7    4
 -0.0006396935060864882   11    9    7    5
 0.0008126169475220579   11    9    7    6
 0.0160657996028537   11    9    7    7
 0.002573588598441483   11    9    8    1
 0.0128641894014154   11    9    8    2
 -0.003854179567137087   11    9    8    3
 0.0005215102905555422   11    9    8    4
 0.007422749369514784   11    9    8    5
 -0.002009359292196406   11    9    8    6
 -0.001368443630983498   11    9    8    7
 0.01324451864193889   11    9    8    8
 0.004755213266945128   11    9    9    1
 0.01309694092755084   11    9    9    2
 -0.009095659301918784   11    9    9    3
 0.003964302839654404   11    9    9    4
 0.004310170184514634   11    9    9    5
 -0.001004704638918386   11    9    9    6
 0.006918582363894232   11    9    9    7
 0.002754178997066674   11    9    9    8
 0.00527453920466281   11    9    9    9
 -0.00215706197396965   11    9   10    1
 0.0004638602325304896   11    9   10    2
 0.01044287997720369   11    9   10    3
 -0.005159217028921454   11    9   10    4
 -0.001062640532249888   11    9   10    5
 0.0003731286868808795   11    9   10    6
 0.001534390078670684   11    9   10    7
 -0.003559731810216207   11    9   10    8
 -0.004902488666504794   11    9   10    9
 0.002550825025562521   11    9   10   10
 0.0002787193757504052   11    9   11    1
 0.006802326567159733   11    9   11    2
 -0.002902355986195176   11    9   11    3
 0.0009460995445488188   11    9   11    4
 -0.000576630323593396   11    9   11    5
 0.001450697009943327   11    9   11    6
 0.009543212562379043   11    9   11    7
 0.0002365840218865287   11    9   11    8
 0.01644815597120194   11    9   11    9
 -0.001162273448795961   11   10    1    1
 -1.745766474560894e-05   11   10    2    1
 0.0003452034516519901   11   10    2    2
 -4.015775235823827e-07   11   10    3    1
 -0.002177450753604515   11   10    3    2
 -0.00363353735218892   11   10    3    3
 5.628246769496553e-05   11   10    4    1
 0.00246103873274297   11   10    4    2
 -0.002757262522150652   11   10    4    3
 0.002049737251787311   11   10    4    4
 -0.0004871528177623489   11   10    5    1
 -0.002531894841885136   11   10    5    2
 0.001148859400822676   11   10    5    3
 -0.0008789933422680124   11   10    5    4
 -0.003672462915585114   11   10    5    5
 -0.0006859914010392107   11   10    6    1
 -0.00424817058983513   11   10    6    2
 -0.003699025371658309   11   10    6    3
 0.004315817928222089   11   10    6    4
 -0.001996240406751062   11   10    6    5
 -0.001015375463177549   11   10    6    6
 -0.002749001696503021   11   10    7    1
 -0.02050606043159823   11   10    7    2
 -0.007131379006533863   11   10    7    3
 0.006903289532888718   11   10    7    4
 -0.0007186122922335672   11   10    7    5
 0.0005023352915467659   11   10    7    6
 -0.005991859130701539   11   10    7    7
 -0.001592717380264468   11   10    8    1
 -0.00880825000030124   11   10    8    2
 -0.001091889645716693   11   10    8    3
 -0.0002709868468642983   11   10    8    4
 0.001407746901861976   11   10    8    5
 0.0005957154074220741   11   10    8    6
 0.00212538879483813   11   10    8    7
 -0.0002130465070859109   11   10    8    8
 -0.002298017644227968   11   10    9    1
 -0.002683742808061703   11   10    9    2
 0.01427625519943914   11   10    9    3
 -0.002974472637165596   11   10    9    4
 -0.001188429370407742   11   10    9    5
 0.004563931466053966   11   10    9    6
 0.003212307119672934   11   10    9    7
 -0.001575877511146685   11   10    9    8
 -0.003944761561793541   11   10    9    9
 0.001069014224732817   11   10   10    1
 -0.007171494095047849   11   10   10    2
 -0.01418967104546884   11   10   10    3
 0.00904512400205117   11   10   10    4
 0.002642652655342363   11   10   10    5
 -0.002252145291437231   11   10   10    6
 -0.005297351062101142   11   10   10    7
 0.003317974966814103   11   10   10    8
 0.001291049095876611   11   10   10    9
 -0.00721953213561553   11   10   10   10
 -7.170532865403357e-05   11   10   11    1
 -0.0008321114037141249   11   10   11    2
 0.001638655508998705   11   10   11    3
 -0.003995668644074728   11   10   11    4
 0.0001313700407866999   11   10   11    5
 -0.001053055153972476   11   10   11    6
 0.002154287486672101   11   10   11    7
 -0.0004618883930288039   11   10   11    8
 -0.01179174380870323   11   10   11    9
 0.01641079144022568   11   10   11   10
 0.6653519568126319   11   11    1    1
 -0.005109374791482317   11   11    2    1
 0.5152484473293838   11   11    2    2
 0.00295874779667999   11   11    3    1
 -0.02815493761346584   11   11    3    2
 0.3621819785072657   11   11    3    3
 -0.002056769684809954   11   11    4    1
 -0.01847749400434223   11   11    4    2
 -0.05027873830505838   11   11    4    3
 0.4205966711727065   11   11    4    4
 -0.006363217411044674   11   11    5    1
 -0.009247932380941171   11   11    5    2
 -0.005026458936507452   11   11    5    3
 -0.03501407060991934   11   11    5    4
 0.3718671753947669   11   11    5    5
 0.001584329785388242   11   11    6    1
 -0.01380648034817032   11   11    6    2
 0.005598717366156994   11   11    6    3
 0.08342058085264845   11   11    6    4
 0.01428935877479397   11   11    6    5
 0.3325966804522331   11   11    6    6
 0.006729633627799668   11   11    7    1
 0.02891074342937423   11   11    7    2
 3.647228091872481e-05   11   11    7    3
 -0.02872436095021826   11   11    7    4
 -0.01108631855061978   11   11    7    5
 0.03415167506745317   11   11    7    6
 0.4443274770868292   11   11    7    7
 -0.01352857964435385   11   11    8    1
 -0.04582896934603672   11   11    8    2
 0.002831548043408991   11   11    8    3
 0.01894086717967336   11   11    8    4
 0.05241101548083005   11   11    8    5
 -0.008769604176811906   11   11    8    6
 0.006198169583951126   11   11    8    7
 0.4458024442168732   11   11    8    8
 0.00221064405235096   11   11    9    1
 0.005737852820295613   11   11    9    2
 -0.003696053500590824   11   11    9    3
 0.001084822720814905   11   11    9    4
 0.005300394990021935   11   11    9    5
 0.02064145072817521   11   11    9    6
 0.06889935110162068   11   11    9    7
 0.02202658588726157   11   11    9    8
 0.3553804575988922   11   11    9    9
 -0.001021114117526656   11   11   10    1
 0.0009046224130094767   11   11   10    2
 0.0009920209726092921   11   11   10    3
 -0.0002544722664456087   11   11   10    4
 -0.0009866079238434295   11   11   10    5
 0.001356264672777531   11   11   10    6
 0.01522955098392516   11   11   10    7
 0.001306052658080418   11   11   10    8
 -0.08570374211717922   11   11   10    9
 0.3427837194626457   11   11   10   10
 0.005305146786436402   11   11   11    1
 0.05903426024024287   11   11   11    2
 -0.02549667546865209   11   11   11    3
 0.01499203126244034   11   11   11    4
 -0.005301767488027121   11   11   11    5
 -0.03220051791034442   11   11   11    6
 0.0234101683922213   11   11   11    7
 -0.03357435032378872   11   11   11    8
 0.009740902133406081   11   11   11    9
 -0.0008795823351808388   11   11   11   10
 0.4606802986941657   11   11   11   11
 0.07382225299304145   12    1    1    1
 -0.01005594370733571   12    1    2    1
 0.002178212892796517   12    1    2    2
 0.005307846450642606   12    1    3    1
 0.003337895560143557   12    1    3    2
 -2.552163556933615e-05   12    1    3    3
 -0.008640879046480397   12    1    4    1
 -0.0119353154881466   12    1    4    2
 0.003387847151309961   12    1    4    3
 -0.0002526138908608532   12    1    4    4
 0.0006038640353677455   12    1    5    1
 0.004568813272288514   12    1    5    2
 -0.0005350502304155884   12    1    5    3
 -0.001956038706440481   12    1    5    4
 0.003237037692447388   12    1    5    5
 -0.003494268873036365   12    1    6    1
 -0.006964739220082218   12    1    6    2
 0.002355669957560454   12    1    6    3
 0.0005448440365873564   12    1    6    4
 -0.001017239374984302   12    1    6    5
 0.002500105163801319   12    1    6    6
 0.001102450295679051   12    1    7    1
 -0.0001566622651008424   12    1    7    2
 -0.0003238537789804242   12    1    7    3
 0.0007346090890684306   12    1    7    4
 -0.0004774065849862862   12    1    7    5
 0.000881606923971124   12    1    7    6
 0.002258322502020581   12    1    7    7
 -0.001351738878712226   12    1    8    1
 0.002364335565290303   12    1    8    2
 -0.0006387623265822517   12    1    8    3
 -0.001158064539329797   12    1    8    4
 0.001342403725147812   12    1    8    5
 -0.001445485835421014   12    1    8    6
 -0.0002098652846942691   12    1    8    7
 0.002790918061427127   12    1    8    8
 -0.0003320791739118986   12    1    9    1
 -0.0008901508629136119   12    1    9    2
 0.0004005596622298943   12    1    9    3
 -2.030128363895607e-05   12    1    9    4
 -0.0002457993942370285   12    1    9    5
 0.0002024570991310685   12    1    9    6
 9.082457458440731e-05   12    1    9    7
 -0.0003193573206110069   12    1    9    8
 0.001512534448612288   12    1    9    9
 -0.0003778978876085988   12    1   10    1
 0.0001138834175912948   12    1   10    2
 -0.000225864691898157   12    1   10    3
 0.0001978402520671611   12    1   10    4
 4.673201353774844e-05   12    1   10    5
 0.0001579876033845409   12    1   10    6
 0.0006512991709069787   12    1   10    7
 0.0002456134872213407   12    1   10    8
 -0.0006549467824042346   12    1   10    9
 0.001920320464889471   12    1   10   10
 -0.006016099762095895   12    1   11    1
 0.000863120186698152   12    1   11    2
 -4.321481372425228e-05   12    1   11    3
 -0.001657588302843915   12    1   11    4
 0.0006117994543567852   12    1   11    5
 -0.00165979632847353   12    1   11    6
 -8.885337322792187e-05   12    1   11    7
 0.0004621589912752301   12    1   11    8
 -0.0002986998745854889   12    1   11    9
 -1.573291553847973e-05   12    1   11   10
 0.000860555820265935   12    1   11   11
 0.01148543046009025   12    1   12    1
 -0.07584009626678805   12    2    1    1
 0.002132024099585323   12    2    2    1
 -0.02839665457397442   12    2    2    2
 0.001179876847595195   12    2    3    1
 0.01265866089268679   12    2    3    2
 -0.0096488196989261   12    2    3    3
 -0.007055364720984269   12    2    4    1
 -0.02330424132497356   12    2    4    2
 0.01084095562314976   12    2    4    3
 -0.01117254478926348   12    2    4    4
 0.003327621149423893   12    2    5    1
 0.009513066780552363   12    2    5    2
 0.00511451968679941   12    2    5    3
 -0.008999767812735945   12    2    5    4
 -0.009111868832434845   12    2    5    5
 -0.004782538213300441   12    2    6    1
 -0.008897345471957177   12    2    6    2
 0.004734876589576166   12    2    6    3
 -0.001297937012781607   12    2    6    4
 -0.00538299930537512   12    2    6    5
 -0.002914699632483344   12    2    6    6
 -0.0005191815070891525   12    2    7    1
 -0.0002693496093138901   12    2    7    2
 -0.002781469296964462   12    2    7    3
 0.005860571359132957   12    2    7    4
 0.0006818248020996515   12    2    7    5
 -0.00206820110364912   12    2    7    6
 -0.02429271209114532   12    2    7    7
 0.002648153525305805   12    2    8    1
 0.001629903395648576   12    2    8    2
 0.003026158926229055   12    2    8    3
 -0.01073030331039709   12    2    8    4
 -0.004924640430981677   12    2    8    5
 -0.006897189771245638   12    2    8    6
 -0.0004785743222228487   12    2    8    7
 -0.02416055542739505   12    2    8    8
 -0.0007899695671488482   12    2    9    1
 -0.001004407019922044   12    2    9    2
 -5.863732116855549e-05   12    2    9    3
 0.0007770298143752022   12    2    9    4
 -0.001505821936603236   12    2    9    5
 -0.00277488402873364   12    2    9    6
 -0.01312108093633857   12    2    9    7
 -0.005708063797339921   12    2    9    8
 -0.01487390300779095   12    2    9    9
 0.0001533602334199736   12    2   10    1
 -0.001515993038649003   12    2   10    2
 0.0006785892243080387   12    2   10    3
 -0.0008610301074504748   12    2   10    4
 0.000707808412320771   12    2   10    5
 0.0008912044902343123   12    2   10    6
 0.005371871661447758   12    2   10    7
 0.002883144368717493   12    2   10    8
 0.005370889100468778   12    2   10    9
 -0.007191784811917491   12    2   10   10
 0.0005726504721967567   12    2   11    1
 -0.01708298915509526   12    2   11    2
 0.008687004590246567   12    2   11    3
 -0.01181231850721011   12    2   11    4
 0.003795900021116491   12    2   11    5
 -0.008111628385492523   12    2   11    6
 -0.005279847596729267   12    2   11    7
 0.01490095450255964   12    2   11    8
 -0.003187577726478227   12    2   11    9
 0.001816721189579339   12    2   11   10
 -0.01245881270355615   12    2   11   11
 0.00768007773557594   12    2   12    1
 0.03125245334170988   12    2   12    2
 0.07914143782349027   12    3    1    1
 -0.001721850386743509   12    3    2    1
 0.03201716028573885   12    3    2    2
 -9.89042158048687e-05   12    3    3    1
 -0.003415920909008824   12    3    3    2
 0.03858431272197313   12    3    3    3
 0.002336666562963491   12    3    4    1
 0.005661244465626116   12    3    4    2
 0.004976245712718756   12    3    4    3
 0.02413376369468858   12    3    4    4
 -0.0009898512111792578   12    3    5    1
 0.004266695543968867   12    3    5    2
 -0.006427469526256989   12    3    5    3
 -0.002336549649788411   12    3    5    4
 0.01784028315852863   12    3    5    5
 0.001674252481910867   12    3    6    1
 -0.0003200104352768728   12    3    6    2
 0.002272311668653026   12    3    6    3
 0.005261467220672749   12    3    6    4
 0.00168858612742167   12    3    6    5
 0.01077495370507938   12    3    6    6
 1.633972925245646e-05   12    3    7    1
 -0.002355951032318046   12    3    7    2
 -0.0001360112131684728   12    3    7    3
 -0.005603913272828017   12    3    7    4
 -0.000191326443349604   12    3    7    5
 0.005380221008184724   12    3    7    6
 0.03376360701401448   12    3    7    7
 -0.000390732306469316   12    3    8    1
 0.008002723651842056   12    3    8    2
 0.002780201218997663   12    3    8    3
 0.01132290854077254   12    3    8    4
 0.004779992985115195   12    3    8    5
 0.002681806826833535   12    3    8    6
 -2.080635060093836e-05   12    3    8    7
 0.03521578529081851   12    3    8    8
 0.0002599541791192083   12    3    9    1
 -0.0006379022118287373   12    3    9    2
 -0.001082108388040431   12    3    9    3
 -0.001383110745650663   12    3    9    4
 0.001151054075808906   12    3    9    5
 0.001976318632252384   12    3    9    6
 0.008609652926798142   12    3    9    7
 0.003017880786018807   12    3    9    8
 0.02461180200374589   12    3    9    9
 -8.48408669033188e-05   12    3   10    1
 0.001540817685351567   12    3   10    2
 0.000465948486097538   12    3   10    3
 0.00144638012481153   12    3   10    4
 -0.0004368700539112402   12    3   10    5
 0.001928657021004002   12    3   10    6
 0.002160032000596292   12    3   10    7
 -9.939449313561989e-05   12    3   10    8
 -0.01486493664315471   12    3   10    9
 0.02189959172074888   12    3   10   10
 -0.001192207790880164   12    3   11    1
 0.01415932642812858   12    3   11    2
 0.004395082976672928   12    3   11    3
 0.01362603837569166   12    3   11    4
 -0.007911489651176905   12    3   11    5
 0.001947660452596913   12    3   11    6
 0.003350138000745186   12    3   11    7
 -0.006768983584104589   12    3   11    8
 0.002460994529471644   12    3   11    9
 -0.002175535716403794   12    3   11   10
 0.01837798791375154   12    3   11   11
 -0.00225048239678442   12    3   12    1
 -0.009990989058498143   12    3   12    2
 0.02494181841329273   12    3   12    3
 -0.1981087711117634   12    4    1    1
 0.003918752964403599   12    4    2    1
 -0.06974822209660787   12    4    2    2
 -0.0008708289074120037   12    4    3    1
 0.0243444368278771   12    4    3    2
 0.0180208861790308   12    4    3    3
 -0.0006268603430262253   12    4    4    1
 0.007857916711742817   12    4    4    2
 0.01966670170919789   12    4    4    3
 -0.02862778564281033   12    4    4    4
 0.0002575807205061742   12    4    5    1
 -0.02691255668016162   12    4    5    2
 -0.004256399417349855   12    4    5    3
 0.009369500396733919   12    4    5    4
 0.002482576061450216   12    4    5    5
 -0.0008500134833807565   12    4    6    1
 0.01493708249094815   12    4    6    2
 0.0008349818004203982   12    4    6    3
 -0.02003670171436115   12    4    6    4
 0.01047941802521892   12    4    6    5
 -0.003344367277279854   12    4    6    6
 0.0003127317586378003   12    4    7    1
 0.008470449397052814   12    4    7    2
 -0.008875348018517479   12    4    7    3
 0.008476898482189197   12    4    7    4
 0.004999832139024745   12    4    7    5
 -0.0159754802119829   12    4    7    6
 -0.05687643680145776   12    4    7    7
 -0.0006468158303740917   12    4    8    1
 -0.02285543824743616   12    4    8    2
 0.0239311416943773   12    4    8    3
 -0.01026726697364177   12    4    8    4
 -0.04327427061529242   12    4    8    5
 -0.002320845036455202   12    4    8    6
 0.00141949140014368   12    4    8    7
 -0.066464381729251   12    4    8    8
 -5.893043216220262e-05   12    4    9    1
 0.002558634408201917   12    4    9    2
 -0.002784130892848849   12    4    9    3
 0.000357469865128339   12    4    9    4
 -0.0027025988448646   12    4    9    5
 -0.01353957448927667   12    4    9    6
 -0.04983200480434155   12    4    9    7
 -0.01498542374406827   12    4    9    8
 -0.01691934081508878   12    4    9    9
 0.0001243270864674546   12    4   10    1
 -0.002396375730741742   12    4   10    2
 0.002570313988579284   12    4   10    3
 -0.003023681722022541   12    4   10    4
 0.002148688007188612   12    4   10    5
 0.004296702305368785   12    4   10    6
 0.01961357148525366   12    4   10    7
 0.006087014420735653   12    4   10    8
 0.01488999796162794   12    4   10    9
 0.01148292982534256   12    4   10   10
 0.003394306890552793   12    4   11    1
 -0.0348422678936952   12    4   11    2
 0.01749889923998783   12    4   11    3
 -0.002574973120031277   12    4   11    4
 0.0176789671549552   12    4   11    5
 -0.005371532553656464   12    4   11    6
 -0.01394487988160018   12    4   11    7
 0.02640982914342728   12    4   11    8
 -0.005393578539704844   12    4   11    9
 0.001665428287423214   12    4   11   10
 -0.01459250275400309   12    4   11   11
 -0.0001351169281760923   12    4   12    1
 0.01538017535783548   12    4   12    2
 -0.01247720596952296   12    4   12    3
 0.05678124509207221   12    4   12    4
 0.07674906005629668   12    5    1    1
 -0.0004798156342443275   12    5    2    1
 0.05291955301522927   12    5    2    2
 0.0008972346645464398   12    5    3    1
 0.004727764655212934   12    5    3    2
 0.02773782014933206   12    5    3    3
 -0.002559508880868935   12    5    4    1
 -0.02459909449085554   12    5    4    2
 -0.003327491397854654   12    5    4    3
 0.03220304950313627   12    5    4    4
 0.0001176586984579916   12    5    5    1
 -0.001899344193436679   12    5    5    2
 -0.01970835462847625   12    5    5    3
 -0.003284619765596428   12    5    5    4
 0.0485508293518368   12    5    5    5
 -0.001385021040629296   12    5    6    1
 -0.01744064258500759   12    5    6    2
 -0.002609943175230328   12    5    6    3
 0.01114216120234178   12    5    6    4
 0.001012550124779205   12    5    6    5
 0.0162776827521672   12    5    6    6
 0.0002271860675904999   12    5    7    1
 0.001884237538324086   12    5    7    2
 0.001439161912009171   12    5    7    3
 -0.004252367578753269   12    5    7    4
 -0.0005655416686486143   12    5    7    5
 0.008240837501141055   12    5    7    6
 0.04533066683116685   12    5    7    7
 -0.001274438914814664   12    5    8    1
 -0.001027830481553993   12    5    8    2
 0.0056762390206206   12    5    8    3
 0.004125716017694045   12    5    8    4
 0.002811791320152166   12    5    8    5
 6.928683326929211e-05   12    5    8    6
 -0.0001743181592286375   12    5    8    7
 0.04586603235139486   12    5    8    8
 -0.000365757436688233   12    5    9    1
 -0.002062158056088944   12    5    9    2
 0.001653641716375561   12    5    9    3
 -0.002211828095963999   12    5    9    4
 5.016746035016372e-05   12    5    9    5
 0.003177242693407608   12    5    9    6
 0.007757476450376374   12    5    9    7
 0.002599452933503607   12    5    9    8
 0.02916195595591723   12    5    9    9
 7.938420676307858e-05   12    5   10    1
 0.001003004259012391   12    5   10    2
 -0.002150864693983753   12    5   10    3
 0.002384353214209579   12    5   10    4
 0.0004880587899473019   12    5   10    5
 0.003186900213635258   12    5   10    6
 0.008218938114918136   12    5   10    7
 0.001100442053761872   12    5   10    8
 -0.01963745710715685   12    5   10    9
 0.03179432996153738   12    5   10   10
 0.0005123747899415923   12    5   11    1
 0.01028614778919104   12    5   11    2
 -0.01261213998323362   12    5   11    3
 0.01539472224579823   12    5   11    4
 0.002999646691123196   12    5   11    5
 -0.0006298247919586721   12    5   11    6
 0.003211853800369114   12    5   11    7
 -0.01125819687502333   12    5   11    8
 0.0009745364236406995   12    5   11    9
 -0.001204150080930187   12    5   11   10
 0.03333279014708154   12    5   11   11
 0.002802305488420686   12    5   12    1
 -0.001681782264799635   12    5   12    2
 0.005833433913120876   12    5   12    3
 -0.009521874432729411   12    5   12    4
 0.02799670157159501   12    5   12    5
 -0.1082795350405126   12    6    1    1
 0.001943639662788595   12    6    2    1
 -0.04176813223121918   12    6    2    2
 -0.0008422012183137595   12    6    3    1
 0.002541149940854322   12    6    3    2
 -0.02310230582346592   12    6    3    3
 0.001218603472293631   12    6    4    1
 0.01503457075338012   12    6    4    2
 0.0009951384649390211   12    6    4    3
 -0.02379301628127404   12    6    4    4
 -0.0004700505527594893   12    6    5    1
 -0.01999659049715281   12    6    5    2
 -0.007974890972565988   12    6    5    3
 0.005874950920293841   12    6    5    4
 -0.02493629542066133   12    6    5    5
 0.0003420416566817168   12    6    6    1
 0.009323295448455397   12    6    6    2
 -0.01454962717703882   12    6    6    3
 -0.004524503744100806   12    6    6    4
 -0.007702007271323449   12    6    6    5
 -0.0310045246855626   12    6    6    6
 -0.0004903688279621903   12    6    7    1
 0.003349397315996681   12    6    7    2
 0.002427491755657375   12    6    7    3
 0.001596871923085095   12    6    7    4
 0.004533050117171466   12    6    7    5
 -0.005202177350056758   12    6    7    6
 -0.04161640518002023   12    6    7    7
 -0.0008721808784914072   12    6    8    1
 -0.01492256373461431   12    6    8    2
 0.01345277496992513   12    6    8    3
 -0.008202250642988644   12    6    8    4
 -0.01224405691487148   12    6    8    5
 0.004130316042987125   12    6    8    6
 -0.001322803193548742   12    6    8    7
 -0.04560919926379045   12    6    8    8
 -0.0004125736199575426   12    6    9    1
 -6.888140502625756e-06   12    6    9    2
 -0.001576464852758932   12    6    9    3
 -0.001049643268851973   12    6    9    4
 -0.0003150523439887305   12    6    9    5
 -0.003284291186180396   12    6    9    6
 -0.01529170845923412   12    6    9    7
 -0.005379041486842507   12    6    9    8
 -0.03540194456802627   12    6    9    9
 0.00029450451534451   12    6   10    1
 -0.0003048146398852628   12    6   10    2
 0.002112428910151533   12    6   10    3
 -0.002400745286594899   12    6   10    4
 0.001426825654735149   12    6   10    5
 0.003701768035030742   12    6   10    6
 0.01106130622772331   12    6   10    7
 0.004125674176516274   12    6   10    8
 -0.004310319262554563   12    6   10    9
 -0.02197038361127631   12    6   10   10
 0.001649617816803041   12    6   11    1
 -0.0194954011648943   12    6   11    2
 0.004208662787269937   12    6   11    3
 -0.0146146035085107   12    6   11    4
 0.007341109340266143   12    6   11    5
 0.0001755722309303677   12    6   11    6
 -0.009111842105714219   12    6   11    7
 0.01504143108726034   12    6   11    8
 -0.003343865526233804   12    6   11    9
 0.002091784081905513   12    6   11   10
 -0.01435643352713884   12    6   11   11
 -0.001783136326061383   12    6   12    1
 0.006621182735900335   12    6   12    2
 -0.00539846168075131   12    6   12    3
 0.02336500645504609   12    6   12    4
 -0.006202011318442687   12    6   12    5
 0.03846494557908244   12    6   12    6
 0.01192715464525421   12    7    1    1
 -0.0004694354341268498   12    7    2    1
 0.004141273169705651   12    7    2    2
 -0.0003337868006442148   12    7    3    1
 -0.004190301061130775   12    7    3    2
 0.002015785393451793   12    7    3    3
 0.001446863547284431   12    7    4    1
 0.008277927427218253   12    7    4    2
 -0.004687360968097878   12    7    4    3
 0.00569448343013523   12    7    4    4
 -0.0003495898309285663   12    7    5    1
 0.000405721191380515   12    7    5    2
 0.00232404313115433   12    7    5    3
 -0.000717585426732376   12    7    5    4
 0.001580687926321144   12    7    5    5
 0.0002029493393047908   12    7    6    1
 0.002348548270849732   12    7    6    2
 0.001715410905301493   12    7    6    3
 0.0002355484695494953   12    7    6    4
 0.001652644827712401   12    7    6    5
 0.002315869303825084   12    7    6    6
 -0.00273151629050316   12    7    7    1
 -0.01042173223699816   12    7    7    2
 0.005730892520329585   12    7    7    3
 -0.007824514257405619   12    7    7    4
 0.001076062023669755   12    7    7    5
 -0.002173340586757939   12    7    7    6
 0.005657227837816298   12    7    7    7
 -0.0002897283293369822   12    7    8    1
 -8.93134445885139e-05   12    7    8    2
 -0.0009898213015805634   12    7    8    3
 -0.0004088853558032357   12    7    8    4
 0.00196820253378473   12    7    8    5
 -0.001728288047981959   12    7    8    6
 -0.0006078151715539039   12    7    8    7
 0.005770066731632931   12    7    8    8
 -0.001856186880624688   12    7    9    1
 -0.006128300188794724   12    7    9    2
 0.002542821383786799   12    7    9    3
 -0.005991435464707423   12    7    9    4
 -0.0001547632442840663   12    7    9    5
 -0.001145971175627845   12    7    9    6
 0.003598397753509221   12    7    9    7
 -5.91910409355064e-05   12    7    9    8
 0.004016897709654267   12    7    9    9
 0.000886449749029054   12    7   10    1
 0.002841412292793998   12    7   10    2
 0.0001286091774699274   12    7   10    3
 0.002432516406506234   12    7   10    4
 0.001156785618293858   12    7   10    5
 0.001503101405970905   12    7   10    6
 -0.005146299510627676   12    7   10    7
 -0.000381037921280651   12    7   10    8
 0.002196605482969757   12    7   10    9
 0.0007696028436901635   12    7   10   10
 -0.001153707352663018   12    7   11    1
 -0.001896836536935758   12    7   11    2
 0.001768760276388777   12    7   11    3
 -0.002715180680777071   12    7   11    4
 0.0006683568050623962   12    7   11    5
 -0.004310408000668398   12    7   11    6
 -0.001610736754840791   12    7   11    7
 -0.002771625924045943   12    7   11    8
 -0.003482592390937624   12    7   11    9
 0.001857243513342762   12    7   11   10
 0.0008824099141242504   12    7   11   11
 -0.001343500505204435   12    7   12    1
 -0.003091416100727258   12    7   12    2
 -5.089155493150938e-05   12    7   12    3
 -0.0002193774169396167   12    7   12    4
 -0.002083039606589372   12    7   12    5
 -0.002542409580093513   12    7   12    6
 0.01173973523485534   12    7   12    7
 -0.00695539304944452   12    8    1    1
 0.0004248631355910173   12    8    2    1
 -0.009654146571217638   12    8    2    2
 0.0009933408911386213   12    8    3    1
 0.01420091061782098   12    8    3    2
 0.009867940651796213   12    8    3    3
 -0.003589564635807051   12    8    4    1
 -0.02636747528748717   12    8    4    2
 0.01676247493797595   12    8    4    3
 -0.01225629022426172   12    8    4    4
 0.0001087453309908402   12    8    5    1
 0.0068989454261722   12    8    5    2
 0.006490186027608591   12    8    5    3
 -0.001428565164418173   12    8    5    4
 0.003735054587450284   12    8    5    5
 -0.002243493128949454   12    8    6    1
 -0.01277592852696271   12    8    6    2
 0.01300573429726575   12    8    6    3
 -0.01138319174607527   12    8    6    4
 0.004491389911698654   12    8    6    5
 0.007663434051953359   12    8    6    6
 -0.0001958354517955665   12    8    7    1
 -0.001060052904033205   12    8    7    2
 -0.002529328337936712   12    8    7    3
 0.001095743509276054   12    8    7    4
 -3.653567213962752e-05   12    8    7    5
 -0.003450390445397359   12    8    7    6
 -0.002006313267123625   12    8    7    7
 -0.002188285245193286   12    8    8    1
 -0.00432307599503725   12    8    8    2
 0.001758290646461826   12    8    8    3
 -0.003804998062968596   12    8    8    4
 -0.006068991647225642   12    8    8    5
 -0.002174886922005957   12    8    8    6
 0.00171160085841595   12    8    8    7
 -0.01049804454493062   12    8    8    8
 -0.0009935005101343382   12    8    9    1
 -0.004033372553688222   12    8    9    2
 0.00192913204055431   12    8    9    3
 -0.003438935228102819   12    8    9    4
 -0.0002272983045414557   12    8    9    5
 -0.004522134829058504   12    8    9    6
 -0.009502325519689032   12    8    9    7
 -0.003700472174114092   12    8    9    8
 0.004831825569460278   12    8    9    9
 0.0003652587470512495   12    8   10    1
 0.002029055376795979   12    8   10    2
 -0.0008171614263841431   12    8   10    3
 0.003163373059456818   12    8   10    4
 -0.0006124007844171603   12    8   10    5
 0.003243957845672029   12    8   10    6
 0.00453680841889864   12    8   10    7
 0.0008174552196145994   12    8   10    8
 0.002333260491704765   12    8   10    9
 0.01151834550118625   12    8   10   10
 0.001602188577727574   12    8   11    1
 0.009093352318965124   12    8   11    2
 -0.002783796679753022   12    8   11    3
 0.01617003359898563   12    8   11    4
 -0.008688140511143064   12    8   11    5
 0.009463583635545355   12    8   11    6
 -0.003765136401900912   12    8   11    7
 -0.002641164154592067   12    8   11    8
 -0.0008418213332680555   12    8   11    9
 -0.0009305863808920854   12    8   11   10
 -0.007806464083636886   12    8   11   11
 0.003759737270193127   12    8   12    1
 0.00421334682896988   12    8   12    2
 0.002105553588007205   12    8   12    3
 -0.008157781215031147   12    8   12    4
 0.005149667020538541   12    8   12    5
 -0.009650907942586672   12    8   12    6
 -0.002856902935503868   12    8   12    7
 0.02499036851501246   12    8   12    8
 -0.01302116659856469   12    9    1    1
 0.000183371579316105   12    9    2    1
 -0.005487274741308739   12    9    2    2
 -0.0001880579606658233   12    9    3    1
 -0.0009701389827297465   12    9    3    2
 -0.003984098597452754   12    9    3    3
 0.0004395009966053436   12    9    4    1
 0.003940397696581061   12    9    4    2
 -0.001202796775608226   12    9    4    3
 -0.002292530947814044   12    9    4    4
 -0.0002735866155590247   12    9    5    1
 -0.001910638464746324   12    9    5    2
 0.002432987303056999   12    9    5    3
 -0.0004657641518752243   12    9    5    4
 -0.004352932710001921   12    9    5    5
 -0.000279458876712967   12    9    6    1
 0.001323441886819406   12    9    6    2
 0.0001932604517638024   12    9    6    3
 -0.002205091128721057   12    9    6    4
 -5.792887454123819e-05   12    9    6    5
 -0.002172188073695792   12    9    6    6
 -0.00196157378399253   12    9    7    1
 -0.005741694991451216   12    9    7    2
 0.003045392150351791   12    9    7    3
 -0.006076598451358666   12    9    7    4
 0.0005004284632027626   12    9    7    5
 -0.002460961326000843   12    9    7    6
 -0.004265515366563373   12    9    7    7
 -0.0007681657705332107   12    9    8    1
 -0.003969038537355344   12    9    8    2
 0.001198813601417153   12    9    8    3
 -0.003726127531883607   12    9    8    4
 -0.0006423686677143876   12    9    8    5
 -0.001484863626816563   12    9    8    6
 -0.001286328085919249   12    9    8    7
 -0.006764383628820455   12    9    8    8
 -0.001516386645785166   12    9    9    1
 -0.0050212551738838   12    9    9    2
 0.002546694570397875   12    9    9    3
 -0.002333282818953969   12    9    9    4
 -0.0004195416884804337   12    9    9    5
 -0.004277598344169666   12    9    9    6
 -7.036604947630379e-05   12    9    9    7
 -0.0006290319588810668   12    9    9    8
 -0.003734060746719792   12    9    9    9
 0.0007162158895564894   12    9   10    1
 0.002085736188460769   12    9   10    2
 -0.00296981347361016   12    9   10    3
 0.001000205749709363   12    9   10    4
 -0.001101630164192286   12    9   10    5
 -0.00339881621359709   12    9   10    6
 -0.0007408603168511644   12    9   10    7
 3.9049455835468e-05   12    9   10    8
 0.003334774662034063   12    9   10    9
 -0.003886151468762616   12    9   10   10
 -0.0001251634539507069   12    9   11    1
 -0.003266287713815092   12    9   11    2
 0.001774336812524498   12    9   11    3
 -0.003287411164531999   12    9   11    4
 0.000591304642015982   12    9   11    5
 -0.002064839788556698   12    9   11    6
 -0.004160593040653283   12    9   11    7
 0.0001705296222555188   12    9   11    8
 -0.001765621081891444   12    9   11    9
 0.000648251939002691   12    9   11   10
 -0.002667270039695507   12    9   11   11
 -0.0004545192520259394   12    9   12    1
 0.0006740901041912429   12    9   12    2
 -0.002052515448521191   12    9   12    3
 0.003218599916219853   12    9   12    4
 -0.002578203936014526   12    9   12    5
 0.002220662441001615   12    9   12    6
 0.004056957677504284   12    9   12    7
 -0.0003620603202154731   12    9   12    8
 0.008752801469747277   12    9   12    9
 -0.008791437777999156   12   10    1    1
 8.627872074672596e-05   12   10    2    1
 -0.006418338521295294   12   10    2    2
 9.726292130051704e-05   12   10    3    1
 0.005070951313119094   12   10    3    2
 0.005268452921182264   12   10    3    3
 -0.0004488475646176705   12   10    4    1
 -0.005317822807395137   12   10    4    2
 0.004842909560245345   12   10    4    3
 -0.004325692657195615   12   10    4    4
 0.0002865421204610981   12   10    5    1
 0.001659535078281435   12   10    5    2
 0.000147806686170231   12   10    5    3
 0.002331874540596952   12   10    5    4
 0.003390483797890549   12   10    5    5
 -3.223984079878905e-05   12   10    6    1
 -0.0007135157782912143   12   10    6    2
 0.004190531846347127   12   10    6    3
 -0.004035687330595991   12   10    6    4
 0.003586234418784977   12   10    6    5
 0.004549671740436334   12   10    6    6
 0.0009666786665061076   12   10    7    1
 0.004153636293012944   12   10    7    2
 0.0006581768070238214   12   10    7    3
 0.003140335359035091   12   10    7    4
 0.002183744034330592   12   10    7    5
 0.001521786461277098   12   10    7    6
 -0.004259926459219723   12   10    7    7
 0.0005401450711999707   12   10    8    1
 0.002765464329092108   12   10    8    2
 0.0002406188976021531   12   10    8    3
 0.002578741489238981   12   10    8    4
 -0.004501808214596152   12   10    8    5
 0.002002121047151103   12   10    8    6
 0.0006275646256695614   12   10    8    7
 -0.003475336936756922   12   10    8    8
 0.0007435950490033677   12   10    9    1
 0.001388198877449996   12   10    9    2
 -0.006295641087288753   12   10    9    3
 0.001004907081429465   12   10    9    4
 -0.002492328044436717   12   10    9    5
 -0.006166453349076516   12   10    9    6
 -0.004762133730259378   12   10    9    7
 -0.00037126320450789   12   10    9    8
 0.003171335274620946   12   10    9    9
 -0.0003588004446786664   12   10   10    1
 -0.0004678506286560505   12   10   10    2
 0.003447842931196804   12   10   10    3
 0.0008852039133814364   12   10   10    4
 0.0008733657299952438   12   10   10    5
 0.001261226475674137   12   10   10    6
 0.003072084832206483   12   10   10    7
 0.0006832758614634084   12   10   10    8
 0.0006665508413968566   12   10   10    9
 0.006793938640736119   12   10   10   10
 0.0001307762100586607   12   10   11    1
 -7.361786482201602e-06   12   10   11    2
 -0.0008048231635027498   12   10   11    3
 0.005265320061379072   12   10   11    4
 -0.000891216844375212   12   10   11    5
 0.003282844213860158   12   10   11    6
 0.0002337190921360408   12   10   11    7
 0.001214822380229604   12   10   11    8
 0.0009836517351117437   12   10   11    9
 -0.001125335372955689   12   10   11   10
 -0.003968962496397198   12   10   11   11
 0.000476617001256625   12   10   12    1
 -0.0005531868280696032   12   10   12    2
 0.001160241740833401   12   10   12    3
 -0.001046653534813917   12   10   12    4
 0.0009795644307412864   12   10   12    5
 -0.002943826626721766   12   10   12    6
 -0.002744398947926072   12   10   12    7
 0.002422856346462632   12   10   12    8
 -0.0005805353974901369   12   10   12    9
 0.006743412230442324   12   10   12   10
 -0.1011802382882501   12   11    1    1
 0.001017470583772298   12   11    2    1
 -0.06751519036804093   12   11    2    2
 0.0006553493450997285   12   11    3    1
 0.0393091187904334   12   11    3    2
 0.02474817100503619   12   11    3    3
 -0.004220556241949637   12   11    4    1
 -0.04232394387228739   12   11    4    2
 0.0405114763203145   12   11    4    3
 -0.03766307056824997   12   11    4    4
 0.002763070382836707   12   11    5    1
 0.006437820546383596   12   11    5    2
 -0.01157643351769649   12   11    5    3
 0.02087351278564759   12   11    5    4
 0.01819217606910157   12   11    5    5
 -0.003109675127685956   12   11    6    1
 -0.01918599517434316   12   11    6    2
 0.01275249442383761   12   11    6    3
 -0.04248128889143975   12   11    6    4
 0.01177107836232568   12   11    6    5
 0.008129307776803258   12   11    6    6
 -0.001249237074058973   12   11    7    1
 -0.003339815387468479   12   11    7    2
 -0.004939068151407243   12   11    7    3
 0.005335764921046595   12   11    7    4
 0.005693397028218538   12   11    7    5
 -0.01730660979578925   12   11    7    6
 -0.03129677309946199   12   11    7    7
 0.003234120022399649   12   11    8    1
 0.01410254750987747   12   11    8    2
 0.003604087497106214   12   11    8    3
 0.01312739999165961   12   11    8    4
 -0.04348921223316481   12   11    8    5
 0.01122651582344808   12   11    8    6
 -0.001823707062066545   12   11    8    7
 -0.04127367943388596   12   11    8    8
 -0.0008439310602090208   12   11    9    1
 -0.003524813210681881   12   11    9    2
 0.002694255116593017   12   11    9    3
 -0.00504660632054021   12   11    9    4
 -0.001570665409696299   12   11    9    5
 -0.01380017261289133   12   11    9    6
 -0.04263988653983598   12   11    9    7
 -0.01183683539604469   12   11    9    8
 0.00319279681388885   12   11    9    9
 0.0002309020308300808   12   11   10    1
 0.001200558877152974   12   11   10    2
 -0.002765421383730582   12   11   10    3
 0.004873404245386333   12   11   10    4
 -0.0002349682467340055   12   11   10    5
 0.007678995069666538   12   11   10    6
 0.01504692544253538   12   11   10    7
 0.003024991601404828   12   11   10    8
 0.01574137396158246   12   11   10    9
 0.02804834078666256   12   11   10   10
 -0.000973245691048358   12   11   11    1
 -0.01051421581238097   12   11   11    2
 -4.910819908813371e-05   12   11   11    3
 0.03051815907089361   12   11   11    4
 -0.002701971325105414   12   11   11    5
 0.02267972932652784   12   11   11    6
 -0.01164925946873717   12   11   11    7
 0.00704071752604414   12   11   11    8
 -0.001719795924249454   12   11   11    9
 -0.004083529121930744   12   11   11   10
 -0.04850796427276543   12   11   11   11
 0.005003398512104336   12   11   12    1
 0.0002399679276948053   12   11   12    2
 0.005538134099280347   12   11   12    3
 -0.006175599638692785   12   11   12    4
 0.009239011280512145   12   11   12    5
 -0.01169361426176018   12   11   12    6
 -0.003587397284487996   12   11   12    7
 0.020680873168476   12   11   12    8
 -0.002786638040175485   12   11   12    9
 0.007079240179922533   12   11   12   10
 0.06582046887011202   12   11   12   11
 0.5375420525256682   12   12    1    1
 -0.004299920294107393   12   12    2    1
 0.4161006499696124   12   12    2    2
 0.0007511929400750313   12   12    3    1
 -0.02932354096810781   12   12    3    2
 0.331276800524207   12   12    3    3
 0.002298312859690323   12   12    4    1
 0.01742503188023113   12   12    4    2
 -0.03644798210540386   12   12    4    3
 0.3731301408698179   12   12    4    4
 -0.00223485299183525   12   12    5    1
 -0.001841114119128761   12   12    5    2
 -0.002944300354501705   12   12    5    3
 -0.02402637294034858   12   12    5    4
 0.3372813193328652   12   12    5    5
 0.002301250599521975   12   12    6    1
 0.002546780112659495   12   12    6    2
 0.001119408425586739   12   12    6    3
 0.058191724122686   12   12    6    4
 0.005093535540072767   12   12    6    5
 0.3171243269450147   12   12    6    6
 0.0008749488058009274   12   12    7    1
 0.002784415081792597   12   12    7    2
 0.0008478480881364057   12   12    7    3
 -0.01502767096557463   12   12    7    4
 -0.009147137873534602   12   12    7    5
 0.02054936099757312   12   12    7    6
 0.3721778407300487   12   12    7    7
 -0.002559848136386314   12   12    8    1
 -0.008578784755141258   12   12    8    2
 1.549536442708899e-05   12   12    8    3
 0.003661396426881851   12   12    8    4
 0.03764233424291596   12   12    8    5
 -0.01332050484725526   12   12    8    6
 0.0009730506691327068   12   12    8    7
 0.3898551694569732   12   12    8    8
 0.000530460903027529   12   12    9    1
 0.001543419460265962   12   12    9    2
 -0.001681472431061734   12   12    9    3
 0.002442703059760786   12   12    9    4
 0.001740868402322662   12   12    9    5
 0.01579428500930286   12   12    9    6
 0.05047177684792786   12   12    9    7
 0.01472047080443026   12   12    9    8
 0.321120528634106   12   12    9    9
 -0.0002454772090869217   12   12   10    1
 -0.0001589492614259365   12   12   10    2
 -0.0001436394688526536   12   12   10    3
 -0.001052741578706542   12   12   10    4
 0.000270510967368233   12   12   10    5
 -0.003821797738292621   12   12   10    6
 -0.0043683201269853   12   12   10    7
 -0.0009989697679523282   12   12   10    8
 -0.04274037617454384   12   12   10    9
 0.3015753138363037   12   12   10   10
 -0.00169199551404165   12   12   11    1
 0.02688676707866144   12   12   11    2
 -0.003043007947003471   12   12   11    3
 -0.002923571632999002   12   12   11    4
 0.004293643916271551   12   12   11    5
 -0.02557952685179752   12   12   11    6
 0.01493752913211639   12   12   11    7
 -0.01620853005305073   12   12   11    8
 0.003690398688114434   12   12   11    9
 0.002653912867911404   12   12   11   10
 0.374890196544926   12   12   11   11
 -0.002147938332560555   12   12   12    1
 -0.008666430771257932   12   12   12    2
 0.01004947926851593   12   12   12    3
 -0.007799866096292361   12   12   12    4
 0.01252107393166647   12   12   12    5
 -0.01989110704326892   12   12   12    6
 0.007648620551616332   12   12   12    7
 -0.01440840375986762   12   12   12    8
 0.0004440703533738841   12   12   12    9
 -0.004063929462414979   12   12   12   10
 -0.04138180725629151   12   12   12   11
 0.3679040114253815   12   12   12   12
 0.01627854740117038   13    1    1    1
 -0.002483338363610402   13    1    2    1
 -0.0009073229514897716   13    1    2    2
 -0.001421507694183498   13    1    3    1
 -0.003971166648891521   13    1    3    2
 9.410115764709561e-05   13    1    3    3
 0.007621053322270818   13    1    4    1
 0.01148315567549267   13    1    4    2
 -0.003342555407416558   13    1    4    3
 0.0004773013716023338   13    1    4    4
 -0.002111438407294699   13    1    5    1
 -0.002263863198084078   13    1    5    2
 -2.301772985298508e-05   13    1    5    3
 0.001760231348070428   13    1    5    4
 -0.002451295780526072   13    1    5    5
 0.004696106504552581   13    1    6    1
 0.005841881786550662   13    1    6    2
 -0.001967593563418192   13    1    6    3
 -0.0003238480930073184   13    1    6    4
 0.0004192510293992946   13    1    6    5
 -0.002159207474517203   13    1    6    6
 -0.001137181237666088   13    1    7    1
 -0.00188674712250097   13    1    7    2
 0.0009582676776538371   13    1    7    3
 -0.0008386705199478576   13    1    7    4
 -0.0001864489838418543   13    1    7    5
 -0.0001916324333417768   13    1    7    6
 -0.0006910835569502885   13    1    7    7
 0.0003469292729683314   13    1    8    1
 0.001388793522709051   13    1    8    2
 -0.0007377556206530769   13    1    8    3
 0.001366539756500418   13    1    8    4
 0.000617035124060775   13    1    8    5
 0.0007286068000547846   13    1    8    6
 -0.00068149760742747   13    1    8    7
 0.0006609594573977768   13    1    8    8
 0.0002312451029546867   13    1    9    1
 0.0001280332600132334   13    1    9    2
 -9.373317297790823e-05   13    1    9    3
 -3.547064669782447e-05   13    1    9    4
 6.015314827065756e-05   13    1    9    5
 0.0002216594847396145   13    1    9    6
 0.00116792499995547   13    1    9    7
 0.0003044225736972528   13    1    9    8
 -0.0008281512263088014   13    1    9    9
 8.187038749518253e-05   13    1   10    1
 0.0001801856358169046   13    1   10    2
 5.059755412828375e-05   13    1   10    3
 -8.363373051666286e-05   13    1   10    4
 4.2513835538652e-05   13    1   10    5
 -0.0003514076112333612   13    1   10    6
 -0.001373427527374542   13    1   10    7
 -0.0002067209371503956   13    1   10    8
 0.0003336704088517873   13    1   10    9
 -0.002029243476925381   13    1   10   10
 -0.002963718513452007   13    1   11    1
 -0.00133102764921879   13    1   11    2
 0.000272081984788215   13    1   11    3
 0.001437915913255721   13    1   11    4
 -0.0005565256605838458   13    1   11    5
 0.001569743075062634   13    1   11    6
 -9.7765302997182e-05   13    1   11    7
 -0.0002549903760342617   13    1   11    8
 0.0001566942672202057   13    1   11    9
 6.409850172732495e-05   13    1   11   10
 -0.001755908453262654   13    1   11   11
 -0.008186495148780075   13    1   12    1
 -0.007245135290905637   13    1   12    2
 0.002481238388672341   13    1   12    3
 -0.0009883855844120225   13    1   12    4
 -0.002615406623114252   13    1   12    5
 0.001084432985201433   13    1   12    6
 0.001550870720874395   13    1   12    7
 -0.003797299313295538   13    1   12    8
 0.0004477425760065742   13    1   12    9
 -0.0004786885820835594   13    1   12   10
 -0.00434325300451386   13    1   12   11
 0.002664072686933764   13    1   12   12
 0.008331115928187752   13    1   13    1
 -0.01868082249155155   13    2    1    1
 0.0003529914473042586   13    2    2    1
 -0.002039904062748504   13    2    2    2
 -0.002059550718207908   13    2    3    1
 0.003187139036368717   13    2    3    2
 0.02410603535656039   13    2    3    3
 0.006705980012957693   13    2    4    1
 0.01629930068384554   13    2    4    2
 -0.006163998952698103   13    2    4    3
 0.005480129887968832   13    2    4    4
 -0.001199349393197387   13    2    5    1
 -0.007021368291292254   13    2    5    2
 -0.002344647712404062   13    2    5    3
 0.006746797116446581   13    2    5    4
 0.009072352374517574   13    2    5    5
 0.003626137804512313   13    2    6    1
 0.01199069267196453   13    2    6    2
 0.003036398252330755   13    2    6    3
 -0.002515340024257548   13    2    6    4
 0.01196391598965664   13    2    6    5
 0.001377791772398315   13    2    6    6
 -0.001299343094555315   13    2    7    1
 -0.002523032724964699   13    2    7    2
 -0.0003062419341542343   13    2    7    3
 -0.005165413552236405   13    2    7    4
 -0.0008558300496558103   13    2    7    5
 -0.001626191071012905   13    2    7    6
 0.00679584848917979   13    2    7    7
 0.001116632820316206   13    2    8    1
 0.000668050238485086   13    2    8    2
 -0.001832137213642011   13    2    8    3
 0.01284687696136894   13    2    8    4
 -0.008517232995644988   13    2    8    5
 0.003648219007737112   13    2    8    6
 -0.0001246025214912546   13    2    8    7
 0.0005537268477413967   13    2    8    8
 7.473365349279047e-05   13    2    9    1
 0.0005782078166180193   13    2    9    2
 0.0005919780316332547   13    2    9    3
 -0.001869758033398188   13    2    9    4
 -2.145481546278122e-05   13    2    9    5
 -0.003966866688288968   13    2    9    6
 -0.01186380853192726   13    2    9    7
 -0.003323307568653192   13    2    9    8
 0.008775361601230745   13    2    9    9
 0.0001770163531539322   13    2   10    1
 0.0002115358640277171   13    2   10    2
 -0.001098628913148072   13    2   10    3
 0.001884306937632093   13    2   10    4
 0.000346052657942397   13    2   10    5
 0.004508866290753978   13    2   10    6
 0.01516580880383292   13    2   10    7
 0.004228323342960135   13    2   10    8
 -0.01495072020725182   13    2   10    9
 0.02418367969515548   13    2   10   10
 -0.001112467352316609   13    2   11    1
 -0.01182467048598239   13    2   11    2
 -0.00411903942360787   13    2   11    3
 0.01968006515266026   13    2   11    4
 -0.003557679511058774   13    2   11    5
 0.007274700220556105   13    2   11    6
 -0.004808615165036885   13    2   11    7
 0.005095091725901692   13    2   11    8
 0.0005014445569095372   13    2   11    9
 -0.00113419268057174   13    2   11   10
 0.002935692525548479   13    2   11   11
 -0.007090223997894356   13    2   12    1
 -0.02017998733503178   13    2   12    2
 0.01049549071960468   13    2   12    3
 -0.001053651960999354   13    2   12    4
 -0.0005112149447997513   13    2   12    5
 0.004114867738924324   13    2   12    6
 0.001915408488343889   13    2   12    7
 -0.005216098417911543   13    2   12    8
 -7.816844570422902e-05   13    2   12    9
 0.0007811949375326856   13    2   12   10
 0.002398547106917534   13    2   12   11
 0.0002637386674376957   13    2   12   12
 0.006672810276718828   13    2   13    1
 0.02658597638948503   13    2   13    2
 -0.01707997007448672   13    3    1    1
 0.0009656838358917073   13    3    2    1
 0.02083980581928045   13    3    2    2
 0.0005102743070976198   13    3    3    1
 0.01850316154114903   13    3    3    2
 0.04445122551973493   13    3    3    3
 -0.002605075802359935   13    3    4    1
 -0.02282924677008955   13    3    4    2
 0.0005515270181677094   13    3    4    3
 0.01788911740380611   13    3    4    4
 0.0003863285734885535   13    3    5    1
 -0.004275138697704891   13    3    5    2
 -0.0049571826370458   13    3    5    3
 -0.007506918316500362   13    3    5    4
 0.02542426488979132   13    3    5    5
 -0.001531056405468643   13    3    6    1
 -0.005556938804914602   13    3    6    2
 0.01326600238488888   13    3    6    3
 0.01264712088543537   13    3    6    4
 0.01200648848460522   13    3    6    5
 0.008477810099148249   13    3    6    6
 0.000688590753119344   13    3    7    1
 0.006907996980287188   13    3    7    2
 -0.00753953091315192   13    3    7    3
 -0.00464237846314707   13    3    7    4
 -0.001415639063622072   13    3    7    5
 0.004711455924764522   13    3    7    6
 0.0241723405895093   13    3    7    7
 -0.0008709750920442155   13    3    8    1
 -0.01286416101306502   13    3    8    2
 0.007497998333059459   13    3    8    3
 0.00788186529693757   13    3    8    4
 -0.00570537069325939   13    3    8    5
 -0.001511610366803643   13    3    8    6
 0.004132949878391533   13    3    8    7
 0.008119812826047693   13    3    8    8
 -1.252098639365768e-05   13    3    9    1
 0.001494547019652903   13    3    9    2
 0.0007341300889295288   13    3    9    3
 -0.001807343958664638   13    3    9    4
 -1.42749019162435e-05   13    3    9    5
 -0.004199875564946242   13    3    9    6
 -0.01820190352888697   13    3    9    7
 -0.005535208195196366   13    3    9    8
 0.01611680437620074   13    3    9    9
 -3.590722238144054e-05   13    3   10    1
 -0.001748094172641187   13    3   10    2
 -0.001899670090985664   13    3   10    3
 0.00234098405559701   13    3   10    4
 0.000806191042945907   13    3   10    5
 0.009367172334522838   13    3   10    6
 0.03741008546700969   13    3   10    7
 0.01048772396391928   13    3   10    8
 -0.04304089986328816   13    3   10    9
 0.04740952828603729   13    3   10   10
 0.001605852804066894   13    3   11    1
 -0.01197771605092795   13    3   11    2
 -0.003801452661337615   13    3   11    3
 0.01589925742750813   13    3   11    4
 -0.002509801494956118   13    3   11    5
 -0.003856179355541267   13    3   11    6
 -0.006493676534571907   13    3   11    7
 0.01357170546427927   13    3   11    8
 -0.0004403172278200927   13    3   11    9
 0.0001413003030790728   13    3   11   10
 0.03217732198567019   13    3   11   11
 0.002572260867959187   13    3   12    1
 0.01009957200107145   13    3   12    2
 0.009029405750296648   13    3   12    3
 0.01278132609905773   13    3   12    4
 0.01122753379460375   13    3   12    5
 0.01653313070536825   13    3   12    6
 -0.00626894430786833   13    3   12    7
 0.003567489355390691   13    3   12    8
 -0.001600343699379988   13    3   12    9
 0.0008292053522407544   13    3   12   10
 0.0008533611537172901   13    3   12   11
 0.003153739844664261   13    3   12   12
 -0.002777459307316836   13    3   13    1
 0.009426609615910266   13    3   13    2
 0.04903752550009625   13    3   13    3
 0.1917796658328192   13    4    1    1
 -0.003505790766788289   13    4    2    1
 0.07304987836275789   13    4    2    2
 0.0009802291685978536   13    4    3    1
 -0.02558407626498741   13    4    3    2
 0.002326158206981838   13    4    3    3
 5.408513264698093e-06   13    4    4    1
 0.004005235806792193   13    4    4    2
 -0.01461406585359679   13    4    4    3
 0.03623785049323767   13    4    4    4
 -0.0002032942644345814   13    4    5    1
 0.01748764297421896   13    4    5    2
 -0.004308762025532327   13    4    5    3
 -0.009117388482728183   13    4    5    4
 0.0122752685983564   13    4    5    5
 0.0004684871035902952   13    4    6    1
 -0.00966575197881687   13    4    6    2
 -0.001199503634046834   13    4    6    3
 0.02385216027611072   13    4    6    4
 -0.0104507690551609   13    4    6    5
 0.01159502454632391   13    4    6    6
 -0.0001559874928305067   13    4    7    1
 -0.008227990082526586   13    4    7    2
 0.006292124930222244   13    4    7    3
 -0.007976199741750825   13    4    7    4
 -0.004352078428795245   13    4    7    5
 0.01472854102517801   13    4    7    6
 0.05847814434774543   13    4    7    7
 0.0003110900870566463   13    4    8    1
 0.02100302201949181   13    4    8    2
 -0.01139115088756885   13    4    8    3
 0.005427028662314816   13    4    8    4
 0.03760214012608062   13    4    8    5
 -0.000237328264479755   13    4    8    6
 -0.002131239695507172   13    4    8    7
 0.07269868801770746   13    4    8    8
 2.616056211206396e-05   13    4    9    1
 -0.00280347632272855   13    4    9    2
 0.0004065335124243748   13    4    9    3
 0.0005092289025039684   13    4    9    4
 0.001836518944003593   13    4    9    5
 0.01284040548299688   13    4    9    6
 0.04650473166850374   13    4    9    7
 0.01404270597786371   13    4    9    8
 0.02496101966435464   13    4    9    9
 -0.0001135154702879396   13    4   10    1
 0.002754350764363173   13    4   10    2
 -0.0001971228482260586   13    4   10    3
 0.0008503142309795573   13    4   10    4
 -0.001435312605809237   13    4   10    5
 -0.00561245221715414   13    4   10    6
 -0.02203412358834624   13    4   10    7
 -0.006663488073342329   13    4   10    8
 -0.01032135902265219   13    4   10    9
 -0.006646303869137935   13    4   10   10
 -0.002815230971354346   13    4   11    1
 0.0348597312989247   13    4   11    2
 -0.003526773007579371   13    4   11    3
 -0.006213266197744446   13    4   11    4
 -0.007432215383059726   13    4   11    5
 -0.00337112389809804   13    4   11    6
 0.01511104326768875   13    4   11    7
 -0.02646859561775842   13    4   11    8
 0.004565821952203358   13    4   11    9
 -0.001521768433459376   13    4   11   10
 0.0227696237871756   13    4   11   11
 0.0006856387089494523   13    4   12    1
 -0.01021468989299391   13    4   12    2
 0.0139726009406869   13    4   12    3
 -0.03741685954266756   13    4   12    4
 0.009732845093981243   13    4   12    5
 -0.02323317186213141   13    4   12    6
 0.003241981326650745   13    4   12    7
 0.001029500912502264   13    4   12    8
 -0.002037793849002383   13    4   12    9
 -0.000118477599263212   13    4   12   10
 -0.002417549644567205   13    4   12   11
 0.02548939014344651   13    4   12   12
 0.0003376868036102403   13    4   13    1
 -0.004854472170865849   13    4   13    2
 -0.01064648250045414   13    4   13    3
 0.04008707730497794   13    4   13    4
 -0.04336322174306717   13    5    1    1
 0.0008583933540432943   13    5    2    1
 -0.01670813830361365   13    5    2    2
 -0.0008892893693404123   13    5    3    1
 -0.0006151757506187606   13    5    3    2
 -0.002932626179054695   13    5    3    3
 0.002375569249449632   13    5    4    1
 0.01561894389162715   13    5    4    2
 0.0008860316343280349   13    5    4    3
 -0.002801420360728735   13    5    4    4
 -0.0006769695602324293   13    5    5    1
 -0.0136757685053418   13    5    5    2
 -0.01840100621988009   13    5    5    3
 0.004292437729574186   13    5    5    4
 0.008388053960257342   13    5    5    5
 0.001220794979383023   13    5    6    1
 0.007978034484300438   13    5    6    2
 -0.01701970285689212   13    5    6    3
 -0.01137515491988924   13    5    6    4
 -0.007864123534107035   13    5    6    5
 -0.01010293620274715   13    5    6    6
 -0.0003441112375891782   13    5    7    1
 0.0002068437876425803   13    5    7    2
 0.002425704192761304   13    5    7    3
 0.003808192637592963   13    5    7    4
 0.006856809252932026   13    5    7    5
 -0.003130426200781597   13    5    7    6
 -0.01569657091260206   13    5    7    7
 -0.000272141233334122   13    5    8    1
 -0.003549550286291897   13    5    8    2
 0.01428710878491209   13    5    8    3
 -0.0001224331574911006   13    5    8    4
 -0.02014587818673347   13    5    8    5
 0.004783549058851149   13    5    8    6
 -0.003831185390199615   13    5    8    7
 -0.007791528606572383   13    5    8    8
 -2.474157747802022e-05   13    5    9    1
 0.0004153305136848269   13    5    9    2
 -0.001025240681200018   13    5    9    3
 -0.000305551797462877   13    5    9    4
 -0.0009450123595407834   13    5    9    5
 8.126506173947436e-05   13    5    9    6
 -0.0084068558372204   13    5    9    7
 -0.002049204797255386   13    5    9    8
 -0.007006677825263095   13    5    9    9
 0.000113535742626173   13    5   10    1
 -0.0003123098592945351   13    5   10    2
 -3.688658234470144e-05   13    5   10    3
 -0.002352903959967257   13    5   10    4
 0.0009191363967800235   13    5   10    5
 0.0002202815582025796   13    5   10    6
 -0.001119067246331542   13    5   10    7
 -0.0002658078736616622   13    5   10    8
 0.007777165734290817   13    5   10    9
 -0.006204989269873196   13    5   10   10
 0.0005112821691107013   13    5   11    1
 -0.009191672277250831   13    5   11    2
 -0.0008976078231183543   13    5   11    3
 -0.004674248162640091   13    5   11    4
 0.004111869786782727   13    5   11    5
 -0.006273668852204164   13    5   11    6
 -0.0006520072200755377   13    5   11    7
 0.003573785819707649   13    5   11    8
 -0.001960441712854342   13    5   11    9
 0.0003263327146038949   13    5   11   10
 -0.003820642320710315   13    5   11   11
 -0.002827691626456797   13    5   12    1
 -0.001522284813464057   13    5   12    2
 0.003831267665687645   13    5   12    3
 0.01447866227731035   13    5   12    4
 0.003808473634335105   13    5   12    5
 0.01330867466108742   13    5   12    6
 0.001651682115401693   13    5   12    7
 -0.0150810272841101   13    5   12    8
 0.0001341140068653623   13    5   12    9
 -0.001427806507742453   13    5   12   10
 -0.003617835040747511   13    5   12   11
 -0.002217182231797112   13    5   12   12
 0.002362929939778439   13    5   13    1
 0.003047111451937689   13    5   13    2
 -0.003308609118154877   13    5   13    3
 -0.007592204182620557   13    5   13    4
 0.0366857666756374   13    5   13    5
 0.1123688501985033   13    6    1    1
 -0.001991379183808843   13    6    2    1
 0.0477197017530953   13    6    2    2
 0.0009859844612020434   13    6    3    1
 -0.009715059704032258   13    6    3    2
 0.006440307971629221   13    6    3    3
 -0.00146451218816228   13    6    4    1
 -0.008262918535475672   13    6    4    2
 -0.004648915441622345   13    6    4    3
 0.0267737086694663   13    6    4    4
 9.423984249655518e-05   13    6    5    1
 0.009103576940115928   13    6    5    2
 -0.01353169915159461   13    6    5    3
 -0.00939634475483318   13    6    5    4
 0.01035141872497202   13    6    5    5
 -0.000567239382139931   13    6    6    1
 -0.01231891823543248   13    6    6    2
 -0.009777278953397474   13    6    6    3
 0.0148213548213867   13    6    6    4
 -0.01130282781599379   13    6    6    5
 -0.003135630091650847   13    6    6    6
 0.0001292159590011286   13    6    7    1
 -0.0005295053445540187   13    6    7    2
 0.007074080776760066   13    6    7    3
 -0.004467250408337253   13    6    7    4
 -0.0009158972191257106   13    6    7    5
 0.01373924537603983   13    6    7    6
 0.03892088881318295   13    6    7    7
 -0.0002133063064901456   13    6    8    1
 0.01002543430405999   13    6    8    2
 0.0001967991158270004   13    6    8    3
 0.007190303495696053   13    6    8    4
 0.01921844062261591   13    6    8    5
 0.002588102694261706   13    6    8    6
 -0.001572197457115951   13    6    8    7
 0.0449610540538703   13    6    8    8
 -6.558832705662379e-05   13    6    9    1
 -0.002500021445939475   13    6    9    2
 -0.002097011163575298   13    6    9    3
 0.0007494277511575226   13    6    9    4
 0.001974034259134214   13    6    9    5
 0.008932953347039139   13    6    9    6
 0.02447783198212053   13    6    9    7
 0.007332007749405001   13    6    9    8
 0.01197042445865977   13    6    9    9
 -8.15799332544512e-05   13    6   10    1
 0.003108932855732046   13    6   10    2
 0.002659277604155357   13    6   10    3
 -0.0006618225239297189   13    6   10    4
 -0.0009831941975605445   13    6   10    5
 0.001379603663573939   13    6   10    6
 -0.0001569121250542594   13    6   10    7
 -0.0009285232590654624   13    6   10    8
 -0.02398500868906398   13    6   10    9
 0.002923720353091636   13    6   10   10
 -0.001205926319439976   13    6   11    1
 0.0176790012499584   13    6   11    2
 -0.008141386587049071   13    6   11    3
 0.0008140425594221618   13    6   11    4
 -0.009815322237224252   13    6   11    5
 -0.002563417250430158   13    6   11    6
 0.005049456034339476   13    6   11    7
 -0.01039552321537526   13    6   11    8
 0.003575685841800764   13    6   11    9
 -0.002991392482022395   13    6   11   10
 0.02151852596664482   13    6   11   11
 0.001963670214890196   13    6   12    1
 -0.000425153750460088   13    6   12    2
 0.01798988162112093   13    6   12    3
 -0.02403586989748983   13    6   12    4
 0.01372106414196561   13    6   12    5
 0.002608003272310789   13    6   12    6
 -0.00513745470640357   13    6   12    7
 0.002659383688075793   13    6   12    8
 -0.004476930825632999   13    6   12    9
 0.0003623461058978032   13    6   12   10
 0.003262264431066787   13    6   12   11
 0.003905379373457984   13    6   12   12
 -0.001322600027552568   13    6   13    1
 1.001933777319386e-05   13    6   13    2
 0.01190627934257649   13    6   13    3
 0.01640117952952247   13    6   13    4
 0.006076182009832264   13    6   13    5
 0.0342639295618778   13    6   13    6
 -0.03453432068171134   13    7    1    1
 0.0005740790127742933   13    7    2    1
 -0.01384929867926353   13    7    2    2
 0.0001528716661898926   13    7    3    1
 0.007759539336198747   13    7    3    2
 -0.0001639699659375826   13    7    3    3
 -0.001157250513077048   13    7    4    1
 -0.008201162981829224   13    7    4    2
 0.005638483365673167   13    7    4    3
 -0.008384244777078611   13    7    4    4
 0.0003479001246076258   13    7    5    1
 -0.0008190580208429476   13    7    5    2
 0.002229604850644188   13    7    5    3
 0.002383584963059512   13    7    5    4
 0.004184287450474439   13    7    5    5
 -0.0008118219094982151   13    7    6    1
 2.938582064671793e-05   13    7    6    2
 0.006243212278714438   13    7    6    3
 -0.006431906302346762   13    7    6    4
 0.003056263237530408   13    7    6    5
 0.006549510437039203   13    7    6    6
 -0.0001083507782987815   13    7    7    1
 0.008007387063996077   13    7    7    2
 0.006257467678056759   13    7    7    3
 0.005398922430765925   13    7    7    4
 -0.002154848501706611   13    7    7    5
 0.0005681146172755788   13    7    7    6
 -0.01016353866528555   13    7    7    7
 -8.41655594168275e-05   13    7    8    1
 -0.001333886275250524   13    7    8    2
 0.003305737669943258   13    7    8    3
 -0.001757213159662955   13    7    8    4
 -0.01031726579609031   13    7    8    5
 7.678301342202113e-05   13    7    8    6
 0.0002453653007783653   13    7    8    7
 -0.01300490706964568   13    7    8    8
 -0.0001796842387072557   13    7    9    1
 -0.00424553649777849   13    7    9    2
 -0.01231865785889069   13    7    9    3
 0.006182382920552068   13    7    9    4
 -9.879749503475579e-06   13    7    9    5
 -0.002731748958349933   13    7    9    6
 -0.01138196891945934   13    7    9    7
 -0.002260466855270352   13    7    9    8
 0.0006162196250984726   13    7    9    9
 1.07121934872725e-05   13    7   10    1
 0.007748874674128645   13    7   10    2
 0.01734814453969856   13    7   10    3
 -0.006243553550127299   13    7   10    4
 -0.0019462019038292   13    7   10    5
 0.002795246311002694   13    7   10    6
 0.003574813963058978   13    7   10    7
 -0.0008546287916206686   13    7   10    8
 0.006862865654500611   13    7   10    9
 0.006363716934028422   13    7   10   10
 0.0005147335722264356   13    7   11    1
 -0.005575766298809227   13    7   11    2
 -0.001423231719215771   13    7   11    3
 0.005747481783914169   13    7   11    4
 0.002243590080790613   13    7   11    5
 0.0003404866388166937   13    7   11    6
 -0.00924987508457263   13    7   11    7
 0.00189713245250649   13    7   11    8
 0.003131568125076982   13    7   11    9
 -0.008493684356614951   13    7   11   10
 -0.005376871525025242   13    7   11   11
 0.001208757943496291   13    7   12    1
 0.003185748537005817   13    7   12    2
 -0.005474719762056621   13    7   12    3
 0.005763991825868844   13    7   12    4
 0.0009115177374187066   13    7   12    5
 -0.004583328697028768   13    7   12    6
 -0.004185799829562848   13    7   12    7
 0.002824308802522439   13    7   12    8
 -0.005304339097789036   13    7   12    9
 0.003000760503742704   13    7   12   10
 0.004683838889786444   13    7   12   11
 -0.00373585903487498   13    7   12   12
 -0.001257962208731781   13    7   13    1
 -0.003230004253377335   13    7   13    2
 -0.004236029090867729   13    7   13    3
 -0.004808024313918678   13    7   13    4
 -0.0007280384377246083   13    7   13    5
 -0.004111158761067948   13    7   13    6
 0.01953945495408076   13    7   13    7
 0.02074321820737706   13    8    1    1
 -0.0003027849290245894   13    8    2    1
 0.005096851074112218   13    8    2    2
 -0.0007734501343565687   13    8    3    1
 -0.01560793995981232   13    8    3    2
 -0.01134623772981711   13    8    3    3
 0.003185936802883213   13    8    4    1
 0.02513519618752404   13    8    4    2
 -0.009847159441629942   13    8    4    3
 -0.0003121773572903317   13    8    4    4
 -0.0009667220982531816   13    8    5    1
 -0.000244994682248648   13    8    5    2
 0.01317520373668513   13    8    5    3
 0.001706934330973393   13    8    5    4
 -0.02695118451683638   13    8    5    5
 0.001840963812032467   13    8    6    1
 0.01201540076019454   13    8    6    2
 0.002291875145157869   13    8    6    3
 0.01129746024886713   13    8    6    4
 0.0006149517109931058   13    8    6    5
 -0.005941702680617462   13    8    6    6
 -0.0004931019895611156   13    8    7    1
 -0.001765935000426536   13    8    7    2
 0.003550705319612293   13    8    7    3
 -0.003197041767779543   13    8    7    4
 -0.005187763915416681   13    8    7    5
 0.002694736571110048   13    8    7    6
 -0.001621576734929219   13    8    7    7
 -0.0001981234200800115   13    8    8    1
 -7.65568332700695e-05   13    8    8    2
 -0.008551103001217194   13    8    8    3
 0.004110979612793403   13    8    8    4
 0.01707387312121999   13    8    8    5
 0.001795664606849761   13    8    8    6
 -0.001111454804707221   13    8    8    7
 0.0008167918237879003   13    8    8    8
 1.934986426131808e-05   13    8    9    1
 -0.001051246143830425   13    8    9    2
 -0.004111506964432427   13    8    9    3
 0.0039560815766152   13    8    9    4
 0.0008073011349171945   13    8    9    5
 0.00338180082413574   13    8    9    6
 0.01321703840250654   13    8    9    7
 0.003624076230149537   13    8    9    8
 -0.009187417047938719   13    8    9    9
 7.943200016730429e-05   13    8   10    1
 0.002554270878418696   13    8   10    2
 0.006304202671389047   13    8   10    3
 -0.003128779176052942   13    8   10    4
 -0.000641201913415586   13    8   10    5
 -0.002975934502187394   13    8   10    6
 -0.007932402827313558   13    8   10    7
 -0.001607520858682778   13    8   10    8
 -0.000867165480533024   13    8   10    9
 -0.01902593604722892   13    8   10   10
 -0.0004845050044320985   13    8   11    1
 0.005012182435596328   13    8   11    2
 0.00858294675133721   13    8   11    3
 -0.01587496156632812   13    8   11    4
 -0.0005958619569814055   13    8   11    5
 -0.003085097164702724   13    8   11    6
 0.001117311956142217   13    8   11    7
 -0.00447602223581029   13    8   11    8
 0.00162028894733606   13    8   11    9
 -0.0008098376216545353   13    8   11   10
 0.0008867854574392619   13    8   11   11
 -0.003550168438539222   13    8   12    1
 -0.006686778864111767   13    8   12    2
 0.0002557661666142018   13    8   12    3
 -0.001733844500882127   13    8   12    4
 -0.0169188141445768   13    8   12    5
 0.003507899894255598   13    8   12    6
 0.002353716862083138   13    8   12    7
 -0.01152778659357714   13    8   12    8
 0.0001052939732173819   13    8   12    9
 -0.001261873990173012   13    8   12   10
 -0.01656851304815652   13    8   12   11
 0.00761405471130086   13    8   12   12
 0.003356901883126834   13    8   13    1
 0.004078968428666034   13    8   13    2
 -0.00387572221042233   13    8   13    3
 0.004734692388760849   13    8   13    4
 -0.009668556375332128   13    8   13    5
 -0.00539738475216972   13    8   13    6
 -0.001123139494721375   13    8   13    7
 0.02586810549969227   13    8   13    8
 0.005363866990496753   13    9    1    1
 -9.26076393882913e-05   13    9    2    1
 0.003467509361587004   13    9    2    2
 0.0001547337298817541   13    9    3    1
 0.002362365840742562   13    9    3    2
 0.004680615264170443   13    9    3    3
 -0.0004995300850060467   13    9    4    1
 -0.005163561567464993   13    9    4    2
 -0.0003949672765478376   13    9    4    3
 0.002657145046571125   13    9    4    4
 6.728815623609063e-05   13    9    5    1
 0.001298833142351382   13    9    5    2
 0.0004257831274110627   13    9    5    3
 -0.0001562516631210892   13    9    5    4
 0.00349709248068062   13    9    5    5
 -0.0004368336130502106   13    9    6    1
 -0.00456318734619059   13    9    6    2
 0.0001687017879625215   13    9    6    3
 0.002753036451804855   13    9    6    4
 0.002178080410185193   13    9    6    5
 0.005161879022005767   13    9    6    6
 -0.0005307586631984777   13    9    7    1
 -0.009052270624348746   13    9    7    2
 -0.009785700271420155   13    9    7    3
 0.008330445280855633   13    9    7    4
 -0.0008274484592722424   13    9    7    5
 0.00261005052174485   13    9    7    6
 0.0009163003460429969   13    9    7    7
 -0.0002292243256955394   13    9    8    1
 -0.00243559688034654   13    9    8    2
 -0.003662758891878642   13    9    8    3
 0.004177509360067749   13    9    8    4
 -0.0001451471055213848   13    9    8    5
 0.001017470235143942   13    9    8    6
 0.001482529278630827   13    9    8    7
 0.003708530449389156   13    9    8    8
 -0.0005008257659564286   13    9    9    1
 0.001922731250716272   13    9    9    2
 0.007470551108708617   13    9    9    3
 0.0009599994924831127   13    9    9    4
 -0.002524992544362912   13    9    9    5
 0.002079163735125001   13    9    9    6
 4.226642489713603e-05   13    9    9    7
 -0.0007680725756885779   13    9    9    8
 0.003318555145326526   13    9    9    9
 0.0002145704280022663   13    9   10    1
 -0.008415521649889391   13    9   10    2
 -0.01867742450239233   13    9   10    3
 0.003582636063799927   13    9   10    4
 0.002496401533716897   13    9   10    5
 -0.004322142176269126   13    9   10    6
 0.00186922862104983   13    9   10    7
 0.001374556335819275   13    9   10    8
 -0.001977061143918746   13    9   10    9
 0.004223899165549666   13    9   10   10
 -7.50573118358909e-05   13    9   11    1
 0.0003851048220412482   13    9   11    2
 -0.001138551310060255   13    9   11    3
 0.003415888883148738   13    9   11    4
 -0.001386200357442537   13    9   11    5
 0.001770202747263333   13    9   11    6
 0.003068750413397115   13    9   11    7
 0.0004600417346310884   13    9   11    8
 -0.006279281930941185   13    9   11    9
 0.008501176393395243   13    9   11   10
 0.001365215905448648   13    9   11   11
 0.0006021936343050574   13    9   12    1
 0.0004537749252265343   13    9   12    2
 -0.0002574377733974849   13    9   12    3
 -0.001994464428586094   13    9   12    4
 0.001135594724899875   13    9   12    5
 -0.004111699118562418   13    9   12    6
 -0.005888428705082809   13    9   12    7
 0.0001517347263580362   13    9   12    8
 0.0006113892343937321   13    9   12    9
 0.002674284838608508   13    9   12   10
 0.002272354310820976   13    9   12   11
 0.0008778351185502031   13    9   12   12
 -0.0005179191255672521   13    9   13    1
 0.0006296863346598536   13    9   13    2
 0.003238637669703331   13    9   13    3
 -0.0002650800893784495   13    9   13    4
 -0.00219508506324405   13    9   13    5
 -0.001426462046560494   13    9   13    6
 -0.007598029797709712   13    9   13    7
 -0.00303037945156187   13    9   13    8
 0.01916265001544064   13    9   13    9
 0.003849466597815799   13   10    1    1
 -3.526139892632626e-05   13   10    2    1
 0.001592236790533465   13   10    2    2
 -0.000114561149280839   13   10    3    1
 -0.004883770055083461   13   10    3    2
 -0.007125368921880593   13   10    3    3
 0.0005045721420787236   13   10    4    1
 0.006841212774771911   13   10    4    2
 -0.0008707692909246431   13   10    4    3
 -0.0002444107940454079   13   10    4    4
 -8.68462260029936e-05   13   10    5    1
 -0.0006199438310809155   13   10    5    2
 0.000294547981661978   13   10    5    3
 -0.001366035865217329   13   10    5    4
 -0.003209333579549328   13   10    5    5
 0.0004948540268767715   13   10    6    1
 0.007399751111643418   13   10    6    2
 0.002837211411846985   13   10    6    3
 -0.000943293347943222   13   10    6    4
 -0.002804756605225256   13   10    6    5
 -0.001011563836039902   13   10    6    6
 0.0006648335187816717   13   10    7    1
 0.01873172954979136   13   10    7    2
 0.02537203239757358   13   10    7    3
 -0.008869888043228892   13   10    7    4
 -0.001857490719850271   13   10    7    5
 0.003351404609903092   13   10    7    6
 -0.0001709758333876609   13   10    7    7
 0.0002460617753335083   13   10    8    1
 0.005058696538650143   13   10    8    2
 0.007112283182121279   13   10    8    3
 -0.004388077858082472   13   10    8    4
 0.00226690326382341   13   10    8    5
 -0.0002957406106682147   13   10    8    6
 -0.001515827588728317   13   10    8    7
 0.0006850651153901309   13   10    8    8
 0.000650353558056617   13   10    9    1
 -0.007888215429502313   13   10    9    2
 -0.03256509783958426   13   10    9    3
 0.001265062617749525   13   10    9    4
 0.004460324707240545   13   10    9    5
 -0.008826945152786933   13   10    9    6
 0.005281011816560972   13   10    9    7
 0.0002262386578310671   13   10    9    8
 -0.002613569983700854   13   10    9    9
 -0.0003224712425294576   13   10   10    1
 0.01520040727980817   13   10   10    2
 0.02902783855327296   13   10   10    3
 -0.01074286261480379   13   10   10    4
 -0.005198586266380672   13   10   10    5
 0.002448486502620224   13   10   10    6
 -0.0003638842239439922   13   10   10    7
 -0.003945485365384393   13   10   10    8
 0.0007198605622775085   13   10   10    9
 -0.00501111347600478   13   10   10   10
 1.787670936967348e-05   13   10   11    1
 0.0005080505917183296   13   10   11    2
 0.0002350141042207722   13   10   11    3
 -0.005148425922794444   13   10   11    4
 0.00103168922959892   13   10   11    5
 -0.004221880038732155   13   10   11    6
 -0.007162111332610563   13   10   11    7
 -0.001933581271206082   13   10   11    8
 0.009956505218496633   13   10   11    9
 -0.01800355929139334   13   10   11   10
 0.00242067202832668   13   10   11   11
 -0.0005936196159569918   13   10   12    1
 -0.0002141274446827809   13   10   12    2
 0.0002986412299467844   13   10   12    3
 0.001421231025109767   13   10   12    4
 -0.002005874208135131   13   10   12    5
 0.002611193256259088   13   10   12    6
 0.002193273436733309   13   10   12    7
 -0.001951940373563824   13   10   12    8
 0.003506683026695387   13   10   12    9
 0.00506881332568654   13   10   12   10
 -0.005315898129387862   13   10   12   11
 0.003100510572724368   13   10   12   12
 0.0005359156913071179   13   10   13    1
 -0.002030212177099493   13   10   13    2
 -0.005349497784814868   13   10   13    3
 0.001992575718999877   13   10   13    4
 0.00251218907915645   13   10   13    5
 0.002726391548711562   13   10   13    6
 0.01345658872557997   13   10   13    7
 0.005256727269626144   13   10   13    8
 -0.01387836157096273   13   10   13    9
 0.04287227853608359   13   10   13   10
 -0.06815520594997439   13   11    1    1
 0.0008001567803627861   13   11    2    1
 -0.0473042666898882   13   11    2    2
 -0.001518598797335304   13   11    3    1
 -0.0162343207275609   13   11    3    2
 -0.03735472690263027   13   11    3    3
 0.004481112365456012   13   11    4    1
 0.04490484593203936   13   11    4    2
 0.001129501011936476   13   11    4    3
 -0.02804143984258625   13   11    4    4
 -0.000565360599812025   13   11    5    1
 -0.01392267157844262   13   11    5    2
 -0.007000974096140316   13   11    5    3
 0.003522764824110176   13   11    5    4
 -0.03497261367064847   13   11    5    5
 0.002297819006782041   13   11    6    1
 0.01930952010359347   13   11    6    2
 -0.02079542202305465   13   11    6    3
 -0.007400088912107728   13   11    6    4
 -0.01840035913120835   13   11    6    5
 -0.02799932016448463   13   11    6    6
 -0.001104503177214564   13   11    7    1
 -0.00678298318475275   13   11    7    2
 0.001550895949283317   13   11    7    3
 0.009800932452422698   13   11    7    4
 0.004181637899892496   13   11    7    5
 -0.004461965792525203   13   11    7    6
 -0.04878778607696799   13   11    7    7
 0.00110708366924184   13   11    8    1
 0.003577308493977999   13   11    8    2
 0.01233676898145484   13   11    8    3
 -0.01976941965436277   13   11    8    4
 -0.002574494040558024   13   11    8    5
 -0.001294962225591635   13   11    8    6
 -0.00344692473425255   13   11    8    7
 -0.03567776626312897   13   11    8    8
 -5.477965463686428e-05   13   11    9    1
 0.0006628738882849167   13   11    9    2
 -0.001069376294764824   13   11    9    3
 0.003032194544648372   13   11    9    4
 -0.001305324837955805   13   11    9    5
 0.002710691309551761   13   11    9    6
 0.002000548844512495   13   11    9    7
 2.848102723977868e-05   13   11    9    8
 -0.03626717161460279   13   11    9    9
 0.0001726145312067003   13   11   10    1
 -0.001132215673568386   13   11   10    2
 0.001147520338303673   13   11   10    3
 -0.004619065942021171   13   11   10    4
 0.0009333202629193748   13   11   10    5
 -0.005989097177693164   13   11   10    6
 -0.01855601372805135   13   11   10    7
 -0.003710230150257056   13   11   10    8
 0.02401889729370276   13   11   10    9
 -0.05131923641084359   13   11   10   10
 -0.0006093726053642729   13   11   11    1
 -0.007516900599224571   13   11   11    2
 0.01450752784086698   13   11   11    3
 -0.02755625322874291   13   11   11    4
 0.008876018331360636   13   11   11    5
 -0.00188764834863531   13   11   11    6
 -0.0002132672130317515   13   11   11    7
 0.004717416136686446   13   11   11    8
 -0.002716441411269965   13   11   11    9
 0.003268454430336297   13   11   11   10
 -0.03519160793690521   13   11   11   11
 -0.004805741790605356   13   11   12    1
 0.0007600017255840188   13   11   12    2
 -0.006242851486850938   13   11   12    3
 0.01665126682617534   13   11   12    4
 -0.01418319391822691   13   11   12    5
 0.01672454538476795   13   11   12    6
 0.001367845986538595   13   11   12    7
 -0.01269685378441508   13   11   12    8
 0.002413325424271416   13   11   12    9
 -0.003593473008277624   13   11   12   10
 -0.02140660995198174   13   11   12   11
 -0.001210662083199134   13   11   12   12
 0.004474426779282153   13   11   13    1
 -0.004297505777714011   13   11   13    2
 -0.01424141860319999   13   11   13    3
 -0.00343206549786475   13   11   13    4
 0.01450389676910852   13   11   13    5
 -0.007598143877299957   13   11   13    6
 -0.002047580142535471   13   11   13    7
 0.007900439930751684   13   11   13    8
 -0.003268125013262165   13   11   13    9
 0.003923304254892784   13   11   13   10
 0.04218328920059473   13   11   13   11
 -0.2421384786147986   13   12    1    1
 0.003652717178900744   13   12    2    1
 -0.1262833069947088   13   12    2    2
 -0.0006060287199276573   13   12    3    1
 0.05122723686189447   13   12    3    2
 0.03083478180196176   13   12    3    3
 -0.001553453197606367   13   12    4    1
 -0.02406433775643565   13   12    4    2
 0.04937082849527791   13   12    4    3
 -0.07348096442297669   13   12    4    4
 0.000958391961191272   13   12    5    1
 -0.002232086715606108   13   12    5    2
 0.01868390183232311   13   12    5    3
 0.02419570711326324   13   12    5    4
 7.081627040537619e-05   13   12    5    5
 -0.001435182663062517   13   12    6    1
 0.005872380064776224   13   12    6    2
 0.03625356729010893   13   12    6    3
 -0.06079041611933991   13   12    6    4
 0.02953754121369716   13   12    6    5
 0.01350181177856002   13   12    6    6
 0.0001557863380921818   13   12    7    1
 0.003230991327616287   13   12    7    2
 -0.01607565492178403   13   12    7    3
 0.01350331721456585   13   12    7    4
 0.006676883230813549   13   12    7    5
 -0.03148272221435929   13   12    7    6
 -0.0790261952798591   13   12    7    7
 0.000435365453635847   13   12    8    1
 -0.005731361959358757   13   12    8    2
 0.007134638552346903   13   12    8    3
 0.000543377134738668   13   12    8    4
 -0.07007208792215811   13   12    8    5
 0.004351252271487715   13   12    8    6
 0.003903502013510823   13   12    8    7
 -0.101954776555703   13   12    8    8
 -7.689026371466227e-05   13   12    9    1
 0.0003590708260015031   13   12    9    2
 -0.0007642649207672338   13   12    9    3
 -0.003289507500598344   13   12    9    4
 -0.003027436671081163   13   12    9    5
 -0.02523181235700727   13   12    9    6
 -0.07559404140933879   13   12    9    7
 -0.02089067014686848   13   12    9    8
 -0.009938943269950533   13   12    9    9
 7.418704059913152e-05   13   12   10    1
 -0.0003832598757830891   13   12   10    2
 0.001023604114721878   13   12   10    3
 0.002839732805970432   13   12   10    4
 5.563447658628068e-05   13   12   10    5
 0.007881373647475336   13   12   10    6
 0.02132487927716044   13   12   10    7
 0.004683383127620858   13   12   10    8
 0.0364280344585004   13   12   10    9
 0.02926723247620139   13   12   10   10
 0.002645665021629788   13   12   11    1
 -0.02594985271805499   13   12   11    2
 0.009118809651697774   13   12   11    3
 0.03121198207185199   13   12   11    4
 0.0002074901955511963   13   12   11    5
 0.02232623927031456   13   12   11    6
 -0.01870524517894777   13   12   11    7
 0.0205246290917282   13   12   11    8
 -0.003390593155902961   13   12   11    9
 -0.003662469530738036   13   12   11   10
 -0.06643204089237739   13   12   11   11
 0.001162146811580965   13   12   12    1
 0.002974674733999719   13   12   12    2
 -0.008886237852415307   13   12   12    3
 0.02424598253082875   13   12   12    4
 -0.009597295403702395   13   12   12    5
 -0.008448390462421171   13   12   12    6
 -0.00125203892341845   13   12   12    7
 0.01950135435172509   13   12   12    8
 0.0002011939722881908   13   12   12    9
 0.007537680313163211   13   12   12   10
 0.05167326193102514   13   12   12   11
 -0.04639309695482012   13   12   12   12
 -0.001953492183871739   13   12   13    1
 0.003950397301770357   13   12   13    2
 -0.002352922820250827   13   12   13    3
 -0.02482324041860266   13   12   13    4
 -0.002683466968454954   13   12   13    5
 -0.02723053270730137   13   12   13    6
 0.01196697380879904   13   12   13    7
 -0.01007340807549541   13   12   13    8
 0.001176007933495932   13   12   13    9
 -0.003231483501123011   13   12   13   10
 -0.006303562983183926   13   12   13   11
 0.09208125989536776   13   12   13   12
 0.4924551046473015   13   13    1    1
 -0.003286632408588677   13   13    2    1
 0.4103223572567634   13   13    2    2
 0.001598690945534511   13   13    3    1
 0.01807021587198651   13   13    3    2
 0.4230016270605336   13   13    3    3
 -0.001964132699972057   13   13    4    1
 -0.03375219659673177   13   13    4    2
 -0.008063108308742944   13   13    4    3
 0.3792899754570745   13   13    4    4
 -0.0007858409560155056   13   13    5    1
 0.003079858797773338   13   13    5    2
 -0.00861515209614919   13   13    5    3
 -0.01708884800890952   13   13    5    4
 0.407154254148083   13   13    5    5
 -0.0004113365171055271   13   13    6    1
 -0.01343542679955007   13   13    6    2
 0.0367465100537557   13   13    6    3
 0.0389749792535893   13   13    6    4
 0.04143170032502339   13   13    6    5
 0.3594134931525429   13   13    6    6
 0.001048335613129089   13   13    7    1
 0.005232829539272452   13   13    7    2
 -0.01496435780741886   13   13    7    3
 -0.01744497204595461   13   13    7    4
 -0.008412219966778864   13   13    7    5
 0.01141989381084741   13   13    7    6
 0.3977100497417308   13   13    7    7
 -0.002123564615786559   13   13    8    1
 -0.009829025058481738   13   13    8    2
 0.005143110282730558   13   13    8    3
 0.02519109219807825   13   13    8    4
 -0.007037324173553899   13   13    8    5
 -0.01254618912961926   13   13    8    6
 0.006138013096499229   13   13    8    7
 0.3940347447660021   13   13    8    8
 0.0001770057386033715   13   13    9    1
 0.001374939676913383   13   13    9    2
 0.003488869546889909   13   13    9    3
 -0.003479192806658848   13   13    9    4
 0.0001108603706730215   13   13    9    5
 0.0008093351636844967   13   13    9    6
 0.001062765047771109   13   13    9    7
 0.001569116473427313   13   13    9    8
 0.37238289021028   13   13    9    9
 -0.0001944525814647871   13   13   10    1
 -0.001467795239069546   13   13   10    2
 -0.006203298003055446   13   13   10    3
 0.006559133795163866   13   13   10    4
 0.001559229038920738   13   13   10    5
 0.008591786997971458   13   13   10    6
 0.03519058951465394   13   13   10    7
 0.008039217587297677   13   13   10    8
 -0.06060092055470497   13   13   10    9
 0.3953146445917651   13   13   10   10
 -0.0007620284092946326   13   13   11    1
 0.01616802088647482   13   13   11    2
 -0.008178665234997625   13   13   11    3
 0.04639604998867445   13   13   11    4
 0.003200541515373054   13   13   11    5
 -0.01379154783586306   13   13   11    6
 0.00534369271812835   13   13   11    7
 -0.009218528680668798   13   13   11    8
 0.002659807736932258   13   13   11    9
 -0.0005383377350258815   13   13   11   10
 0.3872890804996448   13   13   11   11
 0.00248215548930139   13   13   12    1
 -0.00846611274588943   13   13   12    2
 0.0193497996250515   13   13   12    3
 -0.005306881012790478   13   13   12    4
 0.03328244598763525   13   13   12    5
 -0.037609111136842   13   13   12    6
 0.006097331549815651   13   13   12    7
 0.002669289785033459   13   13   12    8
 -0.003097226615696313   13   13   12    9
 0.002213110902100125   13   13   12   10
 0.005310493882216638   13   13   12   11
 0.3573519574911637   13   13   12   12
 -0.001829602045506693   13   13   13    1
 0.01110270953544759   13   13   13    2
 0.0260796557099796   13   13   13    3
 0.01809500086049294   13   13   13    4
 -0.005396541952997416   13   13   13    5
 0.00399233978433288   13   13   13    6
 0.0006638465135762606   13   13   13    7
 -0.01390564887921869   13   13   13    8
 0.006816047082644975   13   13   13    9
 -0.008779822717628562   13   13   13   10
 -0.04089349211653794   13   13   13   11
 0.002871780973823659   13   13   13   12
 0.4294012440666856   13   13   13   13
 -0.04828755983407049   14    1    1    1
 0.007267496164046755   14    1    2    1
 0.0007649837353144072   14    1    2    2
 -0.002596386658904734   14    1    3    1
 -0.000719836413964872   14    1    3    2
 0.0003623323035149433   14    1    3    3
 0.002583438316377498   14    1    4    1
 0.003254171921929987   14    1    4    2
 -0.0009888499377681791   14    1    4    3
 0.0005960631750479504   14    1    4    4
 -0.001181714727013599   14    1    5    1
 -0.003904415185500632   14    1    5    2
 0.0006685326599235234   14    1    5    3
 0.0005214478958003101   14    1    5    4
 -0.001329147375462355   14    1    5    5
 0.0005513622338077614   14    1    6    1
 0.002082114585730186   14    1    6    2
 -0.0009457711863227748   14    1    6    3
 3.079591053909987e-05   14    1    6    4
 0.0007240134063413031   14    1    6    5
 -0.0004503952277963261   14    1    6    6
 -0.0001565465491660026   14    1    7    1
 0.0008399732483250636   14    1    7    2
 -0.0001822038769795718   14    1    7    3
 -0.0001849515776200065   14    1    7    4
 0.0005749166619561189   14    1    7    5
 -0.0005057060794716377   14    1    7    6
 -0.000856892841695612   14    1    7    7
 -0.003003702947566493   14    1    8    1
 -0.005963000771825697   14    1    8    2
 0.002114788071783231   14    1    8    3
 -5.035235280919628e-05   14    1    8    4
 -0.00253651563897052   14    1    8    5
 0.001211845210707013   14    1    8    6
 0.0008921818542896714   14    1    8    7
 -0.004207725837724094   14    1    8    8
 -0.0004768991642507288   14    1    9    1
 -0.0001736964433884335   14    1    9    2
 3.034079606667429e-06   14    1    9    3
 -3.075318224817054e-05   14    1    9    4
 3.440531212327485e-05   14    1    9    5
 -0.0001319657349250228   14    1    9    6
 -0.0005295554867177864   14    1    9    7
 -1.121662388174895e-05   14    1    9    8
 -0.0003619687784172426   14    1    9    9
 0.000519429504646164   14    1   10    1
 0.0001894510287493563   14    1   10    2
 1.792916515471102e-06   14    1   10    3
 -6.140639581658693e-05   14    1   10    4
 -9.514829588923275e-06   14    1   10    5
 3.478837992728934e-05   14    1   10    6
 0.0002409217689943202   14    1   10    7
 -5.123073092846768e-05   14    1   10    8
 0.0001480145341450721   14    1   10    9
 -4.198594200526048e-05   14    1   10   10
 0.006851370841083932   14    1   11    1
 0.002228547553021184   14    1   11    2
 -0.0007111403364828385   14    1   11    3
 0.0006337032810861629   14    1   11    4
 -0.0002625472156053055   14    1   11    5
 0.0001191982709763935   14    1   11    6
 -0.0002539125718494136   14    1   11    7
 -0.001218015535407128   14    1   11    8
 -0.0003414479824420586   14    1   11    9
 0.0002782968594252928   14    1   11   10
 0.002617064180121777   14    1   11   11
 -0.004644518758426654   14    1   12    1
 -0.002728522172044221   14    1   12    2
 0.000553922006444574   14    1   12    3
 0.000749076477021896   14    1   12    4
 -0.0005609522693691764   14    1   12    5
 0.00100651150356492   14    1   12    6
 0.0003032885246794419   14    1   12    7
 -0.0005287482688832529   14    1   12    8
 0.0002754145056253544   14    1   12    9
 -0.0002277549469522196   14    1   12   10
 -0.002225531105235659   14    1   12   11
 0.0007550889989734442   14    1   12   12
 0.002002478898261747   14    1   13    1
 0.001900098548439254   14    1   13    2
 -0.0004020156172675823   14    1   13    3
 -0.0007634905653341486   14    1   13    4
 0.001007777153592233   14    1   13    5
 -0.0008133171680733105   14    1   13    6
 -0.0002770441172131535   14    1   13    7
 0.001038218815662094   14    1   13    8
 -0.0001679888412719294   14    1   13    9
 0.0001448419149781664   14    1   13   10
 0.00129156295865992   14    1   13   11
 3.059191098572207e-05   14    1   13   12
 -0.0006180538237043735   14    1   13   13
 0.003288463623865794   14    1   14    1
 0.06351131397044306   14    2    1    1
 -0.001147652900327677   14    2    2    1
 0.02469081254430209   14    2    2    2
 0.0001074208994739249   14    2    3    1
 -0.01038013296932894   14    2    3    2
 0.000805378142904262   14    2    3    3
 0.001863926048316585   14    2    4    1
 0.008557529417710362   14    2    4    2
 -0.007157578632568384   14    2    4    3
 0.01284427204971759   14    2    4    4
 -0.002731385889380225   14    2    5    1
 0.003733515045756628   14    2    5    2
 0.01080362052980376   14    2    5    3
 -0.007235123124137785   14    2    5    4
 -0.004968518450564529   14    2    5    5
 0.001603460706048718   14    2    6    1
 0.004839350288499826   14    2    6    2
 0.001758105703499   14    2    6    3
 0.002696660734964574   14    2    6    4
 -0.001333704299572134   14    2    6    5
 0.005037115765224253   14    2    6    6
 0.0007917169863347685   14    2    7    1
 -0.0002628161184077693   14    2    7    2
 0.001084441098321538   14    2    7    3
 -0.002367710494881737   14    2    7    4
 0.001831975209301116   14    2    7    5
 0.003364402415296982   14    2    7    6
 0.01634811653202068   14    2    7    7
 -0.004688713410690029   14    2    8    1
 -0.00915119530825448   14    2    8    2
 -0.002049853679722881   14    2    8    3
 0.00116438808484136   14    2    8    4
 0.004748058157350926   14    2    8    5
 0.0006322543516666478   14    2    8    6
 0.00246414212366137   14    2    8    7
 0.01170704436883396   14    2    8    8
 -3.707447851897708e-05   14    2    9    1
 -0.0006993866493779956   14    2    9    2
 0.0004325765936698451   14    2    9    3
 -0.0003588481136540079   14    2    9    4
 0.0005810374934163123   14    2    9    5
 0.003645207329359351   14    2    9    6
 0.01459235010729159   14    2    9    7
 0.005003031940198692   14    2    9    8
 0.007524593337345382   14    2    9    9
 9.688957338785891e-05   14    2   10    1
 0.001167815617786083   14    2   10    2
 -0.0004090602483079161   14    2   10    3
 0.0001414055096502023   14    2   10    4
 -0.0005412504244770393   14    2   10    5
 -0.001922171422293781   14    2   10    6
 -0.008026927646226098   14    2   10    7
 -0.002775493637938947   14    2   10    8
 -0.001443681109040261   14    2   10    9
 -0.002863916169806023   14    2   10   10
 0.001610431307389417   14    2   11    1
 0.01770472365318559   14    2   11    2
 -0.006463733687516325   14    2   11    3
 0.002124543766927698   14    2   11    4
 -0.01098702297895775   14    2   11    5
 -0.003811851208073628   14    2   11    6
 0.004634104319613796   14    2   11    7
 -0.008278064510862   14    2   11    8
 0.0007478344601239428   14    2   11    9
 0.0001574957343572772   14    2   11   10
 0.01696365455767307   14    2   11   11
 -0.002470208556908184   14    2   12    1
 -0.007378302516509194   14    2   12    2
 0.008142794876147753   14    2   12    3
 -0.01233677834636907   14    2   12    4
 -0.001564179710810005   14    2   12    5
 -0.006014145881134104   14    2   12    6
 0.002164549967696903   14    2   12    7
 0.0003966249746945325   14    2   12    8
 0.0001439170051995229   14    2   12    9
 -0.0004423504605693887   14    2   12   10
 -0.007787470588704314   14    2   12   11
 0.007588062812681964   14    2   12   12
 0.001928007283317989   14    2   13    1
 0.002274706332544937   14    2   13    2
 -0.005195192885277117   14    2   13    3
 0.00807764965755426   14    2   13    4
 0.006819922791550411   14    2   13    5
 0.007433821135658084   14    2   13    6
 -0.002561060941448383   14    2   13    7
 4.715165511287783e-05   14    2   13    8
 -0.0003627453067215922   14    2   13    9
 0.0008527535867885279   14    2   13   10
 -0.000873850904468939   14    2   13   11
 -0.004259252123779958   14    2   13   12
 0.004163031629101976   14    2   13   13
 0.00176990502765697   14    2   14    1
 0.01669772808503957   14    2   14    2
 -0.03095255959076681   14    3    1    1
 0.0004305723390050376   14    3    2    1
 -0.01728835374164206   14    3    2    2
 3.927247484673594e-06   14    3    3    1
 0.002682054989680507   14    3    3    2
 -0.009343742252727568   14    3    3    3
 -0.0008855990845268774   14    3    4    1
 -0.002773583464586645   14    3    4    2
 0.002362308169570796   14    3    4    3
 -0.005338148959643968   14    3    4    4
 0.001089354248441995   14    3    5    1
 0.007151271652986048   14    3    5    2
 -0.0008765252604458815   14    3    5    3
 -0.006346982834858385   14    3    5    4
 -0.004637670204004137   14    3    5    5
 -0.0007069780308267448   14    3    6    1
 0.001436074631470058   14    3    6    2
 -0.004242183720524128   14    3    6    3
 -0.0109906007496105   14    3    6    4
 -0.004923795544536711   14    3    6    5
 -0.004573385798963168   14    3    6    6
 -0.0001696445943701702   14    3    7    1
 -5.659148761515716e-05   14    3    7    2
 0.001463628409257244   14    3    7    3
 0.003575221319900251   14    3    7    4
 0.004403178537263307   14    3    7    5
 -0.001438699302221715   14    3    7    6
 -0.01345566776297303   14    3    7    7
 0.001937057949422745   14    3    8    1
 0.005678021010045943   14    3    8    2
 0.00167309600042435   14    3    8    3
 4.347142767063133e-05   14    3    8    4
 -0.007071699595668453   14    3    8    5
 -0.001804831744701011   14    3    8    6
 -0.002703957278777789   14    3    8    7
 -0.005523721287654266   14    3    8    8
 0.0001085611157972327   14    3    9    1
 0.001025761659001245   14    3    9    2
 -0.000724229422988955   14    3    9    3
 -0.0004440188718204753   14    3    9    4
 -0.001152840215537356   14    3    9    5
 -0.0003199391859132247   14    3    9    6
 -0.00392218300415065   14    3    9    7
 -0.0008072185748717506   14    3    9    8
 -0.009469981946180343   14    3    9    9
 -8.462201774738247e-05   14    3   10    1
 -0.0008788729548711592   14    3   10    2
 -0.0005306765547773082   14    3   10    3
 -0.001363835918427694   14    3   10    4
 0.0003079720271072587   14    3   10    5
 0.0004462292102780683   14    3   10    6
 -0.001141717236616705   14    3   10    7
 -0.0002578533334376172   14    3   10    8
 0.005206919213074193   14    3   10    9
 -0.009773513197696595   14    3   10   10
 -0.0006176088852835746   14    3   11    1
 -0.00997821638687851   14    3   11    2
 -0.004292313152057554   14    3   11    3
 -0.002643656954740656   14    3   11    4
 -0.007729343853810962   14    3   11    5
 -0.007645734305557273   14    3   11    6
 0.0003159366924193567   14    3   11    7
 0.007969157608982154   14    3   11    8
 -0.0006323351875381753   14    3   11    9
 -0.0004010896647084233   14    3   11   10
 -0.009224943771691441   14    3   11   11
 0.001098244545538064   14    3   12    1
 0.009138606941666712   14    3   12    2
 0.004493465753484162   14    3   12    3
 0.004163833997463197   14    3   12    4
 0.0002016191343524229   14    3   12    5
 0.004395496150090748   14    3   12    6
 -0.0003390773289129348   14    3   12    7
 -0.00264940946484277   14    3   12    8
 -0.000203078555217389   14    3   12    9
 -0.0001432687603756509   14    3   12   10
 0.001678967405084233   14    3   12   11
 -0.006541424847491921   14    3   12   12
 -0.0008960115235667933   14    3   13    1
 -0.003771902815379685   14    3   13    2
 -0.000355127160964219   14    3   13    3
 -0.005066941492757343   14    3   13    4
 0.02558348246101871   14    3   13    5
 0.01229182037968959   14    3   13    6
 -0.0005829700827317688   14    3   13    7
 -0.01319363424854017   14    3   13    8
 -0.0005186903931329953   14    3   13    9
 0.001640855208543701   14    3   13   10
 0.004171537888525646   14    3   13   11
 0.000778975143433397   14    3   13   12
 -0.007063641761777082   14    3   13   13
 -0.0008067526174482409   14    3   14    1
 0.009975426910446528   14    3   14    2
 0.03661093729168836   14    3   14    3
 0.05606438614393316   14    4    1    1
 -0.0009564563774313382   14    4    2    1
 0.02362936748522166   14    4    2    2
 2.043077553712888e-05   14    4    3    1
 -0.008438239140876965   14    4    3    2
 -0.002301642392163933   14    4    3    3
 0.001070188780667116   14    4    4    1
 0.004706767146951604   14    4    4    2
 -0.003549329613339158   14    4    4    3
 0.009536816654729002   14    4    4    4
 -0.0007512372724188731   14    4    5    1
 -0.007279390172572208   14    4    5    2
 -0.01583756733040991   14    4    5    3
 0.001810533646275219   14    4    5    4
 0.005850670088046478   14    4    5    5
 0.0007672436535304635   14    4    6    1
 -0.005798937626102374   14    4    6    2
 -0.01308744289841455   14    4    6    3
 0.005757147464324169   14    4    6    4
 -0.004711314100637375   14    4    6    5
 -0.00118127897502805   14    4    6    6
 -0.0001915940472266891   14    4    7    1
 -0.002267970452634015   14    4    7    2
 0.003935833150344022   14    4    7    3
 -0.001494032880065475   14    4    7    4
 -0.001215288254759606   14    4    7    5
 0.004598922953265749   14    4    7    6
 0.01674613669696004   14    4    7    7
 -0.0009302151970010985   14    4    8    1
 0.00101670794594257   14    4    8    2
 0.004530483394245566   14    4    8    3
 0.001674859398694393   14    4    8    4
 0.009860259021163612   14    4    8    5
 0.002442108384652651   14    4    8    6
 -0.0007548993811157785   14    4    8    7
 0.01967040628349963   14    4    8    8
 -0.0001510606684865205   14    4    9    1
 -0.001796278015013555   14    4    9    2
 0.001029275142613383   14    4    9    3
 -0.0002551196622465565   14    4    9    4
 0.0003938790292850421   14    4    9    5
 0.00428065980945756   14    4    9    6
 0.01308529661953711   14    4    9    7
 0.003883036332785331   14    4    9    8
 0.006135471865481127   14    4    9    9
 8.111855465426612e-05   14    4   10    1
 0.0009654714389133462   14    4   10    2
 -0.001635195262501842   14    4   10    3
 0.0003963175774325105   14    4   10    4
 9.714343156344947e-05   14    4   10    5
 -0.0007915375478013202   14    4   10    6
 -0.005161157384561353   14    4   10    7
 -0.001814910627391829   14    4   10    8
 -0.004543165264711253   14    4   10    9
 -0.00153509849251696   14    4   10   10
 -0.0004061083176489401   14    4   11    1
 0.01295638592854658   14    4   11    2
 -0.004282436691775235   14    4   11    3
 -0.0006996457063944218   14    4   11    4
 0.001749611289364147   14    4   11    5
 0.003993598508096623   14    4   11    6
 0.00357980915921012   14    4   11    7
 -0.01014830484838956   14    4   11    8
 0.0008096008500086482   14    4   11    9
 -0.0001283118287852419   14    4   11   10
 0.0045987128994207   14    4   11   11
 -0.001027338820046699   14    4   12    1
 -0.009914954509809096   14    4   12    2
 0.004835569452552545   14    4   12    3
 -0.008997640711729871   14    4   12    4
 0.006458854688620421   14    4   12    5
 -0.002917343244177399   14    4   12    6
 -0.0007627773891543819   14    4   12    7
 0.002504414589588949   14    4   12    8
 -0.0008169644863099851   14    4   12    9
 -0.0001282036341281945   14    4   12   10
 0.002534121824366328   14    4   12   11
 0.005958257690496072   14    4   12   12
 0.001114564561479874   14    4   13    1
 0.002441671551042301   14    4   13    2
 -0.004538525520952329   14    4   13    3
 0.008709567811902089   14    4   13    4
 -0.002170964647779999   14    4   13    5
 0.006539815252973945   14    4   13    6
 -0.002098779570049351   14    4   13    7
 -0.00149192188324333   14    4   13    8
 0.0003873967484643242   14    4   13    9
 -0.0001514371008299764   14    4   13   10
 0.001024282561121584   14    4   13   11
 -0.01279140078991227   14    4   13   12
 0.0006268403486174013   14    4   13   13
 0.0004389116323529045   14    4   14    1
 -0.002358775779986464   14    4   14    2
 -0.003453029170815314   14    4   14    3
 0.0158653609194239   14    4   14    4
 -0.006231403388460742   14    5    1    1
 0.001040189242196245   14    5    2    1
 0.03708271616896114   14    5    2    2
 -0.0001054640824874538   14    5    3    1
 0.01589043736393323   14    5    3    2
 0.03686216834838638   14    5    3    3
 -0.0005147989965411608   14    5    4    1
 -0.02326162105159003   14    5    4    2
 -0.01570121738650734   14    5    4    3
 0.0266677693481704   14    5    4    4
 -0.0003062189254520709   14    5    5    1
 -0.006903921118809104   14    5    5    2
 -0.001180055132681557   14    5    5    3
 -0.007838535233376021   14    5    5    4
 0.03091977276786395   14    5    5    5
 -0.000271271170195257   14    5    6    1
 -0.003603578094985778   14    5    6    2
 0.01418613704831922   14    5    6    3
 0.01947099524066421   14    5    6    4
 0.02368059483572429   14    5    6    5
 0.01323879642366142   14    5    6    6
 0.0006628249048559652   14    5    7    1
 0.01123341240985143   14    5    7    2
 -0.001994092455647935   14    5    7    3
 -0.01062696934397957   14    5    7    4
 -0.005992379585262487   14    5    7    5
 0.005326576564962313   14    5    7    6
 0.0312355941414901   14    5    7    7
 -0.001223676258708964   14    5    8    1
 -0.01725217833274129   14    5    8    2
 -0.0008125346978519275   14    5    8    3
 0.01518862573205878   14    5    8    4
 -0.001918093120396175   14    5    8    5
 -0.002455014496729662   14    5    8    6
 0.005485000494360936   14    5    8    7
 0.01030410418300762   14    5    8    8
 0.0001707091305434192   14    5    9    1
 0.001234677264298255   14    5    9    2
 -0.002192104452533262   14    5    9    3
 -0.001206548185714557   14    5    9    4
 0.001728193537062519   14    5    9    5
 -0.003774431559184643   14    5    9    6
 -0.01084380290282255   14    5    9    7
 -0.003872759894348586   14    5    9    8
 0.01347911333892498   14    5    9    9
 -5.235440327144513e-05   14    5   10    1
 -0.0001028342647108728   14    5   10    2
 0.001086636183386766   14    5   10    3
 0.001895435956300723   14    5   10    4
 -9.144999146589046e-05   14    5   10    5
 0.009234892363584992   14    5   10    6
 0.03775513119893362   14    5   10    7
 0.01028585112570439   14    5   10    8
 -0.04768507270749957   14    5   10    9
 0.04409233454072903   14    5   10   10
 0.001628966769889432   14    5   11    1
 -0.01581645366158473   14    5   11    2
 -0.01560668096142657   14    5   11    3
 0.01927987023869972   14    5   11    4
 -0.003540989039162363   14    5   11    5
 -0.004084872564086377   14    5   11    6
 -0.007660417445623593   14    5   11    7
 0.01437930562272777   14    5   11    8
 0.001648021740938673   14    5   11    9
 -0.00149437587162297   14    5   11   10
 0.04145335428759666   14    5   11   11
 0.0001989697778185632   14    5   12    1
 -0.0003525523301672633   14    5   12    2
 0.0006801874554101293   14    5   12    3
 0.006212291168181338   14    5   12    4
 0.01120828733722484   14    5   12    5
 0.01374918021425978   14    5   12    6
 -0.004205229358675965   14    5   12    7
 -0.0002950285938022055   14    5   12    8
 -0.0008564188424759364   14    5   12    9
 0.0007200166678675815   14    5   12   10
 -0.002490520928642863   14    5   12   11
 0.01006432425284943   14    5   12   12
 -0.0006506235567728657   14    5   13    1
 0.01736428354071497   14    5   13    2
 0.04457913151803239   14    5   13    3
 -0.01245686767589545   14    5   13    4
 -0.01423638830753294   14    5   13    5
 0.005348926405995102   14    5   13    6
 -0.001895975159011   14    5   13    7
 0.004083585432104642   14    5   13    8
 0.002091257437735053   14    5   13    9
 -0.001700310971423671   14    5   13   10
 -0.02281010750219808   14    5   13   11
 -0.007280609246448988   14    5   13   12
 0.02792035718590213   14    5   13   13
 0.0004258538829876593   14    5   14    1
 -0.008056493967219372   14    5   14    2
 -0.0109646553561285   14    5   14    3
 -0.0009403036502043826   14    5   14    4
 0.07113395219689501   14    5   14    5
 0.06042511745260981   14    6    1    1
 -0.0004452362193769358   14    6    2    1
 0.04868754313605685   14    6    2    2
 0.0001932999695009238   14    6    3    1
 0.00310504529620554   14    6    3    2
 0.02732946200313455   14    6    3    3
 -0.0003355421571499788   14    6    4    1
 -0.0149397682842337   14    6    4    2
 -0.01247591603054806   14    6    4    3
 0.03153123670214729   14    6    4    4
 8.355882920929207e-05   14    6    5    1
 -0.0002219884871410144   14    6    5    2
 -0.009112066791242586   14    6    5    3
 -0.004434374011712398   14    6    5    4
 0.0390662888141944   14    6    5    5
 -1.852884820282188e-05   14    6    6    1
 -0.007128790674840105   14    6    6    2
 0.003501291209720524   14    6    6    3
 0.01533111218299615   14    6    6    4
 0.006173536918498869   14    6    6    5
 0.01207846927289081   14    6    6    6
 0.0004973369088883896   14    6    7    1
 0.004223421056672423   14    6    7    2
 0.0004800884575773924   14    6    7    3
 -0.006342691163461452   14    6    7    4
 -0.001615256607858096   14    6    7    5
 0.008982483726899103   14    6    7    6
 0.04160370831737752   14    6    7    7
 0.0001525601230758782   14    6    8    1
 -0.001516303180394794   14    6    8    2
 -0.001284012958532685   14    6    8    3
 0.0085039499351496   14    6    8    4
 0.005377133590493587   14    6    8    5
 -0.0003225155294071398   14    6    8    6
 -0.0005148562874673363   14    6    8    7
 0.04100228849022584   14    6    8    8
 0.0003532095000684035   14    6    9    1
 0.0008962864031334712   14    6    9    2
 -3.055211057834595e-05   14    6    9    3
 -0.001167902399690992   14    6    9    4
 -1.979483202963946e-05   14    6    9    5
 0.002265803786821767   14    6    9    6
 0.005980397112338406   14    6    9    7
 0.001768750815762465   14    6    9    8
 0.02177965748856653   14    6    9    9
 -0.0001831246852721996   14    6   10    1
 -0.0002273469898397885   14    6   10    2
 -0.001163282285439856   14    6   10    3
 0.001644428636758016   14    6   10    4
 0.001526389138381966   14    6   10    5
 0.005184308113977988   14    6   10    6
 0.01592999948904985   14    6   10    7
 0.003559825823160472   14    6   10    8
 -0.03073129120524637   14    6   10    9
 0.03107450527605241   14    6   10   10
 -0.0002091980242599957   14    6   11    1
 0.0003973085988901335   14    6   11    2
 -0.01454216867368201   14    6   11    3
 0.01492792374630282   14    6   11    4
 -0.003754085080779322   14    6   11    5
 -0.003832822144191507   14    6   11    6
 0.002205673917414709   14    6   11    7
 -0.001760856940378129   14    6   11    8
 0.00267353454483645   14    6   11    9
 -0.001464539547603568   14    6   11   10
 0.03570728082301557   14    6   11   11
 0.0004907710236650984   14    6   12    1
 -0.004149351953889275   14    6   12    2
 0.00701705893293962   14    6   12    3
 -0.007539580119336636   14    6   12    4
 0.01801604360513313   14    6   12    5
 0.003025837140712727   14    6   12    6
 -0.002823758162044717   14    6   12    7
 0.0002567265481141711   14    6   12    8
 -0.002916696244090341   14    6   12    9
 0.001129993154334735   14    6   12   10
 0.002038619399406571   14    6   12   11
 0.01481738628969891   14    6   12   12
 -0.0003665259873188385   14    6   13    1
 0.009288036932028218   14    6   13    2
 0.02227325471339362   14    6   13    3
 0.003911146151654474   14    6   13    4
 0.003078460759047052   14    6   13    5
 0.01429458099813307   14    6   13    6
 -0.001818916832098339   14    6   13    7
 -0.008098276291505542   14    6   13    8
 0.001513949258731169   14    6   13    9
 -0.00189471222344463   14    6   13   10
 -0.01367039234534362   14    6   13   11
 -0.0118151210960631   14    6   13   12
 0.02904423078617483   14    6   13   13
 -0.000218905031447298   14    6   14    1
 0.0002543610811461987   14    6   14    2
 0.002932282973526099   14    6   14    3
 0.001040917795609143   14    6   14    4
 0.02815798725841946   14    6   14    5
 0.02737765352420895   14    6   14    6
 0.003874750539752621   14    7    1    1
 -0.0001300752346149585   14    7    2    1
 -0.003494998366596189   14    7    2    2
 0.0001635520536366521   14    7    3    1
 -0.0008269673251064007   14    7    3    2
 -0.003852532195914392   14    7    3    3
 -0.0005107324809643384   14    7    4    1
 -0.001620971911869085   14    7    4    2
 0.001271024871402734   14    7    4    3
 -0.003971419317538715   14    7    4    4
 0.0004871539695607175   14    7    5    1
 0.007981331667735127   14    7    5    2
 0.008071503074982927   14    7    5    3
 -0.002489634580492249   14    7    5    4
 -0.009279193552831371   14    7    5    5
 0.0001164837598569594   14    7    6    1
 0.001353595520111478   14    7    6    2
 0.004200478973680068   14    7    6    3
 -0.0002475194519891412   14    7    6    4
 0.0009893922271988708   14    7    6    5
 0.001671624466231031   14    7    6    6
 0.001589564574204657   14    7    7    1
 0.003519476128045172   14    7    7    2
 -0.004020980140677147   14    7    7    3
 0.002443813896897862   14    7    7    4
 0.0003107282470993885   14    7    7    5
 0.001223222270605482   14    7    7    6
 -0.003055980339119461   14    7    7    7
 0.00115835933710457   14    7    8    1
 0.005368543256733145   14    7    8    2
 -0.006416508931766709   14    7    8    3
 0.0003061259213598059   14    7    8    4
 0.006034274636378856   14    7    8    5
 -0.002411936600129701   14    7    8    6
 -0.002308754088142901   14    7    8    7
 -0.001491219241983385   14    7    8    8
 0.001285707405852573   14    7    9    1
 0.005163327093955302   14    7    9    2
 0.0001819383276327702   14    7    9    3
 0.002014373853263405   14    7    9    4
 -0.001963722325548731   14    7    9    5
 -0.0002139007514013799   14    7    9    6
 0.002173723664576009   14    7    9    7
 -0.0009657259233252567   14    7    9    8
 -0.002833910893357293   14    7    9    9
 -0.0006013339605218589   14    7   10    1
 -0.003183970567530266   14    7   10    2
 -0.001216225167053197   14    7   10    3
 -6.64327101260158e-05   14    7   10    4
 0.005845239873538505   14    7   10    5
 0.001391662188833489   14    7   10    6
 -0.003166827567131595   14    7   10    7
 -0.002136963621075952   14    7   10    8
 0.00351654264738795   14    7   10    9
 -0.005102644263480278   14    7   10   10
 -0.0001475160147633405   14    7   11    1
 0.002238431451629045   14    7   11    2
 0.00175568805466857   14    7   11    3
 -0.0005720580835609817   14    7   11    4
 -0.004008475081281899   14    7   11    5
 0.00189363546266332   14    7   11    6
 0.004899159575773591   14    7   11    7
 0.0003372315367554181   14    7   11    8
 0.003533348843654776   14    7   11    9
 -0.0003944618957179583   14    7   11   10
 -0.002981228123681882   14    7   11   11
 0.0005793421931420236   14    7   12    1
 0.002082264659702821   14    7   12    2
 -0.0006501041203816005   14    7   12    3
 -0.003673529282497141   14    7   12    4
 -0.004079388287158021   14    7   12    5
 -0.004665972145217004   14    7   12    6
 -0.001240952856115759   14    7   12    7
 0.002388477253208442   14    7   12    8
 -0.003383595022330649   14    7   12    9
 0.001879544658741734   14    7   12   10
 -0.001022631355889051   14    7   12   11
 -0.002867480632731331   14    7   12   12
 -0.000501740442255446   14    7   13    1
 -0.00241607266521548   14    7   13    2
 -0.002437535229715882   14    7   13    3
 0.001346856023702133   14    7   13    4
 -0.005914838055671346   14    7   13    5
 -0.001567667071818632   14    7   13    6
 7.276950736122606e-05   14    7   13    7
 0.00262925208834262   14    7   13    8
 0.002498186802406871   14    7   13    9
 -0.0028473674080007   14    7   13   10
 -0.001819030313093531   14    7   13   11
 0.002857424134254446   14    7   13   12
 -0.003265332097939882   14    7   13   13
 -0.000431170564998128   14    7   14    1
 0.001633002139579368   14    7   14    2
 -0.001074817309077833   14    7   14    3
 -0.002315763632203697   14    7   14    4
 -0.002789140855846497   14    7   14    5
 -0.003336711820863792   14    7   14    6
 0.01032137543687221   14    7   14    7
 -0.1261222586820113   14    8    1    1
 0.001759728596858898   14    8    2    1
 -0.06429113446542165   14    8    2    2
 -0.0007271125778870279   14    8    3    1
 0.01224309836351492   14    8    3    2
 -0.007012651422473475   14    8    3    3
 0.0009563238279507192   14    8    4    1
 0.009407979667478306   14    8    4    2
 0.0192255830374375   14    8    4    3
 -0.02931062800848723   14    8    4    4
 -0.0001162069963501802   14    8    5    1
 -0.01657824793212359   14    8    5    2
 -0.009024457641829397   14    8    5    3
 0.0154067917082567   14    8    5    4
 -0.009220710361402177   14    8    5    5
 0.0004221407796110144   14    8    6    1
 0.007343350696527241   14    8    6    2
 -0.01064771636748659   14    8    6    3
 -0.02461767611938264   14    8    6    4
 -0.002710699944135799   14    8    6    5
 -0.009072082296281019   14    8    6    6
 0.0002401147812880966   14    8    7    1
 0.002059330327356445   14    8    7    2
 -0.004029936624459676   14    8    7    3
 0.009661713776120389   14    8    7    4
 0.008422617339253466   14    8    7    5
 -0.01431681952969901   14    8    7    6
 -0.05090416653070728   14    8    7    7
 -5.685270808257116e-05   14    8    8    1
 -0.005720329779527588   14    8    8    2
 0.01550683535350687   14    8    8    3
 -0.006280847273247327   14    8    8    4
 -0.03810399798734546   14    8    8    5
 0.006692219837613369   14    8    8    6
 -0.0009185659600559078   14    8    8    7
 -0.06034002348805829   14    8    8    8
 0.0002498528119287972   14    8    9    1
 0.002093439828453755   14    8    9    2
 -0.0001072399733694204   14    8    9    3
 0.0003880935348021897   14    8    9    4
 -0.003034707977329589   14    8    9    5
 -0.007586646400508209   14    8    9    6
 -0.02986252161246281   14    8    9    7
 -0.009033375218014386   14    8    9    8
 -0.0167117579729483   14    8    9    9
 -3.715432745806499e-05   14    8   10    1
 -0.002090682281365682   14    8   10    2
 -0.0003871823669640785   14    8   10    3
 -0.001732004888307138   14    8   10    4
 0.002919385828519425   14    8   10    5
 0.0007729947949612707   14    8   10    6
 -0.00229500164431607   14    8   10    7
 -0.0007133824688123841   14    8   10    8
 0.03099952562748775   14    8   10    9
 -0.009186762762980879   14    8   10   10
 0.001239717758861014   14    8   11    1
 -0.01481606860848108   14    8   11    2
 0.01159245150678458   14    8   11    3
 -0.004499295547647669   14    8   11    4
 0.01457940140304359   14    8   11    5
 0.004716475585510233   14    8   11    6
 -0.006119410699660214   14    8   11    7
 0.01301740543748576   14    8   11    8
 -0.002691683479096501   14    8   11    9
 0.0004362728244533599   14    8   11   10
 -0.03725702510415536   14    8   11   11
 -0.00142899765219906   14    8   12    1
 0.002517040568014542   14    8   12    2
 -0.006021672523188016   14    8   12    3
 0.02223853011764498   14    8   12    4
 -0.006830897137928046   14    8   12    5
 0.006783467462115876   14    8   12    6
 0.001041887041525754   14    8   12    7
 -0.005779987020939788   14    8   12    8
 0.0002912827656274706   14    8   12    9
 0.0006020146827319228   14    8   12   10
 0.01058072377647136   14    8   12   11
 -0.01474995910056828   14    8   12   12
 0.0008721598230449361   14    8   13    1
 -0.002901526153822916   14    8   13    2
 -0.01559450387230656   14    8   13    3
 -0.01419573894359289   14    8   13    4
 0.01674120095102659   14    8   13    5
 -0.01257779215668442   14    8   13    6
 0.003898480140614372   14    8   13    7
 -0.005236765354018918   14    8   13    8
 -0.0009494700886608917   14    8   13    9
 -1.600571822793698e-05   14    8   13   10
 0.0155152825757838   14    8   13   11
 0.0198205340115648   14    8   13   12
 -0.01443405340366976   14    8   13   13
 0.0007170038108067252   14    8   14    1
 -0.004775155663423057   14    8   14    2
 0.006805110013552244   14    8   14    3
 1.92041676166791e-05   14    8   14    4
 -0.02481244024370956   14    8   14    5
 -0.01269519674963972   14    8   14    6
 -0.001966044433513649   14    8   14    7
 0.03136606577838111   14    8   14    8
 -0.008111245715789112   14    9    1    1
 0.0001547852689152632   14    9    2    1
 -0.003564329211420368   14    9    2    2
 1.604733526151532e-06   14    9    3    1
 0.002142918137645242   14    9    3    2
 0.0009921835691564223   14    9    3    3
 -0.0001679745914763691   14    9    4    1
 -0.001891576941257098   14    9    4    2
 0.001615304607574935   14    9    4    3
 -0.001857420540007897   14    9    4    4
 0.0002578878196882338   14    9    5    1
 0.000187223946739128   14    9    5    2
 -0.001383022263672336   14    9    5    3
 0.000589484696639141   14    9    5    4
 0.001804778284620205   14    9    5    5
 0.0002180396721528708   14    9    6    1
 0.001089668443186041   14    9    6    2
 0.0004015250191485199   14    9    6    3
 -0.001514107345399863   14    9    6    4
 0.0003206774834364595   14    9    6    5
 0.0003038208469822117   14    9    6    6
 0.001292320228623619   14    9    7    1
 0.006414151172027296   14    9    7    2
 -0.0007335123971888766   14    9    7    3
 0.001735010740128471   14    9    7    4
 -0.0009490100573845353   14    9    7    5
 -0.0006188435049015871   14    9    7    6
 -0.00175980737771979   14    9    7    7
 0.0006919892155613358   14    9    8    1
 0.002468988541403961   14    9    8    2
 0.0005866164265705149   14    9    8    3
 0.0006857040625789824   14    9    8    4
 -0.003211755080075914   14    9    8    5
 -0.0004426785126302042   14    9    8    6
 -0.002620547322312739   14    9    8    7
 -0.003786788898788005   14    9    8    8
 0.001037512948691687   14    9    9    1
 0.003066902134530837   14    9    9    2
 -0.002885661997385186   14    9    9    3
 0.0009357903486827893   14    9    9    4
 -0.002821784610612355   14    9    9    5
 -0.001938725147762987   14    9    9    6
 -0.00358654861539274   14    9    9    7
 6.725412376198946e-05   14    9    9    8
 0.0002984855291188015   14    9    9    9
 -0.0004772328915079975   14    9   10    1
 -6.650884967401018e-05   14    9   10    2
 0.002716465345850874   14    9   10    3
 -0.001326311335590171   14    9   10    4
 -0.00738194597930038   14    9   10    5
 -0.002935820927015984   14    9   10    6
 0.002114542363838864   14    9   10    7
 0.004161545783547738   14    9   10    8
 0.001177754468917151   14    9   10    9
 0.00159398028186838   14    9   10   10
 0.000163673217850171   14    9   11    1
 -0.001014087056021623   14    9   11    2
 -0.0002590382388788626   14    9   11    3
 0.001754546103487871   14    9   11    4
 0.0008079308342673808   14    9   11    5
 0.001843356352506551   14    9   11    6
 0.002923721417538098   14    9   11    7
 0.001697195271832935   14    9   11    8
 0.001558703248622498   14    9   11    9
 -0.002827012874626503   14    9   11   10
 -0.001242544066636731   14    9   11   11
 0.0001359958647429637   14    9   12    1
 0.0003093566444844   14    9   12    2
 -0.0001369755761705373   14    9   12    3
 0.0007066597551224385   14    9   12    4
 0.0004292304151797793   14    9   12    5
 -0.001560515166563235   14    9   12    6
 -0.003805930568038711   14    9   12    7
 -0.0003971989993786619   14    9   12    8
 0.0009627300243025245   14    9   12    9
 0.001590943281910327   14    9   12   10
 0.001986044925368645   14    9   12   11
 -0.00148510475072132   14    9   12   12
 -0.0001873693421255303   14    9   13    1
 -9.907019580705671e-05   14    9   13    2
 0.0001896081670882414   14    9   13    3
 -0.0004056810738991608   14    9   13    4
 0.0005994025364832598   14    9   13    5
 -3.742744079274394e-05   14    9   13    6
 0.002852865151583885   14    9   13    7
 -0.0006007306325197821   14    9   13    8
 -0.0007025189328939349   14    9   13    9
 0.001963447792458755   14    9   13   10
 -0.0004058569450926557   14    9   13   11
 0.002600078849760476   14    9   13   12
 0.0002190762810771539   14    9   13   13
 -0.0001384000931336769   14    9   14    1
 -0.0007864737474582524   14    9   14    2
 0.0002156335151371642   14    9   14    3
 -0.000596885856072855   14    9   14    4
 5.207306137890293e-05   14    9   14    5
 -0.001116370554739991   14    9   14    6
 -0.005268678683807376   14    9   14    7
 -0.0005233227528227452   14    9   14    8
 0.01262361357471397   14    9   14    9
 0.01055653346835348   14   10    1    1
 -0.0001532863748777561   14   10    2    1
 0.005625902135022409   14   10    2    2
 1.476056312372816e-05   14   10    3    1
 -0.002444787762617836   14   10    3    2
 -0.002019270043434386   14   10    3    3
 0.0001265231741027089   14   10    4    1
 0.001008810681019947   14   10    4    2
 -0.00344179522515705   14   10    4    3
 0.002572865767812611   14   10    4    4
 -0.0002087357842960407   14   10    5    1
 0.0003710355587898152   14   10    5    2
 0.001354343348847754   14   10    5    3
 -0.0008907222292859653   14   10    5    4
 -0.001420217532555334   14   10    5    5
 -7.279714342487759e-05   14   10    6    1
 -0.001159683502743104   14   10    6    2
 -0.0003938592887658255   14   10    6    3
 0.003475185096782949   14   10    6    4
 0.002114066197197572   14   10    6    5
 0.001515485741111222   14   10    6    6
 -0.0006563919429455414   14   10    7    1
 -0.00583369676077794   14   10    7    2
 -0.00196337381064395   14   10    7    3
 -0.0008934229981430857   14   10    7    4
 0.009040238080282459   14   10    7    5
 0.005097101634249693   14   10    7    6
 0.002259244657995212   14   10    7    7
 -0.000485617496435126   14   10    8    1
 -0.002329310399722158   14   10    8    2
 -0.001876516800358475   14   10    8    3
 -0.0002486192493760643   14   10    8    4
 0.006396982985872153   14   10    8    5
 0.0001643308784770126   14   10    8    6
 -0.002036780135501663   14   10    8    7
 0.002322596468413948   14   10    8    8
 -0.0005555946147287265   14   10    9    1
 -0.0002947869211200079   14   10    9    2
 0.00480148439239899   14   10    9    3
 -0.0008845383377693796   14   10    9    4
 -0.0123547633156565   14   10    9    5
 -0.004395983317575869   14   10    9    6
 0.004449507984682859   14   10    9    7
 0.007810234788088992   14   10    9    8
 0.0007540203687658545   14   10    9    9
 0.0002617044321787108   14   10   10    1
 -0.002107449925572285   14   10   10    2
 -0.005101074504282308   14   10   10    3
 0.0008269613767227274   14   10   10    4
 0.005478414152492625   14   10   10    5
 0.001815166486698422   14   10   10    6
 -0.001966475234299423   14   10   10    7
 -0.0003546478921949433   14   10   10    8
 -0.001922489390574816   14   10   10    9
 -0.002042763940027126   14   10   10   10
 -7.550929037857137e-05   14   10   11    1
 0.001251295161591068   14   10   11    2
 -0.0006630541742813027   14   10   11    3
 -0.001495192889509089   14   10   11    4
 -0.0008403699616776819   14   10   11    5
 -0.001578943727660497   14   10   11    6
 0.0003607185600717661   14   10   11    7
 -0.001200146620456907   14   10   11    8
 -0.003208346515229539   14   10   11    9
 0.001110843401602137   14   10   11   10
 0.002738263054509307   14   10   11   11
 -0.0001208631944577882   14   10   12    1
 -0.0002583423945066288   14   10   12    2
 -8.229917518387582e-05   14   10   12    3
 -0.000946915588043791   14   10   12    4
 8.60738223842138e-05   14   10   12    5
 0.0007074129255977915   14   10   12    6
 0.002093312802911855   14   10   12    7
 -0.0003476344419499278   14   10   12    8
 0.001553654288093329   14   10   12    9
 0.003904864309837189   14   10   12   10
 -0.003048194897514252   14   10   12   11
 0.002151846521810788   14   10   12   12
 0.0001440952813347273   14   10   13    1
 0.0003408950234227543   14   10   13    2
 0.001305313297641556   14   10   13    3
 0.00100986725714659   14   10   13    4
 -0.001213483523565747   14   10   13    5
 -0.0005923781005789855   14   10   13    6
 -0.003284383568296826   14   10   13    7
 0.000591228030701343   14   10   13    8
 0.002019435515592054   14   10   13    9
 -0.004326913438264854   14   10   13   10
 0.0001969206412039329   14   10   13   11
 -0.003403430055046034   14   10   13   12
 0.0001601814107201293   14   10   13   13
 0.0001064736504550105   14   10   14    1
 0.0009465353942523962   14   10   14    2
 -0.0001079083305175819   14   10   14    3
 0.0002615699163217091   14   10   14    4
 0.0009228988107926464   14   10   14    5
 0.001747706346994801   14   10   14    6
 0.003513749669767077   14   10   14    7
 -0.0009770137262576232   14   10   14    8
 -9.877422980148725e-05   14   10   14    9
 0.02020596075262626   14   10   14   10
 0.1168213583709893   14   11    1    1
 -0.001542912801158031   14   11    2    1
 0.06221004206321135   14   11    2    2
 0.0002939801361985625   14   11    3    1
 -0.02829715013184298   14   11    3    2
 -0.02096191726119043   14   11    3    3
 0.001501322173418884   14   11    4    1
 0.02006067806698385   14   11    4    2
 -0.02195420736269423   14   11    4    3
 0.0268696907171433   14   11    4    4
 -0.002478957237810817   14   11    5    1
 -0.01661567748148526   14   11    5    2
 -0.02101917892338654   14   11    5    3
 -0.003979988707884971   14   11    5    4
 -0.0006308600332314283   14   11    5    5
 0.001487315705724905   14   11    6    1
 -0.002624143661953909   14   11    6    2
 -0.02689048485750608   14   11    6    3
 0.02845870539283678   14   11    6    4
 -0.01687920869010198   14   11    6    5
 -0.01296024842003742   14   11    6    6
 0.0009090165125718872   14   11    7    1
 0.001870222914905466   14   11    7    2
 0.007967703769517111   14   11    7    3
 -0.004384569241889296   14   11    7    4
 -0.003587201718641118   14   11    7    5
 0.01444783775906879   14   11    7    6
 0.03426517587479987   14   11    7    7
 -0.004318690145666597   14   11    8    1
 -0.009554011119326886   14   11    8    2
 0.0075355320915858   14   11    8    3
 -0.004338695057044816   14   11    8    4
 0.03180879242717439   14   11    8    5
 0.001707016530037515   14   11    8    6
 -0.001628946972097188   14   11    8    7
 0.04446834022881694   14   11    8    8
 8.469296144251404e-05   14   11    9    1
 -0.0007322993947077173   14   11    9    2
 -0.0003614328636649939   14   11    9    3
 0.00218143403132825   14   11    9    4
 0.002101687991379467   14   11    9    5
 0.01314223750390376   14   11    9    6
 0.03680707645118021   14   11    9    7
 0.01018944140542389   14   11    9    8
 0.002053833173579385   14   11    9    9
 1.966589248593986e-05   14   11   10    1
 0.0009065654348300238   14   11   10    2
 -0.000307701470183068   14   11   10    3
 -0.002527278394636789   14   11   10    4
 -0.0004328751614303874   14   11   10    5
 -0.00476139970399894   14   11   10    6
 -0.01231339028971681   14   11   10    7
 -0.003197258448318219   14   11   10    8
 -0.01476206426839779   14   11   10    9
 -0.0188021999934362   14   11   10   10
 0.001191704386055543   14   11   11    1
 0.02367112185361798   14   11   11    2
 -0.004440484765832316   14   11   11    3
 -0.02087736917522328   14   11   11    4
 0.005544683166057825   14   11   11    5
 -0.008484870972944437   14   11   11    6
 0.01080744473805689   14   11   11    7
 -0.01843768561844914   14   11   11    8
 0.00153317567961935   14   11   11    9
 0.002225610953069604   14   11   11   10
 0.03260398148921038   14   11   11   11
 -0.002007727589303257   14   11   12    1
 -0.008464900042055993   14   11   12    2
 0.0007502871424694223   14   11   12    3
 -0.003140639452321865   14   11   12    4
 0.003470777209388787   14   11   12    5
 0.007748626985930818   14   11   12    6
 -0.0008082157825187757   14   11   12    7
 -0.007787956193787427   14   11   12    8
 0.0003302716202769679   14   11   12    9
 -0.004047420162357982   14   11   12   10
 -0.02619610464851233   14   11   12   11
 0.02566625006717773   14   11   12   12
 0.001642557087644636   14   11   13    1
 -0.002514564785874274   14   11   13    2
 -0.001662045408313988   14   11   13    3
 0.01023714181023779   14   11   13    4
 -0.0002273397451674534   14   11   13    5
 0.006437446055117535   14   11   13    6
 -0.00510559815684618   14   11   13    7
 0.008069467728593349   14   11   13    8
 -0.001047528845133608   14   11   13    9
 0.002767003794896429   14   11   13   10
 0.01264485051086843   14   11   13   11
 -0.0422236153551324   14   11   13   12
 -0.007869702681923024   14   11   13   13
 0.001544851606385484   14   11   14    1
 -0.00278853852838674   14   11   14    2
 -0.008268082104304676   14   11   14    3
 0.01675184934877336   14   11   14    4
 0.001119948007502926   14   11   14    5
 0.002724297720399217   14   11   14    6
 -0.004713372550961813   14   11   14    7
 -0.0037359300079394   14   11   14    8
 -0.001294824814990853   14   11   14    9
 0.0004484130834887709   14   11   14   10
 0.04085658281192325   14   11   14   11
 -0.08498111426225713   14   12    1    1
 0.001635075690476971   14   12    2    1
 -0.02961347102485538   14   12    2    2
 -1.271468400160735e-05   14   12    3    1
 0.0303231391883831   14   12    3    2
 0.03948347503019174   14   12    3    3
 -0.001882418247364096   14   12    4    1
 -0.02709146161029229   14   12    4    2
 0.01926722360555001   14   12    4    3
 -0.0124268016133531   14   12    4    4
 0.001156841701169855   14   12    5    1
 0.000466240802150064   14   12    5    2
 0.004897071485086932   14   12    5    3
 0.008788918199269457   14   12    5    4
 0.02370919299583428   14   12    5    5
 -0.001389010856449006   14   12    6    1
 -0.004980017465708544   14   12    6    2
 0.02193438725178937   14   12    6    3
 -0.0175329641575144   14   12    6    4
 0.02453005787979912   14   12    6    5
 0.01972482983135173   14   12    6    6
 5.649623752507024e-05   14   12    7    1
 0.0044212363945055   14   12    7    2
 -0.007941372869041405   14   12    7    3
 0.000143158607382197   14   12    7    4
 -0.0006785218638618458   14   12    7    5
 -0.01077614334197523   14   12    7    6
 -0.01030665873152646   14   12    7    7
 0.001098445970529438   14   12    8    1
 -0.002903855034966452   14   12    8    2
 0.0004982121013894601   14   12    8    3
 0.01107717189002749   14   12    8    4
 -0.02882059786793893   14   12    8    5
 0.000771146379177363   14   12    8    6
 0.002946844323905703   14   12    8    7
 -0.02429837784806495   14   12    8    8
 -2.344578670212426e-05   14   12    9    1
 0.0003281111835863204   14   12    9    2
 -0.0001320058848907918   14   12    9    3
 -0.002115742392551404   14   12    9    4
 -0.0008942635790349923   14   12    9    5
 -0.0122472931460886   14   12    9    6
 -0.03574694463955991   14   12    9    7
 -0.009849071997552396   14   12    9    8
 0.01329547228606585   14   12    9    9
 -2.002578910275239e-05   14   12   10    1
 -0.0002232761045685004   14   12   10    2
 -8.989369784876041e-05   14   12   10    3
 0.002756048009212051   14   12   10    4
 0.0001032851288942908   14   12   10    5
 0.006904340729353128   14   12   10    6
 0.0215445258675389   14   12   10    7
 0.005094419152210677   14   12   10    8
 6.888834834664163e-05   14   12   10    9
 0.04016058016771241   14   12   10   10
 0.00080672904850402   14   12   11    1
 -0.01473517027202467   14   12   11    2
 0.001054976224503332   14   12   11    3
 0.02548691963650032   14   12   11    4
 -0.00116491563990456   14   12   11    5
 0.009219769568384493   14   12   11    6
 -0.009992339957859642   14   12   11    7
 0.01210795857965406   14   12   11    8
 -0.0004736057619929523   14   12   11    9
 -0.002685389762613514   14   12   11   10
 -0.009300057022021123   14   12   11   11
 0.001930400228580668   14   12   12    1
 0.001198048248629869   14   12   12    2
 0.0004995649756527293   14   12   12    3
 0.009239318736733506   14   12   12    4
 0.001000995896069001   14   12   12    5
 -0.0065101059289249   14   12   12    6
 -0.002040549694262705   14   12   12    7
 0.01221716231154462   14   12   12    8
 -0.0007523233834661582   14   12   12    9
 0.004312491726762195   14   12   12   10
 0.0285837864899854   14   12   12   11
 -0.01163252021742295   14   12   12   12
 -0.002063222189413797   14   12   13    1
 0.007039329683501926   14   12   13    2
 0.01084225839103593   14   12   13    3
 -0.0131357287309889   14   12   13    4
 -0.01111134066990449   14   12   13    5
 -0.008696252517029593   14   12   13    6
 0.005122142022798381   14   12   13    7
 -0.004202437781471162   14   12   13    8
 0.002325949503782251   14   12   13    9
 -0.003445435728909266   14   12   13   10
 -0.02136678940632925   14   12   13   11
 0.0344434684200698   14   12   13   12
 0.02216613902393234   14   12   13   13
 -0.0006324151257687427   14   12   14    1
 -0.007473222205140202   14   12   14    2
 -0.004435603307425328   14   12   14    3
 -0.001198620999990678   14   12   14    4
 0.02013473058289167   14   12   14    5
 0.003948924775453843   14   12   14    6
 0.0005848486381035021   14   12   14    7
 0.001045764054070989   14   12   14    8
 0.001034338501031931   14   12   14    9
 -0.001046853674950042   14   12   14   10
 -0.01512287599688427   14   12   14   11
 0.03221672656411353   14   12   14   12
 0.05430630271212147   14   13    1    1
 -0.001108213447561373   14   13    2    1
 0.01951150529133813   14   13    2    2
 8.169203214008858e-05   14   13    3    1
 -0.01251771536472409   14   13    3    2
 -0.00736098010321224   14   13    3    3
 0.0006349362857847088   14   13    4    1
 0.004824278879480184   14   13    4    2
 -0.01765513880851855   14   13    4    3
 0.00811385223442254   14   13    4    4
 8.907164827488014e-05   14   13    5    1
 0.03051944740712359   14   13    5    2
 0.06245012869938772   14   13    5    3
 -0.01471195603559232   14   13    5    4
 -0.03566590718816773   14   13    5    5
 0.0004521564650871947   14   13    6    1
 0.01225867874200003   14   13    6    2
 0.03748226311305489   14   13    6    3
 0.01809903582656778   14   13    6    4
 0.01280105305836159   14   13    6    5
 0.01747263304250031   14   13    6    6
 -0.0001538942817077818   14   13    7    1
 -0.003263593072258847   14   13    7    2
 -0.002962099939950767   14   13    7    3
 -0.006028451006537378   14   13    7    4
 -0.0109928923502314   14   13    7    5
 0.003041382241965146   14   13    7    6
 0.01330224822234933   14   13    7    7
 0.000941325139301491   14   13    8    1
 0.001107795977496553   14   13    8    2
 -0.03499884252869609   14   13    8    3
 -0.00193750237458317   14   13    8    4
 0.03536447631410272   14   13    8    5
 -0.01237969406084388   14   13    8    6
 0.0047930802733396   14   13    8    7
 0.006907130500828726   14   13    8    8
 0.0001530543276192901   14   13    9    1
 0.0006537941822579045   14   13    9    2
 -0.0004599103411167629   14   13    9    3
 0.002340176729071827   14   13    9    4
 0.001550141857559707   14   13    9    5
 0.001973195275338823   14   13    9    6
 0.01940959203470452   14   13    9    7
 0.004479645957020182   14   13    9    8
 4.160375734753645e-05   14   13    9    9
 -8.701133954027788e-05   14   13   10    1
 0.0004791800260620917   14   13   10    2
 0.00307807487201296   14   13   10    3
 0.000826067393000575   14   13   10    4
 -0.001797552222852055   14   13   10    5
 -0.00425957786682445   14   13   10    6
 -0.007967649852174139   14   13   10    7
 -0.001027148535491951   14   13   10    8
 -0.003633017431099356   14   13   10    9
 -0.009836485236211499   14   13   10   10
 -0.001340483510095828   14   13   11    1
 0.003736276495162848   14   13   11    2
 0.001913376944714831   14   13   11    3
 -0.002701078518813704   14   13   11    4
 -0.01484073817590142   14   13   11    5
 -0.004721877219352306   14   13   11    6
 0.002294195481285241   14   13   11    7
 0.001317382499753377   14   13   11    8
 0.002325654568520472   14   13   11    9
 0.0009598187449614419   14   13   11   10
 0.01286570885049192   14   13   11   11
 -0.0003764158587875294   14   13   12    1
 0.003457353980760539   14   13   12    2
 -0.00271151524700596   14   13   12    3
 -0.01639017020244589   14   13   12    4
 -0.019275075378901   14   13   12    5
 -0.01425907603240702   14   13   12    6
 0.003442212213699013   14   13   12    7
 0.004828065500802809   14   13   12    8
 0.002141441692357378   14   13   12    9
 -0.0009383601771310056   14   13   12   10
 -0.02353437468628816   14   13   12   11
 0.01333110798027719   14   13   12   12
 0.0007286204977550433   14   13   13    1
 -0.0005040306102244142   14   13   13    2
 -0.001173692743734615   14   13   13    3
 0.006615792422134238   14   13   13    4
 -0.02791456607048368   14   13   13    5
 -0.009241075630409424   14   13   13    6
 -0.0004511261707889758   14   13   13    7
 0.01962896023614531   14   13   13    8
 0.0008201802565003894   14   13   13    9
 0.0003216220140489917   14   13   13   10
 -0.01195765528943874   14   13   13   11
 0.0009764155206915745   14   13   13   12
 0.0021802569459255   14   13   13   13
 -0.0003479650475626599   14   13   14    1
 0.01083109594037375   14   13   14    2
 -0.00716769147588434   14   13   14    3
 -0.01474972643794504   14   13   14    4
 0.009084049347704633   14   13   14    5
 -0.006859638154030856   14   13   14    6
 0.01084045738002458   14   13   14    7
 -0.02443442730783024   14   13   14    8
 -0.001560335520473741   14   13   14    9
 0.001860571359699452   14   13   14   10
 -0.0162843961599137   14   13   14   11
 0.003417925243784495   14   13   14   12
 0.07889808154997188   14   13   14   13
 0.3745609701574699   14   14    1    1
 -0.0006258748257353221   14   14    2    1
 0.3790449833322557   14   14    2    2
 0.0008443431745349228   14   14    3    1
 0.05018071375076211   14   14    3    2
 0.4644077079844623   14   14    3    3
 -0.001637095198282879   14   14    4    1
 -0.05076173175443564   14   14    4    2
 0.01240148010664586   14   14    4    3
 0.369369438464371   14   14    4    4
 -0.001357672667709989   14   14    5    1
 -0.02263107222176791   14   14    5    2
 -0.03638461075866287   14   14    5    3
 -0.003222726110136881   14   14    5    4
 0.458209827622183   14   14    5    5
 -0.0004418569201874958   14   14    6    1
 -0.01604940226151337   14   14    6    2
 0.0328737714126912   14   14    6    3
 0.01403211146965735   14   14    6    4
 0.05870216465283522   14   14    6    5
 0.3662741070673626   14   14    6    6
 0.001484181872926602   14   14    7    1
 0.01708014141061186   14   14    7    2
 -0.01588094652453008   14   14    7    3
 -0.01532210034524534   14   14    7    4
 -0.003118737654717565   14   14    7    5
 0.0006385068254815481   14   14    7    6
 0.3785663404106172   14   14    7    7
 -0.003866586065515671   14   14    8    1
 -0.02498553300145345   14   14    8    2
 0.03004796843012592   14   14    8    3
 0.03049461061370143   14   14    8    4
 -0.05671114357737445   14   14    8    5
 -0.008079801566532306   14   14    8    6
 0.006220406500418643   14   14    8    7
 0.3678444031406924   14   14    8    8
 0.0001714287891907854   14   14    9    1
 0.0004933861853075769   14   14    9    2
 -0.001755483152487716   14   14    9    3
 -0.006096470725698502   14   14    9    4
 -0.0001784257753719026   14   14    9    5
 -0.01164810951522302   14   14    9    6
 -0.04119100552322978   14   14    9    7
 -0.009880466835913239   14   14    9    8
 0.3797291759582985   14   14    9    9
 -0.0001021161624353159   14   14   10    1
 0.0007581236383456062   14   14   10    2
 -0.002033966834937599   14   14   10    3
 0.005867665192627817   14   14   10    4
 0.001949283299763678   14   14   10    5
 0.01771988457964871   14   14   10    6
 0.06048850036585358   14   14   10    7
 0.01292005961877239   14   14   10    8
 -0.06094900488527946   14   14   10    9
 0.4334617842541616   14   14   10   10
 0.002222754479795352   14   14   11    1
 -0.003301264552658983   14   14   11    2
 -0.01256895150190345   14   14   11    3
 0.07551328078729479   14   14   11    4
 0.01032098756691044   14   14   11    5
 -0.005531770675096228   14   14   11    6
 -0.008584838280767896   14   14   11    7
 0.00292177315640554   14   14   11    8
 0.001707731136869449   14   14   11    9
 -0.00548213900895921   14   14   11   10
 0.3890956009790961   14   14   11   11
 0.001499603674397315   14   14   12    1
 -0.01252292492810368   14   14   12    2
 0.02150574961635329   14   14   12    3
 0.02005579815045328   14   14   12    4
 0.05155352500457677   14   14   12    5
 -0.02085264512706689   14   14   12    6
 0.0009983461888048574   14   14   12    7
 0.006199456221064544   14   14   12    8
 -0.004158176769116407   14   14   12    9
 0.005159589789260313   14   14   12   10
 0.02851189387758247   14   14   12   11
 0.3387786373579657   14   14   12   12
 -0.001851497640942747   14   14   13    1
 0.02386101057768102   14   14   13    2
 0.04232009670324318   14   14   13    3
 -0.00806766565379221   14   14   13    4
 0.009547069173306957   14   14   13    5
 0.004260128130478991   14   14   13    6
 0.008332241827267033   14   14   13    7
 -0.03182805994640632   14   14   13    8
 0.004121637578628943   14   14   13    9
 -0.004893833436004186   14   14   13   10
 -0.05128707654705507   14   14   13   11
 0.02208546152164213   14   14   13   12
 0.4404017325470582   14   14   13   13
 0.0005447272875119136   14   14   14    1
 -0.004698330635880694   14   14   14    2
 -0.004661579889905078   14   14   14    3
 0.002298884145609713   14   14   14    4
 0.05704848431824156   14   14   14    5
 0.04753991361825823   14   14   14    6
 -0.01169974693086988   14   14   14    7
 -0.005633376562633739   14   14   14    8
 0.002288107335487697   14   14   14    9
 -0.002925319366914945   14   14   14   10
 -0.01551254458185745   14   14   14   11
 0.04509533853167276   14   14   14   12
 -0.037089424173012   14   14   14   13
 0.5280183173311243   14   14   14   14
 -0.06635753231219475   15    1    1    1
 0.009507470652278355   15    1    2    1
 7.571182346775092e-05   15    1    2    2
 -0.001309428052661783   15    1    3    1
 0.00326278163600849   15    1    3    2
 6.556481690755783e-05   15    1    3    3
 -0.004951566749391966   15    1    4    1
 -0.00799168556063168   15    1    4    2
 0.002458423481830204   15    1    4    3
 -0.0004219966820062357   15    1    4    4
 0.002251986249709189   15    1    5    1
 -3.404455975341471e-06   15    1    5    2
 0.0004023082574170073   15    1    5    3
 -0.001171211512029906   15    1    5    4
 0.001298733628630385   15    1    5    5
 -0.00409732065959599   15    1    6    1
 -0.003470817482279264   15    1    6    2
 0.001183965717206391   15    1    6    3
 0.0001198851843246304   15    1    6    4
 0.0001116551776802462   15    1    6    5
 0.001413925179394085   15    1    6    6
 0.001094540784457773   15    1    7    1
 0.002857723089934331   15    1    7    2
 -0.001179718965254062   15    1    7    3
 0.0006984849865646216   15    1    7    4
 0.0006234990032759565   15    1    7    5
 -0.0003232335700226878   15    1    7    6
 -0.0004699977392408172   15    1    7    7
 -0.0001051620162280149   15    1    8    1
 -0.003730368010719918   15    1    8    2
 0.001596701087205743   15    1    8    3
 -0.001186566322028606   15    1    8    4
 -0.001848522467707594   15    1    8    5
 -2.025910336383402e-05   15    1    8    6
 0.00118880375210409   15    1    8    7
 -0.002857088483453313   15    1    8    8
 -1.783437931783896e-05   15    1    9    1
 0.000452522954041994   15    1    9    2
 -0.0001718786770618923   15    1    9    3
 7.627339605884306e-05   15    1    9    4
 0.0001010314362276367   15    1    9    5
 -0.0004360585731988034   15    1    9    6
 -0.001648937713834337   15    1    9    7
 -0.0001656494971238651   15    1    9    8
 0.0002351794603397222   15    1    9    9
 8.617249622786231e-05   15    1   10    1
 -0.0003288757056003147   15    1   10    2
 0.0001037558703690325   15    1   10    3
 -2.560544341056376e-05   15    1   10    4
 -0.0001012198279666169   15    1   10    5
 0.0003815544074247737   15    1   10    6
 0.001460851192645275   15    1   10    7
 9.538700940437832e-05   15    1   10    8
 -4.843791214126686e-05   15    1   10    9
 0.001596069857977559   15    1   10   10
 0.007994675910765857   15    1   11    1
 0.001609150587831555   15    1   11    2
 -0.000370483714515465   15    1   11    3
 -0.0008513574356002938   15    1   11    4
 0.0003726108653606722   15    1   11    5
 -0.001072578249964581   15    1   11    6
 0.0002268139372307995   15    1   11    7
 -1.063484644140334e-05   15    1   11    8
 8.171250303887662e-07   15    1   11    9
 -8.386987004886026e-05   15    1   11   10
 0.002190733053675843   15    1   11   11
 0.0038888478065538   15    1   12    1
 0.004899444100556132   15    1   12    2
 -0.001880422745225414   15    1   12    3
 0.001471811698303852   15    1   12    4
 0.001807615945936692   15    1   12    5
 -0.0003170487523813522   15    1   12    6
 -0.001309408683589448   15    1   12    7
 0.002859285834015012   15    1   12    8
 -0.0003398043394850078   15    1   12    9
 0.0003569560475196416   15    1   12   10
 0.002651258090624152   15    1   12   11
 -0.002176258620110955   15    1   12   12
 -0.006192459958757376   15    1   13    1
 -0.004592547301046397   15    1   13    2
 0.002201535560837509   15    1   13    3
 -0.0008863330550023078   15    1   13    4
 -0.001430349035604587   15    1   13    5
 0.0005762100332018633   15    1   13    6
 0.0009520593589504618   15    1   13    7
 -0.002314809469511418   15    1   13    8
 0.0003151940830967629   15    1   13    9
 -0.0003359622499246201   15    1   13   10
 -0.003001122434239513   15    1   13   11
 0.001950187184126655   15    1   13   12
 0.000979823515660666   15    1   13   13
 0.000311237931994616   15    1   14    1
 -0.0009379272378986526   15    1   14    2
 0.0004567296718965121   15    1   14    3
 -0.0008336932545126691   15    1   14    4
 0.0007783392479653741   15    1   14    5
 0.0001855789399676181   15    1   14    6
 0.0003107918747628123   15    1   14    7
 -0.0002766609877962752   15    1   14    8
 0.0001721341102639273   15    1   14    9
 -0.0001208338576893283   15    1   14   10
 -0.0008538454087798674   15    1   14   11
 0.001550038203143235   15    1   14   12
 -0.0007796165659385023   15    1   14   13
 0.00169362857347961   15    1   14   14
 0.006020619725702329   15    1   15    1
 0.07572796100619156   15    2    1    1
 -0.001788117488845267   15    2    2    1
 0.02761891971361747   15    2    2    2
 0.001980230844301026   15    2    3    1
 -0.006748201565497165   15    2    3    2
 -0.001678075040002977   15    2    3    3
 -0.004422181468190616   15    2    4    1
 -0.00810501502002179   15    2    4    2
 0.00140850589226017   15    2    4    3
 0.007079433651397889   15    2    4    4
 -0.000540408325845986   15    2    5    1
 0.004314900734294024   15    2    5    2
 0.0001818789378084534   15    2    5    3
 -0.008034723543406286   15    2    5    4
 0.001358722264179431   15    2    5    5
 -0.001781117849942944   15    2    6    1
 -0.008239454036910624   15    2    6    2
 0.0008199181196604431   15    2    6    3
 0.009888462180652388   15    2    6    4
 -0.006690382186689908   15    2    6    5
 0.003527739432723647   15    2    6    6
 0.002103415602819089   15    2    7    1
 0.002915300991269361   15    2    7    2
 -0.001738889258024243   15    2    7    3
 0.001657301317769404   15    2    7    4
 -0.0001369306116796487   15    2    7    5
 0.006743862118648719   15    2    7    6
 0.01841910435725342   15    2    7    7
 -0.003225515488149015   15    2    8    1
 -0.002828973300576796   15    2    8    2
 0.002659042482742487   15    2    8    3
 -0.006775049658599324   15    2    8    4
 0.01322754277359278   15    2    8    5
 -0.002333614986438904   15    2    8    6
 0.003203779329945609   15    2    8    7
 0.01932563378026931   15    2    8    8
 0.0004200880941581341   15    2    9    1
 0.0004702736047457123   15    2    9    2
 -0.0004114514318074232   15    2    9    3
 0.001238038130960079   15    2    9    4
 0.0009720118864665827   15    2    9    5
 0.005453840398829256   15    2    9    6
 0.01726475843891864   15    2    9    7
 0.005835959888491282   15    2    9    8
 0.006764125287634375   15    2    9    9
 -0.0003369646873979588   15    2   10    1
 -0.000249024289700552   15    2   10    2
 0.0001292503861389106   15    2   10    3
 -0.0004948638405622233   15    2   10    4
 -0.0004901885579494074   15    2   10    5
 -0.002346324019250863   15    2   10    6
 -0.007326747616102415   15    2   10    7
 -0.002546607018910333   15    2   10    8
 -0.005017906168262432   15    2   10    9
 -0.005570766007197347   15    2   10   10
 0.001254179534458203   15    2   11    1
 0.02229048953870773   15    2   11    2
 0.0004509785049396756   15    2   11    3
 -0.01200799149932195   15    2   11    4
 -0.001247505334496282   15    2   11    5
 -0.005980602751645895   15    2   11    6
 0.007679652770946864   15    2   11    7
 -0.01031852446386349   15    2   11    8
 0.001326263069824315   15    2   11    9
 0.0006546753550852034   15    2   11   10
 0.01530996004390765   15    2   11   11
 0.004575492869398376   15    2   12    1
 0.009342517380605915   15    2   12    2
 0.0004119803321349154   15    2   12    3
 -0.00624104319031136   15    2   12    4
 0.003823852892365474   15    2   12    5
 -0.00325418933192664   15    2   12    6
 -0.002474759725719561   15    2   12    7
 0.004916288327420987   15    2   12    8
 -0.001231032327521537   15    2   12    9
 -0.0002074909194203994   15    2   12   10
 -0.005206765053114324   15    2   12   11
 0.007611139224278753   15    2   12   12
 -0.004322782876314351   15    2   13    1
 -0.01528755908326774   15    2   13    2
 0.003063222656237215   15    2   13    3
 0.01097007392312658   15    2   13    4
 -0.004895123270350545   15    2   13    5
 0.00782399048162101   15    2   13    6
 -0.001489852486489736   15    2   13    7
 -0.0001591710464512174   15    2   13    8
 0.0004105673492798635   15    2   13    9
 8.571598318117458e-05   15    2   13   10
 0.0007973730190393052   15    2   13   11
 -0.008726756521857653   15    2   13   12
 0.002988882742941957   15    2   13   13
 -0.000764917908695582   15    2   14    1
 0.002302794465949969   15    2   14    2
 -0.0004713670388727426   15    2   14    3
 0.0003948559942133991   15    2   14    4
 -0.00460972685479391   15    2   14    5
 -0.0007105828995949887   15    2   14    6
 0.001770336361632946   15    2   14    7
 -0.006506628720136354   15    2   14    8
 -0.0002372635993023583   15    2   14    9
 0.0005316584378574145   15    2   14   10
 0.006367102273132022   15    2   14   11
 -0.006947379087388027   15    2   14   12
 0.002275992768937503   15    2   14   13
 -0.008914452492283901   15    2   14   14
 0.003078169825076051   15    2   15    1
 0.0162632434734323   15    2   15    2
 0.01977957538867757   15    3    1    1
 -0.0001904986392734229   15    3    2    1
 0.01185354598499876   15    3    2    2
 -0.0003483399791106664   15    3    3    1
 0.003781381013053803   15    3    3    2
 0.03917211094787213   15    3    3    3
 0.001325246326123541   15    3    4    1
 0.005261964149177152   15    3    4    2
 0.002088187345761466   15    3    4    3
 0.008640827239333808   15    3    4    4
 0.0001014184637794352   15    3    5    1
 0.0001611812090377884   15    3    5    2
 -0.00618300041702846   15    3    5    3
 -0.003831773369766881   15    3    5    4
 0.01306230809796476   15    3    5    5
 0.0006195188764960381   15    3    6    1
 0.003416490032835515   15    3    6    2
 0.01368392685059304   15    3    6    3
 0.01145098327674703   15    3    6    4
 0.008309050387970808   15    3    6    5
 0.003140853339250558   15    3    6    6
 -0.0006730883440884141   15    3    7    1
 -0.003625343534695365   15    3    7    2
 -0.004521073080777246   15    3    7    3
 -0.005534547672581746   15    3    7    4
 -0.002628357597834332   15    3    7    5
 0.003778471088504658   15    3    7    6
 0.01810356154297315   15    3    7    7
 0.0009658248909138738   15    3    8    1
 0.005797312558398215   15    3    8    2
 0.005469013947134505   15    3    8    3
 0.008162774334876071   15    3    8    4
 0.001417207516186186   15    3    8    5
 -0.0003732152770563495   15    3    8    6
 0.0003528746117547868   15    3    8    7
 0.01515213347901129   15    3    8    8
 -0.0001462224465864776   15    3    9    1
 -0.001041153449556818   15    3    9    2
 -0.001457968081572859   15    3    9    3
 -0.001432213507029722   15    3    9    4
 0.0003459292891806317   15    3    9    5
 -0.001054570250597041   15    3    9    6
 -0.002846638439929141   15    3    9    7
 -0.001501048232414254   15    3    9    8
 0.008911358856466343   15    3    9    9
 9.328339162173388e-05   15    3   10    1
 0.0006912656835085166   15    3   10    2
 0.0006490476820129445   15    3   10    3
 0.001519724543605814   15    3   10    4
 0.0002251275842069349   15    3   10    5
 0.005063990936417444   15    3   10    6
 0.01818091027384057   15    3   10    7
 0.005572999340565535   15    3   10    8
 -0.03119985543582314   15    3   10    9
 0.01990501399017214   15    3   10   10
 -0.0008419138557062143   15    3   11    1
 -0.00080591708546882   15    3   11    2
 0.005232423295448776   15    3   11    3
 0.00560574357855046   15    3   11    4
 -0.004491436963984485   15    3   11    5
 0.002531604894800379   15    3   11    6
 -0.002378481996368725   15    3   11    7
 0.003075459810189961   15    3   11    8
 0.0009254631872574517   15    3   11    9
 -0.0007003010534991156   15    3   11   10
 0.010405874367823   15    3   11   11
 -0.001170421544255434   15    3   12    1
 -0.002636197762119495   15    3   12    2
 0.01474509804046627   15    3   12    3
 -0.002768744597594817   15    3   12    4
 0.00327776673118899   15    3   12    5
 0.01010035686548815   15    3   12    6
 -0.002178571268042012   15    3   12    7
 -0.0004563641619262359   15    3   12    8
 -0.001454944145846658   15    3   12    9
 0.0009784640941071419   15    3   12   10
 0.001941680334710425   15    3   12   11
 0.006695086781268031   15    3   12   12
 0.001332523827119923   15    3   13    1
 0.01150153790771788   15    3   13    2
 0.03098982997568077   15    3   13    3
 0.008929748700842788   15    3   13    4
 -0.003148934935843829   15    3   13    5
 0.01313311905780509   15    3   13    6
 -0.007329737866936564   15    3   13    7
 0.007754217078562302   15    3   13    8
 0.0001980823943834824   15    3   13    9
 -0.0005239605966853393   15    3   13   10
 0.003264970528870851   15    3   13   11
 0.001149222031467293   15    3   13   12
 0.01773288039347717   15    3   13   13
 8.619053718009319e-05   15    3   14    1
 -0.0007828194520773041   15    3   14    2
 -0.004398770764579871   15    3   14    3
 -0.0003555402454994308   15    3   14    4
 0.02516991339849713   15    3   14    5
 0.01357435299634021   15    3   14    6
 -0.001449102305180424   15    3   14    7
 -0.01357964918487124   15    3   14    8
 1.638014326487631e-05   15    3   14    9
 0.0008882516958332096   15    3   14   10
 0.0001081427241703671   15    3   14   11
 0.0006804008405045906   15    3   14   12
 0.0005381918904442872   15    3   14   13
 0.01390686590640811   15    3   14   14
 -0.0009998666823333095   15    3   15    1
 0.004640992173563526   15    3   15    2
 0.04560141815073531   15    3   15    3
 -0.111293482837793   15    4    1    1
 0.002417713723505109   15    4    2    1
 -0.02946965122295635   15    4    2    2
 -0.000693698274681707   15    4    3    1
 0.02040835753300502   15    4    3    2
 0.01111250859935783   15    4    3    3
 0.0002186419983586027   15    4    4    1
 -0.01291962753817166   15    4    4    2
 0.003825623049298201   15    4    4    3
 -0.0149903772181389   15    4    4    4
 -0.0001066005060279831   15    4    5    1
 -0.01101692353035923   15    4    5    2
 0.001407737546200044   15    4    5    3
 0.002006106661664083   15    4    5    4
 -7.70447834507114e-05   15    4    5    5
 -0.0001029225834930329   15    4    6    1
 0.003594094406703376   15    4    6    2
 0.01029974404832547   15    4    6    3
 -0.005198404165245534   15    4    6    4
 0.01260908454509753   15    4    6    5
 -0.005656156222850533   15    4    6    6
 0.0003819206625287884   15    4    7    1
 0.009712101518213223   15    4    7    2
 -0.005326173747418978   15    4    7    3
 -0.0003538457347472234   15    4    7    4
 0.0009852049640960651   15    4    7    5
 -0.006570326309831991   15    4    7    6
 -0.02333327240039544   15    4    7    7
 -0.0006128294863633338   15    4    8    1
 -0.01753824429901058   15    4    8    2
 0.007430203217574494   15    4    8    3
 0.003355129543320953   15    4    8    4
 -0.02093669037509779   15    4    8    5
 0.001489363494809197   15    4    8    6
 0.002143520518073587   15    4    8    7
 -0.03751548408844026   15    4    8    8
 0.0001374946357462802   15    4    9    1
 0.002037627796144896   15    4    9    2
 -0.002108130156941523   15    4    9    3
 -0.001121257809660087   15    4    9    4
 -0.0002648596979868934   15    4    9    5
 -0.008847147693139989   15    4    9    6
 -0.02905647693375491   15    4    9    7
 -0.008769529952054276   15    4    9    8
 -0.01354347086010249   15    4    9    9
 1.685200066311499e-05   15    4   10    1
 -0.001011616702894107   15    4   10    2
 0.001582411110127743   15    4   10    3
 0.0004564244790216512   15    4   10    4
 0.0003159452064245247   15    4   10    5
 0.007229770893395561   15    4   10    6
 0.02728330731273414   15    4   10    7
 0.007651291243413779   15    4   10    8
 -0.01461149309912773   15    4   10    9
 0.01498559967217917   15    4   10   10
 0.002198805060143545   15    4   11    1
 -0.02316191304442316   15    4   11    2
 -0.003925688302391948   15    4   11    3
 0.01349984933217545   15    4   11    4
 -0.0003246194140111833   15    4   11    5
 0.006097261190420617   15    4   11    6
 -0.01257581050336892   15    4   11    7
 0.01961676343514097   15    4   11    8
 -0.001530295099237322   15    4   11    9
 -0.0002856402691574425   15    4   11   10
 -0.0007894110795861375   15    4   11   11
 -0.0007488711784376947   15    4   12    1
 0.003946622717350262   15    4   12    2
 -0.005404543705774041   15    4   12    3
 0.01885850596362954   15    4   12    4
 -0.001251821267261826   15    4   12    5
 0.02034735095892862   15    4   12    6
 -0.005303544674402918   15    4   12    7
 0.002883402239735972   15    4   12    8
 7.266864372488942e-05   15    4   12    9
 0.001206354666447084   15    4   12   10
 0.004436355058549522   15    4   12   11
 -0.01547093708433335   15    4   12   12
 -1.721852069853655e-05   15    4   13    1
 0.01040716286523691   15    4   13    2
 0.02638221976349221   15    4   13    3
 -0.02266125178438376   15    4   13    4
 -0.000488155940908309   15    4   13    5
 -0.005396200484905899   15    4   13    6
 0.002258439103570407   15    4   13    7
 -0.001833924115906072   15    4   13    8
 0.0004119682606580384   15    4   13    9
 -0.0007273011478085481   15    4   13   10
 -0.003105938252097828   15    4   13   11
 0.01715037934850387   15    4   13   12
 -0.002612750686735192   15    4   13   13
 0.000724408665552929   15    4   14    1
 -0.005749510248558801   15    4   14    2
 -0.001586184602676026   15    4   14    3
 -0.006042274887764811   15    4   14    4
 0.02991306714897444   15    4   14    5
 0.009121818369021541   15    4   14    6
 -0.001700705620708421   15    4   14    7
 -0.002456135123360893   15    4   14    8
 0.0007775888719390813   15    4   14    9
 -0.0001383159275854866   15    4   14   10
 -0.007015457528067852   15    4   14   11
 0.01132394127850792   15    4   14   12
 -0.001145129109241868   15    4   14   13
 0.01525257857602655   15    4   14   14
 0.0005496691206205803   15    4   15    1
 -0.007060905866403242   15    4   15    2
 0.01737311112224608   15    4   15    3
 0.03340785194770476   15    4   15    4
 0.01743722982703505   15    5    1    1
 -0.0006080160326467909   15    5    2    1
 0.00418952166138514   15    5    2    2
 0.0006004151036131537   15    5    3    1
 -0.003127138707451326   15    5    3    2
 -0.01832548578839988   15    5    3    3
 -0.001588073803810849   15    5    4    1
 -0.006624951813239222   15    5    4    2
 -0.002520816984297315   15    5    4    3
 -0.002074049004657412   15    5    4    4
 0.0004541060927702825   15    5    5    1
 -0.0002084084133715277   15    5    5    2
 -0.009083050891706022   15    5    5    3
 -0.00107978514532975   15    5    5    4
 -0.00393451293575613   15    5    5    5
 -0.0007515703815189099   15    5    6    1
 -0.00720577170253109   15    5    6    2
 -0.009479208168910947   15    5    6    3
 0.002105367110932514   15    5    6    4
 -0.008337951061802516   15    5    6    5
 -0.009314925385869838   15    5    6    6
 0.0004438015613778231   15    5    7    1
 0.00147086288802145   15    5    7    2
 0.003092025059003277   15    5    7    3
 0.0007447139737917345   15    5    7    4
 0.001325986215220525   15    5    7    5
 0.002664745942660147   15    5    7    6
 0.0001262029886479972   15    5    7    7
 0.0002481613199410972   15    5    8    1
 0.002986258964454506   15    5    8    2
 0.001940716580168325   15    5    8    3
 -0.002712027929975985   15    5    8    4
 0.005585240794710019   15    5    8    5
 0.001504943164192122   15    5    8    6
 -0.000457207881054385   15    5    8    7
 0.002606451306721193   15    5    8    8
 0.0001863756681155193   15    5    9    1
 0.0001428633404356323   15    5    9    2
 0.0001291364910124089   15    5    9    3
 -0.0001448858628106432   15    5    9    4
 0.0004764424422046683   15    5    9    5
 0.003054961268464375   15    5    9    6
 0.008176167937728365   15    5    9    7
 0.002745003885185124   15    5    9    8
 -0.0078990924608528   15    5    9    9
 -0.0001544513479448687   15    5   10    1
 -0.0001306794092278223   15    5   10    2
 -0.0007572055604433732   15    5   10    3
 -0.000428386790707651   15    5   10    4
 -0.0002341300746082993   15    5   10    5
 -0.0001664959709632114   15    5   10    6
 -0.002875495473775482   15    5   10    7
 -0.001126604671428327   15    5   10    8
 -0.002367422725607833   15    5   10    9
 -0.01281188397670433   15    5   10   10
 -0.0003609089998993167   15    5   11    1
 0.003519408165686242   15    5   11    2
 -0.006582878889655644   15    5   11    3
 -0.005515506569969514   15    5   11    4
 -0.0005096382123706431   15    5   11    5
 0.0003658968584308679   15    5   11    6
 0.001989105568316259   15    5   11    7
 -0.0009871455635591614   15    5   11    8
 0.0007842330589794517   15    5   11    9
 -0.0001729269332878383   15    5   11   10
 -0.005495115086453558   15    5   11   11
 0.001865439187942151   15    5   12    1
 0.002650130856577009   15    5   12    2
 0.0002665474639943685   15    5   12    3
 -0.005745585526058396   15    5   12    4
 0.005069967560902872   15    5   12    5
 0.004123594425239329   15    5   12    6
 -0.003047489847254266   15    5   12    7
 0.003535194711167398   15    5   12    8
 -0.0007334408236884413   15    5   12    9
 -0.0001182342901172319   15    5   12   10
 0.00401665011797719   15    5   12   11
 -0.003932148079927152   15    5   12   12
 -0.001557672111824844   15    5   13    1
 -0.004592655651017348   15    5   13    2
 -0.0001874853753781179   15    5   13    3
 0.002819451861072194   15    5   13    4
 0.005403061513999891   15    5   13    5
 0.01028990093859083   15    5   13    6
 -0.001043870079092193   15    5   13    7
 -0.00801840207541425   15    5   13    8
 -0.0001030016494566596   15    5   13    9
 0.0006948222531267551   15    5   13   10
 0.001516862567476847   15    5   13   11
 -0.009568044736935823   15    5   13   12
 -0.01106522207738128   15    5   13   13
 -0.0006813281433278277   15    5   14    1
 -0.0008146052943150172   15    5   14    2
 0.01088659300206775   15    5   14    3
 0.008202340788379246   15    5   14    4
 -0.002236828999678479   15    5   14    5
 0.004592828453114354   15    5   14    6
 -0.002770375489578326   15    5   14    7
 0.002147511898901259   15    5   14    8
 -0.0002406903221997293   15    5   14    9
 -8.584829853066515e-05   15    5   14   10
 0.01001101750732336   15    5   14   11
 -0.001798916006125666   15    5   14   12
 -0.01216267683926916   15    5   14   13
 -0.01019264723237318   15    5   14   14
 0.0009263737573162685   15    5   15    1
 0.002724648845324934   15    5   15    2
 -0.001587621165668588   15    5   15    3
 -0.0009006878821894978   15    5   15    4
 0.01524557542202346   15    5   15    5
 -0.06191604314125854   15    6    1    1
 0.001574203844502081   15    6    2    1
 -0.01083329149497974   15    6    2    2
 -0.0007275833057349867   15    6    3    1
 0.01728792363290046   15    6    3    2
 0.04721392436220902   15    6    3    3
 0.001124145540062039   15    6    4    1
 -0.0008332445261803172   15    6    4    2
 0.01491632113177874   15    6    4    3
 0.007358705087881872   15    6    4    4
 -0.0001292415545903153   15    6    5    1
 -0.01282700665757111   15    6    5    2
 -0.01059966840310011   15    6    5    3
 0.005259636133101633   15    6    5    4
 0.03100310806686881   15    6    5    5
 0.000578724042559933   15    6    6    1
 0.004494877205450227   15    6    6    2
 0.003065022943691839   15    6    6    3
 -0.009526515325321765   15    6    6    4
 0.01116415830273191   15    6    6    5
 0.01388019249082687   15    6    6    6
 0.0004425703088641927   15    6    7    1
 0.005709645628433454   15    6    7    2
 -0.005220173854943956   15    6    7    3
 0.0001584491443239979   15    6    7    4
 0.002723240771226896   15    6    7    5
 -0.006490535832715881   15    6    7    6
 -0.0009325458832911874   15    6    7    7
 0.0001140689773500797   15    6    8    1
 -0.006905701725778266   15    6    8    2
 0.01559254385183793   15    6    8    3
 0.00424260857263583   15    6    8    4
 -0.0262491202950734   15    6    8    5
 0.0003979803810305018   15    6    8    6
 0.0007432799981088988   15    6    8    7
 -0.00611980035766605   15    6    8    8
 0.0004365043633358872   15    6    9    1
 0.002121509801976022   15    6    9    2
 -0.002155282986495686   15    6    9    3
 -0.002385748390368492   15    6    9    4
 -0.0007394497526879802   15    6    9    5
 -0.008333873208919233   15    6    9    6
 -0.02759186676006101   15    6    9    7
 -0.008171653074049585   15    6    9    8
 0.01718237693396236   15    6    9    9
 -0.0001137796466012284   15    6   10    1
 -0.0009523986256244973   15    6   10    2
 0.001727290127700299   15    6   10    3
 0.001051865359528262   15    6   10    4
 0.0009054542743171479   15    6   10    5
 0.005894849002110158   15    6   10    6
 0.01711699153448285   15    6   10    7
 0.004796024671601109   15    6   10    8
 -0.003385456007721077   15    6   10    9
 0.03748075055872296   15    6   10   10
 0.001195606917850273   15    6   11    1
 -0.01349002429734304   15    6   11    2
 0.007401571684492884   15    6   11    3
 0.01646750401771841   15    6   11    4
 0.006223782019689434   15    6   11    5
 -0.0008557393136762779   15    6   11    6
 -0.004851173642703745   15    6   11    7
 0.01086513251278638   15    6   11    8
 -0.0007849778705837931   15    6   11    9
 -0.0008853234461909068   15    6   11   10
 0.009459295897150673   15    6   11   11
 -0.001502644893714019   15    6   12    1
 0.0001466862296546159   15    6   12    2
 0.008894459005702342   15    6   12    3
 0.02412640485387088   15    6   12    4
 0.005341107106735096   15    6   12    5
 0.004917186118555269   15    6   12    6
 0.0007978789724110092   15    6   12    7
 -0.00130288054054184   15    6   12    8
 -0.0001033942052671639   15    6   12    9
 0.001285195848428166   15    6   12   10
 0.007522219058458141   15    6   12   11
 0.008161067365665001   15    6   12   12
 0.0009680963280282793   15    6   13    1
 0.008499870480844003   15    6   13    2
 0.01409171676810019   15    6   13    3
 -0.01279415308811554   15    6   13    4
 0.01234314669820531   15    6   13    5
 -0.001656779648533838   15    6   13    6
 0.000943920435546795   15    6   13    7
 -0.00718168161110181   15    6   13    8
 -0.001713635013966697   15    6   13    9
 0.0004079922105444109   15    6   13   10
 0.0007097885119432531   15    6   13   11
 0.01381712819435587   15    6   13   12
 0.02584129453291049   15    6   13   13
 0.0006850658830750594   15    6   14    1
 -0.003010135400228006   15    6   14    2
 0.007563859076821904   15    6   14    3
 0.0005209150435332828   15    6   14    4
 0.00740873824854194   15    6   14    5
 0.005840733821526343   15    6   14    6
 -0.004225692467582497   15    6   14    7
 0.009943901331478884   15    6   14    8
 0.0007477718718200187   15    6   14    9
 -0.001157293876526987   15    6   14   10
 -0.001887995311418002   15    6   14   11
 0.01090376517034139   15    6   14   12
 -0.0182196393815508   15    6   14   13
 0.04794256111815344   15    6   14   14
 -0.0003136506704750156   15    6   15    1
 -0.00588071758087603   15    6   15    2
 0.006486064373849125   15    6   15    3
 0.007204496045947252   15    6   15    4
 -0.000912931368128688   15    6   15    5
 0.02708223243077248   15    6   15    6
 0.0326260099399567   15    7    1    1
 -0.000642446248191593   15    7    2    1
 0.004202922473781689   15    7    2    2
 -7.768524958691739e-05   15    7    3    1
 -0.01320742384601369   15    7    3    2
 -0.02412397880307971   15    7    3    3
 0.0009803991815437178   15    7    4    1
 0.01178884410599498   15    7    4    2
 -0.007710952569205762   15    7    4    3
 -0.004104445403637545   15    7    4    4
 -0.0001571293172612607   15    7    5    1
 0.004093585433246343   15    7    5    2
 0.003498950476989503   15    7    5    3
 -0.0009452004200977814   15    7    5    4
 -0.01749275034177245   15    7    5    5
 0.001213193428330366   15    7    6    1
 0.004583119362325614   15    7    6    2
 -0.005063409306527845   15    7    6    3
 0.002841995957250089   15    7    6    4
 -0.006989813778646224   15    7    6    5
 -0.01016287289356445   15    7    6    6
 0.001974292401086217   15    7    7    1
 0.003949255048561058   15    7    7    2
 0.005201008933767783   15    7    7    3
 -0.00272632223841008   15    7    7    4
 0.0003998752695051782   15    7    7    5
 0.001048580685112333   15    7    7    6
 -0.001548438247546922   15    7    7    7
 0.0007836880856333348   15    7    8    1
 0.007395352478863547   15    7    8    2
 -0.005872610201715401   15    7    8    3
 -0.003366202495096806   15    7    8    4
 0.01403890965901073   15    7    8    5
 -5.977166488778391e-05   15    7    8    6
 -0.0003852997459464146   15    7    8    7
 0.005358214818524579   15    7    8    8
 0.001673477477030622   15    7    9    1
 0.004410466486195671   15    7    9    2
 -0.003028390845271498   15    7    9    3
 -0.002104383957898569   15    7    9    4
 0.002319799531963393   15    7    9    5
 0.0007016297127601068   15    7    9    6
 0.01640332900759033   15    7    9    7
 0.003506607480003984   15    7    9    8
 -0.008863244847469984   15    7    9    9
 -0.0007229234975742161   15    7   10    1
 -0.001027971623123376   15    7   10    2
 0.005665147659428806   15    7   10    3
 0.002585717069030927   15    7   10    4
 -0.001099722306604043   15    7   10    5
 -0.001474346758819656   15    7   10    6
 -0.01333967569305152   15    7   10    7
 -0.001737464751280012   15    7   10    8
 0.004852544069175078   15    7   10    9
 -0.02237261022317854   15    7   10   10
 -0.0003355674194247817   15    7   11    1
 0.009166335863591168   15    7   11    2
 -0.001018072687117919   15    7   11    3
 -0.01253697598230011   15    7   11    4
 -0.00141347591242654   15    7   11    5
 0.0002869205509204323   15    7   11    6
 0.01059336026691667   15    7   11    7
 -0.005375279905124501   15    7   11    8
 0.003668213603793092   15    7   11    9
 0.001276350235731218   15    7   11   10
 -0.005273364143132506   15    7   11   11
 -0.001098047711028008   15    7   12    1
 -0.003700575755739419   15    7   12    2
 -0.001923772314326947   15    7   12    3
 -0.009124006551632648   15    7   12    4
 -0.005527255564348491   15    7   12    5
 -6.474126565118609e-05   15    7   12    6
 0.004696353118593298   15    7   12    7
 -0.002678183055070391   15    7   12    8
 0.001029012845688306   15    7   12    9
 0.0002292434500635236   15    7   12   10
 -0.007778750972182138   15    7   12   11
 -0.001154000749310659   15    7   12   12
 0.00108493010420719   15    7   13    1
 -0.002682878288369629   15    7   13    2
 -0.01156614180573027   15    7   13    3
 0.006748806491675208   15    7   13    4
 -0.001436764792473635   15    7   13    5
 -0.0003096970577607966   15    7   13    6
 -0.003332363755875724   15    7   13    7
 0.005832707759110184   15    7   13    8
 -0.006340602460356425   15    7   13    9
 0.004644711395772225   15    7   13   10
 0.004592443726353331   15    7   13   11
 -0.009166752616838776   15    7   13   12
 -0.0162198739811226   15    7   13   13
 0.0001307933096185162   15    7   14    1
 0.002900054886321118   15    7   14    2
 -0.001518184810388392   15    7   14    3
 0.001089215794801454   15    7   14    4
 -0.008995576448570675   15    7   14    5
 -0.005206914607004896   15    7   14    6
 0.001381927405302794   15    7   14    7
 -0.001533070492357559   15    7   14    8
 9.632125252583213e-05   15    7   14    9
 7.375561745642005e-05   15    7   14   10
 0.004717455985408604   15    7   14   11
 -0.007862001903803083   15    7   14   12
 0.006347025696662931   15    7   14   13
 -0.02739886781388647   15    7   14   14
 -0.0007940866395442081   15    7   15    1
 0.00223035850820054   15    7   15    2
 -0.004391088578225922   15    7   15    3
 -0.007551823864213978   15    7   15    4
 0.0008721150929936317   15    7   15    5
 -0.008608207645343834   15    7   15    6
 0.01352500185570349   15    7   15    7
 -0.03193184950204752   15    8    1    1
 0.0003902861844127303   15    8    2    1
 -0.002764474063990281   15    8    2    2
 0.0005139598785586298   15    8    3    1
 0.01936795256225563   15    8    3    2
 0.03362664814831811   15    8    3    3
 -0.002446960279816401   15    8    4    1
 -0.02325070314663242   15    8    4    2
 0.00987836655301331   15    8    4    3
 0.005844327906740633   15    8    4    4
 0.001283220764221191   15    8    5    1
 0.004748222723029208   15    8    5    2
 0.004484542089278995   15    8    5    3
 -0.002753577328621794   15    8    5    4
 0.02245075641670077   15    8    5    5
 -0.001259438883977504   15    8    6    1
 -0.004684925525634469   15    8    6    2
 0.01696339826069125   15    8    6    3
 -0.001605233797830006   15    8    6    4
 0.01267002141766351   15    8    6    5
 0.0165583600856453   15    8    6    6
 0.001124031361038752   15    8    7    1
 0.007452097983319332   15    8    7    2
 -0.006027263476152305   15    8    7    3
 -0.001828493214440306   15    8    7    4
 8.904035169391785e-05   15    8    7    5
 -0.003490978698486969   15    8    7    6
 0.006339333041459943   15    8    7    7
 0.00149939265065841   15    8    8    1
 -0.0002244466581858421   15    8    8    2
 0.001461552026823256   15    8    8    3
 0.001230395760654428   15    8    8    4
 -0.0123586582462195   15    8    8    5
 -0.003950168074771439   15    8    8    6
 0.004658909674431102   15    8    8    7
 -0.004990130549053066   15    8    8    8
 0.000770522874015853   15    8    9    1
 0.002812674641957369   15    8    9    2
 -0.001683918459590318   15    8    9    3
 -0.00231406091929504   15    8    9    4
 0.0005998362855342006   15    8    9    5
 -0.007641424932767199   15    8    9    6
 -0.01874317581014764   15    8    9    7
 -0.005253762328363228   15    8    9    8
 0.01469347351623095   15    8    9    9
 -0.0004275241960591187   15    8   10    1
 -0.001112360425587985   15    8   10    2
 0.002328974310269579   15    8   10    3
 0.002919964323997942   15    8   10    4
 -0.0003679408682445405   15    8   10    5
 0.005636129335004032   15    8   10    6
 0.01756115128622727   15    8   10    7
 0.004585274209215062   15    8   10    8
 -0.009544136979955231   15    8   10    9
 0.03325170900720799   15    8   10   10
 5.182385129465996e-05   15    8   11    1
 -0.01127718570948847   15    8   11    2
 0.0007368053578028045   15    8   11    3
 0.019812923339033   15    8   11    4
 0.001754030872627939   15    8   11    5
 0.004453534134838396   15    8   11    6
 -0.00528441815538216   15    8   11    7
 0.01228277389255313   15    8   11    8
 0.001071232736968446   15    8   11    9
 -0.001528995102968856   15    8   11   10
 0.008044624848931254   15    8   11   11
 0.002811604523820694   15    8   12    1
 0.007037129149609686   15    8   12    2
 5.1846129483264e-05   15    8   12    3
 0.006006278457809548   15    8   12    4
 0.007864396953354761   15    8   12    5
 -0.003452581485698916   15    8   12    6
 -0.001785610235809735   15    8   12    7
 0.01037277208128842   15    8   12    8
 -0.0008941517110733228   15    8   12    9
 0.002485456466207238   15    8   12   10
 0.01116771064054533   15    8   12   11
 -7.40004193940247e-05   15    8   12   12
 -0.002575749853169059   15    8   13    1
 0.001853997774116373   15    8   13    2
 0.01644529176735128   15    8   13    3
 -0.006087665472200668   15    8   13    4
 -0.01084840426578375   15    8   13    5
 -0.003200823594238061   15    8   13    6
 0.003826019914173399   15    8   13    7
 -0.007960150320963429   15    8   13    8
 -0.000407131077536294   15    8   13    9
 -0.001162683067610186   15    8   13   10
 -0.01259444753872705   15    8   13   11
 0.01627195055353542   15    8   13   12
 0.02460396621213292   15    8   13   13
 -0.001106912068338336   15    8   14    1
 -0.005537790811013496   15    8   14    2
 -0.007151364865313252   15    8   14    3
 -0.005257386807461103   15    8   14    4
 0.01635919175759643   15    8   14    5
 0.00661424348200852   15    8   14    6
 0.0008369621056488963   15    8   14    7
 -0.005097337630429646   15    8   14    8
 0.00119024172191082   15    8   14    9
 -0.0005667515672032288   15    8   14   10
 -0.01416880369033876   15    8   14   11
 0.01185636110488686   15    8   14   12
 0.006076577625567025   15    8   14   13
 0.03437794402825987   15    8   14   14
 0.001742299066586492   15    8   15    1
 -0.0009716091644615468   15    8   15    2
 0.008201184054057462   15    8   15    3
 0.01236093445720216   15    8   15    4
 -0.005774157149989874   15    8   15    5
 0.006850102037250428   15    8   15    6
 -0.006162730700548057   15    8   15    7
 0.02010836053213765   15    8   15    8
 0.005421844987959287   15    9    1    1
 -4.284495688372128e-05   15    9    2    1
 0.001909987111389036   15    9    2    2
 -8.540753868470064e-05   15    9    3    1
 -0.003064558210264131   15    9    3    2
 -0.005275593331109805   15    9    3    3
 0.0003731194808758714   15    9    4    1
 0.003275303595576013   15    9    4    2
 -0.002263784321987187   15    9    4    3
 -2.48714488008741e-05   15    9    4    4
 8.218284561699062e-05   15    9    5    1
 0.0001835650376599798   15    9    5    2
 -0.00109778606581967   15    9    5    3
 -0.0002769886512865468   15    9    5    4
 -0.001904246517764081   15    9    5    5
 0.0006914766337398309   15    9    6    1
 0.0028262794796424   15    9    6    2
 -0.003494217942952818   15    9    6    3
 -0.0007673461574705887   15    9    6    4
 -0.001896056032459674   15    9    6    5
 -0.004203097122570033   15    9    6    6
 0.001720158337429768   15    9    7    1
 0.007107955330923781   15    9    7    2
 -0.001104180847002963   15    9    7    3
 -0.003867671806363907   15    9    7    4
 0.002129800793946091   15    9    7    5
 -0.002906458798406242   15    9    7    6
 0.002466748912616568   15    9    7    7
 0.0007519609104885391   15    9    8    1
 0.003327042623171606   15    9    8    2
 -0.001035952534516958   15    9    8    3
 -0.00219134934047257   15    9    8    4
 0.002885978782184321   15    9    8    5
 -0.001361166790372534   15    9    8    6
 -0.001075357949806904   15    9    8    7
 0.001353354258156505   15    9    8    8
 0.001403500084046834   15    9    9    1
 0.004711636211594701   15    9    9    2
 -0.0004512596577928157   15    9    9    3
 -0.002462248261913615   15    9    9    4
 0.0002157224029670095   15    9    9    5
 0.001167676543147898   15    9    9    6
 0.003009684594673391   15    9    9    7
 0.001943599667532497   15    9    9    8
 -0.002350565683176112   15    9    9    9
 -0.0006088432709219377   15    9   10    1
 -0.002089267820427474   15    9   10    2
 -0.00701658904480237   15    9   10    3
 -0.003661859663095158   15    9   10    4
 -0.0006391915935777192   15    9   10    5
 -0.001129993337218068   15    9   10    6
 -0.001787062365274792   15    9   10    7
 -0.002432417670899135   15    9   10    8
 0.001746946865055061   15    9   10    9
 -0.005027776249795052   15    9   10   10
 8.583660463456385e-05   15    9   11    1
 0.001577865833666754   15    9   11    2
 -0.000516169854593741   15    9   11    3
 -0.002772708316384306   15    9   11    4
 0.0008330272808770972   15    9   11    5
 -6.447065941533836e-05   15    9   11    6
 0.004243760745825857   15    9   11    7
 0.0002544813810758998   15    9   11    8
 0.003054501652140384   15    9   11    9
 -0.004018187031175456   15    9   11   10
 0.0006059833693369745   15    9   11   11
 -0.0004795190233051947   15    9   12    1
 -0.001287464570675947   15    9   12    2
 -0.0007073956770447865   15    9   12    3
 -0.0005702972176611468   15    9   12    4
 -0.0003579165172074366   15    9   12    5
 0.0008189758798174417   15    9   12    6
 0.00102475835425516   15    9   12    7
 -0.001472070115788311   15    9   12    8
 0.002438090092533729   15    9   12    9
 -0.00310018666465508   15    9   12   10
 -0.002305369025659129   15    9   12   11
 0.0001659020035645915   15    9   12   12
 0.0003907568053868121   15    9   13    1
 -0.0001685869224731723   15    9   13    2
 -0.001982249916005075   15    9   13    3
 0.0006600356110977158   15    9   13    4
 0.00149469903238814   15    9   13    5
 -0.001266646373621886   15    9   13    6
 -0.006124720315962599   15    9   13    7
 -0.001443327006657183   15    9   13    8
 0.002908542881575739   15    9   13    9
 0.0003735731367742804   15    9   13   10
 0.001924211715948301   15    9   13   11
 -0.002840069836612393   15    9   13   12
 -0.002755815846925765   15    9   13   13
 3.047005691715053e-05   15    9   14    1
 0.0005498706212061975   15    9   14    2
 0.001048647936741799   15    9   14    3
 0.0006025065611847422   15    9   14    4
 -0.002155020388349384   15    9   14    5
 -0.0004309631370489873   15    9   14    6
 0.0004471295447456163   15    9   14    7
 0.000901067200268155   15    9   14    8
 -0.0007004025931873399   15    9   14    9
 0.0002350818761964805   15    9   14   10
 0.00177254832175412   15    9   14   11
 -0.002475857990162054   15    9   14   12
 -0.001363657134270377   15    9   14   13
 -0.004007176497792494   15    9   14   14
 -0.0002308855883873012   15    9   15    1
 -5.302714722781918e-05   15    9   15    2
 -0.001703028158201893   15    9   15    3
 -0.00179251124724506   15    9   15    4
 0.0008266093219517701   15    9   15    5
 -0.001498793328315316   15    9   15    6
 -0.001241223487206388   15    9   15    7
 -0.002479413560181599   15    9   15    8
 0.01018911667122842   15    9   15    9
 -0.004831817646502667   15   10    1    1
 4.877220501785056e-05   15   10    2    1
 -0.00203539493195029   15   10    2    2
 5.807833681075727e-05   15   10    3    1
 0.002341368206796424   15   10    3    2
 0.003932679913962697   15   10    3    3
 -0.0002291858960190982   15   10    4    1
 -0.001776207493720042   15   10    4    2
 0.002785818081231831   15   10    4    3
 0.0001946827090015911   15   10    4    4
 -6.920937180710996e-05   15   10    5    1
 -0.001255283214549807   15   10    5    2
 -0.001974187096569242   15   10    5    3
 0.0005497956234577277   15   10    5    4
 0.003425803519513963   15   10    5    5
 -0.0003280781414176419   15   10    6    1
 -0.001387417971180829   15   10    6    2
 0.002359169891763774   15   10    6    3
 -0.0002396054003835436   15   10    6    4
 0.0006450445662200921   15   10    6    5
 0.003132019392430439   15   10    6    6
 -0.0006951628672383902   15   10    7    1
 -0.001748276917756803   15   10    7    2
 0.008833585279597773   15   10    7    3
 0.00526025685259309   15   10    7    4
 -0.0008835710235185875   15   10    7    5
 0.002545559140111549   15   10    7    6
 -0.003917708734581405   15   10    7    7
 -0.0004451850374078902   15   10    8    1
 -0.001234130201381862   15   10    8    2
 0.004714589295266883   15   10    8    3
 0.002153972073155895   15   10    8    4
 -0.00384190312468475   15   10    8    5
 0.002007418341540579   15   10    8    6
 0.001965694012519579   15   10    8    7
 0.0001862045723977926   15   10    8    8
 -0.0005974646664804078   15   10    9    1
 -0.004624107467307114   15   10    9    2
 -0.01365556865729168   15   10    9    3
 -0.00396434409570211   15   10    9    4
 1.705650421826686e-06   15   10    9    5
 -0.002471858337631114   15   10    9    6
 -0.001947295815640688   15   10    9    7
 -0.003279320197799175   15   10    9    8
 0.002332324502289822   15   10    9    9
 0.0002566631196787581   15   10   10    1
 0.001539754798778551   15   10   10    2
 0.006846148996651365   15   10   10    3
 0.0009121256888368295   15   10   10    4
 -0.002085577370934819   15   10   10    5
 0.005028178357245379   15   10   10    6
 0.0002515497561450303   15   10   10    7
 0.003308846352645109   15   10   10    8
 -0.001429506749471753   15   10   10    9
 0.004696914989393812   15   10   10   10
 6.904373624990327e-05   15   10   11    1
 -0.0008269427061543675   15   10   11    2
 -1.113271662888751e-05   15   10   11    3
 0.002014634153131893   15   10   11    4
 0.000112244775767922   15   10   11    5
 0.0003827889149489196   15   10   11    6
 -0.0001037897922384147   15   10   11    7
 0.0004553331137834384   15   10   11    8
 -0.004649116632606954   15   10   11    9
 0.001188696925542149   15   10   11   10
 -0.0005454122559047866   15   10   11   11
 0.0002614694544539622   15   10   12    1
 0.0007221938827771173   15   10   12    2
 0.001516606737911358   15   10   12    3
 0.001338515779782036   15   10   12    4
 0.001402764955674313   15   10   12    5
 0.0007267450344868426   15   10   12    6
 0.0009916213339489389   15   10   12    7
 0.001014665354742372   15   10   12    8
 -0.003446441606875244   15   10   12    9
 0.003760866833588225   15   10   12   10
 0.00222135280893547   15   10   12   11
 -0.00068105269291739   15   10   12   12
 -0.0002431353764964312   15   10   13    1
 1.33484541386993e-05   15   10   13    2
 0.0009513631740943262   15   10   13    3
 -0.0004732801742359747   15   10   13    4
 0.001779115953823147   15   10   13    5
 0.001862402317520359   15   10   13    6
 0.004234585066313835   15   10   13    7
 -0.0006419183736677128   15   10   13    8
 -0.0005171466865642421   15   10   13    9
 0.01040292427310879   15   10   13   10
 -0.0007889397399834935   15   10   13   11
 0.001757219145957769   15   10   13   12
 0.0009772231010233413   15   10   13   13
 8.592631638320661e-06   15   10   14    1
 -0.0001269038366349499   15   10   14    2
 0.00142804220558517   15   10   14    3
 0.0003461040315988037   15   10   14    4
 0.0005814338829358963   15   10   14    5
 0.0007462456066146643   15   10   14    6
 -0.0009681845372844729   15   10   14    7
 0.0006966611148116612   15   10   14    8
 0.0004171824740116215   15   10   14    9
 -0.001555115177314811   15   10   14   10
 -0.0005247488195349119   15   10   14   11
 0.001007301045481311   15   10   14   12
 -0.003329499167407963   15   10   14   13
 0.005053603140044146   15   10   14   14
 0.0001752651289406216   15   10   15    1
 0.0001654942769927875   15   10   15    2
 0.001394688513855052   15   10   15    3
 0.001013545157983381   15   10   15    4
 0.0003541645593324149   15   10   15    5
 0.002974772528843637   15   10   15    6
 0.001919790047673978   15   10   15    7
 0.00139845461374616   15   10   15    8
 -0.002827793971371125   15   10   15    9
 0.01594969460455005   15   10   15   10
 0.1573736632175243   15   11    1    1
 -0.001790207457897339   15   11    2    1
 0.1075140659615734   15   11    2    2
 0.001664507833744125   15   11    3    1
 -0.000170899547164051   15   11    3    2
 0.04957061429256904   15   11    3    3
 -0.00323023645735772   15   11    4    1
 -0.03267276623892098   15   11    4    2
 -0.01922444526261355   15   11    4    3
 0.06370165699640445   15   11    4    4
 -0.001100655325430897   15   11    5    1
 0.004243139157888564   15   11    5    2
 -0.009935007128139769   15   11    5    3
 -0.01628392248085139   15   11    5    4
 0.05198914076560885   15   11    5    5
 -0.001020928484947401   15   11    6    1
 -0.01780405710380497   15   11    6    2
 0.01043767900470193   15   11    6    3
 0.0367877951181974   15   11    6    4
 0.01246062369094878   15   11    6    5
 0.02557338236845733   15   11    6    6
 0.002258190358261198   15   11    7    1
 0.01127322250590999   15   11    7    2
 -0.0004718722154937542   15   11    7    3
 -0.0172896448389117   15   11    7    4
 -0.005835629310647498   15   11    7    5
 0.01708532215083115   15   11    7    6
 0.08705421358465357   15   11    7    7
 -0.003741320592383064   15   11    8    1
 -0.01126025319599014   15   11    8    2
 -0.002221185911155373   15   11    8    3
 0.02107416772669757   15   11    8    4
 0.02197780237568672   15   11    8    5
 -0.0009781086512350638   15   11    8    6
 0.002625257657227454   15   11    8    7
 0.08132692621095332   15   11    8    8
 0.0005762707104610445   15   11    9    1
 0.0009967821537790482   15   11    9    2
 6.884921055509618e-05   15   11    9    3
 -0.001870895219087139   15   11    9    4
 0.002629185435252232   15   11    9    5
 0.006467564375599786   15   11    9    6
 0.02318381259623149   15   11    9    7
 0.007468225512387175   15   11    9    8
 0.04504164888299911   15   11    9    9
 -0.0003593386634851253   15   11   10    1
 0.0008740183279638917   15   11   10    2
 -0.001044851878578761   15   11   10    3
 0.002801495266922166   15   11   10    4
 -0.000638314988268164   15   11   10    5
 0.004649859399542562   15   11   10    6
 0.01934278193957837   15   11   10    7
 0.003802611354684121   15   11   10    8
 -0.0501082500516969   15   11   10    9
 0.04988048261372734   15   11   10   10
 0.001494690689406897   15   11   11    1
 0.01784932513532399   15   11   11    2
 -0.01739254461134603   15   11   11    3
 0.01978252302870268   15   11   11    4
 -0.00839680996303015   15   11   11    5
 -0.008970739876915801   15   11   11    6
 0.006597025700480084   15   11   11    7
 -0.01038305067133133   15   11   11    8
 0.004552364040565825   15   11   11    9
 -0.002071913029713644   15   11   11   10
 0.07898829538566564   15   11   11   11
 0.003200485378825842   15   11   12    1
 -0.003443417730373201   15   11   12    2
 0.01206919759684048   15   11   12    3
 -0.01432848750050085   15   11   12    4
 0.02173892635603079   15   11   12    5
 -0.006392966181091154   15   11   12    6
 -0.002513188819959951   15   11   12    7
 0.003549968522778203   15   11   12    8
 -0.002793820358186745   15   11   12    9
 0.0003993636537106784   15   11   12   10
 -0.002204578223045043   15   11   12   11
 0.0311475698402673   15   11   12   12
 -0.003134395388610777   15   11   13    1
 0.006191180910333825   15   11   13    2
 0.03099111651246386   15   11   13    3
 0.01249092200084989   15   11   13    4
 -0.00692142689340768   15   11   13    5
 0.01783861216661348   15   11   13    6
 -0.003444368178753435   15   11   13    7
 -0.004165572162726993   15   11   13    8
 0.00216109138280762   15   11   13    9
 -0.002027365945430358   15   11   13   10
 -0.02965358102735354   15   11   13   11
 -0.02190019102744102   15   11   13   12
 0.0562248783815928   15   11   13   13
 -0.0002217753748934155   15   11   14    1
 0.003194661892768136   15   11   14    2
 -0.00341158457302777   15   11   14    3
 0.002949383711717527   15   11   14    4
 0.03695465883595238   15   11   14    5
 0.02556326413927875   15   11   14    6
 -0.001718288366802282   15   11   14    7
 -0.0251242243543172   15   11   14    8
 3.192191771067477e-05   15   11   14    9
 0.001298486391686471   15   11   14   10
 0.007844164083076153   15   11   14   11
 0.005590097608037845   15   11   14   12
 0.0008996692739585623   15   11   14   13
 0.06143841172201552   15   11   14   14
 0.002340449720584369   15   11   15    1
 0.005160033510252631   15   11   15    2
 0.02083044386556476   15   11   15    3
 0.01300475186472442   15   11   15    4
 0.001498625088848543   15   11   15    5
 0.004605498725198607   15   11   15    6
 -0.006916463710323945   15   11   15    7
 0.01210966297780485   15   11   15    8
 -0.001089193192939279   15   11   15    9
 0.0003083086552777138   15   11   15   10
 0.05503902480199836   15   11   15   11
 0.1587565381069542   15   12    1    1
 -0.002122364452002588   15   12    2    1
 0.09662750776929449   15   12    2    2
 0.000664753383269868   15   12    3    1
 -0.01357834317772059   15   12    3    2
 0.04294802655577955   15   12    3    3
 -0.0003286545595525752   15   12    4    1
 -0.003264241709909574   15   12    4    2
 -0.02529672789930512   15   12    4    3
 0.06065084894368183   15   12    4    4
 7.322098117319982e-05   15   12    5    1
 0.009257797779063746   15   12    5    2
 0.003608268258526216   15   12    5    3
 -0.01777349166042164   15   12    5    4
 0.03509012749014334   15   12    5    5
 1.807490654707437e-05   15   12    6    1
 -0.00445096129240651   15   12    6    2
 0.01522611580810869   15   12    6    3
 0.04681466827221106   15   12    6    4
 0.01041644564921359   15   12    6    5
 0.02395612840358511   15   12    6    6
 -0.000242978454044689   15   12    7    1
 -0.001040274671572037   15   12    7    2
 0.0001802789002617744   15   12    7    3
 -0.01543631454565794   15   12    7    4
 -0.01085160053473429   15   12    7    5
 0.01845289993439202   15   12    7    6
 0.07716404995398166   15   12    7    7
 0.0003929212925253285   15   12    8    1
 0.00245589816810793   15   12    8    2
 -0.009349902636657963   15   12    8    3
 0.01095718561458478   15   12    8    4
 0.03647042966901111   15   12    8    5
 -0.008672008028081091   15   12    8    6
 0.001879767897198045   15   12    8    7
 0.07989907039910303   15   12    8    8
 -0.0001013785188088116   15   12    9    1
 -0.0009991756311491253   15   12    9    2
 -0.0007871390948723913   15   12    9    3
 0.000358161357504998   15   12    9    4
 0.001739039568634648   15   12    9    5
 0.008723398784592294   15   12    9    6
 0.03110310227450624   15   12    9    7
 0.008199983460806116   15   12    9    8
 0.03755136583855168   15   12    9    9
 -2.391041214921474e-05   15   12   10    1
 0.001032613531995837   15   12   10    2
 0.0008683009524912466   15   12   10    3
 0.001500964568002135   15   12   10    4
 6.831994302842348e-05   15   12   10    5
 0.0005859186619665064   15   12   10    6
 0.007883859160347373   15   12   10    7
 0.002490153625782788   15   12   10    8
 -0.04289320778674535   15   12   10    9
 0.03094659975290527   15   12   10   10
 -0.001765521922646341   15   12   11    1
 0.01114031321981692   15   12   11    2
 -0.002682844210111149   15   12   11    3
 0.002680057052956583   15   12   11    4
 -0.0002998073534688   15   12   11    5
 -0.01094725694167155   15   12   11    6
 0.006610609533263913   15   12   11    7
 -0.009229398290448537   15   12   11    8
 0.002935772817900074   15   12   11    9
 0.0003639165688401348   15   12   11   10
 0.06419136235041371   15   12   11   11
 0.0008286258860288875   15   12   12    1
 -0.001978500255050204   15   12   12    2
 0.009169649339833805   15   12   12    3
 -0.01359468030407197   15   12   12    4
 0.01141372637704043   15   12   12    5
 -0.00500189055797242   15   12   12    6
 0.001562511490088823   15   12   12    7
 -0.005707508641163392   15   12   12    8
 -0.001160687544186855   15   12   12    9
 -0.001835564164423909   15   12   12   10
 -0.02302957754492205   15   12   12   11
 0.0422316697932951   15   12   12   12
 -0.0001441954243965658   15   12   13    1
 0.004534371754536509   15   12   13    2
 0.02111415604213322   15   12   13    3
 0.0179563919921839   15   12   13    4
 -0.01275527461666531   15   12   13    5
 0.01065017327905424   15   12   13    6
 -0.005000647470402807   15   12   13    7
 0.008818305412523148   15   12   13    8
 0.0008994357680891804   15   12   13    9
 0.0002205373501785145   15   12   13   10
 -0.01346035359465028   15   12   13   11
 -0.03271969962676637   15   12   13   12
 0.04910720652341725   15   12   13   13
 -0.0006484855200631067   15   12   14    1
 -0.0002082048152540906   15   12   14    2
 -0.01150898042591553   15   12   14    3
 0.001242765096652241   15   12   14    4
 0.0262881450667979   15   12   14    5
 0.01596478216364621   15   12   14    6
 -0.0001186906873369358   15   12   14    7
 -0.02309786489580288   15   12   14    8
 -0.001139647950450348   15   12   14    9
 0.002035207480356421   15   12   14   10
 0.009909650942278194   15   12   14   11
 -0.004555669683693574   15   12   14   12
 0.02026067722017182   15   12   14   13
 0.03532824764787361   15   12   14   14
 -0.0003143302519618423   15   12   15    1
 0.005824477819970215   15   12   15    2
 0.02330699219130601   15   12   15    3
 0.004044443107784767   15   12   15    4
 -0.003699832349191468   15   12   15    5
 -0.002450408398748452   15   12   15    6
 -0.001463905300202781   15   12   15    7
 0.00881012728848086   15   12   15    8
 -0.001220110699447505   15   12   15    9
 -4.076952889357428e-06   15   12   15   10
 0.03700559912693082   15   12   15   11
 0.0474540480425017   15   12   15   12
 -0.1575640663496951   15   13    1    1
 0.002547343648348342   15   13    2    1
 -0.07591622090838103   15   13    2    2
 -0.000998519612739505   15   13    3    1
 0.03535133422672285   15   13    3    2
 0.06794569313470876   15   13    3    3
 0.001087056060037908   15   13    4    1
 0.00277705571080483   15   13    4    2
 0.04302772313304108   15   13    4    3
 -0.03383392719874671   15   13    4    4
 0.0002067648480595297   15   13    5    1
 -0.01103300883239848   15   13    5    2
 0.0004612008126138065   15   13    5    3
 0.01353952863386676   15   13    5    4
 0.0211425769260632   15   13    5    5
 0.0002004315049877369   15   13    6    1
 0.01207087944651208   15   13    6    2
 0.02421264264517153   15   13    6    3
 -0.03256108323463108   15   13    6    4
 0.02449515512188706   15   13    6    5
 0.01544405262967704   15   13    6    6
 -0.000301164103501247   15   13    7    1
 -0.0005750767318522456   15   13    7    2
 -0.01643444839513645   15   13    7    3
 0.007840398495126759   15   13    7    4
 0.003737770983286775   15   13    7    5
 -0.01869593115841445   15   13    7    6
 -0.04127179667754603   15   13    7    7
 0.0004884451435591961   15   13    8    1
 -0.002449411390819853   15   13    8    2
 0.02072581155272838   15   13    8    3
 0.0005337319354976701   15   13    8    4
 -0.05362051004976638   15   13    8    5
 -0.001292477706184443   15   13    8    6
 0.003587028367504875   15   13    8    7
 -0.05458641877633516   15   13    8    8
 -5.114304385643163e-05   15   13    9    1
 0.0005850565992244203   15   13    9    2
 -0.001363538830307272   15   13    9    3
 -0.001786727873999806   15   13    9    4
 -0.002148684539231062   15   13    9    5
 -0.01760223299195232   15   13    9    6
 -0.05780459837616346   15   13    9    7
 -0.01661667163647201   15   13    9    8
 0.009912789493883517   15   13    9    9
 0.0001177757667260006   15   13   10    1
 -0.0007527256534342442   15   13   10    2
 0.001031511634750336   15   13   10    3
 0.001238440850418787   15   13   10    4
 0.001620159570317271   15   13   10    5
 0.007179340434908353   15   13   10    6
 0.02204905479340014   15   13   10    7
 0.005344863430968795   15   13   10    8
 0.01346258945808259   15   13   10    9
 0.04048860750193235   15   13   10   10
 0.001541070167768944   15   13   11    1
 -0.01798556656582377   15   13   11    2
 0.02519708259125376   15   13   11    3
 0.02240197778836151   15   13   11    4
 0.006458640466432143   15   13   11    5
 0.01260443253205264   15   13   11    6
 -0.01412964872812467   15   13   11    7
 0.01729541056638166   15   13   11    8
 -0.002803649586409185   15   13   11    9
 -0.001918511480028511   15   13   11   10
 -0.03062622664051218   15   13   11   11
 -0.001445492303701994   15   13   12    1
 0.003012227971423797   15   13   12    2
 0.01010567000925014   15   13   12    3
 0.02971332979396462   15   13   12    4
 -0.006137113368855139   15   13   12    5
 0.004152580036578796   15   13   12    6
 -0.001573265948990296   15   13   12    7
 0.008330313133354448   15   13   12    8
 -0.0001465924009371793   15   13   12    9
 0.003615762747796237   15   13   12   10
 0.02278376727555071   15   13   12   11
 -0.01872810459566945   15   13   12   12
 0.0007984275000828792   15   13   13    1
 0.008024921753144856   15   13   13    2
 0.01158512154243599   15   13   13    3
 -0.01842593496157907   15   13   13    4
 0.002683729906339681   15   13   13    5
 -0.01080090253479897   15   13   13    6
 0.002941101582304443   15   13   13    7
 -0.002613099958650755   15   13   13    8
 0.0002284729883884395   15   13   13    9
 -0.002617663333794047   15   13   13   10
 0.003136897501791879   15   13   13   11
 0.04789911222402181   15   13   13   12
 0.01793112905187028   15   13   13   13
 0.0006878120818694785   15   13   14    1
 -0.005016482704712224   15   13   14    2
 -0.001871974058811318   15   13   14    3
 -0.006280341330449049   15   13   14    4
 -0.002290221845954725   15   13   14    5
 -0.008018638775060417   15   13   14    6
 0.0004809343972611158   15   13   14    7
 0.01647360446536202   15   13   14    8
 0.001022811951023696   15   13   14    9
 -0.002646903000283535   15   13   14   10
 -0.02165643005763572   15   13   14   11
 0.02251952547749583   15   13   14   12
 -0.008277911086984658   15   13   14   13
 0.04270532092914363   15   13   14   14
 -7.416313712765979e-05   15   13   15    1
 -0.004208975084715579   15   13   15    2
 0.01481331651611113   15   13   15    3
 0.01068484305104002   15   13   15    4
 -0.01023844148147502   15   13   15    5
 0.02380581709321335   15   13   15    6
 -0.01024371692370935   15   13   15    7
 0.0125526499281295   15   13   15    8
 -0.002436635117755959   15   13   15    9
 0.002038965410671035   15   13   15   10
 -0.01344436156698645   15   13   15   11
 -0.009383275932770248   15   13   15   12
 0.0605627785078714   15   13   15   13
 -0.01181252882907079   15   14    1    1
 0.000286109094304139   15   14    2    1
 -0.00543392008477849   15   14    2    2
 5.613842624735037e-05   15   14    3    1
 0.0007734133435507115   15   14    3    2
 -0.007935943470104262   15   14    3    3
 -0.0002424858839806709   15   14    4    1
 -0.003415655012283905   15   14    4    2
 -0.002155559719668562   15   14    4    3
 -0.01058619928833316   15   14    4    4
 -0.0004095796298345672   15   14    5    1
 0.003123286298493456   15   14    5    2
 0.02894288955249151   15   14    5    3
 0.009062473155284049   15   14    5    4
 -0.01520761960698393   15   14    5    5
 -6.528315790551022e-05   15   14    6    1
 0.001968860889266599   15   14    6    2
 0.01872958186286651   15   14    6    3
 0.002480983598271082   15   14    6    4
 0.009641355149237722   15   14    6    5
 0.007905678047351835   15   14    6    6
 0.0003488277510809503   15   14    7    1
 0.001352340553128257   15   14    7    2
 -0.003069375512988583   15   14    7    3
 -0.0005808009272891186   15   14    7    4
 -0.005456405158948755   15   14    7    5
 -0.004488712492281052   15   14    7    6
 -0.005842137820010556   15   14    7    7
 -0.001109197692148726   15   14    8    1
 -0.007912329336068327   15   14    8    2
 -0.01579274492496728   15   14    8    3
 -0.002617257602837183   15   14    8    4
 0.008538413897666963   15   14    8    5
 0.0008434639198260213   15   14    8    6
 0.002260179321962108   15   14    8    7
 -0.0152965138211314   15   14    8    8
 1.409153423954998e-05   15   14    9    1
 -3.925821573850925e-05   15   14    9    2
 0.0005795947227048425   15   14    9    3
 0.001083467151791913   15   14    9    4
 -0.0004338980269571614   15   14    9    5
 -0.002331103503783871   15   14    9    6
 -0.001238265403033723   15   14    9    7
 -7.845110847589629e-05   15   14    9    8
 -0.003502394170345628   15   14    9    9
 6.643416846590662e-06   15   14   10    1
 0.0003855115246266594   15   14   10    2
 0.001527450971854626   15   14   10    3
 0.0009345169451064824   15   14   10    4
 -0.000292949339801877   15   14   10    5
 -0.00112475438170174   15   14   10    6
 -0.001418661411939252   15   14   10    7
 -0.0002950382190578087   15   14   10    8
 0.005601545968005942   15   14   10    9
 -0.002293698495836004   15   14   10   10
 0.0008680960702638807   15   14   11    1
 0.002682440374232087   15   14   11    2
 0.0005845955877644556   15   14   11    3
 -0.0001281371906213307   15   14   11    4
 0.006409703389495135   15   14   11    5
 0.007391803850728514   15   14   11    6
 -0.001385843155650589   15   14   11    7
 -0.005300375583734751   15   14   11    8
 0.0001357596113001471   15   14   11    9
 0.0003410832315782038   15   14   11   10
 -0.002768140915034773   15   14   11   11
 2.230432609997693e-05   15   14   12    1
 -0.003210746780973043   15   14   12    2
 -0.009569548174970192   15   14   12    3
 -0.001775511084684501   15   14   12    4
 -0.002627488067793098   15   14   12    5
 -0.002046980506499737   15   14   12    6
 -9.227919315700357e-06   15   14   12    7
 0.001383693740354606   15   14   12    8
 0.0004138715829181387   15   14   12    9
 0.0006958398481604681   15   14   12   10
 -0.0009926225658702516   15   14   12   11
 -0.006167765905634138   15   14   12   12
 -0.0002597741334820117   15   14   13    1
 -0.0003109059817198682   15   14   13    2
 -0.003743749844521375   15   14   13    3
 -0.001483528511568917   15   14   13    4
 -0.01635718939346062   15   14   13    5
 -0.01356141277462787   15   14   13    6
 0.002956824821535855   15   14   13    7
 0.009483578086858657   15   14   13    8
 0.0003116221212992937   15   14   13    9
 -0.001474951878871024   15   14   13   10
 -0.006635065926041026   15   14   13   11
 0.01270566237520324   15   14   13   12
 -0.003304515930795325   15   14   13   13
 0.0003043522675226779   15   14   14    1
 -0.004513776145388753   15   14   14    2
 -0.01751904771031757   15   14   14    3
 -0.00362100329024299   15   14   14    4
 0.003081158991333255   15   14   14    5
 -0.00281867260008953   15   14   14    6
 0.002071263771695854   15   14   14    7
 -0.002990470365991738   15   14   14    8
 -0.0002023702790036129   15   14   14    9
 0.0009774790140398243   15   14   14   10
 -0.005593158522117558   15   14   14   11
 0.004431805350012879   15   14   14   12
 0.02682190145102575   15   14   14   13
 -0.01183744291388769   15   14   14   14
 0.0003557149047561521   15   14   15    1
 -0.0007526429899113972   15   14   15    2
 -0.00306619143394216   15   14   15    3
 0.00277139659676689   15   14   15    4
 -0.007144766898480729   15   14   15    5
 -0.008632540823076976   15   14   15    6
 0.002210963782993972   15   14   15    7
 0.005420341290659907   15   14   15    8
 -0.0009330241427185891   15   14   15    9
 -0.001850749229474125   15   14   15   10
 -0.004135960045499176   15   14   15   11
 0.008191334197858694   15   14   15   12
 -0.0007159427991417048   15   14   15   13
 0.03637118967412285   15   14   15   14
 0.3780663064345804   15   15    1    1
 -0.001828997867660762   15   15    2    1
 0.3443266995172635   15   15    2    2
 0.00157112954464271   15   15    3    1
 0.04186925398107622   15   15    3    2
 0.4457787389480578   15   15    3    3
 -0.002928043111077549   15   15    4    1
 -0.04186330005460603   15   15    4    2
 0.03499174625230794   15   15    4    3
 0.3493133759846849   15   15    4    4
 -0.0006741930083285714   15   15    5    1
 -0.005437826991198751   15   15    5    2
 -0.01613631728624547   15   15    5    3
 -0.0006720251346572002   15   15    5    4
 0.3992261258023798   15   15    5    5
 -0.00103582937852054   15   15    6    1
 -0.01530269383070124   15   15    6    2
 0.0348149102639729   15   15    6    3
 0.004850986930982183   15   15    6    4
 0.04036723996140893   15   15    6    5
 0.3542755464214774   15   15    6    6
 0.001563478682675777   15   15    7    1
 0.01141568355838485   15   15    7    2
 -0.01717668854981214   15   15    7    3
 -0.01181241684332804   15   15    7    4
 -0.001203619688996612   15   15    7    5
 -0.00454811134543468   15   15    7    6
 0.3528488120338455   15   15    7    7
 -0.00270720984638336   15   15    8    1
 -0.01230469782106078   15   15    8    2
 0.02356839228032845   15   15    8    3
 0.02743129808961306   15   15    8    4
 -0.04301014157897372   15   15    8    5
 -0.001583928882705439   15   15    8    6
 0.004076881889355234   15   15    8    7
 0.3421364445071255   15   15    8    8
 0.0003014907491234554   15   15    9    1
 0.000324908650021181   15   15    9    2
 -0.002237079452625535   15   15    9    3
 -0.00533837014256271   15   15    9    4
 0.0002788271690168154   15   15    9    5
 -0.0107549667740098   15   15    9    6
 -0.0334563560355172   15   15    9    7
 -0.008799715629466735   15   15    9    8
 0.3601755138317056   15   15    9    9
 -0.000242313169268064   15   15   10    1
 0.0009678852607496093   15   15   10    2
 -0.0005234489164059092   15   15   10    3
 0.005489803356126667   15   15   10    4
 0.0008654154081420006   15   15   10    5
 0.0141328173234714   15   15   10    6
 0.04299225499562456   15   15   10    7
 0.009328600618576129   15   15   10    8
 -0.04138435682053399   15   15   10    9
 0.4013845361382304   15   15   10   10
 0.000862805462844655   15   15   11    1
 0.01007893665626633   15   15   11    2
 0.01203827361280724   15   15   11    3
 0.06268007445307573   15   15   11    4
 0.002220517485359377   15   15   11    5
 0.002921837945830633   15   15   11    6
 -0.007266210361617893   15   15   11    7
 0.003905567703250161   15   15   11    8
 0.001921467323266986   15   15   11    9
 -0.004878327771835314   15   15   11   10
 0.3563462357775903   15   15   11   11
 0.003222180506325082   15   15   12    1
 -0.004471179293377677   15   15   12    2
 0.03687806995792686   15   15   12    3
 0.01105592472090409   15   15   12    4
 0.02952587333405638   15   15   12    5
 -0.02392536035956756   15   15   12    6
 -0.0008219679051433135   15   15   12    7
 0.01593693656488674   15   15   12    8
 -0.004344103411925128   15   15   12    9
 0.005912871305929338   15   15   12   10
 0.03816179171498248   15   15   12   11
 0.3233892434097863   15   15   12   12
 -0.002944814679462258   15   15   13    1
 0.01455187362871581   15   15   13    2
 0.03628012570860653   15   15   13    3
 0.003969364566838933   15   15   13    4
 -0.002975504430441534   15   15   13    5
 0.01277029490541207   15   15   13    6
 0.002027517113258276   15   15   13    7
 -0.01690712422445033   15   15   13    8
 0.003356360901418346   15   15   13    9
 -0.004343551992571676   15   15   13   10
 -0.04117750324546297   15   15   13   11
 0.0263474053502217   15   15   13   12
 0.405166411989668   15   15   13   13
 -0.0004605079181272784   15   15   14    1
 3.271247176502649e-05   15   15   14    2
 -0.005448034823382687   15   15   14    3
 0.00136365707696792   15   15   14    4
 0.02509479060135682   15   15   14    5
 0.02355065588302131   15   15   14    6
 -0.003925396647837417   15   15   14    7
 -0.002516993871394166   15   15   14    8
 0.001331907115804117   15   15   14    9
 -0.003001498610882341   15   15   14   10
 -0.01788844194657798   15   15   14   11
 0.03830169898745854   15   15   14   12
 -0.01684823945670211   15   15   14   13
 0.4475263366614524   15   15   14   14
 0.002165637223455594   15   15   15    1
 -0.00088533233104837   15   15   15    2
 0.02333347194980376   15   15   15    3
 0.005614421013181489   15   15   15    4
 -0.01201168671226045   15   15   15    5
 0.04565418835615009   15   15   15    6
 -0.02414233840435734   15   15   15    7
 0.03194164128280665   15   15   15    8
 -0.005021003525946725   15   15   15    9
 0.004875804066146026   15   15   15   10
 0.04676725368124041   15   15   15   11
 0.02687138031570193   15   15   15   12
 0.05462792222138653   15   15   15   13
 -0.01154850058110538   15   15   15   14
 0.4552162582637198   15   15   15   15
 -34.77327112076295    1    1  0  0
 0.5290190928270443    2    1  0  0
 -9.705469268593506    2    2  0  0
 -0.1705746675117558    3    1  0  0
 0.5422679335801253    3    2  0  0
 -7.061101985588281    3    3  0  0
 0.03932061170550021    4    1  0  0
 0.3191636530361115    4    2  0  0
 0.6745216495500109    4    3  0  0
 -7.575248794930142    4    4  0  0
 0.1227115731126077    5    1  0  0
 -0.2339220373593204    5    2  0  0
 0.2690304691422235    5    3  0  0
 0.5080004016985965    5    4  0  0
 -6.995151827792681    5    5  0  0
 -0.07219432218257298    6    1  0  0
 0.4236549320917085    6    2  0  0
 -0.1360285242686829    6    3  0  0
 -1.270385335667716    6    4  0  0
 -0.1641177515430879    6    5  0  0
 -6.149498098384274    6    6  0  0
 -0.06762672733109514    7    1  0  0
 -0.07222102999193265    7    2  0  0
 -0.07020464041123907    7    3  0  0
 0.4614623022019049    7    4  0  0
 0.2354650130159819    7    5  0  0
 -0.6736467820519877    7    6  0  0
 -8.269350860841204    7    7  0  0
 0.1687244729736263    8    1  0  0
 -0.004303021511555438    8    2  0  0
 0.1601540450961532    8    3  0  0
 -0.4226016366385589    8    4  0  0
 -1.108624110820555    8    5  0  0
 0.1596421399285621    8    6  0  0
 -0.046272629027153    8    7  0  0
 -8.475954743710425    8    8  0  0
 -0.02271586754510515    9    1  0  0
 0.02114591488999187    9    2  0  0
 -0.01785094211970415    9    3  0  0
 0.01392457499388192    9    4  0  0
 -0.07694372740472213    9    5  0  0
 -0.4186710166487253    9    6  0  0
 -1.417664733942822    9    7  0  0
 -0.4362537449280315    9    8  0  0
 -6.598620719062476    9    9  0  0
 0.02234025759990989   10    1  0  0
 -0.05359205221684713   10    2  0  0
 0.05203011054502243   10    3  0  0
 -0.06630010635632841   10    4  0  0
 0.0175298261238662   10    5  0  0
 0.01993834613470981   10    6  0  0
 0.01120991535027257   10    7  0  0
 0.04344909206110077   10    8  0  0
 1.344131427573199   10    9  0  0
 -5.802895299989081   10   10  0  0
 0.2694721087066482   11    1  0  0
 -1.104857542230756   11    2  0  0
 0.3621751412320874   11    3  0  0
 -0.4001857460152686   11    4  0  0
 0.1460689448591669   11    5  0  0
 0.3945250414692751   11    6  0  0
 -0.469838836131339   11    7  0  0
 0.7773636175641596   11    8  0  0
 -0.168697074082811   11    9  0  0
 0.03147687938043343   11   10  0  0
 -6.989405119462447   11   11  0  0
 -0.1067904702385344   12    1  0  0
 0.3544710325340901   12    2  0  0
 -0.5401707533825919   12    3  0  0
 0.7618030968531777   12    4  0  0
 -0.7010979593517837   12    5  0  0
 0.6822490127164389   12    6  0  0
 -0.07553415764872773   12    7  0  0
 0.01854209442264742   12    8  0  0
 0.08301691895881366   12    9  0  0
 0.02052571027048965   12   10  0  0
 0.4252117180562979   12   11  0  0
 -5.914841625172991   12   12  0  0
 -0.005851980626430879   13    1  0  0
 -0.0690370328124445   13    2  0  0
 -0.288220927614706   13    3  0  0
 -0.8765099456747525   13    4  0  0
 0.1823021290241348   13    5  0  0
 -0.5454931863018063   13    6  0  0
 0.127687836933696   13    7  0  0
 0.05408324817310017   13    8  0  0
 -0.05994158368015655   13    9  0  0
 0.01802993130205688   13   10  0  0
 0.6858607597763355   13   11  0  0
 1.111390854015856   13   12  0  0
 -6.285946154145215   13   13  0  0
 0.06142500060964839   14    1  0  0
 -0.248819774453282   14    2  0  0
 0.1862183546314416   14    3  0  0
 -0.2406692602844729   14    4  0  0
 -0.3871531290451585   14    5  0  0
 -0.5983660107711847   14    6  0  0
 0.03984499096880362   14    7  0  0
 0.6723416779514979   14    8  0  0
 0.0266378324745164   14    9  0  0
 -0.04039103336239738   14   10  0  0
 -0.4726052367138164   14   11  0  0
 0.1224758250652302   14   12  0  0
 -0.146433473146263   14   13  0  0
 -6.00409218142715   14   14  0  0
 0.07166966352284811   15    1  0  0
 -0.2755760211018904   15    2  0  0
 -0.2404991352398379   15    3  0  0
 0.4090095996679675   15    4  0  0
 0.03225392398347551   15    5  0  0
 -0.07371619156279695   15    6  0  0
 0.04830774975375313   15    7  0  0
 -0.1112116249793189   15    8  0  0
 0.004027671789469131   15    9  0  0
 -0.00524170191684152   15   10  0  0
 -1.264707928198826   15   11  0  0
 -1.15095798875902   15   12  0  0
 0.4796655052722175   15   13  0  0
 0.1267842368359459   15   14  0  0
 -5.517981502548249   15   15  0  0
 0  0  0  0  0
